"dataset_id","dataset_name","workflow","iteration","prec","rec","F1"
"DS02","Bike Sharing Daily - Humidity","mc.lm",1,1e-05,0.508685061256722,1.99996068371501e-05
"DS02","Bike Sharing Daily - Humidity","mc.lm",2,1e-05,0.508346022109878,1.9999606574937e-05
"DS02","Bike Sharing Daily - Humidity","mc.lm",3,1e-05,0.505571802957934,1.99996044161423e-05
"DS02","Bike Sharing Daily - Humidity","mc.lm",4,1e-05,0.498508290114502,1.99995988111089e-05
"DS02","Bike Sharing Daily - Humidity","mc.lm",5,1e-05,0.496259163849763,1.9999596992893e-05
"DS02","Bike Sharing Daily - Humidity","mc.lm",6,1e-05,0.509160726681772,1.99996072044414e-05
"DS02","Bike Sharing Daily - Humidity","mc.lm",7,1e-05,0.485502960976226,1.99995880645501e-05
"DS02","Bike Sharing Daily - Humidity","mc.lm",8,1e-05,0.50810459488644,1.99996063880038e-05
"DS02","Bike Sharing Daily - Humidity","mc.lm",9,1e-05,0.50727309768956,1.9999605742827e-05
"DS02","Bike Sharing Daily - Humidity","mc.lm",10,1e-05,0.507676567145787,1.99996060561517e-05
"DS02","Bike Sharing Daily - Humidity","mc.lm",11,1e-05,0.508552492325638,1.99996067346629e-05
"DS02","Bike Sharing Daily - Humidity","mc.lm",12,1e-05,0.50811033958215,1.99996063924539e-05
"DS02","Bike Sharing Daily - Humidity","mc.lm",13,1e-05,0.505622050942007,1.99996044554541e-05
"DS02","Bike Sharing Daily - Humidity","mc.lm",14,1e-05,0.519484995970794,1.99996150107286e-05
"DS02","Bike Sharing Daily - Humidity","mc.lm",15,1e-05,0.502601902901916,1.99996020786638e-05
"DS02","Bike Sharing Daily - Humidity","mc.lm",16,1e-05,0.501855949167012,1.99996014872092e-05
"DS02","Bike Sharing Daily - Humidity","mc.lm",17,1e-05,0.495612024484357,1.9999596466682e-05
"DS02","Bike Sharing Daily - Humidity","mc.lm",18,1e-05,0.508517105921164,1.99996067072971e-05
"DS02","Bike Sharing Daily - Humidity","mc.lm",19,1e-05,0.503387436003223,1.99996026996053e-05
"DS02","Bike Sharing Daily - Humidity","mc.lm",20,1e-05,0.49976322947861,1.99995998185013e-05
"DS02","Bike Sharing Daily - Humidity","mc.lm",21,1e-05,0.512858631362008,1.99996100365907e-05
"DS02","Bike Sharing Daily - Humidity","mc.lm",22,1e-05,0.517710857889121,1.99996136914383e-05
"DS02","Bike Sharing Daily - Humidity","mc.lm",23,1e-05,0.518074855676487,1.99996139628522e-05
"DS02","Bike Sharing Daily - Humidity","mc.lm",24,1e-05,0.509005533324662,1.99996070846823e-05
"DS02","Bike Sharing Daily - Humidity","mc.lm",25,1e-05,0.507697936773658,1.99996060727329e-05
"DS02","Bike Sharing Daily - Humidity","mc.lm",26,1e-05,0.504531954021629,1.99996036008534e-05
"DS02","Bike Sharing Daily - Humidity","mc.lm",27,1e-05,0.485816167877673,1.99995883301205e-05
"DS02","Bike Sharing Daily - Humidity","mc.lm",28,1e-05,0.482329783852614,1.99995853545432e-05
"DS02","Bike Sharing Daily - Humidity","mc.lm",29,1e-05,0.490999403835919,1.99995926758257e-05
"DS02","Bike Sharing Daily - Humidity","mc.lm",30,1e-05,0.523321892747883,1.99996178333429e-05
"DS02","Bike Sharing Daily - Humidity","mc.lm",31,1e-05,0.521176793385486,1.99996162604223e-05
"DS02","Bike Sharing Daily - Humidity","mc.lm",32,1e-05,0.520547984349939,1.99996157968833e-05
"DS02","Bike Sharing Daily - Humidity","mc.lm",33,1e-05,0.514675164330326,1.999961141293e-05
"DS02","Bike Sharing Daily - Humidity","mc.lm",34,1e-05,0.499670864649337,1.99995997445287e-05
"DS02","Bike Sharing Daily - Humidity","mc.lm",35,1e-05,0.496426101420688,1.9999597128413e-05
"DS02","Bike Sharing Daily - Humidity","mc.lm",36,1e-05,0.522733752262004,1.99996174033661e-05
"DS02","Bike Sharing Daily - Humidity","mc.lm",37,1e-05,0.523274857886167,1.99996177989923e-05
"DS02","Bike Sharing Daily - Humidity","mc.lm",38,1e-05,0.522353099955183,1.99996171245633e-05
"DS02","Bike Sharing Daily - Humidity","mc.lm",39,1e-05,0.524918527585425,1.99996189957499e-05
"DS02","Bike Sharing Daily - Humidity","mc.lm",40,1e-05,0.52284534736324,1.99996174850252e-05
"DS02","Bike Sharing Daily - Humidity","mc.lm",41,1e-05,0.542301794168497,1.99996312084632e-05
"DS02","Bike Sharing Daily - Humidity","mc.lm",42,1e-05,0.540193250168846,1.99996297689806e-05
"DS02","Bike Sharing Daily - Humidity","mc.lm",43,1e-05,0.536728312551964,1.99996273789381e-05
"DS02","Bike Sharing Daily - Humidity","mc.lm",44,1e-05,0.491313285200358,1.99995929360443e-05
"DS02","Bike Sharing Daily - Humidity","mc.lm",45,1e-05,0.49280652967307,1.99995941694567e-05
"DS02","Bike Sharing Daily - Humidity","mc.lm",46,1e-05,0.491373816570793,1.99995929861887e-05
"DS02","Bike Sharing Daily - Humidity","mc.lm",47,1e-05,0.542019896316551,1.99996310166628e-05
"DS02","Bike Sharing Daily - Humidity","mc.lm",48,1e-05,0.541405022917939,1.99996305976164e-05
"DS02","Bike Sharing Daily - Humidity","mc.lm",49,1e-05,0.552220613160915,1.99996378324649e-05
"DS02","Bike Sharing Daily - Humidity","mc.lm",50,1e-05,0.527849126227681,1.99996211110312e-05
"DS02","Bike Sharing Daily - Humidity","mc.lm_UNDERB",1,0.498304485798664,0.712349438888966,0.586405270104123
"DS02","Bike Sharing Daily - Humidity","mc.lm_UNDERB",2,0.474547730945033,0.71503369435095,0.570482373023034
"DS02","Bike Sharing Daily - Humidity","mc.lm_UNDERB",3,0.502054882091752,0.752524052766159,0.602287132495988
"DS02","Bike Sharing Daily - Humidity","mc.lm_UNDERB",4,0.534118508197828,0.662916831960882,0.591588464379391
"DS02","Bike Sharing Daily - Humidity","mc.lm_UNDERB",5,0.537276047621913,0.689190338370085,0.603824883075278
"DS02","Bike Sharing Daily - Humidity","mc.lm_UNDERB",6,0.470303743183387,0.690840933206143,0.559628930722767
"DS02","Bike Sharing Daily - Humidity","mc.lm_UNDERB",7,0.506142597433789,0.691522808060838,0.584485698010236
"DS02","Bike Sharing Daily - Humidity","mc.lm_UNDERB",8,0.509267393228522,0.699611722264816,0.589454203490842
"DS02","Bike Sharing Daily - Humidity","mc.lm_UNDERB",9,0.533451383683806,0.674211375979688,0.595628189300039
"DS02","Bike Sharing Daily - Humidity","mc.lm_UNDERB",10,0.456712467371034,0.668909145504212,0.542809666758127
"DS02","Bike Sharing Daily - Humidity","mc.lm_UNDERB",11,0.447456664781865,0.71400254710974,0.5501444994442
"DS02","Bike Sharing Daily - Humidity","mc.lm_UNDERB",12,0.460756530413458,0.690735271376446,0.5527799443798
"DS02","Bike Sharing Daily - Humidity","mc.lm_UNDERB",13,0.442106284301489,0.711107242577709,0.545232905144098
"DS02","Bike Sharing Daily - Humidity","mc.lm_UNDERB",14,0.425188407948435,0.683651362711432,0.524296913214195
"DS02","Bike Sharing Daily - Humidity","mc.lm_UNDERB",15,0.465233872327211,0.686346528575134,0.5545625003641
"DS02","Bike Sharing Daily - Humidity","mc.lm_UNDERB",16,0.45954716138545,0.644172434403235,0.53641815331045
"DS02","Bike Sharing Daily - Humidity","mc.lm_UNDERB",17,0.483056083038634,0.633266886675866,0.548055410655841
"DS02","Bike Sharing Daily - Humidity","mc.lm_UNDERB",18,0.519423737589283,0.700093959887399,0.596375800139378
"DS02","Bike Sharing Daily - Humidity","mc.lm_UNDERB",19,0.490643568752295,0.660120212900479,0.562902208475558
"DS02","Bike Sharing Daily - Humidity","mc.lm_UNDERB",20,0.552221401557222,0.687828928542744,0.612610384807295
"DS02","Bike Sharing Daily - Humidity","mc.lm_UNDERB",21,0.604801508595443,0.738467045880335,0.664983903491653
"DS02","Bike Sharing Daily - Humidity","mc.lm_UNDERB",22,0.552085270170097,0.673074101926645,0.606605647999442
"DS02","Bike Sharing Daily - Humidity","mc.lm_UNDERB",23,0.531850942298182,0.741760343054994,0.619507603222633
"DS02","Bike Sharing Daily - Humidity","mc.lm_UNDERB",24,0.483999444722021,0.704677155173747,0.573853900787303
"DS02","Bike Sharing Daily - Humidity","mc.lm_UNDERB",25,0.486295972221545,0.73518174535071,0.585382633627465
"DS02","Bike Sharing Daily - Humidity","mc.lm_UNDERB",26,0.473344970318672,0.640364995885252,0.544331215789659
"DS02","Bike Sharing Daily - Humidity","mc.lm_UNDERB",27,0.529277361672956,0.647511317385394,0.582454756436569
"DS02","Bike Sharing Daily - Humidity","mc.lm_UNDERB",28,0.522859504156943,0.632271932209304,0.572384022388413
"DS02","Bike Sharing Daily - Humidity","mc.lm_UNDERB",29,0.514999249046172,0.663505910335344,0.57989571422789
"DS02","Bike Sharing Daily - Humidity","mc.lm_UNDERB",30,0.501442762405952,0.739582464649544,0.59766436010456
"DS02","Bike Sharing Daily - Humidity","mc.lm_UNDERB",31,0.509369135254066,0.696554958961115,0.588434377926351
"DS02","Bike Sharing Daily - Humidity","mc.lm_UNDERB",32,0.494319062203527,0.725795678789311,0.588099835591792
"DS02","Bike Sharing Daily - Humidity","mc.lm_UNDERB",33,0.540420599009165,0.644760278976325,0.587997566707227
"DS02","Bike Sharing Daily - Humidity","mc.lm_UNDERB",34,0.570554430353088,0.65932431104905,0.611735765559561
"DS02","Bike Sharing Daily - Humidity","mc.lm_UNDERB",35,0.558812841833461,0.677701452898532,0.612541684996819
"DS02","Bike Sharing Daily - Humidity","mc.lm_UNDERB",36,0.57178203197708,0.745267150818178,0.647098637510534
"DS02","Bike Sharing Daily - Humidity","mc.lm_UNDERB",37,0.535890365367274,0.702409107885416,0.607953538853205
"DS02","Bike Sharing Daily - Humidity","mc.lm_UNDERB",38,0.583500752766972,0.72122682802636,0.645094659244084
"DS02","Bike Sharing Daily - Humidity","mc.lm_UNDERB",39,0.541662436453966,0.782923367107201,0.640321189376912
"DS02","Bike Sharing Daily - Humidity","mc.lm_UNDERB",40,0.512098138776257,0.690704206006525,0.588140420369318
"DS02","Bike Sharing Daily - Humidity","mc.lm_UNDERB",41,0.526401986351841,0.730033061923236,0.611716227474695
"DS02","Bike Sharing Daily - Humidity","mc.lm_UNDERB",42,0.538236718915045,0.72159157061982,0.616571452781967
"DS02","Bike Sharing Daily - Humidity","mc.lm_UNDERB",43,0.62663457557607,0.863671075710723,0.726302228671034
"DS02","Bike Sharing Daily - Humidity","mc.lm_UNDERB",44,0.533393421083568,0.679661713321206,0.597709166163834
"DS02","Bike Sharing Daily - Humidity","mc.lm_UNDERB",45,0.489314929138971,0.648382250956884,0.557728577924758
"DS02","Bike Sharing Daily - Humidity","mc.lm_UNDERB",46,0.588304963014156,0.651108316588456,0.618115459004274
"DS02","Bike Sharing Daily - Humidity","mc.lm_UNDERB",47,0.526542586310252,0.740846815764506,0.615576235360295
"DS02","Bike Sharing Daily - Humidity","mc.lm_UNDERB",48,0.531164846830624,0.766761118505527,0.627580559976216
"DS02","Bike Sharing Daily - Humidity","mc.lm_UNDERB",49,0.591665910339587,0.832553625448466,0.691738297824888
"DS02","Bike Sharing Daily - Humidity","mc.lm_UNDERB",50,0.504542015789595,0.801535268327288,0.619271500892458
"DS02","Bike Sharing Daily - Humidity","mc.lm_UNDERT",1,0.500154212864495,0.70670531393183,0.585754401682545
"DS02","Bike Sharing Daily - Humidity","mc.lm_UNDERT",2,0.524052007612002,0.723580092671102,0.607861243945752
"DS02","Bike Sharing Daily - Humidity","mc.lm_UNDERT",3,0.493986728362372,0.719407053629584,0.585757965892803
"DS02","Bike Sharing Daily - Humidity","mc.lm_UNDERT",4,0.500900586136089,0.676971324464028,0.575776245565767
"DS02","Bike Sharing Daily - Humidity","mc.lm_UNDERT",5,0.49435247434146,0.731051123708743,0.589841473373438
"DS02","Bike Sharing Daily - Humidity","mc.lm_UNDERT",6,0.51219799541461,0.690132555253385,0.587998884624126
"DS02","Bike Sharing Daily - Humidity","mc.lm_UNDERT",7,0.525148086136941,0.728566398041092,0.610354677055215
"DS02","Bike Sharing Daily - Humidity","mc.lm_UNDERT",8,0.46848798208191,0.641528311975375,0.541520527103627
"DS02","Bike Sharing Daily - Humidity","mc.lm_UNDERT",9,0.490263061611014,0.64737055022642,0.557968514024821
"DS02","Bike Sharing Daily - Humidity","mc.lm_UNDERT",10,0.556841640630374,0.694672491512563,0.61816732218964
"DS02","Bike Sharing Daily - Humidity","mc.lm_UNDERT",11,0.409475547203378,0.672412541675677,0.508992558988866
"DS02","Bike Sharing Daily - Humidity","mc.lm_UNDERT",12,0.463201170046493,0.690595694692057,0.5544905582369
"DS02","Bike Sharing Daily - Humidity","mc.lm_UNDERT",13,0.492157484063124,0.714090215404882,0.58270758810609
"DS02","Bike Sharing Daily - Humidity","mc.lm_UNDERT",14,0.426491676380299,0.693717156838958,0.528231137588455
"DS02","Bike Sharing Daily - Humidity","mc.lm_UNDERT",15,0.456727303041423,0.740091667507695,0.564864160114592
"DS02","Bike Sharing Daily - Humidity","mc.lm_UNDERT",16,0.459617761154091,0.654904514106436,0.540152051196906
"DS02","Bike Sharing Daily - Humidity","mc.lm_UNDERT",17,0.465272591073648,0.604883758296138,0.5259714315325
"DS02","Bike Sharing Daily - Humidity","mc.lm_UNDERT",18,0.418556417410184,0.653001334443225,0.510131905883531
"DS02","Bike Sharing Daily - Humidity","mc.lm_UNDERT",19,0.525986965606531,0.657902621853357,0.584595400447262
"DS02","Bike Sharing Daily - Humidity","mc.lm_UNDERT",20,0.484984158455307,0.677238871217713,0.565210145806783
"DS02","Bike Sharing Daily - Humidity","mc.lm_UNDERT",21,0.613961771869645,0.674592309077282,0.642850611386612
"DS02","Bike Sharing Daily - Humidity","mc.lm_UNDERT",22,0.486340594457332,0.686973591449076,0.569503290516735
"DS02","Bike Sharing Daily - Humidity","mc.lm_UNDERT",23,0.571603838618019,0.717818371629871,0.6364210782057
"DS02","Bike Sharing Daily - Humidity","mc.lm_UNDERT",24,0.537863416596695,0.684268148549261,0.602296536221198
"DS02","Bike Sharing Daily - Humidity","mc.lm_UNDERT",25,0.477010516748135,0.68565287141855,0.562611042600949
"DS02","Bike Sharing Daily - Humidity","mc.lm_UNDERT",26,0.54215114490652,0.680346446968448,0.603437761527716
"DS02","Bike Sharing Daily - Humidity","mc.lm_UNDERT",27,0.415903463664317,0.590732378057559,0.488136090430761
"DS02","Bike Sharing Daily - Humidity","mc.lm_UNDERT",28,0.554084573988048,0.60416790272497,0.578043426159772
"DS02","Bike Sharing Daily - Humidity","mc.lm_UNDERT",29,0.584236919102948,0.684263712746515,0.630306541993762
"DS02","Bike Sharing Daily - Humidity","mc.lm_UNDERT",30,0.521960495866289,0.724102810390538,0.606635409407873
"DS02","Bike Sharing Daily - Humidity","mc.lm_UNDERT",31,0.508244230074572,0.683341562197275,0.582928075190873
"DS02","Bike Sharing Daily - Humidity","mc.lm_UNDERT",32,0.512104891575791,0.776509614485404,0.617181275025508
"DS02","Bike Sharing Daily - Humidity","mc.lm_UNDERT",33,0.525287955273344,0.716637516935228,0.606221652372796
"DS02","Bike Sharing Daily - Humidity","mc.lm_UNDERT",34,0.506612715204967,0.683735355953977,0.581996196833802
"DS02","Bike Sharing Daily - Humidity","mc.lm_UNDERT",35,0.542077487443474,0.629262025087198,0.58242511902616
"DS02","Bike Sharing Daily - Humidity","mc.lm_UNDERT",36,0.538871501677237,0.734906919290592,0.621804214409934
"DS02","Bike Sharing Daily - Humidity","mc.lm_UNDERT",37,0.499937501906957,0.72482074613279,0.591733223649545
"DS02","Bike Sharing Daily - Humidity","mc.lm_UNDERT",38,0.514811009420692,0.724910465987816,0.60205763332742
"DS02","Bike Sharing Daily - Humidity","mc.lm_UNDERT",39,0.509159559803065,0.722726648018481,0.597430476332342
"DS02","Bike Sharing Daily - Humidity","mc.lm_UNDERT",40,0.496769688898718,0.745955248673249,0.596379690488533
"DS02","Bike Sharing Daily - Humidity","mc.lm_UNDERT",41,0.596879175096106,0.701096552929564,0.644803940689784
"DS02","Bike Sharing Daily - Humidity","mc.lm_UNDERT",42,0.580241112069039,0.740295146457357,0.65056854935444
"DS02","Bike Sharing Daily - Humidity","mc.lm_UNDERT",43,0.750946577419052,0.714930023725315,0.732495837632615
"DS02","Bike Sharing Daily - Humidity","mc.lm_UNDERT",44,0.713320481119651,0.676173042869987,0.694250202584974
"DS02","Bike Sharing Daily - Humidity","mc.lm_UNDERT",45,0.610233144528733,0.682212498517225,0.644218471309693
"DS02","Bike Sharing Daily - Humidity","mc.lm_UNDERT",46,0.582454884196093,0.66818987868667,0.622383701530646
"DS02","Bike Sharing Daily - Humidity","mc.lm_UNDERT",47,0.478365361734828,0.671635628816706,0.558759902248109
"DS02","Bike Sharing Daily - Humidity","mc.lm_UNDERT",48,0.457916861656419,0.816416451993997,0.586739521751712
"DS02","Bike Sharing Daily - Humidity","mc.lm_UNDERT",49,0.570553911701953,0.80582790859274,0.668082444314402
"DS02","Bike Sharing Daily - Humidity","mc.lm_UNDERT",50,0.63426377819832,0.746875337228243,0.685978650437719
"DS02","Bike Sharing Daily - Humidity","mc.lm_UNDERTPhi",1,0.421855403311191,0.664520291557613,0.516085691032256
"DS02","Bike Sharing Daily - Humidity","mc.lm_UNDERTPhi",2,0.444115466137419,0.698036058758826,0.5428502310927
"DS02","Bike Sharing Daily - Humidity","mc.lm_UNDERTPhi",3,0.471906072295542,0.743367901749015,0.57731809333077
"DS02","Bike Sharing Daily - Humidity","mc.lm_UNDERTPhi",4,0.46890420544932,0.700075494529727,0.561632239675138
"DS02","Bike Sharing Daily - Humidity","mc.lm_UNDERTPhi",5,0.497023632200903,0.717608251499845,0.58728618018999
"DS02","Bike Sharing Daily - Humidity","mc.lm_UNDERTPhi",6,0.472974481530702,0.705542174473808,0.566310951091923
"DS02","Bike Sharing Daily - Humidity","mc.lm_UNDERTPhi",7,0.511588248314691,0.650573635850376,0.572770164465557
"DS02","Bike Sharing Daily - Humidity","mc.lm_UNDERTPhi",8,0.420104669110975,0.639961173932465,0.507233921332474
"DS02","Bike Sharing Daily - Humidity","mc.lm_UNDERTPhi",9,0.42912434180409,0.692873689593937,0.529999086771825
"DS02","Bike Sharing Daily - Humidity","mc.lm_UNDERTPhi",10,0.417240574533534,0.63417973646738,0.503329667179969
"DS02","Bike Sharing Daily - Humidity","mc.lm_UNDERTPhi",11,0.497500289784915,0.695772720768182,0.580164182287448
"DS02","Bike Sharing Daily - Humidity","mc.lm_UNDERTPhi",12,0.431612497591533,0.680783463664543,0.528291474088923
"DS02","Bike Sharing Daily - Humidity","mc.lm_UNDERTPhi",13,0.503973728443924,0.718607615713574,0.592450328332041
"DS02","Bike Sharing Daily - Humidity","mc.lm_UNDERTPhi",14,0.491269837978694,0.684265881252197,0.57192509443618
"DS02","Bike Sharing Daily - Humidity","mc.lm_UNDERTPhi",15,0.459143425606475,0.659159166989076,0.541264233768492
"DS02","Bike Sharing Daily - Humidity","mc.lm_UNDERTPhi",16,0.426993157441995,0.693946706077767,0.52868223312926
"DS02","Bike Sharing Daily - Humidity","mc.lm_UNDERTPhi",17,0.419589305824163,0.63227355694669,0.504429298228833
"DS02","Bike Sharing Daily - Humidity","mc.lm_UNDERTPhi",18,0.460170870104322,0.68108984274496,0.549248216514319
"DS02","Bike Sharing Daily - Humidity","mc.lm_UNDERTPhi",19,0.480058829672293,0.730371396503671,0.579333249037189
"DS02","Bike Sharing Daily - Humidity","mc.lm_UNDERTPhi",20,0.442219568315644,0.741617994422522,0.554059103497423
"DS02","Bike Sharing Daily - Humidity","mc.lm_UNDERTPhi",21,0.539506694505529,0.708709763586104,0.612639994349546
"DS02","Bike Sharing Daily - Humidity","mc.lm_UNDERTPhi",22,0.547679563080358,0.683369635208956,0.608046508220326
"DS02","Bike Sharing Daily - Humidity","mc.lm_UNDERTPhi",23,0.465540353474814,0.688503062317664,0.555483363300943
"DS02","Bike Sharing Daily - Humidity","mc.lm_UNDERTPhi",24,0.549752935875311,0.653826365612769,0.597290039142243
"DS02","Bike Sharing Daily - Humidity","mc.lm_UNDERTPhi",25,0.474512781608164,0.651045824965327,0.548935548188193
"DS02","Bike Sharing Daily - Humidity","mc.lm_UNDERTPhi",26,0.532473074766032,0.702587162407698,0.605814575513282
"DS02","Bike Sharing Daily - Humidity","mc.lm_UNDERTPhi",27,0.454624603170092,0.621366423289406,0.525075872687678
"DS02","Bike Sharing Daily - Humidity","mc.lm_UNDERTPhi",28,0.519204575027549,0.594440973985341,0.554281339427234
"DS02","Bike Sharing Daily - Humidity","mc.lm_UNDERTPhi",29,0.634763628550521,0.645025062855295,0.639853207257672
"DS02","Bike Sharing Daily - Humidity","mc.lm_UNDERTPhi",30,0.533516279301566,0.740346768474433,0.620140530803549
"DS02","Bike Sharing Daily - Humidity","mc.lm_UNDERTPhi",31,0.492426337132975,0.679083415572538,0.570884805979407
"DS02","Bike Sharing Daily - Humidity","mc.lm_UNDERTPhi",32,0.556128308261275,0.765680439699042,0.644293765275279
"DS02","Bike Sharing Daily - Humidity","mc.lm_UNDERTPhi",33,0.558605630156459,0.746515346901728,0.639032983313876
"DS02","Bike Sharing Daily - Humidity","mc.lm_UNDERTPhi",34,0.486813124639708,0.702246759404012,0.57501383033961
"DS02","Bike Sharing Daily - Humidity","mc.lm_UNDERTPhi",35,0.60053681425732,0.655948493577696,0.627020811455063
"DS02","Bike Sharing Daily - Humidity","mc.lm_UNDERTPhi",36,0.531593851177998,0.727748304486781,0.614394622033704
"DS02","Bike Sharing Daily - Humidity","mc.lm_UNDERTPhi",37,0.563693467266845,0.799024003804661,0.661038873714494
"DS02","Bike Sharing Daily - Humidity","mc.lm_UNDERTPhi",38,0.466069936699674,0.780723478666262,0.583692114182584
"DS02","Bike Sharing Daily - Humidity","mc.lm_UNDERTPhi",39,0.547350832719666,0.699000257045479,0.613949593989921
"DS02","Bike Sharing Daily - Humidity","mc.lm_UNDERTPhi",40,0.490443502450391,0.764652231226333,0.597593806395238
"DS02","Bike Sharing Daily - Humidity","mc.lm_UNDERTPhi",41,0.493438838576656,0.831396560389894,0.619312185461575
"DS02","Bike Sharing Daily - Humidity","mc.lm_UNDERTPhi",42,0.547309977180178,0.759946764747943,0.636334750676262
"DS02","Bike Sharing Daily - Humidity","mc.lm_UNDERTPhi",43,0.996695914838963,0.700305880172983,0.822617880496942
"DS02","Bike Sharing Daily - Humidity","mc.lm_UNDERTPhi",44,0.712125034212033,0.675492315156742,0.693325127795184
"DS02","Bike Sharing Daily - Humidity","mc.lm_UNDERTPhi",45,0.568401450995202,0.656202151076861,0.609154267041445
"DS02","Bike Sharing Daily - Humidity","mc.lm_UNDERTPhi",46,0.510405073430722,0.695737893614571,0.588832601741723
"DS02","Bike Sharing Daily - Humidity","mc.lm_UNDERTPhi",47,0.510728609187245,0.848140077402184,0.637544166559279
"DS02","Bike Sharing Daily - Humidity","mc.lm_UNDERTPhi",48,0.50691136647652,0.811192509792177,0.62393064919634
"DS02","Bike Sharing Daily - Humidity","mc.lm_UNDERTPhi",49,0.592549402709262,0.79382916061771,0.678577997986948
"DS02","Bike Sharing Daily - Humidity","mc.lm_UNDERTPhi",50,0.496497360391506,0.719779263775982,0.587643464370495
"DS02","Bike Sharing Daily - Humidity","mc.lm_OVERB",1,0.519137288283975,0.687145556862785,0.59144152216262
"DS02","Bike Sharing Daily - Humidity","mc.lm_OVERB",2,0.512059739511542,0.696969000056664,0.590374327650963
"DS02","Bike Sharing Daily - Humidity","mc.lm_OVERB",3,0.525830560554854,0.69451727808628,0.598515272592757
"DS02","Bike Sharing Daily - Humidity","mc.lm_OVERB",4,0.451262669988015,0.669842884725796,0.539244654284136
"DS02","Bike Sharing Daily - Humidity","mc.lm_OVERB",5,0.46269945294768,0.665241599516939,0.545785479661283
"DS02","Bike Sharing Daily - Humidity","mc.lm_OVERB",6,0.465870634183961,0.648763522677714,0.542312240989031
"DS02","Bike Sharing Daily - Humidity","mc.lm_OVERB",7,0.487200194159123,0.642512139448604,0.554180085985763
"DS02","Bike Sharing Daily - Humidity","mc.lm_OVERB",8,0.494185113873229,0.66390123967191,0.566607332386725
"DS02","Bike Sharing Daily - Humidity","mc.lm_OVERB",9,0.466815794627947,0.654744344668507,0.545035421330705
"DS02","Bike Sharing Daily - Humidity","mc.lm_OVERB",10,0.513410154228359,0.671795859859866,0.58202002338971
"DS02","Bike Sharing Daily - Humidity","mc.lm_OVERB",11,0.505810106601259,0.650722514146456,0.56918761882473
"DS02","Bike Sharing Daily - Humidity","mc.lm_OVERB",12,0.503997175529485,0.648472198898771,0.567178901073212
"DS02","Bike Sharing Daily - Humidity","mc.lm_OVERB",13,0.482159047503444,0.665292434960607,0.559111686470635
"DS02","Bike Sharing Daily - Humidity","mc.lm_OVERB",14,0.477125885395221,0.676569455605727,0.559608397581246
"DS02","Bike Sharing Daily - Humidity","mc.lm_OVERB",15,0.463578096436858,0.639211659848383,0.537408917346004
"DS02","Bike Sharing Daily - Humidity","mc.lm_OVERB",16,0.43064652127082,0.625363951649159,0.510053294379196
"DS02","Bike Sharing Daily - Humidity","mc.lm_OVERB",17,0.447767388771729,0.62562703696212,0.521961690818362
"DS02","Bike Sharing Daily - Humidity","mc.lm_OVERB",18,0.403253165207245,0.672480025140707,0.504176502333117
"DS02","Bike Sharing Daily - Humidity","mc.lm_OVERB",19,0.482077818556081,0.687232800096129,0.566658138266797
"DS02","Bike Sharing Daily - Humidity","mc.lm_OVERB",20,0.471799018290769,0.671816524926576,0.55431631514934
"DS02","Bike Sharing Daily - Humidity","mc.lm_OVERB",21,0.512269119805227,0.694668779341959,0.589686286926814
"DS02","Bike Sharing Daily - Humidity","mc.lm_OVERB",22,0.532809114477461,0.675525542494702,0.595739208549078
"DS02","Bike Sharing Daily - Humidity","mc.lm_OVERB",23,0.526283574377492,0.691340665431265,0.597624824835658
"DS02","Bike Sharing Daily - Humidity","mc.lm_OVERB",24,0.527388304083871,0.674098478187071,0.591786207626257
"DS02","Bike Sharing Daily - Humidity","mc.lm_OVERB",25,0.523941702033146,0.685078161863076,0.593771912060312
"DS02","Bike Sharing Daily - Humidity","mc.lm_OVERB",26,0.523076948378276,0.688795419101256,0.594605530332807
"DS02","Bike Sharing Daily - Humidity","mc.lm_OVERB",27,0.523124443538699,0.620588083783381,0.567703488840961
"DS02","Bike Sharing Daily - Humidity","mc.lm_OVERB",28,0.514141602104744,0.624775028061483,0.56408489502113
"DS02","Bike Sharing Daily - Humidity","mc.lm_OVERB",29,0.538438438104456,0.633608956820322,0.582159763430426
"DS02","Bike Sharing Daily - Humidity","mc.lm_OVERB",30,0.554255788241324,0.707319932765676,0.621502396322138
"DS02","Bike Sharing Daily - Humidity","mc.lm_OVERB",31,0.599262500410688,0.73765230741813,0.661294741577435
"DS02","Bike Sharing Daily - Humidity","mc.lm_OVERB",32,0.594285586689374,0.738421246746973,0.65855909617482
"DS02","Bike Sharing Daily - Humidity","mc.lm_OVERB",33,0.526630586337807,0.717053890955846,0.607264170172192
"DS02","Bike Sharing Daily - Humidity","mc.lm_OVERB",34,0.540094526268344,0.670689498141202,0.598349035780142
"DS02","Bike Sharing Daily - Humidity","mc.lm_OVERB",35,0.56564798284226,0.65983436819774,0.609121753674062
"DS02","Bike Sharing Daily - Humidity","mc.lm_OVERB",36,0.601955833484472,0.720961962882912,0.656106162407786
"DS02","Bike Sharing Daily - Humidity","mc.lm_OVERB",37,0.605601263280957,0.736389648459448,0.664622237710545
"DS02","Bike Sharing Daily - Humidity","mc.lm_OVERB",38,0.61546213343681,0.7295707790992,0.667676134929565
"DS02","Bike Sharing Daily - Humidity","mc.lm_OVERB",39,0.545730941661369,0.715245000679112,0.619094012237393
"DS02","Bike Sharing Daily - Humidity","mc.lm_OVERB",40,0.536455681063155,0.715351130518796,0.613120450170415
"DS02","Bike Sharing Daily - Humidity","mc.lm_OVERB",41,0.587400609355228,0.764072538884987,0.664188815763084
"DS02","Bike Sharing Daily - Humidity","mc.lm_OVERB",42,0.641523881316189,0.77621641979404,0.702471912490146
"DS02","Bike Sharing Daily - Humidity","mc.lm_OVERB",43,0.61750435623232,0.76694559599364,0.684159432065868
"DS02","Bike Sharing Daily - Humidity","mc.lm_OVERB",44,0.536111611920243,0.664024072907142,0.593251280802128
"DS02","Bike Sharing Daily - Humidity","mc.lm_OVERB",45,0.572879862595601,0.636608214252134,0.603065103805742
"DS02","Bike Sharing Daily - Humidity","mc.lm_OVERB",46,0.584548147248544,0.653713775214222,0.617199268103659
"DS02","Bike Sharing Daily - Humidity","mc.lm_OVERB",47,0.52644726256246,0.74920453058686,0.618376701769238
"DS02","Bike Sharing Daily - Humidity","mc.lm_OVERB",48,0.514333294530443,0.727236616475197,0.602530717826265
"DS02","Bike Sharing Daily - Humidity","mc.lm_OVERB",49,0.583255318864291,0.768878136454287,0.663325444513562
"DS02","Bike Sharing Daily - Humidity","mc.lm_OVERB",50,0.524309692700452,0.71315335235219,0.604322232514293
"DS02","Bike Sharing Daily - Humidity","mc.lm_OVERT",1,0.513491948568562,0.689787979374588,0.588725142675134
"DS02","Bike Sharing Daily - Humidity","mc.lm_OVERT",2,0.527169998524748,0.693993079154007,0.599186688823303
"DS02","Bike Sharing Daily - Humidity","mc.lm_OVERT",3,0.554917862704276,0.681116805904144,0.611574888283382
"DS02","Bike Sharing Daily - Humidity","mc.lm_OVERT",4,0.461858132696021,0.665131571335354,0.545162789749079
"DS02","Bike Sharing Daily - Humidity","mc.lm_OVERT",5,0.467679096394213,0.642830020433144,0.541442044078211
"DS02","Bike Sharing Daily - Humidity","mc.lm_OVERT",6,0.47240865733751,0.639377738698633,0.543355414577847
"DS02","Bike Sharing Daily - Humidity","mc.lm_OVERT",7,0.494705971127544,0.623983474167401,0.551874967362611
"DS02","Bike Sharing Daily - Humidity","mc.lm_OVERT",8,0.494955167717965,0.634051775928496,0.555934938863998
"DS02","Bike Sharing Daily - Humidity","mc.lm_OVERT",9,0.493706602950906,0.634454404041484,0.555300753359003
"DS02","Bike Sharing Daily - Humidity","mc.lm_OVERT",10,0.491736561218449,0.639156716231556,0.555837994594987
"DS02","Bike Sharing Daily - Humidity","mc.lm_OVERT",11,0.47031222951691,0.620750496819165,0.535159974006525
"DS02","Bike Sharing Daily - Humidity","mc.lm_OVERT",12,0.468364967278284,0.628466649415069,0.536730993543333
"DS02","Bike Sharing Daily - Humidity","mc.lm_OVERT",13,0.476106772011538,0.631889089850917,0.543046567579285
"DS02","Bike Sharing Daily - Humidity","mc.lm_OVERT",14,0.458704254829695,0.619509545997479,0.527115613691177
"DS02","Bike Sharing Daily - Humidity","mc.lm_OVERT",15,0.44343253724062,0.601703250049424,0.510583987420761
"DS02","Bike Sharing Daily - Humidity","mc.lm_OVERT",16,0.455659843858878,0.593295838695149,0.515448066525975
"DS02","Bike Sharing Daily - Humidity","mc.lm_OVERT",17,0.441115704295556,0.618312308069578,0.514895332321494
"DS02","Bike Sharing Daily - Humidity","mc.lm_OVERT",18,0.475912826006141,0.646898372908814,0.548386466197202
"DS02","Bike Sharing Daily - Humidity","mc.lm_OVERT",19,0.488201064839145,0.644268845341332,0.555480959822056
"DS02","Bike Sharing Daily - Humidity","mc.lm_OVERT",20,0.485754370284617,0.629621405039982,0.548409524196284
"DS02","Bike Sharing Daily - Humidity","mc.lm_OVERT",21,0.498174080193568,0.692058129756473,0.579324638250855
"DS02","Bike Sharing Daily - Humidity","mc.lm_OVERT",22,0.496072624740044,0.669184870908712,0.569769851878432
"DS02","Bike Sharing Daily - Humidity","mc.lm_OVERT",23,0.497236500508391,0.66713768477309,0.569791415727151
"DS02","Bike Sharing Daily - Humidity","mc.lm_OVERT",24,0.508829837150237,0.672894993325123,0.579473395232125
"DS02","Bike Sharing Daily - Humidity","mc.lm_OVERT",25,0.565780150088829,0.655379453210626,0.60729274764867
"DS02","Bike Sharing Daily - Humidity","mc.lm_OVERT",26,0.525573988214486,0.672198483026533,0.589911767182187
"DS02","Bike Sharing Daily - Humidity","mc.lm_OVERT",27,0.523640938016713,0.613025923285596,0.564818911198038
"DS02","Bike Sharing Daily - Humidity","mc.lm_OVERT",28,0.511764746802647,0.603028347852549,0.553660856410364
"DS02","Bike Sharing Daily - Humidity","mc.lm_OVERT",29,0.523958238543813,0.610524105976792,0.563938498824873
"DS02","Bike Sharing Daily - Humidity","mc.lm_OVERT",30,0.486070157399392,0.721377083164768,0.580795351678277
"DS02","Bike Sharing Daily - Humidity","mc.lm_OVERT",31,0.554919012617191,0.728205681289036,0.629861118817611
"DS02","Bike Sharing Daily - Humidity","mc.lm_OVERT",32,0.555254963913568,0.723529970688582,0.628320833150982
"DS02","Bike Sharing Daily - Humidity","mc.lm_OVERT",33,0.479765702812144,0.708334653447389,0.572063918753928
"DS02","Bike Sharing Daily - Humidity","mc.lm_OVERT",34,0.559128180265688,0.649269434121123,0.600836732678407
"DS02","Bike Sharing Daily - Humidity","mc.lm_OVERT",35,0.543658062955469,0.641420107936909,0.588506685865427
"DS02","Bike Sharing Daily - Humidity","mc.lm_OVERT",36,0.562852046373373,0.724107731276403,0.633377243674224
"DS02","Bike Sharing Daily - Humidity","mc.lm_OVERT",37,0.55757371351107,0.728205254669022,0.631567505912433
"DS02","Bike Sharing Daily - Humidity","mc.lm_OVERT",38,0.552032825036007,0.719156114543194,0.624608615119975
"DS02","Bike Sharing Daily - Humidity","mc.lm_OVERT",39,0.539980061082165,0.724857505091901,0.618907297415809
"DS02","Bike Sharing Daily - Humidity","mc.lm_OVERT",40,0.515743262336353,0.71077436740771,0.597752665175148
"DS02","Bike Sharing Daily - Humidity","mc.lm_OVERT",41,0.559360453567824,0.757261332661404,0.643437693249762
"DS02","Bike Sharing Daily - Humidity","mc.lm_OVERT",42,0.584858073269212,0.750174298364783,0.657280683345099
"DS02","Bike Sharing Daily - Humidity","mc.lm_OVERT",43,0.584461026758629,0.767511986029413,0.663594375274164
"DS02","Bike Sharing Daily - Humidity","mc.lm_OVERT",44,0.531858546150678,0.629074133144111,0.576395961354564
"DS02","Bike Sharing Daily - Humidity","mc.lm_OVERT",45,0.619380360682578,0.644670599966497,0.631772485697363
"DS02","Bike Sharing Daily - Humidity","mc.lm_OVERT",46,0.559226978056119,0.608383166629925,0.582770338752319
"DS02","Bike Sharing Daily - Humidity","mc.lm_OVERT",47,0.562359584900085,0.696973116935337,0.62247174579843
"DS02","Bike Sharing Daily - Humidity","mc.lm_OVERT",48,0.496701982866209,0.684119817153802,0.575537595414657
"DS02","Bike Sharing Daily - Humidity","mc.lm_OVERT",49,0.611832421565434,0.752837684757753,0.675050331324495
"DS02","Bike Sharing Daily - Humidity","mc.lm_OVERT",50,0.575811179499977,0.719122795890469,0.639536768941691
"DS02","Bike Sharing Daily - Humidity","mc.lm_OVERTPhi",1,0.513537701200762,0.688964773561546,0.588455148240814
"DS02","Bike Sharing Daily - Humidity","mc.lm_OVERTPhi",2,0.528469887531882,0.692284784298014,0.599386052808789
"DS02","Bike Sharing Daily - Humidity","mc.lm_OVERTPhi",3,0.546500446614799,0.684325347424413,0.607696247199959
"DS02","Bike Sharing Daily - Humidity","mc.lm_OVERTPhi",4,0.463166613413272,0.661137650783908,0.544722450078487
"DS02","Bike Sharing Daily - Humidity","mc.lm_OVERTPhi",5,0.465718277719077,0.638503946367604,0.538592597998302
"DS02","Bike Sharing Daily - Humidity","mc.lm_OVERTPhi",6,0.510206009828636,0.646664458577235,0.570387268270962
"DS02","Bike Sharing Daily - Humidity","mc.lm_OVERTPhi",7,0.495331036666489,0.622463730488848,0.551667647711369
"DS02","Bike Sharing Daily - Humidity","mc.lm_OVERTPhi",8,0.491341135170871,0.629480169267348,0.551897969302776
"DS02","Bike Sharing Daily - Humidity","mc.lm_OVERTPhi",9,0.494556401886996,0.632673094334942,0.55515319667149
"DS02","Bike Sharing Daily - Humidity","mc.lm_OVERTPhi",10,0.510046161099617,0.637908175100839,0.566856373261576
"DS02","Bike Sharing Daily - Humidity","mc.lm_OVERTPhi",11,0.469265021785778,0.621112645588357,0.534615570154434
"DS02","Bike Sharing Daily - Humidity","mc.lm_OVERTPhi",12,0.468164530386347,0.628112641188506,0.53647027834998
"DS02","Bike Sharing Daily - Humidity","mc.lm_OVERTPhi",13,0.484958776075266,0.633686369186254,0.549435658515822
"DS02","Bike Sharing Daily - Humidity","mc.lm_OVERTPhi",14,0.459000598127473,0.620598898868473,0.527705443677045
"DS02","Bike Sharing Daily - Humidity","mc.lm_OVERTPhi",15,0.445969448060495,0.592005618954324,0.508714375756777
"DS02","Bike Sharing Daily - Humidity","mc.lm_OVERTPhi",16,0.455215201731028,0.596831150675364,0.516491715469773
"DS02","Bike Sharing Daily - Humidity","mc.lm_OVERTPhi",17,0.447364098151034,0.619920001682801,0.51969284002599
"DS02","Bike Sharing Daily - Humidity","mc.lm_OVERTPhi",18,0.483734542911045,0.645809916381107,0.553144344409083
"DS02","Bike Sharing Daily - Humidity","mc.lm_OVERTPhi",19,0.48504577869191,0.645495593334589,0.553884927094616
"DS02","Bike Sharing Daily - Humidity","mc.lm_OVERTPhi",20,0.485966229565068,0.631342491829744,0.549196698179716
"DS02","Bike Sharing Daily - Humidity","mc.lm_OVERTPhi",21,0.497747254055772,0.692158141839144,0.579070933977351
"DS02","Bike Sharing Daily - Humidity","mc.lm_OVERTPhi",22,0.496304773517988,0.669632328376119,0.570085162458818
"DS02","Bike Sharing Daily - Humidity","mc.lm_OVERTPhi",23,0.503482487224297,0.666406064625206,0.573599566195288
"DS02","Bike Sharing Daily - Humidity","mc.lm_OVERTPhi",24,0.509624591966882,0.67315603666933,0.580085372066344
"DS02","Bike Sharing Daily - Humidity","mc.lm_OVERTPhi",25,0.562607649584341,0.660240729586036,0.607526642484098
"DS02","Bike Sharing Daily - Humidity","mc.lm_OVERTPhi",26,0.522556040254919,0.673783213925023,0.588611444502405
"DS02","Bike Sharing Daily - Humidity","mc.lm_OVERTPhi",27,0.517693683431929,0.61417848988046,0.56182373276372
"DS02","Bike Sharing Daily - Humidity","mc.lm_OVERTPhi",28,0.509994840785873,0.603255213318004,0.55271867328498
"DS02","Bike Sharing Daily - Humidity","mc.lm_OVERTPhi",29,0.515372243107299,0.616296735363777,0.56133416567317
"DS02","Bike Sharing Daily - Humidity","mc.lm_OVERTPhi",30,0.48539779650543,0.7234023604208,0.580969335126438
"DS02","Bike Sharing Daily - Humidity","mc.lm_OVERTPhi",31,0.555165795316671,0.727456453981432,0.629739490413258
"DS02","Bike Sharing Daily - Humidity","mc.lm_OVERTPhi",32,0.563277587480384,0.726255239637952,0.634467445380843
"DS02","Bike Sharing Daily - Humidity","mc.lm_OVERTPhi",33,0.508522661387192,0.710576782427119,0.5928054488963
"DS02","Bike Sharing Daily - Humidity","mc.lm_OVERTPhi",34,0.570782758816414,0.650132698415306,0.607879166407865
"DS02","Bike Sharing Daily - Humidity","mc.lm_OVERTPhi",35,0.542195916619807,0.643233970546476,0.588409042216975
"DS02","Bike Sharing Daily - Humidity","mc.lm_OVERTPhi",36,0.563144503890622,0.725068010889952,0.633929667030338
"DS02","Bike Sharing Daily - Humidity","mc.lm_OVERTPhi",37,0.557336700486521,0.728289959016629,0.631447270878248
"DS02","Bike Sharing Daily - Humidity","mc.lm_OVERTPhi",38,0.552945133920446,0.721493959667403,0.626073974281432
"DS02","Bike Sharing Daily - Humidity","mc.lm_OVERTPhi",39,0.538389465995013,0.724612010828799,0.617771999039573
"DS02","Bike Sharing Daily - Humidity","mc.lm_OVERTPhi",40,0.514148757441909,0.71112374077262,0.596803385758633
"DS02","Bike Sharing Daily - Humidity","mc.lm_OVERTPhi",41,0.557619293020332,0.757157839018519,0.642246976479711
"DS02","Bike Sharing Daily - Humidity","mc.lm_OVERTPhi",42,0.58438073442502,0.750221504983509,0.656997240253402
"DS02","Bike Sharing Daily - Humidity","mc.lm_OVERTPhi",43,0.544355453402594,0.765161449553499,0.636142697902765
"DS02","Bike Sharing Daily - Humidity","mc.lm_OVERTPhi",44,0.521325565456651,0.633645645253122,0.572024083799846
"DS02","Bike Sharing Daily - Humidity","mc.lm_OVERTPhi",45,0.601349582322226,0.641904886270943,0.620965771691816
"DS02","Bike Sharing Daily - Humidity","mc.lm_OVERTPhi",46,0.573860973983411,0.615630429252532,0.594012326248997
"DS02","Bike Sharing Daily - Humidity","mc.lm_OVERTPhi",47,0.573511647546607,0.699935260184047,0.630447994034503
"DS02","Bike Sharing Daily - Humidity","mc.lm_OVERTPhi",48,0.556298778487321,0.68862490364666,0.615429199768984
"DS02","Bike Sharing Daily - Humidity","mc.lm_OVERTPhi",49,0.60901092049597,0.752476820727446,0.67318505685745
"DS02","Bike Sharing Daily - Humidity","mc.lm_OVERTPhi",50,0.57399369016967,0.722933424532613,0.639911401944476
"DS02","Bike Sharing Daily - Humidity","mc.lm_SMOTEB",1,0.479131502559124,0.749639491942559,0.584609984707129
"DS02","Bike Sharing Daily - Humidity","mc.lm_SMOTEB",2,0.512906510281606,0.713861102912607,0.596924801702795
"DS02","Bike Sharing Daily - Humidity","mc.lm_SMOTEB",3,0.480304558189909,0.737590695810575,0.581771169749784
"DS02","Bike Sharing Daily - Humidity","mc.lm_SMOTEB",4,0.44937749196899,0.714852094275662,0.551847238808913
"DS02","Bike Sharing Daily - Humidity","mc.lm_SMOTEB",5,0.436297478321045,0.706472864123385,0.539447547194755
"DS02","Bike Sharing Daily - Humidity","mc.lm_SMOTEB",6,0.477249415601013,0.699832638241419,0.567496066274989
"DS02","Bike Sharing Daily - Humidity","mc.lm_SMOTEB",7,0.511075570654109,0.714397338798954,0.595869602312798
"DS02","Bike Sharing Daily - Humidity","mc.lm_SMOTEB",8,0.52004445779182,0.681530504681552,0.589935997078597
"DS02","Bike Sharing Daily - Humidity","mc.lm_SMOTEB",9,0.49266951685918,0.670835458121061,0.568111332828847
"DS02","Bike Sharing Daily - Humidity","mc.lm_SMOTEB",10,0.483891661737959,0.703340925184735,0.573334682360966
"DS02","Bike Sharing Daily - Humidity","mc.lm_SMOTEB",11,0.461412333189442,0.661884629804782,0.543759560297191
"DS02","Bike Sharing Daily - Humidity","mc.lm_SMOTEB",12,0.46018634931811,0.636228478922486,0.534074610277534
"DS02","Bike Sharing Daily - Humidity","mc.lm_SMOTEB",13,0.460578249672806,0.665703766395259,0.544461637765143
"DS02","Bike Sharing Daily - Humidity","mc.lm_SMOTEB",14,0.451996446844354,0.684021876762943,0.544314209437935
"DS02","Bike Sharing Daily - Humidity","mc.lm_SMOTEB",15,0.44749401766687,0.645671304581547,0.528619121552681
"DS02","Bike Sharing Daily - Humidity","mc.lm_SMOTEB",16,0.446941500844634,0.615772428310278,0.517946073232701
"DS02","Bike Sharing Daily - Humidity","mc.lm_SMOTEB",17,0.44584197105097,0.635515574942885,0.524044091828507
"DS02","Bike Sharing Daily - Humidity","mc.lm_SMOTEB",18,0.445248899262947,0.71304064344595,0.548188600376309
"DS02","Bike Sharing Daily - Humidity","mc.lm_SMOTEB",19,0.470286258266989,0.691713594662777,0.559902649567768
"DS02","Bike Sharing Daily - Humidity","mc.lm_SMOTEB",20,0.459081800153489,0.697713957903081,0.553784499217879
"DS02","Bike Sharing Daily - Humidity","mc.lm_SMOTEB",21,0.478417295778763,0.74937024533122,0.583996293013884
"DS02","Bike Sharing Daily - Humidity","mc.lm_SMOTEB",22,0.48816440027209,0.762450598791106,0.595229130587371
"DS02","Bike Sharing Daily - Humidity","mc.lm_SMOTEB",23,0.441230770277097,0.722367916309125,0.547836562228569
"DS02","Bike Sharing Daily - Humidity","mc.lm_SMOTEB",24,0.449541760548683,0.735394083304599,0.557988607772705
"DS02","Bike Sharing Daily - Humidity","mc.lm_SMOTEB",25,0.440066939230021,0.736639359370232,0.550979677052868
"DS02","Bike Sharing Daily - Humidity","mc.lm_SMOTEB",26,0.436870745278266,0.732345315828607,0.54727309103881
"DS02","Bike Sharing Daily - Humidity","mc.lm_SMOTEB",27,0.429439397013153,0.673813801108535,0.524561710656874
"DS02","Bike Sharing Daily - Humidity","mc.lm_SMOTEB",28,0.436446610536617,0.687410537372009,0.53390771174338
"DS02","Bike Sharing Daily - Humidity","mc.lm_SMOTEB",29,0.483261302252496,0.679191881115341,0.564714618435107
"DS02","Bike Sharing Daily - Humidity","mc.lm_SMOTEB",30,0.449807144961232,0.71522664086093,0.552282787402315
"DS02","Bike Sharing Daily - Humidity","mc.lm_SMOTEB",31,0.465516073741694,0.721389267893378,0.565872084064428
"DS02","Bike Sharing Daily - Humidity","mc.lm_SMOTEB",32,0.462309833639128,0.751894654143974,0.572569605810162
"DS02","Bike Sharing Daily - Humidity","mc.lm_SMOTEB",33,0.476714004770894,0.741853072580697,0.580438706665465
"DS02","Bike Sharing Daily - Humidity","mc.lm_SMOTEB",34,0.462433476890613,0.701871114988628,0.557532285446738
"DS02","Bike Sharing Daily - Humidity","mc.lm_SMOTEB",35,0.486616452347981,0.688050981254174,0.570062501019078
"DS02","Bike Sharing Daily - Humidity","mc.lm_SMOTEB",36,0.442821470228238,0.783620790629625,0.565871091828334
"DS02","Bike Sharing Daily - Humidity","mc.lm_SMOTEB",37,0.457479568418382,0.745588944859251,0.567036216054659
"DS02","Bike Sharing Daily - Humidity","mc.lm_SMOTEB",38,0.472779398476713,0.718753585138248,0.570377643434923
"DS02","Bike Sharing Daily - Humidity","mc.lm_SMOTEB",39,0.466077635458675,0.778753214262385,0.583146628781873
"DS02","Bike Sharing Daily - Humidity","mc.lm_SMOTEB",40,0.463774011678027,0.747111007312528,0.572293262524615
"DS02","Bike Sharing Daily - Humidity","mc.lm_SMOTEB",41,0.494846610809664,0.751116249064095,0.596626660623085
"DS02","Bike Sharing Daily - Humidity","mc.lm_SMOTEB",42,0.479166258693734,0.751006088534836,0.585050994700322
"DS02","Bike Sharing Daily - Humidity","mc.lm_SMOTEB",43,0.511335598243094,0.800336508388224,0.623998246579333
"DS02","Bike Sharing Daily - Humidity","mc.lm_SMOTEB",44,0.479719858235501,0.666520326105816,0.557898843049725
"DS02","Bike Sharing Daily - Humidity","mc.lm_SMOTEB",45,0.48380385399653,0.681398609109731,0.565847195887878
"DS02","Bike Sharing Daily - Humidity","mc.lm_SMOTEB",46,0.487931863118709,0.71405575170921,0.579724032101587
"DS02","Bike Sharing Daily - Humidity","mc.lm_SMOTEB",47,0.485007496513213,0.749281704320588,0.588852666539072
"DS02","Bike Sharing Daily - Humidity","mc.lm_SMOTEB",48,0.524173144080103,0.790907054420806,0.630489665745812
"DS02","Bike Sharing Daily - Humidity","mc.lm_SMOTEB",49,0.537744437572661,0.831902324108555,0.653235359522962
"DS02","Bike Sharing Daily - Humidity","mc.lm_SMOTEB",50,0.525073531602819,0.764142587246058,0.622441871564027
"DS02","Bike Sharing Daily - Humidity","mc.lm_SMOTET",1,0.510050477833839,0.735654700245424,0.60242349150292
"DS02","Bike Sharing Daily - Humidity","mc.lm_SMOTET",2,0.541991893613938,0.729400459362482,0.621883772145167
"DS02","Bike Sharing Daily - Humidity","mc.lm_SMOTET",3,0.517753281838181,0.726845535407963,0.604735688532278
"DS02","Bike Sharing Daily - Humidity","mc.lm_SMOTET",4,0.453163299066475,0.699220860715207,0.54992292167194
"DS02","Bike Sharing Daily - Humidity","mc.lm_SMOTET",5,0.534588124137502,0.719200265249717,0.613302729445358
"DS02","Bike Sharing Daily - Humidity","mc.lm_SMOTET",6,0.480183376949237,0.631183269187977,0.545425246881346
"DS02","Bike Sharing Daily - Humidity","mc.lm_SMOTET",7,0.499791747185717,0.673080756518198,0.573634740749684
"DS02","Bike Sharing Daily - Humidity","mc.lm_SMOTET",8,0.489023588475463,0.622035397753626,0.547567655972352
"DS02","Bike Sharing Daily - Humidity","mc.lm_SMOTET",9,0.488534829907715,0.658249116521418,0.56083383653569
"DS02","Bike Sharing Daily - Humidity","mc.lm_SMOTET",10,0.48270816452328,0.614373074612097,0.540639815174042
"DS02","Bike Sharing Daily - Humidity","mc.lm_SMOTET",11,0.483549546356897,0.644869772990668,0.552678389748247
"DS02","Bike Sharing Daily - Humidity","mc.lm_SMOTET",12,0.504313229094424,0.606458690542117,0.550689363194827
"DS02","Bike Sharing Daily - Humidity","mc.lm_SMOTET",13,0.511527120701913,0.588543968110601,0.547339539191187
"DS02","Bike Sharing Daily - Humidity","mc.lm_SMOTET",14,0.47204380378184,0.644369065310693,0.544906697243379
"DS02","Bike Sharing Daily - Humidity","mc.lm_SMOTET",15,0.439596624875799,0.561980248505448,0.493311351440961
"DS02","Bike Sharing Daily - Humidity","mc.lm_SMOTET",16,0.449686488694814,0.572758510754306,0.503815390969579
"DS02","Bike Sharing Daily - Humidity","mc.lm_SMOTET",17,0.416300681150405,0.634919995988401,0.502877526202012
"DS02","Bike Sharing Daily - Humidity","mc.lm_SMOTET",18,0.421120928183884,0.708326875317299,0.528207271317074
"DS02","Bike Sharing Daily - Humidity","mc.lm_SMOTET",19,0.424051974918356,0.715382249102116,0.532473484047004
"DS02","Bike Sharing Daily - Humidity","mc.lm_SMOTET",20,0.433140293911888,0.69390063676096,0.533354765692237
"DS02","Bike Sharing Daily - Humidity","mc.lm_SMOTET",21,0.441785829617631,0.716949507986907,0.546696252199822
"DS02","Bike Sharing Daily - Humidity","mc.lm_SMOTET",22,0.44933585807159,0.714230325474906,0.551630497166633
"DS02","Bike Sharing Daily - Humidity","mc.lm_SMOTET",23,0.404638782979468,0.700977378192654,0.513094224142508
"DS02","Bike Sharing Daily - Humidity","mc.lm_SMOTET",24,0.439473908553637,0.674644243325713,0.532238958673154
"DS02","Bike Sharing Daily - Humidity","mc.lm_SMOTET",25,0.43725579486349,0.718619917409204,0.543692924516379
"DS02","Bike Sharing Daily - Humidity","mc.lm_SMOTET",26,0.461813479048316,0.704068003127996,0.557772121749798
"DS02","Bike Sharing Daily - Humidity","mc.lm_SMOTET",27,0.460919117693793,0.627838546035621,0.531583470469718
"DS02","Bike Sharing Daily - Humidity","mc.lm_SMOTET",28,0.46494113380385,0.657032522808462,0.544542992253386
"DS02","Bike Sharing Daily - Humidity","mc.lm_SMOTET",29,0.419993421824478,0.627867003326022,0.503311328204237
"DS02","Bike Sharing Daily - Humidity","mc.lm_SMOTET",30,0.46391553387282,0.716085009194183,0.563055604152853
"DS02","Bike Sharing Daily - Humidity","mc.lm_SMOTET",31,0.480775639422089,0.739513824836783,0.582714581106889
"DS02","Bike Sharing Daily - Humidity","mc.lm_SMOTET",32,0.484870705515963,0.722471923237845,0.580291729610154
"DS02","Bike Sharing Daily - Humidity","mc.lm_SMOTET",33,0.4872205915861,0.759345668309116,0.593580714695437
"DS02","Bike Sharing Daily - Humidity","mc.lm_SMOTET",34,0.513778870404329,0.698718935559806,0.592144618614924
"DS02","Bike Sharing Daily - Humidity","mc.lm_SMOTET",35,0.541117914158377,0.713427063612816,0.615439336821787
"DS02","Bike Sharing Daily - Humidity","mc.lm_SMOTET",36,0.475507731847663,0.706929317062626,0.568572096828083
"DS02","Bike Sharing Daily - Humidity","mc.lm_SMOTET",37,0.475676783119761,0.740820157051393,0.579353613708068
"DS02","Bike Sharing Daily - Humidity","mc.lm_SMOTET",38,0.455474345154778,0.716127774058271,0.556806485047039
"DS02","Bike Sharing Daily - Humidity","mc.lm_SMOTET",39,0.496551256532839,0.719078222433394,0.587447410700083
"DS02","Bike Sharing Daily - Humidity","mc.lm_SMOTET",40,0.486308384776922,0.735088156036888,0.585361955573836
"DS02","Bike Sharing Daily - Humidity","mc.lm_SMOTET",41,0.488801105100356,0.729261170976159,0.585296291135667
"DS02","Bike Sharing Daily - Humidity","mc.lm_SMOTET",42,0.454505131103919,0.741413177357246,0.56354366513634
"DS02","Bike Sharing Daily - Humidity","mc.lm_SMOTET",43,0.445255350964013,0.756743814983862,0.560639711700262
"DS02","Bike Sharing Daily - Humidity","mc.lm_SMOTET",44,0.456008545981493,0.651838742797286,0.536615543185664
"DS02","Bike Sharing Daily - Humidity","mc.lm_SMOTET",45,0.461647828602115,0.693623464722892,0.554345577886208
"DS02","Bike Sharing Daily - Humidity","mc.lm_SMOTET",46,0.439056328431745,0.671775233191008,0.531038507738024
"DS02","Bike Sharing Daily - Humidity","mc.lm_SMOTET",47,0.460703513299837,0.684186174704805,0.550632917284869
"DS02","Bike Sharing Daily - Humidity","mc.lm_SMOTET",48,0.413231398968925,0.647921512024102,0.504623810691389
"DS02","Bike Sharing Daily - Humidity","mc.lm_SMOTET",49,0.445381917329269,0.756798818689369,0.560755132404935
"DS02","Bike Sharing Daily - Humidity","mc.lm_SMOTET",50,0.518161353311479,0.678803305828316,0.587702630807961
"DS02","Bike Sharing Daily - Humidity","mc.lm_SMOTETPhi",1,0.463683966146531,0.71254834740809,0.561789095555223
"DS02","Bike Sharing Daily - Humidity","mc.lm_SMOTETPhi",2,0.45049782875735,0.704903530042845,0.549692117546849
"DS02","Bike Sharing Daily - Humidity","mc.lm_SMOTETPhi",3,0.481228325075905,0.721788426216559,0.577456689666536
"DS02","Bike Sharing Daily - Humidity","mc.lm_SMOTETPhi",4,0.474816131271303,0.701149702614557,0.566202145750064
"DS02","Bike Sharing Daily - Humidity","mc.lm_SMOTETPhi",5,0.49954989413872,0.694307347711729,0.581042941971076
"DS02","Bike Sharing Daily - Humidity","mc.lm_SMOTETPhi",6,0.452543481211638,0.631145187332745,0.527126745007271
"DS02","Bike Sharing Daily - Humidity","mc.lm_SMOTETPhi",7,0.49879118796074,0.656965159212406,0.567054523237295
"DS02","Bike Sharing Daily - Humidity","mc.lm_SMOTETPhi",8,0.467041989874267,0.629395626671354,0.536198651820916
"DS02","Bike Sharing Daily - Humidity","mc.lm_SMOTETPhi",9,0.487122725584196,0.612889394448683,0.542816477870382
"DS02","Bike Sharing Daily - Humidity","mc.lm_SMOTETPhi",10,0.461870753016207,0.614492246841968,0.527361116665878
"DS02","Bike Sharing Daily - Humidity","mc.lm_SMOTETPhi",11,0.462071806744143,0.631028940174737,0.533492787954377
"DS02","Bike Sharing Daily - Humidity","mc.lm_SMOTETPhi",12,0.4581310683762,0.593031660592962,0.516925154899277
"DS02","Bike Sharing Daily - Humidity","mc.lm_SMOTETPhi",13,0.478519526480819,0.607046090427384,0.535174296641173
"DS02","Bike Sharing Daily - Humidity","mc.lm_SMOTETPhi",14,0.459191857834036,0.610690308430991,0.524214770807203
"DS02","Bike Sharing Daily - Humidity","mc.lm_SMOTETPhi",15,0.420356667242678,0.580428179169919,0.487591025871736
"DS02","Bike Sharing Daily - Humidity","mc.lm_SMOTETPhi",16,0.436395489812378,0.582646467577615,0.499026146592071
"DS02","Bike Sharing Daily - Humidity","mc.lm_SMOTETPhi",17,0.401299486448288,0.632092708765645,0.490923931088619
"DS02","Bike Sharing Daily - Humidity","mc.lm_SMOTETPhi",18,0.386455518424366,0.688714365932571,0.495098442032665
"DS02","Bike Sharing Daily - Humidity","mc.lm_SMOTETPhi",19,0.406753787474823,0.714383153849383,0.518363177281869
"DS02","Bike Sharing Daily - Humidity","mc.lm_SMOTETPhi",20,0.449116743860042,0.705304342399212,0.548784136844058
"DS02","Bike Sharing Daily - Humidity","mc.lm_SMOTETPhi",21,0.483898371367073,0.728707119597789,0.581590947763866
"DS02","Bike Sharing Daily - Humidity","mc.lm_SMOTETPhi",22,0.473167876006988,0.745766626314945,0.578985679539232
"DS02","Bike Sharing Daily - Humidity","mc.lm_SMOTETPhi",23,0.412771858365229,0.738131080683688,0.529462090248413
"DS02","Bike Sharing Daily - Humidity","mc.lm_SMOTETPhi",24,0.435717652138993,0.682111678321849,0.531759349797085
"DS02","Bike Sharing Daily - Humidity","mc.lm_SMOTETPhi",25,0.498500465762975,0.69685079335781,0.58121902228417
"DS02","Bike Sharing Daily - Humidity","mc.lm_SMOTETPhi",26,0.463182375180454,0.714540907819252,0.56203823024428
"DS02","Bike Sharing Daily - Humidity","mc.lm_SMOTETPhi",27,0.45206017272497,0.635786598678466,0.528408608951452
"DS02","Bike Sharing Daily - Humidity","mc.lm_SMOTETPhi",28,0.507436736795601,0.662647202140178,0.574747712897549
"DS02","Bike Sharing Daily - Humidity","mc.lm_SMOTETPhi",29,0.453529388202349,0.662594628646199,0.538481623940989
"DS02","Bike Sharing Daily - Humidity","mc.lm_SMOTETPhi",30,0.463710557286715,0.731142594452981,0.567498256059683
"DS02","Bike Sharing Daily - Humidity","mc.lm_SMOTETPhi",31,0.456076128522246,0.771325755749838,0.573216106345655
"DS02","Bike Sharing Daily - Humidity","mc.lm_SMOTETPhi",32,0.474281406507063,0.73537884849275,0.576652019667687
"DS02","Bike Sharing Daily - Humidity","mc.lm_SMOTETPhi",33,0.487040355516838,0.792044441629798,0.603177533337984
"DS02","Bike Sharing Daily - Humidity","mc.lm_SMOTETPhi",34,0.526204216090204,0.735820943884825,0.613604380070093
"DS02","Bike Sharing Daily - Humidity","mc.lm_SMOTETPhi",35,0.509441770484737,0.73458716032001,0.601640965514679
"DS02","Bike Sharing Daily - Humidity","mc.lm_SMOTETPhi",36,0.471807709412162,0.752300603859868,0.579918003738993
"DS02","Bike Sharing Daily - Humidity","mc.lm_SMOTETPhi",37,0.492767776375255,0.754825790015517,0.596274036860716
"DS02","Bike Sharing Daily - Humidity","mc.lm_SMOTETPhi",38,0.491081666572983,0.764704967629253,0.598083431869901
"DS02","Bike Sharing Daily - Humidity","mc.lm_SMOTETPhi",39,0.47600003510414,0.706757683804239,0.568868293011747
"DS02","Bike Sharing Daily - Humidity","mc.lm_SMOTETPhi",40,0.490353744485638,0.742126278158696,0.590523810025798
"DS02","Bike Sharing Daily - Humidity","mc.lm_SMOTETPhi",41,0.449768449508291,0.762678812119433,0.565845422982378
"DS02","Bike Sharing Daily - Humidity","mc.lm_SMOTETPhi",42,0.476126704089578,0.788906815986502,0.593849247736718
"DS02","Bike Sharing Daily - Humidity","mc.lm_SMOTETPhi",43,0.47297308286218,0.765341869504169,0.584643030872164
"DS02","Bike Sharing Daily - Humidity","mc.lm_SMOTETPhi",44,0.478456762766831,0.665630722432195,0.556732810686506
"DS02","Bike Sharing Daily - Humidity","mc.lm_SMOTETPhi",45,0.450624932032503,0.673251992079777,0.539888535234998
"DS02","Bike Sharing Daily - Humidity","mc.lm_SMOTETPhi",46,0.452558326241849,0.691983521160803,0.547228403809167
"DS02","Bike Sharing Daily - Humidity","mc.lm_SMOTETPhi",47,0.495184869678702,0.722847719226753,0.587740027488921
"DS02","Bike Sharing Daily - Humidity","mc.lm_SMOTETPhi",48,0.44589245005392,0.673613154156223,0.536592257449542
"DS02","Bike Sharing Daily - Humidity","mc.lm_SMOTETPhi",49,0.53271512063566,0.737298516035006,0.618528898545886
"DS02","Bike Sharing Daily - Humidity","mc.lm_SMOTETPhi",50,0.554514111182555,0.717991915061318,0.625752083535022
"DS02","Bike Sharing Daily - Humidity","mc.svm",1,1e-05,0.480794249631907,1.99995840302989e-05
"DS02","Bike Sharing Daily - Humidity","mc.svm",2,1e-05,0.47911091604402,1.99995825688395e-05
"DS02","Bike Sharing Daily - Humidity","mc.svm",3,1e-05,0.476266271071125,1.99995800756575e-05
"DS02","Bike Sharing Daily - Humidity","mc.svm",4,1e-05,0.468098541555789,1.99995727486635e-05
"DS02","Bike Sharing Daily - Humidity","mc.svm",5,1e-05,0.462965317157938,1.99995680115276e-05
"DS02","Bike Sharing Daily - Humidity","mc.svm",6,1e-05,0.472119104629812,1.99995763870559e-05
"DS02","Bike Sharing Daily - Humidity","mc.svm",7,1e-05,0.45776205692963,1.99995631013362e-05
"DS02","Bike Sharing Daily - Humidity","mc.svm",8,1e-05,0.475633881060556,1.99995795173491e-05
"DS02","Bike Sharing Daily - Humidity","mc.svm",9,1e-05,0.473867616888934,1.99995779501017e-05
"DS02","Bike Sharing Daily - Humidity","mc.svm",10,1e-05,0.475423939664872,1.9999579331673e-05
"DS02","Bike Sharing Daily - Humidity","mc.svm",11,1e-05,0.478692761578626,1.99995822042068e-05
"DS02","Bike Sharing Daily - Humidity","mc.svm",12,1e-05,0.481999902264123,1.9999585070765e-05
"DS02","Bike Sharing Daily - Humidity","mc.svm",13,1e-05,0.476470678141094,1.99995802558022e-05
"DS02","Bike Sharing Daily - Humidity","mc.svm",14,1e-05,0.487193254958962,1.99995894937114e-05
"DS02","Bike Sharing Daily - Humidity","mc.svm",15,1e-05,0.486002377989497,1.99995884878471e-05
"DS02","Bike Sharing Daily - Humidity","mc.svm",16,1e-05,0.48611234185511,1.99995885809337e-05
"DS02","Bike Sharing Daily - Humidity","mc.svm",17,1e-05,0.48523928067434,1.99995878407079e-05
"DS02","Bike Sharing Daily - Humidity","mc.svm",18,1e-05,0.497496334797604,1.99995979950686e-05
"DS02","Bike Sharing Daily - Humidity","mc.svm",19,1e-05,0.485023232783627,1.99995876571202e-05
"DS02","Bike Sharing Daily - Humidity","mc.svm",20,1e-05,0.481863268135031,1.99995849531127e-05
"DS02","Bike Sharing Daily - Humidity","mc.svm",21,1e-05,0.50049864491504,1.99996004065024e-05
"DS02","Bike Sharing Daily - Humidity","mc.svm",22,1e-05,0.505343230470011,1.99996042372188e-05
"DS02","Bike Sharing Daily - Humidity","mc.svm",23,1e-05,0.500890709142108,1.99996007192716e-05
"DS02","Bike Sharing Daily - Humidity","mc.svm",24,1e-05,0.492153705979721,1.99995936311484e-05
"DS02","Bike Sharing Daily - Humidity","mc.svm",25,1e-05,0.489561654789118,1.99995914796168e-05
"DS02","Bike Sharing Daily - Humidity","mc.svm",26,1e-05,0.487666333585706,1.99995898919299e-05
"DS02","Bike Sharing Daily - Humidity","mc.svm",27,1e-05,0.476371219256463,1.9999580168168e-05
"DS02","Bike Sharing Daily - Humidity","mc.svm",28,1e-05,0.476326616153394,1.99995801288559e-05
"DS02","Bike Sharing Daily - Humidity","mc.svm",29,1e-05,0.479206221321227,1.99995826518571e-05
"DS02","Bike Sharing Daily - Humidity","mc.svm",30,1e-05,0.501090973514856,1.99996008788436e-05
"DS02","Bike Sharing Daily - Humidity","mc.svm",31,1e-05,0.499800244536314,1.9999599848138e-05
"DS02","Bike Sharing Daily - Humidity","mc.svm",32,1e-05,0.497285579365008,1.99995978246976e-05
"DS02","Bike Sharing Daily - Humidity","mc.svm",33,1e-05,0.489375010572673,1.99995913238132e-05
"DS02","Bike Sharing Daily - Humidity","mc.svm",34,1e-05,0.48045702290137,1.99995837383411e-05
"DS02","Bike Sharing Daily - Humidity","mc.svm",35,1e-05,0.480141620507889,1.99995834649068e-05
"DS02","Bike Sharing Daily - Humidity","mc.svm",36,1e-05,0.500583187834078,1.99996004739879e-05
"DS02","Bike Sharing Daily - Humidity","mc.svm",37,1e-05,0.500474392001694,1.99996003871386e-05
"DS02","Bike Sharing Daily - Humidity","mc.svm",38,1e-05,0.500314480692598,1.99996002594162e-05
"DS02","Bike Sharing Daily - Humidity","mc.svm",39,1e-05,0.501864828853772,1.99996014942601e-05
"DS02","Bike Sharing Daily - Humidity","mc.svm",40,1e-05,0.498877231120187,1.99995991077993e-05
"DS02","Bike Sharing Daily - Humidity","mc.svm",41,1e-05,0.509697261714114,1.99996076179113e-05
"DS02","Bike Sharing Daily - Humidity","mc.svm",42,1e-05,0.503333050810544,1.99996026566778e-05
"DS02","Bike Sharing Daily - Humidity","mc.svm",43,1e-05,0.504302162660824,1.99996034202329e-05
"DS02","Bike Sharing Daily - Humidity","mc.svm",44,1e-05,0.469537239947458,1.99995740577667e-05
"DS02","Bike Sharing Daily - Humidity","mc.svm",45,1e-05,0.469366389453436,1.99995739027261e-05
"DS02","Bike Sharing Daily - Humidity","mc.svm",46,1e-05,0.467752864520637,1.99995724329245e-05
"DS02","Bike Sharing Daily - Humidity","mc.svm",47,1e-05,0.504953480869976,1.99996039317543e-05
"DS02","Bike Sharing Daily - Humidity","mc.svm",48,1e-05,0.503946080819264,1.99996031400203e-05
"DS02","Bike Sharing Daily - Humidity","mc.svm",49,1e-05,0.524793454334728,1.99996189049475e-05
"DS02","Bike Sharing Daily - Humidity","mc.svm",50,1e-05,0.49606656026292,1.9999596836424e-05
"DS02","Bike Sharing Daily - Humidity","mc.svm_UNDERB",1,0.515163695118682,0.709108789995761,0.596774180481898
"DS02","Bike Sharing Daily - Humidity","mc.svm_UNDERB",2,0.496727905488881,0.702158195708872,0.581842711376615
"DS02","Bike Sharing Daily - Humidity","mc.svm_UNDERB",3,0.498147944518841,0.731528118560106,0.592691424286196
"DS02","Bike Sharing Daily - Humidity","mc.svm_UNDERB",4,0.509608003560469,0.680400171779858,0.582747884171083
"DS02","Bike Sharing Daily - Humidity","mc.svm_UNDERB",5,0.554006860713512,0.674235523855688,0.608236795351814
"DS02","Bike Sharing Daily - Humidity","mc.svm_UNDERB",6,0.530590746642689,0.713531786026514,0.60861105423249
"DS02","Bike Sharing Daily - Humidity","mc.svm_UNDERB",7,0.503693910913166,0.689603089667961,0.58216668112549
"DS02","Bike Sharing Daily - Humidity","mc.svm_UNDERB",8,0.449981742192261,0.654389835461955,0.5332688457259
"DS02","Bike Sharing Daily - Humidity","mc.svm_UNDERB",9,0.507340836160347,0.61316903853907,0.555257387273804
"DS02","Bike Sharing Daily - Humidity","mc.svm_UNDERB",10,0.494871924966242,0.676715659527517,0.571681683072609
"DS02","Bike Sharing Daily - Humidity","mc.svm_UNDERB",11,0.485807290383971,0.715138110966538,0.57857635750681
"DS02","Bike Sharing Daily - Humidity","mc.svm_UNDERB",12,0.506027953012743,0.696306459817435,0.586110700602119
"DS02","Bike Sharing Daily - Humidity","mc.svm_UNDERB",13,0.49796942526385,0.693633634420458,0.579737253053949
"DS02","Bike Sharing Daily - Humidity","mc.svm_UNDERB",14,0.534677443945474,0.690143989109848,0.602544034735094
"DS02","Bike Sharing Daily - Humidity","mc.svm_UNDERB",15,0.495379654877121,0.697371916808362,0.57927210941562
"DS02","Bike Sharing Daily - Humidity","mc.svm_UNDERB",16,0.430778436321268,0.634141033594588,0.513042141826206
"DS02","Bike Sharing Daily - Humidity","mc.svm_UNDERB",17,0.478672493377543,0.60137056572623,0.533051984758656
"DS02","Bike Sharing Daily - Humidity","mc.svm_UNDERB",18,0.502518444851689,0.689311028319598,0.581276959108227
"DS02","Bike Sharing Daily - Humidity","mc.svm_UNDERB",19,0.478562734435864,0.64300457291315,0.548728595514108
"DS02","Bike Sharing Daily - Humidity","mc.svm_UNDERB",20,0.478284158108772,0.631651712269953,0.544372004695938
"DS02","Bike Sharing Daily - Humidity","mc.svm_UNDERB",21,0.505387542124129,0.733026225458189,0.598285213059402
"DS02","Bike Sharing Daily - Humidity","mc.svm_UNDERB",22,0.502068213641023,0.616305829747075,0.553352554678855
"DS02","Bike Sharing Daily - Humidity","mc.svm_UNDERB",23,0.507655097929275,0.687635118536209,0.584094922942404
"DS02","Bike Sharing Daily - Humidity","mc.svm_UNDERB",24,0.415051469467412,0.703627002558724,0.522118604535237
"DS02","Bike Sharing Daily - Humidity","mc.svm_UNDERB",25,0.515883424391852,0.635381985026848,0.569430874150988
"DS02","Bike Sharing Daily - Humidity","mc.svm_UNDERB",26,0.501997747455538,0.637742904659389,0.561786580132412
"DS02","Bike Sharing Daily - Humidity","mc.svm_UNDERB",27,0.519157416025816,0.611112269888745,0.561394277650466
"DS02","Bike Sharing Daily - Humidity","mc.svm_UNDERB",28,0.475993122838427,0.660147504735942,0.55314573686907
"DS02","Bike Sharing Daily - Humidity","mc.svm_UNDERB",29,0.522583204394277,0.635667054873884,0.573604752178101
"DS02","Bike Sharing Daily - Humidity","mc.svm_UNDERB",30,0.46751922345516,0.746857918826988,0.575060946198548
"DS02","Bike Sharing Daily - Humidity","mc.svm_UNDERB",31,0.483197313274959,0.643226688603663,0.551844433786363
"DS02","Bike Sharing Daily - Humidity","mc.svm_UNDERB",32,0.456402052461885,0.666811697240973,0.541899041579367
"DS02","Bike Sharing Daily - Humidity","mc.svm_UNDERB",33,0.505263770308086,0.621632414759768,0.557439703477793
"DS02","Bike Sharing Daily - Humidity","mc.svm_UNDERB",34,0.484879600775002,0.644228463450584,0.55330973192554
"DS02","Bike Sharing Daily - Humidity","mc.svm_UNDERB",35,0.497452114237037,0.664546612157768,0.568985334867954
"DS02","Bike Sharing Daily - Humidity","mc.svm_UNDERB",36,0.523533715238711,0.722001868458753,0.606955474497812
"DS02","Bike Sharing Daily - Humidity","mc.svm_UNDERB",37,0.50515467566686,0.644017171201613,0.566196058716142
"DS02","Bike Sharing Daily - Humidity","mc.svm_UNDERB",38,0.568090846433098,0.672631972300236,0.615957183526473
"DS02","Bike Sharing Daily - Humidity","mc.svm_UNDERB",39,0.561337512789352,0.778471297180937,0.652309700437241
"DS02","Bike Sharing Daily - Humidity","mc.svm_UNDERB",40,0.484815915440135,0.656544133195298,0.557760971820381
"DS02","Bike Sharing Daily - Humidity","mc.svm_UNDERB",41,0.528133795139733,0.717723044681769,0.608502972944042
"DS02","Bike Sharing Daily - Humidity","mc.svm_UNDERB",42,0.541292278859913,0.694740671095416,0.608491482508608
"DS02","Bike Sharing Daily - Humidity","mc.svm_UNDERB",43,0.508230173198729,0.762126516969681,0.609806198080472
"DS02","Bike Sharing Daily - Humidity","mc.svm_UNDERB",44,0.431182903731426,0.660367898072557,0.521715246512321
"DS02","Bike Sharing Daily - Humidity","mc.svm_UNDERB",45,0.54215970866759,0.646957605091332,0.589940694056212
"DS02","Bike Sharing Daily - Humidity","mc.svm_UNDERB",46,0.549834456261948,0.630335454087609,0.587339413793789
"DS02","Bike Sharing Daily - Humidity","mc.svm_UNDERB",47,0.453391263545554,0.743586582769187,0.563311445329112
"DS02","Bike Sharing Daily - Humidity","mc.svm_UNDERB",48,0.473319080309751,0.757044400849444,0.582467807360648
"DS02","Bike Sharing Daily - Humidity","mc.svm_UNDERB",49,0.518194320115468,0.821315635348076,0.63545790835443
"DS02","Bike Sharing Daily - Humidity","mc.svm_UNDERB",50,0.516748463897273,0.752346874605256,0.612679095061392
"DS02","Bike Sharing Daily - Humidity","mc.svm_UNDERT",1,0.481512288893696,0.64847794323936,0.552659819292125
"DS02","Bike Sharing Daily - Humidity","mc.svm_UNDERT",2,0.488982168458859,0.700928405946686,0.57607941175823
"DS02","Bike Sharing Daily - Humidity","mc.svm_UNDERT",3,0.477282280657923,0.683510872221981,0.562077105880973
"DS02","Bike Sharing Daily - Humidity","mc.svm_UNDERT",4,0.515468253141296,0.689529279148723,0.5899272711988
"DS02","Bike Sharing Daily - Humidity","mc.svm_UNDERT",5,0.480643106786081,0.70485432401984,0.571546362438235
"DS02","Bike Sharing Daily - Humidity","mc.svm_UNDERT",6,0.551497837924227,0.679590038332003,0.608880071103772
"DS02","Bike Sharing Daily - Humidity","mc.svm_UNDERT",7,0.516796123363791,0.740324674465096,0.60868760178797
"DS02","Bike Sharing Daily - Humidity","mc.svm_UNDERT",8,0.544444584210102,0.588442681385205,0.565589252748632
"DS02","Bike Sharing Daily - Humidity","mc.svm_UNDERT",9,0.505358381187936,0.60406104037855,0.550319029160984
"DS02","Bike Sharing Daily - Humidity","mc.svm_UNDERT",10,0.536447428990991,0.668807225531698,0.595359520547404
"DS02","Bike Sharing Daily - Humidity","mc.svm_UNDERT",11,0.476532985962305,0.685976426722764,0.562387523677639
"DS02","Bike Sharing Daily - Humidity","mc.svm_UNDERT",12,0.528596784340453,0.702225746535482,0.603164570339094
"DS02","Bike Sharing Daily - Humidity","mc.svm_UNDERT",13,0.512437866800775,0.696256331606886,0.59036952404537
"DS02","Bike Sharing Daily - Humidity","mc.svm_UNDERT",14,0.46181970511552,0.688128532593447,0.552705427223428
"DS02","Bike Sharing Daily - Humidity","mc.svm_UNDERT",15,0.468094032871425,0.706346289284081,0.563053697863368
"DS02","Bike Sharing Daily - Humidity","mc.svm_UNDERT",16,0.476452896945917,0.653160465399444,0.550985330527568
"DS02","Bike Sharing Daily - Humidity","mc.svm_UNDERT",17,0.472199620357672,0.602481840994624,0.529443759515625
"DS02","Bike Sharing Daily - Humidity","mc.svm_UNDERT",18,0.407524219007039,0.658238376490009,0.503391808706605
"DS02","Bike Sharing Daily - Humidity","mc.svm_UNDERT",19,0.467601085590729,0.617518672577579,0.532203748934105
"DS02","Bike Sharing Daily - Humidity","mc.svm_UNDERT",20,0.475493500863422,0.648155375980739,0.548558673763125
"DS02","Bike Sharing Daily - Humidity","mc.svm_UNDERT",21,0.549671915946996,0.675852365810452,0.606266347133653
"DS02","Bike Sharing Daily - Humidity","mc.svm_UNDERT",22,0.520004666988125,0.65464373377272,0.579607985769784
"DS02","Bike Sharing Daily - Humidity","mc.svm_UNDERT",23,0.518257411305123,0.73477816954744,0.60781072437556
"DS02","Bike Sharing Daily - Humidity","mc.svm_UNDERT",24,0.504161808221835,0.657699230166455,0.570785700167379
"DS02","Bike Sharing Daily - Humidity","mc.svm_UNDERT",25,0.530631279426995,0.665265687516908,0.590369894202659
"DS02","Bike Sharing Daily - Humidity","mc.svm_UNDERT",26,0.512841000086888,0.644584923210293,0.571215090324566
"DS02","Bike Sharing Daily - Humidity","mc.svm_UNDERT",27,0.499611421428151,0.59449761982812,0.542940035550642
"DS02","Bike Sharing Daily - Humidity","mc.svm_UNDERT",28,0.516129515084027,0.599122063178533,0.554537802898636
"DS02","Bike Sharing Daily - Humidity","mc.svm_UNDERT",29,0.523580456292863,0.664718043541517,0.585767593903508
"DS02","Bike Sharing Daily - Humidity","mc.svm_UNDERT",30,0.477694537261617,0.682606867609002,0.562056669733058
"DS02","Bike Sharing Daily - Humidity","mc.svm_UNDERT",31,0.469840921374642,0.629121478874002,0.537938359353989
"DS02","Bike Sharing Daily - Humidity","mc.svm_UNDERT",32,0.485120880372266,0.763862025577214,0.593387494041411
"DS02","Bike Sharing Daily - Humidity","mc.svm_UNDERT",33,0.469380700539292,0.621025298151208,0.534658264626028
"DS02","Bike Sharing Daily - Humidity","mc.svm_UNDERT",34,0.487505595151863,0.62764469648355,0.548769620737651
"DS02","Bike Sharing Daily - Humidity","mc.svm_UNDERT",35,0.484365286669844,0.580986100544309,0.528294237035186
"DS02","Bike Sharing Daily - Humidity","mc.svm_UNDERT",36,0.476705286798293,0.728388227639042,0.576264853801477
"DS02","Bike Sharing Daily - Humidity","mc.svm_UNDERT",37,0.496941055690124,0.703557931294978,0.582469164751116
"DS02","Bike Sharing Daily - Humidity","mc.svm_UNDERT",38,0.5086308258634,0.675277091759632,0.580225437731551
"DS02","Bike Sharing Daily - Humidity","mc.svm_UNDERT",39,0.507729587363552,0.710296625340372,0.592168885576281
"DS02","Bike Sharing Daily - Humidity","mc.svm_UNDERT",40,0.505476753448372,0.656657763917645,0.57123375938281
"DS02","Bike Sharing Daily - Humidity","mc.svm_UNDERT",41,0.5128296583861,0.634039782200463,0.567029503799075
"DS02","Bike Sharing Daily - Humidity","mc.svm_UNDERT",42,0.47643818011593,0.664242048332241,0.554879912478942
"DS02","Bike Sharing Daily - Humidity","mc.svm_UNDERT",43,0.49149338555142,0.676480648778666,0.569337595795015
"DS02","Bike Sharing Daily - Humidity","mc.svm_UNDERT",44,0.660921917078337,0.661721426148241,0.661321429970386
"DS02","Bike Sharing Daily - Humidity","mc.svm_UNDERT",45,0.582577175065017,0.657429110925613,0.617743955939016
"DS02","Bike Sharing Daily - Humidity","mc.svm_UNDERT",46,0.496787764718171,0.637309724515482,0.558342958133418
"DS02","Bike Sharing Daily - Humidity","mc.svm_UNDERT",47,0.487382992357469,0.676463524658145,0.566564082202162
"DS02","Bike Sharing Daily - Humidity","mc.svm_UNDERT",48,0.56176226287075,0.818027718143021,0.666097171828113
"DS02","Bike Sharing Daily - Humidity","mc.svm_UNDERT",49,0.457507328762285,0.760776597942693,0.571395323339774
"DS02","Bike Sharing Daily - Humidity","mc.svm_UNDERT",50,0.605075967466943,0.725802005649521,0.659963361974435
"DS02","Bike Sharing Daily - Humidity","mc.svm_UNDERTPhi",1,0.482901519578378,0.681004332155001,0.565093862785117
"DS02","Bike Sharing Daily - Humidity","mc.svm_UNDERTPhi",2,0.454035711042939,0.687371509497906,0.546853404199876
"DS02","Bike Sharing Daily - Humidity","mc.svm_UNDERTPhi",3,0.496132067336279,0.736062818658835,0.592738002829245
"DS02","Bike Sharing Daily - Humidity","mc.svm_UNDERTPhi",4,0.477896261613544,0.681409274711496,0.56178968323691
"DS02","Bike Sharing Daily - Humidity","mc.svm_UNDERTPhi",5,0.502271165844543,0.717962121271391,0.591053654232825
"DS02","Bike Sharing Daily - Humidity","mc.svm_UNDERTPhi",6,0.493399612421322,0.713710482695318,0.583450468963028
"DS02","Bike Sharing Daily - Humidity","mc.svm_UNDERTPhi",7,0.512514259473405,0.674545023505941,0.582471234858509
"DS02","Bike Sharing Daily - Humidity","mc.svm_UNDERTPhi",8,0.436356519172738,0.614117704685217,0.510196743323477
"DS02","Bike Sharing Daily - Humidity","mc.svm_UNDERTPhi",9,0.483625329589383,0.691975090174577,0.56933746437504
"DS02","Bike Sharing Daily - Humidity","mc.svm_UNDERTPhi",10,0.441210436111922,0.621084319357241,0.515918735351111
"DS02","Bike Sharing Daily - Humidity","mc.svm_UNDERTPhi",11,0.501582657997324,0.692218782300765,0.581679540703842
"DS02","Bike Sharing Daily - Humidity","mc.svm_UNDERTPhi",12,0.416694005550759,0.663397585210539,0.51187102912122
"DS02","Bike Sharing Daily - Humidity","mc.svm_UNDERTPhi",13,0.529015065215299,0.70627544899599,0.604927097572888
"DS02","Bike Sharing Daily - Humidity","mc.svm_UNDERTPhi",14,0.46723482136137,0.67373003810073,0.551796370216326
"DS02","Bike Sharing Daily - Humidity","mc.svm_UNDERTPhi",15,0.430972409407524,0.625902186312578,0.510460889836749
"DS02","Bike Sharing Daily - Humidity","mc.svm_UNDERTPhi",16,0.431372025371576,0.724033166162996,0.540637441500679
"DS02","Bike Sharing Daily - Humidity","mc.svm_UNDERTPhi",17,0.449142188127986,0.626548589364857,0.523216170081382
"DS02","Bike Sharing Daily - Humidity","mc.svm_UNDERTPhi",18,0.435063112825483,0.646160684686729,0.52000460868894
"DS02","Bike Sharing Daily - Humidity","mc.svm_UNDERTPhi",19,0.520330726824955,0.719731986837894,0.603999561803372
"DS02","Bike Sharing Daily - Humidity","mc.svm_UNDERTPhi",20,0.459498466524849,0.753611477749098,0.570901788441753
"DS02","Bike Sharing Daily - Humidity","mc.svm_UNDERTPhi",21,0.54145523501159,0.732808332610711,0.622764266410844
"DS02","Bike Sharing Daily - Humidity","mc.svm_UNDERTPhi",22,0.473283053269989,0.630135570289132,0.540560908277052
"DS02","Bike Sharing Daily - Humidity","mc.svm_UNDERTPhi",23,0.488643574814907,0.66136680318572,0.5620343001329
"DS02","Bike Sharing Daily - Humidity","mc.svm_UNDERTPhi",24,0.487313008925331,0.659082621500269,0.560329308468235
"DS02","Bike Sharing Daily - Humidity","mc.svm_UNDERTPhi",25,0.489913055810029,0.598878591146761,0.538943224753741
"DS02","Bike Sharing Daily - Humidity","mc.svm_UNDERTPhi",26,0.532977744172952,0.720712316426044,0.612788817074751
"DS02","Bike Sharing Daily - Humidity","mc.svm_UNDERTPhi",27,0.421202376682801,0.609154363451234,0.49803578830179
"DS02","Bike Sharing Daily - Humidity","mc.svm_UNDERTPhi",28,0.555060334042712,0.578126113721476,0.566358474254952
"DS02","Bike Sharing Daily - Humidity","mc.svm_UNDERTPhi",29,0.491907548604926,0.630787866428141,0.552757780800698
"DS02","Bike Sharing Daily - Humidity","mc.svm_UNDERTPhi",30,0.47553831668961,0.706135729687796,0.568337093091875
"DS02","Bike Sharing Daily - Humidity","mc.svm_UNDERTPhi",31,0.487129303848579,0.620964055728646,0.545964445265687
"DS02","Bike Sharing Daily - Humidity","mc.svm_UNDERTPhi",32,0.521582433546905,0.720113089923724,0.604976551452119
"DS02","Bike Sharing Daily - Humidity","mc.svm_UNDERTPhi",33,0.478582661341903,0.712416165457495,0.57254468564656
"DS02","Bike Sharing Daily - Humidity","mc.svm_UNDERTPhi",34,0.502636780392249,0.682362602224066,0.578870413729208
"DS02","Bike Sharing Daily - Humidity","mc.svm_UNDERTPhi",35,0.505655213833671,0.632975476034488,0.562196948551859
"DS02","Bike Sharing Daily - Humidity","mc.svm_UNDERTPhi",36,0.504999423216336,0.68647903264007,0.581918227441493
"DS02","Bike Sharing Daily - Humidity","mc.svm_UNDERTPhi",37,0.550122101638523,0.772170528288003,0.642502369341238
"DS02","Bike Sharing Daily - Humidity","mc.svm_UNDERTPhi",38,0.521930707661533,0.751299697276849,0.615955103090047
"DS02","Bike Sharing Daily - Humidity","mc.svm_UNDERTPhi",39,0.485959492206349,0.674014737839082,0.564743338698218
"DS02","Bike Sharing Daily - Humidity","mc.svm_UNDERTPhi",40,0.508437697756693,0.707310459485116,0.591608219971685
"DS02","Bike Sharing Daily - Humidity","mc.svm_UNDERTPhi",41,0.47852568585601,0.803040943038359,0.59969682320678
"DS02","Bike Sharing Daily - Humidity","mc.svm_UNDERTPhi",42,0.52369501418425,0.740194142738738,0.61340186353744
"DS02","Bike Sharing Daily - Humidity","mc.svm_UNDERTPhi",43,0.368445703070639,0.567607533311763,0.446839022719446
"DS02","Bike Sharing Daily - Humidity","mc.svm_UNDERTPhi",44,0.520108611033259,0.633072725133384,0.571057760693038
"DS02","Bike Sharing Daily - Humidity","mc.svm_UNDERTPhi",45,0.484353593012603,0.646693140837235,0.553873039843295
"DS02","Bike Sharing Daily - Humidity","mc.svm_UNDERTPhi",46,0.50427236281513,0.625692014012119,0.558458650150324
"DS02","Bike Sharing Daily - Humidity","mc.svm_UNDERTPhi",47,0.550348709539072,0.75516371230896,0.636690034663415
"DS02","Bike Sharing Daily - Humidity","mc.svm_UNDERTPhi",48,0.483530726590952,0.757549404296551,0.59028970776627
"DS02","Bike Sharing Daily - Humidity","mc.svm_UNDERTPhi",49,0.532575799178511,0.781552640786868,0.633478447933305
"DS02","Bike Sharing Daily - Humidity","mc.svm_UNDERTPhi",50,0.484650776757618,0.627057694823021,0.546733260808428
"DS02","Bike Sharing Daily - Humidity","mc.svm_OVERB",1,0.512316633774364,0.690558478842497,0.588231632019176
"DS02","Bike Sharing Daily - Humidity","mc.svm_OVERB",2,0.518981685023394,0.697578283702566,0.595170583314229
"DS02","Bike Sharing Daily - Humidity","mc.svm_OVERB",3,0.49514246354021,0.696647860087523,0.578860107898471
"DS02","Bike Sharing Daily - Humidity","mc.svm_OVERB",4,0.490477654242115,0.668358452396064,0.565765743829149
"DS02","Bike Sharing Daily - Humidity","mc.svm_OVERB",5,0.468540000503678,0.672438803300496,0.552270517535717
"DS02","Bike Sharing Daily - Humidity","mc.svm_OVERB",6,0.492476552965753,0.620723123271724,0.549212491919162
"DS02","Bike Sharing Daily - Humidity","mc.svm_OVERB",7,0.516386522094934,0.638917169952543,0.57115409146459
"DS02","Bike Sharing Daily - Humidity","mc.svm_OVERB",8,0.515535710516629,0.638525112869412,0.570476860621633
"DS02","Bike Sharing Daily - Humidity","mc.svm_OVERB",9,0.479263645627534,0.624570852317322,0.542353231741901
"DS02","Bike Sharing Daily - Humidity","mc.svm_OVERB",10,0.504662937281023,0.654965648233871,0.570073714954363
"DS02","Bike Sharing Daily - Humidity","mc.svm_OVERB",11,0.516341988783873,0.633952830645109,0.569134903229338
"DS02","Bike Sharing Daily - Humidity","mc.svm_OVERB",12,0.447445807255341,0.618596207506478,0.519282121342413
"DS02","Bike Sharing Daily - Humidity","mc.svm_OVERB",13,0.491720065887754,0.67474726376712,0.568874516348978
"DS02","Bike Sharing Daily - Humidity","mc.svm_OVERB",14,0.479735876031162,0.666611153105698,0.557941491326751
"DS02","Bike Sharing Daily - Humidity","mc.svm_OVERB",15,0.420806094111428,0.613891081234185,0.499332779211871
"DS02","Bike Sharing Daily - Humidity","mc.svm_OVERB",16,0.418063120286695,0.609852046931649,0.496065546621741
"DS02","Bike Sharing Daily - Humidity","mc.svm_OVERB",17,0.491979841429721,0.631586626515059,0.553109935597121
"DS02","Bike Sharing Daily - Humidity","mc.svm_OVERB",18,0.477337180882757,0.687851032638363,0.56357740144775
"DS02","Bike Sharing Daily - Humidity","mc.svm_OVERB",19,0.428516450975949,0.703430380080019,0.532589485142785
"DS02","Bike Sharing Daily - Humidity","mc.svm_OVERB",20,0.470049943330847,0.679526350404828,0.55570269540205
"DS02","Bike Sharing Daily - Humidity","mc.svm_OVERB",21,0.537090306131019,0.708671491595424,0.611064794348257
"DS02","Bike Sharing Daily - Humidity","mc.svm_OVERB",22,0.528534860099194,0.672100670216361,0.591734335251626
"DS02","Bike Sharing Daily - Humidity","mc.svm_OVERB",23,0.502797334963915,0.683191076259438,0.579274888630733
"DS02","Bike Sharing Daily - Humidity","mc.svm_OVERB",24,0.500080080784409,0.663488101308956,0.570309825256898
"DS02","Bike Sharing Daily - Humidity","mc.svm_OVERB",25,0.503468964069401,0.689818480102071,0.582093102997591
"DS02","Bike Sharing Daily - Humidity","mc.svm_OVERB",26,0.476212909978547,0.686552440814544,0.562357891848373
"DS02","Bike Sharing Daily - Humidity","mc.svm_OVERB",27,0.484433039994932,0.646709432485604,0.55393095740694
"DS02","Bike Sharing Daily - Humidity","mc.svm_OVERB",28,0.435307037113943,0.635332995275454,0.516634751900434
"DS02","Bike Sharing Daily - Humidity","mc.svm_OVERB",29,0.455272308221926,0.638826498665288,0.531652192233234
"DS02","Bike Sharing Daily - Humidity","mc.svm_OVERB",30,0.498933438955255,0.675741879516951,0.574031333580722
"DS02","Bike Sharing Daily - Humidity","mc.svm_OVERB",31,0.47941805642506,0.710537309531529,0.572533097792718
"DS02","Bike Sharing Daily - Humidity","mc.svm_OVERB",32,0.461636217894771,0.702615106862464,0.557186534677727
"DS02","Bike Sharing Daily - Humidity","mc.svm_OVERB",33,0.513761564934496,0.683072026731745,0.586441015459974
"DS02","Bike Sharing Daily - Humidity","mc.svm_OVERB",34,0.500268878271166,0.673386153184407,0.574059883812888
"DS02","Bike Sharing Daily - Humidity","mc.svm_OVERB",35,0.487118477916782,0.659880636077239,0.560488752137568
"DS02","Bike Sharing Daily - Humidity","mc.svm_OVERB",36,0.525283891766628,0.696030590382016,0.598721562134053
"DS02","Bike Sharing Daily - Humidity","mc.svm_OVERB",37,0.507105083908702,0.707641899872596,0.590820656158654
"DS02","Bike Sharing Daily - Humidity","mc.svm_OVERB",38,0.504292068701357,0.692823525747037,0.583712067012093
"DS02","Bike Sharing Daily - Humidity","mc.svm_OVERB",39,0.510781068892973,0.693784886209703,0.588381539854786
"DS02","Bike Sharing Daily - Humidity","mc.svm_OVERB",40,0.522480344454774,0.690504411986642,0.59485493301786
"DS02","Bike Sharing Daily - Humidity","mc.svm_OVERB",41,0.47501367385417,0.709840656611873,0.569156915712392
"DS02","Bike Sharing Daily - Humidity","mc.svm_OVERB",42,0.525853913159903,0.740750448521737,0.615072131147478
"DS02","Bike Sharing Daily - Humidity","mc.svm_OVERB",43,0.526976781531258,0.718966834400074,0.608179733938698
"DS02","Bike Sharing Daily - Humidity","mc.svm_OVERB",44,0.491893689765212,0.658475678450997,0.563123532394051
"DS02","Bike Sharing Daily - Humidity","mc.svm_OVERB",45,0.46980005744108,0.638689402556524,0.541378747992268
"DS02","Bike Sharing Daily - Humidity","mc.svm_OVERB",46,0.503952265264862,0.644636917643278,0.565678729617063
"DS02","Bike Sharing Daily - Humidity","mc.svm_OVERB",47,0.495750721516269,0.726919800478204,0.58948180902191
"DS02","Bike Sharing Daily - Humidity","mc.svm_OVERB",48,0.500277966138899,0.703416645778432,0.584706196096936
"DS02","Bike Sharing Daily - Humidity","mc.svm_OVERB",49,0.484758347180491,0.730538146622669,0.582795171902245
"DS02","Bike Sharing Daily - Humidity","mc.svm_OVERB",50,0.475512232710519,0.696228459177891,0.565082618350873
"DS02","Bike Sharing Daily - Humidity","mc.svm_OVERT",1,0.51236111923176,0.717580225377888,0.59784998532573
"DS02","Bike Sharing Daily - Humidity","mc.svm_OVERT",2,0.518608238955754,0.709905470469332,0.599362991296935
"DS02","Bike Sharing Daily - Humidity","mc.svm_OVERT",3,0.525930927701009,0.707808986138751,0.603463716362205
"DS02","Bike Sharing Daily - Humidity","mc.svm_OVERT",4,0.514009445782962,0.695616696055991,0.591180266447514
"DS02","Bike Sharing Daily - Humidity","mc.svm_OVERT",5,0.456896752092513,0.666447215518135,0.542127036759722
"DS02","Bike Sharing Daily - Humidity","mc.svm_OVERT",6,0.503114477669628,0.604424958523693,0.549136107231228
"DS02","Bike Sharing Daily - Humidity","mc.svm_OVERT",7,0.489843327891715,0.62986390417039,0.551098755287095
"DS02","Bike Sharing Daily - Humidity","mc.svm_OVERT",8,0.459831863015078,0.627651426902175,0.530792753566742
"DS02","Bike Sharing Daily - Humidity","mc.svm_OVERT",9,0.460323551329677,0.605990127637894,0.523207257164865
"DS02","Bike Sharing Daily - Humidity","mc.svm_OVERT",10,0.462013873455851,0.628743642527058,0.532635863495106
"DS02","Bike Sharing Daily - Humidity","mc.svm_OVERT",11,0.473158648752626,0.601271505913527,0.529577119621889
"DS02","Bike Sharing Daily - Humidity","mc.svm_OVERT",12,0.481552530599838,0.602124796802422,0.535131099092357
"DS02","Bike Sharing Daily - Humidity","mc.svm_OVERT",13,0.456395106691545,0.61881895795991,0.525339006670111
"DS02","Bike Sharing Daily - Humidity","mc.svm_OVERT",14,0.422147763036506,0.605686687832453,0.497530084058369
"DS02","Bike Sharing Daily - Humidity","mc.svm_OVERT",15,0.444786913277802,0.612725546959444,0.515421453582501
"DS02","Bike Sharing Daily - Humidity","mc.svm_OVERT",16,0.443726413551029,0.590686313109683,0.506767004106688
"DS02","Bike Sharing Daily - Humidity","mc.svm_OVERT",17,0.454215352993283,0.621671194925923,0.52491148215423
"DS02","Bike Sharing Daily - Humidity","mc.svm_OVERT",18,0.472719335054148,0.653656055193296,0.548655196909463
"DS02","Bike Sharing Daily - Humidity","mc.svm_OVERT",19,0.484399750510115,0.651151831776466,0.555532288936782
"DS02","Bike Sharing Daily - Humidity","mc.svm_OVERT",20,0.486908921339727,0.633950261729005,0.550784688717814
"DS02","Bike Sharing Daily - Humidity","mc.svm_OVERT",21,0.528543819789841,0.725657869098608,0.611611330764278
"DS02","Bike Sharing Daily - Humidity","mc.svm_OVERT",22,0.537251564590432,0.684431882934553,0.601976069508209
"DS02","Bike Sharing Daily - Humidity","mc.svm_OVERT",23,0.515477219537351,0.684661018141615,0.588144176857164
"DS02","Bike Sharing Daily - Humidity","mc.svm_OVERT",24,0.549651485013241,0.698016325697314,0.615012596605365
"DS02","Bike Sharing Daily - Humidity","mc.svm_OVERT",25,0.512325683849278,0.663998577872084,0.578383931290271
"DS02","Bike Sharing Daily - Humidity","mc.svm_OVERT",26,0.503707839201194,0.678632658340823,0.57823036706407
"DS02","Bike Sharing Daily - Humidity","mc.svm_OVERT",27,0.439699295098187,0.667581369421378,0.530190884679854
"DS02","Bike Sharing Daily - Humidity","mc.svm_OVERT",28,0.436491664660268,0.651232964046018,0.522664933855872
"DS02","Bike Sharing Daily - Humidity","mc.svm_OVERT",29,0.470701932047091,0.643300223028181,0.543630290993879
"DS02","Bike Sharing Daily - Humidity","mc.svm_OVERT",30,0.487215117812495,0.688082881896801,0.570484051621005
"DS02","Bike Sharing Daily - Humidity","mc.svm_OVERT",31,0.457840836258404,0.696949601130864,0.552640510139855
"DS02","Bike Sharing Daily - Humidity","mc.svm_OVERT",32,0.475213619869417,0.694493378811932,0.564299799680805
"DS02","Bike Sharing Daily - Humidity","mc.svm_OVERT",33,0.463660237228321,0.675335887380932,0.549828732488908
"DS02","Bike Sharing Daily - Humidity","mc.svm_OVERT",34,0.500978873506416,0.626812058999215,0.55687555231536
"DS02","Bike Sharing Daily - Humidity","mc.svm_OVERT",35,0.472388320698427,0.623652340076061,0.537582394835606
"DS02","Bike Sharing Daily - Humidity","mc.svm_OVERT",36,0.490781148958105,0.704049237624749,0.578381831671958
"DS02","Bike Sharing Daily - Humidity","mc.svm_OVERT",37,0.493202096135511,0.70780493297298,0.581330280567065
"DS02","Bike Sharing Daily - Humidity","mc.svm_OVERT",38,0.487376299445661,0.709363580032232,0.57778135838252
"DS02","Bike Sharing Daily - Humidity","mc.svm_OVERT",39,0.496317354996697,0.714943268480822,0.585899921300762
"DS02","Bike Sharing Daily - Humidity","mc.svm_OVERT",40,0.519870681387018,0.687061317185836,0.591885931506359
"DS02","Bike Sharing Daily - Humidity","mc.svm_OVERT",41,0.507469550151955,0.717168321409897,0.594365230572133
"DS02","Bike Sharing Daily - Humidity","mc.svm_OVERT",42,0.505832917133505,0.706163696033517,0.589441981038254
"DS02","Bike Sharing Daily - Humidity","mc.svm_OVERT",43,0.48169825674794,0.703230424970746,0.571755709903463
"DS02","Bike Sharing Daily - Humidity","mc.svm_OVERT",44,0.477482441259753,0.615391244568941,0.537735545464884
"DS02","Bike Sharing Daily - Humidity","mc.svm_OVERT",45,0.525748476388086,0.638932334532911,0.576840793195737
"DS02","Bike Sharing Daily - Humidity","mc.svm_OVERT",46,0.473502325899123,0.60069121201696,0.52956692811424
"DS02","Bike Sharing Daily - Humidity","mc.svm_OVERT",47,0.504693058974846,0.702637732540133,0.587438652404203
"DS02","Bike Sharing Daily - Humidity","mc.svm_OVERT",48,0.527027333640551,0.675143729871932,0.591961012168958
"DS02","Bike Sharing Daily - Humidity","mc.svm_OVERT",49,0.483543753281047,0.722154940247987,0.579238431843839
"DS02","Bike Sharing Daily - Humidity","mc.svm_OVERT",50,0.478903040417368,0.707983306796093,0.571335846916457
"DS02","Bike Sharing Daily - Humidity","mc.svm_OVERTPhi",1,0.505085117946933,0.715130966518591,0.592029580940592
"DS02","Bike Sharing Daily - Humidity","mc.svm_OVERTPhi",2,0.519908659545737,0.710935359298511,0.60059836017829
"DS02","Bike Sharing Daily - Humidity","mc.svm_OVERTPhi",3,0.522881532350458,0.70713277130779,0.601207101310872
"DS02","Bike Sharing Daily - Humidity","mc.svm_OVERTPhi",4,0.494335025582312,0.692098483611894,0.576734421188305
"DS02","Bike Sharing Daily - Humidity","mc.svm_OVERTPhi",5,0.48296126902892,0.668226736122816,0.56068623201888
"DS02","Bike Sharing Daily - Humidity","mc.svm_OVERTPhi",6,0.455492185038262,0.621303383888169,0.525631501587695
"DS02","Bike Sharing Daily - Humidity","mc.svm_OVERTPhi",7,0.485850013630637,0.628416509273871,0.548012819770577
"DS02","Bike Sharing Daily - Humidity","mc.svm_OVERTPhi",8,0.453400471216659,0.62155472496178,0.524325490376683
"DS02","Bike Sharing Daily - Humidity","mc.svm_OVERTPhi",9,0.461580168751185,0.607309289670849,0.52451059780169
"DS02","Bike Sharing Daily - Humidity","mc.svm_OVERTPhi",10,0.461804024270095,0.629382505116573,0.532725369752128
"DS02","Bike Sharing Daily - Humidity","mc.svm_OVERTPhi",11,0.472191229657226,0.605484045436978,0.530594442612087
"DS02","Bike Sharing Daily - Humidity","mc.svm_OVERTPhi",12,0.484711012802472,0.602962011714336,0.53740843211462
"DS02","Bike Sharing Daily - Humidity","mc.svm_OVERTPhi",13,0.45884000297601,0.619997799814981,0.527381950421586
"DS02","Bike Sharing Daily - Humidity","mc.svm_OVERTPhi",14,0.422884142291918,0.612109741949715,0.500199097123361
"DS02","Bike Sharing Daily - Humidity","mc.svm_OVERTPhi",15,0.436403607992454,0.60814176036207,0.50815458367494
"DS02","Bike Sharing Daily - Humidity","mc.svm_OVERTPhi",16,0.436573653784753,0.602705792371411,0.50636134661569
"DS02","Bike Sharing Daily - Humidity","mc.svm_OVERTPhi",17,0.460888334555887,0.629500143731078,0.532157627532364
"DS02","Bike Sharing Daily - Humidity","mc.svm_OVERTPhi",18,0.460061570506964,0.65743030149611,0.541316540339606
"DS02","Bike Sharing Daily - Humidity","mc.svm_OVERTPhi",19,0.484087884867971,0.656219446937754,0.557161872447643
"DS02","Bike Sharing Daily - Humidity","mc.svm_OVERTPhi",20,0.48399964612543,0.635521496994115,0.54950669139334
"DS02","Bike Sharing Daily - Humidity","mc.svm_OVERTPhi",21,0.52695502969501,0.726054011016205,0.610686436417188
"DS02","Bike Sharing Daily - Humidity","mc.svm_OVERTPhi",22,0.55678707546624,0.68020946462587,0.612340982756983
"DS02","Bike Sharing Daily - Humidity","mc.svm_OVERTPhi",23,0.514324265688003,0.686032949019733,0.587897316597143
"DS02","Bike Sharing Daily - Humidity","mc.svm_OVERTPhi",24,0.525193572782632,0.696734751964028,0.59892320401309
"DS02","Bike Sharing Daily - Humidity","mc.svm_OVERTPhi",25,0.500838204578766,0.671020770218226,0.573572153337609
"DS02","Bike Sharing Daily - Humidity","mc.svm_OVERTPhi",26,0.502247812245177,0.682079025674058,0.578510403471038
"DS02","Bike Sharing Daily - Humidity","mc.svm_OVERTPhi",27,0.441621424531318,0.661378374505923,0.529608183353171
"DS02","Bike Sharing Daily - Humidity","mc.svm_OVERTPhi",28,0.435396989535485,0.649904626870021,0.521452311038785
"DS02","Bike Sharing Daily - Humidity","mc.svm_OVERTPhi",29,0.475595514280951,0.647483508917309,0.548385725405185
"DS02","Bike Sharing Daily - Humidity","mc.svm_OVERTPhi",30,0.485475010433386,0.692256709021537,0.57071288389915
"DS02","Bike Sharing Daily - Humidity","mc.svm_OVERTPhi",31,0.466501084330706,0.700058395235472,0.559899441378866
"DS02","Bike Sharing Daily - Humidity","mc.svm_OVERTPhi",32,0.472487225148919,0.700182016835937,0.564229104660456
"DS02","Bike Sharing Daily - Humidity","mc.svm_OVERTPhi",33,0.460817652154129,0.675673363763485,0.547936074727656
"DS02","Bike Sharing Daily - Humidity","mc.svm_OVERTPhi",34,0.495780427670494,0.635892379895201,0.557162801737727
"DS02","Bike Sharing Daily - Humidity","mc.svm_OVERTPhi",35,0.475069466287161,0.624632192859372,0.539680339698279
"DS02","Bike Sharing Daily - Humidity","mc.svm_OVERTPhi",36,0.487033957616736,0.705769626881449,0.576345978521465
"DS02","Bike Sharing Daily - Humidity","mc.svm_OVERTPhi",37,0.486604098338217,0.707480000714409,0.576613771363492
"DS02","Bike Sharing Daily - Humidity","mc.svm_OVERTPhi",38,0.496762914866409,0.715740833361026,0.58647819141033
"DS02","Bike Sharing Daily - Humidity","mc.svm_OVERTPhi",39,0.484319351167716,0.716360074812316,0.57791786738141
"DS02","Bike Sharing Daily - Humidity","mc.svm_OVERTPhi",40,0.525035128878236,0.684926802684473,0.594416440284448
"DS02","Bike Sharing Daily - Humidity","mc.svm_OVERTPhi",41,0.508471352485426,0.714984842604255,0.594298858242189
"DS02","Bike Sharing Daily - Humidity","mc.svm_OVERTPhi",42,0.517553508479535,0.70574158201113,0.597172398857993
"DS02","Bike Sharing Daily - Humidity","mc.svm_OVERTPhi",43,0.485106527434572,0.699939974100052,0.573050002356216
"DS02","Bike Sharing Daily - Humidity","mc.svm_OVERTPhi",44,0.470765694108614,0.626093150718547,0.537431371529142
"DS02","Bike Sharing Daily - Humidity","mc.svm_OVERTPhi",45,0.512236428578386,0.626950442300622,0.563817690791871
"DS02","Bike Sharing Daily - Humidity","mc.svm_OVERTPhi",46,0.471938760270257,0.603088455787034,0.529513697711386
"DS02","Bike Sharing Daily - Humidity","mc.svm_OVERTPhi",47,0.507358670342973,0.706133848745395,0.590466154423059
"DS02","Bike Sharing Daily - Humidity","mc.svm_OVERTPhi",48,0.544759808671972,0.675113315930598,0.602971888470898
"DS02","Bike Sharing Daily - Humidity","mc.svm_OVERTPhi",49,0.484254597909179,0.721170251153925,0.579430580459726
"DS02","Bike Sharing Daily - Humidity","mc.svm_OVERTPhi",50,0.470709801692987,0.709346561095869,0.565899036069656
"DS02","Bike Sharing Daily - Humidity","mc.svm_SMOTEB",1,0.456792173245612,0.777252963478613,0.575413426597102
"DS02","Bike Sharing Daily - Humidity","mc.svm_SMOTEB",2,0.50178862197108,0.75422279078006,0.60263849675655
"DS02","Bike Sharing Daily - Humidity","mc.svm_SMOTEB",3,0.460391459566928,0.737107078205475,0.566777817070923
"DS02","Bike Sharing Daily - Humidity","mc.svm_SMOTEB",4,0.457033303027828,0.72201655908699,0.55974835915494
"DS02","Bike Sharing Daily - Humidity","mc.svm_SMOTEB",5,0.466060399064481,0.716005767769838,0.564607875975277
"DS02","Bike Sharing Daily - Humidity","mc.svm_SMOTEB",6,0.47710090453707,0.723918665323724,0.575148413405536
"DS02","Bike Sharing Daily - Humidity","mc.svm_SMOTEB",7,0.475577866765212,0.737202308954823,0.578170897720969
"DS02","Bike Sharing Daily - Humidity","mc.svm_SMOTEB",8,0.514505138310861,0.69909550292678,0.592762093564866
"DS02","Bike Sharing Daily - Humidity","mc.svm_SMOTEB",9,0.471328150056021,0.656799694759618,0.548817559128682
"DS02","Bike Sharing Daily - Humidity","mc.svm_SMOTEB",10,0.482010586398463,0.710191133508767,0.574264638276461
"DS02","Bike Sharing Daily - Humidity","mc.svm_SMOTEB",11,0.466904781942503,0.659360952869776,0.546689422230139
"DS02","Bike Sharing Daily - Humidity","mc.svm_SMOTEB",12,0.449601631248502,0.59525497641883,0.512276242391154
"DS02","Bike Sharing Daily - Humidity","mc.svm_SMOTEB",13,0.480522704866478,0.658901717325236,0.555749428016064
"DS02","Bike Sharing Daily - Humidity","mc.svm_SMOTEB",14,0.475154959614972,0.68277253443817,0.560350726091822
"DS02","Bike Sharing Daily - Humidity","mc.svm_SMOTEB",15,0.443946536121153,0.652510357201053,0.528392341964069
"DS02","Bike Sharing Daily - Humidity","mc.svm_SMOTEB",16,0.445831373678226,0.633236366833811,0.523260271231095
"DS02","Bike Sharing Daily - Humidity","mc.svm_SMOTEB",17,0.479792647902916,0.640596475448197,0.548654878535885
"DS02","Bike Sharing Daily - Humidity","mc.svm_SMOTEB",18,0.410180083053268,0.658154098235491,0.505388121814881
"DS02","Bike Sharing Daily - Humidity","mc.svm_SMOTEB",19,0.433284889583065,0.700533421177317,0.535413025461727
"DS02","Bike Sharing Daily - Humidity","mc.svm_SMOTEB",20,0.444905133804032,0.715620489944617,0.548687979509315
"DS02","Bike Sharing Daily - Humidity","mc.svm_SMOTEB",21,0.478783985045685,0.795393727074522,0.59775300526235
"DS02","Bike Sharing Daily - Humidity","mc.svm_SMOTEB",22,0.437719070300868,0.71781155520778,0.543819089967371
"DS02","Bike Sharing Daily - Humidity","mc.svm_SMOTEB",23,0.407405913314506,0.656149137850674,0.502689613450131
"DS02","Bike Sharing Daily - Humidity","mc.svm_SMOTEB",24,0.485422123433515,0.745379026485833,0.587947890401742
"DS02","Bike Sharing Daily - Humidity","mc.svm_SMOTEB",25,0.455781211277459,0.75128626508746,0.567362091386779
"DS02","Bike Sharing Daily - Humidity","mc.svm_SMOTEB",26,0.45752784014138,0.773064223980019,0.574842655012047
"DS02","Bike Sharing Daily - Humidity","mc.svm_SMOTEB",27,0.395366149166107,0.665473675850085,0.496032970082446
"DS02","Bike Sharing Daily - Humidity","mc.svm_SMOTEB",28,0.425568728717516,0.70205430150823,0.52991531491461
"DS02","Bike Sharing Daily - Humidity","mc.svm_SMOTEB",29,0.421988437564894,0.688555985310943,0.523279678745111
"DS02","Bike Sharing Daily - Humidity","mc.svm_SMOTEB",30,0.430697131199381,0.67703183689555,0.526474757418407
"DS02","Bike Sharing Daily - Humidity","mc.svm_SMOTEB",31,0.4169688979804,0.698424059413713,0.522185671778154
"DS02","Bike Sharing Daily - Humidity","mc.svm_SMOTEB",32,0.427580887851128,0.741942952189242,0.542512457413459
"DS02","Bike Sharing Daily - Humidity","mc.svm_SMOTEB",33,0.420516718271632,0.7050288095892,0.526813698702845
"DS02","Bike Sharing Daily - Humidity","mc.svm_SMOTEB",34,0.416845263729828,0.666401865716927,0.512877355339396
"DS02","Bike Sharing Daily - Humidity","mc.svm_SMOTEB",35,0.429336101367608,0.662062453144902,0.520886364233953
"DS02","Bike Sharing Daily - Humidity","mc.svm_SMOTEB",36,0.434287956797967,0.722433888369185,0.542471534729469
"DS02","Bike Sharing Daily - Humidity","mc.svm_SMOTEB",37,0.427194137019918,0.720523338816598,0.536374765408401
"DS02","Bike Sharing Daily - Humidity","mc.svm_SMOTEB",38,0.441701724022004,0.717177267066436,0.546698037894552
"DS02","Bike Sharing Daily - Humidity","mc.svm_SMOTEB",39,0.427440172508582,0.70607140914766,0.532510280112834
"DS02","Bike Sharing Daily - Humidity","mc.svm_SMOTEB",40,0.443803952639689,0.745925610929852,0.556504174801895
"DS02","Bike Sharing Daily - Humidity","mc.svm_SMOTEB",41,0.393594994489363,0.70611041485113,0.505447227014888
"DS02","Bike Sharing Daily - Humidity","mc.svm_SMOTEB",42,0.416342214859038,0.709950682967775,0.524876682358235
"DS02","Bike Sharing Daily - Humidity","mc.svm_SMOTEB",43,0.433716174106782,0.74448650484547,0.548115946982656
"DS02","Bike Sharing Daily - Humidity","mc.svm_SMOTEB",44,0.422589394331496,0.647396273481328,0.511376567617354
"DS02","Bike Sharing Daily - Humidity","mc.svm_SMOTEB",45,0.457279346933405,0.669989401126502,0.543565704853814
"DS02","Bike Sharing Daily - Humidity","mc.svm_SMOTEB",46,0.449509597569465,0.691949414148583,0.544983042753683
"DS02","Bike Sharing Daily - Humidity","mc.svm_SMOTEB",47,0.469437452973877,0.725770107354458,0.570116324477499
"DS02","Bike Sharing Daily - Humidity","mc.svm_SMOTEB",48,0.461441826250659,0.740489865029296,0.568573069698077
"DS02","Bike Sharing Daily - Humidity","mc.svm_SMOTEB",49,0.438695061702988,0.767112585403268,0.558179414095174
"DS02","Bike Sharing Daily - Humidity","mc.svm_SMOTEB",50,0.452495627114376,0.751084447183249,0.564752499981977
"DS02","Bike Sharing Daily - Humidity","mc.svm_SMOTET",1,0.532960208968335,0.748587777369982,0.622633725012811
"DS02","Bike Sharing Daily - Humidity","mc.svm_SMOTET",2,0.535976854389546,0.724282056056335,0.616061374179886
"DS02","Bike Sharing Daily - Humidity","mc.svm_SMOTET",3,0.476436590684581,0.716708223886067,0.572379846157661
"DS02","Bike Sharing Daily - Humidity","mc.svm_SMOTET",4,0.469879421335899,0.695128490049715,0.560728505732086
"DS02","Bike Sharing Daily - Humidity","mc.svm_SMOTET",5,0.527930515827394,0.72093556468716,0.609519131765979
"DS02","Bike Sharing Daily - Humidity","mc.svm_SMOTET",6,0.48145251308571,0.636209544509139,0.548116815761272
"DS02","Bike Sharing Daily - Humidity","mc.svm_SMOTET",7,0.496214793017617,0.682382999977229,0.574595576378993
"DS02","Bike Sharing Daily - Humidity","mc.svm_SMOTET",8,0.506353120398438,0.618121919981976,0.556682810609406
"DS02","Bike Sharing Daily - Humidity","mc.svm_SMOTET",9,0.486886094264526,0.671431896875329,0.564457871387374
"DS02","Bike Sharing Daily - Humidity","mc.svm_SMOTET",10,0.505149606713291,0.610353924755163,0.552790800473953
"DS02","Bike Sharing Daily - Humidity","mc.svm_SMOTET",11,0.505555502231883,0.66728383490591,0.575268928326268
"DS02","Bike Sharing Daily - Humidity","mc.svm_SMOTET",12,0.519499727212654,0.582140968498898,0.549039401888022
"DS02","Bike Sharing Daily - Humidity","mc.svm_SMOTET",13,0.491173279554005,0.594791711733655,0.538039067644996
"DS02","Bike Sharing Daily - Humidity","mc.svm_SMOTET",14,0.482491732669844,0.639830314427366,0.550132357857908
"DS02","Bike Sharing Daily - Humidity","mc.svm_SMOTET",15,0.430939497885717,0.557908762005968,0.486272629515936
"DS02","Bike Sharing Daily - Humidity","mc.svm_SMOTET",16,0.430627936737925,0.570998565929435,0.490977292776699
"DS02","Bike Sharing Daily - Humidity","mc.svm_SMOTET",17,0.393586429124524,0.62137752608577,0.481920092580345
"DS02","Bike Sharing Daily - Humidity","mc.svm_SMOTET",18,0.417304324069822,0.728844176282027,0.530733715992698
"DS02","Bike Sharing Daily - Humidity","mc.svm_SMOTET",19,0.394725919496456,0.690802743166225,0.502387007116172
"DS02","Bike Sharing Daily - Humidity","mc.svm_SMOTET",20,0.407128828329407,0.678309779872775,0.508844008011444
"DS02","Bike Sharing Daily - Humidity","mc.svm_SMOTET",21,0.428191621965684,0.726456503335425,0.538800664262277
"DS02","Bike Sharing Daily - Humidity","mc.svm_SMOTET",22,0.450266597734123,0.73481371321193,0.558379153818166
"DS02","Bike Sharing Daily - Humidity","mc.svm_SMOTET",23,0.427885056281081,0.719579466866777,0.536656767103076
"DS02","Bike Sharing Daily - Humidity","mc.svm_SMOTET",24,0.437841370493587,0.681253134713798,0.53307527607039
"DS02","Bike Sharing Daily - Humidity","mc.svm_SMOTET",25,0.438074985905727,0.727795643593454,0.546937298603037
"DS02","Bike Sharing Daily - Humidity","mc.svm_SMOTET",26,0.442582506811392,0.694794376703494,0.540724611897506
"DS02","Bike Sharing Daily - Humidity","mc.svm_SMOTET",27,0.443067043082144,0.636825031334481,0.522563671460386
"DS02","Bike Sharing Daily - Humidity","mc.svm_SMOTET",28,0.43171104488663,0.647472682169297,0.518023207998892
"DS02","Bike Sharing Daily - Humidity","mc.svm_SMOTET",29,0.439465037201992,0.615370948271383,0.512750835958155
"DS02","Bike Sharing Daily - Humidity","mc.svm_SMOTET",30,0.407251648468669,0.67666143398249,0.508475243829267
"DS02","Bike Sharing Daily - Humidity","mc.svm_SMOTET",31,0.411963719192866,0.714384042340104,0.522574496199855
"DS02","Bike Sharing Daily - Humidity","mc.svm_SMOTET",32,0.405242237267658,0.690641962138624,0.510778956462025
"DS02","Bike Sharing Daily - Humidity","mc.svm_SMOTET",33,0.464502603630504,0.711670761403716,0.562115979543732
"DS02","Bike Sharing Daily - Humidity","mc.svm_SMOTET",34,0.431613399976964,0.69765411790384,0.53329589502669
"DS02","Bike Sharing Daily - Humidity","mc.svm_SMOTET",35,0.455584891871333,0.709007896227084,0.554723142783605
"DS02","Bike Sharing Daily - Humidity","mc.svm_SMOTET",36,0.431975220537603,0.703533930411807,0.535282739890252
"DS02","Bike Sharing Daily - Humidity","mc.svm_SMOTET",37,0.436490282313095,0.710035327270244,0.540630785500011
"DS02","Bike Sharing Daily - Humidity","mc.svm_SMOTET",38,0.41995551517229,0.644062545267342,0.508407945423721
"DS02","Bike Sharing Daily - Humidity","mc.svm_SMOTET",39,0.432170145318973,0.685806773358844,0.530217051804164
"DS02","Bike Sharing Daily - Humidity","mc.svm_SMOTET",40,0.440059611769514,0.725160151219727,0.547731346055828
"DS02","Bike Sharing Daily - Humidity","mc.svm_SMOTET",41,0.427067035772083,0.724386096726277,0.537340885793875
"DS02","Bike Sharing Daily - Humidity","mc.svm_SMOTET",42,0.428684743116864,0.727096931757136,0.539367197434322
"DS02","Bike Sharing Daily - Humidity","mc.svm_SMOTET",43,0.436273736498176,0.737026617261731,0.548104081245652
"DS02","Bike Sharing Daily - Humidity","mc.svm_SMOTET",44,0.425826527241825,0.693909628161823,0.527776344014358
"DS02","Bike Sharing Daily - Humidity","mc.svm_SMOTET",45,0.405586672158053,0.694242410233465,0.512034957695984
"DS02","Bike Sharing Daily - Humidity","mc.svm_SMOTET",46,0.423408909378183,0.693803918964511,0.525885047501377
"DS02","Bike Sharing Daily - Humidity","mc.svm_SMOTET",47,0.43184329613993,0.65277060852915,0.51980637533225
"DS02","Bike Sharing Daily - Humidity","mc.svm_SMOTET",48,0.4217749965961,0.667172401470769,0.516823196159684
"DS02","Bike Sharing Daily - Humidity","mc.svm_SMOTET",49,0.416316845459369,0.769835894228832,0.540395246384521
"DS02","Bike Sharing Daily - Humidity","mc.svm_SMOTET",50,0.477744215556791,0.723170473022566,0.575378940125553
"DS02","Bike Sharing Daily - Humidity","mc.svm_SMOTETPhi",1,0.488252043038047,0.723697539538121,0.58310478802263
"DS02","Bike Sharing Daily - Humidity","mc.svm_SMOTETPhi",2,0.495533334700725,0.706228892801767,0.582411312825747
"DS02","Bike Sharing Daily - Humidity","mc.svm_SMOTETPhi",3,0.513026893468071,0.731104054151418,0.602952675393024
"DS02","Bike Sharing Daily - Humidity","mc.svm_SMOTETPhi",4,0.496185669405457,0.680967566304012,0.574073684682721
"DS02","Bike Sharing Daily - Humidity","mc.svm_SMOTETPhi",5,0.4905195497069,0.692248043351667,0.574180761297758
"DS02","Bike Sharing Daily - Humidity","mc.svm_SMOTETPhi",6,0.457278492181911,0.616490556083441,0.52508101697593
"DS02","Bike Sharing Daily - Humidity","mc.svm_SMOTETPhi",7,0.496119240725952,0.671694866473358,0.570708548732077
"DS02","Bike Sharing Daily - Humidity","mc.svm_SMOTETPhi",8,0.450230740011063,0.593985024171172,0.512212755564959
"DS02","Bike Sharing Daily - Humidity","mc.svm_SMOTETPhi",9,0.431448982002941,0.604291777068679,0.503448512121364
"DS02","Bike Sharing Daily - Humidity","mc.svm_SMOTETPhi",10,0.440327857587447,0.572851584153821,0.497922678597818
"DS02","Bike Sharing Daily - Humidity","mc.svm_SMOTETPhi",11,0.489363420895293,0.652660181463032,0.559336984670619
"DS02","Bike Sharing Daily - Humidity","mc.svm_SMOTETPhi",12,0.455150035494678,0.582364696727807,0.510958165998685
"DS02","Bike Sharing Daily - Humidity","mc.svm_SMOTETPhi",13,0.476422122379976,0.623672344991212,0.540192339991386
"DS02","Bike Sharing Daily - Humidity","mc.svm_SMOTETPhi",14,0.469184548804869,0.592776708105311,0.523788736217425
"DS02","Bike Sharing Daily - Humidity","mc.svm_SMOTETPhi",15,0.434961373719419,0.57626808634884,0.495741804144101
"DS02","Bike Sharing Daily - Humidity","mc.svm_SMOTETPhi",16,0.44070357432398,0.607982504653336,0.511001468024573
"DS02","Bike Sharing Daily - Humidity","mc.svm_SMOTETPhi",17,0.388966773813214,0.589563298451968,0.468704111722778
"DS02","Bike Sharing Daily - Humidity","mc.svm_SMOTETPhi",18,0.369726763445786,0.688792122662653,0.48117210857762
"DS02","Bike Sharing Daily - Humidity","mc.svm_SMOTETPhi",19,0.403120476957577,0.713722027581259,0.515231042881
"DS02","Bike Sharing Daily - Humidity","mc.svm_SMOTETPhi",20,0.42914023228155,0.69430946295544,0.53043073574402
"DS02","Bike Sharing Daily - Humidity","mc.svm_SMOTETPhi",21,0.41987228642767,0.731446358302279,0.533499663651511
"DS02","Bike Sharing Daily - Humidity","mc.svm_SMOTETPhi",22,0.422938705087036,0.729339056290181,0.535401665077851
"DS02","Bike Sharing Daily - Humidity","mc.svm_SMOTETPhi",23,0.424184563901238,0.726624147488752,0.535662867463598
"DS02","Bike Sharing Daily - Humidity","mc.svm_SMOTETPhi",24,0.437111214141504,0.711319196595916,0.541479213296958
"DS02","Bike Sharing Daily - Humidity","mc.svm_SMOTETPhi",25,0.43896606882591,0.696327412339031,0.538475930464318
"DS02","Bike Sharing Daily - Humidity","mc.svm_SMOTETPhi",26,0.440388495228342,0.72087442688131,0.546757841068617
"DS02","Bike Sharing Daily - Humidity","mc.svm_SMOTETPhi",27,0.456497048709496,0.644535199604258,0.534459216538561
"DS02","Bike Sharing Daily - Humidity","mc.svm_SMOTETPhi",28,0.440006137697407,0.646524515959342,0.523638710489296
"DS02","Bike Sharing Daily - Humidity","mc.svm_SMOTETPhi",29,0.454966024985573,0.682149989165729,0.545863509355851
"DS02","Bike Sharing Daily - Humidity","mc.svm_SMOTETPhi",30,0.414350716677674,0.705745884819582,0.52214480925381
"DS02","Bike Sharing Daily - Humidity","mc.svm_SMOTETPhi",31,0.403944832654517,0.702300783516222,0.512889304732506
"DS02","Bike Sharing Daily - Humidity","mc.svm_SMOTETPhi",32,0.401072709958148,0.720403002300121,0.51527461760662
"DS02","Bike Sharing Daily - Humidity","mc.svm_SMOTETPhi",33,0.455028682465353,0.70938911689383,0.554427105791586
"DS02","Bike Sharing Daily - Humidity","mc.svm_SMOTETPhi",34,0.511418189651091,0.747194052601599,0.607222171962399
"DS02","Bike Sharing Daily - Humidity","mc.svm_SMOTETPhi",35,0.442427868473232,0.718127232377018,0.547530230112085
"DS02","Bike Sharing Daily - Humidity","mc.svm_SMOTETPhi",36,0.418393297701866,0.723677273067144,0.530232944443318
"DS02","Bike Sharing Daily - Humidity","mc.svm_SMOTETPhi",37,0.43780290764749,0.747969854921911,0.552320626100261
"DS02","Bike Sharing Daily - Humidity","mc.svm_SMOTETPhi",38,0.423366939187462,0.743056753623168,0.539402046379876
"DS02","Bike Sharing Daily - Humidity","mc.svm_SMOTETPhi",39,0.451680605080739,0.706208333350929,0.55096926265322
"DS02","Bike Sharing Daily - Humidity","mc.svm_SMOTETPhi",40,0.459070851401572,0.72119683756814,0.561026027137176
"DS02","Bike Sharing Daily - Humidity","mc.svm_SMOTETPhi",41,0.424726912861875,0.771276327925447,0.547794190770876
"DS02","Bike Sharing Daily - Humidity","mc.svm_SMOTETPhi",42,0.429306301947191,0.770360184852149,0.551354040085889
"DS02","Bike Sharing Daily - Humidity","mc.svm_SMOTETPhi",43,0.441990541696527,0.780558308479532,0.564393626546555
"DS02","Bike Sharing Daily - Humidity","mc.svm_SMOTETPhi",44,0.430614946528298,0.699240502365236,0.532994573476273
"DS02","Bike Sharing Daily - Humidity","mc.svm_SMOTETPhi",45,0.435854971431168,0.692443951927616,0.534973724847074
"DS02","Bike Sharing Daily - Humidity","mc.svm_SMOTETPhi",46,0.437065988265212,0.71541223267303,0.542626053680567
"DS02","Bike Sharing Daily - Humidity","mc.svm_SMOTETPhi",47,0.480580953193945,0.738797378342391,0.582349118593295
"DS02","Bike Sharing Daily - Humidity","mc.svm_SMOTETPhi",48,0.432724084430224,0.690918056962321,0.532156765222073
"DS02","Bike Sharing Daily - Humidity","mc.svm_SMOTETPhi",49,0.455590916864091,0.761335130070404,0.570054968949626
"DS02","Bike Sharing Daily - Humidity","mc.svm_SMOTETPhi",50,0.449754930748473,0.741122141248156,0.559794701151435
"DS02","Bike Sharing Daily - Humidity","mc.mars",1,1e-05,0.486373481803593,1.99995888018251e-05
"DS02","Bike Sharing Daily - Humidity","mc.mars",2,1e-05,0.485796863765502,1.99995883137623e-05
"DS02","Bike Sharing Daily - Humidity","mc.mars",3,1e-05,0.483003516456479,1.99995859329125e-05
"DS02","Bike Sharing Daily - Humidity","mc.mars",4,1e-05,0.498895197545973,1.99995991222361e-05
"DS02","Bike Sharing Daily - Humidity","mc.mars",5,1e-05,0.503145742784737,1.99996025087602e-05
"DS02","Bike Sharing Daily - Humidity","mc.mars",6,0.407618740934552,0.4842774987248,0.442653697852862
"DS02","Bike Sharing Daily - Humidity","mc.mars",7,0.430354692942972,0.467018156149086,0.447937455187514
"DS02","Bike Sharing Daily - Humidity","mc.mars",8,0.414596301799539,0.482206307123979,0.445852743176095
"DS02","Bike Sharing Daily - Humidity","mc.mars",9,0.417805685100252,0.482092984483585,0.447653044664101
"DS02","Bike Sharing Daily - Humidity","mc.mars",10,0.41591942942172,0.482649916070457,0.446806868517224
"DS02","Bike Sharing Daily - Humidity","mc.mars",11,0.383787824664627,0.482932978597387,0.427689739572732
"DS02","Bike Sharing Daily - Humidity","mc.mars",12,0.42201759717889,0.495740136906292,0.455917838950969
"DS02","Bike Sharing Daily - Humidity","mc.mars",13,0.405001332666628,0.472223769675423,0.436036897541566
"DS02","Bike Sharing Daily - Humidity","mc.mars",14,1e-05,0.509594397776072,1.99996075387087e-05
"DS02","Bike Sharing Daily - Humidity","mc.mars",15,0.842022541736871,0.558716713498884,0.671719687233326
"DS02","Bike Sharing Daily - Humidity","mc.mars",16,1e-05,0.500364410434548,1.99996002993042e-05
"DS02","Bike Sharing Daily - Humidity","mc.mars",17,1e-05,0.486817130014697,1.99995891765523e-05
"DS02","Bike Sharing Daily - Humidity","mc.mars",18,1e-05,0.458401396864231,1.99995637106726e-05
"DS02","Bike Sharing Daily - Humidity","mc.mars",19,1e-05,0.504903848743669,1.99996038928215e-05
"DS02","Bike Sharing Daily - Humidity","mc.mars",20,1e-05,0.475850880942568,1.99995797090956e-05
"DS02","Bike Sharing Daily - Humidity","mc.mars",21,0.223977256240156,0.520755602798826,0.313232885244464
"DS02","Bike Sharing Daily - Humidity","mc.mars",22,0.216151606350527,0.527656899938329,0.306675402497525
"DS02","Bike Sharing Daily - Humidity","mc.mars",23,0.249562883414875,0.526399290237112,0.338598269760597
"DS02","Bike Sharing Daily - Humidity","mc.mars",24,0.217283628634642,0.51717804478092,0.30600459162853
"DS02","Bike Sharing Daily - Humidity","mc.mars",25,0.244678739084857,0.501799223441029,0.328957068872757
"DS02","Bike Sharing Daily - Humidity","mc.mars",26,1e-05,0.491841375820308,1.99995933731004e-05
"DS02","Bike Sharing Daily - Humidity","mc.mars",27,1e-05,0.481422424661109,1.99995845730579e-05
"DS02","Bike Sharing Daily - Humidity","mc.mars",28,1e-05,0.452214330227709,1.99995577416193e-05
"DS02","Bike Sharing Daily - Humidity","mc.mars",29,1e-05,0.469049203345511,1.99995736145916e-05
"DS02","Bike Sharing Daily - Humidity","mc.mars",30,1e-05,0.470164065906291,1.99995746256238e-05
"DS02","Bike Sharing Daily - Humidity","mc.mars",31,1e-05,0.477231259775868,1.99995809247505e-05
"DS02","Bike Sharing Daily - Humidity","mc.mars",32,1e-05,0.470922405488927,1.99995753106015e-05
"DS02","Bike Sharing Daily - Humidity","mc.mars",33,1e-05,0.445190851498751,1.99995507645609e-05
"DS02","Bike Sharing Daily - Humidity","mc.mars",34,1e-05,0.452307337054214,1.99995578325578e-05
"DS02","Bike Sharing Daily - Humidity","mc.mars",35,1e-05,0.468247891590048,1.99995728849346e-05
"DS02","Bike Sharing Daily - Humidity","mc.mars",36,1e-05,0.501293223093654,1.99996010398681e-05
"DS02","Bike Sharing Daily - Humidity","mc.mars",37,1e-05,0.520784896669382,1.99996159716593e-05
"DS02","Bike Sharing Daily - Humidity","mc.mars",38,1e-05,0.518277560802929,1.99996141138335e-05
"DS02","Bike Sharing Daily - Humidity","mc.mars",39,1e-05,0.482464561317134,1.99995854703729e-05
"DS02","Bike Sharing Daily - Humidity","mc.mars",40,0.466457891017371,0.476235595582641,0.471296035669199
"DS02","Bike Sharing Daily - Humidity","mc.mars",41,1e-05,0.522323846966035,1.99996171031206e-05
"DS02","Bike Sharing Daily - Humidity","mc.mars",42,1e-05,0.447805735340255,1.99995533877347e-05
"DS02","Bike Sharing Daily - Humidity","mc.mars",43,1e-05,0.496822107088713,1.99995974495264e-05
"DS02","Bike Sharing Daily - Humidity","mc.mars",44,1e-05,0.459397494139408,1.99995646566446e-05
"DS02","Bike Sharing Daily - Humidity","mc.mars",45,1e-05,0.472129485133639,1.99995763963695e-05
"DS02","Bike Sharing Daily - Humidity","mc.mars",46,1e-05,0.462873923738271,1.99995679262343e-05
"DS02","Bike Sharing Daily - Humidity","mc.mars",47,1e-05,0.43639322913403,1.9999541708249e-05
"DS02","Bike Sharing Daily - Humidity","mc.mars",48,1e-05,0.436390061626759,1.99995417049226e-05
"DS02","Bike Sharing Daily - Humidity","mc.mars",49,1e-05,0.463973281134437,1.99995689499856e-05
"DS02","Bike Sharing Daily - Humidity","mc.mars",50,1e-05,0.435154567115776,1.99995404037573e-05
"DS02","Bike Sharing Daily - Humidity","mc.mars_UNDERB",1,0.384895215627959,0.600900208166931,0.469232478890911
"DS02","Bike Sharing Daily - Humidity","mc.mars_UNDERB",2,0.402611490697653,0.628753991011759,0.490890156967007
"DS02","Bike Sharing Daily - Humidity","mc.mars_UNDERB",3,0.361885400528608,0.509048565957471,0.423033780444427
"DS02","Bike Sharing Daily - Humidity","mc.mars_UNDERB",4,0.577650715619905,0.589300374134141,0.583417395677502
"DS02","Bike Sharing Daily - Humidity","mc.mars_UNDERB",5,0.510322926258129,0.611573685504163,0.556379383869787
"DS02","Bike Sharing Daily - Humidity","mc.mars_UNDERB",6,0.366522738047545,0.579488826988991,0.449034323439296
"DS02","Bike Sharing Daily - Humidity","mc.mars_UNDERB",7,0.417039185599171,0.651207030857499,0.508457405458606
"DS02","Bike Sharing Daily - Humidity","mc.mars_UNDERB",8,0.377167610893709,0.734733519482607,0.498457423265668
"DS02","Bike Sharing Daily - Humidity","mc.mars_UNDERB",9,0.348056442051692,0.661392595928526,0.456094255533337
"DS02","Bike Sharing Daily - Humidity","mc.mars_UNDERB",10,0.383370665796558,0.627229811940952,0.475878481968637
"DS02","Bike Sharing Daily - Humidity","mc.mars_UNDERB",11,0.54648750525212,0.766429241789443,0.63803589259042
"DS02","Bike Sharing Daily - Humidity","mc.mars_UNDERB",12,0.324733029737534,0.477345577855813,0.386520409000914
"DS02","Bike Sharing Daily - Humidity","mc.mars_UNDERB",13,0.351090912049188,0.566180098471524,0.433417572073107
"DS02","Bike Sharing Daily - Humidity","mc.mars_UNDERB",14,0.41973057627419,0.596043626232807,0.492585328719314
"DS02","Bike Sharing Daily - Humidity","mc.mars_UNDERB",15,0.3673178072639,0.584411366128161,0.451104594768719
"DS02","Bike Sharing Daily - Humidity","mc.mars_UNDERB",16,0.376772701811753,0.547891512028294,0.446498441697747
"DS02","Bike Sharing Daily - Humidity","mc.mars_UNDERB",17,0.382079058159686,0.634689198292897,0.47700437060052
"DS02","Bike Sharing Daily - Humidity","mc.mars_UNDERB",18,0.432738170454407,0.609266447233364,0.506049288495618
"DS02","Bike Sharing Daily - Humidity","mc.mars_UNDERB",19,0.179870395464805,0.526294312500511,0.268109592712736
"DS02","Bike Sharing Daily - Humidity","mc.mars_UNDERB",20,0.458157178786907,0.580511447296031,0.512127699379295
"DS02","Bike Sharing Daily - Humidity","mc.mars_UNDERB",21,0.465566697125083,0.641032352038628,0.539388345064077
"DS02","Bike Sharing Daily - Humidity","mc.mars_UNDERB",22,0.380999170438848,0.646569572629331,0.47946664875623
"DS02","Bike Sharing Daily - Humidity","mc.mars_UNDERB",23,0.525441228461329,0.630116495382134,0.573037899493434
"DS02","Bike Sharing Daily - Humidity","mc.mars_UNDERB",24,0.508990620155208,0.638967442827994,0.566620759888799
"DS02","Bike Sharing Daily - Humidity","mc.mars_UNDERB",25,0.376157947107004,0.633412609971296,0.472008985143201
"DS02","Bike Sharing Daily - Humidity","mc.mars_UNDERB",26,0.50670400056848,0.567976310985894,0.535593452137266
"DS02","Bike Sharing Daily - Humidity","mc.mars_UNDERB",27,0.566800138700336,0.525000553693772,0.545100197727241
"DS02","Bike Sharing Daily - Humidity","mc.mars_UNDERB",28,0.701931974118667,0.502447425840824,0.585669123073933
"DS02","Bike Sharing Daily - Humidity","mc.mars_UNDERB",29,0.532500833460331,0.51090519332333,0.521479528161271
"DS02","Bike Sharing Daily - Humidity","mc.mars_UNDERB",30,0.417881680598755,0.57669836714098,0.484609928395616
"DS02","Bike Sharing Daily - Humidity","mc.mars_UNDERB",31,0.627389552636608,0.599816909181756,0.613293482431342
"DS02","Bike Sharing Daily - Humidity","mc.mars_UNDERB",32,0.400095485216913,0.635447202425686,0.491026704776427
"DS02","Bike Sharing Daily - Humidity","mc.mars_UNDERB",33,0.641512243717454,0.613659205815814,0.627276686618643
"DS02","Bike Sharing Daily - Humidity","mc.mars_UNDERB",34,0.575282437416238,0.494329904515795,0.53174276550308
"DS02","Bike Sharing Daily - Humidity","mc.mars_UNDERB",35,0.47634225702366,0.537681633705615,0.505156703507848
"DS02","Bike Sharing Daily - Humidity","mc.mars_UNDERB",36,0.405974417494393,0.626569052039819,0.492707597166109
"DS02","Bike Sharing Daily - Humidity","mc.mars_UNDERB",37,0.424468114253353,0.639626415957764,0.510294923805984
"DS02","Bike Sharing Daily - Humidity","mc.mars_UNDERB",38,0.418894768120369,0.554900665663601,0.477400032098649
"DS02","Bike Sharing Daily - Humidity","mc.mars_UNDERB",39,0.476649019982254,0.65040102166738,0.550131756562389
"DS02","Bike Sharing Daily - Humidity","mc.mars_UNDERB",40,0.44180172182615,0.626354575490018,0.518134903329168
"DS02","Bike Sharing Daily - Humidity","mc.mars_UNDERB",41,0.582343291296748,0.652658278712025,0.615499088174489
"DS02","Bike Sharing Daily - Humidity","mc.mars_UNDERB",42,0.429261032690774,0.608588387710908,0.503431951990276
"DS02","Bike Sharing Daily - Humidity","mc.mars_UNDERB",43,0.892711572609586,0.647858684070527,0.750827094288719
"DS02","Bike Sharing Daily - Humidity","mc.mars_UNDERB",44,0.461702644468699,0.586526861126127,0.516682656590916
"DS02","Bike Sharing Daily - Humidity","mc.mars_UNDERB",45,0.746580081981523,0.586020646867211,0.65662780022485
"DS02","Bike Sharing Daily - Humidity","mc.mars_UNDERB",46,0.506982516000051,0.528543550676467,0.517538568580066
"DS02","Bike Sharing Daily - Humidity","mc.mars_UNDERB",47,0.347986455933009,0.504219696311853,0.411782113210478
"DS02","Bike Sharing Daily - Humidity","mc.mars_UNDERB",48,0.347041776894893,0.48286914947144,0.403840369650283
"DS02","Bike Sharing Daily - Humidity","mc.mars_UNDERB",49,0.653997768438697,0.575551040013941,0.612271905277826
"DS02","Bike Sharing Daily - Humidity","mc.mars_UNDERB",50,0.474060527888687,0.555694039280971,0.511641546451586
"DS02","Bike Sharing Daily - Humidity","mc.mars_UNDERT",1,0.335024081136624,0.542098539488167,0.414117845799394
"DS02","Bike Sharing Daily - Humidity","mc.mars_UNDERT",2,0.368998228787886,0.622053058774009,0.463218159908521
"DS02","Bike Sharing Daily - Humidity","mc.mars_UNDERT",3,0.516576685074992,0.666043597237487,0.581864861819534
"DS02","Bike Sharing Daily - Humidity","mc.mars_UNDERT",4,0.466242790539946,0.573386252402719,0.514293455328622
"DS02","Bike Sharing Daily - Humidity","mc.mars_UNDERT",5,0.465900349912521,0.627980995256747,0.534932909717476
"DS02","Bike Sharing Daily - Humidity","mc.mars_UNDERT",6,0.413514378343413,0.651408772907853,0.50588982587135
"DS02","Bike Sharing Daily - Humidity","mc.mars_UNDERT",7,0.403423813225201,0.610119548602807,0.485695558948075
"DS02","Bike Sharing Daily - Humidity","mc.mars_UNDERT",8,0.352732365936284,0.466463836244124,0.40170326020596
"DS02","Bike Sharing Daily - Humidity","mc.mars_UNDERT",9,0.412973425588352,0.596451248187498,0.488037436689676
"DS02","Bike Sharing Daily - Humidity","mc.mars_UNDERT",10,0.398496490206215,0.735036796043062,0.516808084859658
"DS02","Bike Sharing Daily - Humidity","mc.mars_UNDERT",11,0.463536203585232,0.753908498071494,0.574094055477257
"DS02","Bike Sharing Daily - Humidity","mc.mars_UNDERT",12,0.470761882603082,0.617499710435752,0.534237959055161
"DS02","Bike Sharing Daily - Humidity","mc.mars_UNDERT",13,0.31631877918024,0.533021632930641,0.397025149871868
"DS02","Bike Sharing Daily - Humidity","mc.mars_UNDERT",14,0.382931494054432,0.728818424675144,0.502068897966137
"DS02","Bike Sharing Daily - Humidity","mc.mars_UNDERT",15,0.387094330463601,0.580687237517975,0.464527833247715
"DS02","Bike Sharing Daily - Humidity","mc.mars_UNDERT",16,0.289936597765125,0.527066447142648,0.374088819945443
"DS02","Bike Sharing Daily - Humidity","mc.mars_UNDERT",17,0.40170463498015,0.565556124447797,0.469752368878176
"DS02","Bike Sharing Daily - Humidity","mc.mars_UNDERT",18,0.407070309534199,0.512519413632871,0.453748951502615
"DS02","Bike Sharing Daily - Humidity","mc.mars_UNDERT",19,0.655707194055805,0.535592659403052,0.58959456569125
"DS02","Bike Sharing Daily - Humidity","mc.mars_UNDERT",20,0.329925494233796,0.536400942358782,0.408558110523004
"DS02","Bike Sharing Daily - Humidity","mc.mars_UNDERT",21,0.392985074542441,0.660071526933022,0.49265776949058
"DS02","Bike Sharing Daily - Humidity","mc.mars_UNDERT",22,0.339097527649437,0.572255714005519,0.425851336085999
"DS02","Bike Sharing Daily - Humidity","mc.mars_UNDERT",23,0.456659250895376,0.658019615267466,0.539152133774475
"DS02","Bike Sharing Daily - Humidity","mc.mars_UNDERT",24,0.2436699644176,0.439300346486146,0.313466919682852
"DS02","Bike Sharing Daily - Humidity","mc.mars_UNDERT",25,0.467402864005137,0.623831095260658,0.534404997396662
"DS02","Bike Sharing Daily - Humidity","mc.mars_UNDERT",26,0.439520669071269,0.634254641423687,0.51922971525877
"DS02","Bike Sharing Daily - Humidity","mc.mars_UNDERT",27,0.698398084864896,0.525538937808682,0.599761884620109
"DS02","Bike Sharing Daily - Humidity","mc.mars_UNDERT",28,0.57440158770615,0.545172279056799,0.559405380850872
"DS02","Bike Sharing Daily - Humidity","mc.mars_UNDERT",29,0.786405325116748,0.544021679284852,0.643134187975971
"DS02","Bike Sharing Daily - Humidity","mc.mars_UNDERT",30,0.40158579191176,0.719857144014746,0.515557933411325
"DS02","Bike Sharing Daily - Humidity","mc.mars_UNDERT",31,0.440260630546878,0.605166483514579,0.509707418210894
"DS02","Bike Sharing Daily - Humidity","mc.mars_UNDERT",32,0.511730156683298,0.664562676603803,0.578217860384315
"DS02","Bike Sharing Daily - Humidity","mc.mars_UNDERT",33,0.48011491230876,0.635688356534943,0.547056041285402
"DS02","Bike Sharing Daily - Humidity","mc.mars_UNDERT",34,0.635554218147179,0.537312065744271,0.582318640300775
"DS02","Bike Sharing Daily - Humidity","mc.mars_UNDERT",35,0.356556923740442,0.540871243732036,0.429786792513788
"DS02","Bike Sharing Daily - Humidity","mc.mars_UNDERT",36,0.489643956679732,0.563418466612585,0.523946997170621
"DS02","Bike Sharing Daily - Humidity","mc.mars_UNDERT",37,0.403354821398441,0.728818222428505,0.519306382610736
"DS02","Bike Sharing Daily - Humidity","mc.mars_UNDERT",38,0.454541031778809,0.71837844960911,0.556785843997747
"DS02","Bike Sharing Daily - Humidity","mc.mars_UNDERT",39,0.41635382399232,0.699240507773786,0.521930689341268
"DS02","Bike Sharing Daily - Humidity","mc.mars_UNDERT",40,0.430437499084078,0.632176463369753,0.512156748334684
"DS02","Bike Sharing Daily - Humidity","mc.mars_UNDERT",41,0.448843043909545,0.609717706308518,0.517055919877411
"DS02","Bike Sharing Daily - Humidity","mc.mars_UNDERT",42,0.521174216339794,0.556771405672244,0.538385044859706
"DS02","Bike Sharing Daily - Humidity","mc.mars_UNDERT",43,0.484094732190386,0.603325263091875,0.537173461822069
"DS02","Bike Sharing Daily - Humidity","mc.mars_UNDERT",44,1e-05,0.561598275724034,1.99996438798917e-05
"DS02","Bike Sharing Daily - Humidity","mc.mars_UNDERT",45,0.424340858218467,0.541290250072217,0.475733574216603
"DS02","Bike Sharing Daily - Humidity","mc.mars_UNDERT",46,0.532001454348261,0.535858002873035,0.533922764694927
"DS02","Bike Sharing Daily - Humidity","mc.mars_UNDERT",47,0.424837971987489,0.556987674011,0.482019419258939
"DS02","Bike Sharing Daily - Humidity","mc.mars_UNDERT",48,0.272296953096919,0.52175814721813,0.357842053239433
"DS02","Bike Sharing Daily - Humidity","mc.mars_UNDERT",49,0.290442892484147,0.614752744095046,0.394501603724668
"DS02","Bike Sharing Daily - Humidity","mc.mars_UNDERT",50,0.376718647992478,0.573852923731482,0.454844440976891
"DS02","Bike Sharing Daily - Humidity","mc.mars_UNDERTPhi",1,0.416249939675217,0.654570591442174,0.50889007314169
"DS02","Bike Sharing Daily - Humidity","mc.mars_UNDERTPhi",2,0.393437326466146,0.586236782033638,0.470865628066115
"DS02","Bike Sharing Daily - Humidity","mc.mars_UNDERTPhi",3,0.425413558436799,0.663671745185988,0.518480889998899
"DS02","Bike Sharing Daily - Humidity","mc.mars_UNDERTPhi",4,0.411972520124754,0.637997514074808,0.500657038097472
"DS02","Bike Sharing Daily - Humidity","mc.mars_UNDERTPhi",5,0.497755378741,0.660447427681087,0.567674776267317
"DS02","Bike Sharing Daily - Humidity","mc.mars_UNDERTPhi",6,0.401693026213342,0.617160718041913,0.486643265312761
"DS02","Bike Sharing Daily - Humidity","mc.mars_UNDERTPhi",7,0.51579417165091,0.624290624753099,0.564879852234861
"DS02","Bike Sharing Daily - Humidity","mc.mars_UNDERTPhi",8,0.509305908728297,0.594736273144063,0.548715806371856
"DS02","Bike Sharing Daily - Humidity","mc.mars_UNDERTPhi",9,0.433863602166063,0.698527824298715,0.535266853811508
"DS02","Bike Sharing Daily - Humidity","mc.mars_UNDERTPhi",10,0.36047848830855,0.574715507878489,0.443057971569963
"DS02","Bike Sharing Daily - Humidity","mc.mars_UNDERTPhi",11,0.395405217059996,0.714441510429047,0.509068312787646
"DS02","Bike Sharing Daily - Humidity","mc.mars_UNDERTPhi",12,0.369643493885857,0.642536931763214,0.469302883930694
"DS02","Bike Sharing Daily - Humidity","mc.mars_UNDERTPhi",13,0.375316687608655,0.609530431312187,0.464573512135445
"DS02","Bike Sharing Daily - Humidity","mc.mars_UNDERTPhi",14,0.395053073554159,0.617832783530179,0.481943228585914
"DS02","Bike Sharing Daily - Humidity","mc.mars_UNDERTPhi",15,0.144700871060653,0.47922507989354,0.222283706547726
"DS02","Bike Sharing Daily - Humidity","mc.mars_UNDERTPhi",16,0.359435248080008,0.641116982034573,0.46062571158232
"DS02","Bike Sharing Daily - Humidity","mc.mars_UNDERTPhi",17,0.454967203070324,0.527168305674458,0.488413844005218
"DS02","Bike Sharing Daily - Humidity","mc.mars_UNDERTPhi",18,0.482098861693391,0.566302480527712,0.520819213485853
"DS02","Bike Sharing Daily - Humidity","mc.mars_UNDERTPhi",19,0.365850968341143,0.489396952455347,0.418700460077699
"DS02","Bike Sharing Daily - Humidity","mc.mars_UNDERTPhi",20,0.659246125078122,0.543324264342204,0.595698046583659
"DS02","Bike Sharing Daily - Humidity","mc.mars_UNDERTPhi",21,0.65363804906895,0.559230180154108,0.60275983017638
"DS02","Bike Sharing Daily - Humidity","mc.mars_UNDERTPhi",22,0.511148055286074,0.645275307793689,0.570433336497919
"DS02","Bike Sharing Daily - Humidity","mc.mars_UNDERTPhi",23,0.460745482575783,0.584923449577797,0.515461115384905
"DS02","Bike Sharing Daily - Humidity","mc.mars_UNDERTPhi",24,0.62707227647606,0.565665551535507,0.594788186967801
"DS02","Bike Sharing Daily - Humidity","mc.mars_UNDERTPhi",25,0.471442850784372,0.575217339342189,0.518185567461569
"DS02","Bike Sharing Daily - Humidity","mc.mars_UNDERTPhi",26,0.476783266524964,0.572309073924658,0.520197086961343
"DS02","Bike Sharing Daily - Humidity","mc.mars_UNDERTPhi",27,0.541665381454773,0.530957420515515,0.536257952360303
"DS02","Bike Sharing Daily - Humidity","mc.mars_UNDERTPhi",28,0.548872829815672,0.499433014516626,0.522987090958578
"DS02","Bike Sharing Daily - Humidity","mc.mars_UNDERTPhi",29,1e-05,0.499647170012591,1.99995997255478e-05
"DS02","Bike Sharing Daily - Humidity","mc.mars_UNDERTPhi",30,0.45595129715849,0.627604407237746,0.528181509121184
"DS02","Bike Sharing Daily - Humidity","mc.mars_UNDERTPhi",31,0.510983460803856,0.676855991747572,0.582338322550414
"DS02","Bike Sharing Daily - Humidity","mc.mars_UNDERTPhi",32,0.492911266968627,0.675912500449778,0.570085749868858
"DS02","Bike Sharing Daily - Humidity","mc.mars_UNDERTPhi",33,0.526180908993212,0.585952573742142,0.554460525943755
"DS02","Bike Sharing Daily - Humidity","mc.mars_UNDERTPhi",34,0.475134646449484,0.51657085565736,0.494987091122187
"DS02","Bike Sharing Daily - Humidity","mc.mars_UNDERTPhi",35,0.470124106140934,0.542551927683167,0.503747953970823
"DS02","Bike Sharing Daily - Humidity","mc.mars_UNDERTPhi",36,0.498810662945731,0.632080305759085,0.557592915808183
"DS02","Bike Sharing Daily - Humidity","mc.mars_UNDERTPhi",37,0.383987528836181,0.62127878644246,0.474627076026627
"DS02","Bike Sharing Daily - Humidity","mc.mars_UNDERTPhi",38,0.372070686420423,0.68178346437732,0.481416980497614
"DS02","Bike Sharing Daily - Humidity","mc.mars_UNDERTPhi",39,0.413115857741435,0.622996265937885,0.496798813353712
"DS02","Bike Sharing Daily - Humidity","mc.mars_UNDERTPhi",40,0.402720171827011,0.60890158830102,0.484799678953707
"DS02","Bike Sharing Daily - Humidity","mc.mars_UNDERTPhi",41,0.496296975161826,0.586607743394321,0.537686545573975
"DS02","Bike Sharing Daily - Humidity","mc.mars_UNDERTPhi",42,0.383642126530918,0.579725084142881,0.461728324609126
"DS02","Bike Sharing Daily - Humidity","mc.mars_UNDERTPhi",43,0.422989704841466,0.608743325921754,0.499144937843807
"DS02","Bike Sharing Daily - Humidity","mc.mars_UNDERTPhi",44,0.500811710287731,0.511577602800979,0.506137413525238
"DS02","Bike Sharing Daily - Humidity","mc.mars_UNDERTPhi",45,0.433647521439754,0.578927900501824,0.49586557940258
"DS02","Bike Sharing Daily - Humidity","mc.mars_UNDERTPhi",46,0.373933087569104,0.614276906019443,0.464877832809864
"DS02","Bike Sharing Daily - Humidity","mc.mars_UNDERTPhi",47,0.147274075254034,0.458620535422015,0.222952685357025
"DS02","Bike Sharing Daily - Humidity","mc.mars_UNDERTPhi",48,0.324767104673551,0.568031066497073,0.413257577777067
"DS02","Bike Sharing Daily - Humidity","mc.mars_UNDERTPhi",49,0.401850173056962,0.617801591096935,0.486957773280916
"DS02","Bike Sharing Daily - Humidity","mc.mars_UNDERTPhi",50,0.447131248301287,0.539665496255752,0.489059795417718
"DS02","Bike Sharing Daily - Humidity","mc.mars_OVERB",1,0.396806686383624,0.582697972702117,0.472113020730701
"DS02","Bike Sharing Daily - Humidity","mc.mars_OVERB",2,0.410183136133174,0.634125765428034,0.498143211797329
"DS02","Bike Sharing Daily - Humidity","mc.mars_OVERB",3,0.470031026452933,0.612750656532761,0.53198502445226
"DS02","Bike Sharing Daily - Humidity","mc.mars_OVERB",4,0.432502302564357,0.624313312431413,0.511001051303065
"DS02","Bike Sharing Daily - Humidity","mc.mars_OVERB",5,0.510329214844044,0.627389794838745,0.562837288779224
"DS02","Bike Sharing Daily - Humidity","mc.mars_OVERB",6,0.538368254823305,0.65509333863636,0.591022718118074
"DS02","Bike Sharing Daily - Humidity","mc.mars_OVERB",7,0.384498608056135,0.51332361611854,0.439668813191509
"DS02","Bike Sharing Daily - Humidity","mc.mars_OVERB",8,0.496738340085606,0.625883298194173,0.553882483698921
"DS02","Bike Sharing Daily - Humidity","mc.mars_OVERB",9,0.501778454698504,0.701863176586959,0.58519049358814
"DS02","Bike Sharing Daily - Humidity","mc.mars_OVERB",10,0.529073200505057,0.656337056162525,0.58587370062102
"DS02","Bike Sharing Daily - Humidity","mc.mars_OVERB",11,0.513540931121877,0.642025326145892,0.57064020642546
"DS02","Bike Sharing Daily - Humidity","mc.mars_OVERB",12,0.501866775191402,0.672016193838877,0.574610261799646
"DS02","Bike Sharing Daily - Humidity","mc.mars_OVERB",13,0.477403047843876,0.652409671687204,0.55135220257666
"DS02","Bike Sharing Daily - Humidity","mc.mars_OVERB",14,0.508070356883205,0.662219278653619,0.5749926770669
"DS02","Bike Sharing Daily - Humidity","mc.mars_OVERB",15,0.416310859339709,0.518575142070865,0.461849814206218
"DS02","Bike Sharing Daily - Humidity","mc.mars_OVERB",16,0.455502774458256,0.580245153390337,0.510362164632573
"DS02","Bike Sharing Daily - Humidity","mc.mars_OVERB",17,0.496648499714374,0.590986827999217,0.539726347605471
"DS02","Bike Sharing Daily - Humidity","mc.mars_OVERB",18,0.447613664195306,0.564481898931,0.499300303959335
"DS02","Bike Sharing Daily - Humidity","mc.mars_OVERB",19,0.419499659873397,0.569949256347045,0.483286231887514
"DS02","Bike Sharing Daily - Humidity","mc.mars_OVERB",20,0.42023434171283,0.55985973993252,0.480101438562084
"DS02","Bike Sharing Daily - Humidity","mc.mars_OVERB",21,0.394517531508556,0.661088594308796,0.494144613140099
"DS02","Bike Sharing Daily - Humidity","mc.mars_OVERB",22,0.43392454271794,0.650902661834562,0.520714522469893
"DS02","Bike Sharing Daily - Humidity","mc.mars_OVERB",23,0.47171564366755,0.629890146990331,0.539447121006773
"DS02","Bike Sharing Daily - Humidity","mc.mars_OVERB",24,0.49354962218057,0.676461264243225,0.570707854535471
"DS02","Bike Sharing Daily - Humidity","mc.mars_OVERB",25,0.515743349822341,0.671585410573171,0.583436906262493
"DS02","Bike Sharing Daily - Humidity","mc.mars_OVERB",26,0.424671919560584,0.673866779359035,0.521005402904699
"DS02","Bike Sharing Daily - Humidity","mc.mars_OVERB",27,0.456720202444477,0.577201886921948,0.509941252551958
"DS02","Bike Sharing Daily - Humidity","mc.mars_OVERB",28,0.465459490113817,0.583939060181851,0.518010963771975
"DS02","Bike Sharing Daily - Humidity","mc.mars_OVERB",29,0.404674404864061,0.56267478320848,0.470771228909805
"DS02","Bike Sharing Daily - Humidity","mc.mars_OVERB",30,0.458926956680624,0.627575308395607,0.530162219863743
"DS02","Bike Sharing Daily - Humidity","mc.mars_OVERB",31,0.463445279789316,0.594090512264669,0.520698109218459
"DS02","Bike Sharing Daily - Humidity","mc.mars_OVERB",32,0.400885306472455,0.596403046665057,0.479478612963327
"DS02","Bike Sharing Daily - Humidity","mc.mars_OVERB",33,0.417355704276679,0.537155986647985,0.46973780886168
"DS02","Bike Sharing Daily - Humidity","mc.mars_OVERB",34,0.463969222469006,0.502159539029141,0.482309564032562
"DS02","Bike Sharing Daily - Humidity","mc.mars_OVERB",35,0.37330750145883,0.557539153907013,0.44719191353531
"DS02","Bike Sharing Daily - Humidity","mc.mars_OVERB",36,0.438347200961023,0.627559362331867,0.516159482244354
"DS02","Bike Sharing Daily - Humidity","mc.mars_OVERB",37,0.419517306248222,0.629678639630058,0.503549575724901
"DS02","Bike Sharing Daily - Humidity","mc.mars_OVERB",38,0.441972686972084,0.625741551558907,0.518042496601104
"DS02","Bike Sharing Daily - Humidity","mc.mars_OVERB",39,0.416091554844006,0.636153988218837,0.50311128200689
"DS02","Bike Sharing Daily - Humidity","mc.mars_OVERB",40,0.521440639925641,0.60540512843906,0.560294667558016
"DS02","Bike Sharing Daily - Humidity","mc.mars_OVERB",41,0.460249850673981,0.659156747753712,0.542031456935332
"DS02","Bike Sharing Daily - Humidity","mc.mars_OVERB",42,0.386765725981778,0.65023960340832,0.48503201506637
"DS02","Bike Sharing Daily - Humidity","mc.mars_OVERB",43,0.419988849547631,0.617132811977428,0.499823519912532
"DS02","Bike Sharing Daily - Humidity","mc.mars_OVERB",44,0.492731136148319,0.600737073149836,0.541400029854593
"DS02","Bike Sharing Daily - Humidity","mc.mars_OVERB",45,0.447260918525002,0.590445994577397,0.508974961118016
"DS02","Bike Sharing Daily - Humidity","mc.mars_OVERB",46,0.448142418021386,0.561230226537677,0.49835127223436
"DS02","Bike Sharing Daily - Humidity","mc.mars_OVERB",47,0.345959896160684,0.559558894102746,0.427566912980914
"DS02","Bike Sharing Daily - Humidity","mc.mars_OVERB",48,0.29513463384663,0.575264727111311,0.390121023099148
"DS02","Bike Sharing Daily - Humidity","mc.mars_OVERB",49,0.347314297367679,0.590306659867659,0.437323720681167
"DS02","Bike Sharing Daily - Humidity","mc.mars_OVERB",50,0.394985774399708,0.49020380183239,0.437473584143696
"DS02","Bike Sharing Daily - Humidity","mc.mars_OVERT",1,0.516378173566,0.640722933458813,0.571869365836182
"DS02","Bike Sharing Daily - Humidity","mc.mars_OVERT",2,0.411228051846781,0.58226659016648,0.48202445268232
"DS02","Bike Sharing Daily - Humidity","mc.mars_OVERT",3,0.444528522244541,0.645315188813615,0.526425953289675
"DS02","Bike Sharing Daily - Humidity","mc.mars_OVERT",4,0.447082229787431,0.611224652519771,0.516424271859292
"DS02","Bike Sharing Daily - Humidity","mc.mars_OVERT",5,0.49367999253595,0.620768304175661,0.549977765099135
"DS02","Bike Sharing Daily - Humidity","mc.mars_OVERT",6,0.504280655576882,0.71034620105167,0.589833570693769
"DS02","Bike Sharing Daily - Humidity","mc.mars_OVERT",7,0.483387522291427,0.623850801066744,0.544709637745487
"DS02","Bike Sharing Daily - Humidity","mc.mars_OVERT",8,0.538479775210427,0.659770784847862,0.592986535133356
"DS02","Bike Sharing Daily - Humidity","mc.mars_OVERT",9,0.51192823296562,0.664901167240102,0.578472426984746
"DS02","Bike Sharing Daily - Humidity","mc.mars_OVERT",10,0.529694736058686,0.697466770637092,0.602112232116985
"DS02","Bike Sharing Daily - Humidity","mc.mars_OVERT",11,0.549760644953948,0.64400986196412,0.59316472474118
"DS02","Bike Sharing Daily - Humidity","mc.mars_OVERT",12,0.535447283417691,0.654544679151292,0.589036197472211
"DS02","Bike Sharing Daily - Humidity","mc.mars_OVERT",13,0.517452006185182,0.606920139512143,0.558626509890952
"DS02","Bike Sharing Daily - Humidity","mc.mars_OVERT",14,0.463115092084896,0.628728689548869,0.533361548336424
"DS02","Bike Sharing Daily - Humidity","mc.mars_OVERT",15,0.477242326591084,0.485948952840994,0.481556288580769
"DS02","Bike Sharing Daily - Humidity","mc.mars_OVERT",16,0.489623423620658,0.49687188025859,0.493221022251968
"DS02","Bike Sharing Daily - Humidity","mc.mars_OVERT",17,0.473618792600561,0.502325791770201,0.487550090036549
"DS02","Bike Sharing Daily - Humidity","mc.mars_OVERT",18,0.425369946790813,0.56809353848847,0.486479718318208
"DS02","Bike Sharing Daily - Humidity","mc.mars_OVERT",19,0.423444669988036,0.493507840081604,0.455799536366376
"DS02","Bike Sharing Daily - Humidity","mc.mars_OVERT",20,0.45442101395697,0.538155768736791,0.492756418163401
"DS02","Bike Sharing Daily - Humidity","mc.mars_OVERT",21,0.492162834024607,0.683109993274563,0.572124773807874
"DS02","Bike Sharing Daily - Humidity","mc.mars_OVERT",22,0.401439988264984,0.633783401521346,0.491538355449608
"DS02","Bike Sharing Daily - Humidity","mc.mars_OVERT",23,0.471806495811953,0.64184001337821,0.543842745583753
"DS02","Bike Sharing Daily - Humidity","mc.mars_OVERT",24,0.460439370531116,0.603512939429723,0.522356341232312
"DS02","Bike Sharing Daily - Humidity","mc.mars_OVERT",25,0.484526423539042,0.60738052696897,0.539042112192095
"DS02","Bike Sharing Daily - Humidity","mc.mars_OVERT",26,0.473847025580237,0.632697482628702,0.541870332393544
"DS02","Bike Sharing Daily - Humidity","mc.mars_OVERT",27,0.421610226860504,0.508784440949537,0.461113398417768
"DS02","Bike Sharing Daily - Humidity","mc.mars_OVERT",28,0.404714692113692,0.488933929004226,0.442855815730672
"DS02","Bike Sharing Daily - Humidity","mc.mars_OVERT",29,0.440849666647472,0.419003034038709,0.42964881713539
"DS02","Bike Sharing Daily - Humidity","mc.mars_OVERT",30,0.378240442265621,0.595749369533915,0.4627081357158
"DS02","Bike Sharing Daily - Humidity","mc.mars_OVERT",31,0.391500752948101,0.572542143474009,0.46502221238597
"DS02","Bike Sharing Daily - Humidity","mc.mars_OVERT",32,0.435633048007775,0.580952240481232,0.497906074647119
"DS02","Bike Sharing Daily - Humidity","mc.mars_OVERT",33,0.521534441848499,0.561820203213572,0.540928286849986
"DS02","Bike Sharing Daily - Humidity","mc.mars_OVERT",34,0.42896231096938,0.563016873634471,0.486931627149912
"DS02","Bike Sharing Daily - Humidity","mc.mars_OVERT",35,0.508140702123502,0.571853882399106,0.538117945179843
"DS02","Bike Sharing Daily - Humidity","mc.mars_OVERT",36,0.402395044671991,0.574848173123631,0.473405293772165
"DS02","Bike Sharing Daily - Humidity","mc.mars_OVERT",37,0.466715760959315,0.582545042243247,0.518237128183556
"DS02","Bike Sharing Daily - Humidity","mc.mars_OVERT",38,0.40050936120886,0.604768120974955,0.481887435268092
"DS02","Bike Sharing Daily - Humidity","mc.mars_OVERT",39,0.399889055218793,0.580448792989701,0.473541075366449
"DS02","Bike Sharing Daily - Humidity","mc.mars_OVERT",40,0.438308458423245,0.555287389331017,0.489911788882075
"DS02","Bike Sharing Daily - Humidity","mc.mars_OVERT",41,0.420030145275234,0.627434445759555,0.503198644915948
"DS02","Bike Sharing Daily - Humidity","mc.mars_OVERT",42,0.412915939901138,0.575339522231228,0.480780261151867
"DS02","Bike Sharing Daily - Humidity","mc.mars_OVERT",43,0.553884376484613,0.628327338602508,0.588762049519091
"DS02","Bike Sharing Daily - Humidity","mc.mars_OVERT",44,0.567127507113708,0.532932854560898,0.549498721699266
"DS02","Bike Sharing Daily - Humidity","mc.mars_OVERT",45,0.405072412001032,0.549339945853604,0.466302547413845
"DS02","Bike Sharing Daily - Humidity","mc.mars_OVERT",46,0.523820809203215,0.621863316102323,0.568647043734924
"DS02","Bike Sharing Daily - Humidity","mc.mars_OVERT",47,0.313451944266811,0.511627744950644,0.388739932618452
"DS02","Bike Sharing Daily - Humidity","mc.mars_OVERT",48,0.293019835897759,0.49524604355104,0.36819280954242
"DS02","Bike Sharing Daily - Humidity","mc.mars_OVERT",49,0.386697427119405,0.550119762190387,0.454154554536499
"DS02","Bike Sharing Daily - Humidity","mc.mars_OVERT",50,0.475888477496264,0.612567491882877,0.535646492420135
"DS02","Bike Sharing Daily - Humidity","mc.mars_OVERTPhi",1,0.407451951063807,0.647684935228015,0.500220386495525
"DS02","Bike Sharing Daily - Humidity","mc.mars_OVERTPhi",2,0.427057658537651,0.588213630113487,0.494845345089856
"DS02","Bike Sharing Daily - Humidity","mc.mars_OVERTPhi",3,0.405060011772172,0.624328285537228,0.491341165137414
"DS02","Bike Sharing Daily - Humidity","mc.mars_OVERTPhi",4,0.440869828288996,0.661463721640741,0.52909465995613
"DS02","Bike Sharing Daily - Humidity","mc.mars_OVERTPhi",5,0.454648447145205,0.638743062383635,0.53119772543804
"DS02","Bike Sharing Daily - Humidity","mc.mars_OVERTPhi",6,0.50200110598041,0.712106176719585,0.588873970830213
"DS02","Bike Sharing Daily - Humidity","mc.mars_OVERTPhi",7,0.484049225687674,0.622764570522445,0.544714403053716
"DS02","Bike Sharing Daily - Humidity","mc.mars_OVERTPhi",8,0.447296443838693,0.683378899117664,0.540690930025049
"DS02","Bike Sharing Daily - Humidity","mc.mars_OVERTPhi",9,0.512294222052206,0.66788450121936,0.579833145990662
"DS02","Bike Sharing Daily - Humidity","mc.mars_OVERTPhi",10,0.511750832098139,0.695344707876575,0.589585863035048
"DS02","Bike Sharing Daily - Humidity","mc.mars_OVERTPhi",11,0.524463876240132,0.688692640741794,0.59546217960411
"DS02","Bike Sharing Daily - Humidity","mc.mars_OVERTPhi",12,0.508383089406209,0.65618935277109,0.572906516272244
"DS02","Bike Sharing Daily - Humidity","mc.mars_OVERTPhi",13,0.458281472790716,0.684823321567948,0.549104232540061
"DS02","Bike Sharing Daily - Humidity","mc.mars_OVERTPhi",14,0.461435920556298,0.629174027021702,0.532405736796396
"DS02","Bike Sharing Daily - Humidity","mc.mars_OVERTPhi",15,0.503631332807605,0.483752662256031,0.493491892230905
"DS02","Bike Sharing Daily - Humidity","mc.mars_OVERTPhi",16,0.488845117622876,0.499334551768212,0.494034162517651
"DS02","Bike Sharing Daily - Humidity","mc.mars_OVERTPhi",17,0.440862211920828,0.463460949354256,0.451879213141356
"DS02","Bike Sharing Daily - Humidity","mc.mars_OVERTPhi",18,0.420301986726605,0.567056656372238,0.482772984114016
"DS02","Bike Sharing Daily - Humidity","mc.mars_OVERTPhi",19,0.450214355665266,0.550044730874488,0.495147782069941
"DS02","Bike Sharing Daily - Humidity","mc.mars_OVERTPhi",20,0.42429379875179,0.522120770423931,0.468151299241567
"DS02","Bike Sharing Daily - Humidity","mc.mars_OVERTPhi",21,0.491457586515022,0.683613305597287,0.571824129988386
"DS02","Bike Sharing Daily - Humidity","mc.mars_OVERTPhi",22,0.401919874243404,0.633731096594576,0.491882168451661
"DS02","Bike Sharing Daily - Humidity","mc.mars_OVERTPhi",23,0.459253503779644,0.643480146173276,0.535978042848935
"DS02","Bike Sharing Daily - Humidity","mc.mars_OVERTPhi",24,0.450400482813507,0.620272389972293,0.521860581360409
"DS02","Bike Sharing Daily - Humidity","mc.mars_OVERTPhi",25,0.43889620687243,0.595001282851573,0.505163826633329
"DS02","Bike Sharing Daily - Humidity","mc.mars_OVERTPhi",26,0.473616331184292,0.630279624363448,0.540831265502939
"DS02","Bike Sharing Daily - Humidity","mc.mars_OVERTPhi",27,0.403680638986761,0.493125460329611,0.443942567023672
"DS02","Bike Sharing Daily - Humidity","mc.mars_OVERTPhi",28,0.441055884821435,0.503945420807923,0.470408013517233
"DS02","Bike Sharing Daily - Humidity","mc.mars_OVERTPhi",29,0.463344667160968,0.523584018645989,0.49162592260041
"DS02","Bike Sharing Daily - Humidity","mc.mars_OVERTPhi",30,0.381898161763216,0.598313082650945,0.466215150510424
"DS02","Bike Sharing Daily - Humidity","mc.mars_OVERTPhi",31,0.385252659399003,0.572732473940263,0.460647458986226
"DS02","Bike Sharing Daily - Humidity","mc.mars_OVERTPhi",32,0.435984575751958,0.582554439605009,0.498723654909961
"DS02","Bike Sharing Daily - Humidity","mc.mars_OVERTPhi",33,0.528672424171046,0.559581746719938,0.543688131823266
"DS02","Bike Sharing Daily - Humidity","mc.mars_OVERTPhi",34,0.391257858786364,0.525982944383132,0.448726135746193
"DS02","Bike Sharing Daily - Humidity","mc.mars_OVERTPhi",35,0.485544214312222,0.581978441962283,0.52940565464976
"DS02","Bike Sharing Daily - Humidity","mc.mars_OVERTPhi",36,0.406400848714204,0.576484990530796,0.476726757204437
"DS02","Bike Sharing Daily - Humidity","mc.mars_OVERTPhi",37,0.477381602607437,0.587316423633609,0.52667338276516
"DS02","Bike Sharing Daily - Humidity","mc.mars_OVERTPhi",38,0.419014224754011,0.604090827238375,0.494812627820316
"DS02","Bike Sharing Daily - Humidity","mc.mars_OVERTPhi",39,0.390228313645192,0.578997460421842,0.466230281180363
"DS02","Bike Sharing Daily - Humidity","mc.mars_OVERTPhi",40,0.451185888624912,0.5667114238484,0.502392911799015
"DS02","Bike Sharing Daily - Humidity","mc.mars_OVERTPhi",41,0.420277331950335,0.626559568892285,0.503094194921946
"DS02","Bike Sharing Daily - Humidity","mc.mars_OVERTPhi",42,0.488351507252864,0.59289033581129,0.535567303441698
"DS02","Bike Sharing Daily - Humidity","mc.mars_OVERTPhi",43,0.465988557798841,0.628723345378712,0.535260252705903
"DS02","Bike Sharing Daily - Humidity","mc.mars_OVERTPhi",44,0.533891265378053,0.590816686443067,0.560913378127739
"DS02","Bike Sharing Daily - Humidity","mc.mars_OVERTPhi",45,0.426407684217868,0.542774563171566,0.477605208221183
"DS02","Bike Sharing Daily - Humidity","mc.mars_OVERTPhi",46,0.566512425266536,0.626103530041975,0.594819191699083
"DS02","Bike Sharing Daily - Humidity","mc.mars_OVERTPhi",47,0.311090644063171,0.506849802651963,0.385544527559485
"DS02","Bike Sharing Daily - Humidity","mc.mars_OVERTPhi",48,0.261636179163076,0.482253638826067,0.339230344060936
"DS02","Bike Sharing Daily - Humidity","mc.mars_OVERTPhi",49,0.382193821997386,0.572177971652271,0.458276087586827
"DS02","Bike Sharing Daily - Humidity","mc.mars_OVERTPhi",50,0.475264439507266,0.613224176070486,0.535501502103907
"DS02","Bike Sharing Daily - Humidity","mc.mars_SMOTEB",1,0.362958514969018,0.619343730567596,0.457692287121637
"DS02","Bike Sharing Daily - Humidity","mc.mars_SMOTEB",2,0.476199922272825,0.753810977084426,0.583677313564595
"DS02","Bike Sharing Daily - Humidity","mc.mars_SMOTEB",3,0.368519551756226,0.542040411955769,0.43874648042593
"DS02","Bike Sharing Daily - Humidity","mc.mars_SMOTEB",4,0.441464338197517,0.686808955413552,0.537461380477006
"DS02","Bike Sharing Daily - Humidity","mc.mars_SMOTEB",5,0.389932847159991,0.670883427138365,0.493204131939892
"DS02","Bike Sharing Daily - Humidity","mc.mars_SMOTEB",6,0.474174810802662,0.638698467940866,0.544275311449195
"DS02","Bike Sharing Daily - Humidity","mc.mars_SMOTEB",7,0.395647367045621,0.714456014133918,0.509272641907711
"DS02","Bike Sharing Daily - Humidity","mc.mars_SMOTEB",8,0.371098768370709,0.607393437526613,0.460714873811125
"DS02","Bike Sharing Daily - Humidity","mc.mars_SMOTEB",9,0.40891752753816,0.539995332517669,0.465403232584034
"DS02","Bike Sharing Daily - Humidity","mc.mars_SMOTEB",10,0.433118236028048,0.784676080746214,0.558152580062008
"DS02","Bike Sharing Daily - Humidity","mc.mars_SMOTEB",11,0.359719037009685,0.528441184001601,0.428054194115722
"DS02","Bike Sharing Daily - Humidity","mc.mars_SMOTEB",12,0.422061939150766,0.682549311366083,0.521591801253875
"DS02","Bike Sharing Daily - Humidity","mc.mars_SMOTEB",13,0.424315795859757,0.635196521215348,0.508769767152662
"DS02","Bike Sharing Daily - Humidity","mc.mars_SMOTEB",14,0.353461056301602,0.624911370641148,0.45152914591414
"DS02","Bike Sharing Daily - Humidity","mc.mars_SMOTEB",15,0.40553780930544,0.458427650128409,0.430363836720837
"DS02","Bike Sharing Daily - Humidity","mc.mars_SMOTEB",16,0.368809618965011,0.541290014442803,0.438705734291314
"DS02","Bike Sharing Daily - Humidity","mc.mars_SMOTEB",17,0.37491687564258,0.530849640557088,0.439460909879289
"DS02","Bike Sharing Daily - Humidity","mc.mars_SMOTEB",18,0.372769112763918,0.506770046904594,0.429561819239866
"DS02","Bike Sharing Daily - Humidity","mc.mars_SMOTEB",19,0.418526781468721,0.645141875182619,0.507694103652399
"DS02","Bike Sharing Daily - Humidity","mc.mars_SMOTEB",20,0.407789787103601,0.62307183358718,0.492951382162245
"DS02","Bike Sharing Daily - Humidity","mc.mars_SMOTEB",21,0.430128071779958,0.794548177425119,0.558118891770747
"DS02","Bike Sharing Daily - Humidity","mc.mars_SMOTEB",22,0.410531173208586,0.648454123326963,0.502765492386469
"DS02","Bike Sharing Daily - Humidity","mc.mars_SMOTEB",23,0.383061483719894,0.653216956899919,0.482924756306646
"DS02","Bike Sharing Daily - Humidity","mc.mars_SMOTEB",24,0.39929095217193,0.577953708554801,0.472290503850961
"DS02","Bike Sharing Daily - Humidity","mc.mars_SMOTEB",25,0.434026503112053,0.605940197240041,0.505774088370489
"DS02","Bike Sharing Daily - Humidity","mc.mars_SMOTEB",26,0.412896781673928,0.73997656973651,0.530039043377183
"DS02","Bike Sharing Daily - Humidity","mc.mars_SMOTEB",27,0.45012555641065,0.623764200997026,0.522906948513231
"DS02","Bike Sharing Daily - Humidity","mc.mars_SMOTEB",28,0.39608942541769,0.515359746224599,0.447920854210005
"DS02","Bike Sharing Daily - Humidity","mc.mars_SMOTEB",29,0.439364336006502,0.575205099649766,0.498190853761921
"DS02","Bike Sharing Daily - Humidity","mc.mars_SMOTEB",30,0.392226565485584,0.680538751363891,0.497639834052838
"DS02","Bike Sharing Daily - Humidity","mc.mars_SMOTEB",31,0.380960648215048,0.653192742059705,0.481245302224108
"DS02","Bike Sharing Daily - Humidity","mc.mars_SMOTEB",32,0.366687322025605,0.714202160271765,0.484580305061949
"DS02","Bike Sharing Daily - Humidity","mc.mars_SMOTEB",33,0.363316536769495,0.543494932092287,0.435505511917249
"DS02","Bike Sharing Daily - Humidity","mc.mars_SMOTEB",34,0.401678259038136,0.604308286851021,0.482585978066117
"DS02","Bike Sharing Daily - Humidity","mc.mars_SMOTEB",35,0.387172941924959,0.57098437320212,0.46144760589032
"DS02","Bike Sharing Daily - Humidity","mc.mars_SMOTEB",36,0.412687020534247,0.635000017027276,0.500256766898854
"DS02","Bike Sharing Daily - Humidity","mc.mars_SMOTEB",37,0.430491192539162,0.701954553027996,0.533686057498453
"DS02","Bike Sharing Daily - Humidity","mc.mars_SMOTEB",38,0.406564701703847,0.645220494969739,0.4988164482638
"DS02","Bike Sharing Daily - Humidity","mc.mars_SMOTEB",39,0.376454056909332,0.653413053440192,0.47769268934434
"DS02","Bike Sharing Daily - Humidity","mc.mars_SMOTEB",40,0.430552646009614,0.645171129159742,0.516452537725133
"DS02","Bike Sharing Daily - Humidity","mc.mars_SMOTEB",41,0.355646000003648,0.601946340274884,0.447120970231087
"DS02","Bike Sharing Daily - Humidity","mc.mars_SMOTEB",42,0.343950305643568,0.642648383550578,0.448083117004972
"DS02","Bike Sharing Daily - Humidity","mc.mars_SMOTEB",43,0.387056867655822,0.605457555600872,0.472227908185905
"DS02","Bike Sharing Daily - Humidity","mc.mars_SMOTEB",44,0.448391962169145,0.662919747003414,0.534949616144787
"DS02","Bike Sharing Daily - Humidity","mc.mars_SMOTEB",45,0.414900915154143,0.618945769098965,0.496787715125225
"DS02","Bike Sharing Daily - Humidity","mc.mars_SMOTEB",46,0.413191373674146,0.574849797541674,0.480795708563983
"DS02","Bike Sharing Daily - Humidity","mc.mars_SMOTEB",47,0.384842592666872,0.637275898338614,0.479887432071564
"DS02","Bike Sharing Daily - Humidity","mc.mars_SMOTEB",48,0.429574740896036,0.631219466255812,0.511231937047258
"DS02","Bike Sharing Daily - Humidity","mc.mars_SMOTEB",49,0.393468231750596,0.605838209156542,0.477087065840145
"DS02","Bike Sharing Daily - Humidity","mc.mars_SMOTEB",50,0.432360227635434,0.589031767723336,0.498680056892179
"DS02","Bike Sharing Daily - Humidity","mc.mars_SMOTET",1,0.433701767557934,0.714175280450714,0.539672924055755
"DS02","Bike Sharing Daily - Humidity","mc.mars_SMOTET",2,0.477681442784976,0.679710970945677,0.561063496574236
"DS02","Bike Sharing Daily - Humidity","mc.mars_SMOTET",3,0.490513219587894,0.683099098567507,0.571004807895291
"DS02","Bike Sharing Daily - Humidity","mc.mars_SMOTET",4,0.464782643415541,0.678254665846568,0.551584788959508
"DS02","Bike Sharing Daily - Humidity","mc.mars_SMOTET",5,0.496684856592831,0.723276925581356,0.588937622978729
"DS02","Bike Sharing Daily - Humidity","mc.mars_SMOTET",6,0.469557060492079,0.704459298589581,0.563508054931673
"DS02","Bike Sharing Daily - Humidity","mc.mars_SMOTET",7,0.433959415032415,0.476082255928488,0.454045971481487
"DS02","Bike Sharing Daily - Humidity","mc.mars_SMOTET",8,0.38045000471064,0.568243370267169,0.455759887434633
"DS02","Bike Sharing Daily - Humidity","mc.mars_SMOTET",9,0.40784645972913,0.605742120644555,0.487475459367579
"DS02","Bike Sharing Daily - Humidity","mc.mars_SMOTET",10,0.459550582914862,0.58774335014313,0.515801324989921
"DS02","Bike Sharing Daily - Humidity","mc.mars_SMOTET",11,0.466580918064388,0.606607009458466,0.527458887896215
"DS02","Bike Sharing Daily - Humidity","mc.mars_SMOTET",12,0.521099709646997,0.61183427436198,0.562833611176382
"DS02","Bike Sharing Daily - Humidity","mc.mars_SMOTET",13,0.482234534503282,0.593324083959724,0.532042342511795
"DS02","Bike Sharing Daily - Humidity","mc.mars_SMOTET",14,0.420645380965943,0.54454096436414,0.474641280442442
"DS02","Bike Sharing Daily - Humidity","mc.mars_SMOTET",15,0.489698347322278,0.525841565310967,0.5071267850388
"DS02","Bike Sharing Daily - Humidity","mc.mars_SMOTET",16,0.469704976956468,0.519255271798864,0.493238804657253
"DS02","Bike Sharing Daily - Humidity","mc.mars_SMOTET",17,0.389481706744635,0.531098980718281,0.449397516757758
"DS02","Bike Sharing Daily - Humidity","mc.mars_SMOTET",18,0.383118075699303,0.619879272108045,0.473554500248857
"DS02","Bike Sharing Daily - Humidity","mc.mars_SMOTET",19,0.406654234277941,0.600192419616717,0.48482216805221
"DS02","Bike Sharing Daily - Humidity","mc.mars_SMOTET",20,0.397301219035302,0.594961327165281,0.476444186000434
"DS02","Bike Sharing Daily - Humidity","mc.mars_SMOTET",21,0.419142227119144,0.667155047295667,0.514836700677395
"DS02","Bike Sharing Daily - Humidity","mc.mars_SMOTET",22,0.409763940149752,0.673009436024643,0.509386367141342
"DS02","Bike Sharing Daily - Humidity","mc.mars_SMOTET",23,0.385267094610472,0.563053659211575,0.457495096506018
"DS02","Bike Sharing Daily - Humidity","mc.mars_SMOTET",24,0.45151254275835,0.678666208954373,0.542261664758405
"DS02","Bike Sharing Daily - Humidity","mc.mars_SMOTET",25,0.467356785523221,0.709134812354134,0.563402181541104
"DS02","Bike Sharing Daily - Humidity","mc.mars_SMOTET",26,0.395553793193973,0.762184262574473,0.520817078909916
"DS02","Bike Sharing Daily - Humidity","mc.mars_SMOTET",27,0.434135749656545,0.614963209625811,0.508965358624938
"DS02","Bike Sharing Daily - Humidity","mc.mars_SMOTET",28,0.366610826404993,0.527166531683038,0.432467786489479
"DS02","Bike Sharing Daily - Humidity","mc.mars_SMOTET",29,0.421302891557883,0.577112579590143,0.487050142073987
"DS02","Bike Sharing Daily - Humidity","mc.mars_SMOTET",30,0.455048970616173,0.616608783014873,0.523650747700204
"DS02","Bike Sharing Daily - Humidity","mc.mars_SMOTET",31,0.433614468412007,0.737873527680971,0.546232891037293
"DS02","Bike Sharing Daily - Humidity","mc.mars_SMOTET",32,0.380297400114096,0.706041159307109,0.494331375664497
"DS02","Bike Sharing Daily - Humidity","mc.mars_SMOTET",33,0.468901741247132,0.59930530487165,0.526143881963707
"DS02","Bike Sharing Daily - Humidity","mc.mars_SMOTET",34,0.435164117486345,0.617861085403907,0.510663891464274
"DS02","Bike Sharing Daily - Humidity","mc.mars_SMOTET",35,0.405162420334298,0.661905900084266,0.502647096497998
"DS02","Bike Sharing Daily - Humidity","mc.mars_SMOTET",36,0.358794986127736,0.581656395218937,0.443819643190586
"DS02","Bike Sharing Daily - Humidity","mc.mars_SMOTET",37,0.418626223965786,0.64319527079674,0.507163226237965
"DS02","Bike Sharing Daily - Humidity","mc.mars_SMOTET",38,0.363740090826347,0.624190419052109,0.459633703886486
"DS02","Bike Sharing Daily - Humidity","mc.mars_SMOTET",39,0.401586756208997,0.600758325644411,0.481384288961615
"DS02","Bike Sharing Daily - Humidity","mc.mars_SMOTET",40,0.400670024357184,0.595695001077259,0.479095762091827
"DS02","Bike Sharing Daily - Humidity","mc.mars_SMOTET",41,0.387909499649243,0.704587738537825,0.5003514289313
"DS02","Bike Sharing Daily - Humidity","mc.mars_SMOTET",42,0.402205150762896,0.741335535449769,0.521483799214846
"DS02","Bike Sharing Daily - Humidity","mc.mars_SMOTET",43,0.417288901046854,0.597008870677918,0.491226901024902
"DS02","Bike Sharing Daily - Humidity","mc.mars_SMOTET",44,0.385582066362952,0.558048138420706,0.456054401928743
"DS02","Bike Sharing Daily - Humidity","mc.mars_SMOTET",45,0.367143908572813,0.655257468978482,0.470605368037503
"DS02","Bike Sharing Daily - Humidity","mc.mars_SMOTET",46,0.444360713619988,0.641475938406368,0.525026863347004
"DS02","Bike Sharing Daily - Humidity","mc.mars_SMOTET",47,0.394778455470871,0.709378456055408,0.507260024915761
"DS02","Bike Sharing Daily - Humidity","mc.mars_SMOTET",48,0.361604168661614,0.660648489190905,0.467385916537072
"DS02","Bike Sharing Daily - Humidity","mc.mars_SMOTET",49,0.331756585135203,0.649360852874179,0.439151789019493
"DS02","Bike Sharing Daily - Humidity","mc.mars_SMOTET",50,0.34401465657557,0.549016118245912,0.422985627590662
"DS02","Bike Sharing Daily - Humidity","mc.mars_SMOTETPhi",1,0.479050326834568,0.633519716717278,0.545561745273456
"DS02","Bike Sharing Daily - Humidity","mc.mars_SMOTETPhi",2,0.48414449144073,0.684436203882382,0.567125606607145
"DS02","Bike Sharing Daily - Humidity","mc.mars_SMOTETPhi",3,0.478450792178844,0.703299865412517,0.569484561881666
"DS02","Bike Sharing Daily - Humidity","mc.mars_SMOTETPhi",4,0.460165086539533,0.705835041677496,0.557119395060142
"DS02","Bike Sharing Daily - Humidity","mc.mars_SMOTETPhi",5,0.452637330367216,0.796350654228053,0.577200163030835
"DS02","Bike Sharing Daily - Humidity","mc.mars_SMOTETPhi",6,0.403182476874532,0.615813961451118,0.487313574284412
"DS02","Bike Sharing Daily - Humidity","mc.mars_SMOTETPhi",7,0.398015778127622,0.61066693161873,0.481925726725614
"DS02","Bike Sharing Daily - Humidity","mc.mars_SMOTETPhi",8,0.444178418092853,0.659325199141514,0.530778548234219
"DS02","Bike Sharing Daily - Humidity","mc.mars_SMOTETPhi",9,0.417616377050372,0.605201959474709,0.494207506209323
"DS02","Bike Sharing Daily - Humidity","mc.mars_SMOTETPhi",10,0.430445292042719,0.535524129006195,0.477269435414813
"DS02","Bike Sharing Daily - Humidity","mc.mars_SMOTETPhi",11,0.49113285593917,0.667660944028994,0.565950950460748
"DS02","Bike Sharing Daily - Humidity","mc.mars_SMOTETPhi",12,0.432460160141596,0.594621495947211,0.500739363489774
"DS02","Bike Sharing Daily - Humidity","mc.mars_SMOTETPhi",13,0.389557115781643,0.608184490937676,0.474917743346065
"DS02","Bike Sharing Daily - Humidity","mc.mars_SMOTETPhi",14,0.363710629206205,0.480513706716873,0.414031994046009
"DS02","Bike Sharing Daily - Humidity","mc.mars_SMOTETPhi",15,0.43796195134902,0.533530357872319,0.48104548933586
"DS02","Bike Sharing Daily - Humidity","mc.mars_SMOTETPhi",16,0.469774946988989,0.530460826321179,0.498276932727725
"DS02","Bike Sharing Daily - Humidity","mc.mars_SMOTETPhi",17,0.37068162493773,0.47288420210624,0.415591715132354
"DS02","Bike Sharing Daily - Humidity","mc.mars_SMOTETPhi",18,0.376579396897087,0.553946987111775,0.448359177997308
"DS02","Bike Sharing Daily - Humidity","mc.mars_SMOTETPhi",19,0.382118310747353,0.575563438971416,0.459303581993246
"DS02","Bike Sharing Daily - Humidity","mc.mars_SMOTETPhi",20,0.369455739673878,0.52069577741071,0.432227637421547
"DS02","Bike Sharing Daily - Humidity","mc.mars_SMOTETPhi",21,0.403472089561744,0.678406361543021,0.506005146852189
"DS02","Bike Sharing Daily - Humidity","mc.mars_SMOTETPhi",22,0.308472884443183,0.480966291365532,0.375874579736883
"DS02","Bike Sharing Daily - Humidity","mc.mars_SMOTETPhi",23,0.386223505736374,0.596997404548244,0.469018565590501
"DS02","Bike Sharing Daily - Humidity","mc.mars_SMOTETPhi",24,0.399914595527992,0.57630669739634,0.472174621594111
"DS02","Bike Sharing Daily - Humidity","mc.mars_SMOTETPhi",25,0.393494425058578,0.563795316956137,0.463496691460345
"DS02","Bike Sharing Daily - Humidity","mc.mars_SMOTETPhi",26,0.388803420025219,0.602251957285744,0.472541950874472
"DS02","Bike Sharing Daily - Humidity","mc.mars_SMOTETPhi",27,0.371888043663205,0.615178556408433,0.463550382172151
"DS02","Bike Sharing Daily - Humidity","mc.mars_SMOTETPhi",28,0.366659287136043,0.573656495603797,0.447374138773215
"DS02","Bike Sharing Daily - Humidity","mc.mars_SMOTETPhi",29,0.429724709595768,0.574023352983555,0.491501857603941
"DS02","Bike Sharing Daily - Humidity","mc.mars_SMOTETPhi",30,0.402072571537494,0.723836055093501,0.516977341072248
"DS02","Bike Sharing Daily - Humidity","mc.mars_SMOTETPhi",31,0.430175023318179,0.690295911049735,0.530041521870943
"DS02","Bike Sharing Daily - Humidity","mc.mars_SMOTETPhi",32,0.344134250395634,0.585837551044792,0.433576085146122
"DS02","Bike Sharing Daily - Humidity","mc.mars_SMOTETPhi",33,0.400188269306335,0.710009300104615,0.511868159017905
"DS02","Bike Sharing Daily - Humidity","mc.mars_SMOTETPhi",34,0.409954009687142,0.62908513297476,0.496412429731706
"DS02","Bike Sharing Daily - Humidity","mc.mars_SMOTETPhi",35,0.386252273564729,0.573221862775672,0.461519991770912
"DS02","Bike Sharing Daily - Humidity","mc.mars_SMOTETPhi",36,0.423143740671203,0.681628526425235,0.522147148349075
"DS02","Bike Sharing Daily - Humidity","mc.mars_SMOTETPhi",37,0.442848420002448,0.724023903679362,0.549559425279235
"DS02","Bike Sharing Daily - Humidity","mc.mars_SMOTETPhi",38,0.396820798145648,0.694076810715232,0.504949523704619
"DS02","Bike Sharing Daily - Humidity","mc.mars_SMOTETPhi",39,0.402568800168841,0.618067984140919,0.487567939199161
"DS02","Bike Sharing Daily - Humidity","mc.mars_SMOTETPhi",40,0.397077969063399,0.67103006999219,0.49892192106065
"DS02","Bike Sharing Daily - Humidity","mc.mars_SMOTETPhi",41,0.420050919293279,0.73218869765772,0.533841279231685
"DS02","Bike Sharing Daily - Humidity","mc.mars_SMOTETPhi",42,0.397651181816186,0.618001928190583,0.483923486647974
"DS02","Bike Sharing Daily - Humidity","mc.mars_SMOTETPhi",43,0.442742414019804,0.581116102115003,0.502578709502671
"DS02","Bike Sharing Daily - Humidity","mc.mars_SMOTETPhi",44,0.426284941685181,0.646178960735715,0.513688824348534
"DS02","Bike Sharing Daily - Humidity","mc.mars_SMOTETPhi",45,0.405089745009353,0.667517014928648,0.504200248341677
"DS02","Bike Sharing Daily - Humidity","mc.mars_SMOTETPhi",46,0.34536245034312,0.635411697863548,0.447498216285765
"DS02","Bike Sharing Daily - Humidity","mc.mars_SMOTETPhi",47,0.528076553919742,0.769680124082,0.626388651178563
"DS02","Bike Sharing Daily - Humidity","mc.mars_SMOTETPhi",48,0.395987634760818,0.66081807455508,0.495220235930888
"DS02","Bike Sharing Daily - Humidity","mc.mars_SMOTETPhi",49,0.431365229726388,0.655890584272716,0.520444938380266
"DS02","Bike Sharing Daily - Humidity","mc.mars_SMOTETPhi",50,0.421913579866365,0.707909886825816,0.52871409273861
"DS02","Bike Sharing Daily - Humidity","mc.rf",1,1e-05,0.444579993980162,1.99995501473207e-05
"DS02","Bike Sharing Daily - Humidity","mc.rf",2,1e-05,0.441092341507799,1.99995465904821e-05
"DS02","Bike Sharing Daily - Humidity","mc.rf",3,1e-05,0.439649981405677,1.99995451030149e-05
"DS02","Bike Sharing Daily - Humidity","mc.rf",4,1e-05,0.422403875305754,1.99995265307044e-05
"DS02","Bike Sharing Daily - Humidity","mc.rf",5,1e-05,0.425364769957774,1.99995298263693e-05
"DS02","Bike Sharing Daily - Humidity","mc.rf",6,1e-05,0.438246830631495,1.9999543646588e-05
"DS02","Bike Sharing Daily - Humidity","mc.rf",7,1e-05,0.415998414445664,1.99995192404936e-05
"DS02","Bike Sharing Daily - Humidity","mc.rf",8,1e-05,0.439796064217762,1.99995452541102e-05
"DS02","Bike Sharing Daily - Humidity","mc.rf",9,1e-05,0.445594121622352,1.99995511711174e-05
"DS02","Bike Sharing Daily - Humidity","mc.rf",10,1e-05,0.444545633525102,1.99995501125508e-05
"DS02","Bike Sharing Daily - Humidity","mc.rf",11,1e-05,0.457680861894785,1.99995630238297e-05
"DS02","Bike Sharing Daily - Humidity","mc.rf",12,1e-05,0.457720172922573,1.99995630613583e-05
"DS02","Bike Sharing Daily - Humidity","mc.rf",13,1e-05,0.450293636377892,1.99995558552411e-05
"DS02","Bike Sharing Daily - Humidity","mc.rf",14,1e-05,0.472932621536903,1.999957711572e-05
"DS02","Bike Sharing Daily - Humidity","mc.rf",15,1e-05,0.460240631921608,1.99995654541545e-05
"DS02","Bike Sharing Daily - Humidity","mc.rf",16,1e-05,0.455934165766307,1.99995613497989e-05
"DS02","Bike Sharing Daily - Humidity","mc.rf",17,1e-05,0.442560293190217,1.99995480943862e-05
"DS02","Bike Sharing Daily - Humidity","mc.rf",18,1e-05,0.443859183955217,1.99995494167939e-05
"DS02","Bike Sharing Daily - Humidity","mc.rf",19,1e-05,0.435936594596857,1.9999541228209e-05
"DS02","Bike Sharing Daily - Humidity","mc.rf",20,1e-05,0.42694648672537,1.99995315681897e-05
"DS02","Bike Sharing Daily - Humidity","mc.rf",21,1e-05,0.461475399774849,1.99995666168418e-05
"DS02","Bike Sharing Daily - Humidity","mc.rf",22,1e-05,0.460971155452154,1.99995661427856e-05
"DS02","Bike Sharing Daily - Humidity","mc.rf",23,1e-05,0.4591428779959,1.99995644152317e-05
"DS02","Bike Sharing Daily - Humidity","mc.rf",24,1e-05,0.455495440823227,1.99995609273083e-05
"DS02","Bike Sharing Daily - Humidity","mc.rf",25,1e-05,0.460650561423294,1.99995658408452e-05
"DS02","Bike Sharing Daily - Humidity","mc.rf",26,1e-05,0.452576705039958,1.99995580957245e-05
"DS02","Bike Sharing Daily - Humidity","mc.rf",27,1e-05,0.438658035960331,1.99995440743715e-05
"DS02","Bike Sharing Daily - Humidity","mc.rf",28,1e-05,0.437921014441391,1.99995433070657e-05
"DS02","Bike Sharing Daily - Humidity","mc.rf",29,1e-05,0.450308675743971,1.99995558700743e-05
"DS02","Bike Sharing Daily - Humidity","mc.rf",30,1e-05,0.481021770169738,1.99995842270461e-05
"DS02","Bike Sharing Daily - Humidity","mc.rf",31,1e-05,0.486521547308781,1.99995889269645e-05
"DS02","Bike Sharing Daily - Humidity","mc.rf",32,1e-05,0.474392180303611,1.99995784167774e-05
"DS02","Bike Sharing Daily - Humidity","mc.rf",33,1e-05,0.478184688413009,1.99995817603063e-05
"DS02","Bike Sharing Daily - Humidity","mc.rf",34,1e-05,0.4590978380131,1.99995643724994e-05
"DS02","Bike Sharing Daily - Humidity","mc.rf",35,1e-05,0.455416728373669,1.99995608514223e-05
"DS02","Bike Sharing Daily - Humidity","mc.rf",36,1e-05,0.479134474018167,1.99995825893632e-05
"DS02","Bike Sharing Daily - Humidity","mc.rf",37,1e-05,0.480203750100859,1.99995835187977e-05
"DS02","Bike Sharing Daily - Humidity","mc.rf",38,1e-05,0.487142602790228,1.99995894510286e-05
"DS02","Bike Sharing Daily - Humidity","mc.rf",39,1e-05,0.48034534940418,1.99995836415682e-05
"DS02","Bike Sharing Daily - Humidity","mc.rf",40,1e-05,0.480156022938521,1.99995834774006e-05
"DS02","Bike Sharing Daily - Humidity","mc.rf",41,1e-05,0.485418693078145,1.99995879930403e-05
"DS02","Bike Sharing Daily - Humidity","mc.rf",42,1e-05,0.465267976110972,1.9999570149437e-05
"DS02","Bike Sharing Daily - Humidity","mc.rf",43,1e-05,0.464535049429693,1.99995694712488e-05
"DS02","Bike Sharing Daily - Humidity","mc.rf",44,1e-05,0.444954153289067,1.99995505255906e-05
"DS02","Bike Sharing Daily - Humidity","mc.rf",45,1e-05,0.445298220883458,1.99995508728772e-05
"DS02","Bike Sharing Daily - Humidity","mc.rf",46,1e-05,0.443581432376906,1.99995491346645e-05
"DS02","Bike Sharing Daily - Humidity","mc.rf",47,1e-05,0.447980622872182,1.99995535620841e-05
"DS02","Bike Sharing Daily - Humidity","mc.rf",48,1e-05,0.446132199965913,1.9999551712436e-05
"DS02","Bike Sharing Daily - Humidity","mc.rf",49,1e-05,0.46531349532985,1.99995701914861e-05
"DS02","Bike Sharing Daily - Humidity","mc.rf",50,1e-05,0.438156165487415,1.99995435521595e-05
"DS02","Bike Sharing Daily - Humidity","mc.rf_UNDERB",1,1e-05,0.517336072594873,1.99996134115815e-05
"DS02","Bike Sharing Daily - Humidity","mc.rf_UNDERB",2,0.38797388617148,0.545938491219604,0.453596896618422
"DS02","Bike Sharing Daily - Humidity","mc.rf_UNDERB",3,0.653099105107497,0.586813175317876,0.618184311448087
"DS02","Bike Sharing Daily - Humidity","mc.rf_UNDERB",4,0.419082234824119,0.557967445379948,0.478653744444386
"DS02","Bike Sharing Daily - Humidity","mc.rf_UNDERB",5,0.654563673634481,0.613060898532523,0.633132873432871
"DS02","Bike Sharing Daily - Humidity","mc.rf_UNDERB",6,0.529259784975908,0.548134792252774,0.538531951834655
"DS02","Bike Sharing Daily - Humidity","mc.rf_UNDERB",7,0.49782904193559,0.48412526913029,0.490881533268755
"DS02","Bike Sharing Daily - Humidity","mc.rf_UNDERB",8,0.34262699918788,0.544194466652352,0.420503391642835
"DS02","Bike Sharing Daily - Humidity","mc.rf_UNDERB",9,0.410163784328462,0.538063171774072,0.465487772357243
"DS02","Bike Sharing Daily - Humidity","mc.rf_UNDERB",10,0.45792402085162,0.52584079054532,0.489538000027425
"DS02","Bike Sharing Daily - Humidity","mc.rf_UNDERB",11,0.489491223936936,0.492485619899757,0.49098385643025
"DS02","Bike Sharing Daily - Humidity","mc.rf_UNDERB",12,0.380281065497806,0.543159541811415,0.447355872506436
"DS02","Bike Sharing Daily - Humidity","mc.rf_UNDERB",13,1e-05,0.518347267378593,1.99996141657259e-05
"DS02","Bike Sharing Daily - Humidity","mc.rf_UNDERB",14,0.496661556249538,0.492042396243328,0.494341186040169
"DS02","Bike Sharing Daily - Humidity","mc.rf_UNDERB",15,0.411906688980685,0.484311277289675,0.445184234577633
"DS02","Bike Sharing Daily - Humidity","mc.rf_UNDERB",16,0.480733831727604,0.467886067399157,0.474222946830046
"DS02","Bike Sharing Daily - Humidity","mc.rf_UNDERB",17,0.504186295108075,0.499905025573654,0.502036533049129
"DS02","Bike Sharing Daily - Humidity","mc.rf_UNDERB",18,0.439782411638761,0.524692295392327,0.478499729134892
"DS02","Bike Sharing Daily - Humidity","mc.rf_UNDERB",19,0.471515715124934,0.505842884152856,0.488076473545002
"DS02","Bike Sharing Daily - Humidity","mc.rf_UNDERB",20,0.533668206256388,0.522473330009854,0.528011436476392
"DS02","Bike Sharing Daily - Humidity","mc.rf_UNDERB",21,0.468834412999651,0.5277964587016,0.496571298210466
"DS02","Bike Sharing Daily - Humidity","mc.rf_UNDERB",22,0.439643436077651,0.562697845979795,0.49361713202564
"DS02","Bike Sharing Daily - Humidity","mc.rf_UNDERB",23,0.410749097893575,0.59211610413319,0.485032594868069
"DS02","Bike Sharing Daily - Humidity","mc.rf_UNDERB",24,0.489060998398949,0.591885229801463,0.535582573623868
"DS02","Bike Sharing Daily - Humidity","mc.rf_UNDERB",25,0.363214637856624,0.557152000370531,0.439750320449426
"DS02","Bike Sharing Daily - Humidity","mc.rf_UNDERB",26,1e-05,0.508209930067326,1.9999606469585e-05
"DS02","Bike Sharing Daily - Humidity","mc.rf_UNDERB",27,0.624326662842178,0.455795160870295,0.526912919410682
"DS02","Bike Sharing Daily - Humidity","mc.rf_UNDERB",28,1e-05,0.454016658321905,1.99995594972314e-05
"DS02","Bike Sharing Daily - Humidity","mc.rf_UNDERB",29,0.445740292918519,0.473541513074344,0.459220516213448
"DS02","Bike Sharing Daily - Humidity","mc.rf_UNDERB",30,0.474475046708982,0.584743885696402,0.523869757215419
"DS02","Bike Sharing Daily - Humidity","mc.rf_UNDERB",31,1e-05,0.528203500999962,1.99996213652252e-05
"DS02","Bike Sharing Daily - Humidity","mc.rf_UNDERB",32,0.479397701547347,0.556316031759536,0.515000657774304
"DS02","Bike Sharing Daily - Humidity","mc.rf_UNDERB",33,0.437445186269006,0.560165782523178,0.491257279125648
"DS02","Bike Sharing Daily - Humidity","mc.rf_UNDERB",34,1e-05,0.501670114779666,1.99996013395905e-05
"DS02","Bike Sharing Daily - Humidity","mc.rf_UNDERB",35,0.415828510641624,0.512497958554145,0.459129993346126
"DS02","Bike Sharing Daily - Humidity","mc.rf_UNDERB",36,0.516674296889017,0.560399842934009,0.537649515700413
"DS02","Bike Sharing Daily - Humidity","mc.rf_UNDERB",37,1e-05,0.532942565111959,1.99996247320811e-05
"DS02","Bike Sharing Daily - Humidity","mc.rf_UNDERB",38,1e-05,0.57254700473292,1.99996506898032e-05
"DS02","Bike Sharing Daily - Humidity","mc.rf_UNDERB",39,0.409751618142173,0.642008835307633,0.500235882165024
"DS02","Bike Sharing Daily - Humidity","mc.rf_UNDERB",40,1e-05,0.542178254811412,1.99996311244328e-05
"DS02","Bike Sharing Daily - Humidity","mc.rf_UNDERB",41,0.379101999883074,0.566931038625033,0.454370369300155
"DS02","Bike Sharing Daily - Humidity","mc.rf_UNDERB",42,1e-05,0.606496014436492,1.99996702423468e-05
"DS02","Bike Sharing Daily - Humidity","mc.rf_UNDERB",43,0.706828079964889,0.621894450108332,0.661646732349258
"DS02","Bike Sharing Daily - Humidity","mc.rf_UNDERB",44,1e-05,0.539567566354449,1.99996293396678e-05
"DS02","Bike Sharing Daily - Humidity","mc.rf_UNDERB",45,0.412944164016577,0.560012926705586,0.475363347596901
"DS02","Bike Sharing Daily - Humidity","mc.rf_UNDERB",46,0.418866987808955,0.545872467390831,0.47400975447094
"DS02","Bike Sharing Daily - Humidity","mc.rf_UNDERB",47,1e-05,0.485340662059027,1.99995879268009e-05
"DS02","Bike Sharing Daily - Humidity","mc.rf_UNDERB",48,1e-05,0.521977597856643,1.99996168491343e-05
"DS02","Bike Sharing Daily - Humidity","mc.rf_UNDERB",49,1e-05,0.560010111257225,1.99996428699685e-05
"DS02","Bike Sharing Daily - Humidity","mc.rf_UNDERB",50,0.439003697327993,0.547635275089746,0.487339173238822
"DS02","Bike Sharing Daily - Humidity","mc.rf_UNDERT",1,0.487424420025239,0.541055919346529,0.512841826125322
"DS02","Bike Sharing Daily - Humidity","mc.rf_UNDERT",2,1e-05,0.573057611312465,1.99996510010406e-05
"DS02","Bike Sharing Daily - Humidity","mc.rf_UNDERT",3,0.665186636107989,0.618321521146651,0.640898478689009
"DS02","Bike Sharing Daily - Humidity","mc.rf_UNDERT",4,0.442124788940976,0.51115220183579,0.474139335240256
"DS02","Bike Sharing Daily - Humidity","mc.rf_UNDERT",5,0.558707121655273,0.602642698318293,0.579843836152046
"DS02","Bike Sharing Daily - Humidity","mc.rf_UNDERT",6,0.469218431427032,0.530074849007753,0.497793578842283
"DS02","Bike Sharing Daily - Humidity","mc.rf_UNDERT",7,0.453721689590096,0.514747731700807,0.482311997478765
"DS02","Bike Sharing Daily - Humidity","mc.rf_UNDERT",8,0.46065284726957,0.520262896527492,0.488646626643777
"DS02","Bike Sharing Daily - Humidity","mc.rf_UNDERT",9,0.467265408459034,0.504484482244178,0.485162179923652
"DS02","Bike Sharing Daily - Humidity","mc.rf_UNDERT",10,0.422262291791179,0.560799989030967,0.481769452911247
"DS02","Bike Sharing Daily - Humidity","mc.rf_UNDERT",11,0.4125947497933,0.528772666687989,0.463514717611863
"DS02","Bike Sharing Daily - Humidity","mc.rf_UNDERT",12,0.451187202049886,0.538109042852153,0.490829546141149
"DS02","Bike Sharing Daily - Humidity","mc.rf_UNDERT",13,0.514106320651063,0.539394730487941,0.526447012027021
"DS02","Bike Sharing Daily - Humidity","mc.rf_UNDERT",14,0.401856604595622,0.53469598594019,0.458855414147972
"DS02","Bike Sharing Daily - Humidity","mc.rf_UNDERT",15,0.516345962483963,0.502151063558156,0.509149595130108
"DS02","Bike Sharing Daily - Humidity","mc.rf_UNDERT",16,0.352305263953989,0.520710331550293,0.420265094335294
"DS02","Bike Sharing Daily - Humidity","mc.rf_UNDERT",17,0.446554338141387,0.522703970888684,0.481637812313723
"DS02","Bike Sharing Daily - Humidity","mc.rf_UNDERT",18,0.426071061676435,0.463256198352122,0.443886225310894
"DS02","Bike Sharing Daily - Humidity","mc.rf_UNDERT",19,0.494468844818802,0.48722368193131,0.490819527720136
"DS02","Bike Sharing Daily - Humidity","mc.rf_UNDERT",20,0.399093745395747,0.535114081461206,0.457201656515469
"DS02","Bike Sharing Daily - Humidity","mc.rf_UNDERT",21,1e-05,0.529765706936693,1.99996224817458e-05
"DS02","Bike Sharing Daily - Humidity","mc.rf_UNDERT",22,0.430647217638864,0.595902953258903,0.499973515331061
"DS02","Bike Sharing Daily - Humidity","mc.rf_UNDERT",23,0.433649347224501,0.589760116389567,0.499798171864132
"DS02","Bike Sharing Daily - Humidity","mc.rf_UNDERT",24,1e-05,0.522223712808391,1.99996170297032e-05
"DS02","Bike Sharing Daily - Humidity","mc.rf_UNDERT",25,1e-05,0.502067318076778,1.99996016549786e-05
"DS02","Bike Sharing Daily - Humidity","mc.rf_UNDERT",26,0.473469149673918,0.536153304067989,0.502865299857575
"DS02","Bike Sharing Daily - Humidity","mc.rf_UNDERT",27,1e-05,0.454024812435793,1.99995595051425e-05
"DS02","Bike Sharing Daily - Humidity","mc.rf_UNDERT",28,0.417248553353997,0.463034151043673,0.43895064326787
"DS02","Bike Sharing Daily - Humidity","mc.rf_UNDERT",29,0.434503542753074,0.506919592723488,0.467926377904029
"DS02","Bike Sharing Daily - Humidity","mc.rf_UNDERT",30,0.558752430489719,0.644622812067342,0.598623854395385
"DS02","Bike Sharing Daily - Humidity","mc.rf_UNDERT",31,0.426656139876991,0.619884000493329,0.505431764382023
"DS02","Bike Sharing Daily - Humidity","mc.rf_UNDERT",32,1e-05,0.599660146888946,1.99996664833141e-05
"DS02","Bike Sharing Daily - Humidity","mc.rf_UNDERT",33,1e-05,0.571567724097415,1.99996500913322e-05
"DS02","Bike Sharing Daily - Humidity","mc.rf_UNDERT",34,0.474055753702347,0.504806814072972,0.488948260149165
"DS02","Bike Sharing Daily - Humidity","mc.rf_UNDERT",35,0.946460020433412,0.514095340760509,0.666281744121181
"DS02","Bike Sharing Daily - Humidity","mc.rf_UNDERT",36,1e-05,0.572303020644432,1.9999650540888e-05
"DS02","Bike Sharing Daily - Humidity","mc.rf_UNDERT",37,0.32462681798786,0.637706713026031,0.430238985523096
"DS02","Bike Sharing Daily - Humidity","mc.rf_UNDERT",38,0.377746819862325,0.671925354846959,0.483613211998499
"DS02","Bike Sharing Daily - Humidity","mc.rf_UNDERT",39,0.416781243979461,0.615456530644049,0.496999324696614
"DS02","Bike Sharing Daily - Humidity","mc.rf_UNDERT",40,0.512224004192575,0.581042308565156,0.544467188690365
"DS02","Bike Sharing Daily - Humidity","mc.rf_UNDERT",41,1e-05,0.661336622663854,1.99996975867221e-05
"DS02","Bike Sharing Daily - Humidity","mc.rf_UNDERT",42,1e-05,0.601545211895554,1.99996675284395e-05
"DS02","Bike Sharing Daily - Humidity","mc.rf_UNDERT",43,1e-05,0.573877893128032,1.99996514998793e-05
"DS02","Bike Sharing Daily - Humidity","mc.rf_UNDERT",44,1e-05,0.602609635508298,1.99996681156932e-05
"DS02","Bike Sharing Daily - Humidity","mc.rf_UNDERT",45,0.429016143479275,0.568788901946625,0.489112822761477
"DS02","Bike Sharing Daily - Humidity","mc.rf_UNDERT",46,0.338983148426903,0.532527824303679,0.414264338960182
"DS02","Bike Sharing Daily - Humidity","mc.rf_UNDERT",47,1e-05,0.540848155642372,1.99996302172799e-05
"DS02","Bike Sharing Daily - Humidity","mc.rf_UNDERT",48,0.443080474068179,0.449294357873443,0.446165781366964
"DS02","Bike Sharing Daily - Humidity","mc.rf_UNDERT",49,1e-05,0.567220220972679,1.99996474094775e-05
"DS02","Bike Sharing Daily - Humidity","mc.rf_UNDERT",50,1e-05,0.506805735745274,1.99996053792614e-05
"DS02","Bike Sharing Daily - Humidity","mc.rf_UNDERTPhi",1,1e-05,0.526119721635206,1.99996198656115e-05
"DS02","Bike Sharing Daily - Humidity","mc.rf_UNDERTPhi",2,0.417538288025174,0.568311051628321,0.481395308630178
"DS02","Bike Sharing Daily - Humidity","mc.rf_UNDERTPhi",3,0.599586509457993,0.576727884147745,0.587935097696578
"DS02","Bike Sharing Daily - Humidity","mc.rf_UNDERTPhi",4,1e-05,0.532593366168219,1.99996244860384e-05
"DS02","Bike Sharing Daily - Humidity","mc.rf_UNDERTPhi",5,0.531834687284515,0.617366286879901,0.571417556205098
"DS02","Bike Sharing Daily - Humidity","mc.rf_UNDERTPhi",6,0.518710084075853,0.534199191595272,0.526340709476637
"DS02","Bike Sharing Daily - Humidity","mc.rf_UNDERTPhi",7,1e-05,0.493279887826465,1.99995945588893e-05
"DS02","Bike Sharing Daily - Humidity","mc.rf_UNDERTPhi",8,0.502186688035372,0.507330621663882,0.504745549550233
"DS02","Bike Sharing Daily - Humidity","mc.rf_UNDERTPhi",9,0.396450150727442,0.556740686469793,0.463118025171233
"DS02","Bike Sharing Daily - Humidity","mc.rf_UNDERTPhi",10,0.383894945585039,0.539313137219876,0.448522042478848
"DS02","Bike Sharing Daily - Humidity","mc.rf_UNDERTPhi",11,0.45794361280636,0.540948463376631,0.49599731455946
"DS02","Bike Sharing Daily - Humidity","mc.rf_UNDERTPhi",12,0.445550516368616,0.542945558105067,0.489449943243451
"DS02","Bike Sharing Daily - Humidity","mc.rf_UNDERTPhi",13,0.368103935418762,0.566054429189608,0.446106079954163
"DS02","Bike Sharing Daily - Humidity","mc.rf_UNDERTPhi",14,0.384651594535977,0.529618083806783,0.445641904696294
"DS02","Bike Sharing Daily - Humidity","mc.rf_UNDERTPhi",15,0.288021792428211,0.511494030645361,0.368526608908028
"DS02","Bike Sharing Daily - Humidity","mc.rf_UNDERTPhi",16,0.352534723884752,0.525213109515411,0.421888500314316
"DS02","Bike Sharing Daily - Humidity","mc.rf_UNDERTPhi",17,0.38910342124951,0.545071016176997,0.454067224966433
"DS02","Bike Sharing Daily - Humidity","mc.rf_UNDERTPhi",18,0.503357571856454,0.50357859227716,0.503468057810042
"DS02","Bike Sharing Daily - Humidity","mc.rf_UNDERTPhi",19,0.438669889428919,0.496668043739739,0.465870800496877
"DS02","Bike Sharing Daily - Humidity","mc.rf_UNDERTPhi",20,1e-05,0.527332736139848,1.99996207400116e-05
"DS02","Bike Sharing Daily - Humidity","mc.rf_UNDERTPhi",21,1e-05,0.497250568824492,1.99995977963817e-05
"DS02","Bike Sharing Daily - Humidity","mc.rf_UNDERTPhi",22,0.415377647755797,0.538082078152271,0.468834208407858
"DS02","Bike Sharing Daily - Humidity","mc.rf_UNDERTPhi",23,0.361976241177149,0.575084623918551,0.444297650833069
"DS02","Bike Sharing Daily - Humidity","mc.rf_UNDERTPhi",24,1e-05,0.552262447319265,1.99996378598987e-05
"DS02","Bike Sharing Daily - Humidity","mc.rf_UNDERTPhi",25,0.432579443822864,0.510247415382229,0.468214372560815
"DS02","Bike Sharing Daily - Humidity","mc.rf_UNDERTPhi",26,1e-05,0.533023484145868,1.99996247890499e-05
"DS02","Bike Sharing Daily - Humidity","mc.rf_UNDERTPhi",27,1e-05,0.482074030477194,1.99995851345671e-05
"DS02","Bike Sharing Daily - Humidity","mc.rf_UNDERTPhi",28,0.43864780420244,0.473655327568696,0.45547989950103
"DS02","Bike Sharing Daily - Humidity","mc.rf_UNDERTPhi",29,0.442949419434546,0.500753143020314,0.470080982728034
"DS02","Bike Sharing Daily - Humidity","mc.rf_UNDERTPhi",30,0.485374178678719,0.719592717843249,0.579720032831602
"DS02","Bike Sharing Daily - Humidity","mc.rf_UNDERTPhi",31,0.364241551757108,0.615182449361122,0.457564874279581
"DS02","Bike Sharing Daily - Humidity","mc.rf_UNDERTPhi",32,0.489059732183677,0.685874335095731,0.570982709540938
"DS02","Bike Sharing Daily - Humidity","mc.rf_UNDERTPhi",33,0.472371208127499,0.537875062560112,0.502999517039029
"DS02","Bike Sharing Daily - Humidity","mc.rf_UNDERTPhi",34,1e-05,0.518174225230986,1.99996140368806e-05
"DS02","Bike Sharing Daily - Humidity","mc.rf_UNDERTPhi",35,0.472535110171296,0.473403181972752,0.472968747764514
"DS02","Bike Sharing Daily - Humidity","mc.rf_UNDERTPhi",36,0.433164484835909,0.683109888405443,0.530154503212772
"DS02","Bike Sharing Daily - Humidity","mc.rf_UNDERTPhi",37,0.502411043720924,0.633234991321738,0.560287700733465
"DS02","Bike Sharing Daily - Humidity","mc.rf_UNDERTPhi",38,0.324703582380018,0.702988476807785,0.444224268837415
"DS02","Bike Sharing Daily - Humidity","mc.rf_UNDERTPhi",39,0.318307182277469,0.641693956963875,0.425532401944995
"DS02","Bike Sharing Daily - Humidity","mc.rf_UNDERTPhi",40,0.408290808413316,0.566428253478973,0.47453150053739
"DS02","Bike Sharing Daily - Humidity","mc.rf_UNDERTPhi",41,0.379986988988917,0.60180353179691,0.46583768567529
"DS02","Bike Sharing Daily - Humidity","mc.rf_UNDERTPhi",42,0.470047656572182,0.495897391314159,0.482626640506171
"DS02","Bike Sharing Daily - Humidity","mc.rf_UNDERTPhi",43,0.427060698948068,0.518825518993878,0.468491843037338
"DS02","Bike Sharing Daily - Humidity","mc.rf_UNDERTPhi",44,1e-05,0.517141132295543,1.99996132658569e-05
"DS02","Bike Sharing Daily - Humidity","mc.rf_UNDERTPhi",45,0.413736532320664,0.500049484805873,0.452816602475254
"DS02","Bike Sharing Daily - Humidity","mc.rf_UNDERTPhi",46,0.490091525449103,0.498262119645594,0.494143049914518
"DS02","Bike Sharing Daily - Humidity","mc.rf_UNDERTPhi",47,1e-05,0.447049558920151,1.99995526323148e-05
"DS02","Bike Sharing Daily - Humidity","mc.rf_UNDERTPhi",48,0.336381750953092,0.510986092596865,0.405694877021324
"DS02","Bike Sharing Daily - Humidity","mc.rf_UNDERTPhi",49,0.299388505291425,0.589460678015607,0.397092678113431
"DS02","Bike Sharing Daily - Humidity","mc.rf_UNDERTPhi",50,0.421464108443325,0.467383678187907,0.443237747095058
"DS02","Bike Sharing Daily - Humidity","mc.rf_OVERB",1,0.397966453140602,0.452603867871981,0.423530310251832
"DS02","Bike Sharing Daily - Humidity","mc.rf_OVERB",2,0.512874810728355,0.444440391288588,0.476211557242431
"DS02","Bike Sharing Daily - Humidity","mc.rf_OVERB",3,0.431123993647918,0.454526497216567,0.442516050564216
"DS02","Bike Sharing Daily - Humidity","mc.rf_OVERB",4,0.496577295593241,0.43515674895942,0.46384258001684
"DS02","Bike Sharing Daily - Humidity","mc.rf_OVERB",5,0.47955695605039,0.425144035835523,0.45071417305127
"DS02","Bike Sharing Daily - Humidity","mc.rf_OVERB",6,0.451209696960311,0.415816149057779,0.432790509000927
"DS02","Bike Sharing Daily - Humidity","mc.rf_OVERB",7,1e-05,0.405436482281862,1.99995067166476e-05
"DS02","Bike Sharing Daily - Humidity","mc.rf_OVERB",8,1e-05,0.434063332975496,1.99995392483601e-05
"DS02","Bike Sharing Daily - Humidity","mc.rf_OVERB",9,1e-05,0.43743835632198,1.99995428031741e-05
"DS02","Bike Sharing Daily - Humidity","mc.rf_OVERB",10,0.398501761989713,0.43299351905835,0.415032253838864
"DS02","Bike Sharing Daily - Humidity","mc.rf_OVERB",11,0.444473754793291,0.447475572979349,0.445969612639494
"DS02","Bike Sharing Daily - Humidity","mc.rf_OVERB",12,0.428593768394512,0.433886941307793,0.431224112354842
"DS02","Bike Sharing Daily - Humidity","mc.rf_OVERB",13,0.398688450147757,0.430981409595221,0.41420646590017
"DS02","Bike Sharing Daily - Humidity","mc.rf_OVERB",14,0.388931137668141,0.438507330164183,0.412234048637767
"DS02","Bike Sharing Daily - Humidity","mc.rf_OVERB",15,1e-05,0.442465964138798,1.99995479980469e-05
"DS02","Bike Sharing Daily - Humidity","mc.rf_OVERB",16,1e-05,0.433117015602651,1.99995382416871e-05
"DS02","Bike Sharing Daily - Humidity","mc.rf_OVERB",17,1e-05,0.443204124711487,1.99995487508433e-05
"DS02","Bike Sharing Daily - Humidity","mc.rf_OVERB",18,1e-05,0.427821807414052,1.99995325265758e-05
"DS02","Bike Sharing Daily - Humidity","mc.rf_OVERB",19,1e-05,0.429374762141468,1.99995342172857e-05
"DS02","Bike Sharing Daily - Humidity","mc.rf_OVERB",20,1e-05,0.441322180467158,1.99995468266108e-05
"DS02","Bike Sharing Daily - Humidity","mc.rf_OVERB",21,1e-05,0.462009397405835,1.9999567117742e-05
"DS02","Bike Sharing Daily - Humidity","mc.rf_OVERB",22,1e-05,0.462686495777324,1.99995677512109e-05
"DS02","Bike Sharing Daily - Humidity","mc.rf_OVERB",23,0.29029239111668,0.464291185519771,0.357230670245207
"DS02","Bike Sharing Daily - Humidity","mc.rf_OVERB",24,0.239788659638385,0.445545302467174,0.311779998640508
"DS02","Bike Sharing Daily - Humidity","mc.rf_OVERB",25,0.224062198224476,0.446513256883047,0.298390706404677
"DS02","Bike Sharing Daily - Humidity","mc.rf_OVERB",26,0.250860980523202,0.450587436125334,0.322289717547323
"DS02","Bike Sharing Daily - Humidity","mc.rf_OVERB",27,0.285560275577277,0.437445713846591,0.34554933271209
"DS02","Bike Sharing Daily - Humidity","mc.rf_OVERB",28,1e-05,0.425081878815562,1.9999529513477e-05
"DS02","Bike Sharing Daily - Humidity","mc.rf_OVERB",29,0.487265432347058,0.442352074280186,0.46372378572294
"DS02","Bike Sharing Daily - Humidity","mc.rf_OVERB",30,0.250587733547902,0.506152603193846,0.335215733866719
"DS02","Bike Sharing Daily - Humidity","mc.rf_OVERB",31,1e-05,0.4946796526514,1.99995957061181e-05
"DS02","Bike Sharing Daily - Humidity","mc.rf_OVERB",32,0.346090976251458,0.488710188211415,0.405217897008922
"DS02","Bike Sharing Daily - Humidity","mc.rf_OVERB",33,1e-05,0.483619977987432,1.99995864607053e-05
"DS02","Bike Sharing Daily - Humidity","mc.rf_OVERB",34,0.477407265265843,0.469542874877191,0.473442413317184
"DS02","Bike Sharing Daily - Humidity","mc.rf_OVERB",35,0.457294376695408,0.448370254297901,0.452788347808263
"DS02","Bike Sharing Daily - Humidity","mc.rf_OVERB",36,1e-05,0.494563015431064,1.99995956107718e-05
"DS02","Bike Sharing Daily - Humidity","mc.rf_OVERB",37,1e-05,0.478016067030683,1.99995816127743e-05
"DS02","Bike Sharing Daily - Humidity","mc.rf_OVERB",38,0.282477585457702,0.474352022640514,0.35409242074758
"DS02","Bike Sharing Daily - Humidity","mc.rf_OVERB",39,1e-05,0.476577320304191,1.99995803497251e-05
"DS02","Bike Sharing Daily - Humidity","mc.rf_OVERB",40,1e-05,0.495626226789307,1.99995964782452e-05
"DS02","Bike Sharing Daily - Humidity","mc.rf_OVERB",41,1e-05,0.477121097204493,1.99995808279922e-05
"DS02","Bike Sharing Daily - Humidity","mc.rf_OVERB",42,1e-05,0.479833448210254,1.99995831973933e-05
"DS02","Bike Sharing Daily - Humidity","mc.rf_OVERB",43,1e-05,0.492666546593663,1.9999594054149e-05
"DS02","Bike Sharing Daily - Humidity","mc.rf_OVERB",44,1e-05,0.465824353349242,1.99995706628363e-05
"DS02","Bike Sharing Daily - Humidity","mc.rf_OVERB",45,1e-05,0.455969621008174,1.99995613839067e-05
"DS02","Bike Sharing Daily - Humidity","mc.rf_OVERB",46,0.477056932175972,0.470304794208593,0.473656800911814
"DS02","Bike Sharing Daily - Humidity","mc.rf_OVERB",47,1e-05,0.421800801381405,1.9999525853773e-05
"DS02","Bike Sharing Daily - Humidity","mc.rf_OVERB",48,1e-05,0.425377338099553,1.99995298402607e-05
"DS02","Bike Sharing Daily - Humidity","mc.rf_OVERB",49,1e-05,0.446024222653196,1.99995516039132e-05
"DS02","Bike Sharing Daily - Humidity","mc.rf_OVERB",50,1e-05,0.421663666037916,1.99995256995727e-05
"DS02","Bike Sharing Daily - Humidity","mc.rf_OVERT",1,1e-05,0.456965899257505,1.99995623401577e-05
"DS02","Bike Sharing Daily - Humidity","mc.rf_OVERT",2,0.547090440930216,0.464964632102032,0.502695381648566
"DS02","Bike Sharing Daily - Humidity","mc.rf_OVERT",3,1e-05,0.457970489383581,1.99995633001741e-05
"DS02","Bike Sharing Daily - Humidity","mc.rf_OVERT",4,1e-05,0.461409467624508,1.99995665549158e-05
"DS02","Bike Sharing Daily - Humidity","mc.rf_OVERT",5,1e-05,0.440542957618283,1.99995460250657e-05
"DS02","Bike Sharing Daily - Humidity","mc.rf_OVERT",6,1e-05,0.447228762055202,1.99995528115696e-05
"DS02","Bike Sharing Daily - Humidity","mc.rf_OVERT",7,1e-05,0.433645324479573,1.9999538804233e-05
"DS02","Bike Sharing Daily - Humidity","mc.rf_OVERT",8,1e-05,0.462683437620224,1.9999567748354e-05
"DS02","Bike Sharing Daily - Humidity","mc.rf_OVERT",9,1e-05,0.468656955407042,1.99995732577309e-05
"DS02","Bike Sharing Daily - Humidity","mc.rf_OVERT",10,1e-05,0.479702194295291,1.99995830833521e-05
"DS02","Bike Sharing Daily - Humidity","mc.rf_OVERT",11,1e-05,0.458973583161087,1.99995642545674e-05
"DS02","Bike Sharing Daily - Humidity","mc.rf_OVERT",12,1e-05,0.452526657768635,1.99995580468531e-05
"DS02","Bike Sharing Daily - Humidity","mc.rf_OVERT",13,1e-05,0.472607863189811,1.9999576825136e-05
"DS02","Bike Sharing Daily - Humidity","mc.rf_OVERT",14,1e-05,0.497046222566832,1.99995976310306e-05
"DS02","Bike Sharing Daily - Humidity","mc.rf_OVERT",15,1e-05,0.452695085196365,1.99995582112803e-05
"DS02","Bike Sharing Daily - Humidity","mc.rf_OVERT",16,1e-05,0.458324077030581,1.99995636370717e-05
"DS02","Bike Sharing Daily - Humidity","mc.rf_OVERT",17,1e-05,0.455721137854677,1.99995611447553e-05
"DS02","Bike Sharing Daily - Humidity","mc.rf_OVERT",18,1e-05,0.456973328789999,1.99995623472731e-05
"DS02","Bike Sharing Daily - Humidity","mc.rf_OVERT",19,1e-05,0.433778661425643,1.99995389459943e-05
"DS02","Bike Sharing Daily - Humidity","mc.rf_OVERT",20,1e-05,0.427833470347784,1.9999532539319e-05
"DS02","Bike Sharing Daily - Humidity","mc.rf_OVERT",21,1e-05,0.463214819177894,1.99995682442051e-05
"DS02","Bike Sharing Daily - Humidity","mc.rf_OVERT",22,1e-05,0.474944501912473,1.99995789070338e-05
"DS02","Bike Sharing Daily - Humidity","mc.rf_OVERT",23,1e-05,0.4508497811692,1.99995564031028e-05
"DS02","Bike Sharing Daily - Humidity","mc.rf_OVERT",24,1e-05,0.467246789197388,1.99995719698362e-05
"DS02","Bike Sharing Daily - Humidity","mc.rf_OVERT",25,1e-05,0.473146771389657,1.99995773071166e-05
"DS02","Bike Sharing Daily - Humidity","mc.rf_OVERT",26,1e-05,0.451978454268294,1.99995575108211e-05
"DS02","Bike Sharing Daily - Humidity","mc.rf_OVERT",27,1e-05,0.426578162409203,1.99995311637368e-05
"DS02","Bike Sharing Daily - Humidity","mc.rf_OVERT",28,1e-05,0.452192701821692,1.99995577204665e-05
"DS02","Bike Sharing Daily - Humidity","mc.rf_OVERT",29,1e-05,0.478285042210426,1.99995818480596e-05
"DS02","Bike Sharing Daily - Humidity","mc.rf_OVERT",30,1e-05,0.495583748727023,1.99995964436587e-05
"DS02","Bike Sharing Daily - Humidity","mc.rf_OVERT",31,1e-05,0.504726771786915,1.99996037538551e-05
"DS02","Bike Sharing Daily - Humidity","mc.rf_OVERT",32,1e-05,0.496089741008106,1.99995968552622e-05
"DS02","Bike Sharing Daily - Humidity","mc.rf_OVERT",33,1e-05,0.494996575044777,1.99995959649627e-05
"DS02","Bike Sharing Daily - Humidity","mc.rf_OVERT",34,0.442762414108271,0.490552905688888,0.465434101773543
"DS02","Bike Sharing Daily - Humidity","mc.rf_OVERT",35,0.347396443494441,0.468975139328585,0.399132696232956
"DS02","Bike Sharing Daily - Humidity","mc.rf_OVERT",36,1e-05,0.487814702003124,1.99995900166614e-05
"DS02","Bike Sharing Daily - Humidity","mc.rf_OVERT",37,1e-05,0.497100131255737,1.99995976746652e-05
"DS02","Bike Sharing Daily - Humidity","mc.rf_OVERT",38,0.434227357114449,0.508170526641632,0.468298048097414
"DS02","Bike Sharing Daily - Humidity","mc.rf_OVERT",39,0.469204439434489,0.515454615706955,0.491243324791159
"DS02","Bike Sharing Daily - Humidity","mc.rf_OVERT",40,1e-05,0.486057188238518,1.99995885342503e-05
"DS02","Bike Sharing Daily - Humidity","mc.rf_OVERT",41,1e-05,0.513274909126229,1.99996103528539e-05
"DS02","Bike Sharing Daily - Humidity","mc.rf_OVERT",42,1e-05,0.4943157692989,1.99995954085091e-05
"DS02","Bike Sharing Daily - Humidity","mc.rf_OVERT",43,0.471716123401202,0.483154818263034,0.477366956997194
"DS02","Bike Sharing Daily - Humidity","mc.rf_OVERT",44,0.409888930814064,0.489818425652448,0.446303232580455
"DS02","Bike Sharing Daily - Humidity","mc.rf_OVERT",45,1e-05,0.478796106713815,1.99995822943835e-05
"DS02","Bike Sharing Daily - Humidity","mc.rf_OVERT",46,0.418577787010425,0.49896502208191,0.455249984347348
"DS02","Bike Sharing Daily - Humidity","mc.rf_OVERT",47,0.476902461115586,0.440523736170434,0.457991835378156
"DS02","Bike Sharing Daily - Humidity","mc.rf_OVERT",48,0.292440705127074,0.434218473444392,0.349498527777259
"DS02","Bike Sharing Daily - Humidity","mc.rf_OVERT",49,1e-05,0.469933963530549,1.99995744173444e-05
"DS02","Bike Sharing Daily - Humidity","mc.rf_OVERT",50,0.359593150087711,0.439347721376061,0.395489670778821
"DS02","Bike Sharing Daily - Humidity","mc.rf_OVERTPhi",1,1e-05,0.461554993081706,1.99995666915754e-05
"DS02","Bike Sharing Daily - Humidity","mc.rf_OVERTPhi",2,0.510136151970004,0.461238016328825,0.484456339217536
"DS02","Bike Sharing Daily - Humidity","mc.rf_OVERTPhi",3,1e-05,0.458215930570492,1.99995635340851e-05
"DS02","Bike Sharing Daily - Humidity","mc.rf_OVERTPhi",4,1e-05,0.464628330045852,1.99995695576816e-05
"DS02","Bike Sharing Daily - Humidity","mc.rf_OVERTPhi",5,1e-05,0.434330437685236,1.99995395317068e-05
"DS02","Bike Sharing Daily - Humidity","mc.rf_OVERTPhi",6,1e-05,0.456655495799447,1.99995620426727e-05
"DS02","Bike Sharing Daily - Humidity","mc.rf_OVERTPhi",7,1e-05,0.431381869594264,1.99995363844011e-05
"DS02","Bike Sharing Daily - Humidity","mc.rf_OVERTPhi",8,1e-05,0.448597114416233,1.99995541755947e-05
"DS02","Bike Sharing Daily - Humidity","mc.rf_OVERTPhi",9,1e-05,0.464903395241879,1.9999569812352e-05
"DS02","Bike Sharing Daily - Humidity","mc.rf_OVERTPhi",10,1e-05,0.480764371457569,1.99995840044481e-05
"DS02","Bike Sharing Daily - Humidity","mc.rf_OVERTPhi",11,1e-05,0.467812783253152,1.99995724876873e-05
"DS02","Bike Sharing Daily - Humidity","mc.rf_OVERTPhi",12,1e-05,0.45492908441621,1.9999560380704e-05
"DS02","Bike Sharing Daily - Humidity","mc.rf_OVERTPhi",13,1e-05,0.47856692168909,1.9999582094349e-05
"DS02","Bike Sharing Daily - Humidity","mc.rf_OVERTPhi",14,1e-05,0.493440939295682,1.99995946912163e-05
"DS02","Bike Sharing Daily - Humidity","mc.rf_OVERTPhi",15,1e-05,0.457026465269339,1.99995623981559e-05
"DS02","Bike Sharing Daily - Humidity","mc.rf_OVERTPhi",16,1e-05,0.449774203329075,1.99995553423208e-05
"DS02","Bike Sharing Daily - Humidity","mc.rf_OVERTPhi",17,1e-05,0.449160542307958,1.99995547348253e-05
"DS02","Bike Sharing Daily - Humidity","mc.rf_OVERTPhi",18,1e-05,0.458200758588409,1.99995635196332e-05
"DS02","Bike Sharing Daily - Humidity","mc.rf_OVERTPhi",19,1e-05,0.438593448728837,1.99995440072335e-05
"DS02","Bike Sharing Daily - Humidity","mc.rf_OVERTPhi",20,1e-05,0.432639902058052,1.99995377324737e-05
"DS02","Bike Sharing Daily - Humidity","mc.rf_OVERTPhi",21,1e-05,0.466044322511281,1.99995708654757e-05
"DS02","Bike Sharing Daily - Humidity","mc.rf_OVERTPhi",22,1e-05,0.471326417726487,1.99995756746297e-05
"DS02","Bike Sharing Daily - Humidity","mc.rf_OVERTPhi",23,1e-05,0.456644482803701,1.99995620321106e-05
"DS02","Bike Sharing Daily - Humidity","mc.rf_OVERTPhi",24,1e-05,0.472354436910305,1.99995765981002e-05
"DS02","Bike Sharing Daily - Humidity","mc.rf_OVERTPhi",25,1e-05,0.469627964806628,1.99995741400504e-05
"DS02","Bike Sharing Daily - Humidity","mc.rf_OVERTPhi",26,1e-05,0.459935459673457,1.99995651658348e-05
"DS02","Bike Sharing Daily - Humidity","mc.rf_OVERTPhi",27,0.270853464602223,0.425817597259349,0.331100795827818
"DS02","Bike Sharing Daily - Humidity","mc.rf_OVERTPhi",28,1e-05,0.453512934978762,1.99995590079694e-05
"DS02","Bike Sharing Daily - Humidity","mc.rf_OVERTPhi",29,1e-05,0.48013572238541,1.99995834597901e-05
"DS02","Bike Sharing Daily - Humidity","mc.rf_OVERTPhi",30,1e-05,0.488073360359187,1.99995902339308e-05
"DS02","Bike Sharing Daily - Humidity","mc.rf_OVERTPhi",31,1e-05,0.503296094699282,1.99996026275022e-05
"DS02","Bike Sharing Daily - Humidity","mc.rf_OVERTPhi",32,1e-05,0.485620152892786,1.99995881639581e-05
"DS02","Bike Sharing Daily - Humidity","mc.rf_OVERTPhi",33,1e-05,0.499349816121204,1.99995994871963e-05
"DS02","Bike Sharing Daily - Humidity","mc.rf_OVERTPhi",34,0.43802273562774,0.481407080215076,0.458691338029046
"DS02","Bike Sharing Daily - Humidity","mc.rf_OVERTPhi",35,0.34099273992424,0.473031613002307,0.396303489468193
"DS02","Bike Sharing Daily - Humidity","mc.rf_OVERTPhi",36,1e-05,0.500265050809476,1.99996002199197e-05
"DS02","Bike Sharing Daily - Humidity","mc.rf_OVERTPhi",37,0.426736938391594,0.488933683749257,0.455722960275529
"DS02","Bike Sharing Daily - Humidity","mc.rf_OVERTPhi",38,0.430505881853159,0.509987899945242,0.466888340676832
"DS02","Bike Sharing Daily - Humidity","mc.rf_OVERTPhi",39,0.462836712443325,0.502672244555021,0.481932699681317
"DS02","Bike Sharing Daily - Humidity","mc.rf_OVERTPhi",40,1e-05,0.490417514192531,1.99995921925377e-05
"DS02","Bike Sharing Daily - Humidity","mc.rf_OVERTPhi",41,1e-05,0.512966823054973,1.99996101188377e-05
"DS02","Bike Sharing Daily - Humidity","mc.rf_OVERTPhi",42,0.472188221527976,0.491340885271979,0.481574198730927
"DS02","Bike Sharing Daily - Humidity","mc.rf_OVERTPhi",43,1e-05,0.480992205047549,1.99995842014903e-05
"DS02","Bike Sharing Daily - Humidity","mc.rf_OVERTPhi",44,0.423390938738696,0.485827250693609,0.45246533368286
"DS02","Bike Sharing Daily - Humidity","mc.rf_OVERTPhi",45,1e-05,0.475693433099943,1.99995795699882e-05
"DS02","Bike Sharing Daily - Humidity","mc.rf_OVERTPhi",46,0.432180371070315,0.49704394740424,0.462348290626018
"DS02","Bike Sharing Daily - Humidity","mc.rf_OVERTPhi",47,1e-05,0.4390639661715,1.99995444958813e-05
"DS02","Bike Sharing Daily - Humidity","mc.rf_OVERTPhi",48,0.374041103321028,0.437046388133507,0.403096620135932
"DS02","Bike Sharing Daily - Humidity","mc.rf_OVERTPhi",49,0.267241116603414,0.463056293389781,0.338896671965128
"DS02","Bike Sharing Daily - Humidity","mc.rf_OVERTPhi",50,0.470298352957388,0.440483936268402,0.454903157827787
"DS02","Bike Sharing Daily - Humidity","mc.rf_SMOTEB",1,0.546051680425998,0.621916358317746,0.581520146577113
"DS02","Bike Sharing Daily - Humidity","mc.rf_SMOTEB",2,0.495150286915837,0.57541042180133,0.532271795759624
"DS02","Bike Sharing Daily - Humidity","mc.rf_SMOTEB",3,0.355592005030209,0.58030163277856,0.440970240176364
"DS02","Bike Sharing Daily - Humidity","mc.rf_SMOTEB",4,0.424955379822147,0.564866214418169,0.485022630529703
"DS02","Bike Sharing Daily - Humidity","mc.rf_SMOTEB",5,0.424506835061929,0.58741300130939,0.492847012376534
"DS02","Bike Sharing Daily - Humidity","mc.rf_SMOTEB",6,0.48031574764169,0.556162058185176,0.515463801126053
"DS02","Bike Sharing Daily - Humidity","mc.rf_SMOTEB",7,0.298759293230204,0.508757633667434,0.37645296586884
"DS02","Bike Sharing Daily - Humidity","mc.rf_SMOTEB",8,0.34146892443642,0.548893213549671,0.421019644175804
"DS02","Bike Sharing Daily - Humidity","mc.rf_SMOTEB",9,0.386305183584258,0.550954613334647,0.454167827854138
"DS02","Bike Sharing Daily - Humidity","mc.rf_SMOTEB",10,0.356763858100199,0.536971701981251,0.428699728747512
"DS02","Bike Sharing Daily - Humidity","mc.rf_SMOTEB",11,0.356435735714887,0.556947428265665,0.434682779750938
"DS02","Bike Sharing Daily - Humidity","mc.rf_SMOTEB",12,0.47183688300859,0.517448526877062,0.493591227767688
"DS02","Bike Sharing Daily - Humidity","mc.rf_SMOTEB",13,0.380819965685576,0.532954440819531,0.444222754369155
"DS02","Bike Sharing Daily - Humidity","mc.rf_SMOTEB",14,0.353051822810903,0.454320923283405,0.397335260280392
"DS02","Bike Sharing Daily - Humidity","mc.rf_SMOTEB",15,0.470860713596607,0.477853727425577,0.474331447612368
"DS02","Bike Sharing Daily - Humidity","mc.rf_SMOTEB",16,0.402653684711189,0.493396738797931,0.443430435808391
"DS02","Bike Sharing Daily - Humidity","mc.rf_SMOTEB",17,0.391243374874824,0.530340252119592,0.450294697070376
"DS02","Bike Sharing Daily - Humidity","mc.rf_SMOTEB",18,0.457747968979342,0.510380831367248,0.482633692708466
"DS02","Bike Sharing Daily - Humidity","mc.rf_SMOTEB",19,0.44113184348266,0.521233179821964,0.477848940747319
"DS02","Bike Sharing Daily - Humidity","mc.rf_SMOTEB",20,0.425523287619298,0.520143611270337,0.468099750053235
"DS02","Bike Sharing Daily - Humidity","mc.rf_SMOTEB",21,0.333757299093853,0.608640819834883,0.43110934129893
"DS02","Bike Sharing Daily - Humidity","mc.rf_SMOTEB",22,0.364540284092742,0.546816007074358,0.437450126799632
"DS02","Bike Sharing Daily - Humidity","mc.rf_SMOTEB",23,0.427176983960833,0.518370834264861,0.468376289990379
"DS02","Bike Sharing Daily - Humidity","mc.rf_SMOTEB",24,0.4023160494044,0.55873606845092,0.467796664806395
"DS02","Bike Sharing Daily - Humidity","mc.rf_SMOTEB",25,0.40992296651198,0.592784720627687,0.484679781155063
"DS02","Bike Sharing Daily - Humidity","mc.rf_SMOTEB",26,0.365459143299848,0.517325435356258,0.428329436158329
"DS02","Bike Sharing Daily - Humidity","mc.rf_SMOTEB",27,0.647644043916623,0.457298320971989,0.536075986009346
"DS02","Bike Sharing Daily - Humidity","mc.rf_SMOTEB",28,0.473291996351923,0.432055582998219,0.451734679754714
"DS02","Bike Sharing Daily - Humidity","mc.rf_SMOTEB",29,0.598260264609692,0.531177649597744,0.562726781535573
"DS02","Bike Sharing Daily - Humidity","mc.rf_SMOTEB",30,0.390873890774735,0.601166266966319,0.473731221338287
"DS02","Bike Sharing Daily - Humidity","mc.rf_SMOTEB",31,0.454851967577802,0.593831035692781,0.51513224520896
"DS02","Bike Sharing Daily - Humidity","mc.rf_SMOTEB",32,0.458149534978821,0.593394115140923,0.517074565340249
"DS02","Bike Sharing Daily - Humidity","mc.rf_SMOTEB",33,0.501685832988036,0.619046334392575,0.554221222459938
"DS02","Bike Sharing Daily - Humidity","mc.rf_SMOTEB",34,0.434657715504074,0.529389551771689,0.477369234882106
"DS02","Bike Sharing Daily - Humidity","mc.rf_SMOTEB",35,0.348882480353143,0.528906799825943,0.420434198424641
"DS02","Bike Sharing Daily - Humidity","mc.rf_SMOTEB",36,0.437021206355649,0.599529259408553,0.505536409168595
"DS02","Bike Sharing Daily - Humidity","mc.rf_SMOTEB",37,0.379992834439479,0.56358480709524,0.453928068805915
"DS02","Bike Sharing Daily - Humidity","mc.rf_SMOTEB",38,0.466531911190133,0.542463000228522,0.501640389624401
"DS02","Bike Sharing Daily - Humidity","mc.rf_SMOTEB",39,0.457607465774258,0.620139472490105,0.52661797005852
"DS02","Bike Sharing Daily - Humidity","mc.rf_SMOTEB",40,0.409814391122656,0.566276516268226,0.475505434922751
"DS02","Bike Sharing Daily - Humidity","mc.rf_SMOTEB",41,0.441644179943497,0.599645631822191,0.508657628895353
"DS02","Bike Sharing Daily - Humidity","mc.rf_SMOTEB",42,0.479513259462922,0.567071066578698,0.51962959642385
"DS02","Bike Sharing Daily - Humidity","mc.rf_SMOTEB",43,0.530562497919081,0.585962404862315,0.556888030774698
"DS02","Bike Sharing Daily - Humidity","mc.rf_SMOTEB",44,0.564306033872844,0.47264387858505,0.51442367534688
"DS02","Bike Sharing Daily - Humidity","mc.rf_SMOTEB",45,0.534427184566521,0.614658803626996,0.571742023254191
"DS02","Bike Sharing Daily - Humidity","mc.rf_SMOTEB",46,0.464721923820034,0.542077825777456,0.500428114242568
"DS02","Bike Sharing Daily - Humidity","mc.rf_SMOTEB",47,0.381384852370962,0.446088719459493,0.411207043239006
"DS02","Bike Sharing Daily - Humidity","mc.rf_SMOTEB",48,0.433240099233028,0.490596158738227,0.460137663273452
"DS02","Bike Sharing Daily - Humidity","mc.rf_SMOTEB",49,0.344063933981706,0.622479751863159,0.443172585753916
"DS02","Bike Sharing Daily - Humidity","mc.rf_SMOTEB",50,0.37661609263042,0.445743585574249,0.408274413163205
"DS02","Bike Sharing Daily - Humidity","mc.rf_SMOTET",1,0.372354596104817,0.564695300420728,0.448784832675591
"DS02","Bike Sharing Daily - Humidity","mc.rf_SMOTET",2,0.404739972791287,0.570514499566646,0.473537993572803
"DS02","Bike Sharing Daily - Humidity","mc.rf_SMOTET",3,0.413913924477253,0.606492325300663,0.492030734984558
"DS02","Bike Sharing Daily - Humidity","mc.rf_SMOTET",4,0.482849825193622,0.57535835392993,0.525060543094368
"DS02","Bike Sharing Daily - Humidity","mc.rf_SMOTET",5,0.498737458253307,0.582110724862596,0.537208514341055
"DS02","Bike Sharing Daily - Humidity","mc.rf_SMOTET",6,0.540739997957845,0.581161704290649,0.560222661506751
"DS02","Bike Sharing Daily - Humidity","mc.rf_SMOTET",7,0.513337454329815,0.593623883529798,0.550569135124051
"DS02","Bike Sharing Daily - Humidity","mc.rf_SMOTET",8,0.490174176955915,0.566780438958846,0.525701162563009
"DS02","Bike Sharing Daily - Humidity","mc.rf_SMOTET",9,0.450713652603442,0.555891443519113,0.497807658484167
"DS02","Bike Sharing Daily - Humidity","mc.rf_SMOTET",10,0.395368901239878,0.541026870941184,0.456869212484877
"DS02","Bike Sharing Daily - Humidity","mc.rf_SMOTET",11,0.351774469328244,0.538439123389107,0.425536384627878
"DS02","Bike Sharing Daily - Humidity","mc.rf_SMOTET",12,0.325380490517137,0.524899932141435,0.401731459036952
"DS02","Bike Sharing Daily - Humidity","mc.rf_SMOTET",13,0.563939939989682,0.570019566396154,0.566963455495763
"DS02","Bike Sharing Daily - Humidity","mc.rf_SMOTET",14,0.395441983628997,0.53390233544996,0.454357753655239
"DS02","Bike Sharing Daily - Humidity","mc.rf_SMOTET",15,0.535100671957057,0.514492383598654,0.524594210533655
"DS02","Bike Sharing Daily - Humidity","mc.rf_SMOTET",16,0.447137872014682,0.465056549047332,0.455921217903127
"DS02","Bike Sharing Daily - Humidity","mc.rf_SMOTET",17,0.397612732246377,0.571069592404871,0.468811157508577
"DS02","Bike Sharing Daily - Humidity","mc.rf_SMOTET",18,0.421890575966689,0.53260286737422,0.470825927712036
"DS02","Bike Sharing Daily - Humidity","mc.rf_SMOTET",19,0.449169056904828,0.515259976342476,0.479949959314855
"DS02","Bike Sharing Daily - Humidity","mc.rf_SMOTET",20,0.383968658483058,0.569714372021181,0.458752973779621
"DS02","Bike Sharing Daily - Humidity","mc.rf_SMOTET",21,0.476899370200258,0.592254173216364,0.528353750393542
"DS02","Bike Sharing Daily - Humidity","mc.rf_SMOTET",22,0.429201162843459,0.594733001791283,0.498586930227602
"DS02","Bike Sharing Daily - Humidity","mc.rf_SMOTET",23,0.57233172852009,0.600359206173827,0.586010537025426
"DS02","Bike Sharing Daily - Humidity","mc.rf_SMOTET",24,0.509635283132481,0.577994443537427,0.541666625429772
"DS02","Bike Sharing Daily - Humidity","mc.rf_SMOTET",25,0.36710843254241,0.577412384251074,0.448847609378491
"DS02","Bike Sharing Daily - Humidity","mc.rf_SMOTET",26,0.522675025947448,0.587046429045523,0.552993737578353
"DS02","Bike Sharing Daily - Humidity","mc.rf_SMOTET",27,0.277862675530645,0.494943086471001,0.355914039476157
"DS02","Bike Sharing Daily - Humidity","mc.rf_SMOTET",28,0.423336287304989,0.497035820179461,0.457235279212149
"DS02","Bike Sharing Daily - Humidity","mc.rf_SMOTET",29,0.590766172221842,0.491557168108434,0.536614772703715
"DS02","Bike Sharing Daily - Humidity","mc.rf_SMOTET",30,0.525981310957614,0.663181584215626,0.586666671966527
"DS02","Bike Sharing Daily - Humidity","mc.rf_SMOTET",31,0.436713789545461,0.681127641007533,0.532200408999706
"DS02","Bike Sharing Daily - Humidity","mc.rf_SMOTET",32,0.4238005077561,0.63832547730689,0.509398442747395
"DS02","Bike Sharing Daily - Humidity","mc.rf_SMOTET",33,0.478631528633356,0.579177519102399,0.524126016716213
"DS02","Bike Sharing Daily - Humidity","mc.rf_SMOTET",34,0.453851373181068,0.663376063967656,0.538966601707427
"DS02","Bike Sharing Daily - Humidity","mc.rf_SMOTET",35,0.527707210278552,0.620950663812615,0.570544371674525
"DS02","Bike Sharing Daily - Humidity","mc.rf_SMOTET",36,0.471268457362516,0.58118571438782,0.520487261892204
"DS02","Bike Sharing Daily - Humidity","mc.rf_SMOTET",37,0.483939281081584,0.626973700449064,0.546248368498356
"DS02","Bike Sharing Daily - Humidity","mc.rf_SMOTET",38,0.426743338590162,0.65932665579103,0.518130985607539
"DS02","Bike Sharing Daily - Humidity","mc.rf_SMOTET",39,0.412375746464188,0.665704567775051,0.509276376602007
"DS02","Bike Sharing Daily - Humidity","mc.rf_SMOTET",40,0.49736722913493,0.660627313328381,0.567488643982794
"DS02","Bike Sharing Daily - Humidity","mc.rf_SMOTET",41,0.459983467127081,0.649223556648337,0.53846053284304
"DS02","Bike Sharing Daily - Humidity","mc.rf_SMOTET",42,0.446122974815169,0.625113593104249,0.520664704892794
"DS02","Bike Sharing Daily - Humidity","mc.rf_SMOTET",43,0.557552534734605,0.580312386347928,0.568704836490352
"DS02","Bike Sharing Daily - Humidity","mc.rf_SMOTET",44,0.580515107773958,0.529162997249085,0.55365085241844
"DS02","Bike Sharing Daily - Humidity","mc.rf_SMOTET",45,0.384022587733901,0.519303037060595,0.441533131876895
"DS02","Bike Sharing Daily - Humidity","mc.rf_SMOTET",46,0.358421874720127,0.552549827972843,0.434801530350188
"DS02","Bike Sharing Daily - Humidity","mc.rf_SMOTET",47,0.384106715076882,0.517055510030408,0.440774120212454
"DS02","Bike Sharing Daily - Humidity","mc.rf_SMOTET",48,0.371806891938519,0.434595941985762,0.400756940926107
"DS02","Bike Sharing Daily - Humidity","mc.rf_SMOTET",49,0.398323969510352,0.52700639621092,0.453717477503188
"DS02","Bike Sharing Daily - Humidity","mc.rf_SMOTET",50,0.438560557267904,0.436768604628748,0.437662746727327
"DS02","Bike Sharing Daily - Humidity","mc.rf_SMOTETPhi",1,0.43266970865412,0.59825763802896,0.502165276299854
"DS02","Bike Sharing Daily - Humidity","mc.rf_SMOTETPhi",2,0.478677178929403,0.54785970722182,0.510937196003294
"DS02","Bike Sharing Daily - Humidity","mc.rf_SMOTETPhi",3,0.41373961378247,0.607029808265263,0.492084251352843
"DS02","Bike Sharing Daily - Humidity","mc.rf_SMOTETPhi",4,0.49145710424719,0.597550204652827,0.539335761699569
"DS02","Bike Sharing Daily - Humidity","mc.rf_SMOTETPhi",5,0.518377404942062,0.654717835512308,0.578624685938883
"DS02","Bike Sharing Daily - Humidity","mc.rf_SMOTETPhi",6,0.473811500152375,0.551691667579336,0.509794342645496
"DS02","Bike Sharing Daily - Humidity","mc.rf_SMOTETPhi",7,0.438943369261207,0.527928061106371,0.479340922880448
"DS02","Bike Sharing Daily - Humidity","mc.rf_SMOTETPhi",8,0.50808414099258,0.597970979871748,0.549375100599341
"DS02","Bike Sharing Daily - Humidity","mc.rf_SMOTETPhi",9,0.456026209348851,0.580268733677824,0.510699686037056
"DS02","Bike Sharing Daily - Humidity","mc.rf_SMOTETPhi",10,0.443414939880734,0.550738671565511,0.491283745551068
"DS02","Bike Sharing Daily - Humidity","mc.rf_SMOTETPhi",11,0.423069510325249,0.583567706905433,0.4905236956792
"DS02","Bike Sharing Daily - Humidity","mc.rf_SMOTETPhi",12,0.371384000705235,0.581441085853922,0.453258252086163
"DS02","Bike Sharing Daily - Humidity","mc.rf_SMOTETPhi",13,0.424420998339427,0.582850851639231,0.491176518714286
"DS02","Bike Sharing Daily - Humidity","mc.rf_SMOTETPhi",14,0.450964993406081,0.530893430495645,0.487675914479424
"DS02","Bike Sharing Daily - Humidity","mc.rf_SMOTETPhi",15,0.479882641794387,0.573053479087452,0.522345870713674
"DS02","Bike Sharing Daily - Humidity","mc.rf_SMOTETPhi",16,0.442896357606807,0.545843735305101,0.489010618507734
"DS02","Bike Sharing Daily - Humidity","mc.rf_SMOTETPhi",17,0.460926017448125,0.608779918732362,0.524634843937813
"DS02","Bike Sharing Daily - Humidity","mc.rf_SMOTETPhi",18,0.445499566847388,0.577676813750706,0.503050647344464
"DS02","Bike Sharing Daily - Humidity","mc.rf_SMOTETPhi",19,0.409158076143694,0.530281644939569,0.461911526175627
"DS02","Bike Sharing Daily - Humidity","mc.rf_SMOTETPhi",20,0.419497213418525,0.603046908018303,0.494798204147642
"DS02","Bike Sharing Daily - Humidity","mc.rf_SMOTETPhi",21,0.439569405510072,0.636458024086339,0.520000638616955
"DS02","Bike Sharing Daily - Humidity","mc.rf_SMOTETPhi",22,0.424114313849909,0.604523683595912,0.498498301464512
"DS02","Bike Sharing Daily - Humidity","mc.rf_SMOTETPhi",23,0.484514619177965,0.600538168542771,0.536323256022492
"DS02","Bike Sharing Daily - Humidity","mc.rf_SMOTETPhi",24,0.414816631694606,0.625492278233799,0.498822220076509
"DS02","Bike Sharing Daily - Humidity","mc.rf_SMOTETPhi",25,0.424992870122564,0.593537184636668,0.495319839497191
"DS02","Bike Sharing Daily - Humidity","mc.rf_SMOTETPhi",26,0.426950246785639,0.623240301193746,0.506751086102232
"DS02","Bike Sharing Daily - Humidity","mc.rf_SMOTETPhi",27,0.640344363094582,0.507198346958738,0.56604708408775
"DS02","Bike Sharing Daily - Humidity","mc.rf_SMOTETPhi",28,0.453017503922731,0.543677648349937,0.494224318503938
"DS02","Bike Sharing Daily - Humidity","mc.rf_SMOTETPhi",29,0.509935268147267,0.499486585214474,0.504656848708085
"DS02","Bike Sharing Daily - Humidity","mc.rf_SMOTETPhi",30,0.475016492481509,0.649421996927753,0.548693702726284
"DS02","Bike Sharing Daily - Humidity","mc.rf_SMOTETPhi",31,0.438405613753598,0.732464683454038,0.548509309474023
"DS02","Bike Sharing Daily - Humidity","mc.rf_SMOTETPhi",32,0.409391753237473,0.67622581533926,0.510016197488631
"DS02","Bike Sharing Daily - Humidity","mc.rf_SMOTETPhi",33,0.477192277069763,0.611572742046342,0.536089577175828
"DS02","Bike Sharing Daily - Humidity","mc.rf_SMOTETPhi",34,0.464505056055359,0.691826968120975,0.555821542409583
"DS02","Bike Sharing Daily - Humidity","mc.rf_SMOTETPhi",35,0.446669060588398,0.686391228148948,0.541171071161735
"DS02","Bike Sharing Daily - Humidity","mc.rf_SMOTETPhi",36,0.470818218841496,0.65545740223088,0.548003136836051
"DS02","Bike Sharing Daily - Humidity","mc.rf_SMOTETPhi",37,0.465118128742452,0.670992455455651,0.549402073394321
"DS02","Bike Sharing Daily - Humidity","mc.rf_SMOTETPhi",38,0.409293444597643,0.738611268590329,0.526714015312989
"DS02","Bike Sharing Daily - Humidity","mc.rf_SMOTETPhi",39,0.433621222156505,0.692596058729498,0.533332873760907
"DS02","Bike Sharing Daily - Humidity","mc.rf_SMOTETPhi",40,0.420617093908905,0.629159114831428,0.504174273113391
"DS02","Bike Sharing Daily - Humidity","mc.rf_SMOTETPhi",41,0.423860057453057,0.654066109127285,0.514381239064439
"DS02","Bike Sharing Daily - Humidity","mc.rf_SMOTETPhi",42,0.440662746955711,0.611420077921854,0.512184107011297
"DS02","Bike Sharing Daily - Humidity","mc.rf_SMOTETPhi",43,0.540389537054952,0.563798726144988,0.551845989977696
"DS02","Bike Sharing Daily - Humidity","mc.rf_SMOTETPhi",44,0.504924657016201,0.458018552792977,0.480329178959327
"DS02","Bike Sharing Daily - Humidity","mc.rf_SMOTETPhi",45,0.355618815191532,0.482440242381071,0.409433740608212
"DS02","Bike Sharing Daily - Humidity","mc.rf_SMOTETPhi",46,0.395200851436487,0.512107863356459,0.446122604855567
"DS02","Bike Sharing Daily - Humidity","mc.rf_SMOTETPhi",47,0.396268068642237,0.417362570927627,0.406541867677165
"DS02","Bike Sharing Daily - Humidity","mc.rf_SMOTETPhi",48,0.351443913725551,0.435518957118673,0.388990363998391
"DS02","Bike Sharing Daily - Humidity","mc.rf_SMOTETPhi",49,0.343400127519845,0.461723911561467,0.393867385428188
"DS02","Bike Sharing Daily - Humidity","mc.rf_SMOTETPhi",50,0.389934990814375,0.46492715910559,0.424141757901353
"DS02","Bike Sharing Daily - Humidity","mc.rpart",1,0.53939238007208,0.417750586561482,0.470841851253288
"DS02","Bike Sharing Daily - Humidity","mc.rpart",2,0.360809923067354,0.413987892513743,0.385573982385771
"DS02","Bike Sharing Daily - Humidity","mc.rpart",3,0.53939238007208,0.450689182530561,0.491067241367193
"DS02","Bike Sharing Daily - Humidity","mc.rpart",4,0.434157704171908,0.318159905434422,0.367216112820331
"DS02","Bike Sharing Daily - Humidity","mc.rpart",5,0.693658412740543,0.567622224256087,0.624343099488628
"DS02","Bike Sharing Daily - Humidity","mc.rpart",6,0.615770381935231,0.603522879120498,0.609585118941609
"DS02","Bike Sharing Daily - Humidity","mc.rpart",7,0.482294053516436,0.588821338880227,0.530260385279483
"DS02","Bike Sharing Daily - Humidity","mc.rpart",8,0.531570095232262,0.472877507400117,0.500509018057508
"DS02","Bike Sharing Daily - Humidity","mc.rpart",9,0.531570095232262,0.472877507400117,0.500509018057508
"DS02","Bike Sharing Daily - Humidity","mc.rpart",10,0.511565412548126,0.498433216730429,0.504913940975395
"DS02","Bike Sharing Daily - Humidity","mc.rpart",11,0.532401309667057,0.4759649446741,0.502603808505408
"DS02","Bike Sharing Daily - Humidity","mc.rpart",12,0.532304933510508,0.471678788762337,0.500161388517451
"DS02","Bike Sharing Daily - Humidity","mc.rpart",13,0.532304933510508,0.535999665896812,0.534145910586074
"DS02","Bike Sharing Daily - Humidity","mc.rpart",14,0.576048199124467,0.479616087358305,0.523427735372922
"DS02","Bike Sharing Daily - Humidity","mc.rpart",15,0.401503334382301,0.461747467717614,0.429523256694867
"DS02","Bike Sharing Daily - Humidity","mc.rpart",16,0.370409855417664,0.462268678355177,0.411272459583708
"DS02","Bike Sharing Daily - Humidity","mc.rpart",17,0.547616363046971,0.467081808770933,0.504153153062823
"DS02","Bike Sharing Daily - Humidity","mc.rpart",18,0.341877314295022,0.430833764314842,0.381235093759901
"DS02","Bike Sharing Daily - Humidity","mc.rpart",19,0.502230624055915,0.432352666492651,0.464679289049539
"DS02","Bike Sharing Daily - Humidity","mc.rpart",20,0.276402548129204,0.403816650322689,0.328176421307182
"DS02","Bike Sharing Daily - Humidity","mc.rpart",21,0.285844650272873,0.410694339893504,0.337080282979897
"DS02","Bike Sharing Daily - Humidity","mc.rpart",22,0.387409449616402,0.488828202902946,0.432249548964511
"DS02","Bike Sharing Daily - Humidity","mc.rpart",23,0.283655811883874,0.39970609265632,0.331826973303838
"DS02","Bike Sharing Daily - Humidity","mc.rpart",24,0.344772854000783,0.473039507613543,0.398847434326161
"DS02","Bike Sharing Daily - Humidity","mc.rpart",25,1e-05,0.428549824968251,1.9999533320698e-05
"DS02","Bike Sharing Daily - Humidity","mc.rpart",26,0.38892589936417,0.425350698652964,0.406323609008597
"DS02","Bike Sharing Daily - Humidity","mc.rpart",27,0.387626177682805,0.402005616084221,0.394684969880338
"DS02","Bike Sharing Daily - Humidity","mc.rpart",28,0.43638275850992,0.461248311664142,0.44847113093581
"DS02","Bike Sharing Daily - Humidity","mc.rpart",29,0.35423658940052,0.471412227672166,0.404509656597954
"DS02","Bike Sharing Daily - Humidity","mc.rpart",30,0.591554642926839,0.477323048273343,0.52833484636589
"DS02","Bike Sharing Daily - Humidity","mc.rpart",31,0.587634619857254,0.487257219218226,0.532759111901488
"DS02","Bike Sharing Daily - Humidity","mc.rpart",32,0.587579787489803,0.487225192019042,0.532717432918948
"DS02","Bike Sharing Daily - Humidity","mc.rpart",33,0.551371286592776,0.489104504458125,0.518374732446236
"DS02","Bike Sharing Daily - Humidity","mc.rpart",34,0.523335742134878,0.491555905584825,0.506948254482166
"DS02","Bike Sharing Daily - Humidity","mc.rpart",35,0.514191564467742,0.516333573579998,0.515260342875828
"DS02","Bike Sharing Daily - Humidity","mc.rpart",36,0.557610676291268,0.447857438432295,0.496743925479857
"DS02","Bike Sharing Daily - Humidity","mc.rpart",37,0.466223954451411,0.447145449756947,0.456485445735562
"DS02","Bike Sharing Daily - Humidity","mc.rpart",38,0.557610676291268,0.447857438432295,0.496743925479857
"DS02","Bike Sharing Daily - Humidity","mc.rpart",39,0.561579414715439,0.450242801686987,0.499785604530854
"DS02","Bike Sharing Daily - Humidity","mc.rpart",40,0.557610676291268,0.483575562894684,0.517960930552555
"DS02","Bike Sharing Daily - Humidity","mc.rpart",41,0.557957177905739,0.565770537755058,0.561836694403136
"DS02","Bike Sharing Daily - Humidity","mc.rpart",42,0.276734686060322,0.514451725403789,0.359881400034046
"DS02","Bike Sharing Daily - Humidity","mc.rpart",43,0.270758546355443,0.508332313266596,0.35332289297383
"DS02","Bike Sharing Daily - Humidity","mc.rpart",44,0.373064876296818,0.494829978338993,0.425405643715811
"DS02","Bike Sharing Daily - Humidity","mc.rpart",45,0.373113329966747,0.494964787432362,0.425486961031789
"DS02","Bike Sharing Daily - Humidity","mc.rpart",46,0.349503065395084,0.493531555130532,0.409214016097652
"DS02","Bike Sharing Daily - Humidity","mc.rpart",47,0.248037050571664,0.464621219802371,0.323418058229519
"DS02","Bike Sharing Daily - Humidity","mc.rpart",48,0.247647294555967,0.445435079319683,0.318319427680709
"DS02","Bike Sharing Daily - Humidity","mc.rpart",49,0.248037050571664,0.444899761354689,0.318504148450935
"DS02","Bike Sharing Daily - Humidity","mc.rpart",50,0.247647294555967,0.421557549303421,0.312004874270072
"DS02","Bike Sharing Daily - Humidity","mc.rpart_UNDERB",1,0.397758516121765,0.584689421230281,0.473440246019497
"DS02","Bike Sharing Daily - Humidity","mc.rpart_UNDERB",2,0.354693217530216,0.421830408055891,0.385359517097749
"DS02","Bike Sharing Daily - Humidity","mc.rpart_UNDERB",3,0.389219853039672,0.503656715514829,0.43910479835413
"DS02","Bike Sharing Daily - Humidity","mc.rpart_UNDERB",4,0.37368631915815,0.596571371947228,0.459528560591179
"DS02","Bike Sharing Daily - Humidity","mc.rpart_UNDERB",5,0.375881977787651,0.622006591366876,0.468591534138982
"DS02","Bike Sharing Daily - Humidity","mc.rpart_UNDERB",6,0.359652106882283,0.548698702525507,0.43450315090385
"DS02","Bike Sharing Daily - Humidity","mc.rpart_UNDERB",7,0.339136318219325,0.399039803871791,0.36665745709758
"DS02","Bike Sharing Daily - Humidity","mc.rpart_UNDERB",8,0.360543773455484,0.540810997357515,0.432651036034635
"DS02","Bike Sharing Daily - Humidity","mc.rpart_UNDERB",9,0.357644126005375,0.616976216988984,0.452807950249002
"DS02","Bike Sharing Daily - Humidity","mc.rpart_UNDERB",10,0.415719370942149,0.642585848721204,0.504836184955569
"DS02","Bike Sharing Daily - Humidity","mc.rpart_UNDERB",11,0.330548918246532,0.372390676416889,0.350224503468569
"DS02","Bike Sharing Daily - Humidity","mc.rpart_UNDERB",12,0.345933121682581,0.45149541237756,0.391727184965152
"DS02","Bike Sharing Daily - Humidity","mc.rpart_UNDERB",13,0.362344957517639,0.561754567145194,0.440534659601371
"DS02","Bike Sharing Daily - Humidity","mc.rpart_UNDERB",14,0.332991985443856,0.490035620922183,0.396530889333298
"DS02","Bike Sharing Daily - Humidity","mc.rpart_UNDERB",15,0.344101826244109,0.6199361125818,0.442557579743951
"DS02","Bike Sharing Daily - Humidity","mc.rpart_UNDERB",16,0.298392309294571,0.613975479601087,0.401604623569985
"DS02","Bike Sharing Daily - Humidity","mc.rpart_UNDERB",17,0.308303774554194,0.505649381267689,0.383053033779097
"DS02","Bike Sharing Daily - Humidity","mc.rpart_UNDERB",18,0.359145298888514,0.628814712642217,0.457176090695164
"DS02","Bike Sharing Daily - Humidity","mc.rpart_UNDERB",19,0.402030984433346,0.559977667181622,0.468038145851979
"DS02","Bike Sharing Daily - Humidity","mc.rpart_UNDERB",20,0.334969200660053,0.61318369383712,0.433258502873265
"DS02","Bike Sharing Daily - Humidity","mc.rpart_UNDERB",21,0.305371640663777,0.426099554091069,0.355772642455191
"DS02","Bike Sharing Daily - Humidity","mc.rpart_UNDERB",22,0.346199521499804,0.472607837067975,0.39964615690846
"DS02","Bike Sharing Daily - Humidity","mc.rpart_UNDERB",23,0.374234831711712,0.607749065268182,0.463227288885462
"DS02","Bike Sharing Daily - Humidity","mc.rpart_UNDERB",24,0.359642325866272,0.678426328379668,0.470086100123341
"DS02","Bike Sharing Daily - Humidity","mc.rpart_UNDERB",25,0.358197501677873,0.576414486667289,0.441830902299329
"DS02","Bike Sharing Daily - Humidity","mc.rpart_UNDERB",26,0.328151507080188,0.57718988009215,0.418418359543343
"DS02","Bike Sharing Daily - Humidity","mc.rpart_UNDERB",27,0.389373177572206,0.499953719440355,0.437788554538196
"DS02","Bike Sharing Daily - Humidity","mc.rpart_UNDERB",28,0.37418682892748,0.47335404713495,0.417968867012779
"DS02","Bike Sharing Daily - Humidity","mc.rpart_UNDERB",29,0.38425901408969,0.521918645329521,0.442632726606583
"DS02","Bike Sharing Daily - Humidity","mc.rpart_UNDERB",30,0.358202820282951,0.643694640780955,0.460273121131409
"DS02","Bike Sharing Daily - Humidity","mc.rpart_UNDERB",31,0.36119112521723,0.627025147491886,0.458352943209948
"DS02","Bike Sharing Daily - Humidity","mc.rpart_UNDERB",32,0.381149475366298,0.670403230705068,0.485993404214142
"DS02","Bike Sharing Daily - Humidity","mc.rpart_UNDERB",33,0.317622991496307,0.467486308995868,0.378251537343276
"DS02","Bike Sharing Daily - Humidity","mc.rpart_UNDERB",34,0.370502995618762,0.599360186595455,0.457930043454703
"DS02","Bike Sharing Daily - Humidity","mc.rpart_UNDERB",35,0.367184589685504,0.517374647287014,0.429529170319809
"DS02","Bike Sharing Daily - Humidity","mc.rpart_UNDERB",36,0.33291014520461,0.581225341369688,0.423341650409182
"DS02","Bike Sharing Daily - Humidity","mc.rpart_UNDERB",37,0.384246645391203,0.572304366006369,0.459789452230869
"DS02","Bike Sharing Daily - Humidity","mc.rpart_UNDERB",38,0.331119845458753,0.49836905681272,0.397883286012295
"DS02","Bike Sharing Daily - Humidity","mc.rpart_UNDERB",39,0.344062577165505,0.587461660213635,0.43396309980663
"DS02","Bike Sharing Daily - Humidity","mc.rpart_UNDERB",40,0.372683897989684,0.677432469866638,0.480838469378511
"DS02","Bike Sharing Daily - Humidity","mc.rpart_UNDERB",41,0.315637595457138,0.730303322032251,0.440772859472644
"DS02","Bike Sharing Daily - Humidity","mc.rpart_UNDERB",42,0.388607743323077,0.811632554880711,0.525572580810287
"DS02","Bike Sharing Daily - Humidity","mc.rpart_UNDERB",43,0.349542211443726,0.658654849986181,0.456711652215645
"DS02","Bike Sharing Daily - Humidity","mc.rpart_UNDERB",44,0.394713855056053,0.746953235836462,0.516495208832048
"DS02","Bike Sharing Daily - Humidity","mc.rpart_UNDERB",45,0.37971666425558,0.607597627675977,0.46735866436079
"DS02","Bike Sharing Daily - Humidity","mc.rpart_UNDERB",46,0.409299212060313,0.515640986396534,0.456356961866763
"DS02","Bike Sharing Daily - Humidity","mc.rpart_UNDERB",47,0.313134063271724,0.454781473723828,0.370893838989144
"DS02","Bike Sharing Daily - Humidity","mc.rpart_UNDERB",48,0.433992187581596,0.651122975934587,0.520833722007564
"DS02","Bike Sharing Daily - Humidity","mc.rpart_UNDERB",49,0.4081039830788,0.662536795515747,0.50508800074135
"DS02","Bike Sharing Daily - Humidity","mc.rpart_UNDERB",50,0.346337923339977,0.549007934993134,0.424734791216176
"DS02","Bike Sharing Daily - Humidity","mc.rpart_UNDERT",1,0.37647915740089,0.636777722264862,0.473194004681252
"DS02","Bike Sharing Daily - Humidity","mc.rpart_UNDERT",2,0.394459564417439,0.696699895363505,0.503720945259339
"DS02","Bike Sharing Daily - Humidity","mc.rpart_UNDERT",3,0.408839760741111,0.713873839488958,0.51991889948816
"DS02","Bike Sharing Daily - Humidity","mc.rpart_UNDERT",4,0.335570829869871,0.378379865625681,0.355691916305028
"DS02","Bike Sharing Daily - Humidity","mc.rpart_UNDERT",5,0.352162401276547,0.57468275378681,0.436710830153603
"DS02","Bike Sharing Daily - Humidity","mc.rpart_UNDERT",6,0.357518889118885,0.463892550167613,0.403817968131815
"DS02","Bike Sharing Daily - Humidity","mc.rpart_UNDERT",7,0.318728626605572,0.41451278576505,0.360364509391798
"DS02","Bike Sharing Daily - Humidity","mc.rpart_UNDERT",8,0.349775835379875,0.589473278074167,0.439039026641772
"DS02","Bike Sharing Daily - Humidity","mc.rpart_UNDERT",9,0.377889306105042,0.467796532647685,0.418063775033287
"DS02","Bike Sharing Daily - Humidity","mc.rpart_UNDERT",10,0.343695659141814,0.495130443538794,0.405743654398509
"DS02","Bike Sharing Daily - Humidity","mc.rpart_UNDERT",11,0.352627340513216,0.517477698417539,0.419436220693807
"DS02","Bike Sharing Daily - Humidity","mc.rpart_UNDERT",12,0.347182837992604,0.496588360527485,0.408658073715755
"DS02","Bike Sharing Daily - Humidity","mc.rpart_UNDERT",13,0.327358118700849,0.509660460018178,0.398656597618404
"DS02","Bike Sharing Daily - Humidity","mc.rpart_UNDERT",14,0.324937967603343,0.427012388685198,0.369047069558337
"DS02","Bike Sharing Daily - Humidity","mc.rpart_UNDERT",15,0.35802053559494,0.600880494872506,0.448696058857996
"DS02","Bike Sharing Daily - Humidity","mc.rpart_UNDERT",16,0.342759403513314,0.685088448885178,0.456916862832936
"DS02","Bike Sharing Daily - Humidity","mc.rpart_UNDERT",17,0.331137112386103,0.557075683784244,0.415369907085756
"DS02","Bike Sharing Daily - Humidity","mc.rpart_UNDERT",18,0.375502806666298,0.574416364444292,0.454133285449339
"DS02","Bike Sharing Daily - Humidity","mc.rpart_UNDERT",19,0.341385779119938,0.411577995848411,0.373210184745577
"DS02","Bike Sharing Daily - Humidity","mc.rpart_UNDERT",20,0.377343066086689,0.715577576139479,0.494122310753235
"DS02","Bike Sharing Daily - Humidity","mc.rpart_UNDERT",21,0.328804066513864,0.551765368317968,0.41205767470027
"DS02","Bike Sharing Daily - Humidity","mc.rpart_UNDERT",22,0.346406656125368,0.571667715792387,0.431401873094021
"DS02","Bike Sharing Daily - Humidity","mc.rpart_UNDERT",23,0.351224785822561,0.737302056708042,0.475796731574923
"DS02","Bike Sharing Daily - Humidity","mc.rpart_UNDERT",24,0.347620221473663,0.560425940657257,0.429086973185783
"DS02","Bike Sharing Daily - Humidity","mc.rpart_UNDERT",25,0.3241461441716,0.532891365227849,0.403097132637724
"DS02","Bike Sharing Daily - Humidity","mc.rpart_UNDERT",26,0.362165577591747,0.585680143757347,0.447569014176675
"DS02","Bike Sharing Daily - Humidity","mc.rpart_UNDERT",27,0.428756106440765,0.434849845821367,0.431781476939483
"DS02","Bike Sharing Daily - Humidity","mc.rpart_UNDERT",28,0.364397304728968,0.358917961601126,0.361636879281844
"DS02","Bike Sharing Daily - Humidity","mc.rpart_UNDERT",29,0.366585716464511,0.550051114682024,0.439958062159905
"DS02","Bike Sharing Daily - Humidity","mc.rpart_UNDERT",30,0.353329103293639,0.773722823450205,0.485121909506512
"DS02","Bike Sharing Daily - Humidity","mc.rpart_UNDERT",31,0.332967772605415,0.570283277418539,0.420450001427911
"DS02","Bike Sharing Daily - Humidity","mc.rpart_UNDERT",32,0.364241580053621,0.593189107069606,0.451341576023291
"DS02","Bike Sharing Daily - Humidity","mc.rpart_UNDERT",33,0.385485517477793,0.544668608448683,0.45145606417134
"DS02","Bike Sharing Daily - Humidity","mc.rpart_UNDERT",34,0.339448697782336,0.389415232058868,0.362719262147568
"DS02","Bike Sharing Daily - Humidity","mc.rpart_UNDERT",35,0.386566216264015,0.547540722383759,0.453183113292699
"DS02","Bike Sharing Daily - Humidity","mc.rpart_UNDERT",36,0.339750300686062,0.594814210518634,0.432475884656796
"DS02","Bike Sharing Daily - Humidity","mc.rpart_UNDERT",37,0.369071038418538,0.653314304497988,0.471680057710772
"DS02","Bike Sharing Daily - Humidity","mc.rpart_UNDERT",38,0.367473328817367,0.621049945670682,0.461737820013684
"DS02","Bike Sharing Daily - Humidity","mc.rpart_UNDERT",39,0.321946931382488,0.640857254798931,0.428585645135208
"DS02","Bike Sharing Daily - Humidity","mc.rpart_UNDERT",40,0.315605511551724,0.606463643141132,0.415160332295978
"DS02","Bike Sharing Daily - Humidity","mc.rpart_UNDERT",41,0.366613929831236,0.668969842380723,0.473652966442162
"DS02","Bike Sharing Daily - Humidity","mc.rpart_UNDERT",42,0.374019934837509,0.814391181079154,0.512614754944495
"DS02","Bike Sharing Daily - Humidity","mc.rpart_UNDERT",43,0.360865995034809,0.595305978126363,0.449345285527479
"DS02","Bike Sharing Daily - Humidity","mc.rpart_UNDERT",44,0.415954946142041,0.829999584476031,0.554181431143209
"DS02","Bike Sharing Daily - Humidity","mc.rpart_UNDERT",45,0.39102997437592,0.697604113518509,0.501149324032801
"DS02","Bike Sharing Daily - Humidity","mc.rpart_UNDERT",46,0.367941945081151,0.438913511906829,0.400306374319542
"DS02","Bike Sharing Daily - Humidity","mc.rpart_UNDERT",47,0.388043620858668,0.706530027855975,0.500952074950021
"DS02","Bike Sharing Daily - Humidity","mc.rpart_UNDERT",48,0.331515033993642,0.320045785330761,0.325679464623005
"DS02","Bike Sharing Daily - Humidity","mc.rpart_UNDERT",49,0.364705382373943,0.690948927672371,0.477415363096585
"DS02","Bike Sharing Daily - Humidity","mc.rpart_UNDERT",50,0.386935587452979,0.574701223789837,0.462487194827064
"DS02","Bike Sharing Daily - Humidity","mc.rpart_UNDERTPhi",1,0.38051782937308,0.527063559187388,0.441959440798455
"DS02","Bike Sharing Daily - Humidity","mc.rpart_UNDERTPhi",2,0.379261415099519,0.557766225529767,0.451511137594771
"DS02","Bike Sharing Daily - Humidity","mc.rpart_UNDERTPhi",3,0.417113218665682,0.624613121318963,0.500197373252578
"DS02","Bike Sharing Daily - Humidity","mc.rpart_UNDERTPhi",4,0.349233753578883,0.529805195389839,0.420973057607191
"DS02","Bike Sharing Daily - Humidity","mc.rpart_UNDERTPhi",5,0.35968135030583,0.627249448334256,0.457195031032217
"DS02","Bike Sharing Daily - Humidity","mc.rpart_UNDERTPhi",6,0.350359244926165,0.558611546125518,0.430629281896135
"DS02","Bike Sharing Daily - Humidity","mc.rpart_UNDERTPhi",7,0.355046607786351,0.496226313325467,0.413929457571438
"DS02","Bike Sharing Daily - Humidity","mc.rpart_UNDERTPhi",8,0.344936391450105,0.433333347399569,0.384114745018689
"DS02","Bike Sharing Daily - Humidity","mc.rpart_UNDERTPhi",9,0.355285958557876,0.727703530051506,0.4774614138726
"DS02","Bike Sharing Daily - Humidity","mc.rpart_UNDERTPhi",10,0.297154410167878,0.485569056238341,0.368684452926301
"DS02","Bike Sharing Daily - Humidity","mc.rpart_UNDERTPhi",11,0.356265651665188,0.468028981574038,0.404570510093997
"DS02","Bike Sharing Daily - Humidity","mc.rpart_UNDERTPhi",12,0.338494982122914,0.659558282098408,0.447385278744827
"DS02","Bike Sharing Daily - Humidity","mc.rpart_UNDERTPhi",13,0.35149726513075,0.456967208010522,0.397352584328256
"DS02","Bike Sharing Daily - Humidity","mc.rpart_UNDERTPhi",14,0.374701577990244,0.549952925898094,0.445719408249922
"DS02","Bike Sharing Daily - Humidity","mc.rpart_UNDERTPhi",15,0.354675134114273,0.340314397421685,0.347346396081102
"DS02","Bike Sharing Daily - Humidity","mc.rpart_UNDERTPhi",16,0.32217075572402,0.587939154304217,0.416250388166972
"DS02","Bike Sharing Daily - Humidity","mc.rpart_UNDERTPhi",17,0.356746877825887,0.659375497472513,0.462995709486529
"DS02","Bike Sharing Daily - Humidity","mc.rpart_UNDERTPhi",18,0.383041798520101,0.570716369169462,0.458414369380661
"DS02","Bike Sharing Daily - Humidity","mc.rpart_UNDERTPhi",19,0.349695292311001,0.38779821948891,0.36776245364082
"DS02","Bike Sharing Daily - Humidity","mc.rpart_UNDERTPhi",20,0.361833894111196,0.520925049018803,0.427043737123106
"DS02","Bike Sharing Daily - Humidity","mc.rpart_UNDERTPhi",21,0.373008462236487,0.486967422168242,0.422437355735794
"DS02","Bike Sharing Daily - Humidity","mc.rpart_UNDERTPhi",22,0.345808476522515,0.571698717051234,0.430946511935925
"DS02","Bike Sharing Daily - Humidity","mc.rpart_UNDERTPhi",23,0.366145500273071,0.674099250836496,0.474539106624599
"DS02","Bike Sharing Daily - Humidity","mc.rpart_UNDERTPhi",24,0.378415409351607,0.471958163844595,0.420041843720086
"DS02","Bike Sharing Daily - Humidity","mc.rpart_UNDERTPhi",25,0.353831463383786,0.472083540180637,0.404492009808813
"DS02","Bike Sharing Daily - Humidity","mc.rpart_UNDERTPhi",26,0.338637007418379,0.646928932185104,0.44456503376257
"DS02","Bike Sharing Daily - Humidity","mc.rpart_UNDERTPhi",27,0.354562627275563,0.477667583657858,0.407010154644937
"DS02","Bike Sharing Daily - Humidity","mc.rpart_UNDERTPhi",28,0.336644402477755,0.439996834652496,0.381443746255393
"DS02","Bike Sharing Daily - Humidity","mc.rpart_UNDERTPhi",29,0.337200156238796,0.585521932758727,0.427947026654554
"DS02","Bike Sharing Daily - Humidity","mc.rpart_UNDERTPhi",30,0.361072135837817,0.741301243092816,0.485612639525822
"DS02","Bike Sharing Daily - Humidity","mc.rpart_UNDERTPhi",31,0.328848476796011,0.470461963142289,0.387110419780693
"DS02","Bike Sharing Daily - Humidity","mc.rpart_UNDERTPhi",32,0.344156824225131,0.676451649446624,0.456209129006852
"DS02","Bike Sharing Daily - Humidity","mc.rpart_UNDERTPhi",33,0.400174783405064,0.614598291042096,0.48473248688212
"DS02","Bike Sharing Daily - Humidity","mc.rpart_UNDERTPhi",34,0.356084318611447,0.524904176535705,0.424319153014137
"DS02","Bike Sharing Daily - Humidity","mc.rpart_UNDERTPhi",35,0.378347249724667,0.523682691536058,0.439306717012422
"DS02","Bike Sharing Daily - Humidity","mc.rpart_UNDERTPhi",36,0.317893804653139,0.677216028343424,0.432681444165616
"DS02","Bike Sharing Daily - Humidity","mc.rpart_UNDERTPhi",37,0.353623446275742,0.679487813078843,0.46516349519493
"DS02","Bike Sharing Daily - Humidity","mc.rpart_UNDERTPhi",38,0.397671279928373,0.659962642096709,0.49629306156329
"DS02","Bike Sharing Daily - Humidity","mc.rpart_UNDERTPhi",39,0.322131468769404,0.683821903123106,0.437953806179544
"DS02","Bike Sharing Daily - Humidity","mc.rpart_UNDERTPhi",40,0.318821672717358,0.731892085579357,0.444161042206724
"DS02","Bike Sharing Daily - Humidity","mc.rpart_UNDERTPhi",41,0.297540878927785,0.6298485439716,0.404157487107825
"DS02","Bike Sharing Daily - Humidity","mc.rpart_UNDERTPhi",42,0.371583982643491,0.459246289822118,0.410790437088734
"DS02","Bike Sharing Daily - Humidity","mc.rpart_UNDERTPhi",43,0.311069087523445,0.412062606906277,0.354513403631003
"DS02","Bike Sharing Daily - Humidity","mc.rpart_UNDERTPhi",44,0.392659273035653,0.55725383742038,0.460696634859094
"DS02","Bike Sharing Daily - Humidity","mc.rpart_UNDERTPhi",45,0.353979438024273,0.72904434413088,0.476567018162217
"DS02","Bike Sharing Daily - Humidity","mc.rpart_UNDERTPhi",46,0.377270803036297,0.641773690434285,0.475195101114985
"DS02","Bike Sharing Daily - Humidity","mc.rpart_UNDERTPhi",47,0.356362264691424,0.447703719870332,0.396844822656498
"DS02","Bike Sharing Daily - Humidity","mc.rpart_UNDERTPhi",48,0.357790016678013,0.653419351623122,0.462390733400231
"DS02","Bike Sharing Daily - Humidity","mc.rpart_UNDERTPhi",49,0.389640712810053,0.788296506192638,0.521508969448518
"DS02","Bike Sharing Daily - Humidity","mc.rpart_UNDERTPhi",50,0.421426152758518,0.66856224010258,0.516977271632197
"DS02","Bike Sharing Daily - Humidity","mc.rpart_OVERB",1,0.355994126220925,0.399383440712376,0.376442630089551
"DS02","Bike Sharing Daily - Humidity","mc.rpart_OVERB",2,0.356107102400063,0.384828623705377,0.36991118468169
"DS02","Bike Sharing Daily - Humidity","mc.rpart_OVERB",3,0.342005655550951,0.385209732016608,0.362324310445665
"DS02","Bike Sharing Daily - Humidity","mc.rpart_OVERB",4,0.433762962112714,0.558198930680954,0.488176054703915
"DS02","Bike Sharing Daily - Humidity","mc.rpart_OVERB",5,0.38425755793071,0.499241199634999,0.434267060473767
"DS02","Bike Sharing Daily - Humidity","mc.rpart_OVERB",6,0.422960947483893,0.341491108584985,0.377884791329324
"DS02","Bike Sharing Daily - Humidity","mc.rpart_OVERB",7,0.400658630888985,0.409428496825415,0.404996093316124
"DS02","Bike Sharing Daily - Humidity","mc.rpart_OVERB",8,0.448284047825414,0.514522135926207,0.479124604061081
"DS02","Bike Sharing Daily - Humidity","mc.rpart_OVERB",9,0.444270604982821,0.479611984723928,0.461265336059519
"DS02","Bike Sharing Daily - Humidity","mc.rpart_OVERB",10,0.397282182162227,0.420143899993404,0.408393343582469
"DS02","Bike Sharing Daily - Humidity","mc.rpart_OVERB",11,0.35150439400529,0.431441275745256,0.387392152581988
"DS02","Bike Sharing Daily - Humidity","mc.rpart_OVERB",12,0.370168992396713,0.414759675380026,0.39119776719859
"DS02","Bike Sharing Daily - Humidity","mc.rpart_OVERB",13,0.399740747397456,0.422806760536941,0.410950343491196
"DS02","Bike Sharing Daily - Humidity","mc.rpart_OVERB",14,0.391190175087374,0.433207787042636,0.411128211973181
"DS02","Bike Sharing Daily - Humidity","mc.rpart_OVERB",15,0.411163277662476,0.487716934301917,0.446180237611047
"DS02","Bike Sharing Daily - Humidity","mc.rpart_OVERB",16,0.300380998308464,0.521105380908413,0.38109007891379
"DS02","Bike Sharing Daily - Humidity","mc.rpart_OVERB",17,0.417268530198158,0.487385480651704,0.449609730819424
"DS02","Bike Sharing Daily - Humidity","mc.rpart_OVERB",18,0.388259738892027,0.439733239948697,0.412396523370686
"DS02","Bike Sharing Daily - Humidity","mc.rpart_OVERB",19,0.332544123305623,0.315475122854858,0.323784822059195
"DS02","Bike Sharing Daily - Humidity","mc.rpart_OVERB",20,0.327917177273493,0.466413999040145,0.385091676033364
"DS02","Bike Sharing Daily - Humidity","mc.rpart_OVERB",21,0.348441154941401,0.562851396177748,0.430422898340825
"DS02","Bike Sharing Daily - Humidity","mc.rpart_OVERB",22,0.376226414318549,0.421426817668011,0.397545936381498
"DS02","Bike Sharing Daily - Humidity","mc.rpart_OVERB",23,0.439138800293309,0.432082288657385,0.435581967138837
"DS02","Bike Sharing Daily - Humidity","mc.rpart_OVERB",24,0.390953785233234,0.45068424961139,0.418699502721739
"DS02","Bike Sharing Daily - Humidity","mc.rpart_OVERB",25,0.399288204250627,0.518620429110916,0.451197455391671
"DS02","Bike Sharing Daily - Humidity","mc.rpart_OVERB",26,0.344382782962315,0.507216889747979,0.410232107067336
"DS02","Bike Sharing Daily - Humidity","mc.rpart_OVERB",27,0.466180726368225,0.5135604636785,0.488724966192812
"DS02","Bike Sharing Daily - Humidity","mc.rpart_OVERB",28,0.410051120407045,0.444414613172485,0.426541879668436
"DS02","Bike Sharing Daily - Humidity","mc.rpart_OVERB",29,0.439928274899692,0.416906282231931,0.428107993569086
"DS02","Bike Sharing Daily - Humidity","mc.rpart_OVERB",30,0.391847767376089,0.582849068197778,0.468634138852141
"DS02","Bike Sharing Daily - Humidity","mc.rpart_OVERB",31,0.414934667615203,0.486666497379987,0.44794707276337
"DS02","Bike Sharing Daily - Humidity","mc.rpart_OVERB",32,0.490809649729652,0.593908089887997,0.537459305629654
"DS02","Bike Sharing Daily - Humidity","mc.rpart_OVERB",33,0.402897131359755,0.51530519784741,0.452220560509274
"DS02","Bike Sharing Daily - Humidity","mc.rpart_OVERB",34,0.366240877717235,0.401447520546542,0.383036900427028
"DS02","Bike Sharing Daily - Humidity","mc.rpart_OVERB",35,0.453258996582322,0.555997049334106,0.499398870491931
"DS02","Bike Sharing Daily - Humidity","mc.rpart_OVERB",36,0.410830247597152,0.50020745738491,0.451134683984195
"DS02","Bike Sharing Daily - Humidity","mc.rpart_OVERB",37,0.397280869105742,0.394690781908542,0.395981590158768
"DS02","Bike Sharing Daily - Humidity","mc.rpart_OVERB",38,0.362728109421621,0.470133444010961,0.409505312423514
"DS02","Bike Sharing Daily - Humidity","mc.rpart_OVERB",39,0.419608801942411,0.406118416929809,0.412753409309707
"DS02","Bike Sharing Daily - Humidity","mc.rpart_OVERB",40,0.396808300350141,0.506051979449959,0.44482104340402
"DS02","Bike Sharing Daily - Humidity","mc.rpart_OVERB",41,0.381611031678713,0.41871876174612,0.399304636578364
"DS02","Bike Sharing Daily - Humidity","mc.rpart_OVERB",42,0.425327293104847,0.37185080532642,0.396795388080973
"DS02","Bike Sharing Daily - Humidity","mc.rpart_OVERB",43,0.421281588733965,0.522571185153566,0.466491438492754
"DS02","Bike Sharing Daily - Humidity","mc.rpart_OVERB",44,0.403603059779969,0.507156574391879,0.449492791582082
"DS02","Bike Sharing Daily - Humidity","mc.rpart_OVERB",45,0.411826728839625,0.43913355972845,0.425042013960444
"DS02","Bike Sharing Daily - Humidity","mc.rpart_OVERB",46,0.389804005209068,0.502434054351291,0.439010205047893
"DS02","Bike Sharing Daily - Humidity","mc.rpart_OVERB",47,0.438578847482222,0.430583836663014,0.434544570936924
"DS02","Bike Sharing Daily - Humidity","mc.rpart_OVERB",48,0.335189019410398,0.384188817296886,0.35802012897037
"DS02","Bike Sharing Daily - Humidity","mc.rpart_OVERB",49,0.411064964224356,0.470817116333441,0.438916778894991
"DS02","Bike Sharing Daily - Humidity","mc.rpart_OVERB",50,0.37827058440118,0.399126607926331,0.388418833307924
"DS02","Bike Sharing Daily - Humidity","mc.rpart_OVERT",1,0.443606562630745,0.553843653858953,0.492633467739108
"DS02","Bike Sharing Daily - Humidity","mc.rpart_OVERT",2,0.386857239045277,0.56834493272778,0.460359823287086
"DS02","Bike Sharing Daily - Humidity","mc.rpart_OVERT",3,0.412860542193932,0.506267757800247,0.454817855096051
"DS02","Bike Sharing Daily - Humidity","mc.rpart_OVERT",4,0.373703231714559,0.511460746491834,0.431862431289703
"DS02","Bike Sharing Daily - Humidity","mc.rpart_OVERT",5,0.460828816120735,0.541266648770489,0.497819374894821
"DS02","Bike Sharing Daily - Humidity","mc.rpart_OVERT",6,0.355358531466531,0.381368125498502,0.367904203666472
"DS02","Bike Sharing Daily - Humidity","mc.rpart_OVERT",7,0.305205661472117,0.467527674533876,0.369317813827371
"DS02","Bike Sharing Daily - Humidity","mc.rpart_OVERT",8,0.427501913186968,0.460644699444543,0.443454915013412
"DS02","Bike Sharing Daily - Humidity","mc.rpart_OVERT",9,0.376476103281647,0.524849503918366,0.438450421170924
"DS02","Bike Sharing Daily - Humidity","mc.rpart_OVERT",10,0.467803523952298,0.460582884927915,0.464165124737829
"DS02","Bike Sharing Daily - Humidity","mc.rpart_OVERT",11,0.469339605321591,0.481669593668894,0.47542466934693
"DS02","Bike Sharing Daily - Humidity","mc.rpart_OVERT",12,0.370861769050636,0.443450766784167,0.403920923771215
"DS02","Bike Sharing Daily - Humidity","mc.rpart_OVERT",13,0.315873801405975,0.325872454141275,0.320795236351855
"DS02","Bike Sharing Daily - Humidity","mc.rpart_OVERT",14,0.462536091439412,0.541684329649041,0.498991152476826
"DS02","Bike Sharing Daily - Humidity","mc.rpart_OVERT",15,0.433229580692785,0.504040212250312,0.465960028691039
"DS02","Bike Sharing Daily - Humidity","mc.rpart_OVERT",16,0.415612916203254,0.480392497246622,0.445660983082891
"DS02","Bike Sharing Daily - Humidity","mc.rpart_OVERT",17,0.360426650478017,0.522014175780818,0.426425920650992
"DS02","Bike Sharing Daily - Humidity","mc.rpart_OVERT",18,0.35907684256732,0.439257716311306,0.395140789264956
"DS02","Bike Sharing Daily - Humidity","mc.rpart_OVERT",19,0.415553748999134,0.404976153043438,0.410196772192017
"DS02","Bike Sharing Daily - Humidity","mc.rpart_OVERT",20,0.362633067425062,0.419060075138559,0.388809961884767
"DS02","Bike Sharing Daily - Humidity","mc.rpart_OVERT",21,0.354909313849244,0.466034197836102,0.402950690345888
"DS02","Bike Sharing Daily - Humidity","mc.rpart_OVERT",22,0.382057253602225,0.416153924424467,0.398377346291893
"DS02","Bike Sharing Daily - Humidity","mc.rpart_OVERT",23,0.42699047648079,0.483188260552554,0.453354439537299
"DS02","Bike Sharing Daily - Humidity","mc.rpart_OVERT",24,0.30304731147498,0.397657239946186,0.3439651054352
"DS02","Bike Sharing Daily - Humidity","mc.rpart_OVERT",25,0.399750646189308,0.553881314320689,0.464360303514717
"DS02","Bike Sharing Daily - Humidity","mc.rpart_OVERT",26,0.32140321600466,0.549179477358389,0.405494047911512
"DS02","Bike Sharing Daily - Humidity","mc.rpart_OVERT",27,0.301644038414234,0.401970192987914,0.344654519262338
"DS02","Bike Sharing Daily - Humidity","mc.rpart_OVERT",28,0.420423449093644,0.50107869003622,0.457221361051369
"DS02","Bike Sharing Daily - Humidity","mc.rpart_OVERT",29,0.405876262894754,0.577796371833158,0.476812760331912
"DS02","Bike Sharing Daily - Humidity","mc.rpart_OVERT",30,0.426836649165686,0.43929597312772,0.432976697414582
"DS02","Bike Sharing Daily - Humidity","mc.rpart_OVERT",31,0.475864265772315,0.529634238603061,0.501311552397167
"DS02","Bike Sharing Daily - Humidity","mc.rpart_OVERT",32,0.436758338308483,0.479444638383835,0.457107101588816
"DS02","Bike Sharing Daily - Humidity","mc.rpart_OVERT",33,0.430379155075279,0.466285197235817,0.447613265082351
"DS02","Bike Sharing Daily - Humidity","mc.rpart_OVERT",34,0.358366857297097,0.513279845455869,0.422057433473917
"DS02","Bike Sharing Daily - Humidity","mc.rpart_OVERT",35,0.383234201379177,0.476150447906789,0.424669295155574
"DS02","Bike Sharing Daily - Humidity","mc.rpart_OVERT",36,0.418487060501141,0.53753070446039,0.47059720579102
"DS02","Bike Sharing Daily - Humidity","mc.rpart_OVERT",37,0.457037002436105,0.464748204613113,0.460860349460126
"DS02","Bike Sharing Daily - Humidity","mc.rpart_OVERT",38,0.443643635234807,0.57084075571988,0.49926814106904
"DS02","Bike Sharing Daily - Humidity","mc.rpart_OVERT",39,0.395447343866952,0.601128810802668,0.477062972939827
"DS02","Bike Sharing Daily - Humidity","mc.rpart_OVERT",40,0.408776881621241,0.554484042700024,0.47061030331603
"DS02","Bike Sharing Daily - Humidity","mc.rpart_OVERT",41,0.370817755196445,0.543494882504646,0.440850413700648
"DS02","Bike Sharing Daily - Humidity","mc.rpart_OVERT",42,0.477814808300004,0.502271793099782,0.489738152101472
"DS02","Bike Sharing Daily - Humidity","mc.rpart_OVERT",43,0.457970435205255,0.591177292420497,0.516117444215363
"DS02","Bike Sharing Daily - Humidity","mc.rpart_OVERT",44,0.378255480015872,0.501584571527022,0.431276372424288
"DS02","Bike Sharing Daily - Humidity","mc.rpart_OVERT",45,0.380651632801632,0.508857480124812,0.435515337297845
"DS02","Bike Sharing Daily - Humidity","mc.rpart_OVERT",46,0.373251384668592,0.514480930987342,0.432632036684893
"DS02","Bike Sharing Daily - Humidity","mc.rpart_OVERT",47,0.348840052532473,0.412103049213413,0.377841783456779
"DS02","Bike Sharing Daily - Humidity","mc.rpart_OVERT",48,0.400591548040013,0.41787875903047,0.409052588779229
"DS02","Bike Sharing Daily - Humidity","mc.rpart_OVERT",49,0.355890785761951,0.399258067549363,0.37632916148616
"DS02","Bike Sharing Daily - Humidity","mc.rpart_OVERT",50,0.377129821117933,0.4606350390916,0.414720688690185
"DS02","Bike Sharing Daily - Humidity","mc.rpart_OVERTPhi",1,0.532392011176459,0.589339366780591,0.559420155148398
"DS02","Bike Sharing Daily - Humidity","mc.rpart_OVERTPhi",2,0.449599967878334,0.550921906286177,0.495130546898984
"DS02","Bike Sharing Daily - Humidity","mc.rpart_OVERTPhi",3,0.464674409196251,0.637231345535266,0.537441787079293
"DS02","Bike Sharing Daily - Humidity","mc.rpart_OVERTPhi",4,0.453298701387202,0.60529594466631,0.518385137682452
"DS02","Bike Sharing Daily - Humidity","mc.rpart_OVERTPhi",5,0.429398788373911,0.485173285720547,0.455585353939585
"DS02","Bike Sharing Daily - Humidity","mc.rpart_OVERTPhi",6,0.430284191242791,0.458879036492687,0.444121819113885
"DS02","Bike Sharing Daily - Humidity","mc.rpart_OVERTPhi",7,0.340929644176699,0.467527674533876,0.394316533557553
"DS02","Bike Sharing Daily - Humidity","mc.rpart_OVERTPhi",8,0.420242483009505,0.46058176692085,0.439488411848396
"DS02","Bike Sharing Daily - Humidity","mc.rpart_OVERTPhi",9,0.397211664701489,0.597936883239645,0.477330756839105
"DS02","Bike Sharing Daily - Humidity","mc.rpart_OVERTPhi",10,0.467750369678852,0.48133893068867,0.474447373251945
"DS02","Bike Sharing Daily - Humidity","mc.rpart_OVERTPhi",11,0.468974591442879,0.481669593668894,0.4752373273598
"DS02","Bike Sharing Daily - Humidity","mc.rpart_OVERTPhi",12,0.447042021866604,0.427432512668129,0.437017402173633
"DS02","Bike Sharing Daily - Humidity","mc.rpart_OVERTPhi",13,0.344088485369496,0.407634562495163,0.373175625229655
"DS02","Bike Sharing Daily - Humidity","mc.rpart_OVERTPhi",14,0.462476334618064,0.541687121127059,0.498957560853997
"DS02","Bike Sharing Daily - Humidity","mc.rpart_OVERTPhi",15,0.433297688567148,0.425893475458084,0.429563678535218
"DS02","Bike Sharing Daily - Humidity","mc.rpart_OVERTPhi",16,0.417743511832012,0.548330152274247,0.474210967475936
"DS02","Bike Sharing Daily - Humidity","mc.rpart_OVERTPhi",17,0.371204049626718,0.522345935336071,0.433992344616021
"DS02","Bike Sharing Daily - Humidity","mc.rpart_OVERTPhi",18,0.381136445068295,0.439239685832523,0.408130480849795
"DS02","Bike Sharing Daily - Humidity","mc.rpart_OVERTPhi",19,0.442822753891152,0.404996855694782,0.42306599405883
"DS02","Bike Sharing Daily - Humidity","mc.rpart_OVERTPhi",20,0.400329147008769,0.419532009777196,0.409705692791652
"DS02","Bike Sharing Daily - Humidity","mc.rpart_OVERTPhi",21,0.369797057023954,0.407565466641642,0.387763766634854
"DS02","Bike Sharing Daily - Humidity","mc.rpart_OVERTPhi",22,0.381843897254227,0.443793342208271,0.410494515665514
"DS02","Bike Sharing Daily - Humidity","mc.rpart_OVERTPhi",23,0.437736275990182,0.583621474398444,0.500260150165536
"DS02","Bike Sharing Daily - Humidity","mc.rpart_OVERTPhi",24,0.303013057600001,0.397657239946186,0.34394304018554
"DS02","Bike Sharing Daily - Humidity","mc.rpart_OVERTPhi",25,0.634033841958874,0.449041090634228,0.525738781915255
"DS02","Bike Sharing Daily - Humidity","mc.rpart_OVERTPhi",26,0.321250494906714,0.549060997170145,0.405340199872498
"DS02","Bike Sharing Daily - Humidity","mc.rpart_OVERTPhi",27,0.325968980851276,0.398567731088391,0.358631149980726
"DS02","Bike Sharing Daily - Humidity","mc.rpart_OVERTPhi",28,0.466546559063583,0.542204614471059,0.501538345285865
"DS02","Bike Sharing Daily - Humidity","mc.rpart_OVERTPhi",29,0.426394130124255,0.527724696249427,0.471678593027222
"DS02","Bike Sharing Daily - Humidity","mc.rpart_OVERTPhi",30,0.434171246178461,0.43929597312772,0.436718575988561
"DS02","Bike Sharing Daily - Humidity","mc.rpart_OVERTPhi",31,0.452305770820708,0.438066392635183,0.445072219289612
"DS02","Bike Sharing Daily - Humidity","mc.rpart_OVERTPhi",32,0.413949468911469,0.425017332951401,0.419410395888724
"DS02","Bike Sharing Daily - Humidity","mc.rpart_OVERTPhi",33,0.43033596537691,0.466285197235817,0.44758990499114
"DS02","Bike Sharing Daily - Humidity","mc.rpart_OVERTPhi",34,0.36615050722639,0.599316603121993,0.454578050086307
"DS02","Bike Sharing Daily - Humidity","mc.rpart_OVERTPhi",35,0.384988975441873,0.463199861170865,0.420488533400514
"DS02","Bike Sharing Daily - Humidity","mc.rpart_OVERTPhi",36,0.418346454806589,0.537533960054243,0.470509538705381
"DS02","Bike Sharing Daily - Humidity","mc.rpart_OVERTPhi",37,0.45205848862572,0.423722792081465,0.437432242968117
"DS02","Bike Sharing Daily - Humidity","mc.rpart_OVERTPhi",38,0.436479523485613,0.570826160150303,0.494693784465097
"DS02","Bike Sharing Daily - Humidity","mc.rpart_OVERTPhi",39,0.404435314953515,0.551208673905551,0.466550841600025
"DS02","Bike Sharing Daily - Humidity","mc.rpart_OVERTPhi",40,0.445323836146977,0.506419920631907,0.473910882316285
"DS02","Bike Sharing Daily - Humidity","mc.rpart_OVERTPhi",41,0.386270864545531,0.562707655652774,0.45808744457138
"DS02","Bike Sharing Daily - Humidity","mc.rpart_OVERTPhi",42,0.433269547811808,0.502341984903366,0.465256096222632
"DS02","Bike Sharing Daily - Humidity","mc.rpart_OVERTPhi",43,0.447035791593362,0.583335602282738,0.506170676478256
"DS02","Bike Sharing Daily - Humidity","mc.rpart_OVERTPhi",44,0.407409178958979,0.506735955749513,0.451676373570016
"DS02","Bike Sharing Daily - Humidity","mc.rpart_OVERTPhi",45,0.397078682386441,0.507753068866104,0.445647313511993
"DS02","Bike Sharing Daily - Humidity","mc.rpart_OVERTPhi",46,0.411927479756081,0.527647713734036,0.462661412143393
"DS02","Bike Sharing Daily - Humidity","mc.rpart_OVERTPhi",47,0.339734678484076,0.453928387044495,0.388616331855259
"DS02","Bike Sharing Daily - Humidity","mc.rpart_OVERTPhi",48,0.38280014517364,0.41787875903047,0.399571035984398
"DS02","Bike Sharing Daily - Humidity","mc.rpart_OVERTPhi",49,0.35492634123455,0.449713139967959,0.39673678237958
"DS02","Bike Sharing Daily - Humidity","mc.rpart_OVERTPhi",50,0.368896957286413,0.4606350390916,0.409693333306855
"DS02","Bike Sharing Daily - Humidity","mc.rpart_SMOTEB",1,0.359677773792593,0.651212408499958,0.463406675538555
"DS02","Bike Sharing Daily - Humidity","mc.rpart_SMOTEB",2,0.392941366833819,0.713746286117967,0.506846607516953
"DS02","Bike Sharing Daily - Humidity","mc.rpart_SMOTEB",3,0.3756243442928,0.565108384482462,0.45128326012839
"DS02","Bike Sharing Daily - Humidity","mc.rpart_SMOTEB",4,0.406094382258576,0.68281419317598,0.509293459948241
"DS02","Bike Sharing Daily - Humidity","mc.rpart_SMOTEB",5,0.380835366632176,0.621335501624594,0.472227922518622
"DS02","Bike Sharing Daily - Humidity","mc.rpart_SMOTEB",6,0.403789096444828,0.688640593727757,0.509077271732941
"DS02","Bike Sharing Daily - Humidity","mc.rpart_SMOTEB",7,0.36157371882091,0.554744114095286,0.437797639906433
"DS02","Bike Sharing Daily - Humidity","mc.rpart_SMOTEB",8,0.369166165203723,0.514074159384233,0.429733065321127
"DS02","Bike Sharing Daily - Humidity","mc.rpart_SMOTEB",9,0.360025777255577,0.640616487126918,0.460980825835765
"DS02","Bike Sharing Daily - Humidity","mc.rpart_SMOTEB",10,0.343304882902615,0.47045359586715,0.396945828163792
"DS02","Bike Sharing Daily - Humidity","mc.rpart_SMOTEB",11,0.39336838880342,0.714713460009091,0.507445695498373
"DS02","Bike Sharing Daily - Humidity","mc.rpart_SMOTEB",12,0.388148420405648,0.589622612465719,0.468128177190802
"DS02","Bike Sharing Daily - Humidity","mc.rpart_SMOTEB",13,0.378696575574578,0.521440757114635,0.438750448210788
"DS02","Bike Sharing Daily - Humidity","mc.rpart_SMOTEB",14,0.349917585682264,0.46411678839287,0.399006801779232
"DS02","Bike Sharing Daily - Humidity","mc.rpart_SMOTEB",15,0.357558816732151,0.457400340495102,0.401363732329241
"DS02","Bike Sharing Daily - Humidity","mc.rpart_SMOTEB",16,0.30883853634545,0.413433304090812,0.353562549066697
"DS02","Bike Sharing Daily - Humidity","mc.rpart_SMOTEB",17,0.377890920070265,0.463710787616648,0.416425239108833
"DS02","Bike Sharing Daily - Humidity","mc.rpart_SMOTEB",18,0.384920565502853,0.352505367049291,0.368000525172226
"DS02","Bike Sharing Daily - Humidity","mc.rpart_SMOTEB",19,0.397202673442689,0.530178248575499,0.454156890087978
"DS02","Bike Sharing Daily - Humidity","mc.rpart_SMOTEB",20,0.412121798690396,0.452284687213206,0.431270199504765
"DS02","Bike Sharing Daily - Humidity","mc.rpart_SMOTEB",21,0.37392739286236,0.433373254937836,0.401461665605617
"DS02","Bike Sharing Daily - Humidity","mc.rpart_SMOTEB",22,0.362624500864432,0.572233761400396,0.443930359245865
"DS02","Bike Sharing Daily - Humidity","mc.rpart_SMOTEB",23,0.392525913162441,0.596891571525887,0.473602726448619
"DS02","Bike Sharing Daily - Humidity","mc.rpart_SMOTEB",24,0.383602011071719,0.586523123226766,0.463840058679746
"DS02","Bike Sharing Daily - Humidity","mc.rpart_SMOTEB",25,0.384655119944835,0.505974852240904,0.437052027342296
"DS02","Bike Sharing Daily - Humidity","mc.rpart_SMOTEB",26,0.386262422769883,0.46195771527975,0.420732539388861
"DS02","Bike Sharing Daily - Humidity","mc.rpart_SMOTEB",27,0.347225047249512,0.512449814434736,0.4139597863348
"DS02","Bike Sharing Daily - Humidity","mc.rpart_SMOTEB",28,0.375399818611117,0.465037339264896,0.415438396961484
"DS02","Bike Sharing Daily - Humidity","mc.rpart_SMOTEB",29,0.38995889824655,0.595137525124617,0.471180623737441
"DS02","Bike Sharing Daily - Humidity","mc.rpart_SMOTEB",30,0.363726996787234,0.60521142470282,0.454377139034195
"DS02","Bike Sharing Daily - Humidity","mc.rpart_SMOTEB",31,0.381271762796129,0.534613557324113,0.445106060634127
"DS02","Bike Sharing Daily - Humidity","mc.rpart_SMOTEB",32,0.335869069305159,0.510959324928699,0.405313364750501
"DS02","Bike Sharing Daily - Humidity","mc.rpart_SMOTEB",33,0.376547484468791,0.558345372197131,0.449770353611226
"DS02","Bike Sharing Daily - Humidity","mc.rpart_SMOTEB",34,0.362862748091322,0.62574325980453,0.459351687201589
"DS02","Bike Sharing Daily - Humidity","mc.rpart_SMOTEB",35,0.386091994830383,0.526045818505958,0.445332002400508
"DS02","Bike Sharing Daily - Humidity","mc.rpart_SMOTEB",36,0.375142526993202,0.530403176917272,0.439462717905268
"DS02","Bike Sharing Daily - Humidity","mc.rpart_SMOTEB",37,0.349275565676942,0.55746042607384,0.429468571736072
"DS02","Bike Sharing Daily - Humidity","mc.rpart_SMOTEB",38,0.360216438563774,0.410836268529525,0.38386475041486
"DS02","Bike Sharing Daily - Humidity","mc.rpart_SMOTEB",39,0.394525329404357,0.712782811018559,0.507918009531578
"DS02","Bike Sharing Daily - Humidity","mc.rpart_SMOTEB",40,0.369927156850416,0.504245677923355,0.426767253724078
"DS02","Bike Sharing Daily - Humidity","mc.rpart_SMOTEB",41,0.386694316579389,0.623193563844301,0.477251809708504
"DS02","Bike Sharing Daily - Humidity","mc.rpart_SMOTEB",42,0.366542534597978,0.48547236409242,0.417706946404864
"DS02","Bike Sharing Daily - Humidity","mc.rpart_SMOTEB",43,0.405110407899822,0.591464951108318,0.48086400177587
"DS02","Bike Sharing Daily - Humidity","mc.rpart_SMOTEB",44,0.361071615150229,0.527972752255,0.428855929807904
"DS02","Bike Sharing Daily - Humidity","mc.rpart_SMOTEB",45,0.384910751657221,0.602341267950716,0.469682767107727
"DS02","Bike Sharing Daily - Humidity","mc.rpart_SMOTEB",46,0.37666101158012,0.493188102417023,0.427119431557611
"DS02","Bike Sharing Daily - Humidity","mc.rpart_SMOTEB",47,0.362691504861056,0.524006131820001,0.428675040158201
"DS02","Bike Sharing Daily - Humidity","mc.rpart_SMOTEB",48,0.367655105745134,0.354283812308615,0.360845631730898
"DS02","Bike Sharing Daily - Humidity","mc.rpart_SMOTEB",49,0.372456637878758,0.571079853276596,0.450862227599152
"DS02","Bike Sharing Daily - Humidity","mc.rpart_SMOTEB",50,0.349414222647035,0.397729184792177,0.37200953001651
"DS02","Bike Sharing Daily - Humidity","mc.rpart_SMOTET",1,0.372840167798944,0.586694718038593,0.455936225662773
"DS02","Bike Sharing Daily - Humidity","mc.rpart_SMOTET",2,0.431568416903157,0.581994886872836,0.495618992987837
"DS02","Bike Sharing Daily - Humidity","mc.rpart_SMOTET",3,0.425886118535948,0.617391049307078,0.504062171995678
"DS02","Bike Sharing Daily - Humidity","mc.rpart_SMOTET",4,0.376719242994642,0.555673575969597,0.449023039718243
"DS02","Bike Sharing Daily - Humidity","mc.rpart_SMOTET",5,0.381677288932822,0.65737321658822,0.482949434683393
"DS02","Bike Sharing Daily - Humidity","mc.rpart_SMOTET",6,0.413885044537682,0.588067089325679,0.485835930142139
"DS02","Bike Sharing Daily - Humidity","mc.rpart_SMOTET",7,0.408247140658209,0.61473169875898,0.490650341180655
"DS02","Bike Sharing Daily - Humidity","mc.rpart_SMOTET",8,0.363073532729091,0.561899592312663,0.441117400055889
"DS02","Bike Sharing Daily - Humidity","mc.rpart_SMOTET",9,0.392235966532034,0.509708803129181,0.44332232254167
"DS02","Bike Sharing Daily - Humidity","mc.rpart_SMOTET",10,0.388535702981555,0.521053317980307,0.445141294643746
"DS02","Bike Sharing Daily - Humidity","mc.rpart_SMOTET",11,0.408493995431772,0.518990418954036,0.457160177661283
"DS02","Bike Sharing Daily - Humidity","mc.rpart_SMOTET",12,0.33340830771959,0.475352553518355,0.391924233811587
"DS02","Bike Sharing Daily - Humidity","mc.rpart_SMOTET",13,0.388587470509323,0.618012732095004,0.47715469098063
"DS02","Bike Sharing Daily - Humidity","mc.rpart_SMOTET",14,0.40315274515119,0.565228964956154,0.470627659491379
"DS02","Bike Sharing Daily - Humidity","mc.rpart_SMOTET",15,0.332313599425033,0.565566683093251,0.41864267170778
"DS02","Bike Sharing Daily - Humidity","mc.rpart_SMOTET",16,0.318374671413927,0.395350196955937,0.352711512874034
"DS02","Bike Sharing Daily - Humidity","mc.rpart_SMOTET",17,0.391714110013991,0.586140407498569,0.469598419712963
"DS02","Bike Sharing Daily - Humidity","mc.rpart_SMOTET",18,0.36781971305308,0.547516238792269,0.440029183685991
"DS02","Bike Sharing Daily - Humidity","mc.rpart_SMOTET",19,0.371457726405904,0.462117929328162,0.411857698047763
"DS02","Bike Sharing Daily - Humidity","mc.rpart_SMOTET",20,0.395375244857993,0.608693920969007,0.479374362319894
"DS02","Bike Sharing Daily - Humidity","mc.rpart_SMOTET",21,0.395501528395162,0.616636407858276,0.481911868010416
"DS02","Bike Sharing Daily - Humidity","mc.rpart_SMOTET",22,0.35722108511781,0.519895702760649,0.423473155809623
"DS02","Bike Sharing Daily - Humidity","mc.rpart_SMOTET",23,0.368942333003025,0.676183482763861,0.477402257040131
"DS02","Bike Sharing Daily - Humidity","mc.rpart_SMOTET",24,0.380414034665137,0.744561919873445,0.503551747669579
"DS02","Bike Sharing Daily - Humidity","mc.rpart_SMOTET",25,0.361497134352276,0.55557571708642,0.43800016395072
"DS02","Bike Sharing Daily - Humidity","mc.rpart_SMOTET",26,0.359790252588517,0.54937514328511,0.434815980602669
"DS02","Bike Sharing Daily - Humidity","mc.rpart_SMOTET",27,0.345493576687922,0.514106110958214,0.413262967925113
"DS02","Bike Sharing Daily - Humidity","mc.rpart_SMOTET",28,0.365141505963276,0.362852305550301,0.363993306523905
"DS02","Bike Sharing Daily - Humidity","mc.rpart_SMOTET",29,0.339585266255811,0.362454451862567,0.350647373260438
"DS02","Bike Sharing Daily - Humidity","mc.rpart_SMOTET",30,0.368308661802517,0.640135766760353,0.467586593667685
"DS02","Bike Sharing Daily - Humidity","mc.rpart_SMOTET",31,0.374280034346503,0.677185173692577,0.482102285707165
"DS02","Bike Sharing Daily - Humidity","mc.rpart_SMOTET",32,0.373831024479235,0.616564291103198,0.465452243107338
"DS02","Bike Sharing Daily - Humidity","mc.rpart_SMOTET",33,0.376622723495039,0.504929242316397,0.431438721229429
"DS02","Bike Sharing Daily - Humidity","mc.rpart_SMOTET",34,0.374478312319941,0.605582898050423,0.462782649149113
"DS02","Bike Sharing Daily - Humidity","mc.rpart_SMOTET",35,0.37650664165899,0.681957599611201,0.48515869610355
"DS02","Bike Sharing Daily - Humidity","mc.rpart_SMOTET",36,0.374479867104086,0.530567114114724,0.439063842002793
"DS02","Bike Sharing Daily - Humidity","mc.rpart_SMOTET",37,0.386359684404754,0.584483800814819,0.465205731429369
"DS02","Bike Sharing Daily - Humidity","mc.rpart_SMOTET",38,0.350485011968761,0.549816916554025,0.428084362532135
"DS02","Bike Sharing Daily - Humidity","mc.rpart_SMOTET",39,0.368165818055135,0.663532632879046,0.473568675748213
"DS02","Bike Sharing Daily - Humidity","mc.rpart_SMOTET",40,0.38549594826173,0.629657195188416,0.478214147500988
"DS02","Bike Sharing Daily - Humidity","mc.rpart_SMOTET",41,0.344401146059133,0.635960791491658,0.446826048725608
"DS02","Bike Sharing Daily - Humidity","mc.rpart_SMOTET",42,0.386390547176385,0.635690140450483,0.480636537167339
"DS02","Bike Sharing Daily - Humidity","mc.rpart_SMOTET",43,0.368044791269459,0.456522868840874,0.407536875627142
"DS02","Bike Sharing Daily - Humidity","mc.rpart_SMOTET",44,0.373021541693066,0.52643438461476,0.436644776037715
"DS02","Bike Sharing Daily - Humidity","mc.rpart_SMOTET",45,0.36824516560295,0.598573777750114,0.455973481753926
"DS02","Bike Sharing Daily - Humidity","mc.rpart_SMOTET",46,0.365237888955721,0.434223106001749,0.396754142033689
"DS02","Bike Sharing Daily - Humidity","mc.rpart_SMOTET",47,0.39440841959346,0.6485525411876,0.490516121718616
"DS02","Bike Sharing Daily - Humidity","mc.rpart_SMOTET",48,0.365168472390717,0.505206435429804,0.423921830949436
"DS02","Bike Sharing Daily - Humidity","mc.rpart_SMOTET",49,0.374711953470815,0.54534730517605,0.444206505444221
"DS02","Bike Sharing Daily - Humidity","mc.rpart_SMOTET",50,0.361919894935121,0.55712422201832,0.438791427264848
"DS02","Bike Sharing Daily - Humidity","mc.rpart_SMOTETPhi",1,0.405858992050182,0.70498517868154,0.515147995675279
"DS02","Bike Sharing Daily - Humidity","mc.rpart_SMOTETPhi",2,0.411842969901887,0.448190779151205,0.429248786507512
"DS02","Bike Sharing Daily - Humidity","mc.rpart_SMOTETPhi",3,0.427011888674956,0.620262131644857,0.505807074687755
"DS02","Bike Sharing Daily - Humidity","mc.rpart_SMOTETPhi",4,0.423210688838241,0.802842521803777,0.554252513238454
"DS02","Bike Sharing Daily - Humidity","mc.rpart_SMOTETPhi",5,0.373153142174607,0.684497541065317,0.482999561777569
"DS02","Bike Sharing Daily - Humidity","mc.rpart_SMOTETPhi",6,0.402110209456422,0.516965735084327,0.452361311927113
"DS02","Bike Sharing Daily - Humidity","mc.rpart_SMOTETPhi",7,0.408685063065066,0.589545252369189,0.482730958815648
"DS02","Bike Sharing Daily - Humidity","mc.rpart_SMOTETPhi",8,0.403574820480604,0.690730766458237,0.509476600322598
"DS02","Bike Sharing Daily - Humidity","mc.rpart_SMOTETPhi",9,0.399463568566906,0.591962195171311,0.477024785089748
"DS02","Bike Sharing Daily - Humidity","mc.rpart_SMOTETPhi",10,0.363773322738439,0.479971275954722,0.413871084078023
"DS02","Bike Sharing Daily - Humidity","mc.rpart_SMOTETPhi",11,0.380909466201873,0.617872218476561,0.471280922610526
"DS02","Bike Sharing Daily - Humidity","mc.rpart_SMOTETPhi",12,0.400515636298717,0.611909019981414,0.484142951230079
"DS02","Bike Sharing Daily - Humidity","mc.rpart_SMOTETPhi",13,0.400023892577187,0.621153508728109,0.486646579001429
"DS02","Bike Sharing Daily - Humidity","mc.rpart_SMOTETPhi",14,0.359690281825074,0.624458013253922,0.456458604660185
"DS02","Bike Sharing Daily - Humidity","mc.rpart_SMOTETPhi",15,0.407389465580271,0.808488437096782,0.541780834393813
"DS02","Bike Sharing Daily - Humidity","mc.rpart_SMOTETPhi",16,0.402135525531944,0.637896751481217,0.493294200692914
"DS02","Bike Sharing Daily - Humidity","mc.rpart_SMOTETPhi",17,0.37835612129243,0.606455446951487,0.465989917349144
"DS02","Bike Sharing Daily - Humidity","mc.rpart_SMOTETPhi",18,0.356278249310958,0.455620889206443,0.39987186845006
"DS02","Bike Sharing Daily - Humidity","mc.rpart_SMOTETPhi",19,0.372190908674689,0.44810750643523,0.406636260492418
"DS02","Bike Sharing Daily - Humidity","mc.rpart_SMOTETPhi",20,0.38695810188445,0.657189325964647,0.487105033966053
"DS02","Bike Sharing Daily - Humidity","mc.rpart_SMOTETPhi",21,0.34927521807525,0.614079630654977,0.445283058875533
"DS02","Bike Sharing Daily - Humidity","mc.rpart_SMOTETPhi",22,0.388432145841024,0.568406064024373,0.461493249081466
"DS02","Bike Sharing Daily - Humidity","mc.rpart_SMOTETPhi",23,0.373899528544353,0.704991185287428,0.488642396171357
"DS02","Bike Sharing Daily - Humidity","mc.rpart_SMOTETPhi",24,0.376998583017707,0.694520062736265,0.488713995909428
"DS02","Bike Sharing Daily - Humidity","mc.rpart_SMOTETPhi",25,0.377961295523248,0.648014942477761,0.477446861058934
"DS02","Bike Sharing Daily - Humidity","mc.rpart_SMOTETPhi",26,0.381540123642014,0.692097061108996,0.491903227679358
"DS02","Bike Sharing Daily - Humidity","mc.rpart_SMOTETPhi",27,0.347262813001253,0.471431495224666,0.399931025595767
"DS02","Bike Sharing Daily - Humidity","mc.rpart_SMOTETPhi",28,0.339120618017038,0.587622892494196,0.43005434881041
"DS02","Bike Sharing Daily - Humidity","mc.rpart_SMOTETPhi",29,0.378743119855308,0.312639798756846,0.342531380467987
"DS02","Bike Sharing Daily - Humidity","mc.rpart_SMOTETPhi",30,0.351977760916935,0.623123392020421,0.449851947436686
"DS02","Bike Sharing Daily - Humidity","mc.rpart_SMOTETPhi",31,0.384871486667389,0.772913709253766,0.513864660550317
"DS02","Bike Sharing Daily - Humidity","mc.rpart_SMOTETPhi",32,0.374787671423757,0.771314058026426,0.504456092013424
"DS02","Bike Sharing Daily - Humidity","mc.rpart_SMOTETPhi",33,0.394356143826622,0.633219436370514,0.486025514688148
"DS02","Bike Sharing Daily - Humidity","mc.rpart_SMOTETPhi",34,0.384963158175275,0.626782030473629,0.476973832237064
"DS02","Bike Sharing Daily - Humidity","mc.rpart_SMOTETPhi",35,0.388389546589013,0.64870642904796,0.485877492085666
"DS02","Bike Sharing Daily - Humidity","mc.rpart_SMOTETPhi",36,0.40619178207883,0.751437936043903,0.5273325478518
"DS02","Bike Sharing Daily - Humidity","mc.rpart_SMOTETPhi",37,0.373647797717206,0.565677193977007,0.450033885220345
"DS02","Bike Sharing Daily - Humidity","mc.rpart_SMOTETPhi",38,0.360832126318677,0.750492093832944,0.487349511677431
"DS02","Bike Sharing Daily - Humidity","mc.rpart_SMOTETPhi",39,0.376184552892431,0.658482426397494,0.478822504477458
"DS02","Bike Sharing Daily - Humidity","mc.rpart_SMOTETPhi",40,0.345888176212301,0.622271590274378,0.444629890477264
"DS02","Bike Sharing Daily - Humidity","mc.rpart_SMOTETPhi",41,0.370294704518202,0.506692898259468,0.427886771599044
"DS02","Bike Sharing Daily - Humidity","mc.rpart_SMOTETPhi",42,0.360322518927335,0.428315932694784,0.391388158789003
"DS02","Bike Sharing Daily - Humidity","mc.rpart_SMOTETPhi",43,0.374027967463372,0.456003421296801,0.410967669737769
"DS02","Bike Sharing Daily - Humidity","mc.rpart_SMOTETPhi",44,0.400479789626827,0.447346363669933,0.422617719248754
"DS02","Bike Sharing Daily - Humidity","mc.rpart_SMOTETPhi",45,0.340597723801799,0.465779645521776,0.393472071744778
"DS02","Bike Sharing Daily - Humidity","mc.rpart_SMOTETPhi",46,0.335802011190301,0.488950770288208,0.398157255660266
"DS02","Bike Sharing Daily - Humidity","mc.rpart_SMOTETPhi",47,0.373989303784441,0.455631120572162,0.410793082143461
"DS02","Bike Sharing Daily - Humidity","mc.rpart_SMOTETPhi",48,0.330635728073902,0.417159263717129,0.368891897902492
"DS02","Bike Sharing Daily - Humidity","mc.rpart_SMOTETPhi",49,0.382748799529047,0.673477396861524,0.488101253386025
"DS02","Bike Sharing Daily - Humidity","mc.rpart_SMOTETPhi",50,0.346124791461695,0.496798300471325,0.407995011157734
"DS02","Bike Sharing Daily - Humidity","mc.arima",1,1e-05,0.524844467591801,1.9999618941988e-05
"DS02","Bike Sharing Daily - Humidity","mc.arima",2,1e-05,0.5222827784432,1.9999617073013e-05
"DS02","Bike Sharing Daily - Humidity","mc.arima",3,1e-05,0.520869650607037,1.99996160341458e-05
"DS02","Bike Sharing Daily - Humidity","mc.arima",4,1e-05,0.515524066240777,1.99996120527952e-05
"DS02","Bike Sharing Daily - Humidity","mc.arima",5,1e-05,0.518159986916091,1.99996140262751e-05
"DS02","Bike Sharing Daily - Humidity","mc.arima",6,1e-05,0.52525064122316,1.99996192366526e-05
"DS02","Bike Sharing Daily - Humidity","mc.arima",7,1e-05,0.517219485545847,1.99996133244419e-05
"DS02","Bike Sharing Daily - Humidity","mc.arima",8,1e-05,0.525751995074791,1.99996195997393e-05
"DS02","Bike Sharing Daily - Humidity","mc.arima",9,1e-05,0.529577420742657,1.99996223475253e-05
"DS02","Bike Sharing Daily - Humidity","mc.arima",10,1e-05,0.530390981166035,1.9999622926791e-05
"DS02","Bike Sharing Daily - Humidity","mc.arima",11,1e-05,0.527800400750611,1.99996210760536e-05
"DS02","Bike Sharing Daily - Humidity","mc.arima",12,1e-05,0.532928856662921,1.99996247224283e-05
"DS02","Bike Sharing Daily - Humidity","mc.arima",13,1e-05,0.528253815541504,1.99996214012883e-05
"DS02","Bike Sharing Daily - Humidity","mc.arima",14,1e-05,0.537983699692411,1.99996282484347e-05
"DS02","Bike Sharing Daily - Humidity","mc.arima",15,1e-05,0.532191263818963,1.99996242023204e-05
"DS02","Bike Sharing Daily - Humidity","mc.arima",16,1e-05,0.540497056804558,1.9999629977079e-05
"DS02","Bike Sharing Daily - Humidity","mc.arima",17,1e-05,0.518634365392507,1.99996143793062e-05
"DS02","Bike Sharing Daily - Humidity","mc.arima",18,1e-05,0.529831724381278,1.9999622528784e-05
"DS02","Bike Sharing Daily - Humidity","mc.arima",19,1e-05,0.52902941884022,1.99996219563366e-05
"DS02","Bike Sharing Daily - Humidity","mc.arima",20,1e-05,0.525612594812067,1.99996194988534e-05
"DS02","Bike Sharing Daily - Humidity","mc.arima",21,1e-05,0.531728750783077,1.99996238754469e-05
"DS02","Bike Sharing Daily - Humidity","mc.arima",22,1e-05,0.534072110177911,1.99996255257456e-05
"DS02","Bike Sharing Daily - Humidity","mc.arima",23,1e-05,0.475819811833191,1.99995796816529e-05
"DS02","Bike Sharing Daily - Humidity","mc.arima",24,1e-05,0.515225734140615,1.99996118281657e-05
"DS02","Bike Sharing Daily - Humidity","mc.arima",25,1e-05,0.504718393033181,1.99996037472772e-05
"DS02","Bike Sharing Daily - Humidity","mc.arima",26,1e-05,0.509512591567418,1.99996074756972e-05
"DS02","Bike Sharing Daily - Humidity","mc.arima",27,1e-05,0.487664677876979,1.99995898905375e-05
"DS02","Bike Sharing Daily - Humidity","mc.arima",28,1e-05,0.49007466872822,1.99995919072504e-05
"DS02","Bike Sharing Daily - Humidity","mc.arima",29,1e-05,0.491801016145477,1.99995933397312e-05
"DS02","Bike Sharing Daily - Humidity","mc.arima",30,1e-05,0.546333244525294,1.99996339297648e-05
"DS02","Bike Sharing Daily - Humidity","mc.arima",31,1e-05,0.545612762793838,1.99996334463779e-05
"DS02","Bike Sharing Daily - Humidity","mc.arima",32,1e-05,0.540664175849577,1.99996300914508e-05
"DS02","Bike Sharing Daily - Humidity","mc.arima",33,1e-05,0.540648224865642,1.99996300805374e-05
"DS02","Bike Sharing Daily - Humidity","mc.arima",34,1e-05,0.48416566952318,1.99995869267859e-05
"DS02","Bike Sharing Daily - Humidity","mc.arima",35,1e-05,0.494432869006643,1.99995955043291e-05
"DS02","Bike Sharing Daily - Humidity","mc.arima",36,1e-05,0.545892171646821,1.99996336339909e-05
"DS02","Bike Sharing Daily - Humidity","mc.arima",37,1e-05,0.537609390739079,1.99996279896086e-05
"DS02","Bike Sharing Daily - Humidity","mc.arima",38,1e-05,0.537267529296548,1.99996277529041e-05
"DS02","Bike Sharing Daily - Humidity","mc.arima",39,1e-05,0.542517284570502,1.99996313549462e-05
"DS02","Bike Sharing Daily - Humidity","mc.arima",40,1e-05,0.543127115673587,1.99996317688587e-05
"DS02","Bike Sharing Daily - Humidity","mc.arima",41,1e-05,0.542144150937495,1.9999631101229e-05
"DS02","Bike Sharing Daily - Humidity","mc.arima",42,1e-05,0.562412743838174,1.99996443956042e-05
"DS02","Bike Sharing Daily - Humidity","mc.arima",43,1e-05,0.54208419679564,1.99996310604298e-05
"DS02","Bike Sharing Daily - Humidity","mc.arima",44,1e-05,0.515083157168592,1.99996117207204e-05
"DS02","Bike Sharing Daily - Humidity","mc.arima",45,1e-05,0.514677906230965,1.99996114150001e-05
"DS02","Bike Sharing Daily - Humidity","mc.arima",46,1e-05,0.509848053067643,1.99996077339589e-05
"DS02","Bike Sharing Daily - Humidity","mc.arima",47,1e-05,0.547898538423483,1.99996349755735e-05
"DS02","Bike Sharing Daily - Humidity","mc.arima",48,1e-05,0.548856221164171,1.99996356124821e-05
"DS02","Bike Sharing Daily - Humidity","mc.arima",49,1e-05,0.556068082466452,1.99996403382793e-05
"DS02","Bike Sharing Daily - Humidity","mc.arima",50,1e-05,0.541245638729837,1.9999630488838e-05
"DS02","Bike Sharing Daily - Humidity","mc.BDES",1,1e-05,0.496896750413543,1.99995975099959e-05
"DS02","Bike Sharing Daily - Humidity","mc.BDES",2,1e-05,0.499971393801463,1.99995999851145e-05
"DS02","Bike Sharing Daily - Humidity","mc.BDES",3,1e-05,0.492106957134836,1.99995935925452e-05
"DS02","Bike Sharing Daily - Humidity","mc.BDES",4,1e-05,0.493331986391626,1.99995946017053e-05
"DS02","Bike Sharing Daily - Humidity","mc.BDES",5,1e-05,0.486655412719217,1.9999589040037e-05
"DS02","Bike Sharing Daily - Humidity","mc.BDES",6,1e-05,0.483262043423255,1.99995861544182e-05
"DS02","Bike Sharing Daily - Humidity","mc.BDES",7,1e-05,0.459512519766723,1.99995647656178e-05
"DS02","Bike Sharing Daily - Humidity","mc.BDES",8,1e-05,0.470975447397014,1.99995753584296e-05
"DS02","Bike Sharing Daily - Humidity","mc.BDES",9,1e-05,0.470209093840515,1.99995746663574e-05
"DS02","Bike Sharing Daily - Humidity","mc.BDES",10,1e-05,0.482818146498841,1.99995857739416e-05
"DS02","Bike Sharing Daily - Humidity","mc.BDES",11,1e-05,0.48059271824012,1.99995838558701e-05
"DS02","Bike Sharing Daily - Humidity","mc.BDES",12,1e-05,0.478638210504039,1.9999582156591e-05
"DS02","Bike Sharing Daily - Humidity","mc.BDES",13,1e-05,0.478658024642435,1.99995821738873e-05
"DS02","Bike Sharing Daily - Humidity","mc.BDES",14,1e-05,0.479868206998571,1.99995832275834e-05
"DS02","Bike Sharing Daily - Humidity","mc.BDES",15,1e-05,0.475480029704009,1.99995793812961e-05
"DS02","Bike Sharing Daily - Humidity","mc.BDES",16,1e-05,0.472680588682106,1.99995768902432e-05
"DS02","Bike Sharing Daily - Humidity","mc.BDES",17,1e-05,0.46133478861585,1.9999566484753e-05
"DS02","Bike Sharing Daily - Humidity","mc.BDES",18,1e-05,0.466312157117866,1.99995711119514e-05
"DS02","Bike Sharing Daily - Humidity","mc.BDES",19,1e-05,0.456869282976165,1.99995622476058e-05
"DS02","Bike Sharing Daily - Humidity","mc.BDES",20,1e-05,0.449149262005922,1.99995547236428e-05
"DS02","Bike Sharing Daily - Humidity","mc.BDES",21,1e-05,0.457952810687944,1.99995632833162e-05
"DS02","Bike Sharing Daily - Humidity","mc.BDES",22,1e-05,0.460062789877093,1.99995652861799e-05
"DS02","Bike Sharing Daily - Humidity","mc.BDES",23,1e-05,0.461723343211255,1.99995668495617e-05
"DS02","Bike Sharing Daily - Humidity","mc.BDES",24,1e-05,0.4535167293577,1.9999559011659e-05
"DS02","Bike Sharing Daily - Humidity","mc.BDES",25,1e-05,0.452961314001794,1.99995584709366e-05
"DS02","Bike Sharing Daily - Humidity","mc.BDES",26,1e-05,0.451829624399445,1.99995573650711e-05
"DS02","Bike Sharing Daily - Humidity","mc.BDES",27,1e-05,0.453856682713879,1.99995593419662e-05
"DS02","Bike Sharing Daily - Humidity","mc.BDES",28,1e-05,0.459672464443079,1.99995649170559e-05
"DS02","Bike Sharing Daily - Humidity","mc.BDES",29,1e-05,0.478767585975792,1.99995822695008e-05
"DS02","Bike Sharing Daily - Humidity","mc.BDES",30,1e-05,0.48003211837255,1.99995833698912e-05
"DS02","Bike Sharing Daily - Humidity","mc.BDES",31,1e-05,0.477712996807895,1.9999581347347e-05
"DS02","Bike Sharing Daily - Humidity","mc.BDES",32,1e-05,0.475052412997135,1.99995790026857e-05
"DS02","Bike Sharing Daily - Humidity","mc.BDES",33,1e-05,0.476050291206197,1.99995798851454e-05
"DS02","Bike Sharing Daily - Humidity","mc.BDES",34,1e-05,0.477403728917537,1.99995810761445e-05
"DS02","Bike Sharing Daily - Humidity","mc.BDES",35,1e-05,0.471085650342758,1.99995754577656e-05
"DS02","Bike Sharing Daily - Humidity","mc.BDES",36,1e-05,0.480058572578988,1.99995833928496e-05
"DS02","Bike Sharing Daily - Humidity","mc.BDES",37,1e-05,0.478612322281543,1.99995821339902e-05
"DS02","Bike Sharing Daily - Humidity","mc.BDES",38,1e-05,0.478336665120227,1.99995818931863e-05
"DS02","Bike Sharing Daily - Humidity","mc.BDES",39,1e-05,0.478574823491885,1.9999582101249e-05
"DS02","Bike Sharing Daily - Humidity","mc.BDES",40,1e-05,0.478913231896544,1.99995823965373e-05
"DS02","Bike Sharing Daily - Humidity","mc.BDES",41,1e-05,0.474176063413129,1.99995782246349e-05
"DS02","Bike Sharing Daily - Humidity","mc.BDES",42,1e-05,0.469579229902064,1.99995740958539e-05
"DS02","Bike Sharing Daily - Humidity","mc.BDES",43,1e-05,0.464944094829966,1.99995698500084e-05
"DS02","Bike Sharing Daily - Humidity","mc.BDES",44,1e-05,0.484485071904082,1.99995871991036e-05
"DS02","Bike Sharing Daily - Humidity","mc.BDES",45,1e-05,0.490815901301747,1.99995925235415e-05
"DS02","Bike Sharing Daily - Humidity","mc.BDES",46,1e-05,0.48619683580116,1.99995886524309e-05
"DS02","Bike Sharing Daily - Humidity","mc.BDES",47,1e-05,0.471804246260839,1.9999576104364e-05
"DS02","Bike Sharing Daily - Humidity","mc.BDES",48,1e-05,0.46993324267566,1.99995744166916e-05
"DS02","Bike Sharing Daily - Humidity","mc.BDES",49,1e-05,0.491677844145082,1.99995932378594e-05
"DS02","Bike Sharing Daily - Humidity","mc.BDES",50,1e-05,0.466744612392539,1.99995715093227e-05
