"dataset_id","dataset_name","workflow","iteration","prec","rec","F1"
"DS06","Bike Sharing Hourly - Humidity","mc.lm",1,1e-05,0.381959848183858,1.99994763984619e-05
"DS06","Bike Sharing Hourly - Humidity","mc.lm",2,1e-05,0.385865010870127,1.99994816974555e-05
"DS06","Bike Sharing Hourly - Humidity","mc.lm",3,1e-05,0.383900791615699,1.99994790456419e-05
"DS06","Bike Sharing Hourly - Humidity","mc.lm",4,1e-05,0.383518772897182,1.99994785267387e-05
"DS06","Bike Sharing Hourly - Humidity","mc.lm",5,1e-05,0.383577522428091,1.99994786066066e-05
"DS06","Bike Sharing Hourly - Humidity","mc.lm",6,1e-05,0.383807966399531,1.99994789196507e-05
"DS06","Bike Sharing Hourly - Humidity","mc.lm",7,1e-05,0.384215373578702,1.99994794721698e-05
"DS06","Bike Sharing Hourly - Humidity","mc.lm",8,1e-05,0.38490641896692,1.99994804066801e-05
"DS06","Bike Sharing Hourly - Humidity","mc.lm",9,1e-05,0.384881835720645,1.99994803734934e-05
"DS06","Bike Sharing Hourly - Humidity","mc.lm",10,1e-05,0.385375699567908,1.99994810393841e-05
"DS06","Bike Sharing Hourly - Humidity","mc.lm",11,1e-05,0.387363972671206,1.99994837030515e-05
"DS06","Bike Sharing Hourly - Humidity","mc.lm",12,1e-05,0.386552493152745,1.99994826192309e-05
"DS06","Bike Sharing Hourly - Humidity","mc.lm",13,1e-05,0.387863869529658,1.99994843684617e-05
"DS06","Bike Sharing Hourly - Humidity","mc.lm",14,1e-05,0.385661679630932,1.99994814241995e-05
"DS06","Bike Sharing Hourly - Humidity","mc.lm",15,1e-05,0.388459451552446,1.99994851590023e-05
"DS06","Bike Sharing Hourly - Humidity","mc.lm",16,1e-05,0.387777895629396,1.99994842541445e-05
"DS06","Bike Sharing Hourly - Humidity","mc.lm",17,1e-05,0.388495132595601,1.99994852062863e-05
"DS06","Bike Sharing Hourly - Humidity","mc.lm",18,1e-05,0.389770465560368,1.99994868906534e-05
"DS06","Bike Sharing Hourly - Humidity","mc.lm",19,1e-05,0.391006959602413,1.99994885132343e-05
"DS06","Bike Sharing Hourly - Humidity","mc.lm",20,1e-05,0.393394759291624,1.99994916177416e-05
"DS06","Bike Sharing Hourly - Humidity","mc.lm",21,1e-05,0.394923019635107,1.9999493585013e-05
"DS06","Bike Sharing Hourly - Humidity","mc.lm",22,1e-05,0.395787539449308,1.99994946911487e-05
"DS06","Bike Sharing Hourly - Humidity","mc.lm",23,1e-05,0.397322238991324,1.9999496642909e-05
"DS06","Bike Sharing Hourly - Humidity","mc.lm",24,1e-05,0.397226069668426,1.99994965210481e-05
"DS06","Bike Sharing Hourly - Humidity","mc.lm",25,1e-05,0.398266261613438,1.99994978360016e-05
"DS06","Bike Sharing Hourly - Humidity","mc.lm",26,1e-05,0.398259650472268,1.99994978276658e-05
"DS06","Bike Sharing Hourly - Humidity","mc.lm",27,1e-05,0.400656530808169,1.99995008317775e-05
"DS06","Bike Sharing Hourly - Humidity","mc.lm",28,1e-05,0.400642155117945,1.9999500813867e-05
"DS06","Bike Sharing Hourly - Humidity","mc.lm",29,1e-05,0.400977094469006,1.99995012308307e-05
"DS06","Bike Sharing Hourly - Humidity","mc.lm",30,1e-05,0.402060970403613,1.99995025753792e-05
"DS06","Bike Sharing Hourly - Humidity","mc.lm",31,1e-05,0.402149026821458,1.99995026842949e-05
"DS06","Bike Sharing Hourly - Humidity","mc.lm",32,1e-05,0.400896540251724,1.9999501130613e-05
"DS06","Bike Sharing Hourly - Humidity","mc.lm",33,1e-05,0.400453566565206,1.99995005787874e-05
"DS06","Bike Sharing Hourly - Humidity","mc.lm",34,1e-05,0.399515914591401,1.999949940669e-05
"DS06","Bike Sharing Hourly - Humidity","mc.lm",35,1e-05,0.399253284242488,1.99994990774061e-05
"DS06","Bike Sharing Hourly - Humidity","mc.lm",36,1e-05,0.400001367648949,1.99995000142092e-05
"DS06","Bike Sharing Hourly - Humidity","mc.lm",37,1e-05,0.40113517606492,1.99995014273836e-05
"DS06","Bike Sharing Hourly - Humidity","mc.lm",38,1e-05,0.401519110788717,1.99995019041095e-05
"DS06","Bike Sharing Hourly - Humidity","mc.lm",39,1e-05,0.40042771935921,1.99995005465511e-05
"DS06","Bike Sharing Hourly - Humidity","mc.lm",40,1e-05,0.400101129933633,1.99995001388738e-05
"DS06","Bike Sharing Hourly - Humidity","mc.lm",41,1e-05,0.399346986086376,1.99994991949384e-05
"DS06","Bike Sharing Hourly - Humidity","mc.lm",42,1e-05,0.399375000163613,1.99994992300664e-05
"DS06","Bike Sharing Hourly - Humidity","mc.lm",43,1e-05,0.399252539346623,1.99994990764715e-05
"DS06","Bike Sharing Hourly - Humidity","mc.lm",44,1e-05,0.398531640759551,1.99994981703803e-05
"DS06","Bike Sharing Hourly - Humidity","mc.lm",45,1e-05,0.398590796365061,1.99994982448559e-05
"DS06","Bike Sharing Hourly - Humidity","mc.lm",46,1e-05,0.398232131789334,1.99994977929655e-05
"DS06","Bike Sharing Hourly - Humidity","mc.lm",47,1e-05,0.398518710182418,1.99994981540981e-05
"DS06","Bike Sharing Hourly - Humidity","mc.lm",48,1e-05,0.398873085861476,1.9999498599948e-05
"DS06","Bike Sharing Hourly - Humidity","mc.lm",49,1e-05,0.398860926646778,1.99994985846633e-05
"DS06","Bike Sharing Hourly - Humidity","mc.lm",50,1e-05,0.396579973680207,1.99994957008163e-05
"DS06","Bike Sharing Hourly - Humidity","mc.lm_UNDERB",1,0.369022292956257,0.432636880092025,0.398305561456813
"DS06","Bike Sharing Hourly - Humidity","mc.lm_UNDERB",2,0.38436228654253,0.424015077957313,0.403216151389933
"DS06","Bike Sharing Hourly - Humidity","mc.lm_UNDERB",3,0.36039403130516,0.42928555583744,0.391834750621187
"DS06","Bike Sharing Hourly - Humidity","mc.lm_UNDERB",4,0.361031805277788,0.43200809818129,0.393343797457635
"DS06","Bike Sharing Hourly - Humidity","mc.lm_UNDERB",5,0.355315044743232,0.42972346501272,0.388992922769299
"DS06","Bike Sharing Hourly - Humidity","mc.lm_UNDERB",6,0.36428016044598,0.435591291464836,0.39675691678861
"DS06","Bike Sharing Hourly - Humidity","mc.lm_UNDERB",7,0.367237857682691,0.435596783847226,0.398507043514426
"DS06","Bike Sharing Hourly - Humidity","mc.lm_UNDERB",8,0.351307166275427,0.429115690626867,0.386332655291056
"DS06","Bike Sharing Hourly - Humidity","mc.lm_UNDERB",9,0.362189757002946,0.439724094521617,0.397208659359955
"DS06","Bike Sharing Hourly - Humidity","mc.lm_UNDERB",10,0.352577891910895,0.437724685334945,0.390564452745664
"DS06","Bike Sharing Hourly - Humidity","mc.lm_UNDERB",11,0.349775337119609,0.450830410812898,0.393925123153492
"DS06","Bike Sharing Hourly - Humidity","mc.lm_UNDERB",12,0.356645964438757,0.451835996865017,0.398637180748485
"DS06","Bike Sharing Hourly - Humidity","mc.lm_UNDERB",13,0.348820365026392,0.442870294415624,0.390258937414476
"DS06","Bike Sharing Hourly - Humidity","mc.lm_UNDERB",14,0.392483134462975,0.433439416600697,0.411945794695052
"DS06","Bike Sharing Hourly - Humidity","mc.lm_UNDERB",15,0.412915677204168,0.425906382803405,0.419310437494354
"DS06","Bike Sharing Hourly - Humidity","mc.lm_UNDERB",16,0.389947315170666,0.44406396948542,0.415249903330201
"DS06","Bike Sharing Hourly - Humidity","mc.lm_UNDERB",17,0.390329532614357,0.449398220698796,0.417786352186145
"DS06","Bike Sharing Hourly - Humidity","mc.lm_UNDERB",18,0.375437050045163,0.448779141768942,0.408844957866425
"DS06","Bike Sharing Hourly - Humidity","mc.lm_UNDERB",19,0.398783794341042,0.446400762731106,0.421250929087786
"DS06","Bike Sharing Hourly - Humidity","mc.lm_UNDERB",20,0.401987130080056,0.46059334334595,0.429299298858981
"DS06","Bike Sharing Hourly - Humidity","mc.lm_UNDERB",21,0.408677592891415,0.465682702026009,0.435321884631399
"DS06","Bike Sharing Hourly - Humidity","mc.lm_UNDERB",22,0.417470734400339,0.463039753331602,0.439076078191461
"DS06","Bike Sharing Hourly - Humidity","mc.lm_UNDERB",23,0.396280217602298,0.464202767506263,0.427560746470222
"DS06","Bike Sharing Hourly - Humidity","mc.lm_UNDERB",24,0.419189564839002,0.468276199372266,0.442375366251519
"DS06","Bike Sharing Hourly - Humidity","mc.lm_UNDERB",25,0.41888280203458,0.46708680271521,0.441673456212927
"DS06","Bike Sharing Hourly - Humidity","mc.lm_UNDERB",26,0.422669457091038,0.47724822484275,0.448303777426586
"DS06","Bike Sharing Hourly - Humidity","mc.lm_UNDERB",27,0.44414480095556,0.484165100541637,0.463292294659087
"DS06","Bike Sharing Hourly - Humidity","mc.lm_UNDERB",28,0.436279088916358,0.478375753463917,0.456358679166415
"DS06","Bike Sharing Hourly - Humidity","mc.lm_UNDERB",29,0.392975901669066,0.474861083223347,0.430055334344568
"DS06","Bike Sharing Hourly - Humidity","mc.lm_UNDERB",30,0.432041118623327,0.482871074185094,0.456044111514994
"DS06","Bike Sharing Hourly - Humidity","mc.lm_UNDERB",31,0.441331879162129,0.475847198230354,0.457940097774754
"DS06","Bike Sharing Hourly - Humidity","mc.lm_UNDERB",32,0.424572380355194,0.488589805782638,0.454337115591218
"DS06","Bike Sharing Hourly - Humidity","mc.lm_UNDERB",33,0.427280797726357,0.483350322524883,0.453589399256955
"DS06","Bike Sharing Hourly - Humidity","mc.lm_UNDERB",34,0.437177769613775,0.476968063633822,0.456206934719917
"DS06","Bike Sharing Hourly - Humidity","mc.lm_UNDERB",35,0.421924616297952,0.47581495674818,0.447252296952017
"DS06","Bike Sharing Hourly - Humidity","mc.lm_UNDERB",36,0.423241375504922,0.475480752445816,0.447842823565847
"DS06","Bike Sharing Hourly - Humidity","mc.lm_UNDERB",37,0.437737764927845,0.487233944487435,0.461161559182676
"DS06","Bike Sharing Hourly - Humidity","mc.lm_UNDERB",38,0.426437792261102,0.487358093180679,0.454867246849275
"DS06","Bike Sharing Hourly - Humidity","mc.lm_UNDERB",39,0.432809253874363,0.482090436470378,0.456122576738633
"DS06","Bike Sharing Hourly - Humidity","mc.lm_UNDERB",40,0.416628158291202,0.476181859277761,0.444418783702211
"DS06","Bike Sharing Hourly - Humidity","mc.lm_UNDERB",41,0.440763266692686,0.478414610199412,0.458817801703368
"DS06","Bike Sharing Hourly - Humidity","mc.lm_UNDERB",42,0.439761962353287,0.485935234271503,0.461697049486598
"DS06","Bike Sharing Hourly - Humidity","mc.lm_UNDERB",43,0.436937192169632,0.477878108549506,0.456491531754695
"DS06","Bike Sharing Hourly - Humidity","mc.lm_UNDERB",44,0.424007070807198,0.466003468119489,0.444014439967471
"DS06","Bike Sharing Hourly - Humidity","mc.lm_UNDERB",45,0.440482381044611,0.481181439100458,0.459933310555862
"DS06","Bike Sharing Hourly - Humidity","mc.lm_UNDERB",46,0.433055738266839,0.475130494138924,0.453118489513702
"DS06","Bike Sharing Hourly - Humidity","mc.lm_UNDERB",47,0.425142167159362,0.479559169511993,0.450714100539757
"DS06","Bike Sharing Hourly - Humidity","mc.lm_UNDERB",48,0.43157305365787,0.472810478748349,0.451251609086599
"DS06","Bike Sharing Hourly - Humidity","mc.lm_UNDERB",49,0.43323749811902,0.475149345373103,0.453226541306943
"DS06","Bike Sharing Hourly - Humidity","mc.lm_UNDERB",50,0.444769227475392,0.47099898579603,0.457508465610182
"DS06","Bike Sharing Hourly - Humidity","mc.lm_UNDERT",1,0.3568212054004,0.429836902008967,0.389940483815795
"DS06","Bike Sharing Hourly - Humidity","mc.lm_UNDERT",2,0.358766351708479,0.427312573561265,0.390050841276858
"DS06","Bike Sharing Hourly - Humidity","mc.lm_UNDERT",3,0.357376031538575,0.43435313572368,0.392122474072871
"DS06","Bike Sharing Hourly - Humidity","mc.lm_UNDERT",4,0.350546966629952,0.443509377891596,0.391586486688206
"DS06","Bike Sharing Hourly - Humidity","mc.lm_UNDERT",5,0.34991284062128,0.435440040059684,0.388019360686407
"DS06","Bike Sharing Hourly - Humidity","mc.lm_UNDERT",6,0.36714236061306,0.433730183125951,0.397668079763489
"DS06","Bike Sharing Hourly - Humidity","mc.lm_UNDERT",7,0.348684950840359,0.436916013324885,0.387845854515801
"DS06","Bike Sharing Hourly - Humidity","mc.lm_UNDERT",8,0.340177196324406,0.444895908907906,0.385552484067597
"DS06","Bike Sharing Hourly - Humidity","mc.lm_UNDERT",9,0.354586318575312,0.439092646584583,0.392340611003975
"DS06","Bike Sharing Hourly - Humidity","mc.lm_UNDERT",10,0.341590019432545,0.445813159929574,0.386803939722456
"DS06","Bike Sharing Hourly - Humidity","mc.lm_UNDERT",11,0.332943077620461,0.44478593566591,0.380822615006073
"DS06","Bike Sharing Hourly - Humidity","mc.lm_UNDERT",12,0.361812541587596,0.444179374815448,0.398787296130653
"DS06","Bike Sharing Hourly - Humidity","mc.lm_UNDERT",13,0.358832047850087,0.439423583551628,0.39505957279017
"DS06","Bike Sharing Hourly - Humidity","mc.lm_UNDERT",14,0.410668268850335,0.432269938640816,0.42119231469177
"DS06","Bike Sharing Hourly - Humidity","mc.lm_UNDERT",15,0.418218841854399,0.425623592081385,0.421888728482057
"DS06","Bike Sharing Hourly - Humidity","mc.lm_UNDERT",16,0.383942766579742,0.448052011129844,0.413527424290773
"DS06","Bike Sharing Hourly - Humidity","mc.lm_UNDERT",17,0.371710556521352,0.448848630694474,0.406653845106256
"DS06","Bike Sharing Hourly - Humidity","mc.lm_UNDERT",18,0.382961418443037,0.448987105136459,0.413354273184815
"DS06","Bike Sharing Hourly - Humidity","mc.lm_UNDERT",19,0.378858335765439,0.454451937665661,0.413226406247173
"DS06","Bike Sharing Hourly - Humidity","mc.lm_UNDERT",20,0.397640517989944,0.457669369558126,0.425548418950076
"DS06","Bike Sharing Hourly - Humidity","mc.lm_UNDERT",21,0.390084306011762,0.458795420322627,0.421659011485044
"DS06","Bike Sharing Hourly - Humidity","mc.lm_UNDERT",22,0.403074062216927,0.460534378297884,0.429892654917588
"DS06","Bike Sharing Hourly - Humidity","mc.lm_UNDERT",23,0.43040122194035,0.467364560695351,0.448121953198832
"DS06","Bike Sharing Hourly - Humidity","mc.lm_UNDERT",24,0.419447464278165,0.466158092394383,0.441570919094554
"DS06","Bike Sharing Hourly - Humidity","mc.lm_UNDERT",25,0.397597740097653,0.471296889875003,0.431321754941104
"DS06","Bike Sharing Hourly - Humidity","mc.lm_UNDERT",26,0.413966985369953,0.473629915716923,0.44179322426717
"DS06","Bike Sharing Hourly - Humidity","mc.lm_UNDERT",27,0.445116668144826,0.478349302781916,0.461135016485795
"DS06","Bike Sharing Hourly - Humidity","mc.lm_UNDERT",28,0.418248809745885,0.479845850397087,0.44693497177265
"DS06","Bike Sharing Hourly - Humidity","mc.lm_UNDERT",29,0.435650508405093,0.479455231034039,0.456504436930927
"DS06","Bike Sharing Hourly - Humidity","mc.lm_UNDERT",30,0.435582021276856,0.480635683744227,0.457001128609006
"DS06","Bike Sharing Hourly - Humidity","mc.lm_UNDERT",31,0.449245760578972,0.479741646627989,0.463993159108098
"DS06","Bike Sharing Hourly - Humidity","mc.lm_UNDERT",32,0.434451135179617,0.478846224034748,0.455569664161353
"DS06","Bike Sharing Hourly - Humidity","mc.lm_UNDERT",33,0.42773311663258,0.476251661747349,0.450690348892188
"DS06","Bike Sharing Hourly - Humidity","mc.lm_UNDERT",34,0.452192392889985,0.476935948477554,0.4642346986852
"DS06","Bike Sharing Hourly - Humidity","mc.lm_UNDERT",35,0.432213825019018,0.480990814217752,0.45529965722867
"DS06","Bike Sharing Hourly - Humidity","mc.lm_UNDERT",36,0.42861088722868,0.485061630025696,0.455092369924094
"DS06","Bike Sharing Hourly - Humidity","mc.lm_UNDERT",37,0.431801518786032,0.488105874537859,0.45823059904384
"DS06","Bike Sharing Hourly - Humidity","mc.lm_UNDERT",38,0.433985826343527,0.478954171378378,0.455362504359551
"DS06","Bike Sharing Hourly - Humidity","mc.lm_UNDERT",39,0.453468072665439,0.480425868146044,0.466557888356155
"DS06","Bike Sharing Hourly - Humidity","mc.lm_UNDERT",40,0.453272450061005,0.485374254154253,0.468774409773195
"DS06","Bike Sharing Hourly - Humidity","mc.lm_UNDERT",41,0.440482949515846,0.483732085930193,0.46109558449923
"DS06","Bike Sharing Hourly - Humidity","mc.lm_UNDERT",42,0.444839799949369,0.477865756222876,0.460761737000218
"DS06","Bike Sharing Hourly - Humidity","mc.lm_UNDERT",43,0.42363894484262,0.47935290211499,0.449777167631005
"DS06","Bike Sharing Hourly - Humidity","mc.lm_UNDERT",44,0.423603401995062,0.47004497046041,0.445617436823831
"DS06","Bike Sharing Hourly - Humidity","mc.lm_UNDERT",45,0.415473787428915,0.475658198952665,0.443533654858301
"DS06","Bike Sharing Hourly - Humidity","mc.lm_UNDERT",46,0.431902326780421,0.472419450946829,0.451253226684548
"DS06","Bike Sharing Hourly - Humidity","mc.lm_UNDERT",47,0.404890845549259,0.465549887117858,0.43310677078022
"DS06","Bike Sharing Hourly - Humidity","mc.lm_UNDERT",48,0.413709866805094,0.474222225468785,0.441904094787898
"DS06","Bike Sharing Hourly - Humidity","mc.lm_UNDERT",49,0.417803994076115,0.467174685142624,0.441112207485386
"DS06","Bike Sharing Hourly - Humidity","mc.lm_UNDERT",50,0.431237803607053,0.465071962602615,0.447516292319542
"DS06","Bike Sharing Hourly - Humidity","mc.lm_UNDERTPhi",1,0.366429609802997,0.439766837558124,0.3997625919047
"DS06","Bike Sharing Hourly - Humidity","mc.lm_UNDERTPhi",2,0.37535964144867,0.432287567482584,0.401817289872643
"DS06","Bike Sharing Hourly - Humidity","mc.lm_UNDERTPhi",3,0.353381817766762,0.444022980915155,0.393550799757864
"DS06","Bike Sharing Hourly - Humidity","mc.lm_UNDERTPhi",4,0.336104347948595,0.439341758325546,0.380850903792903
"DS06","Bike Sharing Hourly - Humidity","mc.lm_UNDERTPhi",5,0.370865004392298,0.442158942053493,0.403386096322554
"DS06","Bike Sharing Hourly - Humidity","mc.lm_UNDERTPhi",6,0.376008905415993,0.450048554808953,0.409710637881492
"DS06","Bike Sharing Hourly - Humidity","mc.lm_UNDERTPhi",7,0.355807878885097,0.445602701929609,0.395674716542582
"DS06","Bike Sharing Hourly - Humidity","mc.lm_UNDERTPhi",8,0.349649787076713,0.447377081980101,0.392522027877063
"DS06","Bike Sharing Hourly - Humidity","mc.lm_UNDERTPhi",9,0.372652787147946,0.449464148222796,0.407470179367536
"DS06","Bike Sharing Hourly - Humidity","mc.lm_UNDERTPhi",10,0.360166077820737,0.452095199389689,0.400928517299207
"DS06","Bike Sharing Hourly - Humidity","mc.lm_UNDERTPhi",11,0.368349813084229,0.459679714047467,0.408978016362612
"DS06","Bike Sharing Hourly - Humidity","mc.lm_UNDERTPhi",12,0.366793955706199,0.457645779544045,0.407214011198177
"DS06","Bike Sharing Hourly - Humidity","mc.lm_UNDERTPhi",13,0.385417145407475,0.459511937546292,0.4192157254917
"DS06","Bike Sharing Hourly - Humidity","mc.lm_UNDERTPhi",14,0.411753602319692,0.447503896185843,0.428885035340617
"DS06","Bike Sharing Hourly - Humidity","mc.lm_UNDERTPhi",15,0.418566201521194,0.435391662818378,0.426813176832383
"DS06","Bike Sharing Hourly - Humidity","mc.lm_UNDERTPhi",16,0.38580684368882,0.458729227864944,0.419119754552999
"DS06","Bike Sharing Hourly - Humidity","mc.lm_UNDERTPhi",17,0.383921124751723,0.453503078436868,0.415821303680761
"DS06","Bike Sharing Hourly - Humidity","mc.lm_UNDERTPhi",18,0.398114626927421,0.458544494636993,0.426198159376752
"DS06","Bike Sharing Hourly - Humidity","mc.lm_UNDERTPhi",19,0.364881517127456,0.457808209875251,0.406096608939756
"DS06","Bike Sharing Hourly - Humidity","mc.lm_UNDERTPhi",20,0.384276840824659,0.461254416458715,0.419261590736847
"DS06","Bike Sharing Hourly - Humidity","mc.lm_UNDERTPhi",21,0.44329281881319,0.466612528479659,0.454653846487893
"DS06","Bike Sharing Hourly - Humidity","mc.lm_UNDERTPhi",22,0.423901325554069,0.474767025316371,0.447894645819093
"DS06","Bike Sharing Hourly - Humidity","mc.lm_UNDERTPhi",23,0.424951607995081,0.481669515958861,0.45153643549856
"DS06","Bike Sharing Hourly - Humidity","mc.lm_UNDERTPhi",24,0.429881194183284,0.477163516170045,0.452289991464633
"DS06","Bike Sharing Hourly - Humidity","mc.lm_UNDERTPhi",25,0.41781082649292,0.472870450739567,0.443638816483189
"DS06","Bike Sharing Hourly - Humidity","mc.lm_UNDERTPhi",26,0.437467820804344,0.480915683352816,0.458164013257332
"DS06","Bike Sharing Hourly - Humidity","mc.lm_UNDERTPhi",27,0.433439059411401,0.488838676734298,0.459474988809999
"DS06","Bike Sharing Hourly - Humidity","mc.lm_UNDERTPhi",28,0.433671654541805,0.496415575361086,0.462927254532119
"DS06","Bike Sharing Hourly - Humidity","mc.lm_UNDERTPhi",29,0.43548302301068,0.489179385447942,0.460772095027608
"DS06","Bike Sharing Hourly - Humidity","mc.lm_UNDERTPhi",30,0.423722136823404,0.493116575086034,0.455793164456022
"DS06","Bike Sharing Hourly - Humidity","mc.lm_UNDERTPhi",31,0.437626266072493,0.491119336845375,0.462832278084329
"DS06","Bike Sharing Hourly - Humidity","mc.lm_UNDERTPhi",32,0.435222153737773,0.488759455561193,0.460439776654073
"DS06","Bike Sharing Hourly - Humidity","mc.lm_UNDERTPhi",33,0.413023970740955,0.495333960845394,0.450449745055727
"DS06","Bike Sharing Hourly - Humidity","mc.lm_UNDERTPhi",34,0.434263741658241,0.484827556894149,0.458154764923771
"DS06","Bike Sharing Hourly - Humidity","mc.lm_UNDERTPhi",35,0.438838514013213,0.485043556791566,0.460785635787215
"DS06","Bike Sharing Hourly - Humidity","mc.lm_UNDERTPhi",36,0.415904730850629,0.497389406815894,0.453012011876622
"DS06","Bike Sharing Hourly - Humidity","mc.lm_UNDERTPhi",37,0.442815689884101,0.489807851995737,0.465127872399531
"DS06","Bike Sharing Hourly - Humidity","mc.lm_UNDERTPhi",38,0.44291445413236,0.47755408948236,0.459582481832839
"DS06","Bike Sharing Hourly - Humidity","mc.lm_UNDERTPhi",39,0.435992117072232,0.48986094868385,0.461359410012367
"DS06","Bike Sharing Hourly - Humidity","mc.lm_UNDERTPhi",40,0.436197166613215,0.488632264360593,0.460928257885267
"DS06","Bike Sharing Hourly - Humidity","mc.lm_UNDERTPhi",41,0.421994765980192,0.489659984697226,0.453316237311609
"DS06","Bike Sharing Hourly - Humidity","mc.lm_UNDERTPhi",42,0.422259900003664,0.492548246875138,0.454703806873793
"DS06","Bike Sharing Hourly - Humidity","mc.lm_UNDERTPhi",43,0.439055637856932,0.482781005365977,0.459881311541472
"DS06","Bike Sharing Hourly - Humidity","mc.lm_UNDERTPhi",44,0.440035373829307,0.480591725535856,0.459420235948454
"DS06","Bike Sharing Hourly - Humidity","mc.lm_UNDERTPhi",45,0.432260714736261,0.478711897188639,0.454302015500267
"DS06","Bike Sharing Hourly - Humidity","mc.lm_UNDERTPhi",46,0.443347316946405,0.490909921309351,0.465917924021031
"DS06","Bike Sharing Hourly - Humidity","mc.lm_UNDERTPhi",47,0.442620881731502,0.477575633110331,0.459434358664374
"DS06","Bike Sharing Hourly - Humidity","mc.lm_UNDERTPhi",48,0.448213270802345,0.481996862613497,0.464491586465843
"DS06","Bike Sharing Hourly - Humidity","mc.lm_UNDERTPhi",49,0.439305486129843,0.481717114576623,0.459534806276906
"DS06","Bike Sharing Hourly - Humidity","mc.lm_UNDERTPhi",50,0.440822245066972,0.477282501073152,0.458328408689295
"DS06","Bike Sharing Hourly - Humidity","mc.lm_OVERB",1,0.353808331421887,0.428171608414546,0.387454139468241
"DS06","Bike Sharing Hourly - Humidity","mc.lm_OVERB",2,0.377171520943444,0.42467222066337,0.399514915584575
"DS06","Bike Sharing Hourly - Humidity","mc.lm_OVERB",3,0.357557289519394,0.434900660250128,0.392454644021066
"DS06","Bike Sharing Hourly - Humidity","mc.lm_OVERB",4,0.360101664156105,0.434178025237972,0.393685578306746
"DS06","Bike Sharing Hourly - Humidity","mc.lm_OVERB",5,0.341011575196774,0.435398307542012,0.382467729980876
"DS06","Bike Sharing Hourly - Humidity","mc.lm_OVERB",6,0.366430382460754,0.433996752407146,0.397361831061666
"DS06","Bike Sharing Hourly - Humidity","mc.lm_OVERB",7,0.343639620689271,0.435219406914009,0.384045447527942
"DS06","Bike Sharing Hourly - Humidity","mc.lm_OVERB",8,0.35869541406885,0.44014476356123,0.395267821115879
"DS06","Bike Sharing Hourly - Humidity","mc.lm_OVERB",9,0.363877135540721,0.442273243529459,0.399263276827891
"DS06","Bike Sharing Hourly - Humidity","mc.lm_OVERB",10,0.364475049671437,0.439814274004113,0.39861608166397
"DS06","Bike Sharing Hourly - Humidity","mc.lm_OVERB",11,0.350406051675901,0.448135184974587,0.39329034889334
"DS06","Bike Sharing Hourly - Humidity","mc.lm_OVERB",12,0.34568010701319,0.447243370095276,0.389957266996967
"DS06","Bike Sharing Hourly - Humidity","mc.lm_OVERB",13,0.369043151304295,0.447417766157601,0.404468747593261
"DS06","Bike Sharing Hourly - Humidity","mc.lm_OVERB",14,0.389930696273263,0.437179033092558,0.412205342816023
"DS06","Bike Sharing Hourly - Humidity","mc.lm_OVERB",15,0.405119405420609,0.43238726567077,0.418309436871036
"DS06","Bike Sharing Hourly - Humidity","mc.lm_OVERB",16,0.38046637736629,0.443356494899894,0.409510940215498
"DS06","Bike Sharing Hourly - Humidity","mc.lm_OVERB",17,0.382983926242618,0.450161255207595,0.413864303125691
"DS06","Bike Sharing Hourly - Humidity","mc.lm_OVERB",18,0.379358327346012,0.453847807380535,0.413273349539223
"DS06","Bike Sharing Hourly - Humidity","mc.lm_OVERB",19,0.378828500725557,0.453035788108094,0.412622276704873
"DS06","Bike Sharing Hourly - Humidity","mc.lm_OVERB",20,0.379033296810603,0.462127011937893,0.416475963162511
"DS06","Bike Sharing Hourly - Humidity","mc.lm_OVERB",21,0.409775600399489,0.462226931835047,0.434423780922178
"DS06","Bike Sharing Hourly - Humidity","mc.lm_OVERB",22,0.3868105950685,0.465662030471044,0.422589539443118
"DS06","Bike Sharing Hourly - Humidity","mc.lm_OVERB",23,0.401297097250189,0.466838348690653,0.431593653019432
"DS06","Bike Sharing Hourly - Humidity","mc.lm_OVERB",24,0.410905440216817,0.46890199223489,0.437992161536771
"DS06","Bike Sharing Hourly - Humidity","mc.lm_OVERB",25,0.399893859118522,0.473430722465652,0.433566265336623
"DS06","Bike Sharing Hourly - Humidity","mc.lm_OVERB",26,0.413049039955435,0.469567728983613,0.439498786962497
"DS06","Bike Sharing Hourly - Humidity","mc.lm_OVERB",27,0.437689480098043,0.482889449368959,0.45917981668666
"DS06","Bike Sharing Hourly - Humidity","mc.lm_OVERB",28,0.437753131770147,0.480935681307873,0.458329518495293
"DS06","Bike Sharing Hourly - Humidity","mc.lm_OVERB",29,0.435263899596138,0.483331109832858,0.458039901158946
"DS06","Bike Sharing Hourly - Humidity","mc.lm_OVERB",30,0.452103736231933,0.484201256942181,0.467602328189336
"DS06","Bike Sharing Hourly - Humidity","mc.lm_OVERB",31,0.449188471262757,0.484660156097845,0.46625062825197
"DS06","Bike Sharing Hourly - Humidity","mc.lm_OVERB",32,0.436003748822783,0.47894349825338,0.456466012395988
"DS06","Bike Sharing Hourly - Humidity","mc.lm_OVERB",33,0.425075362532084,0.481923487472386,0.451717885086715
"DS06","Bike Sharing Hourly - Humidity","mc.lm_OVERB",34,0.445341529046873,0.477426533024639,0.460826227009714
"DS06","Bike Sharing Hourly - Humidity","mc.lm_OVERB",35,0.443224999744672,0.48136937245071,0.46151035826654
"DS06","Bike Sharing Hourly - Humidity","mc.lm_OVERB",36,0.448019686704479,0.479863522665142,0.463395183605924
"DS06","Bike Sharing Hourly - Humidity","mc.lm_OVERB",37,0.449535357469956,0.485894792164072,0.467008443492488
"DS06","Bike Sharing Hourly - Humidity","mc.lm_OVERB",38,0.437255604381369,0.48070437753763,0.457951734866658
"DS06","Bike Sharing Hourly - Humidity","mc.lm_OVERB",39,0.445280614919302,0.480259121681897,0.462108904817911
"DS06","Bike Sharing Hourly - Humidity","mc.lm_OVERB",40,0.44242206118166,0.481547288342605,0.461156301287848
"DS06","Bike Sharing Hourly - Humidity","mc.lm_OVERB",41,0.44861310992702,0.484630882320585,0.465926958202867
"DS06","Bike Sharing Hourly - Humidity","mc.lm_OVERB",42,0.453164711553514,0.483908564646327,0.468032310142333
"DS06","Bike Sharing Hourly - Humidity","mc.lm_OVERB",43,0.433081223420727,0.477089379909637,0.454021370446976
"DS06","Bike Sharing Hourly - Humidity","mc.lm_OVERB",44,0.425815223951236,0.473158616896307,0.448240278556285
"DS06","Bike Sharing Hourly - Humidity","mc.lm_OVERB",45,0.42847610593982,0.475027559380621,0.450552591361801
"DS06","Bike Sharing Hourly - Humidity","mc.lm_OVERB",46,0.438488048977487,0.475598566061546,0.456289992431215
"DS06","Bike Sharing Hourly - Humidity","mc.lm_OVERB",47,0.439859115561295,0.476598389220246,0.457492343871038
"DS06","Bike Sharing Hourly - Humidity","mc.lm_OVERB",48,0.427966425326626,0.474250945806434,0.449921467882306
"DS06","Bike Sharing Hourly - Humidity","mc.lm_OVERB",49,0.437189132505395,0.478836341643493,0.4570659893704
"DS06","Bike Sharing Hourly - Humidity","mc.lm_OVERB",50,0.438801005452124,0.468535273764445,0.453180929556003
"DS06","Bike Sharing Hourly - Humidity","mc.lm_OVERT",1,0.347833360722532,0.423778274517754,0.382068425862457
"DS06","Bike Sharing Hourly - Humidity","mc.lm_OVERT",2,0.35801957738814,0.42683865999589,0.389411971196209
"DS06","Bike Sharing Hourly - Humidity","mc.lm_OVERT",3,0.359888476064484,0.437168934336117,0.394782256605292
"DS06","Bike Sharing Hourly - Humidity","mc.lm_OVERT",4,0.34827178528047,0.435254059407855,0.386934800806333
"DS06","Bike Sharing Hourly - Humidity","mc.lm_OVERT",5,0.357938366542249,0.438490563712645,0.394140870973288
"DS06","Bike Sharing Hourly - Humidity","mc.lm_OVERT",6,0.368877170187928,0.437824928332307,0.400404612550795
"DS06","Bike Sharing Hourly - Humidity","mc.lm_OVERT",7,0.355273989424655,0.434304369135743,0.390834029769347
"DS06","Bike Sharing Hourly - Humidity","mc.lm_OVERT",8,0.363687703835116,0.437275439212732,0.397101169538509
"DS06","Bike Sharing Hourly - Humidity","mc.lm_OVERT",9,0.361914458325792,0.436667621461379,0.39579231663131
"DS06","Bike Sharing Hourly - Humidity","mc.lm_OVERT",10,0.369603584936226,0.436476316381365,0.400266055537714
"DS06","Bike Sharing Hourly - Humidity","mc.lm_OVERT",11,0.368518247671211,0.445655936790379,0.403432945982852
"DS06","Bike Sharing Hourly - Humidity","mc.lm_OVERT",12,0.3707976037768,0.446834038707817,0.405280280824957
"DS06","Bike Sharing Hourly - Humidity","mc.lm_OVERT",13,0.387101468040543,0.440223734152018,0.411957119896542
"DS06","Bike Sharing Hourly - Humidity","mc.lm_OVERT",14,0.402235153374179,0.430438127330134,0.415859017400639
"DS06","Bike Sharing Hourly - Humidity","mc.lm_OVERT",15,0.410956786646376,0.424177623372414,0.417462556870341
"DS06","Bike Sharing Hourly - Humidity","mc.lm_OVERT",16,0.405811292652277,0.44088798151154,0.422623066185444
"DS06","Bike Sharing Hourly - Humidity","mc.lm_OVERT",17,0.390302695751463,0.443979616282571,0.415414395329332
"DS06","Bike Sharing Hourly - Humidity","mc.lm_OVERT",18,0.411661056878829,0.450775478732055,0.430331281961418
"DS06","Bike Sharing Hourly - Humidity","mc.lm_OVERT",19,0.40361283500588,0.448993748988891,0.425095567712473
"DS06","Bike Sharing Hourly - Humidity","mc.lm_OVERT",20,0.422906573762965,0.457986038421354,0.439747827739805
"DS06","Bike Sharing Hourly - Humidity","mc.lm_OVERT",21,0.442644482652907,0.459035021067628,0.450690779998083
"DS06","Bike Sharing Hourly - Humidity","mc.lm_OVERT",22,0.420885092650982,0.463738853529911,0.44127399258506
"DS06","Bike Sharing Hourly - Humidity","mc.lm_OVERT",23,0.423912610459234,0.468531467836985,0.445106651370818
"DS06","Bike Sharing Hourly - Humidity","mc.lm_OVERT",24,0.43837922540859,0.470808470325618,0.454015498681989
"DS06","Bike Sharing Hourly - Humidity","mc.lm_OVERT",25,0.427259353078385,0.466384626778011,0.445965503969261
"DS06","Bike Sharing Hourly - Humidity","mc.lm_OVERT",26,0.427935282844058,0.468902546265293,0.447483228849997
"DS06","Bike Sharing Hourly - Humidity","mc.lm_OVERT",27,0.412797687804652,0.475080756098122,0.441754699609006
"DS06","Bike Sharing Hourly - Humidity","mc.lm_OVERT",28,0.428201418674941,0.470266965984468,0.448249455247876
"DS06","Bike Sharing Hourly - Humidity","mc.lm_OVERT",29,0.422493599390394,0.473988996890453,0.446762309047556
"DS06","Bike Sharing Hourly - Humidity","mc.lm_OVERT",30,0.430085642931923,0.477875820758742,0.452723023678162
"DS06","Bike Sharing Hourly - Humidity","mc.lm_OVERT",31,0.444654958655413,0.475352113861843,0.45949141229463
"DS06","Bike Sharing Hourly - Humidity","mc.lm_OVERT",32,0.41132875144778,0.478155048876094,0.442231593607533
"DS06","Bike Sharing Hourly - Humidity","mc.lm_OVERT",33,0.421028611006251,0.472890494978806,0.445455135539554
"DS06","Bike Sharing Hourly - Humidity","mc.lm_OVERT",34,0.424330555963422,0.472891244423738,0.44729676557117
"DS06","Bike Sharing Hourly - Humidity","mc.lm_OVERT",35,0.427055993583247,0.475032337974243,0.44976838737623
"DS06","Bike Sharing Hourly - Humidity","mc.lm_OVERT",36,0.418573673526749,0.47526038089149,0.44511949959425
"DS06","Bike Sharing Hourly - Humidity","mc.lm_OVERT",37,0.408470784340439,0.475647438002592,0.439507018768485
"DS06","Bike Sharing Hourly - Humidity","mc.lm_OVERT",38,0.416966934363127,0.47760586446332,0.445231183868709
"DS06","Bike Sharing Hourly - Humidity","mc.lm_OVERT",39,0.424871016690724,0.479296736538621,0.450445818317204
"DS06","Bike Sharing Hourly - Humidity","mc.lm_OVERT",40,0.419064998742846,0.47721319324204,0.446252844294169
"DS06","Bike Sharing Hourly - Humidity","mc.lm_OVERT",41,0.442260528844818,0.47961947872176,0.460183022872296
"DS06","Bike Sharing Hourly - Humidity","mc.lm_OVERT",42,0.427946930576795,0.476221245572443,0.450795384518261
"DS06","Bike Sharing Hourly - Humidity","mc.lm_OVERT",43,0.425541629943263,0.479849922140744,0.451066983176299
"DS06","Bike Sharing Hourly - Humidity","mc.lm_OVERT",44,0.412039825694342,0.475030084777007,0.441298506511361
"DS06","Bike Sharing Hourly - Humidity","mc.lm_OVERT",45,0.451735706302253,0.475034234141517,0.463092113615413
"DS06","Bike Sharing Hourly - Humidity","mc.lm_OVERT",46,0.431879403237101,0.479666872473266,0.454520517841889
"DS06","Bike Sharing Hourly - Humidity","mc.lm_OVERT",47,0.431251473001143,0.479492949372448,0.454094553050598
"DS06","Bike Sharing Hourly - Humidity","mc.lm_OVERT",48,0.442604710498364,0.478969338377669,0.460069563826787
"DS06","Bike Sharing Hourly - Humidity","mc.lm_OVERT",49,0.435729090800507,0.479266669551555,0.456462071680714
"DS06","Bike Sharing Hourly - Humidity","mc.lm_OVERT",50,0.445696569323846,0.472928739213057,0.458909012506145
"DS06","Bike Sharing Hourly - Humidity","mc.lm_OVERTPhi",1,0.362462134132049,0.428318407769318,0.392648012797139
"DS06","Bike Sharing Hourly - Humidity","mc.lm_OVERTPhi",2,0.355848683924998,0.426756341560949,0.388090230846179
"DS06","Bike Sharing Hourly - Humidity","mc.lm_OVERTPhi",3,0.357069668521444,0.438732147595571,0.39371094495873
"DS06","Bike Sharing Hourly - Humidity","mc.lm_OVERTPhi",4,0.347370041521303,0.436025157999611,0.386681147219908
"DS06","Bike Sharing Hourly - Humidity","mc.lm_OVERTPhi",5,0.355531265047445,0.436619659208224,0.391925162313596
"DS06","Bike Sharing Hourly - Humidity","mc.lm_OVERTPhi",6,0.365333154747007,0.436493066103471,0.397755485460762
"DS06","Bike Sharing Hourly - Humidity","mc.lm_OVERTPhi",7,0.357038429195076,0.435492878009104,0.392382462816589
"DS06","Bike Sharing Hourly - Humidity","mc.lm_OVERTPhi",8,0.362494204113088,0.435913138332878,0.395827988400818
"DS06","Bike Sharing Hourly - Humidity","mc.lm_OVERTPhi",9,0.348754740707025,0.438203917815246,0.38839573611511
"DS06","Bike Sharing Hourly - Humidity","mc.lm_OVERTPhi",10,0.363174676520059,0.437547462081159,0.396907117570375
"DS06","Bike Sharing Hourly - Humidity","mc.lm_OVERTPhi",11,0.373138617472991,0.444604811981707,0.405748842214045
"DS06","Bike Sharing Hourly - Humidity","mc.lm_OVERTPhi",12,0.380454146512075,0.447774251800676,0.411378240944063
"DS06","Bike Sharing Hourly - Humidity","mc.lm_OVERTPhi",13,0.385955967226449,0.441868111365502,0.412023855596642
"DS06","Bike Sharing Hourly - Humidity","mc.lm_OVERTPhi",14,0.400559923820403,0.434947481710504,0.417046046477899
"DS06","Bike Sharing Hourly - Humidity","mc.lm_OVERTPhi",15,0.418522651087635,0.424948813929713,0.42171125297938
"DS06","Bike Sharing Hourly - Humidity","mc.lm_OVERTPhi",16,0.396900597536499,0.442663863874307,0.418534990831536
"DS06","Bike Sharing Hourly - Humidity","mc.lm_OVERTPhi",17,0.392875812006041,0.446823453515844,0.418116662313087
"DS06","Bike Sharing Hourly - Humidity","mc.lm_OVERTPhi",18,0.417695078412564,0.447197059278979,0.431942903863046
"DS06","Bike Sharing Hourly - Humidity","mc.lm_OVERTPhi",19,0.389576315122761,0.449839309251459,0.417544623680783
"DS06","Bike Sharing Hourly - Humidity","mc.lm_OVERTPhi",20,0.423328172422791,0.459510044056605,0.440677676904664
"DS06","Bike Sharing Hourly - Humidity","mc.lm_OVERTPhi",21,0.444776451135586,0.460949579250733,0.452718617183025
"DS06","Bike Sharing Hourly - Humidity","mc.lm_OVERTPhi",22,0.425355898222211,0.462947848320519,0.443356450130523
"DS06","Bike Sharing Hourly - Humidity","mc.lm_OVERTPhi",23,0.446986093079891,0.47002853450528,0.458217812354511
"DS06","Bike Sharing Hourly - Humidity","mc.lm_OVERTPhi",24,0.446098830170301,0.472990675102723,0.459151335390574
"DS06","Bike Sharing Hourly - Humidity","mc.lm_OVERTPhi",25,0.422875508468389,0.466433408426374,0.443587736517181
"DS06","Bike Sharing Hourly - Humidity","mc.lm_OVERTPhi",26,0.420056417695314,0.471289362021997,0.44420050134002
"DS06","Bike Sharing Hourly - Humidity","mc.lm_OVERTPhi",27,0.405455424494772,0.472152972278971,0.436269717804883
"DS06","Bike Sharing Hourly - Humidity","mc.lm_OVERTPhi",28,0.42029251982319,0.471612961866618,0.444476245955253
"DS06","Bike Sharing Hourly - Humidity","mc.lm_OVERTPhi",29,0.430133745999411,0.477913332389382,0.452766506971107
"DS06","Bike Sharing Hourly - Humidity","mc.lm_OVERTPhi",30,0.42427481037713,0.479491615346583,0.450196441001199
"DS06","Bike Sharing Hourly - Humidity","mc.lm_OVERTPhi",31,0.455597484500645,0.475866376200584,0.465511402218458
"DS06","Bike Sharing Hourly - Humidity","mc.lm_OVERTPhi",32,0.433850274024894,0.475234267910975,0.453600315148118
"DS06","Bike Sharing Hourly - Humidity","mc.lm_OVERTPhi",33,0.428368786153075,0.473699208213777,0.449895032506133
"DS06","Bike Sharing Hourly - Humidity","mc.lm_OVERTPhi",34,0.429319694293434,0.474665216561241,0.450855148617761
"DS06","Bike Sharing Hourly - Humidity","mc.lm_OVERTPhi",35,0.415019189130311,0.474619761447013,0.442823031552598
"DS06","Bike Sharing Hourly - Humidity","mc.lm_OVERTPhi",36,0.413860134136532,0.477986117184732,0.443617716126306
"DS06","Bike Sharing Hourly - Humidity","mc.lm_OVERTPhi",37,0.439041467925984,0.476958525782086,0.457215224317824
"DS06","Bike Sharing Hourly - Humidity","mc.lm_OVERTPhi",38,0.42954204176999,0.478436939160508,0.452672989179955
"DS06","Bike Sharing Hourly - Humidity","mc.lm_OVERTPhi",39,0.43600862831532,0.481014602577405,0.457407206282536
"DS06","Bike Sharing Hourly - Humidity","mc.lm_OVERTPhi",40,0.40828102199273,0.477090053649994,0.440011696893041
"DS06","Bike Sharing Hourly - Humidity","mc.lm_OVERTPhi",41,0.421964336310518,0.477570771673754,0.448048846391754
"DS06","Bike Sharing Hourly - Humidity","mc.lm_OVERTPhi",42,0.448935630236517,0.476613956685223,0.462360936782726
"DS06","Bike Sharing Hourly - Humidity","mc.lm_OVERTPhi",43,0.432496856945765,0.480751380784909,0.455349274318838
"DS06","Bike Sharing Hourly - Humidity","mc.lm_OVERTPhi",44,0.428114830033187,0.477014465202415,0.451243745547638
"DS06","Bike Sharing Hourly - Humidity","mc.lm_OVERTPhi",45,0.42612659207491,0.477248849406629,0.45024120964766
"DS06","Bike Sharing Hourly - Humidity","mc.lm_OVERTPhi",46,0.428686761565783,0.480176656721152,0.452973179044353
"DS06","Bike Sharing Hourly - Humidity","mc.lm_OVERTPhi",47,0.437402047864239,0.479227825342561,0.457360682485789
"DS06","Bike Sharing Hourly - Humidity","mc.lm_OVERTPhi",48,0.450277619298379,0.480183468863295,0.464749943736783
"DS06","Bike Sharing Hourly - Humidity","mc.lm_OVERTPhi",49,0.440959332006935,0.478847373226066,0.459123023630391
"DS06","Bike Sharing Hourly - Humidity","mc.lm_OVERTPhi",50,0.446563340545038,0.472872326708476,0.459341427327981
"DS06","Bike Sharing Hourly - Humidity","mc.lm_SMOTEB",1,0.391959073862027,0.461083691364676,0.423720694922379
"DS06","Bike Sharing Hourly - Humidity","mc.lm_SMOTEB",2,0.388110818723121,0.449568933901527,0.416585375168272
"DS06","Bike Sharing Hourly - Humidity","mc.lm_SMOTEB",3,0.391248199017369,0.473317857036402,0.42838776246551
"DS06","Bike Sharing Hourly - Humidity","mc.lm_SMOTEB",4,0.391460981874122,0.472163991160947,0.42804176663836
"DS06","Bike Sharing Hourly - Humidity","mc.lm_SMOTEB",5,0.384933697582709,0.478440020899703,0.426623332107422
"DS06","Bike Sharing Hourly - Humidity","mc.lm_SMOTEB",6,0.38951372416057,0.472892380728195,0.427172468516687
"DS06","Bike Sharing Hourly - Humidity","mc.lm_SMOTEB",7,0.389425329133921,0.478631975707257,0.429444954000865
"DS06","Bike Sharing Hourly - Humidity","mc.lm_SMOTEB",8,0.389321843388053,0.475911411384025,0.428283834324529
"DS06","Bike Sharing Hourly - Humidity","mc.lm_SMOTEB",9,0.389297552202445,0.478558634386984,0.429337735516621
"DS06","Bike Sharing Hourly - Humidity","mc.lm_SMOTEB",10,0.387634600537169,0.478046775567778,0.428119342751882
"DS06","Bike Sharing Hourly - Humidity","mc.lm_SMOTEB",11,0.389155600276193,0.487286129379248,0.432727287550295
"DS06","Bike Sharing Hourly - Humidity","mc.lm_SMOTEB",12,0.38694893829948,0.489109879382893,0.432072698131591
"DS06","Bike Sharing Hourly - Humidity","mc.lm_SMOTEB",13,0.388449659086893,0.485375095036766,0.43153684833611
"DS06","Bike Sharing Hourly - Humidity","mc.lm_SMOTEB",14,0.39358812968017,0.474698926543969,0.43035505670695
"DS06","Bike Sharing Hourly - Humidity","mc.lm_SMOTEB",15,0.40631689198036,0.457917603285773,0.430576789909029
"DS06","Bike Sharing Hourly - Humidity","mc.lm_SMOTEB",16,0.395708529657031,0.487490279865537,0.436830439053614
"DS06","Bike Sharing Hourly - Humidity","mc.lm_SMOTEB",17,0.399863906164366,0.488024555118404,0.439567385821953
"DS06","Bike Sharing Hourly - Humidity","mc.lm_SMOTEB",18,0.402155199466599,0.48965144435221,0.441611139897673
"DS06","Bike Sharing Hourly - Humidity","mc.lm_SMOTEB",19,0.398387774850721,0.494115902000463,0.441118036422709
"DS06","Bike Sharing Hourly - Humidity","mc.lm_SMOTEB",20,0.403978369267011,0.503468154957157,0.448269377396875
"DS06","Bike Sharing Hourly - Humidity","mc.lm_SMOTEB",21,0.401196245570311,0.503993488982846,0.446757818506669
"DS06","Bike Sharing Hourly - Humidity","mc.lm_SMOTEB",22,0.399929829227166,0.505693067045927,0.446635664308675
"DS06","Bike Sharing Hourly - Humidity","mc.lm_SMOTEB",23,0.399417602018824,0.508795404392992,0.447520215865966
"DS06","Bike Sharing Hourly - Humidity","mc.lm_SMOTEB",24,0.404833616846581,0.514164508726504,0.452995652395033
"DS06","Bike Sharing Hourly - Humidity","mc.lm_SMOTEB",25,0.401204972111327,0.513021047380146,0.450275075568652
"DS06","Bike Sharing Hourly - Humidity","mc.lm_SMOTEB",26,0.402846848401161,0.517908507520036,0.453188371206069
"DS06","Bike Sharing Hourly - Humidity","mc.lm_SMOTEB",27,0.40196834928044,0.525752872850437,0.455602414578213
"DS06","Bike Sharing Hourly - Humidity","mc.lm_SMOTEB",28,0.404295692288372,0.523118008529075,0.456094960038568
"DS06","Bike Sharing Hourly - Humidity","mc.lm_SMOTEB",29,0.41196395671711,0.527971801064681,0.462808974764336
"DS06","Bike Sharing Hourly - Humidity","mc.lm_SMOTEB",30,0.408469497671671,0.527570199918687,0.46044272502989
"DS06","Bike Sharing Hourly - Humidity","mc.lm_SMOTEB",31,0.41265809604304,0.529322466390309,0.46376583527197
"DS06","Bike Sharing Hourly - Humidity","mc.lm_SMOTEB",32,0.403163738743493,0.527925862140459,0.457185998335421
"DS06","Bike Sharing Hourly - Humidity","mc.lm_SMOTEB",33,0.408795098396222,0.52535484303089,0.45980302567198
"DS06","Bike Sharing Hourly - Humidity","mc.lm_SMOTEB",34,0.408809214286848,0.520457696402304,0.45792634922937
"DS06","Bike Sharing Hourly - Humidity","mc.lm_SMOTEB",35,0.415183079133228,0.521794905768225,0.462423705025833
"DS06","Bike Sharing Hourly - Humidity","mc.lm_SMOTEB",36,0.408273146163297,0.52749303957843,0.460288576632467
"DS06","Bike Sharing Hourly - Humidity","mc.lm_SMOTEB",37,0.410216039015183,0.527563756919385,0.461547829521674
"DS06","Bike Sharing Hourly - Humidity","mc.lm_SMOTEB",38,0.407145303515882,0.529435221572242,0.460306526144661
"DS06","Bike Sharing Hourly - Humidity","mc.lm_SMOTEB",39,0.408472891495939,0.524799165393115,0.459386372838258
"DS06","Bike Sharing Hourly - Humidity","mc.lm_SMOTEB",40,0.401973053989157,0.524809679675779,0.455250927837448
"DS06","Bike Sharing Hourly - Humidity","mc.lm_SMOTEB",41,0.407437713848968,0.527398282695768,0.459721173304546
"DS06","Bike Sharing Hourly - Humidity","mc.lm_SMOTEB",42,0.409076739372327,0.525493510443967,0.460034271058792
"DS06","Bike Sharing Hourly - Humidity","mc.lm_SMOTEB",43,0.405904977919674,0.519873576380923,0.455874186243902
"DS06","Bike Sharing Hourly - Humidity","mc.lm_SMOTEB",44,0.402142350521012,0.517718405143104,0.45266959171864
"DS06","Bike Sharing Hourly - Humidity","mc.lm_SMOTEB",45,0.405912053755573,0.517167567463317,0.454835194319666
"DS06","Bike Sharing Hourly - Humidity","mc.lm_SMOTEB",46,0.411147034067591,0.521209815787,0.45968208400284
"DS06","Bike Sharing Hourly - Humidity","mc.lm_SMOTEB",47,0.40874171732456,0.516775331962656,0.456453258900119
"DS06","Bike Sharing Hourly - Humidity","mc.lm_SMOTEB",48,0.413591749921905,0.515557687593492,0.458979788585299
"DS06","Bike Sharing Hourly - Humidity","mc.lm_SMOTEB",49,0.411023389257541,0.519500331998612,0.45893894438336
"DS06","Bike Sharing Hourly - Humidity","mc.lm_SMOTEB",50,0.402000026999805,0.507866173007584,0.448774150000689
"DS06","Bike Sharing Hourly - Humidity","mc.lm_SMOTET",1,0.383592160927117,0.464063257047255,0.42000799806842
"DS06","Bike Sharing Hourly - Humidity","mc.lm_SMOTET",2,0.394799410327283,0.457968685911498,0.424044398339201
"DS06","Bike Sharing Hourly - Humidity","mc.lm_SMOTET",3,0.386131492878921,0.454610264904657,0.417582066408801
"DS06","Bike Sharing Hourly - Humidity","mc.lm_SMOTET",4,0.38480300544105,0.455669991941748,0.417248818069101
"DS06","Bike Sharing Hourly - Humidity","mc.lm_SMOTET",5,0.376440269948422,0.463612472837703,0.415503445290014
"DS06","Bike Sharing Hourly - Humidity","mc.lm_SMOTET",6,0.373468925978307,0.457210692158179,0.411118757263302
"DS06","Bike Sharing Hourly - Humidity","mc.lm_SMOTET",7,0.382481638952824,0.452689524739916,0.414634601591676
"DS06","Bike Sharing Hourly - Humidity","mc.lm_SMOTET",8,0.384812526650152,0.473379046910991,0.424525695001084
"DS06","Bike Sharing Hourly - Humidity","mc.lm_SMOTET",9,0.38609281492292,0.462005333899392,0.420651643025794
"DS06","Bike Sharing Hourly - Humidity","mc.lm_SMOTET",10,0.387475452152569,0.451329449665971,0.416972009104744
"DS06","Bike Sharing Hourly - Humidity","mc.lm_SMOTET",11,0.386745675053993,0.473338460235191,0.425683011281509
"DS06","Bike Sharing Hourly - Humidity","mc.lm_SMOTET",12,0.381148935499959,0.46094910743301,0.417267949004681
"DS06","Bike Sharing Hourly - Humidity","mc.lm_SMOTET",13,0.390224291188532,0.468943878618374,0.425977821506546
"DS06","Bike Sharing Hourly - Humidity","mc.lm_SMOTET",14,0.387945418713416,0.473105656266388,0.42631425068543
"DS06","Bike Sharing Hourly - Humidity","mc.lm_SMOTET",15,0.402545235652163,0.452429492698189,0.426032093616574
"DS06","Bike Sharing Hourly - Humidity","mc.lm_SMOTET",16,0.385037660715036,0.458907471067767,0.418739684584283
"DS06","Bike Sharing Hourly - Humidity","mc.lm_SMOTET",17,0.39059875392402,0.507465557317006,0.441428106798875
"DS06","Bike Sharing Hourly - Humidity","mc.lm_SMOTET",18,0.402227289707454,0.484911624061574,0.439716227676848
"DS06","Bike Sharing Hourly - Humidity","mc.lm_SMOTET",19,0.397472502398219,0.508689869609952,0.446256083157397
"DS06","Bike Sharing Hourly - Humidity","mc.lm_SMOTET",20,0.400589673206995,0.49797810858185,0.444006321668715
"DS06","Bike Sharing Hourly - Humidity","mc.lm_SMOTET",21,0.404702072860452,0.505099806947524,0.449361434417395
"DS06","Bike Sharing Hourly - Humidity","mc.lm_SMOTET",22,0.413466754120687,0.498626855038321,0.452071202341161
"DS06","Bike Sharing Hourly - Humidity","mc.lm_SMOTET",23,0.426100727600573,0.495905049116157,0.458360473622309
"DS06","Bike Sharing Hourly - Humidity","mc.lm_SMOTET",24,0.40568021748296,0.498423895456675,0.447295198448165
"DS06","Bike Sharing Hourly - Humidity","mc.lm_SMOTET",25,0.411002912398896,0.508490287829721,0.454578650875517
"DS06","Bike Sharing Hourly - Humidity","mc.lm_SMOTET",26,0.416807442843549,0.500831060649503,0.454972438256068
"DS06","Bike Sharing Hourly - Humidity","mc.lm_SMOTET",27,0.418611969139823,0.519367140862673,0.463578131377499
"DS06","Bike Sharing Hourly - Humidity","mc.lm_SMOTET",28,0.405472585423499,0.512719107580299,0.452832548433332
"DS06","Bike Sharing Hourly - Humidity","mc.lm_SMOTET",29,0.428951287575336,0.529927980462937,0.474122858046194
"DS06","Bike Sharing Hourly - Humidity","mc.lm_SMOTET",30,0.41840340145971,0.517502517783485,0.46270636663921
"DS06","Bike Sharing Hourly - Humidity","mc.lm_SMOTET",31,0.423357970023792,0.502662891418321,0.459614572798591
"DS06","Bike Sharing Hourly - Humidity","mc.lm_SMOTET",32,0.409393865351042,0.525434180822437,0.460211974073652
"DS06","Bike Sharing Hourly - Humidity","mc.lm_SMOTET",33,0.422326850328507,0.506913237795459,0.460770201036402
"DS06","Bike Sharing Hourly - Humidity","mc.lm_SMOTET",34,0.423936419302025,0.516137803749283,0.465515609347667
"DS06","Bike Sharing Hourly - Humidity","mc.lm_SMOTET",35,0.410448165936163,0.528186931617535,0.461933200492675
"DS06","Bike Sharing Hourly - Humidity","mc.lm_SMOTET",36,0.420217062003628,0.525263895858312,0.466904910688619
"DS06","Bike Sharing Hourly - Humidity","mc.lm_SMOTET",37,0.401242492980484,0.558513606551658,0.466992378512732
"DS06","Bike Sharing Hourly - Humidity","mc.lm_SMOTET",38,0.404282181770655,0.554627958902787,0.467668849843949
"DS06","Bike Sharing Hourly - Humidity","mc.lm_SMOTET",39,0.407468877367203,0.542528216472498,0.465397978035038
"DS06","Bike Sharing Hourly - Humidity","mc.lm_SMOTET",40,0.411597545727141,0.536925946461867,0.465981925847525
"DS06","Bike Sharing Hourly - Humidity","mc.lm_SMOTET",41,0.407298529068955,0.531569992601095,0.461209788349277
"DS06","Bike Sharing Hourly - Humidity","mc.lm_SMOTET",42,0.404477186159696,0.538032894725028,0.461792474655456
"DS06","Bike Sharing Hourly - Humidity","mc.lm_SMOTET",43,0.41510668203476,0.539408661129203,0.469164044739075
"DS06","Bike Sharing Hourly - Humidity","mc.lm_SMOTET",44,0.411025535292404,0.527636733415409,0.462087756207685
"DS06","Bike Sharing Hourly - Humidity","mc.lm_SMOTET",45,0.414002903132665,0.517313466900296,0.459928084628785
"DS06","Bike Sharing Hourly - Humidity","mc.lm_SMOTET",46,0.415911514775682,0.530189326255727,0.466148715311409
"DS06","Bike Sharing Hourly - Humidity","mc.lm_SMOTET",47,0.429825187714354,0.523820544090136,0.472190575982857
"DS06","Bike Sharing Hourly - Humidity","mc.lm_SMOTET",48,0.423398748150371,0.512904758675533,0.463873586204496
"DS06","Bike Sharing Hourly - Humidity","mc.lm_SMOTET",49,0.428299556258679,0.512291030466917,0.466545219824303
"DS06","Bike Sharing Hourly - Humidity","mc.lm_SMOTET",50,0.425489857980794,0.505270560235553,0.461960983103452
"DS06","Bike Sharing Hourly - Humidity","mc.lm_SMOTETPhi",1,0.38534474073863,0.471388371783405,0.424045778684454
"DS06","Bike Sharing Hourly - Humidity","mc.lm_SMOTETPhi",2,0.396319595999028,0.469097447484051,0.429648369583305
"DS06","Bike Sharing Hourly - Humidity","mc.lm_SMOTETPhi",3,0.384999422245711,0.458646581204318,0.418608440166912
"DS06","Bike Sharing Hourly - Humidity","mc.lm_SMOTETPhi",4,0.38627116786104,0.459916443739053,0.419889063385481
"DS06","Bike Sharing Hourly - Humidity","mc.lm_SMOTETPhi",5,0.378739521205776,0.469833509638327,0.419397063113924
"DS06","Bike Sharing Hourly - Humidity","mc.lm_SMOTETPhi",6,0.37688454273148,0.459458808784822,0.414095294089135
"DS06","Bike Sharing Hourly - Humidity","mc.lm_SMOTETPhi",7,0.378113274607184,0.458009718934882,0.414244210399582
"DS06","Bike Sharing Hourly - Humidity","mc.lm_SMOTETPhi",8,0.383915655493257,0.475652080025605,0.424888633074465
"DS06","Bike Sharing Hourly - Humidity","mc.lm_SMOTETPhi",9,0.388319632726793,0.467407911117726,0.424209012984187
"DS06","Bike Sharing Hourly - Humidity","mc.lm_SMOTETPhi",10,0.387493330729687,0.459661316603872,0.420503375951607
"DS06","Bike Sharing Hourly - Humidity","mc.lm_SMOTETPhi",11,0.389488240864221,0.47801046098959,0.429232811917003
"DS06","Bike Sharing Hourly - Humidity","mc.lm_SMOTETPhi",12,0.384644325246338,0.464330408300794,0.420747637202327
"DS06","Bike Sharing Hourly - Humidity","mc.lm_SMOTETPhi",13,0.3855907827192,0.47557971789894,0.425883505155833
"DS06","Bike Sharing Hourly - Humidity","mc.lm_SMOTETPhi",14,0.391036700659503,0.478388848541512,0.430324591077138
"DS06","Bike Sharing Hourly - Humidity","mc.lm_SMOTETPhi",15,0.401594780879136,0.460188575012089,0.428899743030981
"DS06","Bike Sharing Hourly - Humidity","mc.lm_SMOTETPhi",16,0.386248745835408,0.46665595842854,0.422662174985175
"DS06","Bike Sharing Hourly - Humidity","mc.lm_SMOTETPhi",17,0.392144849622817,0.511864862811546,0.444077462650074
"DS06","Bike Sharing Hourly - Humidity","mc.lm_SMOTETPhi",18,0.400816632371897,0.493812580024609,0.442481181266454
"DS06","Bike Sharing Hourly - Humidity","mc.lm_SMOTETPhi",19,0.393728667809815,0.512954040316971,0.445502509602116
"DS06","Bike Sharing Hourly - Humidity","mc.lm_SMOTETPhi",20,0.398619183337077,0.503740923293042,0.445056899083076
"DS06","Bike Sharing Hourly - Humidity","mc.lm_SMOTETPhi",21,0.402101270881925,0.508730000726624,0.44917425697666
"DS06","Bike Sharing Hourly - Humidity","mc.lm_SMOTETPhi",22,0.40587504420857,0.503326091176922,0.449378012316591
"DS06","Bike Sharing Hourly - Humidity","mc.lm_SMOTETPhi",23,0.419029295564787,0.504085435274609,0.457638813011939
"DS06","Bike Sharing Hourly - Humidity","mc.lm_SMOTETPhi",24,0.407638551710151,0.50390854165105,0.450689930578526
"DS06","Bike Sharing Hourly - Humidity","mc.lm_SMOTETPhi",25,0.41541242745673,0.511314627474521,0.45840131560437
"DS06","Bike Sharing Hourly - Humidity","mc.lm_SMOTETPhi",26,0.410222391353308,0.507043546889306,0.453523035475844
"DS06","Bike Sharing Hourly - Humidity","mc.lm_SMOTETPhi",27,0.409302451240056,0.529248549621027,0.46161099072163
"DS06","Bike Sharing Hourly - Humidity","mc.lm_SMOTETPhi",28,0.401917988663426,0.522859209969458,0.454480327446949
"DS06","Bike Sharing Hourly - Humidity","mc.lm_SMOTETPhi",29,0.421113136761893,0.532862013555581,0.470442430109364
"DS06","Bike Sharing Hourly - Humidity","mc.lm_SMOTETPhi",30,0.41218411173762,0.525466882628049,0.461982340049889
"DS06","Bike Sharing Hourly - Humidity","mc.lm_SMOTETPhi",31,0.415039022364872,0.509840062313732,0.457580941185775
"DS06","Bike Sharing Hourly - Humidity","mc.lm_SMOTETPhi",32,0.409930429734064,0.531501503251239,0.462866473928037
"DS06","Bike Sharing Hourly - Humidity","mc.lm_SMOTETPhi",33,0.432608592109508,0.511125031996553,0.468600619572936
"DS06","Bike Sharing Hourly - Humidity","mc.lm_SMOTETPhi",34,0.418707164054775,0.523504733958524,0.465277891283706
"DS06","Bike Sharing Hourly - Humidity","mc.lm_SMOTETPhi",35,0.402929061147085,0.530418918077218,0.457966806449033
"DS06","Bike Sharing Hourly - Humidity","mc.lm_SMOTETPhi",36,0.420161398710864,0.528679938448917,0.468215061274601
"DS06","Bike Sharing Hourly - Humidity","mc.lm_SMOTETPhi",37,0.40304297030528,0.560975303443967,0.469072337578474
"DS06","Bike Sharing Hourly - Humidity","mc.lm_SMOTETPhi",38,0.404847583596415,0.55933910520548,0.46971626508307
"DS06","Bike Sharing Hourly - Humidity","mc.lm_SMOTETPhi",39,0.407821180056219,0.544964820669827,0.466522799632522
"DS06","Bike Sharing Hourly - Humidity","mc.lm_SMOTETPhi",40,0.409891853101892,0.542561163380029,0.466986605807405
"DS06","Bike Sharing Hourly - Humidity","mc.lm_SMOTETPhi",41,0.406143803193345,0.535117970895392,0.461794696947018
"DS06","Bike Sharing Hourly - Humidity","mc.lm_SMOTETPhi",42,0.402287648895425,0.542169851370447,0.46186987714831
"DS06","Bike Sharing Hourly - Humidity","mc.lm_SMOTETPhi",43,0.414389019518299,0.544475517133539,0.470608030795511
"DS06","Bike Sharing Hourly - Humidity","mc.lm_SMOTETPhi",44,0.40382278648819,0.535242365634093,0.460336672164669
"DS06","Bike Sharing Hourly - Humidity","mc.lm_SMOTETPhi",45,0.413620270689919,0.526854850242094,0.463420756001444
"DS06","Bike Sharing Hourly - Humidity","mc.lm_SMOTETPhi",46,0.417614806470824,0.536991571266601,0.469838954234704
"DS06","Bike Sharing Hourly - Humidity","mc.lm_SMOTETPhi",47,0.426668121080853,0.527913400861593,0.47192159844175
"DS06","Bike Sharing Hourly - Humidity","mc.lm_SMOTETPhi",48,0.41826688773428,0.522258885703301,0.464513796185065
"DS06","Bike Sharing Hourly - Humidity","mc.lm_SMOTETPhi",49,0.425489072016492,0.520495426131172,0.468221448209844
"DS06","Bike Sharing Hourly - Humidity","mc.lm_SMOTETPhi",50,0.420854685767803,0.512426602587687,0.462148206552191
"DS06","Bike Sharing Hourly - Humidity","mc.svm",1,1e-05,0.376266317239431,1.99994684757163e-05
"DS06","Bike Sharing Hourly - Humidity","mc.svm",2,1e-05,0.381110902720331,1.99994752321414e-05
"DS06","Bike Sharing Hourly - Humidity","mc.svm",3,1e-05,0.379949094636652,1.99994736275488e-05
"DS06","Bike Sharing Hourly - Humidity","mc.svm",4,1e-05,0.379699695477217,1.99994732818193e-05
"DS06","Bike Sharing Hourly - Humidity","mc.svm",5,1e-05,0.38023951125873,1.99994740295672e-05
"DS06","Bike Sharing Hourly - Humidity","mc.svm",6,1e-05,0.38022306148885,1.99994740068125e-05
"DS06","Bike Sharing Hourly - Humidity","mc.svm",7,1e-05,0.380490964774786,1.9999474377154e-05
"DS06","Bike Sharing Hourly - Humidity","mc.svm",8,1e-05,0.380911680213051,1.99994749576871e-05
"DS06","Bike Sharing Hourly - Humidity","mc.svm",9,1e-05,0.381003568406666,1.99994750843104e-05
"DS06","Bike Sharing Hourly - Humidity","mc.svm",10,1e-05,0.381477274324871,1.99994757361164e-05
"DS06","Bike Sharing Hourly - Humidity","mc.svm",11,1e-05,0.383257115670544,1.99994781707279e-05
"DS06","Bike Sharing Hourly - Humidity","mc.svm",12,1e-05,0.382490296168815,1.99994771245879e-05
"DS06","Bike Sharing Hourly - Humidity","mc.svm",13,1e-05,0.38332167426196,1.99994782586115e-05
"DS06","Bike Sharing Hourly - Humidity","mc.svm",14,1e-05,0.380013262405503,1.9999473716428e-05
"DS06","Bike Sharing Hourly - Humidity","mc.svm",15,1e-05,0.383648091456681,1.99994787025102e-05
"DS06","Bike Sharing Hourly - Humidity","mc.svm",16,1e-05,0.382285097046268,1.99994768439314e-05
"DS06","Bike Sharing Hourly - Humidity","mc.svm",17,1e-05,0.38236663149125,1.99994769554844e-05
"DS06","Bike Sharing Hourly - Humidity","mc.svm",18,1e-05,0.383165206820522,1.99994780455613e-05
"DS06","Bike Sharing Hourly - Humidity","mc.svm",19,1e-05,0.384089514524872,1.99994793016069e-05
"DS06","Bike Sharing Hourly - Humidity","mc.svm",20,1e-05,0.386082001912058,1.99994819887514e-05
"DS06","Bike Sharing Hourly - Humidity","mc.svm",21,0.325924452341275,0.387748785880804,0.354158749174983
"DS06","Bike Sharing Hourly - Humidity","mc.svm",22,0.304080158281449,0.388388215693297,0.34110193199083
"DS06","Bike Sharing Hourly - Humidity","mc.svm",23,0.316188188387336,0.389651216521103,0.349096724829952
"DS06","Bike Sharing Hourly - Humidity","mc.svm",24,0.31536494200647,0.389654441508273,0.348595664806286
"DS06","Bike Sharing Hourly - Humidity","mc.svm",25,0.302122157812161,0.390466826265363,0.340659995516628
"DS06","Bike Sharing Hourly - Humidity","mc.svm",26,0.304531355277899,0.389911278294619,0.34197269659654
"DS06","Bike Sharing Hourly - Humidity","mc.svm",27,1e-05,0.391720959895158,1.99994894455111e-05
"DS06","Bike Sharing Hourly - Humidity","mc.svm",28,1e-05,0.392165010987365,1.99994900236007e-05
"DS06","Bike Sharing Hourly - Humidity","mc.svm",29,1e-05,0.392093016948888,1.99994899299639e-05
"DS06","Bike Sharing Hourly - Humidity","mc.svm",30,1e-05,0.392699999668685,1.99994907183413e-05
"DS06","Bike Sharing Hourly - Humidity","mc.svm",31,1e-05,0.39276298846254,1.99994908000146e-05
"DS06","Bike Sharing Hourly - Humidity","mc.svm",32,1e-05,0.392175258138773,1.99994900369255e-05
"DS06","Bike Sharing Hourly - Humidity","mc.svm",33,0.329258287661345,0.392452908571771,0.358088868063833
"DS06","Bike Sharing Hourly - Humidity","mc.svm",34,0.319624846527889,0.391723064410168,0.352020220818325
"DS06","Bike Sharing Hourly - Humidity","mc.svm",35,0.319979543142674,0.391795063519326,0.352264338337098
"DS06","Bike Sharing Hourly - Humidity","mc.svm",36,0.302864305688573,0.39243593292316,0.341880614306508
"DS06","Bike Sharing Hourly - Humidity","mc.svm",37,0.308647143645616,0.393135614595367,0.345805544765342
"DS06","Bike Sharing Hourly - Humidity","mc.svm",38,0.310117649716436,0.393408815823618,0.346832772658502
"DS06","Bike Sharing Hourly - Humidity","mc.svm",39,0.321099419336389,0.392445027469532,0.35320538476896
"DS06","Bike Sharing Hourly - Humidity","mc.svm",40,0.326972194341967,0.391931368476192,0.356516968923481
"DS06","Bike Sharing Hourly - Humidity","mc.svm",41,1e-05,0.391246491156547,1.99994888263722e-05
"DS06","Bike Sharing Hourly - Humidity","mc.svm",42,1e-05,0.391548785829331,1.99994892210129e-05
"DS06","Bike Sharing Hourly - Humidity","mc.svm",43,1e-05,0.390853275050815,1.99994883121215e-05
"DS06","Bike Sharing Hourly - Humidity","mc.svm",44,0.31597421387999,0.390809930762298,0.349430194735362
"DS06","Bike Sharing Hourly - Humidity","mc.svm",45,0.323757645068454,0.391108262272398,0.354260256811357
"DS06","Bike Sharing Hourly - Humidity","mc.svm",46,1e-05,0.39015164881142,1.99994873919551e-05
"DS06","Bike Sharing Hourly - Humidity","mc.svm",47,0.320632296861577,0.390814465610629,0.352261747091333
"DS06","Bike Sharing Hourly - Humidity","mc.svm",48,0.328990891082865,0.391326823082516,0.357461597011301
"DS06","Bike Sharing Hourly - Humidity","mc.svm",49,0.32863845539738,0.391275944172309,0.357232254289675
"DS06","Bike Sharing Hourly - Humidity","mc.svm",50,0.320639597999763,0.390030536947505,0.351947347790995
"DS06","Bike Sharing Hourly - Humidity","mc.svm_UNDERB",1,0.400108889801191,0.44574606311346,0.421696324720992
"DS06","Bike Sharing Hourly - Humidity","mc.svm_UNDERB",2,0.399830514025192,0.440636828501054,0.419243058530868
"DS06","Bike Sharing Hourly - Humidity","mc.svm_UNDERB",3,0.378381340877626,0.447372564114644,0.409994865681308
"DS06","Bike Sharing Hourly - Humidity","mc.svm_UNDERB",4,0.375671686141674,0.454079724829371,0.411171089591193
"DS06","Bike Sharing Hourly - Humidity","mc.svm_UNDERB",5,0.381305348249054,0.433535226594189,0.405746364769652
"DS06","Bike Sharing Hourly - Humidity","mc.svm_UNDERB",6,0.375609547228324,0.459769571160028,0.413450220747549
"DS06","Bike Sharing Hourly - Humidity","mc.svm_UNDERB",7,0.393507851598068,0.45383598756602,0.421524335672685
"DS06","Bike Sharing Hourly - Humidity","mc.svm_UNDERB",8,0.388188053687926,0.451420558509455,0.417423226624326
"DS06","Bike Sharing Hourly - Humidity","mc.svm_UNDERB",9,0.38823581974057,0.464061825115397,0.42277583229607
"DS06","Bike Sharing Hourly - Humidity","mc.svm_UNDERB",10,0.362938805361403,0.454565936260324,0.403617519176784
"DS06","Bike Sharing Hourly - Humidity","mc.svm_UNDERB",11,0.403738725210117,0.478153645457851,0.437806584323895
"DS06","Bike Sharing Hourly - Humidity","mc.svm_UNDERB",12,0.403150967454816,0.473272337893526,0.435406497584047
"DS06","Bike Sharing Hourly - Humidity","mc.svm_UNDERB",13,0.378928423402295,0.462868281109417,0.416713315848533
"DS06","Bike Sharing Hourly - Humidity","mc.svm_UNDERB",14,0.40642483896408,0.450886376964551,0.427502684542436
"DS06","Bike Sharing Hourly - Humidity","mc.svm_UNDERB",15,0.39483531016249,0.4564621563311,0.423418098058643
"DS06","Bike Sharing Hourly - Humidity","mc.svm_UNDERB",16,0.381984848415803,0.465717932815062,0.419715961560432
"DS06","Bike Sharing Hourly - Humidity","mc.svm_UNDERB",17,0.402442045223881,0.474019013687912,0.435307831201132
"DS06","Bike Sharing Hourly - Humidity","mc.svm_UNDERB",18,0.408118445284404,0.476273022820989,0.439569608288989
"DS06","Bike Sharing Hourly - Humidity","mc.svm_UNDERB",19,0.360533825830846,0.44816309765716,0.399600768845846
"DS06","Bike Sharing Hourly - Humidity","mc.svm_UNDERB",20,0.419218432550226,0.486493521674703,0.450357424677778
"DS06","Bike Sharing Hourly - Humidity","mc.svm_UNDERB",21,0.413992152081054,0.48628531986977,0.447236129683597
"DS06","Bike Sharing Hourly - Humidity","mc.svm_UNDERB",22,0.398555284671212,0.48484006591052,0.437483784268793
"DS06","Bike Sharing Hourly - Humidity","mc.svm_UNDERB",23,0.399801408598759,0.473158995800433,0.43339796870256
"DS06","Bike Sharing Hourly - Humidity","mc.svm_UNDERB",24,0.385412818592538,0.483923767640983,0.429086791523419
"DS06","Bike Sharing Hourly - Humidity","mc.svm_UNDERB",25,0.404276541113822,0.493291799814628,0.444370179952162
"DS06","Bike Sharing Hourly - Humidity","mc.svm_UNDERB",26,0.40802295705992,0.497011180115046,0.448142148616383
"DS06","Bike Sharing Hourly - Humidity","mc.svm_UNDERB",27,0.411367016236692,0.500370613488525,0.451524560514922
"DS06","Bike Sharing Hourly - Humidity","mc.svm_UNDERB",28,0.392207829991057,0.48719579903115,0.434571795732131
"DS06","Bike Sharing Hourly - Humidity","mc.svm_UNDERB",29,0.36694629731339,0.479853152865886,0.415872583906414
"DS06","Bike Sharing Hourly - Humidity","mc.svm_UNDERB",30,0.41229790899823,0.498590195097149,0.451356635269109
"DS06","Bike Sharing Hourly - Humidity","mc.svm_UNDERB",31,0.391061681489185,0.473081715995983,0.428179239412296
"DS06","Bike Sharing Hourly - Humidity","mc.svm_UNDERB",32,0.402103929072831,0.497204837840762,0.444625975427636
"DS06","Bike Sharing Hourly - Humidity","mc.svm_UNDERB",33,0.421055416152085,0.496425790416731,0.455644794195284
"DS06","Bike Sharing Hourly - Humidity","mc.svm_UNDERB",34,0.384171426801439,0.487049044587718,0.429536110608592
"DS06","Bike Sharing Hourly - Humidity","mc.svm_UNDERB",35,0.381419677617561,0.476729495880076,0.423781823125794
"DS06","Bike Sharing Hourly - Humidity","mc.svm_UNDERB",36,0.415056579538526,0.480389665126688,0.445339722939344
"DS06","Bike Sharing Hourly - Humidity","mc.svm_UNDERB",37,0.426962529238328,0.501768971945632,0.461353037087923
"DS06","Bike Sharing Hourly - Humidity","mc.svm_UNDERB",38,0.413274822609131,0.50653150965808,0.455175643950806
"DS06","Bike Sharing Hourly - Humidity","mc.svm_UNDERB",39,0.391899067433345,0.498439491246544,0.438794815493783
"DS06","Bike Sharing Hourly - Humidity","mc.svm_UNDERB",40,0.386455337801818,0.482265185574681,0.42907690145717
"DS06","Bike Sharing Hourly - Humidity","mc.svm_UNDERB",41,0.404439986021758,0.493329504928632,0.44448420243428
"DS06","Bike Sharing Hourly - Humidity","mc.svm_UNDERB",42,0.440064606371292,0.498377503256573,0.467409332008515
"DS06","Bike Sharing Hourly - Humidity","mc.svm_UNDERB",43,0.418185701855226,0.500661524315466,0.455722093890016
"DS06","Bike Sharing Hourly - Humidity","mc.svm_UNDERB",44,0.421560336775677,0.477391604545123,0.447742212537488
"DS06","Bike Sharing Hourly - Humidity","mc.svm_UNDERB",45,0.417376121282507,0.500650169112594,0.455236256063459
"DS06","Bike Sharing Hourly - Humidity","mc.svm_UNDERB",46,0.427818889170203,0.482917170714422,0.453701344739626
"DS06","Bike Sharing Hourly - Humidity","mc.svm_UNDERB",47,0.441369935827701,0.481559169582289,0.460589526389153
"DS06","Bike Sharing Hourly - Humidity","mc.svm_UNDERB",48,0.43495742015196,0.492646543547374,0.462008094000773
"DS06","Bike Sharing Hourly - Humidity","mc.svm_UNDERB",49,0.414770478935978,0.494374575619803,0.451087488131995
"DS06","Bike Sharing Hourly - Humidity","mc.svm_UNDERB",50,0.426843608977009,0.48631114208116,0.454641018362134
"DS06","Bike Sharing Hourly - Humidity","mc.svm_UNDERT",1,0.350542315380395,0.432168978543237,0.387099344420365
"DS06","Bike Sharing Hourly - Humidity","mc.svm_UNDERT",2,0.37969827004609,0.439742642806823,0.40752058658613
"DS06","Bike Sharing Hourly - Humidity","mc.svm_UNDERT",3,0.379973384450452,0.449771528072255,0.41193674627415
"DS06","Bike Sharing Hourly - Humidity","mc.svm_UNDERT",4,0.395066217439378,0.468647123400462,0.428722442044572
"DS06","Bike Sharing Hourly - Humidity","mc.svm_UNDERT",5,0.355822258959663,0.456508272881348,0.399925396186407
"DS06","Bike Sharing Hourly - Humidity","mc.svm_UNDERT",6,0.368677040927806,0.448208799709505,0.404571326308668
"DS06","Bike Sharing Hourly - Humidity","mc.svm_UNDERT",7,0.378602186963051,0.45869964077148,0.414819797121736
"DS06","Bike Sharing Hourly - Humidity","mc.svm_UNDERT",8,0.390140973424141,0.467247014044958,0.425226869406292
"DS06","Bike Sharing Hourly - Humidity","mc.svm_UNDERT",9,0.342112614295795,0.448778028857814,0.388252474650256
"DS06","Bike Sharing Hourly - Humidity","mc.svm_UNDERT",10,0.394125154895545,0.469800193492354,0.428648318690135
"DS06","Bike Sharing Hourly - Humidity","mc.svm_UNDERT",11,0.401190083209564,0.465327776293206,0.430885266226174
"DS06","Bike Sharing Hourly - Humidity","mc.svm_UNDERT",12,0.35624124080257,0.448246336826108,0.396982714604062
"DS06","Bike Sharing Hourly - Humidity","mc.svm_UNDERT",13,0.374450626539815,0.465258336253493,0.414944422966402
"DS06","Bike Sharing Hourly - Humidity","mc.svm_UNDERT",14,0.410196214430462,0.449322501812359,0.428868821164297
"DS06","Bike Sharing Hourly - Humidity","mc.svm_UNDERT",15,0.404438932326648,0.445042739404899,0.423770438737671
"DS06","Bike Sharing Hourly - Humidity","mc.svm_UNDERT",16,0.416269284608704,0.487320623516391,0.449001489507897
"DS06","Bike Sharing Hourly - Humidity","mc.svm_UNDERT",17,0.385414670610544,0.468340682276124,0.422850338056811
"DS06","Bike Sharing Hourly - Humidity","mc.svm_UNDERT",18,0.403357522796084,0.469883558722432,0.434086467666649
"DS06","Bike Sharing Hourly - Humidity","mc.svm_UNDERT",19,0.368944835820961,0.477218940845694,0.416154575830606
"DS06","Bike Sharing Hourly - Humidity","mc.svm_UNDERT",20,0.377737524487109,0.468386826470942,0.418206331334573
"DS06","Bike Sharing Hourly - Humidity","mc.svm_UNDERT",21,0.405160392987566,0.483747303005303,0.440979976381881
"DS06","Bike Sharing Hourly - Humidity","mc.svm_UNDERT",22,0.402367337771275,0.465347220235982,0.431571696977451
"DS06","Bike Sharing Hourly - Humidity","mc.svm_UNDERT",23,0.420903415453649,0.485465240359011,0.450884916288122
"DS06","Bike Sharing Hourly - Humidity","mc.svm_UNDERT",24,0.401282383488822,0.483028922392845,0.43837729085367
"DS06","Bike Sharing Hourly - Humidity","mc.svm_UNDERT",25,0.385927628105099,0.478063311646505,0.427082811773112
"DS06","Bike Sharing Hourly - Humidity","mc.svm_UNDERT",26,0.402368138874174,0.500310131645024,0.446025706177935
"DS06","Bike Sharing Hourly - Humidity","mc.svm_UNDERT",27,0.388731292428471,0.488882177651104,0.433092260414661
"DS06","Bike Sharing Hourly - Humidity","mc.svm_UNDERT",28,0.377533217704445,0.499527161687893,0.430045869392618
"DS06","Bike Sharing Hourly - Humidity","mc.svm_UNDERT",29,0.401359797679478,0.49499086770222,0.443285071762739
"DS06","Bike Sharing Hourly - Humidity","mc.svm_UNDERT",30,0.421410332814461,0.500934949651817,0.457744334717483
"DS06","Bike Sharing Hourly - Humidity","mc.svm_UNDERT",31,0.407130768652396,0.485143903084316,0.44272692350506
"DS06","Bike Sharing Hourly - Humidity","mc.svm_UNDERT",32,0.388114032323483,0.491502360554064,0.433732169149567
"DS06","Bike Sharing Hourly - Humidity","mc.svm_UNDERT",33,0.367585949430894,0.487136756628721,0.419000515415266
"DS06","Bike Sharing Hourly - Humidity","mc.svm_UNDERT",34,0.390154749639563,0.489039933665693,0.434036411971434
"DS06","Bike Sharing Hourly - Humidity","mc.svm_UNDERT",35,0.383028150010288,0.491645373513265,0.430592701878742
"DS06","Bike Sharing Hourly - Humidity","mc.svm_UNDERT",36,0.439729454210777,0.493910096770742,0.465247679479443
"DS06","Bike Sharing Hourly - Humidity","mc.svm_UNDERT",37,0.40640178629965,0.495313625202214,0.446474219012101
"DS06","Bike Sharing Hourly - Humidity","mc.svm_UNDERT",38,0.421471574972413,0.491691389545674,0.453881623334462
"DS06","Bike Sharing Hourly - Humidity","mc.svm_UNDERT",39,0.396257700832553,0.478565735595225,0.433539729704895
"DS06","Bike Sharing Hourly - Humidity","mc.svm_UNDERT",40,0.437714507235962,0.506588718937279,0.469639889677234
"DS06","Bike Sharing Hourly - Humidity","mc.svm_UNDERT",41,0.402229239689749,0.483349540094046,0.439074021317184
"DS06","Bike Sharing Hourly - Humidity","mc.svm_UNDERT",42,0.404406510668153,0.487725592683428,0.442175333360763
"DS06","Bike Sharing Hourly - Humidity","mc.svm_UNDERT",43,0.403369401752967,0.482935161410883,0.439580873753818
"DS06","Bike Sharing Hourly - Humidity","mc.svm_UNDERT",44,0.404206387693496,0.469404311132453,0.43437247557886
"DS06","Bike Sharing Hourly - Humidity","mc.svm_UNDERT",45,0.429211855306559,0.49208726667196,0.458504048603511
"DS06","Bike Sharing Hourly - Humidity","mc.svm_UNDERT",46,0.370179266414344,0.470814627705677,0.414475811821666
"DS06","Bike Sharing Hourly - Humidity","mc.svm_UNDERT",47,0.404879397754492,0.468102996252306,0.434201790347288
"DS06","Bike Sharing Hourly - Humidity","mc.svm_UNDERT",48,0.406759885637164,0.48099039922732,0.44077169699167
"DS06","Bike Sharing Hourly - Humidity","mc.svm_UNDERT",49,0.379788552112188,0.467961938548038,0.419289847762539
"DS06","Bike Sharing Hourly - Humidity","mc.svm_UNDERT",50,0.443998690521977,0.484939582516764,0.463566947059652
"DS06","Bike Sharing Hourly - Humidity","mc.svm_UNDERTPhi",1,0.400998095326571,0.483274686399278,0.438308704667872
"DS06","Bike Sharing Hourly - Humidity","mc.svm_UNDERTPhi",2,0.397871605117679,0.472743451086292,0.432088083825895
"DS06","Bike Sharing Hourly - Humidity","mc.svm_UNDERTPhi",3,0.408260965463231,0.494839997217059,0.447400375732249
"DS06","Bike Sharing Hourly - Humidity","mc.svm_UNDERTPhi",4,0.403190994947221,0.488930865089089,0.441940794831889
"DS06","Bike Sharing Hourly - Humidity","mc.svm_UNDERTPhi",5,0.402216475498481,0.498709185673188,0.445295454675623
"DS06","Bike Sharing Hourly - Humidity","mc.svm_UNDERTPhi",6,0.399198980210843,0.499293998774075,0.443671035384574
"DS06","Bike Sharing Hourly - Humidity","mc.svm_UNDERTPhi",7,0.391252546453484,0.502470510320606,0.439941355861007
"DS06","Bike Sharing Hourly - Humidity","mc.svm_UNDERTPhi",8,0.393995889903639,0.494904373144712,0.438722536194698
"DS06","Bike Sharing Hourly - Humidity","mc.svm_UNDERTPhi",9,0.405947265894693,0.503648567539687,0.449550781675308
"DS06","Bike Sharing Hourly - Humidity","mc.svm_UNDERTPhi",10,0.399309854694827,0.510621947342597,0.448157488595999
"DS06","Bike Sharing Hourly - Humidity","mc.svm_UNDERTPhi",11,0.399916464047254,0.508683107893914,0.44778966689338
"DS06","Bike Sharing Hourly - Humidity","mc.svm_UNDERTPhi",12,0.399361620066174,0.496999193301366,0.442862740201094
"DS06","Bike Sharing Hourly - Humidity","mc.svm_UNDERTPhi",13,0.402919839443592,0.521131603857021,0.454464442812939
"DS06","Bike Sharing Hourly - Humidity","mc.svm_UNDERTPhi",14,0.396780901173883,0.496998287033047,0.441271022670517
"DS06","Bike Sharing Hourly - Humidity","mc.svm_UNDERTPhi",15,0.415642436673068,0.492886542089127,0.450980801154853
"DS06","Bike Sharing Hourly - Humidity","mc.svm_UNDERTPhi",16,0.403482793781143,0.516381776632488,0.453003993402329
"DS06","Bike Sharing Hourly - Humidity","mc.svm_UNDERTPhi",17,0.385181860569586,0.494637647503997,0.433101215931253
"DS06","Bike Sharing Hourly - Humidity","mc.svm_UNDERTPhi",18,0.403121456032697,0.512562535731642,0.451301884864944
"DS06","Bike Sharing Hourly - Humidity","mc.svm_UNDERTPhi",19,0.405937092097514,0.511277368396289,0.452558168501447
"DS06","Bike Sharing Hourly - Humidity","mc.svm_UNDERTPhi",20,0.409163392932026,0.507501476550092,0.453057672386995
"DS06","Bike Sharing Hourly - Humidity","mc.svm_UNDERTPhi",21,0.399592856740665,0.524452079404866,0.453586825565303
"DS06","Bike Sharing Hourly - Humidity","mc.svm_UNDERTPhi",22,0.407139528271787,0.52221580246953,0.457553076720228
"DS06","Bike Sharing Hourly - Humidity","mc.svm_UNDERTPhi",23,0.410096353197903,0.529650241789579,0.462268517463875
"DS06","Bike Sharing Hourly - Humidity","mc.svm_UNDERTPhi",24,0.430612810455594,0.531947038117209,0.47594590494672
"DS06","Bike Sharing Hourly - Humidity","mc.svm_UNDERTPhi",25,0.406243665402538,0.514184607229676,0.453884883255893
"DS06","Bike Sharing Hourly - Humidity","mc.svm_UNDERTPhi",26,0.413316337991071,0.534648659275067,0.466217690738991
"DS06","Bike Sharing Hourly - Humidity","mc.svm_UNDERTPhi",27,0.417125307800795,0.530276536508009,0.466943915803368
"DS06","Bike Sharing Hourly - Humidity","mc.svm_UNDERTPhi",28,0.416757585677024,0.544110128699354,0.471994261408462
"DS06","Bike Sharing Hourly - Humidity","mc.svm_UNDERTPhi",29,0.414458155550688,0.538152686996644,0.468274682788305
"DS06","Bike Sharing Hourly - Humidity","mc.svm_UNDERTPhi",30,0.41263207168998,0.534556553910972,0.465747101081994
"DS06","Bike Sharing Hourly - Humidity","mc.svm_UNDERTPhi",31,0.407286027616393,0.539283926266364,0.46408151280408
"DS06","Bike Sharing Hourly - Humidity","mc.svm_UNDERTPhi",32,0.400840769054278,0.528076515645751,0.455744768963582
"DS06","Bike Sharing Hourly - Humidity","mc.svm_UNDERTPhi",33,0.403289127273656,0.539601646718359,0.461592123251208
"DS06","Bike Sharing Hourly - Humidity","mc.svm_UNDERTPhi",34,0.416679197580754,0.529864542366911,0.46650465904966
"DS06","Bike Sharing Hourly - Humidity","mc.svm_UNDERTPhi",35,0.415524699839373,0.525895873187659,0.464240385464345
"DS06","Bike Sharing Hourly - Humidity","mc.svm_UNDERTPhi",36,0.406203549161208,0.54546135226394,0.465643603936803
"DS06","Bike Sharing Hourly - Humidity","mc.svm_UNDERTPhi",37,0.418288364181813,0.531259775186348,0.468053747051019
"DS06","Bike Sharing Hourly - Humidity","mc.svm_UNDERTPhi",38,0.401121286641751,0.528974219853763,0.456260283349904
"DS06","Bike Sharing Hourly - Humidity","mc.svm_UNDERTPhi",39,0.401374036457056,0.531306382497896,0.45728972755217
"DS06","Bike Sharing Hourly - Humidity","mc.svm_UNDERTPhi",40,0.411063214815443,0.54103220014593,0.467176780847497
"DS06","Bike Sharing Hourly - Humidity","mc.svm_UNDERTPhi",41,0.422925090114099,0.538942194954196,0.473936851591974
"DS06","Bike Sharing Hourly - Humidity","mc.svm_UNDERTPhi",42,0.420992574042246,0.535098363894348,0.471236424576624
"DS06","Bike Sharing Hourly - Humidity","mc.svm_UNDERTPhi",43,0.413375602957578,0.539015586434498,0.467908345914286
"DS06","Bike Sharing Hourly - Humidity","mc.svm_UNDERTPhi",44,0.431119113326493,0.522301489377692,0.472350092605418
"DS06","Bike Sharing Hourly - Humidity","mc.svm_UNDERTPhi",45,0.424140233391422,0.515108691718818,0.465219208426406
"DS06","Bike Sharing Hourly - Humidity","mc.svm_UNDERTPhi",46,0.411189556608152,0.537949102419439,0.466104822088323
"DS06","Bike Sharing Hourly - Humidity","mc.svm_UNDERTPhi",47,0.41614985735459,0.518737644582539,0.461815130377039
"DS06","Bike Sharing Hourly - Humidity","mc.svm_UNDERTPhi",48,0.409916055607633,0.527532644477225,0.461345993244843
"DS06","Bike Sharing Hourly - Humidity","mc.svm_UNDERTPhi",49,0.41556960504385,0.525250960002994,0.464016927577426
"DS06","Bike Sharing Hourly - Humidity","mc.svm_UNDERTPhi",50,0.40705523553091,0.530473059617826,0.460640681124786
"DS06","Bike Sharing Hourly - Humidity","mc.svm_OVERB",1,0.371468550275275,0.506051816080059,0.428439821321047
"DS06","Bike Sharing Hourly - Humidity","mc.svm_OVERB",2,0.373288825159134,0.48340611466709,0.42127037812415
"DS06","Bike Sharing Hourly - Humidity","mc.svm_OVERB",3,0.368071687369299,0.522510466007398,0.431900208559679
"DS06","Bike Sharing Hourly - Humidity","mc.svm_OVERB",4,0.361595078374053,0.522549435127718,0.427421764347002
"DS06","Bike Sharing Hourly - Humidity","mc.svm_OVERB",5,0.36419800583533,0.529778048179665,0.431653863245717
"DS06","Bike Sharing Hourly - Humidity","mc.svm_OVERB",6,0.361242617349662,0.525714668389566,0.428229286441628
"DS06","Bike Sharing Hourly - Humidity","mc.svm_OVERB",7,0.365390845395518,0.530533337294708,0.4327420296716
"DS06","Bike Sharing Hourly - Humidity","mc.svm_OVERB",8,0.367095486409736,0.534969713894396,0.435411913175077
"DS06","Bike Sharing Hourly - Humidity","mc.svm_OVERB",9,0.36522158809282,0.533776565540362,0.433697720435867
"DS06","Bike Sharing Hourly - Humidity","mc.svm_OVERB",10,0.366979377835516,0.525977982913917,0.432323157654315
"DS06","Bike Sharing Hourly - Humidity","mc.svm_OVERB",11,0.36563824680028,0.540691334316908,0.436259470414828
"DS06","Bike Sharing Hourly - Humidity","mc.svm_OVERB",12,0.364694771553362,0.539926207168797,0.435338709604644
"DS06","Bike Sharing Hourly - Humidity","mc.svm_OVERB",13,0.366403134625945,0.531914661701231,0.433911473640332
"DS06","Bike Sharing Hourly - Humidity","mc.svm_OVERB",14,0.389238440507171,0.537050957668634,0.45135111693494
"DS06","Bike Sharing Hourly - Humidity","mc.svm_OVERB",15,0.397066747623173,0.520571962642983,0.450508056815756
"DS06","Bike Sharing Hourly - Humidity","mc.svm_OVERB",16,0.371054060082997,0.543274418463545,0.440944766437932
"DS06","Bike Sharing Hourly - Humidity","mc.svm_OVERB",17,0.369598527953702,0.543847853218723,0.440103261939528
"DS06","Bike Sharing Hourly - Humidity","mc.svm_OVERB",18,0.379884296833092,0.560139133940898,0.452729270483463
"DS06","Bike Sharing Hourly - Humidity","mc.svm_OVERB",19,0.374021041556075,0.545651071200181,0.443821181801061
"DS06","Bike Sharing Hourly - Humidity","mc.svm_OVERB",20,0.379317294270367,0.558249541045613,0.45170903547528
"DS06","Bike Sharing Hourly - Humidity","mc.svm_OVERB",21,0.38406089703415,0.55720680186624,0.454708781377028
"DS06","Bike Sharing Hourly - Humidity","mc.svm_OVERB",22,0.389836215923188,0.557720977576525,0.458905988854127
"DS06","Bike Sharing Hourly - Humidity","mc.svm_OVERB",23,0.389345043929326,0.554149190035222,0.457353596812275
"DS06","Bike Sharing Hourly - Humidity","mc.svm_OVERB",24,0.389321885907208,0.557138130434548,0.458352310518043
"DS06","Bike Sharing Hourly - Humidity","mc.svm_OVERB",25,0.386330349253294,0.561005753251329,0.457564211927911
"DS06","Bike Sharing Hourly - Humidity","mc.svm_OVERB",26,0.38723626336506,0.557344646417325,0.456973152961322
"DS06","Bike Sharing Hourly - Humidity","mc.svm_OVERB",27,0.386814965711203,0.57435787179674,0.462289843855849
"DS06","Bike Sharing Hourly - Humidity","mc.svm_OVERB",28,0.388075630433659,0.574603231310437,0.463268739143234
"DS06","Bike Sharing Hourly - Humidity","mc.svm_OVERB",29,0.389855967351123,0.574180885970197,0.464396861931638
"DS06","Bike Sharing Hourly - Humidity","mc.svm_OVERB",30,0.391428675482845,0.577334032991997,0.466543754973812
"DS06","Bike Sharing Hourly - Humidity","mc.svm_OVERB",31,0.386135632881237,0.576039441705845,0.46234694758248
"DS06","Bike Sharing Hourly - Humidity","mc.svm_OVERB",32,0.387236915547409,0.58105182223113,0.464747149554157
"DS06","Bike Sharing Hourly - Humidity","mc.svm_OVERB",33,0.388046843558726,0.58543850942425,0.466730321075059
"DS06","Bike Sharing Hourly - Humidity","mc.svm_OVERB",34,0.388568231342242,0.581635232497045,0.465891912369317
"DS06","Bike Sharing Hourly - Humidity","mc.svm_OVERB",35,0.395641415817573,0.584118168003151,0.471751116926702
"DS06","Bike Sharing Hourly - Humidity","mc.svm_OVERB",36,0.393555716713907,0.577372690435943,0.468064012387032
"DS06","Bike Sharing Hourly - Humidity","mc.svm_OVERB",37,0.389687312165112,0.590265807902102,0.469449183709037
"DS06","Bike Sharing Hourly - Humidity","mc.svm_OVERB",38,0.388324366281591,0.587098632701531,0.467458127861009
"DS06","Bike Sharing Hourly - Humidity","mc.svm_OVERB",39,0.387674745163599,0.588981959528899,0.467581761266287
"DS06","Bike Sharing Hourly - Humidity","mc.svm_OVERB",40,0.386503722532106,0.58612936784098,0.465830712111658
"DS06","Bike Sharing Hourly - Humidity","mc.svm_OVERB",41,0.38576921502684,0.583799347726364,0.464560887712913
"DS06","Bike Sharing Hourly - Humidity","mc.svm_OVERB",42,0.393958775468245,0.581443799975942,0.469682761167228
"DS06","Bike Sharing Hourly - Humidity","mc.svm_OVERB",43,0.392045049338226,0.58039914155902,0.46798081004201
"DS06","Bike Sharing Hourly - Humidity","mc.svm_OVERB",44,0.397202295258908,0.57213421730408,0.468883656736437
"DS06","Bike Sharing Hourly - Humidity","mc.svm_OVERB",45,0.39778327766603,0.577064424876873,0.470938337861821
"DS06","Bike Sharing Hourly - Humidity","mc.svm_OVERB",46,0.395509599162111,0.566854274123839,0.465928351978842
"DS06","Bike Sharing Hourly - Humidity","mc.svm_OVERB",47,0.392401586959995,0.570781622317679,0.465073751800606
"DS06","Bike Sharing Hourly - Humidity","mc.svm_OVERB",48,0.397940492718791,0.569766796122075,0.468598887697147
"DS06","Bike Sharing Hourly - Humidity","mc.svm_OVERB",49,0.394904315027135,0.569942161738407,0.466545972662722
"DS06","Bike Sharing Hourly - Humidity","mc.svm_OVERB",50,0.395137103835067,0.560708114827337,0.463582547182142
"DS06","Bike Sharing Hourly - Humidity","mc.svm_OVERT",1,0.362003741745831,0.476330929787154,0.411371698553054
"DS06","Bike Sharing Hourly - Humidity","mc.svm_OVERT",2,0.368939927044709,0.478378761204161,0.416591838952956
"DS06","Bike Sharing Hourly - Humidity","mc.svm_OVERT",3,0.356247162877346,0.502478298892889,0.416911984929411
"DS06","Bike Sharing Hourly - Humidity","mc.svm_OVERT",4,0.3559108145072,0.499728568888346,0.415733089049147
"DS06","Bike Sharing Hourly - Humidity","mc.svm_OVERT",5,0.361968559352477,0.511033912000281,0.423774765769838
"DS06","Bike Sharing Hourly - Humidity","mc.svm_OVERT",6,0.360072659119271,0.509302637337477,0.421879838707118
"DS06","Bike Sharing Hourly - Humidity","mc.svm_OVERT",7,0.353784332826917,0.498480697425709,0.413849341943729
"DS06","Bike Sharing Hourly - Humidity","mc.svm_OVERT",8,0.362525621117681,0.515570128946354,0.425710706861683
"DS06","Bike Sharing Hourly - Humidity","mc.svm_OVERT",9,0.354067673297864,0.50255498590093,0.415441904673898
"DS06","Bike Sharing Hourly - Humidity","mc.svm_OVERT",10,0.357292434460407,0.513648562588289,0.421435541572048
"DS06","Bike Sharing Hourly - Humidity","mc.svm_OVERT",11,0.361247844830042,0.515394109874369,0.424768653681404
"DS06","Bike Sharing Hourly - Humidity","mc.svm_OVERT",12,0.363213121005486,0.522072760985665,0.428389700472937
"DS06","Bike Sharing Hourly - Humidity","mc.svm_OVERT",13,0.358302042297488,0.511396867377179,0.421374661891492
"DS06","Bike Sharing Hourly - Humidity","mc.svm_OVERT",14,0.380115647725618,0.514747523514625,0.437303924453026
"DS06","Bike Sharing Hourly - Humidity","mc.svm_OVERT",15,0.385037109313424,0.506059820606182,0.437330225082144
"DS06","Bike Sharing Hourly - Humidity","mc.svm_OVERT",16,0.362701979681188,0.528834702756481,0.430289403436406
"DS06","Bike Sharing Hourly - Humidity","mc.svm_OVERT",17,0.363673289647443,0.53148495761325,0.431849638932171
"DS06","Bike Sharing Hourly - Humidity","mc.svm_OVERT",18,0.363478293162937,0.536442016885216,0.433338433417262
"DS06","Bike Sharing Hourly - Humidity","mc.svm_OVERT",19,0.365418915043492,0.533989407455063,0.433907103227321
"DS06","Bike Sharing Hourly - Humidity","mc.svm_OVERT",20,0.370412566156011,0.541824552301031,0.440014155888808
"DS06","Bike Sharing Hourly - Humidity","mc.svm_OVERT",21,0.37951563211514,0.550056478514533,0.449142201568557
"DS06","Bike Sharing Hourly - Humidity","mc.svm_OVERT",22,0.375509303524243,0.550848025543519,0.446584815446352
"DS06","Bike Sharing Hourly - Humidity","mc.svm_OVERT",23,0.377245871722147,0.551829073300023,0.448134439345416
"DS06","Bike Sharing Hourly - Humidity","mc.svm_OVERT",24,0.375861934584355,0.547667371944585,0.445784051404915
"DS06","Bike Sharing Hourly - Humidity","mc.svm_OVERT",25,0.373347319840971,0.538122240300578,0.4408408244195
"DS06","Bike Sharing Hourly - Humidity","mc.svm_OVERT",26,0.383489060804251,0.545587344833815,0.450397356314981
"DS06","Bike Sharing Hourly - Humidity","mc.svm_OVERT",27,0.374901033302046,0.543253669998631,0.443642801143325
"DS06","Bike Sharing Hourly - Humidity","mc.svm_OVERT",28,0.374782990914356,0.528762235666709,0.43865229174104
"DS06","Bike Sharing Hourly - Humidity","mc.svm_OVERT",29,0.380353978953228,0.543728260163505,0.447599138838941
"DS06","Bike Sharing Hourly - Humidity","mc.svm_OVERT",30,0.379262280451219,0.540222154832381,0.445653843675574
"DS06","Bike Sharing Hourly - Humidity","mc.svm_OVERT",31,0.37932546282468,0.538990857183963,0.445277845781187
"DS06","Bike Sharing Hourly - Humidity","mc.svm_OVERT",32,0.377883840127977,0.547312207739451,0.447084570424236
"DS06","Bike Sharing Hourly - Humidity","mc.svm_OVERT",33,0.385913335884947,0.544608776271478,0.451728737785898
"DS06","Bike Sharing Hourly - Humidity","mc.svm_OVERT",34,0.379221649840921,0.558573029542928,0.451747041173411
"DS06","Bike Sharing Hourly - Humidity","mc.svm_OVERT",35,0.377974591312276,0.545592946228285,0.446573233664441
"DS06","Bike Sharing Hourly - Humidity","mc.svm_OVERT",36,0.384529581390845,0.538255840941164,0.448588129351301
"DS06","Bike Sharing Hourly - Humidity","mc.svm_OVERT",37,0.38353597342025,0.549573956220762,0.451782529731818
"DS06","Bike Sharing Hourly - Humidity","mc.svm_OVERT",38,0.387091903767155,0.55074849817967,0.454640862591795
"DS06","Bike Sharing Hourly - Humidity","mc.svm_OVERT",39,0.387069284695759,0.558408573327857,0.457213894988103
"DS06","Bike Sharing Hourly - Humidity","mc.svm_OVERT",40,0.380486517481179,0.549164530982923,0.449522861858948
"DS06","Bike Sharing Hourly - Humidity","mc.svm_OVERT",41,0.391768947487034,0.572249528608646,0.465114727740363
"DS06","Bike Sharing Hourly - Humidity","mc.svm_OVERT",42,0.391320732553939,0.562817880548446,0.461656833265671
"DS06","Bike Sharing Hourly - Humidity","mc.svm_OVERT",43,0.392984064407575,0.561339132299255,0.462311582665533
"DS06","Bike Sharing Hourly - Humidity","mc.svm_OVERT",44,0.404457252572564,0.552787039500069,0.46712992515176
"DS06","Bike Sharing Hourly - Humidity","mc.svm_OVERT",45,0.400976526286515,0.559073092668073,0.467007500888153
"DS06","Bike Sharing Hourly - Humidity","mc.svm_OVERT",46,0.399410316126408,0.568974036219961,0.46934690574812
"DS06","Bike Sharing Hourly - Humidity","mc.svm_OVERT",47,0.407483600984809,0.564842275393241,0.473429680228321
"DS06","Bike Sharing Hourly - Humidity","mc.svm_OVERT",48,0.393353046088529,0.559341239208276,0.461887057875996
"DS06","Bike Sharing Hourly - Humidity","mc.svm_OVERT",49,0.389888817444599,0.555647546293413,0.458238885459425
"DS06","Bike Sharing Hourly - Humidity","mc.svm_OVERT",50,0.3960071733293,0.552503718679389,0.461345120507371
"DS06","Bike Sharing Hourly - Humidity","mc.svm_OVERTPhi",1,0.369330184641512,0.491844721872896,0.421872724275044
"DS06","Bike Sharing Hourly - Humidity","mc.svm_OVERTPhi",2,0.369859637945911,0.472966954137713,0.41510647162969
"DS06","Bike Sharing Hourly - Humidity","mc.svm_OVERTPhi",3,0.354116582067241,0.504543614620216,0.416153586721326
"DS06","Bike Sharing Hourly - Humidity","mc.svm_OVERTPhi",4,0.357049755287895,0.498791315052712,0.416183151641509
"DS06","Bike Sharing Hourly - Humidity","mc.svm_OVERTPhi",5,0.358314873093523,0.503128148176919,0.418549559547004
"DS06","Bike Sharing Hourly - Humidity","mc.svm_OVERTPhi",6,0.350890832598706,0.497814236807611,0.411635227194065
"DS06","Bike Sharing Hourly - Humidity","mc.svm_OVERTPhi",7,0.354616859499594,0.503966667585244,0.416302133255105
"DS06","Bike Sharing Hourly - Humidity","mc.svm_OVERTPhi",8,0.357246489518287,0.512241398060834,0.420929247795922
"DS06","Bike Sharing Hourly - Humidity","mc.svm_OVERTPhi",9,0.35902237233798,0.507975463397253,0.42070360141951
"DS06","Bike Sharing Hourly - Humidity","mc.svm_OVERTPhi",10,0.357889228860529,0.51001630774398,0.420620298837805
"DS06","Bike Sharing Hourly - Humidity","mc.svm_OVERTPhi",11,0.357672900407052,0.512603882925436,0.421347601308609
"DS06","Bike Sharing Hourly - Humidity","mc.svm_OVERTPhi",12,0.362331229741706,0.521024828981175,0.427423495082258
"DS06","Bike Sharing Hourly - Humidity","mc.svm_OVERTPhi",13,0.360712954430536,0.515784234870294,0.424530865540292
"DS06","Bike Sharing Hourly - Humidity","mc.svm_OVERTPhi",14,0.37746277613673,0.512947430228157,0.434897443093274
"DS06","Bike Sharing Hourly - Humidity","mc.svm_OVERTPhi",15,0.382992329789656,0.503905617303472,0.435206749542485
"DS06","Bike Sharing Hourly - Humidity","mc.svm_OVERTPhi",16,0.364745593243753,0.530310872503538,0.432215309753492
"DS06","Bike Sharing Hourly - Humidity","mc.svm_OVERTPhi",17,0.360874688704687,0.531228791855562,0.429786519320492
"DS06","Bike Sharing Hourly - Humidity","mc.svm_OVERTPhi",18,0.364044987297342,0.534722239163061,0.433177679454023
"DS06","Bike Sharing Hourly - Humidity","mc.svm_OVERTPhi",19,0.366165824511159,0.538087712379372,0.435783378940919
"DS06","Bike Sharing Hourly - Humidity","mc.svm_OVERTPhi",20,0.37316454033352,0.545833649468089,0.443277832671898
"DS06","Bike Sharing Hourly - Humidity","mc.svm_OVERTPhi",21,0.373634656384063,0.550707320433933,0.445210421248749
"DS06","Bike Sharing Hourly - Humidity","mc.svm_OVERTPhi",22,0.378763689482667,0.552743758804252,0.449506369075709
"DS06","Bike Sharing Hourly - Humidity","mc.svm_OVERTPhi",23,0.375253529321938,0.548831852487864,0.445740390886862
"DS06","Bike Sharing Hourly - Humidity","mc.svm_OVERTPhi",24,0.373996208252943,0.550678359703346,0.445457516910397
"DS06","Bike Sharing Hourly - Humidity","mc.svm_OVERTPhi",25,0.374875947223642,0.536534225248755,0.441368292746637
"DS06","Bike Sharing Hourly - Humidity","mc.svm_OVERTPhi",26,0.384855557596669,0.549570238099679,0.452695465806933
"DS06","Bike Sharing Hourly - Humidity","mc.svm_OVERTPhi",27,0.374592905362724,0.5315377062792,0.439473628077022
"DS06","Bike Sharing Hourly - Humidity","mc.svm_OVERTPhi",28,0.379451336816937,0.540231287299381,0.445787446192217
"DS06","Bike Sharing Hourly - Humidity","mc.svm_OVERTPhi",29,0.382924410136027,0.542711923130486,0.449026546538325
"DS06","Bike Sharing Hourly - Humidity","mc.svm_OVERTPhi",30,0.383596953503449,0.542194494048144,0.449311033652903
"DS06","Bike Sharing Hourly - Humidity","mc.svm_OVERTPhi",31,0.380567140205611,0.544298182262313,0.447939819151053
"DS06","Bike Sharing Hourly - Humidity","mc.svm_OVERTPhi",32,0.377497898711051,0.54641534453218,0.446515180711767
"DS06","Bike Sharing Hourly - Humidity","mc.svm_OVERTPhi",33,0.381973598043383,0.54623775764333,0.449570887914443
"DS06","Bike Sharing Hourly - Humidity","mc.svm_OVERTPhi",34,0.389137181332733,0.560941176551357,0.459505400844617
"DS06","Bike Sharing Hourly - Humidity","mc.svm_OVERTPhi",35,0.3777135264152,0.548074373266038,0.447219291449789
"DS06","Bike Sharing Hourly - Humidity","mc.svm_OVERTPhi",36,0.384143428666636,0.54899283179805,0.452006845421028
"DS06","Bike Sharing Hourly - Humidity","mc.svm_OVERTPhi",37,0.382664480687868,0.55015242797545,0.451372163594388
"DS06","Bike Sharing Hourly - Humidity","mc.svm_OVERTPhi",38,0.383957556326978,0.555478412083692,0.454059969743058
"DS06","Bike Sharing Hourly - Humidity","mc.svm_OVERTPhi",39,0.391708698389997,0.561268739179121,0.461404097523353
"DS06","Bike Sharing Hourly - Humidity","mc.svm_OVERTPhi",40,0.385562214911166,0.551153843432402,0.453721476722366
"DS06","Bike Sharing Hourly - Humidity","mc.svm_OVERTPhi",41,0.388853355351573,0.560028985694547,0.45900137616931
"DS06","Bike Sharing Hourly - Humidity","mc.svm_OVERTPhi",42,0.381090080730822,0.566122833971635,0.455533899829866
"DS06","Bike Sharing Hourly - Humidity","mc.svm_OVERTPhi",43,0.393199397328651,0.561124078678589,0.462387555393936
"DS06","Bike Sharing Hourly - Humidity","mc.svm_OVERTPhi",44,0.399962649983219,0.555227495777112,0.46497602920263
"DS06","Bike Sharing Hourly - Humidity","mc.svm_OVERTPhi",45,0.398837426034696,0.553963460918239,0.463772366074248
"DS06","Bike Sharing Hourly - Humidity","mc.svm_OVERTPhi",46,0.402228061543266,0.563423345989237,0.469371614886491
"DS06","Bike Sharing Hourly - Humidity","mc.svm_OVERTPhi",47,0.399325903461846,0.566657301153662,0.468498701955185
"DS06","Bike Sharing Hourly - Humidity","mc.svm_OVERTPhi",48,0.390834543030602,0.555143617671995,0.45871947396342
"DS06","Bike Sharing Hourly - Humidity","mc.svm_OVERTPhi",49,0.390862124580717,0.553258686084705,0.458093631753316
"DS06","Bike Sharing Hourly - Humidity","mc.svm_OVERTPhi",50,0.401257873157361,0.558607518737999,0.467035621434209
"DS06","Bike Sharing Hourly - Humidity","mc.svm_SMOTEB",1,0.384750940841889,0.50099567182907,0.435245370033508
"DS06","Bike Sharing Hourly - Humidity","mc.svm_SMOTEB",2,0.385831667914062,0.479417583209946,0.427563469178227
"DS06","Bike Sharing Hourly - Humidity","mc.svm_SMOTEB",3,0.382770961889145,0.528180800462524,0.443870425196831
"DS06","Bike Sharing Hourly - Humidity","mc.svm_SMOTEB",4,0.382415962883345,0.522553454218535,0.441634332777684
"DS06","Bike Sharing Hourly - Humidity","mc.svm_SMOTEB",5,0.378258071807702,0.532307301649204,0.442251680989312
"DS06","Bike Sharing Hourly - Humidity","mc.svm_SMOTEB",6,0.381196963567696,0.532573022712528,0.444346437690561
"DS06","Bike Sharing Hourly - Humidity","mc.svm_SMOTEB",7,0.375303206051901,0.53419098698422,0.440868323501753
"DS06","Bike Sharing Hourly - Humidity","mc.svm_SMOTEB",8,0.378181872901095,0.534688015486343,0.443018918000664
"DS06","Bike Sharing Hourly - Humidity","mc.svm_SMOTEB",9,0.382997172206898,0.533897547756817,0.44602994561284
"DS06","Bike Sharing Hourly - Humidity","mc.svm_SMOTEB",10,0.381172334116224,0.53450162764591,0.444999511849475
"DS06","Bike Sharing Hourly - Humidity","mc.svm_SMOTEB",11,0.38725105742947,0.545410656461412,0.45292060412098
"DS06","Bike Sharing Hourly - Humidity","mc.svm_SMOTEB",12,0.378791670652537,0.543812255999785,0.446543846217794
"DS06","Bike Sharing Hourly - Humidity","mc.svm_SMOTEB",13,0.387475108495277,0.545992455474564,0.45327442342591
"DS06","Bike Sharing Hourly - Humidity","mc.svm_SMOTEB",14,0.395760284217858,0.529417177596075,0.452934277634569
"DS06","Bike Sharing Hourly - Humidity","mc.svm_SMOTEB",15,0.402530549363581,0.51853409276606,0.453227284335359
"DS06","Bike Sharing Hourly - Humidity","mc.svm_SMOTEB",16,0.38797279053621,0.543953231633214,0.452909454565184
"DS06","Bike Sharing Hourly - Humidity","mc.svm_SMOTEB",17,0.386858180315151,0.547579005277956,0.453396805749236
"DS06","Bike Sharing Hourly - Humidity","mc.svm_SMOTEB",18,0.389801454122197,0.551465207079668,0.456750352430366
"DS06","Bike Sharing Hourly - Humidity","mc.svm_SMOTEB",19,0.390164773301556,0.552864615140018,0.457479480229203
"DS06","Bike Sharing Hourly - Humidity","mc.svm_SMOTEB",20,0.399998709868637,0.558528567494805,0.466154092217847
"DS06","Bike Sharing Hourly - Humidity","mc.svm_SMOTEB",21,0.398339810541778,0.5519528548413,0.462730701045338
"DS06","Bike Sharing Hourly - Humidity","mc.svm_SMOTEB",22,0.399126534261831,0.554283840941849,0.464080094335441
"DS06","Bike Sharing Hourly - Humidity","mc.svm_SMOTEB",23,0.39839450756385,0.554441174130862,0.463639896751389
"DS06","Bike Sharing Hourly - Humidity","mc.svm_SMOTEB",24,0.400824377995567,0.564908218306727,0.468926877055522
"DS06","Bike Sharing Hourly - Humidity","mc.svm_SMOTEB",25,0.406662466904903,0.55593596008864,0.469725033058481
"DS06","Bike Sharing Hourly - Humidity","mc.svm_SMOTEB",26,0.404304491202976,0.557178774149153,0.468588250902047
"DS06","Bike Sharing Hourly - Humidity","mc.svm_SMOTEB",27,0.398261997005609,0.563715801851589,0.466760420574652
"DS06","Bike Sharing Hourly - Humidity","mc.svm_SMOTEB",28,0.406749028924253,0.564513767457517,0.472818330081414
"DS06","Bike Sharing Hourly - Humidity","mc.svm_SMOTEB",29,0.407833970745329,0.569171554413077,0.475181540112458
"DS06","Bike Sharing Hourly - Humidity","mc.svm_SMOTEB",30,0.405669185136422,0.5726004945897,0.474892314180578
"DS06","Bike Sharing Hourly - Humidity","mc.svm_SMOTEB",31,0.403833182889354,0.573883187484012,0.474070152103223
"DS06","Bike Sharing Hourly - Humidity","mc.svm_SMOTEB",32,0.409371606701919,0.577320962407878,0.479052579015242
"DS06","Bike Sharing Hourly - Humidity","mc.svm_SMOTEB",33,0.406798430203059,0.576892073107321,0.477139484313186
"DS06","Bike Sharing Hourly - Humidity","mc.svm_SMOTEB",34,0.417840538491513,0.57975198688192,0.485656971616915
"DS06","Bike Sharing Hourly - Humidity","mc.svm_SMOTEB",35,0.41048157067801,0.570011329549596,0.477268414291351
"DS06","Bike Sharing Hourly - Humidity","mc.svm_SMOTEB",36,0.408518950486689,0.570696603802209,0.476177847891523
"DS06","Bike Sharing Hourly - Humidity","mc.svm_SMOTEB",37,0.413285557375609,0.58317528067677,0.483747904018496
"DS06","Bike Sharing Hourly - Humidity","mc.svm_SMOTEB",38,0.418497643906676,0.584321930394536,0.487699597055659
"DS06","Bike Sharing Hourly - Humidity","mc.svm_SMOTEB",39,0.411154819336485,0.581987920246223,0.481878643759495
"DS06","Bike Sharing Hourly - Humidity","mc.svm_SMOTEB",40,0.407882453514069,0.57729658846273,0.478023057484054
"DS06","Bike Sharing Hourly - Humidity","mc.svm_SMOTEB",41,0.412939037199562,0.581845912458638,0.483052927110979
"DS06","Bike Sharing Hourly - Humidity","mc.svm_SMOTEB",42,0.41014533987217,0.581583353524275,0.48104628571003
"DS06","Bike Sharing Hourly - Humidity","mc.svm_SMOTEB",43,0.412283639240951,0.575188959192629,0.480298891783584
"DS06","Bike Sharing Hourly - Humidity","mc.svm_SMOTEB",44,0.415780844600671,0.574580781526028,0.482449392892052
"DS06","Bike Sharing Hourly - Humidity","mc.svm_SMOTEB",45,0.411629997692411,0.568816147183867,0.477622948647011
"DS06","Bike Sharing Hourly - Humidity","mc.svm_SMOTEB",46,0.407732656455737,0.578600296455338,0.478366326915332
"DS06","Bike Sharing Hourly - Humidity","mc.svm_SMOTEB",47,0.421176481419822,0.568582148758817,0.483902683968794
"DS06","Bike Sharing Hourly - Humidity","mc.svm_SMOTEB",48,0.412152811460337,0.571308361030121,0.478852350852003
"DS06","Bike Sharing Hourly - Humidity","mc.svm_SMOTEB",49,0.414767631692427,0.572031340626557,0.480868122203164
"DS06","Bike Sharing Hourly - Humidity","mc.svm_SMOTEB",50,0.416070390899854,0.564744234229461,0.479139173242468
"DS06","Bike Sharing Hourly - Humidity","mc.svm_SMOTET",1,0.367627500624154,0.493063967219484,0.421205230187454
"DS06","Bike Sharing Hourly - Humidity","mc.svm_SMOTET",2,0.380495339530525,0.493889129903762,0.429839547115356
"DS06","Bike Sharing Hourly - Humidity","mc.svm_SMOTET",3,0.365724846076703,0.511284724418641,0.426425282984685
"DS06","Bike Sharing Hourly - Humidity","mc.svm_SMOTET",4,0.361359809445157,0.512325682024984,0.423799897418202
"DS06","Bike Sharing Hourly - Humidity","mc.svm_SMOTET",5,0.360969024215991,0.506590799322287,0.421558448297823
"DS06","Bike Sharing Hourly - Humidity","mc.svm_SMOTET",6,0.372942487622113,0.509326027649077,0.430592982690195
"DS06","Bike Sharing Hourly - Humidity","mc.svm_SMOTET",7,0.371115020599852,0.506890901546968,0.428504689147242
"DS06","Bike Sharing Hourly - Humidity","mc.svm_SMOTET",8,0.376421342586766,0.522038565414383,0.437429552338132
"DS06","Bike Sharing Hourly - Humidity","mc.svm_SMOTET",9,0.368739546145472,0.511726802619487,0.428622648016171
"DS06","Bike Sharing Hourly - Humidity","mc.svm_SMOTET",10,0.358509764702959,0.502820684704855,0.418575995972871
"DS06","Bike Sharing Hourly - Humidity","mc.svm_SMOTET",11,0.364083687603765,0.518209649205003,0.427684698870857
"DS06","Bike Sharing Hourly - Humidity","mc.svm_SMOTET",12,0.354491556785988,0.507197500692562,0.417313484621903
"DS06","Bike Sharing Hourly - Humidity","mc.svm_SMOTET",13,0.372523814972602,0.510645325850371,0.430783948602293
"DS06","Bike Sharing Hourly - Humidity","mc.svm_SMOTET",14,0.368115817422824,0.511310559700685,0.428055172183458
"DS06","Bike Sharing Hourly - Humidity","mc.svm_SMOTET",15,0.383759930931218,0.511950898979998,0.438682295830258
"DS06","Bike Sharing Hourly - Humidity","mc.svm_SMOTET",16,0.360082658815235,0.505782823637001,0.420674175398452
"DS06","Bike Sharing Hourly - Humidity","mc.svm_SMOTET",17,0.370498348327742,0.541611068526743,0.440004242072627
"DS06","Bike Sharing Hourly - Humidity","mc.svm_SMOTET",18,0.372700092126913,0.539214574647648,0.440754664815659
"DS06","Bike Sharing Hourly - Humidity","mc.svm_SMOTET",19,0.383189061501225,0.560199046974969,0.455087667812459
"DS06","Bike Sharing Hourly - Humidity","mc.svm_SMOTET",20,0.371296268587534,0.537472195780681,0.43919090194586
"DS06","Bike Sharing Hourly - Humidity","mc.svm_SMOTET",21,0.388409433778736,0.526324492917775,0.446970189498391
"DS06","Bike Sharing Hourly - Humidity","mc.svm_SMOTET",22,0.399507143020322,0.53539888436918,0.457576852441203
"DS06","Bike Sharing Hourly - Humidity","mc.svm_SMOTET",23,0.39369409070316,0.529470524128681,0.45159750103493
"DS06","Bike Sharing Hourly - Humidity","mc.svm_SMOTET",24,0.394196914673505,0.526202077444623,0.450733295450712
"DS06","Bike Sharing Hourly - Humidity","mc.svm_SMOTET",25,0.404078083674956,0.558117277529635,0.46876750619068
"DS06","Bike Sharing Hourly - Humidity","mc.svm_SMOTET",26,0.390387247543032,0.52338365767753,0.447206853189131
"DS06","Bike Sharing Hourly - Humidity","mc.svm_SMOTET",27,0.39961795929224,0.547196928873591,0.461905960247525
"DS06","Bike Sharing Hourly - Humidity","mc.svm_SMOTET",28,0.396927500486702,0.538654676110065,0.457056279100093
"DS06","Bike Sharing Hourly - Humidity","mc.svm_SMOTET",29,0.397872319062759,0.583119513895888,0.4730051881977
"DS06","Bike Sharing Hourly - Humidity","mc.svm_SMOTET",30,0.39821235297189,0.544929553511507,0.460159130277303
"DS06","Bike Sharing Hourly - Humidity","mc.svm_SMOTET",31,0.390808683850065,0.539160865005284,0.453151930179925
"DS06","Bike Sharing Hourly - Humidity","mc.svm_SMOTET",32,0.392512685804755,0.585610221121803,0.47000114014198
"DS06","Bike Sharing Hourly - Humidity","mc.svm_SMOTET",33,0.384904458955333,0.54947857192084,0.452698187882156
"DS06","Bike Sharing Hourly - Humidity","mc.svm_SMOTET",34,0.380332289927833,0.548352101107848,0.44914292156564
"DS06","Bike Sharing Hourly - Humidity","mc.svm_SMOTET",35,0.399084276087786,0.577786061421966,0.472089945210147
"DS06","Bike Sharing Hourly - Humidity","mc.svm_SMOTET",36,0.409120951048971,0.570765671357009,0.476610638317168
"DS06","Bike Sharing Hourly - Humidity","mc.svm_SMOTET",37,0.396238645772883,0.598501610775193,0.476806817026591
"DS06","Bike Sharing Hourly - Humidity","mc.svm_SMOTET",38,0.39898228831027,0.604667456214034,0.480748601119548
"DS06","Bike Sharing Hourly - Humidity","mc.svm_SMOTET",39,0.39243837451518,0.583463267203356,0.469255028134568
"DS06","Bike Sharing Hourly - Humidity","mc.svm_SMOTET",40,0.392994045803949,0.56626979078163,0.463982165507133
"DS06","Bike Sharing Hourly - Humidity","mc.svm_SMOTET",41,0.399893866890555,0.561751276232659,0.467201215936676
"DS06","Bike Sharing Hourly - Humidity","mc.svm_SMOTET",42,0.396302177988336,0.576302822336044,0.469646081598239
"DS06","Bike Sharing Hourly - Humidity","mc.svm_SMOTET",43,0.401620991487441,0.588793722031164,0.477521012553687
"DS06","Bike Sharing Hourly - Humidity","mc.svm_SMOTET",44,0.401818299291144,0.576275409043919,0.47348838421525
"DS06","Bike Sharing Hourly - Humidity","mc.svm_SMOTET",45,0.413190356917042,0.566310313311774,0.477782134500085
"DS06","Bike Sharing Hourly - Humidity","mc.svm_SMOTET",46,0.402258927071215,0.570272304409733,0.471752716796494
"DS06","Bike Sharing Hourly - Humidity","mc.svm_SMOTET",47,0.409737141558493,0.576172247844288,0.47890642368272
"DS06","Bike Sharing Hourly - Humidity","mc.svm_SMOTET",48,0.413325158482777,0.563149310308181,0.476743192724325
"DS06","Bike Sharing Hourly - Humidity","mc.svm_SMOTET",49,0.413149285019608,0.557612810897015,0.474631910555482
"DS06","Bike Sharing Hourly - Humidity","mc.svm_SMOTET",50,0.388399382997393,0.529838822857165,0.448225897318813
"DS06","Bike Sharing Hourly - Humidity","mc.svm_SMOTETPhi",1,0.368031420569693,0.506909112717591,0.426448367073015
"DS06","Bike Sharing Hourly - Humidity","mc.svm_SMOTETPhi",2,0.384427050676457,0.511528749864626,0.438962476782707
"DS06","Bike Sharing Hourly - Humidity","mc.svm_SMOTETPhi",3,0.363178511196023,0.519147711887074,0.427377738893775
"DS06","Bike Sharing Hourly - Humidity","mc.svm_SMOTETPhi",4,0.366136861181432,0.52424826779319,0.431154135448442
"DS06","Bike Sharing Hourly - Humidity","mc.svm_SMOTETPhi",5,0.358297857736616,0.513323801213327,0.422024433219171
"DS06","Bike Sharing Hourly - Humidity","mc.svm_SMOTETPhi",6,0.363342521269886,0.519702870498087,0.427679376481223
"DS06","Bike Sharing Hourly - Humidity","mc.svm_SMOTETPhi",7,0.36603909553564,0.517029903519877,0.428625981552314
"DS06","Bike Sharing Hourly - Humidity","mc.svm_SMOTETPhi",8,0.37045940401596,0.530719177642574,0.436339509728397
"DS06","Bike Sharing Hourly - Humidity","mc.svm_SMOTETPhi",9,0.371251633841537,0.523305316570964,0.434355696829245
"DS06","Bike Sharing Hourly - Humidity","mc.svm_SMOTETPhi",10,0.358628474832334,0.514442070672921,0.422631541391077
"DS06","Bike Sharing Hourly - Humidity","mc.svm_SMOTETPhi",11,0.364927797617376,0.528598671909381,0.43177310520085
"DS06","Bike Sharing Hourly - Humidity","mc.svm_SMOTETPhi",12,0.35616484317803,0.510046329278044,0.419437145715311
"DS06","Bike Sharing Hourly - Humidity","mc.svm_SMOTETPhi",13,0.366084789782589,0.511336434888295,0.426687857578268
"DS06","Bike Sharing Hourly - Humidity","mc.svm_SMOTETPhi",14,0.3660200847774,0.519069874350178,0.429312291831481
"DS06","Bike Sharing Hourly - Humidity","mc.svm_SMOTETPhi",15,0.379716258944506,0.525202211436214,0.440764169245074
"DS06","Bike Sharing Hourly - Humidity","mc.svm_SMOTETPhi",16,0.365681264867427,0.520956888688462,0.4297224820136
"DS06","Bike Sharing Hourly - Humidity","mc.svm_SMOTETPhi",17,0.372358874580066,0.560819082462546,0.447558712275162
"DS06","Bike Sharing Hourly - Humidity","mc.svm_SMOTETPhi",18,0.371172459182925,0.553833587690008,0.444467958703498
"DS06","Bike Sharing Hourly - Humidity","mc.svm_SMOTETPhi",19,0.376424852611872,0.56276323954239,0.451108933918062
"DS06","Bike Sharing Hourly - Humidity","mc.svm_SMOTETPhi",20,0.369586088067622,0.548556596925355,0.44162827860003
"DS06","Bike Sharing Hourly - Humidity","mc.svm_SMOTETPhi",21,0.387478828431106,0.547503786717483,0.453796942107143
"DS06","Bike Sharing Hourly - Humidity","mc.svm_SMOTETPhi",22,0.388093484860277,0.56497318403852,0.460119777558602
"DS06","Bike Sharing Hourly - Humidity","mc.svm_SMOTETPhi",23,0.386992266088693,0.544909328789851,0.452570737340002
"DS06","Bike Sharing Hourly - Humidity","mc.svm_SMOTETPhi",24,0.394263262315246,0.549820251724191,0.459226165711255
"DS06","Bike Sharing Hourly - Humidity","mc.svm_SMOTETPhi",25,0.389870304131633,0.569774875754263,0.462959245256232
"DS06","Bike Sharing Hourly - Humidity","mc.svm_SMOTETPhi",26,0.389430808451246,0.545008192567361,0.454268241827876
"DS06","Bike Sharing Hourly - Humidity","mc.svm_SMOTETPhi",27,0.396790014990787,0.573254406734305,0.468971563667424
"DS06","Bike Sharing Hourly - Humidity","mc.svm_SMOTETPhi",28,0.392786446355091,0.563222892237966,0.462812044647099
"DS06","Bike Sharing Hourly - Humidity","mc.svm_SMOTETPhi",29,0.390042198469935,0.592520716111888,0.47041890004493
"DS06","Bike Sharing Hourly - Humidity","mc.svm_SMOTETPhi",30,0.388953977289914,0.567468646210936,0.461551580875733
"DS06","Bike Sharing Hourly - Humidity","mc.svm_SMOTETPhi",31,0.385416330227422,0.5574519489271,0.455739341716461
"DS06","Bike Sharing Hourly - Humidity","mc.svm_SMOTETPhi",32,0.393708539215831,0.601694933284568,0.475972688023628
"DS06","Bike Sharing Hourly - Humidity","mc.svm_SMOTETPhi",33,0.385452412368087,0.571058524865928,0.460247504643182
"DS06","Bike Sharing Hourly - Humidity","mc.svm_SMOTETPhi",34,0.390510301902382,0.570124084610929,0.463525627499798
"DS06","Bike Sharing Hourly - Humidity","mc.svm_SMOTETPhi",35,0.394473339856936,0.586760868376992,0.471776294596626
"DS06","Bike Sharing Hourly - Humidity","mc.svm_SMOTETPhi",36,0.402113866169734,0.590536108526137,0.478442076795557
"DS06","Bike Sharing Hourly - Humidity","mc.svm_SMOTETPhi",37,0.392932511776332,0.607718194155516,0.477273908000354
"DS06","Bike Sharing Hourly - Humidity","mc.svm_SMOTETPhi",38,0.394949269515503,0.60760824017646,0.478724518622429
"DS06","Bike Sharing Hourly - Humidity","mc.svm_SMOTETPhi",39,0.393553014761372,0.591962888238261,0.472785428594152
"DS06","Bike Sharing Hourly - Humidity","mc.svm_SMOTETPhi",40,0.383435187143889,0.580758599884757,0.461905657198803
"DS06","Bike Sharing Hourly - Humidity","mc.svm_SMOTETPhi",41,0.387749857862035,0.570095635291289,0.461566094181286
"DS06","Bike Sharing Hourly - Humidity","mc.svm_SMOTETPhi",42,0.390509815239659,0.594844881738226,0.471490653216149
"DS06","Bike Sharing Hourly - Humidity","mc.svm_SMOTETPhi",43,0.394997967463491,0.597551958621809,0.475606924964212
"DS06","Bike Sharing Hourly - Humidity","mc.svm_SMOTETPhi",44,0.392269834343972,0.588595073057027,0.470784692288652
"DS06","Bike Sharing Hourly - Humidity","mc.svm_SMOTETPhi",45,0.405926345909539,0.58108656309915,0.477964053079865
"DS06","Bike Sharing Hourly - Humidity","mc.svm_SMOTETPhi",46,0.395931106642829,0.586554908341569,0.472750411557051
"DS06","Bike Sharing Hourly - Humidity","mc.svm_SMOTETPhi",47,0.405108846224366,0.5931820991154,0.481429420742268
"DS06","Bike Sharing Hourly - Humidity","mc.svm_SMOTETPhi",48,0.404204860256088,0.589631200521669,0.479619942192431
"DS06","Bike Sharing Hourly - Humidity","mc.svm_SMOTETPhi",49,0.413603602575376,0.586155376507501,0.484988843240649
"DS06","Bike Sharing Hourly - Humidity","mc.svm_SMOTETPhi",50,0.396237656146363,0.557666286559705,0.463292732958861
"DS06","Bike Sharing Hourly - Humidity","mc.mars",1,1e-05,0.38501910164803,1.99994805587444e-05
"DS06","Bike Sharing Hourly - Humidity","mc.mars",2,0.377498764759711,0.391222230451825,0.384237999643714
"DS06","Bike Sharing Hourly - Humidity","mc.mars",3,1e-05,0.388635758361272,1.99994853925569e-05
"DS06","Bike Sharing Hourly - Humidity","mc.mars",4,1e-05,0.38828152575287,1.99994849230881e-05
"DS06","Bike Sharing Hourly - Humidity","mc.mars",5,1e-05,0.389057669615924,1.99994859506055e-05
"DS06","Bike Sharing Hourly - Humidity","mc.mars",6,1e-05,0.389202333734605,1.99994861416696e-05
"DS06","Bike Sharing Hourly - Humidity","mc.mars",7,1e-05,0.390163147648917,1.99994874070622e-05
"DS06","Bike Sharing Hourly - Humidity","mc.mars",8,1e-05,0.390993555361812,1.99994884956997e-05
"DS06","Bike Sharing Hourly - Humidity","mc.mars",9,1e-05,0.390757988117789,1.99994881873488e-05
"DS06","Bike Sharing Hourly - Humidity","mc.mars",10,1e-05,0.391214695418512,1.99994887848279e-05
"DS06","Bike Sharing Hourly - Humidity","mc.mars",11,1e-05,0.393379784598694,1.99994915983896e-05
"DS06","Bike Sharing Hourly - Humidity","mc.mars",12,1e-05,0.392641910084663,1.99994906429974e-05
"DS06","Bike Sharing Hourly - Humidity","mc.mars",13,1e-05,0.393335654733021,1.99994915413515e-05
"DS06","Bike Sharing Hourly - Humidity","mc.mars",14,1e-05,0.390636226040507,1.99994880278199e-05
"DS06","Bike Sharing Hourly - Humidity","mc.mars",15,1e-05,0.395354690386741,1.99994941379317e-05
"DS06","Bike Sharing Hourly - Humidity","mc.mars",16,1e-05,0.393020003647667,1.99994911329971e-05
"DS06","Bike Sharing Hourly - Humidity","mc.mars",17,1e-05,0.394604298375588,1.99994931759928e-05
"DS06","Bike Sharing Hourly - Humidity","mc.mars",18,1e-05,0.395004242836672,1.99994936891425e-05
"DS06","Bike Sharing Hourly - Humidity","mc.mars",19,1e-05,0.396533688473619,1.99994956419537e-05
"DS06","Bike Sharing Hourly - Humidity","mc.mars",20,1e-05,0.398286640747981,1.99994978616952e-05
"DS06","Bike Sharing Hourly - Humidity","mc.mars",21,0.501126875117799,0.398940616512649,0.444233052231233
"DS06","Bike Sharing Hourly - Humidity","mc.mars",22,0.25,0.401212110603391,0.308050252805988
"DS06","Bike Sharing Hourly - Humidity","mc.mars",23,0.25,0.401415505100707,0.308110186169616
"DS06","Bike Sharing Hourly - Humidity","mc.mars",24,0.25,0.402547183130463,0.30844297051389
"DS06","Bike Sharing Hourly - Humidity","mc.mars",25,0.25,0.401289017451758,0.308072919010554
"DS06","Bike Sharing Hourly - Humidity","mc.mars",26,0.25,0.402687973672656,0.30848429105162
"DS06","Bike Sharing Hourly - Humidity","mc.mars",27,0.286946313033466,0.403932173641311,0.335534685700902
"DS06","Bike Sharing Hourly - Humidity","mc.mars",28,0.286929563753476,0.404066714488714,0.335569639855314
"DS06","Bike Sharing Hourly - Humidity","mc.mars",29,0.287320493665152,0.404650532776256,0.336038320670887
"DS06","Bike Sharing Hourly - Humidity","mc.mars",30,0.285635140391985,0.405343789089664,0.335120001967354
"DS06","Bike Sharing Hourly - Humidity","mc.mars",31,0.285608037059528,0.405695227238824,0.335221381064079
"DS06","Bike Sharing Hourly - Humidity","mc.mars",32,0.285597763372172,0.405621416068002,0.33518910542586
"DS06","Bike Sharing Hourly - Humidity","mc.mars",33,0.285062100127128,0.404492068000103,0.334434519341776
"DS06","Bike Sharing Hourly - Humidity","mc.mars",34,0.285029703393791,0.403716424368792,0.334146844692548
"DS06","Bike Sharing Hourly - Humidity","mc.mars",35,0.284992226358612,0.403905705870391,0.334185895964294
"DS06","Bike Sharing Hourly - Humidity","mc.mars",36,0.284995639286311,0.404524791156332,0.334399957920755
"DS06","Bike Sharing Hourly - Humidity","mc.mars",37,0.284900380364361,0.40583702292121,0.334781703281792
"DS06","Bike Sharing Hourly - Humidity","mc.mars",38,0.284901820028189,0.406507756265064,0.335010690006326
"DS06","Bike Sharing Hourly - Humidity","mc.mars",39,0.284973937361147,0.405661132239482,0.334772603295443
"DS06","Bike Sharing Hourly - Humidity","mc.mars",40,0.285011520329261,0.405138822312902,0.334620515436522
"DS06","Bike Sharing Hourly - Humidity","mc.mars",41,0.28527594035273,0.404868232333421,0.334710254085963
"DS06","Bike Sharing Hourly - Humidity","mc.mars",42,0.285673786304824,0.405063692188043,0.335050818132681
"DS06","Bike Sharing Hourly - Humidity","mc.mars",43,0.285615605258129,0.404881183102684,0.334948362161168
"DS06","Bike Sharing Hourly - Humidity","mc.mars",44,0.25,0.405250695605343,0.309233319646428
"DS06","Bike Sharing Hourly - Humidity","mc.mars",45,0.25,0.405319067847861,0.309253223150498
"DS06","Bike Sharing Hourly - Humidity","mc.mars",46,0.285628563705977,0.404079271893414,0.334682531057429
"DS06","Bike Sharing Hourly - Humidity","mc.mars",47,0.285299105843157,0.404156910846244,0.334482845877349
"DS06","Bike Sharing Hourly - Humidity","mc.mars",48,0.285134965868278,0.405189673742346,0.334722932265229
"DS06","Bike Sharing Hourly - Humidity","mc.mars",49,0.285125290543664,0.405152850578511,0.334703700882063
"DS06","Bike Sharing Hourly - Humidity","mc.mars",50,0.285026668738883,0.402830246913023,0.333840834430121
"DS06","Bike Sharing Hourly - Humidity","mc.mars_UNDERB",1,0.396209342337794,0.438620067795501,0.41633743729672
"DS06","Bike Sharing Hourly - Humidity","mc.mars_UNDERB",2,0.396273318567955,0.432699803179325,0.413686240123586
"DS06","Bike Sharing Hourly - Humidity","mc.mars_UNDERB",3,0.386181473781497,0.444407976234054,0.413253809614621
"DS06","Bike Sharing Hourly - Humidity","mc.mars_UNDERB",4,0.378371284395162,0.443806777542149,0.408485091529248
"DS06","Bike Sharing Hourly - Humidity","mc.mars_UNDERB",5,0.378486347622244,0.428758343341437,0.402056975289951
"DS06","Bike Sharing Hourly - Humidity","mc.mars_UNDERB",6,0.391476972638601,0.451802177355605,0.419481849216634
"DS06","Bike Sharing Hourly - Humidity","mc.mars_UNDERB",7,0.376038349540477,0.446685831487411,0.408328834156263
"DS06","Bike Sharing Hourly - Humidity","mc.mars_UNDERB",8,0.402652471646045,0.450924166938896,0.4254233823547
"DS06","Bike Sharing Hourly - Humidity","mc.mars_UNDERB",9,0.372859594041076,0.43813196209767,0.402869066361054
"DS06","Bike Sharing Hourly - Humidity","mc.mars_UNDERB",10,0.367352337581067,0.43859380371613,0.399824382270424
"DS06","Bike Sharing Hourly - Humidity","mc.mars_UNDERB",11,0.397085417220958,0.461033842743977,0.426676860292017
"DS06","Bike Sharing Hourly - Humidity","mc.mars_UNDERB",12,0.386546567017032,0.443836730728942,0.413215354993373
"DS06","Bike Sharing Hourly - Humidity","mc.mars_UNDERB",13,0.388661556230039,0.448546177032414,0.416462123509319
"DS06","Bike Sharing Hourly - Humidity","mc.mars_UNDERB",14,0.431602957689394,0.453982843441964,0.442510116398601
"DS06","Bike Sharing Hourly - Humidity","mc.mars_UNDERB",15,0.438440815173331,0.441237443775098,0.439834684024156
"DS06","Bike Sharing Hourly - Humidity","mc.mars_UNDERB",16,0.379361984799706,0.45735556768234,0.414723738973772
"DS06","Bike Sharing Hourly - Humidity","mc.mars_UNDERB",17,0.403247653970197,0.456161648971088,0.428075689079048
"DS06","Bike Sharing Hourly - Humidity","mc.mars_UNDERB",18,0.391336900315811,0.461900890317774,0.423701023687303
"DS06","Bike Sharing Hourly - Humidity","mc.mars_UNDERB",19,0.434301377619977,0.445536817615816,0.439847359932159
"DS06","Bike Sharing Hourly - Humidity","mc.mars_UNDERB",20,0.424011571133045,0.46504165550943,0.443579837710124
"DS06","Bike Sharing Hourly - Humidity","mc.mars_UNDERB",21,0.435852526662363,0.483342982205674,0.45837095156893
"DS06","Bike Sharing Hourly - Humidity","mc.mars_UNDERB",22,0.412473165690043,0.465535559050367,0.437400951430321
"DS06","Bike Sharing Hourly - Humidity","mc.mars_UNDERB",23,0.419094474746336,0.466182202097599,0.44138604401215
"DS06","Bike Sharing Hourly - Humidity","mc.mars_UNDERB",24,0.410483788368349,0.468551371373616,0.437599656475823
"DS06","Bike Sharing Hourly - Humidity","mc.mars_UNDERB",25,0.432931544684557,0.468983741962716,0.45023708733139
"DS06","Bike Sharing Hourly - Humidity","mc.mars_UNDERB",26,0.409480258922918,0.478088393093739,0.441132657281799
"DS06","Bike Sharing Hourly - Humidity","mc.mars_UNDERB",27,0.411201657924225,0.492251710019044,0.448091127794824
"DS06","Bike Sharing Hourly - Humidity","mc.mars_UNDERB",28,0.416118575733429,0.47762509251544,0.444755426623575
"DS06","Bike Sharing Hourly - Humidity","mc.mars_UNDERB",29,0.394591579060722,0.490154264080521,0.437211989287646
"DS06","Bike Sharing Hourly - Humidity","mc.mars_UNDERB",30,0.410147916275377,0.501407133358281,0.451209372456787
"DS06","Bike Sharing Hourly - Humidity","mc.mars_UNDERB",31,0.439061734535808,0.485052379088465,0.460912642201871
"DS06","Bike Sharing Hourly - Humidity","mc.mars_UNDERB",32,0.396427002484994,0.494725016175736,0.440154656242894
"DS06","Bike Sharing Hourly - Humidity","mc.mars_UNDERB",33,0.419650388359051,0.504411697080933,0.458143598591806
"DS06","Bike Sharing Hourly - Humidity","mc.mars_UNDERB",34,0.397071252515378,0.493706427316971,0.440147152107668
"DS06","Bike Sharing Hourly - Humidity","mc.mars_UNDERB",35,0.442763271875321,0.494973933443602,0.467415128719249
"DS06","Bike Sharing Hourly - Humidity","mc.mars_UNDERB",36,0.44852478845052,0.486605963051605,0.466789989070286
"DS06","Bike Sharing Hourly - Humidity","mc.mars_UNDERB",37,0.448390213364027,0.513369982119665,0.47868497136452
"DS06","Bike Sharing Hourly - Humidity","mc.mars_UNDERB",38,0.414833918319333,0.512665423673466,0.458590096748459
"DS06","Bike Sharing Hourly - Humidity","mc.mars_UNDERB",39,0.464946223615108,0.503473127021087,0.483443311921353
"DS06","Bike Sharing Hourly - Humidity","mc.mars_UNDERB",40,0.419889827588777,0.487914790075929,0.451353635124743
"DS06","Bike Sharing Hourly - Humidity","mc.mars_UNDERB",41,0.41154862010353,0.496635716504453,0.450106295787746
"DS06","Bike Sharing Hourly - Humidity","mc.mars_UNDERB",42,0.445222677112106,0.50617636211209,0.473746946841945
"DS06","Bike Sharing Hourly - Humidity","mc.mars_UNDERB",43,0.417708718281616,0.500009979622849,0.455168949250328
"DS06","Bike Sharing Hourly - Humidity","mc.mars_UNDERB",44,0.439616116109876,0.502650899493526,0.469025090627786
"DS06","Bike Sharing Hourly - Humidity","mc.mars_UNDERB",45,0.45694216026512,0.50831756682554,0.48126264997308
"DS06","Bike Sharing Hourly - Humidity","mc.mars_UNDERB",46,0.464939006787501,0.501705393411652,0.48262299407039
"DS06","Bike Sharing Hourly - Humidity","mc.mars_UNDERB",47,0.464824663134952,0.51125705847065,0.486936461811974
"DS06","Bike Sharing Hourly - Humidity","mc.mars_UNDERB",48,0.383521637673964,0.492965946250766,0.431410804878727
"DS06","Bike Sharing Hourly - Humidity","mc.mars_UNDERB",49,0.403505297822888,0.498279570767187,0.445912220540639
"DS06","Bike Sharing Hourly - Humidity","mc.mars_UNDERB",50,0.460325861009979,0.501888602328388,0.480209582791662
"DS06","Bike Sharing Hourly - Humidity","mc.mars_UNDERT",1,0.389404928607958,0.427463497144582,0.407547622947346
"DS06","Bike Sharing Hourly - Humidity","mc.mars_UNDERT",2,0.410470133303653,0.428693203025723,0.419383804259225
"DS06","Bike Sharing Hourly - Humidity","mc.mars_UNDERT",3,0.371358205712597,0.449806688784944,0.406835231228218
"DS06","Bike Sharing Hourly - Humidity","mc.mars_UNDERT",4,0.330614795283672,0.448701211244532,0.380711438893762
"DS06","Bike Sharing Hourly - Humidity","mc.mars_UNDERT",5,0.383457642206174,0.446646983215305,0.412647258760377
"DS06","Bike Sharing Hourly - Humidity","mc.mars_UNDERT",6,0.394957602278509,0.451522104403804,0.421349942174105
"DS06","Bike Sharing Hourly - Humidity","mc.mars_UNDERT",7,0.380603574633324,0.443045592074789,0.409457674177335
"DS06","Bike Sharing Hourly - Humidity","mc.mars_UNDERT",8,0.375391406940106,0.45489531711846,0.411336922909824
"DS06","Bike Sharing Hourly - Humidity","mc.mars_UNDERT",9,0.375611528969733,0.441156316174331,0.405753971383798
"DS06","Bike Sharing Hourly - Humidity","mc.mars_UNDERT",10,0.410783036909144,0.463816895322562,0.43569203657312
"DS06","Bike Sharing Hourly - Humidity","mc.mars_UNDERT",11,0.394957578939442,0.455814683283521,0.42320952797478
"DS06","Bike Sharing Hourly - Humidity","mc.mars_UNDERT",12,0.393170667595617,0.444760048702266,0.41737724102231
"DS06","Bike Sharing Hourly - Humidity","mc.mars_UNDERT",13,0.374512380455853,0.456753225742616,0.411564574735732
"DS06","Bike Sharing Hourly - Humidity","mc.mars_UNDERT",14,0.427912253266631,0.456788804379178,0.441879265000538
"DS06","Bike Sharing Hourly - Humidity","mc.mars_UNDERT",15,0.434777224679543,0.435205975920501,0.434991494649921
"DS06","Bike Sharing Hourly - Humidity","mc.mars_UNDERT",16,0.40288125751773,0.465435466184362,0.431905135053095
"DS06","Bike Sharing Hourly - Humidity","mc.mars_UNDERT",17,0.413006958283996,0.452254307512458,0.431740523469809
"DS06","Bike Sharing Hourly - Humidity","mc.mars_UNDERT",18,0.411907951201286,0.454900324014512,0.432337959438539
"DS06","Bike Sharing Hourly - Humidity","mc.mars_UNDERT",19,0.428049402272638,0.459152126996666,0.443055578758983
"DS06","Bike Sharing Hourly - Humidity","mc.mars_UNDERT",20,0.424600527663995,0.465117455792765,0.44393644014714
"DS06","Bike Sharing Hourly - Humidity","mc.mars_UNDERT",21,0.43585750351234,0.465774224836443,0.450319536135658
"DS06","Bike Sharing Hourly - Humidity","mc.mars_UNDERT",22,0.431754123144461,0.461373198874049,0.44607252742424
"DS06","Bike Sharing Hourly - Humidity","mc.mars_UNDERT",23,0.421024562920136,0.474375401389675,0.4461105740251
"DS06","Bike Sharing Hourly - Humidity","mc.mars_UNDERT",24,0.428583988985704,0.464950145106179,0.446027029670468
"DS06","Bike Sharing Hourly - Humidity","mc.mars_UNDERT",25,0.423689234913504,0.472948236633724,0.446965653102261
"DS06","Bike Sharing Hourly - Humidity","mc.mars_UNDERT",26,0.399494138656647,0.48146270091119,0.436665040457996
"DS06","Bike Sharing Hourly - Humidity","mc.mars_UNDERT",27,0.439632844806382,0.486193487598883,0.461742377804543
"DS06","Bike Sharing Hourly - Humidity","mc.mars_UNDERT",28,0.386424211309069,0.487196758566635,0.430998407028239
"DS06","Bike Sharing Hourly - Humidity","mc.mars_UNDERT",29,0.421229170787777,0.491445028714848,0.453636099379481
"DS06","Bike Sharing Hourly - Humidity","mc.mars_UNDERT",30,0.43118152393515,0.487441694435677,0.457588809934616
"DS06","Bike Sharing Hourly - Humidity","mc.mars_UNDERT",31,0.430666973854224,0.502857743826131,0.4639710523164
"DS06","Bike Sharing Hourly - Humidity","mc.mars_UNDERT",32,0.436924424913184,0.494855811699783,0.464089240028995
"DS06","Bike Sharing Hourly - Humidity","mc.mars_UNDERT",33,0.432903468412275,0.500304956863926,0.464170157971184
"DS06","Bike Sharing Hourly - Humidity","mc.mars_UNDERT",34,0.446692302355518,0.510725168322641,0.476567450032755
"DS06","Bike Sharing Hourly - Humidity","mc.mars_UNDERT",35,0.424463561724279,0.50224081331353,0.460088309076262
"DS06","Bike Sharing Hourly - Humidity","mc.mars_UNDERT",36,0.447529875913124,0.50396267177759,0.474072766019778
"DS06","Bike Sharing Hourly - Humidity","mc.mars_UNDERT",37,0.455275915688102,0.514461356594331,0.483062519930472
"DS06","Bike Sharing Hourly - Humidity","mc.mars_UNDERT",38,0.430607046096619,0.495434305467796,0.460751568927272
"DS06","Bike Sharing Hourly - Humidity","mc.mars_UNDERT",39,0.456181077744181,0.503569575269379,0.478705403000792
"DS06","Bike Sharing Hourly - Humidity","mc.mars_UNDERT",40,0.436225756388929,0.516927312877856,0.473160115261871
"DS06","Bike Sharing Hourly - Humidity","mc.mars_UNDERT",41,0.448368329939425,0.503853027697411,0.474494168297726
"DS06","Bike Sharing Hourly - Humidity","mc.mars_UNDERT",42,0.414366158875167,0.500431395615502,0.453350217572865
"DS06","Bike Sharing Hourly - Humidity","mc.mars_UNDERT",43,0.430493924004851,0.496102233968163,0.460975357108586
"DS06","Bike Sharing Hourly - Humidity","mc.mars_UNDERT",44,0.412691146464001,0.470409173127175,0.439663980769272
"DS06","Bike Sharing Hourly - Humidity","mc.mars_UNDERT",45,0.429736722578708,0.493522172405096,0.459426065736438
"DS06","Bike Sharing Hourly - Humidity","mc.mars_UNDERT",46,0.444247138054264,0.500030503774983,0.470491114904608
"DS06","Bike Sharing Hourly - Humidity","mc.mars_UNDERT",47,0.453013169821497,0.492063101120766,0.471731376703949
"DS06","Bike Sharing Hourly - Humidity","mc.mars_UNDERT",48,0.429509596188388,0.494474474948938,0.459708210768968
"DS06","Bike Sharing Hourly - Humidity","mc.mars_UNDERT",49,0.463078556206112,0.505365277712593,0.483298700375624
"DS06","Bike Sharing Hourly - Humidity","mc.mars_UNDERT",50,0.409559654613301,0.483980482513866,0.443670901892004
"DS06","Bike Sharing Hourly - Humidity","mc.mars_UNDERTPhi",1,0.420091689402007,0.444483567304629,0.431943549741884
"DS06","Bike Sharing Hourly - Humidity","mc.mars_UNDERTPhi",2,0.415032420614956,0.45311408062583,0.433238015537886
"DS06","Bike Sharing Hourly - Humidity","mc.mars_UNDERTPhi",3,0.397476011021764,0.453423697890698,0.423610540355404
"DS06","Bike Sharing Hourly - Humidity","mc.mars_UNDERTPhi",4,0.386032105694267,0.45460683270757,0.417522493608824
"DS06","Bike Sharing Hourly - Humidity","mc.mars_UNDERTPhi",5,0.38306647897069,0.454674780658448,0.415810168835916
"DS06","Bike Sharing Hourly - Humidity","mc.mars_UNDERTPhi",6,0.364881085197234,0.462807543832152,0.40805132004525
"DS06","Bike Sharing Hourly - Humidity","mc.mars_UNDERTPhi",7,0.406478815070701,0.461337489123412,0.432174217101668
"DS06","Bike Sharing Hourly - Humidity","mc.mars_UNDERTPhi",8,0.385783016158684,0.456851104310833,0.418320105191692
"DS06","Bike Sharing Hourly - Humidity","mc.mars_UNDERTPhi",9,0.406133153619351,0.463712075003917,0.433016911964415
"DS06","Bike Sharing Hourly - Humidity","mc.mars_UNDERTPhi",10,0.387268369729168,0.443963831715354,0.413682600429418
"DS06","Bike Sharing Hourly - Humidity","mc.mars_UNDERTPhi",11,0.383405476627177,0.464142138333175,0.419928354771461
"DS06","Bike Sharing Hourly - Humidity","mc.mars_UNDERTPhi",12,0.409744168591119,0.479016303270373,0.441680617307424
"DS06","Bike Sharing Hourly - Humidity","mc.mars_UNDERTPhi",13,0.407231565614333,0.463482030819803,0.433539831737625
"DS06","Bike Sharing Hourly - Humidity","mc.mars_UNDERTPhi",14,0.408727182747899,0.453488719443627,0.429946063938341
"DS06","Bike Sharing Hourly - Humidity","mc.mars_UNDERTPhi",15,0.439138728732144,0.449865644018494,0.444437469758007
"DS06","Bike Sharing Hourly - Humidity","mc.mars_UNDERTPhi",16,0.386571022133084,0.469232576035022,0.423909684241284
"DS06","Bike Sharing Hourly - Humidity","mc.mars_UNDERTPhi",17,0.399258322012385,0.465271002275254,0.429744404106836
"DS06","Bike Sharing Hourly - Humidity","mc.mars_UNDERTPhi",18,0.404653865469308,0.462290322884249,0.4315561915916
"DS06","Bike Sharing Hourly - Humidity","mc.mars_UNDERTPhi",19,0.394432316896166,0.448653283983592,0.419799256682977
"DS06","Bike Sharing Hourly - Humidity","mc.mars_UNDERTPhi",20,0.407288763991387,0.467309833867056,0.435239766225967
"DS06","Bike Sharing Hourly - Humidity","mc.mars_UNDERTPhi",21,0.421778914210454,0.477353776588519,0.447848820633706
"DS06","Bike Sharing Hourly - Humidity","mc.mars_UNDERTPhi",22,0.424306508291919,0.474700360417015,0.448091020044633
"DS06","Bike Sharing Hourly - Humidity","mc.mars_UNDERTPhi",23,0.430072417731226,0.482505785425576,0.454782787906728
"DS06","Bike Sharing Hourly - Humidity","mc.mars_UNDERTPhi",24,0.424387142468672,0.487642080462567,0.453821048430571
"DS06","Bike Sharing Hourly - Humidity","mc.mars_UNDERTPhi",25,0.413508165991551,0.489384319106806,0.448258049765105
"DS06","Bike Sharing Hourly - Humidity","mc.mars_UNDERTPhi",26,0.411111271493342,0.489341631371861,0.446828167531661
"DS06","Bike Sharing Hourly - Humidity","mc.mars_UNDERTPhi",27,0.435748942365306,0.497454645747139,0.464561728052218
"DS06","Bike Sharing Hourly - Humidity","mc.mars_UNDERTPhi",28,0.424061954084923,0.49771930936534,0.457947739413241
"DS06","Bike Sharing Hourly - Humidity","mc.mars_UNDERTPhi",29,0.443752942882526,0.516928759155888,0.477553923738344
"DS06","Bike Sharing Hourly - Humidity","mc.mars_UNDERTPhi",30,0.430952569913399,0.506589871832062,0.465720158229165
"DS06","Bike Sharing Hourly - Humidity","mc.mars_UNDERTPhi",31,0.413716220233355,0.513668339620506,0.458305935036976
"DS06","Bike Sharing Hourly - Humidity","mc.mars_UNDERTPhi",32,0.39464725959432,0.502424771792891,0.4420616235995
"DS06","Bike Sharing Hourly - Humidity","mc.mars_UNDERTPhi",33,0.435824302567772,0.527071519043259,0.47712446566864
"DS06","Bike Sharing Hourly - Humidity","mc.mars_UNDERTPhi",34,0.44968297674634,0.515038158182673,0.480146819063063
"DS06","Bike Sharing Hourly - Humidity","mc.mars_UNDERTPhi",35,0.456073128641206,0.521546220746865,0.486617243768564
"DS06","Bike Sharing Hourly - Humidity","mc.mars_UNDERTPhi",36,0.410167905415378,0.512903498024089,0.455818591456467
"DS06","Bike Sharing Hourly - Humidity","mc.mars_UNDERTPhi",37,0.439034241369525,0.524362064391194,0.477919418553644
"DS06","Bike Sharing Hourly - Humidity","mc.mars_UNDERTPhi",38,0.415865361329885,0.498669250458639,0.45351868666954
"DS06","Bike Sharing Hourly - Humidity","mc.mars_UNDERTPhi",39,0.413194170274499,0.526049772920715,0.462841844272371
"DS06","Bike Sharing Hourly - Humidity","mc.mars_UNDERTPhi",40,0.429247611865879,0.508719353902462,0.465616755689703
"DS06","Bike Sharing Hourly - Humidity","mc.mars_UNDERTPhi",41,0.463931207299399,0.522461464424346,0.49145981089706
"DS06","Bike Sharing Hourly - Humidity","mc.mars_UNDERTPhi",42,0.440035471845249,0.506626131660444,0.470988720929983
"DS06","Bike Sharing Hourly - Humidity","mc.mars_UNDERTPhi",43,0.485753856145424,0.513466413358388,0.499225842193638
"DS06","Bike Sharing Hourly - Humidity","mc.mars_UNDERTPhi",44,0.431186261273839,0.505596866942057,0.465436270577814
"DS06","Bike Sharing Hourly - Humidity","mc.mars_UNDERTPhi",45,0.423400920025603,0.504551497456834,0.460427849960448
"DS06","Bike Sharing Hourly - Humidity","mc.mars_UNDERTPhi",46,0.440041818786024,0.517243077157248,0.475529459184621
"DS06","Bike Sharing Hourly - Humidity","mc.mars_UNDERTPhi",47,0.382056487591676,0.486750967391338,0.428095693393931
"DS06","Bike Sharing Hourly - Humidity","mc.mars_UNDERTPhi",48,0.423095067071639,0.519246881754063,0.466265551557462
"DS06","Bike Sharing Hourly - Humidity","mc.mars_UNDERTPhi",49,0.428433597331858,0.509007170044268,0.465257711247534
"DS06","Bike Sharing Hourly - Humidity","mc.mars_UNDERTPhi",50,0.414029344268133,0.494273954841474,0.450607019951245
"DS06","Bike Sharing Hourly - Humidity","mc.mars_OVERB",1,0.40364077310783,0.438335651469881,0.42027338551377
"DS06","Bike Sharing Hourly - Humidity","mc.mars_OVERB",2,0.389120894884014,0.432214401771722,0.409537141491353
"DS06","Bike Sharing Hourly - Humidity","mc.mars_OVERB",3,0.401925406198613,0.444104893166543,0.421963704407975
"DS06","Bike Sharing Hourly - Humidity","mc.mars_OVERB",4,0.415135213726174,0.443625457587162,0.42890773949433
"DS06","Bike Sharing Hourly - Humidity","mc.mars_OVERB",5,0.399973325263684,0.442058460325652,0.41996417561279
"DS06","Bike Sharing Hourly - Humidity","mc.mars_OVERB",6,0.41077123304599,0.437892132634924,0.423898328919304
"DS06","Bike Sharing Hourly - Humidity","mc.mars_OVERB",7,0.401182379116599,0.439427238541435,0.419434803750738
"DS06","Bike Sharing Hourly - Humidity","mc.mars_OVERB",8,0.393795924462976,0.45082373612068,0.420384602017945
"DS06","Bike Sharing Hourly - Humidity","mc.mars_OVERB",9,0.405860506668146,0.446751927546955,0.425325637752625
"DS06","Bike Sharing Hourly - Humidity","mc.mars_OVERB",10,0.399079351359848,0.443213749821207,0.419990275462063
"DS06","Bike Sharing Hourly - Humidity","mc.mars_OVERB",11,0.420836464906405,0.458612362377214,0.438913099563347
"DS06","Bike Sharing Hourly - Humidity","mc.mars_OVERB",12,0.417152921182516,0.451459405245586,0.433628683276822
"DS06","Bike Sharing Hourly - Humidity","mc.mars_OVERB",13,0.381049539378861,0.451507335431456,0.413297078908948
"DS06","Bike Sharing Hourly - Humidity","mc.mars_OVERB",14,0.413828764094615,0.445907932273519,0.429269866674904
"DS06","Bike Sharing Hourly - Humidity","mc.mars_OVERB",15,0.428039736094673,0.433292752222836,0.4306502258506
"DS06","Bike Sharing Hourly - Humidity","mc.mars_OVERB",16,0.433343062157959,0.46030306385542,0.446416391019664
"DS06","Bike Sharing Hourly - Humidity","mc.mars_OVERB",17,0.383353135139023,0.444535033081362,0.411683377423278
"DS06","Bike Sharing Hourly - Humidity","mc.mars_OVERB",18,0.406296587503595,0.452830376644169,0.428303253014532
"DS06","Bike Sharing Hourly - Humidity","mc.mars_OVERB",19,0.426897805459704,0.460986769819543,0.443287890928902
"DS06","Bike Sharing Hourly - Humidity","mc.mars_OVERB",20,0.395007663189506,0.474057877218686,0.430937565902747
"DS06","Bike Sharing Hourly - Humidity","mc.mars_OVERB",21,0.432775686088527,0.468794516232475,0.450065603043993
"DS06","Bike Sharing Hourly - Humidity","mc.mars_OVERB",22,0.393295606258235,0.472320146603334,0.429200688162717
"DS06","Bike Sharing Hourly - Humidity","mc.mars_OVERB",23,0.438413352589556,0.470387100104993,0.453837770349839
"DS06","Bike Sharing Hourly - Humidity","mc.mars_OVERB",24,0.42833176389109,0.471238356787026,0.44876180730318
"DS06","Bike Sharing Hourly - Humidity","mc.mars_OVERB",25,0.430151689589658,0.47623682459137,0.452022662550812
"DS06","Bike Sharing Hourly - Humidity","mc.mars_OVERB",26,0.424052766906784,0.474300129966878,0.447771211417349
"DS06","Bike Sharing Hourly - Humidity","mc.mars_OVERB",27,0.410084140407957,0.484326321172666,0.444123926600869
"DS06","Bike Sharing Hourly - Humidity","mc.mars_OVERB",28,0.420610288309134,0.486268046510433,0.451062365006142
"DS06","Bike Sharing Hourly - Humidity","mc.mars_OVERB",29,0.411622530480345,0.497101244472264,0.450341628104257
"DS06","Bike Sharing Hourly - Humidity","mc.mars_OVERB",30,0.431604843798054,0.491772772621367,0.45972851612849
"DS06","Bike Sharing Hourly - Humidity","mc.mars_OVERB",31,0.446564025966838,0.501825406216672,0.47258471283598
"DS06","Bike Sharing Hourly - Humidity","mc.mars_OVERB",32,0.430193210459823,0.490750613375147,0.458480911514997
"DS06","Bike Sharing Hourly - Humidity","mc.mars_OVERB",33,0.406081662939598,0.501735979926128,0.448869401660586
"DS06","Bike Sharing Hourly - Humidity","mc.mars_OVERB",34,0.40712200435421,0.499128790647198,0.448454919543247
"DS06","Bike Sharing Hourly - Humidity","mc.mars_OVERB",35,0.427393246099818,0.494404442252941,0.458463114261555
"DS06","Bike Sharing Hourly - Humidity","mc.mars_OVERB",36,0.450304630589271,0.506526002632374,0.476763591339566
"DS06","Bike Sharing Hourly - Humidity","mc.mars_OVERB",37,0.446758937486145,0.511095260985274,0.476766455931128
"DS06","Bike Sharing Hourly - Humidity","mc.mars_OVERB",38,0.4572563930028,0.510730634545793,0.482516482353824
"DS06","Bike Sharing Hourly - Humidity","mc.mars_OVERB",39,0.421888275746647,0.506879456661049,0.460495110931042
"DS06","Bike Sharing Hourly - Humidity","mc.mars_OVERB",40,0.419225237786669,0.505733643168212,0.45843401513165
"DS06","Bike Sharing Hourly - Humidity","mc.mars_OVERB",41,0.407632625539001,0.49623623202164,0.447591653268108
"DS06","Bike Sharing Hourly - Humidity","mc.mars_OVERB",42,0.424042177481693,0.499125085419331,0.458530315279694
"DS06","Bike Sharing Hourly - Humidity","mc.mars_OVERB",43,0.407551876675614,0.492220989742215,0.445902728556858
"DS06","Bike Sharing Hourly - Humidity","mc.mars_OVERB",44,0.457186892753108,0.501411497413527,0.478279051675278
"DS06","Bike Sharing Hourly - Humidity","mc.mars_OVERB",45,0.425652115333021,0.482508097364584,0.452300352816564
"DS06","Bike Sharing Hourly - Humidity","mc.mars_OVERB",46,0.419113461777719,0.501367759569368,0.456565484365537
"DS06","Bike Sharing Hourly - Humidity","mc.mars_OVERB",47,0.447053189848608,0.504189257340642,0.47390529396065
"DS06","Bike Sharing Hourly - Humidity","mc.mars_OVERB",48,0.422882178492186,0.498722065011725,0.457681645458666
"DS06","Bike Sharing Hourly - Humidity","mc.mars_OVERB",49,0.429037627961612,0.50793116378913,0.465162945870756
"DS06","Bike Sharing Hourly - Humidity","mc.mars_OVERB",50,0.43312847005042,0.496711362029007,0.462746001773576
"DS06","Bike Sharing Hourly - Humidity","mc.mars_OVERT",1,0.400903899726288,0.429335990645595,0.41463310770474
"DS06","Bike Sharing Hourly - Humidity","mc.mars_OVERT",2,0.395480046747747,0.440531362577314,0.416791833036296
"DS06","Bike Sharing Hourly - Humidity","mc.mars_OVERT",3,0.390379647380892,0.440360355074219,0.413866479587727
"DS06","Bike Sharing Hourly - Humidity","mc.mars_OVERT",4,0.390332765259591,0.436869448076988,0.41229207798538
"DS06","Bike Sharing Hourly - Humidity","mc.mars_OVERT",5,0.404520495604909,0.446655571769235,0.424545144494445
"DS06","Bike Sharing Hourly - Humidity","mc.mars_OVERT",6,0.407939197102203,0.455026687152455,0.430198284321217
"DS06","Bike Sharing Hourly - Humidity","mc.mars_OVERT",7,0.40933239113393,0.448487757228673,0.428016447063228
"DS06","Bike Sharing Hourly - Humidity","mc.mars_OVERT",8,0.403636350593137,0.446568259778473,0.424018360918853
"DS06","Bike Sharing Hourly - Humidity","mc.mars_OVERT",9,0.411821159075486,0.450380945546927,0.43023880834036
"DS06","Bike Sharing Hourly - Humidity","mc.mars_OVERT",10,0.389422674820002,0.43666817291795,0.411694399888602
"DS06","Bike Sharing Hourly - Humidity","mc.mars_OVERT",11,0.387964797996044,0.451307066258668,0.417245620287093
"DS06","Bike Sharing Hourly - Humidity","mc.mars_OVERT",12,0.405644184670156,0.453885824846906,0.428411209183523
"DS06","Bike Sharing Hourly - Humidity","mc.mars_OVERT",13,0.366399194448546,0.458628466314814,0.40735870710914
"DS06","Bike Sharing Hourly - Humidity","mc.mars_OVERT",14,0.40507830985399,0.442677821999569,0.423044262866875
"DS06","Bike Sharing Hourly - Humidity","mc.mars_OVERT",15,0.446704062638723,0.442116154936379,0.444398267868168
"DS06","Bike Sharing Hourly - Humidity","mc.mars_OVERT",16,0.37383173799004,0.445920274164027,0.406706293181756
"DS06","Bike Sharing Hourly - Humidity","mc.mars_OVERT",17,0.396595153830691,0.456195437975266,0.424312607664949
"DS06","Bike Sharing Hourly - Humidity","mc.mars_OVERT",18,0.4385496830162,0.465997055209015,0.451856940525529
"DS06","Bike Sharing Hourly - Humidity","mc.mars_OVERT",19,0.421744142290172,0.472561779943517,0.445709141819407
"DS06","Bike Sharing Hourly - Humidity","mc.mars_OVERT",20,0.382681123763465,0.471757279251042,0.422576057280324
"DS06","Bike Sharing Hourly - Humidity","mc.mars_OVERT",21,0.396872404831716,0.471569931477606,0.431008680546833
"DS06","Bike Sharing Hourly - Humidity","mc.mars_OVERT",22,0.421479838637619,0.471347500469504,0.445021024196696
"DS06","Bike Sharing Hourly - Humidity","mc.mars_OVERT",23,0.41782765305196,0.475221167278971,0.444680157421195
"DS06","Bike Sharing Hourly - Humidity","mc.mars_OVERT",24,0.434235429879396,0.481790198800929,0.456778429637172
"DS06","Bike Sharing Hourly - Humidity","mc.mars_OVERT",25,0.4041540835065,0.464022257602974,0.432023959575971
"DS06","Bike Sharing Hourly - Humidity","mc.mars_OVERT",26,0.416537004184452,0.476150184063051,0.444353125759231
"DS06","Bike Sharing Hourly - Humidity","mc.mars_OVERT",27,0.394497787303138,0.478997263107865,0.432660403356377
"DS06","Bike Sharing Hourly - Humidity","mc.mars_OVERT",28,0.392379368595962,0.486356330190896,0.434342635712678
"DS06","Bike Sharing Hourly - Humidity","mc.mars_OVERT",29,0.397755692658252,0.478044233780488,0.434219756335961
"DS06","Bike Sharing Hourly - Humidity","mc.mars_OVERT",30,0.437125884281013,0.500245237266733,0.466560440514803
"DS06","Bike Sharing Hourly - Humidity","mc.mars_OVERT",31,0.404594651537911,0.488829654204583,0.442741175347663
"DS06","Bike Sharing Hourly - Humidity","mc.mars_OVERT",32,0.447306886308621,0.494121095088246,0.469550030105075
"DS06","Bike Sharing Hourly - Humidity","mc.mars_OVERT",33,0.379326457021298,0.48979619909702,0.427540705694544
"DS06","Bike Sharing Hourly - Humidity","mc.mars_OVERT",34,0.442603039270665,0.496124310983726,0.467837925118416
"DS06","Bike Sharing Hourly - Humidity","mc.mars_OVERT",35,0.440881437570491,0.497765482572406,0.46759981164394
"DS06","Bike Sharing Hourly - Humidity","mc.mars_OVERT",36,0.404176941458403,0.490536714474012,0.443189008270008
"DS06","Bike Sharing Hourly - Humidity","mc.mars_OVERT",37,0.402738814605028,0.502760866339101,0.447225591792782
"DS06","Bike Sharing Hourly - Humidity","mc.mars_OVERT",38,0.408230143893462,0.505564720338913,0.451713544494006
"DS06","Bike Sharing Hourly - Humidity","mc.mars_OVERT",39,0.417294127108825,0.505219332333834,0.457066632745112
"DS06","Bike Sharing Hourly - Humidity","mc.mars_OVERT",40,0.42363544658991,0.504920613065584,0.460720205709174
"DS06","Bike Sharing Hourly - Humidity","mc.mars_OVERT",41,0.412666867599954,0.501017821906112,0.45257068998172
"DS06","Bike Sharing Hourly - Humidity","mc.mars_OVERT",42,0.432145043534804,0.503785280976496,0.465223332289097
"DS06","Bike Sharing Hourly - Humidity","mc.mars_OVERT",43,0.418000460441447,0.494403507724923,0.453003058038435
"DS06","Bike Sharing Hourly - Humidity","mc.mars_OVERT",44,0.449516242148369,0.501241115320637,0.473971662273537
"DS06","Bike Sharing Hourly - Humidity","mc.mars_OVERT",45,0.429690793939904,0.498146734705381,0.461393421425094
"DS06","Bike Sharing Hourly - Humidity","mc.mars_OVERT",46,0.412855268623774,0.491827055064636,0.44889434803434
"DS06","Bike Sharing Hourly - Humidity","mc.mars_OVERT",47,0.448271545767328,0.50405023965589,0.474527378315774
"DS06","Bike Sharing Hourly - Humidity","mc.mars_OVERT",48,0.411791170447251,0.49783696574168,0.450744339711354
"DS06","Bike Sharing Hourly - Humidity","mc.mars_OVERT",49,0.403401288204275,0.492979052156935,0.44371429346095
"DS06","Bike Sharing Hourly - Humidity","mc.mars_OVERT",50,0.40303167109312,0.489604468867029,0.442119915223123
"DS06","Bike Sharing Hourly - Humidity","mc.mars_OVERTPhi",1,0.398307766768391,0.433755407304032,0.415276515030444
"DS06","Bike Sharing Hourly - Humidity","mc.mars_OVERTPhi",2,0.385068267008785,0.428587995640015,0.405664269588751
"DS06","Bike Sharing Hourly - Humidity","mc.mars_OVERTPhi",3,0.399428546199336,0.449422473553844,0.422953288771728
"DS06","Bike Sharing Hourly - Humidity","mc.mars_OVERTPhi",4,0.408391964634372,0.440276954206935,0.423735490530977
"DS06","Bike Sharing Hourly - Humidity","mc.mars_OVERTPhi",5,0.395344908645832,0.442266882411757,0.41749164013889
"DS06","Bike Sharing Hourly - Humidity","mc.mars_OVERTPhi",6,0.402610371460024,0.452922833302975,0.426287206957333
"DS06","Bike Sharing Hourly - Humidity","mc.mars_OVERTPhi",7,0.395485783992969,0.434648502786572,0.414143366015596
"DS06","Bike Sharing Hourly - Humidity","mc.mars_OVERTPhi",8,0.394435300235371,0.439875906872113,0.415918146407101
"DS06","Bike Sharing Hourly - Humidity","mc.mars_OVERTPhi",9,0.399723702828824,0.446922953080515,0.422007685113129
"DS06","Bike Sharing Hourly - Humidity","mc.mars_OVERTPhi",10,0.383011550109153,0.444373284396584,0.411417017536961
"DS06","Bike Sharing Hourly - Humidity","mc.mars_OVERTPhi",11,0.405679639707084,0.455410935260055,0.429109200601843
"DS06","Bike Sharing Hourly - Humidity","mc.mars_OVERTPhi",12,0.397557028796829,0.456200153965389,0.424864543242499
"DS06","Bike Sharing Hourly - Humidity","mc.mars_OVERTPhi",13,0.383407677189727,0.448583210193702,0.413442621198843
"DS06","Bike Sharing Hourly - Humidity","mc.mars_OVERTPhi",14,0.39880435233789,0.440362306903699,0.418554294703431
"DS06","Bike Sharing Hourly - Humidity","mc.mars_OVERTPhi",15,0.394366335108925,0.434116974208062,0.41328803658857
"DS06","Bike Sharing Hourly - Humidity","mc.mars_OVERTPhi",16,0.376402596184185,0.446929857775452,0.408645518514094
"DS06","Bike Sharing Hourly - Humidity","mc.mars_OVERTPhi",17,0.413879722224326,0.462979147025124,0.437054781530418
"DS06","Bike Sharing Hourly - Humidity","mc.mars_OVERTPhi",18,0.434428259122609,0.463890260518266,0.448676129668236
"DS06","Bike Sharing Hourly - Humidity","mc.mars_OVERTPhi",19,0.440706090540309,0.475757593828265,0.457561544002427
"DS06","Bike Sharing Hourly - Humidity","mc.mars_OVERTPhi",20,0.410001097877638,0.476950255901651,0.440948937547613
"DS06","Bike Sharing Hourly - Humidity","mc.mars_OVERTPhi",21,0.441943313182138,0.474430240846867,0.457610919895725
"DS06","Bike Sharing Hourly - Humidity","mc.mars_OVERTPhi",22,0.420180678963673,0.476667742709934,0.446645321398207
"DS06","Bike Sharing Hourly - Humidity","mc.mars_OVERTPhi",23,0.399110824406222,0.474995235782297,0.43375912552583
"DS06","Bike Sharing Hourly - Humidity","mc.mars_OVERTPhi",24,0.400290241916145,0.479129512913418,0.436175938918832
"DS06","Bike Sharing Hourly - Humidity","mc.mars_OVERTPhi",25,0.383451946389842,0.452651844065181,0.415188240085085
"DS06","Bike Sharing Hourly - Humidity","mc.mars_OVERTPhi",26,0.395560116474723,0.48069193223926,0.433990555534976
"DS06","Bike Sharing Hourly - Humidity","mc.mars_OVERTPhi",27,0.405264974371576,0.48768370434273,0.442670734955253
"DS06","Bike Sharing Hourly - Humidity","mc.mars_OVERTPhi",28,0.40835219233004,0.475758160401194,0.439485607692672
"DS06","Bike Sharing Hourly - Humidity","mc.mars_OVERTPhi",29,0.406823995641762,0.481234152486852,0.440911670404772
"DS06","Bike Sharing Hourly - Humidity","mc.mars_OVERTPhi",30,0.372407300283222,0.48939552772819,0.422960940317371
"DS06","Bike Sharing Hourly - Humidity","mc.mars_OVERTPhi",31,0.378293111715514,0.479926374684058,0.423091865311132
"DS06","Bike Sharing Hourly - Humidity","mc.mars_OVERTPhi",32,0.437745086373631,0.492485384950696,0.463504613144047
"DS06","Bike Sharing Hourly - Humidity","mc.mars_OVERTPhi",33,0.389391128439353,0.500096082741597,0.437854475115631
"DS06","Bike Sharing Hourly - Humidity","mc.mars_OVERTPhi",34,0.434873344822539,0.49918017091557,0.464813090336905
"DS06","Bike Sharing Hourly - Humidity","mc.mars_OVERTPhi",35,0.449340542266938,0.498968165693962,0.472855778428871
"DS06","Bike Sharing Hourly - Humidity","mc.mars_OVERTPhi",36,0.410149232181312,0.499216874327073,0.450321198979755
"DS06","Bike Sharing Hourly - Humidity","mc.mars_OVERTPhi",37,0.407750524716687,0.501477555865585,0.449783153214727
"DS06","Bike Sharing Hourly - Humidity","mc.mars_OVERTPhi",38,0.371300516449729,0.490673899245098,0.422721298639121
"DS06","Bike Sharing Hourly - Humidity","mc.mars_OVERTPhi",39,0.402976040748737,0.499005660160599,0.445878946413217
"DS06","Bike Sharing Hourly - Humidity","mc.mars_OVERTPhi",40,0.447175451595958,0.496427826021993,0.470516248834109
"DS06","Bike Sharing Hourly - Humidity","mc.mars_OVERTPhi",41,0.413556049380255,0.50361858261882,0.454165442775859
"DS06","Bike Sharing Hourly - Humidity","mc.mars_OVERTPhi",42,0.40325743088714,0.504460787614614,0.448217424857997
"DS06","Bike Sharing Hourly - Humidity","mc.mars_OVERTPhi",43,0.421570666289401,0.498291587061763,0.456731680420061
"DS06","Bike Sharing Hourly - Humidity","mc.mars_OVERTPhi",44,0.418036735078071,0.498751314298722,0.454840944288191
"DS06","Bike Sharing Hourly - Humidity","mc.mars_OVERTPhi",45,0.449692171753863,0.50165538112105,0.474254644638789
"DS06","Bike Sharing Hourly - Humidity","mc.mars_OVERTPhi",46,0.41389624039581,0.493325684061206,0.45013384359253
"DS06","Bike Sharing Hourly - Humidity","mc.mars_OVERTPhi",47,0.404713315038445,0.490885590837976,0.443653813038615
"DS06","Bike Sharing Hourly - Humidity","mc.mars_OVERTPhi",48,0.413128612502926,0.499037208279521,0.452037436059607
"DS06","Bike Sharing Hourly - Humidity","mc.mars_OVERTPhi",49,0.411662448310782,0.499151371016581,0.451205001746939
"DS06","Bike Sharing Hourly - Humidity","mc.mars_OVERTPhi",50,0.445388728021238,0.494053640928485,0.468460716655576
"DS06","Bike Sharing Hourly - Humidity","mc.mars_SMOTEB",1,0.396628879106658,0.461139093758862,0.426458174368123
"DS06","Bike Sharing Hourly - Humidity","mc.mars_SMOTEB",2,0.408258989738787,0.453750799733973,0.42980449956575
"DS06","Bike Sharing Hourly - Humidity","mc.mars_SMOTEB",3,0.398412918376188,0.475307978375884,0.433476730375049
"DS06","Bike Sharing Hourly - Humidity","mc.mars_SMOTEB",4,0.392829463712277,0.478267474866887,0.431358548841714
"DS06","Bike Sharing Hourly - Humidity","mc.mars_SMOTEB",5,0.394962870258824,0.474142972127936,0.43094605985024
"DS06","Bike Sharing Hourly - Humidity","mc.mars_SMOTEB",6,0.395203113125038,0.468333254826137,0.428671604709383
"DS06","Bike Sharing Hourly - Humidity","mc.mars_SMOTEB",7,0.387108005595505,0.482603624141053,0.429613035049318
"DS06","Bike Sharing Hourly - Humidity","mc.mars_SMOTEB",8,0.402007847377548,0.478143814644491,0.436782827224402
"DS06","Bike Sharing Hourly - Humidity","mc.mars_SMOTEB",9,0.392934296366751,0.475789436577584,0.430410682684377
"DS06","Bike Sharing Hourly - Humidity","mc.mars_SMOTEB",10,0.393952187505687,0.475375427346492,0.430850662719246
"DS06","Bike Sharing Hourly - Humidity","mc.mars_SMOTEB",11,0.391256790969266,0.477803185836633,0.430220574401359
"DS06","Bike Sharing Hourly - Humidity","mc.mars_SMOTEB",12,0.394739273029491,0.475111104907954,0.431212118581367
"DS06","Bike Sharing Hourly - Humidity","mc.mars_SMOTEB",13,0.390472611573081,0.477488555176742,0.429618767010713
"DS06","Bike Sharing Hourly - Humidity","mc.mars_SMOTEB",14,0.405450031122233,0.4885250986098,0.443127576702737
"DS06","Bike Sharing Hourly - Humidity","mc.mars_SMOTEB",15,0.416737612706025,0.466796647032607,0.440349014561342
"DS06","Bike Sharing Hourly - Humidity","mc.mars_SMOTEB",16,0.387722184653061,0.481944991970948,0.429729372781342
"DS06","Bike Sharing Hourly - Humidity","mc.mars_SMOTEB",17,0.426886420225657,0.498928644760799,0.460104552550334
"DS06","Bike Sharing Hourly - Humidity","mc.mars_SMOTEB",18,0.422894209148776,0.492227360521667,0.454934310911638
"DS06","Bike Sharing Hourly - Humidity","mc.mars_SMOTEB",19,0.401440941401655,0.50202812088843,0.446135124867943
"DS06","Bike Sharing Hourly - Humidity","mc.mars_SMOTEB",20,0.427474456649007,0.495876544719115,0.459141878234192
"DS06","Bike Sharing Hourly - Humidity","mc.mars_SMOTEB",21,0.409776298590145,0.503134751974497,0.451681894372208
"DS06","Bike Sharing Hourly - Humidity","mc.mars_SMOTEB",22,0.412294088832368,0.496086303177633,0.45032555116753
"DS06","Bike Sharing Hourly - Humidity","mc.mars_SMOTEB",23,0.408360575131951,0.507049495383673,0.452385286604094
"DS06","Bike Sharing Hourly - Humidity","mc.mars_SMOTEB",24,0.409734332840455,0.511842000488618,0.45513156752267
"DS06","Bike Sharing Hourly - Humidity","mc.mars_SMOTEB",25,0.400915620169674,0.506250702317365,0.447467700794855
"DS06","Bike Sharing Hourly - Humidity","mc.mars_SMOTEB",26,0.414173750677111,0.507904839670351,0.456275321074436
"DS06","Bike Sharing Hourly - Humidity","mc.mars_SMOTEB",27,0.415582521377798,0.524260512846245,0.463638071153746
"DS06","Bike Sharing Hourly - Humidity","mc.mars_SMOTEB",28,0.407689247202647,0.522675997495746,0.458076836305322
"DS06","Bike Sharing Hourly - Humidity","mc.mars_SMOTEB",29,0.41693885649647,0.531743070836249,0.467394479681347
"DS06","Bike Sharing Hourly - Humidity","mc.mars_SMOTEB",30,0.407766615888056,0.526450420935493,0.459569667681525
"DS06","Bike Sharing Hourly - Humidity","mc.mars_SMOTEB",31,0.411113962303362,0.540440612486208,0.466988835901494
"DS06","Bike Sharing Hourly - Humidity","mc.mars_SMOTEB",32,0.426204144976173,0.559657254191096,0.483898125443814
"DS06","Bike Sharing Hourly - Humidity","mc.mars_SMOTEB",33,0.422099930829583,0.547753488635184,0.476786914443566
"DS06","Bike Sharing Hourly - Humidity","mc.mars_SMOTEB",34,0.417135547090837,0.54095096060608,0.471042798513375
"DS06","Bike Sharing Hourly - Humidity","mc.mars_SMOTEB",35,0.427123050228745,0.553983675896533,0.482351595652287
"DS06","Bike Sharing Hourly - Humidity","mc.mars_SMOTEB",36,0.429544533078385,0.559586380822695,0.486017103073873
"DS06","Bike Sharing Hourly - Humidity","mc.mars_SMOTEB",37,0.418540675574602,0.55643067563582,0.477734798262365
"DS06","Bike Sharing Hourly - Humidity","mc.mars_SMOTEB",38,0.429517632682735,0.566589491214276,0.488622500795271
"DS06","Bike Sharing Hourly - Humidity","mc.mars_SMOTEB",39,0.431128698941744,0.562937451784103,0.488294448002374
"DS06","Bike Sharing Hourly - Humidity","mc.mars_SMOTEB",40,0.423317526289351,0.56252405961229,0.483092409163345
"DS06","Bike Sharing Hourly - Humidity","mc.mars_SMOTEB",41,0.42240811442328,0.558412092142652,0.480980708460313
"DS06","Bike Sharing Hourly - Humidity","mc.mars_SMOTEB",42,0.44247912422823,0.557076589317493,0.493208648660239
"DS06","Bike Sharing Hourly - Humidity","mc.mars_SMOTEB",43,0.444824662458126,0.54565551936027,0.490107801596273
"DS06","Bike Sharing Hourly - Humidity","mc.mars_SMOTEB",44,0.441723194232727,0.551461869494743,0.490529927175005
"DS06","Bike Sharing Hourly - Humidity","mc.mars_SMOTEB",45,0.428829954846393,0.546985267895337,0.480754270412282
"DS06","Bike Sharing Hourly - Humidity","mc.mars_SMOTEB",46,0.436009152044233,0.56066627410626,0.490542096933287
"DS06","Bike Sharing Hourly - Humidity","mc.mars_SMOTEB",47,0.440649556441318,0.536299547076996,0.483792158031757
"DS06","Bike Sharing Hourly - Humidity","mc.mars_SMOTEB",48,0.439605954181976,0.556843552494825,0.491327939016116
"DS06","Bike Sharing Hourly - Humidity","mc.mars_SMOTEB",49,0.424561107365656,0.552771537142528,0.480256742160795
"DS06","Bike Sharing Hourly - Humidity","mc.mars_SMOTEB",50,0.429850394960494,0.550857562321749,0.482888588743923
"DS06","Bike Sharing Hourly - Humidity","mc.mars_SMOTET",1,0.380024709924267,0.464544206838572,0.418055350953439
"DS06","Bike Sharing Hourly - Humidity","mc.mars_SMOTET",2,0.40714770667987,0.467485975626882,0.435235566001749
"DS06","Bike Sharing Hourly - Humidity","mc.mars_SMOTET",3,0.36779970487609,0.468267974529438,0.411997322889726
"DS06","Bike Sharing Hourly - Humidity","mc.mars_SMOTET",4,0.37052472034213,0.474852140956057,0.416250940347288
"DS06","Bike Sharing Hourly - Humidity","mc.mars_SMOTET",5,0.370529294389201,0.472539461915745,0.415362832711505
"DS06","Bike Sharing Hourly - Humidity","mc.mars_SMOTET",6,0.37300967199019,0.469110331925574,0.415576616693862
"DS06","Bike Sharing Hourly - Humidity","mc.mars_SMOTET",7,0.37607573393336,0.46058320425041,0.414061593489618
"DS06","Bike Sharing Hourly - Humidity","mc.mars_SMOTET",8,0.387304590853169,0.490317489654869,0.432765352961496
"DS06","Bike Sharing Hourly - Humidity","mc.mars_SMOTET",9,0.389702549381599,0.472643620243486,0.427184419078278
"DS06","Bike Sharing Hourly - Humidity","mc.mars_SMOTET",10,0.3639776793312,0.442676859560147,0.399488227656346
"DS06","Bike Sharing Hourly - Humidity","mc.mars_SMOTET",11,0.381849924030655,0.478776924491013,0.424855284397791
"DS06","Bike Sharing Hourly - Humidity","mc.mars_SMOTET",12,0.378316590931382,0.465720170583885,0.417492875421612
"DS06","Bike Sharing Hourly - Humidity","mc.mars_SMOTET",13,0.389957897663931,0.479747570994294,0.430217725278743
"DS06","Bike Sharing Hourly - Humidity","mc.mars_SMOTET",14,0.385601455045757,0.480921121310187,0.428018586473089
"DS06","Bike Sharing Hourly - Humidity","mc.mars_SMOTET",15,0.391921277280137,0.455423165620088,0.42129273465668
"DS06","Bike Sharing Hourly - Humidity","mc.mars_SMOTET",16,0.384722601421245,0.468869192809096,0.422648335663635
"DS06","Bike Sharing Hourly - Humidity","mc.mars_SMOTET",17,0.376138304079623,0.501447018779738,0.429846366653104
"DS06","Bike Sharing Hourly - Humidity","mc.mars_SMOTET",18,0.388379948254348,0.483579993603384,0.430783029991906
"DS06","Bike Sharing Hourly - Humidity","mc.mars_SMOTET",19,0.386919143252105,0.503408162129256,0.437543033039378
"DS06","Bike Sharing Hourly - Humidity","mc.mars_SMOTET",20,0.377694778689804,0.49501238414622,0.428468106692847
"DS06","Bike Sharing Hourly - Humidity","mc.mars_SMOTET",21,0.394278097828343,0.503442164560381,0.442222877940343
"DS06","Bike Sharing Hourly - Humidity","mc.mars_SMOTET",22,0.383260452047748,0.495991923179429,0.432399374845394
"DS06","Bike Sharing Hourly - Humidity","mc.mars_SMOTET",23,0.394243858587582,0.475832107113391,0.431212660372957
"DS06","Bike Sharing Hourly - Humidity","mc.mars_SMOTET",24,0.389487609219384,0.488623979035407,0.433459683136632
"DS06","Bike Sharing Hourly - Humidity","mc.mars_SMOTET",25,0.424376965166726,0.509419351774947,0.463025682541766
"DS06","Bike Sharing Hourly - Humidity","mc.mars_SMOTET",26,0.393256553023162,0.497326739763549,0.439211022685331
"DS06","Bike Sharing Hourly - Humidity","mc.mars_SMOTET",27,0.401310472998907,0.534171378327553,0.458306204861475
"DS06","Bike Sharing Hourly - Humidity","mc.mars_SMOTET",28,0.388762977516074,0.50518502178982,0.439392970105701
"DS06","Bike Sharing Hourly - Humidity","mc.mars_SMOTET",29,0.412721146374007,0.543069361529598,0.469006979244244
"DS06","Bike Sharing Hourly - Humidity","mc.mars_SMOTET",30,0.415170115670772,0.531911876612965,0.466345928101867
"DS06","Bike Sharing Hourly - Humidity","mc.mars_SMOTET",31,0.423496423242327,0.522447454069526,0.467796522472891
"DS06","Bike Sharing Hourly - Humidity","mc.mars_SMOTET",32,0.41988904500838,0.535796703549088,0.470814107066987
"DS06","Bike Sharing Hourly - Humidity","mc.mars_SMOTET",33,0.419801093388487,0.51042783819607,0.460699849886693
"DS06","Bike Sharing Hourly - Humidity","mc.mars_SMOTET",34,0.427623920795799,0.557634032005476,0.484051208026023
"DS06","Bike Sharing Hourly - Humidity","mc.mars_SMOTET",35,0.42189560399384,0.5473383482903,0.476499285846789
"DS06","Bike Sharing Hourly - Humidity","mc.mars_SMOTET",36,0.411602666631406,0.547530669722835,0.469934836332627
"DS06","Bike Sharing Hourly - Humidity","mc.mars_SMOTET",37,0.421220255457281,0.58579786084873,0.490060547268345
"DS06","Bike Sharing Hourly - Humidity","mc.mars_SMOTET",38,0.418134663094209,0.576388061601997,0.484670328720935
"DS06","Bike Sharing Hourly - Humidity","mc.mars_SMOTET",39,0.412867862086094,0.566086904671081,0.477487005575727
"DS06","Bike Sharing Hourly - Humidity","mc.mars_SMOTET",40,0.423001175428066,0.557120787167731,0.480884536457524
"DS06","Bike Sharing Hourly - Humidity","mc.mars_SMOTET",41,0.437464578192564,0.540322218718506,0.483483377453008
"DS06","Bike Sharing Hourly - Humidity","mc.mars_SMOTET",42,0.416649418415993,0.556950422511705,0.476690853615857
"DS06","Bike Sharing Hourly - Humidity","mc.mars_SMOTET",43,0.436191490037166,0.558175448539183,0.489701278582435
"DS06","Bike Sharing Hourly - Humidity","mc.mars_SMOTET",44,0.41143476586689,0.550261566605151,0.470827913505265
"DS06","Bike Sharing Hourly - Humidity","mc.mars_SMOTET",45,0.434255236066275,0.554749081361559,0.487162066007444
"DS06","Bike Sharing Hourly - Humidity","mc.mars_SMOTET",46,0.429999928467617,0.535738300498705,0.477080484094286
"DS06","Bike Sharing Hourly - Humidity","mc.mars_SMOTET",47,0.442053997594512,0.556635425611113,0.492771645271449
"DS06","Bike Sharing Hourly - Humidity","mc.mars_SMOTET",48,0.441938077213134,0.55587021980448,0.492399625969631
"DS06","Bike Sharing Hourly - Humidity","mc.mars_SMOTET",49,0.447566971055479,0.53584100132896,0.487742098227334
"DS06","Bike Sharing Hourly - Humidity","mc.mars_SMOTET",50,0.437820450944075,0.522219416422124,0.476310095364975
"DS06","Bike Sharing Hourly - Humidity","mc.mars_SMOTETPhi",1,0.390302413665821,0.469261185238376,0.426155257090256
"DS06","Bike Sharing Hourly - Humidity","mc.mars_SMOTETPhi",2,0.412953784250311,0.481070934815414,0.444417383072951
"DS06","Bike Sharing Hourly - Humidity","mc.mars_SMOTETPhi",3,0.389335967846234,0.47684777548383,0.428671148847864
"DS06","Bike Sharing Hourly - Humidity","mc.mars_SMOTETPhi",4,0.377833186004719,0.478474495949211,0.422239685655929
"DS06","Bike Sharing Hourly - Humidity","mc.mars_SMOTETPhi",5,0.366179575914913,0.46155125951252,0.408371024099912
"DS06","Bike Sharing Hourly - Humidity","mc.mars_SMOTETPhi",6,0.377790838301165,0.468085413315554,0.418118797767499
"DS06","Bike Sharing Hourly - Humidity","mc.mars_SMOTETPhi",7,0.356221137222981,0.451604861077001,0.39828180208812
"DS06","Bike Sharing Hourly - Humidity","mc.mars_SMOTETPhi",8,0.393126090413408,0.500868298274204,0.440504769166641
"DS06","Bike Sharing Hourly - Humidity","mc.mars_SMOTETPhi",9,0.383054392036068,0.465329552124086,0.420202503624135
"DS06","Bike Sharing Hourly - Humidity","mc.mars_SMOTETPhi",10,0.37377006804582,0.454542951836705,0.410218229001998
"DS06","Bike Sharing Hourly - Humidity","mc.mars_SMOTETPhi",11,0.382606105738619,0.474501658033006,0.423627551213967
"DS06","Bike Sharing Hourly - Humidity","mc.mars_SMOTETPhi",12,0.37075146163781,0.472067123150524,0.415319688146572
"DS06","Bike Sharing Hourly - Humidity","mc.mars_SMOTETPhi",13,0.395131500321133,0.486845049827578,0.436219795027095
"DS06","Bike Sharing Hourly - Humidity","mc.mars_SMOTETPhi",14,0.382989958868591,0.476957828948624,0.424839884185883
"DS06","Bike Sharing Hourly - Humidity","mc.mars_SMOTETPhi",15,0.391430191719169,0.462792757188653,0.424130627500023
"DS06","Bike Sharing Hourly - Humidity","mc.mars_SMOTETPhi",16,0.38340083039034,0.478467217337887,0.425690983499012
"DS06","Bike Sharing Hourly - Humidity","mc.mars_SMOTETPhi",17,0.391969717293264,0.501913504509961,0.440180304697002
"DS06","Bike Sharing Hourly - Humidity","mc.mars_SMOTETPhi",18,0.381537749703454,0.496345702165397,0.431434541512368
"DS06","Bike Sharing Hourly - Humidity","mc.mars_SMOTETPhi",19,0.391349882068148,0.500948908777316,0.439418496099078
"DS06","Bike Sharing Hourly - Humidity","mc.mars_SMOTETPhi",20,0.37627137016947,0.499145155034961,0.4290849578253
"DS06","Bike Sharing Hourly - Humidity","mc.mars_SMOTETPhi",21,0.396457645930813,0.51081389960561,0.446428805450173
"DS06","Bike Sharing Hourly - Humidity","mc.mars_SMOTETPhi",22,0.399710495658653,0.512414029517052,0.449099350072303
"DS06","Bike Sharing Hourly - Humidity","mc.mars_SMOTETPhi",23,0.402756558781727,0.480103138834686,0.43804171507527
"DS06","Bike Sharing Hourly - Humidity","mc.mars_SMOTETPhi",24,0.369452965332865,0.486788478427675,0.420081153874337
"DS06","Bike Sharing Hourly - Humidity","mc.mars_SMOTETPhi",25,0.416367676426692,0.519644782186073,0.462308569795609
"DS06","Bike Sharing Hourly - Humidity","mc.mars_SMOTETPhi",26,0.406652218637616,0.513749942407132,0.453970150760327
"DS06","Bike Sharing Hourly - Humidity","mc.mars_SMOTETPhi",27,0.394799553430834,0.534594074726366,0.454183234260436
"DS06","Bike Sharing Hourly - Humidity","mc.mars_SMOTETPhi",28,0.384187827787135,0.510665838263465,0.438488674899038
"DS06","Bike Sharing Hourly - Humidity","mc.mars_SMOTETPhi",29,0.41492031386992,0.557505024639974,0.475759219030926
"DS06","Bike Sharing Hourly - Humidity","mc.mars_SMOTETPhi",30,0.422350784709712,0.530636738643301,0.470341609873904
"DS06","Bike Sharing Hourly - Humidity","mc.mars_SMOTETPhi",31,0.424158540326702,0.525950636027578,0.469601724966759
"DS06","Bike Sharing Hourly - Humidity","mc.mars_SMOTETPhi",32,0.402856646451967,0.539017738198016,0.461095198951127
"DS06","Bike Sharing Hourly - Humidity","mc.mars_SMOTETPhi",33,0.42005683322062,0.529540642260796,0.468487271697757
"DS06","Bike Sharing Hourly - Humidity","mc.mars_SMOTETPhi",34,0.427195458296941,0.547516970009167,0.479929784695355
"DS06","Bike Sharing Hourly - Humidity","mc.mars_SMOTETPhi",35,0.409689280880906,0.549527641101729,0.469415371951129
"DS06","Bike Sharing Hourly - Humidity","mc.mars_SMOTETPhi",36,0.426351466360601,0.554930299367889,0.482216943443929
"DS06","Bike Sharing Hourly - Humidity","mc.mars_SMOTETPhi",37,0.431878168815633,0.602634288629267,0.503163767948308
"DS06","Bike Sharing Hourly - Humidity","mc.mars_SMOTETPhi",38,0.421429334932214,0.5947389721361,0.493304992376102
"DS06","Bike Sharing Hourly - Humidity","mc.mars_SMOTETPhi",39,0.412014799030871,0.567054772885632,0.477259155000876
"DS06","Bike Sharing Hourly - Humidity","mc.mars_SMOTETPhi",40,0.42526640865825,0.585740721922877,0.492767747491261
"DS06","Bike Sharing Hourly - Humidity","mc.mars_SMOTETPhi",41,0.431472454428337,0.546845715950844,0.482356089049193
"DS06","Bike Sharing Hourly - Humidity","mc.mars_SMOTETPhi",42,0.407102358898904,0.548790433178534,0.467445474513074
"DS06","Bike Sharing Hourly - Humidity","mc.mars_SMOTETPhi",43,0.431126464665053,0.570361930908448,0.491065346216576
"DS06","Bike Sharing Hourly - Humidity","mc.mars_SMOTETPhi",44,0.422749730321803,0.569600803449086,0.485309530966158
"DS06","Bike Sharing Hourly - Humidity","mc.mars_SMOTETPhi",45,0.442569298536159,0.568946225850632,0.49786310938165
"DS06","Bike Sharing Hourly - Humidity","mc.mars_SMOTETPhi",46,0.414271290840799,0.546469771453969,0.471275240562693
"DS06","Bike Sharing Hourly - Humidity","mc.mars_SMOTETPhi",47,0.424767913118765,0.554522892029306,0.481049204966763
"DS06","Bike Sharing Hourly - Humidity","mc.mars_SMOTETPhi",48,0.433463450542452,0.566296561169039,0.491055570455229
"DS06","Bike Sharing Hourly - Humidity","mc.mars_SMOTETPhi",49,0.4376566993698,0.556761116738412,0.490076160627961
"DS06","Bike Sharing Hourly - Humidity","mc.mars_SMOTETPhi",50,0.419518628405777,0.532930821448939,0.469472489660268
"DS06","Bike Sharing Hourly - Humidity","mc.rf",1,0.25,0.404323716726482,0.308963060936622
"DS06","Bike Sharing Hourly - Humidity","mc.rf",2,0.25,0.409071843371056,0.310339341215605
"DS06","Bike Sharing Hourly - Humidity","mc.rf",3,0.414104362122837,0.411296022943655,0.412695414991893
"DS06","Bike Sharing Hourly - Humidity","mc.rf",4,0.25,0.410519832446663,0.310755114593635
"DS06","Bike Sharing Hourly - Humidity","mc.rf",5,0.25,0.410332743274673,0.310701496672557
"DS06","Bike Sharing Hourly - Humidity","mc.rf",6,0.25,0.409526504884648,0.310470088655705
"DS06","Bike Sharing Hourly - Humidity","mc.rf",7,0.25,0.4100942646536,0.310633106976627
"DS06","Bike Sharing Hourly - Humidity","mc.rf",8,0.25,0.412407994382921,0.311294547982552
"DS06","Bike Sharing Hourly - Humidity","mc.rf",9,0.25,0.410900535710126,0.310864126678775
"DS06","Bike Sharing Hourly - Humidity","mc.rf",10,0.424058339527524,0.411912676914054,0.417897277219104
"DS06","Bike Sharing Hourly - Humidity","mc.rf",11,0.25,0.412700099513735,0.311377725623219
"DS06","Bike Sharing Hourly - Humidity","mc.rf",12,0.25,0.41308166976771,0.311486268284584
"DS06","Bike Sharing Hourly - Humidity","mc.rf",13,0.25,0.414303871060754,0.311833100113655
"DS06","Bike Sharing Hourly - Humidity","mc.rf",14,0.25,0.411462057109036,0.311024685911206
"DS06","Bike Sharing Hourly - Humidity","mc.rf",15,0.244106398139414,0.414835404903521,0.307353323295247
"DS06","Bike Sharing Hourly - Humidity","mc.rf",16,0.25,0.413480007518227,0.311599447483629
"DS06","Bike Sharing Hourly - Humidity","mc.rf",17,0.25,0.414782289436986,0.311968516631416
"DS06","Bike Sharing Hourly - Humidity","mc.rf",18,0.25,0.41757022856669,0.312753782821649
"DS06","Bike Sharing Hourly - Humidity","mc.rf",19,0.604713120638108,0.419004733012324,0.495014634664251
"DS06","Bike Sharing Hourly - Humidity","mc.rf",20,0.25,0.420666303995486,0.313618189470212
"DS06","Bike Sharing Hourly - Humidity","mc.rf",21,1e-05,0.417305258106976,1.99995207460161e-05
"DS06","Bike Sharing Hourly - Humidity","mc.rf",22,1e-05,0.417484301029227,1.99995209515447e-05
"DS06","Bike Sharing Hourly - Humidity","mc.rf",23,1e-05,0.420102916689194,1.99995239375129e-05
"DS06","Bike Sharing Hourly - Humidity","mc.rf",24,1e-05,0.421904016664075,1.99995259697661e-05
"DS06","Bike Sharing Hourly - Humidity","mc.rf",25,1e-05,0.422101658620756,1.99995261917175e-05
"DS06","Bike Sharing Hourly - Humidity","mc.rf",26,1e-05,0.420267956948027,1.99995241244593e-05
"DS06","Bike Sharing Hourly - Humidity","mc.rf",27,1e-05,0.422312745638852,1.99995264285382e-05
"DS06","Bike Sharing Hourly - Humidity","mc.rf",28,1e-05,0.422675257110346,1.99995268346917e-05
"DS06","Bike Sharing Hourly - Humidity","mc.rf",29,1e-05,0.423584149853872,1.99995278499477e-05
"DS06","Bike Sharing Hourly - Humidity","mc.rf",30,1e-05,0.425084756619818,1.99995295166621e-05
"DS06","Bike Sharing Hourly - Humidity","mc.rf",31,1e-05,0.425283710874977,1.99995297367563e-05
"DS06","Bike Sharing Hourly - Humidity","mc.rf",32,1e-05,0.42446330526406,1.99995288278497e-05
"DS06","Bike Sharing Hourly - Humidity","mc.rf",33,1e-05,0.424733020374954,1.99995291270476e-05
"DS06","Bike Sharing Hourly - Humidity","mc.rf",34,1e-05,0.422434482913372,1.99995265650089e-05
"DS06","Bike Sharing Hourly - Humidity","mc.rf",35,1e-05,0.423160305285486,1.99995273770454e-05
"DS06","Bike Sharing Hourly - Humidity","mc.rf",36,1e-05,0.423008445416459,1.99995272073779e-05
"DS06","Bike Sharing Hourly - Humidity","mc.rf",37,1e-05,0.424868535324594,1.99995292772325e-05
"DS06","Bike Sharing Hourly - Humidity","mc.rf",38,1e-05,0.42430197990917,1.99995286487079e-05
"DS06","Bike Sharing Hourly - Humidity","mc.rf",39,1e-05,0.424569572318033,1.99995289457783e-05
"DS06","Bike Sharing Hourly - Humidity","mc.rf",40,1e-05,0.424084452023983,1.99995284069408e-05
"DS06","Bike Sharing Hourly - Humidity","mc.rf",41,1e-05,0.422142467648827,1.999952623752e-05
"DS06","Bike Sharing Hourly - Humidity","mc.rf",42,1e-05,0.422424927148163,1.99995265542995e-05
"DS06","Bike Sharing Hourly - Humidity","mc.rf",43,1e-05,0.422111440992735,1.99995262026977e-05
"DS06","Bike Sharing Hourly - Humidity","mc.rf",44,1e-05,0.421214772644549,1.99995251941173e-05
"DS06","Bike Sharing Hourly - Humidity","mc.rf",45,1e-05,0.418924673228052,1.99995225985988e-05
"DS06","Bike Sharing Hourly - Humidity","mc.rf",46,1e-05,0.420711376833562,1.9999524626009e-05
"DS06","Bike Sharing Hourly - Humidity","mc.rf",47,1e-05,0.420773418730939,1.99995246961e-05
"DS06","Bike Sharing Hourly - Humidity","mc.rf",48,1e-05,0.421310190337917,1.9999525301648e-05
"DS06","Bike Sharing Hourly - Humidity","mc.rf",49,1e-05,0.422031850260608,1.99995261133466e-05
"DS06","Bike Sharing Hourly - Humidity","mc.rf",50,1e-05,0.419259294735093,1.99995229796159e-05
"DS06","Bike Sharing Hourly - Humidity","mc.rf_UNDERB",1,0.428757851250853,0.455604521472215,0.441773692937908
"DS06","Bike Sharing Hourly - Humidity","mc.rf_UNDERB",2,0.442324198410448,0.454433808804966,0.448297240934429
"DS06","Bike Sharing Hourly - Humidity","mc.rf_UNDERB",3,0.419680962465316,0.474456234969992,0.445390819017532
"DS06","Bike Sharing Hourly - Humidity","mc.rf_UNDERB",4,0.412675140889768,0.473483891284097,0.440993150101671
"DS06","Bike Sharing Hourly - Humidity","mc.rf_UNDERB",5,0.393702795682493,0.472931300515731,0.429695475854466
"DS06","Bike Sharing Hourly - Humidity","mc.rf_UNDERB",6,0.400299617365494,0.477907436331766,0.435674396133188
"DS06","Bike Sharing Hourly - Humidity","mc.rf_UNDERB",7,0.394492579764669,0.485551265548677,0.435310973139289
"DS06","Bike Sharing Hourly - Humidity","mc.rf_UNDERB",8,0.431273303263019,0.482628185957914,0.455507851690544
"DS06","Bike Sharing Hourly - Humidity","mc.rf_UNDERB",9,0.432091315864912,0.484797559532178,0.456929560489292
"DS06","Bike Sharing Hourly - Humidity","mc.rf_UNDERB",10,0.418195573679635,0.475738333024346,0.445114932118557
"DS06","Bike Sharing Hourly - Humidity","mc.rf_UNDERB",11,0.426934615668308,0.492008020111741,0.457167285080477
"DS06","Bike Sharing Hourly - Humidity","mc.rf_UNDERB",12,0.447217047705735,0.484128434324356,0.464941298983921
"DS06","Bike Sharing Hourly - Humidity","mc.rf_UNDERB",13,0.429902417236613,0.480959165322738,0.453999843057111
"DS06","Bike Sharing Hourly - Humidity","mc.rf_UNDERB",14,0.444925468477701,0.477905232245778,0.460826041392421
"DS06","Bike Sharing Hourly - Humidity","mc.rf_UNDERB",15,0.423981061989243,0.468932205782052,0.445325166025771
"DS06","Bike Sharing Hourly - Humidity","mc.rf_UNDERB",16,0.427417742353392,0.489148579342081,0.45620437170552
"DS06","Bike Sharing Hourly - Humidity","mc.rf_UNDERB",17,0.446726467045784,0.487818798878037,0.466369209769379
"DS06","Bike Sharing Hourly - Humidity","mc.rf_UNDERB",18,0.426822508255041,0.488196886544025,0.455451372553213
"DS06","Bike Sharing Hourly - Humidity","mc.rf_UNDERB",19,0.443624361409089,0.491571323992697,0.466368735650423
"DS06","Bike Sharing Hourly - Humidity","mc.rf_UNDERB",20,0.429764013498874,0.503148517028012,0.463569989657746
"DS06","Bike Sharing Hourly - Humidity","mc.rf_UNDERB",21,0.438640107678527,0.499265755930161,0.46699352981714
"DS06","Bike Sharing Hourly - Humidity","mc.rf_UNDERB",22,0.458863708588237,0.50284335335844,0.479847918541732
"DS06","Bike Sharing Hourly - Humidity","mc.rf_UNDERB",23,0.463901654621641,0.504331746548984,0.483272589892954
"DS06","Bike Sharing Hourly - Humidity","mc.rf_UNDERB",24,0.454164479017739,0.502286638287459,0.47701496766113
"DS06","Bike Sharing Hourly - Humidity","mc.rf_UNDERB",25,0.454098671652926,0.507141427066227,0.479156557613038
"DS06","Bike Sharing Hourly - Humidity","mc.rf_UNDERB",26,0.464122761219611,0.514367716201471,0.487955213125529
"DS06","Bike Sharing Hourly - Humidity","mc.rf_UNDERB",27,0.469919316979665,0.526477132098652,0.496593046974549
"DS06","Bike Sharing Hourly - Humidity","mc.rf_UNDERB",28,0.46890326142158,0.513119442138628,0.490015921312909
"DS06","Bike Sharing Hourly - Humidity","mc.rf_UNDERB",29,0.473805861864628,0.524528960094033,0.497878848947134
"DS06","Bike Sharing Hourly - Humidity","mc.rf_UNDERB",30,0.477595908785195,0.528294372197263,0.50166749906207
"DS06","Bike Sharing Hourly - Humidity","mc.rf_UNDERB",31,0.486286863183882,0.525074647062918,0.504936959673898
"DS06","Bike Sharing Hourly - Humidity","mc.rf_UNDERB",32,0.483875458867719,0.51743963411027,0.500095009347782
"DS06","Bike Sharing Hourly - Humidity","mc.rf_UNDERB",33,0.467664988054184,0.527528557364853,0.495796295331471
"DS06","Bike Sharing Hourly - Humidity","mc.rf_UNDERB",34,0.45938255494774,0.518279312105911,0.4870568907209
"DS06","Bike Sharing Hourly - Humidity","mc.rf_UNDERB",35,0.461943237854695,0.514336876042613,0.486734162634363
"DS06","Bike Sharing Hourly - Humidity","mc.rf_UNDERB",36,0.475485180069536,0.514324398975748,0.494142781881384
"DS06","Bike Sharing Hourly - Humidity","mc.rf_UNDERB",37,0.461278978671024,0.522775557514336,0.49010571340726
"DS06","Bike Sharing Hourly - Humidity","mc.rf_UNDERB",38,0.497562516591121,0.526859889783204,0.511792266589029
"DS06","Bike Sharing Hourly - Humidity","mc.rf_UNDERB",39,0.477954891330016,0.522667779804698,0.499312336417417
"DS06","Bike Sharing Hourly - Humidity","mc.rf_UNDERB",40,0.47908186991146,0.523940025112824,0.500507851718295
"DS06","Bike Sharing Hourly - Humidity","mc.rf_UNDERB",41,0.486077886761316,0.52111286860177,0.502986034344134
"DS06","Bike Sharing Hourly - Humidity","mc.rf_UNDERB",42,0.486280288298473,0.524270598962639,0.504561346140487
"DS06","Bike Sharing Hourly - Humidity","mc.rf_UNDERB",43,0.503237676089061,0.520593674486119,0.511768565765993
"DS06","Bike Sharing Hourly - Humidity","mc.rf_UNDERB",44,0.490485838078062,0.520087662576723,0.504853200460371
"DS06","Bike Sharing Hourly - Humidity","mc.rf_UNDERB",45,0.549684150334564,0.51351979719606,0.53098691752847
"DS06","Bike Sharing Hourly - Humidity","mc.rf_UNDERB",46,0.48874833436922,0.521104957709728,0.504408278132862
"DS06","Bike Sharing Hourly - Humidity","mc.rf_UNDERB",47,0.488584262599355,0.516685162754676,0.502241952005288
"DS06","Bike Sharing Hourly - Humidity","mc.rf_UNDERB",48,0.505754948386901,0.523076797712084,0.514270054034293
"DS06","Bike Sharing Hourly - Humidity","mc.rf_UNDERB",49,0.504383972499046,0.511304371266245,0.507820595792898
"DS06","Bike Sharing Hourly - Humidity","mc.rf_UNDERB",50,0.510508345352287,0.513421135506859,0.511960597396951
"DS06","Bike Sharing Hourly - Humidity","mc.rf_UNDERT",1,0.432090919098365,0.450768574764479,0.441232175956874
"DS06","Bike Sharing Hourly - Humidity","mc.rf_UNDERT",2,0.447941360313108,0.457037599368246,0.452443765206064
"DS06","Bike Sharing Hourly - Humidity","mc.rf_UNDERT",3,0.428137705627858,0.4804792122711,0.452800874584872
"DS06","Bike Sharing Hourly - Humidity","mc.rf_UNDERT",4,0.423871334697592,0.48339529497749,0.451680690475797
"DS06","Bike Sharing Hourly - Humidity","mc.rf_UNDERT",5,0.424325536292946,0.480514699362184,0.45067548826645
"DS06","Bike Sharing Hourly - Humidity","mc.rf_UNDERT",6,0.414414113612358,0.476420525068023,0.443259345854053
"DS06","Bike Sharing Hourly - Humidity","mc.rf_UNDERT",7,0.406579595557429,0.476938585995891,0.438957570876517
"DS06","Bike Sharing Hourly - Humidity","mc.rf_UNDERT",8,0.42500573023755,0.474207201464266,0.448260408267922
"DS06","Bike Sharing Hourly - Humidity","mc.rf_UNDERT",9,0.414215856808165,0.480959253959484,0.44509939356514
"DS06","Bike Sharing Hourly - Humidity","mc.rf_UNDERT",10,0.438792677641332,0.481560662562516,0.459182975368435
"DS06","Bike Sharing Hourly - Humidity","mc.rf_UNDERT",11,0.430895459583022,0.483920892372564,0.4558714213513
"DS06","Bike Sharing Hourly - Humidity","mc.rf_UNDERT",12,0.422307084656809,0.47899661930304,0.448869043740989
"DS06","Bike Sharing Hourly - Humidity","mc.rf_UNDERT",13,0.430612469151121,0.488110178766829,0.457562094007181
"DS06","Bike Sharing Hourly - Humidity","mc.rf_UNDERT",14,0.444287718832968,0.477106780667447,0.460112760250716
"DS06","Bike Sharing Hourly - Humidity","mc.rf_UNDERT",15,0.4495680476971,0.462605315913832,0.455993514010102
"DS06","Bike Sharing Hourly - Humidity","mc.rf_UNDERT",16,0.429907015602147,0.490737512789045,0.458312612655891
"DS06","Bike Sharing Hourly - Humidity","mc.rf_UNDERT",17,0.4179037901894,0.48546441609344,0.449157758877364
"DS06","Bike Sharing Hourly - Humidity","mc.rf_UNDERT",18,0.42742204719931,0.485526906265126,0.454625427760615
"DS06","Bike Sharing Hourly - Humidity","mc.rf_UNDERT",19,0.412654001449949,0.49504484058259,0.450110157474972
"DS06","Bike Sharing Hourly - Humidity","mc.rf_UNDERT",20,0.426817817360111,0.491994099261712,0.457094305813992
"DS06","Bike Sharing Hourly - Humidity","mc.rf_UNDERT",21,0.444714981417068,0.504464400954659,0.472709122980642
"DS06","Bike Sharing Hourly - Humidity","mc.rf_UNDERT",22,0.457675271063713,0.497408793954742,0.476715533094591
"DS06","Bike Sharing Hourly - Humidity","mc.rf_UNDERT",23,0.460861316335581,0.503602449845075,0.481284826001335
"DS06","Bike Sharing Hourly - Humidity","mc.rf_UNDERT",24,0.484339769700049,0.512315105029661,0.49793481429811
"DS06","Bike Sharing Hourly - Humidity","mc.rf_UNDERT",25,0.467280386066698,0.50733918980823,0.48648653966864
"DS06","Bike Sharing Hourly - Humidity","mc.rf_UNDERT",26,0.46254331226469,0.512122370871219,0.486071853777556
"DS06","Bike Sharing Hourly - Humidity","mc.rf_UNDERT",27,0.461071383217699,0.51627663853107,0.487114883446694
"DS06","Bike Sharing Hourly - Humidity","mc.rf_UNDERT",28,0.463896375465475,0.515944626945555,0.488538123617994
"DS06","Bike Sharing Hourly - Humidity","mc.rf_UNDERT",29,0.463265450186264,0.518623102607831,0.489383778684295
"DS06","Bike Sharing Hourly - Humidity","mc.rf_UNDERT",30,0.445142199048219,0.522408776414524,0.480690314893295
"DS06","Bike Sharing Hourly - Humidity","mc.rf_UNDERT",31,0.467360994121911,0.526951173826295,0.495370432731129
"DS06","Bike Sharing Hourly - Humidity","mc.rf_UNDERT",32,0.47242958061249,0.518913754753236,0.494581844223894
"DS06","Bike Sharing Hourly - Humidity","mc.rf_UNDERT",33,0.471309019682237,0.52521919226831,0.496805890004362
"DS06","Bike Sharing Hourly - Humidity","mc.rf_UNDERT",34,0.45082037837326,0.514636852438691,0.480619489163936
"DS06","Bike Sharing Hourly - Humidity","mc.rf_UNDERT",35,0.485179118163018,0.524810952847012,0.504217462355782
"DS06","Bike Sharing Hourly - Humidity","mc.rf_UNDERT",36,0.493553218201892,0.517468230067082,0.505227877616497
"DS06","Bike Sharing Hourly - Humidity","mc.rf_UNDERT",37,0.482908745197574,0.521112251115271,0.501283666810383
"DS06","Bike Sharing Hourly - Humidity","mc.rf_UNDERT",38,0.497133614128374,0.521530080666613,0.509039706044762
"DS06","Bike Sharing Hourly - Humidity","mc.rf_UNDERT",39,0.485688609609638,0.523189956552396,0.503742295817292
"DS06","Bike Sharing Hourly - Humidity","mc.rf_UNDERT",40,0.455464614837237,0.532000974608081,0.4907667094081
"DS06","Bike Sharing Hourly - Humidity","mc.rf_UNDERT",41,0.499496153216985,0.522983807144043,0.510970209667455
"DS06","Bike Sharing Hourly - Humidity","mc.rf_UNDERT",42,0.485986052628484,0.522500238203919,0.503582112261682
"DS06","Bike Sharing Hourly - Humidity","mc.rf_UNDERT",43,0.494990979637801,0.523159075776517,0.508685379032162
"DS06","Bike Sharing Hourly - Humidity","mc.rf_UNDERT",44,0.50367119145656,0.526072986221318,0.514628416468868
"DS06","Bike Sharing Hourly - Humidity","mc.rf_UNDERT",45,0.501080620987584,0.523236159244076,0.511918782659958
"DS06","Bike Sharing Hourly - Humidity","mc.rf_UNDERT",46,0.489811281674908,0.521938894911875,0.505364990269102
"DS06","Bike Sharing Hourly - Humidity","mc.rf_UNDERT",47,0.490028834284737,0.520098286941084,0.504616007050565
"DS06","Bike Sharing Hourly - Humidity","mc.rf_UNDERT",48,0.500562731647027,0.518372842072983,0.509312134215439
"DS06","Bike Sharing Hourly - Humidity","mc.rf_UNDERT",49,0.487617500443432,0.521177851552287,0.503839437320252
"DS06","Bike Sharing Hourly - Humidity","mc.rf_UNDERT",50,0.491936782881909,0.51063537207815,0.501111707368013
"DS06","Bike Sharing Hourly - Humidity","mc.rf_UNDERTPhi",1,0.417887241471215,0.469257900500395,0.442085246936874
"DS06","Bike Sharing Hourly - Humidity","mc.rf_UNDERTPhi",2,0.436248555371872,0.459942282346353,0.447782208394157
"DS06","Bike Sharing Hourly - Humidity","mc.rf_UNDERTPhi",3,0.426934860480577,0.477415626761025,0.450766327608584
"DS06","Bike Sharing Hourly - Humidity","mc.rf_UNDERTPhi",4,0.432813677073606,0.482118175853382,0.456137448505192
"DS06","Bike Sharing Hourly - Humidity","mc.rf_UNDERTPhi",5,0.43897183137182,0.497788971406093,0.466533902287184
"DS06","Bike Sharing Hourly - Humidity","mc.rf_UNDERTPhi",6,0.429407189507483,0.493402853433367,0.459186013868241
"DS06","Bike Sharing Hourly - Humidity","mc.rf_UNDERTPhi",7,0.428390528449194,0.5007277927481,0.461743222258573
"DS06","Bike Sharing Hourly - Humidity","mc.rf_UNDERTPhi",8,0.428711142882661,0.502676007201694,0.462756664675078
"DS06","Bike Sharing Hourly - Humidity","mc.rf_UNDERTPhi",9,0.423411778328878,0.49666207886152,0.45712107217444
"DS06","Bike Sharing Hourly - Humidity","mc.rf_UNDERTPhi",10,0.425282120426249,0.481744033943008,0.451755714586749
"DS06","Bike Sharing Hourly - Humidity","mc.rf_UNDERTPhi",11,0.428881834806835,0.495362653361747,0.459731264591144
"DS06","Bike Sharing Hourly - Humidity","mc.rf_UNDERTPhi",12,0.442901465380162,0.487759909038684,0.464249585090663
"DS06","Bike Sharing Hourly - Humidity","mc.rf_UNDERTPhi",13,0.448679562076973,0.500306508807341,0.473088725247058
"DS06","Bike Sharing Hourly - Humidity","mc.rf_UNDERTPhi",14,0.426969411854216,0.490780722267942,0.456656661862691
"DS06","Bike Sharing Hourly - Humidity","mc.rf_UNDERTPhi",15,0.445194796488884,0.48476761054528,0.464139229905839
"DS06","Bike Sharing Hourly - Humidity","mc.rf_UNDERTPhi",16,0.424705196032947,0.499118489163282,0.458914875599306
"DS06","Bike Sharing Hourly - Humidity","mc.rf_UNDERTPhi",17,0.426404023027832,0.50017428743922,0.460352516284691
"DS06","Bike Sharing Hourly - Humidity","mc.rf_UNDERTPhi",18,0.423113015939508,0.506339309714012,0.460999981405583
"DS06","Bike Sharing Hourly - Humidity","mc.rf_UNDERTPhi",19,0.42859036513617,0.505052087354398,0.463690265914067
"DS06","Bike Sharing Hourly - Humidity","mc.rf_UNDERTPhi",20,0.423865009505747,0.505269876687783,0.461001355707627
"DS06","Bike Sharing Hourly - Humidity","mc.rf_UNDERTPhi",21,0.437327529140452,0.512840285343671,0.47208329184419
"DS06","Bike Sharing Hourly - Humidity","mc.rf_UNDERTPhi",22,0.450258275990176,0.526281865802549,0.485310855007219
"DS06","Bike Sharing Hourly - Humidity","mc.rf_UNDERTPhi",23,0.441164685932631,0.518155243699465,0.476570512693688
"DS06","Bike Sharing Hourly - Humidity","mc.rf_UNDERTPhi",24,0.453833585506812,0.518658547644535,0.484085496030727
"DS06","Bike Sharing Hourly - Humidity","mc.rf_UNDERTPhi",25,0.468585526856157,0.517012963321896,0.491609502701018
"DS06","Bike Sharing Hourly - Humidity","mc.rf_UNDERTPhi",26,0.437676778384352,0.511155246005312,0.471570890474052
"DS06","Bike Sharing Hourly - Humidity","mc.rf_UNDERTPhi",27,0.460443667114194,0.540516114216399,0.497277166187989
"DS06","Bike Sharing Hourly - Humidity","mc.rf_UNDERTPhi",28,0.465748501400947,0.535062235466671,0.498005117540633
"DS06","Bike Sharing Hourly - Humidity","mc.rf_UNDERTPhi",29,0.476949442789475,0.544589538626396,0.508530132911483
"DS06","Bike Sharing Hourly - Humidity","mc.rf_UNDERTPhi",30,0.47789493345358,0.530661803898828,0.502898008745292
"DS06","Bike Sharing Hourly - Humidity","mc.rf_UNDERTPhi",31,0.45254605858377,0.537154962462691,0.491233930130082
"DS06","Bike Sharing Hourly - Humidity","mc.rf_UNDERTPhi",32,0.466226749492674,0.53001546859034,0.49607893465346
"DS06","Bike Sharing Hourly - Humidity","mc.rf_UNDERTPhi",33,0.458255309937773,0.544998063808175,0.497876734196051
"DS06","Bike Sharing Hourly - Humidity","mc.rf_UNDERTPhi",34,0.460572991234093,0.534878492788116,0.494952473976541
"DS06","Bike Sharing Hourly - Humidity","mc.rf_UNDERTPhi",35,0.46080372237464,0.538329711070142,0.496558970848803
"DS06","Bike Sharing Hourly - Humidity","mc.rf_UNDERTPhi",36,0.450371300408861,0.539752316781085,0.491027480987272
"DS06","Bike Sharing Hourly - Humidity","mc.rf_UNDERTPhi",37,0.462338703107883,0.541079663053461,0.498619674764779
"DS06","Bike Sharing Hourly - Humidity","mc.rf_UNDERTPhi",38,0.472415126379989,0.533988525522823,0.50131824600074
"DS06","Bike Sharing Hourly - Humidity","mc.rf_UNDERTPhi",39,0.467058865890202,0.541268010971993,0.501432678525685
"DS06","Bike Sharing Hourly - Humidity","mc.rf_UNDERTPhi",40,0.469676214299683,0.537469142106354,0.501291040785258
"DS06","Bike Sharing Hourly - Humidity","mc.rf_UNDERTPhi",41,0.482129667650209,0.535504660418856,0.507417402954116
"DS06","Bike Sharing Hourly - Humidity","mc.rf_UNDERTPhi",42,0.455502671919245,0.540834619068002,0.494514490786143
"DS06","Bike Sharing Hourly - Humidity","mc.rf_UNDERTPhi",43,0.494214255642069,0.542205004905744,0.517098539375387
"DS06","Bike Sharing Hourly - Humidity","mc.rf_UNDERTPhi",44,0.494174194772047,0.541591305837832,0.516797377978626
"DS06","Bike Sharing Hourly - Humidity","mc.rf_UNDERTPhi",45,0.502749700262675,0.533301294594263,0.517575037016368
"DS06","Bike Sharing Hourly - Humidity","mc.rf_UNDERTPhi",46,0.475828832898368,0.548553814721814,0.509609806545274
"DS06","Bike Sharing Hourly - Humidity","mc.rf_UNDERTPhi",47,0.484908371850986,0.541362589561385,0.511582733518978
"DS06","Bike Sharing Hourly - Humidity","mc.rf_UNDERTPhi",48,0.499306437676529,0.53906401024646,0.518424096475723
"DS06","Bike Sharing Hourly - Humidity","mc.rf_UNDERTPhi",49,0.479542531296498,0.531260414581694,0.504078396338257
"DS06","Bike Sharing Hourly - Humidity","mc.rf_UNDERTPhi",50,0.476420379334711,0.524505066378128,0.499307723181885
"DS06","Bike Sharing Hourly - Humidity","mc.rf_OVERB",1,0.210847937797265,0.403004435109066,0.27685045400603
"DS06","Bike Sharing Hourly - Humidity","mc.rf_OVERB",2,0.289079904356425,0.406142117682063,0.337755481883015
"DS06","Bike Sharing Hourly - Humidity","mc.rf_OVERB",3,0.278234665123281,0.406855279999189,0.330471183791719
"DS06","Bike Sharing Hourly - Humidity","mc.rf_OVERB",4,0.248051364271604,0.40683796935865,0.308194707577506
"DS06","Bike Sharing Hourly - Humidity","mc.rf_OVERB",5,0.300021394031456,0.408976324235557,0.346127057285683
"DS06","Bike Sharing Hourly - Humidity","mc.rf_OVERB",6,0.253717605532908,0.407043865622939,0.312591455285845
"DS06","Bike Sharing Hourly - Humidity","mc.rf_OVERB",7,0.247285459755833,0.408705309609564,0.308135068696844
"DS06","Bike Sharing Hourly - Humidity","mc.rf_OVERB",8,0.267098817477137,0.412429614246859,0.324223261647516
"DS06","Bike Sharing Hourly - Humidity","mc.rf_OVERB",9,0.247401123607875,0.409580277530685,0.308473331796331
"DS06","Bike Sharing Hourly - Humidity","mc.rf_OVERB",10,0.24401212265871,0.411133398239779,0.306257251252494
"DS06","Bike Sharing Hourly - Humidity","mc.rf_OVERB",11,0.189997087967585,0.41249883666668,0.260163013730793
"DS06","Bike Sharing Hourly - Humidity","mc.rf_OVERB",12,0.251607956260021,0.413712107034465,0.312911825371767
"DS06","Bike Sharing Hourly - Humidity","mc.rf_OVERB",13,0.228151128452419,0.414753388179375,0.294371718022268
"DS06","Bike Sharing Hourly - Humidity","mc.rf_OVERB",14,0.285811774345655,0.416276012945004,0.338922248844334
"DS06","Bike Sharing Hourly - Humidity","mc.rf_OVERB",15,0.338246618672578,0.414904136372724,0.372674183119948
"DS06","Bike Sharing Hourly - Humidity","mc.rf_OVERB",16,0.216803546521974,0.415610489799637,0.284958343696448
"DS06","Bike Sharing Hourly - Humidity","mc.rf_OVERB",17,0.253380838264433,0.419902034667614,0.316048822301646
"DS06","Bike Sharing Hourly - Humidity","mc.rf_OVERB",18,0.309206491393814,0.418554387330994,0.355665541656691
"DS06","Bike Sharing Hourly - Humidity","mc.rf_OVERB",19,0.292870960616035,0.417103172037257,0.344117908110325
"DS06","Bike Sharing Hourly - Humidity","mc.rf_OVERB",20,0.288848545692267,0.42373410370962,0.343525006452159
"DS06","Bike Sharing Hourly - Humidity","mc.rf_OVERB",21,0.393813795716402,0.420624407170202,0.406777810204765
"DS06","Bike Sharing Hourly - Humidity","mc.rf_OVERB",22,0.450500497182038,0.422563779812005,0.436085172449974
"DS06","Bike Sharing Hourly - Humidity","mc.rf_OVERB",23,0.381714371021153,0.424158339243932,0.401818628712756
"DS06","Bike Sharing Hourly - Humidity","mc.rf_OVERB",24,0.586480960359934,0.425756501087728,0.493358705140803
"DS06","Bike Sharing Hourly - Humidity","mc.rf_OVERB",25,0.379377201555796,0.428890277756608,0.40261719669387
"DS06","Bike Sharing Hourly - Humidity","mc.rf_OVERB",26,0.437946739125765,0.426720432623467,0.432260708146745
"DS06","Bike Sharing Hourly - Humidity","mc.rf_OVERB",27,0.401808613469212,0.426846054517643,0.413949086287555
"DS06","Bike Sharing Hourly - Humidity","mc.rf_OVERB",28,0.481239185579433,0.428483788626079,0.453331828082033
"DS06","Bike Sharing Hourly - Humidity","mc.rf_OVERB",29,0.438203724568988,0.432874511959465,0.435522816337576
"DS06","Bike Sharing Hourly - Humidity","mc.rf_OVERB",30,0.310474302251752,0.436064958472545,0.362705542336379
"DS06","Bike Sharing Hourly - Humidity","mc.rf_OVERB",31,0.341896163682506,0.433820248114878,0.382411603783397
"DS06","Bike Sharing Hourly - Humidity","mc.rf_OVERB",32,0.311959335757048,0.430955933650643,0.361927483088077
"DS06","Bike Sharing Hourly - Humidity","mc.rf_OVERB",33,0.415748716719733,0.430902813679719,0.42319014467202
"DS06","Bike Sharing Hourly - Humidity","mc.rf_OVERB",34,0.422393190870855,0.427399589713073,0.424881643150108
"DS06","Bike Sharing Hourly - Humidity","mc.rf_OVERB",35,0.467116859319987,0.429094782400168,0.447299271231621
"DS06","Bike Sharing Hourly - Humidity","mc.rf_OVERB",36,0.472441219894125,0.429724718078866,0.45007168079076
"DS06","Bike Sharing Hourly - Humidity","mc.rf_OVERB",37,0.48950491530515,0.429267391742015,0.457411475348594
"DS06","Bike Sharing Hourly - Humidity","mc.rf_OVERB",38,0.414296968718701,0.431069462826781,0.422516828423948
"DS06","Bike Sharing Hourly - Humidity","mc.rf_OVERB",39,0.526608181869253,0.432992320073107,0.475233804016382
"DS06","Bike Sharing Hourly - Humidity","mc.rf_OVERB",40,0.473315906232317,0.429241913644131,0.450202792275796
"DS06","Bike Sharing Hourly - Humidity","mc.rf_OVERB",41,0.47942279317655,0.433574507804575,0.455347461286996
"DS06","Bike Sharing Hourly - Humidity","mc.rf_OVERB",42,0.45287452137881,0.427424232597088,0.439781480750366
"DS06","Bike Sharing Hourly - Humidity","mc.rf_OVERB",43,0.400599901835671,0.426557994694682,0.413171636319232
"DS06","Bike Sharing Hourly - Humidity","mc.rf_OVERB",44,0.533200975949181,0.426023356157337,0.473624493618481
"DS06","Bike Sharing Hourly - Humidity","mc.rf_OVERB",45,0.488488469542063,0.42524347005909,0.454677182374941
"DS06","Bike Sharing Hourly - Humidity","mc.rf_OVERB",46,0.504903685807059,0.427381415413716,0.462919447291955
"DS06","Bike Sharing Hourly - Humidity","mc.rf_OVERB",47,0.492814561159846,0.429262360342075,0.45884836026444
"DS06","Bike Sharing Hourly - Humidity","mc.rf_OVERB",48,0.539257138666111,0.428259368234329,0.477391176013838
"DS06","Bike Sharing Hourly - Humidity","mc.rf_OVERB",49,0.51092679278828,0.429020432969791,0.466404980728808
"DS06","Bike Sharing Hourly - Humidity","mc.rf_OVERB",50,0.403066594347517,0.424368140992504,0.413443173301507
"DS06","Bike Sharing Hourly - Humidity","mc.rf_OVERT",1,0.232606770781129,0.400613532895874,0.294322275129262
"DS06","Bike Sharing Hourly - Humidity","mc.rf_OVERT",2,0.249414703283597,0.404532873237525,0.308576559251885
"DS06","Bike Sharing Hourly - Humidity","mc.rf_OVERT",3,0.259411026252799,0.408898610705554,0.317436117543466
"DS06","Bike Sharing Hourly - Humidity","mc.rf_OVERT",4,0.306515435967649,0.406657194315992,0.349555498661167
"DS06","Bike Sharing Hourly - Humidity","mc.rf_OVERT",5,0.308056755137091,0.409734697450575,0.351694188914255
"DS06","Bike Sharing Hourly - Humidity","mc.rf_OVERT",6,0.294682513311172,0.404702423836251,0.341038878777142
"DS06","Bike Sharing Hourly - Humidity","mc.rf_OVERT",7,0.296990336296296,0.407894031078254,0.343717611200229
"DS06","Bike Sharing Hourly - Humidity","mc.rf_OVERT",8,0.305838560740741,0.410426133075719,0.350496510337366
"DS06","Bike Sharing Hourly - Humidity","mc.rf_OVERT",9,0.247167199401205,0.409427639766361,0.308248183024999
"DS06","Bike Sharing Hourly - Humidity","mc.rf_OVERT",10,0.251165079108811,0.40809440987998,0.310952110522027
"DS06","Bike Sharing Hourly - Humidity","mc.rf_OVERT",11,0.229856242676482,0.416486754415496,0.296226866927269
"DS06","Bike Sharing Hourly - Humidity","mc.rf_OVERT",12,0.247096348550606,0.413898937255449,0.309451272228305
"DS06","Bike Sharing Hourly - Humidity","mc.rf_OVERT",13,0.219361294158471,0.414919938179355,0.286993749683261
"DS06","Bike Sharing Hourly - Humidity","mc.rf_OVERT",14,0.302152572379032,0.410186910696773,0.347977426965252
"DS06","Bike Sharing Hourly - Humidity","mc.rf_OVERT",15,0.359268925587374,0.412040972604273,0.383849650763154
"DS06","Bike Sharing Hourly - Humidity","mc.rf_OVERT",16,0.280409330622626,0.411835160951237,0.333646343784235
"DS06","Bike Sharing Hourly - Humidity","mc.rf_OVERT",17,0.220666666666667,0.413607920327751,0.287791700809417
"DS06","Bike Sharing Hourly - Humidity","mc.rf_OVERT",18,0.25456050192299,0.413184240379408,0.315031720818908
"DS06","Bike Sharing Hourly - Humidity","mc.rf_OVERT",19,0.347467243287237,0.418896649130578,0.379853135920733
"DS06","Bike Sharing Hourly - Humidity","mc.rf_OVERT",20,0.313529439034143,0.420220232080964,0.359118153838255
"DS06","Bike Sharing Hourly - Humidity","mc.rf_OVERT",21,0.280450235108622,0.422986437233758,0.337277399470658
"DS06","Bike Sharing Hourly - Humidity","mc.rf_OVERT",22,0.420463914938039,0.423635490474926,0.422043744349374
"DS06","Bike Sharing Hourly - Humidity","mc.rf_OVERT",23,0.365639066092073,0.426234164382228,0.393618210096346
"DS06","Bike Sharing Hourly - Humidity","mc.rf_OVERT",24,0.414672862219846,0.427134448663499,0.420811418694209
"DS06","Bike Sharing Hourly - Humidity","mc.rf_OVERT",25,0.423464741229993,0.428522445144828,0.425978581008061
"DS06","Bike Sharing Hourly - Humidity","mc.rf_OVERT",26,0.336698223585717,0.425097766305904,0.375769010771025
"DS06","Bike Sharing Hourly - Humidity","mc.rf_OVERT",27,0.353743945256985,0.426250545377003,0.386627216987248
"DS06","Bike Sharing Hourly - Humidity","mc.rf_OVERT",28,0.332409031649106,0.426285435225461,0.373539375641289
"DS06","Bike Sharing Hourly - Humidity","mc.rf_OVERT",29,0.344961681697018,0.429169168762229,0.382485514176065
"DS06","Bike Sharing Hourly - Humidity","mc.rf_OVERT",30,0.358845542956744,0.428613817796984,0.390638973467542
"DS06","Bike Sharing Hourly - Humidity","mc.rf_OVERT",31,0.338865774431214,0.429260150330068,0.378744079805051
"DS06","Bike Sharing Hourly - Humidity","mc.rf_OVERT",32,0.377481813456819,0.427360305699301,0.400875499318992
"DS06","Bike Sharing Hourly - Humidity","mc.rf_OVERT",33,0.369775662599055,0.426529889388142,0.396130284595423
"DS06","Bike Sharing Hourly - Humidity","mc.rf_OVERT",34,0.358341995791757,0.424758634580012,0.388733838135013
"DS06","Bike Sharing Hourly - Humidity","mc.rf_OVERT",35,0.42977742460108,0.424461740702585,0.427103043668105
"DS06","Bike Sharing Hourly - Humidity","mc.rf_OVERT",36,0.381258923682259,0.425172754103089,0.402020186145298
"DS06","Bike Sharing Hourly - Humidity","mc.rf_OVERT",37,0.525368685417812,0.423896944525192,0.469209404560868
"DS06","Bike Sharing Hourly - Humidity","mc.rf_OVERT",38,0.434665991810902,0.427996151039354,0.431305286837102
"DS06","Bike Sharing Hourly - Humidity","mc.rf_OVERT",39,0.412404066066928,0.423079292698844,0.417673479063605
"DS06","Bike Sharing Hourly - Humidity","mc.rf_OVERT",40,0.359205665184809,0.425964558464339,0.389747033088478
"DS06","Bike Sharing Hourly - Humidity","mc.rf_OVERT",41,0.380375991934285,0.425061682470277,0.401479255914905
"DS06","Bike Sharing Hourly - Humidity","mc.rf_OVERT",42,0.271085975167661,0.42526995485101,0.33110860538576
"DS06","Bike Sharing Hourly - Humidity","mc.rf_OVERT",43,0.470863501774782,0.425016809178647,0.446767052777444
"DS06","Bike Sharing Hourly - Humidity","mc.rf_OVERT",44,0.430976130910849,0.424412834872917,0.427669303203692
"DS06","Bike Sharing Hourly - Humidity","mc.rf_OVERT",45,0.365134426178679,0.419201714492679,0.390304537907397
"DS06","Bike Sharing Hourly - Humidity","mc.rf_OVERT",46,0.379720981302154,0.429067859605176,0.402889012444128
"DS06","Bike Sharing Hourly - Humidity","mc.rf_OVERT",47,0.355857702993028,0.422171212607399,0.386188417874704
"DS06","Bike Sharing Hourly - Humidity","mc.rf_OVERT",48,0.368213130473835,0.424990405147782,0.394569717539578
"DS06","Bike Sharing Hourly - Humidity","mc.rf_OVERT",49,0.387871218439919,0.426729777336701,0.406373671376089
"DS06","Bike Sharing Hourly - Humidity","mc.rf_OVERT",50,0.416333652011499,0.420354739369799,0.418334533106759
"DS06","Bike Sharing Hourly - Humidity","mc.rf_OVERTPhi",1,0.221202511236388,0.402596910945106,0.285525906406368
"DS06","Bike Sharing Hourly - Humidity","mc.rf_OVERTPhi",2,0.252288644953982,0.406637890344896,0.311385615379798
"DS06","Bike Sharing Hourly - Humidity","mc.rf_OVERTPhi",3,0.296373038823359,0.409972030384584,0.344037671598417
"DS06","Bike Sharing Hourly - Humidity","mc.rf_OVERTPhi",4,0.287319145880119,0.406283451067256,0.336599126530456
"DS06","Bike Sharing Hourly - Humidity","mc.rf_OVERTPhi",5,0.289268404800944,0.408073947239208,0.338550783308551
"DS06","Bike Sharing Hourly - Humidity","mc.rf_OVERTPhi",6,0.302935277963474,0.407692614136322,0.347592535446661
"DS06","Bike Sharing Hourly - Humidity","mc.rf_OVERTPhi",7,0.240599211301349,0.407202038798018,0.302477000036898
"DS06","Bike Sharing Hourly - Humidity","mc.rf_OVERTPhi",8,0.30541765205466,0.409334640342476,0.349821962343772
"DS06","Bike Sharing Hourly - Humidity","mc.rf_OVERTPhi",9,0.238042552341937,0.409421234225744,0.301050584140722
"DS06","Bike Sharing Hourly - Humidity","mc.rf_OVERTPhi",10,0.252492212906767,0.408602368936784,0.312115449635347
"DS06","Bike Sharing Hourly - Humidity","mc.rf_OVERTPhi",11,0.322431083455883,0.41275404811663,0.362044141590261
"DS06","Bike Sharing Hourly - Humidity","mc.rf_OVERTPhi",12,0.263097942439671,0.413555897917731,0.321599315149015
"DS06","Bike Sharing Hourly - Humidity","mc.rf_OVERTPhi",13,0.292804162362286,0.413537930467345,0.34285264481535
"DS06","Bike Sharing Hourly - Humidity","mc.rf_OVERTPhi",14,0.313042501076877,0.411892873488764,0.355728192654197
"DS06","Bike Sharing Hourly - Humidity","mc.rf_OVERTPhi",15,0.324528054410585,0.411718857321162,0.362960625305193
"DS06","Bike Sharing Hourly - Humidity","mc.rf_OVERTPhi",16,0.279958682862541,0.413014423621817,0.333712731297763
"DS06","Bike Sharing Hourly - Humidity","mc.rf_OVERTPhi",17,0.25019108138344,0.413332596379557,0.311705920150038
"DS06","Bike Sharing Hourly - Humidity","mc.rf_OVERTPhi",18,0.246068114925565,0.412456142928291,0.308241661167045
"DS06","Bike Sharing Hourly - Humidity","mc.rf_OVERTPhi",19,0.255860057571851,0.416417062177493,0.316965996231908
"DS06","Bike Sharing Hourly - Humidity","mc.rf_OVERTPhi",20,0.310214314456917,0.421292092649772,0.357319734831545
"DS06","Bike Sharing Hourly - Humidity","mc.rf_OVERTPhi",21,0.293171144650768,0.423597113089541,0.346517718032696
"DS06","Bike Sharing Hourly - Humidity","mc.rf_OVERTPhi",22,0.39993752161736,0.422968633726366,0.411130785681741
"DS06","Bike Sharing Hourly - Humidity","mc.rf_OVERTPhi",23,0.433114938933228,0.425571100143035,0.429309881987791
"DS06","Bike Sharing Hourly - Humidity","mc.rf_OVERTPhi",24,0.448244429326246,0.426145705356322,0.436915813503822
"DS06","Bike Sharing Hourly - Humidity","mc.rf_OVERTPhi",25,0.398790824693051,0.428125781715238,0.412937972800314
"DS06","Bike Sharing Hourly - Humidity","mc.rf_OVERTPhi",26,0.353808853894922,0.424311628961528,0.385866236514072
"DS06","Bike Sharing Hourly - Humidity","mc.rf_OVERTPhi",27,0.298664881140169,0.427837474632073,0.351767692129431
"DS06","Bike Sharing Hourly - Humidity","mc.rf_OVERTPhi",28,0.296547367279738,0.426781895332855,0.349940349451615
"DS06","Bike Sharing Hourly - Humidity","mc.rf_OVERTPhi",29,0.329941775224231,0.43127765652161,0.373864643157971
"DS06","Bike Sharing Hourly - Humidity","mc.rf_OVERTPhi",30,0.337468536992814,0.429674414933427,0.378030185447806
"DS06","Bike Sharing Hourly - Humidity","mc.rf_OVERTPhi",31,0.438383063412166,0.429410545670497,0.433850419044952
"DS06","Bike Sharing Hourly - Humidity","mc.rf_OVERTPhi",32,0.330287873522763,0.430499513671785,0.373793707194772
"DS06","Bike Sharing Hourly - Humidity","mc.rf_OVERTPhi",33,0.377871133779033,0.426663925436413,0.400787956722458
"DS06","Bike Sharing Hourly - Humidity","mc.rf_OVERTPhi",34,0.316969111935739,0.426191839052524,0.363554216779271
"DS06","Bike Sharing Hourly - Humidity","mc.rf_OVERTPhi",35,0.367989872795759,0.424812030937713,0.394364656519371
"DS06","Bike Sharing Hourly - Humidity","mc.rf_OVERTPhi",36,0.502090373973883,0.42360469952751,0.459520306613238
"DS06","Bike Sharing Hourly - Humidity","mc.rf_OVERTPhi",37,0.48257266204048,0.423526845149178,0.451125898397526
"DS06","Bike Sharing Hourly - Humidity","mc.rf_OVERTPhi",38,0.499023596754851,0.425674790922132,0.459440111596766
"DS06","Bike Sharing Hourly - Humidity","mc.rf_OVERTPhi",39,0.484179009989735,0.422863391840834,0.451448748171403
"DS06","Bike Sharing Hourly - Humidity","mc.rf_OVERTPhi",40,0.373401714647081,0.428116553720337,0.39889160743294
"DS06","Bike Sharing Hourly - Humidity","mc.rf_OVERTPhi",41,0.473702380315473,0.423726606210908,0.447322974806105
"DS06","Bike Sharing Hourly - Humidity","mc.rf_OVERTPhi",42,0.376533109135986,0.423952728785625,0.398838384226278
"DS06","Bike Sharing Hourly - Humidity","mc.rf_OVERTPhi",43,0.532164194142963,0.422192021070582,0.47084196253983
"DS06","Bike Sharing Hourly - Humidity","mc.rf_OVERTPhi",44,0.304252090298805,0.423264037366665,0.354023679256043
"DS06","Bike Sharing Hourly - Humidity","mc.rf_OVERTPhi",45,0.426938000121271,0.423012314758566,0.424966091612601
"DS06","Bike Sharing Hourly - Humidity","mc.rf_OVERTPhi",46,0.375434757238525,0.42623876767475,0.399226975307509
"DS06","Bike Sharing Hourly - Humidity","mc.rf_OVERTPhi",47,0.358124071141678,0.422024178012827,0.387457170900455
"DS06","Bike Sharing Hourly - Humidity","mc.rf_OVERTPhi",48,0.355026901468959,0.422803382602027,0.385962279766658
"DS06","Bike Sharing Hourly - Humidity","mc.rf_OVERTPhi",49,0.339317648126127,0.42835981853314,0.378674775511974
"DS06","Bike Sharing Hourly - Humidity","mc.rf_OVERTPhi",50,0.400925036074278,0.420842069522935,0.410642189875527
"DS06","Bike Sharing Hourly - Humidity","mc.rf_SMOTEB",1,0.419348457967983,0.440774508832734,0.429794617107178
"DS06","Bike Sharing Hourly - Humidity","mc.rf_SMOTEB",2,0.424325544021752,0.432688025017037,0.42846598523049
"DS06","Bike Sharing Hourly - Humidity","mc.rf_SMOTEB",3,0.401434398107258,0.446267991766772,0.422665607197475
"DS06","Bike Sharing Hourly - Humidity","mc.rf_SMOTEB",4,0.42628362981375,0.447958269763192,0.436852265562077
"DS06","Bike Sharing Hourly - Humidity","mc.rf_SMOTEB",5,0.406401774487925,0.457402227610709,0.430396424429847
"DS06","Bike Sharing Hourly - Humidity","mc.rf_SMOTEB",6,0.406491927029952,0.455080912324656,0.429416315268176
"DS06","Bike Sharing Hourly - Humidity","mc.rf_SMOTEB",7,0.406809000414866,0.45359945181294,0.428931954591949
"DS06","Bike Sharing Hourly - Humidity","mc.rf_SMOTEB",8,0.403975438687962,0.457552665898406,0.429098105900792
"DS06","Bike Sharing Hourly - Humidity","mc.rf_SMOTEB",9,0.412103371663266,0.458887416733662,0.434238924611009
"DS06","Bike Sharing Hourly - Humidity","mc.rf_SMOTEB",10,0.385111002727987,0.454914400955346,0.417112483358557
"DS06","Bike Sharing Hourly - Humidity","mc.rf_SMOTEB",11,0.422323029424516,0.465335132973895,0.442786990262564
"DS06","Bike Sharing Hourly - Humidity","mc.rf_SMOTEB",12,0.419175756380735,0.466877435565715,0.441742558955048
"DS06","Bike Sharing Hourly - Humidity","mc.rf_SMOTEB",13,0.433681768094644,0.464480670224745,0.448553156343911
"DS06","Bike Sharing Hourly - Humidity","mc.rf_SMOTEB",14,0.413189907687006,0.460903514420668,0.435744454218381
"DS06","Bike Sharing Hourly - Humidity","mc.rf_SMOTEB",15,0.429640739524485,0.445756556454303,0.437550304170817
"DS06","Bike Sharing Hourly - Humidity","mc.rf_SMOTEB",16,0.430989089134132,0.463950093968045,0.446862607378211
"DS06","Bike Sharing Hourly - Humidity","mc.rf_SMOTEB",17,0.418842548742636,0.463011115929576,0.439820717792673
"DS06","Bike Sharing Hourly - Humidity","mc.rf_SMOTEB",18,0.42919329758039,0.466428255189084,0.447036765272659
"DS06","Bike Sharing Hourly - Humidity","mc.rf_SMOTEB",19,0.427562174465334,0.471382748181024,0.448404407745926
"DS06","Bike Sharing Hourly - Humidity","mc.rf_SMOTEB",20,0.425281529236954,0.471640620724272,0.447262996996018
"DS06","Bike Sharing Hourly - Humidity","mc.rf_SMOTEB",21,0.431824352986602,0.463055146422251,0.44689478110292
"DS06","Bike Sharing Hourly - Humidity","mc.rf_SMOTEB",22,0.448828990554883,0.475867041277437,0.461952720510043
"DS06","Bike Sharing Hourly - Humidity","mc.rf_SMOTEB",23,0.424762779618007,0.47160555063553,0.446960201091817
"DS06","Bike Sharing Hourly - Humidity","mc.rf_SMOTEB",24,0.456124518664698,0.478430009472468,0.467011075791069
"DS06","Bike Sharing Hourly - Humidity","mc.rf_SMOTEB",25,0.43344831657995,0.478704711187939,0.454953817806332
"DS06","Bike Sharing Hourly - Humidity","mc.rf_SMOTEB",26,0.421195830205038,0.484379287783324,0.450583352389866
"DS06","Bike Sharing Hourly - Humidity","mc.rf_SMOTEB",27,0.471027181455561,0.495116772559726,0.482771655095389
"DS06","Bike Sharing Hourly - Humidity","mc.rf_SMOTEB",28,0.489089758860146,0.487488224428947,0.48828767843015
"DS06","Bike Sharing Hourly - Humidity","mc.rf_SMOTEB",29,0.489202288637308,0.499624635758809,0.494358535841969
"DS06","Bike Sharing Hourly - Humidity","mc.rf_SMOTEB",30,0.463732128626104,0.504569647422945,0.483289739680727
"DS06","Bike Sharing Hourly - Humidity","mc.rf_SMOTEB",31,0.476334611953192,0.489316029824938,0.482738065103862
"DS06","Bike Sharing Hourly - Humidity","mc.rf_SMOTEB",32,0.472568950685001,0.494074151555172,0.483082334772608
"DS06","Bike Sharing Hourly - Humidity","mc.rf_SMOTEB",33,0.478332283588623,0.49671515055957,0.487350428172328
"DS06","Bike Sharing Hourly - Humidity","mc.rf_SMOTEB",34,0.492573511333621,0.493633518612369,0.493102945307906
"DS06","Bike Sharing Hourly - Humidity","mc.rf_SMOTEB",35,0.517648019442931,0.496132739355815,0.506662072009827
"DS06","Bike Sharing Hourly - Humidity","mc.rf_SMOTEB",36,0.479659879337,0.493727040192646,0.486591812100072
"DS06","Bike Sharing Hourly - Humidity","mc.rf_SMOTEB",37,0.515762178329539,0.500535913528134,0.508034985329068
"DS06","Bike Sharing Hourly - Humidity","mc.rf_SMOTEB",38,0.50878953798156,0.502471148827964,0.505610604655883
"DS06","Bike Sharing Hourly - Humidity","mc.rf_SMOTEB",39,0.519256760460416,0.496446575638126,0.507595537881566
"DS06","Bike Sharing Hourly - Humidity","mc.rf_SMOTEB",40,0.491780580642486,0.491596827210225,0.491688686758316
"DS06","Bike Sharing Hourly - Humidity","mc.rf_SMOTEB",41,0.46928756394713,0.488094185875627,0.47850615808947
"DS06","Bike Sharing Hourly - Humidity","mc.rf_SMOTEB",42,0.503100188036573,0.491471556354602,0.497217890636913
"DS06","Bike Sharing Hourly - Humidity","mc.rf_SMOTEB",43,0.505110228623793,0.488364608857982,0.496596289961999
"DS06","Bike Sharing Hourly - Humidity","mc.rf_SMOTEB",44,0.503894896990459,0.494529307298833,0.49916817579055
"DS06","Bike Sharing Hourly - Humidity","mc.rf_SMOTEB",45,0.499780141723852,0.488826822179312,0.494242803029915
"DS06","Bike Sharing Hourly - Humidity","mc.rf_SMOTEB",46,0.484925514786628,0.49223225564802,0.488551566976795
"DS06","Bike Sharing Hourly - Humidity","mc.rf_SMOTEB",47,0.518940800066614,0.492528836991614,0.505389977830038
"DS06","Bike Sharing Hourly - Humidity","mc.rf_SMOTEB",48,0.531285708090209,0.497312810105881,0.51373822494476
"DS06","Bike Sharing Hourly - Humidity","mc.rf_SMOTEB",49,0.51949111431393,0.49275195400723,0.505768366667375
"DS06","Bike Sharing Hourly - Humidity","mc.rf_SMOTEB",50,0.503295890587781,0.486384253000048,0.4946955789051
"DS06","Bike Sharing Hourly - Humidity","mc.rf_SMOTET",1,0.408286138912552,0.438896710900299,0.423038411399587
"DS06","Bike Sharing Hourly - Humidity","mc.rf_SMOTET",2,0.436426693633692,0.435415479541335,0.435920500154571
"DS06","Bike Sharing Hourly - Humidity","mc.rf_SMOTET",3,0.421444487844244,0.450083048616206,0.435293233950597
"DS06","Bike Sharing Hourly - Humidity","mc.rf_SMOTET",4,0.411389680230971,0.446806421359114,0.428367247223567
"DS06","Bike Sharing Hourly - Humidity","mc.rf_SMOTET",5,0.429175307644369,0.450025531995594,0.439353188564109
"DS06","Bike Sharing Hourly - Humidity","mc.rf_SMOTET",6,0.40925919576448,0.439955243742791,0.424052443882165
"DS06","Bike Sharing Hourly - Humidity","mc.rf_SMOTET",7,0.392315497428056,0.435427752020363,0.412748893432066
"DS06","Bike Sharing Hourly - Humidity","mc.rf_SMOTET",8,0.412317969830445,0.444700074325385,0.427897249257802
"DS06","Bike Sharing Hourly - Humidity","mc.rf_SMOTET",9,0.395793307109722,0.442349759009673,0.417778494137626
"DS06","Bike Sharing Hourly - Humidity","mc.rf_SMOTET",10,0.403994770912153,0.438946671379064,0.420746094685834
"DS06","Bike Sharing Hourly - Humidity","mc.rf_SMOTET",11,0.415498802453563,0.455518960230299,0.434589489627381
"DS06","Bike Sharing Hourly - Humidity","mc.rf_SMOTET",12,0.410561831048233,0.455274488601604,0.431763656542882
"DS06","Bike Sharing Hourly - Humidity","mc.rf_SMOTET",13,0.397467122855662,0.451147635598363,0.422609554967175
"DS06","Bike Sharing Hourly - Humidity","mc.rf_SMOTET",14,0.434655517665008,0.453646770624297,0.443948134598399
"DS06","Bike Sharing Hourly - Humidity","mc.rf_SMOTET",15,0.444855370698349,0.461790061398111,0.453164559541318
"DS06","Bike Sharing Hourly - Humidity","mc.rf_SMOTET",16,0.404629592417205,0.459416343577215,0.430286030192384
"DS06","Bike Sharing Hourly - Humidity","mc.rf_SMOTET",17,0.4190710780671,0.464285435785996,0.440521114758085
"DS06","Bike Sharing Hourly - Humidity","mc.rf_SMOTET",18,0.411927270831051,0.459669866072085,0.434490994514113
"DS06","Bike Sharing Hourly - Humidity","mc.rf_SMOTET",19,0.407359726453276,0.474809435491923,0.438506014726095
"DS06","Bike Sharing Hourly - Humidity","mc.rf_SMOTET",20,0.398573630994948,0.466268317686136,0.429771605508927
"DS06","Bike Sharing Hourly - Humidity","mc.rf_SMOTET",21,0.43427119493956,0.463701361168179,0.448504005695793
"DS06","Bike Sharing Hourly - Humidity","mc.rf_SMOTET",22,0.439275925471197,0.473144453216863,0.455581599059085
"DS06","Bike Sharing Hourly - Humidity","mc.rf_SMOTET",23,0.426387114523901,0.472912333296323,0.448446233800633
"DS06","Bike Sharing Hourly - Humidity","mc.rf_SMOTET",24,0.425028549677613,0.477502951658392,0.449740284321862
"DS06","Bike Sharing Hourly - Humidity","mc.rf_SMOTET",25,0.444664269360362,0.472938518574011,0.45836578436622
"DS06","Bike Sharing Hourly - Humidity","mc.rf_SMOTET",26,0.415033023940965,0.453528861727798,0.433427849029921
"DS06","Bike Sharing Hourly - Humidity","mc.rf_SMOTET",27,0.451080130946455,0.480686786394894,0.465413086718994
"DS06","Bike Sharing Hourly - Humidity","mc.rf_SMOTET",28,0.450819475013089,0.475071382953918,0.46262781323338
"DS06","Bike Sharing Hourly - Humidity","mc.rf_SMOTET",29,0.455962965558952,0.493871914921306,0.474160946416155
"DS06","Bike Sharing Hourly - Humidity","mc.rf_SMOTET",30,0.456811257865527,0.496731428807695,0.475935712131881
"DS06","Bike Sharing Hourly - Humidity","mc.rf_SMOTET",31,0.431945169919186,0.493178091705848,0.460535159926926
"DS06","Bike Sharing Hourly - Humidity","mc.rf_SMOTET",32,0.461215262049896,0.504224682482829,0.481761958121385
"DS06","Bike Sharing Hourly - Humidity","mc.rf_SMOTET",33,0.46860450741265,0.481241395780888,0.474838890094217
"DS06","Bike Sharing Hourly - Humidity","mc.rf_SMOTET",34,0.460988178871066,0.485438138296548,0.472897338691088
"DS06","Bike Sharing Hourly - Humidity","mc.rf_SMOTET",35,0.475878769675663,0.495217646303475,0.485355646188768
"DS06","Bike Sharing Hourly - Humidity","mc.rf_SMOTET",36,0.501395624591332,0.500527361564248,0.500961116860908
"DS06","Bike Sharing Hourly - Humidity","mc.rf_SMOTET",37,0.501251709676126,0.506284990133368,0.503755777701587
"DS06","Bike Sharing Hourly - Humidity","mc.rf_SMOTET",38,0.498759816579724,0.502021686113227,0.500385435604315
"DS06","Bike Sharing Hourly - Humidity","mc.rf_SMOTET",39,0.4625813835994,0.504706893313371,0.482726853190443
"DS06","Bike Sharing Hourly - Humidity","mc.rf_SMOTET",40,0.476596210668648,0.501824656198671,0.488885177459766
"DS06","Bike Sharing Hourly - Humidity","mc.rf_SMOTET",41,0.456612450890356,0.502209245968896,0.478326669938336
"DS06","Bike Sharing Hourly - Humidity","mc.rf_SMOTET",42,0.452730599177957,0.494099357864826,0.472511239585713
"DS06","Bike Sharing Hourly - Humidity","mc.rf_SMOTET",43,0.501959794013273,0.497804847601272,0.499873686985387
"DS06","Bike Sharing Hourly - Humidity","mc.rf_SMOTET",44,0.458403931858682,0.497169159939009,0.477000241365462
"DS06","Bike Sharing Hourly - Humidity","mc.rf_SMOTET",45,0.480210128733613,0.4969996347793,0.488460650945538
"DS06","Bike Sharing Hourly - Humidity","mc.rf_SMOTET",46,0.477194286169576,0.502264606729251,0.489408595325634
"DS06","Bike Sharing Hourly - Humidity","mc.rf_SMOTET",47,0.493673251147254,0.49014673781482,0.491903674068551
"DS06","Bike Sharing Hourly - Humidity","mc.rf_SMOTET",48,0.492169579964483,0.489616686340185,0.49088981406646
"DS06","Bike Sharing Hourly - Humidity","mc.rf_SMOTET",49,0.496734077339852,0.48594705052786,0.491281358590361
"DS06","Bike Sharing Hourly - Humidity","mc.rf_SMOTET",50,0.476265894050105,0.467188453218681,0.471683504360789
"DS06","Bike Sharing Hourly - Humidity","mc.rf_SMOTETPhi",1,0.407048722294536,0.454071855236013,0.429276394796574
"DS06","Bike Sharing Hourly - Humidity","mc.rf_SMOTETPhi",2,0.42736082061244,0.4516087472747,0.439150323019723
"DS06","Bike Sharing Hourly - Humidity","mc.rf_SMOTETPhi",3,0.427716956379557,0.47482550501376,0.450041806348581
"DS06","Bike Sharing Hourly - Humidity","mc.rf_SMOTETPhi",4,0.416955254410849,0.470894190277763,0.442286263921056
"DS06","Bike Sharing Hourly - Humidity","mc.rf_SMOTETPhi",5,0.410485679662344,0.464479504538498,0.435816621169578
"DS06","Bike Sharing Hourly - Humidity","mc.rf_SMOTETPhi",6,0.392705502934639,0.451256176357111,0.419949834303842
"DS06","Bike Sharing Hourly - Humidity","mc.rf_SMOTETPhi",7,0.402240301503036,0.453594910699045,0.426376832919432
"DS06","Bike Sharing Hourly - Humidity","mc.rf_SMOTETPhi",8,0.404463920014762,0.466774470756191,0.433390985073105
"DS06","Bike Sharing Hourly - Humidity","mc.rf_SMOTETPhi",9,0.399174023877875,0.455910353088606,0.425659911634885
"DS06","Bike Sharing Hourly - Humidity","mc.rf_SMOTETPhi",10,0.395843804581131,0.454563484428943,0.423176380130667
"DS06","Bike Sharing Hourly - Humidity","mc.rf_SMOTETPhi",11,0.397407011939389,0.473126788776069,0.431973814782255
"DS06","Bike Sharing Hourly - Humidity","mc.rf_SMOTETPhi",12,0.403317302889197,0.470434273986167,0.434298003213339
"DS06","Bike Sharing Hourly - Humidity","mc.rf_SMOTETPhi",13,0.401613430852306,0.468546738779315,0.432505807190607
"DS06","Bike Sharing Hourly - Humidity","mc.rf_SMOTETPhi",14,0.413243880175881,0.477360258298193,0.442994135910696
"DS06","Bike Sharing Hourly - Humidity","mc.rf_SMOTETPhi",15,0.43350928518072,0.476439582600405,0.453961733890706
"DS06","Bike Sharing Hourly - Humidity","mc.rf_SMOTETPhi",16,0.398367050872726,0.477393499860534,0.434314700487518
"DS06","Bike Sharing Hourly - Humidity","mc.rf_SMOTETPhi",17,0.402168246031435,0.479500203995429,0.437442796113848
"DS06","Bike Sharing Hourly - Humidity","mc.rf_SMOTETPhi",18,0.406386703273985,0.486390009772908,0.442803737347552
"DS06","Bike Sharing Hourly - Humidity","mc.rf_SMOTETPhi",19,0.398481324848039,0.498096956187377,0.442755170859378
"DS06","Bike Sharing Hourly - Humidity","mc.rf_SMOTETPhi",20,0.402009294343214,0.487366124384785,0.440591695306648
"DS06","Bike Sharing Hourly - Humidity","mc.rf_SMOTETPhi",21,0.428958728876734,0.489056768150905,0.457040584377542
"DS06","Bike Sharing Hourly - Humidity","mc.rf_SMOTETPhi",22,0.410668441594307,0.498543647640936,0.450359482165822
"DS06","Bike Sharing Hourly - Humidity","mc.rf_SMOTETPhi",23,0.433440107845637,0.493609890527584,0.46157235221269
"DS06","Bike Sharing Hourly - Humidity","mc.rf_SMOTETPhi",24,0.429981672428449,0.496364670617221,0.460794632177582
"DS06","Bike Sharing Hourly - Humidity","mc.rf_SMOTETPhi",25,0.429409969904327,0.495915463923698,0.460272757353265
"DS06","Bike Sharing Hourly - Humidity","mc.rf_SMOTETPhi",26,0.419840677096182,0.487522451176362,0.451157314252236
"DS06","Bike Sharing Hourly - Humidity","mc.rf_SMOTETPhi",27,0.437372743252159,0.509820376057773,0.470825921127228
"DS06","Bike Sharing Hourly - Humidity","mc.rf_SMOTETPhi",28,0.434196580163278,0.497548746518979,0.463718911201447
"DS06","Bike Sharing Hourly - Humidity","mc.rf_SMOTETPhi",29,0.434769377900637,0.519582557321266,0.473407297407667
"DS06","Bike Sharing Hourly - Humidity","mc.rf_SMOTETPhi",30,0.443674160080886,0.51269025833806,0.475691933679085
"DS06","Bike Sharing Hourly - Humidity","mc.rf_SMOTETPhi",31,0.434683787502672,0.512182221543128,0.470261485416001
"DS06","Bike Sharing Hourly - Humidity","mc.rf_SMOTETPhi",32,0.449024191884039,0.531081754426826,0.486617914121351
"DS06","Bike Sharing Hourly - Humidity","mc.rf_SMOTETPhi",33,0.441639720169049,0.507897368758878,0.472456851720286
"DS06","Bike Sharing Hourly - Humidity","mc.rf_SMOTETPhi",34,0.44103768883751,0.511089495030412,0.473486596111327
"DS06","Bike Sharing Hourly - Humidity","mc.rf_SMOTETPhi",35,0.468531625780638,0.517272976810315,0.491697336693995
"DS06","Bike Sharing Hourly - Humidity","mc.rf_SMOTETPhi",36,0.470697470151949,0.529902183071742,0.498548277917709
"DS06","Bike Sharing Hourly - Humidity","mc.rf_SMOTETPhi",37,0.472064509518276,0.535931076681653,0.501974501303315
"DS06","Bike Sharing Hourly - Humidity","mc.rf_SMOTETPhi",38,0.4619930663108,0.532662939578561,0.494817471183895
"DS06","Bike Sharing Hourly - Humidity","mc.rf_SMOTETPhi",39,0.459968531402231,0.528589222987012,0.491897226101063
"DS06","Bike Sharing Hourly - Humidity","mc.rf_SMOTETPhi",40,0.466716596191704,0.528622055812302,0.495744209398161
"DS06","Bike Sharing Hourly - Humidity","mc.rf_SMOTETPhi",41,0.436433902570236,0.524879145598404,0.476587838535313
"DS06","Bike Sharing Hourly - Humidity","mc.rf_SMOTETPhi",42,0.437837560681976,0.511324815136692,0.471736376154847
"DS06","Bike Sharing Hourly - Humidity","mc.rf_SMOTETPhi",43,0.470845630840685,0.524001739755904,0.496003582075168
"DS06","Bike Sharing Hourly - Humidity","mc.rf_SMOTETPhi",44,0.462449225540224,0.529219921328812,0.493586683687132
"DS06","Bike Sharing Hourly - Humidity","mc.rf_SMOTETPhi",45,0.454663279347855,0.522115038713917,0.486060206925046
"DS06","Bike Sharing Hourly - Humidity","mc.rf_SMOTETPhi",46,0.456048932923426,0.532825192538751,0.491456605517808
"DS06","Bike Sharing Hourly - Humidity","mc.rf_SMOTETPhi",47,0.469064205421065,0.524157178670724,0.495082716636735
"DS06","Bike Sharing Hourly - Humidity","mc.rf_SMOTETPhi",48,0.460619214861807,0.520670998748988,0.488807619435192
"DS06","Bike Sharing Hourly - Humidity","mc.rf_SMOTETPhi",49,0.46618438314042,0.510836997569394,0.487490315563368
"DS06","Bike Sharing Hourly - Humidity","mc.rf_SMOTETPhi",50,0.47079099194747,0.501494390476611,0.485657906241352
"DS06","Bike Sharing Hourly - Humidity","mc.rpart",1,0.402096996259329,0.396518959993286,0.399288497869031
"DS06","Bike Sharing Hourly - Humidity","mc.rpart",2,0.459666350733456,0.399048620074975,0.427217945862518
"DS06","Bike Sharing Hourly - Humidity","mc.rpart",3,0.376341837533745,0.400321680794135,0.3879615648203
"DS06","Bike Sharing Hourly - Humidity","mc.rpart",4,0.376341837533745,0.39961271500561,0.387628329455371
"DS06","Bike Sharing Hourly - Humidity","mc.rpart",5,0.332398937437775,0.402264566855299,0.364009682828146
"DS06","Bike Sharing Hourly - Humidity","mc.rpart",6,0.344370056059901,0.398321931002078,0.369386362310723
"DS06","Bike Sharing Hourly - Humidity","mc.rpart",7,0.311759955863942,0.396623905465718,0.349108606258981
"DS06","Bike Sharing Hourly - Humidity","mc.rpart",8,0.311759955863942,0.397578862172186,0.349478036085498
"DS06","Bike Sharing Hourly - Humidity","mc.rpart",9,0.286737511090725,0.394718304938063,0.332172803218422
"DS06","Bike Sharing Hourly - Humidity","mc.rpart",10,0.308314004813075,0.39516632203291,0.346378730616282
"DS06","Bike Sharing Hourly - Humidity","mc.rpart",11,0.308917310274182,0.398965889853984,0.348214139175852
"DS06","Bike Sharing Hourly - Humidity","mc.rpart",12,0.321030669092703,0.397587829595758,0.355231286673504
"DS06","Bike Sharing Hourly - Humidity","mc.rpart",13,0.350235922252844,0.401395537717131,0.374074646492715
"DS06","Bike Sharing Hourly - Humidity","mc.rpart",14,0.345270284820546,0.401105108095383,0.371099251742529
"DS06","Bike Sharing Hourly - Humidity","mc.rpart",15,0.382820411996303,0.405627936053904,0.393894296262708
"DS06","Bike Sharing Hourly - Humidity","mc.rpart",16,0.359506221491439,0.401560968890919,0.379371672958041
"DS06","Bike Sharing Hourly - Humidity","mc.rpart",17,0.354543574336706,0.39555408225462,0.373927733098987
"DS06","Bike Sharing Hourly - Humidity","mc.rpart",18,0.338372513724326,0.404367018712839,0.36843786714867
"DS06","Bike Sharing Hourly - Humidity","mc.rpart",19,0.366398138866396,0.403546322400122,0.384076070189695
"DS06","Bike Sharing Hourly - Humidity","mc.rpart",20,0.403790392572241,0.40985740674386,0.406801280128453
"DS06","Bike Sharing Hourly - Humidity","mc.rpart",21,0.328641968303794,0.40655087749298,0.363468391616696
"DS06","Bike Sharing Hourly - Humidity","mc.rpart",22,0.346540917493364,0.409527201854686,0.375410438920735
"DS06","Bike Sharing Hourly - Humidity","mc.rpart",23,0.337705507808374,0.412191898160726,0.371249382048406
"DS06","Bike Sharing Hourly - Humidity","mc.rpart",24,0.40349742588186,0.411483677622254,0.407451421877397
"DS06","Bike Sharing Hourly - Humidity","mc.rpart",25,0.349670453323566,0.411637489444328,0.378132052624219
"DS06","Bike Sharing Hourly - Humidity","mc.rpart",26,0.411788438167726,0.414203075658314,0.412992227534017
"DS06","Bike Sharing Hourly - Humidity","mc.rpart",27,0.371032505523274,0.407411099509638,0.388371771703775
"DS06","Bike Sharing Hourly - Humidity","mc.rpart",28,0.383997986661221,0.410241542608669,0.396686189999469
"DS06","Bike Sharing Hourly - Humidity","mc.rpart",29,0.390561026076486,0.409442673477144,0.39977902792689
"DS06","Bike Sharing Hourly - Humidity","mc.rpart",30,0.362810888878612,0.408002929482117,0.384082127186801
"DS06","Bike Sharing Hourly - Humidity","mc.rpart",31,0.318787589433809,0.408683982990478,0.358181368774521
"DS06","Bike Sharing Hourly - Humidity","mc.rpart",32,0.328828765366067,0.412154391281643,0.365806478620892
"DS06","Bike Sharing Hourly - Humidity","mc.rpart",33,0.416844236610719,0.412809156167328,0.414816883933408
"DS06","Bike Sharing Hourly - Humidity","mc.rpart",34,0.397596935083272,0.409432733792064,0.403428043247407
"DS06","Bike Sharing Hourly - Humidity","mc.rpart",35,0.471222679790381,0.418666005060506,0.443392348279611
"DS06","Bike Sharing Hourly - Humidity","mc.rpart",36,0.399997344484905,0.414521593615974,0.40712997309709
"DS06","Bike Sharing Hourly - Humidity","mc.rpart",37,0.375457472326558,0.41793531220436,0.39555927146233
"DS06","Bike Sharing Hourly - Humidity","mc.rpart",38,0.456060084706044,0.420918502345359,0.437785210878162
"DS06","Bike Sharing Hourly - Humidity","mc.rpart",39,0.441470697086801,0.418607299167004,0.429735110010525
"DS06","Bike Sharing Hourly - Humidity","mc.rpart",40,0.405919332634863,0.418076049398096,0.411908014687167
"DS06","Bike Sharing Hourly - Humidity","mc.rpart",41,0.399964406993299,0.419333132401294,0.409419825079565
"DS06","Bike Sharing Hourly - Humidity","mc.rpart",42,0.435101583715583,0.412292685424805,0.423390166574194
"DS06","Bike Sharing Hourly - Humidity","mc.rpart",43,0.435219002220556,0.409407275938403,0.42191873670834
"DS06","Bike Sharing Hourly - Humidity","mc.rpart",44,0.388859230286807,0.416101067537989,0.402019183508996
"DS06","Bike Sharing Hourly - Humidity","mc.rpart",45,0.409465492533059,0.413403811845281,0.41142522763115
"DS06","Bike Sharing Hourly - Humidity","mc.rpart",46,0.434039881432859,0.425134317621036,0.42954094528553
"DS06","Bike Sharing Hourly - Humidity","mc.rpart",47,0.406424890512103,0.420905458696947,0.413538449617852
"DS06","Bike Sharing Hourly - Humidity","mc.rpart",48,0.386389023329912,0.413437628073698,0.399455959710498
"DS06","Bike Sharing Hourly - Humidity","mc.rpart",49,0.364127354351587,0.413853630426579,0.387401313102785
"DS06","Bike Sharing Hourly - Humidity","mc.rpart",50,0.296257711808568,0.405127225991042,0.342243063673402
"DS06","Bike Sharing Hourly - Humidity","mc.rpart_UNDERB",1,0.365522382764997,0.451845160735486,0.404125466214503
"DS06","Bike Sharing Hourly - Humidity","mc.rpart_UNDERB",2,0.376084709315342,0.479745004408611,0.421637056146185
"DS06","Bike Sharing Hourly - Humidity","mc.rpart_UNDERB",3,0.375844466463271,0.47468679450056,0.41952227555763
"DS06","Bike Sharing Hourly - Humidity","mc.rpart_UNDERB",4,0.367412801711058,0.458766872723099,0.408039140287147
"DS06","Bike Sharing Hourly - Humidity","mc.rpart_UNDERB",5,0.363927054012534,0.497604489730937,0.420394905621962
"DS06","Bike Sharing Hourly - Humidity","mc.rpart_UNDERB",6,0.364307273980863,0.484353796526172,0.415840003475849
"DS06","Bike Sharing Hourly - Humidity","mc.rpart_UNDERB",7,0.367343936535467,0.527754259522627,0.433175551174543
"DS06","Bike Sharing Hourly - Humidity","mc.rpart_UNDERB",8,0.368738048717229,0.49927625023987,0.424191515060292
"DS06","Bike Sharing Hourly - Humidity","mc.rpart_UNDERB",9,0.366913887231968,0.485547253353676,0.417975721545289
"DS06","Bike Sharing Hourly - Humidity","mc.rpart_UNDERB",10,0.36634241820577,0.462121201624347,0.408695311308745
"DS06","Bike Sharing Hourly - Humidity","mc.rpart_UNDERB",11,0.357479278821893,0.506515045880555,0.419143108089691
"DS06","Bike Sharing Hourly - Humidity","mc.rpart_UNDERB",12,0.372827089940997,0.459603764120183,0.411692414011032
"DS06","Bike Sharing Hourly - Humidity","mc.rpart_UNDERB",13,0.371639966698785,0.472579715323923,0.416075373283657
"DS06","Bike Sharing Hourly - Humidity","mc.rpart_UNDERB",14,0.374392840433024,0.497686695617992,0.427324178392934
"DS06","Bike Sharing Hourly - Humidity","mc.rpart_UNDERB",15,0.364063768247121,0.473898205551334,0.411782806077698
"DS06","Bike Sharing Hourly - Humidity","mc.rpart_UNDERB",16,0.359467829458584,0.480245536118067,0.411170829362671
"DS06","Bike Sharing Hourly - Humidity","mc.rpart_UNDERB",17,0.358295443529993,0.497727982652283,0.416656046662245
"DS06","Bike Sharing Hourly - Humidity","mc.rpart_UNDERB",18,0.375932148490793,0.499792893000016,0.429103216566857
"DS06","Bike Sharing Hourly - Humidity","mc.rpart_UNDERB",19,0.371739777806218,0.482877585128965,0.420082282407499
"DS06","Bike Sharing Hourly - Humidity","mc.rpart_UNDERB",20,0.387854642866112,0.52434371952789,0.445887987658409
"DS06","Bike Sharing Hourly - Humidity","mc.rpart_UNDERB",21,0.371138026581961,0.520685661479325,0.433373213692166
"DS06","Bike Sharing Hourly - Humidity","mc.rpart_UNDERB",22,0.377572719483291,0.537992652835186,0.443728771608354
"DS06","Bike Sharing Hourly - Humidity","mc.rpart_UNDERB",23,0.389355794639226,0.519767147512529,0.445207884135264
"DS06","Bike Sharing Hourly - Humidity","mc.rpart_UNDERB",24,0.376079753582408,0.495036945462469,0.427436123467362
"DS06","Bike Sharing Hourly - Humidity","mc.rpart_UNDERB",25,0.375496174555373,0.493194095809862,0.426371752067711
"DS06","Bike Sharing Hourly - Humidity","mc.rpart_UNDERB",26,0.394702681991664,0.540559569783852,0.456257721435672
"DS06","Bike Sharing Hourly - Humidity","mc.rpart_UNDERB",27,0.372529958965893,0.483452583787952,0.420804308978232
"DS06","Bike Sharing Hourly - Humidity","mc.rpart_UNDERB",28,0.389188627062555,0.510706258449669,0.441742854100444
"DS06","Bike Sharing Hourly - Humidity","mc.rpart_UNDERB",29,0.389251531656095,0.511409838837472,0.442046410766774
"DS06","Bike Sharing Hourly - Humidity","mc.rpart_UNDERB",30,0.368204928334526,0.522265719876385,0.431908255134574
"DS06","Bike Sharing Hourly - Humidity","mc.rpart_UNDERB",31,0.372542814367639,0.513435087688491,0.431786282973112
"DS06","Bike Sharing Hourly - Humidity","mc.rpart_UNDERB",32,0.392228386503388,0.514638588442922,0.445171935364168
"DS06","Bike Sharing Hourly - Humidity","mc.rpart_UNDERB",33,0.386199142265174,0.519734881336698,0.443125349414485
"DS06","Bike Sharing Hourly - Humidity","mc.rpart_UNDERB",34,0.382838905901728,0.560452022777389,0.454923995741074
"DS06","Bike Sharing Hourly - Humidity","mc.rpart_UNDERB",35,0.393224884045034,0.550960025713757,0.458916871018599
"DS06","Bike Sharing Hourly - Humidity","mc.rpart_UNDERB",36,0.376951768694878,0.49183418895504,0.426797338973382
"DS06","Bike Sharing Hourly - Humidity","mc.rpart_UNDERB",37,0.388515007854022,0.528372292374408,0.447777093805418
"DS06","Bike Sharing Hourly - Humidity","mc.rpart_UNDERB",38,0.382376119191173,0.548589044265427,0.450644896309888
"DS06","Bike Sharing Hourly - Humidity","mc.rpart_UNDERB",39,0.3821135920669,0.543275530396234,0.448660913258196
"DS06","Bike Sharing Hourly - Humidity","mc.rpart_UNDERB",40,0.377941620105488,0.508994107934438,0.433785790097813
"DS06","Bike Sharing Hourly - Humidity","mc.rpart_UNDERB",41,0.367233108540242,0.507063733720936,0.42596651883305
"DS06","Bike Sharing Hourly - Humidity","mc.rpart_UNDERB",42,0.377614834987758,0.504910498906653,0.432082088537606
"DS06","Bike Sharing Hourly - Humidity","mc.rpart_UNDERB",43,0.385205338134348,0.556218682850456,0.455179390005197
"DS06","Bike Sharing Hourly - Humidity","mc.rpart_UNDERB",44,0.390451915595575,0.517509290878303,0.445090588719452
"DS06","Bike Sharing Hourly - Humidity","mc.rpart_UNDERB",45,0.386405471149288,0.497637951460262,0.435023941534819
"DS06","Bike Sharing Hourly - Humidity","mc.rpart_UNDERB",46,0.385171719066664,0.541519807107357,0.450156517289704
"DS06","Bike Sharing Hourly - Humidity","mc.rpart_UNDERB",47,0.391025334843883,0.54610872079728,0.455734895398334
"DS06","Bike Sharing Hourly - Humidity","mc.rpart_UNDERB",48,0.370726174315408,0.520197705593786,0.432923417210667
"DS06","Bike Sharing Hourly - Humidity","mc.rpart_UNDERB",49,0.382900334559885,0.490758705701104,0.430171643493768
"DS06","Bike Sharing Hourly - Humidity","mc.rpart_UNDERB",50,0.390622818472329,0.547336610312301,0.455887883445701
"DS06","Bike Sharing Hourly - Humidity","mc.rpart_UNDERT",1,0.371957789901851,0.470430773475388,0.415438666693683
"DS06","Bike Sharing Hourly - Humidity","mc.rpart_UNDERT",2,0.38506787173414,0.470591161838279,0.423555481882552
"DS06","Bike Sharing Hourly - Humidity","mc.rpart_UNDERT",3,0.380621805260151,0.49304259980486,0.429599199234676
"DS06","Bike Sharing Hourly - Humidity","mc.rpart_UNDERT",4,0.361906077822443,0.47456594771504,0.41064924005147
"DS06","Bike Sharing Hourly - Humidity","mc.rpart_UNDERT",5,0.367135801392929,0.495371744792904,0.421720837843595
"DS06","Bike Sharing Hourly - Humidity","mc.rpart_UNDERT",6,0.367267458113962,0.485519994093409,0.418194929188127
"DS06","Bike Sharing Hourly - Humidity","mc.rpart_UNDERT",7,0.3753563359587,0.520134351352376,0.436041886523968
"DS06","Bike Sharing Hourly - Humidity","mc.rpart_UNDERT",8,0.378075618818942,0.499755522801305,0.430482286587699
"DS06","Bike Sharing Hourly - Humidity","mc.rpart_UNDERT",9,0.36850621068737,0.484397623466406,0.418578333316272
"DS06","Bike Sharing Hourly - Humidity","mc.rpart_UNDERT",10,0.364398074116541,0.48039134466988,0.414431518499444
"DS06","Bike Sharing Hourly - Humidity","mc.rpart_UNDERT",11,0.37180644027965,0.461481841636414,0.41181887353077
"DS06","Bike Sharing Hourly - Humidity","mc.rpart_UNDERT",12,0.373968575706264,0.493254026112043,0.42540751410247
"DS06","Bike Sharing Hourly - Humidity","mc.rpart_UNDERT",13,0.371985419826498,0.49751413666769,0.425688555251576
"DS06","Bike Sharing Hourly - Humidity","mc.rpart_UNDERT",14,0.38833434101853,0.492669099665575,0.434323684389387
"DS06","Bike Sharing Hourly - Humidity","mc.rpart_UNDERT",15,0.383810301479374,0.487562707925725,0.429509722929863
"DS06","Bike Sharing Hourly - Humidity","mc.rpart_UNDERT",16,0.375776314052196,0.499383086545184,0.428850642371811
"DS06","Bike Sharing Hourly - Humidity","mc.rpart_UNDERT",17,0.373080325129624,0.49626745632544,0.425946043474701
"DS06","Bike Sharing Hourly - Humidity","mc.rpart_UNDERT",18,0.368107336825747,0.486505567483784,0.419104995710412
"DS06","Bike Sharing Hourly - Humidity","mc.rpart_UNDERT",19,0.364235872193516,0.495437754313134,0.419824912608146
"DS06","Bike Sharing Hourly - Humidity","mc.rpart_UNDERT",20,0.370524347409341,0.467740165762364,0.413495064989677
"DS06","Bike Sharing Hourly - Humidity","mc.rpart_UNDERT",21,0.395563410670126,0.502241774152502,0.442564762430122
"DS06","Bike Sharing Hourly - Humidity","mc.rpart_UNDERT",22,0.369192043828228,0.509954657312068,0.428304404597251
"DS06","Bike Sharing Hourly - Humidity","mc.rpart_UNDERT",23,0.37146322672865,0.521975087810751,0.434041270079427
"DS06","Bike Sharing Hourly - Humidity","mc.rpart_UNDERT",24,0.385062399237802,0.525114261574574,0.444313211141709
"DS06","Bike Sharing Hourly - Humidity","mc.rpart_UNDERT",25,0.37330300404455,0.477809244345598,0.419140076087132
"DS06","Bike Sharing Hourly - Humidity","mc.rpart_UNDERT",26,0.368906102999469,0.517940664238591,0.430900757803461
"DS06","Bike Sharing Hourly - Humidity","mc.rpart_UNDERT",27,0.389507009354373,0.539288868323369,0.452320686013255
"DS06","Bike Sharing Hourly - Humidity","mc.rpart_UNDERT",28,0.379450272046027,0.527908424170076,0.441534303913292
"DS06","Bike Sharing Hourly - Humidity","mc.rpart_UNDERT",29,0.371447839662077,0.544060592911651,0.441481748702575
"DS06","Bike Sharing Hourly - Humidity","mc.rpart_UNDERT",30,0.374870898460898,0.528972057841897,0.438784700818028
"DS06","Bike Sharing Hourly - Humidity","mc.rpart_UNDERT",31,0.371459964276805,0.519441047295112,0.433160475442052
"DS06","Bike Sharing Hourly - Humidity","mc.rpart_UNDERT",32,0.360890574751981,0.501549139911332,0.41974958780655
"DS06","Bike Sharing Hourly - Humidity","mc.rpart_UNDERT",33,0.392088894712989,0.540240360961814,0.454393648423166
"DS06","Bike Sharing Hourly - Humidity","mc.rpart_UNDERT",34,0.375667257105779,0.483569941663533,0.422843410093826
"DS06","Bike Sharing Hourly - Humidity","mc.rpart_UNDERT",35,0.398868631476519,0.523253849923132,0.452672071755301
"DS06","Bike Sharing Hourly - Humidity","mc.rpart_UNDERT",36,0.384356739757032,0.532900822407007,0.446600891969683
"DS06","Bike Sharing Hourly - Humidity","mc.rpart_UNDERT",37,0.382593722394303,0.515868171673709,0.439346232418951
"DS06","Bike Sharing Hourly - Humidity","mc.rpart_UNDERT",38,0.38427669268368,0.502694334404526,0.435580668040434
"DS06","Bike Sharing Hourly - Humidity","mc.rpart_UNDERT",39,0.37769579674051,0.514532813604976,0.435621271791357
"DS06","Bike Sharing Hourly - Humidity","mc.rpart_UNDERT",40,0.379263680684302,0.509843968047864,0.434964877812612
"DS06","Bike Sharing Hourly - Humidity","mc.rpart_UNDERT",41,0.382474245301909,0.522400427753421,0.441618525305253
"DS06","Bike Sharing Hourly - Humidity","mc.rpart_UNDERT",42,0.381814413945285,0.52540992825727,0.442248018503441
"DS06","Bike Sharing Hourly - Humidity","mc.rpart_UNDERT",43,0.377149596758446,0.51900666326067,0.436850496942426
"DS06","Bike Sharing Hourly - Humidity","mc.rpart_UNDERT",44,0.367823408111724,0.46411169797811,0.410395342726152
"DS06","Bike Sharing Hourly - Humidity","mc.rpart_UNDERT",45,0.392635152914901,0.535212933247666,0.452969435453275
"DS06","Bike Sharing Hourly - Humidity","mc.rpart_UNDERT",46,0.366756572355017,0.495224380253674,0.421417191873675
"DS06","Bike Sharing Hourly - Humidity","mc.rpart_UNDERT",47,0.381021096171801,0.517101412663786,0.438752052524743
"DS06","Bike Sharing Hourly - Humidity","mc.rpart_UNDERT",48,0.375124046293334,0.519226430012961,0.435565976714924
"DS06","Bike Sharing Hourly - Humidity","mc.rpart_UNDERT",49,0.365567721411232,0.513193575341309,0.426980584315005
"DS06","Bike Sharing Hourly - Humidity","mc.rpart_UNDERT",50,0.388223461007502,0.538378390968219,0.451134695722168
"DS06","Bike Sharing Hourly - Humidity","mc.rpart_UNDERTPhi",1,0.364297979663742,0.476344177066266,0.412853959180071
"DS06","Bike Sharing Hourly - Humidity","mc.rpart_UNDERTPhi",2,0.386167494471993,0.490202049177647,0.43200975772761
"DS06","Bike Sharing Hourly - Humidity","mc.rpart_UNDERTPhi",3,0.359969613989554,0.474673939749547,0.40943991982464
"DS06","Bike Sharing Hourly - Humidity","mc.rpart_UNDERTPhi",4,0.357661844301206,0.482701303484153,0.410879127447969
"DS06","Bike Sharing Hourly - Humidity","mc.rpart_UNDERTPhi",5,0.355123845760679,0.461210748566271,0.401274026300587
"DS06","Bike Sharing Hourly - Humidity","mc.rpart_UNDERTPhi",6,0.381752876625726,0.500359522351857,0.43308242175553
"DS06","Bike Sharing Hourly - Humidity","mc.rpart_UNDERTPhi",7,0.394232615594521,0.516280934166237,0.447076889984598
"DS06","Bike Sharing Hourly - Humidity","mc.rpart_UNDERTPhi",8,0.387098661627661,0.547639196575865,0.453582570105355
"DS06","Bike Sharing Hourly - Humidity","mc.rpart_UNDERTPhi",9,0.377505628983753,0.517750285476324,0.436643073825732
"DS06","Bike Sharing Hourly - Humidity","mc.rpart_UNDERTPhi",10,0.368704225840367,0.49621421945062,0.423060187072251
"DS06","Bike Sharing Hourly - Humidity","mc.rpart_UNDERTPhi",11,0.384402103345623,0.55775415972447,0.455130174370886
"DS06","Bike Sharing Hourly - Humidity","mc.rpart_UNDERTPhi",12,0.379118874519218,0.524110326846443,0.439977177304483
"DS06","Bike Sharing Hourly - Humidity","mc.rpart_UNDERTPhi",13,0.382291636272627,0.499655634543798,0.433164603878786
"DS06","Bike Sharing Hourly - Humidity","mc.rpart_UNDERTPhi",14,0.372920850315433,0.488424945906368,0.422928507787758
"DS06","Bike Sharing Hourly - Humidity","mc.rpart_UNDERTPhi",15,0.370476506163765,0.480685128182808,0.418445897155034
"DS06","Bike Sharing Hourly - Humidity","mc.rpart_UNDERTPhi",16,0.36935429205732,0.50177705654733,0.425500723371983
"DS06","Bike Sharing Hourly - Humidity","mc.rpart_UNDERTPhi",17,0.381821828647368,0.507521312616551,0.435788407577672
"DS06","Bike Sharing Hourly - Humidity","mc.rpart_UNDERTPhi",18,0.363115217997651,0.494254883844091,0.418655769563046
"DS06","Bike Sharing Hourly - Humidity","mc.rpart_UNDERTPhi",19,0.369607474719032,0.504223756794131,0.426546597835156
"DS06","Bike Sharing Hourly - Humidity","mc.rpart_UNDERTPhi",20,0.37015745168389,0.534494749995605,0.437399509401483
"DS06","Bike Sharing Hourly - Humidity","mc.rpart_UNDERTPhi",21,0.389659201310822,0.512857523839213,0.442849750163272
"DS06","Bike Sharing Hourly - Humidity","mc.rpart_UNDERTPhi",22,0.394896149179477,0.563515390829014,0.464372659452272
"DS06","Bike Sharing Hourly - Humidity","mc.rpart_UNDERTPhi",23,0.388931609904093,0.524991157261048,0.446833503474932
"DS06","Bike Sharing Hourly - Humidity","mc.rpart_UNDERTPhi",24,0.403380921493923,0.545790707342987,0.46390252675507
"DS06","Bike Sharing Hourly - Humidity","mc.rpart_UNDERTPhi",25,0.364348601759753,0.525259276592515,0.430251322284357
"DS06","Bike Sharing Hourly - Humidity","mc.rpart_UNDERTPhi",26,0.378710395792446,0.497730045942136,0.43013885193039
"DS06","Bike Sharing Hourly - Humidity","mc.rpart_UNDERTPhi",27,0.398073985137102,0.56597056146074,0.467401963251693
"DS06","Bike Sharing Hourly - Humidity","mc.rpart_UNDERTPhi",28,0.388342628665411,0.526344371194054,0.446933118594988
"DS06","Bike Sharing Hourly - Humidity","mc.rpart_UNDERTPhi",29,0.400938160620581,0.554087834006995,0.465233319802229
"DS06","Bike Sharing Hourly - Humidity","mc.rpart_UNDERTPhi",30,0.38457200257178,0.52239568556172,0.443011934294527
"DS06","Bike Sharing Hourly - Humidity","mc.rpart_UNDERTPhi",31,0.387867411648889,0.517629955978504,0.44345085561845
"DS06","Bike Sharing Hourly - Humidity","mc.rpart_UNDERTPhi",32,0.381458198980297,0.513135221284386,0.437605805968447
"DS06","Bike Sharing Hourly - Humidity","mc.rpart_UNDERTPhi",33,0.37537900724444,0.557354198852158,0.448615026207131
"DS06","Bike Sharing Hourly - Humidity","mc.rpart_UNDERTPhi",34,0.3948253711941,0.514868304075025,0.446926421055657
"DS06","Bike Sharing Hourly - Humidity","mc.rpart_UNDERTPhi",35,0.408053543049007,0.560216255044306,0.472178783629571
"DS06","Bike Sharing Hourly - Humidity","mc.rpart_UNDERTPhi",36,0.384567819151767,0.553169732261842,0.453711760259612
"DS06","Bike Sharing Hourly - Humidity","mc.rpart_UNDERTPhi",37,0.380047135634728,0.538650894861723,0.445658361950895
"DS06","Bike Sharing Hourly - Humidity","mc.rpart_UNDERTPhi",38,0.38113448069476,0.526611626116469,0.442215829165682
"DS06","Bike Sharing Hourly - Humidity","mc.rpart_UNDERTPhi",39,0.389281840120349,0.528905883320399,0.448477909806709
"DS06","Bike Sharing Hourly - Humidity","mc.rpart_UNDERTPhi",40,0.379180331798646,0.561099653902128,0.452541702842158
"DS06","Bike Sharing Hourly - Humidity","mc.rpart_UNDERTPhi",41,0.379210245998904,0.543776266525312,0.446822416144502
"DS06","Bike Sharing Hourly - Humidity","mc.rpart_UNDERTPhi",42,0.380204557583175,0.557996264923469,0.4522543957518
"DS06","Bike Sharing Hourly - Humidity","mc.rpart_UNDERTPhi",43,0.394385670543037,0.561676852273213,0.463395011781772
"DS06","Bike Sharing Hourly - Humidity","mc.rpart_UNDERTPhi",44,0.371112297225179,0.554928348148556,0.444776879083251
"DS06","Bike Sharing Hourly - Humidity","mc.rpart_UNDERTPhi",45,0.386442777272927,0.536447173598253,0.449254291759988
"DS06","Bike Sharing Hourly - Humidity","mc.rpart_UNDERTPhi",46,0.393269726426236,0.583988355169951,0.470019015445081
"DS06","Bike Sharing Hourly - Humidity","mc.rpart_UNDERTPhi",47,0.383886464240122,0.575676818438225,0.460614828359021
"DS06","Bike Sharing Hourly - Humidity","mc.rpart_UNDERTPhi",48,0.395555519360359,0.550005951658689,0.460166570926743
"DS06","Bike Sharing Hourly - Humidity","mc.rpart_UNDERTPhi",49,0.394179779255283,0.543757363427726,0.457041624071422
"DS06","Bike Sharing Hourly - Humidity","mc.rpart_UNDERTPhi",50,0.379668276129025,0.540658155440502,0.446082482931898
"DS06","Bike Sharing Hourly - Humidity","mc.rpart_OVERB",1,0.384733454882303,0.451395659637125,0.41540716292575
"DS06","Bike Sharing Hourly - Humidity","mc.rpart_OVERB",2,0.393263217033364,0.451468253173039,0.420360466949055
"DS06","Bike Sharing Hourly - Humidity","mc.rpart_OVERB",3,0.370366070066951,0.440371370649691,0.402346322561232
"DS06","Bike Sharing Hourly - Humidity","mc.rpart_OVERB",4,0.404472305998844,0.468530496776834,0.434151207440751
"DS06","Bike Sharing Hourly - Humidity","mc.rpart_OVERB",5,0.380865966031827,0.452838375843039,0.413745537378117
"DS06","Bike Sharing Hourly - Humidity","mc.rpart_OVERB",6,0.395967161104567,0.465478308256642,0.427918262575144
"DS06","Bike Sharing Hourly - Humidity","mc.rpart_OVERB",7,0.372022680610888,0.472240333974407,0.416183373907565
"DS06","Bike Sharing Hourly - Humidity","mc.rpart_OVERB",8,0.382868146592653,0.469953654520277,0.421964552162747
"DS06","Bike Sharing Hourly - Humidity","mc.rpart_OVERB",9,0.367922396576639,0.456331803167622,0.407385708699241
"DS06","Bike Sharing Hourly - Humidity","mc.rpart_OVERB",10,0.374960723575186,0.449750203125996,0.408964295566593
"DS06","Bike Sharing Hourly - Humidity","mc.rpart_OVERB",11,0.385154699038019,0.473256527725393,0.424684509756742
"DS06","Bike Sharing Hourly - Humidity","mc.rpart_OVERB",12,0.378566688594133,0.468467162999123,0.418746103896748
"DS06","Bike Sharing Hourly - Humidity","mc.rpart_OVERB",13,0.41097134897233,0.462703979632165,0.435306051249112
"DS06","Bike Sharing Hourly - Humidity","mc.rpart_OVERB",14,0.411134205171998,0.478648051327611,0.442329760348035
"DS06","Bike Sharing Hourly - Humidity","mc.rpart_OVERB",15,0.406897137681953,0.467488616323523,0.435093501945932
"DS06","Bike Sharing Hourly - Humidity","mc.rpart_OVERB",16,0.409429368642674,0.46721552469883,0.436417889958502
"DS06","Bike Sharing Hourly - Humidity","mc.rpart_OVERB",17,0.420604445128569,0.502121938744854,0.457762394407986
"DS06","Bike Sharing Hourly - Humidity","mc.rpart_OVERB",18,0.417369764251624,0.507489735212319,0.458039023805134
"DS06","Bike Sharing Hourly - Humidity","mc.rpart_OVERB",19,0.377982845347159,0.465105159634122,0.417042516523654
"DS06","Bike Sharing Hourly - Humidity","mc.rpart_OVERB",20,0.412602275341329,0.482133126929103,0.444666042460342
"DS06","Bike Sharing Hourly - Humidity","mc.rpart_OVERB",21,0.396597725837013,0.503118617268382,0.44355246175967
"DS06","Bike Sharing Hourly - Humidity","mc.rpart_OVERB",22,0.402905200859345,0.479701117060423,0.437962137812957
"DS06","Bike Sharing Hourly - Humidity","mc.rpart_OVERB",23,0.397862824555736,0.487906449976317,0.438307906783269
"DS06","Bike Sharing Hourly - Humidity","mc.rpart_OVERB",24,0.403980461833888,0.51148543783791,0.451420688576485
"DS06","Bike Sharing Hourly - Humidity","mc.rpart_OVERB",25,0.404796664511294,0.485150197169834,0.441345860201958
"DS06","Bike Sharing Hourly - Humidity","mc.rpart_OVERB",26,0.383405724756118,0.463611250322216,0.419711086471297
"DS06","Bike Sharing Hourly - Humidity","mc.rpart_OVERB",27,0.427807229834918,0.493501829892549,0.458312329691508
"DS06","Bike Sharing Hourly - Humidity","mc.rpart_OVERB",28,0.395826143039396,0.47298157169421,0.430977920839103
"DS06","Bike Sharing Hourly - Humidity","mc.rpart_OVERB",29,0.386901178628148,0.49895039378235,0.43583936958214
"DS06","Bike Sharing Hourly - Humidity","mc.rpart_OVERB",30,0.415739860585569,0.512745576995431,0.459175267737791
"DS06","Bike Sharing Hourly - Humidity","mc.rpart_OVERB",31,0.419390526994314,0.495233788433299,0.454167587747387
"DS06","Bike Sharing Hourly - Humidity","mc.rpart_OVERB",32,0.429359678180995,0.481139070656642,0.453777046483953
"DS06","Bike Sharing Hourly - Humidity","mc.rpart_OVERB",33,0.418928465890018,0.462806969804594,0.439775937349529
"DS06","Bike Sharing Hourly - Humidity","mc.rpart_OVERB",34,0.415068219875054,0.483927921928809,0.446860874619077
"DS06","Bike Sharing Hourly - Humidity","mc.rpart_OVERB",35,0.428096341287406,0.493806095963542,0.458609445957818
"DS06","Bike Sharing Hourly - Humidity","mc.rpart_OVERB",36,0.399180227694844,0.457763027547025,0.42646919372725
"DS06","Bike Sharing Hourly - Humidity","mc.rpart_OVERB",37,0.387123051320888,0.440426402784385,0.412058063919608
"DS06","Bike Sharing Hourly - Humidity","mc.rpart_OVERB",38,0.406407743065767,0.467459347515171,0.434800899235925
"DS06","Bike Sharing Hourly - Humidity","mc.rpart_OVERB",39,0.385926754563539,0.464796018332809,0.421705459414312
"DS06","Bike Sharing Hourly - Humidity","mc.rpart_OVERB",40,0.39720461189574,0.464865717245169,0.428379914167817
"DS06","Bike Sharing Hourly - Humidity","mc.rpart_OVERB",41,0.443569604786952,0.518492702972323,0.478113738554029
"DS06","Bike Sharing Hourly - Humidity","mc.rpart_OVERB",42,0.414464572501455,0.486002729120375,0.447391955258386
"DS06","Bike Sharing Hourly - Humidity","mc.rpart_OVERB",43,0.383628482312105,0.479877902553175,0.426389045126313
"DS06","Bike Sharing Hourly - Humidity","mc.rpart_OVERB",44,0.425482632600338,0.475220698222639,0.448978363522182
"DS06","Bike Sharing Hourly - Humidity","mc.rpart_OVERB",45,0.407546860184259,0.473570355558385,0.438084985824485
"DS06","Bike Sharing Hourly - Humidity","mc.rpart_OVERB",46,0.414590468088723,0.476488968222022,0.443389840062228
"DS06","Bike Sharing Hourly - Humidity","mc.rpart_OVERB",47,0.422557686273854,0.479842102496428,0.449381684550211
"DS06","Bike Sharing Hourly - Humidity","mc.rpart_OVERB",48,0.406019616708151,0.477390375176894,0.438821971519437
"DS06","Bike Sharing Hourly - Humidity","mc.rpart_OVERB",49,0.448326754742887,0.492542367856488,0.469395617414692
"DS06","Bike Sharing Hourly - Humidity","mc.rpart_OVERB",50,0.403517003627085,0.468977367866047,0.433791548537718
"DS06","Bike Sharing Hourly - Humidity","mc.rpart_OVERT",1,0.377848543609187,0.420658668688329,0.398106023020474
"DS06","Bike Sharing Hourly - Humidity","mc.rpart_OVERT",2,0.399642940175694,0.437819339358595,0.417860988662916
"DS06","Bike Sharing Hourly - Humidity","mc.rpart_OVERT",3,0.402712199410218,0.459349908076503,0.429170497517128
"DS06","Bike Sharing Hourly - Humidity","mc.rpart_OVERT",4,0.379305357921247,0.44908392958171,0.411255778452018
"DS06","Bike Sharing Hourly - Humidity","mc.rpart_OVERT",5,0.411985983127705,0.461660654084883,0.435411092638953
"DS06","Bike Sharing Hourly - Humidity","mc.rpart_OVERT",6,0.404708667491295,0.425349303665718,0.414772355393333
"DS06","Bike Sharing Hourly - Humidity","mc.rpart_OVERT",7,0.408213107466375,0.459309941209588,0.432256730648311
"DS06","Bike Sharing Hourly - Humidity","mc.rpart_OVERT",8,0.4081222209159,0.457327983977675,0.43132628879766
"DS06","Bike Sharing Hourly - Humidity","mc.rpart_OVERT",9,0.386871046723691,0.442948361037311,0.413014914995584
"DS06","Bike Sharing Hourly - Humidity","mc.rpart_OVERT",10,0.403561143382427,0.456751074089909,0.428511840137392
"DS06","Bike Sharing Hourly - Humidity","mc.rpart_OVERT",11,0.40880407206353,0.452163822289111,0.429392113234569
"DS06","Bike Sharing Hourly - Humidity","mc.rpart_OVERT",12,0.417066423459794,0.478508640615401,0.445679866136417
"DS06","Bike Sharing Hourly - Humidity","mc.rpart_OVERT",13,0.382201221549442,0.466233433174427,0.420055891621851
"DS06","Bike Sharing Hourly - Humidity","mc.rpart_OVERT",14,0.418644116952217,0.463373840605762,0.439874790885774
"DS06","Bike Sharing Hourly - Humidity","mc.rpart_OVERT",15,0.407099841059137,0.46121247534725,0.432470026880239
"DS06","Bike Sharing Hourly - Humidity","mc.rpart_OVERT",16,0.420387848390645,0.46123421026771,0.439864804548271
"DS06","Bike Sharing Hourly - Humidity","mc.rpart_OVERT",17,0.404988502836936,0.445937851287625,0.424477869032738
"DS06","Bike Sharing Hourly - Humidity","mc.rpart_OVERT",18,0.413603161657681,0.461538605248496,0.436258063725394
"DS06","Bike Sharing Hourly - Humidity","mc.rpart_OVERT",19,0.396403711876277,0.456601528112282,0.424378496419357
"DS06","Bike Sharing Hourly - Humidity","mc.rpart_OVERT",20,0.43088204003956,0.48003382587692,0.454131851076588
"DS06","Bike Sharing Hourly - Humidity","mc.rpart_OVERT",21,0.398755644011779,0.481990468527303,0.436440006827996
"DS06","Bike Sharing Hourly - Humidity","mc.rpart_OVERT",22,0.410298020478476,0.474144815346254,0.439916908762779
"DS06","Bike Sharing Hourly - Humidity","mc.rpart_OVERT",23,0.409833666071355,0.463291618480073,0.434926134476492
"DS06","Bike Sharing Hourly - Humidity","mc.rpart_OVERT",24,0.413629101268905,0.487577766371693,0.447569499400336
"DS06","Bike Sharing Hourly - Humidity","mc.rpart_OVERT",25,0.417724164918036,0.468355105264484,0.441593098530351
"DS06","Bike Sharing Hourly - Humidity","mc.rpart_OVERT",26,0.410309487970546,0.489456593677833,0.446401989209994
"DS06","Bike Sharing Hourly - Humidity","mc.rpart_OVERT",27,0.429975528080464,0.474047743216309,0.450937349062714
"DS06","Bike Sharing Hourly - Humidity","mc.rpart_OVERT",28,0.413050017488938,0.472046315317115,0.440581960562812
"DS06","Bike Sharing Hourly - Humidity","mc.rpart_OVERT",29,0.417103423375075,0.485830472441072,0.448851359272401
"DS06","Bike Sharing Hourly - Humidity","mc.rpart_OVERT",30,0.406524588939688,0.460312510353044,0.431749758305796
"DS06","Bike Sharing Hourly - Humidity","mc.rpart_OVERT",31,0.405284548944443,0.477197847340294,0.438311098625402
"DS06","Bike Sharing Hourly - Humidity","mc.rpart_OVERT",32,0.424424299580228,0.479263284287258,0.450179879372929
"DS06","Bike Sharing Hourly - Humidity","mc.rpart_OVERT",33,0.397903238564489,0.448376486222126,0.421634716603745
"DS06","Bike Sharing Hourly - Humidity","mc.rpart_OVERT",34,0.423875525677829,0.473765347063375,0.447434027644426
"DS06","Bike Sharing Hourly - Humidity","mc.rpart_OVERT",35,0.423956052955805,0.484032815583419,0.452006955384754
"DS06","Bike Sharing Hourly - Humidity","mc.rpart_OVERT",36,0.43316859868871,0.501101691577307,0.464665353918682
"DS06","Bike Sharing Hourly - Humidity","mc.rpart_OVERT",37,0.423564990129739,0.450374232364098,0.436558406754271
"DS06","Bike Sharing Hourly - Humidity","mc.rpart_OVERT",38,0.391806687196923,0.47739808827299,0.430388255378054
"DS06","Bike Sharing Hourly - Humidity","mc.rpart_OVERT",39,0.424772805695486,0.443594963693059,0.433979896450941
"DS06","Bike Sharing Hourly - Humidity","mc.rpart_OVERT",40,0.414743774181032,0.465471625401528,0.438645946855198
"DS06","Bike Sharing Hourly - Humidity","mc.rpart_OVERT",41,0.40380180615079,0.480419482075728,0.438791187579978
"DS06","Bike Sharing Hourly - Humidity","mc.rpart_OVERT",42,0.3989013165144,0.466403127954136,0.430019337024459
"DS06","Bike Sharing Hourly - Humidity","mc.rpart_OVERT",43,0.418460152750216,0.474803902769549,0.444855051429858
"DS06","Bike Sharing Hourly - Humidity","mc.rpart_OVERT",44,0.403419187603282,0.445043036287837,0.423210120833328
"DS06","Bike Sharing Hourly - Humidity","mc.rpart_OVERT",45,0.366164785916379,0.444636728259771,0.401603375344529
"DS06","Bike Sharing Hourly - Humidity","mc.rpart_OVERT",46,0.444017056667512,0.487728210477056,0.464847318480951
"DS06","Bike Sharing Hourly - Humidity","mc.rpart_OVERT",47,0.413052304901525,0.478862981597051,0.443529696765645
"DS06","Bike Sharing Hourly - Humidity","mc.rpart_OVERT",48,0.425387225763539,0.491605819601959,0.456105609146327
"DS06","Bike Sharing Hourly - Humidity","mc.rpart_OVERT",49,0.425329443431056,0.465167965751026,0.444357569005314
"DS06","Bike Sharing Hourly - Humidity","mc.rpart_OVERT",50,0.411209418364046,0.455479093326383,0.432213628119777
"DS06","Bike Sharing Hourly - Humidity","mc.rpart_OVERTPhi",1,0.375758259358305,0.429873950954803,0.400998583439151
"DS06","Bike Sharing Hourly - Humidity","mc.rpart_OVERTPhi",2,0.399314169710412,0.452757613666041,0.424359858191072
"DS06","Bike Sharing Hourly - Humidity","mc.rpart_OVERTPhi",3,0.409365972539897,0.463040429833352,0.434552051356734
"DS06","Bike Sharing Hourly - Humidity","mc.rpart_OVERTPhi",4,0.384657186979384,0.472351900056678,0.424017798384263
"DS06","Bike Sharing Hourly - Humidity","mc.rpart_OVERTPhi",5,0.386568493790323,0.449328412942205,0.415592416742473
"DS06","Bike Sharing Hourly - Humidity","mc.rpart_OVERTPhi",6,0.371272201014128,0.440107813378549,0.402770079760653
"DS06","Bike Sharing Hourly - Humidity","mc.rpart_OVERTPhi",7,0.398173294038005,0.459963026639442,0.426843588925674
"DS06","Bike Sharing Hourly - Humidity","mc.rpart_OVERTPhi",8,0.399171311367454,0.476079160726402,0.434246307682075
"DS06","Bike Sharing Hourly - Humidity","mc.rpart_OVERTPhi",9,0.417338404161887,0.470890838373281,0.442500250183729
"DS06","Bike Sharing Hourly - Humidity","mc.rpart_OVERTPhi",10,0.413741681185851,0.461878704057879,0.436487031917733
"DS06","Bike Sharing Hourly - Humidity","mc.rpart_OVERTPhi",11,0.418087720819625,0.477664961310385,0.445895075669264
"DS06","Bike Sharing Hourly - Humidity","mc.rpart_OVERTPhi",12,0.407170182139083,0.479228473802368,0.440270399004833
"DS06","Bike Sharing Hourly - Humidity","mc.rpart_OVERTPhi",13,0.394404907581237,0.470829295665925,0.42924189577053
"DS06","Bike Sharing Hourly - Humidity","mc.rpart_OVERTPhi",14,0.411153377423902,0.451630245944456,0.430442340205552
"DS06","Bike Sharing Hourly - Humidity","mc.rpart_OVERTPhi",15,0.417393969639253,0.465596265543377,0.440179439774137
"DS06","Bike Sharing Hourly - Humidity","mc.rpart_OVERTPhi",16,0.411327386211923,0.443104969148216,0.42662525039897
"DS06","Bike Sharing Hourly - Humidity","mc.rpart_OVERTPhi",17,0.398482923092031,0.451908658320413,0.42351755843824
"DS06","Bike Sharing Hourly - Humidity","mc.rpart_OVERTPhi",18,0.402884695870004,0.465295615490751,0.431846887296531
"DS06","Bike Sharing Hourly - Humidity","mc.rpart_OVERTPhi",19,0.394104345032634,0.470127358775224,0.42877213135246
"DS06","Bike Sharing Hourly - Humidity","mc.rpart_OVERTPhi",20,0.41695330012113,0.473262081650822,0.443326841586873
"DS06","Bike Sharing Hourly - Humidity","mc.rpart_OVERTPhi",21,0.402329581749643,0.457874814111055,0.428308860874105
"DS06","Bike Sharing Hourly - Humidity","mc.rpart_OVERTPhi",22,0.40910328765857,0.481252969926588,0.442254817698268
"DS06","Bike Sharing Hourly - Humidity","mc.rpart_OVERTPhi",23,0.404992688991886,0.469410956048174,0.434828940639863
"DS06","Bike Sharing Hourly - Humidity","mc.rpart_OVERTPhi",24,0.404512012243587,0.484160853757604,0.440767100461463
"DS06","Bike Sharing Hourly - Humidity","mc.rpart_OVERTPhi",25,0.415427968750844,0.470458700665366,0.441234097195228
"DS06","Bike Sharing Hourly - Humidity","mc.rpart_OVERTPhi",26,0.427293168470821,0.47357407837886,0.44924481196044
"DS06","Bike Sharing Hourly - Humidity","mc.rpart_OVERTPhi",27,0.42947808878215,0.471974974201682,0.449724823613537
"DS06","Bike Sharing Hourly - Humidity","mc.rpart_OVERTPhi",28,0.425676138418142,0.47606791710614,0.449464016617635
"DS06","Bike Sharing Hourly - Humidity","mc.rpart_OVERTPhi",29,0.404794869271394,0.497397370897607,0.446343683228124
"DS06","Bike Sharing Hourly - Humidity","mc.rpart_OVERTPhi",30,0.408897170375202,0.487635421995858,0.444808690560797
"DS06","Bike Sharing Hourly - Humidity","mc.rpart_OVERTPhi",31,0.411348117031163,0.477361219832268,0.441902950214818
"DS06","Bike Sharing Hourly - Humidity","mc.rpart_OVERTPhi",32,0.426036313902268,0.467118836428717,0.4456327372745
"DS06","Bike Sharing Hourly - Humidity","mc.rpart_OVERTPhi",33,0.417499623419927,0.463817368311622,0.439441377898018
"DS06","Bike Sharing Hourly - Humidity","mc.rpart_OVERTPhi",34,0.402158990667416,0.469255659044976,0.433124190117266
"DS06","Bike Sharing Hourly - Humidity","mc.rpart_OVERTPhi",35,0.426031008791684,0.476462265951904,0.449837589919622
"DS06","Bike Sharing Hourly - Humidity","mc.rpart_OVERTPhi",36,0.403937253648924,0.48037415664997,0.438852230789427
"DS06","Bike Sharing Hourly - Humidity","mc.rpart_OVERTPhi",37,0.417678970569424,0.475853602307604,0.444872517884013
"DS06","Bike Sharing Hourly - Humidity","mc.rpart_OVERTPhi",38,0.410583633033087,0.464007959570432,0.435664086890129
"DS06","Bike Sharing Hourly - Humidity","mc.rpart_OVERTPhi",39,0.412361219347175,0.471474951468617,0.43994122960548
"DS06","Bike Sharing Hourly - Humidity","mc.rpart_OVERTPhi",40,0.399473426555982,0.468605999229432,0.431286904530658
"DS06","Bike Sharing Hourly - Humidity","mc.rpart_OVERTPhi",41,0.406571010198666,0.454497063946741,0.429200282694374
"DS06","Bike Sharing Hourly - Humidity","mc.rpart_OVERTPhi",42,0.409246299923336,0.466351047263464,0.435936543597657
"DS06","Bike Sharing Hourly - Humidity","mc.rpart_OVERTPhi",43,0.430925479428561,0.467859069403773,0.448633421768873
"DS06","Bike Sharing Hourly - Humidity","mc.rpart_OVERTPhi",44,0.405631140863477,0.467125629356527,0.434211932643487
"DS06","Bike Sharing Hourly - Humidity","mc.rpart_OVERTPhi",45,0.423691620628224,0.441989919097494,0.432647380197315
"DS06","Bike Sharing Hourly - Humidity","mc.rpart_OVERTPhi",46,0.405145986930577,0.454333681194289,0.428332337552214
"DS06","Bike Sharing Hourly - Humidity","mc.rpart_OVERTPhi",47,0.429618204515204,0.478785018579325,0.452871048453828
"DS06","Bike Sharing Hourly - Humidity","mc.rpart_OVERTPhi",48,0.41544681134809,0.462504703190955,0.437714614058295
"DS06","Bike Sharing Hourly - Humidity","mc.rpart_OVERTPhi",49,0.403132629063301,0.47950964097386,0.43801659809212
"DS06","Bike Sharing Hourly - Humidity","mc.rpart_OVERTPhi",50,0.378033590081206,0.470817370951861,0.419354608014854
"DS06","Bike Sharing Hourly - Humidity","mc.rpart_SMOTEB",1,0.382406618321367,0.467899023320029,0.420854983105341
"DS06","Bike Sharing Hourly - Humidity","mc.rpart_SMOTEB",2,0.388456197078558,0.461253088835807,0.421736289693681
"DS06","Bike Sharing Hourly - Humidity","mc.rpart_SMOTEB",3,0.39777744109237,0.510207284920965,0.447031634802118
"DS06","Bike Sharing Hourly - Humidity","mc.rpart_SMOTEB",4,0.379875259973973,0.483761144238136,0.425570042060513
"DS06","Bike Sharing Hourly - Humidity","mc.rpart_SMOTEB",5,0.380981101007263,0.490706431278693,0.428937823556189
"DS06","Bike Sharing Hourly - Humidity","mc.rpart_SMOTEB",6,0.380428225022665,0.484564353732618,0.426227834844597
"DS06","Bike Sharing Hourly - Humidity","mc.rpart_SMOTEB",7,0.385804223126259,0.494805389836649,0.43355876705074
"DS06","Bike Sharing Hourly - Humidity","mc.rpart_SMOTEB",8,0.383300478588037,0.469669880906152,0.422112417215691
"DS06","Bike Sharing Hourly - Humidity","mc.rpart_SMOTEB",9,0.392170983394005,0.510102161026884,0.443429503268032
"DS06","Bike Sharing Hourly - Humidity","mc.rpart_SMOTEB",10,0.388469720276023,0.505722084258384,0.439408448194299
"DS06","Bike Sharing Hourly - Humidity","mc.rpart_SMOTEB",11,0.397687211139971,0.530301727095116,0.454518812071746
"DS06","Bike Sharing Hourly - Humidity","mc.rpart_SMOTEB",12,0.400098968352144,0.509559551807487,0.44824348142505
"DS06","Bike Sharing Hourly - Humidity","mc.rpart_SMOTEB",13,0.380804819210575,0.50740988558665,0.43508428469577
"DS06","Bike Sharing Hourly - Humidity","mc.rpart_SMOTEB",14,0.39753478527886,0.509531784679234,0.446619058234219
"DS06","Bike Sharing Hourly - Humidity","mc.rpart_SMOTEB",15,0.395851046618656,0.479075800017824,0.433505172634209
"DS06","Bike Sharing Hourly - Humidity","mc.rpart_SMOTEB",16,0.39089423649816,0.527178768838513,0.44892103600759
"DS06","Bike Sharing Hourly - Humidity","mc.rpart_SMOTEB",17,0.388977576225246,0.505069817194619,0.439486395828299
"DS06","Bike Sharing Hourly - Humidity","mc.rpart_SMOTEB",18,0.387559444698565,0.500231598899602,0.436745745720666
"DS06","Bike Sharing Hourly - Humidity","mc.rpart_SMOTEB",19,0.408482179627846,0.564497446233934,0.473981450593596
"DS06","Bike Sharing Hourly - Humidity","mc.rpart_SMOTEB",20,0.393214432702467,0.523621203969341,0.449143568234771
"DS06","Bike Sharing Hourly - Humidity","mc.rpart_SMOTEB",21,0.39524610101551,0.503398453129265,0.442814180398464
"DS06","Bike Sharing Hourly - Humidity","mc.rpart_SMOTEB",22,0.404175618829802,0.519145493658662,0.454502660719381
"DS06","Bike Sharing Hourly - Humidity","mc.rpart_SMOTEB",23,0.403579883290989,0.546118644326603,0.46415255437589
"DS06","Bike Sharing Hourly - Humidity","mc.rpart_SMOTEB",24,0.413548504727506,0.536931329892667,0.467231687681617
"DS06","Bike Sharing Hourly - Humidity","mc.rpart_SMOTEB",25,0.396498307470532,0.529151010905297,0.453319580223762
"DS06","Bike Sharing Hourly - Humidity","mc.rpart_SMOTEB",26,0.407898958884005,0.537600990196855,0.463853825501483
"DS06","Bike Sharing Hourly - Humidity","mc.rpart_SMOTEB",27,0.419554773625053,0.592030627233801,0.491089087638649
"DS06","Bike Sharing Hourly - Humidity","mc.rpart_SMOTEB",28,0.42650845495422,0.547561345836446,0.479512953621575
"DS06","Bike Sharing Hourly - Humidity","mc.rpart_SMOTEB",29,0.402286088883947,0.548427082706392,0.464124391525848
"DS06","Bike Sharing Hourly - Humidity","mc.rpart_SMOTEB",30,0.405650661923846,0.527853490299472,0.458753433991303
"DS06","Bike Sharing Hourly - Humidity","mc.rpart_SMOTEB",31,0.412179453857772,0.540451183143134,0.467679423382878
"DS06","Bike Sharing Hourly - Humidity","mc.rpart_SMOTEB",32,0.415499379598897,0.561690199185975,0.477659472338545
"DS06","Bike Sharing Hourly - Humidity","mc.rpart_SMOTEB",33,0.401772369542347,0.521556817776764,0.453894713623333
"DS06","Bike Sharing Hourly - Humidity","mc.rpart_SMOTEB",34,0.421834682494027,0.525397670097118,0.467954792173747
"DS06","Bike Sharing Hourly - Humidity","mc.rpart_SMOTEB",35,0.410489240107348,0.545098567400534,0.46831300055909
"DS06","Bike Sharing Hourly - Humidity","mc.rpart_SMOTEB",36,0.395745343526173,0.512602917244571,0.446657358941475
"DS06","Bike Sharing Hourly - Humidity","mc.rpart_SMOTEB",37,0.407478069741383,0.551148669648556,0.468547322583232
"DS06","Bike Sharing Hourly - Humidity","mc.rpart_SMOTEB",38,0.412793330427587,0.551231415254708,0.472072221710983
"DS06","Bike Sharing Hourly - Humidity","mc.rpart_SMOTEB",39,0.407669597197089,0.513473375186376,0.454495100781202
"DS06","Bike Sharing Hourly - Humidity","mc.rpart_SMOTEB",40,0.41651622128962,0.552191468885113,0.47485264415916
"DS06","Bike Sharing Hourly - Humidity","mc.rpart_SMOTEB",41,0.413067655908032,0.523371008335975,0.461723001918324
"DS06","Bike Sharing Hourly - Humidity","mc.rpart_SMOTEB",42,0.407171459698223,0.526020943488399,0.459027987498898
"DS06","Bike Sharing Hourly - Humidity","mc.rpart_SMOTEB",43,0.395747012541406,0.5220503544342,0.450208021067482
"DS06","Bike Sharing Hourly - Humidity","mc.rpart_SMOTEB",44,0.42259202427991,0.523466718491551,0.467651426300375
"DS06","Bike Sharing Hourly - Humidity","mc.rpart_SMOTEB",45,0.405574595932621,0.535446637817632,0.461548679217162
"DS06","Bike Sharing Hourly - Humidity","mc.rpart_SMOTEB",46,0.415194532603015,0.530448141165494,0.465797862449806
"DS06","Bike Sharing Hourly - Humidity","mc.rpart_SMOTEB",47,0.394416907537747,0.519339315501257,0.448338849286354
"DS06","Bike Sharing Hourly - Humidity","mc.rpart_SMOTEB",48,0.416464671250693,0.54760228700459,0.473114454303505
"DS06","Bike Sharing Hourly - Humidity","mc.rpart_SMOTEB",49,0.400792227511393,0.544768281684736,0.461818976089856
"DS06","Bike Sharing Hourly - Humidity","mc.rpart_SMOTEB",50,0.40716845145439,0.509342580602227,0.452560247612558
"DS06","Bike Sharing Hourly - Humidity","mc.rpart_SMOTET",1,0.378995308190687,0.445569082389222,0.409594674787207
"DS06","Bike Sharing Hourly - Humidity","mc.rpart_SMOTET",2,0.369303672246957,0.433979522695086,0.399037929388876
"DS06","Bike Sharing Hourly - Humidity","mc.rpart_SMOTET",3,0.372638353689644,0.478276572973818,0.418900148949382
"DS06","Bike Sharing Hourly - Humidity","mc.rpart_SMOTET",4,0.360967985726871,0.475562362700906,0.410416163560093
"DS06","Bike Sharing Hourly - Humidity","mc.rpart_SMOTET",5,0.383047056614005,0.46590667826678,0.420433233130093
"DS06","Bike Sharing Hourly - Humidity","mc.rpart_SMOTET",6,0.38068735030304,0.471214157677611,0.421140865302103
"DS06","Bike Sharing Hourly - Humidity","mc.rpart_SMOTET",7,0.374473503110531,0.439869727464187,0.404545777680349
"DS06","Bike Sharing Hourly - Humidity","mc.rpart_SMOTET",8,0.367488092279161,0.511689733508422,0.427763026978969
"DS06","Bike Sharing Hourly - Humidity","mc.rpart_SMOTET",9,0.369985236716338,0.484890002781709,0.419715378739745
"DS06","Bike Sharing Hourly - Humidity","mc.rpart_SMOTET",10,0.372210485623754,0.489495315437257,0.422871213922707
"DS06","Bike Sharing Hourly - Humidity","mc.rpart_SMOTET",11,0.38845923846381,0.477397569337351,0.428360658617929
"DS06","Bike Sharing Hourly - Humidity","mc.rpart_SMOTET",12,0.360911368174245,0.468075481025982,0.407566808638485
"DS06","Bike Sharing Hourly - Humidity","mc.rpart_SMOTET",13,0.383844878039558,0.483364088404985,0.427894167937846
"DS06","Bike Sharing Hourly - Humidity","mc.rpart_SMOTET",14,0.374528803024509,0.49797931806547,0.427520600479976
"DS06","Bike Sharing Hourly - Humidity","mc.rpart_SMOTET",15,0.377882147079527,0.474521997881338,0.420723884218323
"DS06","Bike Sharing Hourly - Humidity","mc.rpart_SMOTET",16,0.374987144687302,0.486407815407956,0.423491397797933
"DS06","Bike Sharing Hourly - Humidity","mc.rpart_SMOTET",17,0.36669573439561,0.46559852010573,0.410270743406663
"DS06","Bike Sharing Hourly - Humidity","mc.rpart_SMOTET",18,0.386890064755591,0.480947958566616,0.428821927210771
"DS06","Bike Sharing Hourly - Humidity","mc.rpart_SMOTET",19,0.390758486459361,0.508016005585239,0.441738316333454
"DS06","Bike Sharing Hourly - Humidity","mc.rpart_SMOTET",20,0.385389669144199,0.503369200309217,0.436548756320946
"DS06","Bike Sharing Hourly - Humidity","mc.rpart_SMOTET",21,0.386577177683505,0.484934799247517,0.430205736733001
"DS06","Bike Sharing Hourly - Humidity","mc.rpart_SMOTET",22,0.375968802106958,0.476424832355334,0.420277360770383
"DS06","Bike Sharing Hourly - Humidity","mc.rpart_SMOTET",23,0.387203200311123,0.51802645974417,0.443161579673675
"DS06","Bike Sharing Hourly - Humidity","mc.rpart_SMOTET",24,0.400369289184765,0.49568350523948,0.442957053174217
"DS06","Bike Sharing Hourly - Humidity","mc.rpart_SMOTET",25,0.396979330413034,0.50199035443603,0.443351534843526
"DS06","Bike Sharing Hourly - Humidity","mc.rpart_SMOTET",26,0.392921604004256,0.507355905500175,0.442865880987954
"DS06","Bike Sharing Hourly - Humidity","mc.rpart_SMOTET",27,0.402275866122149,0.511499375021127,0.450359880292048
"DS06","Bike Sharing Hourly - Humidity","mc.rpart_SMOTET",28,0.395177534654699,0.483804301825538,0.435022848745869
"DS06","Bike Sharing Hourly - Humidity","mc.rpart_SMOTET",29,0.398480289657952,0.526694153108549,0.453703061801533
"DS06","Bike Sharing Hourly - Humidity","mc.rpart_SMOTET",30,0.404378442496606,0.557001602984498,0.468575235655671
"DS06","Bike Sharing Hourly - Humidity","mc.rpart_SMOTET",31,0.407209396355386,0.527668381002237,0.459678319685952
"DS06","Bike Sharing Hourly - Humidity","mc.rpart_SMOTET",32,0.394338003180153,0.555577545801902,0.461273300048678
"DS06","Bike Sharing Hourly - Humidity","mc.rpart_SMOTET",33,0.408129259098721,0.506399750819013,0.451984689098342
"DS06","Bike Sharing Hourly - Humidity","mc.rpart_SMOTET",34,0.403088933884738,0.496028869421826,0.444755397826602
"DS06","Bike Sharing Hourly - Humidity","mc.rpart_SMOTET",35,0.41492844193566,0.531804165758258,0.466152052057148
"DS06","Bike Sharing Hourly - Humidity","mc.rpart_SMOTET",36,0.411726878462063,0.554935180944291,0.472723073334001
"DS06","Bike Sharing Hourly - Humidity","mc.rpart_SMOTET",37,0.415642888976945,0.56372633417911,0.478489290025918
"DS06","Bike Sharing Hourly - Humidity","mc.rpart_SMOTET",38,0.410045178326307,0.536399688379065,0.464787994764494
"DS06","Bike Sharing Hourly - Humidity","mc.rpart_SMOTET",39,0.401377416139827,0.545705337152954,0.462544159818427
"DS06","Bike Sharing Hourly - Humidity","mc.rpart_SMOTET",40,0.404190178348463,0.526387459455144,0.457265750807717
"DS06","Bike Sharing Hourly - Humidity","mc.rpart_SMOTET",41,0.419328913774539,0.527220649264506,0.467125802616789
"DS06","Bike Sharing Hourly - Humidity","mc.rpart_SMOTET",42,0.394770708821368,0.495457622571815,0.43942020256203
"DS06","Bike Sharing Hourly - Humidity","mc.rpart_SMOTET",43,0.401115730608892,0.520127235439546,0.452934185099541
"DS06","Bike Sharing Hourly - Humidity","mc.rpart_SMOTET",44,0.397825637309371,0.523217234403215,0.451985973987667
"DS06","Bike Sharing Hourly - Humidity","mc.rpart_SMOTET",45,0.411714533693649,0.499916730539094,0.451548760282555
"DS06","Bike Sharing Hourly - Humidity","mc.rpart_SMOTET",46,0.406713476826291,0.52105891007737,0.456839811014748
"DS06","Bike Sharing Hourly - Humidity","mc.rpart_SMOTET",47,0.40616491190705,0.505518200953422,0.450427901233004
"DS06","Bike Sharing Hourly - Humidity","mc.rpart_SMOTET",48,0.383901613832989,0.526835342815541,0.444152259013237
"DS06","Bike Sharing Hourly - Humidity","mc.rpart_SMOTET",49,0.388292640081658,0.553147653944589,0.456286318459048
"DS06","Bike Sharing Hourly - Humidity","mc.rpart_SMOTET",50,0.402226711513081,0.494517262136952,0.443622835459221
"DS06","Bike Sharing Hourly - Humidity","mc.rpart_SMOTETPhi",1,0.378671637647757,0.473857704963289,0.420950843992995
"DS06","Bike Sharing Hourly - Humidity","mc.rpart_SMOTETPhi",2,0.379218843197212,0.478895673643093,0.423268129852371
"DS06","Bike Sharing Hourly - Humidity","mc.rpart_SMOTETPhi",3,0.37784169266831,0.499341437287937,0.430177023339953
"DS06","Bike Sharing Hourly - Humidity","mc.rpart_SMOTETPhi",4,0.369050716157751,0.502635720998053,0.425607339735729
"DS06","Bike Sharing Hourly - Humidity","mc.rpart_SMOTETPhi",5,0.379577006400877,0.50405025601041,0.43304659190783
"DS06","Bike Sharing Hourly - Humidity","mc.rpart_SMOTETPhi",6,0.383077166347495,0.471003269576371,0.422514297858956
"DS06","Bike Sharing Hourly - Humidity","mc.rpart_SMOTETPhi",7,0.358479846895877,0.470041898537312,0.406749849961278
"DS06","Bike Sharing Hourly - Humidity","mc.rpart_SMOTETPhi",8,0.385632496117952,0.507382245350246,0.438207954862331
"DS06","Bike Sharing Hourly - Humidity","mc.rpart_SMOTETPhi",9,0.374330258174426,0.458485147094444,0.41215583284172
"DS06","Bike Sharing Hourly - Humidity","mc.rpart_SMOTETPhi",10,0.368833394820581,0.475753176462042,0.415525572244628
"DS06","Bike Sharing Hourly - Humidity","mc.rpart_SMOTETPhi",11,0.370516730337388,0.492877441416807,0.423026571235192
"DS06","Bike Sharing Hourly - Humidity","mc.rpart_SMOTETPhi",12,0.36401002030919,0.485622493079793,0.416112732935503
"DS06","Bike Sharing Hourly - Humidity","mc.rpart_SMOTETPhi",13,0.385655982266091,0.501107517448428,0.435866185120862
"DS06","Bike Sharing Hourly - Humidity","mc.rpart_SMOTETPhi",14,0.386605804206068,0.481760544761311,0.428969692489078
"DS06","Bike Sharing Hourly - Humidity","mc.rpart_SMOTETPhi",15,0.383906646487974,0.490875757612375,0.430851066651297
"DS06","Bike Sharing Hourly - Humidity","mc.rpart_SMOTETPhi",16,0.366117807749819,0.504994008201455,0.424485802681048
"DS06","Bike Sharing Hourly - Humidity","mc.rpart_SMOTETPhi",17,0.368288301369688,0.490687924253306,0.420767459529629
"DS06","Bike Sharing Hourly - Humidity","mc.rpart_SMOTETPhi",18,0.387037499177111,0.520598985729276,0.443991251699366
"DS06","Bike Sharing Hourly - Humidity","mc.rpart_SMOTETPhi",19,0.38755478335877,0.525001020636636,0.445927045612191
"DS06","Bike Sharing Hourly - Humidity","mc.rpart_SMOTETPhi",20,0.369550282699569,0.493926055538375,0.422780579788373
"DS06","Bike Sharing Hourly - Humidity","mc.rpart_SMOTETPhi",21,0.394617670390796,0.528696250302432,0.451921882607494
"DS06","Bike Sharing Hourly - Humidity","mc.rpart_SMOTETPhi",22,0.394542350677526,0.534928563032553,0.454133571239962
"DS06","Bike Sharing Hourly - Humidity","mc.rpart_SMOTETPhi",23,0.401850814761517,0.539721646085367,0.460692282840888
"DS06","Bike Sharing Hourly - Humidity","mc.rpart_SMOTETPhi",24,0.386979479052688,0.499389590454346,0.4360565597485
"DS06","Bike Sharing Hourly - Humidity","mc.rpart_SMOTETPhi",25,0.394466397732016,0.509629363748365,0.444713199334337
"DS06","Bike Sharing Hourly - Humidity","mc.rpart_SMOTETPhi",26,0.392959118249526,0.524549689604258,0.449317939491215
"DS06","Bike Sharing Hourly - Humidity","mc.rpart_SMOTETPhi",27,0.400140395512754,0.534225281613872,0.45756200320898
"DS06","Bike Sharing Hourly - Humidity","mc.rpart_SMOTETPhi",28,0.399335894264405,0.539351869830778,0.458901392988037
"DS06","Bike Sharing Hourly - Humidity","mc.rpart_SMOTETPhi",29,0.400411442925161,0.542612080650662,0.460790384821161
"DS06","Bike Sharing Hourly - Humidity","mc.rpart_SMOTETPhi",30,0.402409666146324,0.556696328610388,0.467143329237173
"DS06","Bike Sharing Hourly - Humidity","mc.rpart_SMOTETPhi",31,0.407606962430231,0.540566730331108,0.464764556585447
"DS06","Bike Sharing Hourly - Humidity","mc.rpart_SMOTETPhi",32,0.409287260818163,0.574560465646763,0.478042023848404
"DS06","Bike Sharing Hourly - Humidity","mc.rpart_SMOTETPhi",33,0.403733367252017,0.568471856594678,0.472145286244968
"DS06","Bike Sharing Hourly - Humidity","mc.rpart_SMOTETPhi",34,0.400304952444907,0.548857112035054,0.462956176514743
"DS06","Bike Sharing Hourly - Humidity","mc.rpart_SMOTETPhi",35,0.404812553853189,0.536844519802894,0.461572279682932
"DS06","Bike Sharing Hourly - Humidity","mc.rpart_SMOTETPhi",36,0.40998396649154,0.589155904100164,0.483504825609349
"DS06","Bike Sharing Hourly - Humidity","mc.rpart_SMOTETPhi",37,0.3883576166015,0.551219031898929,0.455673541472772
"DS06","Bike Sharing Hourly - Humidity","mc.rpart_SMOTETPhi",38,0.390402877911691,0.57542301035372,0.465191090833481
"DS06","Bike Sharing Hourly - Humidity","mc.rpart_SMOTETPhi",39,0.411497678765428,0.574126265856653,0.479395061386951
"DS06","Bike Sharing Hourly - Humidity","mc.rpart_SMOTETPhi",40,0.410632994083945,0.582650456627536,0.481746678328258
"DS06","Bike Sharing Hourly - Humidity","mc.rpart_SMOTETPhi",41,0.4213293021691,0.549453316049394,0.476936397255281
"DS06","Bike Sharing Hourly - Humidity","mc.rpart_SMOTETPhi",42,0.393963801933492,0.542388187489207,0.456412363899194
"DS06","Bike Sharing Hourly - Humidity","mc.rpart_SMOTETPhi",43,0.39734904460263,0.55235984782578,0.46220407023718
"DS06","Bike Sharing Hourly - Humidity","mc.rpart_SMOTETPhi",44,0.39321514736277,0.551406013932632,0.459064873642891
"DS06","Bike Sharing Hourly - Humidity","mc.rpart_SMOTETPhi",45,0.408379359044749,0.56128272396793,0.472775584551586
"DS06","Bike Sharing Hourly - Humidity","mc.rpart_SMOTETPhi",46,0.420718288938855,0.575825701541061,0.48620112347013
"DS06","Bike Sharing Hourly - Humidity","mc.rpart_SMOTETPhi",47,0.405767098211131,0.550262533322146,0.467095211353103
"DS06","Bike Sharing Hourly - Humidity","mc.rpart_SMOTETPhi",48,0.413276227807524,0.532034374571797,0.465195585098787
"DS06","Bike Sharing Hourly - Humidity","mc.rpart_SMOTETPhi",49,0.40587738095429,0.539555745201349,0.463265918408517
"DS06","Bike Sharing Hourly - Humidity","mc.rpart_SMOTETPhi",50,0.416612036385963,0.52906956023042,0.466154248250288
"DS06","Bike Sharing Hourly - Humidity","mc.arima",1,1e-05,0.405555334186494,1.99995068612055e-05
"DS06","Bike Sharing Hourly - Humidity","mc.arima",2,1e-05,0.416152155574948,1.99995194180986e-05
"DS06","Bike Sharing Hourly - Humidity","mc.arima",3,1e-05,0.372089967687833,1.99994625100313e-05
"DS06","Bike Sharing Hourly - Humidity","mc.arima",4,1e-05,0.393483781979442,1.99994917327562e-05
"DS06","Bike Sharing Hourly - Humidity","mc.arima",5,1e-05,0.37164640611619,1.9999461868552e-05
"DS06","Bike Sharing Hourly - Humidity","mc.arima",6,1e-05,0.371938968681985,1.99994622918281e-05
"DS06","Bike Sharing Hourly - Humidity","mc.arima",7,1e-05,0.407236875464117,1.99995088973985e-05
"DS06","Bike Sharing Hourly - Humidity","mc.arima",8,1e-05,0.416059046376476,1.99995193105526e-05
"DS06","Bike Sharing Hourly - Humidity","mc.arima",9,1e-05,0.400692085922068,1.99995008760697e-05
"DS06","Bike Sharing Hourly - Humidity","mc.arima",10,1e-05,0.401397220003868,1.99995017528584e-05
"DS06","Bike Sharing Hourly - Humidity","mc.arima",11,1e-05,0.374834599795502,1.99994664455614e-05
"DS06","Bike Sharing Hourly - Humidity","mc.arima",12,1e-05,0.403223852714659,1.99995040098974e-05
"DS06","Bike Sharing Hourly - Humidity","mc.arima",13,1e-05,0.404545436799506,1.99995056301762e-05
"DS06","Bike Sharing Hourly - Humidity","mc.arima",14,1e-05,0.403021563144231,1.999950376095e-05
"DS06","Bike Sharing Hourly - Humidity","mc.arima",15,1e-05,0.405722279882142,1.99995070641161e-05
"DS06","Bike Sharing Hourly - Humidity","mc.arima",16,1e-05,0.40428324257639,1.99995053095651e-05
"DS06","Bike Sharing Hourly - Humidity","mc.arima",17,1e-05,0.405201354315861,1.9999506430415e-05
"DS06","Bike Sharing Hourly - Humidity","mc.arima",18,1e-05,0.428146682729787,1.99995328812837e-05
"DS06","Bike Sharing Hourly - Humidity","mc.arima",19,1e-05,0.409944899530027,1.9999512141457e-05
"DS06","Bike Sharing Hourly - Humidity","mc.arima",20,1e-05,0.380453027045318,1.99994743247417e-05
"DS06","Bike Sharing Hourly - Humidity","mc.arima",21,1e-05,0.381294799871599,1.99994754852284e-05
"DS06","Bike Sharing Hourly - Humidity","mc.arima",22,1e-05,0.412520756669816,1.99995151876635e-05
"DS06","Bike Sharing Hourly - Humidity","mc.arima",23,1e-05,0.382362033983251,1.99994769491955e-05
"DS06","Bike Sharing Hourly - Humidity","mc.arima",24,1e-05,0.382157083028462,1.99994766686905e-05
"DS06","Bike Sharing Hourly - Humidity","mc.arima",25,1e-05,0.383111158415344,1.99994779719271e-05
"DS06","Bike Sharing Hourly - Humidity","mc.arima",26,1e-05,0.436819415753978,1.99995421553751e-05
"DS06","Bike Sharing Hourly - Humidity","mc.arima",27,1e-05,0.419182803051614,1.99995228925722e-05
"DS06","Bike Sharing Hourly - Humidity","mc.arima",28,1e-05,0.417857330781513,1.99995213791908e-05
"DS06","Bike Sharing Hourly - Humidity","mc.arima",29,1e-05,0.434110960812499,1.99995392989096e-05
"DS06","Bike Sharing Hourly - Humidity","mc.arima",30,1e-05,0.421124038797308,1.99995250918198e-05
"DS06","Bike Sharing Hourly - Humidity","mc.arima",31,1e-05,0.420515946142927,1.99995244050888e-05
"DS06","Bike Sharing Hourly - Humidity","mc.arima",32,1e-05,0.434059371380396,1.9999539244155e-05
"DS06","Bike Sharing Hourly - Humidity","mc.arima",33,1e-05,0.418477625237339,1.99995220886164e-05
"DS06","Bike Sharing Hourly - Humidity","mc.arima",34,1e-05,0.417288169782726,1.99995207263907e-05
"DS06","Bike Sharing Hourly - Humidity","mc.arima",35,1e-05,0.432686616616242,1.99995377823807e-05
"DS06","Bike Sharing Hourly - Humidity","mc.arima",36,1e-05,0.41809197331053,1.9999521647797e-05
"DS06","Bike Sharing Hourly - Humidity","mc.arima",37,1e-05,0.418666164664235,1.99995223038308e-05
"DS06","Bike Sharing Hourly - Humidity","mc.arima",38,1e-05,0.41972631343184,1.99995235103716e-05
"DS06","Bike Sharing Hourly - Humidity","mc.arima",39,1e-05,0.417969889273493,1.99995215080794e-05
"DS06","Bike Sharing Hourly - Humidity","mc.arima",40,1e-05,0.434499544989759,1.9999539710917e-05
"DS06","Bike Sharing Hourly - Humidity","mc.arima",41,1e-05,0.430228750882005,1.99995351418263e-05
"DS06","Bike Sharing Hourly - Humidity","mc.arima",42,1e-05,0.416687598532433,1.99995200356309e-05
"DS06","Bike Sharing Hourly - Humidity","mc.arima",43,1e-05,0.417235498778825,1.99995206658895e-05
"DS06","Bike Sharing Hourly - Humidity","mc.arima",44,1e-05,0.416601745296877,1.99995199367222e-05
"DS06","Bike Sharing Hourly - Humidity","mc.arima",45,1e-05,0.435844396233866,1.99995411311628e-05
"DS06","Bike Sharing Hourly - Humidity","mc.arima",46,1e-05,0.429388209377561,1.99995342318723e-05
"DS06","Bike Sharing Hourly - Humidity","mc.arima",47,1e-05,0.414576754561813,1.99995175919206e-05
"DS06","Bike Sharing Hourly - Humidity","mc.arima",48,1e-05,0.415180872890316,1.99995182938425e-05
"DS06","Bike Sharing Hourly - Humidity","mc.arima",49,1e-05,0.414979653264771,1.99995180602735e-05
"DS06","Bike Sharing Hourly - Humidity","mc.arima",50,1e-05,0.412649990842782,1.99995153394939e-05
"DS06","Bike Sharing Hourly - Humidity","mc.BDES",1,1e-05,0.380031355953951,1.9999473741484e-05
"DS06","Bike Sharing Hourly - Humidity","mc.BDES",2,1e-05,0.384895171428108,1.99994803914968e-05
"DS06","Bike Sharing Hourly - Humidity","mc.BDES",3,1e-05,0.383138260346725,1.99994780088527e-05
"DS06","Bike Sharing Hourly - Humidity","mc.BDES",4,1e-05,0.382033064085483,1.99994764988065e-05
"DS06","Bike Sharing Hourly - Humidity","mc.BDES",5,1e-05,0.381638827248369,1.99994759580386e-05
"DS06","Bike Sharing Hourly - Humidity","mc.BDES",6,1e-05,0.38203368849079,1.99994764996621e-05
"DS06","Bike Sharing Hourly - Humidity","mc.BDES",7,1e-05,0.382788924471943,1.99994775324923e-05
"DS06","Bike Sharing Hourly - Humidity","mc.BDES",8,1e-05,0.382771976632699,1.99994775093599e-05
"DS06","Bike Sharing Hourly - Humidity","mc.BDES",9,1e-05,0.382612360960164,1.99994772913964e-05
"DS06","Bike Sharing Hourly - Humidity","mc.BDES",10,1e-05,0.383535653753579,1.99994785496901e-05
"DS06","Bike Sharing Hourly - Humidity","mc.BDES",11,1e-05,0.383904863762358,1.99994790511677e-05
"DS06","Bike Sharing Hourly - Humidity","mc.BDES",12,1e-05,0.383547371413474,1.99994785656204e-05
"DS06","Bike Sharing Hourly - Humidity","mc.BDES",13,1e-05,0.384270724015654,1.99994795471448e-05
"DS06","Bike Sharing Hourly - Humidity","mc.BDES",14,1e-05,0.381614478781606,1.99994759246036e-05
"DS06","Bike Sharing Hourly - Humidity","mc.BDES",15,1e-05,0.385357548129686,1.99994810149402e-05
"DS06","Bike Sharing Hourly - Humidity","mc.BDES",16,1e-05,0.384408407705533,1.99994797335508e-05
"DS06","Bike Sharing Hourly - Humidity","mc.BDES",17,1e-05,0.384835295972413,1.99994803106545e-05
"DS06","Bike Sharing Hourly - Humidity","mc.BDES",18,1e-05,0.385457276021212,1.99994811492118e-05
"DS06","Bike Sharing Hourly - Humidity","mc.BDES",19,1e-05,0.386074514076248,1.99994819787049e-05
"DS06","Bike Sharing Hourly - Humidity","mc.BDES",20,1e-05,0.387787786986917,1.99994842672993e-05
"DS06","Bike Sharing Hourly - Humidity","mc.BDES",21,1e-05,0.388680997215616,1.99994854524508e-05
"DS06","Bike Sharing Hourly - Humidity","mc.BDES",22,1e-05,0.389013784190013,1.9999485892616e-05
"DS06","Bike Sharing Hourly - Humidity","mc.BDES",23,1e-05,0.3896589217823,1.99994867437745e-05
"DS06","Bike Sharing Hourly - Humidity","mc.BDES",24,1e-05,0.389531511191275,1.99994865758995e-05
"DS06","Bike Sharing Hourly - Humidity","mc.BDES",25,1e-05,0.390322257994364,1.99994876160094e-05
"DS06","Bike Sharing Hourly - Humidity","mc.BDES",26,1e-05,0.389640688220768,1.99994867197568e-05
"DS06","Bike Sharing Hourly - Humidity","mc.BDES",27,1e-05,0.391057681272343,1.99994885795744e-05
"DS06","Bike Sharing Hourly - Humidity","mc.BDES",28,1e-05,0.391260100793284,1.99994888441524e-05
"DS06","Bike Sharing Hourly - Humidity","mc.BDES",29,1e-05,0.391807907054604,1.99994895588068e-05
"DS06","Bike Sharing Hourly - Humidity","mc.BDES",30,1e-05,0.392720905321648,1.99994907454512e-05
"DS06","Bike Sharing Hourly - Humidity","mc.BDES",31,1e-05,0.392701136886509,1.99994907198161e-05
"DS06","Bike Sharing Hourly - Humidity","mc.BDES",32,1e-05,0.392826196586464,1.99994908819459e-05
"DS06","Bike Sharing Hourly - Humidity","mc.BDES",33,1e-05,0.392287347229407,1.99994901826346e-05
"DS06","Bike Sharing Hourly - Humidity","mc.BDES",34,1e-05,0.391837140235453,1.99994895968875e-05
"DS06","Bike Sharing Hourly - Humidity","mc.BDES",35,1e-05,0.391554890774461,1.99994892289766e-05
"DS06","Bike Sharing Hourly - Humidity","mc.BDES",36,1e-05,0.392299127261732,1.99994901979431e-05
"DS06","Bike Sharing Hourly - Humidity","mc.BDES",37,1e-05,0.393403962436444,1.99994916296342e-05
"DS06","Bike Sharing Hourly - Humidity","mc.BDES",38,1e-05,0.393051213196109,1.99994911734018e-05
"DS06","Bike Sharing Hourly - Humidity","mc.BDES",39,1e-05,0.392834956978622,1.99994908932991e-05
"DS06","Bike Sharing Hourly - Humidity","mc.BDES",40,1e-05,0.3929510966774,1.99994910437657e-05
"DS06","Bike Sharing Hourly - Humidity","mc.BDES",41,1e-05,0.3924784634381,1.99994904308824e-05
"DS06","Bike Sharing Hourly - Humidity","mc.BDES",42,1e-05,0.391743377899505,1.99994894747275e-05
"DS06","Bike Sharing Hourly - Humidity","mc.BDES",43,1e-05,0.391995554937739,1.99994898031482e-05
"DS06","Bike Sharing Hourly - Humidity","mc.BDES",44,1e-05,0.391599886483425,1.99994892876638e-05
"DS06","Bike Sharing Hourly - Humidity","mc.BDES",45,1e-05,0.392119845839571,1.99994899648621e-05
"DS06","Bike Sharing Hourly - Humidity","mc.BDES",46,1e-05,0.391961982552537,1.99994897594499e-05
"DS06","Bike Sharing Hourly - Humidity","mc.BDES",47,1e-05,0.392441186331346,1.99994903824808e-05
"DS06","Bike Sharing Hourly - Humidity","mc.BDES",48,1e-05,0.393475396207786,1.99994917219243e-05
"DS06","Bike Sharing Hourly - Humidity","mc.BDES",49,1e-05,0.393400201380796,1.99994916247741e-05
"DS06","Bike Sharing Hourly - Humidity","mc.BDES",50,1e-05,0.390980108202953,1.99994884781077e-05
