"dataset_id","dataset_name","workflow","iteration","prec","rec","F1"
"DS07","Bike Sharing Hourly - Windspeed","mc.lm",1,0.599239184571608,0.44461517953459,0.510475113758994
"DS07","Bike Sharing Hourly - Windspeed","mc.lm",2,0.600546204325269,0.444020535582554,0.510555883313126
"DS07","Bike Sharing Hourly - Windspeed","mc.lm",3,0.601678086853168,0.44529201191625,0.511805344079409
"DS07","Bike Sharing Hourly - Windspeed","mc.lm",4,0.602357221684251,0.444874738591153,0.511774891715112
"DS07","Bike Sharing Hourly - Windspeed","mc.lm",5,0.611631020298781,0.444924859711668,0.515126272164702
"DS07","Bike Sharing Hourly - Windspeed","mc.lm",6,0.611716395241799,0.444466301369723,0.514849039948523
"DS07","Bike Sharing Hourly - Windspeed","mc.lm",7,0.612178613936926,0.444870387188468,0.51528384534808
"DS07","Bike Sharing Hourly - Windspeed","mc.lm",8,0.612274104050382,0.442975367598429,0.514044031481837
"DS07","Bike Sharing Hourly - Windspeed","mc.lm",9,0.612149769825334,0.443179445985622,0.514137563495665
"DS07","Bike Sharing Hourly - Windspeed","mc.lm",10,0.612561654076476,0.442690094664918,0.513953143322711
"DS07","Bike Sharing Hourly - Windspeed","mc.lm",11,0.611935540427362,0.445145883471893,0.515382411634072
"DS07","Bike Sharing Hourly - Windspeed","mc.lm",12,0.611662049227343,0.445307232399954,0.515393472715051
"DS07","Bike Sharing Hourly - Windspeed","mc.lm",13,0.610929819070226,0.44557120535378,0.515309932648849
"DS07","Bike Sharing Hourly - Windspeed","mc.lm",14,0.610736570714537,0.446083211572587,0.515583329258973
"DS07","Bike Sharing Hourly - Windspeed","mc.lm",15,0.611708268844484,0.44622138100878,0.516021662756376
"DS07","Bike Sharing Hourly - Windspeed","mc.lm",16,0.611528637933114,0.446246147954118,0.515974293738503
"DS07","Bike Sharing Hourly - Windspeed","mc.lm",17,0.61174973196884,0.445990421364303,0.515881939189939
"DS07","Bike Sharing Hourly - Windspeed","mc.lm",18,0.612812599971753,0.446725734795255,0.516751777696409
"DS07","Bike Sharing Hourly - Windspeed","mc.lm",19,0.614800341139656,0.445396071158959,0.516564012694779
"DS07","Bike Sharing Hourly - Windspeed","mc.lm",20,0.543513083034246,0.445234234925207,0.489489331199413
"DS07","Bike Sharing Hourly - Windspeed","mc.lm",21,0.677605677777078,0.445920876626152,0.537875169317572
"DS07","Bike Sharing Hourly - Windspeed","mc.lm",22,0.676318626733177,0.446093032998012,0.537594250481519
"DS07","Bike Sharing Hourly - Windspeed","mc.lm",23,0.675906242065915,0.444929760172667,0.536618740977206
"DS07","Bike Sharing Hourly - Windspeed","mc.lm",24,0.679039581082244,0.444976667296186,0.537637725767904
"DS07","Bike Sharing Hourly - Windspeed","mc.lm",25,0.678564244705536,0.445428477947371,0.537818141731921
"DS07","Bike Sharing Hourly - Windspeed","mc.lm",26,0.680298048294622,0.445602694491194,0.538489108066699
"DS07","Bike Sharing Hourly - Windspeed","mc.lm",27,0.696825667943689,0.44553616967454,0.543542385263554
"DS07","Bike Sharing Hourly - Windspeed","mc.lm",28,0.696323502270263,0.445540271187559,0.54339259944518
"DS07","Bike Sharing Hourly - Windspeed","mc.lm",29,0.696433808637699,0.444802351305973,0.542876937278805
"DS07","Bike Sharing Hourly - Windspeed","mc.lm",30,0.695377366211213,0.445836045645451,0.543323960202275
"DS07","Bike Sharing Hourly - Windspeed","mc.lm",31,0.692460581199828,0.448140844904013,0.544133757541634
"DS07","Bike Sharing Hourly - Windspeed","mc.lm",32,0.692362561488417,0.447287429985602,0.543474001778137
"DS07","Bike Sharing Hourly - Windspeed","mc.lm",33,0.688700198567631,0.448722371832587,0.543395558739621
"DS07","Bike Sharing Hourly - Windspeed","mc.lm",34,0.68806103979178,0.44924666390347,0.543580467597427
"DS07","Bike Sharing Hourly - Windspeed","mc.lm",35,0.698110478412986,0.449325524455124,0.546747454422672
"DS07","Bike Sharing Hourly - Windspeed","mc.lm",36,0.69932082772047,0.448335031990198,0.546383348308807
"DS07","Bike Sharing Hourly - Windspeed","mc.lm",37,0.698318316885004,0.449287608238637,0.546783106489611
"DS07","Bike Sharing Hourly - Windspeed","mc.lm",38,0.699586451941759,0.449108526424163,0.547038589800095
"DS07","Bike Sharing Hourly - Windspeed","mc.lm",39,0.69987637168091,0.44913416720109,0.547146228344399
"DS07","Bike Sharing Hourly - Windspeed","mc.lm",40,0.699448116260989,0.449068517619046,0.546966616686485
"DS07","Bike Sharing Hourly - Windspeed","mc.lm",41,0.697839175316167,0.449030808835278,0.546446055192571
"DS07","Bike Sharing Hourly - Windspeed","mc.lm",42,0.703418456216321,0.449551409176223,0.548536033289904
"DS07","Bike Sharing Hourly - Windspeed","mc.lm",43,0.871846127844533,0.45024099961497,0.59381997443007
"DS07","Bike Sharing Hourly - Windspeed","mc.lm",44,0.704462278762781,0.450432560806139,0.549509335989221
"DS07","Bike Sharing Hourly - Windspeed","mc.lm",45,0.703010163853458,0.451222008352185,0.549653121208338
"DS07","Bike Sharing Hourly - Windspeed","mc.lm",46,0.866664768779652,0.449718205221466,0.5921603849974
"DS07","Bike Sharing Hourly - Windspeed","mc.lm",47,0.867573929597464,0.449322628707065,0.592029185870657
"DS07","Bike Sharing Hourly - Windspeed","mc.lm",48,0.824435886288084,0.448897170830769,0.581288508638058
"DS07","Bike Sharing Hourly - Windspeed","mc.lm",49,0.824586369859313,0.4488824164493,0.581313537093487
"DS07","Bike Sharing Hourly - Windspeed","mc.lm",50,0.875996341756052,0.446156219739191,0.591204415776714
"DS07","Bike Sharing Hourly - Windspeed","mc.lm_UNDERB",1,0.561747044135003,0.509034507967835,0.53409330717753
"DS07","Bike Sharing Hourly - Windspeed","mc.lm_UNDERB",2,0.560751335906262,0.514560804506067,0.536664002363327
"DS07","Bike Sharing Hourly - Windspeed","mc.lm_UNDERB",3,0.577713934075518,0.511374612539209,0.542523819784288
"DS07","Bike Sharing Hourly - Windspeed","mc.lm_UNDERB",4,0.558440917457153,0.515905991059505,0.536331445057525
"DS07","Bike Sharing Hourly - Windspeed","mc.lm_UNDERB",5,0.555674733493062,0.517929739755032,0.536138731307246
"DS07","Bike Sharing Hourly - Windspeed","mc.lm_UNDERB",6,0.565792903881762,0.510794901075029,0.536889102842544
"DS07","Bike Sharing Hourly - Windspeed","mc.lm_UNDERB",7,0.557431185870379,0.5140066991051,0.534838963313366
"DS07","Bike Sharing Hourly - Windspeed","mc.lm_UNDERB",8,0.561882206765187,0.515391234535578,0.53763353500782
"DS07","Bike Sharing Hourly - Windspeed","mc.lm_UNDERB",9,0.552781389822584,0.513051868213734,0.532176159120374
"DS07","Bike Sharing Hourly - Windspeed","mc.lm_UNDERB",10,0.565748723177308,0.509994120407425,0.536426571032463
"DS07","Bike Sharing Hourly - Windspeed","mc.lm_UNDERB",11,0.54549808504821,0.514133287841215,0.529351491759181
"DS07","Bike Sharing Hourly - Windspeed","mc.lm_UNDERB",12,0.562535456136529,0.516951200443043,0.538780868793661
"DS07","Bike Sharing Hourly - Windspeed","mc.lm_UNDERB",13,0.554606547192113,0.515519593864396,0.534349234158023
"DS07","Bike Sharing Hourly - Windspeed","mc.lm_UNDERB",14,0.561456952543419,0.518523833010536,0.539137019838551
"DS07","Bike Sharing Hourly - Windspeed","mc.lm_UNDERB",15,0.554937003297456,0.521269208933983,0.53757647824254
"DS07","Bike Sharing Hourly - Windspeed","mc.lm_UNDERB",16,0.552221224607227,0.518643672400179,0.53490602728317
"DS07","Bike Sharing Hourly - Windspeed","mc.lm_UNDERB",17,0.562610371311622,0.52247714002706,0.541801568409553
"DS07","Bike Sharing Hourly - Windspeed","mc.lm_UNDERB",18,0.56446597717217,0.522421887231795,0.542630736307168
"DS07","Bike Sharing Hourly - Windspeed","mc.lm_UNDERB",19,0.562610689052891,0.520865287261964,0.540933780861289
"DS07","Bike Sharing Hourly - Windspeed","mc.lm_UNDERB",20,0.557993282917506,0.517103575381029,0.536770839590935
"DS07","Bike Sharing Hourly - Windspeed","mc.lm_UNDERB",21,0.571496123657465,0.518487861077925,0.543703039529373
"DS07","Bike Sharing Hourly - Windspeed","mc.lm_UNDERB",22,0.559942706458192,0.51870663023994,0.538536453901596
"DS07","Bike Sharing Hourly - Windspeed","mc.lm_UNDERB",23,0.542603719310432,0.518715468868782,0.530390754839587
"DS07","Bike Sharing Hourly - Windspeed","mc.lm_UNDERB",24,0.560385433418087,0.520257196355068,0.539576260339671
"DS07","Bike Sharing Hourly - Windspeed","mc.lm_UNDERB",25,0.554653563640184,0.520009975403098,0.536773372329247
"DS07","Bike Sharing Hourly - Windspeed","mc.lm_UNDERB",26,0.548270016551446,0.52288473023826,0.535276570563547
"DS07","Bike Sharing Hourly - Windspeed","mc.lm_UNDERB",27,0.552358537009839,0.524026733406333,0.537819770994179
"DS07","Bike Sharing Hourly - Windspeed","mc.lm_UNDERB",28,0.56301754336099,0.51902956742266,0.540129443662369
"DS07","Bike Sharing Hourly - Windspeed","mc.lm_UNDERB",29,0.549108823052113,0.520515166242317,0.534429805570521
"DS07","Bike Sharing Hourly - Windspeed","mc.lm_UNDERB",30,0.54622019337481,0.522092877265418,0.533884083639684
"DS07","Bike Sharing Hourly - Windspeed","mc.lm_UNDERB",31,0.542991057787718,0.525216081990949,0.533955682015901
"DS07","Bike Sharing Hourly - Windspeed","mc.lm_UNDERB",32,0.552269444319571,0.521113109794871,0.536239100348509
"DS07","Bike Sharing Hourly - Windspeed","mc.lm_UNDERB",33,0.557957361198769,0.52304917430563,0.539939634937714
"DS07","Bike Sharing Hourly - Windspeed","mc.lm_UNDERB",34,0.530569929169944,0.525207557121406,0.527875125203277
"DS07","Bike Sharing Hourly - Windspeed","mc.lm_UNDERB",35,0.546447405232788,0.524810217830523,0.535410298324094
"DS07","Bike Sharing Hourly - Windspeed","mc.lm_UNDERB",36,0.556062574561053,0.524917903951471,0.540041576895257
"DS07","Bike Sharing Hourly - Windspeed","mc.lm_UNDERB",37,0.535890321202879,0.524982314903265,0.53038023940735
"DS07","Bike Sharing Hourly - Windspeed","mc.lm_UNDERB",38,0.535739181651696,0.531401316196035,0.533561432335633
"DS07","Bike Sharing Hourly - Windspeed","mc.lm_UNDERB",39,0.541167327511529,0.524476231014082,0.532691063555824
"DS07","Bike Sharing Hourly - Windspeed","mc.lm_UNDERB",40,0.546551428452506,0.528231988865984,0.5372355833128
"DS07","Bike Sharing Hourly - Windspeed","mc.lm_UNDERB",41,0.554963995120606,0.522692402972488,0.538344995095075
"DS07","Bike Sharing Hourly - Windspeed","mc.lm_UNDERB",42,0.550851704156532,0.536024057937931,0.543336738349946
"DS07","Bike Sharing Hourly - Windspeed","mc.lm_UNDERB",43,0.572286996525766,0.527154267888753,0.548794269308143
"DS07","Bike Sharing Hourly - Windspeed","mc.lm_UNDERB",44,0.561453922169659,0.532564462091346,0.546627753886126
"DS07","Bike Sharing Hourly - Windspeed","mc.lm_UNDERB",45,0.573476078163495,0.524388692501456,0.547834995428219
"DS07","Bike Sharing Hourly - Windspeed","mc.lm_UNDERB",46,0.561282678867171,0.532105931941588,0.546305019036869
"DS07","Bike Sharing Hourly - Windspeed","mc.lm_UNDERB",47,0.562683319888668,0.527811938521573,0.544690078299203
"DS07","Bike Sharing Hourly - Windspeed","mc.lm_UNDERB",48,0.545000014950331,0.527768060240376,0.536245638499597
"DS07","Bike Sharing Hourly - Windspeed","mc.lm_UNDERB",49,0.556838012194649,0.527426317183321,0.541733254672303
"DS07","Bike Sharing Hourly - Windspeed","mc.lm_UNDERB",50,0.582640186082248,0.520668099718374,0.549913677638825
"DS07","Bike Sharing Hourly - Windspeed","mc.lm_UNDERT",1,0.560406740379107,0.515147515950071,0.536824876158768
"DS07","Bike Sharing Hourly - Windspeed","mc.lm_UNDERT",2,0.555731048673587,0.511552946185282,0.532727664998297
"DS07","Bike Sharing Hourly - Windspeed","mc.lm_UNDERT",3,0.553343161991364,0.517591456230712,0.53487054790683
"DS07","Bike Sharing Hourly - Windspeed","mc.lm_UNDERT",4,0.564016930672835,0.519922589214214,0.541072887510609
"DS07","Bike Sharing Hourly - Windspeed","mc.lm_UNDERT",5,0.565499425281392,0.51408030050729,0.538565346386028
"DS07","Bike Sharing Hourly - Windspeed","mc.lm_UNDERT",6,0.552646442114998,0.515767092278584,0.533570269061671
"DS07","Bike Sharing Hourly - Windspeed","mc.lm_UNDERT",7,0.553550617361052,0.515440764276639,0.533816377155956
"DS07","Bike Sharing Hourly - Windspeed","mc.lm_UNDERT",8,0.558134750401402,0.512645111547743,0.53442366922621
"DS07","Bike Sharing Hourly - Windspeed","mc.lm_UNDERT",9,0.557806613067381,0.513753731750323,0.534874644147322
"DS07","Bike Sharing Hourly - Windspeed","mc.lm_UNDERT",10,0.552053015472012,0.514369490641729,0.532545453134469
"DS07","Bike Sharing Hourly - Windspeed","mc.lm_UNDERT",11,0.551001228736385,0.5181225568159,0.534056335289786
"DS07","Bike Sharing Hourly - Windspeed","mc.lm_UNDERT",12,0.560197609695099,0.515359351626047,0.536843862849073
"DS07","Bike Sharing Hourly - Windspeed","mc.lm_UNDERT",13,0.549587351847425,0.520699439190319,0.534753541367315
"DS07","Bike Sharing Hourly - Windspeed","mc.lm_UNDERT",14,0.561002792380288,0.518063275540258,0.538678683072376
"DS07","Bike Sharing Hourly - Windspeed","mc.lm_UNDERT",15,0.55881981426397,0.519871727968139,0.538642625978303
"DS07","Bike Sharing Hourly - Windspeed","mc.lm_UNDERT",16,0.558861718940201,0.519295873037958,0.53835280928101
"DS07","Bike Sharing Hourly - Windspeed","mc.lm_UNDERT",17,0.569836235221409,0.520459517874392,0.54402980367224
"DS07","Bike Sharing Hourly - Windspeed","mc.lm_UNDERT",18,0.559662289271964,0.524584738757557,0.541556099708665
"DS07","Bike Sharing Hourly - Windspeed","mc.lm_UNDERT",19,0.564712812644685,0.521749951883085,0.542381924986063
"DS07","Bike Sharing Hourly - Windspeed","mc.lm_UNDERT",20,0.55386065787242,0.518064094719625,0.535364669259939
"DS07","Bike Sharing Hourly - Windspeed","mc.lm_UNDERT",21,0.565573242404173,0.516966487798141,0.540178627279849
"DS07","Bike Sharing Hourly - Windspeed","mc.lm_UNDERT",22,0.566587979189939,0.517737656368876,0.541062431529435
"DS07","Bike Sharing Hourly - Windspeed","mc.lm_UNDERT",23,0.54643753796633,0.516061152413025,0.530815121219504
"DS07","Bike Sharing Hourly - Windspeed","mc.lm_UNDERT",24,0.547641384611822,0.519367694357547,0.533129940253829
"DS07","Bike Sharing Hourly - Windspeed","mc.lm_UNDERT",25,0.541178467553935,0.521427210085505,0.531119274878837
"DS07","Bike Sharing Hourly - Windspeed","mc.lm_UNDERT",26,0.538378917467105,0.520380680945435,0.529226819947156
"DS07","Bike Sharing Hourly - Windspeed","mc.lm_UNDERT",27,0.550923572987974,0.523229663086856,0.536719614669621
"DS07","Bike Sharing Hourly - Windspeed","mc.lm_UNDERT",28,0.55781114417591,0.524206506816398,0.540486989437828
"DS07","Bike Sharing Hourly - Windspeed","mc.lm_UNDERT",29,0.545436921812543,0.522235832497138,0.533584291230924
"DS07","Bike Sharing Hourly - Windspeed","mc.lm_UNDERT",30,0.538863145650021,0.523468314097197,0.53105418237289
"DS07","Bike Sharing Hourly - Windspeed","mc.lm_UNDERT",31,0.557916834621528,0.519566890359273,0.538059384328169
"DS07","Bike Sharing Hourly - Windspeed","mc.lm_UNDERT",32,0.548520613999081,0.525140704192179,0.536576100151708
"DS07","Bike Sharing Hourly - Windspeed","mc.lm_UNDERT",33,0.560409324404587,0.524550259054767,0.541887201651961
"DS07","Bike Sharing Hourly - Windspeed","mc.lm_UNDERT",34,0.547146913215317,0.528615295453362,0.537721486877011
"DS07","Bike Sharing Hourly - Windspeed","mc.lm_UNDERT",35,0.543411350333156,0.52279887572971,0.532905868033171
"DS07","Bike Sharing Hourly - Windspeed","mc.lm_UNDERT",36,0.55317912605082,0.523846169863808,0.538113204080771
"DS07","Bike Sharing Hourly - Windspeed","mc.lm_UNDERT",37,0.563432472552512,0.524023322276673,0.543013808100411
"DS07","Bike Sharing Hourly - Windspeed","mc.lm_UNDERT",38,0.541362980479421,0.524338490142474,0.532714752918494
"DS07","Bike Sharing Hourly - Windspeed","mc.lm_UNDERT",39,0.538918358121219,0.52058713289364,0.5295941650087
"DS07","Bike Sharing Hourly - Windspeed","mc.lm_UNDERT",40,0.546681052336213,0.528260902826784,0.537313154218888
"DS07","Bike Sharing Hourly - Windspeed","mc.lm_UNDERT",41,0.544030203829013,0.525739648443989,0.534728563337726
"DS07","Bike Sharing Hourly - Windspeed","mc.lm_UNDERT",42,0.569518284601156,0.527898791351967,0.547919329271742
"DS07","Bike Sharing Hourly - Windspeed","mc.lm_UNDERT",43,0.559866985593519,0.52953356414257,0.544277970850875
"DS07","Bike Sharing Hourly - Windspeed","mc.lm_UNDERT",44,0.578348573784742,0.524526173859101,0.550124055723042
"DS07","Bike Sharing Hourly - Windspeed","mc.lm_UNDERT",45,0.564330114481216,0.529078095876035,0.546135833967577
"DS07","Bike Sharing Hourly - Windspeed","mc.lm_UNDERT",46,0.552848838615139,0.52870555788441,0.540507725902231
"DS07","Bike Sharing Hourly - Windspeed","mc.lm_UNDERT",47,0.56683844959034,0.531093966224581,0.548384356022645
"DS07","Bike Sharing Hourly - Windspeed","mc.lm_UNDERT",48,0.55546086570066,0.523848159780671,0.539191548403302
"DS07","Bike Sharing Hourly - Windspeed","mc.lm_UNDERT",49,0.558378000425848,0.524181623367311,0.540739706678249
"DS07","Bike Sharing Hourly - Windspeed","mc.lm_UNDERT",50,0.573828361659422,0.520445982362114,0.545835086096477
"DS07","Bike Sharing Hourly - Windspeed","mc.lm_UNDERTPhi",1,0.544594827515572,0.524503482988983,0.534360369000854
"DS07","Bike Sharing Hourly - Windspeed","mc.lm_UNDERTPhi",2,0.556334165665381,0.522565959326393,0.538921611468337
"DS07","Bike Sharing Hourly - Windspeed","mc.lm_UNDERTPhi",3,0.550095495934286,0.528672126558526,0.539171086677258
"DS07","Bike Sharing Hourly - Windspeed","mc.lm_UNDERTPhi",4,0.551533780951675,0.529114404963246,0.540091534190296
"DS07","Bike Sharing Hourly - Windspeed","mc.lm_UNDERTPhi",5,0.549675884689946,0.527369467837517,0.538291684954207
"DS07","Bike Sharing Hourly - Windspeed","mc.lm_UNDERTPhi",6,0.553514170660338,0.524999762351339,0.538880025858005
"DS07","Bike Sharing Hourly - Windspeed","mc.lm_UNDERTPhi",7,0.548168009057273,0.526194074359752,0.536956325193688
"DS07","Bike Sharing Hourly - Windspeed","mc.lm_UNDERTPhi",8,0.551980093766507,0.521439125928224,0.536275133410115
"DS07","Bike Sharing Hourly - Windspeed","mc.lm_UNDERTPhi",9,0.550730010927147,0.525178006332059,0.537650588203157
"DS07","Bike Sharing Hourly - Windspeed","mc.lm_UNDERTPhi",10,0.550884342089166,0.525941352189642,0.538123964385012
"DS07","Bike Sharing Hourly - Windspeed","mc.lm_UNDERTPhi",11,0.563376040232857,0.525451482716363,0.543753293203691
"DS07","Bike Sharing Hourly - Windspeed","mc.lm_UNDERTPhi",12,0.553377871599619,0.530244928908049,0.541564481751694
"DS07","Bike Sharing Hourly - Windspeed","mc.lm_UNDERTPhi",13,0.563577291513139,0.528079939648539,0.545251482963828
"DS07","Bike Sharing Hourly - Windspeed","mc.lm_UNDERTPhi",14,0.557357087260356,0.533074838614856,0.544945598696937
"DS07","Bike Sharing Hourly - Windspeed","mc.lm_UNDERTPhi",15,0.56115622185098,0.53234093744937,0.546368916745666
"DS07","Bike Sharing Hourly - Windspeed","mc.lm_UNDERTPhi",16,0.561017632899435,0.532235857511355,0.546247880375895
"DS07","Bike Sharing Hourly - Windspeed","mc.lm_UNDERTPhi",17,0.560649658218182,0.531584090572932,0.545730140684263
"DS07","Bike Sharing Hourly - Windspeed","mc.lm_UNDERTPhi",18,0.568689609267247,0.533218362361669,0.550383062747635
"DS07","Bike Sharing Hourly - Windspeed","mc.lm_UNDERTPhi",19,0.561707940735091,0.526691192330339,0.543636274707321
"DS07","Bike Sharing Hourly - Windspeed","mc.lm_UNDERTPhi",20,0.55601527486704,0.52472216463128,0.539915668567422
"DS07","Bike Sharing Hourly - Windspeed","mc.lm_UNDERTPhi",21,0.567433772799603,0.529884289674304,0.54801657225847
"DS07","Bike Sharing Hourly - Windspeed","mc.lm_UNDERTPhi",22,0.568256864135228,0.527151557249962,0.546932970385717
"DS07","Bike Sharing Hourly - Windspeed","mc.lm_UNDERTPhi",23,0.543006652159605,0.529605985943052,0.536222608563186
"DS07","Bike Sharing Hourly - Windspeed","mc.lm_UNDERTPhi",24,0.547345343098773,0.535193626479832,0.54120128206361
"DS07","Bike Sharing Hourly - Windspeed","mc.lm_UNDERTPhi",25,0.547439873926305,0.531842831809645,0.539528654072054
"DS07","Bike Sharing Hourly - Windspeed","mc.lm_UNDERTPhi",26,0.542895175572704,0.533381615705189,0.538096348917283
"DS07","Bike Sharing Hourly - Windspeed","mc.lm_UNDERTPhi",27,0.534082338527925,0.533192334335751,0.533636965342988
"DS07","Bike Sharing Hourly - Windspeed","mc.lm_UNDERTPhi",28,0.53567430254984,0.531750389725651,0.533705133876326
"DS07","Bike Sharing Hourly - Windspeed","mc.lm_UNDERTPhi",29,0.537970886760269,0.531446124746152,0.534688601207611
"DS07","Bike Sharing Hourly - Windspeed","mc.lm_UNDERTPhi",30,0.534052672092262,0.532752009666068,0.533401547986719
"DS07","Bike Sharing Hourly - Windspeed","mc.lm_UNDERTPhi",31,0.540913991751172,0.533198627334025,0.537028599762902
"DS07","Bike Sharing Hourly - Windspeed","mc.lm_UNDERTPhi",32,0.539985628142696,0.531937386558402,0.535931293337177
"DS07","Bike Sharing Hourly - Windspeed","mc.lm_UNDERTPhi",33,0.53962542399427,0.532282680919816,0.535928902970995
"DS07","Bike Sharing Hourly - Windspeed","mc.lm_UNDERTPhi",34,0.533846533623929,0.537570715822775,0.535702152206199
"DS07","Bike Sharing Hourly - Windspeed","mc.lm_UNDERTPhi",35,0.538360180749962,0.536584829459799,0.537471039042815
"DS07","Bike Sharing Hourly - Windspeed","mc.lm_UNDERTPhi",36,0.531407447775141,0.535820313193698,0.533604757136099
"DS07","Bike Sharing Hourly - Windspeed","mc.lm_UNDERTPhi",37,0.534352773078777,0.53373099227519,0.534041701693348
"DS07","Bike Sharing Hourly - Windspeed","mc.lm_UNDERTPhi",38,0.537334488004511,0.534770652089954,0.536049504464226
"DS07","Bike Sharing Hourly - Windspeed","mc.lm_UNDERTPhi",39,0.536105185867984,0.537423380748028,0.53676347399664
"DS07","Bike Sharing Hourly - Windspeed","mc.lm_UNDERTPhi",40,0.537857957866623,0.536460351472338,0.537158245579681
"DS07","Bike Sharing Hourly - Windspeed","mc.lm_UNDERTPhi",41,0.541084784189046,0.534860526676437,0.537954652016958
"DS07","Bike Sharing Hourly - Windspeed","mc.lm_UNDERTPhi",42,0.542104619571626,0.538431846799651,0.540261991258478
"DS07","Bike Sharing Hourly - Windspeed","mc.lm_UNDERTPhi",43,0.552105599162487,0.538684595461167,0.545312531782159
"DS07","Bike Sharing Hourly - Windspeed","mc.lm_UNDERTPhi",44,0.548619699897412,0.538224688156451,0.543372483014811
"DS07","Bike Sharing Hourly - Windspeed","mc.lm_UNDERTPhi",45,0.550024114628973,0.539208552300262,0.54456263676967
"DS07","Bike Sharing Hourly - Windspeed","mc.lm_UNDERTPhi",46,0.549888421718306,0.536177847422928,0.542946592960381
"DS07","Bike Sharing Hourly - Windspeed","mc.lm_UNDERTPhi",47,0.538983890629971,0.538327024462369,0.538655257291464
"DS07","Bike Sharing Hourly - Windspeed","mc.lm_UNDERTPhi",48,0.543304813709696,0.540538556488287,0.54191815498605
"DS07","Bike Sharing Hourly - Windspeed","mc.lm_UNDERTPhi",49,0.537445218175552,0.536446570422533,0.536945429961134
"DS07","Bike Sharing Hourly - Windspeed","mc.lm_UNDERTPhi",50,0.557411380479232,0.5328031981847,0.544829562979883
"DS07","Bike Sharing Hourly - Windspeed","mc.lm_OVERB",1,0.548806096984817,0.518285449658526,0.533109301907318
"DS07","Bike Sharing Hourly - Windspeed","mc.lm_OVERB",2,0.551340769823815,0.513271480156927,0.531625468340137
"DS07","Bike Sharing Hourly - Windspeed","mc.lm_OVERB",3,0.562070242579026,0.52068066072769,0.540584365965691
"DS07","Bike Sharing Hourly - Windspeed","mc.lm_OVERB",4,0.557271797902976,0.516511557573105,0.536118059305944
"DS07","Bike Sharing Hourly - Windspeed","mc.lm_OVERB",5,0.555773451261341,0.517830293660223,0.536131381501919
"DS07","Bike Sharing Hourly - Windspeed","mc.lm_OVERB",6,0.548301445254272,0.516778147950203,0.532073297065836
"DS07","Bike Sharing Hourly - Windspeed","mc.lm_OVERB",7,0.555279007727375,0.51781487095242,0.535892960423338
"DS07","Bike Sharing Hourly - Windspeed","mc.lm_OVERB",8,0.548815228361432,0.515233147371126,0.531494251357113
"DS07","Bike Sharing Hourly - Windspeed","mc.lm_OVERB",9,0.555537279304641,0.517389233451857,0.535785076938612
"DS07","Bike Sharing Hourly - Windspeed","mc.lm_OVERB",10,0.545286463365537,0.516167851098545,0.530327755407205
"DS07","Bike Sharing Hourly - Windspeed","mc.lm_OVERB",11,0.551541430953629,0.521482284348664,0.53609082674487
"DS07","Bike Sharing Hourly - Windspeed","mc.lm_OVERB",12,0.549838399880621,0.523969470801217,0.5365923332797
"DS07","Bike Sharing Hourly - Windspeed","mc.lm_OVERB",13,0.551923128682287,0.522941520783971,0.537041608750057
"DS07","Bike Sharing Hourly - Windspeed","mc.lm_OVERB",14,0.559709924514992,0.522275051569438,0.540344896003774
"DS07","Bike Sharing Hourly - Windspeed","mc.lm_OVERB",15,0.557360315681808,0.525599508026246,0.541014174861366
"DS07","Bike Sharing Hourly - Windspeed","mc.lm_OVERB",16,0.563500434414281,0.524543131125868,0.543324351376897
"DS07","Bike Sharing Hourly - Windspeed","mc.lm_OVERB",17,0.562304408850765,0.524896575147739,0.542956937567758
"DS07","Bike Sharing Hourly - Windspeed","mc.lm_OVERB",18,0.551903283708179,0.523875059807046,0.537524049453474
"DS07","Bike Sharing Hourly - Windspeed","mc.lm_OVERB",19,0.553246402729057,0.524079767634744,0.538268268539492
"DS07","Bike Sharing Hourly - Windspeed","mc.lm_OVERB",20,0.558546090206698,0.519570134595874,0.538353584874091
"DS07","Bike Sharing Hourly - Windspeed","mc.lm_OVERB",21,0.571129483374969,0.524414624586724,0.546776074898057
"DS07","Bike Sharing Hourly - Windspeed","mc.lm_OVERB",22,0.557797058557849,0.519385585185397,0.537906460629561
"DS07","Bike Sharing Hourly - Windspeed","mc.lm_OVERB",23,0.535958953353671,0.523181677680279,0.529493244177792
"DS07","Bike Sharing Hourly - Windspeed","mc.lm_OVERB",24,0.54330153186566,0.519814142527181,0.531298384029082
"DS07","Bike Sharing Hourly - Windspeed","mc.lm_OVERB",25,0.544130789122449,0.522104691223829,0.532890234618511
"DS07","Bike Sharing Hourly - Windspeed","mc.lm_OVERB",26,0.544157505164084,0.521111962812022,0.532385455735805
"DS07","Bike Sharing Hourly - Windspeed","mc.lm_OVERB",27,0.536815339276881,0.529807683689067,0.533288491523823
"DS07","Bike Sharing Hourly - Windspeed","mc.lm_OVERB",28,0.537273920852977,0.52974707951141,0.533483952747532
"DS07","Bike Sharing Hourly - Windspeed","mc.lm_OVERB",29,0.543786568515357,0.524842187754985,0.534146457535857
"DS07","Bike Sharing Hourly - Windspeed","mc.lm_OVERB",30,0.544733415801058,0.525049362630743,0.534710295466298
"DS07","Bike Sharing Hourly - Windspeed","mc.lm_OVERB",31,0.537213974687714,0.525941816192692,0.531518138649041
"DS07","Bike Sharing Hourly - Windspeed","mc.lm_OVERB",32,0.542429768670596,0.529080457891434,0.535671957705892
"DS07","Bike Sharing Hourly - Windspeed","mc.lm_OVERB",33,0.541570716555681,0.527887602546248,0.534641625700579
"DS07","Bike Sharing Hourly - Windspeed","mc.lm_OVERB",34,0.539698254735589,0.528098118003612,0.533835176616226
"DS07","Bike Sharing Hourly - Windspeed","mc.lm_OVERB",35,0.534169471501353,0.53098888228674,0.532574428234978
"DS07","Bike Sharing Hourly - Windspeed","mc.lm_OVERB",36,0.536107001853613,0.527131603708496,0.531581419576174
"DS07","Bike Sharing Hourly - Windspeed","mc.lm_OVERB",37,0.531947365562266,0.529445319972374,0.530693393702276
"DS07","Bike Sharing Hourly - Windspeed","mc.lm_OVERB",38,0.539998105109245,0.530843187410179,0.535381512300897
"DS07","Bike Sharing Hourly - Windspeed","mc.lm_OVERB",39,0.542787926926185,0.531406412552093,0.537036873913381
"DS07","Bike Sharing Hourly - Windspeed","mc.lm_OVERB",40,0.532455508356626,0.528905506248343,0.530674570342866
"DS07","Bike Sharing Hourly - Windspeed","mc.lm_OVERB",41,0.544043245622408,0.528462601830756,0.536139751168345
"DS07","Bike Sharing Hourly - Windspeed","mc.lm_OVERB",42,0.545931743728769,0.533165033057085,0.539472867408674
"DS07","Bike Sharing Hourly - Windspeed","mc.lm_OVERB",43,0.548355336750181,0.535913746622725,0.542063160344278
"DS07","Bike Sharing Hourly - Windspeed","mc.lm_OVERB",44,0.54848217494323,0.532449830404474,0.540347107095713
"DS07","Bike Sharing Hourly - Windspeed","mc.lm_OVERB",45,0.54930615274924,0.532379859635199,0.540710574324144
"DS07","Bike Sharing Hourly - Windspeed","mc.lm_OVERB",46,0.555280021421445,0.532302095739127,0.543548325153388
"DS07","Bike Sharing Hourly - Windspeed","mc.lm_OVERB",47,0.537749348590621,0.534073666284238,0.535905204792203
"DS07","Bike Sharing Hourly - Windspeed","mc.lm_OVERB",48,0.536941076096447,0.52790694602102,0.532385688450941
"DS07","Bike Sharing Hourly - Windspeed","mc.lm_OVERB",49,0.544519579515907,0.530961085733994,0.53765486723279
"DS07","Bike Sharing Hourly - Windspeed","mc.lm_OVERB",50,0.558778624156968,0.525331344416659,0.541539021628755
"DS07","Bike Sharing Hourly - Windspeed","mc.lm_OVERT",1,0.550887036744459,0.518332840354488,0.534114354935057
"DS07","Bike Sharing Hourly - Windspeed","mc.lm_OVERT",2,0.54753045256209,0.519058077334826,0.532914232664049
"DS07","Bike Sharing Hourly - Windspeed","mc.lm_OVERT",3,0.551000215014237,0.518696310727401,0.53436048797062
"DS07","Bike Sharing Hourly - Windspeed","mc.lm_OVERT",4,0.550046353805256,0.517285381818426,0.533163080698098
"DS07","Bike Sharing Hourly - Windspeed","mc.lm_OVERT",5,0.55446708863658,0.518466424118431,0.53586278239853
"DS07","Bike Sharing Hourly - Windspeed","mc.lm_OVERT",6,0.553793799393249,0.519876164914784,0.536299246794522
"DS07","Bike Sharing Hourly - Windspeed","mc.lm_OVERT",7,0.548222129175945,0.520193755933316,0.533840300273391
"DS07","Bike Sharing Hourly - Windspeed","mc.lm_OVERT",8,0.544514067195838,0.515443828586834,0.529580309994422
"DS07","Bike Sharing Hourly - Windspeed","mc.lm_OVERT",9,0.551631497557988,0.514858460862421,0.532611004076573
"DS07","Bike Sharing Hourly - Windspeed","mc.lm_OVERT",10,0.539155245258222,0.510804149048623,0.524596927752699
"DS07","Bike Sharing Hourly - Windspeed","mc.lm_OVERT",11,0.551178830423457,0.516863939866332,0.533470137691748
"DS07","Bike Sharing Hourly - Windspeed","mc.lm_OVERT",12,0.552851889596424,0.516064373715957,0.533825097352614
"DS07","Bike Sharing Hourly - Windspeed","mc.lm_OVERT",13,0.553663318504532,0.521020048217615,0.536845917292657
"DS07","Bike Sharing Hourly - Windspeed","mc.lm_OVERT",14,0.551825228110485,0.51779815771091,0.534270454968761
"DS07","Bike Sharing Hourly - Windspeed","mc.lm_OVERT",15,0.560486662203001,0.520403960855486,0.539702117484888
"DS07","Bike Sharing Hourly - Windspeed","mc.lm_OVERT",16,0.559662486861873,0.515105342230863,0.536460301518546
"DS07","Bike Sharing Hourly - Windspeed","mc.lm_OVERT",17,0.559130164221068,0.518672066786594,0.538141765782274
"DS07","Bike Sharing Hourly - Windspeed","mc.lm_OVERT",18,0.5663341950588,0.520958628026259,0.54269959112773
"DS07","Bike Sharing Hourly - Windspeed","mc.lm_OVERT",19,0.561451022425001,0.518227507962607,0.53897406682693
"DS07","Bike Sharing Hourly - Windspeed","mc.lm_OVERT",20,0.556546207692337,0.512238076316851,0.533473710411166
"DS07","Bike Sharing Hourly - Windspeed","mc.lm_OVERT",21,0.568802636491723,0.514741184897685,0.540423261710343
"DS07","Bike Sharing Hourly - Windspeed","mc.lm_OVERT",22,0.563947130012997,0.513707901686971,0.537656463895253
"DS07","Bike Sharing Hourly - Windspeed","mc.lm_OVERT",23,0.543838027251289,0.514071744833812,0.52853612085466
"DS07","Bike Sharing Hourly - Windspeed","mc.lm_OVERT",24,0.557361780307909,0.515781218628959,0.535765948339064
"DS07","Bike Sharing Hourly - Windspeed","mc.lm_OVERT",25,0.541689735720407,0.516887257896402,0.52899793555971
"DS07","Bike Sharing Hourly - Windspeed","mc.lm_OVERT",26,0.547115321652363,0.518771924862084,0.532566778452936
"DS07","Bike Sharing Hourly - Windspeed","mc.lm_OVERT",27,0.5391774662282,0.518708124025375,0.528744761438609
"DS07","Bike Sharing Hourly - Windspeed","mc.lm_OVERT",28,0.546690823355765,0.518581010050199,0.532265043476405
"DS07","Bike Sharing Hourly - Windspeed","mc.lm_OVERT",29,0.547588383751622,0.515787444135826,0.531212400144216
"DS07","Bike Sharing Hourly - Windspeed","mc.lm_OVERT",30,0.544694383496946,0.519339576687627,0.531714890942695
"DS07","Bike Sharing Hourly - Windspeed","mc.lm_OVERT",31,0.555961437532132,0.519890028295573,0.537321027429108
"DS07","Bike Sharing Hourly - Windspeed","mc.lm_OVERT",32,0.548518699533853,0.52379515946464,0.53587191339672
"DS07","Bike Sharing Hourly - Windspeed","mc.lm_OVERT",33,0.546767320919004,0.526551073598228,0.536468807967879
"DS07","Bike Sharing Hourly - Windspeed","mc.lm_OVERT",34,0.542645057987933,0.525832530768732,0.534106521565842
"DS07","Bike Sharing Hourly - Windspeed","mc.lm_OVERT",35,0.553818129878547,0.524358200235469,0.53868568568961
"DS07","Bike Sharing Hourly - Windspeed","mc.lm_OVERT",36,0.541694848670798,0.52553628239169,0.533493239984042
"DS07","Bike Sharing Hourly - Windspeed","mc.lm_OVERT",37,0.549210870005222,0.523521858603561,0.53605877356478
"DS07","Bike Sharing Hourly - Windspeed","mc.lm_OVERT",38,0.546473929793008,0.525452448037734,0.535757063427499
"DS07","Bike Sharing Hourly - Windspeed","mc.lm_OVERT",39,0.53874690110427,0.526749872810323,0.532680846307991
"DS07","Bike Sharing Hourly - Windspeed","mc.lm_OVERT",40,0.545227939622039,0.526082184347724,0.535483981764121
"DS07","Bike Sharing Hourly - Windspeed","mc.lm_OVERT",41,0.544487227075394,0.528474903398164,0.536361585479636
"DS07","Bike Sharing Hourly - Windspeed","mc.lm_OVERT",42,0.557227747592402,0.525308992786469,0.540797805602406
"DS07","Bike Sharing Hourly - Windspeed","mc.lm_OVERT",43,0.551372828828368,0.53112174533905,0.541057860553416
"DS07","Bike Sharing Hourly - Windspeed","mc.lm_OVERT",44,0.554389052764429,0.529034500290332,0.541415099697092
"DS07","Bike Sharing Hourly - Windspeed","mc.lm_OVERT",45,0.553713457419701,0.534130782487828,0.543745862570851
"DS07","Bike Sharing Hourly - Windspeed","mc.lm_OVERT",46,0.552065031794582,0.531597015973257,0.541637725764582
"DS07","Bike Sharing Hourly - Windspeed","mc.lm_OVERT",47,0.551874332402848,0.527788715498436,0.539562867473608
"DS07","Bike Sharing Hourly - Windspeed","mc.lm_OVERT",48,0.551894681631568,0.528761447214296,0.540080461822845
"DS07","Bike Sharing Hourly - Windspeed","mc.lm_OVERT",49,0.54619784327154,0.528087698924342,0.536990122051019
"DS07","Bike Sharing Hourly - Windspeed","mc.lm_OVERT",50,0.558733903930239,0.52387615279766,0.540743855480662
"DS07","Bike Sharing Hourly - Windspeed","mc.lm_OVERTPhi",1,0.552256175410774,0.517498943583136,0.534312913839799
"DS07","Bike Sharing Hourly - Windspeed","mc.lm_OVERTPhi",2,0.559251829734037,0.519006003829787,0.538377831813041
"DS07","Bike Sharing Hourly - Windspeed","mc.lm_OVERTPhi",3,0.550634249061275,0.52112465898697,0.535473198522156
"DS07","Bike Sharing Hourly - Windspeed","mc.lm_OVERTPhi",4,0.549217291783766,0.517888879504173,0.533093211339815
"DS07","Bike Sharing Hourly - Windspeed","mc.lm_OVERTPhi",5,0.54796325074498,0.519749739611044,0.533483734793108
"DS07","Bike Sharing Hourly - Windspeed","mc.lm_OVERTPhi",6,0.560288206478184,0.521643674843621,0.540275786386389
"DS07","Bike Sharing Hourly - Windspeed","mc.lm_OVERTPhi",7,0.551505585502335,0.520882261274273,0.535756680468405
"DS07","Bike Sharing Hourly - Windspeed","mc.lm_OVERTPhi",8,0.547685473831386,0.516266205761305,0.531511922860551
"DS07","Bike Sharing Hourly - Windspeed","mc.lm_OVERTPhi",9,0.551288046601067,0.51585496479076,0.532983251228999
"DS07","Bike Sharing Hourly - Windspeed","mc.lm_OVERTPhi",10,0.546557691393609,0.51303692252842,0.529267084397333
"DS07","Bike Sharing Hourly - Windspeed","mc.lm_OVERTPhi",11,0.54650740753206,0.516054516301455,0.530844573898562
"DS07","Bike Sharing Hourly - Windspeed","mc.lm_OVERTPhi",12,0.553995559439242,0.518530586005428,0.535676716694557
"DS07","Bike Sharing Hourly - Windspeed","mc.lm_OVERTPhi",13,0.550058534371826,0.520219013815683,0.53472280863296
"DS07","Bike Sharing Hourly - Windspeed","mc.lm_OVERTPhi",14,0.559838221134203,0.520300882613018,0.539345940844292
"DS07","Bike Sharing Hourly - Windspeed","mc.lm_OVERTPhi",15,0.557666906135979,0.519975593062155,0.538162109354372
"DS07","Bike Sharing Hourly - Windspeed","mc.lm_OVERTPhi",16,0.557837218843527,0.517929773948506,0.537143278407958
"DS07","Bike Sharing Hourly - Windspeed","mc.lm_OVERTPhi",17,0.562828258543183,0.520177114441801,0.540662838353907
"DS07","Bike Sharing Hourly - Windspeed","mc.lm_OVERTPhi",18,0.560017893167444,0.522103126711705,0.540396291479261
"DS07","Bike Sharing Hourly - Windspeed","mc.lm_OVERTPhi",19,0.561820393253889,0.520855385571517,0.540562896618352
"DS07","Bike Sharing Hourly - Windspeed","mc.lm_OVERTPhi",20,0.559452091659257,0.51813921755672,0.538003724702831
"DS07","Bike Sharing Hourly - Windspeed","mc.lm_OVERTPhi",21,0.570707055873148,0.518635119676698,0.54342653551205
"DS07","Bike Sharing Hourly - Windspeed","mc.lm_OVERTPhi",22,0.558664200248092,0.51549627911819,0.536212832321544
"DS07","Bike Sharing Hourly - Windspeed","mc.lm_OVERTPhi",23,0.543049488667284,0.51450075679097,0.528389784020519
"DS07","Bike Sharing Hourly - Windspeed","mc.lm_OVERTPhi",24,0.550422584582383,0.515524231039044,0.532402133961874
"DS07","Bike Sharing Hourly - Windspeed","mc.lm_OVERTPhi",25,0.548963063310733,0.522039980333912,0.535163122972162
"DS07","Bike Sharing Hourly - Windspeed","mc.lm_OVERTPhi",26,0.555155524952931,0.520203569778716,0.537111532840962
"DS07","Bike Sharing Hourly - Windspeed","mc.lm_OVERTPhi",27,0.551011513245354,0.521224986110631,0.535704517633205
"DS07","Bike Sharing Hourly - Windspeed","mc.lm_OVERTPhi",28,0.542516607279712,0.519546291149628,0.530783048002323
"DS07","Bike Sharing Hourly - Windspeed","mc.lm_OVERTPhi",29,0.54805002236599,0.516784972986327,0.531958504819529
"DS07","Bike Sharing Hourly - Windspeed","mc.lm_OVERTPhi",30,0.540425640619968,0.519769012432838,0.52989609164617
"DS07","Bike Sharing Hourly - Windspeed","mc.lm_OVERTPhi",31,0.55596265059042,0.522189233353207,0.538546960977176
"DS07","Bike Sharing Hourly - Windspeed","mc.lm_OVERTPhi",32,0.550419912055788,0.524445279927082,0.537118751278975
"DS07","Bike Sharing Hourly - Windspeed","mc.lm_OVERTPhi",33,0.546728740135823,0.523777579558044,0.53500712871093
"DS07","Bike Sharing Hourly - Windspeed","mc.lm_OVERTPhi",34,0.541643355210545,0.525062978911303,0.533224308316286
"DS07","Bike Sharing Hourly - Windspeed","mc.lm_OVERTPhi",35,0.556823769560233,0.52618955850503,0.541073403027132
"DS07","Bike Sharing Hourly - Windspeed","mc.lm_OVERTPhi",36,0.539380937957387,0.529052770074516,0.534166934656887
"DS07","Bike Sharing Hourly - Windspeed","mc.lm_OVERTPhi",37,0.548487102122182,0.524412493499766,0.536179694819656
"DS07","Bike Sharing Hourly - Windspeed","mc.lm_OVERTPhi",38,0.540488016177457,0.528204120478918,0.534275470777987
"DS07","Bike Sharing Hourly - Windspeed","mc.lm_OVERTPhi",39,0.537748965647759,0.528546953948657,0.533108253644525
"DS07","Bike Sharing Hourly - Windspeed","mc.lm_OVERTPhi",40,0.541233655365974,0.528970766051171,0.535031953825243
"DS07","Bike Sharing Hourly - Windspeed","mc.lm_OVERTPhi",41,0.547282228596848,0.528750191085974,0.537856625237814
"DS07","Bike Sharing Hourly - Windspeed","mc.lm_OVERTPhi",42,0.563754901431699,0.524994269745339,0.543684625674657
"DS07","Bike Sharing Hourly - Windspeed","mc.lm_OVERTPhi",43,0.556053194007798,0.532354681168216,0.54394593710693
"DS07","Bike Sharing Hourly - Windspeed","mc.lm_OVERTPhi",44,0.55342576073513,0.530340074479599,0.541637039350009
"DS07","Bike Sharing Hourly - Windspeed","mc.lm_OVERTPhi",45,0.553363131039397,0.535186473314027,0.544123044790211
"DS07","Bike Sharing Hourly - Windspeed","mc.lm_OVERTPhi",46,0.555198296452556,0.530679248125331,0.542661952985573
"DS07","Bike Sharing Hourly - Windspeed","mc.lm_OVERTPhi",47,0.555271908618726,0.529007079532377,0.541821383490327
"DS07","Bike Sharing Hourly - Windspeed","mc.lm_OVERTPhi",48,0.554688344676428,0.52953731888826,0.54182111479046
"DS07","Bike Sharing Hourly - Windspeed","mc.lm_OVERTPhi",49,0.545102358743948,0.525813903829884,0.53528442746619
"DS07","Bike Sharing Hourly - Windspeed","mc.lm_OVERTPhi",50,0.556262489460402,0.525450106961085,0.540417455713011
"DS07","Bike Sharing Hourly - Windspeed","mc.lm_SMOTEB",1,0.531641966868631,0.542837051571943,0.537181187969075
"DS07","Bike Sharing Hourly - Windspeed","mc.lm_SMOTEB",2,0.523882175882744,0.542333897284865,0.532948375689887
"DS07","Bike Sharing Hourly - Windspeed","mc.lm_SMOTEB",3,0.528372183830131,0.546866084716978,0.537460088422966
"DS07","Bike Sharing Hourly - Windspeed","mc.lm_SMOTEB",4,0.531580076026434,0.544993373763262,0.538203165080043
"DS07","Bike Sharing Hourly - Windspeed","mc.lm_SMOTEB",5,0.531616098109044,0.543073507994888,0.537283728560994
"DS07","Bike Sharing Hourly - Windspeed","mc.lm_SMOTEB",6,0.523442316286232,0.543009550192393,0.533046423664256
"DS07","Bike Sharing Hourly - Windspeed","mc.lm_SMOTEB",7,0.526512248688955,0.545667820998368,0.535918918087776
"DS07","Bike Sharing Hourly - Windspeed","mc.lm_SMOTEB",8,0.525431039895446,0.541678491520679,0.533431076584996
"DS07","Bike Sharing Hourly - Windspeed","mc.lm_SMOTEB",9,0.527755274496344,0.542381979975575,0.534968667855851
"DS07","Bike Sharing Hourly - Windspeed","mc.lm_SMOTEB",10,0.527138222759436,0.541869201410676,0.534402215253922
"DS07","Bike Sharing Hourly - Windspeed","mc.lm_SMOTEB",11,0.537353464065168,0.547760624233768,0.542507137423556
"DS07","Bike Sharing Hourly - Windspeed","mc.lm_SMOTEB",12,0.538904015867543,0.549344814084045,0.544074329800236
"DS07","Bike Sharing Hourly - Windspeed","mc.lm_SMOTEB",13,0.54005127089011,0.551373488665764,0.545653652589353
"DS07","Bike Sharing Hourly - Windspeed","mc.lm_SMOTEB",14,0.543547993029509,0.553074948474497,0.548270087849724
"DS07","Bike Sharing Hourly - Windspeed","mc.lm_SMOTEB",15,0.544531134418718,0.551533151134123,0.548009777191332
"DS07","Bike Sharing Hourly - Windspeed","mc.lm_SMOTEB",16,0.546643826801156,0.551218156740216,0.548921462114543
"DS07","Bike Sharing Hourly - Windspeed","mc.lm_SMOTEB",17,0.548790848373914,0.550537660286425,0.549662866504859
"DS07","Bike Sharing Hourly - Windspeed","mc.lm_SMOTEB",18,0.543580620595763,0.554932334692641,0.54919782498457
"DS07","Bike Sharing Hourly - Windspeed","mc.lm_SMOTEB",19,0.548081300718561,0.553513087035533,0.550783802240833
"DS07","Bike Sharing Hourly - Windspeed","mc.lm_SMOTEB",20,0.554322556072106,0.55298292111368,0.553651928237549
"DS07","Bike Sharing Hourly - Windspeed","mc.lm_SMOTEB",21,0.549621783064741,0.551475483584153,0.550547072969281
"DS07","Bike Sharing Hourly - Windspeed","mc.lm_SMOTEB",22,0.548543713442155,0.551324722353071,0.549930702017754
"DS07","Bike Sharing Hourly - Windspeed","mc.lm_SMOTEB",23,0.546751541611164,0.550824130596559,0.548780280369225
"DS07","Bike Sharing Hourly - Windspeed","mc.lm_SMOTEB",24,0.5480380013701,0.551183599690125,0.549606299713907
"DS07","Bike Sharing Hourly - Windspeed","mc.lm_SMOTEB",25,0.543833410174123,0.557798264734825,0.550727324584273
"DS07","Bike Sharing Hourly - Windspeed","mc.lm_SMOTEB",26,0.548829440429947,0.55890249534542,0.553820168704662
"DS07","Bike Sharing Hourly - Windspeed","mc.lm_SMOTEB",27,0.541865614157196,0.559650410324543,0.55061443785444
"DS07","Bike Sharing Hourly - Windspeed","mc.lm_SMOTEB",28,0.541421946348005,0.556849971350482,0.549027595905768
"DS07","Bike Sharing Hourly - Windspeed","mc.lm_SMOTEB",29,0.540260448893685,0.559816779668344,0.549864785542705
"DS07","Bike Sharing Hourly - Windspeed","mc.lm_SMOTEB",30,0.535091240228744,0.559020091785429,0.546793997052535
"DS07","Bike Sharing Hourly - Windspeed","mc.lm_SMOTEB",31,0.550344278569582,0.561556933748281,0.555894070724505
"DS07","Bike Sharing Hourly - Windspeed","mc.lm_SMOTEB",32,0.542999460616042,0.561305957718921,0.552000972233743
"DS07","Bike Sharing Hourly - Windspeed","mc.lm_SMOTEB",33,0.540381036206701,0.559287568592422,0.549671772995115
"DS07","Bike Sharing Hourly - Windspeed","mc.lm_SMOTEB",34,0.539467744409953,0.558812180509451,0.54896960188062
"DS07","Bike Sharing Hourly - Windspeed","mc.lm_SMOTEB",35,0.53147227041819,0.558139785715885,0.544479693401342
"DS07","Bike Sharing Hourly - Windspeed","mc.lm_SMOTEB",36,0.533719390518241,0.55808198455353,0.545628872532864
"DS07","Bike Sharing Hourly - Windspeed","mc.lm_SMOTEB",37,0.53431874759719,0.563738392479646,0.548634457804446
"DS07","Bike Sharing Hourly - Windspeed","mc.lm_SMOTEB",38,0.538184883910477,0.560244731977847,0.548993293115302
"DS07","Bike Sharing Hourly - Windspeed","mc.lm_SMOTEB",39,0.530337611356357,0.559277057098525,0.544423027947382
"DS07","Bike Sharing Hourly - Windspeed","mc.lm_SMOTEB",40,0.53339194604938,0.563580599313153,0.548070877241457
"DS07","Bike Sharing Hourly - Windspeed","mc.lm_SMOTEB",41,0.534227467386912,0.562515107499028,0.548006484160306
"DS07","Bike Sharing Hourly - Windspeed","mc.lm_SMOTEB",42,0.546821270290831,0.563760058093056,0.555161487460408
"DS07","Bike Sharing Hourly - Windspeed","mc.lm_SMOTEB",43,0.547848355906637,0.562518045450802,0.555086295823233
"DS07","Bike Sharing Hourly - Windspeed","mc.lm_SMOTEB",44,0.545035893582918,0.562867016492497,0.553807963698654
"DS07","Bike Sharing Hourly - Windspeed","mc.lm_SMOTEB",45,0.549004969476162,0.563623660117146,0.556218278207997
"DS07","Bike Sharing Hourly - Windspeed","mc.lm_SMOTEB",46,0.545012864870226,0.564036576415105,0.554361562181252
"DS07","Bike Sharing Hourly - Windspeed","mc.lm_SMOTEB",47,0.54494023676515,0.563065846470198,0.553854785334541
"DS07","Bike Sharing Hourly - Windspeed","mc.lm_SMOTEB",48,0.539380970061842,0.560786371138534,0.549875433553834
"DS07","Bike Sharing Hourly - Windspeed","mc.lm_SMOTEB",49,0.538747261390474,0.559378612859123,0.548869128439745
"DS07","Bike Sharing Hourly - Windspeed","mc.lm_SMOTEB",50,0.547554330408221,0.557167736791725,0.552319205168625
"DS07","Bike Sharing Hourly - Windspeed","mc.lm_SMOTET",1,0.50471390955544,0.554355733164214,0.528371389536365
"DS07","Bike Sharing Hourly - Windspeed","mc.lm_SMOTET",2,0.513351158809456,0.550868085839801,0.531448330104591
"DS07","Bike Sharing Hourly - Windspeed","mc.lm_SMOTET",3,0.516195093561607,0.557462021617446,0.536035492779966
"DS07","Bike Sharing Hourly - Windspeed","mc.lm_SMOTET",4,0.517178727659919,0.554781217129649,0.535320457446864
"DS07","Bike Sharing Hourly - Windspeed","mc.lm_SMOTET",5,0.535023081678255,0.549429957461466,0.542130822447744
"DS07","Bike Sharing Hourly - Windspeed","mc.lm_SMOTET",6,0.5116300618784,0.557189698056199,0.533438864775374
"DS07","Bike Sharing Hourly - Windspeed","mc.lm_SMOTET",7,0.518455664988056,0.553855590742302,0.5355713037071
"DS07","Bike Sharing Hourly - Windspeed","mc.lm_SMOTET",8,0.520663355393009,0.552482625658128,0.536101262550958
"DS07","Bike Sharing Hourly - Windspeed","mc.lm_SMOTET",9,0.519007244126666,0.548456399693518,0.53332560069187
"DS07","Bike Sharing Hourly - Windspeed","mc.lm_SMOTET",10,0.519515285363907,0.551910793632049,0.535223286179235
"DS07","Bike Sharing Hourly - Windspeed","mc.lm_SMOTET",11,0.529792287427985,0.557187606827752,0.543144722929619
"DS07","Bike Sharing Hourly - Windspeed","mc.lm_SMOTET",12,0.536280955215439,0.560044573168129,0.547905217722427
"DS07","Bike Sharing Hourly - Windspeed","mc.lm_SMOTET",13,0.532368789778279,0.561673229536123,0.546628542926326
"DS07","Bike Sharing Hourly - Windspeed","mc.lm_SMOTET",14,0.534335848145584,0.565873454686252,0.549652637138383
"DS07","Bike Sharing Hourly - Windspeed","mc.lm_SMOTET",15,0.538471439780598,0.562530790392696,0.55023823989166
"DS07","Bike Sharing Hourly - Windspeed","mc.lm_SMOTET",16,0.535316490327209,0.558487997150502,0.546656807404205
"DS07","Bike Sharing Hourly - Windspeed","mc.lm_SMOTET",17,0.543217633463746,0.566834567456008,0.554774869224655
"DS07","Bike Sharing Hourly - Windspeed","mc.lm_SMOTET",18,0.540482061571329,0.567088286987325,0.553465604857932
"DS07","Bike Sharing Hourly - Windspeed","mc.lm_SMOTET",19,0.540415826457143,0.564619763819794,0.552252721963898
"DS07","Bike Sharing Hourly - Windspeed","mc.lm_SMOTET",20,0.546766431768705,0.565774378093856,0.556108027955849
"DS07","Bike Sharing Hourly - Windspeed","mc.lm_SMOTET",21,0.5549588184486,0.558031522167989,0.556490928803313
"DS07","Bike Sharing Hourly - Windspeed","mc.lm_SMOTET",22,0.550405140200822,0.559591867538902,0.554960487569549
"DS07","Bike Sharing Hourly - Windspeed","mc.lm_SMOTET",23,0.547436292547086,0.561078661682594,0.554173529561891
"DS07","Bike Sharing Hourly - Windspeed","mc.lm_SMOTET",24,0.548401894695878,0.56458986456875,0.556378156223123
"DS07","Bike Sharing Hourly - Windspeed","mc.lm_SMOTET",25,0.553324878295855,0.569479957859813,0.561286197258635
"DS07","Bike Sharing Hourly - Windspeed","mc.lm_SMOTET",26,0.556094145741497,0.566662758693425,0.561328710559544
"DS07","Bike Sharing Hourly - Windspeed","mc.lm_SMOTET",27,0.558587699503588,0.561973387123416,0.560275428518425
"DS07","Bike Sharing Hourly - Windspeed","mc.lm_SMOTET",28,0.55241031920405,0.56350059266616,0.557900346622992
"DS07","Bike Sharing Hourly - Windspeed","mc.lm_SMOTET",29,0.551153843735914,0.563237871457355,0.557130340362442
"DS07","Bike Sharing Hourly - Windspeed","mc.lm_SMOTET",30,0.542057580849532,0.562936279683974,0.552299680272618
"DS07","Bike Sharing Hourly - Windspeed","mc.lm_SMOTET",31,0.556197329159814,0.564219494058374,0.560179692328766
"DS07","Bike Sharing Hourly - Windspeed","mc.lm_SMOTET",32,0.542473088171129,0.567018211756206,0.554474145765371
"DS07","Bike Sharing Hourly - Windspeed","mc.lm_SMOTET",33,0.537051618903841,0.564580988830451,0.550472329749443
"DS07","Bike Sharing Hourly - Windspeed","mc.lm_SMOTET",34,0.539940803138286,0.565245254274724,0.552303342077262
"DS07","Bike Sharing Hourly - Windspeed","mc.lm_SMOTET",35,0.539225075559987,0.569826944841181,0.554103814313341
"DS07","Bike Sharing Hourly - Windspeed","mc.lm_SMOTET",36,0.543823929891122,0.566822640692867,0.555085162421699
"DS07","Bike Sharing Hourly - Windspeed","mc.lm_SMOTET",37,0.550017877827017,0.569668554697812,0.559670779993534
"DS07","Bike Sharing Hourly - Windspeed","mc.lm_SMOTET",38,0.547299699544442,0.569212169232408,0.558040909209896
"DS07","Bike Sharing Hourly - Windspeed","mc.lm_SMOTET",39,0.547315797648398,0.56862096520919,0.557765005135485
"DS07","Bike Sharing Hourly - Windspeed","mc.lm_SMOTET",40,0.550496269163974,0.571570280949152,0.56083537504222
"DS07","Bike Sharing Hourly - Windspeed","mc.lm_SMOTET",41,0.5497392108247,0.570061814802102,0.559716101376471
"DS07","Bike Sharing Hourly - Windspeed","mc.lm_SMOTET",42,0.555692903306977,0.580867437734083,0.568001365620897
"DS07","Bike Sharing Hourly - Windspeed","mc.lm_SMOTET",43,0.557137688488846,0.57643425891308,0.56662173285547
"DS07","Bike Sharing Hourly - Windspeed","mc.lm_SMOTET",44,0.560594457262946,0.569679628057967,0.565100529247715
"DS07","Bike Sharing Hourly - Windspeed","mc.lm_SMOTET",45,0.55105362808263,0.578973887509112,0.564668836598959
"DS07","Bike Sharing Hourly - Windspeed","mc.lm_SMOTET",46,0.54700745825936,0.564313397507685,0.555525680329873
"DS07","Bike Sharing Hourly - Windspeed","mc.lm_SMOTET",47,0.557839720982569,0.573675760199902,0.565646924547503
"DS07","Bike Sharing Hourly - Windspeed","mc.lm_SMOTET",48,0.546833089888811,0.576014974942962,0.561044825984498
"DS07","Bike Sharing Hourly - Windspeed","mc.lm_SMOTET",49,0.548409499922242,0.577441603428234,0.562551229070999
"DS07","Bike Sharing Hourly - Windspeed","mc.lm_SMOTET",50,0.55848317033909,0.559259570966862,0.558871101003301
"DS07","Bike Sharing Hourly - Windspeed","mc.lm_SMOTETPhi",1,0.497381957201579,0.559888652467558,0.52678758159449
"DS07","Bike Sharing Hourly - Windspeed","mc.lm_SMOTETPhi",2,0.505556469248699,0.55538848787157,0.529302186895443
"DS07","Bike Sharing Hourly - Windspeed","mc.lm_SMOTETPhi",3,0.504885893599021,0.559396295050259,0.530745137548296
"DS07","Bike Sharing Hourly - Windspeed","mc.lm_SMOTETPhi",4,0.509189831092758,0.559389580040128,0.533110563067474
"DS07","Bike Sharing Hourly - Windspeed","mc.lm_SMOTETPhi",5,0.513190754976905,0.555635297344299,0.533570260785981
"DS07","Bike Sharing Hourly - Windspeed","mc.lm_SMOTETPhi",6,0.512655828056129,0.560165221996049,0.535358559037712
"DS07","Bike Sharing Hourly - Windspeed","mc.lm_SMOTETPhi",7,0.510983014941839,0.559361684587251,0.534079012413648
"DS07","Bike Sharing Hourly - Windspeed","mc.lm_SMOTETPhi",8,0.512332769304842,0.558131994506493,0.53425263502376
"DS07","Bike Sharing Hourly - Windspeed","mc.lm_SMOTETPhi",9,0.513818481106545,0.554336432707263,0.533308980171607
"DS07","Bike Sharing Hourly - Windspeed","mc.lm_SMOTETPhi",10,0.51369634119866,0.556953832313867,0.534451220303955
"DS07","Bike Sharing Hourly - Windspeed","mc.lm_SMOTETPhi",11,0.52057560513804,0.564254192483015,0.541535581614118
"DS07","Bike Sharing Hourly - Windspeed","mc.lm_SMOTETPhi",12,0.53036494967966,0.564538239788855,0.546918299294021
"DS07","Bike Sharing Hourly - Windspeed","mc.lm_SMOTETPhi",13,0.523953656357139,0.566675693464452,0.544477922968031
"DS07","Bike Sharing Hourly - Windspeed","mc.lm_SMOTETPhi",14,0.529605555496457,0.569206066205109,0.548692221543292
"DS07","Bike Sharing Hourly - Windspeed","mc.lm_SMOTETPhi",15,0.527929507910609,0.567995189195605,0.547229972131137
"DS07","Bike Sharing Hourly - Windspeed","mc.lm_SMOTETPhi",16,0.533686010914297,0.567487747743544,0.550068088627776
"DS07","Bike Sharing Hourly - Windspeed","mc.lm_SMOTETPhi",17,0.537452853950809,0.571668941517043,0.554033119516455
"DS07","Bike Sharing Hourly - Windspeed","mc.lm_SMOTETPhi",18,0.535953189695372,0.572648961379327,0.553693743295492
"DS07","Bike Sharing Hourly - Windspeed","mc.lm_SMOTETPhi",19,0.530340190271783,0.570366307324103,0.549625493465443
"DS07","Bike Sharing Hourly - Windspeed","mc.lm_SMOTETPhi",20,0.543322204092975,0.567872978003788,0.55532637834456
"DS07","Bike Sharing Hourly - Windspeed","mc.lm_SMOTETPhi",21,0.55642459767939,0.564187319788044,0.560279071702802
"DS07","Bike Sharing Hourly - Windspeed","mc.lm_SMOTETPhi",22,0.54323660078226,0.5669217172856,0.554826499239986
"DS07","Bike Sharing Hourly - Windspeed","mc.lm_SMOTETPhi",23,0.550885356834446,0.568161782472631,0.559390208478505
"DS07","Bike Sharing Hourly - Windspeed","mc.lm_SMOTETPhi",24,0.545365993544605,0.569492204721717,0.557168046172942
"DS07","Bike Sharing Hourly - Windspeed","mc.lm_SMOTETPhi",25,0.547905388275121,0.578019956724052,0.562559942764044
"DS07","Bike Sharing Hourly - Windspeed","mc.lm_SMOTETPhi",26,0.549522672819557,0.572048707283584,0.560559479648169
"DS07","Bike Sharing Hourly - Windspeed","mc.lm_SMOTETPhi",27,0.547634740138563,0.570736862178687,0.558947191718949
"DS07","Bike Sharing Hourly - Windspeed","mc.lm_SMOTETPhi",28,0.545765972460086,0.570927768232989,0.558063392458444
"DS07","Bike Sharing Hourly - Windspeed","mc.lm_SMOTETPhi",29,0.545739492405903,0.569178825856144,0.557212772313446
"DS07","Bike Sharing Hourly - Windspeed","mc.lm_SMOTETPhi",30,0.545545435928293,0.568916242416378,0.556985790550872
"DS07","Bike Sharing Hourly - Windspeed","mc.lm_SMOTETPhi",31,0.550903681811779,0.572075065166204,0.561289802716016
"DS07","Bike Sharing Hourly - Windspeed","mc.lm_SMOTETPhi",32,0.541656148965208,0.571708487482922,0.556276726461574
"DS07","Bike Sharing Hourly - Windspeed","mc.lm_SMOTETPhi",33,0.538474813088786,0.569293044250291,0.553455245274533
"DS07","Bike Sharing Hourly - Windspeed","mc.lm_SMOTETPhi",34,0.543967569662785,0.572641385010664,0.557936314568925
"DS07","Bike Sharing Hourly - Windspeed","mc.lm_SMOTETPhi",35,0.539652935437066,0.573895628547678,0.556247784060718
"DS07","Bike Sharing Hourly - Windspeed","mc.lm_SMOTETPhi",36,0.546054370066282,0.573488207403735,0.55943516242494
"DS07","Bike Sharing Hourly - Windspeed","mc.lm_SMOTETPhi",37,0.542607237205742,0.575661678063208,0.558645936472221
"DS07","Bike Sharing Hourly - Windspeed","mc.lm_SMOTETPhi",38,0.545158331240997,0.575419795948221,0.559880454759577
"DS07","Bike Sharing Hourly - Windspeed","mc.lm_SMOTETPhi",39,0.547635713676676,0.573925642705966,0.560472554001578
"DS07","Bike Sharing Hourly - Windspeed","mc.lm_SMOTETPhi",40,0.544409827987304,0.573563574872429,0.558606575679438
"DS07","Bike Sharing Hourly - Windspeed","mc.lm_SMOTETPhi",41,0.547386966756822,0.578136222068678,0.562341560107095
"DS07","Bike Sharing Hourly - Windspeed","mc.lm_SMOTETPhi",42,0.55338707304289,0.584387377389862,0.56846490123589
"DS07","Bike Sharing Hourly - Windspeed","mc.lm_SMOTETPhi",43,0.552254080135156,0.580859440178865,0.566195690145683
"DS07","Bike Sharing Hourly - Windspeed","mc.lm_SMOTETPhi",44,0.562970195073625,0.571028915878785,0.566970920982409
"DS07","Bike Sharing Hourly - Windspeed","mc.lm_SMOTETPhi",45,0.546490546447929,0.58434203596738,0.564782804305561
"DS07","Bike Sharing Hourly - Windspeed","mc.lm_SMOTETPhi",46,0.551228603804336,0.569431424631144,0.560182180495806
"DS07","Bike Sharing Hourly - Windspeed","mc.lm_SMOTETPhi",47,0.545695432712151,0.578494081082404,0.561616300497482
"DS07","Bike Sharing Hourly - Windspeed","mc.lm_SMOTETPhi",48,0.544863616748628,0.581839795712945,0.562744963677388
"DS07","Bike Sharing Hourly - Windspeed","mc.lm_SMOTETPhi",49,0.549841496378883,0.579610918516325,0.56433388525558
"DS07","Bike Sharing Hourly - Windspeed","mc.lm_SMOTETPhi",50,0.557841678002957,0.561112814429107,0.559472464818044
"DS07","Bike Sharing Hourly - Windspeed","mc.svm",1,1e-05,0.424264364050312,1.99995286069182e-05
"DS07","Bike Sharing Hourly - Windspeed","mc.svm",2,1e-05,0.424011586144741,1.99995283259001e-05
"DS07","Bike Sharing Hourly - Windspeed","mc.svm",3,1e-05,0.424455842320298,1.99995288195655e-05
"DS07","Bike Sharing Hourly - Windspeed","mc.svm",4,1e-05,0.424961919794322,1.99995293806704e-05
"DS07","Bike Sharing Hourly - Windspeed","mc.svm",5,0.947142705251371,0.424810834874646,0.58654534806814
"DS07","Bike Sharing Hourly - Windspeed","mc.svm",6,0.946777715509896,0.42415187623282,0.585847073150508
"DS07","Bike Sharing Hourly - Windspeed","mc.svm",7,0.92420340403888,0.424259186466927,0.581553818531106
"DS07","Bike Sharing Hourly - Windspeed","mc.svm",8,0.915862822149657,0.422909164137331,0.57862994527395
"DS07","Bike Sharing Hourly - Windspeed","mc.svm",9,0.935728155810625,0.423048166654369,0.582668499969769
"DS07","Bike Sharing Hourly - Windspeed","mc.svm",10,0.937952928090151,0.422578027646447,0.582652378038624
"DS07","Bike Sharing Hourly - Windspeed","mc.svm",11,0.961881126043684,0.425388303125908,0.589896917517296
"DS07","Bike Sharing Hourly - Windspeed","mc.svm",12,0.957680760326126,0.426114220073512,0.589800362114223
"DS07","Bike Sharing Hourly - Windspeed","mc.svm",13,0.934049211167293,0.42583894892903,0.584981244786036
"DS07","Bike Sharing Hourly - Windspeed","mc.svm",14,0.94687153101814,0.426364520213995,0.587972367408516
"DS07","Bike Sharing Hourly - Windspeed","mc.svm",15,0.823360917083405,0.426525310160429,0.561945980167143
"DS07","Bike Sharing Hourly - Windspeed","mc.svm",16,0.808217712517897,0.426293811483783,0.558177388350552
"DS07","Bike Sharing Hourly - Windspeed","mc.svm",17,0.919158149211018,0.426157605641183,0.582326096547323
"DS07","Bike Sharing Hourly - Windspeed","mc.svm",18,0.902721242752301,0.426864729875598,0.579638876121427
"DS07","Bike Sharing Hourly - Windspeed","mc.svm",19,0.888087630708861,0.426487411086798,0.576244310742217
"DS07","Bike Sharing Hourly - Windspeed","mc.svm",20,0.6125000496468,0.426423344513937,0.502798033335905
"DS07","Bike Sharing Hourly - Windspeed","mc.svm",21,0.504291105032866,0.425955150574094,0.461824795924163
"DS07","Bike Sharing Hourly - Windspeed","mc.svm",22,0.486140099268824,0.426645069321818,0.454453651285563
"DS07","Bike Sharing Hourly - Windspeed","mc.svm",23,0.595637297488537,0.424700534446253,0.495850434360197
"DS07","Bike Sharing Hourly - Windspeed","mc.svm",24,0.594596250833818,0.42484598001364,0.495588311439549
"DS07","Bike Sharing Hourly - Windspeed","mc.svm",25,0.58611572934379,0.425331548133383,0.492944152598695
"DS07","Bike Sharing Hourly - Windspeed","mc.svm",26,0.481020986194284,0.425446561014633,0.451530173324692
"DS07","Bike Sharing Hourly - Windspeed","mc.svm",27,0.606517678224339,0.425253126785331,0.49996285582642
"DS07","Bike Sharing Hourly - Windspeed","mc.svm",28,0.611457608340589,0.425165636090525,0.50157232029885
"DS07","Bike Sharing Hourly - Windspeed","mc.svm",29,0.605613223295781,0.424539542705134,0.499162394859686
"DS07","Bike Sharing Hourly - Windspeed","mc.svm",30,0.512875388982599,0.425636063831465,0.465201060995116
"DS07","Bike Sharing Hourly - Windspeed","mc.svm",31,0.617625414983929,0.427112435132426,0.504998445235006
"DS07","Bike Sharing Hourly - Windspeed","mc.svm",32,0.251454769959952,0.425931169887271,0.316222755869225
"DS07","Bike Sharing Hourly - Windspeed","mc.svm",33,1e-05,0.428338170809988,1.99995330901037e-05
"DS07","Bike Sharing Hourly - Windspeed","mc.svm",34,1e-05,0.42953724871734,1.99995343934792e-05
"DS07","Bike Sharing Hourly - Windspeed","mc.svm",35,1e-05,0.430662062738112,1.99995356095338e-05
"DS07","Bike Sharing Hourly - Windspeed","mc.svm",36,1e-05,0.429853775528864,1.99995347363249e-05
"DS07","Bike Sharing Hourly - Windspeed","mc.svm",37,1e-05,0.430481503198056,1.99995354147561e-05
"DS07","Bike Sharing Hourly - Windspeed","mc.svm",38,1e-05,0.430164311531074,1.99995350721913e-05
"DS07","Bike Sharing Hourly - Windspeed","mc.svm",39,1e-05,0.430494443917136,1.99995354287213e-05
"DS07","Bike Sharing Hourly - Windspeed","mc.svm",40,1e-05,0.430923007731653,1.99995358907384e-05
"DS07","Bike Sharing Hourly - Windspeed","mc.svm",41,1e-05,0.430661019000512,1.99995356084083e-05
"DS07","Bike Sharing Hourly - Windspeed","mc.svm",42,1e-05,0.430865020077352,1.99995358282781e-05
"DS07","Bike Sharing Hourly - Windspeed","mc.svm",43,1e-05,0.43116425163041,1.99995361504096e-05
"DS07","Bike Sharing Hourly - Windspeed","mc.svm",44,1e-05,0.430308132236258,1.99995352275793e-05
"DS07","Bike Sharing Hourly - Windspeed","mc.svm",45,1e-05,0.430989083903058,1.99995359618907e-05
"DS07","Bike Sharing Hourly - Windspeed","mc.svm",46,1e-05,0.428986926602571,1.99995337961939e-05
"DS07","Bike Sharing Hourly - Windspeed","mc.svm",47,1e-05,0.429372269532621,1.99995342145818e-05
"DS07","Bike Sharing Hourly - Windspeed","mc.svm",48,1e-05,0.429949548083247,1.99995348399614e-05
"DS07","Bike Sharing Hourly - Windspeed","mc.svm",49,1e-05,0.429801847067057,1.99995346801133e-05
"DS07","Bike Sharing Hourly - Windspeed","mc.svm",50,1e-05,0.426880842442049,1.99995314961575e-05
"DS07","Bike Sharing Hourly - Windspeed","mc.svm_UNDERB",1,0.532194383269517,0.524202411245704,0.52816816637412
"DS07","Bike Sharing Hourly - Windspeed","mc.svm_UNDERB",2,0.539734334623998,0.527170079278122,0.53337822632527
"DS07","Bike Sharing Hourly - Windspeed","mc.svm_UNDERB",3,0.544845238164258,0.529619357828751,0.53712441755407
"DS07","Bike Sharing Hourly - Windspeed","mc.svm_UNDERB",4,0.549732861783029,0.533470071369524,0.541479384949677
"DS07","Bike Sharing Hourly - Windspeed","mc.svm_UNDERB",5,0.538487829749172,0.535139125958749,0.536808255454776
"DS07","Bike Sharing Hourly - Windspeed","mc.svm_UNDERB",6,0.533938121850444,0.522811873630745,0.528316425041292
"DS07","Bike Sharing Hourly - Windspeed","mc.svm_UNDERB",7,0.549944081914318,0.527352668988664,0.538411499243728
"DS07","Bike Sharing Hourly - Windspeed","mc.svm_UNDERB",8,0.547515421757104,0.529974765013059,0.538602319630485
"DS07","Bike Sharing Hourly - Windspeed","mc.svm_UNDERB",9,0.541990515025106,0.529135188522474,0.535485708904871
"DS07","Bike Sharing Hourly - Windspeed","mc.svm_UNDERB",10,0.547541735958748,0.524635925374407,0.535844152859229
"DS07","Bike Sharing Hourly - Windspeed","mc.svm_UNDERB",11,0.546200412458197,0.534061646929079,0.54006282882178
"DS07","Bike Sharing Hourly - Windspeed","mc.svm_UNDERB",12,0.549111725434342,0.532462728091071,0.540659085278025
"DS07","Bike Sharing Hourly - Windspeed","mc.svm_UNDERB",13,0.566792059190713,0.534802465305026,0.550332783669674
"DS07","Bike Sharing Hourly - Windspeed","mc.svm_UNDERB",14,0.55352206354046,0.531787872590107,0.542437345872516
"DS07","Bike Sharing Hourly - Windspeed","mc.svm_UNDERB",15,0.561004768193638,0.535805972508651,0.54811590413769
"DS07","Bike Sharing Hourly - Windspeed","mc.svm_UNDERB",16,0.560311397123028,0.533796343637873,0.546732582067093
"DS07","Bike Sharing Hourly - Windspeed","mc.svm_UNDERB",17,0.565064082468839,0.542631357223047,0.553620569338719
"DS07","Bike Sharing Hourly - Windspeed","mc.svm_UNDERB",18,0.565390292751711,0.540509800775696,0.552670166653108
"DS07","Bike Sharing Hourly - Windspeed","mc.svm_UNDERB",19,0.555135815759018,0.534361647487077,0.544550674224132
"DS07","Bike Sharing Hourly - Windspeed","mc.svm_UNDERB",20,0.572396334413456,0.540777891919632,0.556138070293431
"DS07","Bike Sharing Hourly - Windspeed","mc.svm_UNDERB",21,0.563842298782873,0.53336379171918,0.548179724873536
"DS07","Bike Sharing Hourly - Windspeed","mc.svm_UNDERB",22,0.564576157219485,0.535534349105399,0.549671915936915
"DS07","Bike Sharing Hourly - Windspeed","mc.svm_UNDERB",23,0.560076893818718,0.538428371465014,0.549039316176798
"DS07","Bike Sharing Hourly - Windspeed","mc.svm_UNDERB",24,0.55004829590331,0.540160204604462,0.545059408212437
"DS07","Bike Sharing Hourly - Windspeed","mc.svm_UNDERB",25,0.561757565198079,0.536699319005901,0.548942624920061
"DS07","Bike Sharing Hourly - Windspeed","mc.svm_UNDERB",26,0.547464134650564,0.543613572091651,0.545532058789966
"DS07","Bike Sharing Hourly - Windspeed","mc.svm_UNDERB",27,0.553068974794592,0.545636781354733,0.549327740543973
"DS07","Bike Sharing Hourly - Windspeed","mc.svm_UNDERB",28,0.559942929379424,0.538601617085725,0.549064975489446
"DS07","Bike Sharing Hourly - Windspeed","mc.svm_UNDERB",29,0.555281844190347,0.53938746214561,0.547219261524529
"DS07","Bike Sharing Hourly - Windspeed","mc.svm_UNDERB",30,0.556328104579896,0.537533531255924,0.546769355089862
"DS07","Bike Sharing Hourly - Windspeed","mc.svm_UNDERB",31,0.545036758552569,0.537519987041715,0.541252276311126
"DS07","Bike Sharing Hourly - Windspeed","mc.svm_UNDERB",32,0.554635517737591,0.538156925951051,0.546271978677727
"DS07","Bike Sharing Hourly - Windspeed","mc.svm_UNDERB",33,0.552847997951291,0.540482201022323,0.546595169591048
"DS07","Bike Sharing Hourly - Windspeed","mc.svm_UNDERB",34,0.542699414661348,0.547190539097541,0.544935723560505
"DS07","Bike Sharing Hourly - Windspeed","mc.svm_UNDERB",35,0.545204520693469,0.541046593711566,0.543117599393979
"DS07","Bike Sharing Hourly - Windspeed","mc.svm_UNDERB",36,0.544975822642778,0.544652124670025,0.544813925575596
"DS07","Bike Sharing Hourly - Windspeed","mc.svm_UNDERB",37,0.556626466033023,0.543737896505906,0.550106699351788
"DS07","Bike Sharing Hourly - Windspeed","mc.svm_UNDERB",38,0.535581231023279,0.549522307777464,0.542462214065734
"DS07","Bike Sharing Hourly - Windspeed","mc.svm_UNDERB",39,0.547829280372577,0.543474026737553,0.545642962921534
"DS07","Bike Sharing Hourly - Windspeed","mc.svm_UNDERB",40,0.557482618208034,0.547007941864983,0.552195610601359
"DS07","Bike Sharing Hourly - Windspeed","mc.svm_UNDERB",41,0.555235300327619,0.544830632062716,0.549983761361841
"DS07","Bike Sharing Hourly - Windspeed","mc.svm_UNDERB",42,0.548966663361253,0.556428097745456,0.552672198145662
"DS07","Bike Sharing Hourly - Windspeed","mc.svm_UNDERB",43,0.565673296734135,0.548344393153545,0.556874066608616
"DS07","Bike Sharing Hourly - Windspeed","mc.svm_UNDERB",44,0.558460739585703,0.548319515991648,0.553343666706873
"DS07","Bike Sharing Hourly - Windspeed","mc.svm_UNDERB",45,0.5736640771946,0.54691269383535,0.55996906936898
"DS07","Bike Sharing Hourly - Windspeed","mc.svm_UNDERB",46,0.564279363424767,0.550747544842806,0.557431343956544
"DS07","Bike Sharing Hourly - Windspeed","mc.svm_UNDERB",47,0.566820241763832,0.545077104813501,0.55573607992027
"DS07","Bike Sharing Hourly - Windspeed","mc.svm_UNDERB",48,0.549865093613825,0.547014444012157,0.548436064576166
"DS07","Bike Sharing Hourly - Windspeed","mc.svm_UNDERB",49,0.549702156883022,0.550393299419672,0.550047511043821
"DS07","Bike Sharing Hourly - Windspeed","mc.svm_UNDERB",50,0.572819080390833,0.543359825926437,0.557700694838313
"DS07","Bike Sharing Hourly - Windspeed","mc.svm_UNDERT",1,0.542161506174895,0.535883837410352,0.539004393746457
"DS07","Bike Sharing Hourly - Windspeed","mc.svm_UNDERT",2,0.551313050553675,0.528095518868103,0.539454586036614
"DS07","Bike Sharing Hourly - Windspeed","mc.svm_UNDERT",3,0.546727371638527,0.531836996462625,0.539179397754534
"DS07","Bike Sharing Hourly - Windspeed","mc.svm_UNDERT",4,0.539429560921228,0.530072837073728,0.53471026955154
"DS07","Bike Sharing Hourly - Windspeed","mc.svm_UNDERT",5,0.545747030743322,0.530366942169588,0.537947078430684
"DS07","Bike Sharing Hourly - Windspeed","mc.svm_UNDERT",6,0.523143414197643,0.531960108565402,0.527514924190717
"DS07","Bike Sharing Hourly - Windspeed","mc.svm_UNDERT",7,0.548212874544653,0.52732380488329,0.537565485994677
"DS07","Bike Sharing Hourly - Windspeed","mc.svm_UNDERT",8,0.541229503299194,0.525923542893357,0.533466757948352
"DS07","Bike Sharing Hourly - Windspeed","mc.svm_UNDERT",9,0.548412804987457,0.532320223030474,0.540246701258116
"DS07","Bike Sharing Hourly - Windspeed","mc.svm_UNDERT",10,0.540489096838742,0.529524023659983,0.534950377372951
"DS07","Bike Sharing Hourly - Windspeed","mc.svm_UNDERT",11,0.549855860731118,0.536257005045553,0.54297129952799
"DS07","Bike Sharing Hourly - Windspeed","mc.svm_UNDERT",12,0.551812664182968,0.52759965550338,0.539434590870583
"DS07","Bike Sharing Hourly - Windspeed","mc.svm_UNDERT",13,0.549953732506664,0.534819713379036,0.54228115318733
"DS07","Bike Sharing Hourly - Windspeed","mc.svm_UNDERT",14,0.560647840032957,0.53015641305201,0.544975960657677
"DS07","Bike Sharing Hourly - Windspeed","mc.svm_UNDERT",15,0.544903859658716,0.534513152638712,0.539658494526168
"DS07","Bike Sharing Hourly - Windspeed","mc.svm_UNDERT",16,0.55989941909236,0.535625116367733,0.547493336385429
"DS07","Bike Sharing Hourly - Windspeed","mc.svm_UNDERT",17,0.56975768686493,0.538949179638207,0.553925383175297
"DS07","Bike Sharing Hourly - Windspeed","mc.svm_UNDERT",18,0.552980114335364,0.541851260383281,0.54735912550279
"DS07","Bike Sharing Hourly - Windspeed","mc.svm_UNDERT",19,0.564504641032296,0.539373375161765,0.55165293458393
"DS07","Bike Sharing Hourly - Windspeed","mc.svm_UNDERT",20,0.56213802619014,0.53701706402312,0.549290477910283
"DS07","Bike Sharing Hourly - Windspeed","mc.svm_UNDERT",21,0.580213858493533,0.533980127322621,0.556137753347823
"DS07","Bike Sharing Hourly - Windspeed","mc.svm_UNDERT",22,0.573777002662844,0.531015329920029,0.551568607753132
"DS07","Bike Sharing Hourly - Windspeed","mc.svm_UNDERT",23,0.57293294284571,0.540175340575214,0.556072130875355
"DS07","Bike Sharing Hourly - Windspeed","mc.svm_UNDERT",24,0.569032865993771,0.537346591819992,0.552735987668319
"DS07","Bike Sharing Hourly - Windspeed","mc.svm_UNDERT",25,0.562056982955275,0.541028505344154,0.551342307793997
"DS07","Bike Sharing Hourly - Windspeed","mc.svm_UNDERT",26,0.579521808197846,0.540392925217153,0.559273801504885
"DS07","Bike Sharing Hourly - Windspeed","mc.svm_UNDERT",27,0.555394796190414,0.546341465950595,0.550830933970233
"DS07","Bike Sharing Hourly - Windspeed","mc.svm_UNDERT",28,0.541892787816185,0.541590817831048,0.541741760743667
"DS07","Bike Sharing Hourly - Windspeed","mc.svm_UNDERT",29,0.547772589832428,0.547022420819865,0.547397248312942
"DS07","Bike Sharing Hourly - Windspeed","mc.svm_UNDERT",30,0.554753886205461,0.543685179970384,0.549163764742872
"DS07","Bike Sharing Hourly - Windspeed","mc.svm_UNDERT",31,0.554382310749429,0.536780995868138,0.545439691842672
"DS07","Bike Sharing Hourly - Windspeed","mc.svm_UNDERT",32,0.556395876452611,0.539601093739028,0.547869805576593
"DS07","Bike Sharing Hourly - Windspeed","mc.svm_UNDERT",33,0.550394147691668,0.545175202020657,0.547772244153385
"DS07","Bike Sharing Hourly - Windspeed","mc.svm_UNDERT",34,0.544709263222055,0.548273590596886,0.546485615093855
"DS07","Bike Sharing Hourly - Windspeed","mc.svm_UNDERT",35,0.536257424334499,0.539255298529066,0.537752183308411
"DS07","Bike Sharing Hourly - Windspeed","mc.svm_UNDERT",36,0.562971916923063,0.537717932543007,0.550055213817931
"DS07","Bike Sharing Hourly - Windspeed","mc.svm_UNDERT",37,0.547639785266867,0.53892771814404,0.543248825153116
"DS07","Bike Sharing Hourly - Windspeed","mc.svm_UNDERT",38,0.546450106971705,0.538826547729979,0.542611551387653
"DS07","Bike Sharing Hourly - Windspeed","mc.svm_UNDERT",39,0.547041442114763,0.533247158695873,0.54005623030308
"DS07","Bike Sharing Hourly - Windspeed","mc.svm_UNDERT",40,0.557795553343826,0.545147362878391,0.551398935444841
"DS07","Bike Sharing Hourly - Windspeed","mc.svm_UNDERT",41,0.56514668344832,0.54655246891238,0.555694073311847
"DS07","Bike Sharing Hourly - Windspeed","mc.svm_UNDERT",42,0.554717574711376,0.547352225643565,0.551010288139797
"DS07","Bike Sharing Hourly - Windspeed","mc.svm_UNDERT",43,0.569421598142227,0.549507449354135,0.559287312635983
"DS07","Bike Sharing Hourly - Windspeed","mc.svm_UNDERT",44,0.577360187948847,0.546872144425447,0.561702763738597
"DS07","Bike Sharing Hourly - Windspeed","mc.svm_UNDERT",45,0.575498027060305,0.54632321384131,0.560531250861728
"DS07","Bike Sharing Hourly - Windspeed","mc.svm_UNDERT",46,0.5581223800287,0.546459428338406,0.552229331359747
"DS07","Bike Sharing Hourly - Windspeed","mc.svm_UNDERT",47,0.56492937107651,0.554918889136914,0.559879387549964
"DS07","Bike Sharing Hourly - Windspeed","mc.svm_UNDERT",48,0.554787790028654,0.542136948363134,0.548389418067505
"DS07","Bike Sharing Hourly - Windspeed","mc.svm_UNDERT",49,0.555569369503045,0.544470498209524,0.549963942729233
"DS07","Bike Sharing Hourly - Windspeed","mc.svm_UNDERT",50,0.565350168086769,0.540864404922349,0.552836293601205
"DS07","Bike Sharing Hourly - Windspeed","mc.svm_UNDERTPhi",1,0.518998341808081,0.547041613890653,0.532651124362735
"DS07","Bike Sharing Hourly - Windspeed","mc.svm_UNDERTPhi",2,0.532462331034669,0.544568038228361,0.538447151198642
"DS07","Bike Sharing Hourly - Windspeed","mc.svm_UNDERTPhi",3,0.529765479174378,0.551466009659977,0.540397977441178
"DS07","Bike Sharing Hourly - Windspeed","mc.svm_UNDERTPhi",4,0.522077320127504,0.552148507692139,0.536692017158817
"DS07","Bike Sharing Hourly - Windspeed","mc.svm_UNDERTPhi",5,0.526658149406174,0.550103779004314,0.538125709291066
"DS07","Bike Sharing Hourly - Windspeed","mc.svm_UNDERTPhi",6,0.529102715043108,0.548752975793033,0.538748724617938
"DS07","Bike Sharing Hourly - Windspeed","mc.svm_UNDERTPhi",7,0.528959125356573,0.551675536048234,0.540078565774189
"DS07","Bike Sharing Hourly - Windspeed","mc.svm_UNDERTPhi",8,0.532290088015806,0.549723542102721,0.540866370746484
"DS07","Bike Sharing Hourly - Windspeed","mc.svm_UNDERTPhi",9,0.524897693565756,0.550591802059988,0.537437823749923
"DS07","Bike Sharing Hourly - Windspeed","mc.svm_UNDERTPhi",10,0.520557476368367,0.549481244620705,0.534628447365177
"DS07","Bike Sharing Hourly - Windspeed","mc.svm_UNDERTPhi",11,0.543023498972991,0.555413294123074,0.549148521328618
"DS07","Bike Sharing Hourly - Windspeed","mc.svm_UNDERTPhi",12,0.538685162705787,0.555748886850684,0.547084001375953
"DS07","Bike Sharing Hourly - Windspeed","mc.svm_UNDERTPhi",13,0.535885806111595,0.557658091737127,0.546555207546949
"DS07","Bike Sharing Hourly - Windspeed","mc.svm_UNDERTPhi",14,0.537584103381863,0.560697271642181,0.548897480917074
"DS07","Bike Sharing Hourly - Windspeed","mc.svm_UNDERTPhi",15,0.550471145650468,0.561878181066491,0.55611617433266
"DS07","Bike Sharing Hourly - Windspeed","mc.svm_UNDERTPhi",16,0.548356527078894,0.559300051681761,0.553774228973415
"DS07","Bike Sharing Hourly - Windspeed","mc.svm_UNDERTPhi",17,0.553010660901495,0.55974056296364,0.556355260761167
"DS07","Bike Sharing Hourly - Windspeed","mc.svm_UNDERTPhi",18,0.55783279371263,0.561382894540566,0.559602213748101
"DS07","Bike Sharing Hourly - Windspeed","mc.svm_UNDERTPhi",19,0.552182873014836,0.557113880878704,0.554637417373298
"DS07","Bike Sharing Hourly - Windspeed","mc.svm_UNDERTPhi",20,0.554739121419102,0.558481988931253,0.556604263048176
"DS07","Bike Sharing Hourly - Windspeed","mc.svm_UNDERTPhi",21,0.555200986605947,0.557239939389656,0.556218594436354
"DS07","Bike Sharing Hourly - Windspeed","mc.svm_UNDERTPhi",22,0.548148309779523,0.55723540159001,0.552654504294149
"DS07","Bike Sharing Hourly - Windspeed","mc.svm_UNDERTPhi",23,0.545215571570168,0.564660692097423,0.554767791803696
"DS07","Bike Sharing Hourly - Windspeed","mc.svm_UNDERTPhi",24,0.545644713737377,0.567219079978754,0.556222772757998
"DS07","Bike Sharing Hourly - Windspeed","mc.svm_UNDERTPhi",25,0.559553697043985,0.563083646706019,0.561313122200084
"DS07","Bike Sharing Hourly - Windspeed","mc.svm_UNDERTPhi",26,0.544931744583548,0.570632940483867,0.55748628105043
"DS07","Bike Sharing Hourly - Windspeed","mc.svm_UNDERTPhi",27,0.5365332019541,0.562320444183546,0.549124243255698
"DS07","Bike Sharing Hourly - Windspeed","mc.svm_UNDERTPhi",28,0.547133295479698,0.565468633916874,0.556149884322312
"DS07","Bike Sharing Hourly - Windspeed","mc.svm_UNDERTPhi",29,0.543772979152115,0.568908311104879,0.556056743117244
"DS07","Bike Sharing Hourly - Windspeed","mc.svm_UNDERTPhi",30,0.539462689453151,0.562109207318842,0.550553160688278
"DS07","Bike Sharing Hourly - Windspeed","mc.svm_UNDERTPhi",31,0.542342853656688,0.563219062928678,0.552583856661816
"DS07","Bike Sharing Hourly - Windspeed","mc.svm_UNDERTPhi",32,0.544810204622952,0.56403719698207,0.554257006433817
"DS07","Bike Sharing Hourly - Windspeed","mc.svm_UNDERTPhi",33,0.543157192474078,0.566465473940486,0.55456653107708
"DS07","Bike Sharing Hourly - Windspeed","mc.svm_UNDERTPhi",34,0.538150466817214,0.570600610074716,0.5539006745115
"DS07","Bike Sharing Hourly - Windspeed","mc.svm_UNDERTPhi",35,0.544449505989222,0.56814316728251,0.556044047725932
"DS07","Bike Sharing Hourly - Windspeed","mc.svm_UNDERTPhi",36,0.558819322405979,0.571623309122877,0.565148803426661
"DS07","Bike Sharing Hourly - Windspeed","mc.svm_UNDERTPhi",37,0.543380297095623,0.565885521463496,0.554404611825796
"DS07","Bike Sharing Hourly - Windspeed","mc.svm_UNDERTPhi",38,0.551772164219257,0.569483453469386,0.560487925591139
"DS07","Bike Sharing Hourly - Windspeed","mc.svm_UNDERTPhi",39,0.546282744665926,0.57084272261618,0.558292758363171
"DS07","Bike Sharing Hourly - Windspeed","mc.svm_UNDERTPhi",40,0.545734718068355,0.572254421124459,0.558680034049715
"DS07","Bike Sharing Hourly - Windspeed","mc.svm_UNDERTPhi",41,0.547859311066693,0.571556491847863,0.559457075814334
"DS07","Bike Sharing Hourly - Windspeed","mc.svm_UNDERTPhi",42,0.552617358105328,0.577939651143884,0.564994919400914
"DS07","Bike Sharing Hourly - Windspeed","mc.svm_UNDERTPhi",43,0.549826490975422,0.574153545215113,0.561726754714725
"DS07","Bike Sharing Hourly - Windspeed","mc.svm_UNDERTPhi",44,0.556391176495968,0.573984043785804,0.565050704724912
"DS07","Bike Sharing Hourly - Windspeed","mc.svm_UNDERTPhi",45,0.562793677297181,0.574114482280928,0.56839771612221
"DS07","Bike Sharing Hourly - Windspeed","mc.svm_UNDERTPhi",46,0.557591106153145,0.57534156846396,0.566327282747188
"DS07","Bike Sharing Hourly - Windspeed","mc.svm_UNDERTPhi",47,0.558282930960333,0.572719259541495,0.565408961219409
"DS07","Bike Sharing Hourly - Windspeed","mc.svm_UNDERTPhi",48,0.557228999608885,0.576172356536501,0.566542371057379
"DS07","Bike Sharing Hourly - Windspeed","mc.svm_UNDERTPhi",49,0.552077284873953,0.573704383112426,0.562683097719133
"DS07","Bike Sharing Hourly - Windspeed","mc.svm_UNDERTPhi",50,0.567685275883241,0.56707839605456,0.567381673687037
"DS07","Bike Sharing Hourly - Windspeed","mc.svm_OVERB",1,0.489161153123058,0.564291884716855,0.524047411913254
"DS07","Bike Sharing Hourly - Windspeed","mc.svm_OVERB",2,0.495385802248497,0.558472297380063,0.525040794711725
"DS07","Bike Sharing Hourly - Windspeed","mc.svm_OVERB",3,0.484475314092096,0.561220467247804,0.520031670772158
"DS07","Bike Sharing Hourly - Windspeed","mc.svm_OVERB",4,0.492646351636164,0.559328410582876,0.523873976327834
"DS07","Bike Sharing Hourly - Windspeed","mc.svm_OVERB",5,0.491867548373919,0.562770362673788,0.524935573975087
"DS07","Bike Sharing Hourly - Windspeed","mc.svm_OVERB",6,0.498570617207884,0.5648131846001,0.529628639395188
"DS07","Bike Sharing Hourly - Windspeed","mc.svm_OVERB",7,0.492525972103459,0.560353786664108,0.52425510358685
"DS07","Bike Sharing Hourly - Windspeed","mc.svm_OVERB",8,0.492253087063502,0.558786028104616,0.523413721474014
"DS07","Bike Sharing Hourly - Windspeed","mc.svm_OVERB",9,0.497015188992602,0.562941115105248,0.527927960113179
"DS07","Bike Sharing Hourly - Windspeed","mc.svm_OVERB",10,0.493578590845794,0.561925021383238,0.525539007165707
"DS07","Bike Sharing Hourly - Windspeed","mc.svm_OVERB",11,0.506452067256119,0.570005707489051,0.536352796511607
"DS07","Bike Sharing Hourly - Windspeed","mc.svm_OVERB",12,0.502621433927442,0.57030404215045,0.534327950694435
"DS07","Bike Sharing Hourly - Windspeed","mc.svm_OVERB",13,0.506099190182917,0.571442443321497,0.536789575100854
"DS07","Bike Sharing Hourly - Windspeed","mc.svm_OVERB",14,0.514299598109534,0.577101342870406,0.543893591369328
"DS07","Bike Sharing Hourly - Windspeed","mc.svm_OVERB",15,0.505201357239539,0.574363596754502,0.53756704041906
"DS07","Bike Sharing Hourly - Windspeed","mc.svm_OVERB",16,0.503122881075595,0.570124194393128,0.534532138610673
"DS07","Bike Sharing Hourly - Windspeed","mc.svm_OVERB",17,0.50240107187323,0.575214277661738,0.536347723292458
"DS07","Bike Sharing Hourly - Windspeed","mc.svm_OVERB",18,0.504618841131793,0.57732165420412,0.538527553706775
"DS07","Bike Sharing Hourly - Windspeed","mc.svm_OVERB",19,0.497409685319857,0.570704284599411,0.531542226031822
"DS07","Bike Sharing Hourly - Windspeed","mc.svm_OVERB",20,0.522733301161928,0.574517387567053,0.547403384956144
"DS07","Bike Sharing Hourly - Windspeed","mc.svm_OVERB",21,0.518935016791577,0.57112410242133,0.543780223395755
"DS07","Bike Sharing Hourly - Windspeed","mc.svm_OVERB",22,0.508565933241324,0.565627204446225,0.53558101798179
"DS07","Bike Sharing Hourly - Windspeed","mc.svm_OVERB",23,0.513711342478512,0.576099030154508,0.543119451994605
"DS07","Bike Sharing Hourly - Windspeed","mc.svm_OVERB",24,0.517777267217027,0.574565155954249,0.544695088238772
"DS07","Bike Sharing Hourly - Windspeed","mc.svm_OVERB",25,0.523080257142788,0.578719311292036,0.549494944156065
"DS07","Bike Sharing Hourly - Windspeed","mc.svm_OVERB",26,0.528819884494186,0.580948177657914,0.553659739694437
"DS07","Bike Sharing Hourly - Windspeed","mc.svm_OVERB",27,0.515097807520903,0.581100349908536,0.546112058588793
"DS07","Bike Sharing Hourly - Windspeed","mc.svm_OVERB",28,0.504646860503609,0.580488388889149,0.539917292661237
"DS07","Bike Sharing Hourly - Windspeed","mc.svm_OVERB",29,0.509780890048815,0.577691269584492,0.541615648682934
"DS07","Bike Sharing Hourly - Windspeed","mc.svm_OVERB",30,0.517016197860543,0.577044329352555,0.545383473287004
"DS07","Bike Sharing Hourly - Windspeed","mc.svm_OVERB",31,0.520550754767443,0.580333401026982,0.548818853157815
"DS07","Bike Sharing Hourly - Windspeed","mc.svm_OVERB",32,0.512587676799147,0.579508291349796,0.543997629168653
"DS07","Bike Sharing Hourly - Windspeed","mc.svm_OVERB",33,0.523829734151417,0.581632090732318,0.55121972845021
"DS07","Bike Sharing Hourly - Windspeed","mc.svm_OVERB",34,0.52077810797256,0.579617813834979,0.548624840303554
"DS07","Bike Sharing Hourly - Windspeed","mc.svm_OVERB",35,0.517480095320017,0.584214292081809,0.548826010209208
"DS07","Bike Sharing Hourly - Windspeed","mc.svm_OVERB",36,0.518727466648632,0.583579094910644,0.549245583848992
"DS07","Bike Sharing Hourly - Windspeed","mc.svm_OVERB",37,0.51832577833089,0.585630151993546,0.549926307759195
"DS07","Bike Sharing Hourly - Windspeed","mc.svm_OVERB",38,0.511274311450341,0.583513798979889,0.545010697417924
"DS07","Bike Sharing Hourly - Windspeed","mc.svm_OVERB",39,0.517470955411232,0.583246215762337,0.548393328303824
"DS07","Bike Sharing Hourly - Windspeed","mc.svm_OVERB",40,0.523624587974095,0.584787652678655,0.552518607167078
"DS07","Bike Sharing Hourly - Windspeed","mc.svm_OVERB",41,0.52343213477919,0.589822829132058,0.554647825704566
"DS07","Bike Sharing Hourly - Windspeed","mc.svm_OVERB",42,0.533020703081072,0.590247809145925,0.560176482823805
"DS07","Bike Sharing Hourly - Windspeed","mc.svm_OVERB",43,0.525903038715356,0.588005178626085,0.555222962548692
"DS07","Bike Sharing Hourly - Windspeed","mc.svm_OVERB",44,0.530415073013516,0.590478869722633,0.558837693479433
"DS07","Bike Sharing Hourly - Windspeed","mc.svm_OVERB",45,0.532732559534279,0.592392270808666,0.560980687947366
"DS07","Bike Sharing Hourly - Windspeed","mc.svm_OVERB",46,0.523222268943169,0.592804618802392,0.555844274175753
"DS07","Bike Sharing Hourly - Windspeed","mc.svm_OVERB",47,0.523093859964921,0.596457946737912,0.557372133737625
"DS07","Bike Sharing Hourly - Windspeed","mc.svm_OVERB",48,0.531069261770968,0.594167909479985,0.560849430000143
"DS07","Bike Sharing Hourly - Windspeed","mc.svm_OVERB",49,0.523150425892271,0.590095773468966,0.554610211801578
"DS07","Bike Sharing Hourly - Windspeed","mc.svm_OVERB",50,0.523843941460618,0.58263455477148,0.551677384860126
"DS07","Bike Sharing Hourly - Windspeed","mc.svm_OVERT",1,0.470181072274886,0.55814985968246,0.510402811701986
"DS07","Bike Sharing Hourly - Windspeed","mc.svm_OVERT",2,0.488427134846071,0.556168762792153,0.520101440022188
"DS07","Bike Sharing Hourly - Windspeed","mc.svm_OVERT",3,0.487362109692671,0.560148308703372,0.521226436847223
"DS07","Bike Sharing Hourly - Windspeed","mc.svm_OVERT",4,0.47962437713384,0.557139441688981,0.51548414951475
"DS07","Bike Sharing Hourly - Windspeed","mc.svm_OVERT",5,0.47793132236533,0.559748924107119,0.515614601705129
"DS07","Bike Sharing Hourly - Windspeed","mc.svm_OVERT",6,0.478468389095374,0.558416102989252,0.515360110565483
"DS07","Bike Sharing Hourly - Windspeed","mc.svm_OVERT",7,0.481257715779665,0.564468379014876,0.519552422124309
"DS07","Bike Sharing Hourly - Windspeed","mc.svm_OVERT",8,0.480504398830267,0.561760434930738,0.517965014897392
"DS07","Bike Sharing Hourly - Windspeed","mc.svm_OVERT",9,0.484183689852418,0.557995300160224,0.518475666734766
"DS07","Bike Sharing Hourly - Windspeed","mc.svm_OVERT",10,0.482366982957344,0.554306209969646,0.515840509741837
"DS07","Bike Sharing Hourly - Windspeed","mc.svm_OVERT",11,0.492213962722446,0.560029380956099,0.523936373648586
"DS07","Bike Sharing Hourly - Windspeed","mc.svm_OVERT",12,0.504127615733291,0.558364704909084,0.529861838860641
"DS07","Bike Sharing Hourly - Windspeed","mc.svm_OVERT",13,0.491896464283352,0.565706293565309,0.526225794255039
"DS07","Bike Sharing Hourly - Windspeed","mc.svm_OVERT",14,0.489843265511452,0.564199441727017,0.52439867006788
"DS07","Bike Sharing Hourly - Windspeed","mc.svm_OVERT",15,0.4951996116411,0.563103163709182,0.526972950421238
"DS07","Bike Sharing Hourly - Windspeed","mc.svm_OVERT",16,0.496378301709749,0.561420832417532,0.52689988174325
"DS07","Bike Sharing Hourly - Windspeed","mc.svm_OVERT",17,0.511595753183039,0.569418090466407,0.53896049265152
"DS07","Bike Sharing Hourly - Windspeed","mc.svm_OVERT",18,0.512511744508303,0.5708641171692,0.540116454347719
"DS07","Bike Sharing Hourly - Windspeed","mc.svm_OVERT",19,0.496361235415102,0.566879121146979,0.529281679663393
"DS07","Bike Sharing Hourly - Windspeed","mc.svm_OVERT",20,0.514087291242768,0.568817081991636,0.540069169764814
"DS07","Bike Sharing Hourly - Windspeed","mc.svm_OVERT",21,0.520908980284088,0.570186884385563,0.544435146597447
"DS07","Bike Sharing Hourly - Windspeed","mc.svm_OVERT",22,0.518063395292555,0.561623062998027,0.538964527446274
"DS07","Bike Sharing Hourly - Windspeed","mc.svm_OVERT",23,0.519327130644519,0.574868955300541,0.545688380515432
"DS07","Bike Sharing Hourly - Windspeed","mc.svm_OVERT",24,0.515070190201966,0.577052103759233,0.54430229743167
"DS07","Bike Sharing Hourly - Windspeed","mc.svm_OVERT",25,0.510053872406276,0.573909040352641,0.540100634431833
"DS07","Bike Sharing Hourly - Windspeed","mc.svm_OVERT",26,0.512354666409347,0.581082989127307,0.544558859013041
"DS07","Bike Sharing Hourly - Windspeed","mc.svm_OVERT",27,0.509533723108246,0.575968489253958,0.54071814019422
"DS07","Bike Sharing Hourly - Windspeed","mc.svm_OVERT",28,0.514494829220548,0.573382565898728,0.54234487570681
"DS07","Bike Sharing Hourly - Windspeed","mc.svm_OVERT",29,0.509824893182781,0.575126675722668,0.540510571015968
"DS07","Bike Sharing Hourly - Windspeed","mc.svm_OVERT",30,0.514468427229283,0.570950619256797,0.541239935056541
"DS07","Bike Sharing Hourly - Windspeed","mc.svm_OVERT",31,0.522001244810284,0.574703770194216,0.547086188782156
"DS07","Bike Sharing Hourly - Windspeed","mc.svm_OVERT",32,0.525108782157763,0.573854039955072,0.548400346206036
"DS07","Bike Sharing Hourly - Windspeed","mc.svm_OVERT",33,0.507574948092447,0.580953421690762,0.541790937277171
"DS07","Bike Sharing Hourly - Windspeed","mc.svm_OVERT",34,0.522064492511797,0.579401156369808,0.549240497818676
"DS07","Bike Sharing Hourly - Windspeed","mc.svm_OVERT",35,0.506694864788981,0.575690442161531,0.538993626166587
"DS07","Bike Sharing Hourly - Windspeed","mc.svm_OVERT",36,0.528532274858363,0.579848452108516,0.553002436815509
"DS07","Bike Sharing Hourly - Windspeed","mc.svm_OVERT",37,0.52096069797313,0.581088379160374,0.549384258601019
"DS07","Bike Sharing Hourly - Windspeed","mc.svm_OVERT",38,0.525127377239418,0.580676217600912,0.551506579643742
"DS07","Bike Sharing Hourly - Windspeed","mc.svm_OVERT",39,0.520881981984507,0.574996353050546,0.546603086192504
"DS07","Bike Sharing Hourly - Windspeed","mc.svm_OVERT",40,0.519986516367095,0.582673123525035,0.549547941579065
"DS07","Bike Sharing Hourly - Windspeed","mc.svm_OVERT",41,0.52464315239286,0.583768439888559,0.552628855027051
"DS07","Bike Sharing Hourly - Windspeed","mc.svm_OVERT",42,0.527183342284685,0.587018742887126,0.555494388275659
"DS07","Bike Sharing Hourly - Windspeed","mc.svm_OVERT",43,0.508206696309953,0.584069589746135,0.543503654541029
"DS07","Bike Sharing Hourly - Windspeed","mc.svm_OVERT",44,0.518729454070765,0.583816201254623,0.549351689685997
"DS07","Bike Sharing Hourly - Windspeed","mc.svm_OVERT",45,0.513752338556584,0.585789475338003,0.547411128987925
"DS07","Bike Sharing Hourly - Windspeed","mc.svm_OVERT",46,0.526785261960771,0.58932956913872,0.556305001617339
"DS07","Bike Sharing Hourly - Windspeed","mc.svm_OVERT",47,0.517111173759061,0.583205851990605,0.548173400226251
"DS07","Bike Sharing Hourly - Windspeed","mc.svm_OVERT",48,0.510640551157882,0.582023870379064,0.544000489261578
"DS07","Bike Sharing Hourly - Windspeed","mc.svm_OVERT",49,0.51589480904244,0.581325614308807,0.546659286325214
"DS07","Bike Sharing Hourly - Windspeed","mc.svm_OVERT",50,0.524639758015661,0.577871864410849,0.54997071947652
"DS07","Bike Sharing Hourly - Windspeed","mc.svm_OVERTPhi",1,0.472689684123427,0.558204605219646,0.511900320421131
"DS07","Bike Sharing Hourly - Windspeed","mc.svm_OVERTPhi",2,0.48856164363545,0.55672419113799,0.520420495190095
"DS07","Bike Sharing Hourly - Windspeed","mc.svm_OVERTPhi",3,0.493232806292386,0.561806020556467,0.525290924010178
"DS07","Bike Sharing Hourly - Windspeed","mc.svm_OVERTPhi",4,0.474701152194781,0.555783973226601,0.512052597273883
"DS07","Bike Sharing Hourly - Windspeed","mc.svm_OVERTPhi",5,0.479867913188959,0.55950797025557,0.516636813256327
"DS07","Bike Sharing Hourly - Windspeed","mc.svm_OVERTPhi",6,0.485904222533168,0.564553936704291,0.522284755999172
"DS07","Bike Sharing Hourly - Windspeed","mc.svm_OVERTPhi",7,0.485707546040515,0.565659599011534,0.522643563712565
"DS07","Bike Sharing Hourly - Windspeed","mc.svm_OVERTPhi",8,0.487032086837176,0.561437368856191,0.52159461946667
"DS07","Bike Sharing Hourly - Windspeed","mc.svm_OVERTPhi",9,0.479433613186904,0.554795306607878,0.514368750158195
"DS07","Bike Sharing Hourly - Windspeed","mc.svm_OVERTPhi",10,0.484625852003396,0.557879104297735,0.518678850591644
"DS07","Bike Sharing Hourly - Windspeed","mc.svm_OVERTPhi",11,0.491255647141007,0.561054278442013,0.523840127203128
"DS07","Bike Sharing Hourly - Windspeed","mc.svm_OVERTPhi",12,0.492318188698912,0.561186158930021,0.524501211426686
"DS07","Bike Sharing Hourly - Windspeed","mc.svm_OVERTPhi",13,0.499013824042294,0.565600440954782,0.530224792585564
"DS07","Bike Sharing Hourly - Windspeed","mc.svm_OVERTPhi",14,0.49049533416871,0.565093856489096,0.525158655333668
"DS07","Bike Sharing Hourly - Windspeed","mc.svm_OVERTPhi",15,0.49303731700714,0.562524144582356,0.525493597651787
"DS07","Bike Sharing Hourly - Windspeed","mc.svm_OVERTPhi",16,0.499994343418235,0.56634554829124,0.531105649835088
"DS07","Bike Sharing Hourly - Windspeed","mc.svm_OVERTPhi",17,0.517963690475602,0.571638134452495,0.543478894700165
"DS07","Bike Sharing Hourly - Windspeed","mc.svm_OVERTPhi",18,0.500762499292803,0.570643003667556,0.533423836131053
"DS07","Bike Sharing Hourly - Windspeed","mc.svm_OVERTPhi",19,0.49856439636444,0.568985828873113,0.531452421826655
"DS07","Bike Sharing Hourly - Windspeed","mc.svm_OVERTPhi",20,0.513071378282251,0.571725046819424,0.540812545068321
"DS07","Bike Sharing Hourly - Windspeed","mc.svm_OVERTPhi",21,0.52186995260811,0.570765648474389,0.545223753691651
"DS07","Bike Sharing Hourly - Windspeed","mc.svm_OVERTPhi",22,0.514797017583875,0.565675973689293,0.539038562788986
"DS07","Bike Sharing Hourly - Windspeed","mc.svm_OVERTPhi",23,0.512642490479982,0.575279326279954,0.542157758034699
"DS07","Bike Sharing Hourly - Windspeed","mc.svm_OVERTPhi",24,0.519941384544133,0.573995519007053,0.545632977378921
"DS07","Bike Sharing Hourly - Windspeed","mc.svm_OVERTPhi",25,0.509849312236604,0.577028143371482,0.541362598922465
"DS07","Bike Sharing Hourly - Windspeed","mc.svm_OVERTPhi",26,0.511977780936996,0.578753950100675,0.543321798842635
"DS07","Bike Sharing Hourly - Windspeed","mc.svm_OVERTPhi",27,0.512213749252804,0.57788485701166,0.543071181901046
"DS07","Bike Sharing Hourly - Windspeed","mc.svm_OVERTPhi",28,0.515292336199154,0.577405971201642,0.544583751655254
"DS07","Bike Sharing Hourly - Windspeed","mc.svm_OVERTPhi",29,0.509410218966525,0.571372960424191,0.538615386381797
"DS07","Bike Sharing Hourly - Windspeed","mc.svm_OVERTPhi",30,0.515182279673767,0.571049501251838,0.54167920517074
"DS07","Bike Sharing Hourly - Windspeed","mc.svm_OVERTPhi",31,0.522472570041847,0.575885314041577,0.547880220894933
"DS07","Bike Sharing Hourly - Windspeed","mc.svm_OVERTPhi",32,0.512785841408084,0.575614728521719,0.542386858380518
"DS07","Bike Sharing Hourly - Windspeed","mc.svm_OVERTPhi",33,0.516231229524064,0.579225219687759,0.545916996601549
"DS07","Bike Sharing Hourly - Windspeed","mc.svm_OVERTPhi",34,0.518531060819647,0.578728410345599,0.546978475791672
"DS07","Bike Sharing Hourly - Windspeed","mc.svm_OVERTPhi",35,0.506030575467498,0.574997405009627,0.538314036276689
"DS07","Bike Sharing Hourly - Windspeed","mc.svm_OVERTPhi",36,0.523190006258765,0.584097870183497,0.551968778596069
"DS07","Bike Sharing Hourly - Windspeed","mc.svm_OVERTPhi",37,0.523641860009855,0.577169655030315,0.549104342699925
"DS07","Bike Sharing Hourly - Windspeed","mc.svm_OVERTPhi",38,0.517373929824476,0.582709819783439,0.548101668652266
"DS07","Bike Sharing Hourly - Windspeed","mc.svm_OVERTPhi",39,0.510196542071863,0.576721292625296,0.541423095368793
"DS07","Bike Sharing Hourly - Windspeed","mc.svm_OVERTPhi",40,0.517475692540038,0.582684957513027,0.548147767159591
"DS07","Bike Sharing Hourly - Windspeed","mc.svm_OVERTPhi",41,0.519400012741496,0.584410431962639,0.549990783769073
"DS07","Bike Sharing Hourly - Windspeed","mc.svm_OVERTPhi",42,0.526176073264639,0.587176269102242,0.555005081201128
"DS07","Bike Sharing Hourly - Windspeed","mc.svm_OVERTPhi",43,0.518782683829692,0.586433099751675,0.550537445981637
"DS07","Bike Sharing Hourly - Windspeed","mc.svm_OVERTPhi",44,0.520761796156539,0.582848177782782,0.550058573438402
"DS07","Bike Sharing Hourly - Windspeed","mc.svm_OVERTPhi",45,0.509015385343758,0.58447269889944,0.544140535850664
"DS07","Bike Sharing Hourly - Windspeed","mc.svm_OVERTPhi",46,0.511502264023002,0.582996075384674,0.544914143290831
"DS07","Bike Sharing Hourly - Windspeed","mc.svm_OVERTPhi",47,0.517676562245648,0.585151918970284,0.549350037586977
"DS07","Bike Sharing Hourly - Windspeed","mc.svm_OVERTPhi",48,0.5160314807507,0.582750057576438,0.547365176114186
"DS07","Bike Sharing Hourly - Windspeed","mc.svm_OVERTPhi",49,0.514693516935112,0.58154715869742,0.546081821313353
"DS07","Bike Sharing Hourly - Windspeed","mc.svm_OVERTPhi",50,0.519506866599658,0.58161779705761,0.548810592080321
"DS07","Bike Sharing Hourly - Windspeed","mc.svm_SMOTEB",1,0.499733998656641,0.56071495607832,0.528471126981561
"DS07","Bike Sharing Hourly - Windspeed","mc.svm_SMOTEB",2,0.489612023846843,0.557666744030126,0.521428203362078
"DS07","Bike Sharing Hourly - Windspeed","mc.svm_SMOTEB",3,0.49012848948896,0.561734480886226,0.523494181970161
"DS07","Bike Sharing Hourly - Windspeed","mc.svm_SMOTEB",4,0.496157524808696,0.560114727731889,0.526199824433375
"DS07","Bike Sharing Hourly - Windspeed","mc.svm_SMOTEB",5,0.498675675797827,0.565007186536538,0.529773206947031
"DS07","Bike Sharing Hourly - Windspeed","mc.svm_SMOTEB",6,0.502398440520895,0.56341824551057,0.53116159957956
"DS07","Bike Sharing Hourly - Windspeed","mc.svm_SMOTEB",7,0.499897679685857,0.564020263419233,0.530026629978982
"DS07","Bike Sharing Hourly - Windspeed","mc.svm_SMOTEB",8,0.500367453807922,0.561148618856967,0.52901790722849
"DS07","Bike Sharing Hourly - Windspeed","mc.svm_SMOTEB",9,0.498795624468955,0.560916490285465,0.52803527892424
"DS07","Bike Sharing Hourly - Windspeed","mc.svm_SMOTEB",10,0.504684681713778,0.56282554907549,0.53217182356282
"DS07","Bike Sharing Hourly - Windspeed","mc.svm_SMOTEB",11,0.515292270167279,0.568824384252159,0.540736657984034
"DS07","Bike Sharing Hourly - Windspeed","mc.svm_SMOTEB",12,0.504698104177567,0.567687113598392,0.534342706799603
"DS07","Bike Sharing Hourly - Windspeed","mc.svm_SMOTEB",13,0.517241245782927,0.57059067102231,0.542607777823706
"DS07","Bike Sharing Hourly - Windspeed","mc.svm_SMOTEB",14,0.519825389815617,0.573967250361881,0.545556330699656
"DS07","Bike Sharing Hourly - Windspeed","mc.svm_SMOTEB",15,0.521073968588708,0.570270096454282,0.54456318927284
"DS07","Bike Sharing Hourly - Windspeed","mc.svm_SMOTEB",16,0.52595026871508,0.572185308503647,0.548094466667794
"DS07","Bike Sharing Hourly - Windspeed","mc.svm_SMOTEB",17,0.51677614407618,0.574435164892916,0.544082318603487
"DS07","Bike Sharing Hourly - Windspeed","mc.svm_SMOTEB",18,0.519479817195599,0.574949635802404,0.54580901653394
"DS07","Bike Sharing Hourly - Windspeed","mc.svm_SMOTEB",19,0.520248284427233,0.576980323406294,0.547147643175445
"DS07","Bike Sharing Hourly - Windspeed","mc.svm_SMOTEB",20,0.524683885345808,0.574564086404044,0.548492287422187
"DS07","Bike Sharing Hourly - Windspeed","mc.svm_SMOTEB",21,0.532504406092473,0.577325067139857,0.554009691424459
"DS07","Bike Sharing Hourly - Windspeed","mc.svm_SMOTEB",22,0.527441664099816,0.573679082937748,0.549589590384168
"DS07","Bike Sharing Hourly - Windspeed","mc.svm_SMOTEB",23,0.525339531105288,0.57841480266066,0.550601074747025
"DS07","Bike Sharing Hourly - Windspeed","mc.svm_SMOTEB",24,0.523753275216558,0.581126497539444,0.550950273335534
"DS07","Bike Sharing Hourly - Windspeed","mc.svm_SMOTEB",25,0.521189187637255,0.584407549125777,0.550990945703608
"DS07","Bike Sharing Hourly - Windspeed","mc.svm_SMOTEB",26,0.525929875310694,0.588467806019321,0.555444084332129
"DS07","Bike Sharing Hourly - Windspeed","mc.svm_SMOTEB",27,0.51871128182138,0.582859027154602,0.54891739661643
"DS07","Bike Sharing Hourly - Windspeed","mc.svm_SMOTEB",28,0.525535626256607,0.582079535275871,0.552364293531549
"DS07","Bike Sharing Hourly - Windspeed","mc.svm_SMOTEB",29,0.521527915000962,0.582038789769231,0.550124383357943
"DS07","Bike Sharing Hourly - Windspeed","mc.svm_SMOTEB",30,0.518757954328576,0.583272509653227,0.549126841431488
"DS07","Bike Sharing Hourly - Windspeed","mc.svm_SMOTEB",31,0.517828996975598,0.582380896732619,0.548211241032124
"DS07","Bike Sharing Hourly - Windspeed","mc.svm_SMOTEB",32,0.517776192448071,0.583355712383559,0.548613110337542
"DS07","Bike Sharing Hourly - Windspeed","mc.svm_SMOTEB",33,0.516738007281998,0.581738602799258,0.547315151930756
"DS07","Bike Sharing Hourly - Windspeed","mc.svm_SMOTEB",34,0.528403337964263,0.582578014763548,0.554169819087993
"DS07","Bike Sharing Hourly - Windspeed","mc.svm_SMOTEB",35,0.527298451350797,0.586995394065348,0.55554782701885
"DS07","Bike Sharing Hourly - Windspeed","mc.svm_SMOTEB",36,0.526348694287895,0.584097978725065,0.553721697601139
"DS07","Bike Sharing Hourly - Windspeed","mc.svm_SMOTEB",37,0.519578101055029,0.587433882933013,0.551426336488538
"DS07","Bike Sharing Hourly - Windspeed","mc.svm_SMOTEB",38,0.522050871108723,0.583918766487042,0.551254375054931
"DS07","Bike Sharing Hourly - Windspeed","mc.svm_SMOTEB",39,0.525614566458866,0.58642700503652,0.554358009471808
"DS07","Bike Sharing Hourly - Windspeed","mc.svm_SMOTEB",40,0.519212517559257,0.592544231783618,0.553459886852829
"DS07","Bike Sharing Hourly - Windspeed","mc.svm_SMOTEB",41,0.521814867325026,0.589665023290498,0.553668993011005
"DS07","Bike Sharing Hourly - Windspeed","mc.svm_SMOTEB",42,0.53757437758899,0.591575108369293,0.563283470671502
"DS07","Bike Sharing Hourly - Windspeed","mc.svm_SMOTEB",43,0.527352048750376,0.589839014452452,0.55684801454222
"DS07","Bike Sharing Hourly - Windspeed","mc.svm_SMOTEB",44,0.535284354687917,0.594355079528133,0.563275263883634
"DS07","Bike Sharing Hourly - Windspeed","mc.svm_SMOTEB",45,0.531067337726187,0.587032498620664,0.557649283305175
"DS07","Bike Sharing Hourly - Windspeed","mc.svm_SMOTEB",46,0.531726219659386,0.593991291616726,0.561136769817005
"DS07","Bike Sharing Hourly - Windspeed","mc.svm_SMOTEB",47,0.533315904877364,0.593212677951572,0.561671955685314
"DS07","Bike Sharing Hourly - Windspeed","mc.svm_SMOTEB",48,0.532080222739388,0.590361608820723,0.559707821796895
"DS07","Bike Sharing Hourly - Windspeed","mc.svm_SMOTEB",49,0.526791937198604,0.588110452196457,0.555764966236049
"DS07","Bike Sharing Hourly - Windspeed","mc.svm_SMOTEB",50,0.543322816417097,0.586720433751372,0.564188314859156
"DS07","Bike Sharing Hourly - Windspeed","mc.svm_SMOTET",1,0.485570309590478,0.563311441250328,0.521559862595597
"DS07","Bike Sharing Hourly - Windspeed","mc.svm_SMOTET",2,0.484887331321651,0.560050771454441,0.51976576077323
"DS07","Bike Sharing Hourly - Windspeed","mc.svm_SMOTET",3,0.489529366068583,0.566208947638729,0.525084490353714
"DS07","Bike Sharing Hourly - Windspeed","mc.svm_SMOTET",4,0.490028621230002,0.564568782539572,0.524664409581299
"DS07","Bike Sharing Hourly - Windspeed","mc.svm_SMOTET",5,0.496469153386503,0.566726135355793,0.529276319414342
"DS07","Bike Sharing Hourly - Windspeed","mc.svm_SMOTET",6,0.483850720603367,0.56842613265298,0.522739606108066
"DS07","Bike Sharing Hourly - Windspeed","mc.svm_SMOTET",7,0.496922176407517,0.563624483109459,0.528175733354108
"DS07","Bike Sharing Hourly - Windspeed","mc.svm_SMOTET",8,0.495621834661808,0.562704464463327,0.527037113752625
"DS07","Bike Sharing Hourly - Windspeed","mc.svm_SMOTET",9,0.486672771776998,0.56743741825022,0.52396105030099
"DS07","Bike Sharing Hourly - Windspeed","mc.svm_SMOTET",10,0.494052074716386,0.565099063482354,0.527192682261663
"DS07","Bike Sharing Hourly - Windspeed","mc.svm_SMOTET",11,0.501777967275523,0.571698925436113,0.534461294223672
"DS07","Bike Sharing Hourly - Windspeed","mc.svm_SMOTET",12,0.506774276237821,0.575366052033592,0.538896309422088
"DS07","Bike Sharing Hourly - Windspeed","mc.svm_SMOTET",13,0.508491815597609,0.574441579685115,0.539458554110955
"DS07","Bike Sharing Hourly - Windspeed","mc.svm_SMOTET",14,0.501780006575559,0.577769840072016,0.53710044987879
"DS07","Bike Sharing Hourly - Windspeed","mc.svm_SMOTET",15,0.499008660297792,0.574420767853876,0.53406573417231
"DS07","Bike Sharing Hourly - Windspeed","mc.svm_SMOTET",16,0.509137846657467,0.575403508313441,0.540246255874154
"DS07","Bike Sharing Hourly - Windspeed","mc.svm_SMOTET",17,0.517546304345085,0.581505032527385,0.547664645764474
"DS07","Bike Sharing Hourly - Windspeed","mc.svm_SMOTET",18,0.516284642751151,0.579633820286491,0.546128293164484
"DS07","Bike Sharing Hourly - Windspeed","mc.svm_SMOTET",19,0.507583196313908,0.579866438553803,0.541322468423298
"DS07","Bike Sharing Hourly - Windspeed","mc.svm_SMOTET",20,0.522295918929415,0.582990136062508,0.550976586497832
"DS07","Bike Sharing Hourly - Windspeed","mc.svm_SMOTET",21,0.522843667293913,0.579528143793912,0.549728534335868
"DS07","Bike Sharing Hourly - Windspeed","mc.svm_SMOTET",22,0.529309294678323,0.580073358382033,0.553529874187018
"DS07","Bike Sharing Hourly - Windspeed","mc.svm_SMOTET",23,0.526021167720997,0.587603929380854,0.555109804717509
"DS07","Bike Sharing Hourly - Windspeed","mc.svm_SMOTET",24,0.509251539704178,0.585334239816032,0.54464870354619
"DS07","Bike Sharing Hourly - Windspeed","mc.svm_SMOTET",25,0.524099905886139,0.586817000155824,0.553688098329177
"DS07","Bike Sharing Hourly - Windspeed","mc.svm_SMOTET",26,0.513656774655784,0.58664731002902,0.547731066937408
"DS07","Bike Sharing Hourly - Windspeed","mc.svm_SMOTET",27,0.523121205597641,0.58046911810374,0.550305123836504
"DS07","Bike Sharing Hourly - Windspeed","mc.svm_SMOTET",28,0.533151125185067,0.584594242166685,0.557688874571368
"DS07","Bike Sharing Hourly - Windspeed","mc.svm_SMOTET",29,0.521563664350033,0.585004514128637,0.551465520126782
"DS07","Bike Sharing Hourly - Windspeed","mc.svm_SMOTET",30,0.526210234149795,0.584725959011543,0.553927013448634
"DS07","Bike Sharing Hourly - Windspeed","mc.svm_SMOTET",31,0.525182390170154,0.585250594870571,0.553591815811124
"DS07","Bike Sharing Hourly - Windspeed","mc.svm_SMOTET",32,0.522106185582879,0.585670395050603,0.552064633454928
"DS07","Bike Sharing Hourly - Windspeed","mc.svm_SMOTET",33,0.514848672738595,0.588811310774453,0.549351659703653
"DS07","Bike Sharing Hourly - Windspeed","mc.svm_SMOTET",34,0.509931142970166,0.588797066593176,0.546533635037301
"DS07","Bike Sharing Hourly - Windspeed","mc.svm_SMOTET",35,0.508398256527603,0.586281634643356,0.544569354549852
"DS07","Bike Sharing Hourly - Windspeed","mc.svm_SMOTET",36,0.518256710471801,0.58403616703272,0.54918374036522
"DS07","Bike Sharing Hourly - Windspeed","mc.svm_SMOTET",37,0.516502917973845,0.586247300816255,0.549169587756883
"DS07","Bike Sharing Hourly - Windspeed","mc.svm_SMOTET",38,0.523938926364648,0.588604806982151,0.554392535555576
"DS07","Bike Sharing Hourly - Windspeed","mc.svm_SMOTET",39,0.522213611035787,0.590071496860217,0.554072629323518
"DS07","Bike Sharing Hourly - Windspeed","mc.svm_SMOTET",40,0.519754917165639,0.591760662257625,0.553425466430593
"DS07","Bike Sharing Hourly - Windspeed","mc.svm_SMOTET",41,0.527511309909292,0.591049110554985,0.557475635335229
"DS07","Bike Sharing Hourly - Windspeed","mc.svm_SMOTET",42,0.524107565997363,0.5967963205837,0.558095070811737
"DS07","Bike Sharing Hourly - Windspeed","mc.svm_SMOTET",43,0.524963921426972,0.592930839618529,0.556881219140914
"DS07","Bike Sharing Hourly - Windspeed","mc.svm_SMOTET",44,0.529192102118885,0.593845851091755,0.559657905372467
"DS07","Bike Sharing Hourly - Windspeed","mc.svm_SMOTET",45,0.526554225402812,0.5908264284892,0.556841844929072
"DS07","Bike Sharing Hourly - Windspeed","mc.svm_SMOTET",46,0.528548616217521,0.596828018354407,0.560616976628556
"DS07","Bike Sharing Hourly - Windspeed","mc.svm_SMOTET",47,0.52856940454276,0.599035197704994,0.56160054175003
"DS07","Bike Sharing Hourly - Windspeed","mc.svm_SMOTET",48,0.52004130122444,0.591020343556978,0.553263610452421
"DS07","Bike Sharing Hourly - Windspeed","mc.svm_SMOTET",49,0.523195469011629,0.59303704628707,0.555931298042159
"DS07","Bike Sharing Hourly - Windspeed","mc.svm_SMOTET",50,0.533131490151204,0.582495629818385,0.556721430615822
"DS07","Bike Sharing Hourly - Windspeed","mc.svm_SMOTETPhi",1,0.475940318799906,0.568463023761712,0.518103421790122
"DS07","Bike Sharing Hourly - Windspeed","mc.svm_SMOTETPhi",2,0.475084410510118,0.56406712202022,0.515765964374
"DS07","Bike Sharing Hourly - Windspeed","mc.svm_SMOTETPhi",3,0.472568347756215,0.572002059064649,0.517552605741568
"DS07","Bike Sharing Hourly - Windspeed","mc.svm_SMOTETPhi",4,0.472837498216731,0.570585455869449,0.517132958242128
"DS07","Bike Sharing Hourly - Windspeed","mc.svm_SMOTETPhi",5,0.492606026430993,0.575382271833197,0.530786292447699
"DS07","Bike Sharing Hourly - Windspeed","mc.svm_SMOTETPhi",6,0.482113358035917,0.574994682160947,0.524473576074181
"DS07","Bike Sharing Hourly - Windspeed","mc.svm_SMOTETPhi",7,0.480192023288605,0.571063345644528,0.521700190980805
"DS07","Bike Sharing Hourly - Windspeed","mc.svm_SMOTETPhi",8,0.48072876434337,0.571520514587976,0.522207724492422
"DS07","Bike Sharing Hourly - Windspeed","mc.svm_SMOTETPhi",9,0.474949961809578,0.571778610588359,0.518885671842027
"DS07","Bike Sharing Hourly - Windspeed","mc.svm_SMOTETPhi",10,0.486495933121122,0.572440630923157,0.525980589118198
"DS07","Bike Sharing Hourly - Windspeed","mc.svm_SMOTETPhi",11,0.481360712741277,0.577673652957964,0.525137635427164
"DS07","Bike Sharing Hourly - Windspeed","mc.svm_SMOTETPhi",12,0.500540105419884,0.581185047833982,0.537856449461724
"DS07","Bike Sharing Hourly - Windspeed","mc.svm_SMOTETPhi",13,0.490311447411385,0.579199846536446,0.531061834882483
"DS07","Bike Sharing Hourly - Windspeed","mc.svm_SMOTETPhi",14,0.493004839208759,0.582299175390933,0.533944461170585
"DS07","Bike Sharing Hourly - Windspeed","mc.svm_SMOTETPhi",15,0.492282530171423,0.58102957748103,0.532987019278857
"DS07","Bike Sharing Hourly - Windspeed","mc.svm_SMOTETPhi",16,0.499141475193101,0.583331656456267,0.537962587739739
"DS07","Bike Sharing Hourly - Windspeed","mc.svm_SMOTETPhi",17,0.500875857692483,0.588828587058384,0.541302781680677
"DS07","Bike Sharing Hourly - Windspeed","mc.svm_SMOTETPhi",18,0.508880620434552,0.589777278351818,0.546350647744687
"DS07","Bike Sharing Hourly - Windspeed","mc.svm_SMOTETPhi",19,0.503676543656347,0.589389608713642,0.543172470102011
"DS07","Bike Sharing Hourly - Windspeed","mc.svm_SMOTETPhi",20,0.512845956424731,0.58838511810249,0.548024725453551
"DS07","Bike Sharing Hourly - Windspeed","mc.svm_SMOTETPhi",21,0.506787520298578,0.588380403300304,0.544544519896022
"DS07","Bike Sharing Hourly - Windspeed","mc.svm_SMOTETPhi",22,0.507056530588663,0.590881931858908,0.545769280525978
"DS07","Bike Sharing Hourly - Windspeed","mc.svm_SMOTETPhi",23,0.511856030205504,0.595128955474917,0.550360390701236
"DS07","Bike Sharing Hourly - Windspeed","mc.svm_SMOTETPhi",24,0.505160263205686,0.594329550704876,0.546129065438371
"DS07","Bike Sharing Hourly - Windspeed","mc.svm_SMOTETPhi",25,0.508431149014485,0.594336890238191,0.548037986683546
"DS07","Bike Sharing Hourly - Windspeed","mc.svm_SMOTETPhi",26,0.505220554293241,0.600357005697904,0.548695469533508
"DS07","Bike Sharing Hourly - Windspeed","mc.svm_SMOTETPhi",27,0.509761234054165,0.590326721060871,0.547093850857899
"DS07","Bike Sharing Hourly - Windspeed","mc.svm_SMOTETPhi",28,0.514475351835421,0.595955152347273,0.552225889917648
"DS07","Bike Sharing Hourly - Windspeed","mc.svm_SMOTETPhi",29,0.511943906815398,0.593539589274777,0.549730461391077
"DS07","Bike Sharing Hourly - Windspeed","mc.svm_SMOTETPhi",30,0.507204541397739,0.595525888198015,0.547828239626404
"DS07","Bike Sharing Hourly - Windspeed","mc.svm_SMOTETPhi",31,0.522314788061478,0.598080082651938,0.557635668958793
"DS07","Bike Sharing Hourly - Windspeed","mc.svm_SMOTETPhi",32,0.517635098459675,0.597053765761801,0.554515245905289
"DS07","Bike Sharing Hourly - Windspeed","mc.svm_SMOTETPhi",33,0.496759485039124,0.592425322407725,0.54039111833234
"DS07","Bike Sharing Hourly - Windspeed","mc.svm_SMOTETPhi",34,0.501305937620285,0.594914158788479,0.54411336035904
"DS07","Bike Sharing Hourly - Windspeed","mc.svm_SMOTETPhi",35,0.496981243576684,0.596325644675239,0.542139930978061
"DS07","Bike Sharing Hourly - Windspeed","mc.svm_SMOTETPhi",36,0.506931635477007,0.594439609636556,0.547209208234416
"DS07","Bike Sharing Hourly - Windspeed","mc.svm_SMOTETPhi",37,0.504283784716601,0.597060146683941,0.546764261170157
"DS07","Bike Sharing Hourly - Windspeed","mc.svm_SMOTETPhi",38,0.509072183143221,0.599939859239577,0.550783367945266
"DS07","Bike Sharing Hourly - Windspeed","mc.svm_SMOTETPhi",39,0.509997876397119,0.600740981919036,0.551662747277764
"DS07","Bike Sharing Hourly - Windspeed","mc.svm_SMOTETPhi",40,0.500775047072947,0.597744009748216,0.544979684713774
"DS07","Bike Sharing Hourly - Windspeed","mc.svm_SMOTETPhi",41,0.511410228474217,0.599955326614066,0.552155479811771
"DS07","Bike Sharing Hourly - Windspeed","mc.svm_SMOTETPhi",42,0.516207567967346,0.604569029669997,0.556905112280566
"DS07","Bike Sharing Hourly - Windspeed","mc.svm_SMOTETPhi",43,0.514233260811543,0.600772201519843,0.554144456918652
"DS07","Bike Sharing Hourly - Windspeed","mc.svm_SMOTETPhi",44,0.520303987702188,0.599456793237979,0.557082843560588
"DS07","Bike Sharing Hourly - Windspeed","mc.svm_SMOTETPhi",45,0.515180033124305,0.600996971693587,0.554789497451124
"DS07","Bike Sharing Hourly - Windspeed","mc.svm_SMOTETPhi",46,0.510092088434368,0.600372017287373,0.551562206392305
"DS07","Bike Sharing Hourly - Windspeed","mc.svm_SMOTETPhi",47,0.518216840361288,0.602067245131715,0.55700404834347
"DS07","Bike Sharing Hourly - Windspeed","mc.svm_SMOTETPhi",48,0.504777358914463,0.598666701062506,0.547727623344447
"DS07","Bike Sharing Hourly - Windspeed","mc.svm_SMOTETPhi",49,0.501969049102438,0.598240408672324,0.545892724251382
"DS07","Bike Sharing Hourly - Windspeed","mc.svm_SMOTETPhi",50,0.515184938024609,0.585002647454196,0.54787848299844
"DS07","Bike Sharing Hourly - Windspeed","mc.mars",1,0.526703067330174,0.445996458511282,0.483001577518144
"DS07","Bike Sharing Hourly - Windspeed","mc.mars",2,0.526656194073097,0.445713687039937,0.482816011935798
"DS07","Bike Sharing Hourly - Windspeed","mc.mars",3,0.434736960001498,0.449535927088895,0.442012607662602
"DS07","Bike Sharing Hourly - Windspeed","mc.mars",4,0.435000526965292,0.449149165934038,0.441961639384009
"DS07","Bike Sharing Hourly - Windspeed","mc.mars",5,0.526406812242775,0.447233711594036,0.483601219719117
"DS07","Bike Sharing Hourly - Windspeed","mc.mars",6,0.49865250158841,0.449274629339467,0.47267750971752
"DS07","Bike Sharing Hourly - Windspeed","mc.mars",7,0.498515177406197,0.449655933362107,0.47282669730387
"DS07","Bike Sharing Hourly - Windspeed","mc.mars",8,0.503900875385923,0.445761532233251,0.473051527581958
"DS07","Bike Sharing Hourly - Windspeed","mc.mars",9,0.503755578666514,0.446104488357124,0.473180487273774
"DS07","Bike Sharing Hourly - Windspeed","mc.mars",10,0.482187972831766,0.448069972512235,0.464503319350989
"DS07","Bike Sharing Hourly - Windspeed","mc.mars",11,0.465840038458019,0.448720691907031,0.457120139613789
"DS07","Bike Sharing Hourly - Windspeed","mc.mars",12,0.46574236128487,0.448835877916448,0.457132856764066
"DS07","Bike Sharing Hourly - Windspeed","mc.mars",13,0.465004246519477,0.449219562491979,0.456975637955135
"DS07","Bike Sharing Hourly - Windspeed","mc.mars",14,0.466492966878053,0.449585557389464,0.457883238120509
"DS07","Bike Sharing Hourly - Windspeed","mc.mars",15,0.467015931490845,0.44972044367192,0.458205036043493
"DS07","Bike Sharing Hourly - Windspeed","mc.mars",16,0.493894050710448,0.449455012962288,0.47062782062838
"DS07","Bike Sharing Hourly - Windspeed","mc.mars",17,0.501809792882467,0.444013898715897,0.471145995878005
"DS07","Bike Sharing Hourly - Windspeed","mc.mars",18,0.469801760984757,0.44999904546648,0.459687233407139
"DS07","Bike Sharing Hourly - Windspeed","mc.mars",19,0.452604766327543,0.444023253179426,0.448272943466067
"DS07","Bike Sharing Hourly - Windspeed","mc.mars",20,0.504695993607599,0.448186323772133,0.474765535831372
"DS07","Bike Sharing Hourly - Windspeed","mc.mars",21,0.631563760024394,0.448047516493162,0.524208259659488
"DS07","Bike Sharing Hourly - Windspeed","mc.mars",22,0.555610655832748,0.446664589839956,0.495216472260923
"DS07","Bike Sharing Hourly - Windspeed","mc.mars",23,0.495503486324234,0.445697581339691,0.469282734555828
"DS07","Bike Sharing Hourly - Windspeed","mc.mars",24,0.516080406533828,0.445980105391021,0.478476335414079
"DS07","Bike Sharing Hourly - Windspeed","mc.mars",25,0.515993455509386,0.446458445889252,0.478714075791157
"DS07","Bike Sharing Hourly - Windspeed","mc.mars",26,0.440311544424114,0.449029240400241,0.444627665133484
"DS07","Bike Sharing Hourly - Windspeed","mc.mars",27,0.457808655997352,0.448227980370063,0.452967663860366
"DS07","Bike Sharing Hourly - Windspeed","mc.mars",28,0.457748174749139,0.448071249759203,0.452858022659796
"DS07","Bike Sharing Hourly - Windspeed","mc.mars",29,0.473777876718666,0.448495163979522,0.460789976790276
"DS07","Bike Sharing Hourly - Windspeed","mc.mars",30,0.460940918227908,0.450207744927093,0.455511114117077
"DS07","Bike Sharing Hourly - Windspeed","mc.mars",31,0.479217365541137,0.449719151018124,0.463999902991333
"DS07","Bike Sharing Hourly - Windspeed","mc.mars",32,0.440918963950661,0.449050291698914,0.444947481321956
"DS07","Bike Sharing Hourly - Windspeed","mc.mars",33,0.591289114301096,0.452842585731183,0.512887198859169
"DS07","Bike Sharing Hourly - Windspeed","mc.mars",34,0.591580561246053,0.453374508375643,0.513337949002181
"DS07","Bike Sharing Hourly - Windspeed","mc.mars",35,0.585823925784117,0.452562684226064,0.510642270963242
"DS07","Bike Sharing Hourly - Windspeed","mc.mars",36,0.587154041713441,0.452412510597356,0.511051136704033
"DS07","Bike Sharing Hourly - Windspeed","mc.mars",37,0.576256386858959,0.45337668921903,0.507484110379621
"DS07","Bike Sharing Hourly - Windspeed","mc.mars",38,0.576303868054361,0.453131859241036,0.507349096782103
"DS07","Bike Sharing Hourly - Windspeed","mc.mars",39,0.576501498412324,0.453079838717494,0.5073930470597
"DS07","Bike Sharing Hourly - Windspeed","mc.mars",40,0.576593828011652,0.452608705181725,0.507133197782548
"DS07","Bike Sharing Hourly - Windspeed","mc.mars",41,0.546384935320833,0.45217130269144,0.494833597888881
"DS07","Bike Sharing Hourly - Windspeed","mc.mars",42,0.556250998645401,0.452243361092664,0.498883942799412
"DS07","Bike Sharing Hourly - Windspeed","mc.mars",43,0.530889263957008,0.454240667426958,0.489583121793599
"DS07","Bike Sharing Hourly - Windspeed","mc.mars",44,0.524641429790043,0.453064741159785,0.486233063986098
"DS07","Bike Sharing Hourly - Windspeed","mc.mars",45,0.524084887156506,0.45392345966982,0.486487514980266
"DS07","Bike Sharing Hourly - Windspeed","mc.mars",46,0.489983372300933,0.452356465956966,0.470418712386149
"DS07","Bike Sharing Hourly - Windspeed","mc.mars",47,0.476167346576296,0.451686299570371,0.463603861760957
"DS07","Bike Sharing Hourly - Windspeed","mc.mars",48,0.476121305768412,0.451307771434072,0.463382593279871
"DS07","Bike Sharing Hourly - Windspeed","mc.mars",49,0.475998729188079,0.451309687643751,0.463325542806225
"DS07","Bike Sharing Hourly - Windspeed","mc.mars",50,0.517742127091038,0.449524083461891,0.481227510298673
"DS07","Bike Sharing Hourly - Windspeed","mc.mars_UNDERB",1,0.524514718169538,0.509096181330997,0.51669044937713
"DS07","Bike Sharing Hourly - Windspeed","mc.mars_UNDERB",2,0.557445641347021,0.52051384836251,0.538347087808712
"DS07","Bike Sharing Hourly - Windspeed","mc.mars_UNDERB",3,0.543350347615646,0.513772553461298,0.528147664257735
"DS07","Bike Sharing Hourly - Windspeed","mc.mars_UNDERB",4,0.558892294055137,0.520084629071472,0.538790562085936
"DS07","Bike Sharing Hourly - Windspeed","mc.mars_UNDERB",5,0.542150893898113,0.522091947566698,0.531932384305638
"DS07","Bike Sharing Hourly - Windspeed","mc.mars_UNDERB",6,0.551447156893824,0.516350331418892,0.533321955405729
"DS07","Bike Sharing Hourly - Windspeed","mc.mars_UNDERB",7,0.571316814587905,0.517461681377235,0.543057307930536
"DS07","Bike Sharing Hourly - Windspeed","mc.mars_UNDERB",8,0.537213175043778,0.518685154729609,0.527786607788589
"DS07","Bike Sharing Hourly - Windspeed","mc.mars_UNDERB",9,0.538259630882109,0.514781069141569,0.526258611381323
"DS07","Bike Sharing Hourly - Windspeed","mc.mars_UNDERB",10,0.537655381411351,0.511775910279094,0.524396545856786
"DS07","Bike Sharing Hourly - Windspeed","mc.mars_UNDERB",11,0.536963198016569,0.517324484788414,0.526960931622008
"DS07","Bike Sharing Hourly - Windspeed","mc.mars_UNDERB",12,0.53613132286726,0.51921897796551,0.527539637397698
"DS07","Bike Sharing Hourly - Windspeed","mc.mars_UNDERB",13,0.523598853597569,0.518879706304183,0.521228598507615
"DS07","Bike Sharing Hourly - Windspeed","mc.mars_UNDERB",14,0.53711988252826,0.524696196984348,0.530835358636912
"DS07","Bike Sharing Hourly - Windspeed","mc.mars_UNDERB",15,0.574296066470568,0.525717519069313,0.548934135441596
"DS07","Bike Sharing Hourly - Windspeed","mc.mars_UNDERB",16,0.525539856117576,0.524832554890808,0.525185967362453
"DS07","Bike Sharing Hourly - Windspeed","mc.mars_UNDERB",17,0.545403249765674,0.525637586422394,0.535338034082986
"DS07","Bike Sharing Hourly - Windspeed","mc.mars_UNDERB",18,0.550667672952017,0.52709799227517,0.538625109684977
"DS07","Bike Sharing Hourly - Windspeed","mc.mars_UNDERB",19,0.567176668089163,0.524993589503951,0.54527050666848
"DS07","Bike Sharing Hourly - Windspeed","mc.mars_UNDERB",20,0.575565910930231,0.522765376993335,0.547896493016766
"DS07","Bike Sharing Hourly - Windspeed","mc.mars_UNDERB",21,0.550828673902954,0.517342945500572,0.533560943666067
"DS07","Bike Sharing Hourly - Windspeed","mc.mars_UNDERB",22,0.547892624296382,0.519610962705479,0.533377156641588
"DS07","Bike Sharing Hourly - Windspeed","mc.mars_UNDERB",23,0.535166465260383,0.523513900583392,0.529276054848896
"DS07","Bike Sharing Hourly - Windspeed","mc.mars_UNDERB",24,0.546279217535186,0.524410473502631,0.535121511919284
"DS07","Bike Sharing Hourly - Windspeed","mc.mars_UNDERB",25,0.552107844864817,0.522663415526845,0.536982300459082
"DS07","Bike Sharing Hourly - Windspeed","mc.mars_UNDERB",26,0.524609024754858,0.523989366578296,0.52429901257634
"DS07","Bike Sharing Hourly - Windspeed","mc.mars_UNDERB",27,0.548821083114093,0.529919969260933,0.539204938670424
"DS07","Bike Sharing Hourly - Windspeed","mc.mars_UNDERB",28,0.526281999081598,0.520459969764418,0.523354793219073
"DS07","Bike Sharing Hourly - Windspeed","mc.mars_UNDERB",29,0.567886602433362,0.522389549374211,0.544188783454513
"DS07","Bike Sharing Hourly - Windspeed","mc.mars_UNDERB",30,0.535959444416387,0.526312367220432,0.531092100599535
"DS07","Bike Sharing Hourly - Windspeed","mc.mars_UNDERB",31,0.548366958058602,0.529273981463271,0.538651330977368
"DS07","Bike Sharing Hourly - Windspeed","mc.mars_UNDERB",32,0.54584074485925,0.526324040067865,0.535904760362938
"DS07","Bike Sharing Hourly - Windspeed","mc.mars_UNDERB",33,0.558987749467774,0.52795373803871,0.543027707087308
"DS07","Bike Sharing Hourly - Windspeed","mc.mars_UNDERB",34,0.538953521342365,0.526534572174052,0.532671671337317
"DS07","Bike Sharing Hourly - Windspeed","mc.mars_UNDERB",35,0.532776685714024,0.525380448002484,0.529052717988298
"DS07","Bike Sharing Hourly - Windspeed","mc.mars_UNDERB",36,0.519435572202052,0.520257166664553,0.519846044809769
"DS07","Bike Sharing Hourly - Windspeed","mc.mars_UNDERB",37,0.562504525378325,0.527567855681584,0.544476332803666
"DS07","Bike Sharing Hourly - Windspeed","mc.mars_UNDERB",38,0.537248483659239,0.528525478485574,0.532851283625311
"DS07","Bike Sharing Hourly - Windspeed","mc.mars_UNDERB",39,0.569971241920068,0.528477042072946,0.548440414329923
"DS07","Bike Sharing Hourly - Windspeed","mc.mars_UNDERB",40,0.53015692193265,0.529458811933717,0.52980763696417
"DS07","Bike Sharing Hourly - Windspeed","mc.mars_UNDERB",41,0.563863674013742,0.522057270687447,0.542155728981563
"DS07","Bike Sharing Hourly - Windspeed","mc.mars_UNDERB",42,0.549035909526075,0.53559001714894,0.542229620307725
"DS07","Bike Sharing Hourly - Windspeed","mc.mars_UNDERB",43,0.5542440799463,0.525570171674699,0.539526415417794
"DS07","Bike Sharing Hourly - Windspeed","mc.mars_UNDERB",44,0.554524655191313,0.53294203130125,0.543519171327378
"DS07","Bike Sharing Hourly - Windspeed","mc.mars_UNDERB",45,0.565992049373931,0.525873342544211,0.545195649685051
"DS07","Bike Sharing Hourly - Windspeed","mc.mars_UNDERB",46,0.552642464902856,0.532785784180766,0.542532496797355
"DS07","Bike Sharing Hourly - Windspeed","mc.mars_UNDERB",47,0.546308839993549,0.527043827405105,0.536503445178478
"DS07","Bike Sharing Hourly - Windspeed","mc.mars_UNDERB",48,0.536656557159867,0.526057499218462,0.531304172941522
"DS07","Bike Sharing Hourly - Windspeed","mc.mars_UNDERB",49,0.540154469107161,0.528397296902287,0.534211201487809
"DS07","Bike Sharing Hourly - Windspeed","mc.mars_UNDERB",50,0.54845704138847,0.52319297776758,0.535527210436873
"DS07","Bike Sharing Hourly - Windspeed","mc.mars_UNDERT",1,0.550375957044492,0.52027198407838,0.534900745917024
"DS07","Bike Sharing Hourly - Windspeed","mc.mars_UNDERT",2,0.540086852059155,0.513256031689105,0.526329723648832
"DS07","Bike Sharing Hourly - Windspeed","mc.mars_UNDERT",3,0.559162259911804,0.517804161363131,0.537689085453166
"DS07","Bike Sharing Hourly - Windspeed","mc.mars_UNDERT",4,0.564111992695193,0.52588079144606,0.544325917563722
"DS07","Bike Sharing Hourly - Windspeed","mc.mars_UNDERT",5,0.564120675208183,0.519684067063237,0.540991408087473
"DS07","Bike Sharing Hourly - Windspeed","mc.mars_UNDERT",6,0.542137486534215,0.522370328271385,0.532070376319067
"DS07","Bike Sharing Hourly - Windspeed","mc.mars_UNDERT",7,0.547888857425268,0.521795884747537,0.534524126281967
"DS07","Bike Sharing Hourly - Windspeed","mc.mars_UNDERT",8,0.518584658978503,0.513812729136634,0.516187665690645
"DS07","Bike Sharing Hourly - Windspeed","mc.mars_UNDERT",9,0.537851064792472,0.517927339218826,0.527701210454001
"DS07","Bike Sharing Hourly - Windspeed","mc.mars_UNDERT",10,0.54293282932823,0.515984699729258,0.529115866395058
"DS07","Bike Sharing Hourly - Windspeed","mc.mars_UNDERT",11,0.538809500628381,0.525154060661047,0.531894150274894
"DS07","Bike Sharing Hourly - Windspeed","mc.mars_UNDERT",12,0.550882103478,0.518726124184948,0.534320756010567
"DS07","Bike Sharing Hourly - Windspeed","mc.mars_UNDERT",13,0.561174980441089,0.525442078840525,0.542720999633851
"DS07","Bike Sharing Hourly - Windspeed","mc.mars_UNDERT",14,0.559458005310922,0.524101544823849,0.541202935844281
"DS07","Bike Sharing Hourly - Windspeed","mc.mars_UNDERT",15,0.544795509274419,0.52199886121015,0.533153611045914
"DS07","Bike Sharing Hourly - Windspeed","mc.mars_UNDERT",16,0.536166916321869,0.525267668440059,0.530661333395787
"DS07","Bike Sharing Hourly - Windspeed","mc.mars_UNDERT",17,0.557332024322176,0.5237797233747,0.540035226051729
"DS07","Bike Sharing Hourly - Windspeed","mc.mars_UNDERT",18,0.549294665424328,0.52545618430598,0.537111050483793
"DS07","Bike Sharing Hourly - Windspeed","mc.mars_UNDERT",19,0.556028038892398,0.526854740258785,0.541048419362402
"DS07","Bike Sharing Hourly - Windspeed","mc.mars_UNDERT",20,0.554913939154175,0.51800242584625,0.53582324959252
"DS07","Bike Sharing Hourly - Windspeed","mc.mars_UNDERT",21,0.546455355351799,0.514377247716252,0.52993130277621
"DS07","Bike Sharing Hourly - Windspeed","mc.mars_UNDERT",22,0.551019630535469,0.517707585452384,0.53384444261149
"DS07","Bike Sharing Hourly - Windspeed","mc.mars_UNDERT",23,0.533662819753079,0.513195740625725,0.523229204771452
"DS07","Bike Sharing Hourly - Windspeed","mc.mars_UNDERT",24,0.514911264847295,0.524222796291787,0.519525310919938
"DS07","Bike Sharing Hourly - Windspeed","mc.mars_UNDERT",25,0.55027282259553,0.525724422756993,0.537718592249959
"DS07","Bike Sharing Hourly - Windspeed","mc.mars_UNDERT",26,0.544924425732377,0.524596594383008,0.534567329783721
"DS07","Bike Sharing Hourly - Windspeed","mc.mars_UNDERT",27,0.548495951395539,0.527669675488488,0.537881295312591
"DS07","Bike Sharing Hourly - Windspeed","mc.mars_UNDERT",28,0.554613980395675,0.529645395609818,0.541842196725288
"DS07","Bike Sharing Hourly - Windspeed","mc.mars_UNDERT",29,0.536610529150081,0.525497571899446,0.53099591246013
"DS07","Bike Sharing Hourly - Windspeed","mc.mars_UNDERT",30,0.540173965334371,0.526187510145605,0.533089014185994
"DS07","Bike Sharing Hourly - Windspeed","mc.mars_UNDERT",31,0.553727624824361,0.514496768189031,0.533391814102771
"DS07","Bike Sharing Hourly - Windspeed","mc.mars_UNDERT",32,0.552530114087143,0.525027602066327,0.538427884687507
"DS07","Bike Sharing Hourly - Windspeed","mc.mars_UNDERT",33,0.569538246710318,0.521589696934428,0.544510445772105
"DS07","Bike Sharing Hourly - Windspeed","mc.mars_UNDERT",34,0.560481127211114,0.528472389553614,0.544006325406735
"DS07","Bike Sharing Hourly - Windspeed","mc.mars_UNDERT",35,0.56343705796419,0.526350134908015,0.544262537514337
"DS07","Bike Sharing Hourly - Windspeed","mc.mars_UNDERT",36,0.553207133174935,0.528152663174954,0.540389649513445
"DS07","Bike Sharing Hourly - Windspeed","mc.mars_UNDERT",37,0.537475505406868,0.526983224463136,0.532177654165804
"DS07","Bike Sharing Hourly - Windspeed","mc.mars_UNDERT",38,0.533178705094755,0.522265920184359,0.527665896191148
"DS07","Bike Sharing Hourly - Windspeed","mc.mars_UNDERT",39,0.522854643229046,0.521615175924877,0.522234174142021
"DS07","Bike Sharing Hourly - Windspeed","mc.mars_UNDERT",40,0.551043918885863,0.532660985559784,0.541696536974916
"DS07","Bike Sharing Hourly - Windspeed","mc.mars_UNDERT",41,0.565963588333653,0.525636159909255,0.545054957550182
"DS07","Bike Sharing Hourly - Windspeed","mc.mars_UNDERT",42,0.547596809480547,0.526791936457564,0.536992936225075
"DS07","Bike Sharing Hourly - Windspeed","mc.mars_UNDERT",43,0.524432684502913,0.525276744125651,0.524854374964826
"DS07","Bike Sharing Hourly - Windspeed","mc.mars_UNDERT",44,0.56036288869939,0.520500949358461,0.539696870749914
"DS07","Bike Sharing Hourly - Windspeed","mc.mars_UNDERT",45,0.566131162869479,0.532524702609194,0.548813943688391
"DS07","Bike Sharing Hourly - Windspeed","mc.mars_UNDERT",46,0.542363767492428,0.526798833602891,0.534468002922613
"DS07","Bike Sharing Hourly - Windspeed","mc.mars_UNDERT",47,0.550944638034326,0.530901754644567,0.540737533579329
"DS07","Bike Sharing Hourly - Windspeed","mc.mars_UNDERT",48,0.545380692306658,0.524028632106812,0.53449150225742
"DS07","Bike Sharing Hourly - Windspeed","mc.mars_UNDERT",49,0.573401393596525,0.52612405954703,0.548746312486757
"DS07","Bike Sharing Hourly - Windspeed","mc.mars_UNDERT",50,0.572140403098389,0.520577234573294,0.54514223723384
"DS07","Bike Sharing Hourly - Windspeed","mc.mars_UNDERTPhi",1,0.544983772273203,0.523435102475743,0.533992132541596
"DS07","Bike Sharing Hourly - Windspeed","mc.mars_UNDERTPhi",2,0.534270599120957,0.524079320183834,0.529125891681359
"DS07","Bike Sharing Hourly - Windspeed","mc.mars_UNDERTPhi",3,0.553112522345408,0.530227016464671,0.541428041691496
"DS07","Bike Sharing Hourly - Windspeed","mc.mars_UNDERTPhi",4,0.527128947581003,0.527479693990152,0.527304262459181
"DS07","Bike Sharing Hourly - Windspeed","mc.mars_UNDERTPhi",5,0.558881304978525,0.528939776006773,0.54349848047063
"DS07","Bike Sharing Hourly - Windspeed","mc.mars_UNDERTPhi",6,0.542500581684962,0.529063151948653,0.535697614003722
"DS07","Bike Sharing Hourly - Windspeed","mc.mars_UNDERTPhi",7,0.52758858654133,0.523648141764096,0.525610978991681
"DS07","Bike Sharing Hourly - Windspeed","mc.mars_UNDERTPhi",8,0.553150021343341,0.530906468130796,0.541800039074207
"DS07","Bike Sharing Hourly - Windspeed","mc.mars_UNDERTPhi",9,0.541018027135714,0.528291171141104,0.534578861987841
"DS07","Bike Sharing Hourly - Windspeed","mc.mars_UNDERTPhi",10,0.535519036036499,0.525528823377214,0.53047689867612
"DS07","Bike Sharing Hourly - Windspeed","mc.mars_UNDERTPhi",11,0.541098580898277,0.527201751866031,0.534059778945574
"DS07","Bike Sharing Hourly - Windspeed","mc.mars_UNDERTPhi",12,0.535672590661245,0.533962052693634,0.534815953948675
"DS07","Bike Sharing Hourly - Windspeed","mc.mars_UNDERTPhi",13,0.542079228636301,0.534950597872943,0.538491321811141
"DS07","Bike Sharing Hourly - Windspeed","mc.mars_UNDERTPhi",14,0.539762252553601,0.538494997612142,0.539127880392731
"DS07","Bike Sharing Hourly - Windspeed","mc.mars_UNDERTPhi",15,0.556801324665208,0.536057673636684,0.546232630635125
"DS07","Bike Sharing Hourly - Windspeed","mc.mars_UNDERTPhi",16,0.530907655052679,0.531911021530596,0.531408864671672
"DS07","Bike Sharing Hourly - Windspeed","mc.mars_UNDERTPhi",17,0.540570300541978,0.530642750404056,0.535560523302088
"DS07","Bike Sharing Hourly - Windspeed","mc.mars_UNDERTPhi",18,0.555756100007876,0.533383832877017,0.544340189569217
"DS07","Bike Sharing Hourly - Windspeed","mc.mars_UNDERTPhi",19,0.556965274379179,0.535308107213228,0.545921985898346
"DS07","Bike Sharing Hourly - Windspeed","mc.mars_UNDERTPhi",20,0.55181151481266,0.526518706169222,0.538868482353926
"DS07","Bike Sharing Hourly - Windspeed","mc.mars_UNDERTPhi",21,0.555629731807246,0.529513440021865,0.542257313699457
"DS07","Bike Sharing Hourly - Windspeed","mc.mars_UNDERTPhi",22,0.56201163631617,0.533075579398092,0.547161311644578
"DS07","Bike Sharing Hourly - Windspeed","mc.mars_UNDERTPhi",23,0.543587694118578,0.528150244681311,0.535757787908415
"DS07","Bike Sharing Hourly - Windspeed","mc.mars_UNDERTPhi",24,0.565378063920632,0.54118287037902,0.553015950586675
"DS07","Bike Sharing Hourly - Windspeed","mc.mars_UNDERTPhi",25,0.561307775477028,0.534392034484715,0.547519313925466
"DS07","Bike Sharing Hourly - Windspeed","mc.mars_UNDERTPhi",26,0.546355759534522,0.531608174168091,0.538881086261827
"DS07","Bike Sharing Hourly - Windspeed","mc.mars_UNDERTPhi",27,0.528091116652943,0.533036735378167,0.530552400946013
"DS07","Bike Sharing Hourly - Windspeed","mc.mars_UNDERTPhi",28,0.537377373514291,0.528863087692569,0.533086235896939
"DS07","Bike Sharing Hourly - Windspeed","mc.mars_UNDERTPhi",29,0.528080336869328,0.534982892085715,0.531509205053878
"DS07","Bike Sharing Hourly - Windspeed","mc.mars_UNDERTPhi",30,0.545701737643378,0.53870294467805,0.542179755910129
"DS07","Bike Sharing Hourly - Windspeed","mc.mars_UNDERTPhi",31,0.538694179665734,0.533825542028101,0.536248810405622
"DS07","Bike Sharing Hourly - Windspeed","mc.mars_UNDERTPhi",32,0.535683866998119,0.530242265971722,0.53294917667548
"DS07","Bike Sharing Hourly - Windspeed","mc.mars_UNDERTPhi",33,0.578429085738062,0.531692749824744,0.554077113560718
"DS07","Bike Sharing Hourly - Windspeed","mc.mars_UNDERTPhi",34,0.557243425953061,0.537750338905345,0.547323374389776
"DS07","Bike Sharing Hourly - Windspeed","mc.mars_UNDERTPhi",35,0.548921059652541,0.535497522964845,0.542126209305076
"DS07","Bike Sharing Hourly - Windspeed","mc.mars_UNDERTPhi",36,0.547267225789164,0.534045245899442,0.540575398548525
"DS07","Bike Sharing Hourly - Windspeed","mc.mars_UNDERTPhi",37,0.538009219043124,0.539275537565454,0.538641634043039
"DS07","Bike Sharing Hourly - Windspeed","mc.mars_UNDERTPhi",38,0.559831095302658,0.539290052976353,0.549368632413831
"DS07","Bike Sharing Hourly - Windspeed","mc.mars_UNDERTPhi",39,0.551533506933504,0.53959930521144,0.54550114125358
"DS07","Bike Sharing Hourly - Windspeed","mc.mars_UNDERTPhi",40,0.54569442982797,0.536633065524204,0.541125816309011
"DS07","Bike Sharing Hourly - Windspeed","mc.mars_UNDERTPhi",41,0.546865775363287,0.539976461855595,0.543399283498979
"DS07","Bike Sharing Hourly - Windspeed","mc.mars_UNDERTPhi",42,0.555613111970035,0.542358807002733,0.548905958988589
"DS07","Bike Sharing Hourly - Windspeed","mc.mars_UNDERTPhi",43,0.542167743833054,0.543355265098343,0.542760854913941
"DS07","Bike Sharing Hourly - Windspeed","mc.mars_UNDERTPhi",44,0.551162785780148,0.537486867990086,0.544238926555864
"DS07","Bike Sharing Hourly - Windspeed","mc.mars_UNDERTPhi",45,0.562493755116542,0.538713348164793,0.550346784428984
"DS07","Bike Sharing Hourly - Windspeed","mc.mars_UNDERTPhi",46,0.562875436434565,0.537597681241673,0.54994624510972
"DS07","Bike Sharing Hourly - Windspeed","mc.mars_UNDERTPhi",47,0.561041516759191,0.538624433034197,0.549604484761654
"DS07","Bike Sharing Hourly - Windspeed","mc.mars_UNDERTPhi",48,0.541579130424628,0.535958239056893,0.538754024265559
"DS07","Bike Sharing Hourly - Windspeed","mc.mars_UNDERTPhi",49,0.55685220492404,0.538837920510989,0.547696975938515
"DS07","Bike Sharing Hourly - Windspeed","mc.mars_UNDERTPhi",50,0.57575869915935,0.536360985985984,0.555361995108935
"DS07","Bike Sharing Hourly - Windspeed","mc.mars_OVERB",1,0.560885197609683,0.519408155133804,0.539350436605861
"DS07","Bike Sharing Hourly - Windspeed","mc.mars_OVERB",2,0.551445588930415,0.516971266784129,0.533652240971465
"DS07","Bike Sharing Hourly - Windspeed","mc.mars_OVERB",3,0.563974436822976,0.525640361645534,0.544133077757631
"DS07","Bike Sharing Hourly - Windspeed","mc.mars_OVERB",4,0.556990306953388,0.522279295944471,0.539076621045244
"DS07","Bike Sharing Hourly - Windspeed","mc.mars_OVERB",5,0.546265609692756,0.524552354427492,0.535188839388815
"DS07","Bike Sharing Hourly - Windspeed","mc.mars_OVERB",6,0.551188734949744,0.525122610103388,0.53784003761868
"DS07","Bike Sharing Hourly - Windspeed","mc.mars_OVERB",7,0.530327587008866,0.519706325211512,0.524963238225055
"DS07","Bike Sharing Hourly - Windspeed","mc.mars_OVERB",8,0.539138498247498,0.516856676997172,0.527762510999889
"DS07","Bike Sharing Hourly - Windspeed","mc.mars_OVERB",9,0.513860436131238,0.519590556037553,0.516709610341196
"DS07","Bike Sharing Hourly - Windspeed","mc.mars_OVERB",10,0.544047059879033,0.521301139497204,0.532431279127517
"DS07","Bike Sharing Hourly - Windspeed","mc.mars_OVERB",11,0.541140818055367,0.522961381535457,0.531895808361794
"DS07","Bike Sharing Hourly - Windspeed","mc.mars_OVERB",12,0.540175741687732,0.525875418806393,0.532929665884746
"DS07","Bike Sharing Hourly - Windspeed","mc.mars_OVERB",13,0.539534055101814,0.526046489894472,0.532704913199835
"DS07","Bike Sharing Hourly - Windspeed","mc.mars_OVERB",14,0.530902988933415,0.526031728305625,0.528456133148487
"DS07","Bike Sharing Hourly - Windspeed","mc.mars_OVERB",15,0.532953794436416,0.52842583399766,0.53068015583224
"DS07","Bike Sharing Hourly - Windspeed","mc.mars_OVERB",16,0.550830281624866,0.531366250322455,0.540923229137302
"DS07","Bike Sharing Hourly - Windspeed","mc.mars_OVERB",17,0.55938145202636,0.532899752385086,0.545819585780164
"DS07","Bike Sharing Hourly - Windspeed","mc.mars_OVERB",18,0.569451264234885,0.525732992110914,0.546719541068752
"DS07","Bike Sharing Hourly - Windspeed","mc.mars_OVERB",19,0.567583246201224,0.533972854949582,0.550265294847888
"DS07","Bike Sharing Hourly - Windspeed","mc.mars_OVERB",20,0.544805665651635,0.517506573917896,0.530805356430204
"DS07","Bike Sharing Hourly - Windspeed","mc.mars_OVERB",21,0.550877189730223,0.524934020284445,0.537592795457374
"DS07","Bike Sharing Hourly - Windspeed","mc.mars_OVERB",22,0.534521224829524,0.519276055223735,0.526788364928796
"DS07","Bike Sharing Hourly - Windspeed","mc.mars_OVERB",23,0.533254612812833,0.52568085970896,0.529440651637911
"DS07","Bike Sharing Hourly - Windspeed","mc.mars_OVERB",24,0.552579875718524,0.525098602043907,0.538488846617492
"DS07","Bike Sharing Hourly - Windspeed","mc.mars_OVERB",25,0.554966099144933,0.527613493861825,0.540944249154895
"DS07","Bike Sharing Hourly - Windspeed","mc.mars_OVERB",26,0.536955989476143,0.527796873800676,0.532337037802126
"DS07","Bike Sharing Hourly - Windspeed","mc.mars_OVERB",27,0.544213387473334,0.529258713741782,0.536631882895065
"DS07","Bike Sharing Hourly - Windspeed","mc.mars_OVERB",28,0.56175649005683,0.531011598951175,0.545951542704853
"DS07","Bike Sharing Hourly - Windspeed","mc.mars_OVERB",29,0.529464960038589,0.522805195881238,0.526114003306042
"DS07","Bike Sharing Hourly - Windspeed","mc.mars_OVERB",30,0.530399328186534,0.527698758123592,0.529045596840039
"DS07","Bike Sharing Hourly - Windspeed","mc.mars_OVERB",31,0.561845746422475,0.527585407133101,0.544176868643551
"DS07","Bike Sharing Hourly - Windspeed","mc.mars_OVERB",32,0.560504802768979,0.531447872440418,0.545589734220098
"DS07","Bike Sharing Hourly - Windspeed","mc.mars_OVERB",33,0.535852805476906,0.523076077634672,0.529387361415206
"DS07","Bike Sharing Hourly - Windspeed","mc.mars_OVERB",34,0.542323710371821,0.521978258025076,0.531956519918815
"DS07","Bike Sharing Hourly - Windspeed","mc.mars_OVERB",35,0.54567040224613,0.530739586550154,0.538101442192353
"DS07","Bike Sharing Hourly - Windspeed","mc.mars_OVERB",36,0.553529862988582,0.529242080413352,0.541113570672285
"DS07","Bike Sharing Hourly - Windspeed","mc.mars_OVERB",37,0.532434570048318,0.529558373489054,0.530992576965666
"DS07","Bike Sharing Hourly - Windspeed","mc.mars_OVERB",38,0.547183782448988,0.53506016763455,0.541054068893549
"DS07","Bike Sharing Hourly - Windspeed","mc.mars_OVERB",39,0.555805271024753,0.528335506443389,0.541722376749909
"DS07","Bike Sharing Hourly - Windspeed","mc.mars_OVERB",40,0.53331010109269,0.527481521435605,0.530379798533609
"DS07","Bike Sharing Hourly - Windspeed","mc.mars_OVERB",41,0.550624598359813,0.529216889393497,0.539708541433804
"DS07","Bike Sharing Hourly - Windspeed","mc.mars_OVERB",42,0.547752547868349,0.536877286175208,0.542260395509839
"DS07","Bike Sharing Hourly - Windspeed","mc.mars_OVERB",43,0.548805835341888,0.530921573577422,0.539715589844698
"DS07","Bike Sharing Hourly - Windspeed","mc.mars_OVERB",44,0.554220391263967,0.536685702919981,0.545312125111173
"DS07","Bike Sharing Hourly - Windspeed","mc.mars_OVERB",45,0.534087432016751,0.527845466363442,0.530948104276177
"DS07","Bike Sharing Hourly - Windspeed","mc.mars_OVERB",46,0.556446723957083,0.530339358180436,0.543079458405622
"DS07","Bike Sharing Hourly - Windspeed","mc.mars_OVERB",47,0.557573244325783,0.535312039819335,0.546215920552347
"DS07","Bike Sharing Hourly - Windspeed","mc.mars_OVERB",48,0.548935727695508,0.527894524482713,0.538209554119087
"DS07","Bike Sharing Hourly - Windspeed","mc.mars_OVERB",49,0.560858740036905,0.531886479131105,0.545988534738712
"DS07","Bike Sharing Hourly - Windspeed","mc.mars_OVERB",50,0.565335806442753,0.525679276454005,0.544786817970124
"DS07","Bike Sharing Hourly - Windspeed","mc.mars_OVERT",1,0.554533908442292,0.52389819363812,0.538780906806391
"DS07","Bike Sharing Hourly - Windspeed","mc.mars_OVERT",2,0.524975439117672,0.515477430557562,0.520183082481524
"DS07","Bike Sharing Hourly - Windspeed","mc.mars_OVERT",3,0.553251029153986,0.518799395484898,0.535471639915015
"DS07","Bike Sharing Hourly - Windspeed","mc.mars_OVERT",4,0.54092986975126,0.520384390722416,0.530458265148407
"DS07","Bike Sharing Hourly - Windspeed","mc.mars_OVERT",5,0.540300381832132,0.518405955398086,0.529126776322923
"DS07","Bike Sharing Hourly - Windspeed","mc.mars_OVERT",6,0.556368433973081,0.525211597626097,0.540341251758653
"DS07","Bike Sharing Hourly - Windspeed","mc.mars_OVERT",7,0.561473550218098,0.525710735067707,0.543003935581417
"DS07","Bike Sharing Hourly - Windspeed","mc.mars_OVERT",8,0.545727245568108,0.516465014880794,0.530693059058956
"DS07","Bike Sharing Hourly - Windspeed","mc.mars_OVERT",9,0.555728352951283,0.515184649696461,0.534689029143802
"DS07","Bike Sharing Hourly - Windspeed","mc.mars_OVERT",10,0.561649589804936,0.514996994244442,0.537312531063397
"DS07","Bike Sharing Hourly - Windspeed","mc.mars_OVERT",11,0.551606944689982,0.522906613644448,0.536873485259133
"DS07","Bike Sharing Hourly - Windspeed","mc.mars_OVERT",12,0.542224976057522,0.523650410157616,0.532775847500272
"DS07","Bike Sharing Hourly - Windspeed","mc.mars_OVERT",13,0.555305054358566,0.528453963886868,0.541546879337229
"DS07","Bike Sharing Hourly - Windspeed","mc.mars_OVERT",14,0.547337642710085,0.520240887970255,0.533445387069706
"DS07","Bike Sharing Hourly - Windspeed","mc.mars_OVERT",15,0.548523983265158,0.5248590668266,0.536430654394905
"DS07","Bike Sharing Hourly - Windspeed","mc.mars_OVERT",16,0.537403976827366,0.524233762186068,0.530737177538109
"DS07","Bike Sharing Hourly - Windspeed","mc.mars_OVERT",17,0.565886431451878,0.526099239069845,0.545267999431794
"DS07","Bike Sharing Hourly - Windspeed","mc.mars_OVERT",18,0.566090102933201,0.525880780915625,0.545245133917567
"DS07","Bike Sharing Hourly - Windspeed","mc.mars_OVERT",19,0.549428255420479,0.521188586716121,0.534935982088665
"DS07","Bike Sharing Hourly - Windspeed","mc.mars_OVERT",20,0.539992244108681,0.510940520762529,0.525064833136928
"DS07","Bike Sharing Hourly - Windspeed","mc.mars_OVERT",21,0.555196721163515,0.518150319347919,0.536034194932367
"DS07","Bike Sharing Hourly - Windspeed","mc.mars_OVERT",22,0.553780723643087,0.515183171138922,0.533785117934657
"DS07","Bike Sharing Hourly - Windspeed","mc.mars_OVERT",23,0.550820597390843,0.514810699973465,0.5322072240257
"DS07","Bike Sharing Hourly - Windspeed","mc.mars_OVERT",24,0.534978516875384,0.518844184750643,0.526787840153816
"DS07","Bike Sharing Hourly - Windspeed","mc.mars_OVERT",25,0.532905323389322,0.516134939905994,0.524386082568696
"DS07","Bike Sharing Hourly - Windspeed","mc.mars_OVERT",26,0.517806424644108,0.520143002632738,0.518972083646752
"DS07","Bike Sharing Hourly - Windspeed","mc.mars_OVERT",27,0.542295187051654,0.521920325625037,0.531912713617577
"DS07","Bike Sharing Hourly - Windspeed","mc.mars_OVERT",28,0.526583683403893,0.521891405502935,0.524227044694224
"DS07","Bike Sharing Hourly - Windspeed","mc.mars_OVERT",29,0.502297805485476,0.512218834909248,0.507209810975873
"DS07","Bike Sharing Hourly - Windspeed","mc.mars_OVERT",30,0.519015951987362,0.52223236892157,0.520619192697166
"DS07","Bike Sharing Hourly - Windspeed","mc.mars_OVERT",31,0.551864888533721,0.515815956731592,0.533231848689499
"DS07","Bike Sharing Hourly - Windspeed","mc.mars_OVERT",32,0.540508216797733,0.522368924965762,0.531283786337402
"DS07","Bike Sharing Hourly - Windspeed","mc.mars_OVERT",33,0.546101681245548,0.52791584341454,0.53685479617492
"DS07","Bike Sharing Hourly - Windspeed","mc.mars_OVERT",34,0.540757889598773,0.528062529947645,0.534334812562544
"DS07","Bike Sharing Hourly - Windspeed","mc.mars_OVERT",35,0.559684815854442,0.52631497993841,0.542487215503033
"DS07","Bike Sharing Hourly - Windspeed","mc.mars_OVERT",36,0.560923219769419,0.530624727811133,0.545353470679542
"DS07","Bike Sharing Hourly - Windspeed","mc.mars_OVERT",37,0.555507625841432,0.527362778017989,0.541069446038617
"DS07","Bike Sharing Hourly - Windspeed","mc.mars_OVERT",38,0.535430411155727,0.523953502493481,0.529629788884
"DS07","Bike Sharing Hourly - Windspeed","mc.mars_OVERT",39,0.575693671360415,0.530519993916566,0.552184469627684
"DS07","Bike Sharing Hourly - Windspeed","mc.mars_OVERT",40,0.559589768029891,0.526357233399959,0.542465003819369
"DS07","Bike Sharing Hourly - Windspeed","mc.mars_OVERT",41,0.538746915759135,0.529586762074904,0.534127568220392
"DS07","Bike Sharing Hourly - Windspeed","mc.mars_OVERT",42,0.55257215866681,0.528132063179744,0.540075754888322
"DS07","Bike Sharing Hourly - Windspeed","mc.mars_OVERT",43,0.530129898062964,0.527277845455686,0.5287000254644
"DS07","Bike Sharing Hourly - Windspeed","mc.mars_OVERT",44,0.562678638464692,0.528216093169419,0.544903011263959
"DS07","Bike Sharing Hourly - Windspeed","mc.mars_OVERT",45,0.537224920813549,0.531613624431382,0.534404543247655
"DS07","Bike Sharing Hourly - Windspeed","mc.mars_OVERT",46,0.558822451823471,0.532831398154286,0.545517516071918
"DS07","Bike Sharing Hourly - Windspeed","mc.mars_OVERT",47,0.560654493455851,0.532198486877677,0.546056017502577
"DS07","Bike Sharing Hourly - Windspeed","mc.mars_OVERT",48,0.547508963881209,0.52381560167867,0.535400282154496
"DS07","Bike Sharing Hourly - Windspeed","mc.mars_OVERT",49,0.551716012148174,0.528072576727036,0.539635441897268
"DS07","Bike Sharing Hourly - Windspeed","mc.mars_OVERT",50,0.535094549805351,0.516252199586015,0.525504527375808
"DS07","Bike Sharing Hourly - Windspeed","mc.mars_OVERTPhi",1,0.541602330408252,0.517506376170108,0.529280247804521
"DS07","Bike Sharing Hourly - Windspeed","mc.mars_OVERTPhi",2,0.532473328703429,0.519731926731779,0.526025483394591
"DS07","Bike Sharing Hourly - Windspeed","mc.mars_OVERTPhi",3,0.554900920879745,0.52719160252433,0.540691483202457
"DS07","Bike Sharing Hourly - Windspeed","mc.mars_OVERTPhi",4,0.562672716160484,0.523508543856941,0.542384563512869
"DS07","Bike Sharing Hourly - Windspeed","mc.mars_OVERTPhi",5,0.551018748708557,0.521614608716043,0.535913650295034
"DS07","Bike Sharing Hourly - Windspeed","mc.mars_OVERTPhi",6,0.566402497477096,0.526613620768496,0.54578384532425
"DS07","Bike Sharing Hourly - Windspeed","mc.mars_OVERTPhi",7,0.564460931297426,0.525020946302559,0.544027061658767
"DS07","Bike Sharing Hourly - Windspeed","mc.mars_OVERTPhi",8,0.55928205671884,0.522354450164176,0.540187890044388
"DS07","Bike Sharing Hourly - Windspeed","mc.mars_OVERTPhi",9,0.548159916786918,0.516633433751034,0.531929956007389
"DS07","Bike Sharing Hourly - Windspeed","mc.mars_OVERTPhi",10,0.560265042309299,0.517860780572481,0.538229000697226
"DS07","Bike Sharing Hourly - Windspeed","mc.mars_OVERTPhi",11,0.53577248332203,0.518671082379555,0.527083104061473
"DS07","Bike Sharing Hourly - Windspeed","mc.mars_OVERTPhi",12,0.571204399634347,0.521630048601631,0.545292801162489
"DS07","Bike Sharing Hourly - Windspeed","mc.mars_OVERTPhi",13,0.542819674753112,0.525508944601942,0.534024061923728
"DS07","Bike Sharing Hourly - Windspeed","mc.mars_OVERTPhi",14,0.558803406588689,0.524742548991892,0.541237632697517
"DS07","Bike Sharing Hourly - Windspeed","mc.mars_OVERTPhi",15,0.568801249243158,0.524862573159476,0.545949278340817
"DS07","Bike Sharing Hourly - Windspeed","mc.mars_OVERTPhi",16,0.54483686044664,0.52729289689034,0.535921336967889
"DS07","Bike Sharing Hourly - Windspeed","mc.mars_OVERTPhi",17,0.561640664220021,0.527319809226453,0.543939390146978
"DS07","Bike Sharing Hourly - Windspeed","mc.mars_OVERTPhi",18,0.550406987396121,0.523522236656639,0.536628095519456
"DS07","Bike Sharing Hourly - Windspeed","mc.mars_OVERTPhi",19,0.547006787484656,0.523651216432846,0.535074260156438
"DS07","Bike Sharing Hourly - Windspeed","mc.mars_OVERTPhi",20,0.551682667698187,0.517695024208258,0.534148737477638
"DS07","Bike Sharing Hourly - Windspeed","mc.mars_OVERTPhi",21,0.562730897553303,0.520610655091181,0.540851960307691
"DS07","Bike Sharing Hourly - Windspeed","mc.mars_OVERTPhi",22,0.548588360913913,0.516268287448561,0.531937841659288
"DS07","Bike Sharing Hourly - Windspeed","mc.mars_OVERTPhi",23,0.542512200295763,0.517484345450581,0.529702803269679
"DS07","Bike Sharing Hourly - Windspeed","mc.mars_OVERTPhi",24,0.52696166012922,0.516151550314209,0.521500590940119
"DS07","Bike Sharing Hourly - Windspeed","mc.mars_OVERTPhi",25,0.550712975184606,0.523231367898387,0.536620552417145
"DS07","Bike Sharing Hourly - Windspeed","mc.mars_OVERTPhi",26,0.526206859780422,0.522456049644511,0.524324746848315
"DS07","Bike Sharing Hourly - Windspeed","mc.mars_OVERTPhi",27,0.542402573737789,0.524184121982942,0.533137752452287
"DS07","Bike Sharing Hourly - Windspeed","mc.mars_OVERTPhi",28,0.527303964593463,0.522772841350234,0.525028626983212
"DS07","Bike Sharing Hourly - Windspeed","mc.mars_OVERTPhi",29,0.529015427494912,0.515971101942606,0.522411850066837
"DS07","Bike Sharing Hourly - Windspeed","mc.mars_OVERTPhi",30,0.527824352545735,0.522952899517895,0.52537733388852
"DS07","Bike Sharing Hourly - Windspeed","mc.mars_OVERTPhi",31,0.542330611508759,0.515461771155972,0.52855494545381
"DS07","Bike Sharing Hourly - Windspeed","mc.mars_OVERTPhi",32,0.540597559403916,0.523209290266593,0.531761316376521
"DS07","Bike Sharing Hourly - Windspeed","mc.mars_OVERTPhi",33,0.5620909328804,0.521929782725683,0.541266406161468
"DS07","Bike Sharing Hourly - Windspeed","mc.mars_OVERTPhi",34,0.545681713751682,0.52675428014955,0.536050971717968
"DS07","Bike Sharing Hourly - Windspeed","mc.mars_OVERTPhi",35,0.520224571744542,0.521410680332752,0.520816950728561
"DS07","Bike Sharing Hourly - Windspeed","mc.mars_OVERTPhi",36,0.535229582086142,0.52921616318984,0.532205886705649
"DS07","Bike Sharing Hourly - Windspeed","mc.mars_OVERTPhi",37,0.519922808576161,0.520804272403614,0.520363167203513
"DS07","Bike Sharing Hourly - Windspeed","mc.mars_OVERTPhi",38,0.551006729831708,0.530724308238648,0.540675371664343
"DS07","Bike Sharing Hourly - Windspeed","mc.mars_OVERTPhi",39,0.553775323833862,0.528935454264829,0.541070447247394
"DS07","Bike Sharing Hourly - Windspeed","mc.mars_OVERTPhi",40,0.542878215509954,0.524209799382764,0.533380708001592
"DS07","Bike Sharing Hourly - Windspeed","mc.mars_OVERTPhi",41,0.533578002167928,0.526718216676181,0.530125919086865
"DS07","Bike Sharing Hourly - Windspeed","mc.mars_OVERTPhi",42,0.552745924280813,0.52607029249214,0.539078307387817
"DS07","Bike Sharing Hourly - Windspeed","mc.mars_OVERTPhi",43,0.528203622833564,0.52878929865113,0.528496298481959
"DS07","Bike Sharing Hourly - Windspeed","mc.mars_OVERTPhi",44,0.560784297470646,0.529730699021416,0.544815355781348
"DS07","Bike Sharing Hourly - Windspeed","mc.mars_OVERTPhi",45,0.562437240005013,0.53362473062803,0.547652283783742
"DS07","Bike Sharing Hourly - Windspeed","mc.mars_OVERTPhi",46,0.540225796785153,0.528801687931903,0.534452700774024
"DS07","Bike Sharing Hourly - Windspeed","mc.mars_OVERTPhi",47,0.539038408221134,0.528245830941371,0.533587551304094
"DS07","Bike Sharing Hourly - Windspeed","mc.mars_OVERTPhi",48,0.551193637508119,0.52613884040371,0.538374897670465
"DS07","Bike Sharing Hourly - Windspeed","mc.mars_OVERTPhi",49,0.555226861357928,0.529249591846754,0.541927100192329
"DS07","Bike Sharing Hourly - Windspeed","mc.mars_OVERTPhi",50,0.549700499238268,0.526841792692237,0.538028461368059
"DS07","Bike Sharing Hourly - Windspeed","mc.mars_SMOTEB",1,0.513133379441161,0.544722937531758,0.528456496993141
"DS07","Bike Sharing Hourly - Windspeed","mc.mars_SMOTEB",2,0.527992349441617,0.545445086784817,0.536576838376918
"DS07","Bike Sharing Hourly - Windspeed","mc.mars_SMOTEB",3,0.521914271009612,0.547874164994166,0.534579241660302
"DS07","Bike Sharing Hourly - Windspeed","mc.mars_SMOTEB",4,0.513560252491002,0.546262587943771,0.529406881768476
"DS07","Bike Sharing Hourly - Windspeed","mc.mars_SMOTEB",5,0.532397937887965,0.54969402046749,0.54090774948741
"DS07","Bike Sharing Hourly - Windspeed","mc.mars_SMOTEB",6,0.516994313766679,0.545207226352722,0.530726091429269
"DS07","Bike Sharing Hourly - Windspeed","mc.mars_SMOTEB",7,0.518387868748823,0.548016217972274,0.532790454972696
"DS07","Bike Sharing Hourly - Windspeed","mc.mars_SMOTEB",8,0.52489898830749,0.543845773783814,0.534204436044834
"DS07","Bike Sharing Hourly - Windspeed","mc.mars_SMOTEB",9,0.522074336798075,0.54508124021781,0.533329784554084
"DS07","Bike Sharing Hourly - Windspeed","mc.mars_SMOTEB",10,0.51756446228705,0.544319060958393,0.530604714981355
"DS07","Bike Sharing Hourly - Windspeed","mc.mars_SMOTEB",11,0.524543479875301,0.549133036712018,0.536556680790527
"DS07","Bike Sharing Hourly - Windspeed","mc.mars_SMOTEB",12,0.522597483711732,0.550386574577363,0.536132175908531
"DS07","Bike Sharing Hourly - Windspeed","mc.mars_SMOTEB",13,0.531972703973607,0.552185825636165,0.541890837431865
"DS07","Bike Sharing Hourly - Windspeed","mc.mars_SMOTEB",14,0.51861945837385,0.550343578612531,0.534010772653486
"DS07","Bike Sharing Hourly - Windspeed","mc.mars_SMOTEB",15,0.544993848526588,0.552580796489761,0.548761100246364
"DS07","Bike Sharing Hourly - Windspeed","mc.mars_SMOTEB",16,0.536466343216826,0.55400650086755,0.545095356112816
"DS07","Bike Sharing Hourly - Windspeed","mc.mars_SMOTEB",17,0.54456772479825,0.550460150208046,0.547498083716225
"DS07","Bike Sharing Hourly - Windspeed","mc.mars_SMOTEB",18,0.532612153565397,0.555388889849038,0.543762112140023
"DS07","Bike Sharing Hourly - Windspeed","mc.mars_SMOTEB",19,0.528811476897748,0.551376870149642,0.539858475289214
"DS07","Bike Sharing Hourly - Windspeed","mc.mars_SMOTEB",20,0.552594898543931,0.557466121549715,0.555019821979617
"DS07","Bike Sharing Hourly - Windspeed","mc.mars_SMOTEB",21,0.542902998987171,0.550424268754044,0.546637763529414
"DS07","Bike Sharing Hourly - Windspeed","mc.mars_SMOTEB",22,0.552450163056494,0.557275597117994,0.554852388840344
"DS07","Bike Sharing Hourly - Windspeed","mc.mars_SMOTEB",23,0.54246579087972,0.555222624010106,0.548770080402435
"DS07","Bike Sharing Hourly - Windspeed","mc.mars_SMOTEB",24,0.544344544359262,0.554539921372748,0.549394936850961
"DS07","Bike Sharing Hourly - Windspeed","mc.mars_SMOTEB",25,0.554648918545653,0.564209427842624,0.559388326496113
"DS07","Bike Sharing Hourly - Windspeed","mc.mars_SMOTEB",26,0.528449124678018,0.559077178273947,0.543331861830606
"DS07","Bike Sharing Hourly - Windspeed","mc.mars_SMOTEB",27,0.532052516275728,0.559862769274557,0.545603489764331
"DS07","Bike Sharing Hourly - Windspeed","mc.mars_SMOTEB",28,0.536059885429212,0.559583968497535,0.54756938938822
"DS07","Bike Sharing Hourly - Windspeed","mc.mars_SMOTEB",29,0.525808415784156,0.561746259423086,0.543183561200991
"DS07","Bike Sharing Hourly - Windspeed","mc.mars_SMOTEB",30,0.533743918616008,0.563602384255926,0.548266931463276
"DS07","Bike Sharing Hourly - Windspeed","mc.mars_SMOTEB",31,0.538608793854691,0.562424713490657,0.550259178392574
"DS07","Bike Sharing Hourly - Windspeed","mc.mars_SMOTEB",32,0.540503279079957,0.563506108739476,0.551765053659288
"DS07","Bike Sharing Hourly - Windspeed","mc.mars_SMOTEB",33,0.528160427063117,0.558869438874878,0.543081162271427
"DS07","Bike Sharing Hourly - Windspeed","mc.mars_SMOTEB",34,0.538203759680166,0.55893080159041,0.548371493226198
"DS07","Bike Sharing Hourly - Windspeed","mc.mars_SMOTEB",35,0.549986245330063,0.56311822768531,0.55647477344615
"DS07","Bike Sharing Hourly - Windspeed","mc.mars_SMOTEB",36,0.541819305537382,0.560129300770758,0.550822183570849
"DS07","Bike Sharing Hourly - Windspeed","mc.mars_SMOTEB",37,0.526577609312451,0.56344176915779,0.544386321289585
"DS07","Bike Sharing Hourly - Windspeed","mc.mars_SMOTEB",38,0.531301160605433,0.566002298901834,0.548103035138378
"DS07","Bike Sharing Hourly - Windspeed","mc.mars_SMOTEB",39,0.528305725389732,0.556395186245795,0.541986752882364
"DS07","Bike Sharing Hourly - Windspeed","mc.mars_SMOTEB",40,0.533498752103594,0.566285702888155,0.549403502574882
"DS07","Bike Sharing Hourly - Windspeed","mc.mars_SMOTEB",41,0.533979308756598,0.565390212905739,0.549236028680592
"DS07","Bike Sharing Hourly - Windspeed","mc.mars_SMOTEB",42,0.531146979374461,0.562623798660329,0.546432464980543
"DS07","Bike Sharing Hourly - Windspeed","mc.mars_SMOTEB",43,0.543796142997211,0.565267289951459,0.554323878880093
"DS07","Bike Sharing Hourly - Windspeed","mc.mars_SMOTEB",44,0.536371785060288,0.561495899684238,0.548646366411175
"DS07","Bike Sharing Hourly - Windspeed","mc.mars_SMOTEB",45,0.540662823641194,0.565460085659996,0.552783499914074
"DS07","Bike Sharing Hourly - Windspeed","mc.mars_SMOTEB",46,0.540742272108426,0.564606078830111,0.552416572845278
"DS07","Bike Sharing Hourly - Windspeed","mc.mars_SMOTEB",47,0.550104320374028,0.563448956321108,0.55669667840659
"DS07","Bike Sharing Hourly - Windspeed","mc.mars_SMOTEB",48,0.544896410568106,0.560802173748412,0.552734887877592
"DS07","Bike Sharing Hourly - Windspeed","mc.mars_SMOTEB",49,0.53955991341317,0.557743895272923,0.548501236317629
"DS07","Bike Sharing Hourly - Windspeed","mc.mars_SMOTEB",50,0.548206829600799,0.556065148525831,0.552108028027651
"DS07","Bike Sharing Hourly - Windspeed","mc.mars_SMOTET",1,0.504934300548757,0.548162510637366,0.52566117560261
"DS07","Bike Sharing Hourly - Windspeed","mc.mars_SMOTET",2,0.514658120601325,0.552523708957405,0.532919144167348
"DS07","Bike Sharing Hourly - Windspeed","mc.mars_SMOTET",3,0.515960891802276,0.559891187580885,0.537029136239806
"DS07","Bike Sharing Hourly - Windspeed","mc.mars_SMOTET",4,0.503664641713717,0.546068779991429,0.524010250104589
"DS07","Bike Sharing Hourly - Windspeed","mc.mars_SMOTET",5,0.524485456464331,0.552825194037558,0.538282572635278
"DS07","Bike Sharing Hourly - Windspeed","mc.mars_SMOTET",6,0.510952418968975,0.556296565864141,0.532661225321967
"DS07","Bike Sharing Hourly - Windspeed","mc.mars_SMOTET",7,0.514695678979494,0.553948490437792,0.533601179073505
"DS07","Bike Sharing Hourly - Windspeed","mc.mars_SMOTET",8,0.521654854938805,0.547973136758814,0.534490214139966
"DS07","Bike Sharing Hourly - Windspeed","mc.mars_SMOTET",9,0.517198794811807,0.554977515405905,0.53542257813419
"DS07","Bike Sharing Hourly - Windspeed","mc.mars_SMOTET",10,0.519544914126238,0.551696923899038,0.535138417444954
"DS07","Bike Sharing Hourly - Windspeed","mc.mars_SMOTET",11,0.522510469162397,0.561311941692766,0.541216647788135
"DS07","Bike Sharing Hourly - Windspeed","mc.mars_SMOTET",12,0.517046983677439,0.555038673641259,0.535369669524883
"DS07","Bike Sharing Hourly - Windspeed","mc.mars_SMOTET",13,0.538090732812445,0.56850413508425,0.552879496424607
"DS07","Bike Sharing Hourly - Windspeed","mc.mars_SMOTET",14,0.535278366468476,0.56127749418628,0.547969713178421
"DS07","Bike Sharing Hourly - Windspeed","mc.mars_SMOTET",15,0.526968902238715,0.558881496761986,0.542456251986888
"DS07","Bike Sharing Hourly - Windspeed","mc.mars_SMOTET",16,0.534268360177862,0.563357600391942,0.548427519332524
"DS07","Bike Sharing Hourly - Windspeed","mc.mars_SMOTET",17,0.535815359453793,0.561541392556722,0.548376820117439
"DS07","Bike Sharing Hourly - Windspeed","mc.mars_SMOTET",18,0.545994596666904,0.56446049342335,0.555074009190294
"DS07","Bike Sharing Hourly - Windspeed","mc.mars_SMOTET",19,0.527195569813199,0.573954075337075,0.549582061124205
"DS07","Bike Sharing Hourly - Windspeed","mc.mars_SMOTET",20,0.524983921974116,0.563053201828749,0.54335255977846
"DS07","Bike Sharing Hourly - Windspeed","mc.mars_SMOTET",21,0.556519461078599,0.559085626061427,0.557799592165974
"DS07","Bike Sharing Hourly - Windspeed","mc.mars_SMOTET",22,0.553174685489706,0.56444516817404,0.558753099020734
"DS07","Bike Sharing Hourly - Windspeed","mc.mars_SMOTET",23,0.534780886307911,0.566618747026613,0.550239652461435
"DS07","Bike Sharing Hourly - Windspeed","mc.mars_SMOTET",24,0.545983658462276,0.571697817411751,0.558544939006481
"DS07","Bike Sharing Hourly - Windspeed","mc.mars_SMOTET",25,0.554359978927092,0.575992493635675,0.564969236383575
"DS07","Bike Sharing Hourly - Windspeed","mc.mars_SMOTET",26,0.548910131836962,0.567589320420177,0.558093473438332
"DS07","Bike Sharing Hourly - Windspeed","mc.mars_SMOTET",27,0.540770780553867,0.560135818325085,0.550282983134595
"DS07","Bike Sharing Hourly - Windspeed","mc.mars_SMOTET",28,0.557215269160147,0.563657731521425,0.560417985611084
"DS07","Bike Sharing Hourly - Windspeed","mc.mars_SMOTET",29,0.546419030082753,0.564786538951027,0.555450982999949
"DS07","Bike Sharing Hourly - Windspeed","mc.mars_SMOTET",30,0.545503925711965,0.563682122102828,0.554444064756371
"DS07","Bike Sharing Hourly - Windspeed","mc.mars_SMOTET",31,0.553014174613765,0.563236206382256,0.558078386512428
"DS07","Bike Sharing Hourly - Windspeed","mc.mars_SMOTET",32,0.535126744332238,0.567264898410417,0.550727357665913
"DS07","Bike Sharing Hourly - Windspeed","mc.mars_SMOTET",33,0.518120473315489,0.564509523913126,0.540321148443493
"DS07","Bike Sharing Hourly - Windspeed","mc.mars_SMOTET",34,0.543075119465816,0.5638238483806,0.553255017325946
"DS07","Bike Sharing Hourly - Windspeed","mc.mars_SMOTET",35,0.519148742705436,0.57235302750414,0.544454187289814
"DS07","Bike Sharing Hourly - Windspeed","mc.mars_SMOTET",36,0.534072426645993,0.561153789514552,0.547278291307264
"DS07","Bike Sharing Hourly - Windspeed","mc.mars_SMOTET",37,0.532628138098238,0.573779251286607,0.552438418658979
"DS07","Bike Sharing Hourly - Windspeed","mc.mars_SMOTET",38,0.529203687436115,0.571632040692092,0.549600228374228
"DS07","Bike Sharing Hourly - Windspeed","mc.mars_SMOTET",39,0.537676312320188,0.562856828477973,0.549978501657456
"DS07","Bike Sharing Hourly - Windspeed","mc.mars_SMOTET",40,0.528578420872313,0.55993320772813,0.543804223966714
"DS07","Bike Sharing Hourly - Windspeed","mc.mars_SMOTET",41,0.537035179405597,0.568997839695398,0.552554673585766
"DS07","Bike Sharing Hourly - Windspeed","mc.mars_SMOTET",42,0.526025305898466,0.569042382211661,0.546688933336472
"DS07","Bike Sharing Hourly - Windspeed","mc.mars_SMOTET",43,0.547883846995698,0.574391816996087,0.560824775009946
"DS07","Bike Sharing Hourly - Windspeed","mc.mars_SMOTET",44,0.547460532045147,0.566213713351986,0.556679230114366
"DS07","Bike Sharing Hourly - Windspeed","mc.mars_SMOTET",45,0.535345121678669,0.572247512337793,0.553181566424607
"DS07","Bike Sharing Hourly - Windspeed","mc.mars_SMOTET",46,0.552178349174282,0.560895058358118,0.556502572585596
"DS07","Bike Sharing Hourly - Windspeed","mc.mars_SMOTET",47,0.522909510690572,0.568003366004818,0.54452444101292
"DS07","Bike Sharing Hourly - Windspeed","mc.mars_SMOTET",48,0.526435007031956,0.570272708315065,0.547477715367363
"DS07","Bike Sharing Hourly - Windspeed","mc.mars_SMOTET",49,0.537750684836691,0.569192494669105,0.553025050389433
"DS07","Bike Sharing Hourly - Windspeed","mc.mars_SMOTET",50,0.542530838458605,0.557166251132208,0.549751156475407
"DS07","Bike Sharing Hourly - Windspeed","mc.mars_SMOTETPhi",1,0.492526275331363,0.55113345989143,0.520184311130613
"DS07","Bike Sharing Hourly - Windspeed","mc.mars_SMOTETPhi",2,0.509669587467085,0.552204225784609,0.530085018466339
"DS07","Bike Sharing Hourly - Windspeed","mc.mars_SMOTETPhi",3,0.519117677281524,0.561191469879159,0.539335269204274
"DS07","Bike Sharing Hourly - Windspeed","mc.mars_SMOTETPhi",4,0.499988323191048,0.558240984014136,0.527511327900939
"DS07","Bike Sharing Hourly - Windspeed","mc.mars_SMOTETPhi",5,0.513178101092881,0.558316554225088,0.534796562323359
"DS07","Bike Sharing Hourly - Windspeed","mc.mars_SMOTETPhi",6,0.51450568732493,0.558423665751135,0.535565834119603
"DS07","Bike Sharing Hourly - Windspeed","mc.mars_SMOTETPhi",7,0.495220648017437,0.552008186398804,0.522074722917134
"DS07","Bike Sharing Hourly - Windspeed","mc.mars_SMOTETPhi",8,0.507706689553864,0.556321763035011,0.530903623770686
"DS07","Bike Sharing Hourly - Windspeed","mc.mars_SMOTETPhi",9,0.499324498389494,0.555696149231457,0.526004304461085
"DS07","Bike Sharing Hourly - Windspeed","mc.mars_SMOTETPhi",10,0.510163144406248,0.553988465783215,0.531173368460983
"DS07","Bike Sharing Hourly - Windspeed","mc.mars_SMOTETPhi",11,0.516444988398925,0.566798587825722,0.540451467313343
"DS07","Bike Sharing Hourly - Windspeed","mc.mars_SMOTETPhi",12,0.50834157352779,0.56190880640336,0.533784639898155
"DS07","Bike Sharing Hourly - Windspeed","mc.mars_SMOTETPhi",13,0.528838516595396,0.572467808246214,0.549788954594601
"DS07","Bike Sharing Hourly - Windspeed","mc.mars_SMOTETPhi",14,0.534014951448388,0.569349437229187,0.551116413034712
"DS07","Bike Sharing Hourly - Windspeed","mc.mars_SMOTETPhi",15,0.516990095141772,0.571614908109929,0.542931999844721
"DS07","Bike Sharing Hourly - Windspeed","mc.mars_SMOTETPhi",16,0.533132158863123,0.56948900041554,0.550711180690497
"DS07","Bike Sharing Hourly - Windspeed","mc.mars_SMOTETPhi",17,0.513899289743569,0.569140668732979,0.54011116235725
"DS07","Bike Sharing Hourly - Windspeed","mc.mars_SMOTETPhi",18,0.533384443323308,0.568584920570554,0.550422473214532
"DS07","Bike Sharing Hourly - Windspeed","mc.mars_SMOTETPhi",19,0.525801674512639,0.57893529446619,0.551090722610957
"DS07","Bike Sharing Hourly - Windspeed","mc.mars_SMOTETPhi",20,0.517291868848941,0.56202323128839,0.53873062206338
"DS07","Bike Sharing Hourly - Windspeed","mc.mars_SMOTETPhi",21,0.539618044939668,0.565280941183368,0.552151463896913
"DS07","Bike Sharing Hourly - Windspeed","mc.mars_SMOTETPhi",22,0.527017598098323,0.570611951905057,0.547949060479053
"DS07","Bike Sharing Hourly - Windspeed","mc.mars_SMOTETPhi",23,0.528891620524494,0.572602977506797,0.549879985307231
"DS07","Bike Sharing Hourly - Windspeed","mc.mars_SMOTETPhi",24,0.536023861083224,0.575095001050825,0.554872486568829
"DS07","Bike Sharing Hourly - Windspeed","mc.mars_SMOTETPhi",25,0.546347963708312,0.582169871509294,0.56369038025899
"DS07","Bike Sharing Hourly - Windspeed","mc.mars_SMOTETPhi",26,0.536357054639344,0.569774048507414,0.552560776200911
"DS07","Bike Sharing Hourly - Windspeed","mc.mars_SMOTETPhi",27,0.535803955844404,0.565573255164184,0.550286285947864
"DS07","Bike Sharing Hourly - Windspeed","mc.mars_SMOTETPhi",28,0.534755403244757,0.564728717053886,0.549333505116959
"DS07","Bike Sharing Hourly - Windspeed","mc.mars_SMOTETPhi",29,0.529745720767256,0.561539431788223,0.545179434239145
"DS07","Bike Sharing Hourly - Windspeed","mc.mars_SMOTETPhi",30,0.549686755885777,0.56928368499774,0.559313616431238
"DS07","Bike Sharing Hourly - Windspeed","mc.mars_SMOTETPhi",31,0.548905910173608,0.57049622912002,0.559492859453245
"DS07","Bike Sharing Hourly - Windspeed","mc.mars_SMOTETPhi",32,0.525910685515709,0.569231970927709,0.546714483792033
"DS07","Bike Sharing Hourly - Windspeed","mc.mars_SMOTETPhi",33,0.514291762263489,0.566772279072819,0.539258180942077
"DS07","Bike Sharing Hourly - Windspeed","mc.mars_SMOTETPhi",34,0.525883352274774,0.569241699547271,0.546704200975858
"DS07","Bike Sharing Hourly - Windspeed","mc.mars_SMOTETPhi",35,0.526310080544175,0.573257008287911,0.548781325430516
"DS07","Bike Sharing Hourly - Windspeed","mc.mars_SMOTETPhi",36,0.533434703136277,0.570280473884132,0.551242569866686
"DS07","Bike Sharing Hourly - Windspeed","mc.mars_SMOTETPhi",37,0.532029788623537,0.574087418173908,0.552259029812612
"DS07","Bike Sharing Hourly - Windspeed","mc.mars_SMOTETPhi",38,0.5257089957067,0.56676275310791,0.545464499312898
"DS07","Bike Sharing Hourly - Windspeed","mc.mars_SMOTETPhi",39,0.531719879754845,0.568601851922105,0.54954273759844
"DS07","Bike Sharing Hourly - Windspeed","mc.mars_SMOTETPhi",40,0.531055315221657,0.563550135791141,0.54682039949438
"DS07","Bike Sharing Hourly - Windspeed","mc.mars_SMOTETPhi",41,0.528737571543851,0.575675347013209,0.551209026738131
"DS07","Bike Sharing Hourly - Windspeed","mc.mars_SMOTETPhi",42,0.543998337898308,0.571113479900168,0.557226241993173
"DS07","Bike Sharing Hourly - Windspeed","mc.mars_SMOTETPhi",43,0.536693004884943,0.577102361080601,0.556164641654874
"DS07","Bike Sharing Hourly - Windspeed","mc.mars_SMOTETPhi",44,0.549259527500886,0.572088935099945,0.560441840625837
"DS07","Bike Sharing Hourly - Windspeed","mc.mars_SMOTETPhi",45,0.522317109958822,0.581039698594418,0.550115744586965
"DS07","Bike Sharing Hourly - Windspeed","mc.mars_SMOTETPhi",46,0.550101798851583,0.565063542565646,0.557482302733279
"DS07","Bike Sharing Hourly - Windspeed","mc.mars_SMOTETPhi",47,0.541303157100244,0.57456084763998,0.557436389116464
"DS07","Bike Sharing Hourly - Windspeed","mc.mars_SMOTETPhi",48,0.527910475507686,0.574779217348618,0.550348791519875
"DS07","Bike Sharing Hourly - Windspeed","mc.mars_SMOTETPhi",49,0.526608054427038,0.579874134792519,0.551958979386802
"DS07","Bike Sharing Hourly - Windspeed","mc.mars_SMOTETPhi",50,0.540606504044678,0.560254950921459,0.550255382319094
"DS07","Bike Sharing Hourly - Windspeed","mc.rf",1,0.543485083532597,0.463667235855052,0.500413336809323
"DS07","Bike Sharing Hourly - Windspeed","mc.rf",2,0.570323902154273,0.462949480348155,0.511057690256203
"DS07","Bike Sharing Hourly - Windspeed","mc.rf",3,0.563510127879835,0.464817838783707,0.509428058489313
"DS07","Bike Sharing Hourly - Windspeed","mc.rf",4,0.570638101201135,0.464341544075503,0.512031281444621
"DS07","Bike Sharing Hourly - Windspeed","mc.rf",5,0.575481454188554,0.463695196220613,0.51357579236642
"DS07","Bike Sharing Hourly - Windspeed","mc.rf",6,0.524107819746552,0.462839454565792,0.491571908122806
"DS07","Bike Sharing Hourly - Windspeed","mc.rf",7,0.561848564352099,0.462822848622423,0.507550712853395
"DS07","Bike Sharing Hourly - Windspeed","mc.rf",8,0.590342122631225,0.46195975387688,0.518319519829869
"DS07","Bike Sharing Hourly - Windspeed","mc.rf",9,0.552976713160473,0.462314180496683,0.503597496196713
"DS07","Bike Sharing Hourly - Windspeed","mc.rf",10,0.550346055122486,0.461132230390222,0.501804749582839
"DS07","Bike Sharing Hourly - Windspeed","mc.rf",11,0.529796288954739,0.46622327703873,0.495980943412624
"DS07","Bike Sharing Hourly - Windspeed","mc.rf",12,0.508124288260115,0.465106029573765,0.485664422720947
"DS07","Bike Sharing Hourly - Windspeed","mc.rf",13,0.546852507852981,0.46617400764043,0.503300597319265
"DS07","Bike Sharing Hourly - Windspeed","mc.rf",14,0.549099333836408,0.466991543540855,0.504727974976813
"DS07","Bike Sharing Hourly - Windspeed","mc.rf",15,0.545443844597737,0.465930475316256,0.502561523993138
"DS07","Bike Sharing Hourly - Windspeed","mc.rf",16,0.540841375258574,0.466232677531637,0.500773347914319
"DS07","Bike Sharing Hourly - Windspeed","mc.rf",17,0.501453202298073,0.466742699330908,0.48347575286147
"DS07","Bike Sharing Hourly - Windspeed","mc.rf",18,0.508477322076917,0.468435449093819,0.487635763908945
"DS07","Bike Sharing Hourly - Windspeed","mc.rf",19,0.547764172822356,0.466874669772058,0.504095066271042
"DS07","Bike Sharing Hourly - Windspeed","mc.rf",20,0.563851980408807,0.464153632862438,0.509168319170205
"DS07","Bike Sharing Hourly - Windspeed","mc.rf",21,0.568445642928414,0.460764059760835,0.508971731425924
"DS07","Bike Sharing Hourly - Windspeed","mc.rf",22,0.558372893525003,0.463471663636914,0.506515422679467
"DS07","Bike Sharing Hourly - Windspeed","mc.rf",23,0.549487727125971,0.46067477407958,0.501177056663975
"DS07","Bike Sharing Hourly - Windspeed","mc.rf",24,0.570795656959024,0.462715600534626,0.511104360552113
"DS07","Bike Sharing Hourly - Windspeed","mc.rf",25,0.595214361465101,0.460996852338552,0.519577795645562
"DS07","Bike Sharing Hourly - Windspeed","mc.rf",26,0.625585933987263,0.461823341682805,0.531373408353039
"DS07","Bike Sharing Hourly - Windspeed","mc.rf",27,0.637636481393998,0.461588033924218,0.53551456632098
"DS07","Bike Sharing Hourly - Windspeed","mc.rf",28,0.62722095330383,0.461806592620811,0.531951229974971
"DS07","Bike Sharing Hourly - Windspeed","mc.rf",29,0.582672259124979,0.460879051572146,0.514668393226445
"DS07","Bike Sharing Hourly - Windspeed","mc.rf",30,0.562732844995379,0.460613896711012,0.506578186995319
"DS07","Bike Sharing Hourly - Windspeed","mc.rf",31,0.582575344959687,0.464299772663358,0.516756193113488
"DS07","Bike Sharing Hourly - Windspeed","mc.rf",32,0.559673412625312,0.463157845001759,0.506861967237281
"DS07","Bike Sharing Hourly - Windspeed","mc.rf",33,0.582079763017675,0.467293459531727,0.518408627815223
"DS07","Bike Sharing Hourly - Windspeed","mc.rf",34,0.580367102758063,0.467069174334241,0.517590596056998
"DS07","Bike Sharing Hourly - Windspeed","mc.rf",35,0.615323687793779,0.468198778545703,0.531772635981543
"DS07","Bike Sharing Hourly - Windspeed","mc.rf",36,0.579242797933257,0.468715755244519,0.518150693421894
"DS07","Bike Sharing Hourly - Windspeed","mc.rf",37,0.555226261209126,0.470549765818002,0.509393045468491
"DS07","Bike Sharing Hourly - Windspeed","mc.rf",38,0.573415425155378,0.471351494047674,0.51739811509947
"DS07","Bike Sharing Hourly - Windspeed","mc.rf",39,0.569770578645362,0.471382112476149,0.515927512417606
"DS07","Bike Sharing Hourly - Windspeed","mc.rf",40,0.579514015125515,0.471546098348657,0.519984669321231
"DS07","Bike Sharing Hourly - Windspeed","mc.rf",41,0.583433859298451,0.471492888742907,0.521524202930277
"DS07","Bike Sharing Hourly - Windspeed","mc.rf",42,0.558571803567627,0.471765036289285,0.511511647427551
"DS07","Bike Sharing Hourly - Windspeed","mc.rf",43,0.521789279228994,0.472477416875313,0.495910507249823
"DS07","Bike Sharing Hourly - Windspeed","mc.rf",44,0.506268505332938,0.472041894425416,0.488556483513438
"DS07","Bike Sharing Hourly - Windspeed","mc.rf",45,0.509395195234536,0.473037552566095,0.490543616307816
"DS07","Bike Sharing Hourly - Windspeed","mc.rf",46,0.535782081951996,0.470132757643036,0.500815173946983
"DS07","Bike Sharing Hourly - Windspeed","mc.rf",47,0.513053826379732,0.469789669590529,0.490469517406022
"DS07","Bike Sharing Hourly - Windspeed","mc.rf",48,0.489218159734589,0.469034709822661,0.478913875201039
"DS07","Bike Sharing Hourly - Windspeed","mc.rf",49,0.46878456773308,0.470417986765113,0.469599856864473
"DS07","Bike Sharing Hourly - Windspeed","mc.rf",50,0.503207448168274,0.46659839613409,0.484211947406745
"DS07","Bike Sharing Hourly - Windspeed","mc.rf_UNDERB",1,0.568627927816942,0.526743722538353,0.54688505283191
"DS07","Bike Sharing Hourly - Windspeed","mc.rf_UNDERB",2,0.570012064425621,0.526129389253913,0.547192332370805
"DS07","Bike Sharing Hourly - Windspeed","mc.rf_UNDERB",3,0.584584558153872,0.524992698772995,0.553188384008935
"DS07","Bike Sharing Hourly - Windspeed","mc.rf_UNDERB",4,0.579019307681452,0.532557623421815,0.554817462985891
"DS07","Bike Sharing Hourly - Windspeed","mc.rf_UNDERB",5,0.584957017716289,0.532694862523465,0.557604033319697
"DS07","Bike Sharing Hourly - Windspeed","mc.rf_UNDERB",6,0.569829031098737,0.52587205536809,0.546968817487564
"DS07","Bike Sharing Hourly - Windspeed","mc.rf_UNDERB",7,0.575849401705047,0.53184836426787,0.552974957194143
"DS07","Bike Sharing Hourly - Windspeed","mc.rf_UNDERB",8,0.571552695515767,0.529577115440124,0.549764841168926
"DS07","Bike Sharing Hourly - Windspeed","mc.rf_UNDERB",9,0.606666967066369,0.530743623364505,0.566171314009632
"DS07","Bike Sharing Hourly - Windspeed","mc.rf_UNDERB",10,0.606229482188515,0.532933186720664,0.567223309970494
"DS07","Bike Sharing Hourly - Windspeed","mc.rf_UNDERB",11,0.565311816301363,0.53528946452623,0.549891163511574
"DS07","Bike Sharing Hourly - Windspeed","mc.rf_UNDERB",12,0.601789047420271,0.536044469613628,0.56701738156669
"DS07","Bike Sharing Hourly - Windspeed","mc.rf_UNDERB",13,0.581373975633816,0.540818354810314,0.560363332562386
"DS07","Bike Sharing Hourly - Windspeed","mc.rf_UNDERB",14,0.580502174342722,0.539298423181748,0.559142240089339
"DS07","Bike Sharing Hourly - Windspeed","mc.rf_UNDERB",15,0.574750463777135,0.54152925625833,0.557645517690626
"DS07","Bike Sharing Hourly - Windspeed","mc.rf_UNDERB",16,0.582568838296143,0.536912478996598,0.558809645724453
"DS07","Bike Sharing Hourly - Windspeed","mc.rf_UNDERB",17,0.574736907555508,0.54111376267217,0.557418763803713
"DS07","Bike Sharing Hourly - Windspeed","mc.rf_UNDERB",18,0.585019476509716,0.541297135711484,0.562309680127402
"DS07","Bike Sharing Hourly - Windspeed","mc.rf_UNDERB",19,0.591567031676328,0.540119675107792,0.564673935000016
"DS07","Bike Sharing Hourly - Windspeed","mc.rf_UNDERB",20,0.609674785277211,0.547127071513734,0.576709966164529
"DS07","Bike Sharing Hourly - Windspeed","mc.rf_UNDERB",21,0.558536597618203,0.533097359601721,0.545520562935743
"DS07","Bike Sharing Hourly - Windspeed","mc.rf_UNDERB",22,0.596006582378952,0.539464194431563,0.566327583950891
"DS07","Bike Sharing Hourly - Windspeed","mc.rf_UNDERB",23,0.59201069210555,0.535739685239163,0.562471320282079
"DS07","Bike Sharing Hourly - Windspeed","mc.rf_UNDERB",24,0.584078249196158,0.537621588652902,0.559887887356009
"DS07","Bike Sharing Hourly - Windspeed","mc.rf_UNDERB",25,0.598723946493042,0.536102619956504,0.565685516774317
"DS07","Bike Sharing Hourly - Windspeed","mc.rf_UNDERB",26,0.568188922300092,0.540204081076853,0.553843219352738
"DS07","Bike Sharing Hourly - Windspeed","mc.rf_UNDERB",27,0.57925990948986,0.54595070588407,0.562112287522699
"DS07","Bike Sharing Hourly - Windspeed","mc.rf_UNDERB",28,0.578361929562485,0.54008316365556,0.558567501525342
"DS07","Bike Sharing Hourly - Windspeed","mc.rf_UNDERB",29,0.5958688419347,0.539017172500597,0.566019026185045
"DS07","Bike Sharing Hourly - Windspeed","mc.rf_UNDERB",30,0.556449688903573,0.540981056952624,0.548606355308838
"DS07","Bike Sharing Hourly - Windspeed","mc.rf_UNDERB",31,0.561892257363205,0.547931799169272,0.554824224081496
"DS07","Bike Sharing Hourly - Windspeed","mc.rf_UNDERB",32,0.550749939350721,0.542168766899527,0.546425665111452
"DS07","Bike Sharing Hourly - Windspeed","mc.rf_UNDERB",33,0.576040932093604,0.547022902219199,0.561157029268436
"DS07","Bike Sharing Hourly - Windspeed","mc.rf_UNDERB",34,0.567980318402192,0.54648343742149,0.557024551343577
"DS07","Bike Sharing Hourly - Windspeed","mc.rf_UNDERB",35,0.563441625053734,0.547613003420888,0.555414563137421
"DS07","Bike Sharing Hourly - Windspeed","mc.rf_UNDERB",36,0.571444975668983,0.551021980318348,0.561047682440012
"DS07","Bike Sharing Hourly - Windspeed","mc.rf_UNDERB",37,0.587296561451213,0.552961575896982,0.56961212816984
"DS07","Bike Sharing Hourly - Windspeed","mc.rf_UNDERB",38,0.570685886120597,0.552156782429848,0.561268451020427
"DS07","Bike Sharing Hourly - Windspeed","mc.rf_UNDERB",39,0.581974741601346,0.552316307885014,0.566757783567357
"DS07","Bike Sharing Hourly - Windspeed","mc.rf_UNDERB",40,0.57559597632653,0.554813207687801,0.565013544606632
"DS07","Bike Sharing Hourly - Windspeed","mc.rf_UNDERB",41,0.549125432814987,0.549296551661976,0.549210978909515
"DS07","Bike Sharing Hourly - Windspeed","mc.rf_UNDERB",42,0.582458883424156,0.558392908858982,0.570172063375697
"DS07","Bike Sharing Hourly - Windspeed","mc.rf_UNDERB",43,0.589756107502997,0.549278383837812,0.568798019814835
"DS07","Bike Sharing Hourly - Windspeed","mc.rf_UNDERB",44,0.572366150154415,0.555086880479535,0.5635941048518
"DS07","Bike Sharing Hourly - Windspeed","mc.rf_UNDERB",45,0.573452355078136,0.55137284805184,0.562195899170177
"DS07","Bike Sharing Hourly - Windspeed","mc.rf_UNDERB",46,0.563929571002945,0.552402380364372,0.5581064610725
"DS07","Bike Sharing Hourly - Windspeed","mc.rf_UNDERB",47,0.602065032575364,0.548739256649825,0.574166644187072
"DS07","Bike Sharing Hourly - Windspeed","mc.rf_UNDERB",48,0.569861840264103,0.551203851969003,0.560377582901546
"DS07","Bike Sharing Hourly - Windspeed","mc.rf_UNDERB",49,0.583562976237918,0.555147342445892,0.569000614278708
"DS07","Bike Sharing Hourly - Windspeed","mc.rf_UNDERB",50,0.585947049758043,0.547715708150343,0.566186727151473
"DS07","Bike Sharing Hourly - Windspeed","mc.rf_UNDERT",1,0.574952468545364,0.524919137353211,0.548797790922812
"DS07","Bike Sharing Hourly - Windspeed","mc.rf_UNDERT",2,0.584035769791983,0.522807748395411,0.55172826288464
"DS07","Bike Sharing Hourly - Windspeed","mc.rf_UNDERT",3,0.580230260187347,0.524450667591451,0.550932200710446
"DS07","Bike Sharing Hourly - Windspeed","mc.rf_UNDERT",4,0.575801453461532,0.532142758450188,0.553111917496188
"DS07","Bike Sharing Hourly - Windspeed","mc.rf_UNDERT",5,0.58161050313884,0.527691517792352,0.553340611256932
"DS07","Bike Sharing Hourly - Windspeed","mc.rf_UNDERT",6,0.588524459677421,0.524720997987315,0.554794344222481
"DS07","Bike Sharing Hourly - Windspeed","mc.rf_UNDERT",7,0.572787899329267,0.526499951062116,0.5486693969345
"DS07","Bike Sharing Hourly - Windspeed","mc.rf_UNDERT",8,0.586429795331214,0.529702517154359,0.556624578011713
"DS07","Bike Sharing Hourly - Windspeed","mc.rf_UNDERT",9,0.581130428044617,0.528777859272519,0.553719450896853
"DS07","Bike Sharing Hourly - Windspeed","mc.rf_UNDERT",10,0.573099000885289,0.528667826659262,0.549987521286793
"DS07","Bike Sharing Hourly - Windspeed","mc.rf_UNDERT",11,0.564349537298539,0.537077415791545,0.550375837898464
"DS07","Bike Sharing Hourly - Windspeed","mc.rf_UNDERT",12,0.604456533372466,0.53573863348636,0.568026819624227
"DS07","Bike Sharing Hourly - Windspeed","mc.rf_UNDERT",13,0.588182330395745,0.53871724350598,0.562364155685363
"DS07","Bike Sharing Hourly - Windspeed","mc.rf_UNDERT",14,0.588258152790934,0.538312114219982,0.5621779647642
"DS07","Bike Sharing Hourly - Windspeed","mc.rf_UNDERT",15,0.575995392544831,0.537850323524321,0.556269694733058
"DS07","Bike Sharing Hourly - Windspeed","mc.rf_UNDERT",16,0.611464136591087,0.54445412425869,0.576016803746233
"DS07","Bike Sharing Hourly - Windspeed","mc.rf_UNDERT",17,0.598331547512447,0.541340863394726,0.568411261739445
"DS07","Bike Sharing Hourly - Windspeed","mc.rf_UNDERT",18,0.591394461971066,0.542664089349562,0.565982306254252
"DS07","Bike Sharing Hourly - Windspeed","mc.rf_UNDERT",19,0.583334630678236,0.541340655578323,0.561553641751953
"DS07","Bike Sharing Hourly - Windspeed","mc.rf_UNDERT",20,0.584507305167061,0.535581064115061,0.558975618477388
"DS07","Bike Sharing Hourly - Windspeed","mc.rf_UNDERT",21,0.610245743080512,0.537807677970617,0.571741419100684
"DS07","Bike Sharing Hourly - Windspeed","mc.rf_UNDERT",22,0.570449481989984,0.536850546388519,0.553140265952721
"DS07","Bike Sharing Hourly - Windspeed","mc.rf_UNDERT",23,0.587571525004464,0.541513157725141,0.563602919712518
"DS07","Bike Sharing Hourly - Windspeed","mc.rf_UNDERT",24,0.603739726217841,0.537640385894858,0.568776091223439
"DS07","Bike Sharing Hourly - Windspeed","mc.rf_UNDERT",25,0.587741049691389,0.538973882555119,0.562302080895619
"DS07","Bike Sharing Hourly - Windspeed","mc.rf_UNDERT",26,0.609679842160424,0.538863911344147,0.57208872263122
"DS07","Bike Sharing Hourly - Windspeed","mc.rf_UNDERT",27,0.577281027771443,0.541600484830162,0.558871839427011
"DS07","Bike Sharing Hourly - Windspeed","mc.rf_UNDERT",28,0.575030996492559,0.540424463523855,0.557190903497852
"DS07","Bike Sharing Hourly - Windspeed","mc.rf_UNDERT",29,0.556227106978137,0.542610290734376,0.549334328918993
"DS07","Bike Sharing Hourly - Windspeed","mc.rf_UNDERT",30,0.555791432567518,0.540580860308533,0.548080634145372
"DS07","Bike Sharing Hourly - Windspeed","mc.rf_UNDERT",31,0.566058859466151,0.54520202313993,0.555434714256247
"DS07","Bike Sharing Hourly - Windspeed","mc.rf_UNDERT",32,0.559056711791742,0.549125243668586,0.554046475083917
"DS07","Bike Sharing Hourly - Windspeed","mc.rf_UNDERT",33,0.571335558416364,0.544170485644405,0.557422256821789
"DS07","Bike Sharing Hourly - Windspeed","mc.rf_UNDERT",34,0.569779052424668,0.551368044276646,0.560422379417506
"DS07","Bike Sharing Hourly - Windspeed","mc.rf_UNDERT",35,0.572504495030617,0.544165550199451,0.557975428571308
"DS07","Bike Sharing Hourly - Windspeed","mc.rf_UNDERT",36,0.574113287160765,0.546789266346688,0.560118240616414
"DS07","Bike Sharing Hourly - Windspeed","mc.rf_UNDERT",37,0.598435467678689,0.54725889761546,0.57170418962783
"DS07","Bike Sharing Hourly - Windspeed","mc.rf_UNDERT",38,0.565372648354062,0.552391891464232,0.558806896230957
"DS07","Bike Sharing Hourly - Windspeed","mc.rf_UNDERT",39,0.579848721011544,0.549292278140256,0.564157045365289
"DS07","Bike Sharing Hourly - Windspeed","mc.rf_UNDERT",40,0.581239390646417,0.552638206047536,0.566578076976855
"DS07","Bike Sharing Hourly - Windspeed","mc.rf_UNDERT",41,0.578028571702575,0.55571957554449,0.566654584263929
"DS07","Bike Sharing Hourly - Windspeed","mc.rf_UNDERT",42,0.574143602408708,0.551733148934548,0.562715336860178
"DS07","Bike Sharing Hourly - Windspeed","mc.rf_UNDERT",43,0.576819457982607,0.554042726193056,0.565201718642388
"DS07","Bike Sharing Hourly - Windspeed","mc.rf_UNDERT",44,0.582254559190422,0.546451419865487,0.563785142449394
"DS07","Bike Sharing Hourly - Windspeed","mc.rf_UNDERT",45,0.590115828289495,0.549850391058619,0.569271989726871
"DS07","Bike Sharing Hourly - Windspeed","mc.rf_UNDERT",46,0.585892409286404,0.557508830619788,0.57134832562727
"DS07","Bike Sharing Hourly - Windspeed","mc.rf_UNDERT",47,0.590752413981547,0.552474079081157,0.570972415107466
"DS07","Bike Sharing Hourly - Windspeed","mc.rf_UNDERT",48,0.564381195322957,0.545372017431608,0.554713800430901
"DS07","Bike Sharing Hourly - Windspeed","mc.rf_UNDERT",49,0.578633347383454,0.556244380685978,0.567218018291874
"DS07","Bike Sharing Hourly - Windspeed","mc.rf_UNDERT",50,0.571877260427074,0.549756074802437,0.560598527319674
"DS07","Bike Sharing Hourly - Windspeed","mc.rf_UNDERTPhi",1,0.58267464417903,0.53582383220268,0.558268012633023
"DS07","Bike Sharing Hourly - Windspeed","mc.rf_UNDERTPhi",2,0.585026569660083,0.534476479801197,0.55861025424193
"DS07","Bike Sharing Hourly - Windspeed","mc.rf_UNDERTPhi",3,0.58093502045124,0.54191634283278,0.560747739194383
"DS07","Bike Sharing Hourly - Windspeed","mc.rf_UNDERTPhi",4,0.576884989344899,0.542589894599684,0.559212127139216
"DS07","Bike Sharing Hourly - Windspeed","mc.rf_UNDERTPhi",5,0.59095085118034,0.543373270346623,0.566164274436351
"DS07","Bike Sharing Hourly - Windspeed","mc.rf_UNDERTPhi",6,0.578594040420007,0.542253857386207,0.559834837345011
"DS07","Bike Sharing Hourly - Windspeed","mc.rf_UNDERTPhi",7,0.588588588722344,0.541116274068113,0.563854993598483
"DS07","Bike Sharing Hourly - Windspeed","mc.rf_UNDERTPhi",8,0.575073463571973,0.539052121517242,0.556480480684621
"DS07","Bike Sharing Hourly - Windspeed","mc.rf_UNDERTPhi",9,0.604805992435642,0.544647428523449,0.573152461038034
"DS07","Bike Sharing Hourly - Windspeed","mc.rf_UNDERTPhi",10,0.589583536987922,0.538696947918524,0.56299272418017
"DS07","Bike Sharing Hourly - Windspeed","mc.rf_UNDERTPhi",11,0.59632473270862,0.546186581812715,0.57015552190826
"DS07","Bike Sharing Hourly - Windspeed","mc.rf_UNDERTPhi",12,0.579329004815927,0.550787064351831,0.564697610381586
"DS07","Bike Sharing Hourly - Windspeed","mc.rf_UNDERTPhi",13,0.595353148023489,0.553965701611899,0.57391423529913
"DS07","Bike Sharing Hourly - Windspeed","mc.rf_UNDERTPhi",14,0.571770970966266,0.5549931438473,0.563257144179989
"DS07","Bike Sharing Hourly - Windspeed","mc.rf_UNDERTPhi",15,0.581415057527572,0.555588173183618,0.568208288152603
"DS07","Bike Sharing Hourly - Windspeed","mc.rf_UNDERTPhi",16,0.578836263616783,0.552306715715582,0.56526038093603
"DS07","Bike Sharing Hourly - Windspeed","mc.rf_UNDERTPhi",17,0.588312313020132,0.553743956883285,0.570504968415394
"DS07","Bike Sharing Hourly - Windspeed","mc.rf_UNDERTPhi",18,0.599822979736315,0.561350859096517,0.579949588460006
"DS07","Bike Sharing Hourly - Windspeed","mc.rf_UNDERTPhi",19,0.558359015632811,0.549037562953441,0.553659057873356
"DS07","Bike Sharing Hourly - Windspeed","mc.rf_UNDERTPhi",20,0.586850891941603,0.54992664374617,0.567789090219199
"DS07","Bike Sharing Hourly - Windspeed","mc.rf_UNDERTPhi",21,0.574012275227852,0.548468616880102,0.560949804811719
"DS07","Bike Sharing Hourly - Windspeed","mc.rf_UNDERTPhi",22,0.584819161553735,0.55093921438461,0.567373864458248
"DS07","Bike Sharing Hourly - Windspeed","mc.rf_UNDERTPhi",23,0.595508745957638,0.550140173680038,0.571926144761221
"DS07","Bike Sharing Hourly - Windspeed","mc.rf_UNDERTPhi",24,0.595205284179016,0.554707283037281,0.574243147608406
"DS07","Bike Sharing Hourly - Windspeed","mc.rf_UNDERTPhi",25,0.587077285565175,0.549647623593779,0.56774621947105
"DS07","Bike Sharing Hourly - Windspeed","mc.rf_UNDERTPhi",26,0.573621000710943,0.558173270001701,0.565791713200441
"DS07","Bike Sharing Hourly - Windspeed","mc.rf_UNDERTPhi",27,0.563048659457348,0.558761041931351,0.560896656940976
"DS07","Bike Sharing Hourly - Windspeed","mc.rf_UNDERTPhi",28,0.57600653278236,0.554911919252599,0.565262490912853
"DS07","Bike Sharing Hourly - Windspeed","mc.rf_UNDERTPhi",29,0.568358599802927,0.554894469412512,0.561545839165108
"DS07","Bike Sharing Hourly - Windspeed","mc.rf_UNDERTPhi",30,0.578823696483466,0.562598998229952,0.570596034758389
"DS07","Bike Sharing Hourly - Windspeed","mc.rf_UNDERTPhi",31,0.566716499460092,0.561984816449959,0.564340739997195
"DS07","Bike Sharing Hourly - Windspeed","mc.rf_UNDERTPhi",32,0.592354687556111,0.556462206590507,0.573847752764046
"DS07","Bike Sharing Hourly - Windspeed","mc.rf_UNDERTPhi",33,0.579544078788479,0.563055288690486,0.571180709317373
"DS07","Bike Sharing Hourly - Windspeed","mc.rf_UNDERTPhi",34,0.572920603010816,0.567380323586718,0.57013700426555
"DS07","Bike Sharing Hourly - Windspeed","mc.rf_UNDERTPhi",35,0.569853630370852,0.567521469785846,0.56868515905845
"DS07","Bike Sharing Hourly - Windspeed","mc.rf_UNDERTPhi",36,0.577083607439059,0.565425570433691,0.571195110277713
"DS07","Bike Sharing Hourly - Windspeed","mc.rf_UNDERTPhi",37,0.567177047111004,0.565381947132054,0.566278074509572
"DS07","Bike Sharing Hourly - Windspeed","mc.rf_UNDERTPhi",38,0.58354949918622,0.569226310944583,0.576298922576525
"DS07","Bike Sharing Hourly - Windspeed","mc.rf_UNDERTPhi",39,0.567707456832017,0.568414856720663,0.568060936547146
"DS07","Bike Sharing Hourly - Windspeed","mc.rf_UNDERTPhi",40,0.566462979521447,0.567629357205821,0.567045568572568
"DS07","Bike Sharing Hourly - Windspeed","mc.rf_UNDERTPhi",41,0.56652247104385,0.568951478966617,0.567734376936168
"DS07","Bike Sharing Hourly - Windspeed","mc.rf_UNDERTPhi",42,0.563068338834049,0.56698043343666,0.565017614531971
"DS07","Bike Sharing Hourly - Windspeed","mc.rf_UNDERTPhi",43,0.569545023125517,0.565618096871634,0.567574767692901
"DS07","Bike Sharing Hourly - Windspeed","mc.rf_UNDERTPhi",44,0.569411100635696,0.568454665293605,0.568932480997832
"DS07","Bike Sharing Hourly - Windspeed","mc.rf_UNDERTPhi",45,0.56448066419007,0.565843618115456,0.565161319422472
"DS07","Bike Sharing Hourly - Windspeed","mc.rf_UNDERTPhi",46,0.570719258015777,0.569680020495492,0.57019916573086
"DS07","Bike Sharing Hourly - Windspeed","mc.rf_UNDERTPhi",47,0.58211929199614,0.570300235822707,0.576149156602163
"DS07","Bike Sharing Hourly - Windspeed","mc.rf_UNDERTPhi",48,0.54756179497605,0.572543561448542,0.559774093411096
"DS07","Bike Sharing Hourly - Windspeed","mc.rf_UNDERTPhi",49,0.564164601765916,0.56595997443558,0.565060861991144
"DS07","Bike Sharing Hourly - Windspeed","mc.rf_UNDERTPhi",50,0.571860154993,0.562224238168018,0.567001260079831
"DS07","Bike Sharing Hourly - Windspeed","mc.rf_OVERB",1,0.546683597862681,0.474068426403847,0.507793130590715
"DS07","Bike Sharing Hourly - Windspeed","mc.rf_OVERB",2,0.550454524528461,0.475063362928208,0.509987745235868
"DS07","Bike Sharing Hourly - Windspeed","mc.rf_OVERB",3,0.560642007129774,0.478561995733049,0.516360516481235
"DS07","Bike Sharing Hourly - Windspeed","mc.rf_OVERB",4,0.532240722830301,0.478978346746738,0.504206831461705
"DS07","Bike Sharing Hourly - Windspeed","mc.rf_OVERB",5,0.513647677634781,0.476444904210872,0.494347342978054
"DS07","Bike Sharing Hourly - Windspeed","mc.rf_OVERB",6,0.523275344287454,0.477239124366316,0.499198112439583
"DS07","Bike Sharing Hourly - Windspeed","mc.rf_OVERB",7,0.513464838928765,0.476388389308623,0.494232236873048
"DS07","Bike Sharing Hourly - Windspeed","mc.rf_OVERB",8,0.518511024424814,0.477512791955328,0.497168125622838
"DS07","Bike Sharing Hourly - Windspeed","mc.rf_OVERB",9,0.52749901228967,0.476479139114575,0.500692719075655
"DS07","Bike Sharing Hourly - Windspeed","mc.rf_OVERB",10,0.522836999152156,0.477211074611627,0.498983224422575
"DS07","Bike Sharing Hourly - Windspeed","mc.rf_OVERB",11,0.483356407038566,0.4802282849719,0.481787268533712
"DS07","Bike Sharing Hourly - Windspeed","mc.rf_OVERB",12,0.514018191077026,0.484448365386026,0.498795419504192
"DS07","Bike Sharing Hourly - Windspeed","mc.rf_OVERB",13,0.522811679148311,0.48460070642157,0.502981525082996
"DS07","Bike Sharing Hourly - Windspeed","mc.rf_OVERB",14,0.518804120809125,0.480971669829323,0.499172087654875
"DS07","Bike Sharing Hourly - Windspeed","mc.rf_OVERB",15,0.513927747891256,0.482002192849927,0.497453267175918
"DS07","Bike Sharing Hourly - Windspeed","mc.rf_OVERB",16,0.545570301684271,0.486343548801905,0.51425726385404
"DS07","Bike Sharing Hourly - Windspeed","mc.rf_OVERB",17,0.552005183979644,0.485225891874009,0.516465836689588
"DS07","Bike Sharing Hourly - Windspeed","mc.rf_OVERB",18,0.543591538377679,0.487196475185803,0.513851302020642
"DS07","Bike Sharing Hourly - Windspeed","mc.rf_OVERB",19,0.559548672564626,0.487478223204335,0.521033019878293
"DS07","Bike Sharing Hourly - Windspeed","mc.rf_OVERB",20,0.531009297259656,0.481415744732739,0.504997853070067
"DS07","Bike Sharing Hourly - Windspeed","mc.rf_OVERB",21,0.558352424201217,0.479503155866838,0.51593257218471
"DS07","Bike Sharing Hourly - Windspeed","mc.rf_OVERB",22,0.597719745220609,0.47987880314879,0.532356017719021
"DS07","Bike Sharing Hourly - Windspeed","mc.rf_OVERB",23,0.517799535496501,0.474684877373753,0.495305731402907
"DS07","Bike Sharing Hourly - Windspeed","mc.rf_OVERB",24,0.602353160034471,0.474939831093027,0.531111796774449
"DS07","Bike Sharing Hourly - Windspeed","mc.rf_OVERB",25,0.573422999411201,0.476414631463037,0.520436873098984
"DS07","Bike Sharing Hourly - Windspeed","mc.rf_OVERB",26,0.541103723786639,0.475500301008598,0.506185254557189
"DS07","Bike Sharing Hourly - Windspeed","mc.rf_OVERB",27,0.560732648692173,0.479124352041902,0.516726178279742
"DS07","Bike Sharing Hourly - Windspeed","mc.rf_OVERB",28,0.493491748933982,0.476932729405466,0.485070960206823
"DS07","Bike Sharing Hourly - Windspeed","mc.rf_OVERB",29,0.48726335004263,0.478423685442493,0.482803059671069
"DS07","Bike Sharing Hourly - Windspeed","mc.rf_OVERB",30,0.554605722788216,0.477641935047981,0.513254641190542
"DS07","Bike Sharing Hourly - Windspeed","mc.rf_OVERB",31,0.557350917002938,0.479563124564342,0.515539256914166
"DS07","Bike Sharing Hourly - Windspeed","mc.rf_OVERB",32,0.555473212172789,0.48154461726661,0.515873744431568
"DS07","Bike Sharing Hourly - Windspeed","mc.rf_OVERB",33,0.53375607408533,0.483909826761298,0.507612192033836
"DS07","Bike Sharing Hourly - Windspeed","mc.rf_OVERB",34,0.529219013667189,0.481250454044668,0.504096162733404
"DS07","Bike Sharing Hourly - Windspeed","mc.rf_OVERB",35,0.519054055755997,0.485657418840166,0.501800684735486
"DS07","Bike Sharing Hourly - Windspeed","mc.rf_OVERB",36,0.516551096142035,0.489178821891706,0.502492472634492
"DS07","Bike Sharing Hourly - Windspeed","mc.rf_OVERB",37,0.539318015734427,0.487434189243855,0.512065206131553
"DS07","Bike Sharing Hourly - Windspeed","mc.rf_OVERB",38,0.560709606491141,0.489445655689598,0.522659631168482
"DS07","Bike Sharing Hourly - Windspeed","mc.rf_OVERB",39,0.541835437890378,0.491617094222622,0.515506141298773
"DS07","Bike Sharing Hourly - Windspeed","mc.rf_OVERB",40,0.52612945021731,0.484528681997043,0.504472879498989
"DS07","Bike Sharing Hourly - Windspeed","mc.rf_OVERB",41,0.541637728634091,0.487116823543278,0.512932553882776
"DS07","Bike Sharing Hourly - Windspeed","mc.rf_OVERB",42,0.533345795217793,0.489454619061855,0.510458461654852
"DS07","Bike Sharing Hourly - Windspeed","mc.rf_OVERB",43,0.502598104991879,0.492636501016285,0.497567448651567
"DS07","Bike Sharing Hourly - Windspeed","mc.rf_OVERB",44,0.536687400811812,0.491244265630552,0.51296135082098
"DS07","Bike Sharing Hourly - Windspeed","mc.rf_OVERB",45,0.546939730224212,0.491409982307134,0.517690022752204
"DS07","Bike Sharing Hourly - Windspeed","mc.rf_OVERB",46,0.547183184686436,0.486215832217298,0.514901065640186
"DS07","Bike Sharing Hourly - Windspeed","mc.rf_OVERB",47,0.509475524000626,0.489663011703796,0.499372830806954
"DS07","Bike Sharing Hourly - Windspeed","mc.rf_OVERB",48,0.52023469923055,0.487538826214557,0.503356375643866
"DS07","Bike Sharing Hourly - Windspeed","mc.rf_OVERB",49,0.558891376385769,0.489101832188626,0.521672838999696
"DS07","Bike Sharing Hourly - Windspeed","mc.rf_OVERB",50,0.547969420943547,0.485928616242441,0.515087586754687
"DS07","Bike Sharing Hourly - Windspeed","mc.rf_OVERT",1,0.564972701560607,0.473272772586816,0.515073175971265
"DS07","Bike Sharing Hourly - Windspeed","mc.rf_OVERT",2,0.573326558268654,0.475457252770013,0.519825473020104
"DS07","Bike Sharing Hourly - Windspeed","mc.rf_OVERT",3,0.544815200974722,0.473078009187462,0.506418724634428
"DS07","Bike Sharing Hourly - Windspeed","mc.rf_OVERT",4,0.578076798120487,0.472104054671165,0.519743622402817
"DS07","Bike Sharing Hourly - Windspeed","mc.rf_OVERT",5,0.54777235750903,0.471847057658556,0.506982843426623
"DS07","Bike Sharing Hourly - Windspeed","mc.rf_OVERT",6,0.522587147466193,0.471707126905018,0.495845321134245
"DS07","Bike Sharing Hourly - Windspeed","mc.rf_OVERT",7,0.53352870173408,0.472001078978731,0.500882475516717
"DS07","Bike Sharing Hourly - Windspeed","mc.rf_OVERT",8,0.520631170744671,0.472878809385751,0.495607398163289
"DS07","Bike Sharing Hourly - Windspeed","mc.rf_OVERT",9,0.495914566263041,0.46884795009288,0.482001578361175
"DS07","Bike Sharing Hourly - Windspeed","mc.rf_OVERT",10,0.579364808248432,0.471831567289371,0.52009807466908
"DS07","Bike Sharing Hourly - Windspeed","mc.rf_OVERT",11,0.522690155193963,0.475062536373238,0.497739596119228
"DS07","Bike Sharing Hourly - Windspeed","mc.rf_OVERT",12,0.576273974573327,0.474374128261209,0.520382540244108
"DS07","Bike Sharing Hourly - Windspeed","mc.rf_OVERT",13,0.520455031359704,0.474190986760817,0.496247067577736
"DS07","Bike Sharing Hourly - Windspeed","mc.rf_OVERT",14,0.499324803248741,0.476410232490927,0.487598450175336
"DS07","Bike Sharing Hourly - Windspeed","mc.rf_OVERT",15,0.524950256925379,0.475662546429826,0.499092506353783
"DS07","Bike Sharing Hourly - Windspeed","mc.rf_OVERT",16,0.508302372371343,0.474948929929306,0.491059950337047
"DS07","Bike Sharing Hourly - Windspeed","mc.rf_OVERT",17,0.518281932982258,0.474284823831824,0.495308257287828
"DS07","Bike Sharing Hourly - Windspeed","mc.rf_OVERT",18,0.507646560701042,0.477108980802518,0.491904280760226
"DS07","Bike Sharing Hourly - Windspeed","mc.rf_OVERT",19,0.485981759184608,0.475097330376874,0.480477910524124
"DS07","Bike Sharing Hourly - Windspeed","mc.rf_OVERT",20,0.512613149847004,0.47708761235269,0.494212782412212
"DS07","Bike Sharing Hourly - Windspeed","mc.rf_OVERT",21,0.515140462743869,0.473933159976067,0.493678411255875
"DS07","Bike Sharing Hourly - Windspeed","mc.rf_OVERT",22,0.564857167014137,0.475187847976105,0.516157008088434
"DS07","Bike Sharing Hourly - Windspeed","mc.rf_OVERT",23,0.53938861757368,0.468410256147017,0.501399966022375
"DS07","Bike Sharing Hourly - Windspeed","mc.rf_OVERT",24,0.607883122172642,0.47457843431292,0.533022569970206
"DS07","Bike Sharing Hourly - Windspeed","mc.rf_OVERT",25,0.590843486184372,0.475144854097049,0.52671540846901
"DS07","Bike Sharing Hourly - Windspeed","mc.rf_OVERT",26,0.565068025058592,0.474198752347,0.515660768340704
"DS07","Bike Sharing Hourly - Windspeed","mc.rf_OVERT",27,0.54724863936347,0.47848803341185,0.51056364111044
"DS07","Bike Sharing Hourly - Windspeed","mc.rf_OVERT",28,0.552991215394489,0.475626440987204,0.51139943407246
"DS07","Bike Sharing Hourly - Windspeed","mc.rf_OVERT",29,0.568465438750767,0.477596480420493,0.519084172384653
"DS07","Bike Sharing Hourly - Windspeed","mc.rf_OVERT",30,0.508826956503968,0.473789658005577,0.490683642320383
"DS07","Bike Sharing Hourly - Windspeed","mc.rf_OVERT",31,0.548465250049966,0.475239409201946,0.509233398609359
"DS07","Bike Sharing Hourly - Windspeed","mc.rf_OVERT",32,0.498233850536816,0.47604099480226,0.486884658858581
"DS07","Bike Sharing Hourly - Windspeed","mc.rf_OVERT",33,0.478274497102889,0.479912765789507,0.479092230924404
"DS07","Bike Sharing Hourly - Windspeed","mc.rf_OVERT",34,0.503212000459042,0.482844701865135,0.49281800481434
"DS07","Bike Sharing Hourly - Windspeed","mc.rf_OVERT",35,0.52238985281087,0.48270407101643,0.501763472311684
"DS07","Bike Sharing Hourly - Windspeed","mc.rf_OVERT",36,0.520150144306176,0.485483812052246,0.502219467233831
"DS07","Bike Sharing Hourly - Windspeed","mc.rf_OVERT",37,0.509854418336622,0.488251458840458,0.498819151838224
"DS07","Bike Sharing Hourly - Windspeed","mc.rf_OVERT",38,0.501729389893313,0.488699132596684,0.495128547030716
"DS07","Bike Sharing Hourly - Windspeed","mc.rf_OVERT",39,0.561594870806332,0.488658645895352,0.522594182729971
"DS07","Bike Sharing Hourly - Windspeed","mc.rf_OVERT",40,0.518710263786896,0.487341145170337,0.502536653126957
"DS07","Bike Sharing Hourly - Windspeed","mc.rf_OVERT",41,0.528123156419138,0.489297525896425,0.507969531770039
"DS07","Bike Sharing Hourly - Windspeed","mc.rf_OVERT",42,0.546810453785955,0.489251508174193,0.516432122831827
"DS07","Bike Sharing Hourly - Windspeed","mc.rf_OVERT",43,0.50745505915788,0.487774684832945,0.497420285199796
"DS07","Bike Sharing Hourly - Windspeed","mc.rf_OVERT",44,0.556300443134592,0.490298699564949,0.521218435422697
"DS07","Bike Sharing Hourly - Windspeed","mc.rf_OVERT",45,0.594760845781955,0.494077077567381,0.539763897332904
"DS07","Bike Sharing Hourly - Windspeed","mc.rf_OVERT",46,0.546817965334029,0.488346664964821,0.515930938708038
"DS07","Bike Sharing Hourly - Windspeed","mc.rf_OVERT",47,0.582218469125856,0.488977018272654,0.531539675746446
"DS07","Bike Sharing Hourly - Windspeed","mc.rf_OVERT",48,0.594411819866465,0.492209965200154,0.53850461161718
"DS07","Bike Sharing Hourly - Windspeed","mc.rf_OVERT",49,0.589288705829914,0.489060030326373,0.534516418819075
"DS07","Bike Sharing Hourly - Windspeed","mc.rf_OVERT",50,0.582976675592216,0.486531967636575,0.530405791216096
"DS07","Bike Sharing Hourly - Windspeed","mc.rf_OVERTPhi",1,0.579180283283323,0.474049601347988,0.521368005988902
"DS07","Bike Sharing Hourly - Windspeed","mc.rf_OVERTPhi",2,0.582219791514633,0.472646184932398,0.521742040023689
"DS07","Bike Sharing Hourly - Windspeed","mc.rf_OVERTPhi",3,0.550579026508496,0.472010557465264,0.5082764724066
"DS07","Bike Sharing Hourly - Windspeed","mc.rf_OVERTPhi",4,0.561474848691748,0.47322476835874,0.513586360394769
"DS07","Bike Sharing Hourly - Windspeed","mc.rf_OVERTPhi",5,0.548686776029655,0.473165823475456,0.508135577158389
"DS07","Bike Sharing Hourly - Windspeed","mc.rf_OVERTPhi",6,0.559000791055795,0.469693318948808,0.51047038044153
"DS07","Bike Sharing Hourly - Windspeed","mc.rf_OVERTPhi",7,0.554376229295723,0.47233192685298,0.51007599582527
"DS07","Bike Sharing Hourly - Windspeed","mc.rf_OVERTPhi",8,0.537939840476832,0.471826173940828,0.502718636037478
"DS07","Bike Sharing Hourly - Windspeed","mc.rf_OVERTPhi",9,0.533335205417061,0.470520487134795,0.499962579324634
"DS07","Bike Sharing Hourly - Windspeed","mc.rf_OVERTPhi",10,0.571214286925394,0.471778836305946,0.516756641179158
"DS07","Bike Sharing Hourly - Windspeed","mc.rf_OVERTPhi",11,0.550372266515897,0.474755117713902,0.509774793251741
"DS07","Bike Sharing Hourly - Windspeed","mc.rf_OVERTPhi",12,0.559754430546041,0.475221376116634,0.514035727326274
"DS07","Bike Sharing Hourly - Windspeed","mc.rf_OVERTPhi",13,0.512743664946055,0.472050167428084,0.491556151000587
"DS07","Bike Sharing Hourly - Windspeed","mc.rf_OVERTPhi",14,0.517866058194541,0.476907891801797,0.496543782736117
"DS07","Bike Sharing Hourly - Windspeed","mc.rf_OVERTPhi",15,0.493909155438933,0.476301681462755,0.484945647436117
"DS07","Bike Sharing Hourly - Windspeed","mc.rf_OVERTPhi",16,0.512395393285281,0.473345343491812,0.492096885903761
"DS07","Bike Sharing Hourly - Windspeed","mc.rf_OVERTPhi",17,0.511744707840803,0.474396753455366,0.492363494540729
"DS07","Bike Sharing Hourly - Windspeed","mc.rf_OVERTPhi",18,0.549612179990351,0.476811367600268,0.510630013908225
"DS07","Bike Sharing Hourly - Windspeed","mc.rf_OVERTPhi",19,0.471970502044832,0.474881352707727,0.473421453048253
"DS07","Bike Sharing Hourly - Windspeed","mc.rf_OVERTPhi",20,0.503610803351521,0.478221107602024,0.490587672884274
"DS07","Bike Sharing Hourly - Windspeed","mc.rf_OVERTPhi",21,0.495304370476021,0.472200468282539,0.483476560140555
"DS07","Bike Sharing Hourly - Windspeed","mc.rf_OVERTPhi",22,0.547378237318302,0.474469990469899,0.508323134456081
"DS07","Bike Sharing Hourly - Windspeed","mc.rf_OVERTPhi",23,0.554223611546335,0.468294776785302,0.50764861623996
"DS07","Bike Sharing Hourly - Windspeed","mc.rf_OVERTPhi",24,0.592839530189809,0.4716052133614,0.525318415668021
"DS07","Bike Sharing Hourly - Windspeed","mc.rf_OVERTPhi",25,0.588621573154135,0.47672536638673,0.526797092496411
"DS07","Bike Sharing Hourly - Windspeed","mc.rf_OVERTPhi",26,0.549423706044177,0.474867783339376,0.50943236394617
"DS07","Bike Sharing Hourly - Windspeed","mc.rf_OVERTPhi",27,0.575111942198931,0.478883250658089,0.522604805484861
"DS07","Bike Sharing Hourly - Windspeed","mc.rf_OVERTPhi",28,0.54160163653706,0.473031703425874,0.504999657745774
"DS07","Bike Sharing Hourly - Windspeed","mc.rf_OVERTPhi",29,0.580850550699072,0.480469191542956,0.525912754458159
"DS07","Bike Sharing Hourly - Windspeed","mc.rf_OVERTPhi",30,0.527482725589116,0.474442406787539,0.499558631239666
"DS07","Bike Sharing Hourly - Windspeed","mc.rf_OVERTPhi",31,0.529125042424538,0.476267611549604,0.501306865870733
"DS07","Bike Sharing Hourly - Windspeed","mc.rf_OVERTPhi",32,0.536567886429693,0.475659178957798,0.504281003821147
"DS07","Bike Sharing Hourly - Windspeed","mc.rf_OVERTPhi",33,0.508587653453859,0.481438485039396,0.494640817789348
"DS07","Bike Sharing Hourly - Windspeed","mc.rf_OVERTPhi",34,0.503791146841914,0.481428182875715,0.492355862409823
"DS07","Bike Sharing Hourly - Windspeed","mc.rf_OVERTPhi",35,0.494875995855237,0.482011929685387,0.488359263085683
"DS07","Bike Sharing Hourly - Windspeed","mc.rf_OVERTPhi",36,0.527481328276441,0.485970223797232,0.505875625977093
"DS07","Bike Sharing Hourly - Windspeed","mc.rf_OVERTPhi",37,0.510852696988893,0.487667775945692,0.498991067943287
"DS07","Bike Sharing Hourly - Windspeed","mc.rf_OVERTPhi",38,0.509140880391946,0.488267571826433,0.498485812574844
"DS07","Bike Sharing Hourly - Windspeed","mc.rf_OVERTPhi",39,0.515225093653315,0.489345146671796,0.501951757880418
"DS07","Bike Sharing Hourly - Windspeed","mc.rf_OVERTPhi",40,0.517982886268436,0.483358804158759,0.500072234832447
"DS07","Bike Sharing Hourly - Windspeed","mc.rf_OVERTPhi",41,0.535414428094126,0.48772994100506,0.510460997126967
"DS07","Bike Sharing Hourly - Windspeed","mc.rf_OVERTPhi",42,0.55208395464186,0.488351302593934,0.518265632610066
"DS07","Bike Sharing Hourly - Windspeed","mc.rf_OVERTPhi",43,0.517703991122198,0.49018320552943,0.503567864988711
"DS07","Bike Sharing Hourly - Windspeed","mc.rf_OVERTPhi",44,0.572109263038303,0.491180881170163,0.528565290434352
"DS07","Bike Sharing Hourly - Windspeed","mc.rf_OVERTPhi",45,0.570671665202245,0.494480893138264,0.529851301559184
"DS07","Bike Sharing Hourly - Windspeed","mc.rf_OVERTPhi",46,0.58484983326693,0.488773372449166,0.532512754680158
"DS07","Bike Sharing Hourly - Windspeed","mc.rf_OVERTPhi",47,0.580534175565838,0.4889124498584,0.530798600425389
"DS07","Bike Sharing Hourly - Windspeed","mc.rf_OVERTPhi",48,0.570691512856147,0.486534649279857,0.525263571785765
"DS07","Bike Sharing Hourly - Windspeed","mc.rf_OVERTPhi",49,0.578918665492802,0.490601850428752,0.5311138296282
"DS07","Bike Sharing Hourly - Windspeed","mc.rf_OVERTPhi",50,0.583631595719606,0.487923141983079,0.531503155041101
"DS07","Bike Sharing Hourly - Windspeed","mc.rf_SMOTEB",1,0.527419274230608,0.51593025198403,0.521611506437878
"DS07","Bike Sharing Hourly - Windspeed","mc.rf_SMOTEB",2,0.525328534570733,0.514821678551026,0.520022040175839
"DS07","Bike Sharing Hourly - Windspeed","mc.rf_SMOTEB",3,0.546343755083473,0.515475047479416,0.530460700850238
"DS07","Bike Sharing Hourly - Windspeed","mc.rf_SMOTEB",4,0.555414078811802,0.516193775097979,0.535086205347218
"DS07","Bike Sharing Hourly - Windspeed","mc.rf_SMOTEB",5,0.538613847032165,0.517480611085266,0.527835783170445
"DS07","Bike Sharing Hourly - Windspeed","mc.rf_SMOTEB",6,0.560477716147952,0.514991485340183,0.536772696307272
"DS07","Bike Sharing Hourly - Windspeed","mc.rf_SMOTEB",7,0.54572650620731,0.517889700717017,0.531443833091489
"DS07","Bike Sharing Hourly - Windspeed","mc.rf_SMOTEB",8,0.53789081022351,0.520076263907976,0.528833552218299
"DS07","Bike Sharing Hourly - Windspeed","mc.rf_SMOTEB",9,0.550755278251719,0.517669973048823,0.533700358919849
"DS07","Bike Sharing Hourly - Windspeed","mc.rf_SMOTEB",10,0.560027992132129,0.519852598591012,0.539192961693362
"DS07","Bike Sharing Hourly - Windspeed","mc.rf_SMOTEB",11,0.538573583738754,0.523784782353593,0.531076247608665
"DS07","Bike Sharing Hourly - Windspeed","mc.rf_SMOTEB",12,0.549430486370826,0.529652162363305,0.53936006758335
"DS07","Bike Sharing Hourly - Windspeed","mc.rf_SMOTEB",13,0.542766274779448,0.531818029389064,0.537236379783905
"DS07","Bike Sharing Hourly - Windspeed","mc.rf_SMOTEB",14,0.54688506448177,0.531047951531681,0.538850167685542
"DS07","Bike Sharing Hourly - Windspeed","mc.rf_SMOTEB",15,0.552843210936118,0.528082737300165,0.540179383435692
"DS07","Bike Sharing Hourly - Windspeed","mc.rf_SMOTEB",16,0.543745285429981,0.527622714078399,0.535562688819429
"DS07","Bike Sharing Hourly - Windspeed","mc.rf_SMOTEB",17,0.55579051714317,0.526003256891371,0.540486789966148
"DS07","Bike Sharing Hourly - Windspeed","mc.rf_SMOTEB",18,0.540527547788878,0.531003185809493,0.535723037882119
"DS07","Bike Sharing Hourly - Windspeed","mc.rf_SMOTEB",19,0.532070138232019,0.517756611608916,0.524815798322985
"DS07","Bike Sharing Hourly - Windspeed","mc.rf_SMOTEB",20,0.562092768900892,0.527403445994938,0.544195857193522
"DS07","Bike Sharing Hourly - Windspeed","mc.rf_SMOTEB",21,0.559650343583957,0.525575102294476,0.542077754802713
"DS07","Bike Sharing Hourly - Windspeed","mc.rf_SMOTEB",22,0.554300210473181,0.524933477570883,0.539217298950881
"DS07","Bike Sharing Hourly - Windspeed","mc.rf_SMOTEB",23,0.555121756190161,0.524410092079382,0.539329065178751
"DS07","Bike Sharing Hourly - Windspeed","mc.rf_SMOTEB",24,0.572410782193163,0.526839836098029,0.54868070602532
"DS07","Bike Sharing Hourly - Windspeed","mc.rf_SMOTEB",25,0.557723292644961,0.52275897865227,0.539675414541729
"DS07","Bike Sharing Hourly - Windspeed","mc.rf_SMOTEB",26,0.554859438746821,0.526899880635744,0.540518333065406
"DS07","Bike Sharing Hourly - Windspeed","mc.rf_SMOTEB",27,0.548384330667226,0.52643051587667,0.537183212569328
"DS07","Bike Sharing Hourly - Windspeed","mc.rf_SMOTEB",28,0.554185169971752,0.523864736053945,0.538598567968971
"DS07","Bike Sharing Hourly - Windspeed","mc.rf_SMOTEB",29,0.526211014445154,0.522964658822571,0.524582814202873
"DS07","Bike Sharing Hourly - Windspeed","mc.rf_SMOTEB",30,0.557259730467234,0.530054521773855,0.543316781377281
"DS07","Bike Sharing Hourly - Windspeed","mc.rf_SMOTEB",31,0.544900863797562,0.528360832723789,0.536503399089235
"DS07","Bike Sharing Hourly - Windspeed","mc.rf_SMOTEB",32,0.547219395795324,0.53050619532979,0.538733202708819
"DS07","Bike Sharing Hourly - Windspeed","mc.rf_SMOTEB",33,0.564844985131651,0.537034887789236,0.550588990076359
"DS07","Bike Sharing Hourly - Windspeed","mc.rf_SMOTEB",34,0.550243838188826,0.536573979084388,0.543322939744229
"DS07","Bike Sharing Hourly - Windspeed","mc.rf_SMOTEB",35,0.568566718399359,0.540041953870038,0.553937361650462
"DS07","Bike Sharing Hourly - Windspeed","mc.rf_SMOTEB",36,0.5505180979155,0.540646656800696,0.545537725370732
"DS07","Bike Sharing Hourly - Windspeed","mc.rf_SMOTEB",37,0.564721150326325,0.546957748740429,0.555697529759526
"DS07","Bike Sharing Hourly - Windspeed","mc.rf_SMOTEB",38,0.572448775554577,0.539639528470817,0.555560176643876
"DS07","Bike Sharing Hourly - Windspeed","mc.rf_SMOTEB",39,0.579543263934271,0.544642525583581,0.561551141986039
"DS07","Bike Sharing Hourly - Windspeed","mc.rf_SMOTEB",40,0.540816744108209,0.541031209472132,0.540923955532381
"DS07","Bike Sharing Hourly - Windspeed","mc.rf_SMOTEB",41,0.564423859127024,0.541263741610482,0.5526012404255
"DS07","Bike Sharing Hourly - Windspeed","mc.rf_SMOTEB",42,0.561998319913075,0.539024645677429,0.55027180127889
"DS07","Bike Sharing Hourly - Windspeed","mc.rf_SMOTEB",43,0.564048742021695,0.533550816235571,0.548376071105858
"DS07","Bike Sharing Hourly - Windspeed","mc.rf_SMOTEB",44,0.547107586582643,0.540002647587486,0.543531899495653
"DS07","Bike Sharing Hourly - Windspeed","mc.rf_SMOTEB",45,0.585918769950604,0.540608179303107,0.562352244928274
"DS07","Bike Sharing Hourly - Windspeed","mc.rf_SMOTEB",46,0.569729165631967,0.545515082125055,0.557359256869217
"DS07","Bike Sharing Hourly - Windspeed","mc.rf_SMOTEB",47,0.57129808571661,0.535428958727855,0.552782261342508
"DS07","Bike Sharing Hourly - Windspeed","mc.rf_SMOTEB",48,0.558770244459617,0.541709666135437,0.550107711478284
"DS07","Bike Sharing Hourly - Windspeed","mc.rf_SMOTEB",49,0.569668261598147,0.543760128713987,0.556412769687046
"DS07","Bike Sharing Hourly - Windspeed","mc.rf_SMOTEB",50,0.57199369149384,0.538736985527376,0.554867464221809
"DS07","Bike Sharing Hourly - Windspeed","mc.rf_SMOTET",1,0.516700078834086,0.515853615043487,0.516276499983005
"DS07","Bike Sharing Hourly - Windspeed","mc.rf_SMOTET",2,0.545669201038377,0.519020127706934,0.532011152478504
"DS07","Bike Sharing Hourly - Windspeed","mc.rf_SMOTET",3,0.54165948515076,0.527580902448787,0.534527508144988
"DS07","Bike Sharing Hourly - Windspeed","mc.rf_SMOTET",4,0.53766304465684,0.525251772210961,0.531384947460885
"DS07","Bike Sharing Hourly - Windspeed","mc.rf_SMOTET",5,0.526944454405703,0.517631098574986,0.522246257905795
"DS07","Bike Sharing Hourly - Windspeed","mc.rf_SMOTET",6,0.536444393996696,0.52375750770751,0.530025042157987
"DS07","Bike Sharing Hourly - Windspeed","mc.rf_SMOTET",7,0.53501059424491,0.525297924245441,0.530109774099167
"DS07","Bike Sharing Hourly - Windspeed","mc.rf_SMOTET",8,0.535179246893519,0.519050680958114,0.526991589208281
"DS07","Bike Sharing Hourly - Windspeed","mc.rf_SMOTET",9,0.535564103284222,0.522426717415401,0.528913844941072
"DS07","Bike Sharing Hourly - Windspeed","mc.rf_SMOTET",10,0.553415087038671,0.5161401209628,0.534128070865109
"DS07","Bike Sharing Hourly - Windspeed","mc.rf_SMOTET",11,0.544295957072031,0.532185832419981,0.538172776956871
"DS07","Bike Sharing Hourly - Windspeed","mc.rf_SMOTET",12,0.552301198942593,0.53408417857508,0.54303995298112
"DS07","Bike Sharing Hourly - Windspeed","mc.rf_SMOTET",13,0.543604177837499,0.534884803366528,0.539209243375342
"DS07","Bike Sharing Hourly - Windspeed","mc.rf_SMOTET",14,0.541415459538677,0.536841727176553,0.539118892968887
"DS07","Bike Sharing Hourly - Windspeed","mc.rf_SMOTET",15,0.562051298432541,0.537898898004383,0.54970993237353
"DS07","Bike Sharing Hourly - Windspeed","mc.rf_SMOTET",16,0.558779682101166,0.534545859180092,0.546394196391151
"DS07","Bike Sharing Hourly - Windspeed","mc.rf_SMOTET",17,0.552961327105595,0.538458405433552,0.545613507952624
"DS07","Bike Sharing Hourly - Windspeed","mc.rf_SMOTET",18,0.555226305660475,0.543378968300314,0.54923875625551
"DS07","Bike Sharing Hourly - Windspeed","mc.rf_SMOTET",19,0.54253047383931,0.531513141598001,0.536965300884123
"DS07","Bike Sharing Hourly - Windspeed","mc.rf_SMOTET",20,0.583351679719119,0.532570041106656,0.556805414304061
"DS07","Bike Sharing Hourly - Windspeed","mc.rf_SMOTET",21,0.576752550389845,0.52267094217752,0.54838158535543
"DS07","Bike Sharing Hourly - Windspeed","mc.rf_SMOTET",22,0.559792454799137,0.533094110243136,0.54611717292073
"DS07","Bike Sharing Hourly - Windspeed","mc.rf_SMOTET",23,0.570247089870875,0.533780668258059,0.551411629757123
"DS07","Bike Sharing Hourly - Windspeed","mc.rf_SMOTET",24,0.567773483315917,0.51985135181907,0.542756662580566
"DS07","Bike Sharing Hourly - Windspeed","mc.rf_SMOTET",25,0.542239388097521,0.529160429217857,0.535620078904776
"DS07","Bike Sharing Hourly - Windspeed","mc.rf_SMOTET",26,0.534605794659182,0.526540757003323,0.53054262745743
"DS07","Bike Sharing Hourly - Windspeed","mc.rf_SMOTET",27,0.54295456210123,0.525936963405484,0.534310295936351
"DS07","Bike Sharing Hourly - Windspeed","mc.rf_SMOTET",28,0.513415037767319,0.519843842044625,0.51660944030798
"DS07","Bike Sharing Hourly - Windspeed","mc.rf_SMOTET",29,0.555534985816777,0.526413467996993,0.540582312302664
"DS07","Bike Sharing Hourly - Windspeed","mc.rf_SMOTET",30,0.55398048312517,0.538715001637101,0.546241109321737
"DS07","Bike Sharing Hourly - Windspeed","mc.rf_SMOTET",31,0.564287921819818,0.535241203854855,0.54938089322603
"DS07","Bike Sharing Hourly - Windspeed","mc.rf_SMOTET",32,0.560165538770786,0.533923671953859,0.546729898130367
"DS07","Bike Sharing Hourly - Windspeed","mc.rf_SMOTET",33,0.571582935079515,0.534837135850835,0.552599845087925
"DS07","Bike Sharing Hourly - Windspeed","mc.rf_SMOTET",34,0.576342835411832,0.538004401456919,0.556514113268712
"DS07","Bike Sharing Hourly - Windspeed","mc.rf_SMOTET",35,0.557857114931475,0.541753235386012,0.549687253871289
"DS07","Bike Sharing Hourly - Windspeed","mc.rf_SMOTET",36,0.546602305810646,0.530810876180425,0.538590865081868
"DS07","Bike Sharing Hourly - Windspeed","mc.rf_SMOTET",37,0.550022323782951,0.539028802357328,0.544470075540475
"DS07","Bike Sharing Hourly - Windspeed","mc.rf_SMOTET",38,0.547373267483933,0.536775434488657,0.542022552711763
"DS07","Bike Sharing Hourly - Windspeed","mc.rf_SMOTET",39,0.555629705341329,0.543006156677372,0.549245407443363
"DS07","Bike Sharing Hourly - Windspeed","mc.rf_SMOTET",40,0.54057478569671,0.540919450833667,0.540747063343927
"DS07","Bike Sharing Hourly - Windspeed","mc.rf_SMOTET",41,0.556617501430154,0.533918182846278,0.545031600870919
"DS07","Bike Sharing Hourly - Windspeed","mc.rf_SMOTET",42,0.546467701807942,0.539391168265887,0.542906376180763
"DS07","Bike Sharing Hourly - Windspeed","mc.rf_SMOTET",43,0.550271757858095,0.538566423687219,0.54435617286145
"DS07","Bike Sharing Hourly - Windspeed","mc.rf_SMOTET",44,0.543641882721431,0.538472996607305,0.541045094679482
"DS07","Bike Sharing Hourly - Windspeed","mc.rf_SMOTET",45,0.57351842032374,0.549267961481606,0.561131304597502
"DS07","Bike Sharing Hourly - Windspeed","mc.rf_SMOTET",46,0.569923530425424,0.543036804512743,0.556155404758495
"DS07","Bike Sharing Hourly - Windspeed","mc.rf_SMOTET",47,0.541118616589796,0.541861539744011,0.541489823344684
"DS07","Bike Sharing Hourly - Windspeed","mc.rf_SMOTET",48,0.567887570836881,0.537296760576135,0.552168798470016
"DS07","Bike Sharing Hourly - Windspeed","mc.rf_SMOTET",49,0.563834839871622,0.547053020679634,0.555317171551641
"DS07","Bike Sharing Hourly - Windspeed","mc.rf_SMOTET",50,0.539875755653831,0.523205364457138,0.531409854158543
"DS07","Bike Sharing Hourly - Windspeed","mc.rf_SMOTETPhi",1,0.530078198482813,0.529585238003264,0.529831603579257
"DS07","Bike Sharing Hourly - Windspeed","mc.rf_SMOTETPhi",2,0.537506376326411,0.533169835207902,0.535329323658864
"DS07","Bike Sharing Hourly - Windspeed","mc.rf_SMOTETPhi",3,0.544694724068729,0.539042219191365,0.541853730593679
"DS07","Bike Sharing Hourly - Windspeed","mc.rf_SMOTETPhi",4,0.544442761745692,0.546548148980667,0.545493423881815
"DS07","Bike Sharing Hourly - Windspeed","mc.rf_SMOTETPhi",5,0.551360940562284,0.539459238736164,0.545345161208659
"DS07","Bike Sharing Hourly - Windspeed","mc.rf_SMOTETPhi",6,0.546218795765393,0.538548568415085,0.542356564576592
"DS07","Bike Sharing Hourly - Windspeed","mc.rf_SMOTETPhi",7,0.532412053652959,0.541030456163546,0.536686657404821
"DS07","Bike Sharing Hourly - Windspeed","mc.rf_SMOTETPhi",8,0.543110802663337,0.539704690830514,0.54140238960257
"DS07","Bike Sharing Hourly - Windspeed","mc.rf_SMOTETPhi",9,0.547950276458397,0.544480961086495,0.546210109890635
"DS07","Bike Sharing Hourly - Windspeed","mc.rf_SMOTETPhi",10,0.547316174845414,0.535051478578168,0.541114338874617
"DS07","Bike Sharing Hourly - Windspeed","mc.rf_SMOTETPhi",11,0.548991087438176,0.549911391317063,0.549450854011654
"DS07","Bike Sharing Hourly - Windspeed","mc.rf_SMOTETPhi",12,0.555190153907111,0.554414251112445,0.554801931230598
"DS07","Bike Sharing Hourly - Windspeed","mc.rf_SMOTETPhi",13,0.556461139241904,0.552505213676502,0.554476120633281
"DS07","Bike Sharing Hourly - Windspeed","mc.rf_SMOTETPhi",14,0.536828381551149,0.5484658731102,0.542584733556265
"DS07","Bike Sharing Hourly - Windspeed","mc.rf_SMOTETPhi",15,0.549622844237944,0.553316202341505,0.5514633394058
"DS07","Bike Sharing Hourly - Windspeed","mc.rf_SMOTETPhi",16,0.552968470006226,0.558353672513399,0.555648023555221
"DS07","Bike Sharing Hourly - Windspeed","mc.rf_SMOTETPhi",17,0.551646208349019,0.558805843430886,0.555202945030935
"DS07","Bike Sharing Hourly - Windspeed","mc.rf_SMOTETPhi",18,0.559029126419244,0.560542662947273,0.559784871616742
"DS07","Bike Sharing Hourly - Windspeed","mc.rf_SMOTETPhi",19,0.541142979705903,0.560188318227307,0.550500973305396
"DS07","Bike Sharing Hourly - Windspeed","mc.rf_SMOTETPhi",20,0.548791386553759,0.554612252935298,0.551686466122237
"DS07","Bike Sharing Hourly - Windspeed","mc.rf_SMOTETPhi",21,0.575967936651963,0.547003073776387,0.561111958936662
"DS07","Bike Sharing Hourly - Windspeed","mc.rf_SMOTETPhi",22,0.530070036740736,0.550292464972512,0.539991987251611
"DS07","Bike Sharing Hourly - Windspeed","mc.rf_SMOTETPhi",23,0.557752606693059,0.558502652302525,0.558127377508647
"DS07","Bike Sharing Hourly - Windspeed","mc.rf_SMOTETPhi",24,0.561707723600135,0.547183999898588,0.554350749419777
"DS07","Bike Sharing Hourly - Windspeed","mc.rf_SMOTETPhi",25,0.543212152667583,0.555359813974012,0.549218820822711
"DS07","Bike Sharing Hourly - Windspeed","mc.rf_SMOTETPhi",26,0.531584083847332,0.549034054484306,0.540168176900351
"DS07","Bike Sharing Hourly - Windspeed","mc.rf_SMOTETPhi",27,0.557958741112201,0.553239945430395,0.555589323896295
"DS07","Bike Sharing Hourly - Windspeed","mc.rf_SMOTETPhi",28,0.546477769132433,0.546161607832344,0.54631964274087
"DS07","Bike Sharing Hourly - Windspeed","mc.rf_SMOTETPhi",29,0.537351934436584,0.552950895942845,0.545039828026362
"DS07","Bike Sharing Hourly - Windspeed","mc.rf_SMOTETPhi",30,0.546050021481944,0.559464546031452,0.55267589655739
"DS07","Bike Sharing Hourly - Windspeed","mc.rf_SMOTETPhi",31,0.553304388779203,0.555098349376779,0.554199917306665
"DS07","Bike Sharing Hourly - Windspeed","mc.rf_SMOTETPhi",32,0.555536449014749,0.559806578347947,0.557663339512471
"DS07","Bike Sharing Hourly - Windspeed","mc.rf_SMOTETPhi",33,0.554038755596203,0.556683611522889,0.555358034589524
"DS07","Bike Sharing Hourly - Windspeed","mc.rf_SMOTETPhi",34,0.565354840796648,0.562782211921346,0.564065593018888
"DS07","Bike Sharing Hourly - Windspeed","mc.rf_SMOTETPhi",35,0.538294218221259,0.564547672250054,0.551108459894649
"DS07","Bike Sharing Hourly - Windspeed","mc.rf_SMOTETPhi",36,0.54928359747177,0.559366333723486,0.554279116332021
"DS07","Bike Sharing Hourly - Windspeed","mc.rf_SMOTETPhi",37,0.53597722610988,0.554820077673346,0.545235902564212
"DS07","Bike Sharing Hourly - Windspeed","mc.rf_SMOTETPhi",38,0.536105958773107,0.556074105368813,0.545907494918178
"DS07","Bike Sharing Hourly - Windspeed","mc.rf_SMOTETPhi",39,0.555599690627748,0.566495293620269,0.560994593676801
"DS07","Bike Sharing Hourly - Windspeed","mc.rf_SMOTETPhi",40,0.531234302758778,0.562244485133045,0.546299681981888
"DS07","Bike Sharing Hourly - Windspeed","mc.rf_SMOTETPhi",41,0.533617537476416,0.558561438865061,0.545804645562538
"DS07","Bike Sharing Hourly - Windspeed","mc.rf_SMOTETPhi",42,0.542310532945601,0.560618797984935,0.551312709868771
"DS07","Bike Sharing Hourly - Windspeed","mc.rf_SMOTETPhi",43,0.53577334863723,0.559559596612066,0.547408201568722
"DS07","Bike Sharing Hourly - Windspeed","mc.rf_SMOTETPhi",44,0.524138199227336,0.556064483837243,0.539629537645402
"DS07","Bike Sharing Hourly - Windspeed","mc.rf_SMOTETPhi",45,0.550493037081413,0.573299216580513,0.561664713141445
"DS07","Bike Sharing Hourly - Windspeed","mc.rf_SMOTETPhi",46,0.541605502089896,0.556695891657413,0.549047027763065
"DS07","Bike Sharing Hourly - Windspeed","mc.rf_SMOTETPhi",47,0.535887286850638,0.562649503627399,0.548942408775473
"DS07","Bike Sharing Hourly - Windspeed","mc.rf_SMOTETPhi",48,0.544233427869284,0.566426535617389,0.555108251399347
"DS07","Bike Sharing Hourly - Windspeed","mc.rf_SMOTETPhi",49,0.542985866776992,0.560638137374274,0.551670829603819
"DS07","Bike Sharing Hourly - Windspeed","mc.rf_SMOTETPhi",50,0.556983390280195,0.550036798119733,0.553488299140059
"DS07","Bike Sharing Hourly - Windspeed","mc.rpart",1,0.538327918306609,0.451017394549809,0.490820044271652
"DS07","Bike Sharing Hourly - Windspeed","mc.rpart",2,0.524284914298245,0.450950830163249,0.484860647669168
"DS07","Bike Sharing Hourly - Windspeed","mc.rpart",3,0.495465828551066,0.457290303314935,0.475613247592655
"DS07","Bike Sharing Hourly - Windspeed","mc.rpart",4,0.500421434326982,0.456754984825747,0.47759217646591
"DS07","Bike Sharing Hourly - Windspeed","mc.rpart",5,0.49616937205979,0.458929463556594,0.476823413999156
"DS07","Bike Sharing Hourly - Windspeed","mc.rpart",6,0.495932789697103,0.458094289105685,0.476263166503801
"DS07","Bike Sharing Hourly - Windspeed","mc.rpart",7,0.493185197051707,0.458714589054118,0.47532576074767
"DS07","Bike Sharing Hourly - Windspeed","mc.rpart",8,0.481942286277243,0.460119909293594,0.470778345823045
"DS07","Bike Sharing Hourly - Windspeed","mc.rpart",9,0.465347785672851,0.4624507845027,0.46389476222255
"DS07","Bike Sharing Hourly - Windspeed","mc.rpart",10,0.519156830527919,0.45986841078329,0.487717408148567
"DS07","Bike Sharing Hourly - Windspeed","mc.rpart",11,0.484341284549788,0.461810614952769,0.472807688876488
"DS07","Bike Sharing Hourly - Windspeed","mc.rpart",12,0.46788321592281,0.46077301047896,0.464300893751956
"DS07","Bike Sharing Hourly - Windspeed","mc.rpart",13,0.513671529270786,0.458305805747774,0.484411797745559
"DS07","Bike Sharing Hourly - Windspeed","mc.rpart",14,0.49051407537914,0.458255697951148,0.473836490761555
"DS07","Bike Sharing Hourly - Windspeed","mc.rpart",15,0.476302110203705,0.461518673092383,0.468793871510766
"DS07","Bike Sharing Hourly - Windspeed","mc.rpart",16,0.47906297506028,0.461725874951681,0.470234678724883
"DS07","Bike Sharing Hourly - Windspeed","mc.rpart",17,0.489446654710743,0.453423706718306,0.470747041159423
"DS07","Bike Sharing Hourly - Windspeed","mc.rpart",18,0.473853967497418,0.458928858501786,0.466272007457217
"DS07","Bike Sharing Hourly - Windspeed","mc.rpart",19,0.494874938009945,0.46042816580228,0.477030502884713
"DS07","Bike Sharing Hourly - Windspeed","mc.rpart",20,0.467188758204979,0.461015338381164,0.464081518803673
"DS07","Bike Sharing Hourly - Windspeed","mc.rpart",21,0.39025283888737,0.454981305716515,0.420138602611148
"DS07","Bike Sharing Hourly - Windspeed","mc.rpart",22,0.389714760824039,0.457707305869537,0.420983357042699
"DS07","Bike Sharing Hourly - Windspeed","mc.rpart",23,0.471919054021817,0.454798364812688,0.463200560885112
"DS07","Bike Sharing Hourly - Windspeed","mc.rpart",24,0.479311758226137,0.455039268189269,0.466860238885776
"DS07","Bike Sharing Hourly - Windspeed","mc.rpart",25,0.482396682617852,0.457455477727414,0.469595143176565
"DS07","Bike Sharing Hourly - Windspeed","mc.rpart",26,0.488999463513992,0.455440596080813,0.471623804779226
"DS07","Bike Sharing Hourly - Windspeed","mc.rpart",27,0.486767550146937,0.453767081383925,0.469688373267159
"DS07","Bike Sharing Hourly - Windspeed","mc.rpart",28,0.479710482746703,0.454555182152397,0.466794176555534
"DS07","Bike Sharing Hourly - Windspeed","mc.rpart",29,0.484842485101414,0.45377804278257,0.468796211911426
"DS07","Bike Sharing Hourly - Windspeed","mc.rpart",30,0.471859765088268,0.455397003155733,0.463482242007039
"DS07","Bike Sharing Hourly - Windspeed","mc.rpart",31,0.436830338360077,0.45584802419944,0.446136604187127
"DS07","Bike Sharing Hourly - Windspeed","mc.rpart",32,0.436830338360077,0.45340767660231,0.444964662160853
"DS07","Bike Sharing Hourly - Windspeed","mc.rpart",33,0.505544090060699,0.45749961374706,0.480323426694761
"DS07","Bike Sharing Hourly - Windspeed","mc.rpart",34,0.505544090060699,0.458534123966147,0.480892967167061
"DS07","Bike Sharing Hourly - Windspeed","mc.rpart",35,0.450461944682793,0.45813363688238,0.454265402962087
"DS07","Bike Sharing Hourly - Windspeed","mc.rpart",36,0.483341814899835,0.459296677018358,0.471012570250065
"DS07","Bike Sharing Hourly - Windspeed","mc.rpart",37,0.511241936141364,0.458013371773553,0.483166078229412
"DS07","Bike Sharing Hourly - Windspeed","mc.rpart",38,0.511241936141364,0.45894672902517,0.483684921823527
"DS07","Bike Sharing Hourly - Windspeed","mc.rpart",39,0.511241936141364,0.458742277783949,0.48357135490913
"DS07","Bike Sharing Hourly - Windspeed","mc.rpart",40,0.512657880700798,0.457393641907133,0.483451547966703
"DS07","Bike Sharing Hourly - Windspeed","mc.rpart",41,0.515412699930166,0.458040105015685,0.485035712061178
"DS07","Bike Sharing Hourly - Windspeed","mc.rpart",42,0.500032491543665,0.458489316582142,0.478360645262711
"DS07","Bike Sharing Hourly - Windspeed","mc.rpart",43,0.485015036683869,0.463185226860259,0.473848844878748
"DS07","Bike Sharing Hourly - Windspeed","mc.rpart",44,0.458391665087164,0.461298919166305,0.459840697034415
"DS07","Bike Sharing Hourly - Windspeed","mc.rpart",45,0.441754083662436,0.468380733948467,0.454677917879637
"DS07","Bike Sharing Hourly - Windspeed","mc.rpart",46,0.434572283357713,0.464720236826413,0.449140918905546
"DS07","Bike Sharing Hourly - Windspeed","mc.rpart",47,0.434572283357713,0.464364585759066,0.44897475067865
"DS07","Bike Sharing Hourly - Windspeed","mc.rpart",48,0.422659344376494,0.463827613833068,0.442287556180956
"DS07","Bike Sharing Hourly - Windspeed","mc.rpart",49,0.422659344376494,0.463832965135209,0.442289989074439
"DS07","Bike Sharing Hourly - Windspeed","mc.rpart",50,0.508071339188788,0.457469677979413,0.481444553460693
"DS07","Bike Sharing Hourly - Windspeed","mc.rpart_UNDERB",1,0.426532195624037,0.536669683304673,0.475304094297227
"DS07","Bike Sharing Hourly - Windspeed","mc.rpart_UNDERB",2,0.43173763035814,0.523439012700096,0.473186442785255
"DS07","Bike Sharing Hourly - Windspeed","mc.rpart_UNDERB",3,0.421630360349625,0.517083106212178,0.464503693979105
"DS07","Bike Sharing Hourly - Windspeed","mc.rpart_UNDERB",4,0.450730627816782,0.554507635209105,0.497262358069557
"DS07","Bike Sharing Hourly - Windspeed","mc.rpart_UNDERB",5,0.426777296354688,0.521290375536216,0.469322820898099
"DS07","Bike Sharing Hourly - Windspeed","mc.rpart_UNDERB",6,0.416845081660965,0.518961314309656,0.462331679658838
"DS07","Bike Sharing Hourly - Windspeed","mc.rpart_UNDERB",7,0.407532258964174,0.513211792735977,0.45430727645658
"DS07","Bike Sharing Hourly - Windspeed","mc.rpart_UNDERB",8,0.448853179239446,0.532030093091009,0.486915019291931
"DS07","Bike Sharing Hourly - Windspeed","mc.rpart_UNDERB",9,0.439706880231395,0.523608449528459,0.478003890714273
"DS07","Bike Sharing Hourly - Windspeed","mc.rpart_UNDERB",10,0.446474172451242,0.533062583521544,0.485941286820103
"DS07","Bike Sharing Hourly - Windspeed","mc.rpart_UNDERB",11,0.441654718968965,0.52082537942798,0.477983881362921
"DS07","Bike Sharing Hourly - Windspeed","mc.rpart_UNDERB",12,0.439270871134805,0.527910447397562,0.479528869439658
"DS07","Bike Sharing Hourly - Windspeed","mc.rpart_UNDERB",13,0.443613567573984,0.533464555139155,0.484407764288931
"DS07","Bike Sharing Hourly - Windspeed","mc.rpart_UNDERB",14,0.436283488321377,0.534570381028133,0.480451771273273
"DS07","Bike Sharing Hourly - Windspeed","mc.rpart_UNDERB",15,0.435372261526573,0.549655138196734,0.485884150316292
"DS07","Bike Sharing Hourly - Windspeed","mc.rpart_UNDERB",16,0.427665871723311,0.523943150596989,0.470934173547798
"DS07","Bike Sharing Hourly - Windspeed","mc.rpart_UNDERB",17,0.445236315090772,0.545204399919362,0.490175321576695
"DS07","Bike Sharing Hourly - Windspeed","mc.rpart_UNDERB",18,0.465386845125737,0.537957642638339,0.499047761106759
"DS07","Bike Sharing Hourly - Windspeed","mc.rpart_UNDERB",19,0.454953903130784,0.546355465455701,0.496483023736811
"DS07","Bike Sharing Hourly - Windspeed","mc.rpart_UNDERB",20,0.454167590385771,0.566737924519444,0.504246463166822
"DS07","Bike Sharing Hourly - Windspeed","mc.rpart_UNDERB",21,0.426952683662689,0.537807486574949,0.47601125496402
"DS07","Bike Sharing Hourly - Windspeed","mc.rpart_UNDERB",22,0.448125508149601,0.544117584839795,0.49147828979057
"DS07","Bike Sharing Hourly - Windspeed","mc.rpart_UNDERB",23,0.448631051845277,0.536066814432833,0.488467025377762
"DS07","Bike Sharing Hourly - Windspeed","mc.rpart_UNDERB",24,0.465868202250751,0.561229883184379,0.50912207984058
"DS07","Bike Sharing Hourly - Windspeed","mc.rpart_UNDERB",25,0.442792124584274,0.555664156835836,0.492848244112841
"DS07","Bike Sharing Hourly - Windspeed","mc.rpart_UNDERB",26,0.442166063033872,0.543793025915365,0.487741984569611
"DS07","Bike Sharing Hourly - Windspeed","mc.rpart_UNDERB",27,0.439987280167692,0.539264706931401,0.484593577177321
"DS07","Bike Sharing Hourly - Windspeed","mc.rpart_UNDERB",28,0.452506398728744,0.538744524991478,0.491874133995822
"DS07","Bike Sharing Hourly - Windspeed","mc.rpart_UNDERB",29,0.419184921079954,0.535133446995105,0.470115381302697
"DS07","Bike Sharing Hourly - Windspeed","mc.rpart_UNDERB",30,0.434500484072036,0.547619303367795,0.484545480996279
"DS07","Bike Sharing Hourly - Windspeed","mc.rpart_UNDERB",31,0.456341403488767,0.54603608483605,0.497175717156267
"DS07","Bike Sharing Hourly - Windspeed","mc.rpart_UNDERB",32,0.439829683223127,0.547081758987872,0.487627939977501
"DS07","Bike Sharing Hourly - Windspeed","mc.rpart_UNDERB",33,0.440723087278049,0.544803895257518,0.48726754098858
"DS07","Bike Sharing Hourly - Windspeed","mc.rpart_UNDERB",34,0.453114340760146,0.557635528211536,0.499970690091843
"DS07","Bike Sharing Hourly - Windspeed","mc.rpart_UNDERB",35,0.432199572758463,0.573630872685123,0.492971791058157
"DS07","Bike Sharing Hourly - Windspeed","mc.rpart_UNDERB",36,0.429941351066615,0.541537004616271,0.479329570350795
"DS07","Bike Sharing Hourly - Windspeed","mc.rpart_UNDERB",37,0.43169810166786,0.561846577694336,0.488247999425515
"DS07","Bike Sharing Hourly - Windspeed","mc.rpart_UNDERB",38,0.443822811565137,0.538853200307017,0.486743014975004
"DS07","Bike Sharing Hourly - Windspeed","mc.rpart_UNDERB",39,0.441851532921082,0.563824999168022,0.495441490842197
"DS07","Bike Sharing Hourly - Windspeed","mc.rpart_UNDERB",40,0.444204137987839,0.552022500739488,0.492278904334722
"DS07","Bike Sharing Hourly - Windspeed","mc.rpart_UNDERB",41,0.457746307734244,0.55368206820868,0.501164350159552
"DS07","Bike Sharing Hourly - Windspeed","mc.rpart_UNDERB",42,0.431659883151532,0.54123880433764,0.480278331221535
"DS07","Bike Sharing Hourly - Windspeed","mc.rpart_UNDERB",43,0.452946557199127,0.551942845916312,0.497568411117502
"DS07","Bike Sharing Hourly - Windspeed","mc.rpart_UNDERB",44,0.434850989131951,0.543823040908288,0.48327017984117
"DS07","Bike Sharing Hourly - Windspeed","mc.rpart_UNDERB",45,0.4532067999236,0.558808838451526,0.500498126393112
"DS07","Bike Sharing Hourly - Windspeed","mc.rpart_UNDERB",46,0.439131471512096,0.561721503432202,0.492918733435144
"DS07","Bike Sharing Hourly - Windspeed","mc.rpart_UNDERB",47,0.461136598781973,0.557434799610495,0.504733566916923
"DS07","Bike Sharing Hourly - Windspeed","mc.rpart_UNDERB",48,0.453421563134485,0.53914568659275,0.492581797433432
"DS07","Bike Sharing Hourly - Windspeed","mc.rpart_UNDERB",49,0.458897822747228,0.554502310294044,0.502190387795975
"DS07","Bike Sharing Hourly - Windspeed","mc.rpart_UNDERB",50,0.463592964386168,0.547714673986747,0.502155149860915
"DS07","Bike Sharing Hourly - Windspeed","mc.rpart_UNDERT",1,0.410380077748706,0.517014790514623,0.457566840597131
"DS07","Bike Sharing Hourly - Windspeed","mc.rpart_UNDERT",2,0.421391237801289,0.519790564371805,0.465447140631779
"DS07","Bike Sharing Hourly - Windspeed","mc.rpart_UNDERT",3,0.437414473124599,0.520149193400131,0.475207640663813
"DS07","Bike Sharing Hourly - Windspeed","mc.rpart_UNDERT",4,0.436620290594124,0.525946154414775,0.477138516448739
"DS07","Bike Sharing Hourly - Windspeed","mc.rpart_UNDERT",5,0.456058312954357,0.530861292343268,0.49062497917615
"DS07","Bike Sharing Hourly - Windspeed","mc.rpart_UNDERT",6,0.456793332777918,0.537394522526859,0.493826661936819
"DS07","Bike Sharing Hourly - Windspeed","mc.rpart_UNDERT",7,0.430187056698479,0.52115074004764,0.471320079416876
"DS07","Bike Sharing Hourly - Windspeed","mc.rpart_UNDERT",8,0.445550788429746,0.533688039101583,0.485652978439783
"DS07","Bike Sharing Hourly - Windspeed","mc.rpart_UNDERT",9,0.433861803137996,0.514684510267198,0.470829829847927
"DS07","Bike Sharing Hourly - Windspeed","mc.rpart_UNDERT",10,0.44360594851907,0.51398157349262,0.476207716139673
"DS07","Bike Sharing Hourly - Windspeed","mc.rpart_UNDERT",11,0.41638610261019,0.522109469697592,0.463292813814058
"DS07","Bike Sharing Hourly - Windspeed","mc.rpart_UNDERT",12,0.456020864325315,0.532824744236282,0.491440116226008
"DS07","Bike Sharing Hourly - Windspeed","mc.rpart_UNDERT",13,0.456019733176574,0.53413808442807,0.491997341049307
"DS07","Bike Sharing Hourly - Windspeed","mc.rpart_UNDERT",14,0.441321389236447,0.535721287642712,0.48396097427638
"DS07","Bike Sharing Hourly - Windspeed","mc.rpart_UNDERT",15,0.418846821731183,0.525800902973165,0.466269131474641
"DS07","Bike Sharing Hourly - Windspeed","mc.rpart_UNDERT",16,0.452635222209158,0.563356908819807,0.50196290270175
"DS07","Bike Sharing Hourly - Windspeed","mc.rpart_UNDERT",17,0.452855685089586,0.530179505806,0.488476517516118
"DS07","Bike Sharing Hourly - Windspeed","mc.rpart_UNDERT",18,0.444853977136018,0.546717867131462,0.490553698092188
"DS07","Bike Sharing Hourly - Windspeed","mc.rpart_UNDERT",19,0.431957245547189,0.529227064507556,0.475670405066616
"DS07","Bike Sharing Hourly - Windspeed","mc.rpart_UNDERT",20,0.442923341791468,0.545260308527694,0.488792782437417
"DS07","Bike Sharing Hourly - Windspeed","mc.rpart_UNDERT",21,0.448339910098193,0.552500597213719,0.495000084977173
"DS07","Bike Sharing Hourly - Windspeed","mc.rpart_UNDERT",22,0.427761333697991,0.527459335413903,0.472407509770242
"DS07","Bike Sharing Hourly - Windspeed","mc.rpart_UNDERT",23,0.42306492496016,0.532188833347231,0.471393966025581
"DS07","Bike Sharing Hourly - Windspeed","mc.rpart_UNDERT",24,0.46017689708172,0.54021666896762,0.496994860650835
"DS07","Bike Sharing Hourly - Windspeed","mc.rpart_UNDERT",25,0.420743985028983,0.55083730233071,0.477080990958683
"DS07","Bike Sharing Hourly - Windspeed","mc.rpart_UNDERT",26,0.442659804610814,0.527374169718729,0.481317877728632
"DS07","Bike Sharing Hourly - Windspeed","mc.rpart_UNDERT",27,0.451922498694554,0.539308721108799,0.491763657039787
"DS07","Bike Sharing Hourly - Windspeed","mc.rpart_UNDERT",28,0.445183014310458,0.529360546396549,0.483636305658578
"DS07","Bike Sharing Hourly - Windspeed","mc.rpart_UNDERT",29,0.465377201711592,0.555000179545786,0.50625275559945
"DS07","Bike Sharing Hourly - Windspeed","mc.rpart_UNDERT",30,0.446580332942541,0.548397236337803,0.49227927935228
"DS07","Bike Sharing Hourly - Windspeed","mc.rpart_UNDERT",31,0.446415479276984,0.561880560888456,0.497536774704152
"DS07","Bike Sharing Hourly - Windspeed","mc.rpart_UNDERT",32,0.438417783073735,0.562779264863275,0.492874880463583
"DS07","Bike Sharing Hourly - Windspeed","mc.rpart_UNDERT",33,0.431369222693886,0.537326772076563,0.478553092517345
"DS07","Bike Sharing Hourly - Windspeed","mc.rpart_UNDERT",34,0.433435540200286,0.556573248577865,0.487346434481873
"DS07","Bike Sharing Hourly - Windspeed","mc.rpart_UNDERT",35,0.438897332817472,0.544758056671542,0.48613134367753
"DS07","Bike Sharing Hourly - Windspeed","mc.rpart_UNDERT",36,0.442410626846072,0.543958089709158,0.487957161266571
"DS07","Bike Sharing Hourly - Windspeed","mc.rpart_UNDERT",37,0.437692828888843,0.54969143642864,0.487340153732472
"DS07","Bike Sharing Hourly - Windspeed","mc.rpart_UNDERT",38,0.464869649696343,0.566740091863664,0.510775068050692
"DS07","Bike Sharing Hourly - Windspeed","mc.rpart_UNDERT",39,0.436290482674495,0.544194668980161,0.484305049184197
"DS07","Bike Sharing Hourly - Windspeed","mc.rpart_UNDERT",40,0.448364919043942,0.54210926967379,0.490800833739905
"DS07","Bike Sharing Hourly - Windspeed","mc.rpart_UNDERT",41,0.449755301239017,0.576328125923826,0.505234999466084
"DS07","Bike Sharing Hourly - Windspeed","mc.rpart_UNDERT",42,0.460083616896354,0.554991258359893,0.503100592313684
"DS07","Bike Sharing Hourly - Windspeed","mc.rpart_UNDERT",43,0.44268285076312,0.567052634265589,0.497208388516307
"DS07","Bike Sharing Hourly - Windspeed","mc.rpart_UNDERT",44,0.442797795623388,0.543475377859053,0.48799806333952
"DS07","Bike Sharing Hourly - Windspeed","mc.rpart_UNDERT",45,0.439613280371086,0.569620855204123,0.496243406553715
"DS07","Bike Sharing Hourly - Windspeed","mc.rpart_UNDERT",46,0.443779833473579,0.551151605809446,0.491672005100311
"DS07","Bike Sharing Hourly - Windspeed","mc.rpart_UNDERT",47,0.452977740241729,0.543891155989815,0.494288843215153
"DS07","Bike Sharing Hourly - Windspeed","mc.rpart_UNDERT",48,0.420847907063432,0.546045784127302,0.475341244863814
"DS07","Bike Sharing Hourly - Windspeed","mc.rpart_UNDERT",49,0.465852977360685,0.563813719183063,0.510173438919361
"DS07","Bike Sharing Hourly - Windspeed","mc.rpart_UNDERT",50,0.444311976723843,0.540207176120189,0.487589332455354
"DS07","Bike Sharing Hourly - Windspeed","mc.rpart_UNDERTPhi",1,0.474206181159958,0.553052476830578,0.510603441458268
"DS07","Bike Sharing Hourly - Windspeed","mc.rpart_UNDERTPhi",2,0.463109893624845,0.546384420730322,0.501312443991968
"DS07","Bike Sharing Hourly - Windspeed","mc.rpart_UNDERTPhi",3,0.462353957056051,0.547159299748041,0.501194542366705
"DS07","Bike Sharing Hourly - Windspeed","mc.rpart_UNDERTPhi",4,0.445204048403444,0.546249196159615,0.490577553507456
"DS07","Bike Sharing Hourly - Windspeed","mc.rpart_UNDERTPhi",5,0.447620244131864,0.554676086533909,0.495430817557704
"DS07","Bike Sharing Hourly - Windspeed","mc.rpart_UNDERTPhi",6,0.455306441280815,0.535954541327172,0.492349762941229
"DS07","Bike Sharing Hourly - Windspeed","mc.rpart_UNDERTPhi",7,0.433953152741574,0.536552068908458,0.479829385187589
"DS07","Bike Sharing Hourly - Windspeed","mc.rpart_UNDERTPhi",8,0.446144305215706,0.541071104390952,0.489043808659706
"DS07","Bike Sharing Hourly - Windspeed","mc.rpart_UNDERTPhi",9,0.452589869052116,0.534629686994544,0.490200945769753
"DS07","Bike Sharing Hourly - Windspeed","mc.rpart_UNDERTPhi",10,0.446534910573237,0.551905193981405,0.493659930756326
"DS07","Bike Sharing Hourly - Windspeed","mc.rpart_UNDERTPhi",11,0.431748732040174,0.523041975385555,0.473030807527141
"DS07","Bike Sharing Hourly - Windspeed","mc.rpart_UNDERTPhi",12,0.460022184743292,0.564967390635517,0.50712229585909
"DS07","Bike Sharing Hourly - Windspeed","mc.rpart_UNDERTPhi",13,0.457169939071712,0.550972527017893,0.499707303440919
"DS07","Bike Sharing Hourly - Windspeed","mc.rpart_UNDERTPhi",14,0.441785779592616,0.567216839053992,0.496705020995179
"DS07","Bike Sharing Hourly - Windspeed","mc.rpart_UNDERTPhi",15,0.454099165114416,0.565918588848574,0.503879776053761
"DS07","Bike Sharing Hourly - Windspeed","mc.rpart_UNDERTPhi",16,0.467422828035545,0.570261970871772,0.513746493013462
"DS07","Bike Sharing Hourly - Windspeed","mc.rpart_UNDERTPhi",17,0.45957114693678,0.549442865596332,0.500504620910903
"DS07","Bike Sharing Hourly - Windspeed","mc.rpart_UNDERTPhi",18,0.460238945090143,0.5865338175945,0.515767538270792
"DS07","Bike Sharing Hourly - Windspeed","mc.rpart_UNDERTPhi",19,0.468144600501801,0.570508012364105,0.514282142504467
"DS07","Bike Sharing Hourly - Windspeed","mc.rpart_UNDERTPhi",20,0.428436960303469,0.542277760929914,0.478682007083985
"DS07","Bike Sharing Hourly - Windspeed","mc.rpart_UNDERTPhi",21,0.422256039484756,0.541186795283219,0.47438080299341
"DS07","Bike Sharing Hourly - Windspeed","mc.rpart_UNDERTPhi",22,0.456624073941643,0.574859561632274,0.5089653503437
"DS07","Bike Sharing Hourly - Windspeed","mc.rpart_UNDERTPhi",23,0.46484595803874,0.553110926270678,0.505151804338772
"DS07","Bike Sharing Hourly - Windspeed","mc.rpart_UNDERTPhi",24,0.457233712488492,0.565680119040942,0.505708326425303
"DS07","Bike Sharing Hourly - Windspeed","mc.rpart_UNDERTPhi",25,0.451795357406121,0.537726025280736,0.491029554346001
"DS07","Bike Sharing Hourly - Windspeed","mc.rpart_UNDERTPhi",26,0.463993727342928,0.566633138110954,0.510202539058277
"DS07","Bike Sharing Hourly - Windspeed","mc.rpart_UNDERTPhi",27,0.441354154286956,0.554590123163136,0.49153483849769
"DS07","Bike Sharing Hourly - Windspeed","mc.rpart_UNDERTPhi",28,0.457027822122887,0.562438471335068,0.50428352812038
"DS07","Bike Sharing Hourly - Windspeed","mc.rpart_UNDERTPhi",29,0.447127781933703,0.575373154613637,0.503207993677338
"DS07","Bike Sharing Hourly - Windspeed","mc.rpart_UNDERTPhi",30,0.483160470474107,0.578605998517966,0.526593285109982
"DS07","Bike Sharing Hourly - Windspeed","mc.rpart_UNDERTPhi",31,0.4543048796703,0.565583575888408,0.503873491237279
"DS07","Bike Sharing Hourly - Windspeed","mc.rpart_UNDERTPhi",32,0.446413577840289,0.559522467927008,0.496608960063263
"DS07","Bike Sharing Hourly - Windspeed","mc.rpart_UNDERTPhi",33,0.450330599193559,0.592859215241589,0.511858229332367
"DS07","Bike Sharing Hourly - Windspeed","mc.rpart_UNDERTPhi",34,0.471852159970385,0.585025387565654,0.522379330328147
"DS07","Bike Sharing Hourly - Windspeed","mc.rpart_UNDERTPhi",35,0.454211114391528,0.577801660820459,0.508605983495946
"DS07","Bike Sharing Hourly - Windspeed","mc.rpart_UNDERTPhi",36,0.457242964074271,0.575010703346107,0.509408891768719
"DS07","Bike Sharing Hourly - Windspeed","mc.rpart_UNDERTPhi",37,0.462933495380553,0.601487425117584,0.523192791075209
"DS07","Bike Sharing Hourly - Windspeed","mc.rpart_UNDERTPhi",38,0.460300247746022,0.581533148506341,0.513863067344317
"DS07","Bike Sharing Hourly - Windspeed","mc.rpart_UNDERTPhi",39,0.435269543484811,0.587946426798478,0.500217315246255
"DS07","Bike Sharing Hourly - Windspeed","mc.rpart_UNDERTPhi",40,0.47068181000227,0.572242509240644,0.516517133678791
"DS07","Bike Sharing Hourly - Windspeed","mc.rpart_UNDERTPhi",41,0.452346026582102,0.573228564028108,0.505663197266224
"DS07","Bike Sharing Hourly - Windspeed","mc.rpart_UNDERTPhi",42,0.458743160997599,0.584934686941506,0.514209988828553
"DS07","Bike Sharing Hourly - Windspeed","mc.rpart_UNDERTPhi",43,0.463661859756289,0.574444008053786,0.513141839111161
"DS07","Bike Sharing Hourly - Windspeed","mc.rpart_UNDERTPhi",44,0.467901770603743,0.591924281904199,0.5226563716016
"DS07","Bike Sharing Hourly - Windspeed","mc.rpart_UNDERTPhi",45,0.461940398857437,0.577983119771105,0.513487286511306
"DS07","Bike Sharing Hourly - Windspeed","mc.rpart_UNDERTPhi",46,0.447401140156943,0.585099735488016,0.507068410182887
"DS07","Bike Sharing Hourly - Windspeed","mc.rpart_UNDERTPhi",47,0.470169729283033,0.565149680385204,0.513302986015207
"DS07","Bike Sharing Hourly - Windspeed","mc.rpart_UNDERTPhi",48,0.452589010246464,0.592959017581131,0.513351329142408
"DS07","Bike Sharing Hourly - Windspeed","mc.rpart_UNDERTPhi",49,0.474898537314699,0.568069715418739,0.517322509555016
"DS07","Bike Sharing Hourly - Windspeed","mc.rpart_UNDERTPhi",50,0.4503688056333,0.563367327162967,0.500570241227066
"DS07","Bike Sharing Hourly - Windspeed","mc.rpart_OVERB",1,0.456046813398654,0.528848676814225,0.489757047784009
"DS07","Bike Sharing Hourly - Windspeed","mc.rpart_OVERB",2,0.418028863565111,0.53406831595955,0.468977276664478
"DS07","Bike Sharing Hourly - Windspeed","mc.rpart_OVERB",3,0.456618556908851,0.526530318254264,0.489088723312899
"DS07","Bike Sharing Hourly - Windspeed","mc.rpart_OVERB",4,0.445501940287686,0.526564528395935,0.482653247786104
"DS07","Bike Sharing Hourly - Windspeed","mc.rpart_OVERB",5,0.4544282203652,0.541067752398664,0.49397780110929
"DS07","Bike Sharing Hourly - Windspeed","mc.rpart_OVERB",6,0.454646624538584,0.547248564624275,0.496668145293526
"DS07","Bike Sharing Hourly - Windspeed","mc.rpart_OVERB",7,0.488688981292357,0.540314491155057,0.513206700132991
"DS07","Bike Sharing Hourly - Windspeed","mc.rpart_OVERB",8,0.465929891102651,0.520731418236791,0.491808750776355
"DS07","Bike Sharing Hourly - Windspeed","mc.rpart_OVERB",9,0.435110403366553,0.529962597984884,0.477875226963101
"DS07","Bike Sharing Hourly - Windspeed","mc.rpart_OVERB",10,0.499041010157006,0.526102157688946,0.512214411515885
"DS07","Bike Sharing Hourly - Windspeed","mc.rpart_OVERB",11,0.484479063757582,0.546034649279661,0.513418409314558
"DS07","Bike Sharing Hourly - Windspeed","mc.rpart_OVERB",12,0.477721348343342,0.536644369841567,0.505471483007755
"DS07","Bike Sharing Hourly - Windspeed","mc.rpart_OVERB",13,0.45273878919942,0.52731840615672,0.487190947338961
"DS07","Bike Sharing Hourly - Windspeed","mc.rpart_OVERB",14,0.432276843571102,0.538076399639801,0.479408852938397
"DS07","Bike Sharing Hourly - Windspeed","mc.rpart_OVERB",15,0.4691480189829,0.532658749788252,0.498890215252981
"DS07","Bike Sharing Hourly - Windspeed","mc.rpart_OVERB",16,0.492839587684047,0.549612797497741,0.519680223969992
"DS07","Bike Sharing Hourly - Windspeed","mc.rpart_OVERB",17,0.493554503200497,0.529870511446849,0.511068174599695
"DS07","Bike Sharing Hourly - Windspeed","mc.rpart_OVERB",18,0.43781657568942,0.534165440241212,0.481215660506067
"DS07","Bike Sharing Hourly - Windspeed","mc.rpart_OVERB",19,0.484399642584297,0.537611800828308,0.509620446715872
"DS07","Bike Sharing Hourly - Windspeed","mc.rpart_OVERB",20,0.498508137524237,0.537370203537886,0.517210194880648
"DS07","Bike Sharing Hourly - Windspeed","mc.rpart_OVERB",21,0.508604180217656,0.552414140738439,0.52960469323044
"DS07","Bike Sharing Hourly - Windspeed","mc.rpart_OVERB",22,0.495470103934327,0.547425426141002,0.520153601131619
"DS07","Bike Sharing Hourly - Windspeed","mc.rpart_OVERB",23,0.507599842853202,0.541699452021818,0.52409557132637
"DS07","Bike Sharing Hourly - Windspeed","mc.rpart_OVERB",24,0.49957271069827,0.534719342607754,0.51654886179487
"DS07","Bike Sharing Hourly - Windspeed","mc.rpart_OVERB",25,0.486881174713534,0.533224716079447,0.509000248884433
"DS07","Bike Sharing Hourly - Windspeed","mc.rpart_OVERB",26,0.47187915917243,0.536661220336832,0.502189601047439
"DS07","Bike Sharing Hourly - Windspeed","mc.rpart_OVERB",27,0.483917231703651,0.546989615208814,0.513523993278842
"DS07","Bike Sharing Hourly - Windspeed","mc.rpart_OVERB",28,0.495427242621092,0.554187306675476,0.52316250651412
"DS07","Bike Sharing Hourly - Windspeed","mc.rpart_OVERB",29,0.454972421018126,0.55679537975166,0.500760237170189
"DS07","Bike Sharing Hourly - Windspeed","mc.rpart_OVERB",30,0.488248196515555,0.553719150656274,0.518926773315608
"DS07","Bike Sharing Hourly - Windspeed","mc.rpart_OVERB",31,0.494182566913046,0.572243622178078,0.530356109031035
"DS07","Bike Sharing Hourly - Windspeed","mc.rpart_OVERB",32,0.504686999711049,0.556105470133021,0.52915006322696
"DS07","Bike Sharing Hourly - Windspeed","mc.rpart_OVERB",33,0.486835873601424,0.55658851698092,0.519380722449277
"DS07","Bike Sharing Hourly - Windspeed","mc.rpart_OVERB",34,0.487837056753864,0.560496857190608,0.52164893932095
"DS07","Bike Sharing Hourly - Windspeed","mc.rpart_OVERB",35,0.456647330369149,0.567569327214518,0.506101938789746
"DS07","Bike Sharing Hourly - Windspeed","mc.rpart_OVERB",36,0.440399490540356,0.561672049648733,0.493697454913016
"DS07","Bike Sharing Hourly - Windspeed","mc.rpart_OVERB",37,0.488344627349406,0.551306178579631,0.517918918156971
"DS07","Bike Sharing Hourly - Windspeed","mc.rpart_OVERB",38,0.445446432667519,0.549614026434001,0.492077853520816
"DS07","Bike Sharing Hourly - Windspeed","mc.rpart_OVERB",39,0.480616016716648,0.55865997402214,0.51670765765055
"DS07","Bike Sharing Hourly - Windspeed","mc.rpart_OVERB",40,0.428492846136109,0.554955755985905,0.483593287638867
"DS07","Bike Sharing Hourly - Windspeed","mc.rpart_OVERB",41,0.483381417510266,0.565450741951411,0.521205187523985
"DS07","Bike Sharing Hourly - Windspeed","mc.rpart_OVERB",42,0.472686431284219,0.551228817424875,0.508945213694365
"DS07","Bike Sharing Hourly - Windspeed","mc.rpart_OVERB",43,0.43583127858286,0.546677696988629,0.485001655099794
"DS07","Bike Sharing Hourly - Windspeed","mc.rpart_OVERB",44,0.44186910466101,0.551297883500309,0.490554972300838
"DS07","Bike Sharing Hourly - Windspeed","mc.rpart_OVERB",45,0.426164847014635,0.5515826380433,0.480829936460994
"DS07","Bike Sharing Hourly - Windspeed","mc.rpart_OVERB",46,0.443908351797988,0.551467625272726,0.491876617969402
"DS07","Bike Sharing Hourly - Windspeed","mc.rpart_OVERB",47,0.477872951474798,0.540628754618153,0.507317478362561
"DS07","Bike Sharing Hourly - Windspeed","mc.rpart_OVERB",48,0.45355029840588,0.563869162562095,0.502728789360088
"DS07","Bike Sharing Hourly - Windspeed","mc.rpart_OVERB",49,0.510885896612358,0.56521679514349,0.536679800876776
"DS07","Bike Sharing Hourly - Windspeed","mc.rpart_OVERB",50,0.511387188905725,0.565982991845372,0.537301767469513
"DS07","Bike Sharing Hourly - Windspeed","mc.rpart_OVERT",1,0.488467667940207,0.521322976317123,0.504360819608424
"DS07","Bike Sharing Hourly - Windspeed","mc.rpart_OVERT",2,0.476631590618426,0.53460131220772,0.503954871468557
"DS07","Bike Sharing Hourly - Windspeed","mc.rpart_OVERT",3,0.477101458481088,0.519290196812992,0.497302659969159
"DS07","Bike Sharing Hourly - Windspeed","mc.rpart_OVERT",4,0.490891844795429,0.531541228916243,0.510408477887535
"DS07","Bike Sharing Hourly - Windspeed","mc.rpart_OVERT",5,0.500053558514934,0.532351976701277,0.515697545686217
"DS07","Bike Sharing Hourly - Windspeed","mc.rpart_OVERT",6,0.474661176496951,0.522722485473946,0.497533856622795
"DS07","Bike Sharing Hourly - Windspeed","mc.rpart_OVERT",7,0.505734545120553,0.528191919351705,0.51671933981501
"DS07","Bike Sharing Hourly - Windspeed","mc.rpart_OVERT",8,0.496151830218562,0.537385360063915,0.515946078061305
"DS07","Bike Sharing Hourly - Windspeed","mc.rpart_OVERT",9,0.484845359495689,0.533690114464061,0.508096540615626
"DS07","Bike Sharing Hourly - Windspeed","mc.rpart_OVERT",10,0.495959614161974,0.534890226969116,0.514689802533283
"DS07","Bike Sharing Hourly - Windspeed","mc.rpart_OVERT",11,0.453404060482282,0.522392344869954,0.485459485256865
"DS07","Bike Sharing Hourly - Windspeed","mc.rpart_OVERT",12,0.507363929092624,0.532236893985686,0.519502862533403
"DS07","Bike Sharing Hourly - Windspeed","mc.rpart_OVERT",13,0.461299886142804,0.526909078990558,0.49192651902961
"DS07","Bike Sharing Hourly - Windspeed","mc.rpart_OVERT",14,0.49234259341545,0.546884853635812,0.518182440047511
"DS07","Bike Sharing Hourly - Windspeed","mc.rpart_OVERT",15,0.502705350639694,0.52852947584516,0.515294070088423
"DS07","Bike Sharing Hourly - Windspeed","mc.rpart_OVERT",16,0.495773719906419,0.531850272436156,0.513178730671392
"DS07","Bike Sharing Hourly - Windspeed","mc.rpart_OVERT",17,0.477146702345134,0.537499885938773,0.505528330845399
"DS07","Bike Sharing Hourly - Windspeed","mc.rpart_OVERT",18,0.47975018188829,0.52124294667268,0.499636593577226
"DS07","Bike Sharing Hourly - Windspeed","mc.rpart_OVERT",19,0.437970202590904,0.530922019714524,0.479987390095988
"DS07","Bike Sharing Hourly - Windspeed","mc.rpart_OVERT",20,0.503039786661634,0.566483749509434,0.532880025288062
"DS07","Bike Sharing Hourly - Windspeed","mc.rpart_OVERT",21,0.516101139431544,0.55812358004095,0.536290424864167
"DS07","Bike Sharing Hourly - Windspeed","mc.rpart_OVERT",22,0.447258005440789,0.52386191410324,0.482538623938887
"DS07","Bike Sharing Hourly - Windspeed","mc.rpart_OVERT",23,0.495088724200254,0.54158142410199,0.517292519222878
"DS07","Bike Sharing Hourly - Windspeed","mc.rpart_OVERT",24,0.4482959719659,0.549752113654735,0.493867302952446
"DS07","Bike Sharing Hourly - Windspeed","mc.rpart_OVERT",25,0.420517457483453,0.531925449442206,0.469705713473572
"DS07","Bike Sharing Hourly - Windspeed","mc.rpart_OVERT",26,0.467689098052357,0.536447430077691,0.499714147821633
"DS07","Bike Sharing Hourly - Windspeed","mc.rpart_OVERT",27,0.474585632086255,0.535120453216831,0.503038423217903
"DS07","Bike Sharing Hourly - Windspeed","mc.rpart_OVERT",28,0.447980978998548,0.539564741914381,0.489526178276489
"DS07","Bike Sharing Hourly - Windspeed","mc.rpart_OVERT",29,0.441202140677186,0.545930793455198,0.488010938356
"DS07","Bike Sharing Hourly - Windspeed","mc.rpart_OVERT",30,0.480929511573513,0.536001841830832,0.506974444501583
"DS07","Bike Sharing Hourly - Windspeed","mc.rpart_OVERT",31,0.497062499708825,0.546775299312953,0.520735112888678
"DS07","Bike Sharing Hourly - Windspeed","mc.rpart_OVERT",32,0.4345795868071,0.544530675013017,0.48338154542685
"DS07","Bike Sharing Hourly - Windspeed","mc.rpart_OVERT",33,0.488306453916312,0.546026285215632,0.51555587286642
"DS07","Bike Sharing Hourly - Windspeed","mc.rpart_OVERT",34,0.485664394084357,0.566768039544654,0.523091169972179
"DS07","Bike Sharing Hourly - Windspeed","mc.rpart_OVERT",35,0.461858865845033,0.542900873874954,0.499111522808512
"DS07","Bike Sharing Hourly - Windspeed","mc.rpart_OVERT",36,0.440094692977388,0.55530828648532,0.491033751939282
"DS07","Bike Sharing Hourly - Windspeed","mc.rpart_OVERT",37,0.460663064385471,0.549708788802489,0.501262053906943
"DS07","Bike Sharing Hourly - Windspeed","mc.rpart_OVERT",38,0.456387564959425,0.552527320102623,0.499876851712193
"DS07","Bike Sharing Hourly - Windspeed","mc.rpart_OVERT",39,0.483383472044885,0.572199338298792,0.524054958338329
"DS07","Bike Sharing Hourly - Windspeed","mc.rpart_OVERT",40,0.465423883746709,0.56005660325271,0.508373826139929
"DS07","Bike Sharing Hourly - Windspeed","mc.rpart_OVERT",41,0.460715950568623,0.547290116298198,0.500285255129223
"DS07","Bike Sharing Hourly - Windspeed","mc.rpart_OVERT",42,0.495893930072431,0.557230825880616,0.524776162826743
"DS07","Bike Sharing Hourly - Windspeed","mc.rpart_OVERT",43,0.478459450937223,0.548243002650521,0.510979680844651
"DS07","Bike Sharing Hourly - Windspeed","mc.rpart_OVERT",44,0.478266060364859,0.560507677544231,0.516131259311442
"DS07","Bike Sharing Hourly - Windspeed","mc.rpart_OVERT",45,0.508800055840504,0.560544731966372,0.533420453678965
"DS07","Bike Sharing Hourly - Windspeed","mc.rpart_OVERT",46,0.465886520598032,0.545485653137221,0.50255369798768
"DS07","Bike Sharing Hourly - Windspeed","mc.rpart_OVERT",47,0.464024941536625,0.559951052328093,0.507494816043983
"DS07","Bike Sharing Hourly - Windspeed","mc.rpart_OVERT",48,0.483513543807103,0.560899294145145,0.519339471090304
"DS07","Bike Sharing Hourly - Windspeed","mc.rpart_OVERT",49,0.5238545335215,0.557405131098411,0.540109308593683
"DS07","Bike Sharing Hourly - Windspeed","mc.rpart_OVERT",50,0.487731562249959,0.567363308316443,0.524542390353832
"DS07","Bike Sharing Hourly - Windspeed","mc.rpart_OVERTPhi",1,0.471147163660692,0.51410690041505,0.491690451794614
"DS07","Bike Sharing Hourly - Windspeed","mc.rpart_OVERTPhi",2,0.486478360824118,0.524001592697713,0.504543281628403
"DS07","Bike Sharing Hourly - Windspeed","mc.rpart_OVERTPhi",3,0.47096944935974,0.521924990307253,0.495139695564288
"DS07","Bike Sharing Hourly - Windspeed","mc.rpart_OVERTPhi",4,0.475286132160536,0.540679850857804,0.505878423779277
"DS07","Bike Sharing Hourly - Windspeed","mc.rpart_OVERTPhi",5,0.460000947723898,0.531611868331365,0.49322065889893
"DS07","Bike Sharing Hourly - Windspeed","mc.rpart_OVERTPhi",6,0.4686555574661,0.526397435233818,0.49585114615625
"DS07","Bike Sharing Hourly - Windspeed","mc.rpart_OVERTPhi",7,0.478916195710719,0.529705922010351,0.503032286438104
"DS07","Bike Sharing Hourly - Windspeed","mc.rpart_OVERTPhi",8,0.454683438650393,0.525868606172912,0.487692106493083
"DS07","Bike Sharing Hourly - Windspeed","mc.rpart_OVERTPhi",9,0.503939368541572,0.523582536020144,0.51357319276601
"DS07","Bike Sharing Hourly - Windspeed","mc.rpart_OVERTPhi",10,0.479977598558449,0.535865562801807,0.506384205292827
"DS07","Bike Sharing Hourly - Windspeed","mc.rpart_OVERTPhi",11,0.502779605929838,0.551381696119913,0.525960251724383
"DS07","Bike Sharing Hourly - Windspeed","mc.rpart_OVERTPhi",12,0.512897137545941,0.547391136906423,0.529583046426373
"DS07","Bike Sharing Hourly - Windspeed","mc.rpart_OVERTPhi",13,0.450153662265239,0.527823719327642,0.485904448830511
"DS07","Bike Sharing Hourly - Windspeed","mc.rpart_OVERTPhi",14,0.458395450355648,0.545433128193339,0.498140957091459
"DS07","Bike Sharing Hourly - Windspeed","mc.rpart_OVERTPhi",15,0.501968557892731,0.529885879122017,0.515549560188206
"DS07","Bike Sharing Hourly - Windspeed","mc.rpart_OVERTPhi",16,0.498763154227621,0.517518525919088,0.507967775865784
"DS07","Bike Sharing Hourly - Windspeed","mc.rpart_OVERTPhi",17,0.465713233633978,0.533303902029732,0.497222071288856
"DS07","Bike Sharing Hourly - Windspeed","mc.rpart_OVERTPhi",18,0.48887067258464,0.505125392725126,0.496865126732985
"DS07","Bike Sharing Hourly - Windspeed","mc.rpart_OVERTPhi",19,0.437215689803444,0.53385818618818,0.480727946456452
"DS07","Bike Sharing Hourly - Windspeed","mc.rpart_OVERTPhi",20,0.488816204206262,0.563531272051903,0.52352141012473
"DS07","Bike Sharing Hourly - Windspeed","mc.rpart_OVERTPhi",21,0.488906729073295,0.538619040989105,0.512560329325047
"DS07","Bike Sharing Hourly - Windspeed","mc.rpart_OVERTPhi",22,0.452801386392623,0.530250339712562,0.4884749857635
"DS07","Bike Sharing Hourly - Windspeed","mc.rpart_OVERTPhi",23,0.410949649150813,0.535204153999185,0.464917983900244
"DS07","Bike Sharing Hourly - Windspeed","mc.rpart_OVERTPhi",24,0.435073320879168,0.544281841999036,0.483588625390645
"DS07","Bike Sharing Hourly - Windspeed","mc.rpart_OVERTPhi",25,0.454930269857937,0.544233567771039,0.495591042284628
"DS07","Bike Sharing Hourly - Windspeed","mc.rpart_OVERTPhi",26,0.426532082319326,0.536952656243329,0.475414971110031
"DS07","Bike Sharing Hourly - Windspeed","mc.rpart_OVERTPhi",27,0.444732946478185,0.528219985753835,0.482894542727884
"DS07","Bike Sharing Hourly - Windspeed","mc.rpart_OVERTPhi",28,0.424619918022551,0.540036868078449,0.475423827327158
"DS07","Bike Sharing Hourly - Windspeed","mc.rpart_OVERTPhi",29,0.470163695502578,0.536520346576764,0.501155036366364
"DS07","Bike Sharing Hourly - Windspeed","mc.rpart_OVERTPhi",30,0.485132136161873,0.540344423559385,0.511251948139652
"DS07","Bike Sharing Hourly - Windspeed","mc.rpart_OVERTPhi",31,0.510758685903502,0.535319236145437,0.522750636122724
"DS07","Bike Sharing Hourly - Windspeed","mc.rpart_OVERTPhi",32,0.465790598204227,0.553367282335023,0.505816188810897
"DS07","Bike Sharing Hourly - Windspeed","mc.rpart_OVERTPhi",33,0.43627636920639,0.541846639292432,0.483364326169966
"DS07","Bike Sharing Hourly - Windspeed","mc.rpart_OVERTPhi",34,0.465639331759257,0.553566711497085,0.505810253640424
"DS07","Bike Sharing Hourly - Windspeed","mc.rpart_OVERTPhi",35,0.468162148850249,0.539727626878088,0.501404125089959
"DS07","Bike Sharing Hourly - Windspeed","mc.rpart_OVERTPhi",36,0.466807621023435,0.555130811578287,0.507152457022159
"DS07","Bike Sharing Hourly - Windspeed","mc.rpart_OVERTPhi",37,0.452759421581821,0.559873144159725,0.500651172961882
"DS07","Bike Sharing Hourly - Windspeed","mc.rpart_OVERTPhi",38,0.461596032370016,0.565888877820632,0.508449434485334
"DS07","Bike Sharing Hourly - Windspeed","mc.rpart_OVERTPhi",39,0.476894649363362,0.542971970043349,0.507792729638687
"DS07","Bike Sharing Hourly - Windspeed","mc.rpart_OVERTPhi",40,0.490520780336745,0.547222532544019,0.517322579388539
"DS07","Bike Sharing Hourly - Windspeed","mc.rpart_OVERTPhi",41,0.436234409450354,0.550714149836727,0.486834819645546
"DS07","Bike Sharing Hourly - Windspeed","mc.rpart_OVERTPhi",42,0.461996811803239,0.548195560373773,0.501418557718024
"DS07","Bike Sharing Hourly - Windspeed","mc.rpart_OVERTPhi",43,0.490254741810592,0.544767192487156,0.516075438499531
"DS07","Bike Sharing Hourly - Windspeed","mc.rpart_OVERTPhi",44,0.468260632802806,0.545651853690724,0.504002634749825
"DS07","Bike Sharing Hourly - Windspeed","mc.rpart_OVERTPhi",45,0.476420118808618,0.562519655122522,0.515902245058177
"DS07","Bike Sharing Hourly - Windspeed","mc.rpart_OVERTPhi",46,0.480369468659661,0.542151951079435,0.509394208561965
"DS07","Bike Sharing Hourly - Windspeed","mc.rpart_OVERTPhi",47,0.508133345147708,0.554044680772615,0.530096782520713
"DS07","Bike Sharing Hourly - Windspeed","mc.rpart_OVERTPhi",48,0.489631406956842,0.552332943976437,0.519095602888078
"DS07","Bike Sharing Hourly - Windspeed","mc.rpart_OVERTPhi",49,0.459849141356473,0.55581376023385,0.503297856006053
"DS07","Bike Sharing Hourly - Windspeed","mc.rpart_OVERTPhi",50,0.504662637837563,0.558426985735373,0.530185281488749
"DS07","Bike Sharing Hourly - Windspeed","mc.rpart_SMOTEB",1,0.46570865491104,0.548357244893099,0.50366492942759
"DS07","Bike Sharing Hourly - Windspeed","mc.rpart_SMOTEB",2,0.473783476315335,0.534799217455675,0.502445726942838
"DS07","Bike Sharing Hourly - Windspeed","mc.rpart_SMOTEB",3,0.450211734841677,0.538453474291362,0.490394666572356
"DS07","Bike Sharing Hourly - Windspeed","mc.rpart_SMOTEB",4,0.445693286772418,0.538787175269508,0.48783868502302
"DS07","Bike Sharing Hourly - Windspeed","mc.rpart_SMOTEB",5,0.448424222670736,0.534919922413775,0.487867958737625
"DS07","Bike Sharing Hourly - Windspeed","mc.rpart_SMOTEB",6,0.462827901196522,0.527382078429434,0.493000768544782
"DS07","Bike Sharing Hourly - Windspeed","mc.rpart_SMOTEB",7,0.467214915967414,0.553059555443199,0.506525804500653
"DS07","Bike Sharing Hourly - Windspeed","mc.rpart_SMOTEB",8,0.462345851142618,0.565635122817389,0.508801347339604
"DS07","Bike Sharing Hourly - Windspeed","mc.rpart_SMOTEB",9,0.45028045668194,0.541170063731654,0.491559182072002
"DS07","Bike Sharing Hourly - Windspeed","mc.rpart_SMOTEB",10,0.453301014347768,0.559904274813619,0.500994573213757
"DS07","Bike Sharing Hourly - Windspeed","mc.rpart_SMOTEB",11,0.459992528499388,0.555828132050441,0.503389619452286
"DS07","Bike Sharing Hourly - Windspeed","mc.rpart_SMOTEB",12,0.470818148346999,0.554635685954596,0.509301419397705
"DS07","Bike Sharing Hourly - Windspeed","mc.rpart_SMOTEB",13,0.469580632308632,0.556111258438993,0.509195946126448
"DS07","Bike Sharing Hourly - Windspeed","mc.rpart_SMOTEB",14,0.462705140219769,0.564510682631867,0.508563027850598
"DS07","Bike Sharing Hourly - Windspeed","mc.rpart_SMOTEB",15,0.471674804200519,0.555506707966357,0.510169847507027
"DS07","Bike Sharing Hourly - Windspeed","mc.rpart_SMOTEB",16,0.454561662645457,0.555931088234827,0.500161845919585
"DS07","Bike Sharing Hourly - Windspeed","mc.rpart_SMOTEB",17,0.465585380361553,0.55212879990469,0.505177391249364
"DS07","Bike Sharing Hourly - Windspeed","mc.rpart_SMOTEB",18,0.467272604541265,0.560748639189562,0.509760822016016
"DS07","Bike Sharing Hourly - Windspeed","mc.rpart_SMOTEB",19,0.482808063506809,0.567949330435846,0.521929263554979
"DS07","Bike Sharing Hourly - Windspeed","mc.rpart_SMOTEB",20,0.453491786530199,0.563126074749589,0.502397330218945
"DS07","Bike Sharing Hourly - Windspeed","mc.rpart_SMOTEB",21,0.464813417853652,0.557557829352146,0.506978968785625
"DS07","Bike Sharing Hourly - Windspeed","mc.rpart_SMOTEB",22,0.482896227611969,0.572941324471002,0.524079113655753
"DS07","Bike Sharing Hourly - Windspeed","mc.rpart_SMOTEB",23,0.454189384058136,0.551539901217012,0.498153074957357
"DS07","Bike Sharing Hourly - Windspeed","mc.rpart_SMOTEB",24,0.45464454339817,0.575248762611526,0.507885058562401
"DS07","Bike Sharing Hourly - Windspeed","mc.rpart_SMOTEB",25,0.463033061452631,0.568445357327557,0.51035288626432
"DS07","Bike Sharing Hourly - Windspeed","mc.rpart_SMOTEB",26,0.467435024892004,0.552315577251058,0.506342717637093
"DS07","Bike Sharing Hourly - Windspeed","mc.rpart_SMOTEB",27,0.468842322417963,0.553273018604825,0.507570518830712
"DS07","Bike Sharing Hourly - Windspeed","mc.rpart_SMOTEB",28,0.47856337790045,0.561304868159928,0.516642285705462
"DS07","Bike Sharing Hourly - Windspeed","mc.rpart_SMOTEB",29,0.467268128977182,0.566106936834643,0.511960735123633
"DS07","Bike Sharing Hourly - Windspeed","mc.rpart_SMOTEB",30,0.478467138232573,0.573683944452159,0.521767110578067
"DS07","Bike Sharing Hourly - Windspeed","mc.rpart_SMOTEB",31,0.486289456974368,0.571189508922652,0.52533136843594
"DS07","Bike Sharing Hourly - Windspeed","mc.rpart_SMOTEB",32,0.47648392194597,0.572604172003062,0.52014065009854
"DS07","Bike Sharing Hourly - Windspeed","mc.rpart_SMOTEB",33,0.492086768564682,0.581230600220936,0.532956786448425
"DS07","Bike Sharing Hourly - Windspeed","mc.rpart_SMOTEB",34,0.480033096225135,0.579864908489578,0.525247422254521
"DS07","Bike Sharing Hourly - Windspeed","mc.rpart_SMOTEB",35,0.48594748365116,0.572370662367436,0.52563037710272
"DS07","Bike Sharing Hourly - Windspeed","mc.rpart_SMOTEB",36,0.468462418667697,0.574996731361027,0.516291144683511
"DS07","Bike Sharing Hourly - Windspeed","mc.rpart_SMOTEB",37,0.473784345236208,0.601156886050224,0.529924266279539
"DS07","Bike Sharing Hourly - Windspeed","mc.rpart_SMOTEB",38,0.478619479626932,0.586450635860711,0.527076469578765
"DS07","Bike Sharing Hourly - Windspeed","mc.rpart_SMOTEB",39,0.491643085733752,0.59104012825788,0.536778974115364
"DS07","Bike Sharing Hourly - Windspeed","mc.rpart_SMOTEB",40,0.47930614596899,0.564517943297212,0.518433944022772
"DS07","Bike Sharing Hourly - Windspeed","mc.rpart_SMOTEB",41,0.484617012543684,0.596689121620702,0.534845203223788
"DS07","Bike Sharing Hourly - Windspeed","mc.rpart_SMOTEB",42,0.499912069928959,0.579959745467718,0.536969060028181
"DS07","Bike Sharing Hourly - Windspeed","mc.rpart_SMOTEB",43,0.469524501523225,0.564651084805494,0.512712778434471
"DS07","Bike Sharing Hourly - Windspeed","mc.rpart_SMOTEB",44,0.461270961646931,0.580280957068537,0.51397678844952
"DS07","Bike Sharing Hourly - Windspeed","mc.rpart_SMOTEB",45,0.485390034444411,0.576684482456715,0.52711348657522
"DS07","Bike Sharing Hourly - Windspeed","mc.rpart_SMOTEB",46,0.502091231783947,0.606553048994167,0.549400691983982
"DS07","Bike Sharing Hourly - Windspeed","mc.rpart_SMOTEB",47,0.470485581100191,0.571205716267225,0.515976381918351
"DS07","Bike Sharing Hourly - Windspeed","mc.rpart_SMOTEB",48,0.498292440017819,0.579611225885009,0.535884422966601
"DS07","Bike Sharing Hourly - Windspeed","mc.rpart_SMOTEB",49,0.479513218478155,0.593557794138204,0.530475252567018
"DS07","Bike Sharing Hourly - Windspeed","mc.rpart_SMOTEB",50,0.471982040357931,0.575987263857484,0.51882367722434
"DS07","Bike Sharing Hourly - Windspeed","mc.rpart_SMOTET",1,0.427675313042955,0.526936804226773,0.472145405709037
"DS07","Bike Sharing Hourly - Windspeed","mc.rpart_SMOTET",2,0.434602305383971,0.519328304457212,0.473202717346138
"DS07","Bike Sharing Hourly - Windspeed","mc.rpart_SMOTET",3,0.443014692793563,0.534112178721121,0.484316928888967
"DS07","Bike Sharing Hourly - Windspeed","mc.rpart_SMOTET",4,0.452761829970074,0.55016686774785,0.496734330959345
"DS07","Bike Sharing Hourly - Windspeed","mc.rpart_SMOTET",5,0.445833899370325,0.549567288727073,0.492295428676129
"DS07","Bike Sharing Hourly - Windspeed","mc.rpart_SMOTET",6,0.449949984221319,0.540234027618907,0.490975998998799
"DS07","Bike Sharing Hourly - Windspeed","mc.rpart_SMOTET",7,0.44731276380353,0.524492963085908,0.482838062015562
"DS07","Bike Sharing Hourly - Windspeed","mc.rpart_SMOTET",8,0.435593601187839,0.530987892478413,0.47858339889068
"DS07","Bike Sharing Hourly - Windspeed","mc.rpart_SMOTET",9,0.449634211435833,0.540003793906722,0.490692917480594
"DS07","Bike Sharing Hourly - Windspeed","mc.rpart_SMOTET",10,0.447834337886916,0.541556656573149,0.490256467024023
"DS07","Bike Sharing Hourly - Windspeed","mc.rpart_SMOTET",11,0.440485983035218,0.540283792580965,0.48530744606909
"DS07","Bike Sharing Hourly - Windspeed","mc.rpart_SMOTET",12,0.43989159930584,0.565557179028535,0.494871260162843
"DS07","Bike Sharing Hourly - Windspeed","mc.rpart_SMOTET",13,0.447096974807146,0.542282195029889,0.490110841790974
"DS07","Bike Sharing Hourly - Windspeed","mc.rpart_SMOTET",14,0.460618727190978,0.555280646570117,0.503539368687631
"DS07","Bike Sharing Hourly - Windspeed","mc.rpart_SMOTET",15,0.463679180403348,0.556663977563005,0.505934684544616
"DS07","Bike Sharing Hourly - Windspeed","mc.rpart_SMOTET",16,0.444140196133578,0.548415187345536,0.490800277595603
"DS07","Bike Sharing Hourly - Windspeed","mc.rpart_SMOTET",17,0.45921353104406,0.559377316804461,0.504370588795884
"DS07","Bike Sharing Hourly - Windspeed","mc.rpart_SMOTET",18,0.436093517087151,0.550981789802389,0.486851580398791
"DS07","Bike Sharing Hourly - Windspeed","mc.rpart_SMOTET",19,0.439361111034982,0.54765641699803,0.48756769764203
"DS07","Bike Sharing Hourly - Windspeed","mc.rpart_SMOTET",20,0.450554997115535,0.553346890882534,0.496688391178621
"DS07","Bike Sharing Hourly - Windspeed","mc.rpart_SMOTET",21,0.451056560718959,0.546189065742718,0.494085218243229
"DS07","Bike Sharing Hourly - Windspeed","mc.rpart_SMOTET",22,0.449333082498725,0.552658627931219,0.495668381829817
"DS07","Bike Sharing Hourly - Windspeed","mc.rpart_SMOTET",23,0.440812340407375,0.564160089101432,0.494916520969208
"DS07","Bike Sharing Hourly - Windspeed","mc.rpart_SMOTET",24,0.471720949181719,0.546274605226342,0.506267781181184
"DS07","Bike Sharing Hourly - Windspeed","mc.rpart_SMOTET",25,0.459836598144854,0.556793977181168,0.503691812047704
"DS07","Bike Sharing Hourly - Windspeed","mc.rpart_SMOTET",26,0.460877797130726,0.545915834942758,0.499805480312842
"DS07","Bike Sharing Hourly - Windspeed","mc.rpart_SMOTET",27,0.450410896812858,0.549376401642628,0.494995521815372
"DS07","Bike Sharing Hourly - Windspeed","mc.rpart_SMOTET",28,0.451046331795797,0.550972027044353,0.496026663639393
"DS07","Bike Sharing Hourly - Windspeed","mc.rpart_SMOTET",29,0.454340689285758,0.54682053386485,0.496309310682098
"DS07","Bike Sharing Hourly - Windspeed","mc.rpart_SMOTET",30,0.472455073713457,0.569766878045942,0.51656799573691
"DS07","Bike Sharing Hourly - Windspeed","mc.rpart_SMOTET",31,0.43754896351437,0.5452934183329,0.485515428332118
"DS07","Bike Sharing Hourly - Windspeed","mc.rpart_SMOTET",32,0.442098880510949,0.556921160916169,0.492911476374738
"DS07","Bike Sharing Hourly - Windspeed","mc.rpart_SMOTET",33,0.452609564212327,0.547864731785233,0.495702525277516
"DS07","Bike Sharing Hourly - Windspeed","mc.rpart_SMOTET",34,0.461186432857041,0.556599679702841,0.504420757256937
"DS07","Bike Sharing Hourly - Windspeed","mc.rpart_SMOTET",35,0.457855106461235,0.547348468089685,0.49861798639257
"DS07","Bike Sharing Hourly - Windspeed","mc.rpart_SMOTET",36,0.435262820395468,0.551333933991708,0.486470611264113
"DS07","Bike Sharing Hourly - Windspeed","mc.rpart_SMOTET",37,0.443098088351648,0.548400082931524,0.490157290122614
"DS07","Bike Sharing Hourly - Windspeed","mc.rpart_SMOTET",38,0.464908164164254,0.549354752510838,0.503615986083688
"DS07","Bike Sharing Hourly - Windspeed","mc.rpart_SMOTET",39,0.426819374881695,0.559387660247926,0.484193446119908
"DS07","Bike Sharing Hourly - Windspeed","mc.rpart_SMOTET",40,0.459042304093852,0.569653993357534,0.508401327573484
"DS07","Bike Sharing Hourly - Windspeed","mc.rpart_SMOTET",41,0.440802527574723,0.544213625740936,0.487079812772032
"DS07","Bike Sharing Hourly - Windspeed","mc.rpart_SMOTET",42,0.458570947652984,0.56811188442908,0.507497733622845
"DS07","Bike Sharing Hourly - Windspeed","mc.rpart_SMOTET",43,0.445026715655913,0.568148029558956,0.499106502200427
"DS07","Bike Sharing Hourly - Windspeed","mc.rpart_SMOTET",44,0.461507333407941,0.552407728925682,0.502882790484755
"DS07","Bike Sharing Hourly - Windspeed","mc.rpart_SMOTET",45,0.48236580026602,0.584379185440861,0.528494695959961
"DS07","Bike Sharing Hourly - Windspeed","mc.rpart_SMOTET",46,0.459744452728341,0.579611302271544,0.512765873813864
"DS07","Bike Sharing Hourly - Windspeed","mc.rpart_SMOTET",47,0.430565955222165,0.5598049582123,0.486752898941499
"DS07","Bike Sharing Hourly - Windspeed","mc.rpart_SMOTET",48,0.462650921888942,0.562223563583472,0.507600206048023
"DS07","Bike Sharing Hourly - Windspeed","mc.rpart_SMOTET",49,0.466170767219995,0.557425470887666,0.507730391647529
"DS07","Bike Sharing Hourly - Windspeed","mc.rpart_SMOTET",50,0.468050327661669,0.567280692374921,0.512910187763594
"DS07","Bike Sharing Hourly - Windspeed","mc.rpart_SMOTETPhi",1,0.436810971083477,0.541151386832023,0.483415053497776
"DS07","Bike Sharing Hourly - Windspeed","mc.rpart_SMOTETPhi",2,0.446986540377977,0.540573959429221,0.489345784872655
"DS07","Bike Sharing Hourly - Windspeed","mc.rpart_SMOTETPhi",3,0.432289558326985,0.544683951786181,0.482021636222605
"DS07","Bike Sharing Hourly - Windspeed","mc.rpart_SMOTETPhi",4,0.458369374797618,0.562167591061444,0.50498985507969
"DS07","Bike Sharing Hourly - Windspeed","mc.rpart_SMOTETPhi",5,0.442323376014764,0.554780591503029,0.492210305394675
"DS07","Bike Sharing Hourly - Windspeed","mc.rpart_SMOTETPhi",6,0.446933831663906,0.536366507065231,0.487583149800752
"DS07","Bike Sharing Hourly - Windspeed","mc.rpart_SMOTETPhi",7,0.453581033305713,0.55112853131459,0.497619327058768
"DS07","Bike Sharing Hourly - Windspeed","mc.rpart_SMOTETPhi",8,0.458227888081815,0.558359368647599,0.50336226938203
"DS07","Bike Sharing Hourly - Windspeed","mc.rpart_SMOTETPhi",9,0.441755784851912,0.558495644596263,0.493313330131621
"DS07","Bike Sharing Hourly - Windspeed","mc.rpart_SMOTETPhi",10,0.447294593627857,0.554583193394063,0.495194258891398
"DS07","Bike Sharing Hourly - Windspeed","mc.rpart_SMOTETPhi",11,0.466652949236894,0.559806103409768,0.509002611421085
"DS07","Bike Sharing Hourly - Windspeed","mc.rpart_SMOTETPhi",12,0.454028535134773,0.577688798134065,0.508447789569572
"DS07","Bike Sharing Hourly - Windspeed","mc.rpart_SMOTETPhi",13,0.461229689155101,0.58105401482647,0.514254154827455
"DS07","Bike Sharing Hourly - Windspeed","mc.rpart_SMOTETPhi",14,0.436766768166102,0.559554874006339,0.490594530092602
"DS07","Bike Sharing Hourly - Windspeed","mc.rpart_SMOTETPhi",15,0.43559911547008,0.570248043928952,0.493911110078408
"DS07","Bike Sharing Hourly - Windspeed","mc.rpart_SMOTETPhi",16,0.44155657115791,0.571866466871648,0.4983336411278
"DS07","Bike Sharing Hourly - Windspeed","mc.rpart_SMOTETPhi",17,0.445569749438072,0.569782383412382,0.50007831883616
"DS07","Bike Sharing Hourly - Windspeed","mc.rpart_SMOTETPhi",18,0.456783591655148,0.585622295723545,0.513240876385714
"DS07","Bike Sharing Hourly - Windspeed","mc.rpart_SMOTETPhi",19,0.44098923691999,0.566496227944847,0.495925247542834
"DS07","Bike Sharing Hourly - Windspeed","mc.rpart_SMOTETPhi",20,0.454178990684376,0.580636539943331,0.509681020163981
"DS07","Bike Sharing Hourly - Windspeed","mc.rpart_SMOTETPhi",21,0.45514333117212,0.579957422224499,0.51002523613875
"DS07","Bike Sharing Hourly - Windspeed","mc.rpart_SMOTETPhi",22,0.453157808917116,0.573067516154992,0.50610721376248
"DS07","Bike Sharing Hourly - Windspeed","mc.rpart_SMOTETPhi",23,0.442874503368468,0.557315106312757,0.493547720430074
"DS07","Bike Sharing Hourly - Windspeed","mc.rpart_SMOTETPhi",24,0.465713339091878,0.565809768244049,0.510904999773164
"DS07","Bike Sharing Hourly - Windspeed","mc.rpart_SMOTETPhi",25,0.440438551892048,0.565001301567302,0.495003961148405
"DS07","Bike Sharing Hourly - Windspeed","mc.rpart_SMOTETPhi",26,0.459300464699457,0.566822139070565,0.50742800308763
"DS07","Bike Sharing Hourly - Windspeed","mc.rpart_SMOTETPhi",27,0.457980040042885,0.573853437219804,0.509410531734017
"DS07","Bike Sharing Hourly - Windspeed","mc.rpart_SMOTETPhi",28,0.463093309533897,0.571525989994065,0.511627537417371
"DS07","Bike Sharing Hourly - Windspeed","mc.rpart_SMOTETPhi",29,0.447990889740293,0.583244617574775,0.506748018876604
"DS07","Bike Sharing Hourly - Windspeed","mc.rpart_SMOTETPhi",30,0.458270179258343,0.591863939921714,0.516569434114286
"DS07","Bike Sharing Hourly - Windspeed","mc.rpart_SMOTETPhi",31,0.468189227434998,0.571951898514409,0.51489497110504
"DS07","Bike Sharing Hourly - Windspeed","mc.rpart_SMOTETPhi",32,0.458290165629981,0.583803935354399,0.5134883730294
"DS07","Bike Sharing Hourly - Windspeed","mc.rpart_SMOTETPhi",33,0.451706963024826,0.574931629113651,0.505924133619192
"DS07","Bike Sharing Hourly - Windspeed","mc.rpart_SMOTETPhi",34,0.451938485580408,0.563789643402873,0.501705585096791
"DS07","Bike Sharing Hourly - Windspeed","mc.rpart_SMOTETPhi",35,0.457933005677472,0.593579067646755,0.51700680087369
"DS07","Bike Sharing Hourly - Windspeed","mc.rpart_SMOTETPhi",36,0.450681461086023,0.584007563942336,0.50875456458158
"DS07","Bike Sharing Hourly - Windspeed","mc.rpart_SMOTETPhi",37,0.442051722724641,0.575603267406394,0.500064203350815
"DS07","Bike Sharing Hourly - Windspeed","mc.rpart_SMOTETPhi",38,0.442450808718544,0.566762175057719,0.496950369716928
"DS07","Bike Sharing Hourly - Windspeed","mc.rpart_SMOTETPhi",39,0.46402935668263,0.590597492520184,0.519718561536095
"DS07","Bike Sharing Hourly - Windspeed","mc.rpart_SMOTETPhi",40,0.443804805138124,0.579547752448669,0.502673444135903
"DS07","Bike Sharing Hourly - Windspeed","mc.rpart_SMOTETPhi",41,0.456711004602044,0.575935316295615,0.509440631449719
"DS07","Bike Sharing Hourly - Windspeed","mc.rpart_SMOTETPhi",42,0.460865620493085,0.60030494285768,0.521424018965596
"DS07","Bike Sharing Hourly - Windspeed","mc.rpart_SMOTETPhi",43,0.446104944539076,0.591967424461187,0.508788410026798
"DS07","Bike Sharing Hourly - Windspeed","mc.rpart_SMOTETPhi",44,0.451533853020554,0.583511581707329,0.509108535587516
"DS07","Bike Sharing Hourly - Windspeed","mc.rpart_SMOTETPhi",45,0.449379503130063,0.600126370671701,0.513926595362031
"DS07","Bike Sharing Hourly - Windspeed","mc.rpart_SMOTETPhi",46,0.456795287928266,0.565204328675712,0.50525004092202
"DS07","Bike Sharing Hourly - Windspeed","mc.rpart_SMOTETPhi",47,0.463211337613658,0.591140737004027,0.519414905319647
"DS07","Bike Sharing Hourly - Windspeed","mc.rpart_SMOTETPhi",48,0.443455997517356,0.585455069514233,0.504656952718065
"DS07","Bike Sharing Hourly - Windspeed","mc.rpart_SMOTETPhi",49,0.452568793613484,0.585020064247787,0.51034053172476
"DS07","Bike Sharing Hourly - Windspeed","mc.rpart_SMOTETPhi",50,0.46518033871245,0.585329569333769,0.518384082311988
"DS07","Bike Sharing Hourly - Windspeed","mc.arima",1,0.657581613183265,0.460257633956754,0.541503544792402
"DS07","Bike Sharing Hourly - Windspeed","mc.arima",2,0.651347290310149,0.459412086525585,0.53879683383204
"DS07","Bike Sharing Hourly - Windspeed","mc.arima",3,0.65782347468505,0.461993916115935,0.542785717884514
"DS07","Bike Sharing Hourly - Windspeed","mc.arima",4,0.662119316008823,0.461863932897327,0.544152293438063
"DS07","Bike Sharing Hourly - Windspeed","mc.arima",5,0.650377564084023,0.460685727382571,0.539338602012235
"DS07","Bike Sharing Hourly - Windspeed","mc.arima",6,0.701836111435535,0.450223290522044,0.548553248141171
"DS07","Bike Sharing Hourly - Windspeed","mc.arima",7,0.654086718716612,0.45862821814024,0.539190436611868
"DS07","Bike Sharing Hourly - Windspeed","mc.arima",8,0.624276532059226,0.456669900831529,0.527479055968631
"DS07","Bike Sharing Hourly - Windspeed","mc.arima",9,0.619072098766768,0.459128965821165,0.527237343406172
"DS07","Bike Sharing Hourly - Windspeed","mc.arima",10,0.753636159825497,0.439813935989106,0.555464676602712
"DS07","Bike Sharing Hourly - Windspeed","mc.arima",11,0.6191257871112,0.462156763532299,0.529247734221576
"DS07","Bike Sharing Hourly - Windspeed","mc.arima",12,0.622410384252166,0.46082271633626,0.529564400849963
"DS07","Bike Sharing Hourly - Windspeed","mc.arima",13,0.701439562404411,0.452229889878888,0.549918237732703
"DS07","Bike Sharing Hourly - Windspeed","mc.arima",14,0.590709464062483,0.461569214638082,0.518215010767482
"DS07","Bike Sharing Hourly - Windspeed","mc.arima",15,0.593975519990853,0.459200789355475,0.517964608996793
"DS07","Bike Sharing Hourly - Windspeed","mc.arima",16,0.592441512451649,0.460434803113252,0.518162840419555
"DS07","Bike Sharing Hourly - Windspeed","mc.arima",17,0.590388115497374,0.461222099235674,0.517872577079552
"DS07","Bike Sharing Hourly - Windspeed","mc.arima",18,0.595241096518601,0.459981926975693,0.518942707836456
"DS07","Bike Sharing Hourly - Windspeed","mc.arima",19,0.550260918554269,0.460194524211423,0.50121371193394
"DS07","Bike Sharing Hourly - Windspeed","mc.arima",20,0.562568783394815,0.460539519220933,0.506466727659151
"DS07","Bike Sharing Hourly - Windspeed","mc.arima",21,0.603103672455708,0.461502499936115,0.522886039508179
"DS07","Bike Sharing Hourly - Windspeed","mc.arima",22,0.551122602048938,0.460679857447993,0.501858993057808
"DS07","Bike Sharing Hourly - Windspeed","mc.arima",23,0.639624644007783,0.457938692765515,0.533743909847879
"DS07","Bike Sharing Hourly - Windspeed","mc.arima",24,0.641517573540369,0.45832231067265,0.534662946602484
"DS07","Bike Sharing Hourly - Windspeed","mc.arima",25,0.614513937068852,0.459862197430443,0.526057346915687
"DS07","Bike Sharing Hourly - Windspeed","mc.arima",26,0.537634423649093,0.460509858252248,0.496092512306041
"DS07","Bike Sharing Hourly - Windspeed","mc.arima",27,0.62224932185739,0.45920981640486,0.528439747260962
"DS07","Bike Sharing Hourly - Windspeed","mc.arima",28,0.623927397968406,0.459094485511869,0.528967386783707
"DS07","Bike Sharing Hourly - Windspeed","mc.arima",29,0.622330044804236,0.458543770244825,0.528027529408162
"DS07","Bike Sharing Hourly - Windspeed","mc.arima",30,0.663015749894065,0.458392809306819,0.5420355493366
"DS07","Bike Sharing Hourly - Windspeed","mc.arima",31,1e-05,0.444633427781405,1.99995502013805e-05
"DS07","Bike Sharing Hourly - Windspeed","mc.arima",32,0.587527200043268,0.458366524356702,0.514971635006906
"DS07","Bike Sharing Hourly - Windspeed","mc.arima",33,0.596722823615549,0.462640106628644,0.52119609411216
"DS07","Bike Sharing Hourly - Windspeed","mc.arima",34,1e-05,0.446368457579392,1.99995519497041e-05
"DS07","Bike Sharing Hourly - Windspeed","mc.arima",35,0.602801992527856,0.464856355238269,0.524917615758197
"DS07","Bike Sharing Hourly - Windspeed","mc.arima",36,0.606194432688331,0.463095801098876,0.52506997175726
"DS07","Bike Sharing Hourly - Windspeed","mc.arima",37,1e-05,0.445647625387672,1.99995512250019e-05
"DS07","Bike Sharing Hourly - Windspeed","mc.arima",38,0.614483237568905,0.461573479054991,0.527163970827735
"DS07","Bike Sharing Hourly - Windspeed","mc.arima",39,0.609359250361438,0.462143219058811,0.525638070955951
"DS07","Bike Sharing Hourly - Windspeed","mc.arima",40,0.606484281743002,0.461970573891817,0.524454337430503
"DS07","Bike Sharing Hourly - Windspeed","mc.arima",41,0.605451887405585,0.461875544776724,0.524006807844858
"DS07","Bike Sharing Hourly - Windspeed","mc.arima",42,0.604463416538821,0.463013238882142,0.524366622644381
"DS07","Bike Sharing Hourly - Windspeed","mc.arima",43,1e-05,0.446951700405701,1.99995525343674e-05
"DS07","Bike Sharing Hourly - Windspeed","mc.arima",44,0.584019165729312,0.464195152239632,0.517258466898012
"DS07","Bike Sharing Hourly - Windspeed","mc.arima",45,0.604995085768854,0.465448188512146,0.526125715384602
"DS07","Bike Sharing Hourly - Windspeed","mc.arima",46,1e-05,0.44535535994719,1.99995509304989e-05
"DS07","Bike Sharing Hourly - Windspeed","mc.arima",47,0.606532120593502,0.463190475025426,0.525257486766155
"DS07","Bike Sharing Hourly - Windspeed","mc.arima",48,1e-05,0.44565417935033,1.99995512316016e-05
"DS07","Bike Sharing Hourly - Windspeed","mc.arima",49,0.606665108531277,0.462924957175178,0.525136551639573
"DS07","Bike Sharing Hourly - Windspeed","mc.arima",50,0.644315591505381,0.459547078571747,0.536467725163378
"DS07","Bike Sharing Hourly - Windspeed","mc.BDES",1,1e-05,0.451192519952868,1.99995567400643e-05
"DS07","Bike Sharing Hourly - Windspeed","mc.BDES",2,1e-05,0.45090590386726,1.99995564583145e-05
"DS07","Bike Sharing Hourly - Windspeed","mc.BDES",3,1e-05,0.450801699395088,1.99995563557905e-05
"DS07","Bike Sharing Hourly - Windspeed","mc.BDES",4,1e-05,0.451430695923207,1.99995569739241e-05
"DS07","Bike Sharing Hourly - Windspeed","mc.BDES",5,1e-05,0.451926840896413,1.99995574602867e-05
"DS07","Bike Sharing Hourly - Windspeed","mc.BDES",6,1e-05,0.450756377044227,1.99995563111843e-05
"DS07","Bike Sharing Hourly - Windspeed","mc.BDES",7,1e-05,0.450207196410134,1.9999555769967e-05
"DS07","Bike Sharing Hourly - Windspeed","mc.BDES",8,1e-05,0.448855822196278,1.99995544325495e-05
"DS07","Bike Sharing Hourly - Windspeed","mc.BDES",9,1e-05,0.449809565307282,1.9999555377277e-05
"DS07","Bike Sharing Hourly - Windspeed","mc.BDES",10,1e-05,0.449434886867677,1.99995550066185e-05
"DS07","Bike Sharing Hourly - Windspeed","mc.BDES",11,1e-05,0.452157816292526,1.99995576863439e-05
"DS07","Bike Sharing Hourly - Windspeed","mc.BDES",12,1e-05,0.452429015096527,1.99995579514734e-05
"DS07","Bike Sharing Hourly - Windspeed","mc.BDES",13,1e-05,0.452116905788513,1.99995576463213e-05
"DS07","Bike Sharing Hourly - Windspeed","mc.BDES",14,1e-05,0.453023726992102,1.99995585317647e-05
"DS07","Bike Sharing Hourly - Windspeed","mc.BDES",15,1e-05,0.453202260241406,1.99995587056716e-05
"DS07","Bike Sharing Hourly - Windspeed","mc.BDES",16,1e-05,0.452469423027007,1.99995579909498e-05
"DS07","Bike Sharing Hourly - Windspeed","mc.BDES",17,1e-05,0.45369562254582,1.99995591855378e-05
"DS07","Bike Sharing Hourly - Windspeed","mc.BDES",18,1e-05,0.454752469365969,1.99995602099701e-05
"DS07","Bike Sharing Hourly - Windspeed","mc.BDES",19,1e-05,0.454417261433357,1.99995598855593e-05
"DS07","Bike Sharing Hourly - Windspeed","mc.BDES",20,1e-05,0.454994376033275,1.99995604437879e-05
"DS07","Bike Sharing Hourly - Windspeed","mc.BDES",21,1e-05,0.455986425130629,1.99995614000703e-05
"DS07","Bike Sharing Hourly - Windspeed","mc.BDES",22,1e-05,0.455914416162328,1.99995613307976e-05
"DS07","Bike Sharing Hourly - Windspeed","mc.BDES",23,1e-05,0.45500184756955,1.99995604510057e-05
"DS07","Bike Sharing Hourly - Windspeed","mc.BDES",24,1e-05,0.455358689151052,1.99995607954504e-05
"DS07","Bike Sharing Hourly - Windspeed","mc.BDES",25,1e-05,0.455743655139683,1.99995611664377e-05
"DS07","Bike Sharing Hourly - Windspeed","mc.BDES",26,1e-05,0.456114302884662,1.9999561523035e-05
"DS07","Bike Sharing Hourly - Windspeed","mc.BDES",27,1e-05,0.454973589492957,1.99995604237062e-05
"DS07","Bike Sharing Hourly - Windspeed","mc.BDES",28,1e-05,0.454222717024299,1.99995596970617e-05
"DS07","Bike Sharing Hourly - Windspeed","mc.BDES",29,1e-05,0.454225671215725,1.99995596999252e-05
"DS07","Bike Sharing Hourly - Windspeed","mc.BDES",30,1e-05,0.45573307798036,1.9999561156253e-05
"DS07","Bike Sharing Hourly - Windspeed","mc.BDES",31,1e-05,0.458129041668737,1.99995634513067e-05
"DS07","Bike Sharing Hourly - Windspeed","mc.BDES",32,1e-05,0.455831147877803,1.99995612506661e-05
"DS07","Bike Sharing Hourly - Windspeed","mc.BDES",33,1e-05,0.458908782966735,1.99995641930393e-05
"DS07","Bike Sharing Hourly - Windspeed","mc.BDES",34,1e-05,0.458470598300766,1.99995637765246e-05
"DS07","Bike Sharing Hourly - Windspeed","mc.BDES",35,1e-05,0.458765885454474,1.99995640572961e-05
"DS07","Bike Sharing Hourly - Windspeed","mc.BDES",36,1e-05,0.458403436280486,1.99995637126136e-05
"DS07","Bike Sharing Hourly - Windspeed","mc.BDES",37,1e-05,0.459377917900153,1.9999564638093e-05
"DS07","Bike Sharing Hourly - Windspeed","mc.BDES",38,1e-05,0.459045611792696,1.99995643229385e-05
"DS07","Bike Sharing Hourly - Windspeed","mc.BDES",39,1e-05,0.458921075253898,1.99995642047122e-05
"DS07","Bike Sharing Hourly - Windspeed","mc.BDES",40,1e-05,0.459018310418565,1.9999564297026e-05
"DS07","Bike Sharing Hourly - Windspeed","mc.BDES",41,1e-05,0.458166029050633,1.99995634865481e-05
"DS07","Bike Sharing Hourly - Windspeed","mc.BDES",42,1e-05,0.458453354294021,1.99995637601171e-05
"DS07","Bike Sharing Hourly - Windspeed","mc.BDES",43,1e-05,0.459891835962371,1.99995651245889e-05
"DS07","Bike Sharing Hourly - Windspeed","mc.BDES",44,1e-05,0.45943396159912,1.99995646911991e-05
"DS07","Bike Sharing Hourly - Windspeed","mc.BDES",45,1e-05,0.460634054056829,1.99995658252869e-05
"DS07","Bike Sharing Hourly - Windspeed","mc.BDES",46,1e-05,0.460214822634144,1.99995654297853e-05
"DS07","Bike Sharing Hourly - Windspeed","mc.BDES",47,1e-05,0.459264287154139,1.99995645303785e-05
"DS07","Bike Sharing Hourly - Windspeed","mc.BDES",48,1e-05,0.459264828246721,1.99995645308915e-05
"DS07","Bike Sharing Hourly - Windspeed","mc.BDES",49,1e-05,0.459103769776536,1.99995643781277e-05
"DS07","Bike Sharing Hourly - Windspeed","mc.BDES",50,1e-05,0.456040710601819,1.99995614522786e-05
