"dataset_id","dataset_name","workflow","iteration","prec","rec","F1"
"DS09","Icelandic River - Flow of Vatnsdalsa River (Daily)","mc.lm",1,0.239298816800556,0.3450288017023,0.282598259589438
"DS09","Icelandic River - Flow of Vatnsdalsa River (Daily)","mc.lm",2,0.205474997820742,0.333722929596312,0.254347113535901
"DS09","Icelandic River - Flow of Vatnsdalsa River (Daily)","mc.lm",3,0.205905096094926,0.265041338756904,0.231760379895595
"DS09","Icelandic River - Flow of Vatnsdalsa River (Daily)","mc.lm",4,0.238744009417972,0.253506828669714,0.245904047320936
"DS09","Icelandic River - Flow of Vatnsdalsa River (Daily)","mc.lm",5,0.241022966206824,0.253573886085231,0.247139179692007
"DS09","Icelandic River - Flow of Vatnsdalsa River (Daily)","mc.lm",6,0.240894971502257,0.253554995323548,0.247062908163728
"DS09","Icelandic River - Flow of Vatnsdalsa River (Daily)","mc.lm",7,0.24952197799449,0.256220263451716,0.25282676311918
"DS09","Icelandic River - Flow of Vatnsdalsa River (Daily)","mc.lm",8,0.248355871821668,0.255425794482114,0.251841224551809
"DS09","Icelandic River - Flow of Vatnsdalsa River (Daily)","mc.lm",9,0.258880133700569,0.262855383128443,0.260852614143603
"DS09","Icelandic River - Flow of Vatnsdalsa River (Daily)","mc.lm",10,0.25252098395366,0.26135484141042,0.256861982823391
"DS09","Icelandic River - Flow of Vatnsdalsa River (Daily)","mc.lm",11,0.252363520518411,0.261394038079667,0.256799412829331
"DS09","Icelandic River - Flow of Vatnsdalsa River (Daily)","mc.lm",12,0.252437395921948,0.261703982640183,0.256987181482445
"DS09","Icelandic River - Flow of Vatnsdalsa River (Daily)","mc.lm",13,0.270433403174807,0.262838497183363,0.266581866514654
"DS09","Icelandic River - Flow of Vatnsdalsa River (Daily)","mc.lm",14,0.267437403400629,0.26218506888539,0.264785192102864
"DS09","Icelandic River - Flow of Vatnsdalsa River (Daily)","mc.lm",15,0.259963893165752,0.264821960891093,0.262370440883035
"DS09","Icelandic River - Flow of Vatnsdalsa River (Daily)","mc.lm",16,0.260666253458444,0.263802998316418,0.262225245768129
"DS09","Icelandic River - Flow of Vatnsdalsa River (Daily)","mc.lm",17,0.266072077777582,0.260876338255532,0.263448592881983
"DS09","Icelandic River - Flow of Vatnsdalsa River (Daily)","mc.lm",18,0.267122767773612,0.257218949356101,0.262077326412023
"DS09","Icelandic River - Flow of Vatnsdalsa River (Daily)","mc.lm",19,0.266702315669352,0.258939124939835,0.262763393079563
"DS09","Icelandic River - Flow of Vatnsdalsa River (Daily)","mc.lm",20,0.254057110392048,0.2592336301489,0.256619267757145
"DS09","Icelandic River - Flow of Vatnsdalsa River (Daily)","mc.lm",21,0.258280319233978,0.25956925446672,0.258923182760939
"DS09","Icelandic River - Flow of Vatnsdalsa River (Daily)","mc.lm",22,0.264731981159975,0.254408383523943,0.259467535085647
"DS09","Icelandic River - Flow of Vatnsdalsa River (Daily)","mc.lm",23,0.241115019567109,0.246337894317143,0.243698476372232
"DS09","Icelandic River - Flow of Vatnsdalsa River (Daily)","mc.lm",24,0.227993525803923,0.238617576784636,0.233184604258713
"DS09","Icelandic River - Flow of Vatnsdalsa River (Daily)","mc.lm",25,0.243471480448143,0.236468072003539,0.239918678405718
"DS09","Icelandic River - Flow of Vatnsdalsa River (Daily)","mc.lm",26,0.246728320519531,0.227867789013004,0.236923294373626
"DS09","Icelandic River - Flow of Vatnsdalsa River (Daily)","mc.lm",27,0.238754443344421,0.222144162691342,0.230149994862291
"DS09","Icelandic River - Flow of Vatnsdalsa River (Daily)","mc.lm",28,0.244891664274722,0.236568119900331,0.240657942785394
"DS09","Icelandic River - Flow of Vatnsdalsa River (Daily)","mc.lm",29,0.251966086839299,0.244840458610588,0.248352171770136
"DS09","Icelandic River - Flow of Vatnsdalsa River (Daily)","mc.lm",30,0.240064217731603,0.238870091233481,0.23946566582526
"DS09","Icelandic River - Flow of Vatnsdalsa River (Daily)","mc.lm",31,0.222583229065873,0.233701042825301,0.228006687727882
"DS09","Icelandic River - Flow of Vatnsdalsa River (Daily)","mc.lm",32,0.235859815411199,0.24914046809077,0.242318311202019
"DS09","Icelandic River - Flow of Vatnsdalsa River (Daily)","mc.lm",33,0.241646201499768,0.249947645469846,0.245726831098162
"DS09","Icelandic River - Flow of Vatnsdalsa River (Daily)","mc.lm",34,0.237334728990689,0.247949807955814,0.242526171737361
"DS09","Icelandic River - Flow of Vatnsdalsa River (Daily)","mc.lm",35,0.237248880474997,0.248703338751364,0.242841112169796
"DS09","Icelandic River - Flow of Vatnsdalsa River (Daily)","mc.lm",36,0.228829043052577,0.256371426896861,0.241818513856534
"DS09","Icelandic River - Flow of Vatnsdalsa River (Daily)","mc.lm",37,0.218286717859933,0.244030537305661,0.230441864113286
"DS09","Icelandic River - Flow of Vatnsdalsa River (Daily)","mc.lm",38,0.232793208406426,0.265122386195433,0.24790824618439
"DS09","Icelandic River - Flow of Vatnsdalsa River (Daily)","mc.lm",39,0.23602214435179,0.249962304676276,0.242792292118808
"DS09","Icelandic River - Flow of Vatnsdalsa River (Daily)","mc.lm",40,0.237399981213713,0.24990318332892,0.243491178979784
"DS09","Icelandic River - Flow of Vatnsdalsa River (Daily)","mc.lm",41,0.248392700541978,0.248692867696237,0.248542693490525
"DS09","Icelandic River - Flow of Vatnsdalsa River (Daily)","mc.lm",42,0.246613719448617,0.255634712696944,0.251043202062603
"DS09","Icelandic River - Flow of Vatnsdalsa River (Daily)","mc.lm",43,0.252796613193388,0.255146917995058,0.253966328048195
"DS09","Icelandic River - Flow of Vatnsdalsa River (Daily)","mc.lm",44,0.253330715866077,0.257771752364629,0.255531939740538
"DS09","Icelandic River - Flow of Vatnsdalsa River (Daily)","mc.lm",45,0.247235649938048,0.257818403576879,0.252416152808625
"DS09","Icelandic River - Flow of Vatnsdalsa River (Daily)","mc.lm",46,0.257260260258829,0.252044373897912,0.254625608632476
"DS09","Icelandic River - Flow of Vatnsdalsa River (Daily)","mc.lm",47,0.257032799518253,0.255703215583859,0.256366283668408
"DS09","Icelandic River - Flow of Vatnsdalsa River (Daily)","mc.lm",48,0.256656061291652,0.249706204959261,0.253133439501484
"DS09","Icelandic River - Flow of Vatnsdalsa River (Daily)","mc.lm",49,0.256971194789684,0.250072555149567,0.253474944868535
"DS09","Icelandic River - Flow of Vatnsdalsa River (Daily)","mc.lm",50,0.265956706343332,0.24758743390166,0.256443539287858
"DS09","Icelandic River - Flow of Vatnsdalsa River (Daily)","mc.lm_UNDERB",1,0.378990268240654,0.360691617159367,0.369614601729653
"DS09","Icelandic River - Flow of Vatnsdalsa River (Daily)","mc.lm_UNDERB",2,0.347934748083193,0.347880449760559,0.347907596803276
"DS09","Icelandic River - Flow of Vatnsdalsa River (Daily)","mc.lm_UNDERB",3,0.22476690049644,0.255800874809516,0.239281835901743
"DS09","Icelandic River - Flow of Vatnsdalsa River (Daily)","mc.lm_UNDERB",4,0.250344697585677,0.243178960123006,0.246709807241414
"DS09","Icelandic River - Flow of Vatnsdalsa River (Daily)","mc.lm_UNDERB",5,0.22791168272292,0.239588637680896,0.233604330058976
"DS09","Icelandic River - Flow of Vatnsdalsa River (Daily)","mc.lm_UNDERB",6,0.234812511650461,0.23876625194194,0.236772877612003
"DS09","Icelandic River - Flow of Vatnsdalsa River (Daily)","mc.lm_UNDERB",7,0.239976320840324,0.249443894678882,0.244618535168662
"DS09","Icelandic River - Flow of Vatnsdalsa River (Daily)","mc.lm_UNDERB",8,0.256680799622817,0.247877029140346,0.252202108146211
"DS09","Icelandic River - Flow of Vatnsdalsa River (Daily)","mc.lm_UNDERB",9,0.270033128623219,0.252128164135322,0.260773664841421
"DS09","Icelandic River - Flow of Vatnsdalsa River (Daily)","mc.lm_UNDERB",10,0.270498491244643,0.258453824485509,0.264339024523351
"DS09","Icelandic River - Flow of Vatnsdalsa River (Daily)","mc.lm_UNDERB",11,0.247274984194768,0.252944448511887,0.250077587627871
"DS09","Icelandic River - Flow of Vatnsdalsa River (Daily)","mc.lm_UNDERB",12,0.262996904946791,0.25559167603404,0.259241418698342
"DS09","Icelandic River - Flow of Vatnsdalsa River (Daily)","mc.lm_UNDERB",13,0.240082141348008,0.25174797915922,0.245776707836628
"DS09","Icelandic River - Flow of Vatnsdalsa River (Daily)","mc.lm_UNDERB",14,0.280671688602344,0.250084890304051,0.264496951126626
"DS09","Icelandic River - Flow of Vatnsdalsa River (Daily)","mc.lm_UNDERB",15,0.263325264412028,0.248968515817084,0.255945720162691
"DS09","Icelandic River - Flow of Vatnsdalsa River (Daily)","mc.lm_UNDERB",16,0.259441826362687,0.239483673677909,0.249063564311653
"DS09","Icelandic River - Flow of Vatnsdalsa River (Daily)","mc.lm_UNDERB",17,0.267834561461047,0.254855404692872,0.261183837348783
"DS09","Icelandic River - Flow of Vatnsdalsa River (Daily)","mc.lm_UNDERB",18,0.27063566091137,0.250958343000912,0.260425835074193
"DS09","Icelandic River - Flow of Vatnsdalsa River (Daily)","mc.lm_UNDERB",19,0.271908088681032,0.252899848670857,0.262059734945308
"DS09","Icelandic River - Flow of Vatnsdalsa River (Daily)","mc.lm_UNDERB",20,0.246179834929388,0.251698910833517,0.24890878290438
"DS09","Icelandic River - Flow of Vatnsdalsa River (Daily)","mc.lm_UNDERB",21,0.266483829402325,0.252703935846898,0.259411014807698
"DS09","Icelandic River - Flow of Vatnsdalsa River (Daily)","mc.lm_UNDERB",22,0.246026538799958,0.239594783972092,0.242768069073634
"DS09","Icelandic River - Flow of Vatnsdalsa River (Daily)","mc.lm_UNDERB",23,0.219116758894647,0.231752082911795,0.22525737228263
"DS09","Icelandic River - Flow of Vatnsdalsa River (Daily)","mc.lm_UNDERB",24,0.227818213529355,0.233607763607159,0.2306766675853
"DS09","Icelandic River - Flow of Vatnsdalsa River (Daily)","mc.lm_UNDERB",25,0.229299019069848,0.224759437909327,0.227006535599723
"DS09","Icelandic River - Flow of Vatnsdalsa River (Daily)","mc.lm_UNDERB",26,0.230598225474537,0.219717027874346,0.225026162705218
"DS09","Icelandic River - Flow of Vatnsdalsa River (Daily)","mc.lm_UNDERB",27,0.243860915484322,0.211412802893318,0.226480543802913
"DS09","Icelandic River - Flow of Vatnsdalsa River (Daily)","mc.lm_UNDERB",28,0.213898273536607,0.200071909794309,0.206754195405254
"DS09","Icelandic River - Flow of Vatnsdalsa River (Daily)","mc.lm_UNDERB",29,0.21431116297945,0.215700191209758,0.215003433666139
"DS09","Icelandic River - Flow of Vatnsdalsa River (Daily)","mc.lm_UNDERB",30,0.215813428012036,0.200659444474293,0.207960736152915
"DS09","Icelandic River - Flow of Vatnsdalsa River (Daily)","mc.lm_UNDERB",31,0.202778809010162,0.196317576964467,0.199495890434579
"DS09","Icelandic River - Flow of Vatnsdalsa River (Daily)","mc.lm_UNDERB",32,0.210968768044465,0.210302949276148,0.210635332497958
"DS09","Icelandic River - Flow of Vatnsdalsa River (Daily)","mc.lm_UNDERB",33,0.178558257989078,0.203078772406256,0.190030782903109
"DS09","Icelandic River - Flow of Vatnsdalsa River (Daily)","mc.lm_UNDERB",34,0.198290228969879,0.205664613750312,0.201910109936715
"DS09","Icelandic River - Flow of Vatnsdalsa River (Daily)","mc.lm_UNDERB",35,0.192976882515094,0.202662802594136,0.197701278806704
"DS09","Icelandic River - Flow of Vatnsdalsa River (Daily)","mc.lm_UNDERB",36,0.216243345680073,0.233670435252922,0.22461937752085
"DS09","Icelandic River - Flow of Vatnsdalsa River (Daily)","mc.lm_UNDERB",37,0.205089827299307,0.216343044700111,0.210566192734075
"DS09","Icelandic River - Flow of Vatnsdalsa River (Daily)","mc.lm_UNDERB",38,0.194427918411553,0.234516252196583,0.212598794307501
"DS09","Icelandic River - Flow of Vatnsdalsa River (Daily)","mc.lm_UNDERB",39,0.237422381861938,0.220848777803603,0.228835883522312
"DS09","Icelandic River - Flow of Vatnsdalsa River (Daily)","mc.lm_UNDERB",40,0.225251248481746,0.232170462094392,0.228658523363381
"DS09","Icelandic River - Flow of Vatnsdalsa River (Daily)","mc.lm_UNDERB",41,0.225432283557973,0.208847659283014,0.216823298077785
"DS09","Icelandic River - Flow of Vatnsdalsa River (Daily)","mc.lm_UNDERB",42,0.231548154535113,0.223076696793154,0.227233497294881
"DS09","Icelandic River - Flow of Vatnsdalsa River (Daily)","mc.lm_UNDERB",43,0.239385880401941,0.225751661616189,0.232368946328078
"DS09","Icelandic River - Flow of Vatnsdalsa River (Daily)","mc.lm_UNDERB",44,0.232211641939098,0.231679724686964,0.231945378353742
"DS09","Icelandic River - Flow of Vatnsdalsa River (Daily)","mc.lm_UNDERB",45,0.255448423043687,0.218797269664618,0.235706589902413
"DS09","Icelandic River - Flow of Vatnsdalsa River (Daily)","mc.lm_UNDERB",46,0.234429258398368,0.217445077309426,0.225617983531545
"DS09","Icelandic River - Flow of Vatnsdalsa River (Daily)","mc.lm_UNDERB",47,0.204195915846032,0.229749613410837,0.216220375889286
"DS09","Icelandic River - Flow of Vatnsdalsa River (Daily)","mc.lm_UNDERB",48,0.235766097729182,0.222632631126209,0.2290112226047
"DS09","Icelandic River - Flow of Vatnsdalsa River (Daily)","mc.lm_UNDERB",49,0.228557302821794,0.225495686716633,0.2270161727436
"DS09","Icelandic River - Flow of Vatnsdalsa River (Daily)","mc.lm_UNDERB",50,0.20456968923231,0.207179017699999,0.205866085565202
"DS09","Icelandic River - Flow of Vatnsdalsa River (Daily)","mc.lm_UNDERT",1,0.407103591505207,0.361299431196022,0.382836328601688
"DS09","Icelandic River - Flow of Vatnsdalsa River (Daily)","mc.lm_UNDERT",2,0.335250828059626,0.347683491271415,0.341353992769259
"DS09","Icelandic River - Flow of Vatnsdalsa River (Daily)","mc.lm_UNDERT",3,0.224190969561661,0.252355993814951,0.237441172753246
"DS09","Icelandic River - Flow of Vatnsdalsa River (Daily)","mc.lm_UNDERT",4,0.244022637962541,0.240197984412877,0.242095206528697
"DS09","Icelandic River - Flow of Vatnsdalsa River (Daily)","mc.lm_UNDERT",5,0.23995526453596,0.239356531185913,0.239655523906417
"DS09","Icelandic River - Flow of Vatnsdalsa River (Daily)","mc.lm_UNDERT",6,0.236012281863339,0.237232367623225,0.236620751974035
"DS09","Icelandic River - Flow of Vatnsdalsa River (Daily)","mc.lm_UNDERT",7,0.264929629819381,0.246118512381478,0.255177862876544
"DS09","Icelandic River - Flow of Vatnsdalsa River (Daily)","mc.lm_UNDERT",8,0.251262567865422,0.245047509819995,0.248116124715992
"DS09","Icelandic River - Flow of Vatnsdalsa River (Daily)","mc.lm_UNDERT",9,0.22739441355424,0.252381556928117,0.239237309329503
"DS09","Icelandic River - Flow of Vatnsdalsa River (Daily)","mc.lm_UNDERT",10,0.241380794721062,0.254631010634506,0.247828922795594
"DS09","Icelandic River - Flow of Vatnsdalsa River (Daily)","mc.lm_UNDERT",11,0.247748952063839,0.254367846033545,0.251014773982225
"DS09","Icelandic River - Flow of Vatnsdalsa River (Daily)","mc.lm_UNDERT",12,0.259718872561019,0.25290132684199,0.256264765036888
"DS09","Icelandic River - Flow of Vatnsdalsa River (Daily)","mc.lm_UNDERT",13,0.265937096113241,0.252999046839299,0.259306786584778
"DS09","Icelandic River - Flow of Vatnsdalsa River (Daily)","mc.lm_UNDERT",14,0.275987540058389,0.258514859002499,0.266965611866275
"DS09","Icelandic River - Flow of Vatnsdalsa River (Daily)","mc.lm_UNDERT",15,0.262452070798686,0.251505063453531,0.2568619844757
"DS09","Icelandic River - Flow of Vatnsdalsa River (Daily)","mc.lm_UNDERT",16,0.268893517211248,0.244663062852403,0.256206673445428
"DS09","Icelandic River - Flow of Vatnsdalsa River (Daily)","mc.lm_UNDERT",17,0.272713762686049,0.245061494717116,0.258149231189445
"DS09","Icelandic River - Flow of Vatnsdalsa River (Daily)","mc.lm_UNDERT",18,0.265020916681946,0.243762023946469,0.253947331483825
"DS09","Icelandic River - Flow of Vatnsdalsa River (Daily)","mc.lm_UNDERT",19,0.274683559215407,0.253974950256563,0.2639236559635
"DS09","Icelandic River - Flow of Vatnsdalsa River (Daily)","mc.lm_UNDERT",20,0.265208383818805,0.244915314122541,0.254658212872841
"DS09","Icelandic River - Flow of Vatnsdalsa River (Daily)","mc.lm_UNDERT",21,0.250683107809538,0.244694374266008,0.247652541441755
"DS09","Icelandic River - Flow of Vatnsdalsa River (Daily)","mc.lm_UNDERT",22,0.248152288927578,0.243733472354701,0.24592303259771
"DS09","Icelandic River - Flow of Vatnsdalsa River (Daily)","mc.lm_UNDERT",23,0.225866893969993,0.22824423240743,0.227049340330784
"DS09","Icelandic River - Flow of Vatnsdalsa River (Daily)","mc.lm_UNDERT",24,0.234157125941274,0.225177023340725,0.229579292965239
"DS09","Icelandic River - Flow of Vatnsdalsa River (Daily)","mc.lm_UNDERT",25,0.214003043196838,0.222811097875622,0.21831826637454
"DS09","Icelandic River - Flow of Vatnsdalsa River (Daily)","mc.lm_UNDERT",26,0.235540758028569,0.217189050304491,0.225992954749692
"DS09","Icelandic River - Flow of Vatnsdalsa River (Daily)","mc.lm_UNDERT",27,0.232278949356352,0.208374184816603,0.219678168467036
"DS09","Icelandic River - Flow of Vatnsdalsa River (Daily)","mc.lm_UNDERT",28,0.2168585375584,0.202169103725658,0.209256344231087
"DS09","Icelandic River - Flow of Vatnsdalsa River (Daily)","mc.lm_UNDERT",29,0.222611995263682,0.211878270233535,0.21711254881961
"DS09","Icelandic River - Flow of Vatnsdalsa River (Daily)","mc.lm_UNDERT",30,0.220051074920611,0.204529366140517,0.212006501098209
"DS09","Icelandic River - Flow of Vatnsdalsa River (Daily)","mc.lm_UNDERT",31,0.211400947347505,0.200559387913055,0.205837508979786
"DS09","Icelandic River - Flow of Vatnsdalsa River (Daily)","mc.lm_UNDERT",32,0.227174455549059,0.230663984620813,0.228905921929873
"DS09","Icelandic River - Flow of Vatnsdalsa River (Daily)","mc.lm_UNDERT",33,0.223876799922669,0.23076631077765,0.227269354669336
"DS09","Icelandic River - Flow of Vatnsdalsa River (Daily)","mc.lm_UNDERT",34,0.199290833102411,0.218826268159234,0.208602179411244
"DS09","Icelandic River - Flow of Vatnsdalsa River (Daily)","mc.lm_UNDERT",35,0.210797727387087,0.22952060894709,0.21976110809897
"DS09","Icelandic River - Flow of Vatnsdalsa River (Daily)","mc.lm_UNDERT",36,0.205978691893861,0.224674549952428,0.214920801258294
"DS09","Icelandic River - Flow of Vatnsdalsa River (Daily)","mc.lm_UNDERT",37,0.206841935662289,0.226364264892239,0.216163215831849
"DS09","Icelandic River - Flow of Vatnsdalsa River (Daily)","mc.lm_UNDERT",38,0.208720414371053,0.252402724291968,0.228492551275336
"DS09","Icelandic River - Flow of Vatnsdalsa River (Daily)","mc.lm_UNDERT",39,0.214608305471086,0.222377003670307,0.218423598849087
"DS09","Icelandic River - Flow of Vatnsdalsa River (Daily)","mc.lm_UNDERT",40,0.219425392958165,0.222307599647942,0.220857093433513
"DS09","Icelandic River - Flow of Vatnsdalsa River (Daily)","mc.lm_UNDERT",41,0.238465144790558,0.229437197786775,0.233864076376239
"DS09","Icelandic River - Flow of Vatnsdalsa River (Daily)","mc.lm_UNDERT",42,0.222312538039203,0.219367288398044,0.220830093327687
"DS09","Icelandic River - Flow of Vatnsdalsa River (Daily)","mc.lm_UNDERT",43,0.241363429597309,0.22097749672466,0.230721026137969
"DS09","Icelandic River - Flow of Vatnsdalsa River (Daily)","mc.lm_UNDERT",44,0.23365411591345,0.229672789486716,0.23164634711013
"DS09","Icelandic River - Flow of Vatnsdalsa River (Daily)","mc.lm_UNDERT",45,0.234034269362904,0.235781192094551,0.234904482922641
"DS09","Icelandic River - Flow of Vatnsdalsa River (Daily)","mc.lm_UNDERT",46,0.229303886841954,0.238775549838173,0.233943888024861
"DS09","Icelandic River - Flow of Vatnsdalsa River (Daily)","mc.lm_UNDERT",47,0.224530065754664,0.227451943344261,0.225981560181682
"DS09","Icelandic River - Flow of Vatnsdalsa River (Daily)","mc.lm_UNDERT",48,0.228220294182422,0.210394604258176,0.218945223470097
"DS09","Icelandic River - Flow of Vatnsdalsa River (Daily)","mc.lm_UNDERT",49,0.240625466447691,0.23735768435969,0.238980405135705
"DS09","Icelandic River - Flow of Vatnsdalsa River (Daily)","mc.lm_UNDERT",50,0.227553373392351,0.206444566535953,0.216485624524108
"DS09","Icelandic River - Flow of Vatnsdalsa River (Daily)","mc.lm_UNDERTPhi",1,0.395203179827154,0.348015418153968,0.370111297690692
"DS09","Icelandic River - Flow of Vatnsdalsa River (Daily)","mc.lm_UNDERTPhi",2,0.369998461223918,0.345275559380349,0.357209746164223
"DS09","Icelandic River - Flow of Vatnsdalsa River (Daily)","mc.lm_UNDERTPhi",3,0.234306606678119,0.253636623688722,0.243588732980762
"DS09","Icelandic River - Flow of Vatnsdalsa River (Daily)","mc.lm_UNDERTPhi",4,0.226101617909115,0.244353000009568,0.234873275928429
"DS09","Icelandic River - Flow of Vatnsdalsa River (Daily)","mc.lm_UNDERTPhi",5,0.253927221889242,0.243441389909281,0.248573771509169
"DS09","Icelandic River - Flow of Vatnsdalsa River (Daily)","mc.lm_UNDERTPhi",6,0.241167283051074,0.241983627822966,0.24157476577798
"DS09","Icelandic River - Flow of Vatnsdalsa River (Daily)","mc.lm_UNDERTPhi",7,0.25159500114598,0.245447539898064,0.248483254379867
"DS09","Icelandic River - Flow of Vatnsdalsa River (Daily)","mc.lm_UNDERTPhi",8,0.25309794050753,0.247035636309202,0.250030046691856
"DS09","Icelandic River - Flow of Vatnsdalsa River (Daily)","mc.lm_UNDERTPhi",9,0.245819759496002,0.253212588843991,0.249461414267206
"DS09","Icelandic River - Flow of Vatnsdalsa River (Daily)","mc.lm_UNDERTPhi",10,0.251356426006529,0.2517486014582,0.251552360880002
"DS09","Icelandic River - Flow of Vatnsdalsa River (Daily)","mc.lm_UNDERTPhi",11,0.24538256739623,0.252544769616893,0.248912157837397
"DS09","Icelandic River - Flow of Vatnsdalsa River (Daily)","mc.lm_UNDERTPhi",12,0.252022277654398,0.254008960750474,0.253011719334775
"DS09","Icelandic River - Flow of Vatnsdalsa River (Daily)","mc.lm_UNDERTPhi",13,0.2610917222313,0.253504900021689,0.257242383950964
"DS09","Icelandic River - Flow of Vatnsdalsa River (Daily)","mc.lm_UNDERTPhi",14,0.276382015327239,0.257933288054752,0.266839154788679
"DS09","Icelandic River - Flow of Vatnsdalsa River (Daily)","mc.lm_UNDERTPhi",15,0.259383414570312,0.253769660334674,0.256545830984813
"DS09","Icelandic River - Flow of Vatnsdalsa River (Daily)","mc.lm_UNDERTPhi",16,0.26356343825386,0.249184805366669,0.256172516942499
"DS09","Icelandic River - Flow of Vatnsdalsa River (Daily)","mc.lm_UNDERTPhi",17,0.275513010617502,0.255555119679472,0.265159049789844
"DS09","Icelandic River - Flow of Vatnsdalsa River (Daily)","mc.lm_UNDERTPhi",18,0.266050516261362,0.247237220103587,0.256299090694874
"DS09","Icelandic River - Flow of Vatnsdalsa River (Daily)","mc.lm_UNDERTPhi",19,0.269852654218479,0.249697023527921,0.259383875827764
"DS09","Icelandic River - Flow of Vatnsdalsa River (Daily)","mc.lm_UNDERTPhi",20,0.256880298651909,0.246248614730853,0.25145212692858
"DS09","Icelandic River - Flow of Vatnsdalsa River (Daily)","mc.lm_UNDERTPhi",21,0.257377244378866,0.249137195559669,0.253190194827249
"DS09","Icelandic River - Flow of Vatnsdalsa River (Daily)","mc.lm_UNDERTPhi",22,0.244597050095662,0.244600293810401,0.244598671942278
"DS09","Icelandic River - Flow of Vatnsdalsa River (Daily)","mc.lm_UNDERTPhi",23,0.21652632440143,0.229635654155735,0.222888397198949
"DS09","Icelandic River - Flow of Vatnsdalsa River (Daily)","mc.lm_UNDERTPhi",24,0.211639245112984,0.225990736373191,0.218579671740614
"DS09","Icelandic River - Flow of Vatnsdalsa River (Daily)","mc.lm_UNDERTPhi",25,0.205672214761842,0.222356036268222,0.213688971860586
"DS09","Icelandic River - Flow of Vatnsdalsa River (Daily)","mc.lm_UNDERTPhi",26,0.236753788458461,0.220793873545903,0.228495478706707
"DS09","Icelandic River - Flow of Vatnsdalsa River (Daily)","mc.lm_UNDERTPhi",27,0.228362094077082,0.211049967327476,0.219364995761594
"DS09","Icelandic River - Flow of Vatnsdalsa River (Daily)","mc.lm_UNDERTPhi",28,0.215215759069827,0.226948925235288,0.220926668041584
"DS09","Icelandic River - Flow of Vatnsdalsa River (Daily)","mc.lm_UNDERTPhi",29,0.24374550641571,0.232222272110405,0.237844399853432
"DS09","Icelandic River - Flow of Vatnsdalsa River (Daily)","mc.lm_UNDERTPhi",30,0.238520272863295,0.218457291887932,0.228048363374041
"DS09","Icelandic River - Flow of Vatnsdalsa River (Daily)","mc.lm_UNDERTPhi",31,0.224171649333626,0.233860409435011,0.228913556128893
"DS09","Icelandic River - Flow of Vatnsdalsa River (Daily)","mc.lm_UNDERTPhi",32,0.229141687965132,0.228572469530962,0.228856724804848
"DS09","Icelandic River - Flow of Vatnsdalsa River (Daily)","mc.lm_UNDERTPhi",33,0.186315592805247,0.213948596129721,0.199178245867186
"DS09","Icelandic River - Flow of Vatnsdalsa River (Daily)","mc.lm_UNDERTPhi",34,0.193997107426182,0.215513588633778,0.204190089334651
"DS09","Icelandic River - Flow of Vatnsdalsa River (Daily)","mc.lm_UNDERTPhi",35,0.214325065053864,0.231915012068337,0.222773357198495
"DS09","Icelandic River - Flow of Vatnsdalsa River (Daily)","mc.lm_UNDERTPhi",36,0.191758418393377,0.226746455617461,0.207789894004352
"DS09","Icelandic River - Flow of Vatnsdalsa River (Daily)","mc.lm_UNDERTPhi",37,0.202233233975621,0.21147958571996,0.206753083317273
"DS09","Icelandic River - Flow of Vatnsdalsa River (Daily)","mc.lm_UNDERTPhi",38,0.209808698204754,0.245435608774488,0.226228092391783
"DS09","Icelandic River - Flow of Vatnsdalsa River (Daily)","mc.lm_UNDERTPhi",39,0.235474208870727,0.232765469060498,0.234112004013018
"DS09","Icelandic River - Flow of Vatnsdalsa River (Daily)","mc.lm_UNDERTPhi",40,0.224024283419901,0.225564040089934,0.224791525064328
"DS09","Icelandic River - Flow of Vatnsdalsa River (Daily)","mc.lm_UNDERTPhi",41,0.231774617593606,0.226045608821725,0.228874267760463
"DS09","Icelandic River - Flow of Vatnsdalsa River (Daily)","mc.lm_UNDERTPhi",42,0.217706153447037,0.230550957851268,0.223944521758753
"DS09","Icelandic River - Flow of Vatnsdalsa River (Daily)","mc.lm_UNDERTPhi",43,0.241480198237131,0.236817991977494,0.239126372705627
"DS09","Icelandic River - Flow of Vatnsdalsa River (Daily)","mc.lm_UNDERTPhi",44,0.224732998254074,0.233114614823831,0.228847087239434
"DS09","Icelandic River - Flow of Vatnsdalsa River (Daily)","mc.lm_UNDERTPhi",45,0.231291905236119,0.225011906444051,0.228108690789258
"DS09","Icelandic River - Flow of Vatnsdalsa River (Daily)","mc.lm_UNDERTPhi",46,0.239859085271677,0.22596518023416,0.232704929509672
"DS09","Icelandic River - Flow of Vatnsdalsa River (Daily)","mc.lm_UNDERTPhi",47,0.227431137351248,0.227490727474188,0.227460928509869
"DS09","Icelandic River - Flow of Vatnsdalsa River (Daily)","mc.lm_UNDERTPhi",48,0.226943459110804,0.22280112964836,0.224853218115182
"DS09","Icelandic River - Flow of Vatnsdalsa River (Daily)","mc.lm_UNDERTPhi",49,0.236795501574664,0.231511535403387,0.234123708667376
"DS09","Icelandic River - Flow of Vatnsdalsa River (Daily)","mc.lm_UNDERTPhi",50,0.223933368934922,0.223170623531298,0.223551345623229
"DS09","Icelandic River - Flow of Vatnsdalsa River (Daily)","mc.lm_OVERB",1,0.438084628228875,0.393845263394919,0.414788692006969
"DS09","Icelandic River - Flow of Vatnsdalsa River (Daily)","mc.lm_OVERB",2,0.390631711610866,0.354070777026157,0.371453770523201
"DS09","Icelandic River - Flow of Vatnsdalsa River (Daily)","mc.lm_OVERB",3,0.245829446677705,0.266419011674979,0.255710435654991
"DS09","Icelandic River - Flow of Vatnsdalsa River (Daily)","mc.lm_OVERB",4,0.229545280987789,0.254036837520932,0.241170858136021
"DS09","Icelandic River - Flow of Vatnsdalsa River (Daily)","mc.lm_OVERB",5,0.218704460034558,0.256703105895324,0.236185194294158
"DS09","Icelandic River - Flow of Vatnsdalsa River (Daily)","mc.lm_OVERB",6,0.239284062347664,0.245753896867186,0.242475829625125
"DS09","Icelandic River - Flow of Vatnsdalsa River (Daily)","mc.lm_OVERB",7,0.214709548414795,0.245962309321389,0.229275808689398
"DS09","Icelandic River - Flow of Vatnsdalsa River (Daily)","mc.lm_OVERB",8,0.273948745869788,0.263574402012411,0.268661460103309
"DS09","Icelandic River - Flow of Vatnsdalsa River (Daily)","mc.lm_OVERB",9,0.233978787018763,0.262926962218278,0.247609659533297
"DS09","Icelandic River - Flow of Vatnsdalsa River (Daily)","mc.lm_OVERB",10,0.248447719354544,0.259487806526815,0.253847783614012
"DS09","Icelandic River - Flow of Vatnsdalsa River (Daily)","mc.lm_OVERB",11,0.256798366689834,0.258869611696023,0.257829829485466
"DS09","Icelandic River - Flow of Vatnsdalsa River (Daily)","mc.lm_OVERB",12,0.241953874518939,0.255289507540138,0.248442866016986
"DS09","Icelandic River - Flow of Vatnsdalsa River (Daily)","mc.lm_OVERB",13,0.223844381505566,0.257903570696561,0.239669997585903
"DS09","Icelandic River - Flow of Vatnsdalsa River (Daily)","mc.lm_OVERB",14,0.225119103917625,0.250048799921986,0.236929983356432
"DS09","Icelandic River - Flow of Vatnsdalsa River (Daily)","mc.lm_OVERB",15,0.240088073336251,0.253793746604732,0.246750737471568
"DS09","Icelandic River - Flow of Vatnsdalsa River (Daily)","mc.lm_OVERB",16,0.266315805998351,0.258419517704158,0.262308249642843
"DS09","Icelandic River - Flow of Vatnsdalsa River (Daily)","mc.lm_OVERB",17,0.236179974064722,0.25257999947291,0.244104840635794
"DS09","Icelandic River - Flow of Vatnsdalsa River (Daily)","mc.lm_OVERB",18,0.250619649421819,0.264273755239534,0.257265660386855
"DS09","Icelandic River - Flow of Vatnsdalsa River (Daily)","mc.lm_OVERB",19,0.252499168620292,0.245825396187469,0.249117593418397
"DS09","Icelandic River - Flow of Vatnsdalsa River (Daily)","mc.lm_OVERB",20,0.223720614435981,0.24923191097783,0.235788216638564
"DS09","Icelandic River - Flow of Vatnsdalsa River (Daily)","mc.lm_OVERB",21,0.252132550202337,0.242496348403499,0.247220584604182
"DS09","Icelandic River - Flow of Vatnsdalsa River (Daily)","mc.lm_OVERB",22,0.252195371960175,0.26980618295614,0.260703708741585
"DS09","Icelandic River - Flow of Vatnsdalsa River (Daily)","mc.lm_OVERB",23,0.215640956238014,0.228745233960749,0.221999882418135
"DS09","Icelandic River - Flow of Vatnsdalsa River (Daily)","mc.lm_OVERB",24,0.228212983420768,0.231206977412735,0.229700224636868
"DS09","Icelandic River - Flow of Vatnsdalsa River (Daily)","mc.lm_OVERB",25,0.231542215637805,0.23777189024038,0.234615706594322
"DS09","Icelandic River - Flow of Vatnsdalsa River (Daily)","mc.lm_OVERB",26,0.278206441287079,0.232023435051861,0.25302483117669
"DS09","Icelandic River - Flow of Vatnsdalsa River (Daily)","mc.lm_OVERB",27,0.236638490260151,0.20871176735488,0.22179952377654
"DS09","Icelandic River - Flow of Vatnsdalsa River (Daily)","mc.lm_OVERB",28,0.204680740651201,0.212723109507381,0.208624446521302
"DS09","Icelandic River - Flow of Vatnsdalsa River (Daily)","mc.lm_OVERB",29,0.223624358047278,0.208476588859488,0.215784962682105
"DS09","Icelandic River - Flow of Vatnsdalsa River (Daily)","mc.lm_OVERB",30,0.22734791828016,0.210588549546114,0.218647552192158
"DS09","Icelandic River - Flow of Vatnsdalsa River (Daily)","mc.lm_OVERB",31,0.190978618702387,0.208186649891817,0.199211714830011
"DS09","Icelandic River - Flow of Vatnsdalsa River (Daily)","mc.lm_OVERB",32,0.221045332251936,0.224019994944845,0.222522722790159
"DS09","Icelandic River - Flow of Vatnsdalsa River (Daily)","mc.lm_OVERB",33,0.219649513237322,0.237318737845211,0.228142524677854
"DS09","Icelandic River - Flow of Vatnsdalsa River (Daily)","mc.lm_OVERB",34,0.210533540959999,0.220922523478212,0.215602954642662
"DS09","Icelandic River - Flow of Vatnsdalsa River (Daily)","mc.lm_OVERB",35,0.20989598023468,0.21502167966756,0.212427914791366
"DS09","Icelandic River - Flow of Vatnsdalsa River (Daily)","mc.lm_OVERB",36,0.193833652086608,0.221924748511922,0.206930199993751
"DS09","Icelandic River - Flow of Vatnsdalsa River (Daily)","mc.lm_OVERB",37,0.222029238428113,0.197352278395136,0.208964746019517
"DS09","Icelandic River - Flow of Vatnsdalsa River (Daily)","mc.lm_OVERB",38,0.185574534628623,0.248681726271811,0.212542684026449
"DS09","Icelandic River - Flow of Vatnsdalsa River (Daily)","mc.lm_OVERB",39,0.245965145086151,0.235582308326338,0.240661792463402
"DS09","Icelandic River - Flow of Vatnsdalsa River (Daily)","mc.lm_OVERB",40,0.204041923327855,0.212471790749108,0.208171550525948
"DS09","Icelandic River - Flow of Vatnsdalsa River (Daily)","mc.lm_OVERB",41,0.233365477035734,0.248231837482655,0.240569203453832
"DS09","Icelandic River - Flow of Vatnsdalsa River (Daily)","mc.lm_OVERB",42,0.21370864935764,0.233589429593272,0.223207225122369
"DS09","Icelandic River - Flow of Vatnsdalsa River (Daily)","mc.lm_OVERB",43,0.228555952789364,0.22125192974901,0.224844639559896
"DS09","Icelandic River - Flow of Vatnsdalsa River (Daily)","mc.lm_OVERB",44,0.245936645125721,0.239305408391096,0.24257571607242
"DS09","Icelandic River - Flow of Vatnsdalsa River (Daily)","mc.lm_OVERB",45,0.207420017866573,0.212271839636326,0.209817884158655
"DS09","Icelandic River - Flow of Vatnsdalsa River (Daily)","mc.lm_OVERB",46,0.244212109670845,0.245625594067521,0.244916812481316
"DS09","Icelandic River - Flow of Vatnsdalsa River (Daily)","mc.lm_OVERB",47,0.247878750225855,0.239830746607865,0.243788345811769
"DS09","Icelandic River - Flow of Vatnsdalsa River (Daily)","mc.lm_OVERB",48,0.229562753194874,0.238085008149178,0.233746227323171
"DS09","Icelandic River - Flow of Vatnsdalsa River (Daily)","mc.lm_OVERB",49,0.247015032275334,0.24058269771344,0.243756437676363
"DS09","Icelandic River - Flow of Vatnsdalsa River (Daily)","mc.lm_OVERB",50,0.262164569961904,0.232795257554731,0.246608573840088
"DS09","Icelandic River - Flow of Vatnsdalsa River (Daily)","mc.lm_OVERT",1,0.354659092498626,0.369836259662413,0.362088705838384
"DS09","Icelandic River - Flow of Vatnsdalsa River (Daily)","mc.lm_OVERT",2,0.318071067034062,0.324410473058667,0.321209494386103
"DS09","Icelandic River - Flow of Vatnsdalsa River (Daily)","mc.lm_OVERT",3,0.215197319090215,0.226032317560856,0.22048178420667
"DS09","Icelandic River - Flow of Vatnsdalsa River (Daily)","mc.lm_OVERT",4,0.219504920165695,0.229419022825007,0.224352499241672
"DS09","Icelandic River - Flow of Vatnsdalsa River (Daily)","mc.lm_OVERT",5,0.210298611323171,0.210449234509112,0.210373895955405
"DS09","Icelandic River - Flow of Vatnsdalsa River (Daily)","mc.lm_OVERT",6,0.219486228106753,0.234325253223089,0.226663132582642
"DS09","Icelandic River - Flow of Vatnsdalsa River (Daily)","mc.lm_OVERT",7,0.230520750068174,0.241867206849116,0.236057711138959
"DS09","Icelandic River - Flow of Vatnsdalsa River (Daily)","mc.lm_OVERT",8,0.232776913205849,0.240846224462515,0.236742828754804
"DS09","Icelandic River - Flow of Vatnsdalsa River (Daily)","mc.lm_OVERT",9,0.270492633841087,0.264506118041219,0.267465882057947
"DS09","Icelandic River - Flow of Vatnsdalsa River (Daily)","mc.lm_OVERT",10,0.267609485993206,0.269698085309636,0.26864972629386
"DS09","Icelandic River - Flow of Vatnsdalsa River (Daily)","mc.lm_OVERT",11,0.250464064636633,0.26572392023671,0.257868431982186
"DS09","Icelandic River - Flow of Vatnsdalsa River (Daily)","mc.lm_OVERT",12,0.281481315181183,0.288714067911275,0.285051818926417
"DS09","Icelandic River - Flow of Vatnsdalsa River (Daily)","mc.lm_OVERT",13,0.2417962616681,0.266980458662781,0.253765057493638
"DS09","Icelandic River - Flow of Vatnsdalsa River (Daily)","mc.lm_OVERT",14,0.278905350026489,0.263560720679749,0.271016010121032
"DS09","Icelandic River - Flow of Vatnsdalsa River (Daily)","mc.lm_OVERT",15,0.253433921286964,0.266578386170488,0.259840025971175
"DS09","Icelandic River - Flow of Vatnsdalsa River (Daily)","mc.lm_OVERT",16,0.252810647175458,0.244550564531787,0.248612014894301
"DS09","Icelandic River - Flow of Vatnsdalsa River (Daily)","mc.lm_OVERT",17,0.224702124491801,0.254263795660992,0.238570690157446
"DS09","Icelandic River - Flow of Vatnsdalsa River (Daily)","mc.lm_OVERT",18,0.24522309647255,0.243655811189582,0.244436941569727
"DS09","Icelandic River - Flow of Vatnsdalsa River (Daily)","mc.lm_OVERT",19,0.238799599663583,0.252551030931512,0.245482884627735
"DS09","Icelandic River - Flow of Vatnsdalsa River (Daily)","mc.lm_OVERT",20,0.270638195300726,0.235255288691968,0.251709376701381
"DS09","Icelandic River - Flow of Vatnsdalsa River (Daily)","mc.lm_OVERT",21,0.298758850407227,0.272121734072686,0.284818852322477
"DS09","Icelandic River - Flow of Vatnsdalsa River (Daily)","mc.lm_OVERT",22,0.274598006143265,0.263508208357128,0.268938832770899
"DS09","Icelandic River - Flow of Vatnsdalsa River (Daily)","mc.lm_OVERT",23,0.203276278514534,0.2487210807404,0.223714119765488
"DS09","Icelandic River - Flow of Vatnsdalsa River (Daily)","mc.lm_OVERT",24,0.253287899662391,0.244554513014762,0.24884460374266
"DS09","Icelandic River - Flow of Vatnsdalsa River (Daily)","mc.lm_OVERT",25,0.243087196344167,0.238195130871123,0.240616300545738
"DS09","Icelandic River - Flow of Vatnsdalsa River (Daily)","mc.lm_OVERT",26,0.208945931117898,0.209617093198207,0.209280974056844
"DS09","Icelandic River - Flow of Vatnsdalsa River (Daily)","mc.lm_OVERT",27,0.280036261634853,0.243488784674384,0.260486826717941
"DS09","Icelandic River - Flow of Vatnsdalsa River (Daily)","mc.lm_OVERT",28,0.251287832350474,0.24435471068541,0.247772780749042
"DS09","Icelandic River - Flow of Vatnsdalsa River (Daily)","mc.lm_OVERT",29,0.23154223686211,0.213652970974552,0.222238181996933
"DS09","Icelandic River - Flow of Vatnsdalsa River (Daily)","mc.lm_OVERT",30,0.19821357214114,0.206447963501094,0.202246987680065
"DS09","Icelandic River - Flow of Vatnsdalsa River (Daily)","mc.lm_OVERT",31,0.20873909939362,0.199452328230173,0.203990072055596
"DS09","Icelandic River - Flow of Vatnsdalsa River (Daily)","mc.lm_OVERT",32,0.20503848044517,0.203085840277138,0.20405748923102
"DS09","Icelandic River - Flow of Vatnsdalsa River (Daily)","mc.lm_OVERT",33,0.225143618685004,0.220592433828201,0.222844791335976
"DS09","Icelandic River - Flow of Vatnsdalsa River (Daily)","mc.lm_OVERT",34,0.240621074031177,0.219277029728845,0.229453759310358
"DS09","Icelandic River - Flow of Vatnsdalsa River (Daily)","mc.lm_OVERT",35,0.184263655687773,0.186246650740281,0.185249846655329
"DS09","Icelandic River - Flow of Vatnsdalsa River (Daily)","mc.lm_OVERT",36,0.212610466609057,0.22224400541787,0.21732052782032
"DS09","Icelandic River - Flow of Vatnsdalsa River (Daily)","mc.lm_OVERT",37,0.224467672725788,0.189274123310847,0.205374087770614
"DS09","Icelandic River - Flow of Vatnsdalsa River (Daily)","mc.lm_OVERT",38,0.197868744088989,0.232793512405103,0.213915007582254
"DS09","Icelandic River - Flow of Vatnsdalsa River (Daily)","mc.lm_OVERT",39,0.244637460535366,0.247365343145407,0.24599383954249
"DS09","Icelandic River - Flow of Vatnsdalsa River (Daily)","mc.lm_OVERT",40,0.231754549678179,0.246127754204721,0.238725001430453
"DS09","Icelandic River - Flow of Vatnsdalsa River (Daily)","mc.lm_OVERT",41,0.227020868678575,0.231729141005875,0.229350843721964
"DS09","Icelandic River - Flow of Vatnsdalsa River (Daily)","mc.lm_OVERT",42,0.217544013469469,0.212632330079178,0.215060131374046
"DS09","Icelandic River - Flow of Vatnsdalsa River (Daily)","mc.lm_OVERT",43,0.218705179572814,0.223158613638829,0.220909454084749
"DS09","Icelandic River - Flow of Vatnsdalsa River (Daily)","mc.lm_OVERT",44,0.248322730927805,0.239680221589085,0.243924947041475
"DS09","Icelandic River - Flow of Vatnsdalsa River (Daily)","mc.lm_OVERT",45,0.225597765259573,0.211028021790352,0.218069805014097
"DS09","Icelandic River - Flow of Vatnsdalsa River (Daily)","mc.lm_OVERT",46,0.221062430959129,0.220052299059098,0.220556208431939
"DS09","Icelandic River - Flow of Vatnsdalsa River (Daily)","mc.lm_OVERT",47,0.145906946404528,0.193269287526977,0.166281294240296
"DS09","Icelandic River - Flow of Vatnsdalsa River (Daily)","mc.lm_OVERT",48,0.227155652605519,0.234918037355532,0.230971644755631
"DS09","Icelandic River - Flow of Vatnsdalsa River (Daily)","mc.lm_OVERT",49,0.23009664333402,0.246825351411901,0.238167605920021
"DS09","Icelandic River - Flow of Vatnsdalsa River (Daily)","mc.lm_OVERT",50,0.203042418240969,0.205873134303489,0.204447978462661
"DS09","Icelandic River - Flow of Vatnsdalsa River (Daily)","mc.lm_OVERTPhi",1,0.428226665864234,0.374700004706937,0.39967917269661
"DS09","Icelandic River - Flow of Vatnsdalsa River (Daily)","mc.lm_OVERTPhi",2,0.332712139635055,0.332044824052716,0.332378146901861
"DS09","Icelandic River - Flow of Vatnsdalsa River (Daily)","mc.lm_OVERTPhi",3,0.228517293988316,0.225286664199124,0.226890479669082
"DS09","Icelandic River - Flow of Vatnsdalsa River (Daily)","mc.lm_OVERTPhi",4,0.208140851557087,0.213562509791878,0.21081682871371
"DS09","Icelandic River - Flow of Vatnsdalsa River (Daily)","mc.lm_OVERTPhi",5,0.235116535547948,0.213810183735926,0.223957753038412
"DS09","Icelandic River - Flow of Vatnsdalsa River (Daily)","mc.lm_OVERTPhi",6,0.217684633375229,0.230105739740692,0.223722914114642
"DS09","Icelandic River - Flow of Vatnsdalsa River (Daily)","mc.lm_OVERTPhi",7,0.226813221966947,0.2357346736559,0.231187910991246
"DS09","Icelandic River - Flow of Vatnsdalsa River (Daily)","mc.lm_OVERTPhi",8,0.247275702305886,0.22506762653306,0.235649587998129
"DS09","Icelandic River - Flow of Vatnsdalsa River (Daily)","mc.lm_OVERTPhi",9,0.297482351551854,0.275584108580409,0.286114837891229
"DS09","Icelandic River - Flow of Vatnsdalsa River (Daily)","mc.lm_OVERTPhi",10,0.252459174063771,0.251428960809736,0.251943014286981
"DS09","Icelandic River - Flow of Vatnsdalsa River (Daily)","mc.lm_OVERTPhi",11,0.236188800278426,0.249266443322003,0.242551472968958
"DS09","Icelandic River - Flow of Vatnsdalsa River (Daily)","mc.lm_OVERTPhi",12,0.274668859517458,0.253695859417224,0.263766106529321
"DS09","Icelandic River - Flow of Vatnsdalsa River (Daily)","mc.lm_OVERTPhi",13,0.254894922221363,0.269675029267778,0.262076756074645
"DS09","Icelandic River - Flow of Vatnsdalsa River (Daily)","mc.lm_OVERTPhi",14,0.283991135229353,0.264454799758888,0.273875013047505
"DS09","Icelandic River - Flow of Vatnsdalsa River (Daily)","mc.lm_OVERTPhi",15,0.257147753266423,0.269411351567367,0.263136742386733
"DS09","Icelandic River - Flow of Vatnsdalsa River (Daily)","mc.lm_OVERTPhi",16,0.251453372945205,0.241408989781227,0.246328830645476
"DS09","Icelandic River - Flow of Vatnsdalsa River (Daily)","mc.lm_OVERTPhi",17,0.214097966675492,0.249231360505945,0.230332613912841
"DS09","Icelandic River - Flow of Vatnsdalsa River (Daily)","mc.lm_OVERTPhi",18,0.255464335568603,0.241079474413192,0.248063540465653
"DS09","Icelandic River - Flow of Vatnsdalsa River (Daily)","mc.lm_OVERTPhi",19,0.246984396986114,0.257106747500097,0.251943941832565
"DS09","Icelandic River - Flow of Vatnsdalsa River (Daily)","mc.lm_OVERTPhi",20,0.275141256960508,0.242553185578762,0.257821536706389
"DS09","Icelandic River - Flow of Vatnsdalsa River (Daily)","mc.lm_OVERTPhi",21,0.249720879155486,0.253203681043039,0.251450220726994
"DS09","Icelandic River - Flow of Vatnsdalsa River (Daily)","mc.lm_OVERTPhi",22,0.287262041808651,0.269109295871554,0.277889533720678
"DS09","Icelandic River - Flow of Vatnsdalsa River (Daily)","mc.lm_OVERTPhi",23,0.216168483129311,0.252695584099793,0.233009202138904
"DS09","Icelandic River - Flow of Vatnsdalsa River (Daily)","mc.lm_OVERTPhi",24,0.23027162782464,0.23733377162215,0.233749370703803
"DS09","Icelandic River - Flow of Vatnsdalsa River (Daily)","mc.lm_OVERTPhi",25,0.260648904919369,0.232604124894443,0.24582924693377
"DS09","Icelandic River - Flow of Vatnsdalsa River (Daily)","mc.lm_OVERTPhi",26,0.211371366240357,0.215144194467905,0.213241093702874
"DS09","Icelandic River - Flow of Vatnsdalsa River (Daily)","mc.lm_OVERTPhi",27,0.278333022078585,0.247182564244322,0.26183455601251
"DS09","Icelandic River - Flow of Vatnsdalsa River (Daily)","mc.lm_OVERTPhi",28,0.251535938000875,0.24563541175085,0.248550660579439
"DS09","Icelandic River - Flow of Vatnsdalsa River (Daily)","mc.lm_OVERTPhi",29,0.240375669465538,0.217766301755886,0.22851309794669
"DS09","Icelandic River - Flow of Vatnsdalsa River (Daily)","mc.lm_OVERTPhi",30,0.19125677520232,0.209196965832675,0.199825013315437
"DS09","Icelandic River - Flow of Vatnsdalsa River (Daily)","mc.lm_OVERTPhi",31,0.218673180583173,0.193218363226384,0.205159220522011
"DS09","Icelandic River - Flow of Vatnsdalsa River (Daily)","mc.lm_OVERTPhi",32,0.209364926745912,0.204844513044999,0.207080053460961
"DS09","Icelandic River - Flow of Vatnsdalsa River (Daily)","mc.lm_OVERTPhi",33,0.2097259408154,0.221579352790748,0.215489765222973
"DS09","Icelandic River - Flow of Vatnsdalsa River (Daily)","mc.lm_OVERTPhi",34,0.231114823086283,0.22357110174481,0.22728038324983
"DS09","Icelandic River - Flow of Vatnsdalsa River (Daily)","mc.lm_OVERTPhi",35,0.180419943560278,0.183512789926756,0.181953224618934
"DS09","Icelandic River - Flow of Vatnsdalsa River (Daily)","mc.lm_OVERTPhi",36,0.214257939812018,0.221353987611203,0.217748166976491
"DS09","Icelandic River - Flow of Vatnsdalsa River (Daily)","mc.lm_OVERTPhi",37,0.249860833759741,0.212922315862795,0.229917391810509
"DS09","Icelandic River - Flow of Vatnsdalsa River (Daily)","mc.lm_OVERTPhi",38,0.23390762613229,0.229671015168296,0.231769961612946
"DS09","Icelandic River - Flow of Vatnsdalsa River (Daily)","mc.lm_OVERTPhi",39,0.240017671679936,0.227577396490557,0.233632048543031
"DS09","Icelandic River - Flow of Vatnsdalsa River (Daily)","mc.lm_OVERTPhi",40,0.241987728327508,0.247445788357638,0.244686324771641
"DS09","Icelandic River - Flow of Vatnsdalsa River (Daily)","mc.lm_OVERTPhi",41,0.251427946300398,0.236667699007405,0.243824644161894
"DS09","Icelandic River - Flow of Vatnsdalsa River (Daily)","mc.lm_OVERTPhi",42,0.240216438450624,0.22255904780477,0.231050880595346
"DS09","Icelandic River - Flow of Vatnsdalsa River (Daily)","mc.lm_OVERTPhi",43,0.222975920894245,0.20665355649992,0.214504681318062
"DS09","Icelandic River - Flow of Vatnsdalsa River (Daily)","mc.lm_OVERTPhi",44,0.233839659467999,0.22774129271228,0.230750190548771
"DS09","Icelandic River - Flow of Vatnsdalsa River (Daily)","mc.lm_OVERTPhi",45,0.249574772538455,0.229136242534512,0.238919196802482
"DS09","Icelandic River - Flow of Vatnsdalsa River (Daily)","mc.lm_OVERTPhi",46,0.217494541279184,0.207663308822536,0.21246525770167
"DS09","Icelandic River - Flow of Vatnsdalsa River (Daily)","mc.lm_OVERTPhi",47,0.123762714743604,0.181386629379034,0.147133868071623
"DS09","Icelandic River - Flow of Vatnsdalsa River (Daily)","mc.lm_OVERTPhi",48,0.200966583133117,0.21700580514493,0.208678450553611
"DS09","Icelandic River - Flow of Vatnsdalsa River (Daily)","mc.lm_OVERTPhi",49,0.223354838422442,0.238535088922538,0.230695510294528
"DS09","Icelandic River - Flow of Vatnsdalsa River (Daily)","mc.lm_OVERTPhi",50,0.180526274881745,0.206283045982438,0.192547117423496
"DS09","Icelandic River - Flow of Vatnsdalsa River (Daily)","mc.lm_SMOTEB",1,0.432870951273356,0.376741688746491,0.402860640090862
"DS09","Icelandic River - Flow of Vatnsdalsa River (Daily)","mc.lm_SMOTEB",2,0.36759030884497,0.347159051852575,0.357082664514101
"DS09","Icelandic River - Flow of Vatnsdalsa River (Daily)","mc.lm_SMOTEB",3,0.207720921487184,0.268864918556295,0.234370658737974
"DS09","Icelandic River - Flow of Vatnsdalsa River (Daily)","mc.lm_SMOTEB",4,0.25671090941421,0.274077730389165,0.265110208253322
"DS09","Icelandic River - Flow of Vatnsdalsa River (Daily)","mc.lm_SMOTEB",5,0.23784278736354,0.247491071264117,0.24257102689473
"DS09","Icelandic River - Flow of Vatnsdalsa River (Daily)","mc.lm_SMOTEB",6,0.238792318960739,0.251351972083643,0.244911228737634
"DS09","Icelandic River - Flow of Vatnsdalsa River (Daily)","mc.lm_SMOTEB",7,0.249052834604988,0.25459159142747,0.251791757177196
"DS09","Icelandic River - Flow of Vatnsdalsa River (Daily)","mc.lm_SMOTEB",8,0.235419694346759,0.236397283485382,0.235907476149925
"DS09","Icelandic River - Flow of Vatnsdalsa River (Daily)","mc.lm_SMOTEB",9,0.247645462403235,0.262055395208902,0.25464673465845
"DS09","Icelandic River - Flow of Vatnsdalsa River (Daily)","mc.lm_SMOTEB",10,0.22776512423803,0.250081041540687,0.238401994513304
"DS09","Icelandic River - Flow of Vatnsdalsa River (Daily)","mc.lm_SMOTEB",11,0.228104075159609,0.262990437189984,0.244308127834824
"DS09","Icelandic River - Flow of Vatnsdalsa River (Daily)","mc.lm_SMOTEB",12,0.253285332147371,0.259531051894627,0.256370157925
"DS09","Icelandic River - Flow of Vatnsdalsa River (Daily)","mc.lm_SMOTEB",13,0.262218271103963,0.256837271971834,0.259499879386426
"DS09","Icelandic River - Flow of Vatnsdalsa River (Daily)","mc.lm_SMOTEB",14,0.252640062204046,0.253345222601142,0.252992151033378
"DS09","Icelandic River - Flow of Vatnsdalsa River (Daily)","mc.lm_SMOTEB",15,0.241353477710672,0.250065984247996,0.245632497804786
"DS09","Icelandic River - Flow of Vatnsdalsa River (Daily)","mc.lm_SMOTEB",16,0.2345727461081,0.253018865198278,0.243446887314974
"DS09","Icelandic River - Flow of Vatnsdalsa River (Daily)","mc.lm_SMOTEB",17,0.250243959745832,0.25108146874431,0.2506620146782
"DS09","Icelandic River - Flow of Vatnsdalsa River (Daily)","mc.lm_SMOTEB",18,0.246230963628229,0.255267758966548,0.250667941678248
"DS09","Icelandic River - Flow of Vatnsdalsa River (Daily)","mc.lm_SMOTEB",19,0.253143972516816,0.262740884353856,0.257853163635661
"DS09","Icelandic River - Flow of Vatnsdalsa River (Daily)","mc.lm_SMOTEB",20,0.253302470227946,0.259661122456718,0.256442385691417
"DS09","Icelandic River - Flow of Vatnsdalsa River (Daily)","mc.lm_SMOTEB",21,0.212068344107263,0.241832121520267,0.225974377408257
"DS09","Icelandic River - Flow of Vatnsdalsa River (Daily)","mc.lm_SMOTEB",22,0.270275261505503,0.27449812504412,0.272370326307458
"DS09","Icelandic River - Flow of Vatnsdalsa River (Daily)","mc.lm_SMOTEB",23,0.224342984706433,0.244035761111689,0.23377538588893
"DS09","Icelandic River - Flow of Vatnsdalsa River (Daily)","mc.lm_SMOTEB",24,0.213030509842761,0.236932234598204,0.22434655027873
"DS09","Icelandic River - Flow of Vatnsdalsa River (Daily)","mc.lm_SMOTEB",25,0.215218552026987,0.232989013920493,0.223751502758165
"DS09","Icelandic River - Flow of Vatnsdalsa River (Daily)","mc.lm_SMOTEB",26,0.270776223868545,0.226962199240999,0.246940820390925
"DS09","Icelandic River - Flow of Vatnsdalsa River (Daily)","mc.lm_SMOTEB",27,0.239107900199303,0.21378989471253,0.22574123072732
"DS09","Icelandic River - Flow of Vatnsdalsa River (Daily)","mc.lm_SMOTEB",28,0.245197669682545,0.246919825750576,0.246055734389916
"DS09","Icelandic River - Flow of Vatnsdalsa River (Daily)","mc.lm_SMOTEB",29,0.222297331244942,0.212753642314939,0.217420807094193
"DS09","Icelandic River - Flow of Vatnsdalsa River (Daily)","mc.lm_SMOTEB",30,0.232892291755952,0.241739816831954,0.237233591794521
"DS09","Icelandic River - Flow of Vatnsdalsa River (Daily)","mc.lm_SMOTEB",31,0.188558059153664,0.183356814690916,0.185921067115832
"DS09","Icelandic River - Flow of Vatnsdalsa River (Daily)","mc.lm_SMOTEB",32,0.234807820945697,0.24583656087061,0.240195659621268
"DS09","Icelandic River - Flow of Vatnsdalsa River (Daily)","mc.lm_SMOTEB",33,0.23475402077371,0.237856983546325,0.236295315793344
"DS09","Icelandic River - Flow of Vatnsdalsa River (Daily)","mc.lm_SMOTEB",34,0.187629166256523,0.203956651048909,0.19545251486435
"DS09","Icelandic River - Flow of Vatnsdalsa River (Daily)","mc.lm_SMOTEB",35,0.209335085402058,0.22385358840282,0.21635103999496
"DS09","Icelandic River - Flow of Vatnsdalsa River (Daily)","mc.lm_SMOTEB",36,0.200834268649634,0.210153767562663,0.205388354373463
"DS09","Icelandic River - Flow of Vatnsdalsa River (Daily)","mc.lm_SMOTEB",37,0.220368240437351,0.225598807233756,0.222952850236288
"DS09","Icelandic River - Flow of Vatnsdalsa River (Daily)","mc.lm_SMOTEB",38,0.216423657371654,0.229101153021494,0.222582034886995
"DS09","Icelandic River - Flow of Vatnsdalsa River (Daily)","mc.lm_SMOTEB",39,0.231424340930877,0.249978285449096,0.240343765434406
"DS09","Icelandic River - Flow of Vatnsdalsa River (Daily)","mc.lm_SMOTEB",40,0.235832505845241,0.247544334118555,0.24154653593806
"DS09","Icelandic River - Flow of Vatnsdalsa River (Daily)","mc.lm_SMOTEB",41,0.230520845925497,0.213864985294339,0.221880779540454
"DS09","Icelandic River - Flow of Vatnsdalsa River (Daily)","mc.lm_SMOTEB",42,0.246123411173548,0.236272534560857,0.241097391829057
"DS09","Icelandic River - Flow of Vatnsdalsa River (Daily)","mc.lm_SMOTEB",43,0.245859033549157,0.267466715786679,0.256208103080596
"DS09","Icelandic River - Flow of Vatnsdalsa River (Daily)","mc.lm_SMOTEB",44,0.219084727967069,0.223935003719435,0.221483314909748
"DS09","Icelandic River - Flow of Vatnsdalsa River (Daily)","mc.lm_SMOTEB",45,0.231018419429634,0.229639652651646,0.230326972690464
"DS09","Icelandic River - Flow of Vatnsdalsa River (Daily)","mc.lm_SMOTEB",46,0.240236502144583,0.223192915224498,0.231401301891386
"DS09","Icelandic River - Flow of Vatnsdalsa River (Daily)","mc.lm_SMOTEB",47,0.26518759524492,0.253922484108211,0.25943280863736
"DS09","Icelandic River - Flow of Vatnsdalsa River (Daily)","mc.lm_SMOTEB",48,0.265234879380945,0.236637839178533,0.250121620125671
"DS09","Icelandic River - Flow of Vatnsdalsa River (Daily)","mc.lm_SMOTEB",49,0.255921541278267,0.248051083899178,0.251924856771222
"DS09","Icelandic River - Flow of Vatnsdalsa River (Daily)","mc.lm_SMOTEB",50,0.265157230916683,0.256495830523895,0.260754624828893
"DS09","Icelandic River - Flow of Vatnsdalsa River (Daily)","mc.lm_SMOTET",1,0.323924489554075,0.358625312238469,0.340392806218483
"DS09","Icelandic River - Flow of Vatnsdalsa River (Daily)","mc.lm_SMOTET",2,0.285257140054754,0.314952229534955,0.299370109175151
"DS09","Icelandic River - Flow of Vatnsdalsa River (Daily)","mc.lm_SMOTET",3,0.198880565717265,0.218017607789608,0.208009859140374
"DS09","Icelandic River - Flow of Vatnsdalsa River (Daily)","mc.lm_SMOTET",4,0.247479758934014,0.21790246880984,0.23175122399331
"DS09","Icelandic River - Flow of Vatnsdalsa River (Daily)","mc.lm_SMOTET",5,0.243584609113469,0.208678349345035,0.224784423331535
"DS09","Icelandic River - Flow of Vatnsdalsa River (Daily)","mc.lm_SMOTET",6,0.251609662769242,0.216447192724325,0.232707648780352
"DS09","Icelandic River - Flow of Vatnsdalsa River (Daily)","mc.lm_SMOTET",7,0.23615114929585,0.213561345028362,0.224288885499617
"DS09","Icelandic River - Flow of Vatnsdalsa River (Daily)","mc.lm_SMOTET",8,0.229171018976918,0.222909000834858,0.225996640513864
"DS09","Icelandic River - Flow of Vatnsdalsa River (Daily)","mc.lm_SMOTET",9,0.244109674287246,0.245412844988148,0.244759525035295
"DS09","Icelandic River - Flow of Vatnsdalsa River (Daily)","mc.lm_SMOTET",10,0.24018997665916,0.231721702505714,0.235879859615948
"DS09","Icelandic River - Flow of Vatnsdalsa River (Daily)","mc.lm_SMOTET",11,0.263591952792158,0.244165632558383,0.253507176446668
"DS09","Icelandic River - Flow of Vatnsdalsa River (Daily)","mc.lm_SMOTET",12,0.257387536695028,0.235383810660026,0.245894407330547
"DS09","Icelandic River - Flow of Vatnsdalsa River (Daily)","mc.lm_SMOTET",13,0.268564779640359,0.248429778348301,0.258105187558582
"DS09","Icelandic River - Flow of Vatnsdalsa River (Daily)","mc.lm_SMOTET",14,0.272999855613963,0.24566561621738,0.258612463713291
"DS09","Icelandic River - Flow of Vatnsdalsa River (Daily)","mc.lm_SMOTET",15,0.265756948781965,0.249279906596893,0.257254861192844
"DS09","Icelandic River - Flow of Vatnsdalsa River (Daily)","mc.lm_SMOTET",16,0.286418373116595,0.250952915787752,0.267515318934682
"DS09","Icelandic River - Flow of Vatnsdalsa River (Daily)","mc.lm_SMOTET",17,0.265210153443505,0.238220530451116,0.250991866231015
"DS09","Icelandic River - Flow of Vatnsdalsa River (Daily)","mc.lm_SMOTET",18,0.260585889964135,0.226421160861667,0.242305155992309
"DS09","Icelandic River - Flow of Vatnsdalsa River (Daily)","mc.lm_SMOTET",19,0.261739584730955,0.229494966864853,0.244559008033601
"DS09","Icelandic River - Flow of Vatnsdalsa River (Daily)","mc.lm_SMOTET",20,0.273262424866988,0.24000921635781,0.255558636732226
"DS09","Icelandic River - Flow of Vatnsdalsa River (Daily)","mc.lm_SMOTET",21,0.266758031244735,0.236570580072374,0.250759049939136
"DS09","Icelandic River - Flow of Vatnsdalsa River (Daily)","mc.lm_SMOTET",22,0.305181677441293,0.265127655848013,0.283748127638407
"DS09","Icelandic River - Flow of Vatnsdalsa River (Daily)","mc.lm_SMOTET",23,0.239150801252682,0.246476667998028,0.242758477945113
"DS09","Icelandic River - Flow of Vatnsdalsa River (Daily)","mc.lm_SMOTET",24,0.252983373885825,0.231130850257474,0.241563909470783
"DS09","Icelandic River - Flow of Vatnsdalsa River (Daily)","mc.lm_SMOTET",25,0.256923984904707,0.246234378704274,0.251465631390759
"DS09","Icelandic River - Flow of Vatnsdalsa River (Daily)","mc.lm_SMOTET",26,0.233367075681465,0.204973261622715,0.21825055367693
"DS09","Icelandic River - Flow of Vatnsdalsa River (Daily)","mc.lm_SMOTET",27,0.236878136238934,0.221110914578741,0.228723115777496
"DS09","Icelandic River - Flow of Vatnsdalsa River (Daily)","mc.lm_SMOTET",28,0.216125642208555,0.219799514426051,0.217947097062247
"DS09","Icelandic River - Flow of Vatnsdalsa River (Daily)","mc.lm_SMOTET",29,0.248339241814301,0.230794573650525,0.239245687051424
"DS09","Icelandic River - Flow of Vatnsdalsa River (Daily)","mc.lm_SMOTET",30,0.248348844153748,0.233566154599333,0.24073077068888
"DS09","Icelandic River - Flow of Vatnsdalsa River (Daily)","mc.lm_SMOTET",31,0.211272022850272,0.209761286405672,0.210513944243123
"DS09","Icelandic River - Flow of Vatnsdalsa River (Daily)","mc.lm_SMOTET",32,0.232676353852154,0.228918799517046,0.230782282747394
"DS09","Icelandic River - Flow of Vatnsdalsa River (Daily)","mc.lm_SMOTET",33,0.203849238423454,0.194925613121905,0.199287581100662
"DS09","Icelandic River - Flow of Vatnsdalsa River (Daily)","mc.lm_SMOTET",34,0.22853705972821,0.221022247201026,0.224716844835759
"DS09","Icelandic River - Flow of Vatnsdalsa River (Daily)","mc.lm_SMOTET",35,0.247419995656909,0.240831364548437,0.244081225480094
"DS09","Icelandic River - Flow of Vatnsdalsa River (Daily)","mc.lm_SMOTET",36,0.244425368788474,0.248324677938122,0.24635959504224
"DS09","Icelandic River - Flow of Vatnsdalsa River (Daily)","mc.lm_SMOTET",37,0.233557331575413,0.23058591792601,0.232062113356239
"DS09","Icelandic River - Flow of Vatnsdalsa River (Daily)","mc.lm_SMOTET",38,0.266316166917878,0.275215273724272,0.270692599818729
"DS09","Icelandic River - Flow of Vatnsdalsa River (Daily)","mc.lm_SMOTET",39,0.267244511244998,0.251818817760919,0.259302451605256
"DS09","Icelandic River - Flow of Vatnsdalsa River (Daily)","mc.lm_SMOTET",40,0.253535822320936,0.224472322706491,0.23812052375139
"DS09","Icelandic River - Flow of Vatnsdalsa River (Daily)","mc.lm_SMOTET",41,0.235760879469328,0.221862499304739,0.228600637045568
"DS09","Icelandic River - Flow of Vatnsdalsa River (Daily)","mc.lm_SMOTET",42,0.256442123256431,0.246869387479003,0.251564721019892
"DS09","Icelandic River - Flow of Vatnsdalsa River (Daily)","mc.lm_SMOTET",43,0.273483637892312,0.272905852459925,0.273194439683414
"DS09","Icelandic River - Flow of Vatnsdalsa River (Daily)","mc.lm_SMOTET",44,0.296795348355971,0.283943071025762,0.290226993309911
"DS09","Icelandic River - Flow of Vatnsdalsa River (Daily)","mc.lm_SMOTET",45,0.26093391784144,0.257771366158001,0.259343000943943
"DS09","Icelandic River - Flow of Vatnsdalsa River (Daily)","mc.lm_SMOTET",46,0.253219052548318,0.274329646169636,0.263351964502255
"DS09","Icelandic River - Flow of Vatnsdalsa River (Daily)","mc.lm_SMOTET",47,0.235587440524865,0.261543411362777,0.247887825248169
"DS09","Icelandic River - Flow of Vatnsdalsa River (Daily)","mc.lm_SMOTET",48,0.257648136435973,0.221025932145738,0.237936095807756
"DS09","Icelandic River - Flow of Vatnsdalsa River (Daily)","mc.lm_SMOTET",49,0.275060701202017,0.247723118444556,0.260677136906705
"DS09","Icelandic River - Flow of Vatnsdalsa River (Daily)","mc.lm_SMOTET",50,0.252693664818389,0.237513386795061,0.24486848141058
"DS09","Icelandic River - Flow of Vatnsdalsa River (Daily)","mc.lm_SMOTETPhi",1,0.307668397942406,0.341868880872714,0.323868249952778
"DS09","Icelandic River - Flow of Vatnsdalsa River (Daily)","mc.lm_SMOTETPhi",2,0.324980051130778,0.311397294997697,0.318043718765272
"DS09","Icelandic River - Flow of Vatnsdalsa River (Daily)","mc.lm_SMOTETPhi",3,0.203773505973805,0.224160438862819,0.213481351871454
"DS09","Icelandic River - Flow of Vatnsdalsa River (Daily)","mc.lm_SMOTETPhi",4,0.257845815006684,0.225078327762313,0.240350397598473
"DS09","Icelandic River - Flow of Vatnsdalsa River (Daily)","mc.lm_SMOTETPhi",5,0.253137112619284,0.221841574716734,0.236458338784292
"DS09","Icelandic River - Flow of Vatnsdalsa River (Daily)","mc.lm_SMOTETPhi",6,0.248184248517896,0.218356389106524,0.232316810022928
"DS09","Icelandic River - Flow of Vatnsdalsa River (Daily)","mc.lm_SMOTETPhi",7,0.242809969219085,0.217609387547643,0.229520014376795
"DS09","Icelandic River - Flow of Vatnsdalsa River (Daily)","mc.lm_SMOTETPhi",8,0.238277077068565,0.227929235827835,0.232988316928248
"DS09","Icelandic River - Flow of Vatnsdalsa River (Daily)","mc.lm_SMOTETPhi",9,0.257390672004991,0.253627639482944,0.255495300649695
"DS09","Icelandic River - Flow of Vatnsdalsa River (Daily)","mc.lm_SMOTETPhi",10,0.255854172432273,0.240931790822308,0.248168863506627
"DS09","Icelandic River - Flow of Vatnsdalsa River (Daily)","mc.lm_SMOTETPhi",11,0.275729621389494,0.24695432901794,0.260549892865602
"DS09","Icelandic River - Flow of Vatnsdalsa River (Daily)","mc.lm_SMOTETPhi",12,0.256784061052357,0.232759505315991,0.244182275612242
"DS09","Icelandic River - Flow of Vatnsdalsa River (Daily)","mc.lm_SMOTETPhi",13,0.272455445987674,0.24883116703961,0.26010799010433
"DS09","Icelandic River - Flow of Vatnsdalsa River (Daily)","mc.lm_SMOTETPhi",14,0.272938087569787,0.250107375376223,0.261024456030246
"DS09","Icelandic River - Flow of Vatnsdalsa River (Daily)","mc.lm_SMOTETPhi",15,0.266061451971845,0.25443336143916,0.260117518293599
"DS09","Icelandic River - Flow of Vatnsdalsa River (Daily)","mc.lm_SMOTETPhi",16,0.284488652205891,0.249444376390141,0.265816462510922
"DS09","Icelandic River - Flow of Vatnsdalsa River (Daily)","mc.lm_SMOTETPhi",17,0.267368664586794,0.240311680031025,0.253119167033629
"DS09","Icelandic River - Flow of Vatnsdalsa River (Daily)","mc.lm_SMOTETPhi",18,0.262362208064108,0.231932828279443,0.246210884090915
"DS09","Icelandic River - Flow of Vatnsdalsa River (Daily)","mc.lm_SMOTETPhi",19,0.279552930876503,0.251500924502228,0.264786028198992
"DS09","Icelandic River - Flow of Vatnsdalsa River (Daily)","mc.lm_SMOTETPhi",20,0.279530462633258,0.25096128255008,0.264476588189003
"DS09","Icelandic River - Flow of Vatnsdalsa River (Daily)","mc.lm_SMOTETPhi",21,0.273196465453737,0.243837673695294,0.257683528239185
"DS09","Icelandic River - Flow of Vatnsdalsa River (Daily)","mc.lm_SMOTETPhi",22,0.310452199183063,0.274918732062865,0.291606980838202
"DS09","Icelandic River - Flow of Vatnsdalsa River (Daily)","mc.lm_SMOTETPhi",23,0.243470285642869,0.249836459997128,0.246612294752177
"DS09","Icelandic River - Flow of Vatnsdalsa River (Daily)","mc.lm_SMOTETPhi",24,0.261120843432448,0.239586678161148,0.249890695779864
"DS09","Icelandic River - Flow of Vatnsdalsa River (Daily)","mc.lm_SMOTETPhi",25,0.271508593972143,0.256374331278522,0.263724514987586
"DS09","Icelandic River - Flow of Vatnsdalsa River (Daily)","mc.lm_SMOTETPhi",26,0.227891351065507,0.208167631440458,0.217583421877675
"DS09","Icelandic River - Flow of Vatnsdalsa River (Daily)","mc.lm_SMOTETPhi",27,0.209558150291132,0.201915955412087,0.205666084664596
"DS09","Icelandic River - Flow of Vatnsdalsa River (Daily)","mc.lm_SMOTETPhi",28,0.236272825802289,0.219178281372573,0.22740474697981
"DS09","Icelandic River - Flow of Vatnsdalsa River (Daily)","mc.lm_SMOTETPhi",29,0.270698923621573,0.235427549775934,0.251834225889847
"DS09","Icelandic River - Flow of Vatnsdalsa River (Daily)","mc.lm_SMOTETPhi",30,0.250746423291104,0.222940004922761,0.236027065642018
"DS09","Icelandic River - Flow of Vatnsdalsa River (Daily)","mc.lm_SMOTETPhi",31,0.211871617530159,0.213623434626474,0.21274391985173
"DS09","Icelandic River - Flow of Vatnsdalsa River (Daily)","mc.lm_SMOTETPhi",32,0.207962192092409,0.215069439540182,0.211456112282911
"DS09","Icelandic River - Flow of Vatnsdalsa River (Daily)","mc.lm_SMOTETPhi",33,0.192488747109467,0.19201464659323,0.192251404563552
"DS09","Icelandic River - Flow of Vatnsdalsa River (Daily)","mc.lm_SMOTETPhi",34,0.221734757068282,0.208438711197315,0.214881253264214
"DS09","Icelandic River - Flow of Vatnsdalsa River (Daily)","mc.lm_SMOTETPhi",35,0.242454307869849,0.211390501342883,0.225859309847589
"DS09","Icelandic River - Flow of Vatnsdalsa River (Daily)","mc.lm_SMOTETPhi",36,0.237878375930562,0.241460933496353,0.239656266787139
"DS09","Icelandic River - Flow of Vatnsdalsa River (Daily)","mc.lm_SMOTETPhi",37,0.242575138812253,0.236959735121579,0.239734558483699
"DS09","Icelandic River - Flow of Vatnsdalsa River (Daily)","mc.lm_SMOTETPhi",38,0.226281074000653,0.260834489432334,0.24233226296117
"DS09","Icelandic River - Flow of Vatnsdalsa River (Daily)","mc.lm_SMOTETPhi",39,0.249010600377476,0.22586475977859,0.236873605815628
"DS09","Icelandic River - Flow of Vatnsdalsa River (Daily)","mc.lm_SMOTETPhi",40,0.26183440425197,0.221125627598825,0.239764341348513
"DS09","Icelandic River - Flow of Vatnsdalsa River (Daily)","mc.lm_SMOTETPhi",41,0.259052942919471,0.247327102882792,0.253054259924583
"DS09","Icelandic River - Flow of Vatnsdalsa River (Daily)","mc.lm_SMOTETPhi",42,0.268501725143146,0.243476861765005,0.255377701677477
"DS09","Icelandic River - Flow of Vatnsdalsa River (Daily)","mc.lm_SMOTETPhi",43,0.280516943155428,0.27500609440199,0.277734184670193
"DS09","Icelandic River - Flow of Vatnsdalsa River (Daily)","mc.lm_SMOTETPhi",44,0.282541543513383,0.282168557626249,0.282354927392922
"DS09","Icelandic River - Flow of Vatnsdalsa River (Daily)","mc.lm_SMOTETPhi",45,0.266913928192977,0.261344530528378,0.264099870445705
"DS09","Icelandic River - Flow of Vatnsdalsa River (Daily)","mc.lm_SMOTETPhi",46,0.239515823703209,0.268572945263317,0.253213509678574
"DS09","Icelandic River - Flow of Vatnsdalsa River (Daily)","mc.lm_SMOTETPhi",47,0.221977423855794,0.243774801089313,0.232366049794575
"DS09","Icelandic River - Flow of Vatnsdalsa River (Daily)","mc.lm_SMOTETPhi",48,0.254853723510292,0.215677722606548,0.233634844761681
"DS09","Icelandic River - Flow of Vatnsdalsa River (Daily)","mc.lm_SMOTETPhi",49,0.262413840747591,0.237542251084784,0.24935939561623
"DS09","Icelandic River - Flow of Vatnsdalsa River (Daily)","mc.lm_SMOTETPhi",50,0.263195133494403,0.251267258783537,0.257092921507769
"DS09","Icelandic River - Flow of Vatnsdalsa River (Daily)","mc.svm",1,0.200212806789605,0.330338381302267,0.249317977210557
"DS09","Icelandic River - Flow of Vatnsdalsa River (Daily)","mc.svm",2,0.174464632728944,0.317952852158231,0.225302834604323
"DS09","Icelandic River - Flow of Vatnsdalsa River (Daily)","mc.svm",3,0.24094696062419,0.290104226873321,0.26325044882678
"DS09","Icelandic River - Flow of Vatnsdalsa River (Daily)","mc.svm",4,0.244447375755337,0.271403324079763,0.257221053935882
"DS09","Icelandic River - Flow of Vatnsdalsa River (Daily)","mc.svm",5,0.246532785039441,0.271225672429598,0.258290403309394
"DS09","Icelandic River - Flow of Vatnsdalsa River (Daily)","mc.svm",6,0.251260819525149,0.273604734084398,0.261957178325889
"DS09","Icelandic River - Flow of Vatnsdalsa River (Daily)","mc.svm",7,0.295527832602822,0.302586883590481,0.299015702040132
"DS09","Icelandic River - Flow of Vatnsdalsa River (Daily)","mc.svm",8,0.28150433737412,0.299211762654019,0.290088079102269
"DS09","Icelandic River - Flow of Vatnsdalsa River (Daily)","mc.svm",9,0.300284555073459,0.301302087143851,0.300792460574659
"DS09","Icelandic River - Flow of Vatnsdalsa River (Daily)","mc.svm",10,0.279449332082866,0.286715699719864,0.283035886300745
"DS09","Icelandic River - Flow of Vatnsdalsa River (Daily)","mc.svm",11,0.279930883446489,0.287666141618808,0.283745804170598
"DS09","Icelandic River - Flow of Vatnsdalsa River (Daily)","mc.svm",12,0.282163241725573,0.287177489049681,0.284648284869873
"DS09","Icelandic River - Flow of Vatnsdalsa River (Daily)","mc.svm",13,0.287020065804831,0.297056773624429,0.291952184910358
"DS09","Icelandic River - Flow of Vatnsdalsa River (Daily)","mc.svm",14,0.322062618479342,0.302546673402917,0.311999757655624
"DS09","Icelandic River - Flow of Vatnsdalsa River (Daily)","mc.svm",15,0.321431269257925,0.306499121085098,0.313787652363834
"DS09","Icelandic River - Flow of Vatnsdalsa River (Daily)","mc.svm",16,0.321224753755355,0.306102317499799,0.313481263820108
"DS09","Icelandic River - Flow of Vatnsdalsa River (Daily)","mc.svm",17,0.32758901152681,0.301781999343214,0.314156404263889
"DS09","Icelandic River - Flow of Vatnsdalsa River (Daily)","mc.svm",18,0.309115113515809,0.297973192198328,0.303441908744082
"DS09","Icelandic River - Flow of Vatnsdalsa River (Daily)","mc.svm",19,0.300366779747616,0.295272810457277,0.297798013035272
"DS09","Icelandic River - Flow of Vatnsdalsa River (Daily)","mc.svm",20,0.298848462649745,0.286437004586741,0.292511136047593
"DS09","Icelandic River - Flow of Vatnsdalsa River (Daily)","mc.svm",21,0.284049798373832,0.282189995877703,0.283116842885002
"DS09","Icelandic River - Flow of Vatnsdalsa River (Daily)","mc.svm",22,0.350392793883887,0.303134796194257,0.325055130875891
"DS09","Icelandic River - Flow of Vatnsdalsa River (Daily)","mc.svm",23,0.26718755621373,0.282053060816548,0.274419136915439
"DS09","Icelandic River - Flow of Vatnsdalsa River (Daily)","mc.svm",24,0.260938100224195,0.270171419083807,0.265474499204824
"DS09","Icelandic River - Flow of Vatnsdalsa River (Daily)","mc.svm",25,0.258116043389353,0.278914498351625,0.268112523079446
"DS09","Icelandic River - Flow of Vatnsdalsa River (Daily)","mc.svm",26,0.23985294522773,0.259941724031491,0.249493609801548
"DS09","Icelandic River - Flow of Vatnsdalsa River (Daily)","mc.svm",27,0.266395185424641,0.275072016570711,0.270664079336475
"DS09","Icelandic River - Flow of Vatnsdalsa River (Daily)","mc.svm",28,0.226284056718307,0.268797854800221,0.245715577993183
"DS09","Icelandic River - Flow of Vatnsdalsa River (Daily)","mc.svm",29,0.189046722770001,0.263754713130094,0.220237659066909
"DS09","Icelandic River - Flow of Vatnsdalsa River (Daily)","mc.svm",30,0.219682048429627,0.267111165517865,0.241086055919092
"DS09","Icelandic River - Flow of Vatnsdalsa River (Daily)","mc.svm",31,0.233043864603196,0.266084182503176,0.248470453863744
"DS09","Icelandic River - Flow of Vatnsdalsa River (Daily)","mc.svm",32,0.223101645377554,0.267990373376721,0.243494461169844
"DS09","Icelandic River - Flow of Vatnsdalsa River (Daily)","mc.svm",33,0.236870008872834,0.274919627517226,0.254480395768273
"DS09","Icelandic River - Flow of Vatnsdalsa River (Daily)","mc.svm",34,0.208300470856249,0.267391049248542,0.23417563318744
"DS09","Icelandic River - Flow of Vatnsdalsa River (Daily)","mc.svm",35,0.252190252190583,0.271264179572643,0.261379702627641
"DS09","Icelandic River - Flow of Vatnsdalsa River (Daily)","mc.svm",36,0.229266654800287,0.280590046142153,0.252345182991062
"DS09","Icelandic River - Flow of Vatnsdalsa River (Daily)","mc.svm",37,0.22066716702911,0.269088997967011,0.242484367136257
"DS09","Icelandic River - Flow of Vatnsdalsa River (Daily)","mc.svm",38,0.261224891278277,0.293317844305449,0.276342712912884
"DS09","Icelandic River - Flow of Vatnsdalsa River (Daily)","mc.svm",39,0.257837235905325,0.279732752818748,0.268339086228247
"DS09","Icelandic River - Flow of Vatnsdalsa River (Daily)","mc.svm",40,0.264217917807307,0.280359058782738,0.272049278373204
"DS09","Icelandic River - Flow of Vatnsdalsa River (Daily)","mc.svm",41,0.282240315641006,0.28009568395055,0.2811639102078
"DS09","Icelandic River - Flow of Vatnsdalsa River (Daily)","mc.svm",42,0.281867435558591,0.284381506908084,0.283118890159117
"DS09","Icelandic River - Flow of Vatnsdalsa River (Daily)","mc.svm",43,0.283513864861766,0.28615575832634,0.284828685586281
"DS09","Icelandic River - Flow of Vatnsdalsa River (Daily)","mc.svm",44,0.283389818473125,0.286376172205883,0.284875169048743
"DS09","Icelandic River - Flow of Vatnsdalsa River (Daily)","mc.svm",45,0.278478094830527,0.281617624145932,0.280039060416938
"DS09","Icelandic River - Flow of Vatnsdalsa River (Daily)","mc.svm",46,0.266034086556817,0.289338718648477,0.277197446470985
"DS09","Icelandic River - Flow of Vatnsdalsa River (Daily)","mc.svm",47,0.285840253361147,0.294508150591318,0.290109471512703
"DS09","Icelandic River - Flow of Vatnsdalsa River (Daily)","mc.svm",48,0.279965956390232,0.289937272160049,0.284864382677564
"DS09","Icelandic River - Flow of Vatnsdalsa River (Daily)","mc.svm",49,0.277435504269067,0.287823629765643,0.282534112433046
"DS09","Icelandic River - Flow of Vatnsdalsa River (Daily)","mc.svm",50,0.251874867310954,0.26285548477947,0.257248052623696
"DS09","Icelandic River - Flow of Vatnsdalsa River (Daily)","mc.svm_UNDERB",1,0.247551164282244,0.332088959627145,0.283655341340138
"DS09","Icelandic River - Flow of Vatnsdalsa River (Daily)","mc.svm_UNDERB",2,0.20309066286701,0.338013564279806,0.253730780073912
"DS09","Icelandic River - Flow of Vatnsdalsa River (Daily)","mc.svm_UNDERB",3,0.187837420635954,0.281774062500801,0.225410642639041
"DS09","Icelandic River - Flow of Vatnsdalsa River (Daily)","mc.svm_UNDERB",4,0.233624589804415,0.262915455081,0.247406089314364
"DS09","Icelandic River - Flow of Vatnsdalsa River (Daily)","mc.svm_UNDERB",5,0.253338886644669,0.273815322060975,0.263179417679327
"DS09","Icelandic River - Flow of Vatnsdalsa River (Daily)","mc.svm_UNDERB",6,0.255932991180225,0.289948545162291,0.271880961385651
"DS09","Icelandic River - Flow of Vatnsdalsa River (Daily)","mc.svm_UNDERB",7,0.26177447087396,0.278310176591953,0.269789187891311
"DS09","Icelandic River - Flow of Vatnsdalsa River (Daily)","mc.svm_UNDERB",8,0.196221444376541,0.263707103629108,0.225013163417819
"DS09","Icelandic River - Flow of Vatnsdalsa River (Daily)","mc.svm_UNDERB",9,0.269147815300165,0.288504632601216,0.27849027422301
"DS09","Icelandic River - Flow of Vatnsdalsa River (Daily)","mc.svm_UNDERB",10,0.25692417397258,0.284914071593637,0.270196181596095
"DS09","Icelandic River - Flow of Vatnsdalsa River (Daily)","mc.svm_UNDERB",11,0.259083624938228,0.286331421863807,0.272026901880168
"DS09","Icelandic River - Flow of Vatnsdalsa River (Daily)","mc.svm_UNDERB",12,0.292456115521718,0.291397731661218,0.291925964296259
"DS09","Icelandic River - Flow of Vatnsdalsa River (Daily)","mc.svm_UNDERB",13,0.272417832104362,0.283330608592973,0.277767077726242
"DS09","Icelandic River - Flow of Vatnsdalsa River (Daily)","mc.svm_UNDERB",14,0.276066501634552,0.28150621784449,0.278759824624539
"DS09","Icelandic River - Flow of Vatnsdalsa River (Daily)","mc.svm_UNDERB",15,0.280407847573384,0.27812961966922,0.279264087270173
"DS09","Icelandic River - Flow of Vatnsdalsa River (Daily)","mc.svm_UNDERB",16,0.286788461783193,0.281437390240182,0.284087730073702
"DS09","Icelandic River - Flow of Vatnsdalsa River (Daily)","mc.svm_UNDERB",17,0.272285463182402,0.272520967749027,0.272403164564699
"DS09","Icelandic River - Flow of Vatnsdalsa River (Daily)","mc.svm_UNDERB",18,0.292837100091426,0.280381943869144,0.28647420641623
"DS09","Icelandic River - Flow of Vatnsdalsa River (Daily)","mc.svm_UNDERB",19,0.263968927347074,0.271323968845775,0.267595918156804
"DS09","Icelandic River - Flow of Vatnsdalsa River (Daily)","mc.svm_UNDERB",20,0.286120356337295,0.282335758004555,0.28421545885051
"DS09","Icelandic River - Flow of Vatnsdalsa River (Daily)","mc.svm_UNDERB",21,0.278435558438306,0.275093610146092,0.276754495737682
"DS09","Icelandic River - Flow of Vatnsdalsa River (Daily)","mc.svm_UNDERB",22,0.28792042140016,0.273504903881341,0.280527591593919
"DS09","Icelandic River - Flow of Vatnsdalsa River (Daily)","mc.svm_UNDERB",23,0.29756370807715,0.297292874705774,0.297428229737345
"DS09","Icelandic River - Flow of Vatnsdalsa River (Daily)","mc.svm_UNDERB",24,0.272826769077679,0.290160184784392,0.281226643660743
"DS09","Icelandic River - Flow of Vatnsdalsa River (Daily)","mc.svm_UNDERB",25,0.282755180171129,0.296661356986307,0.289541392297827
"DS09","Icelandic River - Flow of Vatnsdalsa River (Daily)","mc.svm_UNDERB",26,0.219698838749161,0.242117077197894,0.230363826212593
"DS09","Icelandic River - Flow of Vatnsdalsa River (Daily)","mc.svm_UNDERB",27,0.248727437639404,0.259239233560884,0.253874570734494
"DS09","Icelandic River - Flow of Vatnsdalsa River (Daily)","mc.svm_UNDERB",28,0.254203662587862,0.278678654479411,0.265879097071935
"DS09","Icelandic River - Flow of Vatnsdalsa River (Daily)","mc.svm_UNDERB",29,0.256266847067992,0.286242698666004,0.270426629209351
"DS09","Icelandic River - Flow of Vatnsdalsa River (Daily)","mc.svm_UNDERB",30,0.260104135228353,0.275402309651085,0.26753470579729
"DS09","Icelandic River - Flow of Vatnsdalsa River (Daily)","mc.svm_UNDERB",31,0.229273274004901,0.249602403450282,0.23900633476585
"DS09","Icelandic River - Flow of Vatnsdalsa River (Daily)","mc.svm_UNDERB",32,0.269994965402184,0.283485345752179,0.276575750124702
"DS09","Icelandic River - Flow of Vatnsdalsa River (Daily)","mc.svm_UNDERB",33,0.190834837116495,0.223830528951476,0.206019918852601
"DS09","Icelandic River - Flow of Vatnsdalsa River (Daily)","mc.svm_UNDERB",34,0.207303273858315,0.244482240919176,0.224362965544497
"DS09","Icelandic River - Flow of Vatnsdalsa River (Daily)","mc.svm_UNDERB",35,0.225950504284148,0.272016988529713,0.246852963774157
"DS09","Icelandic River - Flow of Vatnsdalsa River (Daily)","mc.svm_UNDERB",36,0.209015186317276,0.254109585929554,0.229366968173165
"DS09","Icelandic River - Flow of Vatnsdalsa River (Daily)","mc.svm_UNDERB",37,0.217625220907433,0.238117438910977,0.227410619254126
"DS09","Icelandic River - Flow of Vatnsdalsa River (Daily)","mc.svm_UNDERB",38,0.187012884552079,0.27323013140326,0.222045976794249
"DS09","Icelandic River - Flow of Vatnsdalsa River (Daily)","mc.svm_UNDERB",39,0.251398991534625,0.270948593378804,0.260807956619329
"DS09","Icelandic River - Flow of Vatnsdalsa River (Daily)","mc.svm_UNDERB",40,0.216190053157556,0.241859782046635,0.228305634534408
"DS09","Icelandic River - Flow of Vatnsdalsa River (Daily)","mc.svm_UNDERB",41,0.225887111208516,0.257721262993351,0.240756424826829
"DS09","Icelandic River - Flow of Vatnsdalsa River (Daily)","mc.svm_UNDERB",42,0.207251310651596,0.250398747657621,0.226791050040668
"DS09","Icelandic River - Flow of Vatnsdalsa River (Daily)","mc.svm_UNDERB",43,0.224529363862739,0.253230169486568,0.238017684198055
"DS09","Icelandic River - Flow of Vatnsdalsa River (Daily)","mc.svm_UNDERB",44,0.26359527756818,0.28483440088767,0.273803573775761
"DS09","Icelandic River - Flow of Vatnsdalsa River (Daily)","mc.svm_UNDERB",45,0.233418793600689,0.270901180606809,0.250767092307261
"DS09","Icelandic River - Flow of Vatnsdalsa River (Daily)","mc.svm_UNDERB",46,0.211479516462004,0.253902309110765,0.230757346371425
"DS09","Icelandic River - Flow of Vatnsdalsa River (Daily)","mc.svm_UNDERB",47,0.231046429646171,0.244289183217915,0.237483336220454
"DS09","Icelandic River - Flow of Vatnsdalsa River (Daily)","mc.svm_UNDERB",48,0.187700732953894,0.227457437063371,0.205675478581252
"DS09","Icelandic River - Flow of Vatnsdalsa River (Daily)","mc.svm_UNDERB",49,0.205162766877513,0.230987775040987,0.217310705766106
"DS09","Icelandic River - Flow of Vatnsdalsa River (Daily)","mc.svm_UNDERB",50,0.270583789063532,0.27811341785935,0.274296939894462
"DS09","Icelandic River - Flow of Vatnsdalsa River (Daily)","mc.svm_UNDERT",1,0.274188540677722,0.332577708823041,0.300573727425211
"DS09","Icelandic River - Flow of Vatnsdalsa River (Daily)","mc.svm_UNDERT",2,0.218603190749493,0.320261479288592,0.259843278430893
"DS09","Icelandic River - Flow of Vatnsdalsa River (Daily)","mc.svm_UNDERT",3,0.237072062166907,0.293753889867674,0.26238672082085
"DS09","Icelandic River - Flow of Vatnsdalsa River (Daily)","mc.svm_UNDERT",4,0.250464962700594,0.282070979000878,0.265330062074868
"DS09","Icelandic River - Flow of Vatnsdalsa River (Daily)","mc.svm_UNDERT",5,0.249697772104716,0.271964293877566,0.26035582305717
"DS09","Icelandic River - Flow of Vatnsdalsa River (Daily)","mc.svm_UNDERT",6,0.2270550319555,0.280420255926781,0.250931746592534
"DS09","Icelandic River - Flow of Vatnsdalsa River (Daily)","mc.svm_UNDERT",7,0.279370855865694,0.286676866844502,0.282976711800139
"DS09","Icelandic River - Flow of Vatnsdalsa River (Daily)","mc.svm_UNDERT",8,0.28289284240657,0.28790533559051,0.28537708026683
"DS09","Icelandic River - Flow of Vatnsdalsa River (Daily)","mc.svm_UNDERT",9,0.234710232955456,0.274059662736106,0.252863260303756
"DS09","Icelandic River - Flow of Vatnsdalsa River (Daily)","mc.svm_UNDERT",10,0.261650270852267,0.29874849800019,0.278971438779295
"DS09","Icelandic River - Flow of Vatnsdalsa River (Daily)","mc.svm_UNDERT",11,0.244302184886279,0.276294081307676,0.2593151434915
"DS09","Icelandic River - Flow of Vatnsdalsa River (Daily)","mc.svm_UNDERT",12,0.287494188585125,0.293472594659967,0.290452631396466
"DS09","Icelandic River - Flow of Vatnsdalsa River (Daily)","mc.svm_UNDERT",13,0.263547202415953,0.284718145411615,0.273723922176052
"DS09","Icelandic River - Flow of Vatnsdalsa River (Daily)","mc.svm_UNDERT",14,0.259855626012829,0.271390176180523,0.26549768048597
"DS09","Icelandic River - Flow of Vatnsdalsa River (Daily)","mc.svm_UNDERT",15,0.275032526262381,0.277761797085956,0.276390424159949
"DS09","Icelandic River - Flow of Vatnsdalsa River (Daily)","mc.svm_UNDERT",16,0.283762281772102,0.287828325638042,0.285780841682336
"DS09","Icelandic River - Flow of Vatnsdalsa River (Daily)","mc.svm_UNDERT",17,0.29124008635813,0.286932479597828,0.289070236318993
"DS09","Icelandic River - Flow of Vatnsdalsa River (Daily)","mc.svm_UNDERT",18,0.285725701591225,0.281221317454047,0.283455615896094
"DS09","Icelandic River - Flow of Vatnsdalsa River (Daily)","mc.svm_UNDERT",19,0.275590062322681,0.27531759667677,0.275453762122256
"DS09","Icelandic River - Flow of Vatnsdalsa River (Daily)","mc.svm_UNDERT",20,0.284647178965905,0.287888682173041,0.286258754425448
"DS09","Icelandic River - Flow of Vatnsdalsa River (Daily)","mc.svm_UNDERT",21,0.284420923997396,0.274289787970934,0.279263501724896
"DS09","Icelandic River - Flow of Vatnsdalsa River (Daily)","mc.svm_UNDERT",22,0.259505347538169,0.272665334004869,0.265922624889369
"DS09","Icelandic River - Flow of Vatnsdalsa River (Daily)","mc.svm_UNDERT",23,0.285971181346856,0.280215856175281,0.283064267148407
"DS09","Icelandic River - Flow of Vatnsdalsa River (Daily)","mc.svm_UNDERT",24,0.298580586696912,0.291418086689201,0.294955860827199
"DS09","Icelandic River - Flow of Vatnsdalsa River (Daily)","mc.svm_UNDERT",25,0.315471164555266,0.304116111925193,0.309689587346089
"DS09","Icelandic River - Flow of Vatnsdalsa River (Daily)","mc.svm_UNDERT",26,0.235677854875498,0.268824200515163,0.25116215182503
"DS09","Icelandic River - Flow of Vatnsdalsa River (Daily)","mc.svm_UNDERT",27,0.230764317237257,0.265139182870106,0.246760357588191
"DS09","Icelandic River - Flow of Vatnsdalsa River (Daily)","mc.svm_UNDERT",28,0.268344784139533,0.285932246005952,0.276859485996956
"DS09","Icelandic River - Flow of Vatnsdalsa River (Daily)","mc.svm_UNDERT",29,0.23619656829188,0.28575708362283,0.258623892252553
"DS09","Icelandic River - Flow of Vatnsdalsa River (Daily)","mc.svm_UNDERT",30,0.242342917154474,0.263957121269924,0.252688658572174
"DS09","Icelandic River - Flow of Vatnsdalsa River (Daily)","mc.svm_UNDERT",31,0.198949477359088,0.264202480572124,0.226979264695694
"DS09","Icelandic River - Flow of Vatnsdalsa River (Daily)","mc.svm_UNDERT",32,0.237998674102777,0.248535166395461,0.243152829860545
"DS09","Icelandic River - Flow of Vatnsdalsa River (Daily)","mc.svm_UNDERT",33,0.208500247025496,0.230325005075288,0.21886990424752
"DS09","Icelandic River - Flow of Vatnsdalsa River (Daily)","mc.svm_UNDERT",34,0.229254124126282,0.255716202980138,0.241763220809367
"DS09","Icelandic River - Flow of Vatnsdalsa River (Daily)","mc.svm_UNDERT",35,0.211153754644027,0.245251531552175,0.226928930429512
"DS09","Icelandic River - Flow of Vatnsdalsa River (Daily)","mc.svm_UNDERT",36,0.24358687135746,0.272534384827278,0.257248843530075
"DS09","Icelandic River - Flow of Vatnsdalsa River (Daily)","mc.svm_UNDERT",37,0.240085708040744,0.256339216428186,0.247946383194232
"DS09","Icelandic River - Flow of Vatnsdalsa River (Daily)","mc.svm_UNDERT",38,0.203169376449394,0.281324684372017,0.235943287340952
"DS09","Icelandic River - Flow of Vatnsdalsa River (Daily)","mc.svm_UNDERT",39,0.237688039245341,0.258740812961509,0.247768018446846
"DS09","Icelandic River - Flow of Vatnsdalsa River (Daily)","mc.svm_UNDERT",40,0.217447002311768,0.251834775678552,0.233380964774163
"DS09","Icelandic River - Flow of Vatnsdalsa River (Daily)","mc.svm_UNDERT",41,0.229589954103742,0.248201872492663,0.238533408660374
"DS09","Icelandic River - Flow of Vatnsdalsa River (Daily)","mc.svm_UNDERT",42,0.25743719750192,0.286016163788577,0.270975229488452
"DS09","Icelandic River - Flow of Vatnsdalsa River (Daily)","mc.svm_UNDERT",43,0.252641864432655,0.259552671755286,0.256050645907988
"DS09","Icelandic River - Flow of Vatnsdalsa River (Daily)","mc.svm_UNDERT",44,0.227767078337231,0.274577630640337,0.248991354303292
"DS09","Icelandic River - Flow of Vatnsdalsa River (Daily)","mc.svm_UNDERT",45,0.250048467988262,0.267934474713708,0.258682668482966
"DS09","Icelandic River - Flow of Vatnsdalsa River (Daily)","mc.svm_UNDERT",46,0.215621035810863,0.250828456882057,0.231896025318886
"DS09","Icelandic River - Flow of Vatnsdalsa River (Daily)","mc.svm_UNDERT",47,0.259114171468961,0.2653534014008,0.262196674521622
"DS09","Icelandic River - Flow of Vatnsdalsa River (Daily)","mc.svm_UNDERT",48,0.262739878952628,0.256851298362635,0.259762220710985
"DS09","Icelandic River - Flow of Vatnsdalsa River (Daily)","mc.svm_UNDERT",49,0.231863031669578,0.250238111695345,0.240700392502636
"DS09","Icelandic River - Flow of Vatnsdalsa River (Daily)","mc.svm_UNDERT",50,0.270473460192476,0.280693730271608,0.275488838212487
"DS09","Icelandic River - Flow of Vatnsdalsa River (Daily)","mc.svm_UNDERTPhi",1,0.261494099244933,0.317976221647215,0.286982448153446
"DS09","Icelandic River - Flow of Vatnsdalsa River (Daily)","mc.svm_UNDERTPhi",2,0.235752510132023,0.3137683285349,0.269222441978648
"DS09","Icelandic River - Flow of Vatnsdalsa River (Daily)","mc.svm_UNDERTPhi",3,0.206016327427363,0.274482439529373,0.235371526521466
"DS09","Icelandic River - Flow of Vatnsdalsa River (Daily)","mc.svm_UNDERTPhi",4,0.210542109846715,0.255706489201039,0.23093681717366
"DS09","Icelandic River - Flow of Vatnsdalsa River (Daily)","mc.svm_UNDERTPhi",5,0.200734559589687,0.255593077199095,0.224866344483454
"DS09","Icelandic River - Flow of Vatnsdalsa River (Daily)","mc.svm_UNDERTPhi",6,0.222755648404288,0.275145440456231,0.246194283826846
"DS09","Icelandic River - Flow of Vatnsdalsa River (Daily)","mc.svm_UNDERTPhi",7,0.235453538151438,0.268454886258792,0.250873570441508
"DS09","Icelandic River - Flow of Vatnsdalsa River (Daily)","mc.svm_UNDERTPhi",8,0.244200584847674,0.27453678070017,0.258481639695939
"DS09","Icelandic River - Flow of Vatnsdalsa River (Daily)","mc.svm_UNDERTPhi",9,0.242922794903128,0.282616348350113,0.26127056036792
"DS09","Icelandic River - Flow of Vatnsdalsa River (Daily)","mc.svm_UNDERTPhi",10,0.262670169727217,0.291373217480136,0.276278191407522
"DS09","Icelandic River - Flow of Vatnsdalsa River (Daily)","mc.svm_UNDERTPhi",11,0.239658820083347,0.282167999013544,0.259181963188093
"DS09","Icelandic River - Flow of Vatnsdalsa River (Daily)","mc.svm_UNDERTPhi",12,0.254597924869092,0.28434665136677,0.268651251255092
"DS09","Icelandic River - Flow of Vatnsdalsa River (Daily)","mc.svm_UNDERTPhi",13,0.254334221565804,0.268643508466463,0.261293105541258
"DS09","Icelandic River - Flow of Vatnsdalsa River (Daily)","mc.svm_UNDERTPhi",14,0.243506380863815,0.266027743045463,0.254269340869125
"DS09","Icelandic River - Flow of Vatnsdalsa River (Daily)","mc.svm_UNDERTPhi",15,0.271016571539668,0.277644946396569,0.274290720299643
"DS09","Icelandic River - Flow of Vatnsdalsa River (Daily)","mc.svm_UNDERTPhi",16,0.248708358061657,0.265687330387464,0.256917626575274
"DS09","Icelandic River - Flow of Vatnsdalsa River (Daily)","mc.svm_UNDERTPhi",17,0.260105888085231,0.263927672186851,0.262002843973525
"DS09","Icelandic River - Flow of Vatnsdalsa River (Daily)","mc.svm_UNDERTPhi",18,0.254961117964784,0.262877775146864,0.258858932116128
"DS09","Icelandic River - Flow of Vatnsdalsa River (Daily)","mc.svm_UNDERTPhi",19,0.249920446935542,0.256366335778299,0.25310235781191
"DS09","Icelandic River - Flow of Vatnsdalsa River (Daily)","mc.svm_UNDERTPhi",20,0.24665544934442,0.257286379329109,0.25185878167987
"DS09","Icelandic River - Flow of Vatnsdalsa River (Daily)","mc.svm_UNDERTPhi",21,0.239692937696841,0.261164693587094,0.249968568785163
"DS09","Icelandic River - Flow of Vatnsdalsa River (Daily)","mc.svm_UNDERTPhi",22,0.273098075477044,0.268699666242453,0.270881017330373
"DS09","Icelandic River - Flow of Vatnsdalsa River (Daily)","mc.svm_UNDERTPhi",23,0.264555791425302,0.280955353333545,0.27250906446353
"DS09","Icelandic River - Flow of Vatnsdalsa River (Daily)","mc.svm_UNDERTPhi",24,0.277865935466219,0.277557435606766,0.277711599861161
"DS09","Icelandic River - Flow of Vatnsdalsa River (Daily)","mc.svm_UNDERTPhi",25,0.252843543958183,0.288011336834636,0.269284089656939
"DS09","Icelandic River - Flow of Vatnsdalsa River (Daily)","mc.svm_UNDERTPhi",26,0.233707227393511,0.252246176079344,0.242623074602715
"DS09","Icelandic River - Flow of Vatnsdalsa River (Daily)","mc.svm_UNDERTPhi",27,0.213585912975606,0.245179829985816,0.228294979013409
"DS09","Icelandic River - Flow of Vatnsdalsa River (Daily)","mc.svm_UNDERTPhi",28,0.225387551499566,0.260622268116563,0.241727687409492
"DS09","Icelandic River - Flow of Vatnsdalsa River (Daily)","mc.svm_UNDERTPhi",29,0.197237692516853,0.216985676641318,0.206640944748818
"DS09","Icelandic River - Flow of Vatnsdalsa River (Daily)","mc.svm_UNDERTPhi",30,0.219213827989374,0.248644618555021,0.233003546457216
"DS09","Icelandic River - Flow of Vatnsdalsa River (Daily)","mc.svm_UNDERTPhi",31,0.196939514224595,0.25473588526924,0.222139888763993
"DS09","Icelandic River - Flow of Vatnsdalsa River (Daily)","mc.svm_UNDERTPhi",32,0.225803468931352,0.220810904406932,0.223279281498576
"DS09","Icelandic River - Flow of Vatnsdalsa River (Daily)","mc.svm_UNDERTPhi",33,0.188078864316326,0.225313141732565,0.205019154664507
"DS09","Icelandic River - Flow of Vatnsdalsa River (Daily)","mc.svm_UNDERTPhi",34,0.172015141493999,0.209136090655754,0.188767980744803
"DS09","Icelandic River - Flow of Vatnsdalsa River (Daily)","mc.svm_UNDERTPhi",35,0.205906534392683,0.238509679124083,0.221012195117395
"DS09","Icelandic River - Flow of Vatnsdalsa River (Daily)","mc.svm_UNDERTPhi",36,0.166797284341107,0.222993247885258,0.190844389991823
"DS09","Icelandic River - Flow of Vatnsdalsa River (Daily)","mc.svm_UNDERTPhi",37,0.170758604177502,0.22121359124734,0.192738793758299
"DS09","Icelandic River - Flow of Vatnsdalsa River (Daily)","mc.svm_UNDERTPhi",38,0.179915392162522,0.24805886794745,0.208562115369689
"DS09","Icelandic River - Flow of Vatnsdalsa River (Daily)","mc.svm_UNDERTPhi",39,0.221380187119718,0.247812444055535,0.233851776820073
"DS09","Icelandic River - Flow of Vatnsdalsa River (Daily)","mc.svm_UNDERTPhi",40,0.229333009335001,0.235631292731959,0.232439493593359
"DS09","Icelandic River - Flow of Vatnsdalsa River (Daily)","mc.svm_UNDERTPhi",41,0.197570455441135,0.235335114364243,0.214805578718416
"DS09","Icelandic River - Flow of Vatnsdalsa River (Daily)","mc.svm_UNDERTPhi",42,0.221026468040598,0.237208645156856,0.228831826796841
"DS09","Icelandic River - Flow of Vatnsdalsa River (Daily)","mc.svm_UNDERTPhi",43,0.238004690833137,0.259042184372979,0.24807823197305
"DS09","Icelandic River - Flow of Vatnsdalsa River (Daily)","mc.svm_UNDERTPhi",44,0.249795062197727,0.267671269301634,0.258424393216117
"DS09","Icelandic River - Flow of Vatnsdalsa River (Daily)","mc.svm_UNDERTPhi",45,0.24357033894559,0.269770269177124,0.256001706707791
"DS09","Icelandic River - Flow of Vatnsdalsa River (Daily)","mc.svm_UNDERTPhi",46,0.232921674069419,0.262275913690344,0.246728766031381
"DS09","Icelandic River - Flow of Vatnsdalsa River (Daily)","mc.svm_UNDERTPhi",47,0.247965527003172,0.263815982975354,0.255645301656515
"DS09","Icelandic River - Flow of Vatnsdalsa River (Daily)","mc.svm_UNDERTPhi",48,0.235957004795779,0.217557570829822,0.226384048242936
"DS09","Icelandic River - Flow of Vatnsdalsa River (Daily)","mc.svm_UNDERTPhi",49,0.20472020170749,0.21789155354579,0.211100624806419
"DS09","Icelandic River - Flow of Vatnsdalsa River (Daily)","mc.svm_UNDERTPhi",50,0.261242345306683,0.254126851450194,0.257635478006926
"DS09","Icelandic River - Flow of Vatnsdalsa River (Daily)","mc.svm_OVERB",1,0.231467346533929,0.362264234728053,0.282458753426651
"DS09","Icelandic River - Flow of Vatnsdalsa River (Daily)","mc.svm_OVERB",2,0.280854569184276,0.341497249952647,0.308221363106402
"DS09","Icelandic River - Flow of Vatnsdalsa River (Daily)","mc.svm_OVERB",3,0.191861810904808,0.252041987769303,0.217872576634412
"DS09","Icelandic River - Flow of Vatnsdalsa River (Daily)","mc.svm_OVERB",4,0.225878323900939,0.257107601313105,0.240483339223842
"DS09","Icelandic River - Flow of Vatnsdalsa River (Daily)","mc.svm_OVERB",5,0.184959812942967,0.24451424981858,0.210607875211521
"DS09","Icelandic River - Flow of Vatnsdalsa River (Daily)","mc.svm_OVERB",6,0.249628849252842,0.287248050329766,0.267120452787926
"DS09","Icelandic River - Flow of Vatnsdalsa River (Daily)","mc.svm_OVERB",7,0.267575209051545,0.294655399935111,0.28046313728065
"DS09","Icelandic River - Flow of Vatnsdalsa River (Daily)","mc.svm_OVERB",8,0.275495280041816,0.292379859887358,0.28368655612676
"DS09","Icelandic River - Flow of Vatnsdalsa River (Daily)","mc.svm_OVERB",9,0.2590650425042,0.267244329149881,0.263091129358511
"DS09","Icelandic River - Flow of Vatnsdalsa River (Daily)","mc.svm_OVERB",10,0.283004000908617,0.308197245953039,0.295063835324208
"DS09","Icelandic River - Flow of Vatnsdalsa River (Daily)","mc.svm_OVERB",11,0.274102400433674,0.283583912874858,0.278762556614398
"DS09","Icelandic River - Flow of Vatnsdalsa River (Daily)","mc.svm_OVERB",12,0.274908590278496,0.293095557917657,0.28371090915416
"DS09","Icelandic River - Flow of Vatnsdalsa River (Daily)","mc.svm_OVERB",13,0.261862502428811,0.28985214139061,0.27514733541761
"DS09","Icelandic River - Flow of Vatnsdalsa River (Daily)","mc.svm_OVERB",14,0.269982830538047,0.296996260132321,0.282846024797608
"DS09","Icelandic River - Flow of Vatnsdalsa River (Daily)","mc.svm_OVERB",15,0.325227249037021,0.30140969796394,0.312865838412625
"DS09","Icelandic River - Flow of Vatnsdalsa River (Daily)","mc.svm_OVERB",16,0.253878473713851,0.275016496256408,0.264025079760672
"DS09","Icelandic River - Flow of Vatnsdalsa River (Daily)","mc.svm_OVERB",17,0.28180597036515,0.299602260962186,0.290431752853899
"DS09","Icelandic River - Flow of Vatnsdalsa River (Daily)","mc.svm_OVERB",18,0.269197326947569,0.288347471029,0.278443521362961
"DS09","Icelandic River - Flow of Vatnsdalsa River (Daily)","mc.svm_OVERB",19,0.276495597362675,0.287595415028151,0.281936298683238
"DS09","Icelandic River - Flow of Vatnsdalsa River (Daily)","mc.svm_OVERB",20,0.243319611952724,0.279204566466018,0.260029868755652
"DS09","Icelandic River - Flow of Vatnsdalsa River (Daily)","mc.svm_OVERB",21,0.249055879852248,0.275575560478745,0.261645446325172
"DS09","Icelandic River - Flow of Vatnsdalsa River (Daily)","mc.svm_OVERB",22,0.197007192765736,0.270866295474874,0.228106998270083
"DS09","Icelandic River - Flow of Vatnsdalsa River (Daily)","mc.svm_OVERB",23,0.282887804151629,0.283455560772929,0.283171397875577
"DS09","Icelandic River - Flow of Vatnsdalsa River (Daily)","mc.svm_OVERB",24,0.252519357899018,0.27487021272437,0.263221168900553
"DS09","Icelandic River - Flow of Vatnsdalsa River (Daily)","mc.svm_OVERB",25,0.257624396373082,0.285946035290652,0.271047394949556
"DS09","Icelandic River - Flow of Vatnsdalsa River (Daily)","mc.svm_OVERB",26,0.253012694726057,0.266537458596684,0.259599040491824
"DS09","Icelandic River - Flow of Vatnsdalsa River (Daily)","mc.svm_OVERB",27,0.217377211514896,0.255861006549414,0.235054355358712
"DS09","Icelandic River - Flow of Vatnsdalsa River (Daily)","mc.svm_OVERB",28,0.257885985382346,0.270938678795847,0.264251245800117
"DS09","Icelandic River - Flow of Vatnsdalsa River (Daily)","mc.svm_OVERB",29,0.26581807975454,0.269051218262452,0.267424877289825
"DS09","Icelandic River - Flow of Vatnsdalsa River (Daily)","mc.svm_OVERB",30,0.277355949421284,0.265708966982603,0.271407563188631
"DS09","Icelandic River - Flow of Vatnsdalsa River (Daily)","mc.svm_OVERB",31,0.238972017083092,0.243891205323924,0.241406553990797
"DS09","Icelandic River - Flow of Vatnsdalsa River (Daily)","mc.svm_OVERB",32,0.234243510279564,0.255413089451077,0.24437068213634
"DS09","Icelandic River - Flow of Vatnsdalsa River (Daily)","mc.svm_OVERB",33,0.262726204744606,0.263403154064059,0.263064243902708
"DS09","Icelandic River - Flow of Vatnsdalsa River (Daily)","mc.svm_OVERB",34,0.203481959741575,0.224280700772733,0.213375690484901
"DS09","Icelandic River - Flow of Vatnsdalsa River (Daily)","mc.svm_OVERB",35,0.238327065238163,0.268798369179004,0.25264726286451
"DS09","Icelandic River - Flow of Vatnsdalsa River (Daily)","mc.svm_OVERB",36,0.218466171496772,0.25371529920491,0.23477503251064
"DS09","Icelandic River - Flow of Vatnsdalsa River (Daily)","mc.svm_OVERB",37,0.202742939796246,0.254638698202211,0.225746702405134
"DS09","Icelandic River - Flow of Vatnsdalsa River (Daily)","mc.svm_OVERB",38,0.211607662782147,0.267990091778937,0.236484664203703
"DS09","Icelandic River - Flow of Vatnsdalsa River (Daily)","mc.svm_OVERB",39,0.217699247485087,0.231200515380976,0.224246846980938
"DS09","Icelandic River - Flow of Vatnsdalsa River (Daily)","mc.svm_OVERB",40,0.215508160284129,0.240954477959423,0.227522044113285
"DS09","Icelandic River - Flow of Vatnsdalsa River (Daily)","mc.svm_OVERB",41,0.220881518443089,0.244780590069277,0.232217770918165
"DS09","Icelandic River - Flow of Vatnsdalsa River (Daily)","mc.svm_OVERB",42,0.23394578200586,0.25896863720074,0.245822065592792
"DS09","Icelandic River - Flow of Vatnsdalsa River (Daily)","mc.svm_OVERB",43,0.215916745648672,0.248242041081743,0.230953782093043
"DS09","Icelandic River - Flow of Vatnsdalsa River (Daily)","mc.svm_OVERB",44,0.233323189842067,0.259645651460683,0.245781666311128
"DS09","Icelandic River - Flow of Vatnsdalsa River (Daily)","mc.svm_OVERB",45,0.255703298947735,0.288795807935644,0.271243937328393
"DS09","Icelandic River - Flow of Vatnsdalsa River (Daily)","mc.svm_OVERB",46,0.228190015010027,0.240084484234584,0.233986186091874
"DS09","Icelandic River - Flow of Vatnsdalsa River (Daily)","mc.svm_OVERB",47,0.279989683470452,0.284971493252555,0.282458623640981
"DS09","Icelandic River - Flow of Vatnsdalsa River (Daily)","mc.svm_OVERB",48,0.246161980011304,0.243369389958553,0.24475771965351
"DS09","Icelandic River - Flow of Vatnsdalsa River (Daily)","mc.svm_OVERB",49,0.248932631205862,0.262912107335268,0.255731465918301
"DS09","Icelandic River - Flow of Vatnsdalsa River (Daily)","mc.svm_OVERB",50,0.263436250020518,0.251288981147402,0.257219280720871
"DS09","Icelandic River - Flow of Vatnsdalsa River (Daily)","mc.svm_OVERT",1,0.315265590320053,0.371578103788741,0.341113389394845
"DS09","Icelandic River - Flow of Vatnsdalsa River (Daily)","mc.svm_OVERT",2,0.343493052322909,0.363537934799951,0.353231349499263
"DS09","Icelandic River - Flow of Vatnsdalsa River (Daily)","mc.svm_OVERT",3,0.240730595634034,0.29153062233316,0.263706383222337
"DS09","Icelandic River - Flow of Vatnsdalsa River (Daily)","mc.svm_OVERT",4,0.298099035892121,0.298770882302158,0.29843458097656
"DS09","Icelandic River - Flow of Vatnsdalsa River (Daily)","mc.svm_OVERT",5,0.239500625908836,0.261724296347412,0.250119776600847
"DS09","Icelandic River - Flow of Vatnsdalsa River (Daily)","mc.svm_OVERT",6,0.250556421208478,0.280269539343965,0.264581380604255
"DS09","Icelandic River - Flow of Vatnsdalsa River (Daily)","mc.svm_OVERT",7,0.282448109461692,0.298454529200351,0.290230795739116
"DS09","Icelandic River - Flow of Vatnsdalsa River (Daily)","mc.svm_OVERT",8,0.260054891648265,0.270460731330007,0.265155758415869
"DS09","Icelandic River - Flow of Vatnsdalsa River (Daily)","mc.svm_OVERT",9,0.282745831776119,0.290954029887444,0.286791211525105
"DS09","Icelandic River - Flow of Vatnsdalsa River (Daily)","mc.svm_OVERT",10,0.264103453839423,0.296352577255676,0.27930019435961
"DS09","Icelandic River - Flow of Vatnsdalsa River (Daily)","mc.svm_OVERT",11,0.255913590008521,0.280974016021975,0.267858927386791
"DS09","Icelandic River - Flow of Vatnsdalsa River (Daily)","mc.svm_OVERT",12,0.257900551203237,0.287192468674864,0.271759473233502
"DS09","Icelandic River - Flow of Vatnsdalsa River (Daily)","mc.svm_OVERT",13,0.276379349274341,0.292647679946015,0.284280960997386
"DS09","Icelandic River - Flow of Vatnsdalsa River (Daily)","mc.svm_OVERT",14,0.292502396878173,0.281621799823693,0.286958995753148
"DS09","Icelandic River - Flow of Vatnsdalsa River (Daily)","mc.svm_OVERT",15,0.283796944759875,0.28780291010468,0.285785889851436
"DS09","Icelandic River - Flow of Vatnsdalsa River (Daily)","mc.svm_OVERT",16,0.294301325465031,0.316686995132351,0.305084072094415
"DS09","Icelandic River - Flow of Vatnsdalsa River (Daily)","mc.svm_OVERT",17,0.291705452541225,0.295250850598185,0.293467443917947
"DS09","Icelandic River - Flow of Vatnsdalsa River (Daily)","mc.svm_OVERT",18,0.266647214191997,0.279741425354326,0.273037418299052
"DS09","Icelandic River - Flow of Vatnsdalsa River (Daily)","mc.svm_OVERT",19,0.279626096399387,0.28689904093077,0.283215884309283
"DS09","Icelandic River - Flow of Vatnsdalsa River (Daily)","mc.svm_OVERT",20,0.26730613051153,0.263350965521653,0.265313808432203
"DS09","Icelandic River - Flow of Vatnsdalsa River (Daily)","mc.svm_OVERT",21,0.241911336610419,0.275508275176238,0.25761905260984
"DS09","Icelandic River - Flow of Vatnsdalsa River (Daily)","mc.svm_OVERT",22,0.282263461340959,0.291167451740498,0.286646327859987
"DS09","Icelandic River - Flow of Vatnsdalsa River (Daily)","mc.svm_OVERT",23,0.312129919369988,0.302466617260669,0.307222300259791
"DS09","Icelandic River - Flow of Vatnsdalsa River (Daily)","mc.svm_OVERT",24,0.273821037406149,0.285573912154058,0.279574010968937
"DS09","Icelandic River - Flow of Vatnsdalsa River (Daily)","mc.svm_OVERT",25,0.265223445526449,0.275777479686748,0.270397516722529
"DS09","Icelandic River - Flow of Vatnsdalsa River (Daily)","mc.svm_OVERT",26,0.261510436297777,0.263846105306416,0.262673078756994
"DS09","Icelandic River - Flow of Vatnsdalsa River (Daily)","mc.svm_OVERT",27,0.26197014667167,0.243603677425327,0.252453303803274
"DS09","Icelandic River - Flow of Vatnsdalsa River (Daily)","mc.svm_OVERT",28,0.230855992521656,0.22506898470511,0.227925761672393
"DS09","Icelandic River - Flow of Vatnsdalsa River (Daily)","mc.svm_OVERT",29,0.238935835797043,0.221625948538505,0.229955602264123
"DS09","Icelandic River - Flow of Vatnsdalsa River (Daily)","mc.svm_OVERT",30,0.231968184973035,0.261944722125751,0.246046786311755
"DS09","Icelandic River - Flow of Vatnsdalsa River (Daily)","mc.svm_OVERT",31,0.260089011685,0.268556625583972,0.264255003372156
"DS09","Icelandic River - Flow of Vatnsdalsa River (Daily)","mc.svm_OVERT",32,0.213990090026461,0.24560713780576,0.228711098968519
"DS09","Icelandic River - Flow of Vatnsdalsa River (Daily)","mc.svm_OVERT",33,0.212213233068319,0.222565695942298,0.217266213951514
"DS09","Icelandic River - Flow of Vatnsdalsa River (Daily)","mc.svm_OVERT",34,0.18407993855919,0.211866336206921,0.196998151705145
"DS09","Icelandic River - Flow of Vatnsdalsa River (Daily)","mc.svm_OVERT",35,0.21794588435192,0.25670791501205,0.235744172415386
"DS09","Icelandic River - Flow of Vatnsdalsa River (Daily)","mc.svm_OVERT",36,0.200281676646678,0.242324582858496,0.219306314383649
"DS09","Icelandic River - Flow of Vatnsdalsa River (Daily)","mc.svm_OVERT",37,0.17829471554498,0.221589789460335,0.197598496490767
"DS09","Icelandic River - Flow of Vatnsdalsa River (Daily)","mc.svm_OVERT",38,0.170271218605179,0.252379748923688,0.203349859349703
"DS09","Icelandic River - Flow of Vatnsdalsa River (Daily)","mc.svm_OVERT",39,0.233027471773282,0.253364934943622,0.242771019491997
"DS09","Icelandic River - Flow of Vatnsdalsa River (Daily)","mc.svm_OVERT",40,0.254209501872753,0.278200029647217,0.265664255693182
"DS09","Icelandic River - Flow of Vatnsdalsa River (Daily)","mc.svm_OVERT",41,0.247950391125338,0.265232730095943,0.256300554118081
"DS09","Icelandic River - Flow of Vatnsdalsa River (Daily)","mc.svm_OVERT",42,0.232998033688994,0.261557249113006,0.24645303309734
"DS09","Icelandic River - Flow of Vatnsdalsa River (Daily)","mc.svm_OVERT",43,0.248467012062542,0.267353572949345,0.257564530633991
"DS09","Icelandic River - Flow of Vatnsdalsa River (Daily)","mc.svm_OVERT",44,0.241411361114163,0.265816680530711,0.253026888835518
"DS09","Icelandic River - Flow of Vatnsdalsa River (Daily)","mc.svm_OVERT",45,0.235982071832672,0.260182785545896,0.24749222713075
"DS09","Icelandic River - Flow of Vatnsdalsa River (Daily)","mc.svm_OVERT",46,0.231330278638478,0.246426702668669,0.238639978159339
"DS09","Icelandic River - Flow of Vatnsdalsa River (Daily)","mc.svm_OVERT",47,0.232462374428154,0.266887987964934,0.248488516525166
"DS09","Icelandic River - Flow of Vatnsdalsa River (Daily)","mc.svm_OVERT",48,0.233644895438378,0.24944351076488,0.241285869178656
"DS09","Icelandic River - Flow of Vatnsdalsa River (Daily)","mc.svm_OVERT",49,0.245512958567868,0.248750497795357,0.247121124868627
"DS09","Icelandic River - Flow of Vatnsdalsa River (Daily)","mc.svm_OVERT",50,0.232747511482437,0.251629780233867,0.241820606233567
"DS09","Icelandic River - Flow of Vatnsdalsa River (Daily)","mc.svm_OVERTPhi",1,0.229763401769046,0.345564088107943,0.276009687734113
"DS09","Icelandic River - Flow of Vatnsdalsa River (Daily)","mc.svm_OVERTPhi",2,0.270749555651151,0.342732208523184,0.302517853289018
"DS09","Icelandic River - Flow of Vatnsdalsa River (Daily)","mc.svm_OVERTPhi",3,0.303750694259592,0.313792378402459,0.308689893912149
"DS09","Icelandic River - Flow of Vatnsdalsa River (Daily)","mc.svm_OVERTPhi",4,0.291103443776336,0.299693932046184,0.295336232920992
"DS09","Icelandic River - Flow of Vatnsdalsa River (Daily)","mc.svm_OVERTPhi",5,0.231427390256208,0.254301935834741,0.242326045334624
"DS09","Icelandic River - Flow of Vatnsdalsa River (Daily)","mc.svm_OVERTPhi",6,0.214555265254551,0.262622378887939,0.236167871046604
"DS09","Icelandic River - Flow of Vatnsdalsa River (Daily)","mc.svm_OVERTPhi",7,0.254673365623183,0.282566641069621,0.267895899774965
"DS09","Icelandic River - Flow of Vatnsdalsa River (Daily)","mc.svm_OVERTPhi",8,0.286490759445529,0.283355691203553,0.284914601376045
"DS09","Icelandic River - Flow of Vatnsdalsa River (Daily)","mc.svm_OVERTPhi",9,0.262314987743761,0.285743686401751,0.273528565944863
"DS09","Icelandic River - Flow of Vatnsdalsa River (Daily)","mc.svm_OVERTPhi",10,0.282458911782625,0.297063911489712,0.28957737572949
"DS09","Icelandic River - Flow of Vatnsdalsa River (Daily)","mc.svm_OVERTPhi",11,0.26820561094121,0.282905397771455,0.275359460610664
"DS09","Icelandic River - Flow of Vatnsdalsa River (Daily)","mc.svm_OVERTPhi",12,0.215253538016478,0.259420611124743,0.235282264602046
"DS09","Icelandic River - Flow of Vatnsdalsa River (Daily)","mc.svm_OVERTPhi",13,0.275703301859444,0.274949512175863,0.275325891085588
"DS09","Icelandic River - Flow of Vatnsdalsa River (Daily)","mc.svm_OVERTPhi",14,0.272116907299131,0.270715776448396,0.27141453361155
"DS09","Icelandic River - Flow of Vatnsdalsa River (Daily)","mc.svm_OVERTPhi",15,0.281421220442904,0.29646442688618,0.288747025359859
"DS09","Icelandic River - Flow of Vatnsdalsa River (Daily)","mc.svm_OVERTPhi",16,0.284564090285587,0.309499519457545,0.296508480754593
"DS09","Icelandic River - Flow of Vatnsdalsa River (Daily)","mc.svm_OVERTPhi",17,0.281416177239111,0.29030502836518,0.285791502973797
"DS09","Icelandic River - Flow of Vatnsdalsa River (Daily)","mc.svm_OVERTPhi",18,0.251269219079319,0.269836778184078,0.260222207724552
"DS09","Icelandic River - Flow of Vatnsdalsa River (Daily)","mc.svm_OVERTPhi",19,0.304144568031182,0.293762225586768,0.298863254803747
"DS09","Icelandic River - Flow of Vatnsdalsa River (Daily)","mc.svm_OVERTPhi",20,0.27280894023572,0.256431292935365,0.26436670866766
"DS09","Icelandic River - Flow of Vatnsdalsa River (Daily)","mc.svm_OVERTPhi",21,0.246127613254745,0.276020003562803,0.260218154787509
"DS09","Icelandic River - Flow of Vatnsdalsa River (Daily)","mc.svm_OVERTPhi",22,0.296778288107552,0.301297083873581,0.299020614968977
"DS09","Icelandic River - Flow of Vatnsdalsa River (Daily)","mc.svm_OVERTPhi",23,0.288056633697804,0.290992964124188,0.289517353921477
"DS09","Icelandic River - Flow of Vatnsdalsa River (Daily)","mc.svm_OVERTPhi",24,0.294168284059351,0.302053093067545,0.298058551710024
"DS09","Icelandic River - Flow of Vatnsdalsa River (Daily)","mc.svm_OVERTPhi",25,0.273637631965979,0.288334631954172,0.280793950047799
"DS09","Icelandic River - Flow of Vatnsdalsa River (Daily)","mc.svm_OVERTPhi",26,0.273690222863126,0.282162239677331,0.277861668212819
"DS09","Icelandic River - Flow of Vatnsdalsa River (Daily)","mc.svm_OVERTPhi",27,0.259501049656727,0.253241505412844,0.256333069379686
"DS09","Icelandic River - Flow of Vatnsdalsa River (Daily)","mc.svm_OVERTPhi",28,0.23897004823646,0.243060817575152,0.240998074687724
"DS09","Icelandic River - Flow of Vatnsdalsa River (Daily)","mc.svm_OVERTPhi",29,0.233474310231564,0.227487495856964,0.230442025694902
"DS09","Icelandic River - Flow of Vatnsdalsa River (Daily)","mc.svm_OVERTPhi",30,0.217348271677943,0.245504985803951,0.230570201204186
"DS09","Icelandic River - Flow of Vatnsdalsa River (Daily)","mc.svm_OVERTPhi",31,0.271206122151522,0.277464015613858,0.274299381474272
"DS09","Icelandic River - Flow of Vatnsdalsa River (Daily)","mc.svm_OVERTPhi",32,0.224620590946506,0.251813729655876,0.237441117559421
"DS09","Icelandic River - Flow of Vatnsdalsa River (Daily)","mc.svm_OVERTPhi",33,0.211872106264604,0.224274459704112,0.217896945047939
"DS09","Icelandic River - Flow of Vatnsdalsa River (Daily)","mc.svm_OVERTPhi",34,0.178753811104327,0.187026368937624,0.182796543108323
"DS09","Icelandic River - Flow of Vatnsdalsa River (Daily)","mc.svm_OVERTPhi",35,0.234357209526274,0.259286910967474,0.246192568282779
"DS09","Icelandic River - Flow of Vatnsdalsa River (Daily)","mc.svm_OVERTPhi",36,0.231978023048685,0.266516549208779,0.248050773813754
"DS09","Icelandic River - Flow of Vatnsdalsa River (Daily)","mc.svm_OVERTPhi",37,0.17269282830937,0.21441505900023,0.191305546514251
"DS09","Icelandic River - Flow of Vatnsdalsa River (Daily)","mc.svm_OVERTPhi",38,0.190493673732917,0.248474913184626,0.215655062588331
"DS09","Icelandic River - Flow of Vatnsdalsa River (Daily)","mc.svm_OVERTPhi",39,0.230642327437059,0.264121323317077,0.246249119727183
"DS09","Icelandic River - Flow of Vatnsdalsa River (Daily)","mc.svm_OVERTPhi",40,0.262539611594177,0.280187287780808,0.271076527779672
"DS09","Icelandic River - Flow of Vatnsdalsa River (Daily)","mc.svm_OVERTPhi",41,0.250573387266624,0.263652841943825,0.256946775234598
"DS09","Icelandic River - Flow of Vatnsdalsa River (Daily)","mc.svm_OVERTPhi",42,0.237853902885658,0.262996331247263,0.249794048474656
"DS09","Icelandic River - Flow of Vatnsdalsa River (Daily)","mc.svm_OVERTPhi",43,0.233981304037428,0.261494186439386,0.246973874257286
"DS09","Icelandic River - Flow of Vatnsdalsa River (Daily)","mc.svm_OVERTPhi",44,0.232291414880371,0.255315549990746,0.243259898323997
"DS09","Icelandic River - Flow of Vatnsdalsa River (Daily)","mc.svm_OVERTPhi",45,0.261967105566261,0.275084975082771,0.268365833794412
"DS09","Icelandic River - Flow of Vatnsdalsa River (Daily)","mc.svm_OVERTPhi",46,0.211371416278138,0.240806621445364,0.225130954525412
"DS09","Icelandic River - Flow of Vatnsdalsa River (Daily)","mc.svm_OVERTPhi",47,0.236769283056602,0.26561465456297,0.250363861664001
"DS09","Icelandic River - Flow of Vatnsdalsa River (Daily)","mc.svm_OVERTPhi",48,0.236860914240726,0.241649357603726,0.239231176990527
"DS09","Icelandic River - Flow of Vatnsdalsa River (Daily)","mc.svm_OVERTPhi",49,0.214570653578129,0.24080656334627,0.226932836175203
"DS09","Icelandic River - Flow of Vatnsdalsa River (Daily)","mc.svm_OVERTPhi",50,0.240927993487868,0.249693072504082,0.245232237733617
"DS09","Icelandic River - Flow of Vatnsdalsa River (Daily)","mc.svm_SMOTEB",1,0.43486930290538,0.388072062663559,0.41014010093145
"DS09","Icelandic River - Flow of Vatnsdalsa River (Daily)","mc.svm_SMOTEB",2,0.343035934056889,0.345959122928397,0.344491327408113
"DS09","Icelandic River - Flow of Vatnsdalsa River (Daily)","mc.svm_SMOTEB",3,0.246547656307849,0.299812961720754,0.270583862027541
"DS09","Icelandic River - Flow of Vatnsdalsa River (Daily)","mc.svm_SMOTEB",4,0.23167413369538,0.280943379981699,0.25394104742084
"DS09","Icelandic River - Flow of Vatnsdalsa River (Daily)","mc.svm_SMOTEB",5,0.215450179562478,0.258400221391973,0.234978693637261
"DS09","Icelandic River - Flow of Vatnsdalsa River (Daily)","mc.svm_SMOTEB",6,0.284443380044241,0.297514471388754,0.290832133789457
"DS09","Icelandic River - Flow of Vatnsdalsa River (Daily)","mc.svm_SMOTEB",7,0.251171744583596,0.264111209295825,0.25747901304897
"DS09","Icelandic River - Flow of Vatnsdalsa River (Daily)","mc.svm_SMOTEB",8,0.276213310798253,0.271623335853381,0.273899095084951
"DS09","Icelandic River - Flow of Vatnsdalsa River (Daily)","mc.svm_SMOTEB",9,0.29139459613774,0.297520028274913,0.294425456214548
"DS09","Icelandic River - Flow of Vatnsdalsa River (Daily)","mc.svm_SMOTEB",10,0.29195038999468,0.313103312386496,0.302157093825289
"DS09","Icelandic River - Flow of Vatnsdalsa River (Daily)","mc.svm_SMOTEB",11,0.245699800881804,0.274419040048852,0.259266529847428
"DS09","Icelandic River - Flow of Vatnsdalsa River (Daily)","mc.svm_SMOTEB",12,0.288304103360027,0.29327822669562,0.29076989383226
"DS09","Icelandic River - Flow of Vatnsdalsa River (Daily)","mc.svm_SMOTEB",13,0.258384270426544,0.272401203918001,0.265207658233605
"DS09","Icelandic River - Flow of Vatnsdalsa River (Daily)","mc.svm_SMOTEB",14,0.229142583327924,0.253092615188584,0.240522864543854
"DS09","Icelandic River - Flow of Vatnsdalsa River (Daily)","mc.svm_SMOTEB",15,0.309231977130747,0.310379483483783,0.309804667729412
"DS09","Icelandic River - Flow of Vatnsdalsa River (Daily)","mc.svm_SMOTEB",16,0.299293356325973,0.27645617375007,0.287421845078246
"DS09","Icelandic River - Flow of Vatnsdalsa River (Daily)","mc.svm_SMOTEB",17,0.265203169419219,0.267812263425314,0.266501330705162
"DS09","Icelandic River - Flow of Vatnsdalsa River (Daily)","mc.svm_SMOTEB",18,0.293551012221836,0.277174091309294,0.285127584408324
"DS09","Icelandic River - Flow of Vatnsdalsa River (Daily)","mc.svm_SMOTEB",19,0.26490282103357,0.283829544847381,0.27403977529934
"DS09","Icelandic River - Flow of Vatnsdalsa River (Daily)","mc.svm_SMOTEB",20,0.272372478849213,0.261662248381585,0.266909965134719
"DS09","Icelandic River - Flow of Vatnsdalsa River (Daily)","mc.svm_SMOTEB",21,0.298273013978662,0.287011529672059,0.292533930480827
"DS09","Icelandic River - Flow of Vatnsdalsa River (Daily)","mc.svm_SMOTEB",22,0.272843048201857,0.278647766938948,0.275714858775489
"DS09","Icelandic River - Flow of Vatnsdalsa River (Daily)","mc.svm_SMOTEB",23,0.263440509503079,0.260515076605066,0.261969626180899
"DS09","Icelandic River - Flow of Vatnsdalsa River (Daily)","mc.svm_SMOTEB",24,0.310451752362648,0.299282954770462,0.304765061505601
"DS09","Icelandic River - Flow of Vatnsdalsa River (Daily)","mc.svm_SMOTEB",25,0.229577848713362,0.246911473173294,0.237929381541338
"DS09","Icelandic River - Flow of Vatnsdalsa River (Daily)","mc.svm_SMOTEB",26,0.256832261732357,0.25895851292405,0.257891004791376
"DS09","Icelandic River - Flow of Vatnsdalsa River (Daily)","mc.svm_SMOTEB",27,0.250374045516947,0.249615154152649,0.249994023906254
"DS09","Icelandic River - Flow of Vatnsdalsa River (Daily)","mc.svm_SMOTEB",28,0.255300445833992,0.253636994798754,0.254466001839478
"DS09","Icelandic River - Flow of Vatnsdalsa River (Daily)","mc.svm_SMOTEB",29,0.299869995059828,0.293343569386858,0.296570880960612
"DS09","Icelandic River - Flow of Vatnsdalsa River (Daily)","mc.svm_SMOTEB",30,0.272347007415555,0.27081382889592,0.271578254306453
"DS09","Icelandic River - Flow of Vatnsdalsa River (Daily)","mc.svm_SMOTEB",31,0.256266790862791,0.237555947089483,0.246556893930941
"DS09","Icelandic River - Flow of Vatnsdalsa River (Daily)","mc.svm_SMOTEB",32,0.268481338380589,0.282026464275972,0.275087263875881
"DS09","Icelandic River - Flow of Vatnsdalsa River (Daily)","mc.svm_SMOTEB",33,0.246905429783123,0.219390740900916,0.232336307171963
"DS09","Icelandic River - Flow of Vatnsdalsa River (Daily)","mc.svm_SMOTEB",34,0.196296778623978,0.202233350034564,0.199220848249257
"DS09","Icelandic River - Flow of Vatnsdalsa River (Daily)","mc.svm_SMOTEB",35,0.223691434114888,0.228190527863114,0.225918583719074
"DS09","Icelandic River - Flow of Vatnsdalsa River (Daily)","mc.svm_SMOTEB",36,0.231716790753147,0.251431669966709,0.24117199740877
"DS09","Icelandic River - Flow of Vatnsdalsa River (Daily)","mc.svm_SMOTEB",37,0.243049441441054,0.232414755159765,0.237613165525755
"DS09","Icelandic River - Flow of Vatnsdalsa River (Daily)","mc.svm_SMOTEB",38,0.265006374755656,0.290738731089881,0.27727681743581
"DS09","Icelandic River - Flow of Vatnsdalsa River (Daily)","mc.svm_SMOTEB",39,0.238609021349738,0.261910073646709,0.24971717154936
"DS09","Icelandic River - Flow of Vatnsdalsa River (Daily)","mc.svm_SMOTEB",40,0.250016168810379,0.278934521667584,0.263684845153598
"DS09","Icelandic River - Flow of Vatnsdalsa River (Daily)","mc.svm_SMOTEB",41,0.248068537892787,0.256750168740044,0.252334702047378
"DS09","Icelandic River - Flow of Vatnsdalsa River (Daily)","mc.svm_SMOTEB",42,0.24956637210918,0.269064958338981,0.258949128493035
"DS09","Icelandic River - Flow of Vatnsdalsa River (Daily)","mc.svm_SMOTEB",43,0.261583035641582,0.272259932030355,0.266814714501727
"DS09","Icelandic River - Flow of Vatnsdalsa River (Daily)","mc.svm_SMOTEB",44,0.273782610930987,0.283387705953098,0.278502367015805
"DS09","Icelandic River - Flow of Vatnsdalsa River (Daily)","mc.svm_SMOTEB",45,0.257038832098031,0.271410750304324,0.264029359092035
"DS09","Icelandic River - Flow of Vatnsdalsa River (Daily)","mc.svm_SMOTEB",46,0.26547100527719,0.27717200196902,0.271195349483317
"DS09","Icelandic River - Flow of Vatnsdalsa River (Daily)","mc.svm_SMOTEB",47,0.272273778181006,0.28059528042161,0.276371903803947
"DS09","Icelandic River - Flow of Vatnsdalsa River (Daily)","mc.svm_SMOTEB",48,0.269164263061672,0.262514482580198,0.265797787953368
"DS09","Icelandic River - Flow of Vatnsdalsa River (Daily)","mc.svm_SMOTEB",49,0.231284770973901,0.225434532645015,0.228322183184601
"DS09","Icelandic River - Flow of Vatnsdalsa River (Daily)","mc.svm_SMOTEB",50,0.224936145204875,0.244576995401542,0.234345758588812
"DS09","Icelandic River - Flow of Vatnsdalsa River (Daily)","mc.svm_SMOTET",1,0.33494278684506,0.370983748272065,0.352043234923461
"DS09","Icelandic River - Flow of Vatnsdalsa River (Daily)","mc.svm_SMOTET",2,0.330400180783232,0.348554919073979,0.33923482804429
"DS09","Icelandic River - Flow of Vatnsdalsa River (Daily)","mc.svm_SMOTET",3,0.301604251624941,0.292058836644037,0.296754804524971
"DS09","Icelandic River - Flow of Vatnsdalsa River (Daily)","mc.svm_SMOTET",4,0.23820314419844,0.258582910174553,0.247975005326195
"DS09","Icelandic River - Flow of Vatnsdalsa River (Daily)","mc.svm_SMOTET",5,0.263930421295004,0.270857426812571,0.267349061959772
"DS09","Icelandic River - Flow of Vatnsdalsa River (Daily)","mc.svm_SMOTET",6,0.238247782927201,0.23779683885575,0.238022097307973
"DS09","Icelandic River - Flow of Vatnsdalsa River (Daily)","mc.svm_SMOTET",7,0.240302985718143,0.242779155659989,0.241534724545154
"DS09","Icelandic River - Flow of Vatnsdalsa River (Daily)","mc.svm_SMOTET",8,0.281383758356153,0.269313615202114,0.275216410539265
"DS09","Icelandic River - Flow of Vatnsdalsa River (Daily)","mc.svm_SMOTET",9,0.287704520835525,0.262983197452392,0.274788967678689
"DS09","Icelandic River - Flow of Vatnsdalsa River (Daily)","mc.svm_SMOTET",10,0.345049246585881,0.305319652855506,0.323970953334768
"DS09","Icelandic River - Flow of Vatnsdalsa River (Daily)","mc.svm_SMOTET",11,0.295794542625159,0.273147998789052,0.284020552127997
"DS09","Icelandic River - Flow of Vatnsdalsa River (Daily)","mc.svm_SMOTET",12,0.275304566020954,0.265907175552282,0.270524284467589
"DS09","Icelandic River - Flow of Vatnsdalsa River (Daily)","mc.svm_SMOTET",13,0.270988357483875,0.255423815193485,0.262975986248595
"DS09","Icelandic River - Flow of Vatnsdalsa River (Daily)","mc.svm_SMOTET",14,0.284545263212694,0.260555991517212,0.272022757403651
"DS09","Icelandic River - Flow of Vatnsdalsa River (Daily)","mc.svm_SMOTET",15,0.289911322904173,0.27740923148407,0.283522522366919
"DS09","Icelandic River - Flow of Vatnsdalsa River (Daily)","mc.svm_SMOTET",16,0.283523416440914,0.265751378139706,0.274349886058686
"DS09","Icelandic River - Flow of Vatnsdalsa River (Daily)","mc.svm_SMOTET",17,0.292138827850679,0.264078906169425,0.277401087343385
"DS09","Icelandic River - Flow of Vatnsdalsa River (Daily)","mc.svm_SMOTET",18,0.294272414987885,0.263182692868385,0.277860604457365
"DS09","Icelandic River - Flow of Vatnsdalsa River (Daily)","mc.svm_SMOTET",19,0.269202054824321,0.248553043557754,0.258465789202947
"DS09","Icelandic River - Flow of Vatnsdalsa River (Daily)","mc.svm_SMOTET",20,0.267325904627738,0.240233110250234,0.253056419595341
"DS09","Icelandic River - Flow of Vatnsdalsa River (Daily)","mc.svm_SMOTET",21,0.285379381807283,0.257034966641779,0.270466591058385
"DS09","Icelandic River - Flow of Vatnsdalsa River (Daily)","mc.svm_SMOTET",22,0.282746304971735,0.250218945141273,0.265490037699903
"DS09","Icelandic River - Flow of Vatnsdalsa River (Daily)","mc.svm_SMOTET",23,0.284821702030632,0.270359801832274,0.277402393209223
"DS09","Icelandic River - Flow of Vatnsdalsa River (Daily)","mc.svm_SMOTET",24,0.263247258484451,0.251078703593291,0.257019031735261
"DS09","Icelandic River - Flow of Vatnsdalsa River (Daily)","mc.svm_SMOTET",25,0.274437182313587,0.28950103442647,0.28176791643646
"DS09","Icelandic River - Flow of Vatnsdalsa River (Daily)","mc.svm_SMOTET",26,0.270968706043376,0.21997796147266,0.242825331231561
"DS09","Icelandic River - Flow of Vatnsdalsa River (Daily)","mc.svm_SMOTET",27,0.230059059566717,0.222238341967447,0.226081086379336
"DS09","Icelandic River - Flow of Vatnsdalsa River (Daily)","mc.svm_SMOTET",28,0.258669745206421,0.232316675476373,0.24478597664313
"DS09","Icelandic River - Flow of Vatnsdalsa River (Daily)","mc.svm_SMOTET",29,0.238136448578942,0.218099240746016,0.227677842151568
"DS09","Icelandic River - Flow of Vatnsdalsa River (Daily)","mc.svm_SMOTET",30,0.26573518055255,0.247711277596855,0.256406875662774
"DS09","Icelandic River - Flow of Vatnsdalsa River (Daily)","mc.svm_SMOTET",31,0.285516078107453,0.2285590418356,0.253882277936838
"DS09","Icelandic River - Flow of Vatnsdalsa River (Daily)","mc.svm_SMOTET",32,0.246373875092991,0.223354093747445,0.234299923550578
"DS09","Icelandic River - Flow of Vatnsdalsa River (Daily)","mc.svm_SMOTET",33,0.227081331050542,0.199638248342959,0.212477333366102
"DS09","Icelandic River - Flow of Vatnsdalsa River (Daily)","mc.svm_SMOTET",34,0.217437332131977,0.202520315066469,0.2097138952194
"DS09","Icelandic River - Flow of Vatnsdalsa River (Daily)","mc.svm_SMOTET",35,0.250572795806808,0.246227763988833,0.248381279011924
"DS09","Icelandic River - Flow of Vatnsdalsa River (Daily)","mc.svm_SMOTET",36,0.266822463558293,0.259449516547424,0.263084343423663
"DS09","Icelandic River - Flow of Vatnsdalsa River (Daily)","mc.svm_SMOTET",37,0.250986911021651,0.243924291371762,0.247405207715939
"DS09","Icelandic River - Flow of Vatnsdalsa River (Daily)","mc.svm_SMOTET",38,0.199017808782093,0.24290351696791,0.218781592449172
"DS09","Icelandic River - Flow of Vatnsdalsa River (Daily)","mc.svm_SMOTET",39,0.300279820382937,0.287846363647372,0.293931665417774
"DS09","Icelandic River - Flow of Vatnsdalsa River (Daily)","mc.svm_SMOTET",40,0.282159635422223,0.255247743115045,0.268029852272272
"DS09","Icelandic River - Flow of Vatnsdalsa River (Daily)","mc.svm_SMOTET",41,0.271482287317298,0.253730251503364,0.262306262506224
"DS09","Icelandic River - Flow of Vatnsdalsa River (Daily)","mc.svm_SMOTET",42,0.270747706626783,0.263369702378903,0.267007746655595
"DS09","Icelandic River - Flow of Vatnsdalsa River (Daily)","mc.svm_SMOTET",43,0.293069329997774,0.273313323426157,0.282846771848484
"DS09","Icelandic River - Flow of Vatnsdalsa River (Daily)","mc.svm_SMOTET",44,0.272239616713402,0.257746114155159,0.26479468876256
"DS09","Icelandic River - Flow of Vatnsdalsa River (Daily)","mc.svm_SMOTET",45,0.290880674677669,0.274264204438548,0.282328159645638
"DS09","Icelandic River - Flow of Vatnsdalsa River (Daily)","mc.svm_SMOTET",46,0.270423189805412,0.24462150912884,0.256876068933501
"DS09","Icelandic River - Flow of Vatnsdalsa River (Daily)","mc.svm_SMOTET",47,0.258142656209114,0.25193624346293,0.255001691403747
"DS09","Icelandic River - Flow of Vatnsdalsa River (Daily)","mc.svm_SMOTET",48,0.274483093878314,0.24281470387087,0.257679547245775
"DS09","Icelandic River - Flow of Vatnsdalsa River (Daily)","mc.svm_SMOTET",49,0.254314213810637,0.214379918002105,0.232645798626199
"DS09","Icelandic River - Flow of Vatnsdalsa River (Daily)","mc.svm_SMOTET",50,0.262702868861163,0.240078205994923,0.250881493437119
"DS09","Icelandic River - Flow of Vatnsdalsa River (Daily)","mc.svm_SMOTETPhi",1,0.365122257511531,0.353706863305192,0.359323919099382
"DS09","Icelandic River - Flow of Vatnsdalsa River (Daily)","mc.svm_SMOTETPhi",2,0.307543152188045,0.328041278066345,0.317461674333147
"DS09","Icelandic River - Flow of Vatnsdalsa River (Daily)","mc.svm_SMOTETPhi",3,0.297676414315035,0.322301827009565,0.309500062409965
"DS09","Icelandic River - Flow of Vatnsdalsa River (Daily)","mc.svm_SMOTETPhi",4,0.209928977203485,0.227204320254609,0.218225291208047
"DS09","Icelandic River - Flow of Vatnsdalsa River (Daily)","mc.svm_SMOTETPhi",5,0.22012560592921,0.243976489686667,0.231438181952144
"DS09","Icelandic River - Flow of Vatnsdalsa River (Daily)","mc.svm_SMOTETPhi",6,0.228678831316435,0.239488472717176,0.233958858651051
"DS09","Icelandic River - Flow of Vatnsdalsa River (Daily)","mc.svm_SMOTETPhi",7,0.248487439424376,0.251702482663331,0.250084628465594
"DS09","Icelandic River - Flow of Vatnsdalsa River (Daily)","mc.svm_SMOTETPhi",8,0.265268808031999,0.25493568216463,0.259999618638717
"DS09","Icelandic River - Flow of Vatnsdalsa River (Daily)","mc.svm_SMOTETPhi",9,0.258694069768626,0.251419120356394,0.255004719429832
"DS09","Icelandic River - Flow of Vatnsdalsa River (Daily)","mc.svm_SMOTETPhi",10,0.312670082906742,0.303975489791614,0.308261490239399
"DS09","Icelandic River - Flow of Vatnsdalsa River (Daily)","mc.svm_SMOTETPhi",11,0.284222052606933,0.271545707759912,0.277739314656111
"DS09","Icelandic River - Flow of Vatnsdalsa River (Daily)","mc.svm_SMOTETPhi",12,0.27604242113875,0.260601844871677,0.268100001315228
"DS09","Icelandic River - Flow of Vatnsdalsa River (Daily)","mc.svm_SMOTETPhi",13,0.257985074930907,0.244984276430525,0.251316652757262
"DS09","Icelandic River - Flow of Vatnsdalsa River (Daily)","mc.svm_SMOTETPhi",14,0.268164741816541,0.258438418476231,0.263211757892312
"DS09","Icelandic River - Flow of Vatnsdalsa River (Daily)","mc.svm_SMOTETPhi",15,0.27604797327398,0.270915237948906,0.273457522664568
"DS09","Icelandic River - Flow of Vatnsdalsa River (Daily)","mc.svm_SMOTETPhi",16,0.297457068725488,0.279392535480999,0.288141949034643
"DS09","Icelandic River - Flow of Vatnsdalsa River (Daily)","mc.svm_SMOTETPhi",17,0.28246069229432,0.243804500302141,0.261712873694154
"DS09","Icelandic River - Flow of Vatnsdalsa River (Daily)","mc.svm_SMOTETPhi",18,0.290534419802724,0.25373494644367,0.270890628870389
"DS09","Icelandic River - Flow of Vatnsdalsa River (Daily)","mc.svm_SMOTETPhi",19,0.276826345908344,0.243799494649031,0.259265360957643
"DS09","Icelandic River - Flow of Vatnsdalsa River (Daily)","mc.svm_SMOTETPhi",20,0.274319610488854,0.251483798649844,0.262405821228462
"DS09","Icelandic River - Flow of Vatnsdalsa River (Daily)","mc.svm_SMOTETPhi",21,0.276572593089984,0.241448632686904,0.257819838714522
"DS09","Icelandic River - Flow of Vatnsdalsa River (Daily)","mc.svm_SMOTETPhi",22,0.270194457944649,0.246575476181606,0.257845214009899
"DS09","Icelandic River - Flow of Vatnsdalsa River (Daily)","mc.svm_SMOTETPhi",23,0.269491361498762,0.264119195794385,0.266778236298966
"DS09","Icelandic River - Flow of Vatnsdalsa River (Daily)","mc.svm_SMOTETPhi",24,0.257724360380478,0.251198940491921,0.254419815935157
"DS09","Icelandic River - Flow of Vatnsdalsa River (Daily)","mc.svm_SMOTETPhi",25,0.284718548202347,0.25675537650474,0.270014915606959
"DS09","Icelandic River - Flow of Vatnsdalsa River (Daily)","mc.svm_SMOTETPhi",26,0.264612507666906,0.21082409528094,0.234675631547939
"DS09","Icelandic River - Flow of Vatnsdalsa River (Daily)","mc.svm_SMOTETPhi",27,0.257940380342632,0.230991117309762,0.243723044805795
"DS09","Icelandic River - Flow of Vatnsdalsa River (Daily)","mc.svm_SMOTETPhi",28,0.267566627234686,0.229293297821169,0.246955857181002
"DS09","Icelandic River - Flow of Vatnsdalsa River (Daily)","mc.svm_SMOTETPhi",29,0.202494807604785,0.206158931389297,0.204310442627754
"DS09","Icelandic River - Flow of Vatnsdalsa River (Daily)","mc.svm_SMOTETPhi",30,0.267938683454974,0.253841577328063,0.260699697352853
"DS09","Icelandic River - Flow of Vatnsdalsa River (Daily)","mc.svm_SMOTETPhi",31,0.248359671848422,0.229007786057087,0.238291478205999
"DS09","Icelandic River - Flow of Vatnsdalsa River (Daily)","mc.svm_SMOTETPhi",32,0.242800350690996,0.229881812483528,0.236164547922127
"DS09","Icelandic River - Flow of Vatnsdalsa River (Daily)","mc.svm_SMOTETPhi",33,0.236625131504382,0.212107240798335,0.223696380492377
"DS09","Icelandic River - Flow of Vatnsdalsa River (Daily)","mc.svm_SMOTETPhi",34,0.262365342193114,0.227254564624452,0.24355105167265
"DS09","Icelandic River - Flow of Vatnsdalsa River (Daily)","mc.svm_SMOTETPhi",35,0.249405396243382,0.217278252624195,0.2322359860788
"DS09","Icelandic River - Flow of Vatnsdalsa River (Daily)","mc.svm_SMOTETPhi",36,0.242741769947873,0.231404071391205,0.236937368063827
"DS09","Icelandic River - Flow of Vatnsdalsa River (Daily)","mc.svm_SMOTETPhi",37,0.250291031867202,0.240340816159678,0.245215026779573
"DS09","Icelandic River - Flow of Vatnsdalsa River (Daily)","mc.svm_SMOTETPhi",38,0.195628501870927,0.242991690298423,0.21675290462602
"DS09","Icelandic River - Flow of Vatnsdalsa River (Daily)","mc.svm_SMOTETPhi",39,0.309421717606888,0.284609314559326,0.296497314750468
"DS09","Icelandic River - Flow of Vatnsdalsa River (Daily)","mc.svm_SMOTETPhi",40,0.269634237317036,0.254235094684674,0.261708337048838
"DS09","Icelandic River - Flow of Vatnsdalsa River (Daily)","mc.svm_SMOTETPhi",41,0.282707070545109,0.267934228870019,0.275122483631583
"DS09","Icelandic River - Flow of Vatnsdalsa River (Daily)","mc.svm_SMOTETPhi",42,0.292780320874179,0.281787072915926,0.28717852951001
"DS09","Icelandic River - Flow of Vatnsdalsa River (Daily)","mc.svm_SMOTETPhi",43,0.281403163429067,0.264195324902462,0.272527881879128
"DS09","Icelandic River - Flow of Vatnsdalsa River (Daily)","mc.svm_SMOTETPhi",44,0.267039590659466,0.241242111312789,0.253486184550114
"DS09","Icelandic River - Flow of Vatnsdalsa River (Daily)","mc.svm_SMOTETPhi",45,0.277881587003167,0.253379265489456,0.265065389544713
"DS09","Icelandic River - Flow of Vatnsdalsa River (Daily)","mc.svm_SMOTETPhi",46,0.268878041136473,0.249240074067197,0.258686893669232
"DS09","Icelandic River - Flow of Vatnsdalsa River (Daily)","mc.svm_SMOTETPhi",47,0.269678044435697,0.263547076151676,0.266577313668342
"DS09","Icelandic River - Flow of Vatnsdalsa River (Daily)","mc.svm_SMOTETPhi",48,0.276130743960336,0.240226203149832,0.256930174236146
"DS09","Icelandic River - Flow of Vatnsdalsa River (Daily)","mc.svm_SMOTETPhi",49,0.276300145597353,0.245167658350895,0.259804571577489
"DS09","Icelandic River - Flow of Vatnsdalsa River (Daily)","mc.svm_SMOTETPhi",50,0.273574286728056,0.241085811697044,0.256304614160298
"DS09","Icelandic River - Flow of Vatnsdalsa River (Daily)","mc.mars",1,0.372314900697509,0.364989307117416,0.368615711655301
"DS09","Icelandic River - Flow of Vatnsdalsa River (Daily)","mc.mars",2,0.342363185128528,0.346687423438164,0.344511735586993
"DS09","Icelandic River - Flow of Vatnsdalsa River (Daily)","mc.mars",3,0.320528377956106,0.305538390190999,0.312853930583421
"DS09","Icelandic River - Flow of Vatnsdalsa River (Daily)","mc.mars",4,0.33041917955829,0.302624665169133,0.315911747384077
"DS09","Icelandic River - Flow of Vatnsdalsa River (Daily)","mc.mars",5,0.330502530479603,0.302474302443497,0.315867871185654
"DS09","Icelandic River - Flow of Vatnsdalsa River (Daily)","mc.mars",6,0.332072457746987,0.302486019039751,0.316589501050477
"DS09","Icelandic River - Flow of Vatnsdalsa River (Daily)","mc.mars",7,0.207735823240425,0.27293382425009,0.23591309734975
"DS09","Icelandic River - Flow of Vatnsdalsa River (Daily)","mc.mars",8,0.207808635244306,0.273086386132956,0.236017037745829
"DS09","Icelandic River - Flow of Vatnsdalsa River (Daily)","mc.mars",9,0.201526438982274,0.273938158101308,0.232218263324515
"DS09","Icelandic River - Flow of Vatnsdalsa River (Daily)","mc.mars",10,0.201217555757694,0.273596033241992,0.231890267462378
"DS09","Icelandic River - Flow of Vatnsdalsa River (Daily)","mc.mars",11,0.202170095032144,0.275120940695397,0.233070485562072
"DS09","Icelandic River - Flow of Vatnsdalsa River (Daily)","mc.mars",12,0.202484899898805,0.275815020545977,0.233528689588342
"DS09","Icelandic River - Flow of Vatnsdalsa River (Daily)","mc.mars",13,0.290467094734322,0.311132030762509,0.300444642367924
"DS09","Icelandic River - Flow of Vatnsdalsa River (Daily)","mc.mars",14,0.291470413374332,0.307314919391955,0.299183035020112
"DS09","Icelandic River - Flow of Vatnsdalsa River (Daily)","mc.mars",15,0.300806207819827,0.316637532426974,0.308518911681619
"DS09","Icelandic River - Flow of Vatnsdalsa River (Daily)","mc.mars",16,0.300250985373646,0.315182879780078,0.307535790878956
"DS09","Icelandic River - Flow of Vatnsdalsa River (Daily)","mc.mars",17,0.296335677884037,0.305009599968164,0.300610081750471
"DS09","Icelandic River - Flow of Vatnsdalsa River (Daily)","mc.mars",18,0.283936634830078,0.30099017364933,0.292214806310832
"DS09","Icelandic River - Flow of Vatnsdalsa River (Daily)","mc.mars",19,0.292921018080576,0.301010059943073,0.296910454675717
"DS09","Icelandic River - Flow of Vatnsdalsa River (Daily)","mc.mars",20,0.187818089425211,0.264908307697961,0.219799740155909
"DS09","Icelandic River - Flow of Vatnsdalsa River (Daily)","mc.mars",21,0.275034012744366,0.292961826407649,0.283714989243961
"DS09","Icelandic River - Flow of Vatnsdalsa River (Daily)","mc.mars",22,0.211868136598994,0.262676722529883,0.234552441817616
"DS09","Icelandic River - Flow of Vatnsdalsa River (Daily)","mc.mars",23,0.214705505781148,0.245878904466737,0.229237261921363
"DS09","Icelandic River - Flow of Vatnsdalsa River (Daily)","mc.mars",24,0.182658316285591,0.235788284021846,0.205850356665133
"DS09","Icelandic River - Flow of Vatnsdalsa River (Daily)","mc.mars",25,0.224671855647075,0.253886014080769,0.23838722760449
"DS09","Icelandic River - Flow of Vatnsdalsa River (Daily)","mc.mars",26,0.19627370633284,0.228064890086768,0.210978410351613
"DS09","Icelandic River - Flow of Vatnsdalsa River (Daily)","mc.mars",27,0.195525911167807,0.239345927906716,0.215228149690535
"DS09","Icelandic River - Flow of Vatnsdalsa River (Daily)","mc.mars",28,0.162504080887005,0.218332932060677,0.186326387644256
"DS09","Icelandic River - Flow of Vatnsdalsa River (Daily)","mc.mars",29,0.144738609944887,0.221504004385306,0.175076195054958
"DS09","Icelandic River - Flow of Vatnsdalsa River (Daily)","mc.mars",30,0.146014209448246,0.220151633981855,0.175577637135543
"DS09","Icelandic River - Flow of Vatnsdalsa River (Daily)","mc.mars",31,0.231298031939238,0.252397551796744,0.24138759566899
"DS09","Icelandic River - Flow of Vatnsdalsa River (Daily)","mc.mars",32,0.144828442500059,0.211575818802998,0.171951907622436
"DS09","Icelandic River - Flow of Vatnsdalsa River (Daily)","mc.mars",33,0.125357955736169,0.209916408525542,0.156974076477255
"DS09","Icelandic River - Flow of Vatnsdalsa River (Daily)","mc.mars",34,0.126065906758517,0.206315622580027,0.156503076995638
"DS09","Icelandic River - Flow of Vatnsdalsa River (Daily)","mc.mars",35,0.179857789445575,0.22150448251784,0.198520435829983
"DS09","Icelandic River - Flow of Vatnsdalsa River (Daily)","mc.mars",36,0.173521996588496,0.228033684664511,0.197077825565548
"DS09","Icelandic River - Flow of Vatnsdalsa River (Daily)","mc.mars",37,0.188969088351435,0.217015819398719,0.202023675101011
"DS09","Icelandic River - Flow of Vatnsdalsa River (Daily)","mc.mars",38,0.176410857420291,0.247798541623967,0.206097994499273
"DS09","Icelandic River - Flow of Vatnsdalsa River (Daily)","mc.mars",39,0.201176651088965,0.228883974676769,0.214137769210644
"DS09","Icelandic River - Flow of Vatnsdalsa River (Daily)","mc.mars",40,0.211147782755256,0.228886505803615,0.219659601352023
"DS09","Icelandic River - Flow of Vatnsdalsa River (Daily)","mc.mars",41,0.214244097749339,0.233805829056604,0.223597933613607
"DS09","Icelandic River - Flow of Vatnsdalsa River (Daily)","mc.mars",42,0.214208983213399,0.240931672120923,0.226785842591966
"DS09","Icelandic River - Flow of Vatnsdalsa River (Daily)","mc.mars",43,0.21350475985813,0.239156763944042,0.225603921558995
"DS09","Icelandic River - Flow of Vatnsdalsa River (Daily)","mc.mars",44,0.219170741394665,0.24131996348685,0.229712672807826
"DS09","Icelandic River - Flow of Vatnsdalsa River (Daily)","mc.mars",45,0.218801658953574,0.240812593196551,0.229280074070058
"DS09","Icelandic River - Flow of Vatnsdalsa River (Daily)","mc.mars",46,0.184091635316124,0.209925507594181,0.19616166800325
"DS09","Icelandic River - Flow of Vatnsdalsa River (Daily)","mc.mars",47,0.184244391049505,0.21079274482434,0.196626480808715
"DS09","Icelandic River - Flow of Vatnsdalsa River (Daily)","mc.mars",48,0.183677011252237,0.203240082306693,0.192963978620739
"DS09","Icelandic River - Flow of Vatnsdalsa River (Daily)","mc.mars",49,0.183446211998913,0.20321732072199,0.192826292340974
"DS09","Icelandic River - Flow of Vatnsdalsa River (Daily)","mc.mars",50,0.108527008709267,0.179476823454584,0.135262663943206
"DS09","Icelandic River - Flow of Vatnsdalsa River (Daily)","mc.mars_UNDERB",1,0.367905132522652,0.346156889607508,0.356699817096463
"DS09","Icelandic River - Flow of Vatnsdalsa River (Daily)","mc.mars_UNDERB",2,0.349847491884045,0.340388196925454,0.345053027225224
"DS09","Icelandic River - Flow of Vatnsdalsa River (Daily)","mc.mars_UNDERB",3,0.281531260538991,0.320129607601057,0.299592334274263
"DS09","Icelandic River - Flow of Vatnsdalsa River (Daily)","mc.mars_UNDERB",4,0.288132103643048,0.288563541326945,0.288347661101365
"DS09","Icelandic River - Flow of Vatnsdalsa River (Daily)","mc.mars_UNDERB",5,0.271676642607148,0.271929662516697,0.271803093678247
"DS09","Icelandic River - Flow of Vatnsdalsa River (Daily)","mc.mars_UNDERB",6,0.293143065042739,0.295566071383872,0.294349581914159
"DS09","Icelandic River - Flow of Vatnsdalsa River (Daily)","mc.mars_UNDERB",7,0.29667313425274,0.285871616798627,0.291172234910648
"DS09","Icelandic River - Flow of Vatnsdalsa River (Daily)","mc.mars_UNDERB",8,0.254470356028415,0.276626105408189,0.265086095055365
"DS09","Icelandic River - Flow of Vatnsdalsa River (Daily)","mc.mars_UNDERB",9,0.256162065523307,0.279024487625418,0.267104951203238
"DS09","Icelandic River - Flow of Vatnsdalsa River (Daily)","mc.mars_UNDERB",10,0.264087006317011,0.291487893590967,0.277111745720839
"DS09","Icelandic River - Flow of Vatnsdalsa River (Daily)","mc.mars_UNDERB",11,0.256896612336988,0.280551437760794,0.268203462395692
"DS09","Icelandic River - Flow of Vatnsdalsa River (Daily)","mc.mars_UNDERB",12,0.282841756624489,0.289100855821437,0.28593705774951
"DS09","Icelandic River - Flow of Vatnsdalsa River (Daily)","mc.mars_UNDERB",13,0.236442213676478,0.266888388745632,0.250744465509946
"DS09","Icelandic River - Flow of Vatnsdalsa River (Daily)","mc.mars_UNDERB",14,0.245749078373609,0.256292314167285,0.250909988445701
"DS09","Icelandic River - Flow of Vatnsdalsa River (Daily)","mc.mars_UNDERB",15,0.302249831996304,0.324279822980233,0.312877519003429
"DS09","Icelandic River - Flow of Vatnsdalsa River (Daily)","mc.mars_UNDERB",16,0.291659422662903,0.312079777364649,0.301524259769076
"DS09","Icelandic River - Flow of Vatnsdalsa River (Daily)","mc.mars_UNDERB",17,0.280530695655786,0.285904056925535,0.283191889673531
"DS09","Icelandic River - Flow of Vatnsdalsa River (Daily)","mc.mars_UNDERB",18,0.269026998609627,0.279071848295252,0.273957378919071
"DS09","Icelandic River - Flow of Vatnsdalsa River (Daily)","mc.mars_UNDERB",19,0.316425679816962,0.335164120699083,0.325525459908884
"DS09","Icelandic River - Flow of Vatnsdalsa River (Daily)","mc.mars_UNDERB",20,0.252413420475882,0.286339798259304,0.268308403118908
"DS09","Icelandic River - Flow of Vatnsdalsa River (Daily)","mc.mars_UNDERB",21,0.269658589639465,0.28780513109147,0.278436507543012
"DS09","Icelandic River - Flow of Vatnsdalsa River (Daily)","mc.mars_UNDERB",22,0.282686957056259,0.286143134296794,0.28440454591456
"DS09","Icelandic River - Flow of Vatnsdalsa River (Daily)","mc.mars_UNDERB",23,0.264932235485112,0.262861604517296,0.263892858270771
"DS09","Icelandic River - Flow of Vatnsdalsa River (Daily)","mc.mars_UNDERB",24,0.247159790638626,0.237985022451847,0.242485652684317
"DS09","Icelandic River - Flow of Vatnsdalsa River (Daily)","mc.mars_UNDERB",25,0.211675071286317,0.228757668455032,0.219885087588844
"DS09","Icelandic River - Flow of Vatnsdalsa River (Daily)","mc.mars_UNDERB",26,0.197439691482174,0.23858989555972,0.216073022427944
"DS09","Icelandic River - Flow of Vatnsdalsa River (Daily)","mc.mars_UNDERB",27,0.28661973660352,0.292016716306723,0.289293057465361
"DS09","Icelandic River - Flow of Vatnsdalsa River (Daily)","mc.mars_UNDERB",28,0.223056889228604,0.234976668205109,0.22886167967603
"DS09","Icelandic River - Flow of Vatnsdalsa River (Daily)","mc.mars_UNDERB",29,0.17878272788541,0.228883590551628,0.20075454280311
"DS09","Icelandic River - Flow of Vatnsdalsa River (Daily)","mc.mars_UNDERB",30,0.163474923523323,0.222911687670572,0.188621810583986
"DS09","Icelandic River - Flow of Vatnsdalsa River (Daily)","mc.mars_UNDERB",31,0.209899844907721,0.222476235337222,0.216005137316949
"DS09","Icelandic River - Flow of Vatnsdalsa River (Daily)","mc.mars_UNDERB",32,0.214826620704794,0.240724156266479,0.227039265991644
"DS09","Icelandic River - Flow of Vatnsdalsa River (Daily)","mc.mars_UNDERB",33,0.2308000671528,0.22189600016863,0.226260466731619
"DS09","Icelandic River - Flow of Vatnsdalsa River (Daily)","mc.mars_UNDERB",34,0.228324564399589,0.239764261061126,0.233904624454512
"DS09","Icelandic River - Flow of Vatnsdalsa River (Daily)","mc.mars_UNDERB",35,0.204753182743049,0.207307208904857,0.206022280661798
"DS09","Icelandic River - Flow of Vatnsdalsa River (Daily)","mc.mars_UNDERB",36,0.219600350431063,0.26166170383135,0.238792987507892
"DS09","Icelandic River - Flow of Vatnsdalsa River (Daily)","mc.mars_UNDERB",37,0.222147636261084,0.252998489873124,0.236571502582611
"DS09","Icelandic River - Flow of Vatnsdalsa River (Daily)","mc.mars_UNDERB",38,0.229638989256896,0.287852210731463,0.255471361558315
"DS09","Icelandic River - Flow of Vatnsdalsa River (Daily)","mc.mars_UNDERB",39,0.260403097119175,0.264360696582967,0.262366973381022
"DS09","Icelandic River - Flow of Vatnsdalsa River (Daily)","mc.mars_UNDERB",40,0.212208238888016,0.214475262882212,0.21333572839096
"DS09","Icelandic River - Flow of Vatnsdalsa River (Daily)","mc.mars_UNDERB",41,0.257198333665455,0.279436307135244,0.267856553030482
"DS09","Icelandic River - Flow of Vatnsdalsa River (Daily)","mc.mars_UNDERB",42,0.263387095186198,0.270568292961907,0.266929403896036
"DS09","Icelandic River - Flow of Vatnsdalsa River (Daily)","mc.mars_UNDERB",43,0.207065045570758,0.225080365449332,0.21569719330738
"DS09","Icelandic River - Flow of Vatnsdalsa River (Daily)","mc.mars_UNDERB",44,0.291345750438058,0.292979155546621,0.292160170005408
"DS09","Icelandic River - Flow of Vatnsdalsa River (Daily)","mc.mars_UNDERB",45,0.20112382178035,0.233142501979592,0.215952784971136
"DS09","Icelandic River - Flow of Vatnsdalsa River (Daily)","mc.mars_UNDERB",46,0.232405915318185,0.230101908024548,0.231248172903997
"DS09","Icelandic River - Flow of Vatnsdalsa River (Daily)","mc.mars_UNDERB",47,0.135060222774167,0.2045601143503,0.16269894111044
"DS09","Icelandic River - Flow of Vatnsdalsa River (Daily)","mc.mars_UNDERB",48,0.21254956966985,0.200683175138278,0.206445994667851
"DS09","Icelandic River - Flow of Vatnsdalsa River (Daily)","mc.mars_UNDERB",49,0.207913020701767,0.21360525163783,0.210720701901161
"DS09","Icelandic River - Flow of Vatnsdalsa River (Daily)","mc.mars_UNDERB",50,0.263971971578919,0.263877125622035,0.263924540079334
"DS09","Icelandic River - Flow of Vatnsdalsa River (Daily)","mc.mars_UNDERT",1,0.364339177879146,0.35262294703073,0.358385332108435
"DS09","Icelandic River - Flow of Vatnsdalsa River (Daily)","mc.mars_UNDERT",2,0.352403836935839,0.368015408918438,0.36004047060287
"DS09","Icelandic River - Flow of Vatnsdalsa River (Daily)","mc.mars_UNDERT",3,0.274089429547419,0.290875247729706,0.282232974648758
"DS09","Icelandic River - Flow of Vatnsdalsa River (Daily)","mc.mars_UNDERT",4,0.26866564174703,0.27280356302687,0.270718791337709
"DS09","Icelandic River - Flow of Vatnsdalsa River (Daily)","mc.mars_UNDERT",5,0.27489847432276,0.272575542164442,0.273732080143226
"DS09","Icelandic River - Flow of Vatnsdalsa River (Daily)","mc.mars_UNDERT",6,0.264699431047471,0.279422406817852,0.271861730074165
"DS09","Icelandic River - Flow of Vatnsdalsa River (Daily)","mc.mars_UNDERT",7,0.246828870878092,0.274638900821811,0.25999232730363
"DS09","Icelandic River - Flow of Vatnsdalsa River (Daily)","mc.mars_UNDERT",8,0.234700552469077,0.256788201749278,0.245248064379194
"DS09","Icelandic River - Flow of Vatnsdalsa River (Daily)","mc.mars_UNDERT",9,0.267675494793063,0.27008544250599,0.268875068621767
"DS09","Icelandic River - Flow of Vatnsdalsa River (Daily)","mc.mars_UNDERT",10,0.303662139877056,0.306340301138061,0.304995341393593
"DS09","Icelandic River - Flow of Vatnsdalsa River (Daily)","mc.mars_UNDERT",11,0.250817523824602,0.281456373561834,0.265255129090725
"DS09","Icelandic River - Flow of Vatnsdalsa River (Daily)","mc.mars_UNDERT",12,0.285910907898089,0.304599707614309,0.294959571129576
"DS09","Icelandic River - Flow of Vatnsdalsa River (Daily)","mc.mars_UNDERT",13,0.310348239458893,0.316018274159499,0.313157593485242
"DS09","Icelandic River - Flow of Vatnsdalsa River (Daily)","mc.mars_UNDERT",14,0.291747966294091,0.304997007755228,0.298225408199305
"DS09","Icelandic River - Flow of Vatnsdalsa River (Daily)","mc.mars_UNDERT",15,0.29907330323754,0.301263757727177,0.300164534318218
"DS09","Icelandic River - Flow of Vatnsdalsa River (Daily)","mc.mars_UNDERT",16,0.31233312341634,0.316479326808668,0.314392555692819
"DS09","Icelandic River - Flow of Vatnsdalsa River (Daily)","mc.mars_UNDERT",17,0.308265712698773,0.299430065506754,0.303783655760932
"DS09","Icelandic River - Flow of Vatnsdalsa River (Daily)","mc.mars_UNDERT",18,0.291987923762533,0.277339823439533,0.284475434829054
"DS09","Icelandic River - Flow of Vatnsdalsa River (Daily)","mc.mars_UNDERT",19,0.271792774302703,0.288811648169179,0.280043881069363
"DS09","Icelandic River - Flow of Vatnsdalsa River (Daily)","mc.mars_UNDERT",20,0.273358440338534,0.294333670889038,0.283458556573421
"DS09","Icelandic River - Flow of Vatnsdalsa River (Daily)","mc.mars_UNDERT",21,0.266869347097479,0.300339602209738,0.282616956756854
"DS09","Icelandic River - Flow of Vatnsdalsa River (Daily)","mc.mars_UNDERT",22,0.276038744997738,0.279587860558311,0.277801967628541
"DS09","Icelandic River - Flow of Vatnsdalsa River (Daily)","mc.mars_UNDERT",23,0.222212458646453,0.254093001344789,0.237085800170001
"DS09","Icelandic River - Flow of Vatnsdalsa River (Daily)","mc.mars_UNDERT",24,0.255795933124312,0.25054949703967,0.253145534929915
"DS09","Icelandic River - Flow of Vatnsdalsa River (Daily)","mc.mars_UNDERT",25,0.199210128562072,0.235348426197294,0.215776629989972
"DS09","Icelandic River - Flow of Vatnsdalsa River (Daily)","mc.mars_UNDERT",26,0.232753561411774,0.22441609692576,0.228508803438726
"DS09","Icelandic River - Flow of Vatnsdalsa River (Daily)","mc.mars_UNDERT",27,0.198856186613606,0.215521602396243,0.20685377026495
"DS09","Icelandic River - Flow of Vatnsdalsa River (Daily)","mc.mars_UNDERT",28,0.188982875217559,0.236308117556675,0.210012383294542
"DS09","Icelandic River - Flow of Vatnsdalsa River (Daily)","mc.mars_UNDERT",29,0.178637608085122,0.236688819181286,0.203606232318637
"DS09","Icelandic River - Flow of Vatnsdalsa River (Daily)","mc.mars_UNDERT",30,0.292520038156808,0.275494559942036,0.283752141075127
"DS09","Icelandic River - Flow of Vatnsdalsa River (Daily)","mc.mars_UNDERT",31,0.198086943862131,0.230227012066087,0.212951105531216
"DS09","Icelandic River - Flow of Vatnsdalsa River (Daily)","mc.mars_UNDERT",32,0.249065955718518,0.264382936869748,0.256495981577416
"DS09","Icelandic River - Flow of Vatnsdalsa River (Daily)","mc.mars_UNDERT",33,0.236090901100072,0.220818000133234,0.228199190209914
"DS09","Icelandic River - Flow of Vatnsdalsa River (Daily)","mc.mars_UNDERT",34,0.2019939241402,0.216521048121095,0.209005359749104
"DS09","Icelandic River - Flow of Vatnsdalsa River (Daily)","mc.mars_UNDERT",35,0.223891990341083,0.264890656569316,0.242671857100247
"DS09","Icelandic River - Flow of Vatnsdalsa River (Daily)","mc.mars_UNDERT",36,0.220977005424696,0.225852539982175,0.223388173256884
"DS09","Icelandic River - Flow of Vatnsdalsa River (Daily)","mc.mars_UNDERT",37,0.220040661713628,0.217943337029871,0.21898697776041
"DS09","Icelandic River - Flow of Vatnsdalsa River (Daily)","mc.mars_UNDERT",38,0.231638578709433,0.255120128092099,0.242812970967637
"DS09","Icelandic River - Flow of Vatnsdalsa River (Daily)","mc.mars_UNDERT",39,0.239465828749208,0.229194524780713,0.23421762224182
"DS09","Icelandic River - Flow of Vatnsdalsa River (Daily)","mc.mars_UNDERT",40,0.225638633419026,0.240014828561501,0.232604811683688
"DS09","Icelandic River - Flow of Vatnsdalsa River (Daily)","mc.mars_UNDERT",41,0.237110646646105,0.232427773469822,0.234745858080526
"DS09","Icelandic River - Flow of Vatnsdalsa River (Daily)","mc.mars_UNDERT",42,0.257122876747753,0.272130465179022,0.264413892230898
"DS09","Icelandic River - Flow of Vatnsdalsa River (Daily)","mc.mars_UNDERT",43,0.250418283894233,0.242089445976778,0.24618344011083
"DS09","Icelandic River - Flow of Vatnsdalsa River (Daily)","mc.mars_UNDERT",44,0.241803565620726,0.247377976288596,0.244559009684425
"DS09","Icelandic River - Flow of Vatnsdalsa River (Daily)","mc.mars_UNDERT",45,0.266867565301108,0.271061839114606,0.268948350682287
"DS09","Icelandic River - Flow of Vatnsdalsa River (Daily)","mc.mars_UNDERT",46,0.239082212011943,0.240250486670481,0.239664925626867
"DS09","Icelandic River - Flow of Vatnsdalsa River (Daily)","mc.mars_UNDERT",47,0.263129815591643,0.25514300130279,0.259074868269529
"DS09","Icelandic River - Flow of Vatnsdalsa River (Daily)","mc.mars_UNDERT",48,0.265472408867792,0.20987447063823,0.234421992369375
"DS09","Icelandic River - Flow of Vatnsdalsa River (Daily)","mc.mars_UNDERT",49,0.197901203309413,0.212217686601129,0.204809564129388
"DS09","Icelandic River - Flow of Vatnsdalsa River (Daily)","mc.mars_UNDERT",50,0.253780426574165,0.232384743782046,0.242611783000108
"DS09","Icelandic River - Flow of Vatnsdalsa River (Daily)","mc.mars_UNDERTPhi",1,0.369929276011774,0.38558270192885,0.377593827581681
"DS09","Icelandic River - Flow of Vatnsdalsa River (Daily)","mc.mars_UNDERTPhi",2,0.348153726772396,0.370752856157055,0.359098084918373
"DS09","Icelandic River - Flow of Vatnsdalsa River (Daily)","mc.mars_UNDERTPhi",3,0.289691572573102,0.322001621940263,0.304993277897016
"DS09","Icelandic River - Flow of Vatnsdalsa River (Daily)","mc.mars_UNDERTPhi",4,0.293455357635171,0.305920750504693,0.299558430935742
"DS09","Icelandic River - Flow of Vatnsdalsa River (Daily)","mc.mars_UNDERTPhi",5,0.28495428193832,0.305819836920422,0.295018584092679
"DS09","Icelandic River - Flow of Vatnsdalsa River (Daily)","mc.mars_UNDERTPhi",6,0.289321171912552,0.304731781955431,0.296826589953927
"DS09","Icelandic River - Flow of Vatnsdalsa River (Daily)","mc.mars_UNDERTPhi",7,0.224997204284586,0.252362893985447,0.237895650757861
"DS09","Icelandic River - Flow of Vatnsdalsa River (Daily)","mc.mars_UNDERTPhi",8,0.267912836371429,0.284352541707665,0.275888002406753
"DS09","Icelandic River - Flow of Vatnsdalsa River (Daily)","mc.mars_UNDERTPhi",9,0.222938992060853,0.252077626024174,0.236614592952463
"DS09","Icelandic River - Flow of Vatnsdalsa River (Daily)","mc.mars_UNDERTPhi",10,0.229945277937255,0.252075326458755,0.240502295856473
"DS09","Icelandic River - Flow of Vatnsdalsa River (Daily)","mc.mars_UNDERTPhi",11,0.278253663121366,0.286526163239606,0.282329328280838
"DS09","Icelandic River - Flow of Vatnsdalsa River (Daily)","mc.mars_UNDERTPhi",12,0.289961486333824,0.289381947181786,0.289671426890337
"DS09","Icelandic River - Flow of Vatnsdalsa River (Daily)","mc.mars_UNDERTPhi",13,0.28819548831852,0.285375542092516,0.286778583111413
"DS09","Icelandic River - Flow of Vatnsdalsa River (Daily)","mc.mars_UNDERTPhi",14,0.300330924384016,0.320836184610319,0.31024510636392
"DS09","Icelandic River - Flow of Vatnsdalsa River (Daily)","mc.mars_UNDERTPhi",15,0.260155560703774,0.303047714075494,0.27996835780547
"DS09","Icelandic River - Flow of Vatnsdalsa River (Daily)","mc.mars_UNDERTPhi",16,0.297157189304359,0.298700767468943,0.297926979056506
"DS09","Icelandic River - Flow of Vatnsdalsa River (Daily)","mc.mars_UNDERTPhi",17,0.316912962773514,0.327046860785382,0.321900173971934
"DS09","Icelandic River - Flow of Vatnsdalsa River (Daily)","mc.mars_UNDERTPhi",18,0.254754592851083,0.283387241987384,0.268309195747094
"DS09","Icelandic River - Flow of Vatnsdalsa River (Daily)","mc.mars_UNDERTPhi",19,0.283170304373485,0.278562773546105,0.28084764267154
"DS09","Icelandic River - Flow of Vatnsdalsa River (Daily)","mc.mars_UNDERTPhi",20,0.250916228505304,0.287755087375072,0.268075982992944
"DS09","Icelandic River - Flow of Vatnsdalsa River (Daily)","mc.mars_UNDERTPhi",21,0.273312534254435,0.25974239423484,0.26635473467184
"DS09","Icelandic River - Flow of Vatnsdalsa River (Daily)","mc.mars_UNDERTPhi",22,0.290344849408522,0.306601239970904,0.298251692846709
"DS09","Icelandic River - Flow of Vatnsdalsa River (Daily)","mc.mars_UNDERTPhi",23,0.228729317246701,0.238963033943161,0.233734212081783
"DS09","Icelandic River - Flow of Vatnsdalsa River (Daily)","mc.mars_UNDERTPhi",24,0.241073617712579,0.233334086319021,0.237140720298416
"DS09","Icelandic River - Flow of Vatnsdalsa River (Daily)","mc.mars_UNDERTPhi",25,0.216150191869708,0.249507465124417,0.231634058409771
"DS09","Icelandic River - Flow of Vatnsdalsa River (Daily)","mc.mars_UNDERTPhi",26,0.208703098906729,0.217889893591487,0.213197576203463
"DS09","Icelandic River - Flow of Vatnsdalsa River (Daily)","mc.mars_UNDERTPhi",27,0.194497208470902,0.207363305862303,0.200724294579858
"DS09","Icelandic River - Flow of Vatnsdalsa River (Daily)","mc.mars_UNDERTPhi",28,0.195909560684773,0.223890206981816,0.208967395743137
"DS09","Icelandic River - Flow of Vatnsdalsa River (Daily)","mc.mars_UNDERTPhi",29,0.205319589776814,0.234628942833363,0.218997972360548
"DS09","Icelandic River - Flow of Vatnsdalsa River (Daily)","mc.mars_UNDERTPhi",30,0.22879424235468,0.258698941188466,0.242829357395248
"DS09","Icelandic River - Flow of Vatnsdalsa River (Daily)","mc.mars_UNDERTPhi",31,0.210487903535284,0.241704843254811,0.225018849117657
"DS09","Icelandic River - Flow of Vatnsdalsa River (Daily)","mc.mars_UNDERTPhi",32,0.244136204532678,0.245048343084285,0.244591423417007
"DS09","Icelandic River - Flow of Vatnsdalsa River (Daily)","mc.mars_UNDERTPhi",33,0.200485156258837,0.258184620749016,0.225705667254413
"DS09","Icelandic River - Flow of Vatnsdalsa River (Daily)","mc.mars_UNDERTPhi",34,0.199201346376848,0.21379316909736,0.206239480354683
"DS09","Icelandic River - Flow of Vatnsdalsa River (Daily)","mc.mars_UNDERTPhi",35,0.170893993731034,0.213712959798328,0.189919921503593
"DS09","Icelandic River - Flow of Vatnsdalsa River (Daily)","mc.mars_UNDERTPhi",36,0.264199192694681,0.273258097928428,0.26865230086013
"DS09","Icelandic River - Flow of Vatnsdalsa River (Daily)","mc.mars_UNDERTPhi",37,0.227637663137542,0.267616071385355,0.246013277080682
"DS09","Icelandic River - Flow of Vatnsdalsa River (Daily)","mc.mars_UNDERTPhi",38,0.244974217194798,0.270606795929136,0.257153333085978
"DS09","Icelandic River - Flow of Vatnsdalsa River (Daily)","mc.mars_UNDERTPhi",39,0.194408850747113,0.224261061951001,0.208270687713154
"DS09","Icelandic River - Flow of Vatnsdalsa River (Daily)","mc.mars_UNDERTPhi",40,0.282233921462662,0.286418150143866,0.284310641706829
"DS09","Icelandic River - Flow of Vatnsdalsa River (Daily)","mc.mars_UNDERTPhi",41,0.222811184756566,0.228486009011113,0.225612917922432
"DS09","Icelandic River - Flow of Vatnsdalsa River (Daily)","mc.mars_UNDERTPhi",42,0.237248011389471,0.277797165088122,0.255926384700961
"DS09","Icelandic River - Flow of Vatnsdalsa River (Daily)","mc.mars_UNDERTPhi",43,0.288837335790271,0.269693859941109,0.278937529648204
"DS09","Icelandic River - Flow of Vatnsdalsa River (Daily)","mc.mars_UNDERTPhi",44,0.212384253104308,0.246411577370565,0.228136069858935
"DS09","Icelandic River - Flow of Vatnsdalsa River (Daily)","mc.mars_UNDERTPhi",45,0.300056052868754,0.335923623953061,0.316978420355918
"DS09","Icelandic River - Flow of Vatnsdalsa River (Daily)","mc.mars_UNDERTPhi",46,0.243389587029935,0.227983394425891,0.235434725374477
"DS09","Icelandic River - Flow of Vatnsdalsa River (Daily)","mc.mars_UNDERTPhi",47,0.242678796350957,0.209114206408219,0.224649711709159
"DS09","Icelandic River - Flow of Vatnsdalsa River (Daily)","mc.mars_UNDERTPhi",48,0.235195246906315,0.251301376282975,0.242981703985123
"DS09","Icelandic River - Flow of Vatnsdalsa River (Daily)","mc.mars_UNDERTPhi",49,0.21804074562326,0.225628700392533,0.221769835671055
"DS09","Icelandic River - Flow of Vatnsdalsa River (Daily)","mc.mars_UNDERTPhi",50,0.284721065300727,0.284407840805518,0.284564366860361
"DS09","Icelandic River - Flow of Vatnsdalsa River (Daily)","mc.mars_OVERB",1,0.285252205113227,0.341897581968269,0.311016733763654
"DS09","Icelandic River - Flow of Vatnsdalsa River (Daily)","mc.mars_OVERB",2,0.371310689380844,0.377163625458137,0.374214272959699
"DS09","Icelandic River - Flow of Vatnsdalsa River (Daily)","mc.mars_OVERB",3,0.283579326997418,0.283421347566438,0.283500315273576
"DS09","Icelandic River - Flow of Vatnsdalsa River (Daily)","mc.mars_OVERB",4,0.305273857531388,0.302351856908233,0.30380583144108
"DS09","Icelandic River - Flow of Vatnsdalsa River (Daily)","mc.mars_OVERB",5,0.298531979440998,0.303025714672864,0.300762062585108
"DS09","Icelandic River - Flow of Vatnsdalsa River (Daily)","mc.mars_OVERB",6,0.240101134722963,0.25315347242786,0.246454610287713
"DS09","Icelandic River - Flow of Vatnsdalsa River (Daily)","mc.mars_OVERB",7,0.268767754485446,0.2655243731257,0.267136219450677
"DS09","Icelandic River - Flow of Vatnsdalsa River (Daily)","mc.mars_OVERB",8,0.240258116336991,0.270200964207786,0.2543513365409
"DS09","Icelandic River - Flow of Vatnsdalsa River (Daily)","mc.mars_OVERB",9,0.269453844020578,0.271585232056079,0.270515339806483
"DS09","Icelandic River - Flow of Vatnsdalsa River (Daily)","mc.mars_OVERB",10,0.254797263310962,0.272797679734817,0.263490403576444
"DS09","Icelandic River - Flow of Vatnsdalsa River (Daily)","mc.mars_OVERB",11,0.238770180340485,0.241453749651185,0.240104466885271
"DS09","Icelandic River - Flow of Vatnsdalsa River (Daily)","mc.mars_OVERB",12,0.31754300656123,0.31204608812067,0.314770550648029
"DS09","Icelandic River - Flow of Vatnsdalsa River (Daily)","mc.mars_OVERB",13,0.300580506504078,0.316631916073177,0.308397492426425
"DS09","Icelandic River - Flow of Vatnsdalsa River (Daily)","mc.mars_OVERB",14,0.252973023882009,0.255270419196311,0.254116529120741
"DS09","Icelandic River - Flow of Vatnsdalsa River (Daily)","mc.mars_OVERB",15,0.298103946355276,0.315753499525977,0.306674994058444
"DS09","Icelandic River - Flow of Vatnsdalsa River (Daily)","mc.mars_OVERB",16,0.270024652480793,0.290815018592218,0.280034485368409
"DS09","Icelandic River - Flow of Vatnsdalsa River (Daily)","mc.mars_OVERB",17,0.206634711539069,0.253220621650586,0.227567960330398
"DS09","Icelandic River - Flow of Vatnsdalsa River (Daily)","mc.mars_OVERB",18,0.278738656870348,0.289149052702994,0.283848434213585
"DS09","Icelandic River - Flow of Vatnsdalsa River (Daily)","mc.mars_OVERB",19,0.278277531917753,0.292125047334548,0.285033203356739
"DS09","Icelandic River - Flow of Vatnsdalsa River (Daily)","mc.mars_OVERB",20,0.297024108488349,0.298005967766612,0.29751422804436
"DS09","Icelandic River - Flow of Vatnsdalsa River (Daily)","mc.mars_OVERB",21,0.266888684385288,0.27887292837081,0.272749226856379
"DS09","Icelandic River - Flow of Vatnsdalsa River (Daily)","mc.mars_OVERB",22,0.244867056904333,0.244864795473064,0.244865926183477
"DS09","Icelandic River - Flow of Vatnsdalsa River (Daily)","mc.mars_OVERB",23,0.29596945939648,0.299215797970721,0.297583775377837
"DS09","Icelandic River - Flow of Vatnsdalsa River (Daily)","mc.mars_OVERB",24,0.276092390238878,0.272685460763677,0.274378350030322
"DS09","Icelandic River - Flow of Vatnsdalsa River (Daily)","mc.mars_OVERB",25,0.240079673424536,0.246635975913477,0.24331366633715
"DS09","Icelandic River - Flow of Vatnsdalsa River (Daily)","mc.mars_OVERB",26,0.252695834078196,0.280921644875402,0.266062234324155
"DS09","Icelandic River - Flow of Vatnsdalsa River (Daily)","mc.mars_OVERB",27,0.257951948402712,0.253195670776891,0.255551680780036
"DS09","Icelandic River - Flow of Vatnsdalsa River (Daily)","mc.mars_OVERB",28,0.233251921871822,0.2561843788459,0.244180902118286
"DS09","Icelandic River - Flow of Vatnsdalsa River (Daily)","mc.mars_OVERB",29,0.213600227062315,0.255051966395407,0.232492917755494
"DS09","Icelandic River - Flow of Vatnsdalsa River (Daily)","mc.mars_OVERB",30,0.202500256764472,0.22781838798031,0.214414516429062
"DS09","Icelandic River - Flow of Vatnsdalsa River (Daily)","mc.mars_OVERB",31,0.224598157808084,0.24158423698574,0.232781740316323
"DS09","Icelandic River - Flow of Vatnsdalsa River (Daily)","mc.mars_OVERB",32,0.243684769067933,0.274944900894255,0.258372740941362
"DS09","Icelandic River - Flow of Vatnsdalsa River (Daily)","mc.mars_OVERB",33,0.212390074517401,0.253601391329012,0.23117341131667
"DS09","Icelandic River - Flow of Vatnsdalsa River (Daily)","mc.mars_OVERB",34,0.243824714003428,0.230519794975196,0.236985659233125
"DS09","Icelandic River - Flow of Vatnsdalsa River (Daily)","mc.mars_OVERB",35,0.207423000937932,0.262934600937092,0.231903061667877
"DS09","Icelandic River - Flow of Vatnsdalsa River (Daily)","mc.mars_OVERB",36,0.213815492326261,0.235957857864007,0.224341640188775
"DS09","Icelandic River - Flow of Vatnsdalsa River (Daily)","mc.mars_OVERB",37,0.287411430182211,0.274640082697146,0.280880656468549
"DS09","Icelandic River - Flow of Vatnsdalsa River (Daily)","mc.mars_OVERB",38,0.238908459098979,0.287436773408052,0.260935493976884
"DS09","Icelandic River - Flow of Vatnsdalsa River (Daily)","mc.mars_OVERB",39,0.231046307227906,0.249776009994899,0.240046365055473
"DS09","Icelandic River - Flow of Vatnsdalsa River (Daily)","mc.mars_OVERB",40,0.246912911862247,0.255113445898963,0.250946201562136
"DS09","Icelandic River - Flow of Vatnsdalsa River (Daily)","mc.mars_OVERB",41,0.243620032247762,0.224574845458578,0.233710079703053
"DS09","Icelandic River - Flow of Vatnsdalsa River (Daily)","mc.mars_OVERB",42,0.211115226779371,0.211072894918949,0.2110940587269
"DS09","Icelandic River - Flow of Vatnsdalsa River (Daily)","mc.mars_OVERB",43,0.237448269652376,0.226757321496669,0.231979685928013
"DS09","Icelandic River - Flow of Vatnsdalsa River (Daily)","mc.mars_OVERB",44,0.275375879956359,0.277919332542457,0.276641760228232
"DS09","Icelandic River - Flow of Vatnsdalsa River (Daily)","mc.mars_OVERB",45,0.25665787714236,0.275445258939881,0.265719897645974
"DS09","Icelandic River - Flow of Vatnsdalsa River (Daily)","mc.mars_OVERB",46,0.279351163996214,0.265608237800341,0.272306414576579
"DS09","Icelandic River - Flow of Vatnsdalsa River (Daily)","mc.mars_OVERB",47,0.199877051640546,0.229533340146798,0.213681122577345
"DS09","Icelandic River - Flow of Vatnsdalsa River (Daily)","mc.mars_OVERB",48,0.159827935717128,0.195002419301288,0.175671746771232
"DS09","Icelandic River - Flow of Vatnsdalsa River (Daily)","mc.mars_OVERB",49,0.247236498769069,0.238010544267344,0.242535815433554
"DS09","Icelandic River - Flow of Vatnsdalsa River (Daily)","mc.mars_OVERB",50,0.207591415732772,0.225015393167729,0.215952514238391
"DS09","Icelandic River - Flow of Vatnsdalsa River (Daily)","mc.mars_OVERT",1,0.314492290316003,0.340881864363724,0.327155770441775
"DS09","Icelandic River - Flow of Vatnsdalsa River (Daily)","mc.mars_OVERT",2,0.333289811064653,0.359915501521351,0.346091316160848
"DS09","Icelandic River - Flow of Vatnsdalsa River (Daily)","mc.mars_OVERT",3,0.278129887571314,0.30785367951473,0.29223791956362
"DS09","Icelandic River - Flow of Vatnsdalsa River (Daily)","mc.mars_OVERT",4,0.279111989371298,0.261760822912167,0.270158093966804
"DS09","Icelandic River - Flow of Vatnsdalsa River (Daily)","mc.mars_OVERT",5,0.280611721381086,0.276026834217795,0.278300395537254
"DS09","Icelandic River - Flow of Vatnsdalsa River (Daily)","mc.mars_OVERT",6,0.215249347835612,0.226298433265464,0.220635646974121
"DS09","Icelandic River - Flow of Vatnsdalsa River (Daily)","mc.mars_OVERT",7,0.282537282284999,0.293310473668045,0.287823103378223
"DS09","Icelandic River - Flow of Vatnsdalsa River (Daily)","mc.mars_OVERT",8,0.30801516994818,0.304753744858507,0.306375778035511
"DS09","Icelandic River - Flow of Vatnsdalsa River (Daily)","mc.mars_OVERT",9,0.308315161085498,0.300689579950384,0.304454629109927
"DS09","Icelandic River - Flow of Vatnsdalsa River (Daily)","mc.mars_OVERT",10,0.340214381821004,0.347217933193898,0.343680481462871
"DS09","Icelandic River - Flow of Vatnsdalsa River (Daily)","mc.mars_OVERT",11,0.317136937087894,0.301831261843051,0.309294862203279
"DS09","Icelandic River - Flow of Vatnsdalsa River (Daily)","mc.mars_OVERT",12,0.3365767433161,0.33844847509286,0.33751001420525
"DS09","Icelandic River - Flow of Vatnsdalsa River (Daily)","mc.mars_OVERT",13,0.281782040164277,0.300886592960917,0.29102111630021
"DS09","Icelandic River - Flow of Vatnsdalsa River (Daily)","mc.mars_OVERT",14,0.252724945395542,0.270960509948903,0.26152523192054
"DS09","Icelandic River - Flow of Vatnsdalsa River (Daily)","mc.mars_OVERT",15,0.261937477578423,0.288161476428853,0.274424409358355
"DS09","Icelandic River - Flow of Vatnsdalsa River (Daily)","mc.mars_OVERT",16,0.29476434412741,0.316224420376277,0.305117505540386
"DS09","Icelandic River - Flow of Vatnsdalsa River (Daily)","mc.mars_OVERT",17,0.293205958068838,0.283794534670515,0.28842349176418
"DS09","Icelandic River - Flow of Vatnsdalsa River (Daily)","mc.mars_OVERT",18,0.302751530107357,0.289635520593504,0.296048324923308
"DS09","Icelandic River - Flow of Vatnsdalsa River (Daily)","mc.mars_OVERT",19,0.313911193047053,0.307313981739734,0.310577557263579
"DS09","Icelandic River - Flow of Vatnsdalsa River (Daily)","mc.mars_OVERT",20,0.292088480864875,0.277805269964117,0.284767885810435
"DS09","Icelandic River - Flow of Vatnsdalsa River (Daily)","mc.mars_OVERT",21,0.265586220154864,0.283367943409703,0.274189088992632
"DS09","Icelandic River - Flow of Vatnsdalsa River (Daily)","mc.mars_OVERT",22,0.298761474364524,0.308806404827197,0.303700903089607
"DS09","Icelandic River - Flow of Vatnsdalsa River (Daily)","mc.mars_OVERT",23,0.287841168160987,0.313012056317369,0.299899383970468
"DS09","Icelandic River - Flow of Vatnsdalsa River (Daily)","mc.mars_OVERT",24,0.277046436154745,0.286727779536187,0.281803982006202
"DS09","Icelandic River - Flow of Vatnsdalsa River (Daily)","mc.mars_OVERT",25,0.327853168426422,0.354978097331883,0.340876874766407
"DS09","Icelandic River - Flow of Vatnsdalsa River (Daily)","mc.mars_OVERT",26,0.218780962124497,0.259543281584049,0.237425259558898
"DS09","Icelandic River - Flow of Vatnsdalsa River (Daily)","mc.mars_OVERT",27,0.239710607344968,0.261255953038409,0.250019973897657
"DS09","Icelandic River - Flow of Vatnsdalsa River (Daily)","mc.mars_OVERT",28,0.20683067382087,0.252181848532138,0.227265876712537
"DS09","Icelandic River - Flow of Vatnsdalsa River (Daily)","mc.mars_OVERT",29,0.266144896181852,0.263819541005502,0.264977117046935
"DS09","Icelandic River - Flow of Vatnsdalsa River (Daily)","mc.mars_OVERT",30,0.267742673829035,0.28164911188055,0.274519890023743
"DS09","Icelandic River - Flow of Vatnsdalsa River (Daily)","mc.mars_OVERT",31,0.228328449271234,0.223822096160158,0.226052816457966
"DS09","Icelandic River - Flow of Vatnsdalsa River (Daily)","mc.mars_OVERT",32,0.294491101932031,0.295234316956575,0.294862241117388
"DS09","Icelandic River - Flow of Vatnsdalsa River (Daily)","mc.mars_OVERT",33,0.220026700458357,0.23869469434105,0.228980843746097
"DS09","Icelandic River - Flow of Vatnsdalsa River (Daily)","mc.mars_OVERT",34,0.244225755199816,0.264976721838992,0.254178417897081
"DS09","Icelandic River - Flow of Vatnsdalsa River (Daily)","mc.mars_OVERT",35,0.237053894029357,0.266278112455234,0.250817602056199
"DS09","Icelandic River - Flow of Vatnsdalsa River (Daily)","mc.mars_OVERT",36,0.208936986846907,0.22213966128139,0.215336143532009
"DS09","Icelandic River - Flow of Vatnsdalsa River (Daily)","mc.mars_OVERT",37,0.231272795059667,0.23206706133689,0.231669247424857
"DS09","Icelandic River - Flow of Vatnsdalsa River (Daily)","mc.mars_OVERT",38,0.217117149480672,0.267011138343761,0.239493120706924
"DS09","Icelandic River - Flow of Vatnsdalsa River (Daily)","mc.mars_OVERT",39,0.240855004743,0.260630029761716,0.250352623648776
"DS09","Icelandic River - Flow of Vatnsdalsa River (Daily)","mc.mars_OVERT",40,0.24127227078925,0.259737298908792,0.250164514638553
"DS09","Icelandic River - Flow of Vatnsdalsa River (Daily)","mc.mars_OVERT",41,0.197638517224816,0.222869922836985,0.20949725088532
"DS09","Icelandic River - Flow of Vatnsdalsa River (Daily)","mc.mars_OVERT",42,0.238479777971718,0.25586829856273,0.246868220703956
"DS09","Icelandic River - Flow of Vatnsdalsa River (Daily)","mc.mars_OVERT",43,0.253022043697373,0.266958708947912,0.259803609180477
"DS09","Icelandic River - Flow of Vatnsdalsa River (Daily)","mc.mars_OVERT",44,0.1740957565823,0.206055546043956,0.188732201829492
"DS09","Icelandic River - Flow of Vatnsdalsa River (Daily)","mc.mars_OVERT",45,0.27676176613514,0.2662547946915,0.271406629324862
"DS09","Icelandic River - Flow of Vatnsdalsa River (Daily)","mc.mars_OVERT",46,0.209360990369283,0.217378902652032,0.213294623206667
"DS09","Icelandic River - Flow of Vatnsdalsa River (Daily)","mc.mars_OVERT",47,0.324217997803033,0.310445596693915,0.317182364514381
"DS09","Icelandic River - Flow of Vatnsdalsa River (Daily)","mc.mars_OVERT",48,0.168022877628133,0.210008462098335,0.186684131286855
"DS09","Icelandic River - Flow of Vatnsdalsa River (Daily)","mc.mars_OVERT",49,0.248142963449273,0.233416487947914,0.240554551963489
"DS09","Icelandic River - Flow of Vatnsdalsa River (Daily)","mc.mars_OVERT",50,0.192200551295305,0.219215773810403,0.204821199392906
"DS09","Icelandic River - Flow of Vatnsdalsa River (Daily)","mc.mars_OVERTPhi",1,0.370392351399763,0.358668483201792,0.364436152817623
"DS09","Icelandic River - Flow of Vatnsdalsa River (Daily)","mc.mars_OVERTPhi",2,0.35836261701845,0.387948732711461,0.372569231792559
"DS09","Icelandic River - Flow of Vatnsdalsa River (Daily)","mc.mars_OVERTPhi",3,0.30041196033361,0.313702562976424,0.30691344473496
"DS09","Icelandic River - Flow of Vatnsdalsa River (Daily)","mc.mars_OVERTPhi",4,0.236030763650565,0.25782046157099,0.246444910213765
"DS09","Icelandic River - Flow of Vatnsdalsa River (Daily)","mc.mars_OVERTPhi",5,0.30683173730383,0.293644362509628,0.300093242433112
"DS09","Icelandic River - Flow of Vatnsdalsa River (Daily)","mc.mars_OVERTPhi",6,0.261249819321494,0.276945043660279,0.268868573800124
"DS09","Icelandic River - Flow of Vatnsdalsa River (Daily)","mc.mars_OVERTPhi",7,0.299424662601723,0.298792729857853,0.299108362455647
"DS09","Icelandic River - Flow of Vatnsdalsa River (Daily)","mc.mars_OVERTPhi",8,0.279151265554904,0.308396262465471,0.293045933661568
"DS09","Icelandic River - Flow of Vatnsdalsa River (Daily)","mc.mars_OVERTPhi",9,0.281280592531707,0.303600931455175,0.292014865885232
"DS09","Icelandic River - Flow of Vatnsdalsa River (Daily)","mc.mars_OVERTPhi",10,0.271898641601053,0.308620394537569,0.289098068526071
"DS09","Icelandic River - Flow of Vatnsdalsa River (Daily)","mc.mars_OVERTPhi",11,0.240502853956344,0.257428723390979,0.248678113550059
"DS09","Icelandic River - Flow of Vatnsdalsa River (Daily)","mc.mars_OVERTPhi",12,0.276669327890223,0.296877336630047,0.28641733366186
"DS09","Icelandic River - Flow of Vatnsdalsa River (Daily)","mc.mars_OVERTPhi",13,0.274843944642465,0.280562233826815,0.277673652371617
"DS09","Icelandic River - Flow of Vatnsdalsa River (Daily)","mc.mars_OVERTPhi",14,0.238894235342053,0.25234194130453,0.245434021265275
"DS09","Icelandic River - Flow of Vatnsdalsa River (Daily)","mc.mars_OVERTPhi",15,0.318509223522044,0.326670082793199,0.322538039890277
"DS09","Icelandic River - Flow of Vatnsdalsa River (Daily)","mc.mars_OVERTPhi",16,0.314374083263144,0.327627861824176,0.32086416404371
"DS09","Icelandic River - Flow of Vatnsdalsa River (Daily)","mc.mars_OVERTPhi",17,0.309269455677545,0.287125045840706,0.297786134555192
"DS09","Icelandic River - Flow of Vatnsdalsa River (Daily)","mc.mars_OVERTPhi",18,0.269381181786567,0.277006108468155,0.273140441559181
"DS09","Icelandic River - Flow of Vatnsdalsa River (Daily)","mc.mars_OVERTPhi",19,0.356785365548661,0.335212021852954,0.345662414137701
"DS09","Icelandic River - Flow of Vatnsdalsa River (Daily)","mc.mars_OVERTPhi",20,0.310191061477702,0.30493105680441,0.307538569583015
"DS09","Icelandic River - Flow of Vatnsdalsa River (Daily)","mc.mars_OVERTPhi",21,0.192404932496283,0.248051766448893,0.216713168370376
"DS09","Icelandic River - Flow of Vatnsdalsa River (Daily)","mc.mars_OVERTPhi",22,0.319508365308571,0.329602693036919,0.324477040714586
"DS09","Icelandic River - Flow of Vatnsdalsa River (Daily)","mc.mars_OVERTPhi",23,0.245883379342293,0.244748498270505,0.245314626259145
"DS09","Icelandic River - Flow of Vatnsdalsa River (Daily)","mc.mars_OVERTPhi",24,0.250105606641393,0.268025961747939,0.258755883054939
"DS09","Icelandic River - Flow of Vatnsdalsa River (Daily)","mc.mars_OVERTPhi",25,0.298820166760913,0.309516099870286,0.304074103918245
"DS09","Icelandic River - Flow of Vatnsdalsa River (Daily)","mc.mars_OVERTPhi",26,0.227753220913268,0.280133622062023,0.251242321368147
"DS09","Icelandic River - Flow of Vatnsdalsa River (Daily)","mc.mars_OVERTPhi",27,0.228986572894309,0.268763297055482,0.247285594745481
"DS09","Icelandic River - Flow of Vatnsdalsa River (Daily)","mc.mars_OVERTPhi",28,0.167855221150008,0.196567217037366,0.181080143422364
"DS09","Icelandic River - Flow of Vatnsdalsa River (Daily)","mc.mars_OVERTPhi",29,0.265568199462847,0.275563111113611,0.27047335028115
"DS09","Icelandic River - Flow of Vatnsdalsa River (Daily)","mc.mars_OVERTPhi",30,0.295934624621269,0.285319604449336,0.290530187366763
"DS09","Icelandic River - Flow of Vatnsdalsa River (Daily)","mc.mars_OVERTPhi",31,0.27823063912599,0.293710373662808,0.285761024843004
"DS09","Icelandic River - Flow of Vatnsdalsa River (Daily)","mc.mars_OVERTPhi",32,0.23684264211336,0.255033561037016,0.245601726762616
"DS09","Icelandic River - Flow of Vatnsdalsa River (Daily)","mc.mars_OVERTPhi",33,0.228903397425648,0.256047402663761,0.241715738425185
"DS09","Icelandic River - Flow of Vatnsdalsa River (Daily)","mc.mars_OVERTPhi",34,0.246749398395087,0.263490222432273,0.254845179457944
"DS09","Icelandic River - Flow of Vatnsdalsa River (Daily)","mc.mars_OVERTPhi",35,0.227633677721607,0.266297129892263,0.24545217309657
"DS09","Icelandic River - Flow of Vatnsdalsa River (Daily)","mc.mars_OVERTPhi",36,0.225736450935013,0.246475017032716,0.235650336187576
"DS09","Icelandic River - Flow of Vatnsdalsa River (Daily)","mc.mars_OVERTPhi",37,0.235104187061827,0.227408182150293,0.231192155516741
"DS09","Icelandic River - Flow of Vatnsdalsa River (Daily)","mc.mars_OVERTPhi",38,0.214285492312756,0.258865193755695,0.23447521950143
"DS09","Icelandic River - Flow of Vatnsdalsa River (Daily)","mc.mars_OVERTPhi",39,0.324779794798963,0.325661365103364,0.325219982536478
"DS09","Icelandic River - Flow of Vatnsdalsa River (Daily)","mc.mars_OVERTPhi",40,0.24858720610997,0.262341827293691,0.255279373960335
"DS09","Icelandic River - Flow of Vatnsdalsa River (Daily)","mc.mars_OVERTPhi",41,0.202553417186223,0.227781986820345,0.214428184966273
"DS09","Icelandic River - Flow of Vatnsdalsa River (Daily)","mc.mars_OVERTPhi",42,0.236655794539446,0.259446375035433,0.247527593265734
"DS09","Icelandic River - Flow of Vatnsdalsa River (Daily)","mc.mars_OVERTPhi",43,0.259284885655226,0.27501280285218,0.266917355904909
"DS09","Icelandic River - Flow of Vatnsdalsa River (Daily)","mc.mars_OVERTPhi",44,0.247759407586385,0.270941416091308,0.258832381508267
"DS09","Icelandic River - Flow of Vatnsdalsa River (Daily)","mc.mars_OVERTPhi",45,0.257474279705131,0.261220933578552,0.259334075173951
"DS09","Icelandic River - Flow of Vatnsdalsa River (Daily)","mc.mars_OVERTPhi",46,0.211285532579715,0.216260864297724,0.213744249620667
"DS09","Icelandic River - Flow of Vatnsdalsa River (Daily)","mc.mars_OVERTPhi",47,0.269869540495497,0.241812025264201,0.25507153085512
"DS09","Icelandic River - Flow of Vatnsdalsa River (Daily)","mc.mars_OVERTPhi",48,0.174852728955429,0.197522776480023,0.185497681744655
"DS09","Icelandic River - Flow of Vatnsdalsa River (Daily)","mc.mars_OVERTPhi",49,0.241750271904007,0.232158732973889,0.236857439903629
"DS09","Icelandic River - Flow of Vatnsdalsa River (Daily)","mc.mars_OVERTPhi",50,0.199914867612576,0.21425485054919,0.206836609267334
"DS09","Icelandic River - Flow of Vatnsdalsa River (Daily)","mc.mars_SMOTEB",1,0.384754270561191,0.380152500187079,0.38243954297439
"DS09","Icelandic River - Flow of Vatnsdalsa River (Daily)","mc.mars_SMOTEB",2,0.424119047310593,0.380378605085496,0.401059744862413
"DS09","Icelandic River - Flow of Vatnsdalsa River (Daily)","mc.mars_SMOTEB",3,0.351077597412914,0.354574618863746,0.352817442992281
"DS09","Icelandic River - Flow of Vatnsdalsa River (Daily)","mc.mars_SMOTEB",4,0.244566965335824,0.252110891900345,0.248281637129062
"DS09","Icelandic River - Flow of Vatnsdalsa River (Daily)","mc.mars_SMOTEB",5,0.314503156011338,0.288487401585959,0.300934059829467
"DS09","Icelandic River - Flow of Vatnsdalsa River (Daily)","mc.mars_SMOTEB",6,0.288378419540623,0.301922153898144,0.2949949143984
"DS09","Icelandic River - Flow of Vatnsdalsa River (Daily)","mc.mars_SMOTEB",7,0.282278735681626,0.255626306501567,0.268292226127345
"DS09","Icelandic River - Flow of Vatnsdalsa River (Daily)","mc.mars_SMOTEB",8,0.322975728536436,0.292610394018804,0.30704413801036
"DS09","Icelandic River - Flow of Vatnsdalsa River (Daily)","mc.mars_SMOTEB",9,0.286134509019481,0.27925946618037,0.282655188238672
"DS09","Icelandic River - Flow of Vatnsdalsa River (Daily)","mc.mars_SMOTEB",10,0.28265234040394,0.290662118760172,0.286601277261047
"DS09","Icelandic River - Flow of Vatnsdalsa River (Daily)","mc.mars_SMOTEB",11,0.337193223552303,0.317132387027182,0.326855284725378
"DS09","Icelandic River - Flow of Vatnsdalsa River (Daily)","mc.mars_SMOTEB",12,0.286934314841258,0.28722755976201,0.287080862416321
"DS09","Icelandic River - Flow of Vatnsdalsa River (Daily)","mc.mars_SMOTEB",13,0.282849883890879,0.272689150258462,0.277676597854235
"DS09","Icelandic River - Flow of Vatnsdalsa River (Daily)","mc.mars_SMOTEB",14,0.270048587591845,0.268994435350959,0.269520480721629
"DS09","Icelandic River - Flow of Vatnsdalsa River (Daily)","mc.mars_SMOTEB",15,0.288941345807695,0.300535410953828,0.294624360020351
"DS09","Icelandic River - Flow of Vatnsdalsa River (Daily)","mc.mars_SMOTEB",16,0.282202827821685,0.279315565085647,0.280751773467872
"DS09","Icelandic River - Flow of Vatnsdalsa River (Daily)","mc.mars_SMOTEB",17,0.316022655058289,0.30574677829118,0.310799802848427
"DS09","Icelandic River - Flow of Vatnsdalsa River (Daily)","mc.mars_SMOTEB",18,0.231005908735305,0.248568291142657,0.2394655258469
"DS09","Icelandic River - Flow of Vatnsdalsa River (Daily)","mc.mars_SMOTEB",19,0.296124514210937,0.27750588647816,0.286513042981345
"DS09","Icelandic River - Flow of Vatnsdalsa River (Daily)","mc.mars_SMOTEB",20,0.258878909592816,0.257563757273235,0.258219658875776
"DS09","Icelandic River - Flow of Vatnsdalsa River (Daily)","mc.mars_SMOTEB",21,0.281591188309153,0.260282227194024,0.270517724451416
"DS09","Icelandic River - Flow of Vatnsdalsa River (Daily)","mc.mars_SMOTEB",22,0.327419367989964,0.313672658306879,0.320398630230401
"DS09","Icelandic River - Flow of Vatnsdalsa River (Daily)","mc.mars_SMOTEB",23,0.243866468802074,0.259843718734384,0.251601701518364
"DS09","Icelandic River - Flow of Vatnsdalsa River (Daily)","mc.mars_SMOTEB",24,0.275671421504343,0.286534560546859,0.280998040354828
"DS09","Icelandic River - Flow of Vatnsdalsa River (Daily)","mc.mars_SMOTEB",25,0.278585708990163,0.293590646812839,0.285891430730127
"DS09","Icelandic River - Flow of Vatnsdalsa River (Daily)","mc.mars_SMOTEB",26,0.219842943349499,0.240069854043785,0.229511610120902
"DS09","Icelandic River - Flow of Vatnsdalsa River (Daily)","mc.mars_SMOTEB",27,0.216798658776989,0.277897108337993,0.243574836781157
"DS09","Icelandic River - Flow of Vatnsdalsa River (Daily)","mc.mars_SMOTEB",28,0.264400767290803,0.298034643409862,0.280212045321403
"DS09","Icelandic River - Flow of Vatnsdalsa River (Daily)","mc.mars_SMOTEB",29,0.23648859338196,0.25412975103174,0.244992010764796
"DS09","Icelandic River - Flow of Vatnsdalsa River (Daily)","mc.mars_SMOTEB",30,0.220308532120639,0.241558787030596,0.230444803452859
"DS09","Icelandic River - Flow of Vatnsdalsa River (Daily)","mc.mars_SMOTEB",31,0.201502309246223,0.239838830675142,0.219005544040448
"DS09","Icelandic River - Flow of Vatnsdalsa River (Daily)","mc.mars_SMOTEB",32,0.267947295847669,0.29404039927149,0.280388095821419
"DS09","Icelandic River - Flow of Vatnsdalsa River (Daily)","mc.mars_SMOTEB",33,0.299035557657459,0.30106665484458,0.300047669040076
"DS09","Icelandic River - Flow of Vatnsdalsa River (Daily)","mc.mars_SMOTEB",34,0.230801350634066,0.26243461672342,0.24560359747244
"DS09","Icelandic River - Flow of Vatnsdalsa River (Daily)","mc.mars_SMOTEB",35,0.230949999436984,0.243765710906621,0.237184864835803
"DS09","Icelandic River - Flow of Vatnsdalsa River (Daily)","mc.mars_SMOTEB",36,0.275578210685128,0.286168406670209,0.280773484088132
"DS09","Icelandic River - Flow of Vatnsdalsa River (Daily)","mc.mars_SMOTEB",37,0.255453079469585,0.244282840450559,0.249743119784723
"DS09","Icelandic River - Flow of Vatnsdalsa River (Daily)","mc.mars_SMOTEB",38,0.264064118105529,0.303975253957873,0.282617583604154
"DS09","Icelandic River - Flow of Vatnsdalsa River (Daily)","mc.mars_SMOTEB",39,0.280623429934238,0.292533663588143,0.286454799129613
"DS09","Icelandic River - Flow of Vatnsdalsa River (Daily)","mc.mars_SMOTEB",40,0.289585947502379,0.263916041200851,0.276155744376928
"DS09","Icelandic River - Flow of Vatnsdalsa River (Daily)","mc.mars_SMOTEB",41,0.254760401218938,0.288544051087156,0.270601862039911
"DS09","Icelandic River - Flow of Vatnsdalsa River (Daily)","mc.mars_SMOTEB",42,0.323443127202148,0.335757401714811,0.329485245317777
"DS09","Icelandic River - Flow of Vatnsdalsa River (Daily)","mc.mars_SMOTEB",43,0.318079790811879,0.311406714413442,0.314707882554486
"DS09","Icelandic River - Flow of Vatnsdalsa River (Daily)","mc.mars_SMOTEB",44,0.303127369480913,0.299764911342545,0.30143676384058
"DS09","Icelandic River - Flow of Vatnsdalsa River (Daily)","mc.mars_SMOTEB",45,0.250392300744273,0.290380305185433,0.268907825244595
"DS09","Icelandic River - Flow of Vatnsdalsa River (Daily)","mc.mars_SMOTEB",46,0.216687339937484,0.21806213842967,0.21737256543641
"DS09","Icelandic River - Flow of Vatnsdalsa River (Daily)","mc.mars_SMOTEB",47,0.256589754847046,0.250664794564745,0.253592671611268
"DS09","Icelandic River - Flow of Vatnsdalsa River (Daily)","mc.mars_SMOTEB",48,0.273201574653836,0.260075351201283,0.266476916708538
"DS09","Icelandic River - Flow of Vatnsdalsa River (Daily)","mc.mars_SMOTEB",49,0.205048103975716,0.172504207981456,0.187373562042669
"DS09","Icelandic River - Flow of Vatnsdalsa River (Daily)","mc.mars_SMOTEB",50,0.248615595691161,0.21662243181397,0.231518971973563
"DS09","Icelandic River - Flow of Vatnsdalsa River (Daily)","mc.mars_SMOTET",1,0.33880937523688,0.337050780065311,0.337927789709608
"DS09","Icelandic River - Flow of Vatnsdalsa River (Daily)","mc.mars_SMOTET",2,0.342475038914716,0.356765508062747,0.349474245409157
"DS09","Icelandic River - Flow of Vatnsdalsa River (Daily)","mc.mars_SMOTET",3,0.329011810071302,0.320000524220725,0.324443608032426
"DS09","Icelandic River - Flow of Vatnsdalsa River (Daily)","mc.mars_SMOTET",4,0.325150519750302,0.314923812369684,0.319955468092585
"DS09","Icelandic River - Flow of Vatnsdalsa River (Daily)","mc.mars_SMOTET",5,0.276908468006379,0.28752991528109,0.28211925589738
"DS09","Icelandic River - Flow of Vatnsdalsa River (Daily)","mc.mars_SMOTET",6,0.303722560314606,0.302765281596194,0.30324316547237
"DS09","Icelandic River - Flow of Vatnsdalsa River (Daily)","mc.mars_SMOTET",7,0.276184091387916,0.251153465365582,0.263074726017832
"DS09","Icelandic River - Flow of Vatnsdalsa River (Daily)","mc.mars_SMOTET",8,0.301183910463274,0.296299016661866,0.298721494634281
"DS09","Icelandic River - Flow of Vatnsdalsa River (Daily)","mc.mars_SMOTET",9,0.303941656344271,0.283580775964115,0.293408407965894
"DS09","Icelandic River - Flow of Vatnsdalsa River (Daily)","mc.mars_SMOTET",10,0.314186206953343,0.310056982941173,0.31210793801738
"DS09","Icelandic River - Flow of Vatnsdalsa River (Daily)","mc.mars_SMOTET",11,0.31482051686109,0.301686875701301,0.308113801340604
"DS09","Icelandic River - Flow of Vatnsdalsa River (Daily)","mc.mars_SMOTET",12,0.297634511153619,0.277195791536746,0.287051790838941
"DS09","Icelandic River - Flow of Vatnsdalsa River (Daily)","mc.mars_SMOTET",13,0.269371898734381,0.264155237201092,0.266738064524969
"DS09","Icelandic River - Flow of Vatnsdalsa River (Daily)","mc.mars_SMOTET",14,0.28337719189163,0.260425691848924,0.271417101523839
"DS09","Icelandic River - Flow of Vatnsdalsa River (Daily)","mc.mars_SMOTET",15,0.306245712125079,0.288068115736738,0.296878925269896
"DS09","Icelandic River - Flow of Vatnsdalsa River (Daily)","mc.mars_SMOTET",16,0.339341879528194,0.334451622966828,0.336879005002447
"DS09","Icelandic River - Flow of Vatnsdalsa River (Daily)","mc.mars_SMOTET",17,0.232576329014045,0.225433697628789,0.228949318925948
"DS09","Icelandic River - Flow of Vatnsdalsa River (Daily)","mc.mars_SMOTET",18,0.309956983211746,0.300802529951726,0.305311150188643
"DS09","Icelandic River - Flow of Vatnsdalsa River (Daily)","mc.mars_SMOTET",19,0.27264406689307,0.277714562307798,0.275155957172762
"DS09","Icelandic River - Flow of Vatnsdalsa River (Daily)","mc.mars_SMOTET",20,0.281955796140403,0.265681681832234,0.27357693048419
"DS09","Icelandic River - Flow of Vatnsdalsa River (Daily)","mc.mars_SMOTET",21,0.260458772847701,0.267573533307227,0.263968220578064
"DS09","Icelandic River - Flow of Vatnsdalsa River (Daily)","mc.mars_SMOTET",22,0.303318810231431,0.282136727520369,0.292344579548063
"DS09","Icelandic River - Flow of Vatnsdalsa River (Daily)","mc.mars_SMOTET",23,0.310764007225002,0.292020073727312,0.301100613534016
"DS09","Icelandic River - Flow of Vatnsdalsa River (Daily)","mc.mars_SMOTET",24,0.274830176167111,0.268792726515382,0.271777925529404
"DS09","Icelandic River - Flow of Vatnsdalsa River (Daily)","mc.mars_SMOTET",25,0.312687754098004,0.268001471484744,0.28862522162152
"DS09","Icelandic River - Flow of Vatnsdalsa River (Daily)","mc.mars_SMOTET",26,0.291665494005475,0.304854890852926,0.298114379986227
"DS09","Icelandic River - Flow of Vatnsdalsa River (Daily)","mc.mars_SMOTET",27,0.246363036452771,0.245077579421151,0.245718626757458
"DS09","Icelandic River - Flow of Vatnsdalsa River (Daily)","mc.mars_SMOTET",28,0.324852911868412,0.325307889780956,0.325080241629528
"DS09","Icelandic River - Flow of Vatnsdalsa River (Daily)","mc.mars_SMOTET",29,0.28317932722465,0.259835114189813,0.271005436370892
"DS09","Icelandic River - Flow of Vatnsdalsa River (Daily)","mc.mars_SMOTET",30,0.306042271931721,0.314523069532812,0.310224720406052
"DS09","Icelandic River - Flow of Vatnsdalsa River (Daily)","mc.mars_SMOTET",31,0.256311985398186,0.235102381174925,0.245249476571096
"DS09","Icelandic River - Flow of Vatnsdalsa River (Daily)","mc.mars_SMOTET",32,0.248942855826042,0.212111052272454,0.229055779280765
"DS09","Icelandic River - Flow of Vatnsdalsa River (Daily)","mc.mars_SMOTET",33,0.286040615860387,0.28224509518008,0.284130180577898
"DS09","Icelandic River - Flow of Vatnsdalsa River (Daily)","mc.mars_SMOTET",34,0.229967578584776,0.271483845214877,0.249007100372272
"DS09","Icelandic River - Flow of Vatnsdalsa River (Daily)","mc.mars_SMOTET",35,0.240524441022398,0.253762441581793,0.246966171112477
"DS09","Icelandic River - Flow of Vatnsdalsa River (Daily)","mc.mars_SMOTET",36,0.334412749065589,0.344532594023992,0.33939725217339
"DS09","Icelandic River - Flow of Vatnsdalsa River (Daily)","mc.mars_SMOTET",37,0.245854287000235,0.253907058088698,0.249815794455314
"DS09","Icelandic River - Flow of Vatnsdalsa River (Daily)","mc.mars_SMOTET",38,0.264717413322833,0.249354222333541,0.256806250953648
"DS09","Icelandic River - Flow of Vatnsdalsa River (Daily)","mc.mars_SMOTET",39,0.254231406815774,0.293874940030689,0.272619501167105
"DS09","Icelandic River - Flow of Vatnsdalsa River (Daily)","mc.mars_SMOTET",40,0.249853206784653,0.245180450048766,0.247494774708632
"DS09","Icelandic River - Flow of Vatnsdalsa River (Daily)","mc.mars_SMOTET",41,0.26553001320606,0.272496315891203,0.268968065107882
"DS09","Icelandic River - Flow of Vatnsdalsa River (Daily)","mc.mars_SMOTET",42,0.281108014185817,0.293580423796506,0.287208875219462
"DS09","Icelandic River - Flow of Vatnsdalsa River (Daily)","mc.mars_SMOTET",43,0.281118896250267,0.272940272300692,0.276969220785887
"DS09","Icelandic River - Flow of Vatnsdalsa River (Daily)","mc.mars_SMOTET",44,0.277528589617562,0.300221403008164,0.288429333148732
"DS09","Icelandic River - Flow of Vatnsdalsa River (Daily)","mc.mars_SMOTET",45,0.301382436151835,0.302430934398245,0.30190577493699
"DS09","Icelandic River - Flow of Vatnsdalsa River (Daily)","mc.mars_SMOTET",46,0.222720764057442,0.220986857958825,0.22185042315743
"DS09","Icelandic River - Flow of Vatnsdalsa River (Daily)","mc.mars_SMOTET",47,0.328141927325747,0.299992373801207,0.313436395832993
"DS09","Icelandic River - Flow of Vatnsdalsa River (Daily)","mc.mars_SMOTET",48,0.304016427937945,0.271902397149123,0.287064051141387
"DS09","Icelandic River - Flow of Vatnsdalsa River (Daily)","mc.mars_SMOTET",49,0.313720614750381,0.290356777335367,0.301586875708338
"DS09","Icelandic River - Flow of Vatnsdalsa River (Daily)","mc.mars_SMOTET",50,0.256767577710033,0.228466312958491,0.241791609756987
"DS09","Icelandic River - Flow of Vatnsdalsa River (Daily)","mc.mars_SMOTETPhi",1,0.304157812289759,0.342336730601496,0.322119938029219
"DS09","Icelandic River - Flow of Vatnsdalsa River (Daily)","mc.mars_SMOTETPhi",2,0.346467305470639,0.356122654317715,0.351228635534953
"DS09","Icelandic River - Flow of Vatnsdalsa River (Daily)","mc.mars_SMOTETPhi",3,0.27225153518765,0.250222204175926,0.260772452632411
"DS09","Icelandic River - Flow of Vatnsdalsa River (Daily)","mc.mars_SMOTETPhi",4,0.313767375856013,0.299735335556786,0.306590885221676
"DS09","Icelandic River - Flow of Vatnsdalsa River (Daily)","mc.mars_SMOTETPhi",5,0.276155589777922,0.263732701933562,0.269801219860899
"DS09","Icelandic River - Flow of Vatnsdalsa River (Daily)","mc.mars_SMOTETPhi",6,0.265682983375852,0.240582427580969,0.252510464764768
"DS09","Icelandic River - Flow of Vatnsdalsa River (Daily)","mc.mars_SMOTETPhi",7,0.269634560215008,0.252465138120832,0.260767538092097
"DS09","Icelandic River - Flow of Vatnsdalsa River (Daily)","mc.mars_SMOTETPhi",8,0.321447557353239,0.29418664423637,0.307213530215029
"DS09","Icelandic River - Flow of Vatnsdalsa River (Daily)","mc.mars_SMOTETPhi",9,0.266669385229421,0.254053419185967,0.260208573679867
"DS09","Icelandic River - Flow of Vatnsdalsa River (Daily)","mc.mars_SMOTETPhi",10,0.304440899288991,0.279019557247731,0.291176424986632
"DS09","Icelandic River - Flow of Vatnsdalsa River (Daily)","mc.mars_SMOTETPhi",11,0.282426034100816,0.257644714469682,0.269466824882892
"DS09","Icelandic River - Flow of Vatnsdalsa River (Daily)","mc.mars_SMOTETPhi",12,0.266423868057902,0.264435487210435,0.265425953805667
"DS09","Icelandic River - Flow of Vatnsdalsa River (Daily)","mc.mars_SMOTETPhi",13,0.264628135365183,0.259098509799299,0.261834131057252
"DS09","Icelandic River - Flow of Vatnsdalsa River (Daily)","mc.mars_SMOTETPhi",14,0.289519081583596,0.263500155331348,0.275897538010599
"DS09","Icelandic River - Flow of Vatnsdalsa River (Daily)","mc.mars_SMOTETPhi",15,0.290403567076881,0.270303577983731,0.279993304639033
"DS09","Icelandic River - Flow of Vatnsdalsa River (Daily)","mc.mars_SMOTETPhi",16,0.32040232646414,0.33807438960089,0.329001218428418
"DS09","Icelandic River - Flow of Vatnsdalsa River (Daily)","mc.mars_SMOTETPhi",17,0.257410291542861,0.252383570576728,0.254872148568724
"DS09","Icelandic River - Flow of Vatnsdalsa River (Daily)","mc.mars_SMOTETPhi",18,0.353558460793065,0.320417190417709,0.336173001063789
"DS09","Icelandic River - Flow of Vatnsdalsa River (Daily)","mc.mars_SMOTETPhi",19,0.263126305075462,0.235843412415463,0.248738965552144
"DS09","Icelandic River - Flow of Vatnsdalsa River (Daily)","mc.mars_SMOTETPhi",20,0.291424157350248,0.285085321625536,0.28821989111175
"DS09","Icelandic River - Flow of Vatnsdalsa River (Daily)","mc.mars_SMOTETPhi",21,0.280213474053197,0.262241606222685,0.270929830663865
"DS09","Icelandic River - Flow of Vatnsdalsa River (Daily)","mc.mars_SMOTETPhi",22,0.325891758182827,0.298646550921887,0.3116748744995
"DS09","Icelandic River - Flow of Vatnsdalsa River (Daily)","mc.mars_SMOTETPhi",23,0.324157576601043,0.287229911510623,0.304578532773671
"DS09","Icelandic River - Flow of Vatnsdalsa River (Daily)","mc.mars_SMOTETPhi",24,0.278061363113419,0.277160260926458,0.27761008079378
"DS09","Icelandic River - Flow of Vatnsdalsa River (Daily)","mc.mars_SMOTETPhi",25,0.286841362955986,0.252031128328074,0.268311905047131
"DS09","Icelandic River - Flow of Vatnsdalsa River (Daily)","mc.mars_SMOTETPhi",26,0.289259506433926,0.279917834589617,0.284512010017267
"DS09","Icelandic River - Flow of Vatnsdalsa River (Daily)","mc.mars_SMOTETPhi",27,0.287620121112812,0.276728643655467,0.282069284004725
"DS09","Icelandic River - Flow of Vatnsdalsa River (Daily)","mc.mars_SMOTETPhi",28,0.277537590825467,0.272591096780312,0.275042105548559
"DS09","Icelandic River - Flow of Vatnsdalsa River (Daily)","mc.mars_SMOTETPhi",29,0.296500351934688,0.28422588140093,0.290233397517687
"DS09","Icelandic River - Flow of Vatnsdalsa River (Daily)","mc.mars_SMOTETPhi",30,0.260279637277174,0.259897384334387,0.260088370356178
"DS09","Icelandic River - Flow of Vatnsdalsa River (Daily)","mc.mars_SMOTETPhi",31,0.275108779659114,0.27898633383888,0.277033989198904
"DS09","Icelandic River - Flow of Vatnsdalsa River (Daily)","mc.mars_SMOTETPhi",32,0.270953044855555,0.270404679546677,0.270678584469315
"DS09","Icelandic River - Flow of Vatnsdalsa River (Daily)","mc.mars_SMOTETPhi",33,0.272536830150014,0.276214993025971,0.274363584629274
"DS09","Icelandic River - Flow of Vatnsdalsa River (Daily)","mc.mars_SMOTETPhi",34,0.263739743400079,0.270774157469471,0.267210662600895
"DS09","Icelandic River - Flow of Vatnsdalsa River (Daily)","mc.mars_SMOTETPhi",35,0.221185117931447,0.230825328804266,0.22590242301629
"DS09","Icelandic River - Flow of Vatnsdalsa River (Daily)","mc.mars_SMOTETPhi",36,0.249106725844699,0.270345676712575,0.259292000732304
"DS09","Icelandic River - Flow of Vatnsdalsa River (Daily)","mc.mars_SMOTETPhi",37,0.299375741121984,0.291410662479433,0.295339508556081
"DS09","Icelandic River - Flow of Vatnsdalsa River (Daily)","mc.mars_SMOTETPhi",38,0.270673989093044,0.278000564165664,0.274288359924564
"DS09","Icelandic River - Flow of Vatnsdalsa River (Daily)","mc.mars_SMOTETPhi",39,0.285202328388753,0.304316869114989,0.294449714299658
"DS09","Icelandic River - Flow of Vatnsdalsa River (Daily)","mc.mars_SMOTETPhi",40,0.260855288473517,0.250788684062273,0.255722955955986
"DS09","Icelandic River - Flow of Vatnsdalsa River (Daily)","mc.mars_SMOTETPhi",41,0.279373468568699,0.262602682986402,0.270728600108519
"DS09","Icelandic River - Flow of Vatnsdalsa River (Daily)","mc.mars_SMOTETPhi",42,0.294852172919813,0.313130939586169,0.303716784385179
"DS09","Icelandic River - Flow of Vatnsdalsa River (Daily)","mc.mars_SMOTETPhi",43,0.275395962400523,0.262669327552268,0.268882136072007
"DS09","Icelandic River - Flow of Vatnsdalsa River (Daily)","mc.mars_SMOTETPhi",44,0.277305526899394,0.290149899507022,0.283582346800838
"DS09","Icelandic River - Flow of Vatnsdalsa River (Daily)","mc.mars_SMOTETPhi",45,0.2462566413832,0.238502236654389,0.242317417676409
"DS09","Icelandic River - Flow of Vatnsdalsa River (Daily)","mc.mars_SMOTETPhi",46,0.219867290122343,0.223416195361751,0.221627536563822
"DS09","Icelandic River - Flow of Vatnsdalsa River (Daily)","mc.mars_SMOTETPhi",47,0.29824046689241,0.291681349878346,0.29492444421777
"DS09","Icelandic River - Flow of Vatnsdalsa River (Daily)","mc.mars_SMOTETPhi",48,0.311772705710999,0.272092447965327,0.290584215110417
"DS09","Icelandic River - Flow of Vatnsdalsa River (Daily)","mc.mars_SMOTETPhi",49,0.301700723572338,0.283618209598495,0.292380151076312
"DS09","Icelandic River - Flow of Vatnsdalsa River (Daily)","mc.mars_SMOTETPhi",50,0.262389852531834,0.24432444726347,0.253035115501107
"DS09","Icelandic River - Flow of Vatnsdalsa River (Daily)","mc.rf",1,0.260560513897073,0.338985885337809,0.294643872768455
"DS09","Icelandic River - Flow of Vatnsdalsa River (Daily)","mc.rf",2,0.241281366679815,0.326412617669774,0.277463861390505
"DS09","Icelandic River - Flow of Vatnsdalsa River (Daily)","mc.rf",3,0.209459769169202,0.273236025334417,0.23713467341936
"DS09","Icelandic River - Flow of Vatnsdalsa River (Daily)","mc.rf",4,0.226966820531739,0.267501887049847,0.245572882000532
"DS09","Icelandic River - Flow of Vatnsdalsa River (Daily)","mc.rf",5,0.222151131820293,0.268559242490213,0.243160702537949
"DS09","Icelandic River - Flow of Vatnsdalsa River (Daily)","mc.rf",6,0.259400377300988,0.270441642327653,0.264805966528895
"DS09","Icelandic River - Flow of Vatnsdalsa River (Daily)","mc.rf",7,0.237121542859127,0.271619629841008,0.253200916909817
"DS09","Icelandic River - Flow of Vatnsdalsa River (Daily)","mc.rf",8,0.227713580105439,0.267809786433153,0.24613945324904
"DS09","Icelandic River - Flow of Vatnsdalsa River (Daily)","mc.rf",9,0.267839846898024,0.273598125479485,0.270688366086441
"DS09","Icelandic River - Flow of Vatnsdalsa River (Daily)","mc.rf",10,0.27348747379694,0.277051866485216,0.275258131551275
"DS09","Icelandic River - Flow of Vatnsdalsa River (Daily)","mc.rf",11,0.267734740722375,0.259924658039915,0.263771899414301
"DS09","Icelandic River - Flow of Vatnsdalsa River (Daily)","mc.rf",12,0.288100971373179,0.264531763864696,0.275813766608215
"DS09","Icelandic River - Flow of Vatnsdalsa River (Daily)","mc.rf",13,0.252522444519905,0.256009578438317,0.254254055395309
"DS09","Icelandic River - Flow of Vatnsdalsa River (Daily)","mc.rf",14,0.264249731482642,0.257551026600695,0.260857381167096
"DS09","Icelandic River - Flow of Vatnsdalsa River (Daily)","mc.rf",15,0.2636361032494,0.265860791343659,0.264743773768538
"DS09","Icelandic River - Flow of Vatnsdalsa River (Daily)","mc.rf",16,0.259536644179117,0.258425358515295,0.258979809217455
"DS09","Icelandic River - Flow of Vatnsdalsa River (Daily)","mc.rf",17,0.262912559771321,0.259651668021509,0.261271939630326
"DS09","Icelandic River - Flow of Vatnsdalsa River (Daily)","mc.rf",18,0.266629165482407,0.262102034212229,0.264346218621518
"DS09","Icelandic River - Flow of Vatnsdalsa River (Daily)","mc.rf",19,0.229640277538658,0.252755227001681,0.240643952655902
"DS09","Icelandic River - Flow of Vatnsdalsa River (Daily)","mc.rf",20,0.232939539647363,0.248940968554797,0.24067458063772
"DS09","Icelandic River - Flow of Vatnsdalsa River (Daily)","mc.rf",21,0.234896326735716,0.256560248073243,0.24525080321587
"DS09","Icelandic River - Flow of Vatnsdalsa River (Daily)","mc.rf",22,0.223509143294754,0.244670942064163,0.233611784695873
"DS09","Icelandic River - Flow of Vatnsdalsa River (Daily)","mc.rf",23,0.21514597574485,0.251761670900423,0.232018090644708
"DS09","Icelandic River - Flow of Vatnsdalsa River (Daily)","mc.rf",24,0.214678973666841,0.246151350204109,0.229340459996827
"DS09","Icelandic River - Flow of Vatnsdalsa River (Daily)","mc.rf",25,0.223061581288671,0.253643225428096,0.237371464058954
"DS09","Icelandic River - Flow of Vatnsdalsa River (Daily)","mc.rf",26,0.269411439441324,0.2700843435295,0.269747471834391
"DS09","Icelandic River - Flow of Vatnsdalsa River (Daily)","mc.rf",27,0.252158044451244,0.267900834655492,0.259791163222195
"DS09","Icelandic River - Flow of Vatnsdalsa River (Daily)","mc.rf",28,0.220544400495626,0.249327294461417,0.234054271727165
"DS09","Icelandic River - Flow of Vatnsdalsa River (Daily)","mc.rf",29,0.213242126048142,0.242238351759018,0.226817278264824
"DS09","Icelandic River - Flow of Vatnsdalsa River (Daily)","mc.rf",30,0.206390325378634,0.241235286626951,0.222456570689361
"DS09","Icelandic River - Flow of Vatnsdalsa River (Daily)","mc.rf",31,0.201623043683044,0.243784485791528,0.220708303184622
"DS09","Icelandic River - Flow of Vatnsdalsa River (Daily)","mc.rf",32,0.184652209188387,0.23442990610573,0.206584812295648
"DS09","Icelandic River - Flow of Vatnsdalsa River (Daily)","mc.rf",33,0.187105801035621,0.236525106470956,0.208932911773425
"DS09","Icelandic River - Flow of Vatnsdalsa River (Daily)","mc.rf",34,0.173274657395929,0.227509908848043,0.19672265266735
"DS09","Icelandic River - Flow of Vatnsdalsa River (Daily)","mc.rf",35,0.171243914954602,0.22773158165153,0.195488935699277
"DS09","Icelandic River - Flow of Vatnsdalsa River (Daily)","mc.rf",36,0.199096079067469,0.236940321531224,0.216375921483072
"DS09","Icelandic River - Flow of Vatnsdalsa River (Daily)","mc.rf",37,0.187231551392822,0.221791462477,0.203051457727843
"DS09","Icelandic River - Flow of Vatnsdalsa River (Daily)","mc.rf",38,0.190709691133193,0.243375056654877,0.213847559126105
"DS09","Icelandic River - Flow of Vatnsdalsa River (Daily)","mc.rf",39,0.18781940184914,0.233044468076557,0.208002044015408
"DS09","Icelandic River - Flow of Vatnsdalsa River (Daily)","mc.rf",40,0.199942983202483,0.237738275832453,0.21720875230603
"DS09","Icelandic River - Flow of Vatnsdalsa River (Daily)","mc.rf",41,0.194394572047029,0.238637421152962,0.214255852167542
"DS09","Icelandic River - Flow of Vatnsdalsa River (Daily)","mc.rf",42,0.191550549202241,0.237218283274467,0.211952404187426
"DS09","Icelandic River - Flow of Vatnsdalsa River (Daily)","mc.rf",43,0.182709793150553,0.236487949023706,0.206149317620886
"DS09","Icelandic River - Flow of Vatnsdalsa River (Daily)","mc.rf",44,0.177688956176817,0.238293381505885,0.203576442497527
"DS09","Icelandic River - Flow of Vatnsdalsa River (Daily)","mc.rf",45,0.180142265123364,0.238430871017488,0.205228063971948
"DS09","Icelandic River - Flow of Vatnsdalsa River (Daily)","mc.rf",46,0.207501483665888,0.223773968254035,0.215330736826343
"DS09","Icelandic River - Flow of Vatnsdalsa River (Daily)","mc.rf",47,0.182614827566319,0.222452100040212,0.200574518046405
"DS09","Icelandic River - Flow of Vatnsdalsa River (Daily)","mc.rf",48,0.212991362400092,0.226553845540572,0.219563363890344
"DS09","Icelandic River - Flow of Vatnsdalsa River (Daily)","mc.rf",49,0.201254057423713,0.215124556922442,0.20795827854947
"DS09","Icelandic River - Flow of Vatnsdalsa River (Daily)","mc.rf",50,0.188386795109972,0.224031752670634,0.204668893363846
"DS09","Icelandic River - Flow of Vatnsdalsa River (Daily)","mc.rf_UNDERB",1,0.331040401053766,0.328267640878294,0.329648190460028
"DS09","Icelandic River - Flow of Vatnsdalsa River (Daily)","mc.rf_UNDERB",2,0.266393686560964,0.33368167855862,0.296265094873099
"DS09","Icelandic River - Flow of Vatnsdalsa River (Daily)","mc.rf_UNDERB",3,0.230933156677944,0.270516925466861,0.249162697374269
"DS09","Icelandic River - Flow of Vatnsdalsa River (Daily)","mc.rf_UNDERB",4,0.208975437752434,0.265560715306759,0.233894367682275
"DS09","Icelandic River - Flow of Vatnsdalsa River (Daily)","mc.rf_UNDERB",5,0.256648829909413,0.278794602575179,0.267263745131615
"DS09","Icelandic River - Flow of Vatnsdalsa River (Daily)","mc.rf_UNDERB",6,0.229255308886105,0.283143532594948,0.253365748589648
"DS09","Icelandic River - Flow of Vatnsdalsa River (Daily)","mc.rf_UNDERB",7,0.257159286719457,0.269878611159408,0.263365467363572
"DS09","Icelandic River - Flow of Vatnsdalsa River (Daily)","mc.rf_UNDERB",8,0.246904007459556,0.276442499083442,0.260839654043735
"DS09","Icelandic River - Flow of Vatnsdalsa River (Daily)","mc.rf_UNDERB",9,0.286010324051402,0.273130190325484,0.279421906424608
"DS09","Icelandic River - Flow of Vatnsdalsa River (Daily)","mc.rf_UNDERB",10,0.27082759048895,0.279598701730545,0.275143261736944
"DS09","Icelandic River - Flow of Vatnsdalsa River (Daily)","mc.rf_UNDERB",11,0.28932715799909,0.263959901481034,0.276062007280584
"DS09","Icelandic River - Flow of Vatnsdalsa River (Daily)","mc.rf_UNDERB",12,0.264945267689114,0.266504862759549,0.265722776828258
"DS09","Icelandic River - Flow of Vatnsdalsa River (Daily)","mc.rf_UNDERB",13,0.210428266483853,0.270464565741646,0.236698848061163
"DS09","Icelandic River - Flow of Vatnsdalsa River (Daily)","mc.rf_UNDERB",14,0.249817444172758,0.256163387718781,0.252950620960514
"DS09","Icelandic River - Flow of Vatnsdalsa River (Daily)","mc.rf_UNDERB",15,0.260376844704461,0.267940492919199,0.264104526376742
"DS09","Icelandic River - Flow of Vatnsdalsa River (Daily)","mc.rf_UNDERB",16,0.27765032775801,0.261422952418693,0.269292398980429
"DS09","Icelandic River - Flow of Vatnsdalsa River (Daily)","mc.rf_UNDERB",17,0.272179743096327,0.261026604802149,0.266486528213212
"DS09","Icelandic River - Flow of Vatnsdalsa River (Daily)","mc.rf_UNDERB",18,0.226055633692429,0.246798147105321,0.235971938064606
"DS09","Icelandic River - Flow of Vatnsdalsa River (Daily)","mc.rf_UNDERB",19,0.256218155826919,0.260203097670006,0.258195251934408
"DS09","Icelandic River - Flow of Vatnsdalsa River (Daily)","mc.rf_UNDERB",20,0.290100746666325,0.266206275175623,0.27764035384637
"DS09","Icelandic River - Flow of Vatnsdalsa River (Daily)","mc.rf_UNDERB",21,0.236989422845771,0.245346492577348,0.241095559397164
"DS09","Icelandic River - Flow of Vatnsdalsa River (Daily)","mc.rf_UNDERB",22,0.259075881949771,0.269821026546578,0.264339304307466
"DS09","Icelandic River - Flow of Vatnsdalsa River (Daily)","mc.rf_UNDERB",23,0.220404185439787,0.254217923693454,0.236106550106456
"DS09","Icelandic River - Flow of Vatnsdalsa River (Daily)","mc.rf_UNDERB",24,0.232259411955289,0.243835805657773,0.237906867116426
"DS09","Icelandic River - Flow of Vatnsdalsa River (Daily)","mc.rf_UNDERB",25,0.22239540386873,0.244821307675371,0.233070146040765
"DS09","Icelandic River - Flow of Vatnsdalsa River (Daily)","mc.rf_UNDERB",26,0.2768861330183,0.276948832919282,0.276917479419649
"DS09","Icelandic River - Flow of Vatnsdalsa River (Daily)","mc.rf_UNDERB",27,0.265606862557124,0.2729149917286,0.269211338856368
"DS09","Icelandic River - Flow of Vatnsdalsa River (Daily)","mc.rf_UNDERB",28,0.219660416673492,0.236306716917671,0.2276797079301
"DS09","Icelandic River - Flow of Vatnsdalsa River (Daily)","mc.rf_UNDERB",29,0.180720590235317,0.244300050085773,0.207754847918277
"DS09","Icelandic River - Flow of Vatnsdalsa River (Daily)","mc.rf_UNDERB",30,0.191055363630104,0.256192250245133,0.218880557486675
"DS09","Icelandic River - Flow of Vatnsdalsa River (Daily)","mc.rf_UNDERB",31,0.228805697342821,0.24259177826506,0.23549714993274
"DS09","Icelandic River - Flow of Vatnsdalsa River (Daily)","mc.rf_UNDERB",32,0.194411709736467,0.246934771739333,0.21754795011257
"DS09","Icelandic River - Flow of Vatnsdalsa River (Daily)","mc.rf_UNDERB",33,0.267386242132253,0.255287453466401,0.261196817137354
"DS09","Icelandic River - Flow of Vatnsdalsa River (Daily)","mc.rf_UNDERB",34,0.208521733080764,0.235082090137186,0.221006773548794
"DS09","Icelandic River - Flow of Vatnsdalsa River (Daily)","mc.rf_UNDERB",35,0.163176187324383,0.229351706461224,0.190685745442205
"DS09","Icelandic River - Flow of Vatnsdalsa River (Daily)","mc.rf_UNDERB",36,0.239153439141804,0.246519520155597,0.2427806198891
"DS09","Icelandic River - Flow of Vatnsdalsa River (Daily)","mc.rf_UNDERB",37,0.215772572905149,0.236172289857982,0.225512034012281
"DS09","Icelandic River - Flow of Vatnsdalsa River (Daily)","mc.rf_UNDERB",38,0.200600035083466,0.245859267731504,0.220935603409186
"DS09","Icelandic River - Flow of Vatnsdalsa River (Daily)","mc.rf_UNDERB",39,0.197113276993738,0.23890886491276,0.216007880058105
"DS09","Icelandic River - Flow of Vatnsdalsa River (Daily)","mc.rf_UNDERB",40,0.221705308468666,0.240495643963211,0.230718524700975
"DS09","Icelandic River - Flow of Vatnsdalsa River (Daily)","mc.rf_UNDERB",41,0.206117505336604,0.234274287005601,0.219295783626158
"DS09","Icelandic River - Flow of Vatnsdalsa River (Daily)","mc.rf_UNDERB",42,0.22569309176484,0.228216321839635,0.226947693629763
"DS09","Icelandic River - Flow of Vatnsdalsa River (Daily)","mc.rf_UNDERB",43,0.241446618751078,0.234689462656073,0.238020093110151
"DS09","Icelandic River - Flow of Vatnsdalsa River (Daily)","mc.rf_UNDERB",44,0.161227947611557,0.22246969319991,0.18696144164211
"DS09","Icelandic River - Flow of Vatnsdalsa River (Daily)","mc.rf_UNDERB",45,0.207008417164156,0.21717585825942,0.211970283998184
"DS09","Icelandic River - Flow of Vatnsdalsa River (Daily)","mc.rf_UNDERB",46,0.223170392109718,0.222135237602492,0.222651611699461
"DS09","Icelandic River - Flow of Vatnsdalsa River (Daily)","mc.rf_UNDERB",47,0.230841968262616,0.219342827824817,0.224945535875161
"DS09","Icelandic River - Flow of Vatnsdalsa River (Daily)","mc.rf_UNDERB",48,0.232714764647725,0.219562327765319,0.225947306589429
"DS09","Icelandic River - Flow of Vatnsdalsa River (Daily)","mc.rf_UNDERB",49,0.245686791993434,0.245536846830838,0.245611796526886
"DS09","Icelandic River - Flow of Vatnsdalsa River (Daily)","mc.rf_UNDERB",50,0.289911870518959,0.246448399193605,0.266419123231892
"DS09","Icelandic River - Flow of Vatnsdalsa River (Daily)","mc.rf_UNDERT",1,0.35153644227122,0.329840985702393,0.34034331596186
"DS09","Icelandic River - Flow of Vatnsdalsa River (Daily)","mc.rf_UNDERT",2,0.317309301692821,0.318392432076904,0.317849944147542
"DS09","Icelandic River - Flow of Vatnsdalsa River (Daily)","mc.rf_UNDERT",3,0.234177668079475,0.277594105061594,0.254044258036928
"DS09","Icelandic River - Flow of Vatnsdalsa River (Daily)","mc.rf_UNDERT",4,0.241205720128515,0.269523896044218,0.25457973604257
"DS09","Icelandic River - Flow of Vatnsdalsa River (Daily)","mc.rf_UNDERT",5,0.252672376589598,0.266703524326714,0.25949842192355
"DS09","Icelandic River - Flow of Vatnsdalsa River (Daily)","mc.rf_UNDERT",6,0.21974015810976,0.261665812449406,0.238877332297168
"DS09","Icelandic River - Flow of Vatnsdalsa River (Daily)","mc.rf_UNDERT",7,0.286681155119484,0.275064100101574,0.280752505574753
"DS09","Icelandic River - Flow of Vatnsdalsa River (Daily)","mc.rf_UNDERT",8,0.29504904224939,0.269369023793246,0.281624835431284
"DS09","Icelandic River - Flow of Vatnsdalsa River (Daily)","mc.rf_UNDERT",9,0.244233694569631,0.272531816238056,0.25760795167448
"DS09","Icelandic River - Flow of Vatnsdalsa River (Daily)","mc.rf_UNDERT",10,0.276381674657064,0.27582054350494,0.27610082397877
"DS09","Icelandic River - Flow of Vatnsdalsa River (Daily)","mc.rf_UNDERT",11,0.297324941905571,0.278993672090387,0.28786777081914
"DS09","Icelandic River - Flow of Vatnsdalsa River (Daily)","mc.rf_UNDERT",12,0.271851725100631,0.27587127056372,0.273846748820488
"DS09","Icelandic River - Flow of Vatnsdalsa River (Daily)","mc.rf_UNDERT",13,0.25281459730979,0.271950705616381,0.262033742494562
"DS09","Icelandic River - Flow of Vatnsdalsa River (Daily)","mc.rf_UNDERT",14,0.277124524091978,0.277771640354255,0.277447704891749
"DS09","Icelandic River - Flow of Vatnsdalsa River (Daily)","mc.rf_UNDERT",15,0.287728623906165,0.267636612671246,0.277319173758083
"DS09","Icelandic River - Flow of Vatnsdalsa River (Daily)","mc.rf_UNDERT",16,0.252993032481544,0.2543799337258,0.253684587560167
"DS09","Icelandic River - Flow of Vatnsdalsa River (Daily)","mc.rf_UNDERT",17,0.24969775577193,0.252338208349791,0.251011038345356
"DS09","Icelandic River - Flow of Vatnsdalsa River (Daily)","mc.rf_UNDERT",18,0.235808081956035,0.253860479880126,0.244501515966224
"DS09","Icelandic River - Flow of Vatnsdalsa River (Daily)","mc.rf_UNDERT",19,0.268076282813339,0.259172892397598,0.263549414077825
"DS09","Icelandic River - Flow of Vatnsdalsa River (Daily)","mc.rf_UNDERT",20,0.26788496323635,0.256160464317014,0.261891557327563
"DS09","Icelandic River - Flow of Vatnsdalsa River (Daily)","mc.rf_UNDERT",21,0.258769776182047,0.263700400030179,0.261211822613996
"DS09","Icelandic River - Flow of Vatnsdalsa River (Daily)","mc.rf_UNDERT",22,0.281429662052148,0.269472013222617,0.275321063694093
"DS09","Icelandic River - Flow of Vatnsdalsa River (Daily)","mc.rf_UNDERT",23,0.23827228377309,0.24870493517808,0.243376858647105
"DS09","Icelandic River - Flow of Vatnsdalsa River (Daily)","mc.rf_UNDERT",24,0.233237236852655,0.247134070261224,0.239984640324128
"DS09","Icelandic River - Flow of Vatnsdalsa River (Daily)","mc.rf_UNDERT",25,0.231645206883907,0.247117391134863,0.239131291504114
"DS09","Icelandic River - Flow of Vatnsdalsa River (Daily)","mc.rf_UNDERT",26,0.291108533845061,0.28656620955127,0.288819513283698
"DS09","Icelandic River - Flow of Vatnsdalsa River (Daily)","mc.rf_UNDERT",27,0.273827512240822,0.275928804578763,0.274874142603739
"DS09","Icelandic River - Flow of Vatnsdalsa River (Daily)","mc.rf_UNDERT",28,0.223699901933208,0.250291717770925,0.236249884565467
"DS09","Icelandic River - Flow of Vatnsdalsa River (Daily)","mc.rf_UNDERT",29,0.228613667798907,0.249076599492436,0.238406845907606
"DS09","Icelandic River - Flow of Vatnsdalsa River (Daily)","mc.rf_UNDERT",30,0.215945752057942,0.249238984028075,0.231400971153739
"DS09","Icelandic River - Flow of Vatnsdalsa River (Daily)","mc.rf_UNDERT",31,0.174138996748482,0.248978185755801,0.204939970639615
"DS09","Icelandic River - Flow of Vatnsdalsa River (Daily)","mc.rf_UNDERT",32,0.20354267304274,0.263049475248808,0.229501475885004
"DS09","Icelandic River - Flow of Vatnsdalsa River (Daily)","mc.rf_UNDERT",33,0.195632658382685,0.250941833704032,0.219862168112426
"DS09","Icelandic River - Flow of Vatnsdalsa River (Daily)","mc.rf_UNDERT",34,0.195344988935436,0.230517813626257,0.211478905794871
"DS09","Icelandic River - Flow of Vatnsdalsa River (Daily)","mc.rf_UNDERT",35,0.205622980610302,0.239142700924074,0.22111973561254
"DS09","Icelandic River - Flow of Vatnsdalsa River (Daily)","mc.rf_UNDERT",36,0.160857682881094,0.22356606381242,0.187097281606716
"DS09","Icelandic River - Flow of Vatnsdalsa River (Daily)","mc.rf_UNDERT",37,0.194593861774884,0.220305841681052,0.206653146035979
"DS09","Icelandic River - Flow of Vatnsdalsa River (Daily)","mc.rf_UNDERT",38,0.166016930062612,0.227833126128099,0.192073889907176
"DS09","Icelandic River - Flow of Vatnsdalsa River (Daily)","mc.rf_UNDERT",39,0.20945589100006,0.236053850781036,0.221960891098229
"DS09","Icelandic River - Flow of Vatnsdalsa River (Daily)","mc.rf_UNDERT",40,0.186970522866913,0.227311023050655,0.205176702906532
"DS09","Icelandic River - Flow of Vatnsdalsa River (Daily)","mc.rf_UNDERT",41,0.243034592084056,0.244569474185772,0.243799617380792
"DS09","Icelandic River - Flow of Vatnsdalsa River (Daily)","mc.rf_UNDERT",42,0.21497577464036,0.233521245617075,0.223865080052024
"DS09","Icelandic River - Flow of Vatnsdalsa River (Daily)","mc.rf_UNDERT",43,0.234244150839483,0.228892271709464,0.231537288841225
"DS09","Icelandic River - Flow of Vatnsdalsa River (Daily)","mc.rf_UNDERT",44,0.216356503578044,0.222422453015473,0.219347548593859
"DS09","Icelandic River - Flow of Vatnsdalsa River (Daily)","mc.rf_UNDERT",45,0.196109001410061,0.230977415451563,0.212119835724763
"DS09","Icelandic River - Flow of Vatnsdalsa River (Daily)","mc.rf_UNDERT",46,0.221547148398131,0.224429510352262,0.222979014974688
"DS09","Icelandic River - Flow of Vatnsdalsa River (Daily)","mc.rf_UNDERT",47,0.26752846512082,0.245998048605108,0.256311908370773
"DS09","Icelandic River - Flow of Vatnsdalsa River (Daily)","mc.rf_UNDERT",48,0.207599779033945,0.21527781226293,0.211369092032688
"DS09","Icelandic River - Flow of Vatnsdalsa River (Daily)","mc.rf_UNDERT",49,0.252460686622777,0.22307170770865,0.236858044438465
"DS09","Icelandic River - Flow of Vatnsdalsa River (Daily)","mc.rf_UNDERT",50,0.232205380113009,0.238861352056979,0.235486343063102
"DS09","Icelandic River - Flow of Vatnsdalsa River (Daily)","mc.rf_UNDERTPhi",1,0.350122218920876,0.339673122438852,0.344818528642549
"DS09","Icelandic River - Flow of Vatnsdalsa River (Daily)","mc.rf_UNDERTPhi",2,0.356222203368188,0.331108658748987,0.343206634459961
"DS09","Icelandic River - Flow of Vatnsdalsa River (Daily)","mc.rf_UNDERTPhi",3,0.260937088745138,0.280892120615089,0.270547142673589
"DS09","Icelandic River - Flow of Vatnsdalsa River (Daily)","mc.rf_UNDERTPhi",4,0.249741400531601,0.270112039487128,0.259527604701557
"DS09","Icelandic River - Flow of Vatnsdalsa River (Daily)","mc.rf_UNDERTPhi",5,0.274891119517732,0.263314399412412,0.26897825270726
"DS09","Icelandic River - Flow of Vatnsdalsa River (Daily)","mc.rf_UNDERTPhi",6,0.268664278724633,0.261131318359794,0.264844244405325
"DS09","Icelandic River - Flow of Vatnsdalsa River (Daily)","mc.rf_UNDERTPhi",7,0.249726495978756,0.275688491834391,0.262066072130985
"DS09","Icelandic River - Flow of Vatnsdalsa River (Daily)","mc.rf_UNDERTPhi",8,0.243214940707278,0.273279630044173,0.257372265969801
"DS09","Icelandic River - Flow of Vatnsdalsa River (Daily)","mc.rf_UNDERTPhi",9,0.240312361018691,0.276207159880492,0.257012531126016
"DS09","Icelandic River - Flow of Vatnsdalsa River (Daily)","mc.rf_UNDERTPhi",10,0.255187353415618,0.280779957850032,0.267372628254877
"DS09","Icelandic River - Flow of Vatnsdalsa River (Daily)","mc.rf_UNDERTPhi",11,0.310407090177579,0.275635787642848,0.291989907322919
"DS09","Icelandic River - Flow of Vatnsdalsa River (Daily)","mc.rf_UNDERTPhi",12,0.29086560387907,0.268918817069518,0.2794619899883
"DS09","Icelandic River - Flow of Vatnsdalsa River (Daily)","mc.rf_UNDERTPhi",13,0.285527136023162,0.27018423671773,0.277643881672321
"DS09","Icelandic River - Flow of Vatnsdalsa River (Daily)","mc.rf_UNDERTPhi",14,0.271014644421171,0.258346078875302,0.264528770733075
"DS09","Icelandic River - Flow of Vatnsdalsa River (Daily)","mc.rf_UNDERTPhi",15,0.288860881717394,0.260766119492238,0.274095453945217
"DS09","Icelandic River - Flow of Vatnsdalsa River (Daily)","mc.rf_UNDERTPhi",16,0.292808024366521,0.262312930441029,0.2767228664782
"DS09","Icelandic River - Flow of Vatnsdalsa River (Daily)","mc.rf_UNDERTPhi",17,0.294225711101262,0.268537179870758,0.280795141158408
"DS09","Icelandic River - Flow of Vatnsdalsa River (Daily)","mc.rf_UNDERTPhi",18,0.291541469915519,0.26661256779367,0.278520317550819
"DS09","Icelandic River - Flow of Vatnsdalsa River (Daily)","mc.rf_UNDERTPhi",19,0.271530033578932,0.268110131656139,0.269809246017598
"DS09","Icelandic River - Flow of Vatnsdalsa River (Daily)","mc.rf_UNDERTPhi",20,0.257769880035893,0.250700446656581,0.254186018995347
"DS09","Icelandic River - Flow of Vatnsdalsa River (Daily)","mc.rf_UNDERTPhi",21,0.250622035543636,0.248606784099591,0.249610342309661
"DS09","Icelandic River - Flow of Vatnsdalsa River (Daily)","mc.rf_UNDERTPhi",22,0.251565520194011,0.261275006620533,0.256328349720914
"DS09","Icelandic River - Flow of Vatnsdalsa River (Daily)","mc.rf_UNDERTPhi",23,0.282368297986355,0.269228004258179,0.275641635099081
"DS09","Icelandic River - Flow of Vatnsdalsa River (Daily)","mc.rf_UNDERTPhi",24,0.243195212607852,0.259890655562815,0.251265906014086
"DS09","Icelandic River - Flow of Vatnsdalsa River (Daily)","mc.rf_UNDERTPhi",25,0.232217727199189,0.255355669123768,0.243237689170686
"DS09","Icelandic River - Flow of Vatnsdalsa River (Daily)","mc.rf_UNDERTPhi",26,0.279954046068741,0.274172255573333,0.277032987028745
"DS09","Icelandic River - Flow of Vatnsdalsa River (Daily)","mc.rf_UNDERTPhi",27,0.288134821119491,0.274501762016739,0.28115312251755
"DS09","Icelandic River - Flow of Vatnsdalsa River (Daily)","mc.rf_UNDERTPhi",28,0.24380349239211,0.260197032857042,0.251733647655432
"DS09","Icelandic River - Flow of Vatnsdalsa River (Daily)","mc.rf_UNDERTPhi",29,0.238205284902785,0.267841543811253,0.25215560154578
"DS09","Icelandic River - Flow of Vatnsdalsa River (Daily)","mc.rf_UNDERTPhi",30,0.20671936445214,0.24782972631885,0.225415492219263
"DS09","Icelandic River - Flow of Vatnsdalsa River (Daily)","mc.rf_UNDERTPhi",31,0.214418078982344,0.27075304264187,0.239314933203548
"DS09","Icelandic River - Flow of Vatnsdalsa River (Daily)","mc.rf_UNDERTPhi",32,0.221772204868559,0.257664715074661,0.238374933602127
"DS09","Icelandic River - Flow of Vatnsdalsa River (Daily)","mc.rf_UNDERTPhi",33,0.275603071716063,0.250968573334609,0.262709587063163
"DS09","Icelandic River - Flow of Vatnsdalsa River (Daily)","mc.rf_UNDERTPhi",34,0.204016667318816,0.247651225176286,0.22372623096487
"DS09","Icelandic River - Flow of Vatnsdalsa River (Daily)","mc.rf_UNDERTPhi",35,0.211753884288472,0.250632775596149,0.229558801613043
"DS09","Icelandic River - Flow of Vatnsdalsa River (Daily)","mc.rf_UNDERTPhi",36,0.20716163361112,0.24801259510262,0.225753968992406
"DS09","Icelandic River - Flow of Vatnsdalsa River (Daily)","mc.rf_UNDERTPhi",37,0.243513631019283,0.24603917734936,0.244769889683581
"DS09","Icelandic River - Flow of Vatnsdalsa River (Daily)","mc.rf_UNDERTPhi",38,0.204552588775988,0.246509024940257,0.223579474177535
"DS09","Icelandic River - Flow of Vatnsdalsa River (Daily)","mc.rf_UNDERTPhi",39,0.208646037945752,0.242666555654756,0.224374041838172
"DS09","Icelandic River - Flow of Vatnsdalsa River (Daily)","mc.rf_UNDERTPhi",40,0.205399849734389,0.235213454838502,0.219298000209807
"DS09","Icelandic River - Flow of Vatnsdalsa River (Daily)","mc.rf_UNDERTPhi",41,0.202360490567779,0.238064735215763,0.218765383020214
"DS09","Icelandic River - Flow of Vatnsdalsa River (Daily)","mc.rf_UNDERTPhi",42,0.20777581717426,0.241363413687944,0.223313739121432
"DS09","Icelandic River - Flow of Vatnsdalsa River (Daily)","mc.rf_UNDERTPhi",43,0.210737802923521,0.242501076405142,0.225506444301089
"DS09","Icelandic River - Flow of Vatnsdalsa River (Daily)","mc.rf_UNDERTPhi",44,0.176927221136022,0.220204439471075,0.196207774005599
"DS09","Icelandic River - Flow of Vatnsdalsa River (Daily)","mc.rf_UNDERTPhi",45,0.201588500031314,0.227938497289069,0.213955258014301
"DS09","Icelandic River - Flow of Vatnsdalsa River (Daily)","mc.rf_UNDERTPhi",46,0.236193448697656,0.220983367549336,0.228335391609625
"DS09","Icelandic River - Flow of Vatnsdalsa River (Daily)","mc.rf_UNDERTPhi",47,0.18681033150225,0.217388325064178,0.200942701863156
"DS09","Icelandic River - Flow of Vatnsdalsa River (Daily)","mc.rf_UNDERTPhi",48,0.269115498344323,0.244183470341061,0.256043983398527
"DS09","Icelandic River - Flow of Vatnsdalsa River (Daily)","mc.rf_UNDERTPhi",49,0.310123316898505,0.239882859366569,0.270517936794966
"DS09","Icelandic River - Flow of Vatnsdalsa River (Daily)","mc.rf_UNDERTPhi",50,0.262210480789009,0.252543843616183,0.257286396695828
"DS09","Icelandic River - Flow of Vatnsdalsa River (Daily)","mc.rf_OVERB",1,0.341466373162055,0.353861016810883,0.347553223866392
"DS09","Icelandic River - Flow of Vatnsdalsa River (Daily)","mc.rf_OVERB",2,0.19815612242246,0.278154725084023,0.231437356695451
"DS09","Icelandic River - Flow of Vatnsdalsa River (Daily)","mc.rf_OVERB",3,0.248437547404605,0.265118571121452,0.25650714772853
"DS09","Icelandic River - Flow of Vatnsdalsa River (Daily)","mc.rf_OVERB",4,0.249352762324134,0.288898274760788,0.267672806474922
"DS09","Icelandic River - Flow of Vatnsdalsa River (Daily)","mc.rf_OVERB",5,0.181061894140137,0.238420149986921,0.20581955562671
"DS09","Icelandic River - Flow of Vatnsdalsa River (Daily)","mc.rf_OVERB",6,0.188544425673219,0.247826797219566,0.214158765275303
"DS09","Icelandic River - Flow of Vatnsdalsa River (Daily)","mc.rf_OVERB",7,0.176689108696173,0.256509269391587,0.209245447229834
"DS09","Icelandic River - Flow of Vatnsdalsa River (Daily)","mc.rf_OVERB",8,0.222385861163722,0.279860276205012,0.247834533304439
"DS09","Icelandic River - Flow of Vatnsdalsa River (Daily)","mc.rf_OVERB",9,0.234603143573403,0.268635070006394,0.25046838732396
"DS09","Icelandic River - Flow of Vatnsdalsa River (Daily)","mc.rf_OVERB",10,0.221028606009647,0.263678254210745,0.240477046009866
"DS09","Icelandic River - Flow of Vatnsdalsa River (Daily)","mc.rf_OVERB",11,0.291571415530306,0.281214236955594,0.28629918637299
"DS09","Icelandic River - Flow of Vatnsdalsa River (Daily)","mc.rf_OVERB",12,0.250771899889834,0.262378753952576,0.256444060342643
"DS09","Icelandic River - Flow of Vatnsdalsa River (Daily)","mc.rf_OVERB",13,0.265689094648266,0.279789182954453,0.272556901947569
"DS09","Icelandic River - Flow of Vatnsdalsa River (Daily)","mc.rf_OVERB",14,0.231188186873018,0.247250925370977,0.238949917246902
"DS09","Icelandic River - Flow of Vatnsdalsa River (Daily)","mc.rf_OVERB",15,0.269015715289287,0.267784150845416,0.268398520295968
"DS09","Icelandic River - Flow of Vatnsdalsa River (Daily)","mc.rf_OVERB",16,0.236838521672384,0.255475051052564,0.245804043469955
"DS09","Icelandic River - Flow of Vatnsdalsa River (Daily)","mc.rf_OVERB",17,0.259390406893335,0.26942396431173,0.264311998822492
"DS09","Icelandic River - Flow of Vatnsdalsa River (Daily)","mc.rf_OVERB",18,0.232924581732509,0.257763931417416,0.244715554989094
"DS09","Icelandic River - Flow of Vatnsdalsa River (Daily)","mc.rf_OVERB",19,0.260526053844962,0.279303620816326,0.269588255597632
"DS09","Icelandic River - Flow of Vatnsdalsa River (Daily)","mc.rf_OVERB",20,0.226048762396249,0.244287398350202,0.234814452617991
"DS09","Icelandic River - Flow of Vatnsdalsa River (Daily)","mc.rf_OVERB",21,0.240199374101255,0.263349503057873,0.251242287188689
"DS09","Icelandic River - Flow of Vatnsdalsa River (Daily)","mc.rf_OVERB",22,0.199591980165864,0.223347669047108,0.210802669428114
"DS09","Icelandic River - Flow of Vatnsdalsa River (Daily)","mc.rf_OVERB",23,0.263983878719622,0.260328683276668,0.262143540073461
"DS09","Icelandic River - Flow of Vatnsdalsa River (Daily)","mc.rf_OVERB",24,0.222826149224161,0.234176297737899,0.228360276892954
"DS09","Icelandic River - Flow of Vatnsdalsa River (Daily)","mc.rf_OVERB",25,0.214703038890015,0.251121787389263,0.231488782230092
"DS09","Icelandic River - Flow of Vatnsdalsa River (Daily)","mc.rf_OVERB",26,0.258381494694766,0.268986057168776,0.263577155089373
"DS09","Icelandic River - Flow of Vatnsdalsa River (Daily)","mc.rf_OVERB",27,0.295045652844587,0.292550052452749,0.29379255306831
"DS09","Icelandic River - Flow of Vatnsdalsa River (Daily)","mc.rf_OVERB",28,0.252681073681985,0.267287170671043,0.25977897688969
"DS09","Icelandic River - Flow of Vatnsdalsa River (Daily)","mc.rf_OVERB",29,0.256044798221133,0.273304281527216,0.26439316622549
"DS09","Icelandic River - Flow of Vatnsdalsa River (Daily)","mc.rf_OVERB",30,0.259966856952487,0.273237507798651,0.266437039153268
"DS09","Icelandic River - Flow of Vatnsdalsa River (Daily)","mc.rf_OVERB",31,0.20358144845883,0.247595580714249,0.223441636850157
"DS09","Icelandic River - Flow of Vatnsdalsa River (Daily)","mc.rf_OVERB",32,0.226655086505421,0.278455315654635,0.249899084982997
"DS09","Icelandic River - Flow of Vatnsdalsa River (Daily)","mc.rf_OVERB",33,0.197495882985894,0.242464505070716,0.217682058756242
"DS09","Icelandic River - Flow of Vatnsdalsa River (Daily)","mc.rf_OVERB",34,0.222936002619682,0.237840166006577,0.230147040937421
"DS09","Icelandic River - Flow of Vatnsdalsa River (Daily)","mc.rf_OVERB",35,0.232693717211482,0.259559842176525,0.245393632460356
"DS09","Icelandic River - Flow of Vatnsdalsa River (Daily)","mc.rf_OVERB",36,0.226494801063065,0.252484097657085,0.238784362414432
"DS09","Icelandic River - Flow of Vatnsdalsa River (Daily)","mc.rf_OVERB",37,0.215851531868098,0.241620499481811,0.228010244866719
"DS09","Icelandic River - Flow of Vatnsdalsa River (Daily)","mc.rf_OVERB",38,0.16626284321853,0.233991897774044,0.194396988865319
"DS09","Icelandic River - Flow of Vatnsdalsa River (Daily)","mc.rf_OVERB",39,0.175804461065888,0.217343633023646,0.194379577794023
"DS09","Icelandic River - Flow of Vatnsdalsa River (Daily)","mc.rf_OVERB",40,0.23906199287762,0.256673219174952,0.247554782482431
"DS09","Icelandic River - Flow of Vatnsdalsa River (Daily)","mc.rf_OVERB",41,0.20141413262691,0.245704423660854,0.221365643086373
"DS09","Icelandic River - Flow of Vatnsdalsa River (Daily)","mc.rf_OVERB",42,0.203556658012669,0.224684097710678,0.213599212253044
"DS09","Icelandic River - Flow of Vatnsdalsa River (Daily)","mc.rf_OVERB",43,0.195863337018645,0.226116355789543,0.209905380539562
"DS09","Icelandic River - Flow of Vatnsdalsa River (Daily)","mc.rf_OVERB",44,0.174076359144975,0.208373544842932,0.189687107514801
"DS09","Icelandic River - Flow of Vatnsdalsa River (Daily)","mc.rf_OVERB",45,0.210570769150357,0.241191069486499,0.224843201308088
"DS09","Icelandic River - Flow of Vatnsdalsa River (Daily)","mc.rf_OVERB",46,0.196788805232531,0.213400420666854,0.204758248962154
"DS09","Icelandic River - Flow of Vatnsdalsa River (Daily)","mc.rf_OVERB",47,0.216066490893119,0.225672159265037,0.220764886781865
"DS09","Icelandic River - Flow of Vatnsdalsa River (Daily)","mc.rf_OVERB",48,0.183713714634248,0.224219754616664,0.20195569679854
"DS09","Icelandic River - Flow of Vatnsdalsa River (Daily)","mc.rf_OVERB",49,0.248463842007587,0.250666098604729,0.249560111917866
"DS09","Icelandic River - Flow of Vatnsdalsa River (Daily)","mc.rf_OVERB",50,0.246925279588625,0.256377002008762,0.251562391889764
"DS09","Icelandic River - Flow of Vatnsdalsa River (Daily)","mc.rf_OVERT",1,0.29604742556093,0.34307753572957,0.317832121641583
"DS09","Icelandic River - Flow of Vatnsdalsa River (Daily)","mc.rf_OVERT",2,0.291501758410448,0.324433015383373,0.30708704393532
"DS09","Icelandic River - Flow of Vatnsdalsa River (Daily)","mc.rf_OVERT",3,0.236115155064506,0.30616824467204,0.266616911385032
"DS09","Icelandic River - Flow of Vatnsdalsa River (Daily)","mc.rf_OVERT",4,0.232857690220817,0.269525711634997,0.249853535903482
"DS09","Icelandic River - Flow of Vatnsdalsa River (Daily)","mc.rf_OVERT",5,0.25065831435065,0.268082141558245,0.259077605939814
"DS09","Icelandic River - Flow of Vatnsdalsa River (Daily)","mc.rf_OVERT",6,0.26168031421503,0.281844952989774,0.271388582310355
"DS09","Icelandic River - Flow of Vatnsdalsa River (Daily)","mc.rf_OVERT",7,0.180774732275328,0.246459655371452,0.208567847086686
"DS09","Icelandic River - Flow of Vatnsdalsa River (Daily)","mc.rf_OVERT",8,0.226859714451623,0.258015759838249,0.241436759352076
"DS09","Icelandic River - Flow of Vatnsdalsa River (Daily)","mc.rf_OVERT",9,0.260222006313759,0.269520021499115,0.264789414673369
"DS09","Icelandic River - Flow of Vatnsdalsa River (Daily)","mc.rf_OVERT",10,0.222904951423739,0.271442738265171,0.244790990832387
"DS09","Icelandic River - Flow of Vatnsdalsa River (Daily)","mc.rf_OVERT",11,0.282015579289584,0.276255802789403,0.279105978764786
"DS09","Icelandic River - Flow of Vatnsdalsa River (Daily)","mc.rf_OVERT",12,0.27790774001749,0.280936494598747,0.279413909874145
"DS09","Icelandic River - Flow of Vatnsdalsa River (Daily)","mc.rf_OVERT",13,0.258888284502202,0.26901670760928,0.263855333729026
"DS09","Icelandic River - Flow of Vatnsdalsa River (Daily)","mc.rf_OVERT",14,0.246539831901097,0.282422206443679,0.263263970774318
"DS09","Icelandic River - Flow of Vatnsdalsa River (Daily)","mc.rf_OVERT",15,0.247755097049177,0.2588449855199,0.253178657938459
"DS09","Icelandic River - Flow of Vatnsdalsa River (Daily)","mc.rf_OVERT",16,0.23978046998768,0.247538380205422,0.243597673769958
"DS09","Icelandic River - Flow of Vatnsdalsa River (Daily)","mc.rf_OVERT",17,0.293389202371824,0.28060252818986,0.286853442465381
"DS09","Icelandic River - Flow of Vatnsdalsa River (Daily)","mc.rf_OVERT",18,0.200069918286052,0.237247570338393,0.21707845327873
"DS09","Icelandic River - Flow of Vatnsdalsa River (Daily)","mc.rf_OVERT",19,0.210847657130187,0.248640692126125,0.228189931200095
"DS09","Icelandic River - Flow of Vatnsdalsa River (Daily)","mc.rf_OVERT",20,0.223715337196569,0.263032816841905,0.241786126255751
"DS09","Icelandic River - Flow of Vatnsdalsa River (Daily)","mc.rf_OVERT",21,0.228269025168552,0.267030851172034,0.246133201313598
"DS09","Icelandic River - Flow of Vatnsdalsa River (Daily)","mc.rf_OVERT",22,0.255793630930868,0.250129337347299,0.25292977553539
"DS09","Icelandic River - Flow of Vatnsdalsa River (Daily)","mc.rf_OVERT",23,0.218008136444816,0.249705016865071,0.232782529216609
"DS09","Icelandic River - Flow of Vatnsdalsa River (Daily)","mc.rf_OVERT",24,0.218931483935188,0.253582041927375,0.234986258381197
"DS09","Icelandic River - Flow of Vatnsdalsa River (Daily)","mc.rf_OVERT",25,0.211695136355096,0.253736713560475,0.230817156948853
"DS09","Icelandic River - Flow of Vatnsdalsa River (Daily)","mc.rf_OVERT",26,0.253434263728368,0.287281461407699,0.269298495568437
"DS09","Icelandic River - Flow of Vatnsdalsa River (Daily)","mc.rf_OVERT",27,0.242288851000647,0.263458816274445,0.25243075949337
"DS09","Icelandic River - Flow of Vatnsdalsa River (Daily)","mc.rf_OVERT",28,0.239847016503179,0.262862527995541,0.250827913574155
"DS09","Icelandic River - Flow of Vatnsdalsa River (Daily)","mc.rf_OVERT",29,0.209088052076283,0.253229615666362,0.229051540799774
"DS09","Icelandic River - Flow of Vatnsdalsa River (Daily)","mc.rf_OVERT",30,0.240172176837148,0.266897483513408,0.252830546254558
"DS09","Icelandic River - Flow of Vatnsdalsa River (Daily)","mc.rf_OVERT",31,0.194396445958543,0.253773990510538,0.220151789665712
"DS09","Icelandic River - Flow of Vatnsdalsa River (Daily)","mc.rf_OVERT",32,0.211366175205142,0.259231952726487,0.232864786690007
"DS09","Icelandic River - Flow of Vatnsdalsa River (Daily)","mc.rf_OVERT",33,0.221304545307949,0.247589540065954,0.233710308133265
"DS09","Icelandic River - Flow of Vatnsdalsa River (Daily)","mc.rf_OVERT",34,0.203740659915163,0.242959154548195,0.221628292098338
"DS09","Icelandic River - Flow of Vatnsdalsa River (Daily)","mc.rf_OVERT",35,0.229618266440247,0.2595549727997,0.243670577698869
"DS09","Icelandic River - Flow of Vatnsdalsa River (Daily)","mc.rf_OVERT",36,0.194143837904994,0.245099582613756,0.216666073592401
"DS09","Icelandic River - Flow of Vatnsdalsa River (Daily)","mc.rf_OVERT",37,0.166199251328884,0.225385679927457,0.191319574754899
"DS09","Icelandic River - Flow of Vatnsdalsa River (Daily)","mc.rf_OVERT",38,0.171432813049696,0.227551756579769,0.195545596067025
"DS09","Icelandic River - Flow of Vatnsdalsa River (Daily)","mc.rf_OVERT",39,0.223010473668382,0.266896322378158,0.242987750952726
"DS09","Icelandic River - Flow of Vatnsdalsa River (Daily)","mc.rf_OVERT",40,0.174559719870545,0.224453227500826,0.196387073525801
"DS09","Icelandic River - Flow of Vatnsdalsa River (Daily)","mc.rf_OVERT",41,0.204225137811696,0.234438198222403,0.218291201508458
"DS09","Icelandic River - Flow of Vatnsdalsa River (Daily)","mc.rf_OVERT",42,0.206464341237989,0.240940374855518,0.222374033991103
"DS09","Icelandic River - Flow of Vatnsdalsa River (Daily)","mc.rf_OVERT",43,0.238056162888404,0.235310964817534,0.23667560373913
"DS09","Icelandic River - Flow of Vatnsdalsa River (Daily)","mc.rf_OVERT",44,0.220000102974564,0.238825793066576,0.229026737684037
"DS09","Icelandic River - Flow of Vatnsdalsa River (Daily)","mc.rf_OVERT",45,0.191018551230945,0.233017125176823,0.209937965787924
"DS09","Icelandic River - Flow of Vatnsdalsa River (Daily)","mc.rf_OVERT",46,0.172501927742792,0.214764405954257,0.19132710909297
"DS09","Icelandic River - Flow of Vatnsdalsa River (Daily)","mc.rf_OVERT",47,0.217565568047977,0.225806726093237,0.221609556035461
"DS09","Icelandic River - Flow of Vatnsdalsa River (Daily)","mc.rf_OVERT",48,0.198420142119196,0.221330827844261,0.209250233871007
"DS09","Icelandic River - Flow of Vatnsdalsa River (Daily)","mc.rf_OVERT",49,0.167678827627982,0.209744809956168,0.186367573899834
"DS09","Icelandic River - Flow of Vatnsdalsa River (Daily)","mc.rf_OVERT",50,0.19681355796025,0.226969773786133,0.210818715045714
"DS09","Icelandic River - Flow of Vatnsdalsa River (Daily)","mc.rf_OVERTPhi",1,0.286407191882448,0.329399719923468,0.306402695330186
"DS09","Icelandic River - Flow of Vatnsdalsa River (Daily)","mc.rf_OVERTPhi",2,0.388052850330021,0.367317307960266,0.377400475158178
"DS09","Icelandic River - Flow of Vatnsdalsa River (Daily)","mc.rf_OVERTPhi",3,0.278384861745536,0.299866036378908,0.288726451961547
"DS09","Icelandic River - Flow of Vatnsdalsa River (Daily)","mc.rf_OVERTPhi",4,0.242826370305891,0.277729620737789,0.259107865015543
"DS09","Icelandic River - Flow of Vatnsdalsa River (Daily)","mc.rf_OVERTPhi",5,0.262586625837397,0.281445200948565,0.2716890521344
"DS09","Icelandic River - Flow of Vatnsdalsa River (Daily)","mc.rf_OVERTPhi",6,0.23237850921318,0.265699433790625,0.247924402958674
"DS09","Icelandic River - Flow of Vatnsdalsa River (Daily)","mc.rf_OVERTPhi",7,0.208899629587688,0.260881746331076,0.232014732675035
"DS09","Icelandic River - Flow of Vatnsdalsa River (Daily)","mc.rf_OVERTPhi",8,0.239094133806577,0.263514258879716,0.250710948680289
"DS09","Icelandic River - Flow of Vatnsdalsa River (Daily)","mc.rf_OVERTPhi",9,0.336372293298645,0.308520036076427,0.321844709066933
"DS09","Icelandic River - Flow of Vatnsdalsa River (Daily)","mc.rf_OVERTPhi",10,0.257829161643846,0.273056624116492,0.265224507288036
"DS09","Icelandic River - Flow of Vatnsdalsa River (Daily)","mc.rf_OVERTPhi",11,0.224939474704747,0.247911747775207,0.235867586532696
"DS09","Icelandic River - Flow of Vatnsdalsa River (Daily)","mc.rf_OVERTPhi",12,0.222021538333783,0.264997346005705,0.241613293884284
"DS09","Icelandic River - Flow of Vatnsdalsa River (Daily)","mc.rf_OVERTPhi",13,0.272679866230929,0.276346160810243,0.274500772100981
"DS09","Icelandic River - Flow of Vatnsdalsa River (Daily)","mc.rf_OVERTPhi",14,0.282817149631522,0.29464454798303,0.288609726183609
"DS09","Icelandic River - Flow of Vatnsdalsa River (Daily)","mc.rf_OVERTPhi",15,0.264938308254291,0.270657543454544,0.267767390095812
"DS09","Icelandic River - Flow of Vatnsdalsa River (Daily)","mc.rf_OVERTPhi",16,0.235056677230071,0.254824820710695,0.244541897923433
"DS09","Icelandic River - Flow of Vatnsdalsa River (Daily)","mc.rf_OVERTPhi",17,0.302645958032947,0.292737842247252,0.297609456883853
"DS09","Icelandic River - Flow of Vatnsdalsa River (Daily)","mc.rf_OVERTPhi",18,0.231943768697506,0.243726773235958,0.237689330464101
"DS09","Icelandic River - Flow of Vatnsdalsa River (Daily)","mc.rf_OVERTPhi",19,0.208032194780498,0.252284939875078,0.228031440939292
"DS09","Icelandic River - Flow of Vatnsdalsa River (Daily)","mc.rf_OVERTPhi",20,0.269649768614225,0.265049784705963,0.267329989985667
"DS09","Icelandic River - Flow of Vatnsdalsa River (Daily)","mc.rf_OVERTPhi",21,0.249533363028492,0.251714768132767,0.250619318901357
"DS09","Icelandic River - Flow of Vatnsdalsa River (Daily)","mc.rf_OVERTPhi",22,0.232501964440102,0.25475826074639,0.243121818770285
"DS09","Icelandic River - Flow of Vatnsdalsa River (Daily)","mc.rf_OVERTPhi",23,0.213243832668555,0.261837164415667,0.235055330849889
"DS09","Icelandic River - Flow of Vatnsdalsa River (Daily)","mc.rf_OVERTPhi",24,0.235011063929638,0.257292992309544,0.245647782495331
"DS09","Icelandic River - Flow of Vatnsdalsa River (Daily)","mc.rf_OVERTPhi",25,0.194363248687415,0.243315819884302,0.216101964227269
"DS09","Icelandic River - Flow of Vatnsdalsa River (Daily)","mc.rf_OVERTPhi",26,0.24362858528281,0.285076011761203,0.262727677541513
"DS09","Icelandic River - Flow of Vatnsdalsa River (Daily)","mc.rf_OVERTPhi",27,0.253112200963621,0.276954627645498,0.264497197662243
"DS09","Icelandic River - Flow of Vatnsdalsa River (Daily)","mc.rf_OVERTPhi",28,0.248685594684498,0.27086615602825,0.259302412124993
"DS09","Icelandic River - Flow of Vatnsdalsa River (Daily)","mc.rf_OVERTPhi",29,0.169377281726552,0.241792094117976,0.199207869314465
"DS09","Icelandic River - Flow of Vatnsdalsa River (Daily)","mc.rf_OVERTPhi",30,0.232524254964965,0.271702750269099,0.250591415860112
"DS09","Icelandic River - Flow of Vatnsdalsa River (Daily)","mc.rf_OVERTPhi",31,0.241640351575026,0.271936961587162,0.255895037884645
"DS09","Icelandic River - Flow of Vatnsdalsa River (Daily)","mc.rf_OVERTPhi",32,0.179321730693378,0.248230113390518,0.208222951949971
"DS09","Icelandic River - Flow of Vatnsdalsa River (Daily)","mc.rf_OVERTPhi",33,0.206860936959391,0.240559947057511,0.222441364812727
"DS09","Icelandic River - Flow of Vatnsdalsa River (Daily)","mc.rf_OVERTPhi",34,0.1864261880267,0.240417654981868,0.210007231856398
"DS09","Icelandic River - Flow of Vatnsdalsa River (Daily)","mc.rf_OVERTPhi",35,0.25283021898786,0.269629323807475,0.260959693143158
"DS09","Icelandic River - Flow of Vatnsdalsa River (Daily)","mc.rf_OVERTPhi",36,0.225083317825475,0.24725675866605,0.235649585394966
"DS09","Icelandic River - Flow of Vatnsdalsa River (Daily)","mc.rf_OVERTPhi",37,0.186167016862524,0.223221954204629,0.203017512680781
"DS09","Icelandic River - Flow of Vatnsdalsa River (Daily)","mc.rf_OVERTPhi",38,0.174774514231166,0.22990891251856,0.198585935804569
"DS09","Icelandic River - Flow of Vatnsdalsa River (Daily)","mc.rf_OVERTPhi",39,0.219427563318663,0.253606573859908,0.23528226895247
"DS09","Icelandic River - Flow of Vatnsdalsa River (Daily)","mc.rf_OVERTPhi",40,0.189154805170537,0.228241176266908,0.206867900740111
"DS09","Icelandic River - Flow of Vatnsdalsa River (Daily)","mc.rf_OVERTPhi",41,0.201651299932979,0.230633764991157,0.215170970697615
"DS09","Icelandic River - Flow of Vatnsdalsa River (Daily)","mc.rf_OVERTPhi",42,0.200169253232307,0.239309237351612,0.217996340474452
"DS09","Icelandic River - Flow of Vatnsdalsa River (Daily)","mc.rf_OVERTPhi",43,0.238545133811634,0.238929992728238,0.238737408166165
"DS09","Icelandic River - Flow of Vatnsdalsa River (Daily)","mc.rf_OVERTPhi",44,0.197317961371634,0.23092446594288,0.212802571367912
"DS09","Icelandic River - Flow of Vatnsdalsa River (Daily)","mc.rf_OVERTPhi",45,0.146460866403217,0.221060235594181,0.176189467524247
"DS09","Icelandic River - Flow of Vatnsdalsa River (Daily)","mc.rf_OVERTPhi",46,0.183591615409915,0.219576422108523,0.199978104856536
"DS09","Icelandic River - Flow of Vatnsdalsa River (Daily)","mc.rf_OVERTPhi",47,0.212478981696402,0.237634980424995,0.224354021004705
"DS09","Icelandic River - Flow of Vatnsdalsa River (Daily)","mc.rf_OVERTPhi",48,0.217098518092078,0.239999721280124,0.227975429981913
"DS09","Icelandic River - Flow of Vatnsdalsa River (Daily)","mc.rf_OVERTPhi",49,0.217665601175178,0.226941001027874,0.222206549229196
"DS09","Icelandic River - Flow of Vatnsdalsa River (Daily)","mc.rf_OVERTPhi",50,0.181546575913078,0.209324298797072,0.194448408212532
"DS09","Icelandic River - Flow of Vatnsdalsa River (Daily)","mc.rf_SMOTEB",1,0.334096423666631,0.295061976572884,0.313368306281787
"DS09","Icelandic River - Flow of Vatnsdalsa River (Daily)","mc.rf_SMOTEB",2,0.282664180152287,0.310342171323676,0.295857254161107
"DS09","Icelandic River - Flow of Vatnsdalsa River (Daily)","mc.rf_SMOTEB",3,0.281995109266374,0.278677253381453,0.280326364389455
"DS09","Icelandic River - Flow of Vatnsdalsa River (Daily)","mc.rf_SMOTEB",4,0.222831038741128,0.242230524673524,0.232126168550653
"DS09","Icelandic River - Flow of Vatnsdalsa River (Daily)","mc.rf_SMOTEB",5,0.257894005841619,0.272306403687138,0.26490431920118
"DS09","Icelandic River - Flow of Vatnsdalsa River (Daily)","mc.rf_SMOTEB",6,0.265458053381358,0.267279907665763,0.26636586534004
"DS09","Icelandic River - Flow of Vatnsdalsa River (Daily)","mc.rf_SMOTEB",7,0.293580758898075,0.263133875083238,0.277524742564325
"DS09","Icelandic River - Flow of Vatnsdalsa River (Daily)","mc.rf_SMOTEB",8,0.294241596260935,0.29557948069109,0.294909021122006
"DS09","Icelandic River - Flow of Vatnsdalsa River (Daily)","mc.rf_SMOTEB",9,0.262697101239285,0.287898914923718,0.274721240910708
"DS09","Icelandic River - Flow of Vatnsdalsa River (Daily)","mc.rf_SMOTEB",10,0.278125129870236,0.280421066140991,0.279268379216553
"DS09","Icelandic River - Flow of Vatnsdalsa River (Daily)","mc.rf_SMOTEB",11,0.300194931710695,0.2934725711723,0.296795691305993
"DS09","Icelandic River - Flow of Vatnsdalsa River (Daily)","mc.rf_SMOTEB",12,0.33924541423472,0.311558356593513,0.324812942021969
"DS09","Icelandic River - Flow of Vatnsdalsa River (Daily)","mc.rf_SMOTEB",13,0.293986289811844,0.294802548762519,0.294393853482745
"DS09","Icelandic River - Flow of Vatnsdalsa River (Daily)","mc.rf_SMOTEB",14,0.270918704438706,0.264569930975268,0.267706682058138
"DS09","Icelandic River - Flow of Vatnsdalsa River (Daily)","mc.rf_SMOTEB",15,0.339325669152131,0.322893245395504,0.330905578658615
"DS09","Icelandic River - Flow of Vatnsdalsa River (Daily)","mc.rf_SMOTEB",16,0.31499555220059,0.303399395969595,0.309088748391479
"DS09","Icelandic River - Flow of Vatnsdalsa River (Daily)","mc.rf_SMOTEB",17,0.313509787884345,0.292233802101496,0.302498148801268
"DS09","Icelandic River - Flow of Vatnsdalsa River (Daily)","mc.rf_SMOTEB",18,0.258795636675284,0.274433310535489,0.266385175435213
"DS09","Icelandic River - Flow of Vatnsdalsa River (Daily)","mc.rf_SMOTEB",19,0.280729427478223,0.278680189058339,0.2797010548665
"DS09","Icelandic River - Flow of Vatnsdalsa River (Daily)","mc.rf_SMOTEB",20,0.294000318136256,0.302491780655386,0.298185608582053
"DS09","Icelandic River - Flow of Vatnsdalsa River (Daily)","mc.rf_SMOTEB",21,0.302115577763338,0.311735051115814,0.306849942465332
"DS09","Icelandic River - Flow of Vatnsdalsa River (Daily)","mc.rf_SMOTEB",22,0.302524652797822,0.297396863454885,0.299938843406817
"DS09","Icelandic River - Flow of Vatnsdalsa River (Daily)","mc.rf_SMOTEB",23,0.222584990962811,0.253253190676425,0.236930794262127
"DS09","Icelandic River - Flow of Vatnsdalsa River (Daily)","mc.rf_SMOTEB",24,0.254868539669339,0.27755471586933,0.265728306853857
"DS09","Icelandic River - Flow of Vatnsdalsa River (Daily)","mc.rf_SMOTEB",25,0.265201803374784,0.27558200321419,0.270292280721295
"DS09","Icelandic River - Flow of Vatnsdalsa River (Daily)","mc.rf_SMOTEB",26,0.287228227455474,0.279579542593811,0.283352278127909
"DS09","Icelandic River - Flow of Vatnsdalsa River (Daily)","mc.rf_SMOTEB",27,0.197143212653135,0.247099077498218,0.219312330507876
"DS09","Icelandic River - Flow of Vatnsdalsa River (Daily)","mc.rf_SMOTEB",28,0.271657782213085,0.270092132908995,0.270872695209284
"DS09","Icelandic River - Flow of Vatnsdalsa River (Daily)","mc.rf_SMOTEB",29,0.291138425653917,0.279642260421618,0.285274570186415
"DS09","Icelandic River - Flow of Vatnsdalsa River (Daily)","mc.rf_SMOTEB",30,0.320540994583302,0.286506071311659,0.302569425706719
"DS09","Icelandic River - Flow of Vatnsdalsa River (Daily)","mc.rf_SMOTEB",31,0.215193574045134,0.263961907676973,0.237095926026463
"DS09","Icelandic River - Flow of Vatnsdalsa River (Daily)","mc.rf_SMOTEB",32,0.302380642369643,0.29398426908036,0.298123348387313
"DS09","Icelandic River - Flow of Vatnsdalsa River (Daily)","mc.rf_SMOTEB",33,0.289482170069813,0.261745612252769,0.27491607016586
"DS09","Icelandic River - Flow of Vatnsdalsa River (Daily)","mc.rf_SMOTEB",34,0.191963692731673,0.221747230305802,0.205783385509822
"DS09","Icelandic River - Flow of Vatnsdalsa River (Daily)","mc.rf_SMOTEB",35,0.317844247674896,0.269395769197535,0.291621460143073
"DS09","Icelandic River - Flow of Vatnsdalsa River (Daily)","mc.rf_SMOTEB",36,0.236235440010569,0.253094427256216,0.244374510475149
"DS09","Icelandic River - Flow of Vatnsdalsa River (Daily)","mc.rf_SMOTEB",37,0.220190091358623,0.25531884768715,0.236456881381152
"DS09","Icelandic River - Flow of Vatnsdalsa River (Daily)","mc.rf_SMOTEB",38,0.22562250755161,0.257122770632494,0.240344906021417
"DS09","Icelandic River - Flow of Vatnsdalsa River (Daily)","mc.rf_SMOTEB",39,0.268340281396648,0.255861894931213,0.261952567101054
"DS09","Icelandic River - Flow of Vatnsdalsa River (Daily)","mc.rf_SMOTEB",40,0.267109230156013,0.263238498228414,0.265159738963752
"DS09","Icelandic River - Flow of Vatnsdalsa River (Daily)","mc.rf_SMOTEB",41,0.243942164893444,0.239042067825617,0.241467259490871
"DS09","Icelandic River - Flow of Vatnsdalsa River (Daily)","mc.rf_SMOTEB",42,0.284943843465772,0.259525834726179,0.271641532256161
"DS09","Icelandic River - Flow of Vatnsdalsa River (Daily)","mc.rf_SMOTEB",43,0.252187712824317,0.246807721798905,0.249468714738215
"DS09","Icelandic River - Flow of Vatnsdalsa River (Daily)","mc.rf_SMOTEB",44,0.265284056899005,0.235731608346282,0.24963625586762
"DS09","Icelandic River - Flow of Vatnsdalsa River (Daily)","mc.rf_SMOTEB",45,0.273969492613283,0.24156661859839,0.256749750368249
"DS09","Icelandic River - Flow of Vatnsdalsa River (Daily)","mc.rf_SMOTEB",46,0.25402718178992,0.214772001332031,0.2327560635342
"DS09","Icelandic River - Flow of Vatnsdalsa River (Daily)","mc.rf_SMOTEB",47,0.245967717111739,0.217766470747302,0.231009587283116
"DS09","Icelandic River - Flow of Vatnsdalsa River (Daily)","mc.rf_SMOTEB",48,0.251930064316047,0.230270312322754,0.240613725762402
"DS09","Icelandic River - Flow of Vatnsdalsa River (Daily)","mc.rf_SMOTEB",49,0.259950837011499,0.249421892477951,0.254577545930356
"DS09","Icelandic River - Flow of Vatnsdalsa River (Daily)","mc.rf_SMOTEB",50,0.299741580228369,0.272805911096942,0.285640147330159
"DS09","Icelandic River - Flow of Vatnsdalsa River (Daily)","mc.rf_SMOTET",1,0.306756659494563,0.365435505786106,0.333534905063481
"DS09","Icelandic River - Flow of Vatnsdalsa River (Daily)","mc.rf_SMOTET",2,0.259245093111029,0.296073836691796,0.276438224024373
"DS09","Icelandic River - Flow of Vatnsdalsa River (Daily)","mc.rf_SMOTET",3,0.247125527014375,0.263509823408307,0.255054821133473
"DS09","Icelandic River - Flow of Vatnsdalsa River (Daily)","mc.rf_SMOTET",4,0.248017133874962,0.25407032674348,0.251007241503208
"DS09","Icelandic River - Flow of Vatnsdalsa River (Daily)","mc.rf_SMOTET",5,0.261047880316809,0.259804735158471,0.260424824199074
"DS09","Icelandic River - Flow of Vatnsdalsa River (Daily)","mc.rf_SMOTET",6,0.264131924172177,0.255070049382381,0.259521906208552
"DS09","Icelandic River - Flow of Vatnsdalsa River (Daily)","mc.rf_SMOTET",7,0.255692188073919,0.260932793437933,0.258285910600529
"DS09","Icelandic River - Flow of Vatnsdalsa River (Daily)","mc.rf_SMOTET",8,0.305076023721193,0.296728800303082,0.300844522696524
"DS09","Icelandic River - Flow of Vatnsdalsa River (Daily)","mc.rf_SMOTET",9,0.233679918452024,0.281440738950781,0.255346191157186
"DS09","Icelandic River - Flow of Vatnsdalsa River (Daily)","mc.rf_SMOTET",10,0.321380103329222,0.312294491524295,0.316772162779938
"DS09","Icelandic River - Flow of Vatnsdalsa River (Daily)","mc.rf_SMOTET",11,0.279946033453546,0.287585552894798,0.283714375545006
"DS09","Icelandic River - Flow of Vatnsdalsa River (Daily)","mc.rf_SMOTET",12,0.303575244475223,0.292907046811256,0.298145744285093
"DS09","Icelandic River - Flow of Vatnsdalsa River (Daily)","mc.rf_SMOTET",13,0.302410903172488,0.298000073183293,0.300189286424459
"DS09","Icelandic River - Flow of Vatnsdalsa River (Daily)","mc.rf_SMOTET",14,0.3372631695436,0.306359039151715,0.321069158791417
"DS09","Icelandic River - Flow of Vatnsdalsa River (Daily)","mc.rf_SMOTET",15,0.304605942340528,0.284341258788538,0.294124963709926
"DS09","Icelandic River - Flow of Vatnsdalsa River (Daily)","mc.rf_SMOTET",16,0.313339076793492,0.3100337595802,0.311677655275437
"DS09","Icelandic River - Flow of Vatnsdalsa River (Daily)","mc.rf_SMOTET",17,0.305540643837486,0.288293705030976,0.296666719994569
"DS09","Icelandic River - Flow of Vatnsdalsa River (Daily)","mc.rf_SMOTET",18,0.27378671489945,0.244675388921915,0.258413760450107
"DS09","Icelandic River - Flow of Vatnsdalsa River (Daily)","mc.rf_SMOTET",19,0.293846578964237,0.298648847542741,0.29622825168259
"DS09","Icelandic River - Flow of Vatnsdalsa River (Daily)","mc.rf_SMOTET",20,0.262627422516634,0.273426536910662,0.267918202537727
"DS09","Icelandic River - Flow of Vatnsdalsa River (Daily)","mc.rf_SMOTET",21,0.3097222062427,0.301395695979763,0.305502226563557
"DS09","Icelandic River - Flow of Vatnsdalsa River (Daily)","mc.rf_SMOTET",22,0.326197526791682,0.301796052085701,0.313522714553331
"DS09","Icelandic River - Flow of Vatnsdalsa River (Daily)","mc.rf_SMOTET",23,0.224999160518943,0.241229011263295,0.232831597539785
"DS09","Icelandic River - Flow of Vatnsdalsa River (Daily)","mc.rf_SMOTET",24,0.242739793237999,0.271348267258864,0.256248014109668
"DS09","Icelandic River - Flow of Vatnsdalsa River (Daily)","mc.rf_SMOTET",25,0.272374498653525,0.279959521571564,0.276114928789866
"DS09","Icelandic River - Flow of Vatnsdalsa River (Daily)","mc.rf_SMOTET",26,0.272155248339501,0.282394363953287,0.277180279447404
"DS09","Icelandic River - Flow of Vatnsdalsa River (Daily)","mc.rf_SMOTET",27,0.259498473415435,0.254219833683622,0.256832033591924
"DS09","Icelandic River - Flow of Vatnsdalsa River (Daily)","mc.rf_SMOTET",28,0.292248086623767,0.291155151949935,0.291700595547075
"DS09","Icelandic River - Flow of Vatnsdalsa River (Daily)","mc.rf_SMOTET",29,0.326550842270522,0.297232970245659,0.311202935493845
"DS09","Icelandic River - Flow of Vatnsdalsa River (Daily)","mc.rf_SMOTET",30,0.305357884523262,0.283053129998224,0.293782756783488
"DS09","Icelandic River - Flow of Vatnsdalsa River (Daily)","mc.rf_SMOTET",31,0.26379673367622,0.269326860156074,0.266533114731343
"DS09","Icelandic River - Flow of Vatnsdalsa River (Daily)","mc.rf_SMOTET",32,0.283706443792942,0.297622560384735,0.290497936942764
"DS09","Icelandic River - Flow of Vatnsdalsa River (Daily)","mc.rf_SMOTET",33,0.253851327217344,0.284003200392312,0.268082113853223
"DS09","Icelandic River - Flow of Vatnsdalsa River (Daily)","mc.rf_SMOTET",34,0.248031789862659,0.229947012422122,0.238647273862362
"DS09","Icelandic River - Flow of Vatnsdalsa River (Daily)","mc.rf_SMOTET",35,0.198769745568516,0.216155777240599,0.207098510375534
"DS09","Icelandic River - Flow of Vatnsdalsa River (Daily)","mc.rf_SMOTET",36,0.312240687723634,0.288728116443075,0.300024443925468
"DS09","Icelandic River - Flow of Vatnsdalsa River (Daily)","mc.rf_SMOTET",37,0.311560649721473,0.290380387915649,0.300597888060635
"DS09","Icelandic River - Flow of Vatnsdalsa River (Daily)","mc.rf_SMOTET",38,0.239961692526607,0.251915089625268,0.24579314768635
"DS09","Icelandic River - Flow of Vatnsdalsa River (Daily)","mc.rf_SMOTET",39,0.30536717768256,0.289909328654606,0.297437552238824
"DS09","Icelandic River - Flow of Vatnsdalsa River (Daily)","mc.rf_SMOTET",40,0.270266001294552,0.265957317319055,0.268094348648206
"DS09","Icelandic River - Flow of Vatnsdalsa River (Daily)","mc.rf_SMOTET",41,0.288181531224285,0.280537210463394,0.28430799602918
"DS09","Icelandic River - Flow of Vatnsdalsa River (Daily)","mc.rf_SMOTET",42,0.302635324075916,0.279927905233277,0.290839064520505
"DS09","Icelandic River - Flow of Vatnsdalsa River (Daily)","mc.rf_SMOTET",43,0.251844152648914,0.260202782696563,0.255955244731197
"DS09","Icelandic River - Flow of Vatnsdalsa River (Daily)","mc.rf_SMOTET",44,0.322252354851212,0.305490337009584,0.313647555796506
"DS09","Icelandic River - Flow of Vatnsdalsa River (Daily)","mc.rf_SMOTET",45,0.244802924480842,0.256329120879048,0.250433469588758
"DS09","Icelandic River - Flow of Vatnsdalsa River (Daily)","mc.rf_SMOTET",46,0.341385613747005,0.304359630839756,0.321811117449373
"DS09","Icelandic River - Flow of Vatnsdalsa River (Daily)","mc.rf_SMOTET",47,0.340940212994059,0.304437521849682,0.321656567739961
"DS09","Icelandic River - Flow of Vatnsdalsa River (Daily)","mc.rf_SMOTET",48,0.287971458098289,0.253457492327699,0.26961441043785
"DS09","Icelandic River - Flow of Vatnsdalsa River (Daily)","mc.rf_SMOTET",49,0.299451087011627,0.254303218220919,0.275036688319127
"DS09","Icelandic River - Flow of Vatnsdalsa River (Daily)","mc.rf_SMOTET",50,0.214902250487821,0.235564831144657,0.224759652427044
"DS09","Icelandic River - Flow of Vatnsdalsa River (Daily)","mc.rf_SMOTETPhi",1,0.303740062001856,0.331719097230571,0.317113626253235
"DS09","Icelandic River - Flow of Vatnsdalsa River (Daily)","mc.rf_SMOTETPhi",2,0.265071853706405,0.317008081198249,0.288722956021134
"DS09","Icelandic River - Flow of Vatnsdalsa River (Daily)","mc.rf_SMOTETPhi",3,0.226334862695834,0.26936366919362,0.245981721389404
"DS09","Icelandic River - Flow of Vatnsdalsa River (Daily)","mc.rf_SMOTETPhi",4,0.243016135464897,0.25372810926964,0.248256623915087
"DS09","Icelandic River - Flow of Vatnsdalsa River (Daily)","mc.rf_SMOTETPhi",5,0.243078111006545,0.25711447173512,0.249899347804194
"DS09","Icelandic River - Flow of Vatnsdalsa River (Daily)","mc.rf_SMOTETPhi",6,0.264122540734853,0.266211873044638,0.265163091270065
"DS09","Icelandic River - Flow of Vatnsdalsa River (Daily)","mc.rf_SMOTETPhi",7,0.266588714174657,0.262746285091286,0.264653553586251
"DS09","Icelandic River - Flow of Vatnsdalsa River (Daily)","mc.rf_SMOTETPhi",8,0.305594669461559,0.305505718922585,0.305550187718341
"DS09","Icelandic River - Flow of Vatnsdalsa River (Daily)","mc.rf_SMOTETPhi",9,0.240290937908917,0.277983875859179,0.257766746441384
"DS09","Icelandic River - Flow of Vatnsdalsa River (Daily)","mc.rf_SMOTETPhi",10,0.320573936988307,0.314757573013106,0.317639131034038
"DS09","Icelandic River - Flow of Vatnsdalsa River (Daily)","mc.rf_SMOTETPhi",11,0.251231916725811,0.257097455296641,0.254130845213685
"DS09","Icelandic River - Flow of Vatnsdalsa River (Daily)","mc.rf_SMOTETPhi",12,0.320290755166313,0.297247885198447,0.308339408739071
"DS09","Icelandic River - Flow of Vatnsdalsa River (Daily)","mc.rf_SMOTETPhi",13,0.291876912876013,0.292308308888399,0.292092451598376
"DS09","Icelandic River - Flow of Vatnsdalsa River (Daily)","mc.rf_SMOTETPhi",14,0.321310253365625,0.308435947379176,0.314741501520009
"DS09","Icelandic River - Flow of Vatnsdalsa River (Daily)","mc.rf_SMOTETPhi",15,0.290633729303891,0.273916725026628,0.282027722066413
"DS09","Icelandic River - Flow of Vatnsdalsa River (Daily)","mc.rf_SMOTETPhi",16,0.272140455762481,0.29574888566595,0.283453943100712
"DS09","Icelandic River - Flow of Vatnsdalsa River (Daily)","mc.rf_SMOTETPhi",17,0.281477630936018,0.287284374179877,0.284351360751008
"DS09","Icelandic River - Flow of Vatnsdalsa River (Daily)","mc.rf_SMOTETPhi",18,0.251396454598849,0.243940108926457,0.247612161242909
"DS09","Icelandic River - Flow of Vatnsdalsa River (Daily)","mc.rf_SMOTETPhi",19,0.288448225169836,0.297593527745358,0.29294951928997
"DS09","Icelandic River - Flow of Vatnsdalsa River (Daily)","mc.rf_SMOTETPhi",20,0.261857195256378,0.275865958044345,0.26867909851673
"DS09","Icelandic River - Flow of Vatnsdalsa River (Daily)","mc.rf_SMOTETPhi",21,0.294492162472358,0.263503317280893,0.278137241394877
"DS09","Icelandic River - Flow of Vatnsdalsa River (Daily)","mc.rf_SMOTETPhi",22,0.312219697452058,0.283747285769574,0.297303354749345
"DS09","Icelandic River - Flow of Vatnsdalsa River (Daily)","mc.rf_SMOTETPhi",23,0.23766965051591,0.243035475050174,0.240322615033995
"DS09","Icelandic River - Flow of Vatnsdalsa River (Daily)","mc.rf_SMOTETPhi",24,0.271090653914551,0.274430768468302,0.272750485777012
"DS09","Icelandic River - Flow of Vatnsdalsa River (Daily)","mc.rf_SMOTETPhi",25,0.260878146107986,0.269468478988101,0.26510374123798
"DS09","Icelandic River - Flow of Vatnsdalsa River (Daily)","mc.rf_SMOTETPhi",26,0.278131118184212,0.279115914354302,0.278622646077546
"DS09","Icelandic River - Flow of Vatnsdalsa River (Daily)","mc.rf_SMOTETPhi",27,0.27844678702371,0.275428723486673,0.276929532552309
"DS09","Icelandic River - Flow of Vatnsdalsa River (Daily)","mc.rf_SMOTETPhi",28,0.263550302738926,0.273274190729211,0.268324178847079
"DS09","Icelandic River - Flow of Vatnsdalsa River (Daily)","mc.rf_SMOTETPhi",29,0.2979400154089,0.29358237219963,0.295745142802023
"DS09","Icelandic River - Flow of Vatnsdalsa River (Daily)","mc.rf_SMOTETPhi",30,0.287022108081352,0.28488657081192,0.285950352342053
"DS09","Icelandic River - Flow of Vatnsdalsa River (Daily)","mc.rf_SMOTETPhi",31,0.232258349059782,0.25512457408651,0.243155061730085
"DS09","Icelandic River - Flow of Vatnsdalsa River (Daily)","mc.rf_SMOTETPhi",32,0.246696579904884,0.281745067810808,0.263058541787724
"DS09","Icelandic River - Flow of Vatnsdalsa River (Daily)","mc.rf_SMOTETPhi",33,0.26088084089964,0.261658054746743,0.261268869817067
"DS09","Icelandic River - Flow of Vatnsdalsa River (Daily)","mc.rf_SMOTETPhi",34,0.256759511861121,0.221323484822478,0.237728220081545
"DS09","Icelandic River - Flow of Vatnsdalsa River (Daily)","mc.rf_SMOTETPhi",35,0.233358921172078,0.234897131034368,0.234125499612034
"DS09","Icelandic River - Flow of Vatnsdalsa River (Daily)","mc.rf_SMOTETPhi",36,0.268716375991857,0.269710086262949,0.269212314140431
"DS09","Icelandic River - Flow of Vatnsdalsa River (Daily)","mc.rf_SMOTETPhi",37,0.251432894445622,0.261399770899597,0.25631947980718
"DS09","Icelandic River - Flow of Vatnsdalsa River (Daily)","mc.rf_SMOTETPhi",38,0.260947526434173,0.25488771827753,0.257882028360218
"DS09","Icelandic River - Flow of Vatnsdalsa River (Daily)","mc.rf_SMOTETPhi",39,0.242528575905065,0.266214767882701,0.253820278251831
"DS09","Icelandic River - Flow of Vatnsdalsa River (Daily)","mc.rf_SMOTETPhi",40,0.266414704449265,0.261271332166436,0.263817952002696
"DS09","Icelandic River - Flow of Vatnsdalsa River (Daily)","mc.rf_SMOTETPhi",41,0.282818759932396,0.272190167971071,0.277402693546429
"DS09","Icelandic River - Flow of Vatnsdalsa River (Daily)","mc.rf_SMOTETPhi",42,0.30088631991782,0.288010158137132,0.294307471041607
"DS09","Icelandic River - Flow of Vatnsdalsa River (Daily)","mc.rf_SMOTETPhi",43,0.251368480984958,0.259871142556651,0.255549105931044
"DS09","Icelandic River - Flow of Vatnsdalsa River (Daily)","mc.rf_SMOTETPhi",44,0.293112612135178,0.290629711919605,0.291865881620929
"DS09","Icelandic River - Flow of Vatnsdalsa River (Daily)","mc.rf_SMOTETPhi",45,0.238232395529809,0.266305980755788,0.251488151234127
"DS09","Icelandic River - Flow of Vatnsdalsa River (Daily)","mc.rf_SMOTETPhi",46,0.342096706298354,0.30951816561017,0.324993027506014
"DS09","Icelandic River - Flow of Vatnsdalsa River (Daily)","mc.rf_SMOTETPhi",47,0.359190935695511,0.302102158031215,0.32818233805329
"DS09","Icelandic River - Flow of Vatnsdalsa River (Daily)","mc.rf_SMOTETPhi",48,0.297774831829469,0.257583709175278,0.276224961059971
"DS09","Icelandic River - Flow of Vatnsdalsa River (Daily)","mc.rf_SMOTETPhi",49,0.305061771203641,0.278589763079322,0.291225437001859
"DS09","Icelandic River - Flow of Vatnsdalsa River (Daily)","mc.rf_SMOTETPhi",50,0.218073040410616,0.215617763842374,0.216838452033286
"DS09","Icelandic River - Flow of Vatnsdalsa River (Daily)","mc.rpart",1,0.26660489015215,0.312562569506168,0.287760329484073
"DS09","Icelandic River - Flow of Vatnsdalsa River (Daily)","mc.rpart",2,0.251164838763798,0.297771524265523,0.272489643309003
"DS09","Icelandic River - Flow of Vatnsdalsa River (Daily)","mc.rpart",3,0.214646420043105,0.266264380313528,0.237685225521703
"DS09","Icelandic River - Flow of Vatnsdalsa River (Daily)","mc.rpart",4,0.201338218572486,0.256371802959513,0.225546479962646
"DS09","Icelandic River - Flow of Vatnsdalsa River (Daily)","mc.rpart",5,0.201338218572486,0.25629987909251,0.225518641652096
"DS09","Icelandic River - Flow of Vatnsdalsa River (Daily)","mc.rpart",6,0.210183047433048,0.245957215491429,0.226667283254908
"DS09","Icelandic River - Flow of Vatnsdalsa River (Daily)","mc.rpart",7,0.262712255583931,0.277937120140169,0.270110319260916
"DS09","Icelandic River - Flow of Vatnsdalsa River (Daily)","mc.rpart",8,0.273482306590315,0.276493337971731,0.274979579816044
"DS09","Icelandic River - Flow of Vatnsdalsa River (Daily)","mc.rpart",9,0.283302888975192,0.292453471307912,0.287805464351677
"DS09","Icelandic River - Flow of Vatnsdalsa River (Daily)","mc.rpart",10,0.282488656260314,0.292403501534989,0.28736058098688
"DS09","Icelandic River - Flow of Vatnsdalsa River (Daily)","mc.rpart",11,0.270264038415898,0.270997462970543,0.270630253787773
"DS09","Icelandic River - Flow of Vatnsdalsa River (Daily)","mc.rpart",12,0.263472320197385,0.285915801847721,0.274235632956513
"DS09","Icelandic River - Flow of Vatnsdalsa River (Daily)","mc.rpart",13,0.287746387827527,0.282953430212515,0.285329782464892
"DS09","Icelandic River - Flow of Vatnsdalsa River (Daily)","mc.rpart",14,0.254101791990459,0.288381147629359,0.270158418033348
"DS09","Icelandic River - Flow of Vatnsdalsa River (Daily)","mc.rpart",15,0.27935419028388,0.27648594563824,0.277912667607239
"DS09","Icelandic River - Flow of Vatnsdalsa River (Daily)","mc.rpart",16,0.268874983957538,0.275193788414035,0.271997692947921
"DS09","Icelandic River - Flow of Vatnsdalsa River (Daily)","mc.rpart",17,0.275535173236842,0.27929004497045,0.27739990324487
"DS09","Icelandic River - Flow of Vatnsdalsa River (Daily)","mc.rpart",18,0.245183765076489,0.291292661106207,0.266256737122118
"DS09","Icelandic River - Flow of Vatnsdalsa River (Daily)","mc.rpart",19,0.278066948585571,0.306608512401802,0.291641086868777
"DS09","Icelandic River - Flow of Vatnsdalsa River (Daily)","mc.rpart",20,0.277433621650003,0.302137179945373,0.289258920002957
"DS09","Icelandic River - Flow of Vatnsdalsa River (Daily)","mc.rpart",21,0.28050507034509,0.30590655280892,0.292655655947508
"DS09","Icelandic River - Flow of Vatnsdalsa River (Daily)","mc.rpart",22,0.260639657827879,0.287405908246624,0.273369158406538
"DS09","Icelandic River - Flow of Vatnsdalsa River (Daily)","mc.rpart",23,0.256275379828868,0.262964957160299,0.259577076267646
"DS09","Icelandic River - Flow of Vatnsdalsa River (Daily)","mc.rpart",24,0.27108372822893,0.254533579835973,0.262548096201092
"DS09","Icelandic River - Flow of Vatnsdalsa River (Daily)","mc.rpart",25,0.289400777516945,0.264239703939762,0.27624849819438
"DS09","Icelandic River - Flow of Vatnsdalsa River (Daily)","mc.rpart",26,0.247484473323147,0.286057107090829,0.265376477064026
"DS09","Icelandic River - Flow of Vatnsdalsa River (Daily)","mc.rpart",27,0.272874927397457,0.295764278376307,0.283858922034319
"DS09","Icelandic River - Flow of Vatnsdalsa River (Daily)","mc.rpart",28,0.22159872627316,0.263413495198015,0.240703604713228
"DS09","Icelandic River - Flow of Vatnsdalsa River (Daily)","mc.rpart",29,0.205547643983639,0.246825529994486,0.224303336642296
"DS09","Icelandic River - Flow of Vatnsdalsa River (Daily)","mc.rpart",30,0.21917179572763,0.248574127684839,0.232948851969248
"DS09","Icelandic River - Flow of Vatnsdalsa River (Daily)","mc.rpart",31,0.251447698000706,0.280817820589801,0.265322445578913
"DS09","Icelandic River - Flow of Vatnsdalsa River (Daily)","mc.rpart",32,0.23293774174713,0.233294492121836,0.233115980445818
"DS09","Icelandic River - Flow of Vatnsdalsa River (Daily)","mc.rpart",33,0.231416764263621,0.220888792788978,0.226030252745174
"DS09","Icelandic River - Flow of Vatnsdalsa River (Daily)","mc.rpart",34,0.234543716023815,0.214707277225986,0.224187562919587
"DS09","Icelandic River - Flow of Vatnsdalsa River (Daily)","mc.rpart",35,0.232015811516312,0.220373423143035,0.226044806948866
"DS09","Icelandic River - Flow of Vatnsdalsa River (Daily)","mc.rpart",36,0.228634976675284,0.222484887359431,0.225518010122969
"DS09","Icelandic River - Flow of Vatnsdalsa River (Daily)","mc.rpart",37,0.232966299943489,0.20925884722678,0.220477101679125
"DS09","Icelandic River - Flow of Vatnsdalsa River (Daily)","mc.rpart",38,0.216978947768812,0.210688784492957,0.213787608076965
"DS09","Icelandic River - Flow of Vatnsdalsa River (Daily)","mc.rpart",39,0.229408252347091,0.218837385476465,0.223998173832197
"DS09","Icelandic River - Flow of Vatnsdalsa River (Daily)","mc.rpart",40,0.227652468326595,0.218785285360637,0.223130816489062
"DS09","Icelandic River - Flow of Vatnsdalsa River (Daily)","mc.rpart",41,0.224756683334847,0.224284092210369,0.224520139084312
"DS09","Icelandic River - Flow of Vatnsdalsa River (Daily)","mc.rpart",42,0.216450312611131,0.240184201815474,0.227700464703136
"DS09","Icelandic River - Flow of Vatnsdalsa River (Daily)","mc.rpart",43,0.227388869560223,0.242754005947863,0.234820357254359
"DS09","Icelandic River - Flow of Vatnsdalsa River (Daily)","mc.rpart",44,0.231127339083351,0.246145072985047,0.238399933911781
"DS09","Icelandic River - Flow of Vatnsdalsa River (Daily)","mc.rpart",45,0.251651308944753,0.245821818532444,0.248702408166579
"DS09","Icelandic River - Flow of Vatnsdalsa River (Daily)","mc.rpart",46,0.221922493896507,0.226921721068792,0.224394266784823
"DS09","Icelandic River - Flow of Vatnsdalsa River (Daily)","mc.rpart",47,0.196928280526326,0.217542794995546,0.206722886538813
"DS09","Icelandic River - Flow of Vatnsdalsa River (Daily)","mc.rpart",48,0.182926168312307,0.190846793174249,0.18680255774099
"DS09","Icelandic River - Flow of Vatnsdalsa River (Daily)","mc.rpart",49,0.186559308135697,0.187722753232009,0.187139222415929
"DS09","Icelandic River - Flow of Vatnsdalsa River (Daily)","mc.rpart",50,0.170714891635282,0.21220710358277,0.189213015417098
"DS09","Icelandic River - Flow of Vatnsdalsa River (Daily)","mc.rpart_UNDERB",1,0.293635851615586,0.333894358795044,0.312473735185649
"DS09","Icelandic River - Flow of Vatnsdalsa River (Daily)","mc.rpart_UNDERB",2,0.289265535769238,0.351075104230669,0.317187202488164
"DS09","Icelandic River - Flow of Vatnsdalsa River (Daily)","mc.rpart_UNDERB",3,0.269078601276432,0.286335979570325,0.277439186995913
"DS09","Icelandic River - Flow of Vatnsdalsa River (Daily)","mc.rpart_UNDERB",4,0.280535497846285,0.272728870190046,0.276577107784376
"DS09","Icelandic River - Flow of Vatnsdalsa River (Daily)","mc.rpart_UNDERB",5,0.238897443066765,0.263048739523838,0.250392067730636
"DS09","Icelandic River - Flow of Vatnsdalsa River (Daily)","mc.rpart_UNDERB",6,0.304475396155781,0.310588058617184,0.307501352762469
"DS09","Icelandic River - Flow of Vatnsdalsa River (Daily)","mc.rpart_UNDERB",7,0.270492675901547,0.310515440842002,0.289125573573269
"DS09","Icelandic River - Flow of Vatnsdalsa River (Daily)","mc.rpart_UNDERB",8,0.257170599765607,0.321381555728568,0.285712832129105
"DS09","Icelandic River - Flow of Vatnsdalsa River (Daily)","mc.rpart_UNDERB",9,0.240842185227036,0.276721652735083,0.257538269314837
"DS09","Icelandic River - Flow of Vatnsdalsa River (Daily)","mc.rpart_UNDERB",10,0.291839863764695,0.258617410149801,0.274226078287849
"DS09","Icelandic River - Flow of Vatnsdalsa River (Daily)","mc.rpart_UNDERB",11,0.263821563882456,0.256475341861112,0.260096591158413
"DS09","Icelandic River - Flow of Vatnsdalsa River (Daily)","mc.rpart_UNDERB",12,0.259842596360281,0.273864440118154,0.266669323457313
"DS09","Icelandic River - Flow of Vatnsdalsa River (Daily)","mc.rpart_UNDERB",13,0.287383880921899,0.323245219560418,0.304261508707492
"DS09","Icelandic River - Flow of Vatnsdalsa River (Daily)","mc.rpart_UNDERB",14,0.336528179822888,0.341834455745534,0.339160564456499
"DS09","Icelandic River - Flow of Vatnsdalsa River (Daily)","mc.rpart_UNDERB",15,0.291030466882111,0.29449279952219,0.292751396420797
"DS09","Icelandic River - Flow of Vatnsdalsa River (Daily)","mc.rpart_UNDERB",16,0.319042100195787,0.323607155195095,0.321308413775506
"DS09","Icelandic River - Flow of Vatnsdalsa River (Daily)","mc.rpart_UNDERB",17,0.284416877849469,0.284633157273532,0.284524976460731
"DS09","Icelandic River - Flow of Vatnsdalsa River (Daily)","mc.rpart_UNDERB",18,0.317754358062563,0.344273275609143,0.330482681161091
"DS09","Icelandic River - Flow of Vatnsdalsa River (Daily)","mc.rpart_UNDERB",19,0.240139150516771,0.278480250462651,0.257892437712534
"DS09","Icelandic River - Flow of Vatnsdalsa River (Daily)","mc.rpart_UNDERB",20,0.237052108215106,0.274168123468435,0.254262752706563
"DS09","Icelandic River - Flow of Vatnsdalsa River (Daily)","mc.rpart_UNDERB",21,0.257577644104079,0.263163005893425,0.260340371252758
"DS09","Icelandic River - Flow of Vatnsdalsa River (Daily)","mc.rpart_UNDERB",22,0.264393249778723,0.263463801459135,0.263927707334721
"DS09","Icelandic River - Flow of Vatnsdalsa River (Daily)","mc.rpart_UNDERB",23,0.305716887933537,0.270792125853963,0.287196640514262
"DS09","Icelandic River - Flow of Vatnsdalsa River (Daily)","mc.rpart_UNDERB",24,0.237998434808402,0.233601450284695,0.235779444796747
"DS09","Icelandic River - Flow of Vatnsdalsa River (Daily)","mc.rpart_UNDERB",25,0.286025351795773,0.296944293017793,0.291382567273543
"DS09","Icelandic River - Flow of Vatnsdalsa River (Daily)","mc.rpart_UNDERB",26,0.295883773575605,0.319157137017974,0.307080119185329
"DS09","Icelandic River - Flow of Vatnsdalsa River (Daily)","mc.rpart_UNDERB",27,0.306412680753271,0.315195840056398,0.310742208578998
"DS09","Icelandic River - Flow of Vatnsdalsa River (Daily)","mc.rpart_UNDERB",28,0.232489965334183,0.269007885688659,0.249419350016435
"DS09","Icelandic River - Flow of Vatnsdalsa River (Daily)","mc.rpart_UNDERB",29,0.267304946305932,0.28070961107277,0.273843336842285
"DS09","Icelandic River - Flow of Vatnsdalsa River (Daily)","mc.rpart_UNDERB",30,0.279025109363529,0.290854312904538,0.284816939499415
"DS09","Icelandic River - Flow of Vatnsdalsa River (Daily)","mc.rpart_UNDERB",31,0.246367963209279,0.250527043694962,0.248430097410355
"DS09","Icelandic River - Flow of Vatnsdalsa River (Daily)","mc.rpart_UNDERB",32,0.328905683073218,0.322221704801594,0.325529387620111
"DS09","Icelandic River - Flow of Vatnsdalsa River (Daily)","mc.rpart_UNDERB",33,0.258956946021388,0.247688693420534,0.253197511708031
"DS09","Icelandic River - Flow of Vatnsdalsa River (Daily)","mc.rpart_UNDERB",34,0.308287069716213,0.299213268553036,0.303682404672317
"DS09","Icelandic River - Flow of Vatnsdalsa River (Daily)","mc.rpart_UNDERB",35,0.304562484177906,0.288558556307927,0.29634460671955
"DS09","Icelandic River - Flow of Vatnsdalsa River (Daily)","mc.rpart_UNDERB",36,0.288172467959392,0.293897673788314,0.291006914489053
"DS09","Icelandic River - Flow of Vatnsdalsa River (Daily)","mc.rpart_UNDERB",37,0.286601925218524,0.279079587048482,0.282790740735865
"DS09","Icelandic River - Flow of Vatnsdalsa River (Daily)","mc.rpart_UNDERB",38,0.296685317122632,0.273555924167314,0.284651548277223
"DS09","Icelandic River - Flow of Vatnsdalsa River (Daily)","mc.rpart_UNDERB",39,0.268309172963784,0.230514971599781,0.247980303518872
"DS09","Icelandic River - Flow of Vatnsdalsa River (Daily)","mc.rpart_UNDERB",40,0.290883027618631,0.278095462811831,0.284345547503948
"DS09","Icelandic River - Flow of Vatnsdalsa River (Daily)","mc.rpart_UNDERB",41,0.236382331316606,0.222430408259364,0.229194239500174
"DS09","Icelandic River - Flow of Vatnsdalsa River (Daily)","mc.rpart_UNDERB",42,0.274044417771883,0.294042781893179,0.28369159879487
"DS09","Icelandic River - Flow of Vatnsdalsa River (Daily)","mc.rpart_UNDERB",43,0.289401790676621,0.283042079504134,0.286186607673748
"DS09","Icelandic River - Flow of Vatnsdalsa River (Daily)","mc.rpart_UNDERB",44,0.301034825687705,0.298389999863641,0.299706577929215
"DS09","Icelandic River - Flow of Vatnsdalsa River (Daily)","mc.rpart_UNDERB",45,0.214519291013876,0.243762009227654,0.228207667945756
"DS09","Icelandic River - Flow of Vatnsdalsa River (Daily)","mc.rpart_UNDERB",46,0.281179466372263,0.224566095416167,0.249704118613048
"DS09","Icelandic River - Flow of Vatnsdalsa River (Daily)","mc.rpart_UNDERB",47,0.275467907573291,0.244858106801244,0.259262648683733
"DS09","Icelandic River - Flow of Vatnsdalsa River (Daily)","mc.rpart_UNDERB",48,0.258067722345436,0.224664091283299,0.240210189978815
"DS09","Icelandic River - Flow of Vatnsdalsa River (Daily)","mc.rpart_UNDERB",49,0.206189651951082,0.212097043845482,0.209101633352559
"DS09","Icelandic River - Flow of Vatnsdalsa River (Daily)","mc.rpart_UNDERB",50,0.247131546319154,0.25447970148696,0.250751801959663
"DS09","Icelandic River - Flow of Vatnsdalsa River (Daily)","mc.rpart_UNDERT",1,0.296387860588452,0.302960471398805,0.299638127507694
"DS09","Icelandic River - Flow of Vatnsdalsa River (Daily)","mc.rpart_UNDERT",2,0.366609422437035,0.350390984219695,0.358316774047316
"DS09","Icelandic River - Flow of Vatnsdalsa River (Daily)","mc.rpart_UNDERT",3,0.291435577019142,0.251507233426912,0.270003227920238
"DS09","Icelandic River - Flow of Vatnsdalsa River (Daily)","mc.rpart_UNDERT",4,0.258048677701557,0.283442732796206,0.27015025902236
"DS09","Icelandic River - Flow of Vatnsdalsa River (Daily)","mc.rpart_UNDERT",5,0.289390411674438,0.2924746954699,0.290924379163346
"DS09","Icelandic River - Flow of Vatnsdalsa River (Daily)","mc.rpart_UNDERT",6,0.274513073853432,0.286085756777517,0.280179965378422
"DS09","Icelandic River - Flow of Vatnsdalsa River (Daily)","mc.rpart_UNDERT",7,0.268115418181658,0.296212748422771,0.281464614435165
"DS09","Icelandic River - Flow of Vatnsdalsa River (Daily)","mc.rpart_UNDERT",8,0.247716211367785,0.251293431729579,0.249491999646647
"DS09","Icelandic River - Flow of Vatnsdalsa River (Daily)","mc.rpart_UNDERT",9,0.272996239391041,0.283357746244496,0.278080506743213
"DS09","Icelandic River - Flow of Vatnsdalsa River (Daily)","mc.rpart_UNDERT",10,0.285137996145605,0.312782008389556,0.298320960751034
"DS09","Icelandic River - Flow of Vatnsdalsa River (Daily)","mc.rpart_UNDERT",11,0.299810320623907,0.287264176618139,0.293403189204243
"DS09","Icelandic River - Flow of Vatnsdalsa River (Daily)","mc.rpart_UNDERT",12,0.259832099513603,0.22717878829445,0.242410767419098
"DS09","Icelandic River - Flow of Vatnsdalsa River (Daily)","mc.rpart_UNDERT",13,0.31299411697212,0.32958674665705,0.32107620557829
"DS09","Icelandic River - Flow of Vatnsdalsa River (Daily)","mc.rpart_UNDERT",14,0.294861791036847,0.323129738399912,0.308349253552725
"DS09","Icelandic River - Flow of Vatnsdalsa River (Daily)","mc.rpart_UNDERT",15,0.280053250303414,0.298882875945011,0.289161850758351
"DS09","Icelandic River - Flow of Vatnsdalsa River (Daily)","mc.rpart_UNDERT",16,0.27415146449496,0.282793472202783,0.278405420161249
"DS09","Icelandic River - Flow of Vatnsdalsa River (Daily)","mc.rpart_UNDERT",17,0.273981322294212,0.281535937878579,0.277707261550511
"DS09","Icelandic River - Flow of Vatnsdalsa River (Daily)","mc.rpart_UNDERT",18,0.275758281262937,0.280920931776203,0.278315667274402
"DS09","Icelandic River - Flow of Vatnsdalsa River (Daily)","mc.rpart_UNDERT",19,0.290756441223931,0.324935768743082,0.306897395213633
"DS09","Icelandic River - Flow of Vatnsdalsa River (Daily)","mc.rpart_UNDERT",20,0.278745213628368,0.3190676952963,0.297546578735675
"DS09","Icelandic River - Flow of Vatnsdalsa River (Daily)","mc.rpart_UNDERT",21,0.265312732717487,0.276215719399025,0.270654467172907
"DS09","Icelandic River - Flow of Vatnsdalsa River (Daily)","mc.rpart_UNDERT",22,0.289187574152623,0.258872621206724,0.273191689435567
"DS09","Icelandic River - Flow of Vatnsdalsa River (Daily)","mc.rpart_UNDERT",23,0.268854579420462,0.26708053959581,0.267964623315687
"DS09","Icelandic River - Flow of Vatnsdalsa River (Daily)","mc.rpart_UNDERT",24,0.244255914240743,0.277163609897006,0.259671331032756
"DS09","Icelandic River - Flow of Vatnsdalsa River (Daily)","mc.rpart_UNDERT",25,0.303123351902592,0.30631657104635,0.304711595884922
"DS09","Icelandic River - Flow of Vatnsdalsa River (Daily)","mc.rpart_UNDERT",26,0.289885646094245,0.316454045902905,0.302587763151526
"DS09","Icelandic River - Flow of Vatnsdalsa River (Daily)","mc.rpart_UNDERT",27,0.298513297801701,0.327010448047713,0.312112746830348
"DS09","Icelandic River - Flow of Vatnsdalsa River (Daily)","mc.rpart_UNDERT",28,0.261546359908892,0.30852060836079,0.283098115011176
"DS09","Icelandic River - Flow of Vatnsdalsa River (Daily)","mc.rpart_UNDERT",29,0.333403136458434,0.33460846299888,0.334004712313356
"DS09","Icelandic River - Flow of Vatnsdalsa River (Daily)","mc.rpart_UNDERT",30,0.290168346039215,0.315405637134071,0.30226110963043
"DS09","Icelandic River - Flow of Vatnsdalsa River (Daily)","mc.rpart_UNDERT",31,0.315630337023934,0.301954427050854,0.308640961111497
"DS09","Icelandic River - Flow of Vatnsdalsa River (Daily)","mc.rpart_UNDERT",32,0.297948054463921,0.267512634857754,0.281911264940447
"DS09","Icelandic River - Flow of Vatnsdalsa River (Daily)","mc.rpart_UNDERT",33,0.235800985522295,0.296521094659997,0.262697975349935
"DS09","Icelandic River - Flow of Vatnsdalsa River (Daily)","mc.rpart_UNDERT",34,0.240675682687315,0.270001455070448,0.25449654868424
"DS09","Icelandic River - Flow of Vatnsdalsa River (Daily)","mc.rpart_UNDERT",35,0.362541926521415,0.326067143443971,0.343338522582789
"DS09","Icelandic River - Flow of Vatnsdalsa River (Daily)","mc.rpart_UNDERT",36,0.238682445392587,0.259923870472337,0.248850698622319
"DS09","Icelandic River - Flow of Vatnsdalsa River (Daily)","mc.rpart_UNDERT",37,0.266403396865305,0.29551881914702,0.280206815160563
"DS09","Icelandic River - Flow of Vatnsdalsa River (Daily)","mc.rpart_UNDERT",38,0.279101229100671,0.270472902530077,0.274719333352068
"DS09","Icelandic River - Flow of Vatnsdalsa River (Daily)","mc.rpart_UNDERT",39,0.241849599989019,0.254512328295256,0.2480194442118
"DS09","Icelandic River - Flow of Vatnsdalsa River (Daily)","mc.rpart_UNDERT",40,0.250471402265655,0.235808195657237,0.242918722826482
"DS09","Icelandic River - Flow of Vatnsdalsa River (Daily)","mc.rpart_UNDERT",41,0.262753437115329,0.259693673850672,0.261214595579654
"DS09","Icelandic River - Flow of Vatnsdalsa River (Daily)","mc.rpart_UNDERT",42,0.279380707147453,0.303534112869689,0.290957004985444
"DS09","Icelandic River - Flow of Vatnsdalsa River (Daily)","mc.rpart_UNDERT",43,0.234986579915101,0.248274773749563,0.241447984698931
"DS09","Icelandic River - Flow of Vatnsdalsa River (Daily)","mc.rpart_UNDERT",44,0.228174047391283,0.261679804734214,0.24378103757963
"DS09","Icelandic River - Flow of Vatnsdalsa River (Daily)","mc.rpart_UNDERT",45,0.283531371941344,0.257626580043822,0.269958955312122
"DS09","Icelandic River - Flow of Vatnsdalsa River (Daily)","mc.rpart_UNDERT",46,0.286558872490126,0.215333164256134,0.245892041479691
"DS09","Icelandic River - Flow of Vatnsdalsa River (Daily)","mc.rpart_UNDERT",47,0.285985153514375,0.24712022704985,0.265136007423374
"DS09","Icelandic River - Flow of Vatnsdalsa River (Daily)","mc.rpart_UNDERT",48,0.246422720480237,0.223021319902437,0.234138749873797
"DS09","Icelandic River - Flow of Vatnsdalsa River (Daily)","mc.rpart_UNDERT",49,0.30656358929284,0.261123287274439,0.282024811561097
"DS09","Icelandic River - Flow of Vatnsdalsa River (Daily)","mc.rpart_UNDERT",50,0.229418553765862,0.241402045229677,0.235257795478224
"DS09","Icelandic River - Flow of Vatnsdalsa River (Daily)","mc.rpart_UNDERTPhi",1,0.338579040800076,0.378957977513943,0.357632359739957
"DS09","Icelandic River - Flow of Vatnsdalsa River (Daily)","mc.rpart_UNDERTPhi",2,0.279020871339892,0.307200371690096,0.292433330944729
"DS09","Icelandic River - Flow of Vatnsdalsa River (Daily)","mc.rpart_UNDERTPhi",3,0.275779124667856,0.342356007066515,0.305482199947691
"DS09","Icelandic River - Flow of Vatnsdalsa River (Daily)","mc.rpart_UNDERTPhi",4,0.326402248147013,0.354120608982062,0.339696930605848
"DS09","Icelandic River - Flow of Vatnsdalsa River (Daily)","mc.rpart_UNDERTPhi",5,0.304577280346835,0.303645447784638,0.30411065025492
"DS09","Icelandic River - Flow of Vatnsdalsa River (Daily)","mc.rpart_UNDERTPhi",6,0.298555925232873,0.311248172154385,0.304769962723227
"DS09","Icelandic River - Flow of Vatnsdalsa River (Daily)","mc.rpart_UNDERTPhi",7,0.320143006080595,0.344135035393715,0.331705755271023
"DS09","Icelandic River - Flow of Vatnsdalsa River (Daily)","mc.rpart_UNDERTPhi",8,0.320905274804152,0.298625480190199,0.309364760381691
"DS09","Icelandic River - Flow of Vatnsdalsa River (Daily)","mc.rpart_UNDERTPhi",9,0.303820562595945,0.307509865735154,0.30565408192264
"DS09","Icelandic River - Flow of Vatnsdalsa River (Daily)","mc.rpart_UNDERTPhi",10,0.316808282608738,0.311827079849162,0.314297946115072
"DS09","Icelandic River - Flow of Vatnsdalsa River (Daily)","mc.rpart_UNDERTPhi",11,0.299277699743893,0.314233582079652,0.306573347266107
"DS09","Icelandic River - Flow of Vatnsdalsa River (Daily)","mc.rpart_UNDERTPhi",12,0.270055765327104,0.293134245351855,0.281122148727897
"DS09","Icelandic River - Flow of Vatnsdalsa River (Daily)","mc.rpart_UNDERTPhi",13,0.304641447917733,0.29084289605563,0.297582302096383
"DS09","Icelandic River - Flow of Vatnsdalsa River (Daily)","mc.rpart_UNDERTPhi",14,0.293045646573153,0.30743466083266,0.300067755267182
"DS09","Icelandic River - Flow of Vatnsdalsa River (Daily)","mc.rpart_UNDERTPhi",15,0.268498921215335,0.265128442399045,0.266803037555953
"DS09","Icelandic River - Flow of Vatnsdalsa River (Daily)","mc.rpart_UNDERTPhi",16,0.314308171900465,0.306264435445583,0.310234173031589
"DS09","Icelandic River - Flow of Vatnsdalsa River (Daily)","mc.rpart_UNDERTPhi",17,0.270902270977948,0.318157541718418,0.292634461637286
"DS09","Icelandic River - Flow of Vatnsdalsa River (Daily)","mc.rpart_UNDERTPhi",18,0.288961410872295,0.29132889052847,0.290140321255612
"DS09","Icelandic River - Flow of Vatnsdalsa River (Daily)","mc.rpart_UNDERTPhi",19,0.262442632713751,0.300322485262695,0.280107708092801
"DS09","Icelandic River - Flow of Vatnsdalsa River (Daily)","mc.rpart_UNDERTPhi",20,0.276086737474898,0.253572644000157,0.264351190381716
"DS09","Icelandic River - Flow of Vatnsdalsa River (Daily)","mc.rpart_UNDERTPhi",21,0.281859349883951,0.282555347089472,0.28220691935888
"DS09","Icelandic River - Flow of Vatnsdalsa River (Daily)","mc.rpart_UNDERTPhi",22,0.274418227671537,0.259240500932507,0.266613530308669
"DS09","Icelandic River - Flow of Vatnsdalsa River (Daily)","mc.rpart_UNDERTPhi",23,0.27178106955623,0.276330106748494,0.27403671083306
"DS09","Icelandic River - Flow of Vatnsdalsa River (Daily)","mc.rpart_UNDERTPhi",24,0.307906510557986,0.264009272353401,0.284273231249097
"DS09","Icelandic River - Flow of Vatnsdalsa River (Daily)","mc.rpart_UNDERTPhi",25,0.312677727499716,0.303769006410068,0.308158993743804
"DS09","Icelandic River - Flow of Vatnsdalsa River (Daily)","mc.rpart_UNDERTPhi",26,0.256859635664831,0.292747575512908,0.273631910421534
"DS09","Icelandic River - Flow of Vatnsdalsa River (Daily)","mc.rpart_UNDERTPhi",27,0.274790421349442,0.300934575537778,0.287268884476942
"DS09","Icelandic River - Flow of Vatnsdalsa River (Daily)","mc.rpart_UNDERTPhi",28,0.292644132286011,0.262255917652588,0.276617943958756
"DS09","Icelandic River - Flow of Vatnsdalsa River (Daily)","mc.rpart_UNDERTPhi",29,0.30652733454997,0.305626042481038,0.306076025015617
"DS09","Icelandic River - Flow of Vatnsdalsa River (Daily)","mc.rpart_UNDERTPhi",30,0.308825839715246,0.27948013052367,0.2934210780069
"DS09","Icelandic River - Flow of Vatnsdalsa River (Daily)","mc.rpart_UNDERTPhi",31,0.318994012092804,0.31933955940061,0.319166692219634
"DS09","Icelandic River - Flow of Vatnsdalsa River (Daily)","mc.rpart_UNDERTPhi",32,0.307459438577443,0.295795603866699,0.301514762081585
"DS09","Icelandic River - Flow of Vatnsdalsa River (Daily)","mc.rpart_UNDERTPhi",33,0.312010590765738,0.262068621817193,0.284867257765523
"DS09","Icelandic River - Flow of Vatnsdalsa River (Daily)","mc.rpart_UNDERTPhi",34,0.269016291073693,0.231854411074341,0.249056746456933
"DS09","Icelandic River - Flow of Vatnsdalsa River (Daily)","mc.rpart_UNDERTPhi",35,0.269254857426022,0.270953005681858,0.270101262481815
"DS09","Icelandic River - Flow of Vatnsdalsa River (Daily)","mc.rpart_UNDERTPhi",36,0.286456126528142,0.280778850602999,0.283589077533785
"DS09","Icelandic River - Flow of Vatnsdalsa River (Daily)","mc.rpart_UNDERTPhi",37,0.268512525653037,0.277811639674135,0.273082941443898
"DS09","Icelandic River - Flow of Vatnsdalsa River (Daily)","mc.rpart_UNDERTPhi",38,0.253939113518828,0.287842017055289,0.269829798490895
"DS09","Icelandic River - Flow of Vatnsdalsa River (Daily)","mc.rpart_UNDERTPhi",39,0.256793300416827,0.208735082203259,0.230283577426885
"DS09","Icelandic River - Flow of Vatnsdalsa River (Daily)","mc.rpart_UNDERTPhi",40,0.282931443106761,0.278673988257648,0.280786578087392
"DS09","Icelandic River - Flow of Vatnsdalsa River (Daily)","mc.rpart_UNDERTPhi",41,0.281845656138924,0.24872693986673,0.26425265116941
"DS09","Icelandic River - Flow of Vatnsdalsa River (Daily)","mc.rpart_UNDERTPhi",42,0.279709412648301,0.246597659784632,0.262111950196506
"DS09","Icelandic River - Flow of Vatnsdalsa River (Daily)","mc.rpart_UNDERTPhi",43,0.327995933555465,0.315643685117339,0.321701281796261
"DS09","Icelandic River - Flow of Vatnsdalsa River (Daily)","mc.rpart_UNDERTPhi",44,0.30593760146633,0.275271725073931,0.289795663885596
"DS09","Icelandic River - Flow of Vatnsdalsa River (Daily)","mc.rpart_UNDERTPhi",45,0.290430925073169,0.269248941664985,0.279439100278797
"DS09","Icelandic River - Flow of Vatnsdalsa River (Daily)","mc.rpart_UNDERTPhi",46,0.263888008289785,0.268055146452939,0.265955255100536
"DS09","Icelandic River - Flow of Vatnsdalsa River (Daily)","mc.rpart_UNDERTPhi",47,0.287269834173738,0.291830030628947,0.289531977474245
"DS09","Icelandic River - Flow of Vatnsdalsa River (Daily)","mc.rpart_UNDERTPhi",48,0.258819122904045,0.210680967959101,0.232282226993835
"DS09","Icelandic River - Flow of Vatnsdalsa River (Daily)","mc.rpart_UNDERTPhi",49,0.314125959029746,0.284588419780845,0.298628573010101
"DS09","Icelandic River - Flow of Vatnsdalsa River (Daily)","mc.rpart_UNDERTPhi",50,0.242826770196828,0.221537384246537,0.231694057259544
"DS09","Icelandic River - Flow of Vatnsdalsa River (Daily)","mc.rpart_OVERB",1,0.318393409107403,0.311146419878968,0.314728202396143
"DS09","Icelandic River - Flow of Vatnsdalsa River (Daily)","mc.rpart_OVERB",2,0.301282457093639,0.300131576470738,0.300705915605516
"DS09","Icelandic River - Flow of Vatnsdalsa River (Daily)","mc.rpart_OVERB",3,0.230801446863025,0.272453444228938,0.249903777365821
"DS09","Icelandic River - Flow of Vatnsdalsa River (Daily)","mc.rpart_OVERB",4,0.244364206727486,0.284006143248649,0.262698071168541
"DS09","Icelandic River - Flow of Vatnsdalsa River (Daily)","mc.rpart_OVERB",5,0.19892906793132,0.233314122262164,0.214753925243105
"DS09","Icelandic River - Flow of Vatnsdalsa River (Daily)","mc.rpart_OVERB",6,0.240454666216889,0.239901177221705,0.24017760284104
"DS09","Icelandic River - Flow of Vatnsdalsa River (Daily)","mc.rpart_OVERB",7,0.265268525854605,0.290411099183583,0.277271005453728
"DS09","Icelandic River - Flow of Vatnsdalsa River (Daily)","mc.rpart_OVERB",8,0.218004709246101,0.248761636277579,0.232369830037486
"DS09","Icelandic River - Flow of Vatnsdalsa River (Daily)","mc.rpart_OVERB",9,0.265395955087256,0.269762667174745,0.267561495689315
"DS09","Icelandic River - Flow of Vatnsdalsa River (Daily)","mc.rpart_OVERB",10,0.236847159103394,0.223455062776496,0.229956295191178
"DS09","Icelandic River - Flow of Vatnsdalsa River (Daily)","mc.rpart_OVERB",11,0.240519788176114,0.251212191132593,0.245749739861993
"DS09","Icelandic River - Flow of Vatnsdalsa River (Daily)","mc.rpart_OVERB",12,0.297289062598495,0.283483021007276,0.290221944052839
"DS09","Icelandic River - Flow of Vatnsdalsa River (Daily)","mc.rpart_OVERB",13,0.296192429500882,0.306502476782317,0.301259268328822
"DS09","Icelandic River - Flow of Vatnsdalsa River (Daily)","mc.rpart_OVERB",14,0.284613264157631,0.248771662955507,0.26548824844715
"DS09","Icelandic River - Flow of Vatnsdalsa River (Daily)","mc.rpart_OVERB",15,0.212988838406227,0.201204298437899,0.206928922739516
"DS09","Icelandic River - Flow of Vatnsdalsa River (Daily)","mc.rpart_OVERB",16,0.250763867582656,0.281338689203717,0.265172857771788
"DS09","Icelandic River - Flow of Vatnsdalsa River (Daily)","mc.rpart_OVERB",17,0.252571295121798,0.232817712585439,0.242292554059923
"DS09","Icelandic River - Flow of Vatnsdalsa River (Daily)","mc.rpart_OVERB",18,0.265204528589414,0.243699990828508,0.253997906164568
"DS09","Icelandic River - Flow of Vatnsdalsa River (Daily)","mc.rpart_OVERB",19,0.255837879591621,0.256383484487826,0.25611039145764
"DS09","Icelandic River - Flow of Vatnsdalsa River (Daily)","mc.rpart_OVERB",20,0.220131152150382,0.262762610969282,0.239565058455216
"DS09","Icelandic River - Flow of Vatnsdalsa River (Daily)","mc.rpart_OVERB",21,0.250368575929785,0.285783094464937,0.266906214554238
"DS09","Icelandic River - Flow of Vatnsdalsa River (Daily)","mc.rpart_OVERB",22,0.228425341207456,0.255668899401492,0.241280522191121
"DS09","Icelandic River - Flow of Vatnsdalsa River (Daily)","mc.rpart_OVERB",23,0.270422736914501,0.269257774602946,0.26983899840631
"DS09","Icelandic River - Flow of Vatnsdalsa River (Daily)","mc.rpart_OVERB",24,0.259828746651638,0.245832055680772,0.25263668696369
"DS09","Icelandic River - Flow of Vatnsdalsa River (Daily)","mc.rpart_OVERB",25,0.260603841492861,0.250064154610432,0.255225233648524
"DS09","Icelandic River - Flow of Vatnsdalsa River (Daily)","mc.rpart_OVERB",26,0.253289760173937,0.241942900380583,0.24748633963102
"DS09","Icelandic River - Flow of Vatnsdalsa River (Daily)","mc.rpart_OVERB",27,0.302024196332105,0.296532468911828,0.299253139459974
"DS09","Icelandic River - Flow of Vatnsdalsa River (Daily)","mc.rpart_OVERB",28,0.20894176016551,0.259175045669476,0.231363153632411
"DS09","Icelandic River - Flow of Vatnsdalsa River (Daily)","mc.rpart_OVERB",29,0.272980110058788,0.248503001146926,0.260167108561516
"DS09","Icelandic River - Flow of Vatnsdalsa River (Daily)","mc.rpart_OVERB",30,0.269240108436787,0.272910659535348,0.271062958526064
"DS09","Icelandic River - Flow of Vatnsdalsa River (Daily)","mc.rpart_OVERB",31,0.256452654332604,0.222821913970284,0.23845734808544
"DS09","Icelandic River - Flow of Vatnsdalsa River (Daily)","mc.rpart_OVERB",32,0.2577883006444,0.30080211835964,0.277639086830118
"DS09","Icelandic River - Flow of Vatnsdalsa River (Daily)","mc.rpart_OVERB",33,0.261529207666966,0.273287648760728,0.267279168136034
"DS09","Icelandic River - Flow of Vatnsdalsa River (Daily)","mc.rpart_OVERB",34,0.242659443691304,0.271691621204759,0.256356182213632
"DS09","Icelandic River - Flow of Vatnsdalsa River (Daily)","mc.rpart_OVERB",35,0.2897899186672,0.278828107963024,0.284203352495118
"DS09","Icelandic River - Flow of Vatnsdalsa River (Daily)","mc.rpart_OVERB",36,0.234581407788788,0.22698729048582,0.230721876727642
"DS09","Icelandic River - Flow of Vatnsdalsa River (Daily)","mc.rpart_OVERB",37,0.205161386063531,0.21161731386653,0.208339348604831
"DS09","Icelandic River - Flow of Vatnsdalsa River (Daily)","mc.rpart_OVERB",38,0.225833810247144,0.249402974048757,0.23703394088001
"DS09","Icelandic River - Flow of Vatnsdalsa River (Daily)","mc.rpart_OVERB",39,0.226902773894616,0.22788464152164,0.22739264780189
"DS09","Icelandic River - Flow of Vatnsdalsa River (Daily)","mc.rpart_OVERB",40,0.237243669540653,0.252675781514233,0.244716675287804
"DS09","Icelandic River - Flow of Vatnsdalsa River (Daily)","mc.rpart_OVERB",41,0.28417875191668,0.237182755187552,0.258562622774845
"DS09","Icelandic River - Flow of Vatnsdalsa River (Daily)","mc.rpart_OVERB",42,0.283870606803087,0.230660977960888,0.254514489366427
"DS09","Icelandic River - Flow of Vatnsdalsa River (Daily)","mc.rpart_OVERB",43,0.231141308051516,0.245898895885477,0.238291833578453
"DS09","Icelandic River - Flow of Vatnsdalsa River (Daily)","mc.rpart_OVERB",44,0.202151828996019,0.214592587653064,0.208186516003565
"DS09","Icelandic River - Flow of Vatnsdalsa River (Daily)","mc.rpart_OVERB",45,0.254389346573438,0.271280895169382,0.262563729805955
"DS09","Icelandic River - Flow of Vatnsdalsa River (Daily)","mc.rpart_OVERB",46,0.276224684507563,0.273044889579741,0.274625582914879
"DS09","Icelandic River - Flow of Vatnsdalsa River (Daily)","mc.rpart_OVERB",47,0.283756566625707,0.251376144677431,0.266586699854603
"DS09","Icelandic River - Flow of Vatnsdalsa River (Daily)","mc.rpart_OVERB",48,0.237916341715557,0.196322144910269,0.215127161471757
"DS09","Icelandic River - Flow of Vatnsdalsa River (Daily)","mc.rpart_OVERB",49,0.315721135131054,0.309715188354355,0.312689324756963
"DS09","Icelandic River - Flow of Vatnsdalsa River (Daily)","mc.rpart_OVERB",50,0.244630923175955,0.271032648960875,0.257155908265438
"DS09","Icelandic River - Flow of Vatnsdalsa River (Daily)","mc.rpart_OVERT",1,0.267726655878669,0.306440679259834,0.285778494395306
"DS09","Icelandic River - Flow of Vatnsdalsa River (Daily)","mc.rpart_OVERT",2,0.26016460469763,0.27073554160517,0.265344832356232
"DS09","Icelandic River - Flow of Vatnsdalsa River (Daily)","mc.rpart_OVERT",3,0.170212994519555,0.267140853957776,0.207936181967865
"DS09","Icelandic River - Flow of Vatnsdalsa River (Daily)","mc.rpart_OVERT",4,0.195772026593804,0.213779396875761,0.204379833017375
"DS09","Icelandic River - Flow of Vatnsdalsa River (Daily)","mc.rpart_OVERT",5,0.190501180959515,0.255906663276991,0.218412477285448
"DS09","Icelandic River - Flow of Vatnsdalsa River (Daily)","mc.rpart_OVERT",6,0.278628664327545,0.282651622909315,0.280625726404679
"DS09","Icelandic River - Flow of Vatnsdalsa River (Daily)","mc.rpart_OVERT",7,0.312071087917617,0.306178205495983,0.309096562515192
"DS09","Icelandic River - Flow of Vatnsdalsa River (Daily)","mc.rpart_OVERT",8,0.314211458518933,0.319811468435593,0.316986732422806
"DS09","Icelandic River - Flow of Vatnsdalsa River (Daily)","mc.rpart_OVERT",9,0.315954405156009,0.326372890819421,0.321079154580538
"DS09","Icelandic River - Flow of Vatnsdalsa River (Daily)","mc.rpart_OVERT",10,0.286018904574167,0.304330388053105,0.294890653064735
"DS09","Icelandic River - Flow of Vatnsdalsa River (Daily)","mc.rpart_OVERT",11,0.215322494922371,0.232937367600555,0.223783833199368
"DS09","Icelandic River - Flow of Vatnsdalsa River (Daily)","mc.rpart_OVERT",12,0.292916817240466,0.269182221148414,0.280548423290355
"DS09","Icelandic River - Flow of Vatnsdalsa River (Daily)","mc.rpart_OVERT",13,0.305370760481339,0.30532596907476,0.305348363135442
"DS09","Icelandic River - Flow of Vatnsdalsa River (Daily)","mc.rpart_OVERT",14,0.283737216672902,0.277454816369235,0.280560851594224
"DS09","Icelandic River - Flow of Vatnsdalsa River (Daily)","mc.rpart_OVERT",15,0.267311237677966,0.308023131445633,0.286226754106832
"DS09","Icelandic River - Flow of Vatnsdalsa River (Daily)","mc.rpart_OVERT",16,0.247519758642637,0.274130706626657,0.260146480673559
"DS09","Icelandic River - Flow of Vatnsdalsa River (Daily)","mc.rpart_OVERT",17,0.299329294926257,0.293051134741569,0.296156946267523
"DS09","Icelandic River - Flow of Vatnsdalsa River (Daily)","mc.rpart_OVERT",18,0.279449464966165,0.220494442460719,0.246495869069761
"DS09","Icelandic River - Flow of Vatnsdalsa River (Daily)","mc.rpart_OVERT",19,0.304899634596459,0.299376898913294,0.302113029460579
"DS09","Icelandic River - Flow of Vatnsdalsa River (Daily)","mc.rpart_OVERT",20,0.261215681826933,0.234322711140954,0.247039452953896
"DS09","Icelandic River - Flow of Vatnsdalsa River (Daily)","mc.rpart_OVERT",21,0.241986528846381,0.251307155144807,0.246558786870002
"DS09","Icelandic River - Flow of Vatnsdalsa River (Daily)","mc.rpart_OVERT",22,0.291210925240321,0.274245085604391,0.282473485434035
"DS09","Icelandic River - Flow of Vatnsdalsa River (Daily)","mc.rpart_OVERT",23,0.329129226356574,0.292196057880269,0.309564940988027
"DS09","Icelandic River - Flow of Vatnsdalsa River (Daily)","mc.rpart_OVERT",24,0.239178705904877,0.259560299125608,0.248953042865982
"DS09","Icelandic River - Flow of Vatnsdalsa River (Daily)","mc.rpart_OVERT",25,0.191601949209945,0.223206600150382,0.206200280738131
"DS09","Icelandic River - Flow of Vatnsdalsa River (Daily)","mc.rpart_OVERT",26,0.286549366656895,0.256824148567858,0.270873699406848
"DS09","Icelandic River - Flow of Vatnsdalsa River (Daily)","mc.rpart_OVERT",27,0.332831721105102,0.308773062199855,0.320351320304991
"DS09","Icelandic River - Flow of Vatnsdalsa River (Daily)","mc.rpart_OVERT",28,0.315531147690348,0.303025155027752,0.309151728063556
"DS09","Icelandic River - Flow of Vatnsdalsa River (Daily)","mc.rpart_OVERT",29,0.233014232071935,0.239157014895793,0.236045665755536
"DS09","Icelandic River - Flow of Vatnsdalsa River (Daily)","mc.rpart_OVERT",30,0.240704334264841,0.273374515586635,0.256001314966627
"DS09","Icelandic River - Flow of Vatnsdalsa River (Daily)","mc.rpart_OVERT",31,0.307048503517609,0.311809673533252,0.309410773553795
"DS09","Icelandic River - Flow of Vatnsdalsa River (Daily)","mc.rpart_OVERT",32,0.241636205458976,0.213624144236578,0.22676838710978
"DS09","Icelandic River - Flow of Vatnsdalsa River (Daily)","mc.rpart_OVERT",33,0.282211745569372,0.24660067461998,0.263207156965677
"DS09","Icelandic River - Flow of Vatnsdalsa River (Daily)","mc.rpart_OVERT",34,0.194916947565308,0.198587671427643,0.196735188714376
"DS09","Icelandic River - Flow of Vatnsdalsa River (Daily)","mc.rpart_OVERT",35,0.245286920649801,0.218427942791769,0.231079577970073
"DS09","Icelandic River - Flow of Vatnsdalsa River (Daily)","mc.rpart_OVERT",36,0.201264061942257,0.208374429817872,0.204757536186831
"DS09","Icelandic River - Flow of Vatnsdalsa River (Daily)","mc.rpart_OVERT",37,0.269029467550312,0.254814647647255,0.261729193825941
"DS09","Icelandic River - Flow of Vatnsdalsa River (Daily)","mc.rpart_OVERT",38,0.196962661797273,0.230083701421295,0.212238773919322
"DS09","Icelandic River - Flow of Vatnsdalsa River (Daily)","mc.rpart_OVERT",39,0.264785395535909,0.24402051854493,0.253979239366825
"DS09","Icelandic River - Flow of Vatnsdalsa River (Daily)","mc.rpart_OVERT",40,0.335292687674224,0.289245456499721,0.310571539663519
"DS09","Icelandic River - Flow of Vatnsdalsa River (Daily)","mc.rpart_OVERT",41,0.267999641915737,0.262566312822807,0.265255157015583
"DS09","Icelandic River - Flow of Vatnsdalsa River (Daily)","mc.rpart_OVERT",42,0.28579363344119,0.252192158942561,0.267943557060186
"DS09","Icelandic River - Flow of Vatnsdalsa River (Daily)","mc.rpart_OVERT",43,0.231852633338229,0.23578881707038,0.233804159582972
"DS09","Icelandic River - Flow of Vatnsdalsa River (Daily)","mc.rpart_OVERT",44,0.254283401425724,0.26480357546232,0.259436883899227
"DS09","Icelandic River - Flow of Vatnsdalsa River (Daily)","mc.rpart_OVERT",45,0.27120061801768,0.261084907463449,0.266046641772477
"DS09","Icelandic River - Flow of Vatnsdalsa River (Daily)","mc.rpart_OVERT",46,0.157272661464319,0.232012284947606,0.187467765617202
"DS09","Icelandic River - Flow of Vatnsdalsa River (Daily)","mc.rpart_OVERT",47,0.24965658139713,0.2385847272505,0.243995116037651
"DS09","Icelandic River - Flow of Vatnsdalsa River (Daily)","mc.rpart_OVERT",48,0.196234933690463,0.2172929251269,0.206227763593148
"DS09","Icelandic River - Flow of Vatnsdalsa River (Daily)","mc.rpart_OVERT",49,0.269131991652346,0.206352002725552,0.233597454937001
"DS09","Icelandic River - Flow of Vatnsdalsa River (Daily)","mc.rpart_OVERT",50,0.258715205679171,0.221107443700053,0.238437505391057
"DS09","Icelandic River - Flow of Vatnsdalsa River (Daily)","mc.rpart_OVERTPhi",1,0.325540449209383,0.323463606992692,0.324498705106711
"DS09","Icelandic River - Flow of Vatnsdalsa River (Daily)","mc.rpart_OVERTPhi",2,0.305683526140537,0.319665763211199,0.312518329671735
"DS09","Icelandic River - Flow of Vatnsdalsa River (Daily)","mc.rpart_OVERTPhi",3,0.290032458443369,0.309502543420356,0.29945135241023
"DS09","Icelandic River - Flow of Vatnsdalsa River (Daily)","mc.rpart_OVERTPhi",4,0.200808068968094,0.217545240441562,0.208841850482378
"DS09","Icelandic River - Flow of Vatnsdalsa River (Daily)","mc.rpart_OVERTPhi",5,0.220107947520126,0.249494716031342,0.233881850019603
"DS09","Icelandic River - Flow of Vatnsdalsa River (Daily)","mc.rpart_OVERTPhi",6,0.263248572778466,0.242610725455083,0.252508661755635
"DS09","Icelandic River - Flow of Vatnsdalsa River (Daily)","mc.rpart_OVERTPhi",7,0.281033686001711,0.336579518713859,0.306308809638872
"DS09","Icelandic River - Flow of Vatnsdalsa River (Daily)","mc.rpart_OVERTPhi",8,0.23308857795424,0.259382460909166,0.245533581422878
"DS09","Icelandic River - Flow of Vatnsdalsa River (Daily)","mc.rpart_OVERTPhi",9,0.31685907114002,0.33284705303819,0.324656345792565
"DS09","Icelandic River - Flow of Vatnsdalsa River (Daily)","mc.rpart_OVERTPhi",10,0.264048023106604,0.284214025048784,0.273760154312314
"DS09","Icelandic River - Flow of Vatnsdalsa River (Daily)","mc.rpart_OVERTPhi",11,0.204707561566741,0.241939198992559,0.221771600497712
"DS09","Icelandic River - Flow of Vatnsdalsa River (Daily)","mc.rpart_OVERTPhi",12,0.239405759485416,0.262198759524386,0.250284400483413
"DS09","Icelandic River - Flow of Vatnsdalsa River (Daily)","mc.rpart_OVERTPhi",13,0.235450167111783,0.289009544999621,0.259495034968889
"DS09","Icelandic River - Flow of Vatnsdalsa River (Daily)","mc.rpart_OVERTPhi",14,0.311744799562666,0.293712617788507,0.302460184771
"DS09","Icelandic River - Flow of Vatnsdalsa River (Daily)","mc.rpart_OVERTPhi",15,0.234459357792691,0.282133695219601,0.256096688126747
"DS09","Icelandic River - Flow of Vatnsdalsa River (Daily)","mc.rpart_OVERTPhi",16,0.246071329130786,0.253760517463809,0.249856779789712
"DS09","Icelandic River - Flow of Vatnsdalsa River (Daily)","mc.rpart_OVERTPhi",17,0.30328448356419,0.307259304810969,0.305258955554639
"DS09","Icelandic River - Flow of Vatnsdalsa River (Daily)","mc.rpart_OVERTPhi",18,0.288471916032091,0.276139976297152,0.282171272471336
"DS09","Icelandic River - Flow of Vatnsdalsa River (Daily)","mc.rpart_OVERTPhi",19,0.253152603901135,0.252635414248693,0.252893744650761
"DS09","Icelandic River - Flow of Vatnsdalsa River (Daily)","mc.rpart_OVERTPhi",20,0.263694793953055,0.24795944262996,0.255585156764017
"DS09","Icelandic River - Flow of Vatnsdalsa River (Daily)","mc.rpart_OVERTPhi",21,0.33282887284031,0.295068902808776,0.312813499715142
"DS09","Icelandic River - Flow of Vatnsdalsa River (Daily)","mc.rpart_OVERTPhi",22,0.279411911621665,0.251117342040488,0.264510113614079
"DS09","Icelandic River - Flow of Vatnsdalsa River (Daily)","mc.rpart_OVERTPhi",23,0.275230327587095,0.26054497859766,0.267686393840176
"DS09","Icelandic River - Flow of Vatnsdalsa River (Daily)","mc.rpart_OVERTPhi",24,0.206269163427546,0.248392705862762,0.22537960229562
"DS09","Icelandic River - Flow of Vatnsdalsa River (Daily)","mc.rpart_OVERTPhi",25,0.279883719185218,0.24296798284637,0.260122640579504
"DS09","Icelandic River - Flow of Vatnsdalsa River (Daily)","mc.rpart_OVERTPhi",26,0.296335975138814,0.305970136396942,0.301076004363808
"DS09","Icelandic River - Flow of Vatnsdalsa River (Daily)","mc.rpart_OVERTPhi",27,0.294153529440946,0.333477493692886,0.312583598143671
"DS09","Icelandic River - Flow of Vatnsdalsa River (Daily)","mc.rpart_OVERTPhi",28,0.315916180118255,0.316729295101791,0.31632221507726
"DS09","Icelandic River - Flow of Vatnsdalsa River (Daily)","mc.rpart_OVERTPhi",29,0.241603936661928,0.257646222068609,0.249367337913845
"DS09","Icelandic River - Flow of Vatnsdalsa River (Daily)","mc.rpart_OVERTPhi",30,0.293524051654207,0.281949756163725,0.28762050911021
"DS09","Icelandic River - Flow of Vatnsdalsa River (Daily)","mc.rpart_OVERTPhi",31,0.24817318224657,0.228454723067717,0.237906068825697
"DS09","Icelandic River - Flow of Vatnsdalsa River (Daily)","mc.rpart_OVERTPhi",32,0.273108785154885,0.214761203046868,0.240445908463123
"DS09","Icelandic River - Flow of Vatnsdalsa River (Daily)","mc.rpart_OVERTPhi",33,0.25795985708234,0.208636460644934,0.23069119718853
"DS09","Icelandic River - Flow of Vatnsdalsa River (Daily)","mc.rpart_OVERTPhi",34,0.267777793238472,0.225267295248427,0.244689910188714
"DS09","Icelandic River - Flow of Vatnsdalsa River (Daily)","mc.rpart_OVERTPhi",35,0.217079309473423,0.261823635739975,0.237361221593359
"DS09","Icelandic River - Flow of Vatnsdalsa River (Daily)","mc.rpart_OVERTPhi",36,0.149330955243811,0.206800461812794,0.173428734609266
"DS09","Icelandic River - Flow of Vatnsdalsa River (Daily)","mc.rpart_OVERTPhi",37,0.217740999578377,0.175176281256547,0.194153123029722
"DS09","Icelandic River - Flow of Vatnsdalsa River (Daily)","mc.rpart_OVERTPhi",38,0.1969306785202,0.220426427053595,0.208017188463909
"DS09","Icelandic River - Flow of Vatnsdalsa River (Daily)","mc.rpart_OVERTPhi",39,0.324936708362354,0.273109052320164,0.296777144222536
"DS09","Icelandic River - Flow of Vatnsdalsa River (Daily)","mc.rpart_OVERTPhi",40,0.202452262615437,0.22952711838583,0.215141215032558
"DS09","Icelandic River - Flow of Vatnsdalsa River (Daily)","mc.rpart_OVERTPhi",41,0.267332203291437,0.261507922215727,0.264387990442488
"DS09","Icelandic River - Flow of Vatnsdalsa River (Daily)","mc.rpart_OVERTPhi",42,0.300578289839223,0.278413059567171,0.289071404605278
"DS09","Icelandic River - Flow of Vatnsdalsa River (Daily)","mc.rpart_OVERTPhi",43,0.25478281512153,0.267667102739402,0.261066087370011
"DS09","Icelandic River - Flow of Vatnsdalsa River (Daily)","mc.rpart_OVERTPhi",44,0.250358915336001,0.232880672136946,0.24130370934144
"DS09","Icelandic River - Flow of Vatnsdalsa River (Daily)","mc.rpart_OVERTPhi",45,0.29402199947186,0.267291446867042,0.280020249513583
"DS09","Icelandic River - Flow of Vatnsdalsa River (Daily)","mc.rpart_OVERTPhi",46,0.226408330327719,0.203328977343547,0.214248907161724
"DS09","Icelandic River - Flow of Vatnsdalsa River (Daily)","mc.rpart_OVERTPhi",47,0.263763975853025,0.248682823570557,0.256001482866547
"DS09","Icelandic River - Flow of Vatnsdalsa River (Daily)","mc.rpart_OVERTPhi",48,0.247667433066216,0.265074260869714,0.256075378842626
"DS09","Icelandic River - Flow of Vatnsdalsa River (Daily)","mc.rpart_OVERTPhi",49,0.222527582516415,0.199214690837025,0.210226796575201
"DS09","Icelandic River - Flow of Vatnsdalsa River (Daily)","mc.rpart_OVERTPhi",50,0.27467822869787,0.277852940455705,0.276256464010105
"DS09","Icelandic River - Flow of Vatnsdalsa River (Daily)","mc.rpart_SMOTEB",1,0.296346302578613,0.246609511098096,0.269199868400912
"DS09","Icelandic River - Flow of Vatnsdalsa River (Daily)","mc.rpart_SMOTEB",2,0.281190529463757,0.258052341592045,0.269125021234154
"DS09","Icelandic River - Flow of Vatnsdalsa River (Daily)","mc.rpart_SMOTEB",3,0.282271879610633,0.266763621513807,0.274298724589669
"DS09","Icelandic River - Flow of Vatnsdalsa River (Daily)","mc.rpart_SMOTEB",4,0.222967457506995,0.223644890156192,0.223305660058299
"DS09","Icelandic River - Flow of Vatnsdalsa River (Daily)","mc.rpart_SMOTEB",5,0.255048643808343,0.252731999415126,0.253885037005757
"DS09","Icelandic River - Flow of Vatnsdalsa River (Daily)","mc.rpart_SMOTEB",6,0.298886017827757,0.267127070219375,0.282115548060317
"DS09","Icelandic River - Flow of Vatnsdalsa River (Daily)","mc.rpart_SMOTEB",7,0.236846189040176,0.282794059164236,0.257788712201153
"DS09","Icelandic River - Flow of Vatnsdalsa River (Daily)","mc.rpart_SMOTEB",8,0.253153971967549,0.2497542888008,0.251442639376235
"DS09","Icelandic River - Flow of Vatnsdalsa River (Daily)","mc.rpart_SMOTEB",9,0.249073605708434,0.286865129429283,0.266636939838312
"DS09","Icelandic River - Flow of Vatnsdalsa River (Daily)","mc.rpart_SMOTEB",10,0.303798069249246,0.293879640967209,0.298756557226021
"DS09","Icelandic River - Flow of Vatnsdalsa River (Daily)","mc.rpart_SMOTEB",11,0.282075067025502,0.245659606561655,0.262610942409086
"DS09","Icelandic River - Flow of Vatnsdalsa River (Daily)","mc.rpart_SMOTEB",12,0.201983495994368,0.224433343538577,0.212617453828881
"DS09","Icelandic River - Flow of Vatnsdalsa River (Daily)","mc.rpart_SMOTEB",13,0.264352947563696,0.2432083391166,0.253340209368809
"DS09","Icelandic River - Flow of Vatnsdalsa River (Daily)","mc.rpart_SMOTEB",14,0.282673674224566,0.240187557831995,0.259704469609829
"DS09","Icelandic River - Flow of Vatnsdalsa River (Daily)","mc.rpart_SMOTEB",15,0.280451367279182,0.289179170763874,0.284748405898345
"DS09","Icelandic River - Flow of Vatnsdalsa River (Daily)","mc.rpart_SMOTEB",16,0.29688616054623,0.312541345189881,0.304512674967961
"DS09","Icelandic River - Flow of Vatnsdalsa River (Daily)","mc.rpart_SMOTEB",17,0.241319248040012,0.211404035291721,0.225373267545599
"DS09","Icelandic River - Flow of Vatnsdalsa River (Daily)","mc.rpart_SMOTEB",18,0.29063951785613,0.271342735580408,0.280659829952295
"DS09","Icelandic River - Flow of Vatnsdalsa River (Daily)","mc.rpart_SMOTEB",19,0.267215618726002,0.201169559330279,0.229536077500806
"DS09","Icelandic River - Flow of Vatnsdalsa River (Daily)","mc.rpart_SMOTEB",20,0.322117583865824,0.311969278931698,0.316962221631552
"DS09","Icelandic River - Flow of Vatnsdalsa River (Daily)","mc.rpart_SMOTEB",21,0.307088300952819,0.293462417080694,0.300120780306149
"DS09","Icelandic River - Flow of Vatnsdalsa River (Daily)","mc.rpart_SMOTEB",22,0.319330002037102,0.302409617617355,0.310639569225004
"DS09","Icelandic River - Flow of Vatnsdalsa River (Daily)","mc.rpart_SMOTEB",23,0.273247924162333,0.24331498272226,0.257414200905081
"DS09","Icelandic River - Flow of Vatnsdalsa River (Daily)","mc.rpart_SMOTEB",24,0.232124462916,0.228733721719791,0.230416618712953
"DS09","Icelandic River - Flow of Vatnsdalsa River (Daily)","mc.rpart_SMOTEB",25,0.298802194044065,0.277296778298089,0.287648094284778
"DS09","Icelandic River - Flow of Vatnsdalsa River (Daily)","mc.rpart_SMOTEB",26,0.314956649782175,0.298487813921077,0.306501166563187
"DS09","Icelandic River - Flow of Vatnsdalsa River (Daily)","mc.rpart_SMOTEB",27,0.282838302279545,0.268142729517068,0.275294538317995
"DS09","Icelandic River - Flow of Vatnsdalsa River (Daily)","mc.rpart_SMOTEB",28,0.253801473492725,0.222812557317062,0.237299582908508
"DS09","Icelandic River - Flow of Vatnsdalsa River (Daily)","mc.rpart_SMOTEB",29,0.331761619322246,0.31975118534648,0.32564569804486
"DS09","Icelandic River - Flow of Vatnsdalsa River (Daily)","mc.rpart_SMOTEB",30,0.274938105847954,0.224833724411344,0.247374319950462
"DS09","Icelandic River - Flow of Vatnsdalsa River (Daily)","mc.rpart_SMOTEB",31,0.261931800997544,0.225032444150879,0.242084111786703
"DS09","Icelandic River - Flow of Vatnsdalsa River (Daily)","mc.rpart_SMOTEB",32,0.302638901261991,0.252371309322155,0.275228723028069
"DS09","Icelandic River - Flow of Vatnsdalsa River (Daily)","mc.rpart_SMOTEB",33,0.309780146153744,0.313518108269215,0.311637918804687
"DS09","Icelandic River - Flow of Vatnsdalsa River (Daily)","mc.rpart_SMOTEB",34,0.227405927131734,0.205084181784571,0.215669017798503
"DS09","Icelandic River - Flow of Vatnsdalsa River (Daily)","mc.rpart_SMOTEB",35,0.326529221454955,0.328248607233309,0.327386656870432
"DS09","Icelandic River - Flow of Vatnsdalsa River (Daily)","mc.rpart_SMOTEB",36,0.253941513450012,0.21249127201834,0.231374624136136
"DS09","Icelandic River - Flow of Vatnsdalsa River (Daily)","mc.rpart_SMOTEB",37,0.273989709778035,0.279681799451365,0.27680649549236
"DS09","Icelandic River - Flow of Vatnsdalsa River (Daily)","mc.rpart_SMOTEB",38,0.258146882332454,0.309689475665674,0.281578914446791
"DS09","Icelandic River - Flow of Vatnsdalsa River (Daily)","mc.rpart_SMOTEB",39,0.27659871398795,0.289316657265178,0.282814779028317
"DS09","Icelandic River - Flow of Vatnsdalsa River (Daily)","mc.rpart_SMOTEB",40,0.289012628070963,0.287081139377945,0.288043645841333
"DS09","Icelandic River - Flow of Vatnsdalsa River (Daily)","mc.rpart_SMOTEB",41,0.294751237458884,0.254517725645871,0.273160945287323
"DS09","Icelandic River - Flow of Vatnsdalsa River (Daily)","mc.rpart_SMOTEB",42,0.340713682649043,0.317832621467398,0.328875653083945
"DS09","Icelandic River - Flow of Vatnsdalsa River (Daily)","mc.rpart_SMOTEB",43,0.254064086986219,0.258790542873698,0.256405535478282
"DS09","Icelandic River - Flow of Vatnsdalsa River (Daily)","mc.rpart_SMOTEB",44,0.258349429463927,0.274158889121177,0.266019478437877
"DS09","Icelandic River - Flow of Vatnsdalsa River (Daily)","mc.rpart_SMOTEB",45,0.289915753110811,0.241007154432294,0.263208724617554
"DS09","Icelandic River - Flow of Vatnsdalsa River (Daily)","mc.rpart_SMOTEB",46,0.29780867737088,0.281980392854957,0.289678478443706
"DS09","Icelandic River - Flow of Vatnsdalsa River (Daily)","mc.rpart_SMOTEB",47,0.284655416740141,0.237537426476646,0.258970669565533
"DS09","Icelandic River - Flow of Vatnsdalsa River (Daily)","mc.rpart_SMOTEB",48,0.31620534395462,0.243703469033898,0.275260319041908
"DS09","Icelandic River - Flow of Vatnsdalsa River (Daily)","mc.rpart_SMOTEB",49,0.304447777606941,0.269515656608849,0.285918711169989
"DS09","Icelandic River - Flow of Vatnsdalsa River (Daily)","mc.rpart_SMOTEB",50,0.281156320423317,0.227258621157848,0.25135058977812
"DS09","Icelandic River - Flow of Vatnsdalsa River (Daily)","mc.rpart_SMOTET",1,0.32689991005351,0.386359940029097,0.354151518914639
"DS09","Icelandic River - Flow of Vatnsdalsa River (Daily)","mc.rpart_SMOTET",2,0.272720303832885,0.294966815410523,0.283407661694309
"DS09","Icelandic River - Flow of Vatnsdalsa River (Daily)","mc.rpart_SMOTET",3,0.292368503970877,0.263341475842901,0.277096889105618
"DS09","Icelandic River - Flow of Vatnsdalsa River (Daily)","mc.rpart_SMOTET",4,0.226278873463593,0.22318678439543,0.224722192950279
"DS09","Icelandic River - Flow of Vatnsdalsa River (Daily)","mc.rpart_SMOTET",5,0.186245595546275,0.229633745798606,0.20567635605788
"DS09","Icelandic River - Flow of Vatnsdalsa River (Daily)","mc.rpart_SMOTET",6,0.267194540293125,0.28587909137843,0.276221204650152
"DS09","Icelandic River - Flow of Vatnsdalsa River (Daily)","mc.rpart_SMOTET",7,0.243033865756081,0.23430425466733,0.238589236176603
"DS09","Icelandic River - Flow of Vatnsdalsa River (Daily)","mc.rpart_SMOTET",8,0.284579456915707,0.290978670934052,0.287743489811622
"DS09","Icelandic River - Flow of Vatnsdalsa River (Daily)","mc.rpart_SMOTET",9,0.233173322993286,0.255772144144426,0.243950480320032
"DS09","Icelandic River - Flow of Vatnsdalsa River (Daily)","mc.rpart_SMOTET",10,0.29252278054424,0.263765590969445,0.277400887860834
"DS09","Icelandic River - Flow of Vatnsdalsa River (Daily)","mc.rpart_SMOTET",11,0.243133798073297,0.260900544153817,0.251704040400186
"DS09","Icelandic River - Flow of Vatnsdalsa River (Daily)","mc.rpart_SMOTET",12,0.260030077113517,0.238542357973509,0.248823173418582
"DS09","Icelandic River - Flow of Vatnsdalsa River (Daily)","mc.rpart_SMOTET",13,0.304344229127245,0.237345037311672,0.266701213751827
"DS09","Icelandic River - Flow of Vatnsdalsa River (Daily)","mc.rpart_SMOTET",14,0.316846776027335,0.324207412557911,0.320484836577831
"DS09","Icelandic River - Flow of Vatnsdalsa River (Daily)","mc.rpart_SMOTET",15,0.29911659819631,0.255942612319389,0.275850511369137
"DS09","Icelandic River - Flow of Vatnsdalsa River (Daily)","mc.rpart_SMOTET",16,0.231234089025002,0.234153595413357,0.232684684781374
"DS09","Icelandic River - Flow of Vatnsdalsa River (Daily)","mc.rpart_SMOTET",17,0.263997023135881,0.221288498845219,0.240763436382183
"DS09","Icelandic River - Flow of Vatnsdalsa River (Daily)","mc.rpart_SMOTET",18,0.286155957336007,0.271513766872587,0.278642639241677
"DS09","Icelandic River - Flow of Vatnsdalsa River (Daily)","mc.rpart_SMOTET",19,0.252236268947921,0.259332928393477,0.255735375050954
"DS09","Icelandic River - Flow of Vatnsdalsa River (Daily)","mc.rpart_SMOTET",20,0.242948073156189,0.242060947380946,0.242503698951553
"DS09","Icelandic River - Flow of Vatnsdalsa River (Daily)","mc.rpart_SMOTET",21,0.316804707588733,0.260422715146367,0.285860092129652
"DS09","Icelandic River - Flow of Vatnsdalsa River (Daily)","mc.rpart_SMOTET",22,0.261186801429034,0.252465208133481,0.256751960303482
"DS09","Icelandic River - Flow of Vatnsdalsa River (Daily)","mc.rpart_SMOTET",23,0.281189104226371,0.21673188681192,0.244788415056992
"DS09","Icelandic River - Flow of Vatnsdalsa River (Daily)","mc.rpart_SMOTET",24,0.273793909470985,0.289401018935347,0.281381214150523
"DS09","Icelandic River - Flow of Vatnsdalsa River (Daily)","mc.rpart_SMOTET",25,0.272586100797121,0.258854837763005,0.265543076487345
"DS09","Icelandic River - Flow of Vatnsdalsa River (Daily)","mc.rpart_SMOTET",26,0.255425465826589,0.246470195211436,0.250867936550987
"DS09","Icelandic River - Flow of Vatnsdalsa River (Daily)","mc.rpart_SMOTET",27,0.249509266797252,0.232389343711345,0.240645204183994
"DS09","Icelandic River - Flow of Vatnsdalsa River (Daily)","mc.rpart_SMOTET",28,0.30167511033259,0.285314415870177,0.293266758757742
"DS09","Icelandic River - Flow of Vatnsdalsa River (Daily)","mc.rpart_SMOTET",29,0.273930697172749,0.26028768707519,0.266934982727578
"DS09","Icelandic River - Flow of Vatnsdalsa River (Daily)","mc.rpart_SMOTET",30,0.308013152407577,0.254492013486321,0.278706373165145
"DS09","Icelandic River - Flow of Vatnsdalsa River (Daily)","mc.rpart_SMOTET",31,0.270510972124992,0.263657530321722,0.267040286009819
"DS09","Icelandic River - Flow of Vatnsdalsa River (Daily)","mc.rpart_SMOTET",32,0.28587364467995,0.303062871565003,0.294217408062448
"DS09","Icelandic River - Flow of Vatnsdalsa River (Daily)","mc.rpart_SMOTET",33,0.320770801782087,0.295490274198149,0.3076120036385
"DS09","Icelandic River - Flow of Vatnsdalsa River (Daily)","mc.rpart_SMOTET",34,0.281916368587752,0.245663932288496,0.262544615743738
"DS09","Icelandic River - Flow of Vatnsdalsa River (Daily)","mc.rpart_SMOTET",35,0.28414994462613,0.275432512707761,0.279723326592591
"DS09","Icelandic River - Flow of Vatnsdalsa River (Daily)","mc.rpart_SMOTET",36,0.236724847116751,0.247979176856372,0.242221354996292
"DS09","Icelandic River - Flow of Vatnsdalsa River (Daily)","mc.rpart_SMOTET",37,0.32879445230183,0.286901775981688,0.306422901310622
"DS09","Icelandic River - Flow of Vatnsdalsa River (Daily)","mc.rpart_SMOTET",38,0.299297818195403,0.226071231761456,0.257581318992839
"DS09","Icelandic River - Flow of Vatnsdalsa River (Daily)","mc.rpart_SMOTET",39,0.301230617549574,0.267758094024046,0.283509793344377
"DS09","Icelandic River - Flow of Vatnsdalsa River (Daily)","mc.rpart_SMOTET",40,0.213158061068663,0.221524049190578,0.217260548299912
"DS09","Icelandic River - Flow of Vatnsdalsa River (Daily)","mc.rpart_SMOTET",41,0.249884448968729,0.231129770329786,0.240141488471402
"DS09","Icelandic River - Flow of Vatnsdalsa River (Daily)","mc.rpart_SMOTET",42,0.288045736627416,0.243341735775871,0.263813330851573
"DS09","Icelandic River - Flow of Vatnsdalsa River (Daily)","mc.rpart_SMOTET",43,0.228960371937674,0.20748783228409,0.217695895149879
"DS09","Icelandic River - Flow of Vatnsdalsa River (Daily)","mc.rpart_SMOTET",44,0.276936080076942,0.241328819025827,0.257909255542146
"DS09","Icelandic River - Flow of Vatnsdalsa River (Daily)","mc.rpart_SMOTET",45,0.266482517053125,0.252469740786541,0.259286942057524
"DS09","Icelandic River - Flow of Vatnsdalsa River (Daily)","mc.rpart_SMOTET",46,0.295877928519128,0.292624012252486,0.29424197468814
"DS09","Icelandic River - Flow of Vatnsdalsa River (Daily)","mc.rpart_SMOTET",47,0.26679258021336,0.231999827825807,0.248182737656432
"DS09","Icelandic River - Flow of Vatnsdalsa River (Daily)","mc.rpart_SMOTET",48,0.310601150949248,0.256556358793239,0.281003773927667
"DS09","Icelandic River - Flow of Vatnsdalsa River (Daily)","mc.rpart_SMOTET",49,0.265336999866019,0.212997925009969,0.236304009850357
"DS09","Icelandic River - Flow of Vatnsdalsa River (Daily)","mc.rpart_SMOTET",50,0.25138123042447,0.22320108933564,0.236454508029868
"DS09","Icelandic River - Flow of Vatnsdalsa River (Daily)","mc.rpart_SMOTETPhi",1,0.29004373712651,0.298638667695005,0.294278458195139
"DS09","Icelandic River - Flow of Vatnsdalsa River (Daily)","mc.rpart_SMOTETPhi",2,0.257244839086528,0.277058261143065,0.266784182141991
"DS09","Icelandic River - Flow of Vatnsdalsa River (Daily)","mc.rpart_SMOTETPhi",3,0.281079097334221,0.260344849638363,0.270314956481487
"DS09","Icelandic River - Flow of Vatnsdalsa River (Daily)","mc.rpart_SMOTETPhi",4,0.289817563139982,0.296198516878351,0.292973299861243
"DS09","Icelandic River - Flow of Vatnsdalsa River (Daily)","mc.rpart_SMOTETPhi",5,0.273061259397128,0.283338729995347,0.278105075210336
"DS09","Icelandic River - Flow of Vatnsdalsa River (Daily)","mc.rpart_SMOTETPhi",6,0.269363249666129,0.235455063921509,0.251270365837207
"DS09","Icelandic River - Flow of Vatnsdalsa River (Daily)","mc.rpart_SMOTETPhi",7,0.299572625708435,0.289867067152766,0.294639941846621
"DS09","Icelandic River - Flow of Vatnsdalsa River (Daily)","mc.rpart_SMOTETPhi",8,0.285034823620519,0.2866310785831,0.285830722501244
"DS09","Icelandic River - Flow of Vatnsdalsa River (Daily)","mc.rpart_SMOTETPhi",9,0.299732758438855,0.279265744029194,0.289137507052425
"DS09","Icelandic River - Flow of Vatnsdalsa River (Daily)","mc.rpart_SMOTETPhi",10,0.292112789011932,0.294086319399134,0.293096232107177
"DS09","Icelandic River - Flow of Vatnsdalsa River (Daily)","mc.rpart_SMOTETPhi",11,0.26801509583806,0.265444790655077,0.266723751151435
"DS09","Icelandic River - Flow of Vatnsdalsa River (Daily)","mc.rpart_SMOTETPhi",12,0.25008783798028,0.260406450422786,0.25514285923189
"DS09","Icelandic River - Flow of Vatnsdalsa River (Daily)","mc.rpart_SMOTETPhi",13,0.262971770444314,0.259321530453112,0.261133894922297
"DS09","Icelandic River - Flow of Vatnsdalsa River (Daily)","mc.rpart_SMOTETPhi",14,0.315659283957824,0.305138332973341,0.310309656698083
"DS09","Icelandic River - Flow of Vatnsdalsa River (Daily)","mc.rpart_SMOTETPhi",15,0.229043661345741,0.219511110291792,0.224176094365257
"DS09","Icelandic River - Flow of Vatnsdalsa River (Daily)","mc.rpart_SMOTETPhi",16,0.2757067166424,0.265583345738732,0.270550366014189
"DS09","Icelandic River - Flow of Vatnsdalsa River (Daily)","mc.rpart_SMOTETPhi",17,0.23276394984788,0.241121970346199,0.236869254059707
"DS09","Icelandic River - Flow of Vatnsdalsa River (Daily)","mc.rpart_SMOTETPhi",18,0.296261072922432,0.291111850391496,0.293663891249289
"DS09","Icelandic River - Flow of Vatnsdalsa River (Daily)","mc.rpart_SMOTETPhi",19,0.255048251620736,0.258041068056019,0.256535931387139
"DS09","Icelandic River - Flow of Vatnsdalsa River (Daily)","mc.rpart_SMOTETPhi",20,0.255645493478706,0.270478253505373,0.262852786968888
"DS09","Icelandic River - Flow of Vatnsdalsa River (Daily)","mc.rpart_SMOTETPhi",21,0.335467929266864,0.304275862228211,0.319111478015409
"DS09","Icelandic River - Flow of Vatnsdalsa River (Daily)","mc.rpart_SMOTETPhi",22,0.313255982207204,0.272072401538317,0.29121535788161
"DS09","Icelandic River - Flow of Vatnsdalsa River (Daily)","mc.rpart_SMOTETPhi",23,0.269803153992968,0.233392268612751,0.250280377604446
"DS09","Icelandic River - Flow of Vatnsdalsa River (Daily)","mc.rpart_SMOTETPhi",24,0.320257342873185,0.254533910656354,0.283638115219634
"DS09","Icelandic River - Flow of Vatnsdalsa River (Daily)","mc.rpart_SMOTETPhi",25,0.304221976621417,0.248649389428338,0.273642707445948
"DS09","Icelandic River - Flow of Vatnsdalsa River (Daily)","mc.rpart_SMOTETPhi",26,0.291904808342209,0.259646464438488,0.274832296393901
"DS09","Icelandic River - Flow of Vatnsdalsa River (Daily)","mc.rpart_SMOTETPhi",27,0.237750897234284,0.255404732042707,0.246261831341397
"DS09","Icelandic River - Flow of Vatnsdalsa River (Daily)","mc.rpart_SMOTETPhi",28,0.277242782391277,0.266321773412476,0.271672568359706
"DS09","Icelandic River - Flow of Vatnsdalsa River (Daily)","mc.rpart_SMOTETPhi",29,0.328990038968724,0.292886016845713,0.309889989153137
"DS09","Icelandic River - Flow of Vatnsdalsa River (Daily)","mc.rpart_SMOTETPhi",30,0.267434424373367,0.246781203775604,0.256693050794541
"DS09","Icelandic River - Flow of Vatnsdalsa River (Daily)","mc.rpart_SMOTETPhi",31,0.213285229016138,0.222944277686763,0.218007817415449
"DS09","Icelandic River - Flow of Vatnsdalsa River (Daily)","mc.rpart_SMOTETPhi",32,0.278886181019605,0.304679152995164,0.291212655935312
"DS09","Icelandic River - Flow of Vatnsdalsa River (Daily)","mc.rpart_SMOTETPhi",33,0.334700514103905,0.285293581850138,0.308028444589781
"DS09","Icelandic River - Flow of Vatnsdalsa River (Daily)","mc.rpart_SMOTETPhi",34,0.239271084691246,0.206423129937002,0.221636649452968
"DS09","Icelandic River - Flow of Vatnsdalsa River (Daily)","mc.rpart_SMOTETPhi",35,0.201445490096974,0.243024323273773,0.220290118404665
"DS09","Icelandic River - Flow of Vatnsdalsa River (Daily)","mc.rpart_SMOTETPhi",36,0.2787760722643,0.268358117078942,0.273467910785512
"DS09","Icelandic River - Flow of Vatnsdalsa River (Daily)","mc.rpart_SMOTETPhi",37,0.35722803490625,0.34897235747084,0.353051940615018
"DS09","Icelandic River - Flow of Vatnsdalsa River (Daily)","mc.rpart_SMOTETPhi",38,0.268386198412764,0.248556122598899,0.258090816422169
"DS09","Icelandic River - Flow of Vatnsdalsa River (Daily)","mc.rpart_SMOTETPhi",39,0.308075143811086,0.299471152685951,0.303712223950478
"DS09","Icelandic River - Flow of Vatnsdalsa River (Daily)","mc.rpart_SMOTETPhi",40,0.299051065342219,0.247585428461139,0.270895510943139
"DS09","Icelandic River - Flow of Vatnsdalsa River (Daily)","mc.rpart_SMOTETPhi",41,0.280533665052869,0.264804321782466,0.272442150390324
"DS09","Icelandic River - Flow of Vatnsdalsa River (Daily)","mc.rpart_SMOTETPhi",42,0.294623733962871,0.264936573424608,0.278992635807652
"DS09","Icelandic River - Flow of Vatnsdalsa River (Daily)","mc.rpart_SMOTETPhi",43,0.263602900551891,0.258927200719503,0.261244131105062
"DS09","Icelandic River - Flow of Vatnsdalsa River (Daily)","mc.rpart_SMOTETPhi",44,0.310847778410375,0.264992311146273,0.286094256754753
"DS09","Icelandic River - Flow of Vatnsdalsa River (Daily)","mc.rpart_SMOTETPhi",45,0.30436359994162,0.285524203343305,0.294643062345386
"DS09","Icelandic River - Flow of Vatnsdalsa River (Daily)","mc.rpart_SMOTETPhi",46,0.295237776594001,0.264345103886863,0.278938700404851
"DS09","Icelandic River - Flow of Vatnsdalsa River (Daily)","mc.rpart_SMOTETPhi",47,0.307384013919149,0.256171884057602,0.279451043836312
"DS09","Icelandic River - Flow of Vatnsdalsa River (Daily)","mc.rpart_SMOTETPhi",48,0.289503572348512,0.242099263045623,0.263687839297116
"DS09","Icelandic River - Flow of Vatnsdalsa River (Daily)","mc.rpart_SMOTETPhi",49,0.248199137152682,0.243213032923675,0.245680789332357
"DS09","Icelandic River - Flow of Vatnsdalsa River (Daily)","mc.rpart_SMOTETPhi",50,0.247411124096486,0.24507404588319,0.246237039711616
"DS09","Icelandic River - Flow of Vatnsdalsa River (Daily)","mc.arima",1,0.367556175521462,0.346086666899204,0.356498472689671
"DS09","Icelandic River - Flow of Vatnsdalsa River (Daily)","mc.arima",2,0.293729848254546,0.328689118485269,0.31022770852019
"DS09","Icelandic River - Flow of Vatnsdalsa River (Daily)","mc.arima",3,0.258030762703633,0.285236029633224,0.270952214694473
"DS09","Icelandic River - Flow of Vatnsdalsa River (Daily)","mc.arima",4,0.13867286840186,0.254407882793342,0.179502408824274
"DS09","Icelandic River - Flow of Vatnsdalsa River (Daily)","mc.arima",5,0.229772325487647,0.269843558449877,0.248201003756091
"DS09","Icelandic River - Flow of Vatnsdalsa River (Daily)","mc.arima",6,0.300314927968293,0.260635447397475,0.279071800460491
"DS09","Icelandic River - Flow of Vatnsdalsa River (Daily)","mc.arima",7,0.21183260207056,0.265532328086118,0.235662070834883
"DS09","Icelandic River - Flow of Vatnsdalsa River (Daily)","mc.arima",8,0.211825389125302,0.265517973343332,0.235651953898945
"DS09","Icelandic River - Flow of Vatnsdalsa River (Daily)","mc.arima",9,0.211813446516264,0.26867414740542,0.236879361180911
"DS09","Icelandic River - Flow of Vatnsdalsa River (Daily)","mc.arima",10,0.211897507696758,0.268692778017202,0.236939162902058
"DS09","Icelandic River - Flow of Vatnsdalsa River (Daily)","mc.arima",11,0.241181830203749,0.279679056785493,0.259007763762368
"DS09","Icelandic River - Flow of Vatnsdalsa River (Daily)","mc.arima",12,0.259823508774552,0.300559504762376,0.278710893215738
"DS09","Icelandic River - Flow of Vatnsdalsa River (Daily)","mc.arima",13,0.229314741411963,0.280603825373778,0.252379881204964
"DS09","Icelandic River - Flow of Vatnsdalsa River (Daily)","mc.arima",14,0.241247806589227,0.279683141468975,0.259047555807094
"DS09","Icelandic River - Flow of Vatnsdalsa River (Daily)","mc.arima",15,0.25522279651834,0.288894350103746,0.271016726414751
"DS09","Icelandic River - Flow of Vatnsdalsa River (Daily)","mc.arima",16,0.254965631343286,0.287306905926705,0.270171847638364
"DS09","Icelandic River - Flow of Vatnsdalsa River (Daily)","mc.arima",17,0.25170140680594,0.27801969603985,0.264206761773513
"DS09","Icelandic River - Flow of Vatnsdalsa River (Daily)","mc.arima",18,0.270016188944056,0.278871833353939,0.274372573592767
"DS09","Icelandic River - Flow of Vatnsdalsa River (Daily)","mc.arima",19,0.300632081548904,0.278993712278421,0.289408999235478
"DS09","Icelandic River - Flow of Vatnsdalsa River (Daily)","mc.arima",20,0.250945673906141,0.25425252010825,0.252588274292532
"DS09","Icelandic River - Flow of Vatnsdalsa River (Daily)","mc.arima",21,0.293621699854008,0.256012797636776,0.273530548645196
"DS09","Icelandic River - Flow of Vatnsdalsa River (Daily)","mc.arima",22,0.249315337405747,0.28710820758473,0.266880454127781
"DS09","Icelandic River - Flow of Vatnsdalsa River (Daily)","mc.arima",23,0.209649657806844,0.26302173756121,0.233322421520903
"DS09","Icelandic River - Flow of Vatnsdalsa River (Daily)","mc.arima",24,0.301125371136269,0.305434599853691,0.303264678309353
"DS09","Icelandic River - Flow of Vatnsdalsa River (Daily)","mc.arima",25,0.304476945614087,0.310443269971186,0.307431163365838
"DS09","Icelandic River - Flow of Vatnsdalsa River (Daily)","mc.arima",26,0.277068066112347,0.257432237524918,0.266889473104616
"DS09","Icelandic River - Flow of Vatnsdalsa River (Daily)","mc.arima",27,0.276164678472247,0.257878079257614,0.266708295590233
"DS09","Icelandic River - Flow of Vatnsdalsa River (Daily)","mc.arima",28,0.285831409326548,0.28899701796093,0.287405497061929
"DS09","Icelandic River - Flow of Vatnsdalsa River (Daily)","mc.arima",29,0.295875124493941,0.275489395644663,0.285318588607329
"DS09","Icelandic River - Flow of Vatnsdalsa River (Daily)","mc.arima",30,0.295914531652366,0.294927239961855,0.295420060929005
"DS09","Icelandic River - Flow of Vatnsdalsa River (Daily)","mc.arima",31,0.294516244696382,0.29280771385924,0.293659494211794
"DS09","Icelandic River - Flow of Vatnsdalsa River (Daily)","mc.arima",32,0.272933800705577,0.282604967459767,0.277685203219205
"DS09","Icelandic River - Flow of Vatnsdalsa River (Daily)","mc.arima",33,0.267634111837143,0.282226560996076,0.27473670593622
"DS09","Icelandic River - Flow of Vatnsdalsa River (Daily)","mc.arima",34,0.26208187975551,0.283193294980842,0.272228902108452
"DS09","Icelandic River - Flow of Vatnsdalsa River (Daily)","mc.arima",35,0.261621332940467,0.283257378633317,0.272009793699698
"DS09","Icelandic River - Flow of Vatnsdalsa River (Daily)","mc.arima",36,0.251543773797336,0.294677729419653,0.271407653033402
"DS09","Icelandic River - Flow of Vatnsdalsa River (Daily)","mc.arima",37,0.252484328089805,0.261216520194242,0.256776206648317
"DS09","Icelandic River - Flow of Vatnsdalsa River (Daily)","mc.arima",38,0.248952756735779,0.296621068601822,0.270704455766884
"DS09","Icelandic River - Flow of Vatnsdalsa River (Daily)","mc.arima",39,0.270463782145772,0.286572836089705,0.278285378633033
"DS09","Icelandic River - Flow of Vatnsdalsa River (Daily)","mc.arima",40,0.272073683730022,0.286679802303382,0.279185837093865
"DS09","Icelandic River - Flow of Vatnsdalsa River (Daily)","mc.arima",41,0.269619541930192,0.282873299311952,0.276087448348835
"DS09","Icelandic River - Flow of Vatnsdalsa River (Daily)","mc.arima",42,0.267175122697718,0.29208114922881,0.279073551071949
"DS09","Icelandic River - Flow of Vatnsdalsa River (Daily)","mc.arima",43,0.27302387415078,0.291302854242469,0.28186732903084
"DS09","Icelandic River - Flow of Vatnsdalsa River (Daily)","mc.arima",44,0.273763485091837,0.294698852815631,0.283845664415875
"DS09","Icelandic River - Flow of Vatnsdalsa River (Daily)","mc.arima",45,0.266774415857749,0.29561591532801,0.280455615101374
"DS09","Icelandic River - Flow of Vatnsdalsa River (Daily)","mc.arima",46,0.287741562641168,0.295609156673307,0.291622304922063
"DS09","Icelandic River - Flow of Vatnsdalsa River (Daily)","mc.arima",47,0.28726711242654,0.2954209697578,0.291286990509353
"DS09","Icelandic River - Flow of Vatnsdalsa River (Daily)","mc.arima",48,0.282009551377494,0.291947894731282,0.286892679507704
"DS09","Icelandic River - Flow of Vatnsdalsa River (Daily)","mc.arima",49,0.280751349957907,0.265880313421234,0.273113549474241
"DS09","Icelandic River - Flow of Vatnsdalsa River (Daily)","mc.arima",50,0.299239113361354,0.295836401312626,0.297528028782377
"DS09","Icelandic River - Flow of Vatnsdalsa River (Daily)","mc.BDES",1,0.308938334952216,0.334284996338301,0.321112264261503
"DS09","Icelandic River - Flow of Vatnsdalsa River (Daily)","mc.BDES",2,0.277345335192893,0.321625085939123,0.297848488403299
"DS09","Icelandic River - Flow of Vatnsdalsa River (Daily)","mc.BDES",3,0.299235616316961,0.290960502869748,0.295040047095188
"DS09","Icelandic River - Flow of Vatnsdalsa River (Daily)","mc.BDES",4,0.298826401937912,0.286803586414535,0.292691581700783
"DS09","Icelandic River - Flow of Vatnsdalsa River (Daily)","mc.BDES",5,0.261596539274453,0.28509563344699,0.272841042156246
"DS09","Icelandic River - Flow of Vatnsdalsa River (Daily)","mc.BDES",6,0.272744854532982,0.282986638569474,0.277771371712343
"DS09","Icelandic River - Flow of Vatnsdalsa River (Daily)","mc.BDES",7,0.308909602366531,0.303585981448339,0.306224656279661
"DS09","Icelandic River - Flow of Vatnsdalsa River (Daily)","mc.BDES",8,0.314503100952457,0.301434886593542,0.307830361126545
"DS09","Icelandic River - Flow of Vatnsdalsa River (Daily)","mc.BDES",9,0.32266620823915,0.309188210589953,0.315783460779409
"DS09","Icelandic River - Flow of Vatnsdalsa River (Daily)","mc.BDES",10,0.34030980393432,0.305906505740539,0.322192372529795
"DS09","Icelandic River - Flow of Vatnsdalsa River (Daily)","mc.BDES",11,0.30937744405538,0.305958121429543,0.307658282424362
"DS09","Icelandic River - Flow of Vatnsdalsa River (Daily)","mc.BDES",12,0.312035327643691,0.305134633981331,0.308546401834286
"DS09","Icelandic River - Flow of Vatnsdalsa River (Daily)","mc.BDES",13,0.314975242423369,0.304052026097595,0.309417259947938
"DS09","Icelandic River - Flow of Vatnsdalsa River (Daily)","mc.BDES",14,0.303694953068869,0.296461271169649,0.300034518341751
"DS09","Icelandic River - Flow of Vatnsdalsa River (Daily)","mc.BDES",15,0.306269632880716,0.294321590504594,0.300176765703018
"DS09","Icelandic River - Flow of Vatnsdalsa River (Daily)","mc.BDES",16,0.304076664475673,0.296641583829406,0.300313112212356
"DS09","Icelandic River - Flow of Vatnsdalsa River (Daily)","mc.BDES",17,0.299406643892121,0.299892107703714,0.299649179172185
"DS09","Icelandic River - Flow of Vatnsdalsa River (Daily)","mc.BDES",18,0.301119552114337,0.294079144117917,0.297557708790411
"DS09","Icelandic River - Flow of Vatnsdalsa River (Daily)","mc.BDES",19,0.302746570700375,0.29898108835354,0.300852047737396
"DS09","Icelandic River - Flow of Vatnsdalsa River (Daily)","mc.BDES",20,0.29279413594174,0.301035929672894,0.296857838697553
"DS09","Icelandic River - Flow of Vatnsdalsa River (Daily)","mc.BDES",21,0.297193477413745,0.299353853825918,0.298269753754001
"DS09","Icelandic River - Flow of Vatnsdalsa River (Daily)","mc.BDES",22,0.278706027954393,0.300724647494683,0.289296979129626
"DS09","Icelandic River - Flow of Vatnsdalsa River (Daily)","mc.BDES",23,0.262759986562051,0.296021702076747,0.27840088550232
"DS09","Icelandic River - Flow of Vatnsdalsa River (Daily)","mc.BDES",24,0.28921051973464,0.299814819048055,0.294417214105705
"DS09","Icelandic River - Flow of Vatnsdalsa River (Daily)","mc.BDES",25,0.309089177092024,0.30795603190426,0.30852156404114
"DS09","Icelandic River - Flow of Vatnsdalsa River (Daily)","mc.BDES",26,0.289825873257918,0.305816338121111,0.297606467638638
"DS09","Icelandic River - Flow of Vatnsdalsa River (Daily)","mc.BDES",27,0.302708737005506,0.307418258294211,0.305045321441512
"DS09","Icelandic River - Flow of Vatnsdalsa River (Daily)","mc.BDES",28,0.32313495013688,0.303999172619874,0.313275115869519
"DS09","Icelandic River - Flow of Vatnsdalsa River (Daily)","mc.BDES",29,0.306083965521021,0.305418027966199,0.30575063413414
"DS09","Icelandic River - Flow of Vatnsdalsa River (Daily)","mc.BDES",30,0.287421768628976,0.30603077510347,0.296434508754223
"DS09","Icelandic River - Flow of Vatnsdalsa River (Daily)","mc.BDES",31,0.301504441893678,0.309170635623587,0.30528941944898
"DS09","Icelandic River - Flow of Vatnsdalsa River (Daily)","mc.BDES",32,0.329702725886616,0.298477848620373,0.313314242116269
"DS09","Icelandic River - Flow of Vatnsdalsa River (Daily)","mc.BDES",33,0.301703976564132,0.298071908136192,0.299876944974808
"DS09","Icelandic River - Flow of Vatnsdalsa River (Daily)","mc.BDES",34,0.295546283287164,0.292878907659218,0.294206549766064
"DS09","Icelandic River - Flow of Vatnsdalsa River (Daily)","mc.BDES",35,0.304244217670494,0.296924749191022,0.300539924727819
"DS09","Icelandic River - Flow of Vatnsdalsa River (Daily)","mc.BDES",36,0.289956813990841,0.292348737467929,0.291147863104126
"DS09","Icelandic River - Flow of Vatnsdalsa River (Daily)","mc.BDES",37,0.292445779175021,0.285159828208487,0.28875685098561
"DS09","Icelandic River - Flow of Vatnsdalsa River (Daily)","mc.BDES",38,0.31250522127901,0.292255398024171,0.302041286797949
"DS09","Icelandic River - Flow of Vatnsdalsa River (Daily)","mc.BDES",39,0.311950853454486,0.292277977221265,0.301794154172205
"DS09","Icelandic River - Flow of Vatnsdalsa River (Daily)","mc.BDES",40,0.308191557456129,0.291863598837777,0.299805430041194
"DS09","Icelandic River - Flow of Vatnsdalsa River (Daily)","mc.BDES",41,0.318604252413654,0.291919819988344,0.304678882345116
"DS09","Icelandic River - Flow of Vatnsdalsa River (Daily)","mc.BDES",42,0.308801893353364,0.289667915546312,0.298929033459124
"DS09","Icelandic River - Flow of Vatnsdalsa River (Daily)","mc.BDES",43,0.322736449008549,0.296692158319779,0.309166778840919
"DS09","Icelandic River - Flow of Vatnsdalsa River (Daily)","mc.BDES",44,0.309354655857012,0.296628816205566,0.30285811275417
"DS09","Icelandic River - Flow of Vatnsdalsa River (Daily)","mc.BDES",45,0.309008897413918,0.291770083115598,0.300142164103189
"DS09","Icelandic River - Flow of Vatnsdalsa River (Daily)","mc.BDES",46,0.312198990755503,0.295422226452379,0.303579000644482
"DS09","Icelandic River - Flow of Vatnsdalsa River (Daily)","mc.BDES",47,0.352139332150315,0.300122537646164,0.324056808664759
"DS09","Icelandic River - Flow of Vatnsdalsa River (Daily)","mc.BDES",48,0.34278619938607,0.298758298605846,0.319261476124255
"DS09","Icelandic River - Flow of Vatnsdalsa River (Daily)","mc.BDES",49,0.340692360892265,0.288828236199608,0.31262384150024
"DS09","Icelandic River - Flow of Vatnsdalsa River (Daily)","mc.BDES",50,0.28569652432669,0.28737108791619,0.286531359496334
