dataset_id,workflow,model_family,strategy,iteration,sera
DS01,mc.BDES,BDES,baseline,1,0.48947530724700195
DS01,mc.BDES,BDES,baseline,2,0.47224313326497125
DS01,mc.BDES,BDES,baseline,3,0.42889399367759073
DS01,mc.BDES,BDES,baseline,4,0.38625344256154215
DS01,mc.BDES,BDES,baseline,5,0.357578444701547
DS01,mc.BDES,BDES,baseline,6,0.35254416980169134
DS01,mc.BDES,BDES,baseline,7,0.33403237911382005
DS01,mc.BDES,BDES,baseline,8,0.3295919267653177
DS01,mc.BDES,BDES,baseline,9,0.3269988618198825
DS01,mc.BDES,BDES,baseline,10,0.32436904458741794
DS01,mc.BDES,BDES,baseline,11,0.3198357066737728
DS01,mc.BDES,BDES,baseline,12,0.3170029732234354
DS01,mc.BDES,BDES,baseline,13,0.3167946569413406
DS01,mc.BDES,BDES,baseline,14,0.2952025037899423
DS01,mc.BDES,BDES,baseline,15,0.27726948621200037
DS01,mc.BDES,BDES,baseline,16,0.2351263591868602
DS01,mc.BDES,BDES,baseline,17,0.22873082106030154
DS01,mc.BDES,BDES,baseline,18,0.2138231769067081
DS01,mc.BDES,BDES,baseline,19,0.20795518796466672
DS01,mc.BDES,BDES,baseline,20,0.20002178173799556
DS01,mc.BDES,BDES,baseline,21,0.16891639123002666
DS01,mc.BDES,BDES,baseline,22,0.16804466643405147
DS01,mc.BDES,BDES,baseline,23,0.1630499958352205
DS01,mc.BDES,BDES,baseline,24,0.1642634820625296
DS01,mc.BDES,BDES,baseline,25,0.1632964850839504
DS01,mc.BDES,BDES,baseline,26,0.15544077035885107
DS01,mc.BDES,BDES,baseline,27,0.15404626740162092
DS01,mc.BDES,BDES,baseline,28,0.17026986702422528
DS01,mc.BDES,BDES,baseline,29,0.1372691509268555
DS01,mc.BDES,BDES,baseline,30,0.13207394819573032
DS01,mc.BDES,BDES,baseline,31,0.1321224140203643
DS01,mc.BDES,BDES,baseline,32,0.13087907810115568
DS01,mc.BDES,BDES,baseline,33,0.12727531779772386
DS01,mc.BDES,BDES,baseline,34,0.11742864725028172
DS01,mc.BDES,BDES,baseline,35,0.11887446931695081
DS01,mc.BDES,BDES,baseline,36,0.11616586695901812
DS01,mc.BDES,BDES,baseline,37,0.11575449638339724
DS01,mc.BDES,BDES,baseline,38,0.11919181023739936
DS01,mc.BDES,BDES,baseline,39,0.13194416170047613
DS01,mc.BDES,BDES,baseline,40,0.1316717016855686
DS01,mc.BDES,BDES,baseline,41,0.13133888578620695
DS01,mc.BDES,BDES,baseline,42,0.13029582015531987
DS01,mc.BDES,BDES,baseline,43,0.13687300270460373
DS01,mc.BDES,BDES,baseline,44,0.14187093499290881
DS01,mc.BDES,BDES,baseline,45,0.14034483775988943
DS01,mc.BDES,BDES,baseline,46,0.14447902407791335
DS01,mc.BDES,BDES,baseline,47,0.17331138047855071
DS01,mc.BDES,BDES,baseline,48,0.1522044318117407
DS01,mc.BDES,BDES,baseline,49,0.14789051755690213
DS01,mc.BDES,BDES,baseline,50,0.13511795209729813
DS01,mc.arima,arima,baseline,1,0.45358095711086344
DS01,mc.arima,arima,baseline,2,0.4439360126405446
DS01,mc.arima,arima,baseline,3,0.40874203908572726
DS01,mc.arima,arima,baseline,4,0.3795506097265664
DS01,mc.arima,arima,baseline,5,0.3585634426054742
DS01,mc.arima,arima,baseline,6,0.3388140969627807
DS01,mc.arima,arima,baseline,7,0.31472273900646547
DS01,mc.arima,arima,baseline,8,0.31358071036926377
DS01,mc.arima,arima,baseline,9,0.3221766771406632
DS01,mc.arima,arima,baseline,10,0.3101097503149966
DS01,mc.arima,arima,baseline,11,0.3152139663989159
DS01,mc.arima,arima,baseline,12,0.3115094133239144
DS01,mc.arima,arima,baseline,13,0.31512803284100943
DS01,mc.arima,arima,baseline,14,0.2941131133955313
DS01,mc.arima,arima,baseline,15,0.2626928037617
DS01,mc.arima,arima,baseline,16,0.22701263590244203
DS01,mc.arima,arima,baseline,17,0.21979065762830705
DS01,mc.arima,arima,baseline,18,0.212034626526165
DS01,mc.arima,arima,baseline,19,0.21071462390024148
DS01,mc.arima,arima,baseline,20,0.20694092186122326
DS01,mc.arima,arima,baseline,21,0.16734637099174945
DS01,mc.arima,arima,baseline,22,0.1589285407805151
DS01,mc.arima,arima,baseline,23,0.1629296214861033
DS01,mc.arima,arima,baseline,24,0.16605899997230616
DS01,mc.arima,arima,baseline,25,0.17220051360922978
DS01,mc.arima,arima,baseline,26,0.15926901224467535
DS01,mc.arima,arima,baseline,27,0.16078225118456058
DS01,mc.arima,arima,baseline,28,0.16907337224197513
DS01,mc.arima,arima,baseline,29,0.13848743446216155
DS01,mc.arima,arima,baseline,30,0.13714485209599914
DS01,mc.arima,arima,baseline,31,0.13414611869970117
DS01,mc.arima,arima,baseline,32,0.13437999247423343
DS01,mc.arima,arima,baseline,33,0.12880925616267827
DS01,mc.arima,arima,baseline,34,0.11921049351786074
DS01,mc.arima,arima,baseline,35,0.11948410333014947
DS01,mc.arima,arima,baseline,36,0.11674344800111033
DS01,mc.arima,arima,baseline,37,0.11636266121013751
DS01,mc.arima,arima,baseline,38,0.11810053504958279
DS01,mc.arima,arima,baseline,39,0.12630605722662122
DS01,mc.arima,arima,baseline,40,0.1260842991227753
DS01,mc.arima,arima,baseline,41,0.12611101076485992
DS01,mc.arima,arima,baseline,42,0.12629021528245166
DS01,mc.arima,arima,baseline,43,0.13077723682539572
DS01,mc.arima,arima,baseline,44,0.13503278004008945
DS01,mc.arima,arima,baseline,45,0.13381066945798323
DS01,mc.arima,arima,baseline,46,0.1412280960458441
DS01,mc.arima,arima,baseline,47,0.16083897390372628
DS01,mc.arima,arima,baseline,48,0.14469608748380436
DS01,mc.arima,arima,baseline,49,0.14154897825128276
DS01,mc.arima,arima,baseline,50,0.13125577519161852
DS01,mc.lm_OVERB,lm,OVERB,1,0.4440956525486841
DS01,mc.lm_OVERB,lm,OVERB,2,0.4107661642492779
DS01,mc.lm_OVERB,lm,OVERB,3,0.36979443902142983
DS01,mc.lm_OVERB,lm,OVERB,4,0.37995590298692267
DS01,mc.lm_OVERB,lm,OVERB,5,0.3679350471144417
DS01,mc.lm_OVERB,lm,OVERB,6,0.3592566586074002
DS01,mc.lm_OVERB,lm,OVERB,7,0.3337293991293058
DS01,mc.lm_OVERB,lm,OVERB,8,0.3321766839980263
DS01,mc.lm_OVERB,lm,OVERB,9,0.3387319029936456
DS01,mc.lm_OVERB,lm,OVERB,10,0.3340889544500868
DS01,mc.lm_OVERB,lm,OVERB,11,0.3387416393100746
DS01,mc.lm_OVERB,lm,OVERB,12,0.3279050041551512
DS01,mc.lm_OVERB,lm,OVERB,13,0.3407986600769305
DS01,mc.lm_OVERB,lm,OVERB,14,0.3364671274980195
DS01,mc.lm_OVERB,lm,OVERB,15,0.3003544719096468
DS01,mc.lm_OVERB,lm,OVERB,16,0.2818526659695313
DS01,mc.lm_OVERB,lm,OVERB,17,0.24293357109345665
DS01,mc.lm_OVERB,lm,OVERB,18,0.25203903410032563
DS01,mc.lm_OVERB,lm,OVERB,19,0.24557062322355283
DS01,mc.lm_OVERB,lm,OVERB,20,0.23795655491016035
DS01,mc.lm_OVERB,lm,OVERB,21,0.1898433704466323
DS01,mc.lm_OVERB,lm,OVERB,22,0.19320014158880675
DS01,mc.lm_OVERB,lm,OVERB,23,0.19231282513297482
DS01,mc.lm_OVERB,lm,OVERB,24,0.20532923375400364
DS01,mc.lm_OVERB,lm,OVERB,25,0.21086502746493924
DS01,mc.lm_OVERB,lm,OVERB,26,0.19700384062088683
DS01,mc.lm_OVERB,lm,OVERB,27,0.20239207636157613
DS01,mc.lm_OVERB,lm,OVERB,28,0.23422436045864597
DS01,mc.lm_OVERB,lm,OVERB,29,0.14167562442991768
DS01,mc.lm_OVERB,lm,OVERB,30,0.14436690107647704
DS01,mc.lm_OVERB,lm,OVERB,31,0.14565822625709612
DS01,mc.lm_OVERB,lm,OVERB,32,0.1446627921916649
DS01,mc.lm_OVERB,lm,OVERB,33,0.14661076713761298
DS01,mc.lm_OVERB,lm,OVERB,34,0.13802758123024347
DS01,mc.lm_OVERB,lm,OVERB,35,0.14180348806490378
DS01,mc.lm_OVERB,lm,OVERB,36,0.1317043098554554
DS01,mc.lm_OVERB,lm,OVERB,37,0.1355837751713206
DS01,mc.lm_OVERB,lm,OVERB,38,0.1317041297075568
DS01,mc.lm_OVERB,lm,OVERB,39,0.13972153098454554
DS01,mc.lm_OVERB,lm,OVERB,40,0.13666977496002308
DS01,mc.lm_OVERB,lm,OVERB,41,0.1432072360649272
DS01,mc.lm_OVERB,lm,OVERB,42,0.14479790433567985
DS01,mc.lm_OVERB,lm,OVERB,43,0.13772393271530628
DS01,mc.lm_OVERB,lm,OVERB,44,0.14474844835271172
DS01,mc.lm_OVERB,lm,OVERB,45,0.14249279318655744
DS01,mc.lm_OVERB,lm,OVERB,46,0.1484828240951775
DS01,mc.lm_OVERB,lm,OVERB,47,0.16011628119153204
DS01,mc.lm_OVERB,lm,OVERB,48,0.13541872486272188
DS01,mc.lm_OVERB,lm,OVERB,49,0.147085924145047
DS01,mc.lm_OVERB,lm,OVERB,50,0.13001305638745758
DS01,mc.lm_OVERTPhi,lm,OVERTPhi,1,0.43897367922932135
DS01,mc.lm_OVERTPhi,lm,OVERTPhi,2,0.4221603402335759
DS01,mc.lm_OVERTPhi,lm,OVERTPhi,3,0.3922323054405323
DS01,mc.lm_OVERTPhi,lm,OVERTPhi,4,0.3783539010571759
DS01,mc.lm_OVERTPhi,lm,OVERTPhi,5,0.3461459899113905
DS01,mc.lm_OVERTPhi,lm,OVERTPhi,6,0.3573233544611561
DS01,mc.lm_OVERTPhi,lm,OVERTPhi,7,0.34018612769704953
DS01,mc.lm_OVERTPhi,lm,OVERTPhi,8,0.34029295745677085
DS01,mc.lm_OVERTPhi,lm,OVERTPhi,9,0.3311230165224829
DS01,mc.lm_OVERTPhi,lm,OVERTPhi,10,0.3397868242361677
DS01,mc.lm_OVERTPhi,lm,OVERTPhi,11,0.33689841801315207
DS01,mc.lm_OVERTPhi,lm,OVERTPhi,12,0.35241603224115103
DS01,mc.lm_OVERTPhi,lm,OVERTPhi,13,0.33887185523728547
DS01,mc.lm_OVERTPhi,lm,OVERTPhi,14,0.33014087111575985
DS01,mc.lm_OVERTPhi,lm,OVERTPhi,15,0.28890749591310416
DS01,mc.lm_OVERTPhi,lm,OVERTPhi,16,0.2661050395381171
DS01,mc.lm_OVERTPhi,lm,OVERTPhi,17,0.2467004258292662
DS01,mc.lm_OVERTPhi,lm,OVERTPhi,18,0.2520577097174905
DS01,mc.lm_OVERTPhi,lm,OVERTPhi,19,0.24501329337556968
DS01,mc.lm_OVERTPhi,lm,OVERTPhi,20,0.24316251335156533
DS01,mc.lm_OVERTPhi,lm,OVERTPhi,21,0.20077270141205128
DS01,mc.lm_OVERTPhi,lm,OVERTPhi,22,0.19393145589941702
DS01,mc.lm_OVERTPhi,lm,OVERTPhi,23,0.21023475111510273
DS01,mc.lm_OVERTPhi,lm,OVERTPhi,24,0.21694474892256937
DS01,mc.lm_OVERTPhi,lm,OVERTPhi,25,0.22148160597768046
DS01,mc.lm_OVERTPhi,lm,OVERTPhi,26,0.22043313399032932
DS01,mc.lm_OVERTPhi,lm,OVERTPhi,27,0.21824726946030212
DS01,mc.lm_OVERTPhi,lm,OVERTPhi,28,0.23819855331596118
DS01,mc.lm_OVERTPhi,lm,OVERTPhi,29,0.15256771251715823
DS01,mc.lm_OVERTPhi,lm,OVERTPhi,30,0.16091713714652028
DS01,mc.lm_OVERTPhi,lm,OVERTPhi,31,0.1471690329719525
DS01,mc.lm_OVERTPhi,lm,OVERTPhi,32,0.14135443228180833
DS01,mc.lm_OVERTPhi,lm,OVERTPhi,33,0.14845883075772287
DS01,mc.lm_OVERTPhi,lm,OVERTPhi,34,0.14923415034564402
DS01,mc.lm_OVERTPhi,lm,OVERTPhi,35,0.1470861852440686
DS01,mc.lm_OVERTPhi,lm,OVERTPhi,36,0.15451856870173192
DS01,mc.lm_OVERTPhi,lm,OVERTPhi,37,0.14053543546090927
DS01,mc.lm_OVERTPhi,lm,OVERTPhi,38,0.14263872799788962
DS01,mc.lm_OVERTPhi,lm,OVERTPhi,39,0.14747577491829078
DS01,mc.lm_OVERTPhi,lm,OVERTPhi,40,0.15189826892600278
DS01,mc.lm_OVERTPhi,lm,OVERTPhi,41,0.1479811251851379
DS01,mc.lm_OVERTPhi,lm,OVERTPhi,42,0.1429291971583312
DS01,mc.lm_OVERTPhi,lm,OVERTPhi,43,0.15560330770187655
DS01,mc.lm_OVERTPhi,lm,OVERTPhi,44,0.15311159544298908
DS01,mc.lm_OVERTPhi,lm,OVERTPhi,45,0.1510669342585924
DS01,mc.lm_OVERTPhi,lm,OVERTPhi,46,0.16183496476228754
DS01,mc.lm_OVERTPhi,lm,OVERTPhi,47,0.16669948141986574
DS01,mc.lm_OVERTPhi,lm,OVERTPhi,48,0.1455235162721992
DS01,mc.lm_OVERTPhi,lm,OVERTPhi,49,0.15084438408134002
DS01,mc.lm_OVERTPhi,lm,OVERTPhi,50,0.1302669486122105
DS01,mc.lm_OVERT,lm,OVERT,1,0.44570116829173995
DS01,mc.lm_OVERT,lm,OVERT,2,0.42257380778449766
DS01,mc.lm_OVERT,lm,OVERT,3,0.3882506834208037
DS01,mc.lm_OVERT,lm,OVERT,4,0.38011616614110566
DS01,mc.lm_OVERT,lm,OVERT,5,0.3468962613467961
DS01,mc.lm_OVERT,lm,OVERT,6,0.35567673790890914
DS01,mc.lm_OVERT,lm,OVERT,7,0.3382059319644274
DS01,mc.lm_OVERT,lm,OVERT,8,0.3384775721698505
DS01,mc.lm_OVERT,lm,OVERT,9,0.3299084335458944
DS01,mc.lm_OVERT,lm,OVERT,10,0.3384234475319226
DS01,mc.lm_OVERT,lm,OVERT,11,0.3365644770567236
DS01,mc.lm_OVERT,lm,OVERT,12,0.35010846458274736
DS01,mc.lm_OVERT,lm,OVERT,13,0.3382896839147461
DS01,mc.lm_OVERT,lm,OVERT,14,0.32876833094392355
DS01,mc.lm_OVERT,lm,OVERT,15,0.28728125207203076
DS01,mc.lm_OVERT,lm,OVERT,16,0.26510522909282086
DS01,mc.lm_OVERT,lm,OVERT,17,0.24771978042467063
DS01,mc.lm_OVERT,lm,OVERT,18,0.25136451910817637
DS01,mc.lm_OVERT,lm,OVERT,19,0.24483618296434378
DS01,mc.lm_OVERT,lm,OVERT,20,0.2427612243080574
DS01,mc.lm_OVERT,lm,OVERT,21,0.19730935305755598
DS01,mc.lm_OVERT,lm,OVERT,22,0.19323572562861036
DS01,mc.lm_OVERT,lm,OVERT,23,0.20844962631605535
DS01,mc.lm_OVERT,lm,OVERT,24,0.2210864958574456
DS01,mc.lm_OVERT,lm,OVERT,25,0.2265993043254777
DS01,mc.lm_OVERT,lm,OVERT,26,0.22055172226801492
DS01,mc.lm_OVERT,lm,OVERT,27,0.21723190619154453
DS01,mc.lm_OVERT,lm,OVERT,28,0.23201297065722698
DS01,mc.lm_OVERT,lm,OVERT,29,0.15048746085173692
DS01,mc.lm_OVERT,lm,OVERT,30,0.16314592101665665
DS01,mc.lm_OVERT,lm,OVERT,31,0.14859265991228096
DS01,mc.lm_OVERT,lm,OVERT,32,0.14084498435541018
DS01,mc.lm_OVERT,lm,OVERT,33,0.15056235334487017
DS01,mc.lm_OVERT,lm,OVERT,34,0.15086656980162338
DS01,mc.lm_OVERT,lm,OVERT,35,0.14570773102782497
DS01,mc.lm_OVERT,lm,OVERT,36,0.15629368229774784
DS01,mc.lm_OVERT,lm,OVERT,37,0.1388381222915937
DS01,mc.lm_OVERT,lm,OVERT,38,0.14497180295683185
DS01,mc.lm_OVERT,lm,OVERT,39,0.14719954964397047
DS01,mc.lm_OVERT,lm,OVERT,40,0.15184500014811447
DS01,mc.lm_OVERT,lm,OVERT,41,0.14601745229010898
DS01,mc.lm_OVERT,lm,OVERT,42,0.14648468125600905
DS01,mc.lm_OVERT,lm,OVERT,43,0.15518105537665722
DS01,mc.lm_OVERT,lm,OVERT,44,0.15376620312189043
DS01,mc.lm_OVERT,lm,OVERT,45,0.1504645536253998
DS01,mc.lm_OVERT,lm,OVERT,46,0.16004164962915007
DS01,mc.lm_OVERT,lm,OVERT,47,0.16195482519143664
DS01,mc.lm_OVERT,lm,OVERT,48,0.14497015815175768
DS01,mc.lm_OVERT,lm,OVERT,49,0.15451368582865974
DS01,mc.lm_OVERT,lm,OVERT,50,0.1320360423416645
DS01,mc.lm_SMOTEB,lm,SMOTEB,1,0.4942872734662742
DS01,mc.lm_SMOTEB,lm,SMOTEB,2,0.5104601405263582
DS01,mc.lm_SMOTEB,lm,SMOTEB,3,0.42400973221256694
DS01,mc.lm_SMOTEB,lm,SMOTEB,4,0.39837904437647964
DS01,mc.lm_SMOTEB,lm,SMOTEB,5,0.38985843965661415
DS01,mc.lm_SMOTEB,lm,SMOTEB,6,0.38795928722949286
DS01,mc.lm_SMOTEB,lm,SMOTEB,7,0.3490711269986235
DS01,mc.lm_SMOTEB,lm,SMOTEB,8,0.4032252236322958
DS01,mc.lm_SMOTEB,lm,SMOTEB,9,0.39926197205459535
DS01,mc.lm_SMOTEB,lm,SMOTEB,10,0.41514977897975414
DS01,mc.lm_SMOTEB,lm,SMOTEB,11,0.36628974503039186
DS01,mc.lm_SMOTEB,lm,SMOTEB,12,0.40085338643618135
DS01,mc.lm_SMOTEB,lm,SMOTEB,13,0.3618103405506479
DS01,mc.lm_SMOTEB,lm,SMOTEB,14,0.3675359619996369
DS01,mc.lm_SMOTEB,lm,SMOTEB,15,0.34080102805438556
DS01,mc.lm_SMOTEB,lm,SMOTEB,16,0.29592313087841765
DS01,mc.lm_SMOTEB,lm,SMOTEB,17,0.2774565098756439
DS01,mc.lm_SMOTEB,lm,SMOTEB,18,0.29390237910268985
DS01,mc.lm_SMOTEB,lm,SMOTEB,19,0.2768297336411265
DS01,mc.lm_SMOTEB,lm,SMOTEB,20,0.279870990742429
DS01,mc.lm_SMOTEB,lm,SMOTEB,21,0.22233828424698543
DS01,mc.lm_SMOTEB,lm,SMOTEB,22,0.21837494194364424
DS01,mc.lm_SMOTEB,lm,SMOTEB,23,0.19913738239698076
DS01,mc.lm_SMOTEB,lm,SMOTEB,24,0.23338441007054384
DS01,mc.lm_SMOTEB,lm,SMOTEB,25,0.23274905691466924
DS01,mc.lm_SMOTEB,lm,SMOTEB,26,0.2175834967479332
DS01,mc.lm_SMOTEB,lm,SMOTEB,27,0.2040536112436402
DS01,mc.lm_SMOTEB,lm,SMOTEB,28,0.2547371887046427
DS01,mc.lm_SMOTEB,lm,SMOTEB,29,0.1630357028051935
DS01,mc.lm_SMOTEB,lm,SMOTEB,30,0.1583342879466898
DS01,mc.lm_SMOTEB,lm,SMOTEB,31,0.1537208930954857
DS01,mc.lm_SMOTEB,lm,SMOTEB,32,0.1603356947796504
DS01,mc.lm_SMOTEB,lm,SMOTEB,33,0.1584604455456515
DS01,mc.lm_SMOTEB,lm,SMOTEB,34,0.151901938506187
DS01,mc.lm_SMOTEB,lm,SMOTEB,35,0.1499295806976659
DS01,mc.lm_SMOTEB,lm,SMOTEB,36,0.14181106980839636
DS01,mc.lm_SMOTEB,lm,SMOTEB,37,0.1440406246982335
DS01,mc.lm_SMOTEB,lm,SMOTEB,38,0.15047099988558446
DS01,mc.lm_SMOTEB,lm,SMOTEB,39,0.1504134785811817
DS01,mc.lm_SMOTEB,lm,SMOTEB,40,0.1419347808502391
DS01,mc.lm_SMOTEB,lm,SMOTEB,41,0.1461762205562799
DS01,mc.lm_SMOTEB,lm,SMOTEB,42,0.15032732837050508
DS01,mc.lm_SMOTEB,lm,SMOTEB,43,0.14674151328540994
DS01,mc.lm_SMOTEB,lm,SMOTEB,44,0.15781059839824405
DS01,mc.lm_SMOTEB,lm,SMOTEB,45,0.16389177072177738
DS01,mc.lm_SMOTEB,lm,SMOTEB,46,0.16181089415581495
DS01,mc.lm_SMOTEB,lm,SMOTEB,47,0.15226914926716967
DS01,mc.lm_SMOTEB,lm,SMOTEB,48,0.1404664752097473
DS01,mc.lm_SMOTEB,lm,SMOTEB,49,0.14420890717342172
DS01,mc.lm_SMOTEB,lm,SMOTEB,50,0.14275080868730256
DS01,mc.lm_SMOTETPhi,lm,SMOTETPhi,1,0.594151659684091
DS01,mc.lm_SMOTETPhi,lm,SMOTETPhi,2,0.6237324591416078
DS01,mc.lm_SMOTETPhi,lm,SMOTETPhi,3,0.5718433313124057
DS01,mc.lm_SMOTETPhi,lm,SMOTETPhi,4,0.5203937193239359
DS01,mc.lm_SMOTETPhi,lm,SMOTETPhi,5,0.42079561479093547
DS01,mc.lm_SMOTETPhi,lm,SMOTETPhi,6,0.4319016310706712
DS01,mc.lm_SMOTETPhi,lm,SMOTETPhi,7,0.4140646245393906
DS01,mc.lm_SMOTETPhi,lm,SMOTETPhi,8,0.4508470579529084
DS01,mc.lm_SMOTETPhi,lm,SMOTETPhi,9,0.42491468540129473
DS01,mc.lm_SMOTETPhi,lm,SMOTETPhi,10,0.4013140178722801
DS01,mc.lm_SMOTETPhi,lm,SMOTETPhi,11,0.404018270282596
DS01,mc.lm_SMOTETPhi,lm,SMOTETPhi,12,0.4334860426371333
DS01,mc.lm_SMOTETPhi,lm,SMOTETPhi,13,0.403234284868591
DS01,mc.lm_SMOTETPhi,lm,SMOTETPhi,14,0.4627087869351779
DS01,mc.lm_SMOTETPhi,lm,SMOTETPhi,15,0.3689278809078994
DS01,mc.lm_SMOTETPhi,lm,SMOTETPhi,16,0.2677788989230225
DS01,mc.lm_SMOTETPhi,lm,SMOTETPhi,17,0.27424835755951116
DS01,mc.lm_SMOTETPhi,lm,SMOTETPhi,18,0.26690387330501086
DS01,mc.lm_SMOTETPhi,lm,SMOTETPhi,19,0.26159210200844446
DS01,mc.lm_SMOTETPhi,lm,SMOTETPhi,20,0.26025853745283734
DS01,mc.lm_SMOTETPhi,lm,SMOTETPhi,21,0.23663084822271485
DS01,mc.lm_SMOTETPhi,lm,SMOTETPhi,22,0.2213890243964302
DS01,mc.lm_SMOTETPhi,lm,SMOTETPhi,23,0.19542658224755227
DS01,mc.lm_SMOTETPhi,lm,SMOTETPhi,24,0.20344928452252853
DS01,mc.lm_SMOTETPhi,lm,SMOTETPhi,25,0.22748904974802636
DS01,mc.lm_SMOTETPhi,lm,SMOTETPhi,26,0.2383170701216689
DS01,mc.lm_SMOTETPhi,lm,SMOTETPhi,27,0.2226871879495611
DS01,mc.lm_SMOTETPhi,lm,SMOTETPhi,28,0.20494715410538566
DS01,mc.lm_SMOTETPhi,lm,SMOTETPhi,29,0.1607102940249434
DS01,mc.lm_SMOTETPhi,lm,SMOTETPhi,30,0.15344028297156298
DS01,mc.lm_SMOTETPhi,lm,SMOTETPhi,31,0.1521448563518619
DS01,mc.lm_SMOTETPhi,lm,SMOTETPhi,32,0.16332823865661494
DS01,mc.lm_SMOTETPhi,lm,SMOTETPhi,33,0.14298743324462437
DS01,mc.lm_SMOTETPhi,lm,SMOTETPhi,34,0.13945368259846389
DS01,mc.lm_SMOTETPhi,lm,SMOTETPhi,35,0.14448761547163386
DS01,mc.lm_SMOTETPhi,lm,SMOTETPhi,36,0.13272065377290654
DS01,mc.lm_SMOTETPhi,lm,SMOTETPhi,37,0.13491241888148203
DS01,mc.lm_SMOTETPhi,lm,SMOTETPhi,38,0.13777426154155503
DS01,mc.lm_SMOTETPhi,lm,SMOTETPhi,39,0.14323849934039926
DS01,mc.lm_SMOTETPhi,lm,SMOTETPhi,40,0.1440251868463816
DS01,mc.lm_SMOTETPhi,lm,SMOTETPhi,41,0.15136163255310808
DS01,mc.lm_SMOTETPhi,lm,SMOTETPhi,42,0.14027764708454446
DS01,mc.lm_SMOTETPhi,lm,SMOTETPhi,43,0.1429350970195225
DS01,mc.lm_SMOTETPhi,lm,SMOTETPhi,44,0.14382687137125147
DS01,mc.lm_SMOTETPhi,lm,SMOTETPhi,45,0.1462674843746587
DS01,mc.lm_SMOTETPhi,lm,SMOTETPhi,46,0.15085016650789673
DS01,mc.lm_SMOTETPhi,lm,SMOTETPhi,47,0.15595143799444716
DS01,mc.lm_SMOTETPhi,lm,SMOTETPhi,48,0.1373149578498843
DS01,mc.lm_SMOTETPhi,lm,SMOTETPhi,49,0.15106840226872886
DS01,mc.lm_SMOTETPhi,lm,SMOTETPhi,50,0.13776620667763462
DS01,mc.lm_SMOTET,lm,SMOTET,1,0.6528064676616846
DS01,mc.lm_SMOTET,lm,SMOTET,2,0.6600037351960838
DS01,mc.lm_SMOTET,lm,SMOTET,3,0.5647021876041246
DS01,mc.lm_SMOTET,lm,SMOTET,4,0.4871562832344788
DS01,mc.lm_SMOTET,lm,SMOTET,5,0.40743248492674566
DS01,mc.lm_SMOTET,lm,SMOTET,6,0.42803715030205775
DS01,mc.lm_SMOTET,lm,SMOTET,7,0.37111993067687027
DS01,mc.lm_SMOTET,lm,SMOTET,8,0.4245187326277896
DS01,mc.lm_SMOTET,lm,SMOTET,9,0.4255261453998312
DS01,mc.lm_SMOTET,lm,SMOTET,10,0.418214344668521
DS01,mc.lm_SMOTET,lm,SMOTET,11,0.38556475888621566
DS01,mc.lm_SMOTET,lm,SMOTET,12,0.4324398129224443
DS01,mc.lm_SMOTET,lm,SMOTET,13,0.4068996231896661
DS01,mc.lm_SMOTET,lm,SMOTET,14,0.46287305522853867
DS01,mc.lm_SMOTET,lm,SMOTET,15,0.37054652481244266
DS01,mc.lm_SMOTET,lm,SMOTET,16,0.2708981109450536
DS01,mc.lm_SMOTET,lm,SMOTET,17,0.2796779812284761
DS01,mc.lm_SMOTET,lm,SMOTET,18,0.2746466726648116
DS01,mc.lm_SMOTET,lm,SMOTET,19,0.27384142780648935
DS01,mc.lm_SMOTET,lm,SMOTET,20,0.2591183708048172
DS01,mc.lm_SMOTET,lm,SMOTET,21,0.21711873317706312
DS01,mc.lm_SMOTET,lm,SMOTET,22,0.21849390881788075
DS01,mc.lm_SMOTET,lm,SMOTET,23,0.18745670888331095
DS01,mc.lm_SMOTET,lm,SMOTET,24,0.21223900168146387
DS01,mc.lm_SMOTET,lm,SMOTET,25,0.22663789201708123
DS01,mc.lm_SMOTET,lm,SMOTET,26,0.22422585591914795
DS01,mc.lm_SMOTET,lm,SMOTET,27,0.2361573672652849
DS01,mc.lm_SMOTET,lm,SMOTET,28,0.2096135331324382
DS01,mc.lm_SMOTET,lm,SMOTET,29,0.1581416628033471
DS01,mc.lm_SMOTET,lm,SMOTET,30,0.15660931513807433
DS01,mc.lm_SMOTET,lm,SMOTET,31,0.15103175626544932
DS01,mc.lm_SMOTET,lm,SMOTET,32,0.15720674775256718
DS01,mc.lm_SMOTET,lm,SMOTET,33,0.1459031869530035
DS01,mc.lm_SMOTET,lm,SMOTET,34,0.14384867514483407
DS01,mc.lm_SMOTET,lm,SMOTET,35,0.14621464265093215
DS01,mc.lm_SMOTET,lm,SMOTET,36,0.13820968585022103
DS01,mc.lm_SMOTET,lm,SMOTET,37,0.13732774675488235
DS01,mc.lm_SMOTET,lm,SMOTET,38,0.14515076044854586
DS01,mc.lm_SMOTET,lm,SMOTET,39,0.13916124786322648
DS01,mc.lm_SMOTET,lm,SMOTET,40,0.13922319788548432
DS01,mc.lm_SMOTET,lm,SMOTET,41,0.1496394984112466
DS01,mc.lm_SMOTET,lm,SMOTET,42,0.14400837767756974
DS01,mc.lm_SMOTET,lm,SMOTET,43,0.1420837476630566
DS01,mc.lm_SMOTET,lm,SMOTET,44,0.1463166819071891
DS01,mc.lm_SMOTET,lm,SMOTET,45,0.1443211861794834
DS01,mc.lm_SMOTET,lm,SMOTET,46,0.14555524335289272
DS01,mc.lm_SMOTET,lm,SMOTET,47,0.15634940998769123
DS01,mc.lm_SMOTET,lm,SMOTET,48,0.14029640505300028
DS01,mc.lm_SMOTET,lm,SMOTET,49,0.15774009056295288
DS01,mc.lm_SMOTET,lm,SMOTET,50,0.14464216547949185
DS01,mc.lm_UNDERB,lm,UNDERB,1,0.4505304406889082
DS01,mc.lm_UNDERB,lm,UNDERB,2,0.43701522846642715
DS01,mc.lm_UNDERB,lm,UNDERB,3,0.3902757543724556
DS01,mc.lm_UNDERB,lm,UNDERB,4,0.36769362376755127
DS01,mc.lm_UNDERB,lm,UNDERB,5,0.35236533207511017
DS01,mc.lm_UNDERB,lm,UNDERB,6,0.38025962149731113
DS01,mc.lm_UNDERB,lm,UNDERB,7,0.3261422836313605
DS01,mc.lm_UNDERB,lm,UNDERB,8,0.3281770898892396
DS01,mc.lm_UNDERB,lm,UNDERB,9,0.3342124065045392
DS01,mc.lm_UNDERB,lm,UNDERB,10,0.340588318333102
DS01,mc.lm_UNDERB,lm,UNDERB,11,0.30852102004137594
DS01,mc.lm_UNDERB,lm,UNDERB,12,0.33697483300398806
DS01,mc.lm_UNDERB,lm,UNDERB,13,0.34956367970353336
DS01,mc.lm_UNDERB,lm,UNDERB,14,0.38224657920214555
DS01,mc.lm_UNDERB,lm,UNDERB,15,0.30400727158021806
DS01,mc.lm_UNDERB,lm,UNDERB,16,0.25733021199611933
DS01,mc.lm_UNDERB,lm,UNDERB,17,0.24504258454428252
DS01,mc.lm_UNDERB,lm,UNDERB,18,0.2549289973002796
DS01,mc.lm_UNDERB,lm,UNDERB,19,0.23752063596281303
DS01,mc.lm_UNDERB,lm,UNDERB,20,0.22605299032318973
DS01,mc.lm_UNDERB,lm,UNDERB,21,0.2024769361634509
DS01,mc.lm_UNDERB,lm,UNDERB,22,0.1923084175982431
DS01,mc.lm_UNDERB,lm,UNDERB,23,0.1944919931499397
DS01,mc.lm_UNDERB,lm,UNDERB,24,0.18852435987431437
DS01,mc.lm_UNDERB,lm,UNDERB,25,0.22539105687908662
DS01,mc.lm_UNDERB,lm,UNDERB,26,0.19296668731766164
DS01,mc.lm_UNDERB,lm,UNDERB,27,0.17688377137378625
DS01,mc.lm_UNDERB,lm,UNDERB,28,0.22595757623276697
DS01,mc.lm_UNDERB,lm,UNDERB,29,0.15905321332346908
DS01,mc.lm_UNDERB,lm,UNDERB,30,0.15652557508611714
DS01,mc.lm_UNDERB,lm,UNDERB,31,0.13370533596986378
DS01,mc.lm_UNDERB,lm,UNDERB,32,0.1335792283218765
DS01,mc.lm_UNDERB,lm,UNDERB,33,0.15777324466154932
DS01,mc.lm_UNDERB,lm,UNDERB,34,0.14273030712082005
DS01,mc.lm_UNDERB,lm,UNDERB,35,0.1418208276123212
DS01,mc.lm_UNDERB,lm,UNDERB,36,0.12324224029306104
DS01,mc.lm_UNDERB,lm,UNDERB,37,0.12193200801887262
DS01,mc.lm_UNDERB,lm,UNDERB,38,0.13816958064213913
DS01,mc.lm_UNDERB,lm,UNDERB,39,0.11763285393674797
DS01,mc.lm_UNDERB,lm,UNDERB,40,0.13526182781777082
DS01,mc.lm_UNDERB,lm,UNDERB,41,0.13663668184031255
DS01,mc.lm_UNDERB,lm,UNDERB,42,0.13637234395401246
DS01,mc.lm_UNDERB,lm,UNDERB,43,0.1435453122066667
DS01,mc.lm_UNDERB,lm,UNDERB,44,0.1527990219615431
DS01,mc.lm_UNDERB,lm,UNDERB,45,0.14942651618962743
DS01,mc.lm_UNDERB,lm,UNDERB,46,0.13580152528758083
DS01,mc.lm_UNDERB,lm,UNDERB,47,0.15316206710991484
DS01,mc.lm_UNDERB,lm,UNDERB,48,0.13805315243261795
DS01,mc.lm_UNDERB,lm,UNDERB,49,0.14476055171851743
DS01,mc.lm_UNDERB,lm,UNDERB,50,0.13045983887695467
DS01,mc.lm_UNDERTPhi,lm,UNDERTPhi,1,0.46649372039840054
DS01,mc.lm_UNDERTPhi,lm,UNDERTPhi,2,0.4663480011512386
DS01,mc.lm_UNDERTPhi,lm,UNDERTPhi,3,0.4017002278796716
DS01,mc.lm_UNDERTPhi,lm,UNDERTPhi,4,0.3992379140324784
DS01,mc.lm_UNDERTPhi,lm,UNDERTPhi,5,0.3707990374745428
DS01,mc.lm_UNDERTPhi,lm,UNDERTPhi,6,0.3921044544649375
DS01,mc.lm_UNDERTPhi,lm,UNDERTPhi,7,0.3308256454379436
DS01,mc.lm_UNDERTPhi,lm,UNDERTPhi,8,0.3280106712136726
DS01,mc.lm_UNDERTPhi,lm,UNDERTPhi,9,0.4003035670904432
DS01,mc.lm_UNDERTPhi,lm,UNDERTPhi,10,0.3526748926201482
DS01,mc.lm_UNDERTPhi,lm,UNDERTPhi,11,0.34983397186303317
DS01,mc.lm_UNDERTPhi,lm,UNDERTPhi,12,0.3699192552960116
DS01,mc.lm_UNDERTPhi,lm,UNDERTPhi,13,0.32710962457314335
DS01,mc.lm_UNDERTPhi,lm,UNDERTPhi,14,0.34527245934239337
DS01,mc.lm_UNDERTPhi,lm,UNDERTPhi,15,0.2991243750549997
DS01,mc.lm_UNDERTPhi,lm,UNDERTPhi,16,0.2845214496449271
DS01,mc.lm_UNDERTPhi,lm,UNDERTPhi,17,0.2513999549764595
DS01,mc.lm_UNDERTPhi,lm,UNDERTPhi,18,0.2588379902891422
DS01,mc.lm_UNDERTPhi,lm,UNDERTPhi,19,0.2459322856683063
DS01,mc.lm_UNDERTPhi,lm,UNDERTPhi,20,0.22809203062880806
DS01,mc.lm_UNDERTPhi,lm,UNDERTPhi,21,0.19784609900408406
DS01,mc.lm_UNDERTPhi,lm,UNDERTPhi,22,0.18742431966014006
DS01,mc.lm_UNDERTPhi,lm,UNDERTPhi,23,0.1819143100673036
DS01,mc.lm_UNDERTPhi,lm,UNDERTPhi,24,0.19360528526174425
DS01,mc.lm_UNDERTPhi,lm,UNDERTPhi,25,0.21341295736732382
DS01,mc.lm_UNDERTPhi,lm,UNDERTPhi,26,0.1798343249668729
DS01,mc.lm_UNDERTPhi,lm,UNDERTPhi,27,0.19864996053608927
DS01,mc.lm_UNDERTPhi,lm,UNDERTPhi,28,0.1906164972302712
DS01,mc.lm_UNDERTPhi,lm,UNDERTPhi,29,0.14638665690284025
DS01,mc.lm_UNDERTPhi,lm,UNDERTPhi,30,0.15807537440294728
DS01,mc.lm_UNDERTPhi,lm,UNDERTPhi,31,0.14758468789198922
DS01,mc.lm_UNDERTPhi,lm,UNDERTPhi,32,0.13339251082992704
DS01,mc.lm_UNDERTPhi,lm,UNDERTPhi,33,0.1364367247377276
DS01,mc.lm_UNDERTPhi,lm,UNDERTPhi,34,0.13114881834858877
DS01,mc.lm_UNDERTPhi,lm,UNDERTPhi,35,0.12863048226757537
DS01,mc.lm_UNDERTPhi,lm,UNDERTPhi,36,0.12089930485453715
DS01,mc.lm_UNDERTPhi,lm,UNDERTPhi,37,0.12810922905574465
DS01,mc.lm_UNDERTPhi,lm,UNDERTPhi,38,0.1287781860444186
DS01,mc.lm_UNDERTPhi,lm,UNDERTPhi,39,0.12055530564353356
DS01,mc.lm_UNDERTPhi,lm,UNDERTPhi,40,0.12199008911952813
DS01,mc.lm_UNDERTPhi,lm,UNDERTPhi,41,0.12154059605020348
DS01,mc.lm_UNDERTPhi,lm,UNDERTPhi,42,0.13730812593107486
DS01,mc.lm_UNDERTPhi,lm,UNDERTPhi,43,0.12281950593639779
DS01,mc.lm_UNDERTPhi,lm,UNDERTPhi,44,0.13232009219952262
DS01,mc.lm_UNDERTPhi,lm,UNDERTPhi,45,0.1549952450125806
DS01,mc.lm_UNDERTPhi,lm,UNDERTPhi,46,0.1525083379182054
DS01,mc.lm_UNDERTPhi,lm,UNDERTPhi,47,0.14372959709011507
DS01,mc.lm_UNDERTPhi,lm,UNDERTPhi,48,0.1314561910434456
DS01,mc.lm_UNDERTPhi,lm,UNDERTPhi,49,0.1492738867649786
DS01,mc.lm_UNDERTPhi,lm,UNDERTPhi,50,0.14406320355932456
DS01,mc.lm_UNDERT,lm,UNDERT,1,0.4580746356847826
DS01,mc.lm_UNDERT,lm,UNDERT,2,0.44649146730087236
DS01,mc.lm_UNDERT,lm,UNDERT,3,0.4140699843710227
DS01,mc.lm_UNDERT,lm,UNDERT,4,0.3893469407101754
DS01,mc.lm_UNDERT,lm,UNDERT,5,0.37391578343701304
DS01,mc.lm_UNDERT,lm,UNDERT,6,0.37994607905355193
DS01,mc.lm_UNDERT,lm,UNDERT,7,0.330230228054135
DS01,mc.lm_UNDERT,lm,UNDERT,8,0.3562177527289784
DS01,mc.lm_UNDERT,lm,UNDERT,9,0.3277739412333916
DS01,mc.lm_UNDERT,lm,UNDERT,10,0.34676817857166636
DS01,mc.lm_UNDERT,lm,UNDERT,11,0.3512141052895064
DS01,mc.lm_UNDERT,lm,UNDERT,12,0.3564376172122971
DS01,mc.lm_UNDERT,lm,UNDERT,13,0.3688873150075532
DS01,mc.lm_UNDERT,lm,UNDERT,14,0.3432615193343164
DS01,mc.lm_UNDERT,lm,UNDERT,15,0.2937884684329224
DS01,mc.lm_UNDERT,lm,UNDERT,16,0.2460340631728347
DS01,mc.lm_UNDERT,lm,UNDERT,17,0.2389720142121235
DS01,mc.lm_UNDERT,lm,UNDERT,18,0.2557538646197321
DS01,mc.lm_UNDERT,lm,UNDERT,19,0.24376620711474783
DS01,mc.lm_UNDERT,lm,UNDERT,20,0.2306000916444234
DS01,mc.lm_UNDERT,lm,UNDERT,21,0.20424696339003479
DS01,mc.lm_UNDERT,lm,UNDERT,22,0.21485957264606553
DS01,mc.lm_UNDERT,lm,UNDERT,23,0.1801755473960882
DS01,mc.lm_UNDERT,lm,UNDERT,24,0.1827084419541417
DS01,mc.lm_UNDERT,lm,UNDERT,25,0.21285129370240863
DS01,mc.lm_UNDERT,lm,UNDERT,26,0.21248758669252257
DS01,mc.lm_UNDERT,lm,UNDERT,27,0.16783314821106435
DS01,mc.lm_UNDERT,lm,UNDERT,28,0.19461325477607247
DS01,mc.lm_UNDERT,lm,UNDERT,29,0.1521226077357858
DS01,mc.lm_UNDERT,lm,UNDERT,30,0.13905279940906462
DS01,mc.lm_UNDERT,lm,UNDERT,31,0.15001285015057533
DS01,mc.lm_UNDERT,lm,UNDERT,32,0.1373075247380311
DS01,mc.lm_UNDERT,lm,UNDERT,33,0.1363119528572126
DS01,mc.lm_UNDERT,lm,UNDERT,34,0.1288014702911121
DS01,mc.lm_UNDERT,lm,UNDERT,35,0.13711698057454666
DS01,mc.lm_UNDERT,lm,UNDERT,36,0.13055779429196243
DS01,mc.lm_UNDERT,lm,UNDERT,37,0.13259418357277516
DS01,mc.lm_UNDERT,lm,UNDERT,38,0.13726291896726917
DS01,mc.lm_UNDERT,lm,UNDERT,39,0.1248919222829545
DS01,mc.lm_UNDERT,lm,UNDERT,40,0.12627611056581028
DS01,mc.lm_UNDERT,lm,UNDERT,41,0.12667245296920077
DS01,mc.lm_UNDERT,lm,UNDERT,42,0.1250528857253031
DS01,mc.lm_UNDERT,lm,UNDERT,43,0.12689691326764674
DS01,mc.lm_UNDERT,lm,UNDERT,44,0.14658375720366934
DS01,mc.lm_UNDERT,lm,UNDERT,45,0.14709059295095583
DS01,mc.lm_UNDERT,lm,UNDERT,46,0.15031331498956113
DS01,mc.lm_UNDERT,lm,UNDERT,47,0.16337562645209705
DS01,mc.lm_UNDERT,lm,UNDERT,48,0.13699782932292753
DS01,mc.lm_UNDERT,lm,UNDERT,49,0.14225490182842168
DS01,mc.lm_UNDERT,lm,UNDERT,50,0.12129346453702881
DS01,mc.lm,lm,baseline,1,0.44971632744444456
DS01,mc.lm,lm,baseline,2,0.439533456081167
DS01,mc.lm,lm,baseline,3,0.41952612786061316
DS01,mc.lm,lm,baseline,4,0.38627515399312756
DS01,mc.lm,lm,baseline,5,0.36013942732867493
DS01,mc.lm,lm,baseline,6,0.3483034421839229
DS01,mc.lm,lm,baseline,7,0.3221428488819822
DS01,mc.lm,lm,baseline,8,0.3231991830869852
DS01,mc.lm,lm,baseline,9,0.3233968630746717
DS01,mc.lm,lm,baseline,10,0.3232073595042471
DS01,mc.lm,lm,baseline,11,0.32357633945555025
DS01,mc.lm,lm,baseline,12,0.31976439287771735
DS01,mc.lm,lm,baseline,13,0.31880063466665404
DS01,mc.lm,lm,baseline,14,0.3001351858052311
DS01,mc.lm,lm,baseline,15,0.27210158054461797
DS01,mc.lm,lm,baseline,16,0.24274134118030144
DS01,mc.lm,lm,baseline,17,0.2301011623686661
DS01,mc.lm,lm,baseline,18,0.22548924970423231
DS01,mc.lm,lm,baseline,19,0.21705572274626933
DS01,mc.lm,lm,baseline,20,0.21010131285034
DS01,mc.lm,lm,baseline,21,0.17585549466456
DS01,mc.lm,lm,baseline,22,0.17546982552977494
DS01,mc.lm,lm,baseline,23,0.1701656256868217
DS01,mc.lm,lm,baseline,24,0.18161980610888082
DS01,mc.lm,lm,baseline,25,0.1847790970990753
DS01,mc.lm,lm,baseline,26,0.1746725935823359
DS01,mc.lm,lm,baseline,27,0.1729866639086397
DS01,mc.lm,lm,baseline,28,0.18496648183973713
DS01,mc.lm,lm,baseline,29,0.1459411969491645
DS01,mc.lm,lm,baseline,30,0.144522989930123
DS01,mc.lm,lm,baseline,31,0.1409227426523659
DS01,mc.lm,lm,baseline,32,0.14081851753257113
DS01,mc.lm,lm,baseline,33,0.13692808716274718
DS01,mc.lm,lm,baseline,34,0.12628302877715525
DS01,mc.lm,lm,baseline,35,0.1266893756175817
DS01,mc.lm,lm,baseline,36,0.12352106981725378
DS01,mc.lm,lm,baseline,37,0.12328485206749684
DS01,mc.lm,lm,baseline,38,0.1254259907350442
DS01,mc.lm,lm,baseline,39,0.13244856047140863
DS01,mc.lm,lm,baseline,40,0.1314762425540057
DS01,mc.lm,lm,baseline,41,0.1314558614274684
DS01,mc.lm,lm,baseline,42,0.13080463442626106
DS01,mc.lm,lm,baseline,43,0.13588101660633112
DS01,mc.lm,lm,baseline,44,0.14027243461734923
DS01,mc.lm,lm,baseline,45,0.13891053482965426
DS01,mc.lm,lm,baseline,46,0.1469674753982348
DS01,mc.lm,lm,baseline,47,0.1650747180941236
DS01,mc.lm,lm,baseline,48,0.1483912755105013
DS01,mc.lm,lm,baseline,49,0.14504137575570722
DS01,mc.lm,lm,baseline,50,0.13385131498714478
DS01,mc.mars_OVERB,mars,OVERB,1,0.6388744346152236
DS01,mc.mars_OVERB,mars,OVERB,2,0.9577275944446515
DS01,mc.mars_OVERB,mars,OVERB,3,0.5125320244509454
DS01,mc.mars_OVERB,mars,OVERB,4,0.46913097361562206
DS01,mc.mars_OVERB,mars,OVERB,5,0.5485995625938982
DS01,mc.mars_OVERB,mars,OVERB,6,0.45521924344318804
DS01,mc.mars_OVERB,mars,OVERB,7,0.428480644189612
DS01,mc.mars_OVERB,mars,OVERB,8,0.38888567104988014
DS01,mc.mars_OVERB,mars,OVERB,9,0.354635509173243
DS01,mc.mars_OVERB,mars,OVERB,10,0.4102008884811815
DS01,mc.mars_OVERB,mars,OVERB,11,0.45351292202423127
DS01,mc.mars_OVERB,mars,OVERB,12,0.387632523769582
DS01,mc.mars_OVERB,mars,OVERB,13,0.3613922934219589
DS01,mc.mars_OVERB,mars,OVERB,14,0.3349969537628474
DS01,mc.mars_OVERB,mars,OVERB,15,0.29879131535439785
DS01,mc.mars_OVERB,mars,OVERB,16,0.3222981288535115
DS01,mc.mars_OVERB,mars,OVERB,17,0.3029613415487661
DS01,mc.mars_OVERB,mars,OVERB,18,0.293271521305801
DS01,mc.mars_OVERB,mars,OVERB,19,0.3165337098655867
DS01,mc.mars_OVERB,mars,OVERB,20,0.23839200993044882
DS01,mc.mars_OVERB,mars,OVERB,21,0.2277996123747334
DS01,mc.mars_OVERB,mars,OVERB,22,0.2243890263752794
DS01,mc.mars_OVERB,mars,OVERB,23,0.22867964093806034
DS01,mc.mars_OVERB,mars,OVERB,24,0.19744394694889583
DS01,mc.mars_OVERB,mars,OVERB,25,0.23887193047465696
DS01,mc.mars_OVERB,mars,OVERB,26,0.23828643144285072
DS01,mc.mars_OVERB,mars,OVERB,27,0.19897655864082595
DS01,mc.mars_OVERB,mars,OVERB,28,0.24892113269187296
DS01,mc.mars_OVERB,mars,OVERB,29,0.13993487777647146
DS01,mc.mars_OVERB,mars,OVERB,30,0.15452681328610474
DS01,mc.mars_OVERB,mars,OVERB,31,0.14903770627120183
DS01,mc.mars_OVERB,mars,OVERB,32,0.13984397877855112
DS01,mc.mars_OVERB,mars,OVERB,33,0.15275993247438607
DS01,mc.mars_OVERB,mars,OVERB,34,0.13787348292147178
DS01,mc.mars_OVERB,mars,OVERB,35,0.13693170544908934
DS01,mc.mars_OVERB,mars,OVERB,36,0.1292150077630775
DS01,mc.mars_OVERB,mars,OVERB,37,0.14081397146261404
DS01,mc.mars_OVERB,mars,OVERB,38,0.15316933704649657
DS01,mc.mars_OVERB,mars,OVERB,39,0.12516229540124113
DS01,mc.mars_OVERB,mars,OVERB,40,0.12654633054645475
DS01,mc.mars_OVERB,mars,OVERB,41,0.15550638011915546
DS01,mc.mars_OVERB,mars,OVERB,42,0.13182558143116854
DS01,mc.mars_OVERB,mars,OVERB,43,0.16422677501017602
DS01,mc.mars_OVERB,mars,OVERB,44,0.17198101339074712
DS01,mc.mars_OVERB,mars,OVERB,45,0.15378533929890337
DS01,mc.mars_OVERB,mars,OVERB,46,0.18378981420135176
DS01,mc.mars_OVERB,mars,OVERB,47,0.20107126269914055
DS01,mc.mars_OVERB,mars,OVERB,48,0.17994265750520816
DS01,mc.mars_OVERB,mars,OVERB,49,0.16287437085404008
DS01,mc.mars_OVERB,mars,OVERB,50,0.1605983880292846
DS01,mc.mars_OVERTPhi,mars,OVERTPhi,1,0.4853984960436997
DS01,mc.mars_OVERTPhi,mars,OVERTPhi,2,1.1328721089262026
DS01,mc.mars_OVERTPhi,mars,OVERTPhi,3,0.5419785857596753
DS01,mc.mars_OVERTPhi,mars,OVERTPhi,4,0.471084802195249
DS01,mc.mars_OVERTPhi,mars,OVERTPhi,5,0.4794827830550136
DS01,mc.mars_OVERTPhi,mars,OVERTPhi,6,0.360811685823978
DS01,mc.mars_OVERTPhi,mars,OVERTPhi,7,0.42071796622423263
DS01,mc.mars_OVERTPhi,mars,OVERTPhi,8,0.3236069983441444
DS01,mc.mars_OVERTPhi,mars,OVERTPhi,9,0.4092301497576709
DS01,mc.mars_OVERTPhi,mars,OVERTPhi,10,0.329049331399848
DS01,mc.mars_OVERTPhi,mars,OVERTPhi,11,0.32891517786639596
DS01,mc.mars_OVERTPhi,mars,OVERTPhi,12,0.3574356388017497
DS01,mc.mars_OVERTPhi,mars,OVERTPhi,13,0.34537942895277074
DS01,mc.mars_OVERTPhi,mars,OVERTPhi,14,0.3330583121267836
DS01,mc.mars_OVERTPhi,mars,OVERTPhi,15,0.32943751783594816
DS01,mc.mars_OVERTPhi,mars,OVERTPhi,16,0.3030410324244464
DS01,mc.mars_OVERTPhi,mars,OVERTPhi,17,0.2773486795949816
DS01,mc.mars_OVERTPhi,mars,OVERTPhi,18,0.25248573182446155
DS01,mc.mars_OVERTPhi,mars,OVERTPhi,19,0.26559412524625603
DS01,mc.mars_OVERTPhi,mars,OVERTPhi,20,0.2664778039060585
DS01,mc.mars_OVERTPhi,mars,OVERTPhi,21,0.23329692537718044
DS01,mc.mars_OVERTPhi,mars,OVERTPhi,22,0.23381095933561166
DS01,mc.mars_OVERTPhi,mars,OVERTPhi,23,0.21644434274921664
DS01,mc.mars_OVERTPhi,mars,OVERTPhi,24,0.2915320895099887
DS01,mc.mars_OVERTPhi,mars,OVERTPhi,25,0.22632443885949421
DS01,mc.mars_OVERTPhi,mars,OVERTPhi,26,0.25402819781880354
DS01,mc.mars_OVERTPhi,mars,OVERTPhi,27,0.24678404635706808
DS01,mc.mars_OVERTPhi,mars,OVERTPhi,28,0.2666024996086899
DS01,mc.mars_OVERTPhi,mars,OVERTPhi,29,0.18064682221400777
DS01,mc.mars_OVERTPhi,mars,OVERTPhi,30,0.16415793913699595
DS01,mc.mars_OVERTPhi,mars,OVERTPhi,31,0.14204147596080727
DS01,mc.mars_OVERTPhi,mars,OVERTPhi,32,0.16006653182850772
DS01,mc.mars_OVERTPhi,mars,OVERTPhi,33,0.1643139150017106
DS01,mc.mars_OVERTPhi,mars,OVERTPhi,34,0.14864218820077857
DS01,mc.mars_OVERTPhi,mars,OVERTPhi,35,0.16544261972222557
DS01,mc.mars_OVERTPhi,mars,OVERTPhi,36,0.1474118666153385
DS01,mc.mars_OVERTPhi,mars,OVERTPhi,37,0.14988392144705043
DS01,mc.mars_OVERTPhi,mars,OVERTPhi,38,0.16298102440181716
DS01,mc.mars_OVERTPhi,mars,OVERTPhi,39,0.1641175437462526
DS01,mc.mars_OVERTPhi,mars,OVERTPhi,40,0.15177054938113427
DS01,mc.mars_OVERTPhi,mars,OVERTPhi,41,0.1659881189035477
DS01,mc.mars_OVERTPhi,mars,OVERTPhi,42,0.16953381324202832
DS01,mc.mars_OVERTPhi,mars,OVERTPhi,43,0.17437271203306154
DS01,mc.mars_OVERTPhi,mars,OVERTPhi,44,0.1750059744944426
DS01,mc.mars_OVERTPhi,mars,OVERTPhi,45,0.1646589547755458
DS01,mc.mars_OVERTPhi,mars,OVERTPhi,46,0.17833769032431354
DS01,mc.mars_OVERTPhi,mars,OVERTPhi,47,0.22236100575560674
DS01,mc.mars_OVERTPhi,mars,OVERTPhi,48,0.17710392210355752
DS01,mc.mars_OVERTPhi,mars,OVERTPhi,49,0.16810055869277377
DS01,mc.mars_OVERTPhi,mars,OVERTPhi,50,0.16655137469417308
DS01,mc.mars_OVERT,mars,OVERT,1,0.4738403802985097
DS01,mc.mars_OVERT,mars,OVERT,2,1.1394168231572899
DS01,mc.mars_OVERT,mars,OVERT,3,0.5396233706218782
DS01,mc.mars_OVERT,mars,OVERT,4,0.46375137879168477
DS01,mc.mars_OVERT,mars,OVERT,5,0.3511966351684966
DS01,mc.mars_OVERT,mars,OVERT,6,0.3644179263751116
DS01,mc.mars_OVERT,mars,OVERT,7,0.35932761492802373
DS01,mc.mars_OVERT,mars,OVERT,8,0.3235390951744038
DS01,mc.mars_OVERT,mars,OVERT,9,0.4167516545364569
DS01,mc.mars_OVERT,mars,OVERT,10,0.35358868205298194
DS01,mc.mars_OVERT,mars,OVERT,11,0.3516445241915485
DS01,mc.mars_OVERT,mars,OVERT,12,0.34449869509004216
DS01,mc.mars_OVERT,mars,OVERT,13,0.321298472542121
DS01,mc.mars_OVERT,mars,OVERT,14,0.3194168401556068
DS01,mc.mars_OVERT,mars,OVERT,15,0.3298697645165732
DS01,mc.mars_OVERT,mars,OVERT,16,0.2784910322205814
DS01,mc.mars_OVERT,mars,OVERT,17,0.2783984573113466
DS01,mc.mars_OVERT,mars,OVERT,18,0.25096505540230174
DS01,mc.mars_OVERT,mars,OVERT,19,0.26582870389626545
DS01,mc.mars_OVERT,mars,OVERT,20,0.2579010619816832
DS01,mc.mars_OVERT,mars,OVERT,21,0.21923789845455577
DS01,mc.mars_OVERT,mars,OVERT,22,0.2355344725109363
DS01,mc.mars_OVERT,mars,OVERT,23,0.24941840883373742
DS01,mc.mars_OVERT,mars,OVERT,24,0.2907821275838467
DS01,mc.mars_OVERT,mars,OVERT,25,0.23383474572610477
DS01,mc.mars_OVERT,mars,OVERT,26,0.25013425230114344
DS01,mc.mars_OVERT,mars,OVERT,27,0.2537407897621393
DS01,mc.mars_OVERT,mars,OVERT,28,0.26625793334344927
DS01,mc.mars_OVERT,mars,OVERT,29,0.17610181729586144
DS01,mc.mars_OVERT,mars,OVERT,30,0.16148882165691592
DS01,mc.mars_OVERT,mars,OVERT,31,0.1396452464446638
DS01,mc.mars_OVERT,mars,OVERT,32,0.16084485961713496
DS01,mc.mars_OVERT,mars,OVERT,33,0.1734298803460342
DS01,mc.mars_OVERT,mars,OVERT,34,0.15426918034084705
DS01,mc.mars_OVERT,mars,OVERT,35,0.16596166001498802
DS01,mc.mars_OVERT,mars,OVERT,36,0.13308231656922623
DS01,mc.mars_OVERT,mars,OVERT,37,0.13850298224846944
DS01,mc.mars_OVERT,mars,OVERT,38,0.16135614223992045
DS01,mc.mars_OVERT,mars,OVERT,39,0.16312819479308854
DS01,mc.mars_OVERT,mars,OVERT,40,0.1517485589744432
DS01,mc.mars_OVERT,mars,OVERT,41,0.16582897212426545
DS01,mc.mars_OVERT,mars,OVERT,42,0.15313853204964414
DS01,mc.mars_OVERT,mars,OVERT,43,0.175289735570961
DS01,mc.mars_OVERT,mars,OVERT,44,0.17649296021725913
DS01,mc.mars_OVERT,mars,OVERT,45,0.16495114640616543
DS01,mc.mars_OVERT,mars,OVERT,46,0.17684656568802748
DS01,mc.mars_OVERT,mars,OVERT,47,0.22119554989694132
DS01,mc.mars_OVERT,mars,OVERT,48,0.18900265065624283
DS01,mc.mars_OVERT,mars,OVERT,49,0.16980322776438997
DS01,mc.mars_OVERT,mars,OVERT,50,0.16646231571701048
DS01,mc.mars_SMOTEB,mars,SMOTEB,1,1.0168762928848092
DS01,mc.mars_SMOTEB,mars,SMOTEB,2,0.7414530303623076
DS01,mc.mars_SMOTEB,mars,SMOTEB,3,0.5343068891787613
DS01,mc.mars_SMOTEB,mars,SMOTEB,4,0.5621366683325637
DS01,mc.mars_SMOTEB,mars,SMOTEB,5,0.517296355959146
DS01,mc.mars_SMOTEB,mars,SMOTEB,6,0.5056323985256431
DS01,mc.mars_SMOTEB,mars,SMOTEB,7,0.5578772110806497
DS01,mc.mars_SMOTEB,mars,SMOTEB,8,0.35176492197871506
DS01,mc.mars_SMOTEB,mars,SMOTEB,9,0.44414811117262587
DS01,mc.mars_SMOTEB,mars,SMOTEB,10,0.6723879481559987
DS01,mc.mars_SMOTEB,mars,SMOTEB,11,0.42997517023807386
DS01,mc.mars_SMOTEB,mars,SMOTEB,12,0.46844471653903397
DS01,mc.mars_SMOTEB,mars,SMOTEB,13,0.38449507601757593
DS01,mc.mars_SMOTEB,mars,SMOTEB,14,0.48236093500582167
DS01,mc.mars_SMOTEB,mars,SMOTEB,15,0.40046297909116063
DS01,mc.mars_SMOTEB,mars,SMOTEB,16,0.3030876779134077
DS01,mc.mars_SMOTEB,mars,SMOTEB,17,0.30808827811855755
DS01,mc.mars_SMOTEB,mars,SMOTEB,18,0.354488099786603
DS01,mc.mars_SMOTEB,mars,SMOTEB,19,0.28633199435683226
DS01,mc.mars_SMOTEB,mars,SMOTEB,20,0.2744057209383549
DS01,mc.mars_SMOTEB,mars,SMOTEB,21,0.25700072855946543
DS01,mc.mars_SMOTEB,mars,SMOTEB,22,0.19701309995576727
DS01,mc.mars_SMOTEB,mars,SMOTEB,23,0.2134465781808888
DS01,mc.mars_SMOTEB,mars,SMOTEB,24,0.2681250274376457
DS01,mc.mars_SMOTEB,mars,SMOTEB,25,0.2944515309846705
DS01,mc.mars_SMOTEB,mars,SMOTEB,26,0.22546411246021442
DS01,mc.mars_SMOTEB,mars,SMOTEB,27,0.305182632392691
DS01,mc.mars_SMOTEB,mars,SMOTEB,28,0.26947051786543985
DS01,mc.mars_SMOTEB,mars,SMOTEB,29,0.138245818343792
DS01,mc.mars_SMOTEB,mars,SMOTEB,30,0.13866636285353215
DS01,mc.mars_SMOTEB,mars,SMOTEB,31,0.1517028874273271
DS01,mc.mars_SMOTEB,mars,SMOTEB,32,0.16922728305909904
DS01,mc.mars_SMOTEB,mars,SMOTEB,33,0.1314436191767937
DS01,mc.mars_SMOTEB,mars,SMOTEB,34,0.15152537925257287
DS01,mc.mars_SMOTEB,mars,SMOTEB,35,0.18146688010027978
DS01,mc.mars_SMOTEB,mars,SMOTEB,36,0.15689062370174653
DS01,mc.mars_SMOTEB,mars,SMOTEB,37,0.15646177137568895
DS01,mc.mars_SMOTEB,mars,SMOTEB,38,0.13031911323125353
DS01,mc.mars_SMOTEB,mars,SMOTEB,39,0.1492751091753447
DS01,mc.mars_SMOTEB,mars,SMOTEB,40,0.13954831622169125
DS01,mc.mars_SMOTEB,mars,SMOTEB,41,0.1492472364566827
DS01,mc.mars_SMOTEB,mars,SMOTEB,42,0.1438711444121769
DS01,mc.mars_SMOTEB,mars,SMOTEB,43,0.15583685945720274
DS01,mc.mars_SMOTEB,mars,SMOTEB,44,0.18342105847902565
DS01,mc.mars_SMOTEB,mars,SMOTEB,45,0.1671476876673251
DS01,mc.mars_SMOTEB,mars,SMOTEB,46,0.129929719393792
DS01,mc.mars_SMOTEB,mars,SMOTEB,47,0.15923927265904883
DS01,mc.mars_SMOTEB,mars,SMOTEB,48,0.1837956610591852
DS01,mc.mars_SMOTEB,mars,SMOTEB,49,0.18703166517070507
DS01,mc.mars_SMOTEB,mars,SMOTEB,50,0.15897814705123303
DS01,mc.mars_SMOTETPhi,mars,SMOTETPhi,1,0.9629200142408731
DS01,mc.mars_SMOTETPhi,mars,SMOTETPhi,2,0.9282743440717401
DS01,mc.mars_SMOTETPhi,mars,SMOTETPhi,3,0.6994832982465596
DS01,mc.mars_SMOTETPhi,mars,SMOTETPhi,4,0.5723645550409984
DS01,mc.mars_SMOTETPhi,mars,SMOTETPhi,5,0.4531853874153438
DS01,mc.mars_SMOTETPhi,mars,SMOTETPhi,6,0.48074219347444924
DS01,mc.mars_SMOTETPhi,mars,SMOTETPhi,7,0.6197350638690272
DS01,mc.mars_SMOTETPhi,mars,SMOTETPhi,8,0.5372380005656485
DS01,mc.mars_SMOTETPhi,mars,SMOTETPhi,9,0.572989323664835
DS01,mc.mars_SMOTETPhi,mars,SMOTETPhi,10,0.48369313468355113
DS01,mc.mars_SMOTETPhi,mars,SMOTETPhi,11,0.5045160712417247
DS01,mc.mars_SMOTETPhi,mars,SMOTETPhi,12,0.48787393421214426
DS01,mc.mars_SMOTETPhi,mars,SMOTETPhi,13,0.3869835454924145
DS01,mc.mars_SMOTETPhi,mars,SMOTETPhi,14,0.37200433558605767
DS01,mc.mars_SMOTETPhi,mars,SMOTETPhi,15,0.4161099611705721
DS01,mc.mars_SMOTETPhi,mars,SMOTETPhi,16,0.28194485354185617
DS01,mc.mars_SMOTETPhi,mars,SMOTETPhi,17,0.33160805009321465
DS01,mc.mars_SMOTETPhi,mars,SMOTETPhi,18,0.1993309580202303
DS01,mc.mars_SMOTETPhi,mars,SMOTETPhi,19,0.2974509407827872
DS01,mc.mars_SMOTETPhi,mars,SMOTETPhi,20,0.26348021405370237
DS01,mc.mars_SMOTETPhi,mars,SMOTETPhi,21,0.24493883140717107
DS01,mc.mars_SMOTETPhi,mars,SMOTETPhi,22,0.2706504139423098
DS01,mc.mars_SMOTETPhi,mars,SMOTETPhi,23,0.17891441452862095
DS01,mc.mars_SMOTETPhi,mars,SMOTETPhi,24,0.2849934827833187
DS01,mc.mars_SMOTETPhi,mars,SMOTETPhi,25,0.2635454749140471
DS01,mc.mars_SMOTETPhi,mars,SMOTETPhi,26,0.2731323138386773
DS01,mc.mars_SMOTETPhi,mars,SMOTETPhi,27,0.2834382984640656
DS01,mc.mars_SMOTETPhi,mars,SMOTETPhi,28,0.3707770511037656
DS01,mc.mars_SMOTETPhi,mars,SMOTETPhi,29,0.10535233765977714
DS01,mc.mars_SMOTETPhi,mars,SMOTETPhi,30,0.14587602392052498
DS01,mc.mars_SMOTETPhi,mars,SMOTETPhi,31,0.10691674826198623
DS01,mc.mars_SMOTETPhi,mars,SMOTETPhi,32,0.15168556957394752
DS01,mc.mars_SMOTETPhi,mars,SMOTETPhi,33,0.15656081179194944
DS01,mc.mars_SMOTETPhi,mars,SMOTETPhi,34,0.14148590234860792
DS01,mc.mars_SMOTETPhi,mars,SMOTETPhi,35,0.1449115851834136
DS01,mc.mars_SMOTETPhi,mars,SMOTETPhi,36,0.11194343391168261
DS01,mc.mars_SMOTETPhi,mars,SMOTETPhi,37,0.13424651560694967
DS01,mc.mars_SMOTETPhi,mars,SMOTETPhi,38,0.11850110713057598
DS01,mc.mars_SMOTETPhi,mars,SMOTETPhi,39,0.1464738449470372
DS01,mc.mars_SMOTETPhi,mars,SMOTETPhi,40,0.12577934426900358
DS01,mc.mars_SMOTETPhi,mars,SMOTETPhi,41,0.14831768894291736
DS01,mc.mars_SMOTETPhi,mars,SMOTETPhi,42,0.14704622369059756
DS01,mc.mars_SMOTETPhi,mars,SMOTETPhi,43,0.14208767808808834
DS01,mc.mars_SMOTETPhi,mars,SMOTETPhi,44,0.1394630934520324
DS01,mc.mars_SMOTETPhi,mars,SMOTETPhi,45,0.15121853387754902
DS01,mc.mars_SMOTETPhi,mars,SMOTETPhi,46,0.15215701709381751
DS01,mc.mars_SMOTETPhi,mars,SMOTETPhi,47,0.1690353082263586
DS01,mc.mars_SMOTETPhi,mars,SMOTETPhi,48,0.16116434407334973
DS01,mc.mars_SMOTETPhi,mars,SMOTETPhi,49,0.14362098869328052
DS01,mc.mars_SMOTETPhi,mars,SMOTETPhi,50,0.14630400815988848
DS01,mc.mars_SMOTET,mars,SMOTET,1,1.0672798416401796
DS01,mc.mars_SMOTET,mars,SMOTET,2,0.9866246437254579
DS01,mc.mars_SMOTET,mars,SMOTET,3,0.8386949892673944
DS01,mc.mars_SMOTET,mars,SMOTET,4,0.706272416159192
DS01,mc.mars_SMOTET,mars,SMOTET,5,0.4390352652468401
DS01,mc.mars_SMOTET,mars,SMOTET,6,0.5812169044422669
DS01,mc.mars_SMOTET,mars,SMOTET,7,0.47245895812118194
DS01,mc.mars_SMOTET,mars,SMOTET,8,0.5852212726485917
DS01,mc.mars_SMOTET,mars,SMOTET,9,0.42909056941103424
DS01,mc.mars_SMOTET,mars,SMOTET,10,0.5181055433145739
DS01,mc.mars_SMOTET,mars,SMOTET,11,0.5165393178590157
DS01,mc.mars_SMOTET,mars,SMOTET,12,0.443746807903608
DS01,mc.mars_SMOTET,mars,SMOTET,13,0.469106686830857
DS01,mc.mars_SMOTET,mars,SMOTET,14,0.35469375441382706
DS01,mc.mars_SMOTET,mars,SMOTET,15,0.4321582539437876
DS01,mc.mars_SMOTET,mars,SMOTET,16,0.3723431366094461
DS01,mc.mars_SMOTET,mars,SMOTET,17,0.33538544721536107
DS01,mc.mars_SMOTET,mars,SMOTET,18,0.2823342238390731
DS01,mc.mars_SMOTET,mars,SMOTET,19,0.21959696898757342
DS01,mc.mars_SMOTET,mars,SMOTET,20,0.2319200021061733
DS01,mc.mars_SMOTET,mars,SMOTET,21,0.18513410247179019
DS01,mc.mars_SMOTET,mars,SMOTET,22,0.21515058655482838
DS01,mc.mars_SMOTET,mars,SMOTET,23,0.22346610550718693
DS01,mc.mars_SMOTET,mars,SMOTET,24,0.31881124855781495
DS01,mc.mars_SMOTET,mars,SMOTET,25,0.20152460103576889
DS01,mc.mars_SMOTET,mars,SMOTET,26,0.4057671508429184
DS01,mc.mars_SMOTET,mars,SMOTET,27,0.2022962439246785
DS01,mc.mars_SMOTET,mars,SMOTET,28,0.20833502716742702
DS01,mc.mars_SMOTET,mars,SMOTET,29,0.11464889531482755
DS01,mc.mars_SMOTET,mars,SMOTET,30,0.14173564977371866
DS01,mc.mars_SMOTET,mars,SMOTET,31,0.12170550623368599
DS01,mc.mars_SMOTET,mars,SMOTET,32,0.13738069489734067
DS01,mc.mars_SMOTET,mars,SMOTET,33,0.13819340175560801
DS01,mc.mars_SMOTET,mars,SMOTET,34,0.15014506717247436
DS01,mc.mars_SMOTET,mars,SMOTET,35,0.1354102398506518
DS01,mc.mars_SMOTET,mars,SMOTET,36,0.14662774668670908
DS01,mc.mars_SMOTET,mars,SMOTET,37,0.13689446167053604
DS01,mc.mars_SMOTET,mars,SMOTET,38,0.1312302881284048
DS01,mc.mars_SMOTET,mars,SMOTET,39,0.1649425436623591
DS01,mc.mars_SMOTET,mars,SMOTET,40,0.14711213776241897
DS01,mc.mars_SMOTET,mars,SMOTET,41,0.1552520538415443
DS01,mc.mars_SMOTET,mars,SMOTET,42,0.14256545122345218
DS01,mc.mars_SMOTET,mars,SMOTET,43,0.14185034698162657
DS01,mc.mars_SMOTET,mars,SMOTET,44,0.1607079221636596
DS01,mc.mars_SMOTET,mars,SMOTET,45,0.1411927552600209
DS01,mc.mars_SMOTET,mars,SMOTET,46,0.17703826373078602
DS01,mc.mars_SMOTET,mars,SMOTET,47,0.20219468414695055
DS01,mc.mars_SMOTET,mars,SMOTET,48,0.17911354863929013
DS01,mc.mars_SMOTET,mars,SMOTET,49,0.18309105973979242
DS01,mc.mars_SMOTET,mars,SMOTET,50,0.13579090009779304
DS01,mc.mars_UNDERB,mars,UNDERB,1,0.5873464046070966
DS01,mc.mars_UNDERB,mars,UNDERB,2,0.5350233909407844
DS01,mc.mars_UNDERB,mars,UNDERB,3,0.6475435574556124
DS01,mc.mars_UNDERB,mars,UNDERB,4,0.43235597318016533
DS01,mc.mars_UNDERB,mars,UNDERB,5,0.4313483078395806
DS01,mc.mars_UNDERB,mars,UNDERB,6,0.5964930163158472
DS01,mc.mars_UNDERB,mars,UNDERB,7,0.5467252496468356
DS01,mc.mars_UNDERB,mars,UNDERB,8,0.3656505219500546
DS01,mc.mars_UNDERB,mars,UNDERB,9,0.42311677913292195
DS01,mc.mars_UNDERB,mars,UNDERB,10,0.6766785145821328
DS01,mc.mars_UNDERB,mars,UNDERB,11,0.484816798202769
DS01,mc.mars_UNDERB,mars,UNDERB,12,0.41837777202098153
DS01,mc.mars_UNDERB,mars,UNDERB,13,0.4588013816550999
DS01,mc.mars_UNDERB,mars,UNDERB,14,0.31931011823782396
DS01,mc.mars_UNDERB,mars,UNDERB,15,0.2624965954174878
DS01,mc.mars_UNDERB,mars,UNDERB,16,0.30035899553328577
DS01,mc.mars_UNDERB,mars,UNDERB,17,0.41200431112842195
DS01,mc.mars_UNDERB,mars,UNDERB,18,0.24700588608293592
DS01,mc.mars_UNDERB,mars,UNDERB,19,0.27062530973077714
DS01,mc.mars_UNDERB,mars,UNDERB,20,0.2593051516489899
DS01,mc.mars_UNDERB,mars,UNDERB,21,0.20480473027586155
DS01,mc.mars_UNDERB,mars,UNDERB,22,0.25173224012881096
DS01,mc.mars_UNDERB,mars,UNDERB,23,0.25280215549708407
DS01,mc.mars_UNDERB,mars,UNDERB,24,0.20760657646493214
DS01,mc.mars_UNDERB,mars,UNDERB,25,0.2584452267326722
DS01,mc.mars_UNDERB,mars,UNDERB,26,0.2284036599591387
DS01,mc.mars_UNDERB,mars,UNDERB,27,0.2373780194575129
DS01,mc.mars_UNDERB,mars,UNDERB,28,0.189866656456538
DS01,mc.mars_UNDERB,mars,UNDERB,29,0.14097765062495055
DS01,mc.mars_UNDERB,mars,UNDERB,30,0.18752563825654367
DS01,mc.mars_UNDERB,mars,UNDERB,31,0.14429326066089948
DS01,mc.mars_UNDERB,mars,UNDERB,32,0.12022563823982427
DS01,mc.mars_UNDERB,mars,UNDERB,33,0.14598711445801546
DS01,mc.mars_UNDERB,mars,UNDERB,34,0.1414466061558315
DS01,mc.mars_UNDERB,mars,UNDERB,35,0.12137140516434053
DS01,mc.mars_UNDERB,mars,UNDERB,36,0.12551512745532362
DS01,mc.mars_UNDERB,mars,UNDERB,37,0.13841864154553313
DS01,mc.mars_UNDERB,mars,UNDERB,38,0.13852007279742384
DS01,mc.mars_UNDERB,mars,UNDERB,39,0.11876725072453961
DS01,mc.mars_UNDERB,mars,UNDERB,40,0.14434016728632246
DS01,mc.mars_UNDERB,mars,UNDERB,41,0.14450010679363956
DS01,mc.mars_UNDERB,mars,UNDERB,42,0.13048969598124788
DS01,mc.mars_UNDERB,mars,UNDERB,43,0.1233525207282643
DS01,mc.mars_UNDERB,mars,UNDERB,44,0.1416051978095232
DS01,mc.mars_UNDERB,mars,UNDERB,45,0.16211568966676573
DS01,mc.mars_UNDERB,mars,UNDERB,46,0.14267982119791633
DS01,mc.mars_UNDERB,mars,UNDERB,47,0.2298429508791913
DS01,mc.mars_UNDERB,mars,UNDERB,48,0.161737371129905
DS01,mc.mars_UNDERB,mars,UNDERB,49,0.16450062951675387
DS01,mc.mars_UNDERB,mars,UNDERB,50,0.1531293723558454
DS01,mc.mars_UNDERTPhi,mars,UNDERTPhi,1,0.6229233400203962
DS01,mc.mars_UNDERTPhi,mars,UNDERTPhi,2,0.6757855183458359
DS01,mc.mars_UNDERTPhi,mars,UNDERTPhi,3,0.581832459221642
DS01,mc.mars_UNDERTPhi,mars,UNDERTPhi,4,0.4744194615566204
DS01,mc.mars_UNDERTPhi,mars,UNDERTPhi,5,0.4167302679540242
DS01,mc.mars_UNDERTPhi,mars,UNDERTPhi,6,0.3773599024233449
DS01,mc.mars_UNDERTPhi,mars,UNDERTPhi,7,0.32217403156130303
DS01,mc.mars_UNDERTPhi,mars,UNDERTPhi,8,0.37184281106832406
DS01,mc.mars_UNDERTPhi,mars,UNDERTPhi,9,0.455790476426145
DS01,mc.mars_UNDERTPhi,mars,UNDERTPhi,10,0.33636779368391295
DS01,mc.mars_UNDERTPhi,mars,UNDERTPhi,11,0.3406529846415069
DS01,mc.mars_UNDERTPhi,mars,UNDERTPhi,12,0.5506201989334366
DS01,mc.mars_UNDERTPhi,mars,UNDERTPhi,13,0.3433565666759992
DS01,mc.mars_UNDERTPhi,mars,UNDERTPhi,14,0.4548592934503172
DS01,mc.mars_UNDERTPhi,mars,UNDERTPhi,15,0.2808902754997586
DS01,mc.mars_UNDERTPhi,mars,UNDERTPhi,16,0.28997802684457924
DS01,mc.mars_UNDERTPhi,mars,UNDERTPhi,17,0.2790839538077219
DS01,mc.mars_UNDERTPhi,mars,UNDERTPhi,18,0.2509535127167079
DS01,mc.mars_UNDERTPhi,mars,UNDERTPhi,19,0.26636100359617465
DS01,mc.mars_UNDERTPhi,mars,UNDERTPhi,20,0.2559839283415991
DS01,mc.mars_UNDERTPhi,mars,UNDERTPhi,21,0.22097850280595266
DS01,mc.mars_UNDERTPhi,mars,UNDERTPhi,22,0.17730534248001534
DS01,mc.mars_UNDERTPhi,mars,UNDERTPhi,23,0.18350826096047584
DS01,mc.mars_UNDERTPhi,mars,UNDERTPhi,24,0.19620824043483992
DS01,mc.mars_UNDERTPhi,mars,UNDERTPhi,25,0.3004016022101993
DS01,mc.mars_UNDERTPhi,mars,UNDERTPhi,26,0.22155412238071986
DS01,mc.mars_UNDERTPhi,mars,UNDERTPhi,27,0.23469279239084928
DS01,mc.mars_UNDERTPhi,mars,UNDERTPhi,28,0.21133435452192761
DS01,mc.mars_UNDERTPhi,mars,UNDERTPhi,29,0.13199017381958011
DS01,mc.mars_UNDERTPhi,mars,UNDERTPhi,30,0.13572788763380791
DS01,mc.mars_UNDERTPhi,mars,UNDERTPhi,31,0.1349499723489373
DS01,mc.mars_UNDERTPhi,mars,UNDERTPhi,32,0.11103644810188822
DS01,mc.mars_UNDERTPhi,mars,UNDERTPhi,33,0.12054676369750598
DS01,mc.mars_UNDERTPhi,mars,UNDERTPhi,34,0.12161931085088089
DS01,mc.mars_UNDERTPhi,mars,UNDERTPhi,35,0.120144908458109
DS01,mc.mars_UNDERTPhi,mars,UNDERTPhi,36,0.10952258804229209
DS01,mc.mars_UNDERTPhi,mars,UNDERTPhi,37,0.12051247171738173
DS01,mc.mars_UNDERTPhi,mars,UNDERTPhi,38,0.15861555725171816
DS01,mc.mars_UNDERTPhi,mars,UNDERTPhi,39,0.1124165638777985
DS01,mc.mars_UNDERTPhi,mars,UNDERTPhi,40,0.13410094247793689
DS01,mc.mars_UNDERTPhi,mars,UNDERTPhi,41,0.1501387678077545
DS01,mc.mars_UNDERTPhi,mars,UNDERTPhi,42,0.1343008977427822
DS01,mc.mars_UNDERTPhi,mars,UNDERTPhi,43,0.14462328818918813
DS01,mc.mars_UNDERTPhi,mars,UNDERTPhi,44,0.13526505851522178
DS01,mc.mars_UNDERTPhi,mars,UNDERTPhi,45,0.13159237752387243
DS01,mc.mars_UNDERTPhi,mars,UNDERTPhi,46,0.15262067640473065
DS01,mc.mars_UNDERTPhi,mars,UNDERTPhi,47,0.15914334732263657
DS01,mc.mars_UNDERTPhi,mars,UNDERTPhi,48,0.28020034734168786
DS01,mc.mars_UNDERTPhi,mars,UNDERTPhi,49,0.15600446588860634
DS01,mc.mars_UNDERTPhi,mars,UNDERTPhi,50,0.14267397697603093
DS01,mc.mars_UNDERT,mars,UNDERT,1,0.5403940073731115
DS01,mc.mars_UNDERT,mars,UNDERT,2,0.4770880646381931
DS01,mc.mars_UNDERT,mars,UNDERT,3,0.49610684317895687
DS01,mc.mars_UNDERT,mars,UNDERT,4,0.4663258044017531
DS01,mc.mars_UNDERT,mars,UNDERT,5,0.548082248144238
DS01,mc.mars_UNDERT,mars,UNDERT,6,0.5539782408711604
DS01,mc.mars_UNDERT,mars,UNDERT,7,0.3749001843838537
DS01,mc.mars_UNDERT,mars,UNDERT,8,0.404229910340461
DS01,mc.mars_UNDERT,mars,UNDERT,9,0.3756200755377848
DS01,mc.mars_UNDERT,mars,UNDERT,10,0.3685255914336255
DS01,mc.mars_UNDERT,mars,UNDERT,11,0.6620899222798963
DS01,mc.mars_UNDERT,mars,UNDERT,12,0.3736493171634999
DS01,mc.mars_UNDERT,mars,UNDERT,13,0.5078810416142316
DS01,mc.mars_UNDERT,mars,UNDERT,14,0.3249354559561586
DS01,mc.mars_UNDERT,mars,UNDERT,15,0.32397544163943753
DS01,mc.mars_UNDERT,mars,UNDERT,16,0.3213229923421371
DS01,mc.mars_UNDERT,mars,UNDERT,17,0.24665436277245234
DS01,mc.mars_UNDERT,mars,UNDERT,18,0.2724214953364342
DS01,mc.mars_UNDERT,mars,UNDERT,19,0.27349011591340733
DS01,mc.mars_UNDERT,mars,UNDERT,20,0.26804224194931725
DS01,mc.mars_UNDERT,mars,UNDERT,21,0.3347058544014639
DS01,mc.mars_UNDERT,mars,UNDERT,22,0.2581522292004763
DS01,mc.mars_UNDERT,mars,UNDERT,23,0.2443813393058708
DS01,mc.mars_UNDERT,mars,UNDERT,24,0.19795904536476472
DS01,mc.mars_UNDERT,mars,UNDERT,25,0.21035963679369862
DS01,mc.mars_UNDERT,mars,UNDERT,26,0.22505815842739646
DS01,mc.mars_UNDERT,mars,UNDERT,27,0.16158775952253493
DS01,mc.mars_UNDERT,mars,UNDERT,28,0.2130407780237871
DS01,mc.mars_UNDERT,mars,UNDERT,29,0.15469794400124995
DS01,mc.mars_UNDERT,mars,UNDERT,30,0.13846088172287552
DS01,mc.mars_UNDERT,mars,UNDERT,31,0.1372210534053307
DS01,mc.mars_UNDERT,mars,UNDERT,32,0.13329649345909877
DS01,mc.mars_UNDERT,mars,UNDERT,33,0.14549110503586782
DS01,mc.mars_UNDERT,mars,UNDERT,34,0.11271146337003951
DS01,mc.mars_UNDERT,mars,UNDERT,35,0.1254522594749788
DS01,mc.mars_UNDERT,mars,UNDERT,36,0.11998115136015061
DS01,mc.mars_UNDERT,mars,UNDERT,37,0.13589308322780688
DS01,mc.mars_UNDERT,mars,UNDERT,38,0.1317928073542563
DS01,mc.mars_UNDERT,mars,UNDERT,39,0.13831503405298384
DS01,mc.mars_UNDERT,mars,UNDERT,40,0.13117729715937143
DS01,mc.mars_UNDERT,mars,UNDERT,41,0.1328487554536478
DS01,mc.mars_UNDERT,mars,UNDERT,42,0.14322835440428242
DS01,mc.mars_UNDERT,mars,UNDERT,43,0.12035394408111165
DS01,mc.mars_UNDERT,mars,UNDERT,44,0.1460268032801748
DS01,mc.mars_UNDERT,mars,UNDERT,45,0.14143208356068684
DS01,mc.mars_UNDERT,mars,UNDERT,46,0.1592957276753329
DS01,mc.mars_UNDERT,mars,UNDERT,47,0.2319017717957687
DS01,mc.mars_UNDERT,mars,UNDERT,48,0.21274884808081998
DS01,mc.mars_UNDERT,mars,UNDERT,49,0.16871946625728496
DS01,mc.mars_UNDERT,mars,UNDERT,50,0.12291018596485459
DS01,mc.mars,mars,baseline,1,0.4260632205264358
DS01,mc.mars,mars,baseline,2,0.48312362950393706
DS01,mc.mars,mars,baseline,3,0.4704375611372252
DS01,mc.mars,mars,baseline,4,0.36320399075458565
DS01,mc.mars,mars,baseline,5,0.3710535980199046
DS01,mc.mars,mars,baseline,6,0.38912975394454113
DS01,mc.mars,mars,baseline,7,0.3299421468834477
DS01,mc.mars,mars,baseline,8,0.3238733416186255
DS01,mc.mars,mars,baseline,9,0.3264205653300265
DS01,mc.mars,mars,baseline,10,0.3268794265802741
DS01,mc.mars,mars,baseline,11,0.3459478007080523
DS01,mc.mars,mars,baseline,12,0.3400675589057852
DS01,mc.mars,mars,baseline,13,0.33511330023792996
DS01,mc.mars,mars,baseline,14,0.30868489595622645
DS01,mc.mars,mars,baseline,15,0.28918429675086854
DS01,mc.mars,mars,baseline,16,0.24416204990701298
DS01,mc.mars,mars,baseline,17,0.24579389027313553
DS01,mc.mars,mars,baseline,18,0.22856399949669942
DS01,mc.mars,mars,baseline,19,0.2259738144993678
DS01,mc.mars,mars,baseline,20,0.22118276724597288
DS01,mc.mars,mars,baseline,21,0.1801023844434587
DS01,mc.mars,mars,baseline,22,0.2045498836060361
DS01,mc.mars,mars,baseline,23,0.20007073808975026
DS01,mc.mars,mars,baseline,24,0.20147394232020688
DS01,mc.mars,mars,baseline,25,0.21015612121389432
DS01,mc.mars,mars,baseline,26,0.19953755192669953
DS01,mc.mars,mars,baseline,27,0.18889890363098696
DS01,mc.mars,mars,baseline,28,0.20278662392246535
DS01,mc.mars,mars,baseline,29,0.1404832307694387
DS01,mc.mars,mars,baseline,30,0.14281059470355034
DS01,mc.mars,mars,baseline,31,0.13859399126965605
DS01,mc.mars,mars,baseline,32,0.13871132659927216
DS01,mc.mars,mars,baseline,33,0.15683231744566734
DS01,mc.mars,mars,baseline,34,0.14574785950860908
DS01,mc.mars,mars,baseline,35,0.14553120178955212
DS01,mc.mars,mars,baseline,36,0.12509618167287317
DS01,mc.mars,mars,baseline,37,0.1355885164734426
DS01,mc.mars,mars,baseline,38,0.13826118117788155
DS01,mc.mars,mars,baseline,39,0.14376562061472492
DS01,mc.mars,mars,baseline,40,0.13944800737300278
DS01,mc.mars,mars,baseline,41,0.13940779838644937
DS01,mc.mars,mars,baseline,42,0.12970571915423978
DS01,mc.mars,mars,baseline,43,0.13733943610550017
DS01,mc.mars,mars,baseline,44,0.1416839297762741
DS01,mc.mars,mars,baseline,45,0.13910137459136807
DS01,mc.mars,mars,baseline,46,0.15024870246031474
DS01,mc.mars,mars,baseline,47,0.18046670678789611
DS01,mc.mars,mars,baseline,48,0.1523920290280763
DS01,mc.mars,mars,baseline,49,0.16066736500317103
DS01,mc.mars,mars,baseline,50,0.14405859004118685
DS01,mc.rf_OVERB,rf,OVERB,1,0.5792720291901036
DS01,mc.rf_OVERB,rf,OVERB,2,0.5606971211267967
DS01,mc.rf_OVERB,rf,OVERB,3,0.5351646709208344
DS01,mc.rf_OVERB,rf,OVERB,4,0.5070297660965893
DS01,mc.rf_OVERB,rf,OVERB,5,0.4243080559821128
DS01,mc.rf_OVERB,rf,OVERB,6,0.4427072879222835
DS01,mc.rf_OVERB,rf,OVERB,7,0.4257446865458388
DS01,mc.rf_OVERB,rf,OVERB,8,0.37019028922075453
DS01,mc.rf_OVERB,rf,OVERB,9,0.4061552284252421
DS01,mc.rf_OVERB,rf,OVERB,10,0.369557869238942
DS01,mc.rf_OVERB,rf,OVERB,11,0.4124794524311423
DS01,mc.rf_OVERB,rf,OVERB,12,0.3949860450012159
DS01,mc.rf_OVERB,rf,OVERB,13,0.34164897506176223
DS01,mc.rf_OVERB,rf,OVERB,14,0.3482901992149879
DS01,mc.rf_OVERB,rf,OVERB,15,0.3165144496803212
DS01,mc.rf_OVERB,rf,OVERB,16,0.3043267411811585
DS01,mc.rf_OVERB,rf,OVERB,17,0.30065144667256244
DS01,mc.rf_OVERB,rf,OVERB,18,0.28206129157151905
DS01,mc.rf_OVERB,rf,OVERB,19,0.276738827984143
DS01,mc.rf_OVERB,rf,OVERB,20,0.27709696698474723
DS01,mc.rf_OVERB,rf,OVERB,21,0.17054041228081257
DS01,mc.rf_OVERB,rf,OVERB,22,0.17147948729234097
DS01,mc.rf_OVERB,rf,OVERB,23,0.16839685138927651
DS01,mc.rf_OVERB,rf,OVERB,24,0.17808560657138117
DS01,mc.rf_OVERB,rf,OVERB,25,0.18225863271101192
DS01,mc.rf_OVERB,rf,OVERB,26,0.16247585666935158
DS01,mc.rf_OVERB,rf,OVERB,27,0.16695469151606693
DS01,mc.rf_OVERB,rf,OVERB,28,0.19103422145857624
DS01,mc.rf_OVERB,rf,OVERB,29,0.1432920013942666
DS01,mc.rf_OVERB,rf,OVERB,30,0.1437631078706284
DS01,mc.rf_OVERB,rf,OVERB,31,0.1384288648597593
DS01,mc.rf_OVERB,rf,OVERB,32,0.13623302246768582
DS01,mc.rf_OVERB,rf,OVERB,33,0.141201108728117
DS01,mc.rf_OVERB,rf,OVERB,34,0.1360130652885159
DS01,mc.rf_OVERB,rf,OVERB,35,0.15056809876738725
DS01,mc.rf_OVERB,rf,OVERB,36,0.13062031407276797
DS01,mc.rf_OVERB,rf,OVERB,37,0.1482727697956285
DS01,mc.rf_OVERB,rf,OVERB,38,0.14368372868958199
DS01,mc.rf_OVERB,rf,OVERB,39,0.14022132161582057
DS01,mc.rf_OVERB,rf,OVERB,40,0.15041431465947885
DS01,mc.rf_OVERB,rf,OVERB,41,0.14997294263976477
DS01,mc.rf_OVERB,rf,OVERB,42,0.14144355946410392
DS01,mc.rf_OVERB,rf,OVERB,43,0.14219630474224554
DS01,mc.rf_OVERB,rf,OVERB,44,0.14783747558267002
DS01,mc.rf_OVERB,rf,OVERB,45,0.1601798815318701
DS01,mc.rf_OVERB,rf,OVERB,46,0.16796815108783236
DS01,mc.rf_OVERB,rf,OVERB,47,0.18225485406435699
DS01,mc.rf_OVERB,rf,OVERB,48,0.14022780179610977
DS01,mc.rf_OVERB,rf,OVERB,49,0.14775712480593525
DS01,mc.rf_OVERB,rf,OVERB,50,0.1382666200348629
DS01,mc.rf_OVERTPhi,rf,OVERTPhi,1,0.6078084888759128
DS01,mc.rf_OVERTPhi,rf,OVERTPhi,2,0.5928958786660908
DS01,mc.rf_OVERTPhi,rf,OVERTPhi,3,0.5402614651664199
DS01,mc.rf_OVERTPhi,rf,OVERTPhi,4,0.5109481269978295
DS01,mc.rf_OVERTPhi,rf,OVERTPhi,5,0.45780847584707807
DS01,mc.rf_OVERTPhi,rf,OVERTPhi,6,0.4765875951124847
DS01,mc.rf_OVERTPhi,rf,OVERTPhi,7,0.41609957076109705
DS01,mc.rf_OVERTPhi,rf,OVERTPhi,8,0.45099808686851106
DS01,mc.rf_OVERTPhi,rf,OVERTPhi,9,0.3918218138437984
DS01,mc.rf_OVERTPhi,rf,OVERTPhi,10,0.43112692830210025
DS01,mc.rf_OVERTPhi,rf,OVERTPhi,11,0.3867118885731412
DS01,mc.rf_OVERTPhi,rf,OVERTPhi,12,0.387714938657909
DS01,mc.rf_OVERTPhi,rf,OVERTPhi,13,0.37060585940640767
DS01,mc.rf_OVERTPhi,rf,OVERTPhi,14,0.3553148751665056
DS01,mc.rf_OVERTPhi,rf,OVERTPhi,15,0.3252999012592332
DS01,mc.rf_OVERTPhi,rf,OVERTPhi,16,0.3044775725843439
DS01,mc.rf_OVERTPhi,rf,OVERTPhi,17,0.2878507990318903
DS01,mc.rf_OVERTPhi,rf,OVERTPhi,18,0.27000538083238224
DS01,mc.rf_OVERTPhi,rf,OVERTPhi,19,0.27712229469607513
DS01,mc.rf_OVERTPhi,rf,OVERTPhi,20,0.26761869484528056
DS01,mc.rf_OVERTPhi,rf,OVERTPhi,21,0.18121201914558407
DS01,mc.rf_OVERTPhi,rf,OVERTPhi,22,0.17608235897250754
DS01,mc.rf_OVERTPhi,rf,OVERTPhi,23,0.1700548888487186
DS01,mc.rf_OVERTPhi,rf,OVERTPhi,24,0.17756122446169484
DS01,mc.rf_OVERTPhi,rf,OVERTPhi,25,0.17550852237366676
DS01,mc.rf_OVERTPhi,rf,OVERTPhi,26,0.16810075668690622
DS01,mc.rf_OVERTPhi,rf,OVERTPhi,27,0.1705782345557909
DS01,mc.rf_OVERTPhi,rf,OVERTPhi,28,0.18778352284272115
DS01,mc.rf_OVERTPhi,rf,OVERTPhi,29,0.13480344981419112
DS01,mc.rf_OVERTPhi,rf,OVERTPhi,30,0.14711084965777882
DS01,mc.rf_OVERTPhi,rf,OVERTPhi,31,0.13124249700862287
DS01,mc.rf_OVERTPhi,rf,OVERTPhi,32,0.13971481152022033
DS01,mc.rf_OVERTPhi,rf,OVERTPhi,33,0.13477311270170939
DS01,mc.rf_OVERTPhi,rf,OVERTPhi,34,0.12094566135184048
DS01,mc.rf_OVERTPhi,rf,OVERTPhi,35,0.1329170995586873
DS01,mc.rf_OVERTPhi,rf,OVERTPhi,36,0.1257090932163243
DS01,mc.rf_OVERTPhi,rf,OVERTPhi,37,0.12466275071282773
DS01,mc.rf_OVERTPhi,rf,OVERTPhi,38,0.12304478968573342
DS01,mc.rf_OVERTPhi,rf,OVERTPhi,39,0.14581921240999776
DS01,mc.rf_OVERTPhi,rf,OVERTPhi,40,0.1300116568206423
DS01,mc.rf_OVERTPhi,rf,OVERTPhi,41,0.13844326767041532
DS01,mc.rf_OVERTPhi,rf,OVERTPhi,42,0.1382476370075271
DS01,mc.rf_OVERTPhi,rf,OVERTPhi,43,0.13957857288826664
DS01,mc.rf_OVERTPhi,rf,OVERTPhi,44,0.15662603788679483
DS01,mc.rf_OVERTPhi,rf,OVERTPhi,45,0.13823636367379225
DS01,mc.rf_OVERTPhi,rf,OVERTPhi,46,0.16259356311218057
DS01,mc.rf_OVERTPhi,rf,OVERTPhi,47,0.1649804323320403
DS01,mc.rf_OVERTPhi,rf,OVERTPhi,48,0.14613995991867282
DS01,mc.rf_OVERTPhi,rf,OVERTPhi,49,0.1544935125226473
DS01,mc.rf_OVERTPhi,rf,OVERTPhi,50,0.1254653831474127
DS01,mc.rf_OVERT,rf,OVERT,1,0.5980623424481106
DS01,mc.rf_OVERT,rf,OVERT,2,0.5886728640390858
DS01,mc.rf_OVERT,rf,OVERT,3,0.5214898142005102
DS01,mc.rf_OVERT,rf,OVERT,4,0.5123166028338262
DS01,mc.rf_OVERT,rf,OVERT,5,0.4583136204250481
DS01,mc.rf_OVERT,rf,OVERT,6,0.477562368092347
DS01,mc.rf_OVERT,rf,OVERT,7,0.4230326545293694
DS01,mc.rf_OVERT,rf,OVERT,8,0.44481678906725625
DS01,mc.rf_OVERT,rf,OVERT,9,0.3872914097979423
DS01,mc.rf_OVERT,rf,OVERT,10,0.4276327904388518
DS01,mc.rf_OVERT,rf,OVERT,11,0.3957676239796311
DS01,mc.rf_OVERT,rf,OVERT,12,0.38729091660451437
DS01,mc.rf_OVERT,rf,OVERT,13,0.3679812396249722
DS01,mc.rf_OVERT,rf,OVERT,14,0.3494565307074563
DS01,mc.rf_OVERT,rf,OVERT,15,0.3245980007550796
DS01,mc.rf_OVERT,rf,OVERT,16,0.3043654089348408
DS01,mc.rf_OVERT,rf,OVERT,17,0.2861479063902148
DS01,mc.rf_OVERT,rf,OVERT,18,0.26785813883949566
DS01,mc.rf_OVERT,rf,OVERT,19,0.27520274854651455
DS01,mc.rf_OVERT,rf,OVERT,20,0.2611578377549475
DS01,mc.rf_OVERT,rf,OVERT,21,0.17813142366667484
DS01,mc.rf_OVERT,rf,OVERT,22,0.17631921013750423
DS01,mc.rf_OVERT,rf,OVERT,23,0.1697652888857456
DS01,mc.rf_OVERT,rf,OVERT,24,0.1814254590612775
DS01,mc.rf_OVERT,rf,OVERT,25,0.18055703110006277
DS01,mc.rf_OVERT,rf,OVERT,26,0.1667823994867077
DS01,mc.rf_OVERT,rf,OVERT,27,0.16898623474819097
DS01,mc.rf_OVERT,rf,OVERT,28,0.18975828593668936
DS01,mc.rf_OVERT,rf,OVERT,29,0.1323580210922855
DS01,mc.rf_OVERT,rf,OVERT,30,0.14483506908296084
DS01,mc.rf_OVERT,rf,OVERT,31,0.12829244270505935
DS01,mc.rf_OVERT,rf,OVERT,32,0.1386916468918648
DS01,mc.rf_OVERT,rf,OVERT,33,0.1347374339082198
DS01,mc.rf_OVERT,rf,OVERT,34,0.1210301909203131
DS01,mc.rf_OVERT,rf,OVERT,35,0.13054758203350242
DS01,mc.rf_OVERT,rf,OVERT,36,0.12315983630270026
DS01,mc.rf_OVERT,rf,OVERT,37,0.1236503175249484
DS01,mc.rf_OVERT,rf,OVERT,38,0.12236599818405094
DS01,mc.rf_OVERT,rf,OVERT,39,0.14633443752282568
DS01,mc.rf_OVERT,rf,OVERT,40,0.1276848429096329
DS01,mc.rf_OVERT,rf,OVERT,41,0.1362223467529699
DS01,mc.rf_OVERT,rf,OVERT,42,0.13770888928498998
DS01,mc.rf_OVERT,rf,OVERT,43,0.14458781035648063
DS01,mc.rf_OVERT,rf,OVERT,44,0.15403939191766108
DS01,mc.rf_OVERT,rf,OVERT,45,0.139206280080205
DS01,mc.rf_OVERT,rf,OVERT,46,0.15346496711091895
DS01,mc.rf_OVERT,rf,OVERT,47,0.16894003200788393
DS01,mc.rf_OVERT,rf,OVERT,48,0.14804409574770394
DS01,mc.rf_OVERT,rf,OVERT,49,0.15351020788733682
DS01,mc.rf_OVERT,rf,OVERT,50,0.1270925651969975
DS01,mc.rf_SMOTEB,rf,SMOTEB,1,0.6257240564276244
DS01,mc.rf_SMOTEB,rf,SMOTEB,2,0.5746459132720045
DS01,mc.rf_SMOTEB,rf,SMOTEB,3,0.5430779400512283
DS01,mc.rf_SMOTEB,rf,SMOTEB,4,0.4188063911184486
DS01,mc.rf_SMOTEB,rf,SMOTEB,5,0.3898156796982809
DS01,mc.rf_SMOTEB,rf,SMOTEB,6,0.42612408586381084
DS01,mc.rf_SMOTEB,rf,SMOTEB,7,0.38403751816622295
DS01,mc.rf_SMOTEB,rf,SMOTEB,8,0.3592989246314344
DS01,mc.rf_SMOTEB,rf,SMOTEB,9,0.3460427160995134
DS01,mc.rf_SMOTEB,rf,SMOTEB,10,0.3578438635122624
DS01,mc.rf_SMOTEB,rf,SMOTEB,11,0.3786707366588099
DS01,mc.rf_SMOTEB,rf,SMOTEB,12,0.3557472930784007
DS01,mc.rf_SMOTEB,rf,SMOTEB,13,0.38438273076774
DS01,mc.rf_SMOTEB,rf,SMOTEB,14,0.3663930841743146
DS01,mc.rf_SMOTEB,rf,SMOTEB,15,0.32288025267569137
DS01,mc.rf_SMOTEB,rf,SMOTEB,16,0.31944213070651784
DS01,mc.rf_SMOTEB,rf,SMOTEB,17,0.29872265885120436
DS01,mc.rf_SMOTEB,rf,SMOTEB,18,0.28837393392827326
DS01,mc.rf_SMOTEB,rf,SMOTEB,19,0.2852550072724483
DS01,mc.rf_SMOTEB,rf,SMOTEB,20,0.26918276221311416
DS01,mc.rf_SMOTEB,rf,SMOTEB,21,0.17070319545768275
DS01,mc.rf_SMOTEB,rf,SMOTEB,22,0.1750521259970318
DS01,mc.rf_SMOTEB,rf,SMOTEB,23,0.16348297980432297
DS01,mc.rf_SMOTEB,rf,SMOTEB,24,0.18987369554250344
DS01,mc.rf_SMOTEB,rf,SMOTEB,25,0.1754577369416422
DS01,mc.rf_SMOTEB,rf,SMOTEB,26,0.191402401340814
DS01,mc.rf_SMOTEB,rf,SMOTEB,27,0.19340245073567325
DS01,mc.rf_SMOTEB,rf,SMOTEB,28,0.1831620018674588
DS01,mc.rf_SMOTEB,rf,SMOTEB,29,0.13149706149262202
DS01,mc.rf_SMOTEB,rf,SMOTEB,30,0.15154296980069745
DS01,mc.rf_SMOTEB,rf,SMOTEB,31,0.1345385901762141
DS01,mc.rf_SMOTEB,rf,SMOTEB,32,0.15503762355585177
DS01,mc.rf_SMOTEB,rf,SMOTEB,33,0.16123482981757295
DS01,mc.rf_SMOTEB,rf,SMOTEB,34,0.15991564283174975
DS01,mc.rf_SMOTEB,rf,SMOTEB,35,0.1775366969392146
DS01,mc.rf_SMOTEB,rf,SMOTEB,36,0.1520770912160385
DS01,mc.rf_SMOTEB,rf,SMOTEB,37,0.17084149554750772
DS01,mc.rf_SMOTEB,rf,SMOTEB,38,0.14869872854018246
DS01,mc.rf_SMOTEB,rf,SMOTEB,39,0.15085230351800125
DS01,mc.rf_SMOTEB,rf,SMOTEB,40,0.1341205001676909
DS01,mc.rf_SMOTEB,rf,SMOTEB,41,0.14135194552821298
DS01,mc.rf_SMOTEB,rf,SMOTEB,42,0.14697882174267085
DS01,mc.rf_SMOTEB,rf,SMOTEB,43,0.16226869742135766
DS01,mc.rf_SMOTEB,rf,SMOTEB,44,0.14563738400873244
DS01,mc.rf_SMOTEB,rf,SMOTEB,45,0.1886903279366765
DS01,mc.rf_SMOTEB,rf,SMOTEB,46,0.1632867550248288
DS01,mc.rf_SMOTEB,rf,SMOTEB,47,0.15722801339509418
DS01,mc.rf_SMOTEB,rf,SMOTEB,48,0.16031114495510113
DS01,mc.rf_SMOTEB,rf,SMOTEB,49,0.13907527906951764
DS01,mc.rf_SMOTEB,rf,SMOTEB,50,0.12556212074279477
DS01,mc.rf_SMOTETPhi,rf,SMOTETPhi,1,0.5872050445657976
DS01,mc.rf_SMOTETPhi,rf,SMOTETPhi,2,0.5693049087039791
DS01,mc.rf_SMOTETPhi,rf,SMOTETPhi,3,0.4493011135642938
DS01,mc.rf_SMOTETPhi,rf,SMOTETPhi,4,0.4831103441542913
DS01,mc.rf_SMOTETPhi,rf,SMOTETPhi,5,0.45493849260202185
DS01,mc.rf_SMOTETPhi,rf,SMOTETPhi,6,0.3917109271663352
DS01,mc.rf_SMOTETPhi,rf,SMOTETPhi,7,0.42290232253729926
DS01,mc.rf_SMOTETPhi,rf,SMOTETPhi,8,0.39854314478391833
DS01,mc.rf_SMOTETPhi,rf,SMOTETPhi,9,0.40738764609200134
DS01,mc.rf_SMOTETPhi,rf,SMOTETPhi,10,0.455460831947923
DS01,mc.rf_SMOTETPhi,rf,SMOTETPhi,11,0.3931153619333876
DS01,mc.rf_SMOTETPhi,rf,SMOTETPhi,12,0.36878701942614023
DS01,mc.rf_SMOTETPhi,rf,SMOTETPhi,13,0.3618973526122557
DS01,mc.rf_SMOTETPhi,rf,SMOTETPhi,14,0.3306310775401275
DS01,mc.rf_SMOTETPhi,rf,SMOTETPhi,15,0.32712129295360237
DS01,mc.rf_SMOTETPhi,rf,SMOTETPhi,16,0.2974133508077325
DS01,mc.rf_SMOTETPhi,rf,SMOTETPhi,17,0.2524439859364183
DS01,mc.rf_SMOTETPhi,rf,SMOTETPhi,18,0.2513750367200757
DS01,mc.rf_SMOTETPhi,rf,SMOTETPhi,19,0.24620772028057888
DS01,mc.rf_SMOTETPhi,rf,SMOTETPhi,20,0.2900422810871516
DS01,mc.rf_SMOTETPhi,rf,SMOTETPhi,21,0.18759759754662353
DS01,mc.rf_SMOTETPhi,rf,SMOTETPhi,22,0.15801012569257
DS01,mc.rf_SMOTETPhi,rf,SMOTETPhi,23,0.17522271249094273
DS01,mc.rf_SMOTETPhi,rf,SMOTETPhi,24,0.2060758472525423
DS01,mc.rf_SMOTETPhi,rf,SMOTETPhi,25,0.18564600469430997
DS01,mc.rf_SMOTETPhi,rf,SMOTETPhi,26,0.22186175601682906
DS01,mc.rf_SMOTETPhi,rf,SMOTETPhi,27,0.21333362710427184
DS01,mc.rf_SMOTETPhi,rf,SMOTETPhi,28,0.23315859342391443
DS01,mc.rf_SMOTETPhi,rf,SMOTETPhi,29,0.12026907920823883
DS01,mc.rf_SMOTETPhi,rf,SMOTETPhi,30,0.1359891383946725
DS01,mc.rf_SMOTETPhi,rf,SMOTETPhi,31,0.13413537484560042
DS01,mc.rf_SMOTETPhi,rf,SMOTETPhi,32,0.13106314452204285
DS01,mc.rf_SMOTETPhi,rf,SMOTETPhi,33,0.15806595511277613
DS01,mc.rf_SMOTETPhi,rf,SMOTETPhi,34,0.21205090908776203
DS01,mc.rf_SMOTETPhi,rf,SMOTETPhi,35,0.1984082542948748
DS01,mc.rf_SMOTETPhi,rf,SMOTETPhi,36,0.16813937602037765
DS01,mc.rf_SMOTETPhi,rf,SMOTETPhi,37,0.16082440043208457
DS01,mc.rf_SMOTETPhi,rf,SMOTETPhi,38,0.19078917290280017
DS01,mc.rf_SMOTETPhi,rf,SMOTETPhi,39,0.19659497336100656
DS01,mc.rf_SMOTETPhi,rf,SMOTETPhi,40,0.17221362267628276
DS01,mc.rf_SMOTETPhi,rf,SMOTETPhi,41,0.16926133660685572
DS01,mc.rf_SMOTETPhi,rf,SMOTETPhi,42,0.18299886117773867
DS01,mc.rf_SMOTETPhi,rf,SMOTETPhi,43,0.21712375740353912
DS01,mc.rf_SMOTETPhi,rf,SMOTETPhi,44,0.16862584204520042
DS01,mc.rf_SMOTETPhi,rf,SMOTETPhi,45,0.1629964476580705
DS01,mc.rf_SMOTETPhi,rf,SMOTETPhi,46,0.24881846916849515
DS01,mc.rf_SMOTETPhi,rf,SMOTETPhi,47,0.22452010550964435
DS01,mc.rf_SMOTETPhi,rf,SMOTETPhi,48,0.17010924835962202
DS01,mc.rf_SMOTETPhi,rf,SMOTETPhi,49,0.15703068131366607
DS01,mc.rf_SMOTETPhi,rf,SMOTETPhi,50,0.12996258333974886
DS01,mc.rf_SMOTET,rf,SMOTET,1,0.5983407519701438
DS01,mc.rf_SMOTET,rf,SMOTET,2,0.6011722248505068
DS01,mc.rf_SMOTET,rf,SMOTET,3,0.46673465531186975
DS01,mc.rf_SMOTET,rf,SMOTET,4,0.4621284427643437
DS01,mc.rf_SMOTET,rf,SMOTET,5,0.4543381847133864
DS01,mc.rf_SMOTET,rf,SMOTET,6,0.4077974963031528
DS01,mc.rf_SMOTET,rf,SMOTET,7,0.4036646285649739
DS01,mc.rf_SMOTET,rf,SMOTET,8,0.36579060764613647
DS01,mc.rf_SMOTET,rf,SMOTET,9,0.4028994152891735
DS01,mc.rf_SMOTET,rf,SMOTET,10,0.42800085973140667
DS01,mc.rf_SMOTET,rf,SMOTET,11,0.38043955257550477
DS01,mc.rf_SMOTET,rf,SMOTET,12,0.3782335578343873
DS01,mc.rf_SMOTET,rf,SMOTET,13,0.3345214139878054
DS01,mc.rf_SMOTET,rf,SMOTET,14,0.318364038935574
DS01,mc.rf_SMOTET,rf,SMOTET,15,0.312629969163941
DS01,mc.rf_SMOTET,rf,SMOTET,16,0.2981343362861249
DS01,mc.rf_SMOTET,rf,SMOTET,17,0.26062488232194975
DS01,mc.rf_SMOTET,rf,SMOTET,18,0.24711918565937765
DS01,mc.rf_SMOTET,rf,SMOTET,19,0.25213653479561937
DS01,mc.rf_SMOTET,rf,SMOTET,20,0.2693623812090112
DS01,mc.rf_SMOTET,rf,SMOTET,21,0.18425169485446208
DS01,mc.rf_SMOTET,rf,SMOTET,22,0.15809750880938672
DS01,mc.rf_SMOTET,rf,SMOTET,23,0.16215067454669252
DS01,mc.rf_SMOTET,rf,SMOTET,24,0.17842342927495614
DS01,mc.rf_SMOTET,rf,SMOTET,25,0.16660348424389645
DS01,mc.rf_SMOTET,rf,SMOTET,26,0.18704432366842177
DS01,mc.rf_SMOTET,rf,SMOTET,27,0.16401566683294402
DS01,mc.rf_SMOTET,rf,SMOTET,28,0.21050388420671678
DS01,mc.rf_SMOTET,rf,SMOTET,29,0.12950156298985124
DS01,mc.rf_SMOTET,rf,SMOTET,30,0.1315310942212915
DS01,mc.rf_SMOTET,rf,SMOTET,31,0.1292121968344586
DS01,mc.rf_SMOTET,rf,SMOTET,32,0.13054652398286407
DS01,mc.rf_SMOTET,rf,SMOTET,33,0.1641128586115136
DS01,mc.rf_SMOTET,rf,SMOTET,34,0.17175489119303472
DS01,mc.rf_SMOTET,rf,SMOTET,35,0.1820405527533372
DS01,mc.rf_SMOTET,rf,SMOTET,36,0.1448964307300991
DS01,mc.rf_SMOTET,rf,SMOTET,37,0.13757450854290676
DS01,mc.rf_SMOTET,rf,SMOTET,38,0.1522965548126199
DS01,mc.rf_SMOTET,rf,SMOTET,39,0.17297317638058468
DS01,mc.rf_SMOTET,rf,SMOTET,40,0.17893801083752148
DS01,mc.rf_SMOTET,rf,SMOTET,41,0.15900802050741536
DS01,mc.rf_SMOTET,rf,SMOTET,42,0.1678347894971327
DS01,mc.rf_SMOTET,rf,SMOTET,43,0.18052112277939067
DS01,mc.rf_SMOTET,rf,SMOTET,44,0.16696357663294734
DS01,mc.rf_SMOTET,rf,SMOTET,45,0.16589640614768097
DS01,mc.rf_SMOTET,rf,SMOTET,46,0.17340047715300072
DS01,mc.rf_SMOTET,rf,SMOTET,47,0.1799885149149802
DS01,mc.rf_SMOTET,rf,SMOTET,48,0.18220730416409486
DS01,mc.rf_SMOTET,rf,SMOTET,49,0.1749558059405169
DS01,mc.rf_SMOTET,rf,SMOTET,50,0.13797658610248892
DS01,mc.rf_UNDERB,rf,UNDERB,1,0.5429130985017032
DS01,mc.rf_UNDERB,rf,UNDERB,2,0.5749345488920374
DS01,mc.rf_UNDERB,rf,UNDERB,3,0.49508984022579283
DS01,mc.rf_UNDERB,rf,UNDERB,4,0.4396389547253312
DS01,mc.rf_UNDERB,rf,UNDERB,5,0.41251367142277195
DS01,mc.rf_UNDERB,rf,UNDERB,6,0.4203504328873033
DS01,mc.rf_UNDERB,rf,UNDERB,7,0.3746370750421293
DS01,mc.rf_UNDERB,rf,UNDERB,8,0.3438297107983809
DS01,mc.rf_UNDERB,rf,UNDERB,9,0.3767663720329689
DS01,mc.rf_UNDERB,rf,UNDERB,10,0.35824684390459843
DS01,mc.rf_UNDERB,rf,UNDERB,11,0.36050160856054064
DS01,mc.rf_UNDERB,rf,UNDERB,12,0.3761724293511102
DS01,mc.rf_UNDERB,rf,UNDERB,13,0.3780580575600716
DS01,mc.rf_UNDERB,rf,UNDERB,14,0.3195516224253346
DS01,mc.rf_UNDERB,rf,UNDERB,15,0.30289964883521237
DS01,mc.rf_UNDERB,rf,UNDERB,16,0.2938105653014971
DS01,mc.rf_UNDERB,rf,UNDERB,17,0.30396530519329873
DS01,mc.rf_UNDERB,rf,UNDERB,18,0.2900198590314274
DS01,mc.rf_UNDERB,rf,UNDERB,19,0.29411091946051093
DS01,mc.rf_UNDERB,rf,UNDERB,20,0.2887272103847657
DS01,mc.rf_UNDERB,rf,UNDERB,21,0.19682396774330146
DS01,mc.rf_UNDERB,rf,UNDERB,22,0.18019746391442454
DS01,mc.rf_UNDERB,rf,UNDERB,23,0.17049128513475098
DS01,mc.rf_UNDERB,rf,UNDERB,24,0.18521326950361072
DS01,mc.rf_UNDERB,rf,UNDERB,25,0.19400341408097282
DS01,mc.rf_UNDERB,rf,UNDERB,26,0.18744575248659245
DS01,mc.rf_UNDERB,rf,UNDERB,27,0.1660763734303894
DS01,mc.rf_UNDERB,rf,UNDERB,28,0.1835096246627017
DS01,mc.rf_UNDERB,rf,UNDERB,29,0.13052788761061276
DS01,mc.rf_UNDERB,rf,UNDERB,30,0.145508971455508
DS01,mc.rf_UNDERB,rf,UNDERB,31,0.1294057296914543
DS01,mc.rf_UNDERB,rf,UNDERB,32,0.12766658571485978
DS01,mc.rf_UNDERB,rf,UNDERB,33,0.14192515220126184
DS01,mc.rf_UNDERB,rf,UNDERB,34,0.13399940660612142
DS01,mc.rf_UNDERB,rf,UNDERB,35,0.11808716742877823
DS01,mc.rf_UNDERB,rf,UNDERB,36,0.11351295371956979
DS01,mc.rf_UNDERB,rf,UNDERB,37,0.12583087838685728
DS01,mc.rf_UNDERB,rf,UNDERB,38,0.13041587661797177
DS01,mc.rf_UNDERB,rf,UNDERB,39,0.1379145248579367
DS01,mc.rf_UNDERB,rf,UNDERB,40,0.14576255863813523
DS01,mc.rf_UNDERB,rf,UNDERB,41,0.15206154643674244
DS01,mc.rf_UNDERB,rf,UNDERB,42,0.1361745116470511
DS01,mc.rf_UNDERB,rf,UNDERB,43,0.14596025111243266
DS01,mc.rf_UNDERB,rf,UNDERB,44,0.14562996686736324
DS01,mc.rf_UNDERB,rf,UNDERB,45,0.14909401209847978
DS01,mc.rf_UNDERB,rf,UNDERB,46,0.1365800558369304
DS01,mc.rf_UNDERB,rf,UNDERB,47,0.16852686678370615
DS01,mc.rf_UNDERB,rf,UNDERB,48,0.14430415635924274
DS01,mc.rf_UNDERB,rf,UNDERB,49,0.15116573134351868
DS01,mc.rf_UNDERB,rf,UNDERB,50,0.11762517189811875
DS01,mc.rf_UNDERTPhi,rf,UNDERTPhi,1,0.5323852837089372
DS01,mc.rf_UNDERTPhi,rf,UNDERTPhi,2,0.5330432613564777
DS01,mc.rf_UNDERTPhi,rf,UNDERTPhi,3,0.4939925750495237
DS01,mc.rf_UNDERTPhi,rf,UNDERTPhi,4,0.4112425173625248
DS01,mc.rf_UNDERTPhi,rf,UNDERTPhi,5,0.3873786800801995
DS01,mc.rf_UNDERTPhi,rf,UNDERTPhi,6,0.38230307065601815
DS01,mc.rf_UNDERTPhi,rf,UNDERTPhi,7,0.34625559457207417
DS01,mc.rf_UNDERTPhi,rf,UNDERTPhi,8,0.3539627208696743
DS01,mc.rf_UNDERTPhi,rf,UNDERTPhi,9,0.3778451035361367
DS01,mc.rf_UNDERTPhi,rf,UNDERTPhi,10,0.3465812925227942
DS01,mc.rf_UNDERTPhi,rf,UNDERTPhi,11,0.37367703927169044
DS01,mc.rf_UNDERTPhi,rf,UNDERTPhi,12,0.3463246188927319
DS01,mc.rf_UNDERTPhi,rf,UNDERTPhi,13,0.3456202252642174
DS01,mc.rf_UNDERTPhi,rf,UNDERTPhi,14,0.32027225841892476
DS01,mc.rf_UNDERTPhi,rf,UNDERTPhi,15,0.29802097985578896
DS01,mc.rf_UNDERTPhi,rf,UNDERTPhi,16,0.27343348817575946
DS01,mc.rf_UNDERTPhi,rf,UNDERTPhi,17,0.28231620230595983
DS01,mc.rf_UNDERTPhi,rf,UNDERTPhi,18,0.2859738628915132
DS01,mc.rf_UNDERTPhi,rf,UNDERTPhi,19,0.3126490289871398
DS01,mc.rf_UNDERTPhi,rf,UNDERTPhi,20,0.25341541614300533
DS01,mc.rf_UNDERTPhi,rf,UNDERTPhi,21,0.17389444556287864
DS01,mc.rf_UNDERTPhi,rf,UNDERTPhi,22,0.16904996494288868
DS01,mc.rf_UNDERTPhi,rf,UNDERTPhi,23,0.16949567700702375
DS01,mc.rf_UNDERTPhi,rf,UNDERTPhi,24,0.18621181668737663
DS01,mc.rf_UNDERTPhi,rf,UNDERTPhi,25,0.184035904407639
DS01,mc.rf_UNDERTPhi,rf,UNDERTPhi,26,0.15942295945679633
DS01,mc.rf_UNDERTPhi,rf,UNDERTPhi,27,0.15633935582023084
DS01,mc.rf_UNDERTPhi,rf,UNDERTPhi,28,0.17346211817824397
DS01,mc.rf_UNDERTPhi,rf,UNDERTPhi,29,0.14439533974928326
DS01,mc.rf_UNDERTPhi,rf,UNDERTPhi,30,0.16097688964827103
DS01,mc.rf_UNDERTPhi,rf,UNDERTPhi,31,0.1339381191574385
DS01,mc.rf_UNDERTPhi,rf,UNDERTPhi,32,0.13141745184280731
DS01,mc.rf_UNDERTPhi,rf,UNDERTPhi,33,0.13498187057994165
DS01,mc.rf_UNDERTPhi,rf,UNDERTPhi,34,0.12718804830871266
DS01,mc.rf_UNDERTPhi,rf,UNDERTPhi,35,0.12394649749664208
DS01,mc.rf_UNDERTPhi,rf,UNDERTPhi,36,0.11951656798496711
DS01,mc.rf_UNDERTPhi,rf,UNDERTPhi,37,0.12222912901214002
DS01,mc.rf_UNDERTPhi,rf,UNDERTPhi,38,0.14605456008994486
DS01,mc.rf_UNDERTPhi,rf,UNDERTPhi,39,0.1314972619155276
DS01,mc.rf_UNDERTPhi,rf,UNDERTPhi,40,0.127904363708723
DS01,mc.rf_UNDERTPhi,rf,UNDERTPhi,41,0.1250357453174765
DS01,mc.rf_UNDERTPhi,rf,UNDERTPhi,42,0.13706204793694898
DS01,mc.rf_UNDERTPhi,rf,UNDERTPhi,43,0.12867155091305757
DS01,mc.rf_UNDERTPhi,rf,UNDERTPhi,44,0.14572804459614686
DS01,mc.rf_UNDERTPhi,rf,UNDERTPhi,45,0.13711396955633337
DS01,mc.rf_UNDERTPhi,rf,UNDERTPhi,46,0.14841089797831886
DS01,mc.rf_UNDERTPhi,rf,UNDERTPhi,47,0.15343722299775833
DS01,mc.rf_UNDERTPhi,rf,UNDERTPhi,48,0.13087280675841448
DS01,mc.rf_UNDERTPhi,rf,UNDERTPhi,49,0.1368514924484879
DS01,mc.rf_UNDERTPhi,rf,UNDERTPhi,50,0.1411783034027131
DS01,mc.rf_UNDERT,rf,UNDERT,1,0.5815354550030248
DS01,mc.rf_UNDERT,rf,UNDERT,2,0.6259991086808766
DS01,mc.rf_UNDERT,rf,UNDERT,3,0.49884522542232107
DS01,mc.rf_UNDERT,rf,UNDERT,4,0.43626509298430277
DS01,mc.rf_UNDERT,rf,UNDERT,5,0.3850313570202836
DS01,mc.rf_UNDERT,rf,UNDERT,6,0.41003275167987513
DS01,mc.rf_UNDERT,rf,UNDERT,7,0.3902531052237674
DS01,mc.rf_UNDERT,rf,UNDERT,8,0.35829967922393463
DS01,mc.rf_UNDERT,rf,UNDERT,9,0.3747617747874908
DS01,mc.rf_UNDERT,rf,UNDERT,10,0.3805177230495189
DS01,mc.rf_UNDERT,rf,UNDERT,11,0.3941090369722267
DS01,mc.rf_UNDERT,rf,UNDERT,12,0.37036398443513396
DS01,mc.rf_UNDERT,rf,UNDERT,13,0.3770883075749358
DS01,mc.rf_UNDERT,rf,UNDERT,14,0.3431588483090027
DS01,mc.rf_UNDERT,rf,UNDERT,15,0.30611220553577567
DS01,mc.rf_UNDERT,rf,UNDERT,16,0.27404628737431747
DS01,mc.rf_UNDERT,rf,UNDERT,17,0.2909160267646499
DS01,mc.rf_UNDERT,rf,UNDERT,18,0.2847660882418404
DS01,mc.rf_UNDERT,rf,UNDERT,19,0.2595902512176469
DS01,mc.rf_UNDERT,rf,UNDERT,20,0.2790344754276008
DS01,mc.rf_UNDERT,rf,UNDERT,21,0.1790043318594126
DS01,mc.rf_UNDERT,rf,UNDERT,22,0.179151650406601
DS01,mc.rf_UNDERT,rf,UNDERT,23,0.18480607937139973
DS01,mc.rf_UNDERT,rf,UNDERT,24,0.18078237904315292
DS01,mc.rf_UNDERT,rf,UNDERT,25,0.1727660473235097
DS01,mc.rf_UNDERT,rf,UNDERT,26,0.18350793486157552
DS01,mc.rf_UNDERT,rf,UNDERT,27,0.18079282056789928
DS01,mc.rf_UNDERT,rf,UNDERT,28,0.1694921701884911
DS01,mc.rf_UNDERT,rf,UNDERT,29,0.13218823771957283
DS01,mc.rf_UNDERT,rf,UNDERT,30,0.1458873524982363
DS01,mc.rf_UNDERT,rf,UNDERT,31,0.1223589448835299
DS01,mc.rf_UNDERT,rf,UNDERT,32,0.12094577734275752
DS01,mc.rf_UNDERT,rf,UNDERT,33,0.12887450555750268
DS01,mc.rf_UNDERT,rf,UNDERT,34,0.13097657048944555
DS01,mc.rf_UNDERT,rf,UNDERT,35,0.1320005809401255
DS01,mc.rf_UNDERT,rf,UNDERT,36,0.12348497601471595
DS01,mc.rf_UNDERT,rf,UNDERT,37,0.1281575938982149
DS01,mc.rf_UNDERT,rf,UNDERT,38,0.13100775386508332
DS01,mc.rf_UNDERT,rf,UNDERT,39,0.13401558577991918
DS01,mc.rf_UNDERT,rf,UNDERT,40,0.13678643026723786
DS01,mc.rf_UNDERT,rf,UNDERT,41,0.1272970967685323
DS01,mc.rf_UNDERT,rf,UNDERT,42,0.13907286396912538
DS01,mc.rf_UNDERT,rf,UNDERT,43,0.12997666679092995
DS01,mc.rf_UNDERT,rf,UNDERT,44,0.14352348380583665
DS01,mc.rf_UNDERT,rf,UNDERT,45,0.15335596292002407
DS01,mc.rf_UNDERT,rf,UNDERT,46,0.14603732715349196
DS01,mc.rf_UNDERT,rf,UNDERT,47,0.15774687807356327
DS01,mc.rf_UNDERT,rf,UNDERT,48,0.13730216456016708
DS01,mc.rf_UNDERT,rf,UNDERT,49,0.14338081208007955
DS01,mc.rf_UNDERT,rf,UNDERT,50,0.12668608287389288
DS01,mc.rf,rf,baseline,1,0.5686130972269369
DS01,mc.rf,rf,baseline,2,0.5384518267579393
DS01,mc.rf,rf,baseline,3,0.4869204999934567
DS01,mc.rf,rf,baseline,4,0.44026602484526706
DS01,mc.rf,rf,baseline,5,0.3991537830977285
DS01,mc.rf,rf,baseline,6,0.3983672337056128
DS01,mc.rf,rf,baseline,7,0.3664229398969607
DS01,mc.rf,rf,baseline,8,0.3636282257425888
DS01,mc.rf,rf,baseline,9,0.36725500893348983
DS01,mc.rf,rf,baseline,10,0.3648027227836438
DS01,mc.rf,rf,baseline,11,0.35695543764820953
DS01,mc.rf,rf,baseline,12,0.352887334690636
DS01,mc.rf,rf,baseline,13,0.35237735011995686
DS01,mc.rf,rf,baseline,14,0.32701302079784633
DS01,mc.rf,rf,baseline,15,0.30133187355195906
DS01,mc.rf,rf,baseline,16,0.2724854235280247
DS01,mc.rf,rf,baseline,17,0.26122281155818916
DS01,mc.rf,rf,baseline,18,0.254139920030566
DS01,mc.rf,rf,baseline,19,0.24857173689080653
DS01,mc.rf,rf,baseline,20,0.24450427490623072
DS01,mc.rf,rf,baseline,21,0.17251328684156775
DS01,mc.rf,rf,baseline,22,0.1752307145918161
DS01,mc.rf,rf,baseline,23,0.1696372806831975
DS01,mc.rf,rf,baseline,24,0.17434252244657067
DS01,mc.rf,rf,baseline,25,0.1768932366232422
DS01,mc.rf,rf,baseline,26,0.16707948147639878
DS01,mc.rf,rf,baseline,27,0.1682829459218962
DS01,mc.rf,rf,baseline,28,0.18662638369160356
DS01,mc.rf,rf,baseline,29,0.14068375112302145
DS01,mc.rf,rf,baseline,30,0.14080699167465605
DS01,mc.rf,rf,baseline,31,0.13688933342730636
DS01,mc.rf,rf,baseline,32,0.1382576647660282
DS01,mc.rf,rf,baseline,33,0.13894306211522361
DS01,mc.rf,rf,baseline,34,0.1316717644724396
DS01,mc.rf,rf,baseline,35,0.1360741318343044
DS01,mc.rf,rf,baseline,36,0.13160974493904753
DS01,mc.rf,rf,baseline,37,0.1330261339175329
DS01,mc.rf,rf,baseline,38,0.13415744293423332
DS01,mc.rf,rf,baseline,39,0.14366592555938223
DS01,mc.rf,rf,baseline,40,0.14169544342725635
DS01,mc.rf,rf,baseline,41,0.14131618542416646
DS01,mc.rf,rf,baseline,42,0.14025868562760796
DS01,mc.rf,rf,baseline,43,0.1461264767271771
DS01,mc.rf,rf,baseline,44,0.15034001272937325
DS01,mc.rf,rf,baseline,45,0.15106864813692253
DS01,mc.rf,rf,baseline,46,0.1593888261852289
DS01,mc.rf,rf,baseline,47,0.1839731409571575
DS01,mc.rf,rf,baseline,48,0.15876304717630504
DS01,mc.rf,rf,baseline,49,0.15554909970877095
DS01,mc.rf,rf,baseline,50,0.14074614979244976
DS01,mc.rpart_OVERB,rpart,OVERB,1,0.5613567817549662
DS01,mc.rpart_OVERB,rpart,OVERB,2,0.6680294139007839
DS01,mc.rpart_OVERB,rpart,OVERB,3,0.7568309397297593
DS01,mc.rpart_OVERB,rpart,OVERB,4,0.6107298500796055
DS01,mc.rpart_OVERB,rpart,OVERB,5,0.5303091682818966
DS01,mc.rpart_OVERB,rpart,OVERB,6,0.6189466792558027
DS01,mc.rpart_OVERB,rpart,OVERB,7,0.5087815983352643
DS01,mc.rpart_OVERB,rpart,OVERB,8,0.5307119304728439
DS01,mc.rpart_OVERB,rpart,OVERB,9,0.5614119898261337
DS01,mc.rpart_OVERB,rpart,OVERB,10,0.5838720200875137
DS01,mc.rpart_OVERB,rpart,OVERB,11,0.5263203434565535
DS01,mc.rpart_OVERB,rpart,OVERB,12,0.5195517978896748
DS01,mc.rpart_OVERB,rpart,OVERB,13,0.4365331318447177
DS01,mc.rpart_OVERB,rpart,OVERB,14,0.4644759017754233
DS01,mc.rpart_OVERB,rpart,OVERB,15,0.3435460883472456
DS01,mc.rpart_OVERB,rpart,OVERB,16,0.41152787625179416
DS01,mc.rpart_OVERB,rpart,OVERB,17,0.36444467177694945
DS01,mc.rpart_OVERB,rpart,OVERB,18,0.30324593467470884
DS01,mc.rpart_OVERB,rpart,OVERB,19,0.4193295039821019
DS01,mc.rpart_OVERB,rpart,OVERB,20,0.3177160578986196
DS01,mc.rpart_OVERB,rpart,OVERB,21,0.21412938958703986
DS01,mc.rpart_OVERB,rpart,OVERB,22,0.20554694208350327
DS01,mc.rpart_OVERB,rpart,OVERB,23,0.18843849163416046
DS01,mc.rpart_OVERB,rpart,OVERB,24,0.2823048543273792
DS01,mc.rpart_OVERB,rpart,OVERB,25,0.26163574412821644
DS01,mc.rpart_OVERB,rpart,OVERB,26,0.21888182114975857
DS01,mc.rpart_OVERB,rpart,OVERB,27,0.19073530775882597
DS01,mc.rpart_OVERB,rpart,OVERB,28,0.2210758075084869
DS01,mc.rpart_OVERB,rpart,OVERB,29,0.24217114612176077
DS01,mc.rpart_OVERB,rpart,OVERB,30,0.19337379991038842
DS01,mc.rpart_OVERB,rpart,OVERB,31,0.13245561620663251
DS01,mc.rpart_OVERB,rpart,OVERB,32,0.17350602197435536
DS01,mc.rpart_OVERB,rpart,OVERB,33,0.19589330190738305
DS01,mc.rpart_OVERB,rpart,OVERB,34,0.18285216559574435
DS01,mc.rpart_OVERB,rpart,OVERB,35,0.1861776386390106
DS01,mc.rpart_OVERB,rpart,OVERB,36,0.17940848936150583
DS01,mc.rpart_OVERB,rpart,OVERB,37,0.17181367893963886
DS01,mc.rpart_OVERB,rpart,OVERB,38,0.1753716878355482
DS01,mc.rpart_OVERB,rpart,OVERB,39,0.10945297163428584
DS01,mc.rpart_OVERB,rpart,OVERB,40,0.19482493081244057
DS01,mc.rpart_OVERB,rpart,OVERB,41,0.21162982541728687
DS01,mc.rpart_OVERB,rpart,OVERB,42,0.13754002999971152
DS01,mc.rpart_OVERB,rpart,OVERB,43,0.15173470802707656
DS01,mc.rpart_OVERB,rpart,OVERB,44,0.1806048008326402
DS01,mc.rpart_OVERB,rpart,OVERB,45,0.24037897224064225
DS01,mc.rpart_OVERB,rpart,OVERB,46,0.2141784053424906
DS01,mc.rpart_OVERB,rpart,OVERB,47,0.3650408799393412
DS01,mc.rpart_OVERB,rpart,OVERB,48,0.14844748643370864
DS01,mc.rpart_OVERB,rpart,OVERB,49,0.23181432244265834
DS01,mc.rpart_OVERB,rpart,OVERB,50,0.1675744105656934
DS01,mc.rpart_OVERTPhi,rpart,OVERTPhi,1,0.7353609077850143
DS01,mc.rpart_OVERTPhi,rpart,OVERTPhi,2,0.7541718400244184
DS01,mc.rpart_OVERTPhi,rpart,OVERTPhi,3,0.6041852916580408
DS01,mc.rpart_OVERTPhi,rpart,OVERTPhi,4,0.5441885370249837
DS01,mc.rpart_OVERTPhi,rpart,OVERTPhi,5,0.6100257853818968
DS01,mc.rpart_OVERTPhi,rpart,OVERTPhi,6,0.5783136831316443
DS01,mc.rpart_OVERTPhi,rpart,OVERTPhi,7,0.542911833118169
DS01,mc.rpart_OVERTPhi,rpart,OVERTPhi,8,0.6275399967480948
DS01,mc.rpart_OVERTPhi,rpart,OVERTPhi,9,0.3886156823174378
DS01,mc.rpart_OVERTPhi,rpart,OVERTPhi,10,0.6952055903059762
DS01,mc.rpart_OVERTPhi,rpart,OVERTPhi,11,0.45890321916160665
DS01,mc.rpart_OVERTPhi,rpart,OVERTPhi,12,0.5156764963498547
DS01,mc.rpart_OVERTPhi,rpart,OVERTPhi,13,0.48389048077080815
DS01,mc.rpart_OVERTPhi,rpart,OVERTPhi,14,0.5102782311504942
DS01,mc.rpart_OVERTPhi,rpart,OVERTPhi,15,0.44195871849823865
DS01,mc.rpart_OVERTPhi,rpart,OVERTPhi,16,0.5015092994551739
DS01,mc.rpart_OVERTPhi,rpart,OVERTPhi,17,0.388027323291715
DS01,mc.rpart_OVERTPhi,rpart,OVERTPhi,18,0.40559143512342266
DS01,mc.rpart_OVERTPhi,rpart,OVERTPhi,19,0.3824323551868195
DS01,mc.rpart_OVERTPhi,rpart,OVERTPhi,20,0.35707857647977764
DS01,mc.rpart_OVERTPhi,rpart,OVERTPhi,21,0.2181101207688635
DS01,mc.rpart_OVERTPhi,rpart,OVERTPhi,22,0.22546067566649972
DS01,mc.rpart_OVERTPhi,rpart,OVERTPhi,23,0.22983843354144706
DS01,mc.rpart_OVERTPhi,rpart,OVERTPhi,24,0.20290106882350356
DS01,mc.rpart_OVERTPhi,rpart,OVERTPhi,25,0.20417134534167813
DS01,mc.rpart_OVERTPhi,rpart,OVERTPhi,26,0.18007222598178146
DS01,mc.rpart_OVERTPhi,rpart,OVERTPhi,27,0.2772195613589113
DS01,mc.rpart_OVERTPhi,rpart,OVERTPhi,28,0.25138605462413977
DS01,mc.rpart_OVERTPhi,rpart,OVERTPhi,29,0.18178143070010755
DS01,mc.rpart_OVERTPhi,rpart,OVERTPhi,30,0.22234522230325937
DS01,mc.rpart_OVERTPhi,rpart,OVERTPhi,31,0.17912649265862363
DS01,mc.rpart_OVERTPhi,rpart,OVERTPhi,32,0.16511926097993324
DS01,mc.rpart_OVERTPhi,rpart,OVERTPhi,33,0.16180784964266787
DS01,mc.rpart_OVERTPhi,rpart,OVERTPhi,34,0.21274096261520076
DS01,mc.rpart_OVERTPhi,rpart,OVERTPhi,35,0.18146900215759815
DS01,mc.rpart_OVERTPhi,rpart,OVERTPhi,36,0.15378984289368647
DS01,mc.rpart_OVERTPhi,rpart,OVERTPhi,37,0.12307897337242703
DS01,mc.rpart_OVERTPhi,rpart,OVERTPhi,38,0.13066916918844274
DS01,mc.rpart_OVERTPhi,rpart,OVERTPhi,39,0.16894369595470884
DS01,mc.rpart_OVERTPhi,rpart,OVERTPhi,40,0.16825652337639607
DS01,mc.rpart_OVERTPhi,rpart,OVERTPhi,41,0.15146513706947465
DS01,mc.rpart_OVERTPhi,rpart,OVERTPhi,42,0.13190746306521062
DS01,mc.rpart_OVERTPhi,rpart,OVERTPhi,43,0.16319845919077297
DS01,mc.rpart_OVERTPhi,rpart,OVERTPhi,44,0.2094208023428245
DS01,mc.rpart_OVERTPhi,rpart,OVERTPhi,45,0.17909713530408752
DS01,mc.rpart_OVERTPhi,rpart,OVERTPhi,46,0.3083754114695775
DS01,mc.rpart_OVERTPhi,rpart,OVERTPhi,47,0.238497584792975
DS01,mc.rpart_OVERTPhi,rpart,OVERTPhi,48,0.1333532209964124
DS01,mc.rpart_OVERTPhi,rpart,OVERTPhi,49,0.19036710248780447
DS01,mc.rpart_OVERTPhi,rpart,OVERTPhi,50,0.1882931446116688
DS01,mc.rpart_OVERT,rpart,OVERT,1,0.7333154641136962
DS01,mc.rpart_OVERT,rpart,OVERT,2,0.772538845853397
DS01,mc.rpart_OVERT,rpart,OVERT,3,0.6531513304163776
DS01,mc.rpart_OVERT,rpart,OVERT,4,0.7011153867351299
DS01,mc.rpart_OVERT,rpart,OVERT,5,0.608199810218987
DS01,mc.rpart_OVERT,rpart,OVERT,6,0.5779134824844472
DS01,mc.rpart_OVERT,rpart,OVERT,7,0.6533994261203927
DS01,mc.rpart_OVERT,rpart,OVERT,8,0.599842793403739
DS01,mc.rpart_OVERT,rpart,OVERT,9,0.3936226372950198
DS01,mc.rpart_OVERT,rpart,OVERT,10,0.5106051641179055
DS01,mc.rpart_OVERT,rpart,OVERT,11,0.4675349805431329
DS01,mc.rpart_OVERT,rpart,OVERT,12,0.5452865279067999
DS01,mc.rpart_OVERT,rpart,OVERT,13,0.48344790954173783
DS01,mc.rpart_OVERT,rpart,OVERT,14,0.5520127116578867
DS01,mc.rpart_OVERT,rpart,OVERT,15,0.5405058497415179
DS01,mc.rpart_OVERT,rpart,OVERT,16,0.4814351695185166
DS01,mc.rpart_OVERT,rpart,OVERT,17,0.40515319937151706
DS01,mc.rpart_OVERT,rpart,OVERT,18,0.39146550452697
DS01,mc.rpart_OVERT,rpart,OVERT,19,0.3208016895457217
DS01,mc.rpart_OVERT,rpart,OVERT,20,0.38592228458008576
DS01,mc.rpart_OVERT,rpart,OVERT,21,0.21985148214489555
DS01,mc.rpart_OVERT,rpart,OVERT,22,0.22363866379636915
DS01,mc.rpart_OVERT,rpart,OVERT,23,0.2501684322056337
DS01,mc.rpart_OVERT,rpart,OVERT,24,0.21952333726513507
DS01,mc.rpart_OVERT,rpart,OVERT,25,0.19966612198411482
DS01,mc.rpart_OVERT,rpart,OVERT,26,0.21458397956545042
DS01,mc.rpart_OVERT,rpart,OVERT,27,0.3058611732649067
DS01,mc.rpart_OVERT,rpart,OVERT,28,0.2512590439978403
DS01,mc.rpart_OVERT,rpart,OVERT,29,0.20579083691747496
DS01,mc.rpart_OVERT,rpart,OVERT,30,0.17771205797067396
DS01,mc.rpart_OVERT,rpart,OVERT,31,0.187705978621264
DS01,mc.rpart_OVERT,rpart,OVERT,32,0.1648951203835497
DS01,mc.rpart_OVERT,rpart,OVERT,33,0.1487356048706301
DS01,mc.rpart_OVERT,rpart,OVERT,34,0.22486501643194223
DS01,mc.rpart_OVERT,rpart,OVERT,35,0.18652073766146357
DS01,mc.rpart_OVERT,rpart,OVERT,36,0.17032788248085118
DS01,mc.rpart_OVERT,rpart,OVERT,37,0.1515300256537875
DS01,mc.rpart_OVERT,rpart,OVERT,38,0.12805999039424965
DS01,mc.rpart_OVERT,rpart,OVERT,39,0.16896807254964324
DS01,mc.rpart_OVERT,rpart,OVERT,40,0.15471506398415624
DS01,mc.rpart_OVERT,rpart,OVERT,41,0.15243515607824532
DS01,mc.rpart_OVERT,rpart,OVERT,42,0.21028078452578872
DS01,mc.rpart_OVERT,rpart,OVERT,43,0.163203098536929
DS01,mc.rpart_OVERT,rpart,OVERT,44,0.2094293004302507
DS01,mc.rpart_OVERT,rpart,OVERT,45,0.2280345338621673
DS01,mc.rpart_OVERT,rpart,OVERT,46,0.1987962582304978
DS01,mc.rpart_OVERT,rpart,OVERT,47,0.2369508154663697
DS01,mc.rpart_OVERT,rpart,OVERT,48,0.1392272693702548
DS01,mc.rpart_OVERT,rpart,OVERT,49,0.20002239451865164
DS01,mc.rpart_OVERT,rpart,OVERT,50,0.2075713581027826
DS01,mc.rpart_SMOTEB,rpart,SMOTEB,1,0.9150001750100523
DS01,mc.rpart_SMOTEB,rpart,SMOTEB,2,0.7060646697908621
DS01,mc.rpart_SMOTEB,rpart,SMOTEB,3,0.9345789909910102
DS01,mc.rpart_SMOTEB,rpart,SMOTEB,4,0.6166767984670097
DS01,mc.rpart_SMOTEB,rpart,SMOTEB,5,0.5313693128669164
DS01,mc.rpart_SMOTEB,rpart,SMOTEB,6,0.5497590996857142
DS01,mc.rpart_SMOTEB,rpart,SMOTEB,7,0.6494222653044406
DS01,mc.rpart_SMOTEB,rpart,SMOTEB,8,0.5880463249489125
DS01,mc.rpart_SMOTEB,rpart,SMOTEB,9,0.4969687993266082
DS01,mc.rpart_SMOTEB,rpart,SMOTEB,10,0.4980176498970929
DS01,mc.rpart_SMOTEB,rpart,SMOTEB,11,0.6669042682704687
DS01,mc.rpart_SMOTEB,rpart,SMOTEB,12,0.6690366463861793
DS01,mc.rpart_SMOTEB,rpart,SMOTEB,13,0.5220665509178628
DS01,mc.rpart_SMOTEB,rpart,SMOTEB,14,0.6074291002301899
DS01,mc.rpart_SMOTEB,rpart,SMOTEB,15,0.46174227100934434
DS01,mc.rpart_SMOTEB,rpart,SMOTEB,16,0.4448438953800373
DS01,mc.rpart_SMOTEB,rpart,SMOTEB,17,0.4541149490601918
DS01,mc.rpart_SMOTEB,rpart,SMOTEB,18,0.35635521478524357
DS01,mc.rpart_SMOTEB,rpart,SMOTEB,19,0.4179057642653113
DS01,mc.rpart_SMOTEB,rpart,SMOTEB,20,0.38255275368715463
DS01,mc.rpart_SMOTEB,rpart,SMOTEB,21,0.16868423177674982
DS01,mc.rpart_SMOTEB,rpart,SMOTEB,22,0.314795468136825
DS01,mc.rpart_SMOTEB,rpart,SMOTEB,23,0.26348454777374763
DS01,mc.rpart_SMOTEB,rpart,SMOTEB,24,0.3228181531345602
DS01,mc.rpart_SMOTEB,rpart,SMOTEB,25,0.23752178717010228
DS01,mc.rpart_SMOTEB,rpart,SMOTEB,26,0.40853435006988237
DS01,mc.rpart_SMOTEB,rpart,SMOTEB,27,0.35670079504144014
DS01,mc.rpart_SMOTEB,rpart,SMOTEB,28,0.21032614545740577
DS01,mc.rpart_SMOTEB,rpart,SMOTEB,29,0.30959715469324894
DS01,mc.rpart_SMOTEB,rpart,SMOTEB,30,0.3051464871408148
DS01,mc.rpart_SMOTEB,rpart,SMOTEB,31,0.18747837956313296
DS01,mc.rpart_SMOTEB,rpart,SMOTEB,32,0.20264180545099716
DS01,mc.rpart_SMOTEB,rpart,SMOTEB,33,0.2814141696073435
DS01,mc.rpart_SMOTEB,rpart,SMOTEB,34,0.20122816473031294
DS01,mc.rpart_SMOTEB,rpart,SMOTEB,35,0.33398393449189057
DS01,mc.rpart_SMOTEB,rpart,SMOTEB,36,0.32472624632103964
DS01,mc.rpart_SMOTEB,rpart,SMOTEB,37,0.26118390333068225
DS01,mc.rpart_SMOTEB,rpart,SMOTEB,38,0.2441478594636002
DS01,mc.rpart_SMOTEB,rpart,SMOTEB,39,0.18132167741338467
DS01,mc.rpart_SMOTEB,rpart,SMOTEB,40,0.19434166032360428
DS01,mc.rpart_SMOTEB,rpart,SMOTEB,41,0.15983066981882954
DS01,mc.rpart_SMOTEB,rpart,SMOTEB,42,0.23124521125611386
DS01,mc.rpart_SMOTEB,rpart,SMOTEB,43,0.2585033123702506
DS01,mc.rpart_SMOTEB,rpart,SMOTEB,44,0.25267394280951283
DS01,mc.rpart_SMOTEB,rpart,SMOTEB,45,0.29865151447643373
DS01,mc.rpart_SMOTEB,rpart,SMOTEB,46,0.26973219835644263
DS01,mc.rpart_SMOTEB,rpart,SMOTEB,47,0.2077740583110306
DS01,mc.rpart_SMOTEB,rpart,SMOTEB,48,0.1985531653192749
DS01,mc.rpart_SMOTEB,rpart,SMOTEB,49,0.20850795379297174
DS01,mc.rpart_SMOTEB,rpart,SMOTEB,50,0.25183358792919663
DS01,mc.rpart_SMOTETPhi,rpart,SMOTETPhi,1,0.9961099294270245
DS01,mc.rpart_SMOTETPhi,rpart,SMOTETPhi,2,0.8499012881397301
DS01,mc.rpart_SMOTETPhi,rpart,SMOTETPhi,3,0.567595859574276
DS01,mc.rpart_SMOTETPhi,rpart,SMOTETPhi,4,0.8507443923694215
DS01,mc.rpart_SMOTETPhi,rpart,SMOTETPhi,5,0.7663371404029525
DS01,mc.rpart_SMOTETPhi,rpart,SMOTETPhi,6,0.5678454685400592
DS01,mc.rpart_SMOTETPhi,rpart,SMOTETPhi,7,0.6539939201471279
DS01,mc.rpart_SMOTETPhi,rpart,SMOTETPhi,8,0.5069935010215713
DS01,mc.rpart_SMOTETPhi,rpart,SMOTETPhi,9,0.7082793008098289
DS01,mc.rpart_SMOTETPhi,rpart,SMOTETPhi,10,0.7633850109127088
DS01,mc.rpart_SMOTETPhi,rpart,SMOTETPhi,11,0.5031388091389475
DS01,mc.rpart_SMOTETPhi,rpart,SMOTETPhi,12,0.538372185402177
DS01,mc.rpart_SMOTETPhi,rpart,SMOTETPhi,13,0.5638097349035742
DS01,mc.rpart_SMOTETPhi,rpart,SMOTETPhi,14,0.47241940716015324
DS01,mc.rpart_SMOTETPhi,rpart,SMOTETPhi,15,0.4954772380427621
DS01,mc.rpart_SMOTETPhi,rpart,SMOTETPhi,16,0.46643185288610506
DS01,mc.rpart_SMOTETPhi,rpart,SMOTETPhi,17,0.40695085145236437
DS01,mc.rpart_SMOTETPhi,rpart,SMOTETPhi,18,0.3384729123328132
DS01,mc.rpart_SMOTETPhi,rpart,SMOTETPhi,19,0.38466543619636595
DS01,mc.rpart_SMOTETPhi,rpart,SMOTETPhi,20,0.31071256525994106
DS01,mc.rpart_SMOTETPhi,rpart,SMOTETPhi,21,0.29650592578470425
DS01,mc.rpart_SMOTETPhi,rpart,SMOTETPhi,22,0.23157483342362523
DS01,mc.rpart_SMOTETPhi,rpart,SMOTETPhi,23,0.30201684932168993
DS01,mc.rpart_SMOTETPhi,rpart,SMOTETPhi,24,0.3353336493947492
DS01,mc.rpart_SMOTETPhi,rpart,SMOTETPhi,25,0.3931289577231362
DS01,mc.rpart_SMOTETPhi,rpart,SMOTETPhi,26,0.2817535220793375
DS01,mc.rpart_SMOTETPhi,rpart,SMOTETPhi,27,0.301491277078905
DS01,mc.rpart_SMOTETPhi,rpart,SMOTETPhi,28,0.4614798597468953
DS01,mc.rpart_SMOTETPhi,rpart,SMOTETPhi,29,0.26525889161073213
DS01,mc.rpart_SMOTETPhi,rpart,SMOTETPhi,30,0.26553569710456537
DS01,mc.rpart_SMOTETPhi,rpart,SMOTETPhi,31,0.2528621285461426
DS01,mc.rpart_SMOTETPhi,rpart,SMOTETPhi,32,0.1980724221265449
DS01,mc.rpart_SMOTETPhi,rpart,SMOTETPhi,33,0.29296666961791146
DS01,mc.rpart_SMOTETPhi,rpart,SMOTETPhi,34,0.311491533638097
DS01,mc.rpart_SMOTETPhi,rpart,SMOTETPhi,35,0.34498218392104885
DS01,mc.rpart_SMOTETPhi,rpart,SMOTETPhi,36,0.37884421511353167
DS01,mc.rpart_SMOTETPhi,rpart,SMOTETPhi,37,0.27979590089844486
DS01,mc.rpart_SMOTETPhi,rpart,SMOTETPhi,38,0.32443209769681675
DS01,mc.rpart_SMOTETPhi,rpart,SMOTETPhi,39,0.35700474726193954
DS01,mc.rpart_SMOTETPhi,rpart,SMOTETPhi,40,0.2703031419329114
DS01,mc.rpart_SMOTETPhi,rpart,SMOTETPhi,41,0.35573966262620915
DS01,mc.rpart_SMOTETPhi,rpart,SMOTETPhi,42,0.31944024275301436
DS01,mc.rpart_SMOTETPhi,rpart,SMOTETPhi,43,0.3360248524530535
DS01,mc.rpart_SMOTETPhi,rpart,SMOTETPhi,44,0.3437350102147504
DS01,mc.rpart_SMOTETPhi,rpart,SMOTETPhi,45,0.25544588041844374
DS01,mc.rpart_SMOTETPhi,rpart,SMOTETPhi,46,0.33962765078862733
DS01,mc.rpart_SMOTETPhi,rpart,SMOTETPhi,47,0.32751793770238274
DS01,mc.rpart_SMOTETPhi,rpart,SMOTETPhi,48,0.21428369511584014
DS01,mc.rpart_SMOTETPhi,rpart,SMOTETPhi,49,0.2795277665273429
DS01,mc.rpart_SMOTETPhi,rpart,SMOTETPhi,50,0.2422196591211899
DS01,mc.rpart_SMOTET,rpart,SMOTET,1,0.820394765712589
DS01,mc.rpart_SMOTET,rpart,SMOTET,2,0.8595489854819961
DS01,mc.rpart_SMOTET,rpart,SMOTET,3,0.6006369360670126
DS01,mc.rpart_SMOTET,rpart,SMOTET,4,0.6484115806050758
DS01,mc.rpart_SMOTET,rpart,SMOTET,5,0.6359615745213153
DS01,mc.rpart_SMOTET,rpart,SMOTET,6,0.5046127703103188
DS01,mc.rpart_SMOTET,rpart,SMOTET,7,0.6939418105355911
DS01,mc.rpart_SMOTET,rpart,SMOTET,8,0.37681470234869857
DS01,mc.rpart_SMOTET,rpart,SMOTET,9,0.5288862010588326
DS01,mc.rpart_SMOTET,rpart,SMOTET,10,0.531893454290348
DS01,mc.rpart_SMOTET,rpart,SMOTET,11,0.5556372533504074
DS01,mc.rpart_SMOTET,rpart,SMOTET,12,0.7280346330412304
DS01,mc.rpart_SMOTET,rpart,SMOTET,13,0.45013162025788395
DS01,mc.rpart_SMOTET,rpart,SMOTET,14,0.4757530443408335
DS01,mc.rpart_SMOTET,rpart,SMOTET,15,0.4553119898833093
DS01,mc.rpart_SMOTET,rpart,SMOTET,16,0.3747338292396117
DS01,mc.rpart_SMOTET,rpart,SMOTET,17,0.3688398228920562
DS01,mc.rpart_SMOTET,rpart,SMOTET,18,0.30311753310270645
DS01,mc.rpart_SMOTET,rpart,SMOTET,19,0.36407584795278436
DS01,mc.rpart_SMOTET,rpart,SMOTET,20,0.3505032919885562
DS01,mc.rpart_SMOTET,rpart,SMOTET,21,0.357394426655374
DS01,mc.rpart_SMOTET,rpart,SMOTET,22,0.2176228618919604
DS01,mc.rpart_SMOTET,rpart,SMOTET,23,0.22236522145648374
DS01,mc.rpart_SMOTET,rpart,SMOTET,24,0.20686774433722693
DS01,mc.rpart_SMOTET,rpart,SMOTET,25,0.2057778249197666
DS01,mc.rpart_SMOTET,rpart,SMOTET,26,0.37020863953023553
DS01,mc.rpart_SMOTET,rpart,SMOTET,27,0.24429841680610045
DS01,mc.rpart_SMOTET,rpart,SMOTET,28,0.3389726911017129
DS01,mc.rpart_SMOTET,rpart,SMOTET,29,0.2884351461774437
DS01,mc.rpart_SMOTET,rpart,SMOTET,30,0.2039929131565299
DS01,mc.rpart_SMOTET,rpart,SMOTET,31,0.20389407822626227
DS01,mc.rpart_SMOTET,rpart,SMOTET,32,0.26713830321850063
DS01,mc.rpart_SMOTET,rpart,SMOTET,33,0.21802066363743888
DS01,mc.rpart_SMOTET,rpart,SMOTET,34,0.2701706043367593
DS01,mc.rpart_SMOTET,rpart,SMOTET,35,0.2728565687831412
DS01,mc.rpart_SMOTET,rpart,SMOTET,36,0.27842399512914834
DS01,mc.rpart_SMOTET,rpart,SMOTET,37,0.22522909903837704
DS01,mc.rpart_SMOTET,rpart,SMOTET,38,0.2959235775706083
DS01,mc.rpart_SMOTET,rpart,SMOTET,39,0.2902127333295704
DS01,mc.rpart_SMOTET,rpart,SMOTET,40,0.316904520683256
DS01,mc.rpart_SMOTET,rpart,SMOTET,41,0.2787986247944528
DS01,mc.rpart_SMOTET,rpart,SMOTET,42,0.2882218945588718
DS01,mc.rpart_SMOTET,rpart,SMOTET,43,0.2700450258144553
DS01,mc.rpart_SMOTET,rpart,SMOTET,44,0.28755394071576856
DS01,mc.rpart_SMOTET,rpart,SMOTET,45,0.2609854772352229
DS01,mc.rpart_SMOTET,rpart,SMOTET,46,0.39711360618709646
DS01,mc.rpart_SMOTET,rpart,SMOTET,47,0.2753583638427244
DS01,mc.rpart_SMOTET,rpart,SMOTET,48,0.2859850058640096
DS01,mc.rpart_SMOTET,rpart,SMOTET,49,0.2855457726642813
DS01,mc.rpart_SMOTET,rpart,SMOTET,50,0.20337651185470776
DS01,mc.rpart_UNDERB,rpart,UNDERB,1,0.7977749229625577
DS01,mc.rpart_UNDERB,rpart,UNDERB,2,0.9215481564311463
DS01,mc.rpart_UNDERB,rpart,UNDERB,3,0.6230696633584677
DS01,mc.rpart_UNDERB,rpart,UNDERB,4,0.8714069478668051
DS01,mc.rpart_UNDERB,rpart,UNDERB,5,0.6742642382850121
DS01,mc.rpart_UNDERB,rpart,UNDERB,6,0.6820051709850272
DS01,mc.rpart_UNDERB,rpart,UNDERB,7,0.5855954483383286
DS01,mc.rpart_UNDERB,rpart,UNDERB,8,0.5084688784610829
DS01,mc.rpart_UNDERB,rpart,UNDERB,9,0.6020643377370448
DS01,mc.rpart_UNDERB,rpart,UNDERB,10,0.7206647273727362
DS01,mc.rpart_UNDERB,rpart,UNDERB,11,0.5552759869430336
DS01,mc.rpart_UNDERB,rpart,UNDERB,12,0.5907041434496235
DS01,mc.rpart_UNDERB,rpart,UNDERB,13,0.5898793945626037
DS01,mc.rpart_UNDERB,rpart,UNDERB,14,0.3975038356845732
DS01,mc.rpart_UNDERB,rpart,UNDERB,15,0.4139547709219567
DS01,mc.rpart_UNDERB,rpart,UNDERB,16,0.4296068917502546
DS01,mc.rpart_UNDERB,rpart,UNDERB,17,0.5691645594719206
DS01,mc.rpart_UNDERB,rpart,UNDERB,18,0.4269129108755088
DS01,mc.rpart_UNDERB,rpart,UNDERB,19,0.4468474696688191
DS01,mc.rpart_UNDERB,rpart,UNDERB,20,0.5118389423099173
DS01,mc.rpart_UNDERB,rpart,UNDERB,21,0.33012257407125367
DS01,mc.rpart_UNDERB,rpart,UNDERB,22,0.2868772790086802
DS01,mc.rpart_UNDERB,rpart,UNDERB,23,0.28891471974560057
DS01,mc.rpart_UNDERB,rpart,UNDERB,24,0.32044964266294784
DS01,mc.rpart_UNDERB,rpart,UNDERB,25,0.29673014016738586
DS01,mc.rpart_UNDERB,rpart,UNDERB,26,0.2634693110424356
DS01,mc.rpart_UNDERB,rpart,UNDERB,27,0.24189307565459606
DS01,mc.rpart_UNDERB,rpart,UNDERB,28,0.28073549953136256
DS01,mc.rpart_UNDERB,rpart,UNDERB,29,0.1893334746510724
DS01,mc.rpart_UNDERB,rpart,UNDERB,30,0.2224751429302784
DS01,mc.rpart_UNDERB,rpart,UNDERB,31,0.19021521889456722
DS01,mc.rpart_UNDERB,rpart,UNDERB,32,0.21998731752620776
DS01,mc.rpart_UNDERB,rpart,UNDERB,33,0.23966222759148442
DS01,mc.rpart_UNDERB,rpart,UNDERB,34,0.17515023191972098
DS01,mc.rpart_UNDERB,rpart,UNDERB,35,0.14607701359379688
DS01,mc.rpart_UNDERB,rpart,UNDERB,36,0.24889271399712343
DS01,mc.rpart_UNDERB,rpart,UNDERB,37,0.20130623329561276
DS01,mc.rpart_UNDERB,rpart,UNDERB,38,0.287460885340563
DS01,mc.rpart_UNDERB,rpart,UNDERB,39,0.20412983950033692
DS01,mc.rpart_UNDERB,rpart,UNDERB,40,0.19008513602641205
DS01,mc.rpart_UNDERB,rpart,UNDERB,41,0.27445873628378764
DS01,mc.rpart_UNDERB,rpart,UNDERB,42,0.26342610559697854
DS01,mc.rpart_UNDERB,rpart,UNDERB,43,0.30070770207312486
DS01,mc.rpart_UNDERB,rpart,UNDERB,44,0.24290232108196175
DS01,mc.rpart_UNDERB,rpart,UNDERB,45,0.3527693294969274
DS01,mc.rpart_UNDERB,rpart,UNDERB,46,0.19601735273920384
DS01,mc.rpart_UNDERB,rpart,UNDERB,47,0.2633413685038707
DS01,mc.rpart_UNDERB,rpart,UNDERB,48,0.1881262626909434
DS01,mc.rpart_UNDERB,rpart,UNDERB,49,0.2096527909878484
DS01,mc.rpart_UNDERB,rpart,UNDERB,50,0.24029456715923425
DS01,mc.rpart_UNDERTPhi,rpart,UNDERTPhi,1,0.6811263994432679
DS01,mc.rpart_UNDERTPhi,rpart,UNDERTPhi,2,0.7809912399729598
DS01,mc.rpart_UNDERTPhi,rpart,UNDERTPhi,3,0.8124460063139071
DS01,mc.rpart_UNDERTPhi,rpart,UNDERTPhi,4,0.6340665456034338
DS01,mc.rpart_UNDERTPhi,rpart,UNDERTPhi,5,0.5315440983654013
DS01,mc.rpart_UNDERTPhi,rpart,UNDERTPhi,6,0.7206168805452848
DS01,mc.rpart_UNDERTPhi,rpart,UNDERTPhi,7,0.5096330960615822
DS01,mc.rpart_UNDERTPhi,rpart,UNDERTPhi,8,0.5209569746946913
DS01,mc.rpart_UNDERTPhi,rpart,UNDERTPhi,9,0.6155808850490394
DS01,mc.rpart_UNDERTPhi,rpart,UNDERTPhi,10,0.4888637928832799
DS01,mc.rpart_UNDERTPhi,rpart,UNDERTPhi,11,0.6968630376055923
DS01,mc.rpart_UNDERTPhi,rpart,UNDERTPhi,12,0.5769990462918487
DS01,mc.rpart_UNDERTPhi,rpart,UNDERTPhi,13,0.5062549387668458
DS01,mc.rpart_UNDERTPhi,rpart,UNDERTPhi,14,0.4772817062591645
DS01,mc.rpart_UNDERTPhi,rpart,UNDERTPhi,15,0.5933663343121699
DS01,mc.rpart_UNDERTPhi,rpart,UNDERTPhi,16,0.3771580872706629
DS01,mc.rpart_UNDERTPhi,rpart,UNDERTPhi,17,0.44187394267871194
DS01,mc.rpart_UNDERTPhi,rpart,UNDERTPhi,18,0.36022367672507966
DS01,mc.rpart_UNDERTPhi,rpart,UNDERTPhi,19,0.4784012138182888
DS01,mc.rpart_UNDERTPhi,rpart,UNDERTPhi,20,0.31856914695247546
DS01,mc.rpart_UNDERTPhi,rpart,UNDERTPhi,21,0.24863451013869176
DS01,mc.rpart_UNDERTPhi,rpart,UNDERTPhi,22,0.27229926380555236
DS01,mc.rpart_UNDERTPhi,rpart,UNDERTPhi,23,0.4039587651073663
DS01,mc.rpart_UNDERTPhi,rpart,UNDERTPhi,24,0.23921790082551084
DS01,mc.rpart_UNDERTPhi,rpart,UNDERTPhi,25,0.23098651042452642
DS01,mc.rpart_UNDERTPhi,rpart,UNDERTPhi,26,0.25326665856374087
DS01,mc.rpart_UNDERTPhi,rpart,UNDERTPhi,27,0.2814139947392184
DS01,mc.rpart_UNDERTPhi,rpart,UNDERTPhi,28,0.2347762994551102
DS01,mc.rpart_UNDERTPhi,rpart,UNDERTPhi,29,0.38955317560246117
DS01,mc.rpart_UNDERTPhi,rpart,UNDERTPhi,30,0.30854755222091496
DS01,mc.rpart_UNDERTPhi,rpart,UNDERTPhi,31,0.2405932895321522
DS01,mc.rpart_UNDERTPhi,rpart,UNDERTPhi,32,0.2780935673667376
DS01,mc.rpart_UNDERTPhi,rpart,UNDERTPhi,33,0.286232753871736
DS01,mc.rpart_UNDERTPhi,rpart,UNDERTPhi,34,0.16612107431912182
DS01,mc.rpart_UNDERTPhi,rpart,UNDERTPhi,35,0.23677548519168512
DS01,mc.rpart_UNDERTPhi,rpart,UNDERTPhi,36,0.2861100836580198
DS01,mc.rpart_UNDERTPhi,rpart,UNDERTPhi,37,0.2196939443985773
DS01,mc.rpart_UNDERTPhi,rpart,UNDERTPhi,38,0.2071214541876502
DS01,mc.rpart_UNDERTPhi,rpart,UNDERTPhi,39,0.2270488293679302
DS01,mc.rpart_UNDERTPhi,rpart,UNDERTPhi,40,0.1874771795809973
DS01,mc.rpart_UNDERTPhi,rpart,UNDERTPhi,41,0.1693764685422497
DS01,mc.rpart_UNDERTPhi,rpart,UNDERTPhi,42,0.32605897351809343
DS01,mc.rpart_UNDERTPhi,rpart,UNDERTPhi,43,0.26403123642480164
DS01,mc.rpart_UNDERTPhi,rpart,UNDERTPhi,44,0.2718263450900656
DS01,mc.rpart_UNDERTPhi,rpart,UNDERTPhi,45,0.26675577689884944
DS01,mc.rpart_UNDERTPhi,rpart,UNDERTPhi,46,0.24250950704535215
DS01,mc.rpart_UNDERTPhi,rpart,UNDERTPhi,47,0.2947183273200701
DS01,mc.rpart_UNDERTPhi,rpart,UNDERTPhi,48,0.128285642650953
DS01,mc.rpart_UNDERTPhi,rpart,UNDERTPhi,49,0.39171113793986556
DS01,mc.rpart_UNDERTPhi,rpart,UNDERTPhi,50,0.25706385510002433
DS01,mc.rpart_UNDERT,rpart,UNDERT,1,0.6732929347350732
DS01,mc.rpart_UNDERT,rpart,UNDERT,2,0.7607131950854411
DS01,mc.rpart_UNDERT,rpart,UNDERT,3,0.5843788312878728
DS01,mc.rpart_UNDERT,rpart,UNDERT,4,0.7321190654588685
DS01,mc.rpart_UNDERT,rpart,UNDERT,5,0.4300995882357367
DS01,mc.rpart_UNDERT,rpart,UNDERT,6,0.6101697616822858
DS01,mc.rpart_UNDERT,rpart,UNDERT,7,0.47792084311080035
DS01,mc.rpart_UNDERT,rpart,UNDERT,8,0.5898803674190489
DS01,mc.rpart_UNDERT,rpart,UNDERT,9,0.5232185366331058
DS01,mc.rpart_UNDERT,rpart,UNDERT,10,0.5619337719494788
DS01,mc.rpart_UNDERT,rpart,UNDERT,11,0.8269024657321692
DS01,mc.rpart_UNDERT,rpart,UNDERT,12,0.5928694830514153
DS01,mc.rpart_UNDERT,rpart,UNDERT,13,0.6403888499005946
DS01,mc.rpart_UNDERT,rpart,UNDERT,14,0.4459564615979579
DS01,mc.rpart_UNDERT,rpart,UNDERT,15,0.4275947115130025
DS01,mc.rpart_UNDERT,rpart,UNDERT,16,0.42596257734945897
DS01,mc.rpart_UNDERT,rpart,UNDERT,17,0.46420578990091976
DS01,mc.rpart_UNDERT,rpart,UNDERT,18,0.46447010934735256
DS01,mc.rpart_UNDERT,rpart,UNDERT,19,0.38234127525071165
DS01,mc.rpart_UNDERT,rpart,UNDERT,20,0.44542357203422867
DS01,mc.rpart_UNDERT,rpart,UNDERT,21,0.2738264729514297
DS01,mc.rpart_UNDERT,rpart,UNDERT,22,0.3508658696994019
DS01,mc.rpart_UNDERT,rpart,UNDERT,23,0.3874962720212752
DS01,mc.rpart_UNDERT,rpart,UNDERT,24,0.3484421676858459
DS01,mc.rpart_UNDERT,rpart,UNDERT,25,0.28818519611592086
DS01,mc.rpart_UNDERT,rpart,UNDERT,26,0.2209583796698066
DS01,mc.rpart_UNDERT,rpart,UNDERT,27,0.27784039425890017
DS01,mc.rpart_UNDERT,rpart,UNDERT,28,0.20800722547903985
DS01,mc.rpart_UNDERT,rpart,UNDERT,29,0.2462694589955524
DS01,mc.rpart_UNDERT,rpart,UNDERT,30,0.2456142283723909
DS01,mc.rpart_UNDERT,rpart,UNDERT,31,0.20358178132438826
DS01,mc.rpart_UNDERT,rpart,UNDERT,32,0.22881935928221375
DS01,mc.rpart_UNDERT,rpart,UNDERT,33,0.18097596197112997
DS01,mc.rpart_UNDERT,rpart,UNDERT,34,0.2594265851502757
DS01,mc.rpart_UNDERT,rpart,UNDERT,35,0.2631478435714195
DS01,mc.rpart_UNDERT,rpart,UNDERT,36,0.19417011292492287
DS01,mc.rpart_UNDERT,rpart,UNDERT,37,0.22426021162230309
DS01,mc.rpart_UNDERT,rpart,UNDERT,38,0.25061149791382653
DS01,mc.rpart_UNDERT,rpart,UNDERT,39,0.24038036443223862
DS01,mc.rpart_UNDERT,rpart,UNDERT,40,0.22756556015658655
DS01,mc.rpart_UNDERT,rpart,UNDERT,41,0.16115037291596673
DS01,mc.rpart_UNDERT,rpart,UNDERT,42,0.16173536975388483
DS01,mc.rpart_UNDERT,rpart,UNDERT,43,0.1934715904700089
DS01,mc.rpart_UNDERT,rpart,UNDERT,44,0.23319781361535974
DS01,mc.rpart_UNDERT,rpart,UNDERT,45,0.22108991129470376
DS01,mc.rpart_UNDERT,rpart,UNDERT,46,0.1936111855642834
DS01,mc.rpart_UNDERT,rpart,UNDERT,47,0.25451201031821735
DS01,mc.rpart_UNDERT,rpart,UNDERT,48,0.26006182954932877
DS01,mc.rpart_UNDERT,rpart,UNDERT,49,0.19711229350108145
DS01,mc.rpart_UNDERT,rpart,UNDERT,50,0.22991277282133993
DS01,mc.rpart,rpart,baseline,1,0.6947008009782075
DS01,mc.rpart,rpart,baseline,2,0.6390249537025394
DS01,mc.rpart,rpart,baseline,3,0.6323194159793601
DS01,mc.rpart,rpart,baseline,4,0.6587242390205307
DS01,mc.rpart,rpart,baseline,5,0.5412525167982642
DS01,mc.rpart,rpart,baseline,6,0.5478661264954813
DS01,mc.rpart,rpart,baseline,7,0.44481773958861526
DS01,mc.rpart,rpart,baseline,8,0.4456843375794448
DS01,mc.rpart,rpart,baseline,9,0.4597690857373771
DS01,mc.rpart,rpart,baseline,10,0.46545189531297443
DS01,mc.rpart,rpart,baseline,11,0.45421330059537746
DS01,mc.rpart,rpart,baseline,12,0.4587909491116547
DS01,mc.rpart,rpart,baseline,13,0.4401432936605011
DS01,mc.rpart,rpart,baseline,14,0.44061946779920735
DS01,mc.rpart,rpart,baseline,15,0.32902205762492565
DS01,mc.rpart,rpart,baseline,16,0.2986748569240429
DS01,mc.rpart,rpart,baseline,17,0.30796684732079277
DS01,mc.rpart,rpart,baseline,18,0.3157131374043211
DS01,mc.rpart,rpart,baseline,19,0.2814610239377412
DS01,mc.rpart,rpart,baseline,20,0.2739781030526764
DS01,mc.rpart,rpart,baseline,21,0.161591979955876
DS01,mc.rpart,rpart,baseline,22,0.1992411943175731
DS01,mc.rpart,rpart,baseline,23,0.1606537174215634
DS01,mc.rpart,rpart,baseline,24,0.19462642041549155
DS01,mc.rpart,rpart,baseline,25,0.1981284833983885
DS01,mc.rpart,rpart,baseline,26,0.1832600311482092
DS01,mc.rpart,rpart,baseline,27,0.22776301263617643
DS01,mc.rpart,rpart,baseline,28,0.25583329289486345
DS01,mc.rpart,rpart,baseline,29,0.21542328608206485
DS01,mc.rpart,rpart,baseline,30,0.16369883353683495
DS01,mc.rpart,rpart,baseline,31,0.21807406124952594
DS01,mc.rpart,rpart,baseline,32,0.20040213455915595
DS01,mc.rpart,rpart,baseline,33,0.22200280030040673
DS01,mc.rpart,rpart,baseline,34,0.2107851428351349
DS01,mc.rpart,rpart,baseline,35,0.21712744212289498
DS01,mc.rpart,rpart,baseline,36,0.16814466582821147
DS01,mc.rpart,rpart,baseline,37,0.21047082065160436
DS01,mc.rpart,rpart,baseline,38,0.19807196106904945
DS01,mc.rpart,rpart,baseline,39,0.20814361405591114
DS01,mc.rpart,rpart,baseline,40,0.17782401640586692
DS01,mc.rpart,rpart,baseline,41,0.16189371924053225
DS01,mc.rpart,rpart,baseline,42,0.20085289030331333
DS01,mc.rpart,rpart,baseline,43,0.20999418999543934
DS01,mc.rpart,rpart,baseline,44,0.2662029481483577
DS01,mc.rpart,rpart,baseline,45,0.23500860856857853
DS01,mc.rpart,rpart,baseline,46,0.22808090955058585
DS01,mc.rpart,rpart,baseline,47,0.258812561811837
DS01,mc.rpart,rpart,baseline,48,0.22509357841691252
DS01,mc.rpart,rpart,baseline,49,0.20130422656615835
DS01,mc.rpart,rpart,baseline,50,0.18660169053299847
DS01,mc.svm_OVERB,svm,OVERB,1,0.4292005104072246
DS01,mc.svm_OVERB,svm,OVERB,2,0.41003583067251825
DS01,mc.svm_OVERB,svm,OVERB,3,0.3633219039034771
DS01,mc.svm_OVERB,svm,OVERB,4,0.36665507009129733
DS01,mc.svm_OVERB,svm,OVERB,5,0.34792993102139097
DS01,mc.svm_OVERB,svm,OVERB,6,0.3712838898333288
DS01,mc.svm_OVERB,svm,OVERB,7,0.3376916036061785
DS01,mc.svm_OVERB,svm,OVERB,8,0.3338087996442899
DS01,mc.svm_OVERB,svm,OVERB,9,0.34132941013809925
DS01,mc.svm_OVERB,svm,OVERB,10,0.33335996444717353
DS01,mc.svm_OVERB,svm,OVERB,11,0.3357198704765177
DS01,mc.svm_OVERB,svm,OVERB,12,0.34015021201621487
DS01,mc.svm_OVERB,svm,OVERB,13,0.35390929185668885
DS01,mc.svm_OVERB,svm,OVERB,14,0.32048926059363253
DS01,mc.svm_OVERB,svm,OVERB,15,0.27142015718655954
DS01,mc.svm_OVERB,svm,OVERB,16,0.2631239565633135
DS01,mc.svm_OVERB,svm,OVERB,17,0.24126872790399193
DS01,mc.svm_OVERB,svm,OVERB,18,0.24585226431289992
DS01,mc.svm_OVERB,svm,OVERB,19,0.25203689853846567
DS01,mc.svm_OVERB,svm,OVERB,20,0.22949800661654465
DS01,mc.svm_OVERB,svm,OVERB,21,0.18235676393640632
DS01,mc.svm_OVERB,svm,OVERB,22,0.18545013894834023
DS01,mc.svm_OVERB,svm,OVERB,23,0.1937855025556456
DS01,mc.svm_OVERB,svm,OVERB,24,0.21114842683435153
DS01,mc.svm_OVERB,svm,OVERB,25,0.20453945229249515
DS01,mc.svm_OVERB,svm,OVERB,26,0.18980292387811804
DS01,mc.svm_OVERB,svm,OVERB,27,0.20889085649785225
DS01,mc.svm_OVERB,svm,OVERB,28,0.2245799819777269
DS01,mc.svm_OVERB,svm,OVERB,29,0.13936952140909858
DS01,mc.svm_OVERB,svm,OVERB,30,0.1416701862453373
DS01,mc.svm_OVERB,svm,OVERB,31,0.15062542968771409
DS01,mc.svm_OVERB,svm,OVERB,32,0.14316081567400363
DS01,mc.svm_OVERB,svm,OVERB,33,0.14795748838610032
DS01,mc.svm_OVERB,svm,OVERB,34,0.13296911006368325
DS01,mc.svm_OVERB,svm,OVERB,35,0.14008819201369355
DS01,mc.svm_OVERB,svm,OVERB,36,0.1340310208338102
DS01,mc.svm_OVERB,svm,OVERB,37,0.13381391074717333
DS01,mc.svm_OVERB,svm,OVERB,38,0.13382415704039707
DS01,mc.svm_OVERB,svm,OVERB,39,0.14177631028370907
DS01,mc.svm_OVERB,svm,OVERB,40,0.1356988203839735
DS01,mc.svm_OVERB,svm,OVERB,41,0.14084427186866394
DS01,mc.svm_OVERB,svm,OVERB,42,0.13922609534863195
DS01,mc.svm_OVERB,svm,OVERB,43,0.1333225101560383
DS01,mc.svm_OVERB,svm,OVERB,44,0.13680911096465811
DS01,mc.svm_OVERB,svm,OVERB,45,0.13384718306791463
DS01,mc.svm_OVERB,svm,OVERB,46,0.15051310393470657
DS01,mc.svm_OVERB,svm,OVERB,47,0.15910245337864878
DS01,mc.svm_OVERB,svm,OVERB,48,0.13877163630114964
DS01,mc.svm_OVERB,svm,OVERB,49,0.14300618370738832
DS01,mc.svm_OVERB,svm,OVERB,50,0.12990339629107878
DS01,mc.svm_OVERTPhi,svm,OVERTPhi,1,0.4297154733621125
DS01,mc.svm_OVERTPhi,svm,OVERTPhi,2,0.403931712532671
DS01,mc.svm_OVERTPhi,svm,OVERTPhi,3,0.37692940526615615
DS01,mc.svm_OVERTPhi,svm,OVERTPhi,4,0.3838200042385516
DS01,mc.svm_OVERTPhi,svm,OVERTPhi,5,0.3410017510448174
DS01,mc.svm_OVERTPhi,svm,OVERTPhi,6,0.35114661947676573
DS01,mc.svm_OVERTPhi,svm,OVERTPhi,7,0.3380531951473783
DS01,mc.svm_OVERTPhi,svm,OVERTPhi,8,0.3396688032662123
DS01,mc.svm_OVERTPhi,svm,OVERTPhi,9,0.3404238183520058
DS01,mc.svm_OVERTPhi,svm,OVERTPhi,10,0.34150091590837645
DS01,mc.svm_OVERTPhi,svm,OVERTPhi,11,0.3428915488869325
DS01,mc.svm_OVERTPhi,svm,OVERTPhi,12,0.36296872594982077
DS01,mc.svm_OVERTPhi,svm,OVERTPhi,13,0.35045429065561584
DS01,mc.svm_OVERTPhi,svm,OVERTPhi,14,0.3261592055765277
DS01,mc.svm_OVERTPhi,svm,OVERTPhi,15,0.26480165890183355
DS01,mc.svm_OVERTPhi,svm,OVERTPhi,16,0.2500753815436057
DS01,mc.svm_OVERTPhi,svm,OVERTPhi,17,0.2427922227762672
DS01,mc.svm_OVERTPhi,svm,OVERTPhi,18,0.24335265922175406
DS01,mc.svm_OVERTPhi,svm,OVERTPhi,19,0.24381203880952357
DS01,mc.svm_OVERTPhi,svm,OVERTPhi,20,0.23812407094041296
DS01,mc.svm_OVERTPhi,svm,OVERTPhi,21,0.19818374699552585
DS01,mc.svm_OVERTPhi,svm,OVERTPhi,22,0.1943621453018033
DS01,mc.svm_OVERTPhi,svm,OVERTPhi,23,0.2220660245815363
DS01,mc.svm_OVERTPhi,svm,OVERTPhi,24,0.21928192177105552
DS01,mc.svm_OVERTPhi,svm,OVERTPhi,25,0.22084750496648242
DS01,mc.svm_OVERTPhi,svm,OVERTPhi,26,0.22250645765096094
DS01,mc.svm_OVERTPhi,svm,OVERTPhi,27,0.22025042247354112
DS01,mc.svm_OVERTPhi,svm,OVERTPhi,28,0.23356827689706672
DS01,mc.svm_OVERTPhi,svm,OVERTPhi,29,0.15629125278883452
DS01,mc.svm_OVERTPhi,svm,OVERTPhi,30,0.15583552114638946
DS01,mc.svm_OVERTPhi,svm,OVERTPhi,31,0.1529241357334107
DS01,mc.svm_OVERTPhi,svm,OVERTPhi,32,0.15466931995904706
DS01,mc.svm_OVERTPhi,svm,OVERTPhi,33,0.1521904188210869
DS01,mc.svm_OVERTPhi,svm,OVERTPhi,34,0.1497998087109524
DS01,mc.svm_OVERTPhi,svm,OVERTPhi,35,0.1435036153463728
DS01,mc.svm_OVERTPhi,svm,OVERTPhi,36,0.14506845379684474
DS01,mc.svm_OVERTPhi,svm,OVERTPhi,37,0.13695253617967112
DS01,mc.svm_OVERTPhi,svm,OVERTPhi,38,0.14610696657764843
DS01,mc.svm_OVERTPhi,svm,OVERTPhi,39,0.16002838432107933
DS01,mc.svm_OVERTPhi,svm,OVERTPhi,40,0.15153103001391666
DS01,mc.svm_OVERTPhi,svm,OVERTPhi,41,0.15215010111568533
DS01,mc.svm_OVERTPhi,svm,OVERTPhi,42,0.145802397730672
DS01,mc.svm_OVERTPhi,svm,OVERTPhi,43,0.14546774931292938
DS01,mc.svm_OVERTPhi,svm,OVERTPhi,44,0.1529153010268846
DS01,mc.svm_OVERTPhi,svm,OVERTPhi,45,0.1503210988335011
DS01,mc.svm_OVERTPhi,svm,OVERTPhi,46,0.1524824894301634
DS01,mc.svm_OVERTPhi,svm,OVERTPhi,47,0.1625981797761769
DS01,mc.svm_OVERTPhi,svm,OVERTPhi,48,0.14987929710282216
DS01,mc.svm_OVERTPhi,svm,OVERTPhi,49,0.15000934901491095
DS01,mc.svm_OVERTPhi,svm,OVERTPhi,50,0.13949771150720902
DS01,mc.svm_OVERT,svm,OVERT,1,0.4321399350650829
DS01,mc.svm_OVERT,svm,OVERT,2,0.39821308798600497
DS01,mc.svm_OVERT,svm,OVERT,3,0.377444886404716
DS01,mc.svm_OVERT,svm,OVERT,4,0.38847108820057596
DS01,mc.svm_OVERT,svm,OVERT,5,0.34204300337773336
DS01,mc.svm_OVERT,svm,OVERT,6,0.35379870769239996
DS01,mc.svm_OVERT,svm,OVERT,7,0.33649118306081693
DS01,mc.svm_OVERT,svm,OVERT,8,0.340406843719033
DS01,mc.svm_OVERT,svm,OVERT,9,0.33665250949597497
DS01,mc.svm_OVERT,svm,OVERT,10,0.3426018443945974
DS01,mc.svm_OVERT,svm,OVERT,11,0.3430146258802197
DS01,mc.svm_OVERT,svm,OVERT,12,0.35979343184754414
DS01,mc.svm_OVERT,svm,OVERT,13,0.3528991184682497
DS01,mc.svm_OVERT,svm,OVERT,14,0.3257224172928143
DS01,mc.svm_OVERT,svm,OVERT,15,0.2647740309112285
DS01,mc.svm_OVERT,svm,OVERT,16,0.2501590587533751
DS01,mc.svm_OVERT,svm,OVERT,17,0.24257614110735512
DS01,mc.svm_OVERT,svm,OVERT,18,0.24279847717762146
DS01,mc.svm_OVERT,svm,OVERT,19,0.24354187036733937
DS01,mc.svm_OVERT,svm,OVERT,20,0.24173897567201713
DS01,mc.svm_OVERT,svm,OVERT,21,0.19693458268340036
DS01,mc.svm_OVERT,svm,OVERT,22,0.19496742778445725
DS01,mc.svm_OVERT,svm,OVERT,23,0.22436905412686045
DS01,mc.svm_OVERT,svm,OVERT,24,0.23265636234229764
DS01,mc.svm_OVERT,svm,OVERT,25,0.23102415986617
DS01,mc.svm_OVERT,svm,OVERT,26,0.2198463776578377
DS01,mc.svm_OVERT,svm,OVERT,27,0.21764666882337885
DS01,mc.svm_OVERT,svm,OVERT,28,0.22708524063019903
DS01,mc.svm_OVERT,svm,OVERT,29,0.15277122367448454
DS01,mc.svm_OVERT,svm,OVERT,30,0.1640720209305988
DS01,mc.svm_OVERT,svm,OVERT,31,0.15190245050305973
DS01,mc.svm_OVERT,svm,OVERT,32,0.15362743098624038
DS01,mc.svm_OVERT,svm,OVERT,33,0.15675024861902223
DS01,mc.svm_OVERT,svm,OVERT,34,0.1517935245456921
DS01,mc.svm_OVERT,svm,OVERT,35,0.14162080190763862
DS01,mc.svm_OVERT,svm,OVERT,36,0.14431100973265615
DS01,mc.svm_OVERT,svm,OVERT,37,0.13612990150804777
DS01,mc.svm_OVERT,svm,OVERT,38,0.14753165128671086
DS01,mc.svm_OVERT,svm,OVERT,39,0.159863263421096
DS01,mc.svm_OVERT,svm,OVERT,40,0.15263212358871975
DS01,mc.svm_OVERT,svm,OVERT,41,0.14827850908618484
DS01,mc.svm_OVERT,svm,OVERT,42,0.148113616853172
DS01,mc.svm_OVERT,svm,OVERT,43,0.14425278696647062
DS01,mc.svm_OVERT,svm,OVERT,44,0.1524612410830083
DS01,mc.svm_OVERT,svm,OVERT,45,0.149907378457937
DS01,mc.svm_OVERT,svm,OVERT,46,0.14979351958205359
DS01,mc.svm_OVERT,svm,OVERT,47,0.15763045537175974
DS01,mc.svm_OVERT,svm,OVERT,48,0.15008571578956548
DS01,mc.svm_OVERT,svm,OVERT,49,0.15208564087903156
DS01,mc.svm_OVERT,svm,OVERT,50,0.1399995566435351
DS01,mc.svm_SMOTEB,svm,SMOTEB,1,0.5080578421914085
DS01,mc.svm_SMOTEB,svm,SMOTEB,2,0.505611804605508
DS01,mc.svm_SMOTEB,svm,SMOTEB,3,0.4299242809571532
DS01,mc.svm_SMOTEB,svm,SMOTEB,4,0.39309846248221486
DS01,mc.svm_SMOTEB,svm,SMOTEB,5,0.39891295800852655
DS01,mc.svm_SMOTEB,svm,SMOTEB,6,0.3779900336010326
DS01,mc.svm_SMOTEB,svm,SMOTEB,7,0.35119540402965
DS01,mc.svm_SMOTEB,svm,SMOTEB,8,0.38247592806280917
DS01,mc.svm_SMOTEB,svm,SMOTEB,9,0.38306190311433175
DS01,mc.svm_SMOTEB,svm,SMOTEB,10,0.4006530899991284
DS01,mc.svm_SMOTEB,svm,SMOTEB,11,0.34826484178162936
DS01,mc.svm_SMOTEB,svm,SMOTEB,12,0.3913714607731247
DS01,mc.svm_SMOTEB,svm,SMOTEB,13,0.38331741470709
DS01,mc.svm_SMOTEB,svm,SMOTEB,14,0.39845836749147573
DS01,mc.svm_SMOTEB,svm,SMOTEB,15,0.32967435975801346
DS01,mc.svm_SMOTEB,svm,SMOTEB,16,0.28775001422359053
DS01,mc.svm_SMOTEB,svm,SMOTEB,17,0.28367852977702385
DS01,mc.svm_SMOTEB,svm,SMOTEB,18,0.31273325658176443
DS01,mc.svm_SMOTEB,svm,SMOTEB,19,0.2846769338899839
DS01,mc.svm_SMOTEB,svm,SMOTEB,20,0.29785943114962554
DS01,mc.svm_SMOTEB,svm,SMOTEB,21,0.2185935238327491
DS01,mc.svm_SMOTEB,svm,SMOTEB,22,0.22367860838380876
DS01,mc.svm_SMOTEB,svm,SMOTEB,23,0.21110719029509933
DS01,mc.svm_SMOTEB,svm,SMOTEB,24,0.2423534454461957
DS01,mc.svm_SMOTEB,svm,SMOTEB,25,0.23822533809729834
DS01,mc.svm_SMOTEB,svm,SMOTEB,26,0.2103602623707002
DS01,mc.svm_SMOTEB,svm,SMOTEB,27,0.20860188801561969
DS01,mc.svm_SMOTEB,svm,SMOTEB,28,0.21648491265603684
DS01,mc.svm_SMOTEB,svm,SMOTEB,29,0.16517382047126922
DS01,mc.svm_SMOTEB,svm,SMOTEB,30,0.1551087736108851
DS01,mc.svm_SMOTEB,svm,SMOTEB,31,0.14896738549043056
DS01,mc.svm_SMOTEB,svm,SMOTEB,32,0.16389303155069945
DS01,mc.svm_SMOTEB,svm,SMOTEB,33,0.16625179804571416
DS01,mc.svm_SMOTEB,svm,SMOTEB,34,0.16113727650647358
DS01,mc.svm_SMOTEB,svm,SMOTEB,35,0.15865507805989815
DS01,mc.svm_SMOTEB,svm,SMOTEB,36,0.1521737748468786
DS01,mc.svm_SMOTEB,svm,SMOTEB,37,0.1476104872207894
DS01,mc.svm_SMOTEB,svm,SMOTEB,38,0.15004623770854247
DS01,mc.svm_SMOTEB,svm,SMOTEB,39,0.15254438651263452
DS01,mc.svm_SMOTEB,svm,SMOTEB,40,0.14151887761169873
DS01,mc.svm_SMOTEB,svm,SMOTEB,41,0.1483511211480424
DS01,mc.svm_SMOTEB,svm,SMOTEB,42,0.14978944112574852
DS01,mc.svm_SMOTEB,svm,SMOTEB,43,0.14946527155469694
DS01,mc.svm_SMOTEB,svm,SMOTEB,44,0.15866987972654711
DS01,mc.svm_SMOTEB,svm,SMOTEB,45,0.1707698716975836
DS01,mc.svm_SMOTEB,svm,SMOTEB,46,0.16969302791343754
DS01,mc.svm_SMOTEB,svm,SMOTEB,47,0.15311895457823319
DS01,mc.svm_SMOTEB,svm,SMOTEB,48,0.13990638206745964
DS01,mc.svm_SMOTEB,svm,SMOTEB,49,0.14236142435440335
DS01,mc.svm_SMOTEB,svm,SMOTEB,50,0.141148394191758
DS01,mc.svm_SMOTETPhi,svm,SMOTETPhi,1,0.6460529218975837
DS01,mc.svm_SMOTETPhi,svm,SMOTETPhi,2,0.6341265088419163
DS01,mc.svm_SMOTETPhi,svm,SMOTETPhi,3,0.5440939457935812
DS01,mc.svm_SMOTETPhi,svm,SMOTETPhi,4,0.5000413595618046
DS01,mc.svm_SMOTETPhi,svm,SMOTETPhi,5,0.38931215635002825
DS01,mc.svm_SMOTETPhi,svm,SMOTETPhi,6,0.42185641638555477
DS01,mc.svm_SMOTETPhi,svm,SMOTETPhi,7,0.4286307138896923
DS01,mc.svm_SMOTETPhi,svm,SMOTETPhi,8,0.4030158337992964
DS01,mc.svm_SMOTETPhi,svm,SMOTETPhi,9,0.4257240508495693
DS01,mc.svm_SMOTETPhi,svm,SMOTETPhi,10,0.42122174202580326
DS01,mc.svm_SMOTETPhi,svm,SMOTETPhi,11,0.4047970901102182
DS01,mc.svm_SMOTETPhi,svm,SMOTETPhi,12,0.4326312288733936
DS01,mc.svm_SMOTETPhi,svm,SMOTETPhi,13,0.40239217812930533
DS01,mc.svm_SMOTETPhi,svm,SMOTETPhi,14,0.4405770929331821
DS01,mc.svm_SMOTETPhi,svm,SMOTETPhi,15,0.36674679081516964
DS01,mc.svm_SMOTETPhi,svm,SMOTETPhi,16,0.26327571599182925
DS01,mc.svm_SMOTETPhi,svm,SMOTETPhi,17,0.28783199620830807
DS01,mc.svm_SMOTETPhi,svm,SMOTETPhi,18,0.2811844646600385
DS01,mc.svm_SMOTETPhi,svm,SMOTETPhi,19,0.2833037723773799
DS01,mc.svm_SMOTETPhi,svm,SMOTETPhi,20,0.27854822524768624
DS01,mc.svm_SMOTETPhi,svm,SMOTETPhi,21,0.24434785079193017
DS01,mc.svm_SMOTETPhi,svm,SMOTETPhi,22,0.23465638223250498
DS01,mc.svm_SMOTETPhi,svm,SMOTETPhi,23,0.19641242870390274
DS01,mc.svm_SMOTETPhi,svm,SMOTETPhi,24,0.20492408735978787
DS01,mc.svm_SMOTETPhi,svm,SMOTETPhi,25,0.22549690892060748
DS01,mc.svm_SMOTETPhi,svm,SMOTETPhi,26,0.25575190675378767
DS01,mc.svm_SMOTETPhi,svm,SMOTETPhi,27,0.23653992001841892
DS01,mc.svm_SMOTETPhi,svm,SMOTETPhi,28,0.17859393898901738
DS01,mc.svm_SMOTETPhi,svm,SMOTETPhi,29,0.15967450183982196
DS01,mc.svm_SMOTETPhi,svm,SMOTETPhi,30,0.14593846732536775
DS01,mc.svm_SMOTETPhi,svm,SMOTETPhi,31,0.14989802087172474
DS01,mc.svm_SMOTETPhi,svm,SMOTETPhi,32,0.15452878312941168
DS01,mc.svm_SMOTETPhi,svm,SMOTETPhi,33,0.14125715465471744
DS01,mc.svm_SMOTETPhi,svm,SMOTETPhi,34,0.1366706778143481
DS01,mc.svm_SMOTETPhi,svm,SMOTETPhi,35,0.13729733451156073
DS01,mc.svm_SMOTETPhi,svm,SMOTETPhi,36,0.1356087145130333
DS01,mc.svm_SMOTETPhi,svm,SMOTETPhi,37,0.12483658224465415
DS01,mc.svm_SMOTETPhi,svm,SMOTETPhi,38,0.1324469688312244
DS01,mc.svm_SMOTETPhi,svm,SMOTETPhi,39,0.13504578316385007
DS01,mc.svm_SMOTETPhi,svm,SMOTETPhi,40,0.137214496569129
DS01,mc.svm_SMOTETPhi,svm,SMOTETPhi,41,0.1449595190581825
DS01,mc.svm_SMOTETPhi,svm,SMOTETPhi,42,0.14296895587350583
DS01,mc.svm_SMOTETPhi,svm,SMOTETPhi,43,0.13186377917681696
DS01,mc.svm_SMOTETPhi,svm,SMOTETPhi,44,0.14049436968824938
DS01,mc.svm_SMOTETPhi,svm,SMOTETPhi,45,0.1432897524622866
DS01,mc.svm_SMOTETPhi,svm,SMOTETPhi,46,0.14750247355203716
DS01,mc.svm_SMOTETPhi,svm,SMOTETPhi,47,0.15279371545168347
DS01,mc.svm_SMOTETPhi,svm,SMOTETPhi,48,0.1286368885428928
DS01,mc.svm_SMOTETPhi,svm,SMOTETPhi,49,0.14172873820852708
DS01,mc.svm_SMOTETPhi,svm,SMOTETPhi,50,0.1388807982469775
DS01,mc.svm_SMOTET,svm,SMOTET,1,0.6692310745279434
DS01,mc.svm_SMOTET,svm,SMOTET,2,0.6672775020331764
DS01,mc.svm_SMOTET,svm,SMOTET,3,0.55190810641549
DS01,mc.svm_SMOTET,svm,SMOTET,4,0.47309886546578245
DS01,mc.svm_SMOTET,svm,SMOTET,5,0.38324262015710414
DS01,mc.svm_SMOTET,svm,SMOTET,6,0.4169748362674187
DS01,mc.svm_SMOTET,svm,SMOTET,7,0.37101872504475286
DS01,mc.svm_SMOTET,svm,SMOTET,8,0.3684523415928339
DS01,mc.svm_SMOTET,svm,SMOTET,9,0.4231677177863942
DS01,mc.svm_SMOTET,svm,SMOTET,10,0.44040192397668426
DS01,mc.svm_SMOTET,svm,SMOTET,11,0.3853721727878877
DS01,mc.svm_SMOTET,svm,SMOTET,12,0.42756149698158713
DS01,mc.svm_SMOTET,svm,SMOTET,13,0.43995328996484045
DS01,mc.svm_SMOTET,svm,SMOTET,14,0.41822493132721483
DS01,mc.svm_SMOTET,svm,SMOTET,15,0.3558549383703701
DS01,mc.svm_SMOTET,svm,SMOTET,16,0.2697003564233434
DS01,mc.svm_SMOTET,svm,SMOTET,17,0.291347711064293
DS01,mc.svm_SMOTET,svm,SMOTET,18,0.27852186638759624
DS01,mc.svm_SMOTET,svm,SMOTET,19,0.2847644718237309
DS01,mc.svm_SMOTET,svm,SMOTET,20,0.27536759107759906
DS01,mc.svm_SMOTET,svm,SMOTET,21,0.22764683170002784
DS01,mc.svm_SMOTET,svm,SMOTET,22,0.23559768208086543
DS01,mc.svm_SMOTET,svm,SMOTET,23,0.18333493148823882
DS01,mc.svm_SMOTET,svm,SMOTET,24,0.21160733006090549
DS01,mc.svm_SMOTET,svm,SMOTET,25,0.21650263371117034
DS01,mc.svm_SMOTET,svm,SMOTET,26,0.2141204829133353
DS01,mc.svm_SMOTET,svm,SMOTET,27,0.2495345499085183
DS01,mc.svm_SMOTET,svm,SMOTET,28,0.1922498233934906
DS01,mc.svm_SMOTET,svm,SMOTET,29,0.15753027182841103
DS01,mc.svm_SMOTET,svm,SMOTET,30,0.15146369296581833
DS01,mc.svm_SMOTET,svm,SMOTET,31,0.14212456346151364
DS01,mc.svm_SMOTET,svm,SMOTET,32,0.14600186214986194
DS01,mc.svm_SMOTET,svm,SMOTET,33,0.14481673758768857
DS01,mc.svm_SMOTET,svm,SMOTET,34,0.14492403188125935
DS01,mc.svm_SMOTET,svm,SMOTET,35,0.14734733700723707
DS01,mc.svm_SMOTET,svm,SMOTET,36,0.1461162463360781
DS01,mc.svm_SMOTET,svm,SMOTET,37,0.1329945880132873
DS01,mc.svm_SMOTET,svm,SMOTET,38,0.14406228041978075
DS01,mc.svm_SMOTET,svm,SMOTET,39,0.14349031027242498
DS01,mc.svm_SMOTET,svm,SMOTET,40,0.14525514302723647
DS01,mc.svm_SMOTET,svm,SMOTET,41,0.14978521171557685
DS01,mc.svm_SMOTET,svm,SMOTET,42,0.1602230411869801
DS01,mc.svm_SMOTET,svm,SMOTET,43,0.1401269406248098
DS01,mc.svm_SMOTET,svm,SMOTET,44,0.1464652856373439
DS01,mc.svm_SMOTET,svm,SMOTET,45,0.13804132164605748
DS01,mc.svm_SMOTET,svm,SMOTET,46,0.14685951185711205
DS01,mc.svm_SMOTET,svm,SMOTET,47,0.16557614540602072
DS01,mc.svm_SMOTET,svm,SMOTET,48,0.14113951904021105
DS01,mc.svm_SMOTET,svm,SMOTET,49,0.14887793261137575
DS01,mc.svm_SMOTET,svm,SMOTET,50,0.14509711288015623
DS01,mc.svm_UNDERB,svm,UNDERB,1,0.45435322713402937
DS01,mc.svm_UNDERB,svm,UNDERB,2,0.5006434841097503
DS01,mc.svm_UNDERB,svm,UNDERB,3,0.41572436243359256
DS01,mc.svm_UNDERB,svm,UNDERB,4,0.36831488781359095
DS01,mc.svm_UNDERB,svm,UNDERB,5,0.35719398935545266
DS01,mc.svm_UNDERB,svm,UNDERB,6,0.4149463892608049
DS01,mc.svm_UNDERB,svm,UNDERB,7,0.3615091633604578
DS01,mc.svm_UNDERB,svm,UNDERB,8,0.40995236834006393
DS01,mc.svm_UNDERB,svm,UNDERB,9,0.30452133017200755
DS01,mc.svm_UNDERB,svm,UNDERB,10,0.35061123206168165
DS01,mc.svm_UNDERB,svm,UNDERB,11,0.35432245796337486
DS01,mc.svm_UNDERB,svm,UNDERB,12,0.34111180691504056
DS01,mc.svm_UNDERB,svm,UNDERB,13,0.3656861295164527
DS01,mc.svm_UNDERB,svm,UNDERB,14,0.3865318460656825
DS01,mc.svm_UNDERB,svm,UNDERB,15,0.35167027669476325
DS01,mc.svm_UNDERB,svm,UNDERB,16,0.2767600567874814
DS01,mc.svm_UNDERB,svm,UNDERB,17,0.26415613913770575
DS01,mc.svm_UNDERB,svm,UNDERB,18,0.27492882401819424
DS01,mc.svm_UNDERB,svm,UNDERB,19,0.24953947393848505
DS01,mc.svm_UNDERB,svm,UNDERB,20,0.22120688750627368
DS01,mc.svm_UNDERB,svm,UNDERB,21,0.21905553083988827
DS01,mc.svm_UNDERB,svm,UNDERB,22,0.19055115783155752
DS01,mc.svm_UNDERB,svm,UNDERB,23,0.19087010356874987
DS01,mc.svm_UNDERB,svm,UNDERB,24,0.20593345655063677
DS01,mc.svm_UNDERB,svm,UNDERB,25,0.2318762753842551
DS01,mc.svm_UNDERB,svm,UNDERB,26,0.20593957975411992
DS01,mc.svm_UNDERB,svm,UNDERB,27,0.18436989543504506
DS01,mc.svm_UNDERB,svm,UNDERB,28,0.24251808940158492
DS01,mc.svm_UNDERB,svm,UNDERB,29,0.17299921047303302
DS01,mc.svm_UNDERB,svm,UNDERB,30,0.19285749479621428
DS01,mc.svm_UNDERB,svm,UNDERB,31,0.1301401852824695
DS01,mc.svm_UNDERB,svm,UNDERB,32,0.13976349409840638
DS01,mc.svm_UNDERB,svm,UNDERB,33,0.1760689611824954
DS01,mc.svm_UNDERB,svm,UNDERB,34,0.18418780719625472
DS01,mc.svm_UNDERB,svm,UNDERB,35,0.1610407622977385
DS01,mc.svm_UNDERB,svm,UNDERB,36,0.12802728398984306
DS01,mc.svm_UNDERB,svm,UNDERB,37,0.13452877283315465
DS01,mc.svm_UNDERB,svm,UNDERB,38,0.14987082941844135
DS01,mc.svm_UNDERB,svm,UNDERB,39,0.12439718928352386
DS01,mc.svm_UNDERB,svm,UNDERB,40,0.1510224932595216
DS01,mc.svm_UNDERB,svm,UNDERB,41,0.15112269166483833
DS01,mc.svm_UNDERB,svm,UNDERB,42,0.15863734564877874
DS01,mc.svm_UNDERB,svm,UNDERB,43,0.15973089311619776
DS01,mc.svm_UNDERB,svm,UNDERB,44,0.1641459602584991
DS01,mc.svm_UNDERB,svm,UNDERB,45,0.17434733309921627
DS01,mc.svm_UNDERB,svm,UNDERB,46,0.15517474535750814
DS01,mc.svm_UNDERB,svm,UNDERB,47,0.17235476989689646
DS01,mc.svm_UNDERB,svm,UNDERB,48,0.14829367276064842
DS01,mc.svm_UNDERB,svm,UNDERB,49,0.15377802578066166
DS01,mc.svm_UNDERB,svm,UNDERB,50,0.1398845619261958
DS01,mc.svm_UNDERTPhi,svm,UNDERTPhi,1,0.5181613287970143
DS01,mc.svm_UNDERTPhi,svm,UNDERTPhi,2,0.4582328114000949
DS01,mc.svm_UNDERTPhi,svm,UNDERTPhi,3,0.38106944247042734
DS01,mc.svm_UNDERTPhi,svm,UNDERTPhi,4,0.3716056717785989
DS01,mc.svm_UNDERTPhi,svm,UNDERTPhi,5,0.3840757013530165
DS01,mc.svm_UNDERTPhi,svm,UNDERTPhi,6,0.41997317573528115
DS01,mc.svm_UNDERTPhi,svm,UNDERTPhi,7,0.3047712030841784
DS01,mc.svm_UNDERTPhi,svm,UNDERTPhi,8,0.33058511581547473
DS01,mc.svm_UNDERTPhi,svm,UNDERTPhi,9,0.4066271310940112
DS01,mc.svm_UNDERTPhi,svm,UNDERTPhi,10,0.39105229466535335
DS01,mc.svm_UNDERTPhi,svm,UNDERTPhi,11,0.36291332414926347
DS01,mc.svm_UNDERTPhi,svm,UNDERTPhi,12,0.3821571416689882
DS01,mc.svm_UNDERTPhi,svm,UNDERTPhi,13,0.384741899881129
DS01,mc.svm_UNDERTPhi,svm,UNDERTPhi,14,0.3700168235020488
DS01,mc.svm_UNDERTPhi,svm,UNDERTPhi,15,0.2962389651856382
DS01,mc.svm_UNDERTPhi,svm,UNDERTPhi,16,0.2910562560575695
DS01,mc.svm_UNDERTPhi,svm,UNDERTPhi,17,0.2599713588034736
DS01,mc.svm_UNDERTPhi,svm,UNDERTPhi,18,0.2856129912644117
DS01,mc.svm_UNDERTPhi,svm,UNDERTPhi,19,0.2692583778096904
DS01,mc.svm_UNDERTPhi,svm,UNDERTPhi,20,0.22497709984783584
DS01,mc.svm_UNDERTPhi,svm,UNDERTPhi,21,0.19385049450570613
DS01,mc.svm_UNDERTPhi,svm,UNDERTPhi,22,0.20552779347763184
DS01,mc.svm_UNDERTPhi,svm,UNDERTPhi,23,0.20934804322409656
DS01,mc.svm_UNDERTPhi,svm,UNDERTPhi,24,0.20236685301436852
DS01,mc.svm_UNDERTPhi,svm,UNDERTPhi,25,0.23993184504400683
DS01,mc.svm_UNDERTPhi,svm,UNDERTPhi,26,0.17322861939045292
DS01,mc.svm_UNDERTPhi,svm,UNDERTPhi,27,0.2087298863714796
DS01,mc.svm_UNDERTPhi,svm,UNDERTPhi,28,0.18983989406257573
DS01,mc.svm_UNDERTPhi,svm,UNDERTPhi,29,0.1499006010053803
DS01,mc.svm_UNDERTPhi,svm,UNDERTPhi,30,0.18286568114961899
DS01,mc.svm_UNDERTPhi,svm,UNDERTPhi,31,0.1759053172337676
DS01,mc.svm_UNDERTPhi,svm,UNDERTPhi,32,0.13945257942139264
DS01,mc.svm_UNDERTPhi,svm,UNDERTPhi,33,0.13234843531161053
DS01,mc.svm_UNDERTPhi,svm,UNDERTPhi,34,0.13718690643581846
DS01,mc.svm_UNDERTPhi,svm,UNDERTPhi,35,0.13710324971906068
DS01,mc.svm_UNDERTPhi,svm,UNDERTPhi,36,0.12127187771291409
DS01,mc.svm_UNDERTPhi,svm,UNDERTPhi,37,0.12366068813002518
DS01,mc.svm_UNDERTPhi,svm,UNDERTPhi,38,0.13763689566447357
DS01,mc.svm_UNDERTPhi,svm,UNDERTPhi,39,0.1282264857097535
DS01,mc.svm_UNDERTPhi,svm,UNDERTPhi,40,0.13258682853582698
DS01,mc.svm_UNDERTPhi,svm,UNDERTPhi,41,0.1262184623925348
DS01,mc.svm_UNDERTPhi,svm,UNDERTPhi,42,0.14392511366223673
DS01,mc.svm_UNDERTPhi,svm,UNDERTPhi,43,0.1304912257638576
DS01,mc.svm_UNDERTPhi,svm,UNDERTPhi,44,0.1338549701007157
DS01,mc.svm_UNDERTPhi,svm,UNDERTPhi,45,0.16611503507881414
DS01,mc.svm_UNDERTPhi,svm,UNDERTPhi,46,0.1567790616917058
DS01,mc.svm_UNDERTPhi,svm,UNDERTPhi,47,0.15606321543411475
DS01,mc.svm_UNDERTPhi,svm,UNDERTPhi,48,0.1360382048386588
DS01,mc.svm_UNDERTPhi,svm,UNDERTPhi,49,0.1697695795307031
DS01,mc.svm_UNDERTPhi,svm,UNDERTPhi,50,0.15420546564342513
DS01,mc.svm_UNDERT,svm,UNDERT,1,0.4667746966836487
DS01,mc.svm_UNDERT,svm,UNDERT,2,0.4848157020997525
DS01,mc.svm_UNDERT,svm,UNDERT,3,0.44448806296884824
DS01,mc.svm_UNDERT,svm,UNDERT,4,0.40173909909814914
DS01,mc.svm_UNDERT,svm,UNDERT,5,0.40557380518868813
DS01,mc.svm_UNDERT,svm,UNDERT,6,0.37967246372184277
DS01,mc.svm_UNDERT,svm,UNDERT,7,0.35045320996810814
DS01,mc.svm_UNDERT,svm,UNDERT,8,0.3374199250394325
DS01,mc.svm_UNDERT,svm,UNDERT,9,0.31816839026253163
DS01,mc.svm_UNDERT,svm,UNDERT,10,0.37501748024066534
DS01,mc.svm_UNDERT,svm,UNDERT,11,0.357598982008003
DS01,mc.svm_UNDERT,svm,UNDERT,12,0.38869867653344037
DS01,mc.svm_UNDERT,svm,UNDERT,13,0.39361185967686235
DS01,mc.svm_UNDERT,svm,UNDERT,14,0.3491180417677201
DS01,mc.svm_UNDERT,svm,UNDERT,15,0.32630617871528
DS01,mc.svm_UNDERT,svm,UNDERT,16,0.2640871870121492
DS01,mc.svm_UNDERT,svm,UNDERT,17,0.27894873002432496
DS01,mc.svm_UNDERT,svm,UNDERT,18,0.28835682259120715
DS01,mc.svm_UNDERT,svm,UNDERT,19,0.2628514125151273
DS01,mc.svm_UNDERT,svm,UNDERT,20,0.22324679509109094
DS01,mc.svm_UNDERT,svm,UNDERT,21,0.22711850210422885
DS01,mc.svm_UNDERT,svm,UNDERT,22,0.23450585611069452
DS01,mc.svm_UNDERT,svm,UNDERT,23,0.18601120583384814
DS01,mc.svm_UNDERT,svm,UNDERT,24,0.18489318552748535
DS01,mc.svm_UNDERT,svm,UNDERT,25,0.20614640174539256
DS01,mc.svm_UNDERT,svm,UNDERT,26,0.2238398374384474
DS01,mc.svm_UNDERT,svm,UNDERT,27,0.15933906954122312
DS01,mc.svm_UNDERT,svm,UNDERT,28,0.17838757427063903
DS01,mc.svm_UNDERT,svm,UNDERT,29,0.16581189625936466
DS01,mc.svm_UNDERT,svm,UNDERT,30,0.14340417802428795
DS01,mc.svm_UNDERT,svm,UNDERT,31,0.17169244156047048
DS01,mc.svm_UNDERT,svm,UNDERT,32,0.15155451088642724
DS01,mc.svm_UNDERT,svm,UNDERT,33,0.14967292131889018
DS01,mc.svm_UNDERT,svm,UNDERT,34,0.1420306856976222
DS01,mc.svm_UNDERT,svm,UNDERT,35,0.1528452312688496
DS01,mc.svm_UNDERT,svm,UNDERT,36,0.14175878205130035
DS01,mc.svm_UNDERT,svm,UNDERT,37,0.15285440921576487
DS01,mc.svm_UNDERT,svm,UNDERT,38,0.14638635007330256
DS01,mc.svm_UNDERT,svm,UNDERT,39,0.13135863654799482
DS01,mc.svm_UNDERT,svm,UNDERT,40,0.14175354592686795
DS01,mc.svm_UNDERT,svm,UNDERT,41,0.12568468399826144
DS01,mc.svm_UNDERT,svm,UNDERT,42,0.13356256788441748
DS01,mc.svm_UNDERT,svm,UNDERT,43,0.14973417840467024
DS01,mc.svm_UNDERT,svm,UNDERT,44,0.16102118242952485
DS01,mc.svm_UNDERT,svm,UNDERT,45,0.168155612348597
DS01,mc.svm_UNDERT,svm,UNDERT,46,0.16566424291338788
DS01,mc.svm_UNDERT,svm,UNDERT,47,0.187807512907664
DS01,mc.svm_UNDERT,svm,UNDERT,48,0.14251279068502168
DS01,mc.svm_UNDERT,svm,UNDERT,49,0.1355382479599575
DS01,mc.svm_UNDERT,svm,UNDERT,50,0.12292718645708293
DS01,mc.svm,svm,baseline,1,0.457223660566439
DS01,mc.svm,svm,baseline,2,0.4446802762024923
DS01,mc.svm,svm,baseline,3,0.4347880054978205
DS01,mc.svm,svm,baseline,4,0.39896103151742635
DS01,mc.svm,svm,baseline,5,0.37018235174853353
DS01,mc.svm,svm,baseline,6,0.3606858519586721
DS01,mc.svm,svm,baseline,7,0.33743041470129387
DS01,mc.svm,svm,baseline,8,0.3396940197497485
DS01,mc.svm,svm,baseline,9,0.339049649037718
DS01,mc.svm,svm,baseline,10,0.33848596059763336
DS01,mc.svm,svm,baseline,11,0.3435360966982304
DS01,mc.svm,svm,baseline,12,0.340833107212462
DS01,mc.svm,svm,baseline,13,0.3338626454038209
DS01,mc.svm,svm,baseline,14,0.3106154236370029
DS01,mc.svm,svm,baseline,15,0.2821651946289298
DS01,mc.svm,svm,baseline,16,0.25195060801497315
DS01,mc.svm,svm,baseline,17,0.2389114331550243
DS01,mc.svm,svm,baseline,18,0.2344662597483601
DS01,mc.svm,svm,baseline,19,0.22521522857311346
DS01,mc.svm,svm,baseline,20,0.2157866480437606
DS01,mc.svm,svm,baseline,21,0.17676322291077154
DS01,mc.svm,svm,baseline,22,0.17852318801012346
DS01,mc.svm,svm,baseline,23,0.1717539335059446
DS01,mc.svm,svm,baseline,24,0.18034597287679652
DS01,mc.svm,svm,baseline,25,0.18353645551939068
DS01,mc.svm,svm,baseline,26,0.1743658549957578
DS01,mc.svm,svm,baseline,27,0.1739529039528314
DS01,mc.svm,svm,baseline,28,0.18277840117840125
DS01,mc.svm,svm,baseline,29,0.14542428465051066
DS01,mc.svm,svm,baseline,30,0.1437197032337445
DS01,mc.svm,svm,baseline,31,0.14121716015273464
DS01,mc.svm,svm,baseline,32,0.14033236304294103
DS01,mc.svm,svm,baseline,33,0.14100015605664787
DS01,mc.svm,svm,baseline,34,0.12952791565458596
DS01,mc.svm,svm,baseline,35,0.1301413196368979
DS01,mc.svm,svm,baseline,36,0.12744327172247774
DS01,mc.svm,svm,baseline,37,0.12729363902113644
DS01,mc.svm,svm,baseline,38,0.12926284067214705
DS01,mc.svm,svm,baseline,39,0.1363375538106213
DS01,mc.svm,svm,baseline,40,0.13517745767112022
DS01,mc.svm,svm,baseline,41,0.13526521488748544
DS01,mc.svm,svm,baseline,42,0.13454446870266018
DS01,mc.svm,svm,baseline,43,0.13939994494122537
DS01,mc.svm,svm,baseline,44,0.14346290410184728
DS01,mc.svm,svm,baseline,45,0.14155835070863002
DS01,mc.svm,svm,baseline,46,0.1489144477605474
DS01,mc.svm,svm,baseline,47,0.16753691728295073
DS01,mc.svm,svm,baseline,48,0.15192016808310954
DS01,mc.svm,svm,baseline,49,0.1500642971111656
DS01,mc.svm,svm,baseline,50,0.1370605331454556
