dataset_id,workflow,model_family,strategy,iteration,sera
DS05,mc.BDES,BDES,baseline,1,1.2409101327702832
DS05,mc.BDES,BDES,baseline,2,1.2114867978019734
DS05,mc.BDES,BDES,baseline,3,1.0909173355129547
DS05,mc.BDES,BDES,baseline,4,1.1025125860629992
DS05,mc.BDES,BDES,baseline,5,1.174080460784981
DS05,mc.BDES,BDES,baseline,6,1.1655378630011657
DS05,mc.BDES,BDES,baseline,7,1.1665788674162765
DS05,mc.BDES,BDES,baseline,8,1.1708441793512567
DS05,mc.BDES,BDES,baseline,9,1.169854543088338
DS05,mc.BDES,BDES,baseline,10,1.1634457284052622
DS05,mc.BDES,BDES,baseline,11,1.1573144966054318
DS05,mc.BDES,BDES,baseline,12,1.1697984724459047
DS05,mc.BDES,BDES,baseline,13,1.167790985064182
DS05,mc.BDES,BDES,baseline,14,1.1695999463182167
DS05,mc.BDES,BDES,baseline,15,1.169278671812572
DS05,mc.BDES,BDES,baseline,16,1.1710410650852447
DS05,mc.BDES,BDES,baseline,17,1.1703677741293677
DS05,mc.BDES,BDES,baseline,18,1.1727220347936071
DS05,mc.BDES,BDES,baseline,19,1.1775551361348429
DS05,mc.BDES,BDES,baseline,20,1.1675239689198693
DS05,mc.BDES,BDES,baseline,21,1.2240861839473247
DS05,mc.BDES,BDES,baseline,22,1.1929022529691178
DS05,mc.BDES,BDES,baseline,23,1.2060688237774297
DS05,mc.BDES,BDES,baseline,24,1.213449136359064
DS05,mc.BDES,BDES,baseline,25,1.1997585292520807
DS05,mc.BDES,BDES,baseline,26,1.203287338842241
DS05,mc.BDES,BDES,baseline,27,1.1715681994274958
DS05,mc.BDES,BDES,baseline,28,1.172675047082205
DS05,mc.BDES,BDES,baseline,29,1.161965765605851
DS05,mc.BDES,BDES,baseline,30,1.1593073777658214
DS05,mc.BDES,BDES,baseline,31,1.167073274982919
DS05,mc.BDES,BDES,baseline,32,1.1809489122908576
DS05,mc.BDES,BDES,baseline,33,1.2126119981795673
DS05,mc.BDES,BDES,baseline,34,1.2096253909460213
DS05,mc.BDES,BDES,baseline,35,1.2181407169604739
DS05,mc.BDES,BDES,baseline,36,1.2079051777662997
DS05,mc.BDES,BDES,baseline,37,1.1961078841554869
DS05,mc.BDES,BDES,baseline,38,1.1965871323906145
DS05,mc.BDES,BDES,baseline,39,1.2027366441347391
DS05,mc.BDES,BDES,baseline,40,1.212743792109807
DS05,mc.BDES,BDES,baseline,41,1.2069328798087293
DS05,mc.BDES,BDES,baseline,42,1.1515193923314961
DS05,mc.BDES,BDES,baseline,43,1.1572665462271416
DS05,mc.BDES,BDES,baseline,44,1.1658519349573482
DS05,mc.BDES,BDES,baseline,45,1.1558579993494555
DS05,mc.BDES,BDES,baseline,46,1.159562471746467
DS05,mc.BDES,BDES,baseline,47,1.1615511075716605
DS05,mc.BDES,BDES,baseline,48,1.1677387244626696
DS05,mc.BDES,BDES,baseline,49,1.1695026911516657
DS05,mc.BDES,BDES,baseline,50,1.1440940962469746
DS05,mc.arima,arima,baseline,1,1.1713752452114912
DS05,mc.arima,arima,baseline,2,1.147955598911909
DS05,mc.arima,arima,baseline,3,1.0201438429018819
DS05,mc.arima,arima,baseline,4,1.0330334883936019
DS05,mc.arima,arima,baseline,5,1.2279558436243216
DS05,mc.arima,arima,baseline,6,1.1000707383622708
DS05,mc.arima,arima,baseline,7,1.2176776773120421
DS05,mc.arima,arima,baseline,8,1.2219065644537346
DS05,mc.arima,arima,baseline,9,1.2225778374445528
DS05,mc.arima,arima,baseline,10,1.2191041397577858
DS05,mc.arima,arima,baseline,11,1.2149367832432447
DS05,mc.arima,arima,baseline,12,1.2234083781180265
DS05,mc.arima,arima,baseline,13,1.2229952726459137
DS05,mc.arima,arima,baseline,14,1.0962100916438344
DS05,mc.arima,arima,baseline,15,1.0965285363103878
DS05,mc.arima,arima,baseline,16,1.2266106286959826
DS05,mc.arima,arima,baseline,17,1.2254988791129715
DS05,mc.arima,arima,baseline,18,1.069988432269301
DS05,mc.arima,arima,baseline,19,1.2308584498864472
DS05,mc.arima,arima,baseline,20,1.2221366892482675
DS05,mc.arima,arima,baseline,21,1.2828765549465078
DS05,mc.arima,arima,baseline,22,1.2587454696804141
DS05,mc.arima,arima,baseline,23,1.2699749574484607
DS05,mc.arima,arima,baseline,24,1.1157507221262977
DS05,mc.arima,arima,baseline,25,1.2675456866777406
DS05,mc.arima,arima,baseline,26,1.268598408062702
DS05,mc.arima,arima,baseline,27,1.2363948425965718
DS05,mc.arima,arima,baseline,28,1.234128065373282
DS05,mc.arima,arima,baseline,29,1.0222440139816846
DS05,mc.arima,arima,baseline,30,1.228774790380499
DS05,mc.arima,arima,baseline,31,1.2318058572693698
DS05,mc.arima,arima,baseline,32,1.081806073683819
DS05,mc.arima,arima,baseline,33,1.09009909873005
DS05,mc.arima,arima,baseline,34,1.3108850103554626
DS05,mc.arima,arima,baseline,35,1.119527923688256
DS05,mc.arima,arima,baseline,36,1.3023151041184662
DS05,mc.arima,arima,baseline,37,1.292929495940488
DS05,mc.arima,arima,baseline,38,1.0744524904717303
DS05,mc.arima,arima,baseline,39,1.3006140395731627
DS05,mc.arima,arima,baseline,40,1.3066095716716384
DS05,mc.arima,arima,baseline,41,1.1600403348832289
DS05,mc.arima,arima,baseline,42,1.0983937791449563
DS05,mc.arima,arima,baseline,43,1.1035747684908241
DS05,mc.arima,arima,baseline,44,1.114453385662454
DS05,mc.arima,arima,baseline,45,1.1060692291477212
DS05,mc.arima,arima,baseline,46,1.1150566929505241
DS05,mc.arima,arima,baseline,47,1.1175122585788224
DS05,mc.arima,arima,baseline,48,1.1234150781939873
DS05,mc.arima,arima,baseline,49,1.1234526477891111
DS05,mc.arima,arima,baseline,50,1.1068963961403318
DS05,mc.lm_OVERB,lm,OVERB,1,1.1793955892137278
DS05,mc.lm_OVERB,lm,OVERB,2,1.1538069358679508
DS05,mc.lm_OVERB,lm,OVERB,3,1.075859459169595
DS05,mc.lm_OVERB,lm,OVERB,4,1.065747194919079
DS05,mc.lm_OVERB,lm,OVERB,5,1.1622215986191096
DS05,mc.lm_OVERB,lm,OVERB,6,1.170792024291479
DS05,mc.lm_OVERB,lm,OVERB,7,1.1487391869692967
DS05,mc.lm_OVERB,lm,OVERB,8,1.1681057921822695
DS05,mc.lm_OVERB,lm,OVERB,9,1.1499957708188844
DS05,mc.lm_OVERB,lm,OVERB,10,1.1871360065928525
DS05,mc.lm_OVERB,lm,OVERB,11,1.114331143678502
DS05,mc.lm_OVERB,lm,OVERB,12,1.1258074685065589
DS05,mc.lm_OVERB,lm,OVERB,13,1.1287838143780353
DS05,mc.lm_OVERB,lm,OVERB,14,1.1297418198606928
DS05,mc.lm_OVERB,lm,OVERB,15,1.123971624579607
DS05,mc.lm_OVERB,lm,OVERB,16,1.1442933950021252
DS05,mc.lm_OVERB,lm,OVERB,17,1.1390060241344768
DS05,mc.lm_OVERB,lm,OVERB,18,1.1679695442309714
DS05,mc.lm_OVERB,lm,OVERB,19,1.131124902227987
DS05,mc.lm_OVERB,lm,OVERB,20,1.1385867175292892
DS05,mc.lm_OVERB,lm,OVERB,21,1.1618516897714197
DS05,mc.lm_OVERB,lm,OVERB,22,1.1590819460758086
DS05,mc.lm_OVERB,lm,OVERB,23,1.145572678197371
DS05,mc.lm_OVERB,lm,OVERB,24,1.1305458953871506
DS05,mc.lm_OVERB,lm,OVERB,25,1.1375842666589415
DS05,mc.lm_OVERB,lm,OVERB,26,1.137542333423605
DS05,mc.lm_OVERB,lm,OVERB,27,1.096690164441865
DS05,mc.lm_OVERB,lm,OVERB,28,1.097652124388446
DS05,mc.lm_OVERB,lm,OVERB,29,1.0957290852787989
DS05,mc.lm_OVERB,lm,OVERB,30,1.0948852426920692
DS05,mc.lm_OVERB,lm,OVERB,31,1.0832342362708258
DS05,mc.lm_OVERB,lm,OVERB,32,1.0983152127616354
DS05,mc.lm_OVERB,lm,OVERB,33,1.1513184677188684
DS05,mc.lm_OVERB,lm,OVERB,34,1.1290985558223787
DS05,mc.lm_OVERB,lm,OVERB,35,1.1532314989824148
DS05,mc.lm_OVERB,lm,OVERB,36,1.1507579196896427
DS05,mc.lm_OVERB,lm,OVERB,37,1.129557704310407
DS05,mc.lm_OVERB,lm,OVERB,38,1.1264753973812731
DS05,mc.lm_OVERB,lm,OVERB,39,1.1307451846680812
DS05,mc.lm_OVERB,lm,OVERB,40,1.1511384247590146
DS05,mc.lm_OVERB,lm,OVERB,41,1.1126407378753442
DS05,mc.lm_OVERB,lm,OVERB,42,1.0562533080815795
DS05,mc.lm_OVERB,lm,OVERB,43,1.0823437758267516
DS05,mc.lm_OVERB,lm,OVERB,44,1.0810106443677705
DS05,mc.lm_OVERB,lm,OVERB,45,1.071551564276178
DS05,mc.lm_OVERB,lm,OVERB,46,1.0788157021035807
DS05,mc.lm_OVERB,lm,OVERB,47,1.1018331794599139
DS05,mc.lm_OVERB,lm,OVERB,48,1.083061954253925
DS05,mc.lm_OVERB,lm,OVERB,49,1.0824056859048876
DS05,mc.lm_OVERB,lm,OVERB,50,1.0686333363966054
DS05,mc.lm_OVERTPhi,lm,OVERTPhi,1,1.2179462916737744
DS05,mc.lm_OVERTPhi,lm,OVERTPhi,2,1.1758501678062354
DS05,mc.lm_OVERTPhi,lm,OVERTPhi,3,1.1085438767805669
DS05,mc.lm_OVERTPhi,lm,OVERTPhi,4,1.1178010216648637
DS05,mc.lm_OVERTPhi,lm,OVERTPhi,5,1.2075309499163478
DS05,mc.lm_OVERTPhi,lm,OVERTPhi,6,1.2074159084149252
DS05,mc.lm_OVERTPhi,lm,OVERTPhi,7,1.2244816604139792
DS05,mc.lm_OVERTPhi,lm,OVERTPhi,8,1.213382779072248
DS05,mc.lm_OVERTPhi,lm,OVERTPhi,9,1.2267821664453422
DS05,mc.lm_OVERTPhi,lm,OVERTPhi,10,1.234276098745382
DS05,mc.lm_OVERTPhi,lm,OVERTPhi,11,1.1651831924896052
DS05,mc.lm_OVERTPhi,lm,OVERTPhi,12,1.1882188496640245
DS05,mc.lm_OVERTPhi,lm,OVERTPhi,13,1.1690833410979387
DS05,mc.lm_OVERTPhi,lm,OVERTPhi,14,1.230872267919529
DS05,mc.lm_OVERTPhi,lm,OVERTPhi,15,1.2060906589203115
DS05,mc.lm_OVERTPhi,lm,OVERTPhi,16,1.2042126625637843
DS05,mc.lm_OVERTPhi,lm,OVERTPhi,17,1.2010361970817383
DS05,mc.lm_OVERTPhi,lm,OVERTPhi,18,1.2114227760915406
DS05,mc.lm_OVERTPhi,lm,OVERTPhi,19,1.1861652260473452
DS05,mc.lm_OVERTPhi,lm,OVERTPhi,20,1.146908805473109
DS05,mc.lm_OVERTPhi,lm,OVERTPhi,21,1.1734032252603013
DS05,mc.lm_OVERTPhi,lm,OVERTPhi,22,1.1433001889403764
DS05,mc.lm_OVERTPhi,lm,OVERTPhi,23,1.1424231732297583
DS05,mc.lm_OVERTPhi,lm,OVERTPhi,24,1.1573308117924588
DS05,mc.lm_OVERTPhi,lm,OVERTPhi,25,1.1528150266226262
DS05,mc.lm_OVERTPhi,lm,OVERTPhi,26,1.1481712388383727
DS05,mc.lm_OVERTPhi,lm,OVERTPhi,27,1.0758056363212989
DS05,mc.lm_OVERTPhi,lm,OVERTPhi,28,1.0827206583813025
DS05,mc.lm_OVERTPhi,lm,OVERTPhi,29,1.0382306861066268
DS05,mc.lm_OVERTPhi,lm,OVERTPhi,30,1.0403061203488666
DS05,mc.lm_OVERTPhi,lm,OVERTPhi,31,1.0549176654112309
DS05,mc.lm_OVERTPhi,lm,OVERTPhi,32,1.0661434286185862
DS05,mc.lm_OVERTPhi,lm,OVERTPhi,33,1.1069527828739063
DS05,mc.lm_OVERTPhi,lm,OVERTPhi,34,1.101238517236547
DS05,mc.lm_OVERTPhi,lm,OVERTPhi,35,1.1115427412348469
DS05,mc.lm_OVERTPhi,lm,OVERTPhi,36,1.1059625688962156
DS05,mc.lm_OVERTPhi,lm,OVERTPhi,37,1.1093707195365556
DS05,mc.lm_OVERTPhi,lm,OVERTPhi,38,1.1001983840737242
DS05,mc.lm_OVERTPhi,lm,OVERTPhi,39,1.1054598517152692
DS05,mc.lm_OVERTPhi,lm,OVERTPhi,40,1.1009869853728815
DS05,mc.lm_OVERTPhi,lm,OVERTPhi,41,1.1027507589852883
DS05,mc.lm_OVERTPhi,lm,OVERTPhi,42,1.051556188008704
DS05,mc.lm_OVERTPhi,lm,OVERTPhi,43,1.0534598903192838
DS05,mc.lm_OVERTPhi,lm,OVERTPhi,44,1.0705701611573328
DS05,mc.lm_OVERTPhi,lm,OVERTPhi,45,1.065483502880655
DS05,mc.lm_OVERTPhi,lm,OVERTPhi,46,1.057262077467192
DS05,mc.lm_OVERTPhi,lm,OVERTPhi,47,1.0624302162755939
DS05,mc.lm_OVERTPhi,lm,OVERTPhi,48,1.0604322838480746
DS05,mc.lm_OVERTPhi,lm,OVERTPhi,49,1.0831437313120487
DS05,mc.lm_OVERTPhi,lm,OVERTPhi,50,1.066298464280405
DS05,mc.lm_OVERT,lm,OVERT,1,1.2179462916737744
DS05,mc.lm_OVERT,lm,OVERT,2,1.1758501678062354
DS05,mc.lm_OVERT,lm,OVERT,3,1.1085438767805669
DS05,mc.lm_OVERT,lm,OVERT,4,1.1178010216648637
DS05,mc.lm_OVERT,lm,OVERT,5,1.2075309499163478
DS05,mc.lm_OVERT,lm,OVERT,6,1.2074159084149252
DS05,mc.lm_OVERT,lm,OVERT,7,1.2244816604139792
DS05,mc.lm_OVERT,lm,OVERT,8,1.213382779072248
DS05,mc.lm_OVERT,lm,OVERT,9,1.2267821664453422
DS05,mc.lm_OVERT,lm,OVERT,10,1.234276098745382
DS05,mc.lm_OVERT,lm,OVERT,11,1.1651831924896052
DS05,mc.lm_OVERT,lm,OVERT,12,1.1882188496640245
DS05,mc.lm_OVERT,lm,OVERT,13,1.1690833410979387
DS05,mc.lm_OVERT,lm,OVERT,14,1.230872267919529
DS05,mc.lm_OVERT,lm,OVERT,15,1.2060906589203115
DS05,mc.lm_OVERT,lm,OVERT,16,1.2042126625637843
DS05,mc.lm_OVERT,lm,OVERT,17,1.2010361970817383
DS05,mc.lm_OVERT,lm,OVERT,18,1.2114227760915406
DS05,mc.lm_OVERT,lm,OVERT,19,1.1861652260473452
DS05,mc.lm_OVERT,lm,OVERT,20,1.146908805473109
DS05,mc.lm_OVERT,lm,OVERT,21,1.1734032252603013
DS05,mc.lm_OVERT,lm,OVERT,22,1.1433001889403764
DS05,mc.lm_OVERT,lm,OVERT,23,1.1424231732297583
DS05,mc.lm_OVERT,lm,OVERT,24,1.1573308117924588
DS05,mc.lm_OVERT,lm,OVERT,25,1.1528150266226262
DS05,mc.lm_OVERT,lm,OVERT,26,1.1481712388383727
DS05,mc.lm_OVERT,lm,OVERT,27,1.0758056363212989
DS05,mc.lm_OVERT,lm,OVERT,28,1.0827206583813025
DS05,mc.lm_OVERT,lm,OVERT,29,1.0382306861066268
DS05,mc.lm_OVERT,lm,OVERT,30,1.0403061203488666
DS05,mc.lm_OVERT,lm,OVERT,31,1.0549176654112309
DS05,mc.lm_OVERT,lm,OVERT,32,1.0661434286185862
DS05,mc.lm_OVERT,lm,OVERT,33,1.1069527828739063
DS05,mc.lm_OVERT,lm,OVERT,34,1.101238517236547
DS05,mc.lm_OVERT,lm,OVERT,35,1.1115427412348469
DS05,mc.lm_OVERT,lm,OVERT,36,1.1059625688962156
DS05,mc.lm_OVERT,lm,OVERT,37,1.1093707195365556
DS05,mc.lm_OVERT,lm,OVERT,38,1.1001983840737242
DS05,mc.lm_OVERT,lm,OVERT,39,1.1054598517152692
DS05,mc.lm_OVERT,lm,OVERT,40,1.1009869853728815
DS05,mc.lm_OVERT,lm,OVERT,41,1.1027507589852883
DS05,mc.lm_OVERT,lm,OVERT,42,1.051556188008704
DS05,mc.lm_OVERT,lm,OVERT,43,1.0534598903192838
DS05,mc.lm_OVERT,lm,OVERT,44,1.0705701611573328
DS05,mc.lm_OVERT,lm,OVERT,45,1.065483502880655
DS05,mc.lm_OVERT,lm,OVERT,46,1.057262077467192
DS05,mc.lm_OVERT,lm,OVERT,47,1.0624302162755939
DS05,mc.lm_OVERT,lm,OVERT,48,1.0604322838480746
DS05,mc.lm_OVERT,lm,OVERT,49,1.0831437313120487
DS05,mc.lm_OVERT,lm,OVERT,50,1.066298464280405
DS05,mc.lm_SMOTEB,lm,SMOTEB,1,1.2979040726849431
DS05,mc.lm_SMOTEB,lm,SMOTEB,2,1.2567948311830648
DS05,mc.lm_SMOTEB,lm,SMOTEB,3,1.1662046192418334
DS05,mc.lm_SMOTEB,lm,SMOTEB,4,1.1792339986593945
DS05,mc.lm_SMOTEB,lm,SMOTEB,5,1.2724874065075988
DS05,mc.lm_SMOTEB,lm,SMOTEB,6,1.275880539395803
DS05,mc.lm_SMOTEB,lm,SMOTEB,7,1.2750773462784029
DS05,mc.lm_SMOTEB,lm,SMOTEB,8,1.256973093622005
DS05,mc.lm_SMOTEB,lm,SMOTEB,9,1.2763524062163414
DS05,mc.lm_SMOTEB,lm,SMOTEB,10,1.285554701339821
DS05,mc.lm_SMOTEB,lm,SMOTEB,11,1.2128187438469
DS05,mc.lm_SMOTEB,lm,SMOTEB,12,1.2065531779612628
DS05,mc.lm_SMOTEB,lm,SMOTEB,13,1.2090364228311172
DS05,mc.lm_SMOTEB,lm,SMOTEB,14,1.2008461153336158
DS05,mc.lm_SMOTEB,lm,SMOTEB,15,1.2202581114140825
DS05,mc.lm_SMOTEB,lm,SMOTEB,16,1.2634062285929597
DS05,mc.lm_SMOTEB,lm,SMOTEB,17,1.257313871568556
DS05,mc.lm_SMOTEB,lm,SMOTEB,18,1.2303245611001485
DS05,mc.lm_SMOTEB,lm,SMOTEB,19,1.2346897467960956
DS05,mc.lm_SMOTEB,lm,SMOTEB,20,1.2320399174849481
DS05,mc.lm_SMOTEB,lm,SMOTEB,21,1.243684427055351
DS05,mc.lm_SMOTEB,lm,SMOTEB,22,1.2217802781336662
DS05,mc.lm_SMOTEB,lm,SMOTEB,23,1.1998286150323476
DS05,mc.lm_SMOTEB,lm,SMOTEB,24,1.189719042531934
DS05,mc.lm_SMOTEB,lm,SMOTEB,25,1.180605809665659
DS05,mc.lm_SMOTEB,lm,SMOTEB,26,1.1873565371785946
DS05,mc.lm_SMOTEB,lm,SMOTEB,27,1.1252184594629777
DS05,mc.lm_SMOTEB,lm,SMOTEB,28,1.137894655461722
DS05,mc.lm_SMOTEB,lm,SMOTEB,29,1.1334436536507342
DS05,mc.lm_SMOTEB,lm,SMOTEB,30,1.1350946472012753
DS05,mc.lm_SMOTEB,lm,SMOTEB,31,1.1329764517363081
DS05,mc.lm_SMOTEB,lm,SMOTEB,32,1.1352240124470585
DS05,mc.lm_SMOTEB,lm,SMOTEB,33,1.2082908721865682
DS05,mc.lm_SMOTEB,lm,SMOTEB,34,1.1984701012779375
DS05,mc.lm_SMOTEB,lm,SMOTEB,35,1.200193173713009
DS05,mc.lm_SMOTEB,lm,SMOTEB,36,1.183581017062393
DS05,mc.lm_SMOTEB,lm,SMOTEB,37,1.1633774705975362
DS05,mc.lm_SMOTEB,lm,SMOTEB,38,1.1647367950722514
DS05,mc.lm_SMOTEB,lm,SMOTEB,39,1.1841212871048794
DS05,mc.lm_SMOTEB,lm,SMOTEB,40,1.181021946241758
DS05,mc.lm_SMOTEB,lm,SMOTEB,41,1.1546653003174399
DS05,mc.lm_SMOTEB,lm,SMOTEB,42,1.08522681596304
DS05,mc.lm_SMOTEB,lm,SMOTEB,43,1.1018191136557847
DS05,mc.lm_SMOTEB,lm,SMOTEB,44,1.096814067679657
DS05,mc.lm_SMOTEB,lm,SMOTEB,45,1.1023811980643807
DS05,mc.lm_SMOTEB,lm,SMOTEB,46,1.0866063137573962
DS05,mc.lm_SMOTEB,lm,SMOTEB,47,1.1069631215694855
DS05,mc.lm_SMOTEB,lm,SMOTEB,48,1.1102611008306789
DS05,mc.lm_SMOTEB,lm,SMOTEB,49,1.097284934328039
DS05,mc.lm_SMOTEB,lm,SMOTEB,50,1.0930502986187607
DS05,mc.lm_SMOTETPhi,lm,SMOTETPhi,1,1.4237098455831565
DS05,mc.lm_SMOTETPhi,lm,SMOTETPhi,2,1.241855063253756
DS05,mc.lm_SMOTETPhi,lm,SMOTETPhi,3,1.0892996130607457
DS05,mc.lm_SMOTETPhi,lm,SMOTETPhi,4,1.1090718095952767
DS05,mc.lm_SMOTETPhi,lm,SMOTETPhi,5,1.2668182179095357
DS05,mc.lm_SMOTETPhi,lm,SMOTETPhi,6,1.2244206449545605
DS05,mc.lm_SMOTETPhi,lm,SMOTETPhi,7,1.2213692225234762
DS05,mc.lm_SMOTETPhi,lm,SMOTETPhi,8,1.3012355755065355
DS05,mc.lm_SMOTETPhi,lm,SMOTETPhi,9,1.2643491959234534
DS05,mc.lm_SMOTETPhi,lm,SMOTETPhi,10,1.248718097361793
DS05,mc.lm_SMOTETPhi,lm,SMOTETPhi,11,1.1801502359438956
DS05,mc.lm_SMOTETPhi,lm,SMOTETPhi,12,1.1717147982977574
DS05,mc.lm_SMOTETPhi,lm,SMOTETPhi,13,1.211745773496736
DS05,mc.lm_SMOTETPhi,lm,SMOTETPhi,14,1.2630741872517495
DS05,mc.lm_SMOTETPhi,lm,SMOTETPhi,15,1.2785170396646999
DS05,mc.lm_SMOTETPhi,lm,SMOTETPhi,16,1.2533724894165348
DS05,mc.lm_SMOTETPhi,lm,SMOTETPhi,17,1.4246020416746898
DS05,mc.lm_SMOTETPhi,lm,SMOTETPhi,18,1.3901149253346317
DS05,mc.lm_SMOTETPhi,lm,SMOTETPhi,19,1.2239445382884897
DS05,mc.lm_SMOTETPhi,lm,SMOTETPhi,20,1.3275648801382969
DS05,mc.lm_SMOTETPhi,lm,SMOTETPhi,21,1.237811353912288
DS05,mc.lm_SMOTETPhi,lm,SMOTETPhi,22,1.3505840261843542
DS05,mc.lm_SMOTETPhi,lm,SMOTETPhi,23,1.2506433732025048
DS05,mc.lm_SMOTETPhi,lm,SMOTETPhi,24,1.2261660841162911
DS05,mc.lm_SMOTETPhi,lm,SMOTETPhi,25,1.2293778035215646
DS05,mc.lm_SMOTETPhi,lm,SMOTETPhi,26,1.2545289063606468
DS05,mc.lm_SMOTETPhi,lm,SMOTETPhi,27,1.1473942397273669
DS05,mc.lm_SMOTETPhi,lm,SMOTETPhi,28,1.2288172210723896
DS05,mc.lm_SMOTETPhi,lm,SMOTETPhi,29,1.3618985713239975
DS05,mc.lm_SMOTETPhi,lm,SMOTETPhi,30,1.2319108608936005
DS05,mc.lm_SMOTETPhi,lm,SMOTETPhi,31,1.3878678054795013
DS05,mc.lm_SMOTETPhi,lm,SMOTETPhi,32,1.4018792981910477
DS05,mc.lm_SMOTETPhi,lm,SMOTETPhi,33,1.3285583005374506
DS05,mc.lm_SMOTETPhi,lm,SMOTETPhi,34,1.3209737067114244
DS05,mc.lm_SMOTETPhi,lm,SMOTETPhi,35,1.228467779863865
DS05,mc.lm_SMOTETPhi,lm,SMOTETPhi,36,1.328044123202661
DS05,mc.lm_SMOTETPhi,lm,SMOTETPhi,37,1.3416361670605195
DS05,mc.lm_SMOTETPhi,lm,SMOTETPhi,38,1.3385225450788882
DS05,mc.lm_SMOTETPhi,lm,SMOTETPhi,39,1.3575627559770183
DS05,mc.lm_SMOTETPhi,lm,SMOTETPhi,40,1.377672208458138
DS05,mc.lm_SMOTETPhi,lm,SMOTETPhi,41,1.278437377684355
DS05,mc.lm_SMOTETPhi,lm,SMOTETPhi,42,1.2374440402079467
DS05,mc.lm_SMOTETPhi,lm,SMOTETPhi,43,1.2693605312509884
DS05,mc.lm_SMOTETPhi,lm,SMOTETPhi,44,1.254901410502457
DS05,mc.lm_SMOTETPhi,lm,SMOTETPhi,45,1.1923329877737188
DS05,mc.lm_SMOTETPhi,lm,SMOTETPhi,46,1.262004194945872
DS05,mc.lm_SMOTETPhi,lm,SMOTETPhi,47,1.2394761690257936
DS05,mc.lm_SMOTETPhi,lm,SMOTETPhi,48,1.2754823560805655
DS05,mc.lm_SMOTETPhi,lm,SMOTETPhi,49,1.250755798075749
DS05,mc.lm_SMOTETPhi,lm,SMOTETPhi,50,1.1538621306103871
DS05,mc.lm_SMOTET,lm,SMOTET,1,1.4211439850404342
DS05,mc.lm_SMOTET,lm,SMOTET,2,1.2441440642483848
DS05,mc.lm_SMOTET,lm,SMOTET,3,1.0847185077525734
DS05,mc.lm_SMOTET,lm,SMOTET,4,1.1025685256577697
DS05,mc.lm_SMOTET,lm,SMOTET,5,1.2385995628800146
DS05,mc.lm_SMOTET,lm,SMOTET,6,1.2203358209968864
DS05,mc.lm_SMOTET,lm,SMOTET,7,1.2088077122059318
DS05,mc.lm_SMOTET,lm,SMOTET,8,1.2809721198771795
DS05,mc.lm_SMOTET,lm,SMOTET,9,1.2781341501630479
DS05,mc.lm_SMOTET,lm,SMOTET,10,1.2484947050355955
DS05,mc.lm_SMOTET,lm,SMOTET,11,1.1691874578238872
DS05,mc.lm_SMOTET,lm,SMOTET,12,1.1575028870505797
DS05,mc.lm_SMOTET,lm,SMOTET,13,1.2021130595206893
DS05,mc.lm_SMOTET,lm,SMOTET,14,1.238219070539093
DS05,mc.lm_SMOTET,lm,SMOTET,15,1.2774005513663333
DS05,mc.lm_SMOTET,lm,SMOTET,16,1.2464741020557581
DS05,mc.lm_SMOTET,lm,SMOTET,17,1.3900546988855205
DS05,mc.lm_SMOTET,lm,SMOTET,18,1.3467111951409834
DS05,mc.lm_SMOTET,lm,SMOTET,19,1.1915489074781878
DS05,mc.lm_SMOTET,lm,SMOTET,20,1.3186178504986392
DS05,mc.lm_SMOTET,lm,SMOTET,21,1.220952798390602
DS05,mc.lm_SMOTET,lm,SMOTET,22,1.357102171051849
DS05,mc.lm_SMOTET,lm,SMOTET,23,1.2210588747692828
DS05,mc.lm_SMOTET,lm,SMOTET,24,1.2100776360201204
DS05,mc.lm_SMOTET,lm,SMOTET,25,1.2246506292858699
DS05,mc.lm_SMOTET,lm,SMOTET,26,1.2579543510329052
DS05,mc.lm_SMOTET,lm,SMOTET,27,1.1347997279128745
DS05,mc.lm_SMOTET,lm,SMOTET,28,1.2218334247960523
DS05,mc.lm_SMOTET,lm,SMOTET,29,1.3266942910970503
DS05,mc.lm_SMOTET,lm,SMOTET,30,1.2126316064605354
DS05,mc.lm_SMOTET,lm,SMOTET,31,1.3479614141658216
DS05,mc.lm_SMOTET,lm,SMOTET,32,1.358120830485413
DS05,mc.lm_SMOTET,lm,SMOTET,33,1.2969775304473998
DS05,mc.lm_SMOTET,lm,SMOTET,34,1.2880178023095374
DS05,mc.lm_SMOTET,lm,SMOTET,35,1.2118991673648571
DS05,mc.lm_SMOTET,lm,SMOTET,36,1.3233408404177003
DS05,mc.lm_SMOTET,lm,SMOTET,37,1.3071010102978555
DS05,mc.lm_SMOTET,lm,SMOTET,38,1.3033148096643636
DS05,mc.lm_SMOTET,lm,SMOTET,39,1.3181284090642862
DS05,mc.lm_SMOTET,lm,SMOTET,40,1.3365118627529466
DS05,mc.lm_SMOTET,lm,SMOTET,41,1.2513727211248356
DS05,mc.lm_SMOTET,lm,SMOTET,42,1.207891798880586
DS05,mc.lm_SMOTET,lm,SMOTET,43,1.2314998197944178
DS05,mc.lm_SMOTET,lm,SMOTET,44,1.212751703690263
DS05,mc.lm_SMOTET,lm,SMOTET,45,1.1686558338534057
DS05,mc.lm_SMOTET,lm,SMOTET,46,1.2433215212126518
DS05,mc.lm_SMOTET,lm,SMOTET,47,1.2211501101833084
DS05,mc.lm_SMOTET,lm,SMOTET,48,1.245171751677684
DS05,mc.lm_SMOTET,lm,SMOTET,49,1.1999131197290958
DS05,mc.lm_SMOTET,lm,SMOTET,50,1.1288536263807483
DS05,mc.lm_UNDERB,lm,UNDERB,1,1.1735338210513897
DS05,mc.lm_UNDERB,lm,UNDERB,2,1.1485634579552308
DS05,mc.lm_UNDERB,lm,UNDERB,3,1.0486024906029905
DS05,mc.lm_UNDERB,lm,UNDERB,4,1.0794531430348981
DS05,mc.lm_UNDERB,lm,UNDERB,5,1.1548668054978977
DS05,mc.lm_UNDERB,lm,UNDERB,6,1.1771373612390232
DS05,mc.lm_UNDERB,lm,UNDERB,7,1.1483712956116428
DS05,mc.lm_UNDERB,lm,UNDERB,8,1.153177323898819
DS05,mc.lm_UNDERB,lm,UNDERB,9,1.1201116969946097
DS05,mc.lm_UNDERB,lm,UNDERB,10,1.1642785763446608
DS05,mc.lm_UNDERB,lm,UNDERB,11,1.1073576901869966
DS05,mc.lm_UNDERB,lm,UNDERB,12,1.128725033871862
DS05,mc.lm_UNDERB,lm,UNDERB,13,1.138578141566133
DS05,mc.lm_UNDERB,lm,UNDERB,14,1.1368711687747783
DS05,mc.lm_UNDERB,lm,UNDERB,15,1.1311901395765316
DS05,mc.lm_UNDERB,lm,UNDERB,16,1.1461196605378747
DS05,mc.lm_UNDERB,lm,UNDERB,17,1.1319921234919388
DS05,mc.lm_UNDERB,lm,UNDERB,18,1.1318533793308543
DS05,mc.lm_UNDERB,lm,UNDERB,19,1.1508119124270062
DS05,mc.lm_UNDERB,lm,UNDERB,20,1.136962713813467
DS05,mc.lm_UNDERB,lm,UNDERB,21,1.166399170702109
DS05,mc.lm_UNDERB,lm,UNDERB,22,1.1442792211459736
DS05,mc.lm_UNDERB,lm,UNDERB,23,1.1464028824084023
DS05,mc.lm_UNDERB,lm,UNDERB,24,1.1241554670257765
DS05,mc.lm_UNDERB,lm,UNDERB,25,1.1533213769846204
DS05,mc.lm_UNDERB,lm,UNDERB,26,1.111569045093878
DS05,mc.lm_UNDERB,lm,UNDERB,27,1.107021768522895
DS05,mc.lm_UNDERB,lm,UNDERB,28,1.101269605930896
DS05,mc.lm_UNDERB,lm,UNDERB,29,1.1098104781942246
DS05,mc.lm_UNDERB,lm,UNDERB,30,1.068470366008487
DS05,mc.lm_UNDERB,lm,UNDERB,31,1.0937452124191736
DS05,mc.lm_UNDERB,lm,UNDERB,32,1.1119916211794199
DS05,mc.lm_UNDERB,lm,UNDERB,33,1.1390609371181188
DS05,mc.lm_UNDERB,lm,UNDERB,34,1.1166217476846594
DS05,mc.lm_UNDERB,lm,UNDERB,35,1.1624669019241158
DS05,mc.lm_UNDERB,lm,UNDERB,36,1.1205530795540715
DS05,mc.lm_UNDERB,lm,UNDERB,37,1.132335010106248
DS05,mc.lm_UNDERB,lm,UNDERB,38,1.1335572753047138
DS05,mc.lm_UNDERB,lm,UNDERB,39,1.131468022413861
DS05,mc.lm_UNDERB,lm,UNDERB,40,1.153275259749392
DS05,mc.lm_UNDERB,lm,UNDERB,41,1.130429856442856
DS05,mc.lm_UNDERB,lm,UNDERB,42,1.0484233081268721
DS05,mc.lm_UNDERB,lm,UNDERB,43,1.0489634792238243
DS05,mc.lm_UNDERB,lm,UNDERB,44,1.0788545186593472
DS05,mc.lm_UNDERB,lm,UNDERB,45,1.0835577713687194
DS05,mc.lm_UNDERB,lm,UNDERB,46,1.062723189102435
DS05,mc.lm_UNDERB,lm,UNDERB,47,1.0689401680349644
DS05,mc.lm_UNDERB,lm,UNDERB,48,1.0959815484285846
DS05,mc.lm_UNDERB,lm,UNDERB,49,1.0845073853340959
DS05,mc.lm_UNDERB,lm,UNDERB,50,1.0586554694862682
DS05,mc.lm_UNDERTPhi,lm,UNDERTPhi,1,1.1795299520128044
DS05,mc.lm_UNDERTPhi,lm,UNDERTPhi,2,1.1496364367170535
DS05,mc.lm_UNDERTPhi,lm,UNDERTPhi,3,1.0440470472193626
DS05,mc.lm_UNDERTPhi,lm,UNDERTPhi,4,1.0674023041400873
DS05,mc.lm_UNDERTPhi,lm,UNDERTPhi,5,1.1298127029221685
DS05,mc.lm_UNDERTPhi,lm,UNDERTPhi,6,1.1670478023998725
DS05,mc.lm_UNDERTPhi,lm,UNDERTPhi,7,1.1480525988074974
DS05,mc.lm_UNDERTPhi,lm,UNDERTPhi,8,1.1689249397279182
DS05,mc.lm_UNDERTPhi,lm,UNDERTPhi,9,1.1384423535136392
DS05,mc.lm_UNDERTPhi,lm,UNDERTPhi,10,1.1663939009085134
DS05,mc.lm_UNDERTPhi,lm,UNDERTPhi,11,1.1097735139140745
DS05,mc.lm_UNDERTPhi,lm,UNDERTPhi,12,1.123836638157881
DS05,mc.lm_UNDERTPhi,lm,UNDERTPhi,13,1.1057244397253168
DS05,mc.lm_UNDERTPhi,lm,UNDERTPhi,14,1.1136753674185502
DS05,mc.lm_UNDERTPhi,lm,UNDERTPhi,15,1.1457854368298843
DS05,mc.lm_UNDERTPhi,lm,UNDERTPhi,16,1.1319966707181253
DS05,mc.lm_UNDERTPhi,lm,UNDERTPhi,17,1.110054715392662
DS05,mc.lm_UNDERTPhi,lm,UNDERTPhi,18,1.1603974221807312
DS05,mc.lm_UNDERTPhi,lm,UNDERTPhi,19,1.151233322997269
DS05,mc.lm_UNDERTPhi,lm,UNDERTPhi,20,1.108733891464912
DS05,mc.lm_UNDERTPhi,lm,UNDERTPhi,21,1.1534947640391
DS05,mc.lm_UNDERTPhi,lm,UNDERTPhi,22,1.1330058215204688
DS05,mc.lm_UNDERTPhi,lm,UNDERTPhi,23,1.1547192025115836
DS05,mc.lm_UNDERTPhi,lm,UNDERTPhi,24,1.1316453031165712
DS05,mc.lm_UNDERTPhi,lm,UNDERTPhi,25,1.1678312337341865
DS05,mc.lm_UNDERTPhi,lm,UNDERTPhi,26,1.1397882591826551
DS05,mc.lm_UNDERTPhi,lm,UNDERTPhi,27,1.1098186772924232
DS05,mc.lm_UNDERTPhi,lm,UNDERTPhi,28,1.1135542693136267
DS05,mc.lm_UNDERTPhi,lm,UNDERTPhi,29,1.0990584730832067
DS05,mc.lm_UNDERTPhi,lm,UNDERTPhi,30,1.10858719110814
DS05,mc.lm_UNDERTPhi,lm,UNDERTPhi,31,1.1125731341304266
DS05,mc.lm_UNDERTPhi,lm,UNDERTPhi,32,1.116534023493382
DS05,mc.lm_UNDERTPhi,lm,UNDERTPhi,33,1.1420896069889899
DS05,mc.lm_UNDERTPhi,lm,UNDERTPhi,34,1.1475441606201846
DS05,mc.lm_UNDERTPhi,lm,UNDERTPhi,35,1.140548735759278
DS05,mc.lm_UNDERTPhi,lm,UNDERTPhi,36,1.1545231837285423
DS05,mc.lm_UNDERTPhi,lm,UNDERTPhi,37,1.1210499027545713
DS05,mc.lm_UNDERTPhi,lm,UNDERTPhi,38,1.1583514460400128
DS05,mc.lm_UNDERTPhi,lm,UNDERTPhi,39,1.1726065056839168
DS05,mc.lm_UNDERTPhi,lm,UNDERTPhi,40,1.1723101543516101
DS05,mc.lm_UNDERTPhi,lm,UNDERTPhi,41,1.12470740589574
DS05,mc.lm_UNDERTPhi,lm,UNDERTPhi,42,1.0596605598715847
DS05,mc.lm_UNDERTPhi,lm,UNDERTPhi,43,1.0437974621779587
DS05,mc.lm_UNDERTPhi,lm,UNDERTPhi,44,1.0703593146107642
DS05,mc.lm_UNDERTPhi,lm,UNDERTPhi,45,1.0898036881176152
DS05,mc.lm_UNDERTPhi,lm,UNDERTPhi,46,1.0958088453094639
DS05,mc.lm_UNDERTPhi,lm,UNDERTPhi,47,1.0735105554951014
DS05,mc.lm_UNDERTPhi,lm,UNDERTPhi,48,1.0993186222641782
DS05,mc.lm_UNDERTPhi,lm,UNDERTPhi,49,1.0836240647528856
DS05,mc.lm_UNDERTPhi,lm,UNDERTPhi,50,1.1009682875898155
DS05,mc.lm_UNDERT,lm,UNDERT,1,1.1928135198467766
DS05,mc.lm_UNDERT,lm,UNDERT,2,1.1488425101430664
DS05,mc.lm_UNDERT,lm,UNDERT,3,1.0615643448904337
DS05,mc.lm_UNDERT,lm,UNDERT,4,1.069548300338559
DS05,mc.lm_UNDERT,lm,UNDERT,5,1.118817921217644
DS05,mc.lm_UNDERT,lm,UNDERT,6,1.1719490868221547
DS05,mc.lm_UNDERT,lm,UNDERT,7,1.161863259799975
DS05,mc.lm_UNDERT,lm,UNDERT,8,1.1421222556947095
DS05,mc.lm_UNDERT,lm,UNDERT,9,1.1644891749371549
DS05,mc.lm_UNDERT,lm,UNDERT,10,1.1428170422871022
DS05,mc.lm_UNDERT,lm,UNDERT,11,1.1232100919703973
DS05,mc.lm_UNDERT,lm,UNDERT,12,1.1125842624808069
DS05,mc.lm_UNDERT,lm,UNDERT,13,1.1408461394900953
DS05,mc.lm_UNDERT,lm,UNDERT,14,1.1255329184589276
DS05,mc.lm_UNDERT,lm,UNDERT,15,1.128845379774835
DS05,mc.lm_UNDERT,lm,UNDERT,16,1.1010003550742509
DS05,mc.lm_UNDERT,lm,UNDERT,17,1.1290816730138848
DS05,mc.lm_UNDERT,lm,UNDERT,18,1.143738154617362
DS05,mc.lm_UNDERT,lm,UNDERT,19,1.135577758650163
DS05,mc.lm_UNDERT,lm,UNDERT,20,1.1137032894433911
DS05,mc.lm_UNDERT,lm,UNDERT,21,1.1606920221625272
DS05,mc.lm_UNDERT,lm,UNDERT,22,1.1562580394401563
DS05,mc.lm_UNDERT,lm,UNDERT,23,1.120941692959658
DS05,mc.lm_UNDERT,lm,UNDERT,24,1.1663891065157386
DS05,mc.lm_UNDERT,lm,UNDERT,25,1.1606600014908786
DS05,mc.lm_UNDERT,lm,UNDERT,26,1.1513453969102045
DS05,mc.lm_UNDERT,lm,UNDERT,27,1.1051162751602528
DS05,mc.lm_UNDERT,lm,UNDERT,28,1.1368297470063944
DS05,mc.lm_UNDERT,lm,UNDERT,29,1.10399329798101
DS05,mc.lm_UNDERT,lm,UNDERT,30,1.073843834992115
DS05,mc.lm_UNDERT,lm,UNDERT,31,1.0742219422023007
DS05,mc.lm_UNDERT,lm,UNDERT,32,1.1070041660457892
DS05,mc.lm_UNDERT,lm,UNDERT,33,1.1478413810455503
DS05,mc.lm_UNDERT,lm,UNDERT,34,1.1514155453234856
DS05,mc.lm_UNDERT,lm,UNDERT,35,1.1695283414110844
DS05,mc.lm_UNDERT,lm,UNDERT,36,1.1197233386289362
DS05,mc.lm_UNDERT,lm,UNDERT,37,1.1446721110646905
DS05,mc.lm_UNDERT,lm,UNDERT,38,1.1614953231107183
DS05,mc.lm_UNDERT,lm,UNDERT,39,1.147015970026958
DS05,mc.lm_UNDERT,lm,UNDERT,40,1.1696121668401727
DS05,mc.lm_UNDERT,lm,UNDERT,41,1.1198153010191827
DS05,mc.lm_UNDERT,lm,UNDERT,42,1.0590328108024405
DS05,mc.lm_UNDERT,lm,UNDERT,43,1.0647482795012237
DS05,mc.lm_UNDERT,lm,UNDERT,44,1.071322253141035
DS05,mc.lm_UNDERT,lm,UNDERT,45,1.0670349034262472
DS05,mc.lm_UNDERT,lm,UNDERT,46,1.070962614478719
DS05,mc.lm_UNDERT,lm,UNDERT,47,1.0805142965748062
DS05,mc.lm_UNDERT,lm,UNDERT,48,1.1011115196724186
DS05,mc.lm_UNDERT,lm,UNDERT,49,1.0823517995335996
DS05,mc.lm_UNDERT,lm,UNDERT,50,1.0749152820952568
DS05,mc.lm,lm,baseline,1,1.242218104204083
DS05,mc.lm,lm,baseline,2,1.2169127359406051
DS05,mc.lm,lm,baseline,3,1.0844100369840382
DS05,mc.lm,lm,baseline,4,1.0979924138762707
DS05,mc.lm,lm,baseline,5,1.1761089448961368
DS05,mc.lm,lm,baseline,6,1.166594322961782
DS05,mc.lm,lm,baseline,7,1.1660968569092713
DS05,mc.lm,lm,baseline,8,1.1694417794738308
DS05,mc.lm,lm,baseline,9,1.1688349837164778
DS05,mc.lm,lm,baseline,10,1.1649201216150793
DS05,mc.lm,lm,baseline,11,1.157705138612602
DS05,mc.lm,lm,baseline,12,1.1661625428042175
DS05,mc.lm,lm,baseline,13,1.1662512579469617
DS05,mc.lm,lm,baseline,14,1.1661156552388832
DS05,mc.lm,lm,baseline,15,1.1662300893617963
DS05,mc.lm,lm,baseline,16,1.1693010942254713
DS05,mc.lm,lm,baseline,17,1.1669227731602607
DS05,mc.lm,lm,baseline,18,1.1674489570082864
DS05,mc.lm,lm,baseline,19,1.1686662512252954
DS05,mc.lm,lm,baseline,20,1.1565944771545642
DS05,mc.lm,lm,baseline,21,1.2150947078268342
DS05,mc.lm,lm,baseline,22,1.1919676254845153
DS05,mc.lm,lm,baseline,23,1.2009793167772769
DS05,mc.lm,lm,baseline,24,1.2101986614730629
DS05,mc.lm,lm,baseline,25,1.1987672526167596
DS05,mc.lm,lm,baseline,26,1.1997150421724492
DS05,mc.lm,lm,baseline,27,1.168773029737204
DS05,mc.lm,lm,baseline,28,1.1669153809148647
DS05,mc.lm,lm,baseline,29,1.1611748137699847
DS05,mc.lm,lm,baseline,30,1.1605922453650457
DS05,mc.lm,lm,baseline,31,1.1640602219994411
DS05,mc.lm,lm,baseline,32,1.184064003523664
DS05,mc.lm,lm,baseline,33,1.241951386217924
DS05,mc.lm,lm,baseline,34,1.2399454747325158
DS05,mc.lm,lm,baseline,35,1.2467064182684697
DS05,mc.lm,lm,baseline,36,1.2341275466801185
DS05,mc.lm,lm,baseline,37,1.2258554404526234
DS05,mc.lm,lm,baseline,38,1.227954406639276
DS05,mc.lm,lm,baseline,39,1.2331230709099699
DS05,mc.lm,lm,baseline,40,1.2395605620299277
DS05,mc.lm,lm,baseline,41,1.2368368277047637
DS05,mc.lm,lm,baseline,42,1.1730963321550112
DS05,mc.lm,lm,baseline,43,1.178587114643622
DS05,mc.lm,lm,baseline,44,1.189493163584234
DS05,mc.lm,lm,baseline,45,1.180226209204267
DS05,mc.lm,lm,baseline,46,1.1847602661571814
DS05,mc.lm,lm,baseline,47,1.188388808146356
DS05,mc.lm,lm,baseline,48,1.1951452398949753
DS05,mc.lm,lm,baseline,49,1.1950196373025403
DS05,mc.lm,lm,baseline,50,1.1769928648468377
DS05,mc.mars_OVERB,mars,OVERB,1,1.2033703992513016
DS05,mc.mars_OVERB,mars,OVERB,2,1.143776440846362
DS05,mc.mars_OVERB,mars,OVERB,3,1.0099211703447284
DS05,mc.mars_OVERB,mars,OVERB,4,0.9799931169440751
DS05,mc.mars_OVERB,mars,OVERB,5,1.0475096947190308
DS05,mc.mars_OVERB,mars,OVERB,6,1.0486722368722659
DS05,mc.mars_OVERB,mars,OVERB,7,1.0871622487635368
DS05,mc.mars_OVERB,mars,OVERB,8,1.0439090052896944
DS05,mc.mars_OVERB,mars,OVERB,9,1.0098358187179544
DS05,mc.mars_OVERB,mars,OVERB,10,1.0609370314842956
DS05,mc.mars_OVERB,mars,OVERB,11,1.0240407686631439
DS05,mc.mars_OVERB,mars,OVERB,12,1.1025342750957223
DS05,mc.mars_OVERB,mars,OVERB,13,1.0401639336254394
DS05,mc.mars_OVERB,mars,OVERB,14,1.014464002046939
DS05,mc.mars_OVERB,mars,OVERB,15,1.054449938379385
DS05,mc.mars_OVERB,mars,OVERB,16,1.0452396285814651
DS05,mc.mars_OVERB,mars,OVERB,17,1.0905377939909862
DS05,mc.mars_OVERB,mars,OVERB,18,1.0461837804733303
DS05,mc.mars_OVERB,mars,OVERB,19,0.9958540594097168
DS05,mc.mars_OVERB,mars,OVERB,20,1.1024736019364902
DS05,mc.mars_OVERB,mars,OVERB,21,1.064711431205818
DS05,mc.mars_OVERB,mars,OVERB,22,1.017533089457733
DS05,mc.mars_OVERB,mars,OVERB,23,1.050314540592457
DS05,mc.mars_OVERB,mars,OVERB,24,1.0551735352350535
DS05,mc.mars_OVERB,mars,OVERB,25,1.0188524337358627
DS05,mc.mars_OVERB,mars,OVERB,26,1.0685709939969499
DS05,mc.mars_OVERB,mars,OVERB,27,1.00505356137278
DS05,mc.mars_OVERB,mars,OVERB,28,1.0193190374870456
DS05,mc.mars_OVERB,mars,OVERB,29,0.9277136077115786
DS05,mc.mars_OVERB,mars,OVERB,30,0.9863095992082165
DS05,mc.mars_OVERB,mars,OVERB,31,0.9758597789562539
DS05,mc.mars_OVERB,mars,OVERB,32,1.0617279787660137
DS05,mc.mars_OVERB,mars,OVERB,33,1.063971198827542
DS05,mc.mars_OVERB,mars,OVERB,34,0.9838858768752721
DS05,mc.mars_OVERB,mars,OVERB,35,1.0434125139072554
DS05,mc.mars_OVERB,mars,OVERB,36,1.043983616271284
DS05,mc.mars_OVERB,mars,OVERB,37,0.9289057915721735
DS05,mc.mars_OVERB,mars,OVERB,38,0.996628856925907
DS05,mc.mars_OVERB,mars,OVERB,39,0.9996698860085174
DS05,mc.mars_OVERB,mars,OVERB,40,1.0057762679863955
DS05,mc.mars_OVERB,mars,OVERB,41,0.9700890829968317
DS05,mc.mars_OVERB,mars,OVERB,42,0.9852919650707921
DS05,mc.mars_OVERB,mars,OVERB,43,0.9318712315951064
DS05,mc.mars_OVERB,mars,OVERB,44,1.0422307788872756
DS05,mc.mars_OVERB,mars,OVERB,45,1.0292596521549133
DS05,mc.mars_OVERB,mars,OVERB,46,0.9593130035920443
DS05,mc.mars_OVERB,mars,OVERB,47,0.9920618384296057
DS05,mc.mars_OVERB,mars,OVERB,48,1.0526317764907418
DS05,mc.mars_OVERB,mars,OVERB,49,0.959913377215719
DS05,mc.mars_OVERB,mars,OVERB,50,0.9379273795540285
DS05,mc.mars_OVERTPhi,mars,OVERTPhi,1,1.2540875495655937
DS05,mc.mars_OVERTPhi,mars,OVERTPhi,2,1.2423529573136696
DS05,mc.mars_OVERTPhi,mars,OVERTPhi,3,1.0653843970197503
DS05,mc.mars_OVERTPhi,mars,OVERTPhi,4,1.118233595903449
DS05,mc.mars_OVERTPhi,mars,OVERTPhi,5,1.1401156566254436
DS05,mc.mars_OVERTPhi,mars,OVERTPhi,6,1.1067698728476392
DS05,mc.mars_OVERTPhi,mars,OVERTPhi,7,1.1103996396742497
DS05,mc.mars_OVERTPhi,mars,OVERTPhi,8,1.0524501899181307
DS05,mc.mars_OVERTPhi,mars,OVERTPhi,9,1.0964112876368948
DS05,mc.mars_OVERTPhi,mars,OVERTPhi,10,1.0486179126799562
DS05,mc.mars_OVERTPhi,mars,OVERTPhi,11,1.0240991944665307
DS05,mc.mars_OVERTPhi,mars,OVERTPhi,12,1.0305517360182905
DS05,mc.mars_OVERTPhi,mars,OVERTPhi,13,1.018940488251679
DS05,mc.mars_OVERTPhi,mars,OVERTPhi,14,1.0654533212817265
DS05,mc.mars_OVERTPhi,mars,OVERTPhi,15,1.0312871232494782
DS05,mc.mars_OVERTPhi,mars,OVERTPhi,16,1.05783133443509
DS05,mc.mars_OVERTPhi,mars,OVERTPhi,17,0.997631413329106
DS05,mc.mars_OVERTPhi,mars,OVERTPhi,18,1.0581257600991014
DS05,mc.mars_OVERTPhi,mars,OVERTPhi,19,1.0501470278306022
DS05,mc.mars_OVERTPhi,mars,OVERTPhi,20,1.0364573210009975
DS05,mc.mars_OVERTPhi,mars,OVERTPhi,21,1.01788274384351
DS05,mc.mars_OVERTPhi,mars,OVERTPhi,22,0.99108512568687
DS05,mc.mars_OVERTPhi,mars,OVERTPhi,23,1.008614350249811
DS05,mc.mars_OVERTPhi,mars,OVERTPhi,24,1.0483919318376875
DS05,mc.mars_OVERTPhi,mars,OVERTPhi,25,1.0172608085215178
DS05,mc.mars_OVERTPhi,mars,OVERTPhi,26,1.0127775657538503
DS05,mc.mars_OVERTPhi,mars,OVERTPhi,27,0.985075716557377
DS05,mc.mars_OVERTPhi,mars,OVERTPhi,28,0.9666123777918637
DS05,mc.mars_OVERTPhi,mars,OVERTPhi,29,0.9926175058367531
DS05,mc.mars_OVERTPhi,mars,OVERTPhi,30,0.9630272296054176
DS05,mc.mars_OVERTPhi,mars,OVERTPhi,31,0.9783295382538416
DS05,mc.mars_OVERTPhi,mars,OVERTPhi,32,0.9911571907994559
DS05,mc.mars_OVERTPhi,mars,OVERTPhi,33,1.007232529910371
DS05,mc.mars_OVERTPhi,mars,OVERTPhi,34,1.0080241161408752
DS05,mc.mars_OVERTPhi,mars,OVERTPhi,35,1.0435063748938942
DS05,mc.mars_OVERTPhi,mars,OVERTPhi,36,1.0024443338461055
DS05,mc.mars_OVERTPhi,mars,OVERTPhi,37,0.9665983437111569
DS05,mc.mars_OVERTPhi,mars,OVERTPhi,38,0.9899407995894379
DS05,mc.mars_OVERTPhi,mars,OVERTPhi,39,0.9782998885594898
DS05,mc.mars_OVERTPhi,mars,OVERTPhi,40,1.0095107415379283
DS05,mc.mars_OVERTPhi,mars,OVERTPhi,41,0.9717791166400978
DS05,mc.mars_OVERTPhi,mars,OVERTPhi,42,0.9658201340567198
DS05,mc.mars_OVERTPhi,mars,OVERTPhi,43,0.9362442078597175
DS05,mc.mars_OVERTPhi,mars,OVERTPhi,44,0.9678780359740626
DS05,mc.mars_OVERTPhi,mars,OVERTPhi,45,0.9513208683496346
DS05,mc.mars_OVERTPhi,mars,OVERTPhi,46,0.9738983331713768
DS05,mc.mars_OVERTPhi,mars,OVERTPhi,47,0.9833367722654932
DS05,mc.mars_OVERTPhi,mars,OVERTPhi,48,0.9879285929975754
DS05,mc.mars_OVERTPhi,mars,OVERTPhi,49,0.984022118921574
DS05,mc.mars_OVERTPhi,mars,OVERTPhi,50,0.9721303193608393
DS05,mc.mars_OVERT,mars,OVERT,1,1.2540875495655937
DS05,mc.mars_OVERT,mars,OVERT,2,1.2423529573136696
DS05,mc.mars_OVERT,mars,OVERT,3,1.0653843970197503
DS05,mc.mars_OVERT,mars,OVERT,4,1.118233595903449
DS05,mc.mars_OVERT,mars,OVERT,5,1.1401156566254436
DS05,mc.mars_OVERT,mars,OVERT,6,1.1067698728476392
DS05,mc.mars_OVERT,mars,OVERT,7,1.1103996396742497
DS05,mc.mars_OVERT,mars,OVERT,8,1.0524501899181307
DS05,mc.mars_OVERT,mars,OVERT,9,1.0964112876368948
DS05,mc.mars_OVERT,mars,OVERT,10,1.0486179126799562
DS05,mc.mars_OVERT,mars,OVERT,11,1.0240991944665307
DS05,mc.mars_OVERT,mars,OVERT,12,1.0305517360182905
DS05,mc.mars_OVERT,mars,OVERT,13,1.018940488251679
DS05,mc.mars_OVERT,mars,OVERT,14,1.0654533212817265
DS05,mc.mars_OVERT,mars,OVERT,15,1.0312871232494782
DS05,mc.mars_OVERT,mars,OVERT,16,1.05783133443509
DS05,mc.mars_OVERT,mars,OVERT,17,0.997631413329106
DS05,mc.mars_OVERT,mars,OVERT,18,1.0581257600991014
DS05,mc.mars_OVERT,mars,OVERT,19,1.0501470278306022
DS05,mc.mars_OVERT,mars,OVERT,20,1.0364573210009975
DS05,mc.mars_OVERT,mars,OVERT,21,1.01788274384351
DS05,mc.mars_OVERT,mars,OVERT,22,0.99108512568687
DS05,mc.mars_OVERT,mars,OVERT,23,1.008614350249811
DS05,mc.mars_OVERT,mars,OVERT,24,1.0483919318376875
DS05,mc.mars_OVERT,mars,OVERT,25,1.0172608085215178
DS05,mc.mars_OVERT,mars,OVERT,26,1.0127775657538503
DS05,mc.mars_OVERT,mars,OVERT,27,0.985075716557377
DS05,mc.mars_OVERT,mars,OVERT,28,0.9666123777918637
DS05,mc.mars_OVERT,mars,OVERT,29,0.9926175058367531
DS05,mc.mars_OVERT,mars,OVERT,30,0.9630272296054176
DS05,mc.mars_OVERT,mars,OVERT,31,0.9783295382538416
DS05,mc.mars_OVERT,mars,OVERT,32,0.9911571907994559
DS05,mc.mars_OVERT,mars,OVERT,33,1.007232529910371
DS05,mc.mars_OVERT,mars,OVERT,34,1.0080241161408752
DS05,mc.mars_OVERT,mars,OVERT,35,1.0435063748938942
DS05,mc.mars_OVERT,mars,OVERT,36,1.0024443338461055
DS05,mc.mars_OVERT,mars,OVERT,37,0.9665983437111569
DS05,mc.mars_OVERT,mars,OVERT,38,0.9899407995894379
DS05,mc.mars_OVERT,mars,OVERT,39,0.9782998885594898
DS05,mc.mars_OVERT,mars,OVERT,40,1.0095107415379283
DS05,mc.mars_OVERT,mars,OVERT,41,0.9717791166400978
DS05,mc.mars_OVERT,mars,OVERT,42,0.9658201340567198
DS05,mc.mars_OVERT,mars,OVERT,43,0.9362442078597175
DS05,mc.mars_OVERT,mars,OVERT,44,0.9678780359740626
DS05,mc.mars_OVERT,mars,OVERT,45,0.9513208683496346
DS05,mc.mars_OVERT,mars,OVERT,46,0.9738983331713768
DS05,mc.mars_OVERT,mars,OVERT,47,0.9833367722654932
DS05,mc.mars_OVERT,mars,OVERT,48,0.9879285929975754
DS05,mc.mars_OVERT,mars,OVERT,49,0.984022118921574
DS05,mc.mars_OVERT,mars,OVERT,50,0.9721303193608393
DS05,mc.mars_SMOTEB,mars,SMOTEB,1,1.3630835627190696
DS05,mc.mars_SMOTEB,mars,SMOTEB,2,1.2801783434558425
DS05,mc.mars_SMOTEB,mars,SMOTEB,3,1.1272611258907437
DS05,mc.mars_SMOTEB,mars,SMOTEB,4,1.5299180854681014
DS05,mc.mars_SMOTEB,mars,SMOTEB,5,1.2021698784405273
DS05,mc.mars_SMOTEB,mars,SMOTEB,6,1.1982240843539482
DS05,mc.mars_SMOTEB,mars,SMOTEB,7,1.194409943643293
DS05,mc.mars_SMOTEB,mars,SMOTEB,8,1.1993166159119295
DS05,mc.mars_SMOTEB,mars,SMOTEB,9,1.1723955440608584
DS05,mc.mars_SMOTEB,mars,SMOTEB,10,1.198650719418441
DS05,mc.mars_SMOTEB,mars,SMOTEB,11,1.1167610862496906
DS05,mc.mars_SMOTEB,mars,SMOTEB,12,1.216458614532281
DS05,mc.mars_SMOTEB,mars,SMOTEB,13,1.1963940097594143
DS05,mc.mars_SMOTEB,mars,SMOTEB,14,1.1488561605314251
DS05,mc.mars_SMOTEB,mars,SMOTEB,15,1.1830708582905347
DS05,mc.mars_SMOTEB,mars,SMOTEB,16,1.2503481535140284
DS05,mc.mars_SMOTEB,mars,SMOTEB,17,1.0959988854992249
DS05,mc.mars_SMOTEB,mars,SMOTEB,18,1.2012179584564608
DS05,mc.mars_SMOTEB,mars,SMOTEB,19,1.1831337709876766
DS05,mc.mars_SMOTEB,mars,SMOTEB,20,1.1314579289330318
DS05,mc.mars_SMOTEB,mars,SMOTEB,21,1.125333606622251
DS05,mc.mars_SMOTEB,mars,SMOTEB,22,1.0789792365510582
DS05,mc.mars_SMOTEB,mars,SMOTEB,23,1.0440498236843683
DS05,mc.mars_SMOTEB,mars,SMOTEB,24,1.0782849422162146
DS05,mc.mars_SMOTEB,mars,SMOTEB,25,1.188348767342598
DS05,mc.mars_SMOTEB,mars,SMOTEB,26,1.2942723538729641
DS05,mc.mars_SMOTEB,mars,SMOTEB,27,1.1163978928377492
DS05,mc.mars_SMOTEB,mars,SMOTEB,28,0.9942155613936169
DS05,mc.mars_SMOTEB,mars,SMOTEB,29,1.1055511126108837
DS05,mc.mars_SMOTEB,mars,SMOTEB,30,1.0551781206951416
DS05,mc.mars_SMOTEB,mars,SMOTEB,31,1.0089853259497807
DS05,mc.mars_SMOTEB,mars,SMOTEB,32,0.9886531388561538
DS05,mc.mars_SMOTEB,mars,SMOTEB,33,1.096142729436555
DS05,mc.mars_SMOTEB,mars,SMOTEB,34,0.9877280979631003
DS05,mc.mars_SMOTEB,mars,SMOTEB,35,1.0563411679480261
DS05,mc.mars_SMOTEB,mars,SMOTEB,36,1.0617806706983088
DS05,mc.mars_SMOTEB,mars,SMOTEB,37,0.975789802613215
DS05,mc.mars_SMOTEB,mars,SMOTEB,38,0.9901672861826084
DS05,mc.mars_SMOTEB,mars,SMOTEB,39,0.9992798140436763
DS05,mc.mars_SMOTEB,mars,SMOTEB,40,1.0250237609463526
DS05,mc.mars_SMOTEB,mars,SMOTEB,41,1.0217480879886565
DS05,mc.mars_SMOTEB,mars,SMOTEB,42,1.0268804525239066
DS05,mc.mars_SMOTEB,mars,SMOTEB,43,1.1551832490515686
DS05,mc.mars_SMOTEB,mars,SMOTEB,44,1.025097461010843
DS05,mc.mars_SMOTEB,mars,SMOTEB,45,0.9866839500132502
DS05,mc.mars_SMOTEB,mars,SMOTEB,46,1.0295474582284223
DS05,mc.mars_SMOTEB,mars,SMOTEB,47,1.0477723903200935
DS05,mc.mars_SMOTEB,mars,SMOTEB,48,1.0264800663017848
DS05,mc.mars_SMOTEB,mars,SMOTEB,49,1.0402043173000037
DS05,mc.mars_SMOTEB,mars,SMOTEB,50,1.0121840561303497
DS05,mc.mars_SMOTETPhi,mars,SMOTETPhi,1,1.4905234605152256
DS05,mc.mars_SMOTETPhi,mars,SMOTETPhi,2,1.4421480918947753
DS05,mc.mars_SMOTETPhi,mars,SMOTETPhi,3,1.1635461593475886
DS05,mc.mars_SMOTETPhi,mars,SMOTETPhi,4,1.1481930908392466
DS05,mc.mars_SMOTETPhi,mars,SMOTETPhi,5,1.245624994531143
DS05,mc.mars_SMOTETPhi,mars,SMOTETPhi,6,1.0938145625040387
DS05,mc.mars_SMOTETPhi,mars,SMOTETPhi,7,1.1577152328599025
DS05,mc.mars_SMOTETPhi,mars,SMOTETPhi,8,1.2125842568266754
DS05,mc.mars_SMOTETPhi,mars,SMOTETPhi,9,1.0905661832429414
DS05,mc.mars_SMOTETPhi,mars,SMOTETPhi,10,1.137818807675346
DS05,mc.mars_SMOTETPhi,mars,SMOTETPhi,11,1.131131250415233
DS05,mc.mars_SMOTETPhi,mars,SMOTETPhi,12,1.059901491765516
DS05,mc.mars_SMOTETPhi,mars,SMOTETPhi,13,1.110710494415252
DS05,mc.mars_SMOTETPhi,mars,SMOTETPhi,14,1.163383872317862
DS05,mc.mars_SMOTETPhi,mars,SMOTETPhi,15,1.185145688918991
DS05,mc.mars_SMOTETPhi,mars,SMOTETPhi,16,1.171579297429103
DS05,mc.mars_SMOTETPhi,mars,SMOTETPhi,17,1.1219774717328725
DS05,mc.mars_SMOTETPhi,mars,SMOTETPhi,18,1.1523284725488223
DS05,mc.mars_SMOTETPhi,mars,SMOTETPhi,19,1.2114871606244566
DS05,mc.mars_SMOTETPhi,mars,SMOTETPhi,20,1.0709833920688347
DS05,mc.mars_SMOTETPhi,mars,SMOTETPhi,21,1.1700123414752046
DS05,mc.mars_SMOTETPhi,mars,SMOTETPhi,22,1.156654468225277
DS05,mc.mars_SMOTETPhi,mars,SMOTETPhi,23,1.126146762704084
DS05,mc.mars_SMOTETPhi,mars,SMOTETPhi,24,1.1077336485594063
DS05,mc.mars_SMOTETPhi,mars,SMOTETPhi,25,1.0888603261623804
DS05,mc.mars_SMOTETPhi,mars,SMOTETPhi,26,1.0451383093439943
DS05,mc.mars_SMOTETPhi,mars,SMOTETPhi,27,1.0605669926777725
DS05,mc.mars_SMOTETPhi,mars,SMOTETPhi,28,1.0864405590438968
DS05,mc.mars_SMOTETPhi,mars,SMOTETPhi,29,1.1073082262805505
DS05,mc.mars_SMOTETPhi,mars,SMOTETPhi,30,1.0324646826153168
DS05,mc.mars_SMOTETPhi,mars,SMOTETPhi,31,1.087691733959655
DS05,mc.mars_SMOTETPhi,mars,SMOTETPhi,32,1.0816218937717672
DS05,mc.mars_SMOTETPhi,mars,SMOTETPhi,33,1.1231467950063636
DS05,mc.mars_SMOTETPhi,mars,SMOTETPhi,34,1.0797255764582414
DS05,mc.mars_SMOTETPhi,mars,SMOTETPhi,35,1.0630963780498492
DS05,mc.mars_SMOTETPhi,mars,SMOTETPhi,36,1.027473805103673
DS05,mc.mars_SMOTETPhi,mars,SMOTETPhi,37,1.1370167147453354
DS05,mc.mars_SMOTETPhi,mars,SMOTETPhi,38,1.067054753495381
DS05,mc.mars_SMOTETPhi,mars,SMOTETPhi,39,1.0579519344563437
DS05,mc.mars_SMOTETPhi,mars,SMOTETPhi,40,1.0182614907743657
DS05,mc.mars_SMOTETPhi,mars,SMOTETPhi,41,1.0838530492602927
DS05,mc.mars_SMOTETPhi,mars,SMOTETPhi,42,1.1475153328626087
DS05,mc.mars_SMOTETPhi,mars,SMOTETPhi,43,1.05103293278488
DS05,mc.mars_SMOTETPhi,mars,SMOTETPhi,44,1.0727921720080875
DS05,mc.mars_SMOTETPhi,mars,SMOTETPhi,45,1.0560096096439442
DS05,mc.mars_SMOTETPhi,mars,SMOTETPhi,46,1.1071699915793678
DS05,mc.mars_SMOTETPhi,mars,SMOTETPhi,47,1.1156119772345479
DS05,mc.mars_SMOTETPhi,mars,SMOTETPhi,48,1.0241438725635243
DS05,mc.mars_SMOTETPhi,mars,SMOTETPhi,49,1.0800162981216248
DS05,mc.mars_SMOTETPhi,mars,SMOTETPhi,50,1.1774120254375184
DS05,mc.mars_SMOTET,mars,SMOTET,1,1.4844540327718447
DS05,mc.mars_SMOTET,mars,SMOTET,2,1.3763487477392642
DS05,mc.mars_SMOTET,mars,SMOTET,3,1.0993484943409273
DS05,mc.mars_SMOTET,mars,SMOTET,4,1.0763573798771535
DS05,mc.mars_SMOTET,mars,SMOTET,5,1.2829178534666037
DS05,mc.mars_SMOTET,mars,SMOTET,6,1.1368183183006186
DS05,mc.mars_SMOTET,mars,SMOTET,7,1.1683322519672974
DS05,mc.mars_SMOTET,mars,SMOTET,8,1.1186331305598882
DS05,mc.mars_SMOTET,mars,SMOTET,9,1.2046401568822918
DS05,mc.mars_SMOTET,mars,SMOTET,10,1.0608077405186251
DS05,mc.mars_SMOTET,mars,SMOTET,11,1.208763527947791
DS05,mc.mars_SMOTET,mars,SMOTET,12,1.117241261824864
DS05,mc.mars_SMOTET,mars,SMOTET,13,1.14154595889088
DS05,mc.mars_SMOTET,mars,SMOTET,14,1.1293330979705198
DS05,mc.mars_SMOTET,mars,SMOTET,15,1.1912290199202122
DS05,mc.mars_SMOTET,mars,SMOTET,16,1.1831453136892915
DS05,mc.mars_SMOTET,mars,SMOTET,17,1.1240657148337805
DS05,mc.mars_SMOTET,mars,SMOTET,18,1.1327484240800032
DS05,mc.mars_SMOTET,mars,SMOTET,19,1.2210035664435472
DS05,mc.mars_SMOTET,mars,SMOTET,20,1.0978314145218886
DS05,mc.mars_SMOTET,mars,SMOTET,21,1.1832280702354052
DS05,mc.mars_SMOTET,mars,SMOTET,22,1.224081457198214
DS05,mc.mars_SMOTET,mars,SMOTET,23,1.1393498954585504
DS05,mc.mars_SMOTET,mars,SMOTET,24,1.048683833030481
DS05,mc.mars_SMOTET,mars,SMOTET,25,1.1112834166075978
DS05,mc.mars_SMOTET,mars,SMOTET,26,1.0628699385109364
DS05,mc.mars_SMOTET,mars,SMOTET,27,1.0058459788630727
DS05,mc.mars_SMOTET,mars,SMOTET,28,1.1164304221100607
DS05,mc.mars_SMOTET,mars,SMOTET,29,1.1251662439682228
DS05,mc.mars_SMOTET,mars,SMOTET,30,1.0145785798052123
DS05,mc.mars_SMOTET,mars,SMOTET,31,1.0870816769464111
DS05,mc.mars_SMOTET,mars,SMOTET,32,1.0575342536306322
DS05,mc.mars_SMOTET,mars,SMOTET,33,1.040274117656251
DS05,mc.mars_SMOTET,mars,SMOTET,34,1.0797034589340928
DS05,mc.mars_SMOTET,mars,SMOTET,35,1.0158325693721282
DS05,mc.mars_SMOTET,mars,SMOTET,36,1.070049977801237
DS05,mc.mars_SMOTET,mars,SMOTET,37,1.0154349204764603
DS05,mc.mars_SMOTET,mars,SMOTET,38,1.0073070295194049
DS05,mc.mars_SMOTET,mars,SMOTET,39,1.0847859907063364
DS05,mc.mars_SMOTET,mars,SMOTET,40,1.0130034753194255
DS05,mc.mars_SMOTET,mars,SMOTET,41,1.114101844603379
DS05,mc.mars_SMOTET,mars,SMOTET,42,1.118100665702607
DS05,mc.mars_SMOTET,mars,SMOTET,43,1.0505722216531468
DS05,mc.mars_SMOTET,mars,SMOTET,44,1.1039042451816088
DS05,mc.mars_SMOTET,mars,SMOTET,45,1.080963644859286
DS05,mc.mars_SMOTET,mars,SMOTET,46,1.1063248781830919
DS05,mc.mars_SMOTET,mars,SMOTET,47,1.0754464926444658
DS05,mc.mars_SMOTET,mars,SMOTET,48,1.0541831706902156
DS05,mc.mars_SMOTET,mars,SMOTET,49,1.0477142371397845
DS05,mc.mars_SMOTET,mars,SMOTET,50,1.2063374097640363
DS05,mc.mars_UNDERB,mars,UNDERB,1,1.160170320523136
DS05,mc.mars_UNDERB,mars,UNDERB,2,1.1479419730408977
DS05,mc.mars_UNDERB,mars,UNDERB,3,0.9898572905069927
DS05,mc.mars_UNDERB,mars,UNDERB,4,1.0275487468363442
DS05,mc.mars_UNDERB,mars,UNDERB,5,1.054570855302187
DS05,mc.mars_UNDERB,mars,UNDERB,6,1.1207857100333218
DS05,mc.mars_UNDERB,mars,UNDERB,7,0.9981363750189078
DS05,mc.mars_UNDERB,mars,UNDERB,8,1.0235330971943697
DS05,mc.mars_UNDERB,mars,UNDERB,9,1.0392461637607184
DS05,mc.mars_UNDERB,mars,UNDERB,10,1.086890046151788
DS05,mc.mars_UNDERB,mars,UNDERB,11,1.020372462597894
DS05,mc.mars_UNDERB,mars,UNDERB,12,1.1965526507882702
DS05,mc.mars_UNDERB,mars,UNDERB,13,1.0708427058876844
DS05,mc.mars_UNDERB,mars,UNDERB,14,1.0860788691317518
DS05,mc.mars_UNDERB,mars,UNDERB,15,1.050987585963392
DS05,mc.mars_UNDERB,mars,UNDERB,16,1.0991690104055423
DS05,mc.mars_UNDERB,mars,UNDERB,17,1.053891055853233
DS05,mc.mars_UNDERB,mars,UNDERB,18,1.0050610233478319
DS05,mc.mars_UNDERB,mars,UNDERB,19,0.962344909376843
DS05,mc.mars_UNDERB,mars,UNDERB,20,0.9972100502130169
DS05,mc.mars_UNDERB,mars,UNDERB,21,0.9778148062030821
DS05,mc.mars_UNDERB,mars,UNDERB,22,1.100297928424302
DS05,mc.mars_UNDERB,mars,UNDERB,23,1.0450127210769053
DS05,mc.mars_UNDERB,mars,UNDERB,24,1.362001867526134
DS05,mc.mars_UNDERB,mars,UNDERB,25,1.153041416195645
DS05,mc.mars_UNDERB,mars,UNDERB,26,0.9737418889802669
DS05,mc.mars_UNDERB,mars,UNDERB,27,0.9625399979270582
DS05,mc.mars_UNDERB,mars,UNDERB,28,0.9502749946515324
DS05,mc.mars_UNDERB,mars,UNDERB,29,0.9748995980018097
DS05,mc.mars_UNDERB,mars,UNDERB,30,0.9551997255880076
DS05,mc.mars_UNDERB,mars,UNDERB,31,1.0208027049005133
DS05,mc.mars_UNDERB,mars,UNDERB,32,1.312800414574009
DS05,mc.mars_UNDERB,mars,UNDERB,33,0.9480627682129811
DS05,mc.mars_UNDERB,mars,UNDERB,34,0.9647143534426477
DS05,mc.mars_UNDERB,mars,UNDERB,35,0.9743051012687487
DS05,mc.mars_UNDERB,mars,UNDERB,36,0.9874140615936244
DS05,mc.mars_UNDERB,mars,UNDERB,37,1.206340067457889
DS05,mc.mars_UNDERB,mars,UNDERB,38,0.9620944445847539
DS05,mc.mars_UNDERB,mars,UNDERB,39,1.0417097632756245
DS05,mc.mars_UNDERB,mars,UNDERB,40,0.9638297710137125
DS05,mc.mars_UNDERB,mars,UNDERB,41,0.9721552326408324
DS05,mc.mars_UNDERB,mars,UNDERB,42,0.9691262929385925
DS05,mc.mars_UNDERB,mars,UNDERB,43,0.9587492066445327
DS05,mc.mars_UNDERB,mars,UNDERB,44,1.0086073660973127
DS05,mc.mars_UNDERB,mars,UNDERB,45,0.9472759286398732
DS05,mc.mars_UNDERB,mars,UNDERB,46,1.000579419880559
DS05,mc.mars_UNDERB,mars,UNDERB,47,1.0618599914921263
DS05,mc.mars_UNDERB,mars,UNDERB,48,1.0699896067321006
DS05,mc.mars_UNDERB,mars,UNDERB,49,0.9775952537613005
DS05,mc.mars_UNDERB,mars,UNDERB,50,0.9702788673014494
DS05,mc.mars_UNDERTPhi,mars,UNDERTPhi,1,1.075000869675974
DS05,mc.mars_UNDERTPhi,mars,UNDERTPhi,2,1.1120908460968137
DS05,mc.mars_UNDERTPhi,mars,UNDERTPhi,3,1.0153598923245768
DS05,mc.mars_UNDERTPhi,mars,UNDERTPhi,4,1.068939297584773
DS05,mc.mars_UNDERTPhi,mars,UNDERTPhi,5,1.0538937847148482
DS05,mc.mars_UNDERTPhi,mars,UNDERTPhi,6,1.1221830893442293
DS05,mc.mars_UNDERTPhi,mars,UNDERTPhi,7,0.9941247731565251
DS05,mc.mars_UNDERTPhi,mars,UNDERTPhi,8,1.006858330055684
DS05,mc.mars_UNDERTPhi,mars,UNDERTPhi,9,1.0609457486607738
DS05,mc.mars_UNDERTPhi,mars,UNDERTPhi,10,1.0931795866021397
DS05,mc.mars_UNDERTPhi,mars,UNDERTPhi,11,1.052369038288607
DS05,mc.mars_UNDERTPhi,mars,UNDERTPhi,12,1.0630663549020976
DS05,mc.mars_UNDERTPhi,mars,UNDERTPhi,13,1.009325047223054
DS05,mc.mars_UNDERTPhi,mars,UNDERTPhi,14,0.9435426457595686
DS05,mc.mars_UNDERTPhi,mars,UNDERTPhi,15,1.1479277373774184
DS05,mc.mars_UNDERTPhi,mars,UNDERTPhi,16,1.0186415232005197
DS05,mc.mars_UNDERTPhi,mars,UNDERTPhi,17,1.1323403003423183
DS05,mc.mars_UNDERTPhi,mars,UNDERTPhi,18,1.0979224790661628
DS05,mc.mars_UNDERTPhi,mars,UNDERTPhi,19,1.0422251450236206
DS05,mc.mars_UNDERTPhi,mars,UNDERTPhi,20,1.1063535117108776
DS05,mc.mars_UNDERTPhi,mars,UNDERTPhi,21,0.9872775710302653
DS05,mc.mars_UNDERTPhi,mars,UNDERTPhi,22,1.0219093013927645
DS05,mc.mars_UNDERTPhi,mars,UNDERTPhi,23,1.264857971278343
DS05,mc.mars_UNDERTPhi,mars,UNDERTPhi,24,0.9691146116659137
DS05,mc.mars_UNDERTPhi,mars,UNDERTPhi,25,1.263369644916811
DS05,mc.mars_UNDERTPhi,mars,UNDERTPhi,26,1.414635285611776
DS05,mc.mars_UNDERTPhi,mars,UNDERTPhi,27,1.007015519767196
DS05,mc.mars_UNDERTPhi,mars,UNDERTPhi,28,1.023799634755599
DS05,mc.mars_UNDERTPhi,mars,UNDERTPhi,29,0.9189951130379078
DS05,mc.mars_UNDERTPhi,mars,UNDERTPhi,30,0.9937200517902541
DS05,mc.mars_UNDERTPhi,mars,UNDERTPhi,31,0.934676218000011
DS05,mc.mars_UNDERTPhi,mars,UNDERTPhi,32,0.9477459348423194
DS05,mc.mars_UNDERTPhi,mars,UNDERTPhi,33,0.9955476081555482
DS05,mc.mars_UNDERTPhi,mars,UNDERTPhi,34,1.0357473837954487
DS05,mc.mars_UNDERTPhi,mars,UNDERTPhi,35,1.0505102253653584
DS05,mc.mars_UNDERTPhi,mars,UNDERTPhi,36,0.9489095374581055
DS05,mc.mars_UNDERTPhi,mars,UNDERTPhi,37,1.09846653400357
DS05,mc.mars_UNDERTPhi,mars,UNDERTPhi,38,0.9750810940880026
DS05,mc.mars_UNDERTPhi,mars,UNDERTPhi,39,0.9893832532172062
DS05,mc.mars_UNDERTPhi,mars,UNDERTPhi,40,1.0335437104624416
DS05,mc.mars_UNDERTPhi,mars,UNDERTPhi,41,0.9753251103859895
DS05,mc.mars_UNDERTPhi,mars,UNDERTPhi,42,1.0043085143914328
DS05,mc.mars_UNDERTPhi,mars,UNDERTPhi,43,0.9508600345174689
DS05,mc.mars_UNDERTPhi,mars,UNDERTPhi,44,0.9392646632731498
DS05,mc.mars_UNDERTPhi,mars,UNDERTPhi,45,0.9472177513711993
DS05,mc.mars_UNDERTPhi,mars,UNDERTPhi,46,0.9879860547970186
DS05,mc.mars_UNDERTPhi,mars,UNDERTPhi,47,0.9974687605360962
DS05,mc.mars_UNDERTPhi,mars,UNDERTPhi,48,0.9739944207673047
DS05,mc.mars_UNDERTPhi,mars,UNDERTPhi,49,0.987128913987111
DS05,mc.mars_UNDERTPhi,mars,UNDERTPhi,50,1.0039228688174548
DS05,mc.mars_UNDERT,mars,UNDERT,1,1.0629792233691873
DS05,mc.mars_UNDERT,mars,UNDERT,2,1.1335191481185671
DS05,mc.mars_UNDERT,mars,UNDERT,3,0.9925382696937363
DS05,mc.mars_UNDERT,mars,UNDERT,4,0.9991925639017796
DS05,mc.mars_UNDERT,mars,UNDERT,5,0.9815457613924028
DS05,mc.mars_UNDERT,mars,UNDERT,6,1.0791390483701067
DS05,mc.mars_UNDERT,mars,UNDERT,7,1.0591694042538171
DS05,mc.mars_UNDERT,mars,UNDERT,8,1.159705790638582
DS05,mc.mars_UNDERT,mars,UNDERT,9,1.0615918291012518
DS05,mc.mars_UNDERT,mars,UNDERT,10,1.0171983932174191
DS05,mc.mars_UNDERT,mars,UNDERT,11,1.0936772885517403
DS05,mc.mars_UNDERT,mars,UNDERT,12,1.058968198401942
DS05,mc.mars_UNDERT,mars,UNDERT,13,1.0720134496615874
DS05,mc.mars_UNDERT,mars,UNDERT,14,1.0673315631849392
DS05,mc.mars_UNDERT,mars,UNDERT,15,1.0445213511007956
DS05,mc.mars_UNDERT,mars,UNDERT,16,1.049754519617369
DS05,mc.mars_UNDERT,mars,UNDERT,17,1.0255689628973947
DS05,mc.mars_UNDERT,mars,UNDERT,18,1.0691883800002888
DS05,mc.mars_UNDERT,mars,UNDERT,19,1.031006954919695
DS05,mc.mars_UNDERT,mars,UNDERT,20,0.9545158246887426
DS05,mc.mars_UNDERT,mars,UNDERT,21,1.3343652417947018
DS05,mc.mars_UNDERT,mars,UNDERT,22,1.5525949065863927
DS05,mc.mars_UNDERT,mars,UNDERT,23,1.2810904908082363
DS05,mc.mars_UNDERT,mars,UNDERT,24,1.545756089089782
DS05,mc.mars_UNDERT,mars,UNDERT,25,1.1174923064702564
DS05,mc.mars_UNDERT,mars,UNDERT,26,1.0416671248898668
DS05,mc.mars_UNDERT,mars,UNDERT,27,0.9792448568740066
DS05,mc.mars_UNDERT,mars,UNDERT,28,1.4284120376700988
DS05,mc.mars_UNDERT,mars,UNDERT,29,0.9845059916390895
DS05,mc.mars_UNDERT,mars,UNDERT,30,0.9169212589302642
DS05,mc.mars_UNDERT,mars,UNDERT,31,1.0773426444473861
DS05,mc.mars_UNDERT,mars,UNDERT,32,1.0090574495552882
DS05,mc.mars_UNDERT,mars,UNDERT,33,1.4321030201159626
DS05,mc.mars_UNDERT,mars,UNDERT,34,1.0324595205614027
DS05,mc.mars_UNDERT,mars,UNDERT,35,1.0312446189710482
DS05,mc.mars_UNDERT,mars,UNDERT,36,0.9889178518583309
DS05,mc.mars_UNDERT,mars,UNDERT,37,1.0113260273087452
DS05,mc.mars_UNDERT,mars,UNDERT,38,0.9849825378998747
DS05,mc.mars_UNDERT,mars,UNDERT,39,1.0247947883161246
DS05,mc.mars_UNDERT,mars,UNDERT,40,1.228360918223804
DS05,mc.mars_UNDERT,mars,UNDERT,41,0.9931684154303928
DS05,mc.mars_UNDERT,mars,UNDERT,42,0.9504455598408442
DS05,mc.mars_UNDERT,mars,UNDERT,43,0.9475516875286979
DS05,mc.mars_UNDERT,mars,UNDERT,44,1.0306316408271785
DS05,mc.mars_UNDERT,mars,UNDERT,45,0.9230069094563674
DS05,mc.mars_UNDERT,mars,UNDERT,46,0.998884643216096
DS05,mc.mars_UNDERT,mars,UNDERT,47,1.0146990976728112
DS05,mc.mars_UNDERT,mars,UNDERT,48,0.9830529394212548
DS05,mc.mars_UNDERT,mars,UNDERT,49,0.9869201061459282
DS05,mc.mars_UNDERT,mars,UNDERT,50,0.9632603264048181
DS05,mc.mars,mars,baseline,1,1.1312808682550504
DS05,mc.mars,mars,baseline,2,1.104195367857828
DS05,mc.mars,mars,baseline,3,1.0265021667349707
DS05,mc.mars,mars,baseline,4,1.0390569802375722
DS05,mc.mars,mars,baseline,5,1.1068503507859648
DS05,mc.mars,mars,baseline,6,1.0919274985184748
DS05,mc.mars,mars,baseline,7,1.0961556096927139
DS05,mc.mars,mars,baseline,8,1.0996965760901876
DS05,mc.mars,mars,baseline,9,1.0995584757211712
DS05,mc.mars,mars,baseline,10,1.0954098863337334
DS05,mc.mars,mars,baseline,11,1.0702239304573764
DS05,mc.mars,mars,baseline,12,1.0789240292650237
DS05,mc.mars,mars,baseline,13,1.0772920800311456
DS05,mc.mars,mars,baseline,14,1.0772004821879697
DS05,mc.mars,mars,baseline,15,1.0859755791145418
DS05,mc.mars,mars,baseline,16,1.0816564097924397
DS05,mc.mars,mars,baseline,17,1.0839586099724823
DS05,mc.mars,mars,baseline,18,1.0859589601672803
DS05,mc.mars,mars,baseline,19,1.0896114142314106
DS05,mc.mars,mars,baseline,20,1.0768550358879572
DS05,mc.mars,mars,baseline,21,1.1367186986247149
DS05,mc.mars,mars,baseline,22,1.10662926604956
DS05,mc.mars,mars,baseline,23,1.1083518731083717
DS05,mc.mars,mars,baseline,24,1.1221423444818217
DS05,mc.mars,mars,baseline,25,1.1029095431734193
DS05,mc.mars,mars,baseline,26,1.108274228037556
DS05,mc.mars,mars,baseline,27,1.1064200357268539
DS05,mc.mars,mars,baseline,28,1.1048682284423084
DS05,mc.mars,mars,baseline,29,1.0883999635937023
DS05,mc.mars,mars,baseline,30,1.092799102731477
DS05,mc.mars,mars,baseline,31,1.0830322807946628
DS05,mc.mars,mars,baseline,32,1.1026606896697975
DS05,mc.mars,mars,baseline,33,1.1181281738217494
DS05,mc.mars,mars,baseline,34,1.1171956592320393
DS05,mc.mars,mars,baseline,35,1.137461627749583
DS05,mc.mars,mars,baseline,36,1.125199926618848
DS05,mc.mars,mars,baseline,37,1.122797205422205
DS05,mc.mars,mars,baseline,38,1.1246856150575206
DS05,mc.mars,mars,baseline,39,1.1340011454035634
DS05,mc.mars,mars,baseline,40,1.139379304931877
DS05,mc.mars,mars,baseline,41,1.1396501758906357
DS05,mc.mars,mars,baseline,42,1.064466819848484
DS05,mc.mars,mars,baseline,43,1.0692420184077498
DS05,mc.mars,mars,baseline,44,1.081106746280106
DS05,mc.mars,mars,baseline,45,1.0747557258314775
DS05,mc.mars,mars,baseline,46,1.081736527515964
DS05,mc.mars,mars,baseline,47,1.0863898071231588
DS05,mc.mars,mars,baseline,48,1.0917876847499417
DS05,mc.mars,mars,baseline,49,1.0917366661618495
DS05,mc.mars,mars,baseline,50,1.092418136424869
DS05,mc.rf_OVERB,rf,OVERB,1,1.1334616468197112
DS05,mc.rf_OVERB,rf,OVERB,2,1.1276822664453157
DS05,mc.rf_OVERB,rf,OVERB,3,0.9929205415802261
DS05,mc.rf_OVERB,rf,OVERB,4,0.9984826173447312
DS05,mc.rf_OVERB,rf,OVERB,5,1.0579035775729104
DS05,mc.rf_OVERB,rf,OVERB,6,1.050063425597595
DS05,mc.rf_OVERB,rf,OVERB,7,1.0432116663199509
DS05,mc.rf_OVERB,rf,OVERB,8,1.0534869807380118
DS05,mc.rf_OVERB,rf,OVERB,9,1.0455259463466806
DS05,mc.rf_OVERB,rf,OVERB,10,1.0493270823499439
DS05,mc.rf_OVERB,rf,OVERB,11,1.0298528566729168
DS05,mc.rf_OVERB,rf,OVERB,12,1.0241323453279287
DS05,mc.rf_OVERB,rf,OVERB,13,1.0298517005029408
DS05,mc.rf_OVERB,rf,OVERB,14,1.030896551702922
DS05,mc.rf_OVERB,rf,OVERB,15,1.0260090143541636
DS05,mc.rf_OVERB,rf,OVERB,16,1.0238539591914462
DS05,mc.rf_OVERB,rf,OVERB,17,1.0306258830606465
DS05,mc.rf_OVERB,rf,OVERB,18,1.0327658348059217
DS05,mc.rf_OVERB,rf,OVERB,19,1.0350094579011018
DS05,mc.rf_OVERB,rf,OVERB,20,1.0585006554254779
DS05,mc.rf_OVERB,rf,OVERB,21,1.1013500246894439
DS05,mc.rf_OVERB,rf,OVERB,22,1.083864929229802
DS05,mc.rf_OVERB,rf,OVERB,23,1.0751992347994928
DS05,mc.rf_OVERB,rf,OVERB,24,1.0895596576334508
DS05,mc.rf_OVERB,rf,OVERB,25,1.059181300767085
DS05,mc.rf_OVERB,rf,OVERB,26,1.0682746894329733
DS05,mc.rf_OVERB,rf,OVERB,27,1.036233617975298
DS05,mc.rf_OVERB,rf,OVERB,28,1.039781761266695
DS05,mc.rf_OVERB,rf,OVERB,29,1.035902968002267
DS05,mc.rf_OVERB,rf,OVERB,30,1.0410729604347937
DS05,mc.rf_OVERB,rf,OVERB,31,1.0323622589305508
DS05,mc.rf_OVERB,rf,OVERB,32,1.045921804368004
DS05,mc.rf_OVERB,rf,OVERB,33,1.0793566613842465
DS05,mc.rf_OVERB,rf,OVERB,34,1.0830867158778796
DS05,mc.rf_OVERB,rf,OVERB,35,1.0837544258482976
DS05,mc.rf_OVERB,rf,OVERB,36,1.0647210082249512
DS05,mc.rf_OVERB,rf,OVERB,37,1.0554680220214523
DS05,mc.rf_OVERB,rf,OVERB,38,1.0641079601757641
DS05,mc.rf_OVERB,rf,OVERB,39,1.06976271351158
DS05,mc.rf_OVERB,rf,OVERB,40,1.0791820734781123
DS05,mc.rf_OVERB,rf,OVERB,41,1.0560535264677073
DS05,mc.rf_OVERB,rf,OVERB,42,1.0087262850550474
DS05,mc.rf_OVERB,rf,OVERB,43,1.02789910683588
DS05,mc.rf_OVERB,rf,OVERB,44,1.0476772971228363
DS05,mc.rf_OVERB,rf,OVERB,45,1.0496279183557293
DS05,mc.rf_OVERB,rf,OVERB,46,1.061564450001967
DS05,mc.rf_OVERB,rf,OVERB,47,1.068982659443284
DS05,mc.rf_OVERB,rf,OVERB,48,1.0704160334878339
DS05,mc.rf_OVERB,rf,OVERB,49,1.090007914088583
DS05,mc.rf_OVERB,rf,OVERB,50,1.0582628516650185
DS05,mc.rf_OVERTPhi,rf,OVERTPhi,1,1.1388530495347673
DS05,mc.rf_OVERTPhi,rf,OVERTPhi,2,1.1072683417144105
DS05,mc.rf_OVERTPhi,rf,OVERTPhi,3,0.9968804583273295
DS05,mc.rf_OVERTPhi,rf,OVERTPhi,4,1.0115460128885674
DS05,mc.rf_OVERTPhi,rf,OVERTPhi,5,1.067378766408879
DS05,mc.rf_OVERTPhi,rf,OVERTPhi,6,1.0578107475168246
DS05,mc.rf_OVERTPhi,rf,OVERTPhi,7,1.0524256585786147
DS05,mc.rf_OVERTPhi,rf,OVERTPhi,8,1.0528432480190182
DS05,mc.rf_OVERTPhi,rf,OVERTPhi,9,1.056823215425604
DS05,mc.rf_OVERTPhi,rf,OVERTPhi,10,1.0455588627106753
DS05,mc.rf_OVERTPhi,rf,OVERTPhi,11,1.0478459533077924
DS05,mc.rf_OVERTPhi,rf,OVERTPhi,12,1.0518883592792962
DS05,mc.rf_OVERTPhi,rf,OVERTPhi,13,1.0482840708074495
DS05,mc.rf_OVERTPhi,rf,OVERTPhi,14,1.0571171291244628
DS05,mc.rf_OVERTPhi,rf,OVERTPhi,15,1.0413454188028577
DS05,mc.rf_OVERTPhi,rf,OVERTPhi,16,1.0619629591689828
DS05,mc.rf_OVERTPhi,rf,OVERTPhi,17,1.0518532952731259
DS05,mc.rf_OVERTPhi,rf,OVERTPhi,18,1.0673774396092781
DS05,mc.rf_OVERTPhi,rf,OVERTPhi,19,1.0583528657277237
DS05,mc.rf_OVERTPhi,rf,OVERTPhi,20,1.0914769019351978
DS05,mc.rf_OVERTPhi,rf,OVERTPhi,21,1.1005873411376268
DS05,mc.rf_OVERTPhi,rf,OVERTPhi,22,1.0636166181371427
DS05,mc.rf_OVERTPhi,rf,OVERTPhi,23,1.0594471718689025
DS05,mc.rf_OVERTPhi,rf,OVERTPhi,24,1.0776132139552985
DS05,mc.rf_OVERTPhi,rf,OVERTPhi,25,1.0584742071604836
DS05,mc.rf_OVERTPhi,rf,OVERTPhi,26,1.0633620966770663
DS05,mc.rf_OVERTPhi,rf,OVERTPhi,27,1.0240698898283782
DS05,mc.rf_OVERTPhi,rf,OVERTPhi,28,1.0283738297250868
DS05,mc.rf_OVERTPhi,rf,OVERTPhi,29,1.0284985458894325
DS05,mc.rf_OVERTPhi,rf,OVERTPhi,30,1.0351619538789976
DS05,mc.rf_OVERTPhi,rf,OVERTPhi,31,1.030966413762394
DS05,mc.rf_OVERTPhi,rf,OVERTPhi,32,1.0485530539676404
DS05,mc.rf_OVERTPhi,rf,OVERTPhi,33,1.0549429720874195
DS05,mc.rf_OVERTPhi,rf,OVERTPhi,34,1.0651036799033946
DS05,mc.rf_OVERTPhi,rf,OVERTPhi,35,1.0735600566999897
DS05,mc.rf_OVERTPhi,rf,OVERTPhi,36,1.0677515757994667
DS05,mc.rf_OVERTPhi,rf,OVERTPhi,37,1.0418630817656678
DS05,mc.rf_OVERTPhi,rf,OVERTPhi,38,1.0572566400687522
DS05,mc.rf_OVERTPhi,rf,OVERTPhi,39,1.0611322837030055
DS05,mc.rf_OVERTPhi,rf,OVERTPhi,40,1.0701192904224999
DS05,mc.rf_OVERTPhi,rf,OVERTPhi,41,1.0754342999269084
DS05,mc.rf_OVERTPhi,rf,OVERTPhi,42,1.0426518546749703
DS05,mc.rf_OVERTPhi,rf,OVERTPhi,43,1.042191703361647
DS05,mc.rf_OVERTPhi,rf,OVERTPhi,44,1.058597826762634
DS05,mc.rf_OVERTPhi,rf,OVERTPhi,45,1.0539180999706121
DS05,mc.rf_OVERTPhi,rf,OVERTPhi,46,1.0684130337485143
DS05,mc.rf_OVERTPhi,rf,OVERTPhi,47,1.0563644012712694
DS05,mc.rf_OVERTPhi,rf,OVERTPhi,48,1.0932254231404304
DS05,mc.rf_OVERTPhi,rf,OVERTPhi,49,1.08876807869388
DS05,mc.rf_OVERTPhi,rf,OVERTPhi,50,1.074707287316281
DS05,mc.rf_OVERT,rf,OVERT,1,1.1388530495347673
DS05,mc.rf_OVERT,rf,OVERT,2,1.1072683417144105
DS05,mc.rf_OVERT,rf,OVERT,3,0.9968804583273295
DS05,mc.rf_OVERT,rf,OVERT,4,1.0115460128885674
DS05,mc.rf_OVERT,rf,OVERT,5,1.067378766408879
DS05,mc.rf_OVERT,rf,OVERT,6,1.0578107475168246
DS05,mc.rf_OVERT,rf,OVERT,7,1.0524256585786147
DS05,mc.rf_OVERT,rf,OVERT,8,1.0528432480190182
DS05,mc.rf_OVERT,rf,OVERT,9,1.056823215425604
DS05,mc.rf_OVERT,rf,OVERT,10,1.0455588627106753
DS05,mc.rf_OVERT,rf,OVERT,11,1.0478459533077924
DS05,mc.rf_OVERT,rf,OVERT,12,1.0518883592792962
DS05,mc.rf_OVERT,rf,OVERT,13,1.0482840708074495
DS05,mc.rf_OVERT,rf,OVERT,14,1.0571171291244628
DS05,mc.rf_OVERT,rf,OVERT,15,1.0413454188028577
DS05,mc.rf_OVERT,rf,OVERT,16,1.0619629591689828
DS05,mc.rf_OVERT,rf,OVERT,17,1.0518532952731259
DS05,mc.rf_OVERT,rf,OVERT,18,1.0673774396092781
DS05,mc.rf_OVERT,rf,OVERT,19,1.0583528657277237
DS05,mc.rf_OVERT,rf,OVERT,20,1.0914769019351978
DS05,mc.rf_OVERT,rf,OVERT,21,1.1005873411376268
DS05,mc.rf_OVERT,rf,OVERT,22,1.0636166181371427
DS05,mc.rf_OVERT,rf,OVERT,23,1.0594471718689025
DS05,mc.rf_OVERT,rf,OVERT,24,1.0776132139552985
DS05,mc.rf_OVERT,rf,OVERT,25,1.0584742071604836
DS05,mc.rf_OVERT,rf,OVERT,26,1.0633620966770663
DS05,mc.rf_OVERT,rf,OVERT,27,1.0240698898283782
DS05,mc.rf_OVERT,rf,OVERT,28,1.0283738297250868
DS05,mc.rf_OVERT,rf,OVERT,29,1.0284985458894325
DS05,mc.rf_OVERT,rf,OVERT,30,1.0351619538789976
DS05,mc.rf_OVERT,rf,OVERT,31,1.030966413762394
DS05,mc.rf_OVERT,rf,OVERT,32,1.0485530539676404
DS05,mc.rf_OVERT,rf,OVERT,33,1.0549429720874195
DS05,mc.rf_OVERT,rf,OVERT,34,1.0651036799033946
DS05,mc.rf_OVERT,rf,OVERT,35,1.0735600566999897
DS05,mc.rf_OVERT,rf,OVERT,36,1.0677515757994667
DS05,mc.rf_OVERT,rf,OVERT,37,1.0418630817656678
DS05,mc.rf_OVERT,rf,OVERT,38,1.0572566400687522
DS05,mc.rf_OVERT,rf,OVERT,39,1.0611322837030055
DS05,mc.rf_OVERT,rf,OVERT,40,1.0701192904224999
DS05,mc.rf_OVERT,rf,OVERT,41,1.0754342999269084
DS05,mc.rf_OVERT,rf,OVERT,42,1.0426518546749703
DS05,mc.rf_OVERT,rf,OVERT,43,1.042191703361647
DS05,mc.rf_OVERT,rf,OVERT,44,1.058597826762634
DS05,mc.rf_OVERT,rf,OVERT,45,1.0539180999706121
DS05,mc.rf_OVERT,rf,OVERT,46,1.0684130337485143
DS05,mc.rf_OVERT,rf,OVERT,47,1.0563644012712694
DS05,mc.rf_OVERT,rf,OVERT,48,1.0932254231404304
DS05,mc.rf_OVERT,rf,OVERT,49,1.08876807869388
DS05,mc.rf_OVERT,rf,OVERT,50,1.074707287316281
DS05,mc.rf_SMOTEB,rf,SMOTEB,1,1.1722784733195755
DS05,mc.rf_SMOTEB,rf,SMOTEB,2,1.1375676267453816
DS05,mc.rf_SMOTEB,rf,SMOTEB,3,1.000282932561188
DS05,mc.rf_SMOTEB,rf,SMOTEB,4,1.013307238946015
DS05,mc.rf_SMOTEB,rf,SMOTEB,5,1.065800505353308
DS05,mc.rf_SMOTEB,rf,SMOTEB,6,1.0546839017892735
DS05,mc.rf_SMOTEB,rf,SMOTEB,7,1.046178924226196
DS05,mc.rf_SMOTEB,rf,SMOTEB,8,1.0608826552757171
DS05,mc.rf_SMOTEB,rf,SMOTEB,9,1.0952626233172527
DS05,mc.rf_SMOTEB,rf,SMOTEB,10,1.0562839600351566
DS05,mc.rf_SMOTEB,rf,SMOTEB,11,1.054511069055504
DS05,mc.rf_SMOTEB,rf,SMOTEB,12,1.0777959549481013
DS05,mc.rf_SMOTEB,rf,SMOTEB,13,1.0375159096970596
DS05,mc.rf_SMOTEB,rf,SMOTEB,14,1.0822432295134479
DS05,mc.rf_SMOTEB,rf,SMOTEB,15,1.0703819058728163
DS05,mc.rf_SMOTEB,rf,SMOTEB,16,1.0412300676054502
DS05,mc.rf_SMOTEB,rf,SMOTEB,17,1.053556144692806
DS05,mc.rf_SMOTEB,rf,SMOTEB,18,1.0770348520063857
DS05,mc.rf_SMOTEB,rf,SMOTEB,19,1.0833927348054733
DS05,mc.rf_SMOTEB,rf,SMOTEB,20,1.07183849499999
DS05,mc.rf_SMOTEB,rf,SMOTEB,21,1.051692921014389
DS05,mc.rf_SMOTEB,rf,SMOTEB,22,1.0692142313656303
DS05,mc.rf_SMOTEB,rf,SMOTEB,23,1.0557142852508283
DS05,mc.rf_SMOTEB,rf,SMOTEB,24,1.0969744660563927
DS05,mc.rf_SMOTEB,rf,SMOTEB,25,1.0495145620275341
DS05,mc.rf_SMOTEB,rf,SMOTEB,26,1.0488186680510492
DS05,mc.rf_SMOTEB,rf,SMOTEB,27,1.0040540092715307
DS05,mc.rf_SMOTEB,rf,SMOTEB,28,0.9977222056832378
DS05,mc.rf_SMOTEB,rf,SMOTEB,29,1.0046005462917686
DS05,mc.rf_SMOTEB,rf,SMOTEB,30,1.0037359382367141
DS05,mc.rf_SMOTEB,rf,SMOTEB,31,0.9726607571261884
DS05,mc.rf_SMOTEB,rf,SMOTEB,32,1.0106944212641893
DS05,mc.rf_SMOTEB,rf,SMOTEB,33,1.0600100294780215
DS05,mc.rf_SMOTEB,rf,SMOTEB,34,1.0164839777874648
DS05,mc.rf_SMOTEB,rf,SMOTEB,35,1.0089175969551099
DS05,mc.rf_SMOTEB,rf,SMOTEB,36,1.0316368870057446
DS05,mc.rf_SMOTEB,rf,SMOTEB,37,1.0176371889696854
DS05,mc.rf_SMOTEB,rf,SMOTEB,38,0.9957599332173914
DS05,mc.rf_SMOTEB,rf,SMOTEB,39,1.0184738577816805
DS05,mc.rf_SMOTEB,rf,SMOTEB,40,1.03976897108402
DS05,mc.rf_SMOTEB,rf,SMOTEB,41,1.0105299741202054
DS05,mc.rf_SMOTEB,rf,SMOTEB,42,0.9891664294138157
DS05,mc.rf_SMOTEB,rf,SMOTEB,43,1.0026329489628127
DS05,mc.rf_SMOTEB,rf,SMOTEB,44,1.0061542287545424
DS05,mc.rf_SMOTEB,rf,SMOTEB,45,0.9925877508408221
DS05,mc.rf_SMOTEB,rf,SMOTEB,46,1.0111081209598158
DS05,mc.rf_SMOTEB,rf,SMOTEB,47,1.0263034487206364
DS05,mc.rf_SMOTEB,rf,SMOTEB,48,1.0450951506748376
DS05,mc.rf_SMOTEB,rf,SMOTEB,49,1.0184368859115576
DS05,mc.rf_SMOTEB,rf,SMOTEB,50,1.002957115291104
DS05,mc.rf_SMOTETPhi,rf,SMOTETPhi,1,1.0796350425111423
DS05,mc.rf_SMOTETPhi,rf,SMOTETPhi,2,1.0704707443335273
DS05,mc.rf_SMOTETPhi,rf,SMOTETPhi,3,0.9184805284803577
DS05,mc.rf_SMOTETPhi,rf,SMOTETPhi,4,0.9370905038330111
DS05,mc.rf_SMOTETPhi,rf,SMOTETPhi,5,1.0509591332265997
DS05,mc.rf_SMOTETPhi,rf,SMOTETPhi,6,1.0374795792745286
DS05,mc.rf_SMOTETPhi,rf,SMOTETPhi,7,0.9660964898025372
DS05,mc.rf_SMOTETPhi,rf,SMOTETPhi,8,1.0356493739944375
DS05,mc.rf_SMOTETPhi,rf,SMOTETPhi,9,1.036475265482611
DS05,mc.rf_SMOTETPhi,rf,SMOTETPhi,10,0.9973408906330294
DS05,mc.rf_SMOTETPhi,rf,SMOTETPhi,11,0.9731094552104644
DS05,mc.rf_SMOTETPhi,rf,SMOTETPhi,12,0.9735016217540566
DS05,mc.rf_SMOTETPhi,rf,SMOTETPhi,13,1.0164899376295407
DS05,mc.rf_SMOTETPhi,rf,SMOTETPhi,14,1.0130299573559463
DS05,mc.rf_SMOTETPhi,rf,SMOTETPhi,15,0.9712767359139988
DS05,mc.rf_SMOTETPhi,rf,SMOTETPhi,16,0.9883926388460342
DS05,mc.rf_SMOTETPhi,rf,SMOTETPhi,17,1.0040453350959482
DS05,mc.rf_SMOTETPhi,rf,SMOTETPhi,18,1.017592391679704
DS05,mc.rf_SMOTETPhi,rf,SMOTETPhi,19,0.9614938483014092
DS05,mc.rf_SMOTETPhi,rf,SMOTETPhi,20,0.9667759533970363
DS05,mc.rf_SMOTETPhi,rf,SMOTETPhi,21,1.0043596259307712
DS05,mc.rf_SMOTETPhi,rf,SMOTETPhi,22,1.004294490496797
DS05,mc.rf_SMOTETPhi,rf,SMOTETPhi,23,0.995459741754843
DS05,mc.rf_SMOTETPhi,rf,SMOTETPhi,24,0.9511065136710382
DS05,mc.rf_SMOTETPhi,rf,SMOTETPhi,25,0.9788162910822495
DS05,mc.rf_SMOTETPhi,rf,SMOTETPhi,26,0.9871742738462875
DS05,mc.rf_SMOTETPhi,rf,SMOTETPhi,27,0.9246308226790184
DS05,mc.rf_SMOTETPhi,rf,SMOTETPhi,28,0.9789748420545289
DS05,mc.rf_SMOTETPhi,rf,SMOTETPhi,29,0.9619976525655328
DS05,mc.rf_SMOTETPhi,rf,SMOTETPhi,30,0.9285082039032718
DS05,mc.rf_SMOTETPhi,rf,SMOTETPhi,31,0.9413343386374806
DS05,mc.rf_SMOTETPhi,rf,SMOTETPhi,32,0.9839602022645801
DS05,mc.rf_SMOTETPhi,rf,SMOTETPhi,33,1.013400637865493
DS05,mc.rf_SMOTETPhi,rf,SMOTETPhi,34,0.9976160705886574
DS05,mc.rf_SMOTETPhi,rf,SMOTETPhi,35,1.0129263909583552
DS05,mc.rf_SMOTETPhi,rf,SMOTETPhi,36,0.966708987295542
DS05,mc.rf_SMOTETPhi,rf,SMOTETPhi,37,0.999239069299451
DS05,mc.rf_SMOTETPhi,rf,SMOTETPhi,38,0.9985951202437813
DS05,mc.rf_SMOTETPhi,rf,SMOTETPhi,39,1.0260467841393361
DS05,mc.rf_SMOTETPhi,rf,SMOTETPhi,40,1.0300275140469215
DS05,mc.rf_SMOTETPhi,rf,SMOTETPhi,41,0.9887939625534263
DS05,mc.rf_SMOTETPhi,rf,SMOTETPhi,42,0.9107610648193576
DS05,mc.rf_SMOTETPhi,rf,SMOTETPhi,43,0.9219112550893142
DS05,mc.rf_SMOTETPhi,rf,SMOTETPhi,44,0.980725806347566
DS05,mc.rf_SMOTETPhi,rf,SMOTETPhi,45,0.909067608853244
DS05,mc.rf_SMOTETPhi,rf,SMOTETPhi,46,0.9845185607101391
DS05,mc.rf_SMOTETPhi,rf,SMOTETPhi,47,0.9975845626593659
DS05,mc.rf_SMOTETPhi,rf,SMOTETPhi,48,0.995262317398499
DS05,mc.rf_SMOTETPhi,rf,SMOTETPhi,49,0.9872155387945508
DS05,mc.rf_SMOTETPhi,rf,SMOTETPhi,50,1.0056304965440301
DS05,mc.rf_SMOTET,rf,SMOTET,1,1.1120475201430697
DS05,mc.rf_SMOTET,rf,SMOTET,2,1.096525447222677
DS05,mc.rf_SMOTET,rf,SMOTET,3,0.9556686698228557
DS05,mc.rf_SMOTET,rf,SMOTET,4,0.9878995458021749
DS05,mc.rf_SMOTET,rf,SMOTET,5,1.0786912397787765
DS05,mc.rf_SMOTET,rf,SMOTET,6,1.0410939850950705
DS05,mc.rf_SMOTET,rf,SMOTET,7,1.035174939112219
DS05,mc.rf_SMOTET,rf,SMOTET,8,1.0607829517768705
DS05,mc.rf_SMOTET,rf,SMOTET,9,1.0588474234705036
DS05,mc.rf_SMOTET,rf,SMOTET,10,1.0519203094884677
DS05,mc.rf_SMOTET,rf,SMOTET,11,1.0334871801661116
DS05,mc.rf_SMOTET,rf,SMOTET,12,1.0163547979070913
DS05,mc.rf_SMOTET,rf,SMOTET,13,1.055786694730936
DS05,mc.rf_SMOTET,rf,SMOTET,14,1.099503700991342
DS05,mc.rf_SMOTET,rf,SMOTET,15,1.0099062258136888
DS05,mc.rf_SMOTET,rf,SMOTET,16,1.0442082523001608
DS05,mc.rf_SMOTET,rf,SMOTET,17,1.0639317696988098
DS05,mc.rf_SMOTET,rf,SMOTET,18,1.063206724596591
DS05,mc.rf_SMOTET,rf,SMOTET,19,1.0147684531276686
DS05,mc.rf_SMOTET,rf,SMOTET,20,1.0280901119766441
DS05,mc.rf_SMOTET,rf,SMOTET,21,1.0353685299305806
DS05,mc.rf_SMOTET,rf,SMOTET,22,1.0484621524733229
DS05,mc.rf_SMOTET,rf,SMOTET,23,1.0390113463789017
DS05,mc.rf_SMOTET,rf,SMOTET,24,1.0507929029726795
DS05,mc.rf_SMOTET,rf,SMOTET,25,1.0204331938359639
DS05,mc.rf_SMOTET,rf,SMOTET,26,1.0384428936953964
DS05,mc.rf_SMOTET,rf,SMOTET,27,0.9746029293005204
DS05,mc.rf_SMOTET,rf,SMOTET,28,1.0151486825094964
DS05,mc.rf_SMOTET,rf,SMOTET,29,1.0032309119106293
DS05,mc.rf_SMOTET,rf,SMOTET,30,0.9764545155171315
DS05,mc.rf_SMOTET,rf,SMOTET,31,0.9776556789436506
DS05,mc.rf_SMOTET,rf,SMOTET,32,1.036076043626665
DS05,mc.rf_SMOTET,rf,SMOTET,33,1.0447188145668853
DS05,mc.rf_SMOTET,rf,SMOTET,34,1.0130189709974475
DS05,mc.rf_SMOTET,rf,SMOTET,35,1.0734640759706795
DS05,mc.rf_SMOTET,rf,SMOTET,36,0.9769857967930642
DS05,mc.rf_SMOTET,rf,SMOTET,37,1.0068894294779094
DS05,mc.rf_SMOTET,rf,SMOTET,38,1.0221953919120859
DS05,mc.rf_SMOTET,rf,SMOTET,39,1.04632800501372
DS05,mc.rf_SMOTET,rf,SMOTET,40,1.0717403477381713
DS05,mc.rf_SMOTET,rf,SMOTET,41,1.0341470858941841
DS05,mc.rf_SMOTET,rf,SMOTET,42,0.9710503664052694
DS05,mc.rf_SMOTET,rf,SMOTET,43,1.0019692471066142
DS05,mc.rf_SMOTET,rf,SMOTET,44,1.0299534979534675
DS05,mc.rf_SMOTET,rf,SMOTET,45,1.0025582640716588
DS05,mc.rf_SMOTET,rf,SMOTET,46,1.0411608515696578
DS05,mc.rf_SMOTET,rf,SMOTET,47,1.0714876697001186
DS05,mc.rf_SMOTET,rf,SMOTET,48,1.0548513381498241
DS05,mc.rf_SMOTET,rf,SMOTET,49,1.0603080841563002
DS05,mc.rf_SMOTET,rf,SMOTET,50,1.0525821689313937
DS05,mc.rf_UNDERB,rf,UNDERB,1,1.1073949410838564
DS05,mc.rf_UNDERB,rf,UNDERB,2,1.0866896516176727
DS05,mc.rf_UNDERB,rf,UNDERB,3,0.910592657780297
DS05,mc.rf_UNDERB,rf,UNDERB,4,0.957702685562424
DS05,mc.rf_UNDERB,rf,UNDERB,5,0.9894451145846003
DS05,mc.rf_UNDERB,rf,UNDERB,6,1.0216857636363568
DS05,mc.rf_UNDERB,rf,UNDERB,7,0.9942227889640589
DS05,mc.rf_UNDERB,rf,UNDERB,8,0.9912194502706425
DS05,mc.rf_UNDERB,rf,UNDERB,9,0.9646261202976235
DS05,mc.rf_UNDERB,rf,UNDERB,10,0.9889242069792908
DS05,mc.rf_UNDERB,rf,UNDERB,11,0.9505011979285558
DS05,mc.rf_UNDERB,rf,UNDERB,12,0.987406827635897
DS05,mc.rf_UNDERB,rf,UNDERB,13,0.978158922037934
DS05,mc.rf_UNDERB,rf,UNDERB,14,1.0050538226199257
DS05,mc.rf_UNDERB,rf,UNDERB,15,0.9937694721112501
DS05,mc.rf_UNDERB,rf,UNDERB,16,0.9706108830038034
DS05,mc.rf_UNDERB,rf,UNDERB,17,0.9688946323531452
DS05,mc.rf_UNDERB,rf,UNDERB,18,0.9594476118214013
DS05,mc.rf_UNDERB,rf,UNDERB,19,0.9274740652472805
DS05,mc.rf_UNDERB,rf,UNDERB,20,0.928163829865124
DS05,mc.rf_UNDERB,rf,UNDERB,21,0.9767163604564443
DS05,mc.rf_UNDERB,rf,UNDERB,22,0.9860050820804022
DS05,mc.rf_UNDERB,rf,UNDERB,23,0.9459939914974457
DS05,mc.rf_UNDERB,rf,UNDERB,24,0.9798496130725662
DS05,mc.rf_UNDERB,rf,UNDERB,25,0.996919553286594
DS05,mc.rf_UNDERB,rf,UNDERB,26,0.967703962381492
DS05,mc.rf_UNDERB,rf,UNDERB,27,0.9291619032623841
DS05,mc.rf_UNDERB,rf,UNDERB,28,0.9420722284856875
DS05,mc.rf_UNDERB,rf,UNDERB,29,0.9418101128154553
DS05,mc.rf_UNDERB,rf,UNDERB,30,0.9006014643445526
DS05,mc.rf_UNDERB,rf,UNDERB,31,0.8865209177774347
DS05,mc.rf_UNDERB,rf,UNDERB,32,0.9540812756531489
DS05,mc.rf_UNDERB,rf,UNDERB,33,0.9102852205543271
DS05,mc.rf_UNDERB,rf,UNDERB,34,0.9678644673457488
DS05,mc.rf_UNDERB,rf,UNDERB,35,0.9583397844683257
DS05,mc.rf_UNDERB,rf,UNDERB,36,0.9631418716291956
DS05,mc.rf_UNDERB,rf,UNDERB,37,0.9682095059030363
DS05,mc.rf_UNDERB,rf,UNDERB,38,0.9602518522765696
DS05,mc.rf_UNDERB,rf,UNDERB,39,0.9471527065734932
DS05,mc.rf_UNDERB,rf,UNDERB,40,0.9692947454322484
DS05,mc.rf_UNDERB,rf,UNDERB,41,0.9352510212219922
DS05,mc.rf_UNDERB,rf,UNDERB,42,0.8934336801763715
DS05,mc.rf_UNDERB,rf,UNDERB,43,0.9376656751223953
DS05,mc.rf_UNDERB,rf,UNDERB,44,0.9592869148762895
DS05,mc.rf_UNDERB,rf,UNDERB,45,0.9539772142864008
DS05,mc.rf_UNDERB,rf,UNDERB,46,0.9413438672679069
DS05,mc.rf_UNDERB,rf,UNDERB,47,0.9749319200095335
DS05,mc.rf_UNDERB,rf,UNDERB,48,0.963428328566613
DS05,mc.rf_UNDERB,rf,UNDERB,49,0.9645396573336587
DS05,mc.rf_UNDERB,rf,UNDERB,50,0.9576210267116223
DS05,mc.rf_UNDERTPhi,rf,UNDERTPhi,1,1.1073679578848254
DS05,mc.rf_UNDERTPhi,rf,UNDERTPhi,2,1.0921403134009369
DS05,mc.rf_UNDERTPhi,rf,UNDERTPhi,3,0.9166721726812835
DS05,mc.rf_UNDERTPhi,rf,UNDERTPhi,4,0.9585887928042695
DS05,mc.rf_UNDERTPhi,rf,UNDERTPhi,5,0.9728943180200118
DS05,mc.rf_UNDERTPhi,rf,UNDERTPhi,6,1.0254732993421725
DS05,mc.rf_UNDERTPhi,rf,UNDERTPhi,7,0.9551480477222212
DS05,mc.rf_UNDERTPhi,rf,UNDERTPhi,8,0.9470401306645209
DS05,mc.rf_UNDERTPhi,rf,UNDERTPhi,9,1.0305796851496594
DS05,mc.rf_UNDERTPhi,rf,UNDERTPhi,10,0.9872705724196684
DS05,mc.rf_UNDERTPhi,rf,UNDERTPhi,11,0.9809915893149261
DS05,mc.rf_UNDERTPhi,rf,UNDERTPhi,12,0.9803070297492201
DS05,mc.rf_UNDERTPhi,rf,UNDERTPhi,13,0.9781342715651605
DS05,mc.rf_UNDERTPhi,rf,UNDERTPhi,14,1.0077423521819344
DS05,mc.rf_UNDERTPhi,rf,UNDERTPhi,15,0.9679875876478404
DS05,mc.rf_UNDERTPhi,rf,UNDERTPhi,16,0.991117665694843
DS05,mc.rf_UNDERTPhi,rf,UNDERTPhi,17,0.995811118882504
DS05,mc.rf_UNDERTPhi,rf,UNDERTPhi,18,0.9629696619708349
DS05,mc.rf_UNDERTPhi,rf,UNDERTPhi,19,0.9560440403566283
DS05,mc.rf_UNDERTPhi,rf,UNDERTPhi,20,0.9297889905427974
DS05,mc.rf_UNDERTPhi,rf,UNDERTPhi,21,0.9754334702698414
DS05,mc.rf_UNDERTPhi,rf,UNDERTPhi,22,0.9530919965085614
DS05,mc.rf_UNDERTPhi,rf,UNDERTPhi,23,0.9869733491494087
DS05,mc.rf_UNDERTPhi,rf,UNDERTPhi,24,0.962282958605145
DS05,mc.rf_UNDERTPhi,rf,UNDERTPhi,25,0.9557799338367552
DS05,mc.rf_UNDERTPhi,rf,UNDERTPhi,26,0.9780175068023237
DS05,mc.rf_UNDERTPhi,rf,UNDERTPhi,27,0.8932137632558486
DS05,mc.rf_UNDERTPhi,rf,UNDERTPhi,28,0.9010147057398146
DS05,mc.rf_UNDERTPhi,rf,UNDERTPhi,29,0.9124149240907622
DS05,mc.rf_UNDERTPhi,rf,UNDERTPhi,30,0.9172834326569711
DS05,mc.rf_UNDERTPhi,rf,UNDERTPhi,31,0.8914991998742657
DS05,mc.rf_UNDERTPhi,rf,UNDERTPhi,32,0.9271262430233512
DS05,mc.rf_UNDERTPhi,rf,UNDERTPhi,33,0.9331145910508526
DS05,mc.rf_UNDERTPhi,rf,UNDERTPhi,34,0.9703824697044798
DS05,mc.rf_UNDERTPhi,rf,UNDERTPhi,35,0.9060689864391134
DS05,mc.rf_UNDERTPhi,rf,UNDERTPhi,36,0.9416933095750396
DS05,mc.rf_UNDERTPhi,rf,UNDERTPhi,37,0.9413142644981128
DS05,mc.rf_UNDERTPhi,rf,UNDERTPhi,38,0.9039070017135845
DS05,mc.rf_UNDERTPhi,rf,UNDERTPhi,39,0.9442395571270701
DS05,mc.rf_UNDERTPhi,rf,UNDERTPhi,40,0.9403642994038093
DS05,mc.rf_UNDERTPhi,rf,UNDERTPhi,41,0.93599805340522
DS05,mc.rf_UNDERTPhi,rf,UNDERTPhi,42,0.880617438657507
DS05,mc.rf_UNDERTPhi,rf,UNDERTPhi,43,0.9188910311605969
DS05,mc.rf_UNDERTPhi,rf,UNDERTPhi,44,0.9152033423712874
DS05,mc.rf_UNDERTPhi,rf,UNDERTPhi,45,0.9228691789324808
DS05,mc.rf_UNDERTPhi,rf,UNDERTPhi,46,0.9169936184790481
DS05,mc.rf_UNDERTPhi,rf,UNDERTPhi,47,0.970769449583929
DS05,mc.rf_UNDERTPhi,rf,UNDERTPhi,48,0.9469442437527441
DS05,mc.rf_UNDERTPhi,rf,UNDERTPhi,49,0.9265867359772416
DS05,mc.rf_UNDERTPhi,rf,UNDERTPhi,50,0.9343972556808315
DS05,mc.rf_UNDERT,rf,UNDERT,1,1.1050266363832582
DS05,mc.rf_UNDERT,rf,UNDERT,2,1.0677563697171217
DS05,mc.rf_UNDERT,rf,UNDERT,3,0.9421389456235899
DS05,mc.rf_UNDERT,rf,UNDERT,4,0.9792125434414868
DS05,mc.rf_UNDERT,rf,UNDERT,5,0.9971760908476837
DS05,mc.rf_UNDERT,rf,UNDERT,6,1.0033084562139558
DS05,mc.rf_UNDERT,rf,UNDERT,7,1.0119868972515118
DS05,mc.rf_UNDERT,rf,UNDERT,8,0.9860434229796425
DS05,mc.rf_UNDERT,rf,UNDERT,9,0.9938976144056082
DS05,mc.rf_UNDERT,rf,UNDERT,10,0.9827328873319392
DS05,mc.rf_UNDERT,rf,UNDERT,11,1.02042192067249
DS05,mc.rf_UNDERT,rf,UNDERT,12,1.0032266604665727
DS05,mc.rf_UNDERT,rf,UNDERT,13,0.9780903457263496
DS05,mc.rf_UNDERT,rf,UNDERT,14,0.9881466582388415
DS05,mc.rf_UNDERT,rf,UNDERT,15,0.9436818368163296
DS05,mc.rf_UNDERT,rf,UNDERT,16,0.9707993223991703
DS05,mc.rf_UNDERT,rf,UNDERT,17,1.0336966224176916
DS05,mc.rf_UNDERT,rf,UNDERT,18,0.9781241033716591
DS05,mc.rf_UNDERT,rf,UNDERT,19,0.9609875843735254
DS05,mc.rf_UNDERT,rf,UNDERT,20,0.971059829412602
DS05,mc.rf_UNDERT,rf,UNDERT,21,1.0045232893775433
DS05,mc.rf_UNDERT,rf,UNDERT,22,1.0089557006015117
DS05,mc.rf_UNDERT,rf,UNDERT,23,0.9665011910825129
DS05,mc.rf_UNDERT,rf,UNDERT,24,0.9973519293228593
DS05,mc.rf_UNDERT,rf,UNDERT,25,0.9868450993078135
DS05,mc.rf_UNDERT,rf,UNDERT,26,1.006623159075961
DS05,mc.rf_UNDERT,rf,UNDERT,27,0.9350960101035255
DS05,mc.rf_UNDERT,rf,UNDERT,28,0.9626706808894958
DS05,mc.rf_UNDERT,rf,UNDERT,29,0.9154729877606733
DS05,mc.rf_UNDERT,rf,UNDERT,30,0.9303470852467336
DS05,mc.rf_UNDERT,rf,UNDERT,31,0.9340270172601053
DS05,mc.rf_UNDERT,rf,UNDERT,32,0.9508929897684824
DS05,mc.rf_UNDERT,rf,UNDERT,33,0.9553242909048407
DS05,mc.rf_UNDERT,rf,UNDERT,34,0.9130930438809282
DS05,mc.rf_UNDERT,rf,UNDERT,35,0.929897125461192
DS05,mc.rf_UNDERT,rf,UNDERT,36,0.9575046058734883
DS05,mc.rf_UNDERT,rf,UNDERT,37,0.9292673358754031
DS05,mc.rf_UNDERT,rf,UNDERT,38,0.9777627686686564
DS05,mc.rf_UNDERT,rf,UNDERT,39,0.9842999101282718
DS05,mc.rf_UNDERT,rf,UNDERT,40,0.9547289807102828
DS05,mc.rf_UNDERT,rf,UNDERT,41,0.9862874583821301
DS05,mc.rf_UNDERT,rf,UNDERT,42,0.9357120257405919
DS05,mc.rf_UNDERT,rf,UNDERT,43,0.9142061245259587
DS05,mc.rf_UNDERT,rf,UNDERT,44,0.9478334966200787
DS05,mc.rf_UNDERT,rf,UNDERT,45,0.962185302257412
DS05,mc.rf_UNDERT,rf,UNDERT,46,0.9705595323126447
DS05,mc.rf_UNDERT,rf,UNDERT,47,0.9676025542762218
DS05,mc.rf_UNDERT,rf,UNDERT,48,0.9842321527202843
DS05,mc.rf_UNDERT,rf,UNDERT,49,0.9693762720742337
DS05,mc.rf_UNDERT,rf,UNDERT,50,0.9579748847681157
DS05,mc.rf,rf,baseline,1,1.1218701336700578
DS05,mc.rf,rf,baseline,2,1.1058190310906166
DS05,mc.rf,rf,baseline,3,0.98418562275012
DS05,mc.rf,rf,baseline,4,0.9946703990523161
DS05,mc.rf,rf,baseline,5,1.0495161713213592
DS05,mc.rf,rf,baseline,6,1.0409030163589224
DS05,mc.rf,rf,baseline,7,1.042474612207368
DS05,mc.rf,rf,baseline,8,1.0424932971083312
DS05,mc.rf,rf,baseline,9,1.0375224379216927
DS05,mc.rf,rf,baseline,10,1.0381763218917477
DS05,mc.rf,rf,baseline,11,1.0288810676049378
DS05,mc.rf,rf,baseline,12,1.0351537355970681
DS05,mc.rf,rf,baseline,13,1.0365467606758976
DS05,mc.rf,rf,baseline,14,1.0372546257890252
DS05,mc.rf,rf,baseline,15,1.0381174926046888
DS05,mc.rf,rf,baseline,16,1.0384531653039837
DS05,mc.rf,rf,baseline,17,1.0319354367759994
DS05,mc.rf,rf,baseline,18,1.0377580836935567
DS05,mc.rf,rf,baseline,19,1.0329050291962376
DS05,mc.rf,rf,baseline,20,1.0249479695848218
DS05,mc.rf,rf,baseline,21,1.082320212202696
DS05,mc.rf,rf,baseline,22,1.059441422882629
DS05,mc.rf,rf,baseline,23,1.0596962036356425
DS05,mc.rf,rf,baseline,24,1.065869768525576
DS05,mc.rf,rf,baseline,25,1.0572848427162103
DS05,mc.rf,rf,baseline,26,1.0543732997453954
DS05,mc.rf,rf,baseline,27,1.0320311776912154
DS05,mc.rf,rf,baseline,28,1.0275808072147752
DS05,mc.rf,rf,baseline,29,1.0226392096503194
DS05,mc.rf,rf,baseline,30,1.02026637965984
DS05,mc.rf,rf,baseline,31,1.021985663094414
DS05,mc.rf,rf,baseline,32,1.0456610464295064
DS05,mc.rf,rf,baseline,33,1.0617278471061535
DS05,mc.rf,rf,baseline,34,1.0659445876649511
DS05,mc.rf,rf,baseline,35,1.072131344562285
DS05,mc.rf,rf,baseline,36,1.062020182783478
DS05,mc.rf,rf,baseline,37,1.0554280385211405
DS05,mc.rf,rf,baseline,38,1.054870404568226
DS05,mc.rf,rf,baseline,39,1.0591657223630522
DS05,mc.rf,rf,baseline,40,1.0676655548353695
DS05,mc.rf,rf,baseline,41,1.067418734449267
DS05,mc.rf,rf,baseline,42,1.0160411180700422
DS05,mc.rf,rf,baseline,43,1.025744533326037
DS05,mc.rf,rf,baseline,44,1.0492844667309633
DS05,mc.rf,rf,baseline,45,1.049274056914716
DS05,mc.rf,rf,baseline,46,1.0599250251240393
DS05,mc.rf,rf,baseline,47,1.0652006135027072
DS05,mc.rf,rf,baseline,48,1.067329335729001
DS05,mc.rf,rf,baseline,49,1.0672544902781378
DS05,mc.rf,rf,baseline,50,1.0482035299231807
DS05,mc.rpart_OVERB,rpart,OVERB,1,1.3376719349599981
DS05,mc.rpart_OVERB,rpart,OVERB,2,1.3571680524017415
DS05,mc.rpart_OVERB,rpart,OVERB,3,1.2664822845348898
DS05,mc.rpart_OVERB,rpart,OVERB,4,1.3372227694957362
DS05,mc.rpart_OVERB,rpart,OVERB,5,1.2751851915603658
DS05,mc.rpart_OVERB,rpart,OVERB,6,1.4084602519785459
DS05,mc.rpart_OVERB,rpart,OVERB,7,1.2255111981659594
DS05,mc.rpart_OVERB,rpart,OVERB,8,1.323295529836395
DS05,mc.rpart_OVERB,rpart,OVERB,9,1.3163148554098147
DS05,mc.rpart_OVERB,rpart,OVERB,10,1.3429862296149526
DS05,mc.rpart_OVERB,rpart,OVERB,11,1.4026285522488755
DS05,mc.rpart_OVERB,rpart,OVERB,12,1.2856747553461445
DS05,mc.rpart_OVERB,rpart,OVERB,13,1.3200759913276825
DS05,mc.rpart_OVERB,rpart,OVERB,14,1.3256576640778774
DS05,mc.rpart_OVERB,rpart,OVERB,15,1.3444445860920071
DS05,mc.rpart_OVERB,rpart,OVERB,16,1.261385476684717
DS05,mc.rpart_OVERB,rpart,OVERB,17,1.3690378930034788
DS05,mc.rpart_OVERB,rpart,OVERB,18,1.2501938109996118
DS05,mc.rpart_OVERB,rpart,OVERB,19,1.2738050773493546
DS05,mc.rpart_OVERB,rpart,OVERB,20,1.2604007464185962
DS05,mc.rpart_OVERB,rpart,OVERB,21,1.2934004487279918
DS05,mc.rpart_OVERB,rpart,OVERB,22,1.293558843002725
DS05,mc.rpart_OVERB,rpart,OVERB,23,1.2863034575743941
DS05,mc.rpart_OVERB,rpart,OVERB,24,1.267259508057269
DS05,mc.rpart_OVERB,rpart,OVERB,25,1.2894887206948993
DS05,mc.rpart_OVERB,rpart,OVERB,26,1.2055233062337245
DS05,mc.rpart_OVERB,rpart,OVERB,27,1.2273462641136996
DS05,mc.rpart_OVERB,rpart,OVERB,28,1.1009012297384952
DS05,mc.rpart_OVERB,rpart,OVERB,29,1.171351293143323
DS05,mc.rpart_OVERB,rpart,OVERB,30,1.076592431152979
DS05,mc.rpart_OVERB,rpart,OVERB,31,1.186704712087238
DS05,mc.rpart_OVERB,rpart,OVERB,32,1.1373963432839016
DS05,mc.rpart_OVERB,rpart,OVERB,33,1.1438460101458567
DS05,mc.rpart_OVERB,rpart,OVERB,34,1.1643273257492757
DS05,mc.rpart_OVERB,rpart,OVERB,35,1.202625997126829
DS05,mc.rpart_OVERB,rpart,OVERB,36,1.224495116547858
DS05,mc.rpart_OVERB,rpart,OVERB,37,1.1729944365588796
DS05,mc.rpart_OVERB,rpart,OVERB,38,1.2288996638152605
DS05,mc.rpart_OVERB,rpart,OVERB,39,1.20011782634352
DS05,mc.rpart_OVERB,rpart,OVERB,40,1.2128380821650477
DS05,mc.rpart_OVERB,rpart,OVERB,41,1.1996884476629746
DS05,mc.rpart_OVERB,rpart,OVERB,42,1.1682002886722453
DS05,mc.rpart_OVERB,rpart,OVERB,43,1.1685222892834628
DS05,mc.rpart_OVERB,rpart,OVERB,44,1.1787250666502278
DS05,mc.rpart_OVERB,rpart,OVERB,45,1.1360087306321567
DS05,mc.rpart_OVERB,rpart,OVERB,46,1.2104902214035
DS05,mc.rpart_OVERB,rpart,OVERB,47,1.21670466510874
DS05,mc.rpart_OVERB,rpart,OVERB,48,1.1464961729347427
DS05,mc.rpart_OVERB,rpart,OVERB,49,1.2325979642491112
DS05,mc.rpart_OVERB,rpart,OVERB,50,1.1290020819744677
DS05,mc.rpart_OVERTPhi,rpart,OVERTPhi,1,1.311093152158271
DS05,mc.rpart_OVERTPhi,rpart,OVERTPhi,2,1.3375347972599936
DS05,mc.rpart_OVERTPhi,rpart,OVERTPhi,3,1.1814810292105924
DS05,mc.rpart_OVERTPhi,rpart,OVERTPhi,4,1.1803588866236479
DS05,mc.rpart_OVERTPhi,rpart,OVERTPhi,5,1.2500459039284861
DS05,mc.rpart_OVERTPhi,rpart,OVERTPhi,6,1.226843332961426
DS05,mc.rpart_OVERTPhi,rpart,OVERTPhi,7,1.259307203053932
DS05,mc.rpart_OVERTPhi,rpart,OVERTPhi,8,1.2372545523735423
DS05,mc.rpart_OVERTPhi,rpart,OVERTPhi,9,1.2121440784805522
DS05,mc.rpart_OVERTPhi,rpart,OVERTPhi,10,1.178952406232284
DS05,mc.rpart_OVERTPhi,rpart,OVERTPhi,11,1.2806842467434665
DS05,mc.rpart_OVERTPhi,rpart,OVERTPhi,12,1.279141916517611
DS05,mc.rpart_OVERTPhi,rpart,OVERTPhi,13,1.2142513247151991
DS05,mc.rpart_OVERTPhi,rpart,OVERTPhi,14,1.281578014677473
DS05,mc.rpart_OVERTPhi,rpart,OVERTPhi,15,1.1857120489276631
DS05,mc.rpart_OVERTPhi,rpart,OVERTPhi,16,1.1768758742972205
DS05,mc.rpart_OVERTPhi,rpart,OVERTPhi,17,1.2099029612687162
DS05,mc.rpart_OVERTPhi,rpart,OVERTPhi,18,1.2969537584074657
DS05,mc.rpart_OVERTPhi,rpart,OVERTPhi,19,1.1829667088875004
DS05,mc.rpart_OVERTPhi,rpart,OVERTPhi,20,1.1819306725727043
DS05,mc.rpart_OVERTPhi,rpart,OVERTPhi,21,1.3562898645081707
DS05,mc.rpart_OVERTPhi,rpart,OVERTPhi,22,1.2774083376863836
DS05,mc.rpart_OVERTPhi,rpart,OVERTPhi,23,1.2375012618868957
DS05,mc.rpart_OVERTPhi,rpart,OVERTPhi,24,1.24399156617432
DS05,mc.rpart_OVERTPhi,rpart,OVERTPhi,25,1.2344935361153666
DS05,mc.rpart_OVERTPhi,rpart,OVERTPhi,26,1.1510467467774128
DS05,mc.rpart_OVERTPhi,rpart,OVERTPhi,27,1.1392558404959556
DS05,mc.rpart_OVERTPhi,rpart,OVERTPhi,28,1.1341471156046863
DS05,mc.rpart_OVERTPhi,rpart,OVERTPhi,29,1.2468695844035034
DS05,mc.rpart_OVERTPhi,rpart,OVERTPhi,30,1.1192561754470816
DS05,mc.rpart_OVERTPhi,rpart,OVERTPhi,31,1.1256471196926678
DS05,mc.rpart_OVERTPhi,rpart,OVERTPhi,32,1.2171694948110316
DS05,mc.rpart_OVERTPhi,rpart,OVERTPhi,33,1.2530773616463224
DS05,mc.rpart_OVERTPhi,rpart,OVERTPhi,34,1.2164727538252396
DS05,mc.rpart_OVERTPhi,rpart,OVERTPhi,35,1.2144055690590976
DS05,mc.rpart_OVERTPhi,rpart,OVERTPhi,36,1.1443818658555025
DS05,mc.rpart_OVERTPhi,rpart,OVERTPhi,37,1.1607792963238646
DS05,mc.rpart_OVERTPhi,rpart,OVERTPhi,38,1.1252810519155552
DS05,mc.rpart_OVERTPhi,rpart,OVERTPhi,39,1.1392173236158425
DS05,mc.rpart_OVERTPhi,rpart,OVERTPhi,40,1.1228942084138014
DS05,mc.rpart_OVERTPhi,rpart,OVERTPhi,41,1.1863208188594674
DS05,mc.rpart_OVERTPhi,rpart,OVERTPhi,42,1.0851592067643285
DS05,mc.rpart_OVERTPhi,rpart,OVERTPhi,43,1.1318109196934683
DS05,mc.rpart_OVERTPhi,rpart,OVERTPhi,44,1.0486193536883623
DS05,mc.rpart_OVERTPhi,rpart,OVERTPhi,45,1.1599127861943117
DS05,mc.rpart_OVERTPhi,rpart,OVERTPhi,46,1.2015983140433837
DS05,mc.rpart_OVERTPhi,rpart,OVERTPhi,47,1.0768217397350235
DS05,mc.rpart_OVERTPhi,rpart,OVERTPhi,48,1.1482841667723656
DS05,mc.rpart_OVERTPhi,rpart,OVERTPhi,49,1.1473236188530402
DS05,mc.rpart_OVERTPhi,rpart,OVERTPhi,50,1.1112224476518815
DS05,mc.rpart_OVERT,rpart,OVERT,1,1.311093152158271
DS05,mc.rpart_OVERT,rpart,OVERT,2,1.3375347972599936
DS05,mc.rpart_OVERT,rpart,OVERT,3,1.1814810292105924
DS05,mc.rpart_OVERT,rpart,OVERT,4,1.1803588866236479
DS05,mc.rpart_OVERT,rpart,OVERT,5,1.2500459039284861
DS05,mc.rpart_OVERT,rpart,OVERT,6,1.226843332961426
DS05,mc.rpart_OVERT,rpart,OVERT,7,1.259307203053932
DS05,mc.rpart_OVERT,rpart,OVERT,8,1.2372545523735423
DS05,mc.rpart_OVERT,rpart,OVERT,9,1.2121440784805522
DS05,mc.rpart_OVERT,rpart,OVERT,10,1.178952406232284
DS05,mc.rpart_OVERT,rpart,OVERT,11,1.2806842467434665
DS05,mc.rpart_OVERT,rpart,OVERT,12,1.279141916517611
DS05,mc.rpart_OVERT,rpart,OVERT,13,1.2142513247151991
DS05,mc.rpart_OVERT,rpart,OVERT,14,1.281578014677473
DS05,mc.rpart_OVERT,rpart,OVERT,15,1.1857120489276631
DS05,mc.rpart_OVERT,rpart,OVERT,16,1.1768758742972205
DS05,mc.rpart_OVERT,rpart,OVERT,17,1.2099029612687162
DS05,mc.rpart_OVERT,rpart,OVERT,18,1.2969537584074657
DS05,mc.rpart_OVERT,rpart,OVERT,19,1.1829667088875004
DS05,mc.rpart_OVERT,rpart,OVERT,20,1.1819306725727043
DS05,mc.rpart_OVERT,rpart,OVERT,21,1.3562898645081707
DS05,mc.rpart_OVERT,rpart,OVERT,22,1.2774083376863836
DS05,mc.rpart_OVERT,rpart,OVERT,23,1.2375012618868957
DS05,mc.rpart_OVERT,rpart,OVERT,24,1.24399156617432
DS05,mc.rpart_OVERT,rpart,OVERT,25,1.2344935361153666
DS05,mc.rpart_OVERT,rpart,OVERT,26,1.1510467467774128
DS05,mc.rpart_OVERT,rpart,OVERT,27,1.1392558404959556
DS05,mc.rpart_OVERT,rpart,OVERT,28,1.1341471156046863
DS05,mc.rpart_OVERT,rpart,OVERT,29,1.2468695844035034
DS05,mc.rpart_OVERT,rpart,OVERT,30,1.1192561754470816
DS05,mc.rpart_OVERT,rpart,OVERT,31,1.1256471196926678
DS05,mc.rpart_OVERT,rpart,OVERT,32,1.2171694948110316
DS05,mc.rpart_OVERT,rpart,OVERT,33,1.2530773616463224
DS05,mc.rpart_OVERT,rpart,OVERT,34,1.2164727538252396
DS05,mc.rpart_OVERT,rpart,OVERT,35,1.2144055690590976
DS05,mc.rpart_OVERT,rpart,OVERT,36,1.1443818658555025
DS05,mc.rpart_OVERT,rpart,OVERT,37,1.1607792963238646
DS05,mc.rpart_OVERT,rpart,OVERT,38,1.1252810519155552
DS05,mc.rpart_OVERT,rpart,OVERT,39,1.1392173236158425
DS05,mc.rpart_OVERT,rpart,OVERT,40,1.1228942084138014
DS05,mc.rpart_OVERT,rpart,OVERT,41,1.1863208188594674
DS05,mc.rpart_OVERT,rpart,OVERT,42,1.0851592067643285
DS05,mc.rpart_OVERT,rpart,OVERT,43,1.1318109196934683
DS05,mc.rpart_OVERT,rpart,OVERT,44,1.0486193536883623
DS05,mc.rpart_OVERT,rpart,OVERT,45,1.1599127861943117
DS05,mc.rpart_OVERT,rpart,OVERT,46,1.2015983140433837
DS05,mc.rpart_OVERT,rpart,OVERT,47,1.0768217397350235
DS05,mc.rpart_OVERT,rpart,OVERT,48,1.1482841667723656
DS05,mc.rpart_OVERT,rpart,OVERT,49,1.1473236188530402
DS05,mc.rpart_OVERT,rpart,OVERT,50,1.1112224476518815
DS05,mc.rpart_SMOTEB,rpart,SMOTEB,1,1.5890471775743307
DS05,mc.rpart_SMOTEB,rpart,SMOTEB,2,1.3886012683558733
DS05,mc.rpart_SMOTEB,rpart,SMOTEB,3,1.177679803229014
DS05,mc.rpart_SMOTEB,rpart,SMOTEB,4,1.193935732930762
DS05,mc.rpart_SMOTEB,rpart,SMOTEB,5,1.4481413663090739
DS05,mc.rpart_SMOTEB,rpart,SMOTEB,6,1.4198254609789196
DS05,mc.rpart_SMOTEB,rpart,SMOTEB,7,1.36260096231301
DS05,mc.rpart_SMOTEB,rpart,SMOTEB,8,1.3834823910431355
DS05,mc.rpart_SMOTEB,rpart,SMOTEB,9,1.4097875994095992
DS05,mc.rpart_SMOTEB,rpart,SMOTEB,10,1.445866280421684
DS05,mc.rpart_SMOTEB,rpart,SMOTEB,11,1.4149446119255673
DS05,mc.rpart_SMOTEB,rpart,SMOTEB,12,1.3126101438507531
DS05,mc.rpart_SMOTEB,rpart,SMOTEB,13,1.358974189068099
DS05,mc.rpart_SMOTEB,rpart,SMOTEB,14,1.4624504743156723
DS05,mc.rpart_SMOTEB,rpart,SMOTEB,15,1.3354563992800415
DS05,mc.rpart_SMOTEB,rpart,SMOTEB,16,1.4750091641039906
DS05,mc.rpart_SMOTEB,rpart,SMOTEB,17,1.376437797968513
DS05,mc.rpart_SMOTEB,rpart,SMOTEB,18,1.4811625022218966
DS05,mc.rpart_SMOTEB,rpart,SMOTEB,19,1.3494989960101536
DS05,mc.rpart_SMOTEB,rpart,SMOTEB,20,1.3577394747709735
DS05,mc.rpart_SMOTEB,rpart,SMOTEB,21,1.2437893593584397
DS05,mc.rpart_SMOTEB,rpart,SMOTEB,22,1.3381068982403719
DS05,mc.rpart_SMOTEB,rpart,SMOTEB,23,1.3676952675936718
DS05,mc.rpart_SMOTEB,rpart,SMOTEB,24,1.3935473785123087
DS05,mc.rpart_SMOTEB,rpart,SMOTEB,25,1.3934058687248825
DS05,mc.rpart_SMOTEB,rpart,SMOTEB,26,1.4446814292185037
DS05,mc.rpart_SMOTEB,rpart,SMOTEB,27,1.2950035909135633
DS05,mc.rpart_SMOTEB,rpart,SMOTEB,28,1.223668381883049
DS05,mc.rpart_SMOTEB,rpart,SMOTEB,29,1.2755559395690885
DS05,mc.rpart_SMOTEB,rpart,SMOTEB,30,1.2339083030297913
DS05,mc.rpart_SMOTEB,rpart,SMOTEB,31,1.2017050287112823
DS05,mc.rpart_SMOTEB,rpart,SMOTEB,32,1.3157114508107972
DS05,mc.rpart_SMOTEB,rpart,SMOTEB,33,1.272164808972805
DS05,mc.rpart_SMOTEB,rpart,SMOTEB,34,1.2150587847850094
DS05,mc.rpart_SMOTEB,rpart,SMOTEB,35,1.180682003209265
DS05,mc.rpart_SMOTEB,rpart,SMOTEB,36,1.1417694535990535
DS05,mc.rpart_SMOTEB,rpart,SMOTEB,37,1.2041694949066801
DS05,mc.rpart_SMOTEB,rpart,SMOTEB,38,1.3045962397663946
DS05,mc.rpart_SMOTEB,rpart,SMOTEB,39,1.331782002837104
DS05,mc.rpart_SMOTEB,rpart,SMOTEB,40,1.235361552334312
DS05,mc.rpart_SMOTEB,rpart,SMOTEB,41,1.1694702035464055
DS05,mc.rpart_SMOTEB,rpart,SMOTEB,42,1.1783123714779231
DS05,mc.rpart_SMOTEB,rpart,SMOTEB,43,1.2998211345599746
DS05,mc.rpart_SMOTEB,rpart,SMOTEB,44,1.2800687775471848
DS05,mc.rpart_SMOTEB,rpart,SMOTEB,45,1.31570916345821
DS05,mc.rpart_SMOTEB,rpart,SMOTEB,46,1.2428150952949504
DS05,mc.rpart_SMOTEB,rpart,SMOTEB,47,1.2623122985796
DS05,mc.rpart_SMOTEB,rpart,SMOTEB,48,1.2398495294185656
DS05,mc.rpart_SMOTEB,rpart,SMOTEB,49,1.220544739347054
DS05,mc.rpart_SMOTEB,rpart,SMOTEB,50,1.3508886895070809
DS05,mc.rpart_SMOTETPhi,rpart,SMOTETPhi,1,1.2966973569458224
DS05,mc.rpart_SMOTETPhi,rpart,SMOTETPhi,2,1.3684728895454428
DS05,mc.rpart_SMOTETPhi,rpart,SMOTETPhi,3,1.2441211856971006
DS05,mc.rpart_SMOTETPhi,rpart,SMOTETPhi,4,1.2273898057223096
DS05,mc.rpart_SMOTETPhi,rpart,SMOTETPhi,5,1.3379082236566193
DS05,mc.rpart_SMOTETPhi,rpart,SMOTETPhi,6,1.3185276239330321
DS05,mc.rpart_SMOTETPhi,rpart,SMOTETPhi,7,1.3224787327414305
DS05,mc.rpart_SMOTETPhi,rpart,SMOTETPhi,8,1.6234557063537949
DS05,mc.rpart_SMOTETPhi,rpart,SMOTETPhi,9,1.4030402219845797
DS05,mc.rpart_SMOTETPhi,rpart,SMOTETPhi,10,1.3631854865007615
DS05,mc.rpart_SMOTETPhi,rpart,SMOTETPhi,11,1.2222726925509007
DS05,mc.rpart_SMOTETPhi,rpart,SMOTETPhi,12,1.2811051289105542
DS05,mc.rpart_SMOTETPhi,rpart,SMOTETPhi,13,1.3362902361820892
DS05,mc.rpart_SMOTETPhi,rpart,SMOTETPhi,14,1.4871932729095378
DS05,mc.rpart_SMOTETPhi,rpart,SMOTETPhi,15,1.3052525879151171
DS05,mc.rpart_SMOTETPhi,rpart,SMOTETPhi,16,1.3222669937272515
DS05,mc.rpart_SMOTETPhi,rpart,SMOTETPhi,17,1.2905337959640852
DS05,mc.rpart_SMOTETPhi,rpart,SMOTETPhi,18,1.200333835549704
DS05,mc.rpart_SMOTETPhi,rpart,SMOTETPhi,19,1.1797148855075859
DS05,mc.rpart_SMOTETPhi,rpart,SMOTETPhi,20,1.193681050616517
DS05,mc.rpart_SMOTETPhi,rpart,SMOTETPhi,21,1.2370265873905533
DS05,mc.rpart_SMOTETPhi,rpart,SMOTETPhi,22,1.415290360825242
DS05,mc.rpart_SMOTETPhi,rpart,SMOTETPhi,23,1.3627176723152528
DS05,mc.rpart_SMOTETPhi,rpart,SMOTETPhi,24,1.3407935650272824
DS05,mc.rpart_SMOTETPhi,rpart,SMOTETPhi,25,1.253145791097506
DS05,mc.rpart_SMOTETPhi,rpart,SMOTETPhi,26,1.3509659827221439
DS05,mc.rpart_SMOTETPhi,rpart,SMOTETPhi,27,1.0152986465275202
DS05,mc.rpart_SMOTETPhi,rpart,SMOTETPhi,28,1.36137733542338
DS05,mc.rpart_SMOTETPhi,rpart,SMOTETPhi,29,1.2246318152150728
DS05,mc.rpart_SMOTETPhi,rpart,SMOTETPhi,30,1.1888879693234966
DS05,mc.rpart_SMOTETPhi,rpart,SMOTETPhi,31,1.1444646703413954
DS05,mc.rpart_SMOTETPhi,rpart,SMOTETPhi,32,1.1100505822899753
DS05,mc.rpart_SMOTETPhi,rpart,SMOTETPhi,33,1.3332732300671777
DS05,mc.rpart_SMOTETPhi,rpart,SMOTETPhi,34,1.1955765092299337
DS05,mc.rpart_SMOTETPhi,rpart,SMOTETPhi,35,1.2486203619372878
DS05,mc.rpart_SMOTETPhi,rpart,SMOTETPhi,36,1.1662529115682814
DS05,mc.rpart_SMOTETPhi,rpart,SMOTETPhi,37,1.1995444855458184
DS05,mc.rpart_SMOTETPhi,rpart,SMOTETPhi,38,1.1517280772873049
DS05,mc.rpart_SMOTETPhi,rpart,SMOTETPhi,39,1.3446380675298386
DS05,mc.rpart_SMOTETPhi,rpart,SMOTETPhi,40,1.3575674449702229
DS05,mc.rpart_SMOTETPhi,rpart,SMOTETPhi,41,1.1535013068964486
DS05,mc.rpart_SMOTETPhi,rpart,SMOTETPhi,42,1.1278203700143885
DS05,mc.rpart_SMOTETPhi,rpart,SMOTETPhi,43,1.1225824818254448
DS05,mc.rpart_SMOTETPhi,rpart,SMOTETPhi,44,1.2622137854347333
DS05,mc.rpart_SMOTETPhi,rpart,SMOTETPhi,45,1.1531233533437844
DS05,mc.rpart_SMOTETPhi,rpart,SMOTETPhi,46,1.1726359943808213
DS05,mc.rpart_SMOTETPhi,rpart,SMOTETPhi,47,1.244625360969848
DS05,mc.rpart_SMOTETPhi,rpart,SMOTETPhi,48,1.1494359561343073
DS05,mc.rpart_SMOTETPhi,rpart,SMOTETPhi,49,1.1686471836801582
DS05,mc.rpart_SMOTETPhi,rpart,SMOTETPhi,50,1.163716456589807
DS05,mc.rpart_SMOTET,rpart,SMOTET,1,1.4484268727634468
DS05,mc.rpart_SMOTET,rpart,SMOTET,2,1.3492762271651855
DS05,mc.rpart_SMOTET,rpart,SMOTET,3,1.144305212516702
DS05,mc.rpart_SMOTET,rpart,SMOTET,4,1.1972599714182472
DS05,mc.rpart_SMOTET,rpart,SMOTET,5,1.3679657590664225
DS05,mc.rpart_SMOTET,rpart,SMOTET,6,1.3573532766300116
DS05,mc.rpart_SMOTET,rpart,SMOTET,7,1.233178143397328
DS05,mc.rpart_SMOTET,rpart,SMOTET,8,1.4724842898509114
DS05,mc.rpart_SMOTET,rpart,SMOTET,9,1.3587796127069514
DS05,mc.rpart_SMOTET,rpart,SMOTET,10,1.5162523123720815
DS05,mc.rpart_SMOTET,rpart,SMOTET,11,1.361062831359736
DS05,mc.rpart_SMOTET,rpart,SMOTET,12,1.2716310026459217
DS05,mc.rpart_SMOTET,rpart,SMOTET,13,1.4396262419612782
DS05,mc.rpart_SMOTET,rpart,SMOTET,14,1.559261960180213
DS05,mc.rpart_SMOTET,rpart,SMOTET,15,1.3141818601250912
DS05,mc.rpart_SMOTET,rpart,SMOTET,16,1.3636419764977794
DS05,mc.rpart_SMOTET,rpart,SMOTET,17,1.3269330070687992
DS05,mc.rpart_SMOTET,rpart,SMOTET,18,1.3738187885488036
DS05,mc.rpart_SMOTET,rpart,SMOTET,19,1.2422262601442615
DS05,mc.rpart_SMOTET,rpart,SMOTET,20,1.2106992432599422
DS05,mc.rpart_SMOTET,rpart,SMOTET,21,1.1509547177399273
DS05,mc.rpart_SMOTET,rpart,SMOTET,22,1.3373576966423706
DS05,mc.rpart_SMOTET,rpart,SMOTET,23,1.2631028039547674
DS05,mc.rpart_SMOTET,rpart,SMOTET,24,1.3089725646093724
DS05,mc.rpart_SMOTET,rpart,SMOTET,25,1.2304155275018982
DS05,mc.rpart_SMOTET,rpart,SMOTET,26,1.472808598218974
DS05,mc.rpart_SMOTET,rpart,SMOTET,27,1.2498941872253249
DS05,mc.rpart_SMOTET,rpart,SMOTET,28,1.227149032131745
DS05,mc.rpart_SMOTET,rpart,SMOTET,29,1.260222596684101
DS05,mc.rpart_SMOTET,rpart,SMOTET,30,1.2692424786101646
DS05,mc.rpart_SMOTET,rpart,SMOTET,31,1.1340469193377474
DS05,mc.rpart_SMOTET,rpart,SMOTET,32,1.392739704372116
DS05,mc.rpart_SMOTET,rpart,SMOTET,33,1.236750660114784
DS05,mc.rpart_SMOTET,rpart,SMOTET,34,1.2350773419700631
DS05,mc.rpart_SMOTET,rpart,SMOTET,35,1.261536685209918
DS05,mc.rpart_SMOTET,rpart,SMOTET,36,1.1122553362282614
DS05,mc.rpart_SMOTET,rpart,SMOTET,37,1.1342838004770284
DS05,mc.rpart_SMOTET,rpart,SMOTET,38,1.2327902033974956
DS05,mc.rpart_SMOTET,rpart,SMOTET,39,1.3161000490123047
DS05,mc.rpart_SMOTET,rpart,SMOTET,40,1.348807334252922
DS05,mc.rpart_SMOTET,rpart,SMOTET,41,1.1744510170247735
DS05,mc.rpart_SMOTET,rpart,SMOTET,42,1.2182109195369275
DS05,mc.rpart_SMOTET,rpart,SMOTET,43,1.2489166031059575
DS05,mc.rpart_SMOTET,rpart,SMOTET,44,1.360803875610058
DS05,mc.rpart_SMOTET,rpart,SMOTET,45,1.1885685695146186
DS05,mc.rpart_SMOTET,rpart,SMOTET,46,1.1924241965127318
DS05,mc.rpart_SMOTET,rpart,SMOTET,47,1.1779524846946154
DS05,mc.rpart_SMOTET,rpart,SMOTET,48,1.2092889472308248
DS05,mc.rpart_SMOTET,rpart,SMOTET,49,1.1651262058917418
DS05,mc.rpart_SMOTET,rpart,SMOTET,50,1.3126269528307162
DS05,mc.rpart_UNDERB,rpart,UNDERB,1,1.6989064009302346
DS05,mc.rpart_UNDERB,rpart,UNDERB,2,1.7985520437791447
DS05,mc.rpart_UNDERB,rpart,UNDERB,3,1.5753904383709405
DS05,mc.rpart_UNDERB,rpart,UNDERB,4,1.627320331528031
DS05,mc.rpart_UNDERB,rpart,UNDERB,5,1.6126487713349522
DS05,mc.rpart_UNDERB,rpart,UNDERB,6,1.8142862891568554
DS05,mc.rpart_UNDERB,rpart,UNDERB,7,1.6662493690432683
DS05,mc.rpart_UNDERB,rpart,UNDERB,8,1.6268130892681365
DS05,mc.rpart_UNDERB,rpart,UNDERB,9,1.369401672941048
DS05,mc.rpart_UNDERB,rpart,UNDERB,10,1.6644699590146108
DS05,mc.rpart_UNDERB,rpart,UNDERB,11,1.597421444623085
DS05,mc.rpart_UNDERB,rpart,UNDERB,12,1.4986624529202976
DS05,mc.rpart_UNDERB,rpart,UNDERB,13,1.6324663971209075
DS05,mc.rpart_UNDERB,rpart,UNDERB,14,1.5489848744497052
DS05,mc.rpart_UNDERB,rpart,UNDERB,15,1.7454300296956218
DS05,mc.rpart_UNDERB,rpart,UNDERB,16,1.679779216589952
DS05,mc.rpart_UNDERB,rpart,UNDERB,17,1.6634587432258465
DS05,mc.rpart_UNDERB,rpart,UNDERB,18,1.5278560664515337
DS05,mc.rpart_UNDERB,rpart,UNDERB,19,1.5857641006644536
DS05,mc.rpart_UNDERB,rpart,UNDERB,20,1.5572277050478252
DS05,mc.rpart_UNDERB,rpart,UNDERB,21,1.5272384623897797
DS05,mc.rpart_UNDERB,rpart,UNDERB,22,1.5281009166079693
DS05,mc.rpart_UNDERB,rpart,UNDERB,23,1.4914411166121921
DS05,mc.rpart_UNDERB,rpart,UNDERB,24,1.6076645381541672
DS05,mc.rpart_UNDERB,rpart,UNDERB,25,1.6750856525559195
DS05,mc.rpart_UNDERB,rpart,UNDERB,26,1.525186003280483
DS05,mc.rpart_UNDERB,rpart,UNDERB,27,1.3448494629723244
DS05,mc.rpart_UNDERB,rpart,UNDERB,28,1.4145221396711163
DS05,mc.rpart_UNDERB,rpart,UNDERB,29,1.4323126426379658
DS05,mc.rpart_UNDERB,rpart,UNDERB,30,1.4025549338335048
DS05,mc.rpart_UNDERB,rpart,UNDERB,31,1.435949483069649
DS05,mc.rpart_UNDERB,rpart,UNDERB,32,1.356220766643522
DS05,mc.rpart_UNDERB,rpart,UNDERB,33,1.3698307389666577
DS05,mc.rpart_UNDERB,rpart,UNDERB,34,1.2821117435897438
DS05,mc.rpart_UNDERB,rpart,UNDERB,35,1.3410286389336659
DS05,mc.rpart_UNDERB,rpart,UNDERB,36,1.4674041828072233
DS05,mc.rpart_UNDERB,rpart,UNDERB,37,1.5734180318882385
DS05,mc.rpart_UNDERB,rpart,UNDERB,38,1.6320049847477471
DS05,mc.rpart_UNDERB,rpart,UNDERB,39,1.5437445502685336
DS05,mc.rpart_UNDERB,rpart,UNDERB,40,1.3465604937123927
DS05,mc.rpart_UNDERB,rpart,UNDERB,41,1.4127063646823514
DS05,mc.rpart_UNDERB,rpart,UNDERB,42,1.4120468484422741
DS05,mc.rpart_UNDERB,rpart,UNDERB,43,1.4876822322753869
DS05,mc.rpart_UNDERB,rpart,UNDERB,44,1.4913135094144694
DS05,mc.rpart_UNDERB,rpart,UNDERB,45,1.510747876856101
DS05,mc.rpart_UNDERB,rpart,UNDERB,46,1.3972191517928059
DS05,mc.rpart_UNDERB,rpart,UNDERB,47,1.507906175005581
DS05,mc.rpart_UNDERB,rpart,UNDERB,48,1.5090785015772117
DS05,mc.rpart_UNDERB,rpart,UNDERB,49,1.384427132506103
DS05,mc.rpart_UNDERB,rpart,UNDERB,50,1.4933176672213184
DS05,mc.rpart_UNDERTPhi,rpart,UNDERTPhi,1,1.6689591605603353
DS05,mc.rpart_UNDERTPhi,rpart,UNDERTPhi,2,1.6653151036213596
DS05,mc.rpart_UNDERTPhi,rpart,UNDERTPhi,3,1.4701624359135281
DS05,mc.rpart_UNDERTPhi,rpart,UNDERTPhi,4,1.396748211618121
DS05,mc.rpart_UNDERTPhi,rpart,UNDERTPhi,5,1.5805802964073687
DS05,mc.rpart_UNDERTPhi,rpart,UNDERTPhi,6,1.6235867471626237
DS05,mc.rpart_UNDERTPhi,rpart,UNDERTPhi,7,1.4828392675759412
DS05,mc.rpart_UNDERTPhi,rpart,UNDERTPhi,8,1.7160198973875855
DS05,mc.rpart_UNDERTPhi,rpart,UNDERTPhi,9,1.8579351946883769
DS05,mc.rpart_UNDERTPhi,rpart,UNDERTPhi,10,1.5082166692789871
DS05,mc.rpart_UNDERTPhi,rpart,UNDERTPhi,11,1.5062614776036038
DS05,mc.rpart_UNDERTPhi,rpart,UNDERTPhi,12,1.5736094695672431
DS05,mc.rpart_UNDERTPhi,rpart,UNDERTPhi,13,1.4516680316290551
DS05,mc.rpart_UNDERTPhi,rpart,UNDERTPhi,14,1.722539951500631
DS05,mc.rpart_UNDERTPhi,rpart,UNDERTPhi,15,1.806540782189879
DS05,mc.rpart_UNDERTPhi,rpart,UNDERTPhi,16,1.6616302329035728
DS05,mc.rpart_UNDERTPhi,rpart,UNDERTPhi,17,1.6724971571273652
DS05,mc.rpart_UNDERTPhi,rpart,UNDERTPhi,18,1.8236872247370748
DS05,mc.rpart_UNDERTPhi,rpart,UNDERTPhi,19,1.809438941688403
DS05,mc.rpart_UNDERTPhi,rpart,UNDERTPhi,20,1.5061763553538168
DS05,mc.rpart_UNDERTPhi,rpart,UNDERTPhi,21,1.792550670276575
DS05,mc.rpart_UNDERTPhi,rpart,UNDERTPhi,22,1.5252500610996782
DS05,mc.rpart_UNDERTPhi,rpart,UNDERTPhi,23,1.5072434116286493
DS05,mc.rpart_UNDERTPhi,rpart,UNDERTPhi,24,1.5276721653628669
DS05,mc.rpart_UNDERTPhi,rpart,UNDERTPhi,25,1.5166778457069678
DS05,mc.rpart_UNDERTPhi,rpart,UNDERTPhi,26,1.5333230995650717
DS05,mc.rpart_UNDERTPhi,rpart,UNDERTPhi,27,1.373347471544033
DS05,mc.rpart_UNDERTPhi,rpart,UNDERTPhi,28,1.2887809216441704
DS05,mc.rpart_UNDERTPhi,rpart,UNDERTPhi,29,1.555109144976854
DS05,mc.rpart_UNDERTPhi,rpart,UNDERTPhi,30,1.4004691435062424
DS05,mc.rpart_UNDERTPhi,rpart,UNDERTPhi,31,1.4922239116754257
DS05,mc.rpart_UNDERTPhi,rpart,UNDERTPhi,32,1.6755641547130398
DS05,mc.rpart_UNDERTPhi,rpart,UNDERTPhi,33,1.5073007206338498
DS05,mc.rpart_UNDERTPhi,rpart,UNDERTPhi,34,1.4491053829419194
DS05,mc.rpart_UNDERTPhi,rpart,UNDERTPhi,35,1.3999049667383718
DS05,mc.rpart_UNDERTPhi,rpart,UNDERTPhi,36,1.4239781452826317
DS05,mc.rpart_UNDERTPhi,rpart,UNDERTPhi,37,1.525993289554759
DS05,mc.rpart_UNDERTPhi,rpart,UNDERTPhi,38,1.3500526387502856
DS05,mc.rpart_UNDERTPhi,rpart,UNDERTPhi,39,1.4103651198075309
DS05,mc.rpart_UNDERTPhi,rpart,UNDERTPhi,40,1.6050203647870127
DS05,mc.rpart_UNDERTPhi,rpart,UNDERTPhi,41,1.4659095771050457
DS05,mc.rpart_UNDERTPhi,rpart,UNDERTPhi,42,1.3851208284657015
DS05,mc.rpart_UNDERTPhi,rpart,UNDERTPhi,43,1.450229686123777
DS05,mc.rpart_UNDERTPhi,rpart,UNDERTPhi,44,1.350953062970817
DS05,mc.rpart_UNDERTPhi,rpart,UNDERTPhi,45,1.4336338414508454
DS05,mc.rpart_UNDERTPhi,rpart,UNDERTPhi,46,1.477213698614826
DS05,mc.rpart_UNDERTPhi,rpart,UNDERTPhi,47,1.4946620386448481
DS05,mc.rpart_UNDERTPhi,rpart,UNDERTPhi,48,1.3684857024874906
DS05,mc.rpart_UNDERTPhi,rpart,UNDERTPhi,49,1.5338106146797619
DS05,mc.rpart_UNDERTPhi,rpart,UNDERTPhi,50,1.461373434303945
DS05,mc.rpart_UNDERT,rpart,UNDERT,1,1.6624005497180108
DS05,mc.rpart_UNDERT,rpart,UNDERT,2,1.7256215211718118
DS05,mc.rpart_UNDERT,rpart,UNDERT,3,1.518214431930712
DS05,mc.rpart_UNDERT,rpart,UNDERT,4,1.5515070117347536
DS05,mc.rpart_UNDERT,rpart,UNDERT,5,1.5426844023654813
DS05,mc.rpart_UNDERT,rpart,UNDERT,6,1.5390835257948101
DS05,mc.rpart_UNDERT,rpart,UNDERT,7,1.5495951246927258
DS05,mc.rpart_UNDERT,rpart,UNDERT,8,1.552870575069816
DS05,mc.rpart_UNDERT,rpart,UNDERT,9,1.6512671098850584
DS05,mc.rpart_UNDERT,rpart,UNDERT,10,1.5562956689205754
DS05,mc.rpart_UNDERT,rpart,UNDERT,11,1.7001449540489926
DS05,mc.rpart_UNDERT,rpart,UNDERT,12,1.4965400717190562
DS05,mc.rpart_UNDERT,rpart,UNDERT,13,1.6118362557549917
DS05,mc.rpart_UNDERT,rpart,UNDERT,14,1.5238155364712516
DS05,mc.rpart_UNDERT,rpart,UNDERT,15,1.4727532634331202
DS05,mc.rpart_UNDERT,rpart,UNDERT,16,1.740707361972577
DS05,mc.rpart_UNDERT,rpart,UNDERT,17,1.875814992442175
DS05,mc.rpart_UNDERT,rpart,UNDERT,18,1.6470619212603743
DS05,mc.rpart_UNDERT,rpart,UNDERT,19,1.5555020993354707
DS05,mc.rpart_UNDERT,rpart,UNDERT,20,1.5795164883129116
DS05,mc.rpart_UNDERT,rpart,UNDERT,21,1.6367847329611165
DS05,mc.rpart_UNDERT,rpart,UNDERT,22,1.421258525955658
DS05,mc.rpart_UNDERT,rpart,UNDERT,23,1.4952971258395062
DS05,mc.rpart_UNDERT,rpart,UNDERT,24,1.5654853067719687
DS05,mc.rpart_UNDERT,rpart,UNDERT,25,1.4751006825267314
DS05,mc.rpart_UNDERT,rpart,UNDERT,26,1.4448815418091123
DS05,mc.rpart_UNDERT,rpart,UNDERT,27,1.363003945389298
DS05,mc.rpart_UNDERT,rpart,UNDERT,28,1.3517615473407238
DS05,mc.rpart_UNDERT,rpart,UNDERT,29,1.252257900122178
DS05,mc.rpart_UNDERT,rpart,UNDERT,30,1.3064754351787315
DS05,mc.rpart_UNDERT,rpart,UNDERT,31,1.4717211109281447
DS05,mc.rpart_UNDERT,rpart,UNDERT,32,1.502240902211984
DS05,mc.rpart_UNDERT,rpart,UNDERT,33,1.4861825164213134
DS05,mc.rpart_UNDERT,rpart,UNDERT,34,1.4689498576075661
DS05,mc.rpart_UNDERT,rpart,UNDERT,35,1.342167301167222
DS05,mc.rpart_UNDERT,rpart,UNDERT,36,1.4430390811651113
DS05,mc.rpart_UNDERT,rpart,UNDERT,37,1.4847704104585262
DS05,mc.rpart_UNDERT,rpart,UNDERT,38,1.4243556968644389
DS05,mc.rpart_UNDERT,rpart,UNDERT,39,1.4956726425663445
DS05,mc.rpart_UNDERT,rpart,UNDERT,40,1.3994530384569295
DS05,mc.rpart_UNDERT,rpart,UNDERT,41,1.5191582561626749
DS05,mc.rpart_UNDERT,rpart,UNDERT,42,1.5340399997032195
DS05,mc.rpart_UNDERT,rpart,UNDERT,43,1.5099440764354675
DS05,mc.rpart_UNDERT,rpart,UNDERT,44,1.4785890591878117
DS05,mc.rpart_UNDERT,rpart,UNDERT,45,1.5140610359581623
DS05,mc.rpart_UNDERT,rpart,UNDERT,46,1.607110869479573
DS05,mc.rpart_UNDERT,rpart,UNDERT,47,1.4168224501807094
DS05,mc.rpart_UNDERT,rpart,UNDERT,48,1.4512798482892062
DS05,mc.rpart_UNDERT,rpart,UNDERT,49,1.5100565706474058
DS05,mc.rpart_UNDERT,rpart,UNDERT,50,1.3746110154754192
DS05,mc.rpart,rpart,baseline,1,1.139500253882413
DS05,mc.rpart,rpart,baseline,2,1.1062050656435127
DS05,mc.rpart,rpart,baseline,3,1.0203678952595001
DS05,mc.rpart,rpart,baseline,4,1.0315521035212385
DS05,mc.rpart,rpart,baseline,5,1.0981619623050465
DS05,mc.rpart,rpart,baseline,6,1.077068874216856
DS05,mc.rpart,rpart,baseline,7,1.0768113610627605
DS05,mc.rpart,rpart,baseline,8,1.0809439959760978
DS05,mc.rpart,rpart,baseline,9,1.080120422269024
DS05,mc.rpart,rpart,baseline,10,1.076689354826459
DS05,mc.rpart,rpart,baseline,11,1.0765986820027313
DS05,mc.rpart,rpart,baseline,12,1.0865692602207162
DS05,mc.rpart,rpart,baseline,13,1.0811228600829548
DS05,mc.rpart,rpart,baseline,14,1.0780529409475295
DS05,mc.rpart,rpart,baseline,15,1.0806019705888381
DS05,mc.rpart,rpart,baseline,16,1.0816529402265345
DS05,mc.rpart,rpart,baseline,17,1.079211633684033
DS05,mc.rpart,rpart,baseline,18,1.090023780261645
DS05,mc.rpart,rpart,baseline,19,1.0860516349810552
DS05,mc.rpart,rpart,baseline,20,1.0685726094407175
DS05,mc.rpart,rpart,baseline,21,1.1320030011138311
DS05,mc.rpart,rpart,baseline,22,1.0959951932701417
DS05,mc.rpart,rpart,baseline,23,1.1100303933824192
DS05,mc.rpart,rpart,baseline,24,1.1192319823132224
DS05,mc.rpart,rpart,baseline,25,1.0949469924970046
DS05,mc.rpart,rpart,baseline,26,1.1099569109451335
DS05,mc.rpart,rpart,baseline,27,1.067919778976711
DS05,mc.rpart,rpart,baseline,28,1.0672529233569767
DS05,mc.rpart,rpart,baseline,29,1.062418220311112
DS05,mc.rpart,rpart,baseline,30,1.074254234208615
DS05,mc.rpart,rpart,baseline,31,1.0696209494232598
DS05,mc.rpart,rpart,baseline,32,1.0862285111251206
DS05,mc.rpart,rpart,baseline,33,1.1490069548295845
DS05,mc.rpart,rpart,baseline,34,1.1315807857132025
DS05,mc.rpart,rpart,baseline,35,1.1394534467571726
DS05,mc.rpart,rpart,baseline,36,1.121919173788952
DS05,mc.rpart,rpart,baseline,37,1.1668934640066135
DS05,mc.rpart,rpart,baseline,38,1.1318412929543569
DS05,mc.rpart,rpart,baseline,39,1.1063084436930486
DS05,mc.rpart,rpart,baseline,40,1.1033621747279998
DS05,mc.rpart,rpart,baseline,41,1.111548064314488
DS05,mc.rpart,rpart,baseline,42,1.0651478540102193
DS05,mc.rpart,rpart,baseline,43,1.0508965883566284
DS05,mc.rpart,rpart,baseline,44,1.0812641851932783
DS05,mc.rpart,rpart,baseline,45,1.0785573745182564
DS05,mc.rpart,rpart,baseline,46,1.0861599569689036
DS05,mc.rpart,rpart,baseline,47,1.091936238777525
DS05,mc.rpart,rpart,baseline,48,1.0966419257432205
DS05,mc.rpart,rpart,baseline,49,1.0962240351837198
DS05,mc.rpart,rpart,baseline,50,1.0768690811680053
DS05,mc.svm_OVERB,svm,OVERB,1,2.215769002527856
DS05,mc.svm_OVERB,svm,OVERB,2,2.3675972353752863
DS05,mc.svm_OVERB,svm,OVERB,3,1.4496125239462878
DS05,mc.svm_OVERB,svm,OVERB,4,1.4306831162358133
DS05,mc.svm_OVERB,svm,OVERB,5,1.5373284843296011
DS05,mc.svm_OVERB,svm,OVERB,6,1.5811722130241528
DS05,mc.svm_OVERB,svm,OVERB,7,1.5637137462902921
DS05,mc.svm_OVERB,svm,OVERB,8,1.5460981519508261
DS05,mc.svm_OVERB,svm,OVERB,9,1.5727769066422892
DS05,mc.svm_OVERB,svm,OVERB,10,1.5341918424475502
DS05,mc.svm_OVERB,svm,OVERB,11,1.4216231576367897
DS05,mc.svm_OVERB,svm,OVERB,12,1.4882365829422486
DS05,mc.svm_OVERB,svm,OVERB,13,1.4654264021913184
DS05,mc.svm_OVERB,svm,OVERB,14,1.4661233792903416
DS05,mc.svm_OVERB,svm,OVERB,15,1.4846887535763362
DS05,mc.svm_OVERB,svm,OVERB,16,1.4826866839915553
DS05,mc.svm_OVERB,svm,OVERB,17,1.5013311454493194
DS05,mc.svm_OVERB,svm,OVERB,18,1.448279561776872
DS05,mc.svm_OVERB,svm,OVERB,19,1.389193092945316
DS05,mc.svm_OVERB,svm,OVERB,20,1.3425670125596252
DS05,mc.svm_OVERB,svm,OVERB,21,1.4037553862659327
DS05,mc.svm_OVERB,svm,OVERB,22,1.5072626214538067
DS05,mc.svm_OVERB,svm,OVERB,23,1.4775134307694218
DS05,mc.svm_OVERB,svm,OVERB,24,1.458800531519398
DS05,mc.svm_OVERB,svm,OVERB,25,1.4383339694034787
DS05,mc.svm_OVERB,svm,OVERB,26,1.3508916362476526
DS05,mc.svm_OVERB,svm,OVERB,27,1.2759524998732807
DS05,mc.svm_OVERB,svm,OVERB,28,1.246771394793184
DS05,mc.svm_OVERB,svm,OVERB,29,1.3239088540711674
DS05,mc.svm_OVERB,svm,OVERB,30,1.3375579252443341
DS05,mc.svm_OVERB,svm,OVERB,31,1.3255528139393582
DS05,mc.svm_OVERB,svm,OVERB,32,1.3964604317184677
DS05,mc.svm_OVERB,svm,OVERB,33,1.3868969260661925
DS05,mc.svm_OVERB,svm,OVERB,34,1.3501862726962557
DS05,mc.svm_OVERB,svm,OVERB,35,1.3458313789881649
DS05,mc.svm_OVERB,svm,OVERB,36,1.3652694807282262
DS05,mc.svm_OVERB,svm,OVERB,37,1.3390955335382455
DS05,mc.svm_OVERB,svm,OVERB,38,1.3908733742361081
DS05,mc.svm_OVERB,svm,OVERB,39,1.3388863311459942
DS05,mc.svm_OVERB,svm,OVERB,40,1.445016618292617
DS05,mc.svm_OVERB,svm,OVERB,41,1.49114293366944
DS05,mc.svm_OVERB,svm,OVERB,42,1.3756920661494854
DS05,mc.svm_OVERB,svm,OVERB,43,1.3414216298772983
DS05,mc.svm_OVERB,svm,OVERB,44,1.369664943155926
DS05,mc.svm_OVERB,svm,OVERB,45,1.3855952996607963
DS05,mc.svm_OVERB,svm,OVERB,46,1.3406434423027769
DS05,mc.svm_OVERB,svm,OVERB,47,1.297350518241777
DS05,mc.svm_OVERB,svm,OVERB,48,1.3228821617683098
DS05,mc.svm_OVERB,svm,OVERB,49,1.3348745872145749
DS05,mc.svm_OVERB,svm,OVERB,50,1.3323536161423752
DS05,mc.svm_OVERTPhi,svm,OVERTPhi,1,1.904246066972453
DS05,mc.svm_OVERTPhi,svm,OVERTPhi,2,1.9968511021209099
DS05,mc.svm_OVERTPhi,svm,OVERTPhi,3,1.370152793325131
DS05,mc.svm_OVERTPhi,svm,OVERTPhi,4,1.3379307105593168
DS05,mc.svm_OVERTPhi,svm,OVERTPhi,5,1.4729665252603645
DS05,mc.svm_OVERTPhi,svm,OVERTPhi,6,1.4905302287756634
DS05,mc.svm_OVERTPhi,svm,OVERTPhi,7,1.4368920366544558
DS05,mc.svm_OVERTPhi,svm,OVERTPhi,8,1.4410873652250067
DS05,mc.svm_OVERTPhi,svm,OVERTPhi,9,1.4769448074257332
DS05,mc.svm_OVERTPhi,svm,OVERTPhi,10,1.5077923804133002
DS05,mc.svm_OVERTPhi,svm,OVERTPhi,11,1.364660875967702
DS05,mc.svm_OVERTPhi,svm,OVERTPhi,12,1.4071483076003188
DS05,mc.svm_OVERTPhi,svm,OVERTPhi,13,1.4122227824834188
DS05,mc.svm_OVERTPhi,svm,OVERTPhi,14,1.4284657383153427
DS05,mc.svm_OVERTPhi,svm,OVERTPhi,15,1.4428916921028165
DS05,mc.svm_OVERTPhi,svm,OVERTPhi,16,1.4831574566649126
DS05,mc.svm_OVERTPhi,svm,OVERTPhi,17,1.5213344344134083
DS05,mc.svm_OVERTPhi,svm,OVERTPhi,18,1.5176514076199517
DS05,mc.svm_OVERTPhi,svm,OVERTPhi,19,1.482842094871345
DS05,mc.svm_OVERTPhi,svm,OVERTPhi,20,1.4303719467813143
DS05,mc.svm_OVERTPhi,svm,OVERTPhi,21,1.4363456095583576
DS05,mc.svm_OVERTPhi,svm,OVERTPhi,22,1.3901222105780215
DS05,mc.svm_OVERTPhi,svm,OVERTPhi,23,1.4334789376142776
DS05,mc.svm_OVERTPhi,svm,OVERTPhi,24,1.4105672932430988
DS05,mc.svm_OVERTPhi,svm,OVERTPhi,25,1.4013892446160678
DS05,mc.svm_OVERTPhi,svm,OVERTPhi,26,1.4112328800765381
DS05,mc.svm_OVERTPhi,svm,OVERTPhi,27,1.3302712340068328
DS05,mc.svm_OVERTPhi,svm,OVERTPhi,28,1.380398697171498
DS05,mc.svm_OVERTPhi,svm,OVERTPhi,29,1.3835944345296887
DS05,mc.svm_OVERTPhi,svm,OVERTPhi,30,1.4443108071807031
DS05,mc.svm_OVERTPhi,svm,OVERTPhi,31,1.410928859774796
DS05,mc.svm_OVERTPhi,svm,OVERTPhi,32,1.4162192668981939
DS05,mc.svm_OVERTPhi,svm,OVERTPhi,33,1.4206259124325376
DS05,mc.svm_OVERTPhi,svm,OVERTPhi,34,1.444654183155869
DS05,mc.svm_OVERTPhi,svm,OVERTPhi,35,1.403207297526405
DS05,mc.svm_OVERTPhi,svm,OVERTPhi,36,1.4792379963991518
DS05,mc.svm_OVERTPhi,svm,OVERTPhi,37,1.3884135800499169
DS05,mc.svm_OVERTPhi,svm,OVERTPhi,38,1.4085717300667517
DS05,mc.svm_OVERTPhi,svm,OVERTPhi,39,1.4912215430754405
DS05,mc.svm_OVERTPhi,svm,OVERTPhi,40,1.4644494244669757
DS05,mc.svm_OVERTPhi,svm,OVERTPhi,41,1.472955705430587
DS05,mc.svm_OVERTPhi,svm,OVERTPhi,42,1.3504235715196986
DS05,mc.svm_OVERTPhi,svm,OVERTPhi,43,1.374979764704366
DS05,mc.svm_OVERTPhi,svm,OVERTPhi,44,1.4168437496735682
DS05,mc.svm_OVERTPhi,svm,OVERTPhi,45,1.3269295057446666
DS05,mc.svm_OVERTPhi,svm,OVERTPhi,46,1.3089764078954538
DS05,mc.svm_OVERTPhi,svm,OVERTPhi,47,1.2952165603143007
DS05,mc.svm_OVERTPhi,svm,OVERTPhi,48,1.3713911054774202
DS05,mc.svm_OVERTPhi,svm,OVERTPhi,49,1.2956310948409724
DS05,mc.svm_OVERTPhi,svm,OVERTPhi,50,1.3338907331638608
DS05,mc.svm_OVERT,svm,OVERT,1,1.904246066972453
DS05,mc.svm_OVERT,svm,OVERT,2,1.9968511021209099
DS05,mc.svm_OVERT,svm,OVERT,3,1.370152793325131
DS05,mc.svm_OVERT,svm,OVERT,4,1.3379307105593168
DS05,mc.svm_OVERT,svm,OVERT,5,1.4729665252603645
DS05,mc.svm_OVERT,svm,OVERT,6,1.4905302287756634
DS05,mc.svm_OVERT,svm,OVERT,7,1.4368920366544558
DS05,mc.svm_OVERT,svm,OVERT,8,1.4410873652250067
DS05,mc.svm_OVERT,svm,OVERT,9,1.4769448074257332
DS05,mc.svm_OVERT,svm,OVERT,10,1.5077923804133002
DS05,mc.svm_OVERT,svm,OVERT,11,1.364660875967702
DS05,mc.svm_OVERT,svm,OVERT,12,1.4071483076003188
DS05,mc.svm_OVERT,svm,OVERT,13,1.4122227824834188
DS05,mc.svm_OVERT,svm,OVERT,14,1.4284657383153427
DS05,mc.svm_OVERT,svm,OVERT,15,1.4428916921028165
DS05,mc.svm_OVERT,svm,OVERT,16,1.4831574566649126
DS05,mc.svm_OVERT,svm,OVERT,17,1.5213344344134083
DS05,mc.svm_OVERT,svm,OVERT,18,1.5176514076199517
DS05,mc.svm_OVERT,svm,OVERT,19,1.482842094871345
DS05,mc.svm_OVERT,svm,OVERT,20,1.4303719467813143
DS05,mc.svm_OVERT,svm,OVERT,21,1.4363456095583576
DS05,mc.svm_OVERT,svm,OVERT,22,1.3901222105780215
DS05,mc.svm_OVERT,svm,OVERT,23,1.4334789376142776
DS05,mc.svm_OVERT,svm,OVERT,24,1.4105672932430988
DS05,mc.svm_OVERT,svm,OVERT,25,1.4013892446160678
DS05,mc.svm_OVERT,svm,OVERT,26,1.4112328800765381
DS05,mc.svm_OVERT,svm,OVERT,27,1.3302712340068328
DS05,mc.svm_OVERT,svm,OVERT,28,1.380398697171498
DS05,mc.svm_OVERT,svm,OVERT,29,1.3835944345296887
DS05,mc.svm_OVERT,svm,OVERT,30,1.4443108071807031
DS05,mc.svm_OVERT,svm,OVERT,31,1.410928859774796
DS05,mc.svm_OVERT,svm,OVERT,32,1.4162192668981939
DS05,mc.svm_OVERT,svm,OVERT,33,1.4206259124325376
DS05,mc.svm_OVERT,svm,OVERT,34,1.444654183155869
DS05,mc.svm_OVERT,svm,OVERT,35,1.403207297526405
DS05,mc.svm_OVERT,svm,OVERT,36,1.4792379963991518
DS05,mc.svm_OVERT,svm,OVERT,37,1.3884135800499169
DS05,mc.svm_OVERT,svm,OVERT,38,1.4085717300667517
DS05,mc.svm_OVERT,svm,OVERT,39,1.4912215430754405
DS05,mc.svm_OVERT,svm,OVERT,40,1.4644494244669757
DS05,mc.svm_OVERT,svm,OVERT,41,1.472955705430587
DS05,mc.svm_OVERT,svm,OVERT,42,1.3504235715196986
DS05,mc.svm_OVERT,svm,OVERT,43,1.374979764704366
DS05,mc.svm_OVERT,svm,OVERT,44,1.4168437496735682
DS05,mc.svm_OVERT,svm,OVERT,45,1.3269295057446666
DS05,mc.svm_OVERT,svm,OVERT,46,1.3089764078954538
DS05,mc.svm_OVERT,svm,OVERT,47,1.2952165603143007
DS05,mc.svm_OVERT,svm,OVERT,48,1.3713911054774202
DS05,mc.svm_OVERT,svm,OVERT,49,1.2956310948409724
DS05,mc.svm_OVERT,svm,OVERT,50,1.3338907331638608
DS05,mc.svm_SMOTEB,svm,SMOTEB,1,1.5922971805295187
DS05,mc.svm_SMOTEB,svm,SMOTEB,2,1.7497438907012124
DS05,mc.svm_SMOTEB,svm,SMOTEB,3,1.2621940282710848
DS05,mc.svm_SMOTEB,svm,SMOTEB,4,1.2675495427390067
DS05,mc.svm_SMOTEB,svm,SMOTEB,5,1.3789905323585516
DS05,mc.svm_SMOTEB,svm,SMOTEB,6,1.3628625022301513
DS05,mc.svm_SMOTEB,svm,SMOTEB,7,1.3636705591009506
DS05,mc.svm_SMOTEB,svm,SMOTEB,8,1.3653244557816482
DS05,mc.svm_SMOTEB,svm,SMOTEB,9,1.3322453642526608
DS05,mc.svm_SMOTEB,svm,SMOTEB,10,1.3992354060889691
DS05,mc.svm_SMOTEB,svm,SMOTEB,11,1.3462913126211844
DS05,mc.svm_SMOTEB,svm,SMOTEB,12,1.3243221627168522
DS05,mc.svm_SMOTEB,svm,SMOTEB,13,1.2659327821490367
DS05,mc.svm_SMOTEB,svm,SMOTEB,14,1.252515208155552
DS05,mc.svm_SMOTEB,svm,SMOTEB,15,1.2939039156135477
DS05,mc.svm_SMOTEB,svm,SMOTEB,16,1.3438154791684636
DS05,mc.svm_SMOTEB,svm,SMOTEB,17,1.2947467614823476
DS05,mc.svm_SMOTEB,svm,SMOTEB,18,1.2953679678703782
DS05,mc.svm_SMOTEB,svm,SMOTEB,19,1.257984498780554
DS05,mc.svm_SMOTEB,svm,SMOTEB,20,1.2190634927277317
DS05,mc.svm_SMOTEB,svm,SMOTEB,21,1.2984598767255084
DS05,mc.svm_SMOTEB,svm,SMOTEB,22,1.2493443696174003
DS05,mc.svm_SMOTEB,svm,SMOTEB,23,1.2181962693908375
DS05,mc.svm_SMOTEB,svm,SMOTEB,24,1.1760643841125005
DS05,mc.svm_SMOTEB,svm,SMOTEB,25,1.2240209777859088
DS05,mc.svm_SMOTEB,svm,SMOTEB,26,1.2034852910967333
DS05,mc.svm_SMOTEB,svm,SMOTEB,27,1.1204377743394245
DS05,mc.svm_SMOTEB,svm,SMOTEB,28,1.1230786635949908
DS05,mc.svm_SMOTEB,svm,SMOTEB,29,1.1433848144491425
DS05,mc.svm_SMOTEB,svm,SMOTEB,30,1.112418924275087
DS05,mc.svm_SMOTEB,svm,SMOTEB,31,1.1019915467768633
DS05,mc.svm_SMOTEB,svm,SMOTEB,32,1.1328095371215348
DS05,mc.svm_SMOTEB,svm,SMOTEB,33,1.2701063481382802
DS05,mc.svm_SMOTEB,svm,SMOTEB,34,1.2396736648960471
DS05,mc.svm_SMOTEB,svm,SMOTEB,35,1.221970686173909
DS05,mc.svm_SMOTEB,svm,SMOTEB,36,1.2071453081331998
DS05,mc.svm_SMOTEB,svm,SMOTEB,37,1.2042567125212817
DS05,mc.svm_SMOTEB,svm,SMOTEB,38,1.1962316955975378
DS05,mc.svm_SMOTEB,svm,SMOTEB,39,1.2451192232222326
DS05,mc.svm_SMOTEB,svm,SMOTEB,40,1.1765171147401823
DS05,mc.svm_SMOTEB,svm,SMOTEB,41,1.2642905902389323
DS05,mc.svm_SMOTEB,svm,SMOTEB,42,1.1351763078188026
DS05,mc.svm_SMOTEB,svm,SMOTEB,43,1.1620769994539193
DS05,mc.svm_SMOTEB,svm,SMOTEB,44,1.1951550633096646
DS05,mc.svm_SMOTEB,svm,SMOTEB,45,1.0891077867174093
DS05,mc.svm_SMOTEB,svm,SMOTEB,46,1.129966468247107
DS05,mc.svm_SMOTEB,svm,SMOTEB,47,1.1172834377037897
DS05,mc.svm_SMOTEB,svm,SMOTEB,48,1.1237960919042993
DS05,mc.svm_SMOTEB,svm,SMOTEB,49,1.1335598548553796
DS05,mc.svm_SMOTEB,svm,SMOTEB,50,1.187301207980301
DS05,mc.svm_SMOTETPhi,svm,SMOTETPhi,1,1.8349961164876094
DS05,mc.svm_SMOTETPhi,svm,SMOTETPhi,2,2.08271119904046
DS05,mc.svm_SMOTETPhi,svm,SMOTETPhi,3,1.3045038660971038
DS05,mc.svm_SMOTETPhi,svm,SMOTETPhi,4,1.3099262005578203
DS05,mc.svm_SMOTETPhi,svm,SMOTETPhi,5,1.3851923335111038
DS05,mc.svm_SMOTETPhi,svm,SMOTETPhi,6,1.3670936264502276
DS05,mc.svm_SMOTETPhi,svm,SMOTETPhi,7,1.325378446450332
DS05,mc.svm_SMOTETPhi,svm,SMOTETPhi,8,1.3901016593641426
DS05,mc.svm_SMOTETPhi,svm,SMOTETPhi,9,1.359206697518852
DS05,mc.svm_SMOTETPhi,svm,SMOTETPhi,10,1.348653546193699
DS05,mc.svm_SMOTETPhi,svm,SMOTETPhi,11,1.2638043999681339
DS05,mc.svm_SMOTETPhi,svm,SMOTETPhi,12,1.27390736453609
DS05,mc.svm_SMOTETPhi,svm,SMOTETPhi,13,1.21789314482512
DS05,mc.svm_SMOTETPhi,svm,SMOTETPhi,14,1.283612584288251
DS05,mc.svm_SMOTETPhi,svm,SMOTETPhi,15,1.2936804327763036
DS05,mc.svm_SMOTETPhi,svm,SMOTETPhi,16,1.2790170355204884
DS05,mc.svm_SMOTETPhi,svm,SMOTETPhi,17,1.2523571682689651
DS05,mc.svm_SMOTETPhi,svm,SMOTETPhi,18,1.373413505496237
DS05,mc.svm_SMOTETPhi,svm,SMOTETPhi,19,1.3037794482557856
DS05,mc.svm_SMOTETPhi,svm,SMOTETPhi,20,1.2192684748688627
DS05,mc.svm_SMOTETPhi,svm,SMOTETPhi,21,1.2535311003540517
DS05,mc.svm_SMOTETPhi,svm,SMOTETPhi,22,1.3075486094219233
DS05,mc.svm_SMOTETPhi,svm,SMOTETPhi,23,1.2480862657575786
DS05,mc.svm_SMOTETPhi,svm,SMOTETPhi,24,1.1966953909718572
DS05,mc.svm_SMOTETPhi,svm,SMOTETPhi,25,1.2156220696573032
DS05,mc.svm_SMOTETPhi,svm,SMOTETPhi,26,1.2026020566089302
DS05,mc.svm_SMOTETPhi,svm,SMOTETPhi,27,1.1291852686656871
DS05,mc.svm_SMOTETPhi,svm,SMOTETPhi,28,1.115252457526007
DS05,mc.svm_SMOTETPhi,svm,SMOTETPhi,29,1.2384791616998791
DS05,mc.svm_SMOTETPhi,svm,SMOTETPhi,30,1.2055358843201402
DS05,mc.svm_SMOTETPhi,svm,SMOTETPhi,31,1.1893252029520964
DS05,mc.svm_SMOTETPhi,svm,SMOTETPhi,32,1.2568783020320002
DS05,mc.svm_SMOTETPhi,svm,SMOTETPhi,33,1.3252866163789623
DS05,mc.svm_SMOTETPhi,svm,SMOTETPhi,34,1.3994201536811188
DS05,mc.svm_SMOTETPhi,svm,SMOTETPhi,35,1.3538661568166481
DS05,mc.svm_SMOTETPhi,svm,SMOTETPhi,36,1.2623635318947288
DS05,mc.svm_SMOTETPhi,svm,SMOTETPhi,37,1.2355681353898373
DS05,mc.svm_SMOTETPhi,svm,SMOTETPhi,38,1.238147450970597
DS05,mc.svm_SMOTETPhi,svm,SMOTETPhi,39,1.2294308124257727
DS05,mc.svm_SMOTETPhi,svm,SMOTETPhi,40,1.279137369494016
DS05,mc.svm_SMOTETPhi,svm,SMOTETPhi,41,1.2311999864356682
DS05,mc.svm_SMOTETPhi,svm,SMOTETPhi,42,1.1934563789618762
DS05,mc.svm_SMOTETPhi,svm,SMOTETPhi,43,1.2966690511512533
DS05,mc.svm_SMOTETPhi,svm,SMOTETPhi,44,1.3894167001643978
DS05,mc.svm_SMOTETPhi,svm,SMOTETPhi,45,1.1623252300113582
DS05,mc.svm_SMOTETPhi,svm,SMOTETPhi,46,1.2214723687114868
DS05,mc.svm_SMOTETPhi,svm,SMOTETPhi,47,1.3917128647793908
DS05,mc.svm_SMOTETPhi,svm,SMOTETPhi,48,1.3895764784141156
DS05,mc.svm_SMOTETPhi,svm,SMOTETPhi,49,1.4277726914374544
DS05,mc.svm_SMOTETPhi,svm,SMOTETPhi,50,1.341230950258679
DS05,mc.svm_SMOTET,svm,SMOTET,1,1.6176185412636037
DS05,mc.svm_SMOTET,svm,SMOTET,2,1.9758381009247639
DS05,mc.svm_SMOTET,svm,SMOTET,3,1.3467547801509747
DS05,mc.svm_SMOTET,svm,SMOTET,4,1.3843174905291005
DS05,mc.svm_SMOTET,svm,SMOTET,5,1.3986449603459636
DS05,mc.svm_SMOTET,svm,SMOTET,6,1.3974904597960145
DS05,mc.svm_SMOTET,svm,SMOTET,7,1.3791178640361017
DS05,mc.svm_SMOTET,svm,SMOTET,8,1.3635741818834628
DS05,mc.svm_SMOTET,svm,SMOTET,9,1.358426011364472
DS05,mc.svm_SMOTET,svm,SMOTET,10,1.3730199708006214
DS05,mc.svm_SMOTET,svm,SMOTET,11,1.2600813925267835
DS05,mc.svm_SMOTET,svm,SMOTET,12,1.2375015038682209
DS05,mc.svm_SMOTET,svm,SMOTET,13,1.217036566300832
DS05,mc.svm_SMOTET,svm,SMOTET,14,1.2557934892538485
DS05,mc.svm_SMOTET,svm,SMOTET,15,1.257094266881359
DS05,mc.svm_SMOTET,svm,SMOTET,16,1.253167243267793
DS05,mc.svm_SMOTET,svm,SMOTET,17,1.2389008024683297
DS05,mc.svm_SMOTET,svm,SMOTET,18,1.3286559995540972
DS05,mc.svm_SMOTET,svm,SMOTET,19,1.31042675826982
DS05,mc.svm_SMOTET,svm,SMOTET,20,1.188492615193102
DS05,mc.svm_SMOTET,svm,SMOTET,21,1.2661056469867762
DS05,mc.svm_SMOTET,svm,SMOTET,22,1.3186030281800805
DS05,mc.svm_SMOTET,svm,SMOTET,23,1.219517381896953
DS05,mc.svm_SMOTET,svm,SMOTET,24,1.1902554760407027
DS05,mc.svm_SMOTET,svm,SMOTET,25,1.209134140475037
DS05,mc.svm_SMOTET,svm,SMOTET,26,1.1807203917353284
DS05,mc.svm_SMOTET,svm,SMOTET,27,1.099564870533693
DS05,mc.svm_SMOTET,svm,SMOTET,28,1.1167931491172105
DS05,mc.svm_SMOTET,svm,SMOTET,29,1.200341436123059
DS05,mc.svm_SMOTET,svm,SMOTET,30,1.1947855108237357
DS05,mc.svm_SMOTET,svm,SMOTET,31,1.214596041898121
DS05,mc.svm_SMOTET,svm,SMOTET,32,1.2017745746626018
DS05,mc.svm_SMOTET,svm,SMOTET,33,1.4136207167981312
DS05,mc.svm_SMOTET,svm,SMOTET,34,1.5158029618391449
DS05,mc.svm_SMOTET,svm,SMOTET,35,1.4076286494263126
DS05,mc.svm_SMOTET,svm,SMOTET,36,1.3002145635586055
DS05,mc.svm_SMOTET,svm,SMOTET,37,1.2238150839036284
DS05,mc.svm_SMOTET,svm,SMOTET,38,1.2810559365037364
DS05,mc.svm_SMOTET,svm,SMOTET,39,1.3111059361730995
DS05,mc.svm_SMOTET,svm,SMOTET,40,1.335418699639545
DS05,mc.svm_SMOTET,svm,SMOTET,41,1.283669728196359
DS05,mc.svm_SMOTET,svm,SMOTET,42,1.2386983066427235
DS05,mc.svm_SMOTET,svm,SMOTET,43,1.2494745794331534
DS05,mc.svm_SMOTET,svm,SMOTET,44,1.4885954955411196
DS05,mc.svm_SMOTET,svm,SMOTET,45,1.1644331804510382
DS05,mc.svm_SMOTET,svm,SMOTET,46,1.304726900822849
DS05,mc.svm_SMOTET,svm,SMOTET,47,1.3397104814978953
DS05,mc.svm_SMOTET,svm,SMOTET,48,1.476941083011996
DS05,mc.svm_SMOTET,svm,SMOTET,49,1.435886265190529
DS05,mc.svm_SMOTET,svm,SMOTET,50,1.399464964601896
DS05,mc.svm_UNDERB,svm,UNDERB,1,1.1477711857067094
DS05,mc.svm_UNDERB,svm,UNDERB,2,1.1684536725884072
DS05,mc.svm_UNDERB,svm,UNDERB,3,0.9629899789639315
DS05,mc.svm_UNDERB,svm,UNDERB,4,0.9832332615012092
DS05,mc.svm_UNDERB,svm,UNDERB,5,1.0218224507494214
DS05,mc.svm_UNDERB,svm,UNDERB,6,1.017085451996718
DS05,mc.svm_UNDERB,svm,UNDERB,7,1.034279739386914
DS05,mc.svm_UNDERB,svm,UNDERB,8,0.9989280068925783
DS05,mc.svm_UNDERB,svm,UNDERB,9,1.0080260270190613
DS05,mc.svm_UNDERB,svm,UNDERB,10,1.021234732305849
DS05,mc.svm_UNDERB,svm,UNDERB,11,1.0145205376113948
DS05,mc.svm_UNDERB,svm,UNDERB,12,1.0108400149538779
DS05,mc.svm_UNDERB,svm,UNDERB,13,1.0185967219370677
DS05,mc.svm_UNDERB,svm,UNDERB,14,0.9993718232703581
DS05,mc.svm_UNDERB,svm,UNDERB,15,1.0179170014619263
DS05,mc.svm_UNDERB,svm,UNDERB,16,1.0256508236151063
DS05,mc.svm_UNDERB,svm,UNDERB,17,1.0017283871680358
DS05,mc.svm_UNDERB,svm,UNDERB,18,0.9833855510953967
DS05,mc.svm_UNDERB,svm,UNDERB,19,1.0040528204922108
DS05,mc.svm_UNDERB,svm,UNDERB,20,0.9890556530756386
DS05,mc.svm_UNDERB,svm,UNDERB,21,1.0597215375934277
DS05,mc.svm_UNDERB,svm,UNDERB,22,1.0223434992770537
DS05,mc.svm_UNDERB,svm,UNDERB,23,1.0419549143800746
DS05,mc.svm_UNDERB,svm,UNDERB,24,1.0166246640532064
DS05,mc.svm_UNDERB,svm,UNDERB,25,1.0412211015493513
DS05,mc.svm_UNDERB,svm,UNDERB,26,1.0080350357251977
DS05,mc.svm_UNDERB,svm,UNDERB,27,0.9898779720238076
DS05,mc.svm_UNDERB,svm,UNDERB,28,0.9896508044663422
DS05,mc.svm_UNDERB,svm,UNDERB,29,0.9723715260019842
DS05,mc.svm_UNDERB,svm,UNDERB,30,0.9518921830726658
DS05,mc.svm_UNDERB,svm,UNDERB,31,0.9771634099557763
DS05,mc.svm_UNDERB,svm,UNDERB,32,1.008326056961724
DS05,mc.svm_UNDERB,svm,UNDERB,33,1.1034556273976013
DS05,mc.svm_UNDERB,svm,UNDERB,34,1.0639093888687658
DS05,mc.svm_UNDERB,svm,UNDERB,35,1.105207301617128
DS05,mc.svm_UNDERB,svm,UNDERB,36,1.068447880760945
DS05,mc.svm_UNDERB,svm,UNDERB,37,1.066562242630053
DS05,mc.svm_UNDERB,svm,UNDERB,38,1.0979494878132388
DS05,mc.svm_UNDERB,svm,UNDERB,39,1.0513517066879503
DS05,mc.svm_UNDERB,svm,UNDERB,40,1.0698599146686403
DS05,mc.svm_UNDERB,svm,UNDERB,41,1.0725522600386488
DS05,mc.svm_UNDERB,svm,UNDERB,42,1.0227119622185963
DS05,mc.svm_UNDERB,svm,UNDERB,43,0.9980252800806202
DS05,mc.svm_UNDERB,svm,UNDERB,44,1.0216395060222547
DS05,mc.svm_UNDERB,svm,UNDERB,45,1.0496388396672722
DS05,mc.svm_UNDERB,svm,UNDERB,46,1.0127393348352647
DS05,mc.svm_UNDERB,svm,UNDERB,47,1.023380702461838
DS05,mc.svm_UNDERB,svm,UNDERB,48,1.0586961767887293
DS05,mc.svm_UNDERB,svm,UNDERB,49,1.033741968212841
DS05,mc.svm_UNDERB,svm,UNDERB,50,1.0010877429241871
DS05,mc.svm_UNDERTPhi,svm,UNDERTPhi,1,1.210405320161811
DS05,mc.svm_UNDERTPhi,svm,UNDERTPhi,2,1.3191017559144103
DS05,mc.svm_UNDERTPhi,svm,UNDERTPhi,3,0.9645284255705641
DS05,mc.svm_UNDERTPhi,svm,UNDERTPhi,4,0.982855169776204
DS05,mc.svm_UNDERTPhi,svm,UNDERTPhi,5,1.0627934732894644
DS05,mc.svm_UNDERTPhi,svm,UNDERTPhi,6,1.0878026777962742
DS05,mc.svm_UNDERTPhi,svm,UNDERTPhi,7,1.061821753054107
DS05,mc.svm_UNDERTPhi,svm,UNDERTPhi,8,1.0582328275899406
DS05,mc.svm_UNDERTPhi,svm,UNDERTPhi,9,1.0365835352708253
DS05,mc.svm_UNDERTPhi,svm,UNDERTPhi,10,1.0682125189575085
DS05,mc.svm_UNDERTPhi,svm,UNDERTPhi,11,1.0216479500389695
DS05,mc.svm_UNDERTPhi,svm,UNDERTPhi,12,1.0181122698086094
DS05,mc.svm_UNDERTPhi,svm,UNDERTPhi,13,1.0151887610783576
DS05,mc.svm_UNDERTPhi,svm,UNDERTPhi,14,1.0173801350334901
DS05,mc.svm_UNDERTPhi,svm,UNDERTPhi,15,1.0689020748123215
DS05,mc.svm_UNDERTPhi,svm,UNDERTPhi,16,1.0412415961317678
DS05,mc.svm_UNDERTPhi,svm,UNDERTPhi,17,1.0288718256626677
DS05,mc.svm_UNDERTPhi,svm,UNDERTPhi,18,1.055600677167248
DS05,mc.svm_UNDERTPhi,svm,UNDERTPhi,19,1.0233314574320547
DS05,mc.svm_UNDERTPhi,svm,UNDERTPhi,20,0.9944576835555284
DS05,mc.svm_UNDERTPhi,svm,UNDERTPhi,21,1.0398666899688234
DS05,mc.svm_UNDERTPhi,svm,UNDERTPhi,22,1.0115351576640286
DS05,mc.svm_UNDERTPhi,svm,UNDERTPhi,23,1.0368735366683308
DS05,mc.svm_UNDERTPhi,svm,UNDERTPhi,24,1.060832860928563
DS05,mc.svm_UNDERTPhi,svm,UNDERTPhi,25,1.0278848497635795
DS05,mc.svm_UNDERTPhi,svm,UNDERTPhi,26,1.0307508072239968
DS05,mc.svm_UNDERTPhi,svm,UNDERTPhi,27,0.9891899448120883
DS05,mc.svm_UNDERTPhi,svm,UNDERTPhi,28,1.0121219801806205
DS05,mc.svm_UNDERTPhi,svm,UNDERTPhi,29,0.9705921497870582
DS05,mc.svm_UNDERTPhi,svm,UNDERTPhi,30,0.994598177068206
DS05,mc.svm_UNDERTPhi,svm,UNDERTPhi,31,1.0003830793029604
DS05,mc.svm_UNDERTPhi,svm,UNDERTPhi,32,1.041934060953189
DS05,mc.svm_UNDERTPhi,svm,UNDERTPhi,33,1.1083386533415005
DS05,mc.svm_UNDERTPhi,svm,UNDERTPhi,34,1.1796514361476385
DS05,mc.svm_UNDERTPhi,svm,UNDERTPhi,35,1.0610711884918504
DS05,mc.svm_UNDERTPhi,svm,UNDERTPhi,36,1.084783499201626
DS05,mc.svm_UNDERTPhi,svm,UNDERTPhi,37,1.0794737568072907
DS05,mc.svm_UNDERTPhi,svm,UNDERTPhi,38,1.068901786828008
DS05,mc.svm_UNDERTPhi,svm,UNDERTPhi,39,1.0925130703952604
DS05,mc.svm_UNDERTPhi,svm,UNDERTPhi,40,1.0854037033682948
DS05,mc.svm_UNDERTPhi,svm,UNDERTPhi,41,1.104948785133459
DS05,mc.svm_UNDERTPhi,svm,UNDERTPhi,42,1.0126482514019646
DS05,mc.svm_UNDERTPhi,svm,UNDERTPhi,43,0.9762555555627916
DS05,mc.svm_UNDERTPhi,svm,UNDERTPhi,44,1.0118300777769655
DS05,mc.svm_UNDERTPhi,svm,UNDERTPhi,45,1.037449193623105
DS05,mc.svm_UNDERTPhi,svm,UNDERTPhi,46,1.0803251665612204
DS05,mc.svm_UNDERTPhi,svm,UNDERTPhi,47,1.0453385675906484
DS05,mc.svm_UNDERTPhi,svm,UNDERTPhi,48,1.1285797873535834
DS05,mc.svm_UNDERTPhi,svm,UNDERTPhi,49,1.0453108755419078
DS05,mc.svm_UNDERTPhi,svm,UNDERTPhi,50,1.0999104777273643
DS05,mc.svm_UNDERT,svm,UNDERT,1,1.1615744937866466
DS05,mc.svm_UNDERT,svm,UNDERT,2,1.2072795696397858
DS05,mc.svm_UNDERT,svm,UNDERT,3,0.9541525971949445
DS05,mc.svm_UNDERT,svm,UNDERT,4,0.9772711608730213
DS05,mc.svm_UNDERT,svm,UNDERT,5,1.0292179752718562
DS05,mc.svm_UNDERT,svm,UNDERT,6,1.026132011387548
DS05,mc.svm_UNDERT,svm,UNDERT,7,1.033891748347988
DS05,mc.svm_UNDERT,svm,UNDERT,8,1.0338517858019938
DS05,mc.svm_UNDERT,svm,UNDERT,9,1.0400301644282093
DS05,mc.svm_UNDERT,svm,UNDERT,10,1.025252653850823
DS05,mc.svm_UNDERT,svm,UNDERT,11,1.01642069713945
DS05,mc.svm_UNDERT,svm,UNDERT,12,0.9987428323887145
DS05,mc.svm_UNDERT,svm,UNDERT,13,1.0163309469533521
DS05,mc.svm_UNDERT,svm,UNDERT,14,1.026007026363371
DS05,mc.svm_UNDERT,svm,UNDERT,15,1.0137203204209455
DS05,mc.svm_UNDERT,svm,UNDERT,16,1.0240972983288907
DS05,mc.svm_UNDERT,svm,UNDERT,17,0.989639469761736
DS05,mc.svm_UNDERT,svm,UNDERT,18,1.0279213312934006
DS05,mc.svm_UNDERT,svm,UNDERT,19,0.9835699964671444
DS05,mc.svm_UNDERT,svm,UNDERT,20,0.9950185973982534
DS05,mc.svm_UNDERT,svm,UNDERT,21,1.0415151107012233
DS05,mc.svm_UNDERT,svm,UNDERT,22,1.0342319568320806
DS05,mc.svm_UNDERT,svm,UNDERT,23,1.0238400706808293
DS05,mc.svm_UNDERT,svm,UNDERT,24,1.016545177431972
DS05,mc.svm_UNDERT,svm,UNDERT,25,1.0426748787321638
DS05,mc.svm_UNDERT,svm,UNDERT,26,1.0543665994990514
DS05,mc.svm_UNDERT,svm,UNDERT,27,0.99458988337882
DS05,mc.svm_UNDERT,svm,UNDERT,28,1.0276137517157964
DS05,mc.svm_UNDERT,svm,UNDERT,29,0.977588493583044
DS05,mc.svm_UNDERT,svm,UNDERT,30,0.9819975577330211
DS05,mc.svm_UNDERT,svm,UNDERT,31,0.965224746515883
DS05,mc.svm_UNDERT,svm,UNDERT,32,0.9792961039069641
DS05,mc.svm_UNDERT,svm,UNDERT,33,1.0859418808113472
DS05,mc.svm_UNDERT,svm,UNDERT,34,1.0933965056006292
DS05,mc.svm_UNDERT,svm,UNDERT,35,1.1067139171444906
DS05,mc.svm_UNDERT,svm,UNDERT,36,1.0807780826022506
DS05,mc.svm_UNDERT,svm,UNDERT,37,1.0463823386584665
DS05,mc.svm_UNDERT,svm,UNDERT,38,1.0952749144132452
DS05,mc.svm_UNDERT,svm,UNDERT,39,1.0906635899084633
DS05,mc.svm_UNDERT,svm,UNDERT,40,1.101509562966775
DS05,mc.svm_UNDERT,svm,UNDERT,41,1.1048558023497743
DS05,mc.svm_UNDERT,svm,UNDERT,42,0.9847410080727979
DS05,mc.svm_UNDERT,svm,UNDERT,43,1.0093534568603069
DS05,mc.svm_UNDERT,svm,UNDERT,44,1.0271495688264414
DS05,mc.svm_UNDERT,svm,UNDERT,45,1.0098630600034855
DS05,mc.svm_UNDERT,svm,UNDERT,46,0.9854818198206023
DS05,mc.svm_UNDERT,svm,UNDERT,47,1.0284427030139103
DS05,mc.svm_UNDERT,svm,UNDERT,48,1.060570151176254
DS05,mc.svm_UNDERT,svm,UNDERT,49,1.0164396607043178
DS05,mc.svm_UNDERT,svm,UNDERT,50,1.0043894439356127
DS05,mc.svm,svm,baseline,1,1.2025173807057137
DS05,mc.svm,svm,baseline,2,1.1819999374792063
DS05,mc.svm,svm,baseline,3,1.0457420977351102
DS05,mc.svm,svm,baseline,4,1.0589773581645805
DS05,mc.svm,svm,baseline,5,1.131690931011673
DS05,mc.svm,svm,baseline,6,1.121474941972915
DS05,mc.svm,svm,baseline,7,1.1207819596376885
DS05,mc.svm,svm,baseline,8,1.1235190134990585
DS05,mc.svm,svm,baseline,9,1.1224190344324876
DS05,mc.svm,svm,baseline,10,1.1174903384224864
DS05,mc.svm,svm,baseline,11,1.1172973528625558
DS05,mc.svm,svm,baseline,12,1.1267140498013282
DS05,mc.svm,svm,baseline,13,1.1250178552324557
DS05,mc.svm,svm,baseline,14,1.1269690255610665
DS05,mc.svm,svm,baseline,15,1.1276637553162
DS05,mc.svm,svm,baseline,16,1.1312793197464694
DS05,mc.svm,svm,baseline,17,1.1324619576853316
DS05,mc.svm,svm,baseline,18,1.131365767514693
DS05,mc.svm,svm,baseline,19,1.1326026962882147
DS05,mc.svm,svm,baseline,20,1.1230220644858573
DS05,mc.svm,svm,baseline,21,1.1838944877327966
DS05,mc.svm,svm,baseline,22,1.1594470897188887
DS05,mc.svm,svm,baseline,23,1.166889663703506
DS05,mc.svm,svm,baseline,24,1.1749462033885498
DS05,mc.svm,svm,baseline,25,1.1630811572726463
DS05,mc.svm,svm,baseline,26,1.1621488839735972
DS05,mc.svm,svm,baseline,27,1.1319429040713787
DS05,mc.svm,svm,baseline,28,1.128926192314432
DS05,mc.svm,svm,baseline,29,1.121205546388996
DS05,mc.svm,svm,baseline,30,1.121038466774636
DS05,mc.svm,svm,baseline,31,1.1225486899620631
DS05,mc.svm,svm,baseline,32,1.142504743544301
DS05,mc.svm,svm,baseline,33,1.2243414341728236
DS05,mc.svm,svm,baseline,34,1.2209289092303965
DS05,mc.svm,svm,baseline,35,1.2234664272431333
DS05,mc.svm,svm,baseline,36,1.212275831061885
DS05,mc.svm,svm,baseline,37,1.2064065123599292
DS05,mc.svm,svm,baseline,38,1.2076449601589228
DS05,mc.svm,svm,baseline,39,1.2119993091463948
DS05,mc.svm,svm,baseline,40,1.2190512075118716
DS05,mc.svm,svm,baseline,41,1.2182350302840828
DS05,mc.svm,svm,baseline,42,1.166196324986182
DS05,mc.svm,svm,baseline,43,1.1715058905212545
DS05,mc.svm,svm,baseline,44,1.1846436850731452
DS05,mc.svm,svm,baseline,45,1.1783134446354044
DS05,mc.svm,svm,baseline,46,1.1854597636267792
DS05,mc.svm,svm,baseline,47,1.1886108663515045
DS05,mc.svm,svm,baseline,48,1.193876753671912
DS05,mc.svm,svm,baseline,49,1.193755304037357
DS05,mc.svm,svm,baseline,50,1.1763354955174645
