dataset_id,workflow,model_family,strategy,iteration,sera
DS07,mc.BDES,BDES,baseline,1,17.73110557288037
DS07,mc.BDES,BDES,baseline,2,17.773504232321823
DS07,mc.BDES,BDES,baseline,3,17.801300563703773
DS07,mc.BDES,BDES,baseline,4,17.822431464005355
DS07,mc.BDES,BDES,baseline,5,18.459924213495853
DS07,mc.BDES,BDES,baseline,6,18.558165701581338
DS07,mc.BDES,BDES,baseline,7,18.585763932034247
DS07,mc.BDES,BDES,baseline,8,18.8083187027115
DS07,mc.BDES,BDES,baseline,9,18.675544037392
DS07,mc.BDES,BDES,baseline,10,18.66774171692216
DS07,mc.BDES,BDES,baseline,11,18.587697483475907
DS07,mc.BDES,BDES,baseline,12,18.687517143830288
DS07,mc.BDES,BDES,baseline,13,18.725170287163294
DS07,mc.BDES,BDES,baseline,14,18.565606529722714
DS07,mc.BDES,BDES,baseline,15,18.606287279962427
DS07,mc.BDES,BDES,baseline,16,18.666290814664592
DS07,mc.BDES,BDES,baseline,17,18.602961119456562
DS07,mc.BDES,BDES,baseline,18,18.6746597331433
DS07,mc.BDES,BDES,baseline,19,18.84196041765019
DS07,mc.BDES,BDES,baseline,20,18.09545222721705
DS07,mc.BDES,BDES,baseline,21,17.317067573752777
DS07,mc.BDES,BDES,baseline,22,17.171590859334803
DS07,mc.BDES,BDES,baseline,23,17.18990905748843
DS07,mc.BDES,BDES,baseline,24,17.03141744909403
DS07,mc.BDES,BDES,baseline,25,16.9960975468444
DS07,mc.BDES,BDES,baseline,26,16.7639757173225
DS07,mc.BDES,BDES,baseline,27,17.18881994490808
DS07,mc.BDES,BDES,baseline,28,17.281445564880713
DS07,mc.BDES,BDES,baseline,29,17.483535164765414
DS07,mc.BDES,BDES,baseline,30,17.16950554935038
DS07,mc.BDES,BDES,baseline,31,16.67538649512079
DS07,mc.BDES,BDES,baseline,32,16.618345762072906
DS07,mc.BDES,BDES,baseline,33,15.882596636094805
DS07,mc.BDES,BDES,baseline,34,15.929843859089775
DS07,mc.BDES,BDES,baseline,35,15.727723024430126
DS07,mc.BDES,BDES,baseline,36,15.733046844354035
DS07,mc.BDES,BDES,baseline,37,15.494228459273094
DS07,mc.BDES,BDES,baseline,38,15.471992905635222
DS07,mc.BDES,BDES,baseline,39,15.459316091724057
DS07,mc.BDES,BDES,baseline,40,15.763930438694764
DS07,mc.BDES,BDES,baseline,41,15.900045035927015
DS07,mc.BDES,BDES,baseline,42,15.81542168474069
DS07,mc.BDES,BDES,baseline,43,15.427982275529612
DS07,mc.BDES,BDES,baseline,44,15.333698276284823
DS07,mc.BDES,BDES,baseline,45,15.183687818080108
DS07,mc.BDES,BDES,baseline,46,15.234040348276364
DS07,mc.BDES,BDES,baseline,47,15.26028572767674
DS07,mc.BDES,BDES,baseline,48,15.369485269067434
DS07,mc.BDES,BDES,baseline,49,15.37315637307857
DS07,mc.BDES,BDES,baseline,50,16.047745823290494
DS07,mc.arima,arima,baseline,1,17.713614694218315
DS07,mc.arima,arima,baseline,2,17.71582353117314
DS07,mc.arima,arima,baseline,3,17.66745671955463
DS07,mc.arima,arima,baseline,4,17.698984370358154
DS07,mc.arima,arima,baseline,5,18.409488615656574
DS07,mc.arima,arima,baseline,6,19.167667198497345
DS07,mc.arima,arima,baseline,7,18.502722261743987
DS07,mc.arima,arima,baseline,8,18.73692920290037
DS07,mc.arima,arima,baseline,9,18.52863122692744
DS07,mc.arima,arima,baseline,10,19.63954344131894
DS07,mc.arima,arima,baseline,11,18.448426514128045
DS07,mc.arima,arima,baseline,12,18.567893884250296
DS07,mc.arima,arima,baseline,13,19.23401429408241
DS07,mc.arima,arima,baseline,14,18.436914898146338
DS07,mc.arima,arima,baseline,15,18.55737535825513
DS07,mc.arima,arima,baseline,16,18.50554753427126
DS07,mc.arima,arima,baseline,17,18.449013923330906
DS07,mc.arima,arima,baseline,18,18.546167936261472
DS07,mc.arima,arima,baseline,19,18.687477410352525
DS07,mc.arima,arima,baseline,20,17.87482136454883
DS07,mc.arima,arima,baseline,21,17.188285780896802
DS07,mc.arima,arima,baseline,22,17.07124289128462
DS07,mc.arima,arima,baseline,23,17.0865213580727
DS07,mc.arima,arima,baseline,24,16.956326760549057
DS07,mc.arima,arima,baseline,25,16.87696572199507
DS07,mc.arima,arima,baseline,26,16.541823821509304
DS07,mc.arima,arima,baseline,27,17.015397388777917
DS07,mc.arima,arima,baseline,28,17.073791576711784
DS07,mc.arima,arima,baseline,29,17.2931575692809
DS07,mc.arima,arima,baseline,30,17.07572828379368
DS07,mc.arima,arima,baseline,31,17.61320963433693
DS07,mc.arima,arima,baseline,32,16.65808847199213
DS07,mc.arima,arima,baseline,33,15.914809522847863
DS07,mc.arima,arima,baseline,34,16.83486382066919
DS07,mc.arima,arima,baseline,35,15.65779198261343
DS07,mc.arima,arima,baseline,36,15.72621674412775
DS07,mc.arima,arima,baseline,37,16.40740908584059
DS07,mc.arima,arima,baseline,38,15.545561700094384
DS07,mc.arima,arima,baseline,39,15.478783864599606
DS07,mc.arima,arima,baseline,40,15.812772139727027
DS07,mc.arima,arima,baseline,41,15.927803471115226
DS07,mc.arima,arima,baseline,42,15.793462631599393
DS07,mc.arima,arima,baseline,43,16.411808573027987
DS07,mc.arima,arima,baseline,44,15.425828812254675
DS07,mc.arima,arima,baseline,45,15.208846614414796
DS07,mc.arima,arima,baseline,46,16.290372949265777
DS07,mc.arima,arima,baseline,47,15.314551680410888
DS07,mc.arima,arima,baseline,48,16.41785256780751
DS07,mc.arima,arima,baseline,49,15.450151286380846
DS07,mc.arima,arima,baseline,50,16.1177228023896
DS07,mc.lm_OVERB,lm,OVERB,1,16.969978008525775
DS07,mc.lm_OVERB,lm,OVERB,2,16.98926338661804
DS07,mc.lm_OVERB,lm,OVERB,3,16.861779443614594
DS07,mc.lm_OVERB,lm,OVERB,4,17.03051065665876
DS07,mc.lm_OVERB,lm,OVERB,5,17.46624118934624
DS07,mc.lm_OVERB,lm,OVERB,6,17.49376105388895
DS07,mc.lm_OVERB,lm,OVERB,7,17.499561101943588
DS07,mc.lm_OVERB,lm,OVERB,8,17.619418996764356
DS07,mc.lm_OVERB,lm,OVERB,9,17.469711969468662
DS07,mc.lm_OVERB,lm,OVERB,10,17.377769050592132
DS07,mc.lm_OVERB,lm,OVERB,11,17.294130136301057
DS07,mc.lm_OVERB,lm,OVERB,12,17.279087800589313
DS07,mc.lm_OVERB,lm,OVERB,13,17.239570573115472
DS07,mc.lm_OVERB,lm,OVERB,14,17.079761021561303
DS07,mc.lm_OVERB,lm,OVERB,15,17.03562614578006
DS07,mc.lm_OVERB,lm,OVERB,16,17.106379813999258
DS07,mc.lm_OVERB,lm,OVERB,17,16.901936665086122
DS07,mc.lm_OVERB,lm,OVERB,18,16.938691592482463
DS07,mc.lm_OVERB,lm,OVERB,19,17.02415897300167
DS07,mc.lm_OVERB,lm,OVERB,20,16.284602573861562
DS07,mc.lm_OVERB,lm,OVERB,21,15.565198750954647
DS07,mc.lm_OVERB,lm,OVERB,22,15.568193932533916
DS07,mc.lm_OVERB,lm,OVERB,23,15.283953398396024
DS07,mc.lm_OVERB,lm,OVERB,24,15.222637160393939
DS07,mc.lm_OVERB,lm,OVERB,25,15.048188535565783
DS07,mc.lm_OVERB,lm,OVERB,26,14.756889295188609
DS07,mc.lm_OVERB,lm,OVERB,27,14.9675847482056
DS07,mc.lm_OVERB,lm,OVERB,28,14.998474096051407
DS07,mc.lm_OVERB,lm,OVERB,29,15.286360119601705
DS07,mc.lm_OVERB,lm,OVERB,30,15.070434653321664
DS07,mc.lm_OVERB,lm,OVERB,31,14.751114888653824
DS07,mc.lm_OVERB,lm,OVERB,32,14.555323074223416
DS07,mc.lm_OVERB,lm,OVERB,33,14.236914769870816
DS07,mc.lm_OVERB,lm,OVERB,34,14.241179433107927
DS07,mc.lm_OVERB,lm,OVERB,35,14.01581882917474
DS07,mc.lm_OVERB,lm,OVERB,36,14.099820790365737
DS07,mc.lm_OVERB,lm,OVERB,37,13.817917703499623
DS07,mc.lm_OVERB,lm,OVERB,38,13.78581449577962
DS07,mc.lm_OVERB,lm,OVERB,39,13.76360909151111
DS07,mc.lm_OVERB,lm,OVERB,40,14.120448730559213
DS07,mc.lm_OVERB,lm,OVERB,41,14.23064219000845
DS07,mc.lm_OVERB,lm,OVERB,42,14.035769300488287
DS07,mc.lm_OVERB,lm,OVERB,43,13.643212707207695
DS07,mc.lm_OVERB,lm,OVERB,44,13.680651256973473
DS07,mc.lm_OVERB,lm,OVERB,45,13.584420295899161
DS07,mc.lm_OVERB,lm,OVERB,46,13.564013969397584
DS07,mc.lm_OVERB,lm,OVERB,47,13.491885319221733
DS07,mc.lm_OVERB,lm,OVERB,48,13.741735247428412
DS07,mc.lm_OVERB,lm,OVERB,49,13.718167602215296
DS07,mc.lm_OVERB,lm,OVERB,50,14.23894019163891
DS07,mc.lm_OVERTPhi,lm,OVERTPhi,1,17.01397561605456
DS07,mc.lm_OVERTPhi,lm,OVERTPhi,2,16.95601456135354
DS07,mc.lm_OVERTPhi,lm,OVERTPhi,3,16.916223018567077
DS07,mc.lm_OVERTPhi,lm,OVERTPhi,4,17.03187634687043
DS07,mc.lm_OVERTPhi,lm,OVERTPhi,5,17.436216701650174
DS07,mc.lm_OVERTPhi,lm,OVERTPhi,6,17.436695037175703
DS07,mc.lm_OVERTPhi,lm,OVERTPhi,7,17.439732742472525
DS07,mc.lm_OVERTPhi,lm,OVERTPhi,8,17.58591866631115
DS07,mc.lm_OVERTPhi,lm,OVERTPhi,9,17.479123871844692
DS07,mc.lm_OVERTPhi,lm,OVERTPhi,10,17.428202106878803
DS07,mc.lm_OVERTPhi,lm,OVERTPhi,11,17.36894055098997
DS07,mc.lm_OVERTPhi,lm,OVERTPhi,12,17.367438702792985
DS07,mc.lm_OVERTPhi,lm,OVERTPhi,13,17.262922816350393
DS07,mc.lm_OVERTPhi,lm,OVERTPhi,14,17.13109563827196
DS07,mc.lm_OVERTPhi,lm,OVERTPhi,15,17.108694380572757
DS07,mc.lm_OVERTPhi,lm,OVERTPhi,16,17.158194600516627
DS07,mc.lm_OVERTPhi,lm,OVERTPhi,17,17.001832573992818
DS07,mc.lm_OVERTPhi,lm,OVERTPhi,18,16.949513518457604
DS07,mc.lm_OVERTPhi,lm,OVERTPhi,19,17.05248532347229
DS07,mc.lm_OVERTPhi,lm,OVERTPhi,20,16.316003749382233
DS07,mc.lm_OVERTPhi,lm,OVERTPhi,21,15.656005364990031
DS07,mc.lm_OVERTPhi,lm,OVERTPhi,22,15.6248058214352
DS07,mc.lm_OVERTPhi,lm,OVERTPhi,23,15.452666636742105
DS07,mc.lm_OVERTPhi,lm,OVERTPhi,24,15.361540804715013
DS07,mc.lm_OVERTPhi,lm,OVERTPhi,25,15.078952822668361
DS07,mc.lm_OVERTPhi,lm,OVERTPhi,26,14.799795917283642
DS07,mc.lm_OVERTPhi,lm,OVERTPhi,27,15.115341215394643
DS07,mc.lm_OVERTPhi,lm,OVERTPhi,28,15.247531643378355
DS07,mc.lm_OVERTPhi,lm,OVERTPhi,29,15.50009048651246
DS07,mc.lm_OVERTPhi,lm,OVERTPhi,30,15.221842916077673
DS07,mc.lm_OVERTPhi,lm,OVERTPhi,31,14.89728011290817
DS07,mc.lm_OVERTPhi,lm,OVERTPhi,32,14.711312510077294
DS07,mc.lm_OVERTPhi,lm,OVERTPhi,33,14.372804370652933
DS07,mc.lm_OVERTPhi,lm,OVERTPhi,34,14.383657264195305
DS07,mc.lm_OVERTPhi,lm,OVERTPhi,35,14.217659087585098
DS07,mc.lm_OVERTPhi,lm,OVERTPhi,36,14.108177457900132
DS07,mc.lm_OVERTPhi,lm,OVERTPhi,37,13.985104731662307
DS07,mc.lm_OVERTPhi,lm,OVERTPhi,38,13.898958694510219
DS07,mc.lm_OVERTPhi,lm,OVERTPhi,39,13.879236006311366
DS07,mc.lm_OVERTPhi,lm,OVERTPhi,40,14.18062669490831
DS07,mc.lm_OVERTPhi,lm,OVERTPhi,41,14.2900757052105
DS07,mc.lm_OVERTPhi,lm,OVERTPhi,42,14.194451314357291
DS07,mc.lm_OVERTPhi,lm,OVERTPhi,43,13.744516867417534
DS07,mc.lm_OVERTPhi,lm,OVERTPhi,44,13.76555117496428
DS07,mc.lm_OVERTPhi,lm,OVERTPhi,45,13.558087914867514
DS07,mc.lm_OVERTPhi,lm,OVERTPhi,46,13.588978541303353
DS07,mc.lm_OVERTPhi,lm,OVERTPhi,47,13.667936674479936
DS07,mc.lm_OVERTPhi,lm,OVERTPhi,48,13.753744198874525
DS07,mc.lm_OVERTPhi,lm,OVERTPhi,49,13.861431443374045
DS07,mc.lm_OVERTPhi,lm,OVERTPhi,50,14.311980719925547
DS07,mc.lm_OVERT,lm,OVERT,1,16.99277084907233
DS07,mc.lm_OVERT,lm,OVERT,2,16.97519154929458
DS07,mc.lm_OVERT,lm,OVERT,3,16.941921506661746
DS07,mc.lm_OVERT,lm,OVERT,4,17.02146677971952
DS07,mc.lm_OVERT,lm,OVERT,5,17.43247183388145
DS07,mc.lm_OVERT,lm,OVERT,6,17.467719165503816
DS07,mc.lm_OVERT,lm,OVERT,7,17.461206937461633
DS07,mc.lm_OVERT,lm,OVERT,8,17.60321603567677
DS07,mc.lm_OVERT,lm,OVERT,9,17.485929443915737
DS07,mc.lm_OVERT,lm,OVERT,10,17.423985100762255
DS07,mc.lm_OVERT,lm,OVERT,11,17.35481090747345
DS07,mc.lm_OVERT,lm,OVERT,12,17.402842367838193
DS07,mc.lm_OVERT,lm,OVERT,13,17.263755837955465
DS07,mc.lm_OVERT,lm,OVERT,14,17.192890465160527
DS07,mc.lm_OVERT,lm,OVERT,15,17.102726951444534
DS07,mc.lm_OVERT,lm,OVERT,16,17.197081453590418
DS07,mc.lm_OVERT,lm,OVERT,17,17.02652823603492
DS07,mc.lm_OVERT,lm,OVERT,18,16.993387412696134
DS07,mc.lm_OVERT,lm,OVERT,19,17.101987662663472
DS07,mc.lm_OVERT,lm,OVERT,20,16.472380731268853
DS07,mc.lm_OVERT,lm,OVERT,21,15.77827069773338
DS07,mc.lm_OVERT,lm,OVERT,22,15.687233959776558
DS07,mc.lm_OVERT,lm,OVERT,23,15.46276401929246
DS07,mc.lm_OVERT,lm,OVERT,24,15.333006525391276
DS07,mc.lm_OVERT,lm,OVERT,25,15.167177295349207
DS07,mc.lm_OVERT,lm,OVERT,26,14.81850379901243
DS07,mc.lm_OVERT,lm,OVERT,27,15.227254891966917
DS07,mc.lm_OVERT,lm,OVERT,28,15.314917923904405
DS07,mc.lm_OVERT,lm,OVERT,29,15.492305329976919
DS07,mc.lm_OVERT,lm,OVERT,30,15.241230852030474
DS07,mc.lm_OVERT,lm,OVERT,31,14.90973435375084
DS07,mc.lm_OVERT,lm,OVERT,32,14.728916495530155
DS07,mc.lm_OVERT,lm,OVERT,33,14.331601427462067
DS07,mc.lm_OVERT,lm,OVERT,34,14.376341675338514
DS07,mc.lm_OVERT,lm,OVERT,35,14.216941535156966
DS07,mc.lm_OVERT,lm,OVERT,36,14.141699034443953
DS07,mc.lm_OVERT,lm,OVERT,37,13.988868413401011
DS07,mc.lm_OVERT,lm,OVERT,38,13.985587153597997
DS07,mc.lm_OVERT,lm,OVERT,39,13.88636917688713
DS07,mc.lm_OVERT,lm,OVERT,40,14.271158699793716
DS07,mc.lm_OVERT,lm,OVERT,41,14.30419166364394
DS07,mc.lm_OVERT,lm,OVERT,42,14.181647431571696
DS07,mc.lm_OVERT,lm,OVERT,43,13.747633635303039
DS07,mc.lm_OVERT,lm,OVERT,44,13.781667891043472
DS07,mc.lm_OVERT,lm,OVERT,45,13.573909530590884
DS07,mc.lm_OVERT,lm,OVERT,46,13.568412618396884
DS07,mc.lm_OVERT,lm,OVERT,47,13.686098809271959
DS07,mc.lm_OVERT,lm,OVERT,48,13.766815789271114
DS07,mc.lm_OVERT,lm,OVERT,49,13.797263949212091
DS07,mc.lm_OVERT,lm,OVERT,50,14.338285729698052
DS07,mc.lm_SMOTEB,lm,SMOTEB,1,17.025870744519118
DS07,mc.lm_SMOTEB,lm,SMOTEB,2,17.114435671832318
DS07,mc.lm_SMOTEB,lm,SMOTEB,3,17.040596840894782
DS07,mc.lm_SMOTEB,lm,SMOTEB,4,17.08932179289109
DS07,mc.lm_SMOTEB,lm,SMOTEB,5,17.5117242883688
DS07,mc.lm_SMOTEB,lm,SMOTEB,6,17.561244004108715
DS07,mc.lm_SMOTEB,lm,SMOTEB,7,17.584895061705407
DS07,mc.lm_SMOTEB,lm,SMOTEB,8,17.646849563095905
DS07,mc.lm_SMOTEB,lm,SMOTEB,9,17.492499187115385
DS07,mc.lm_SMOTEB,lm,SMOTEB,10,17.400087277165987
DS07,mc.lm_SMOTEB,lm,SMOTEB,11,17.183434641230726
DS07,mc.lm_SMOTEB,lm,SMOTEB,12,17.20992781280368
DS07,mc.lm_SMOTEB,lm,SMOTEB,13,17.118068372996074
DS07,mc.lm_SMOTEB,lm,SMOTEB,14,16.912314467323288
DS07,mc.lm_SMOTEB,lm,SMOTEB,15,16.878199885187072
DS07,mc.lm_SMOTEB,lm,SMOTEB,16,16.93030026515617
DS07,mc.lm_SMOTEB,lm,SMOTEB,17,16.727208355133286
DS07,mc.lm_SMOTEB,lm,SMOTEB,18,16.676445424106937
DS07,mc.lm_SMOTEB,lm,SMOTEB,19,16.734519109961948
DS07,mc.lm_SMOTEB,lm,SMOTEB,20,15.775616293060681
DS07,mc.lm_SMOTEB,lm,SMOTEB,21,15.227797929631649
DS07,mc.lm_SMOTEB,lm,SMOTEB,22,15.20347245832956
DS07,mc.lm_SMOTEB,lm,SMOTEB,23,14.908350268067984
DS07,mc.lm_SMOTEB,lm,SMOTEB,24,14.79427846568111
DS07,mc.lm_SMOTEB,lm,SMOTEB,25,14.602493761920837
DS07,mc.lm_SMOTEB,lm,SMOTEB,26,14.126284183325533
DS07,mc.lm_SMOTEB,lm,SMOTEB,27,14.53463332700836
DS07,mc.lm_SMOTEB,lm,SMOTEB,28,14.638406276664718
DS07,mc.lm_SMOTEB,lm,SMOTEB,29,14.765153994728184
DS07,mc.lm_SMOTEB,lm,SMOTEB,30,14.497501791497276
DS07,mc.lm_SMOTEB,lm,SMOTEB,31,14.150077178601785
DS07,mc.lm_SMOTEB,lm,SMOTEB,32,14.07170695984112
DS07,mc.lm_SMOTEB,lm,SMOTEB,33,13.849682373608944
DS07,mc.lm_SMOTEB,lm,SMOTEB,34,13.787843703132399
DS07,mc.lm_SMOTEB,lm,SMOTEB,35,13.671897450245838
DS07,mc.lm_SMOTEB,lm,SMOTEB,36,13.61804255203605
DS07,mc.lm_SMOTEB,lm,SMOTEB,37,13.424010676164325
DS07,mc.lm_SMOTEB,lm,SMOTEB,38,13.455548112612474
DS07,mc.lm_SMOTEB,lm,SMOTEB,39,13.431315612932458
DS07,mc.lm_SMOTEB,lm,SMOTEB,40,13.634202532681385
DS07,mc.lm_SMOTEB,lm,SMOTEB,41,13.82160594040557
DS07,mc.lm_SMOTEB,lm,SMOTEB,42,13.653226580520613
DS07,mc.lm_SMOTEB,lm,SMOTEB,43,13.255283868798125
DS07,mc.lm_SMOTEB,lm,SMOTEB,44,13.257515946304709
DS07,mc.lm_SMOTEB,lm,SMOTEB,45,13.129763753500237
DS07,mc.lm_SMOTEB,lm,SMOTEB,46,13.09170132498
DS07,mc.lm_SMOTEB,lm,SMOTEB,47,13.114101871529831
DS07,mc.lm_SMOTEB,lm,SMOTEB,48,13.333062213215891
DS07,mc.lm_SMOTEB,lm,SMOTEB,49,13.36396029733518
DS07,mc.lm_SMOTEB,lm,SMOTEB,50,13.75400182719577
DS07,mc.lm_SMOTETPhi,lm,SMOTETPhi,1,17.81231088179108
DS07,mc.lm_SMOTETPhi,lm,SMOTETPhi,2,17.609685816565655
DS07,mc.lm_SMOTETPhi,lm,SMOTETPhi,3,17.697751686029953
DS07,mc.lm_SMOTETPhi,lm,SMOTETPhi,4,17.826391787699677
DS07,mc.lm_SMOTETPhi,lm,SMOTETPhi,5,18.062614285145838
DS07,mc.lm_SMOTETPhi,lm,SMOTETPhi,6,18.13654664005711
DS07,mc.lm_SMOTETPhi,lm,SMOTETPhi,7,18.158202751210787
DS07,mc.lm_SMOTETPhi,lm,SMOTETPhi,8,18.181584186429134
DS07,mc.lm_SMOTETPhi,lm,SMOTETPhi,9,18.13330804940723
DS07,mc.lm_SMOTETPhi,lm,SMOTETPhi,10,17.796337025032724
DS07,mc.lm_SMOTETPhi,lm,SMOTETPhi,11,17.529452254345696
DS07,mc.lm_SMOTETPhi,lm,SMOTETPhi,12,17.47823764334428
DS07,mc.lm_SMOTETPhi,lm,SMOTETPhi,13,17.41926944602461
DS07,mc.lm_SMOTETPhi,lm,SMOTETPhi,14,17.418690857230633
DS07,mc.lm_SMOTETPhi,lm,SMOTETPhi,15,17.41436961560841
DS07,mc.lm_SMOTETPhi,lm,SMOTETPhi,16,17.29073629793618
DS07,mc.lm_SMOTETPhi,lm,SMOTETPhi,17,17.098025635914688
DS07,mc.lm_SMOTETPhi,lm,SMOTETPhi,18,16.900772045725535
DS07,mc.lm_SMOTETPhi,lm,SMOTETPhi,19,16.994492421655853
DS07,mc.lm_SMOTETPhi,lm,SMOTETPhi,20,15.856916727889779
DS07,mc.lm_SMOTETPhi,lm,SMOTETPhi,21,15.36064565274324
DS07,mc.lm_SMOTETPhi,lm,SMOTETPhi,22,15.268062436952215
DS07,mc.lm_SMOTETPhi,lm,SMOTETPhi,23,14.955997752137868
DS07,mc.lm_SMOTETPhi,lm,SMOTETPhi,24,14.814041148905295
DS07,mc.lm_SMOTETPhi,lm,SMOTETPhi,25,14.867870579368706
DS07,mc.lm_SMOTETPhi,lm,SMOTETPhi,26,14.312267626264335
DS07,mc.lm_SMOTETPhi,lm,SMOTETPhi,27,14.661715840746533
DS07,mc.lm_SMOTETPhi,lm,SMOTETPhi,28,14.74171990435512
DS07,mc.lm_SMOTETPhi,lm,SMOTETPhi,29,14.892263640176454
DS07,mc.lm_SMOTETPhi,lm,SMOTETPhi,30,14.800503912035703
DS07,mc.lm_SMOTETPhi,lm,SMOTETPhi,31,14.416854253189747
DS07,mc.lm_SMOTETPhi,lm,SMOTETPhi,32,14.160006864693687
DS07,mc.lm_SMOTETPhi,lm,SMOTETPhi,33,14.003278033982173
DS07,mc.lm_SMOTETPhi,lm,SMOTETPhi,34,13.949121833135843
DS07,mc.lm_SMOTETPhi,lm,SMOTETPhi,35,13.791962304973682
DS07,mc.lm_SMOTETPhi,lm,SMOTETPhi,36,13.98574663812778
DS07,mc.lm_SMOTETPhi,lm,SMOTETPhi,37,13.758048414297122
DS07,mc.lm_SMOTETPhi,lm,SMOTETPhi,38,13.649881114380559
DS07,mc.lm_SMOTETPhi,lm,SMOTETPhi,39,13.657767878172177
DS07,mc.lm_SMOTETPhi,lm,SMOTETPhi,40,13.997835365809701
DS07,mc.lm_SMOTETPhi,lm,SMOTETPhi,41,14.132696373947287
DS07,mc.lm_SMOTETPhi,lm,SMOTETPhi,42,13.789478698029932
DS07,mc.lm_SMOTETPhi,lm,SMOTETPhi,43,13.635868408268696
DS07,mc.lm_SMOTETPhi,lm,SMOTETPhi,44,13.784645081456697
DS07,mc.lm_SMOTETPhi,lm,SMOTETPhi,45,13.460907224562593
DS07,mc.lm_SMOTETPhi,lm,SMOTETPhi,46,13.61497102007779
DS07,mc.lm_SMOTETPhi,lm,SMOTETPhi,47,13.373891304576079
DS07,mc.lm_SMOTETPhi,lm,SMOTETPhi,48,13.589041955388332
DS07,mc.lm_SMOTETPhi,lm,SMOTETPhi,49,13.614682544779015
DS07,mc.lm_SMOTETPhi,lm,SMOTETPhi,50,14.274480555397703
DS07,mc.lm_SMOTET,lm,SMOTET,1,17.617127931863532
DS07,mc.lm_SMOTET,lm,SMOTET,2,17.49061715795201
DS07,mc.lm_SMOTET,lm,SMOTET,3,17.530787642584716
DS07,mc.lm_SMOTET,lm,SMOTET,4,17.637406744493248
DS07,mc.lm_SMOTET,lm,SMOTET,5,17.85702343741253
DS07,mc.lm_SMOTET,lm,SMOTET,6,18.076426190030773
DS07,mc.lm_SMOTET,lm,SMOTET,7,17.920059614976896
DS07,mc.lm_SMOTET,lm,SMOTET,8,17.962548833494022
DS07,mc.lm_SMOTET,lm,SMOTET,9,17.863571738486648
DS07,mc.lm_SMOTET,lm,SMOTET,10,17.691773689931402
DS07,mc.lm_SMOTET,lm,SMOTET,11,17.43709667696787
DS07,mc.lm_SMOTET,lm,SMOTET,12,17.33483614731958
DS07,mc.lm_SMOTET,lm,SMOTET,13,17.34276984371711
DS07,mc.lm_SMOTET,lm,SMOTET,14,17.41308615766542
DS07,mc.lm_SMOTET,lm,SMOTET,15,17.407297888418114
DS07,mc.lm_SMOTET,lm,SMOTET,16,17.26068700900545
DS07,mc.lm_SMOTET,lm,SMOTET,17,17.123687436410428
DS07,mc.lm_SMOTET,lm,SMOTET,18,16.8517151552182
DS07,mc.lm_SMOTET,lm,SMOTET,19,16.915022794871003
DS07,mc.lm_SMOTET,lm,SMOTET,20,15.85715100258794
DS07,mc.lm_SMOTET,lm,SMOTET,21,15.425147604633725
DS07,mc.lm_SMOTET,lm,SMOTET,22,15.312445012960723
DS07,mc.lm_SMOTET,lm,SMOTET,23,15.056543990803831
DS07,mc.lm_SMOTET,lm,SMOTET,24,14.836439945525175
DS07,mc.lm_SMOTET,lm,SMOTET,25,14.872270885129604
DS07,mc.lm_SMOTET,lm,SMOTET,26,14.347586092508317
DS07,mc.lm_SMOTET,lm,SMOTET,27,14.751409956887983
DS07,mc.lm_SMOTET,lm,SMOTET,28,14.804449188234807
DS07,mc.lm_SMOTET,lm,SMOTET,29,14.969314331748722
DS07,mc.lm_SMOTET,lm,SMOTET,30,14.99892657019135
DS07,mc.lm_SMOTET,lm,SMOTET,31,14.543834659956575
DS07,mc.lm_SMOTET,lm,SMOTET,32,14.282592977498783
DS07,mc.lm_SMOTET,lm,SMOTET,33,14.006569351656307
DS07,mc.lm_SMOTET,lm,SMOTET,34,14.026118041769143
DS07,mc.lm_SMOTET,lm,SMOTET,35,13.888231761386928
DS07,mc.lm_SMOTET,lm,SMOTET,36,14.048994340713309
DS07,mc.lm_SMOTET,lm,SMOTET,37,13.886434244508502
DS07,mc.lm_SMOTET,lm,SMOTET,38,13.756128242273787
DS07,mc.lm_SMOTET,lm,SMOTET,39,13.696077674381925
DS07,mc.lm_SMOTET,lm,SMOTET,40,14.057204117892569
DS07,mc.lm_SMOTET,lm,SMOTET,41,14.205643235691936
DS07,mc.lm_SMOTET,lm,SMOTET,42,13.848697261178517
DS07,mc.lm_SMOTET,lm,SMOTET,43,13.66259252454634
DS07,mc.lm_SMOTET,lm,SMOTET,44,13.801841325344395
DS07,mc.lm_SMOTET,lm,SMOTET,45,13.534147971390121
DS07,mc.lm_SMOTET,lm,SMOTET,46,13.753722480595215
DS07,mc.lm_SMOTET,lm,SMOTET,47,13.411162176440795
DS07,mc.lm_SMOTET,lm,SMOTET,48,13.595766270824553
DS07,mc.lm_SMOTET,lm,SMOTET,49,13.619865252794083
DS07,mc.lm_SMOTET,lm,SMOTET,50,14.260266741372334
DS07,mc.lm_UNDERB,lm,UNDERB,1,17.079741912297962
DS07,mc.lm_UNDERB,lm,UNDERB,2,16.998000248798743
DS07,mc.lm_UNDERB,lm,UNDERB,3,16.994436347429122
DS07,mc.lm_UNDERB,lm,UNDERB,4,16.971472142159158
DS07,mc.lm_UNDERB,lm,UNDERB,5,17.466562727535898
DS07,mc.lm_UNDERB,lm,UNDERB,6,17.511112125012282
DS07,mc.lm_UNDERB,lm,UNDERB,7,17.531561001586045
DS07,mc.lm_UNDERB,lm,UNDERB,8,17.586382929043502
DS07,mc.lm_UNDERB,lm,UNDERB,9,17.488311687376545
DS07,mc.lm_UNDERB,lm,UNDERB,10,17.462967795758033
DS07,mc.lm_UNDERB,lm,UNDERB,11,17.40665529434727
DS07,mc.lm_UNDERB,lm,UNDERB,12,17.404548425291146
DS07,mc.lm_UNDERB,lm,UNDERB,13,17.339605053521314
DS07,mc.lm_UNDERB,lm,UNDERB,14,17.143136726302995
DS07,mc.lm_UNDERB,lm,UNDERB,15,17.11062565196374
DS07,mc.lm_UNDERB,lm,UNDERB,16,17.139092160355393
DS07,mc.lm_UNDERB,lm,UNDERB,17,16.96273227591306
DS07,mc.lm_UNDERB,lm,UNDERB,18,16.97270303885826
DS07,mc.lm_UNDERB,lm,UNDERB,19,17.051344900951573
DS07,mc.lm_UNDERB,lm,UNDERB,20,16.334876069224414
DS07,mc.lm_UNDERB,lm,UNDERB,21,15.711040262339054
DS07,mc.lm_UNDERB,lm,UNDERB,22,15.5773147623416
DS07,mc.lm_UNDERB,lm,UNDERB,23,15.374748819236462
DS07,mc.lm_UNDERB,lm,UNDERB,24,15.256479521395434
DS07,mc.lm_UNDERB,lm,UNDERB,25,15.14946555774357
DS07,mc.lm_UNDERB,lm,UNDERB,26,14.704117459478727
DS07,mc.lm_UNDERB,lm,UNDERB,27,15.131831802217622
DS07,mc.lm_UNDERB,lm,UNDERB,28,15.329505213346705
DS07,mc.lm_UNDERB,lm,UNDERB,29,15.43256377966944
DS07,mc.lm_UNDERB,lm,UNDERB,30,15.194560667640454
DS07,mc.lm_UNDERB,lm,UNDERB,31,14.788812829315132
DS07,mc.lm_UNDERB,lm,UNDERB,32,14.771032452319956
DS07,mc.lm_UNDERB,lm,UNDERB,33,14.34883852587228
DS07,mc.lm_UNDERB,lm,UNDERB,34,14.261487337923858
DS07,mc.lm_UNDERB,lm,UNDERB,35,14.194933388158997
DS07,mc.lm_UNDERB,lm,UNDERB,36,14.171653710101426
DS07,mc.lm_UNDERB,lm,UNDERB,37,13.93825166537139
DS07,mc.lm_UNDERB,lm,UNDERB,38,13.812171806286978
DS07,mc.lm_UNDERB,lm,UNDERB,39,13.925253122552993
DS07,mc.lm_UNDERB,lm,UNDERB,40,14.16677208360398
DS07,mc.lm_UNDERB,lm,UNDERB,41,14.356856320658213
DS07,mc.lm_UNDERB,lm,UNDERB,42,13.960431568221058
DS07,mc.lm_UNDERB,lm,UNDERB,43,13.821314820992058
DS07,mc.lm_UNDERB,lm,UNDERB,44,13.62740434748259
DS07,mc.lm_UNDERB,lm,UNDERB,45,13.7073295020336
DS07,mc.lm_UNDERB,lm,UNDERB,46,13.585524393031807
DS07,mc.lm_UNDERB,lm,UNDERB,47,13.648240607017918
DS07,mc.lm_UNDERB,lm,UNDERB,48,13.75501337375436
DS07,mc.lm_UNDERB,lm,UNDERB,49,13.762368612499213
DS07,mc.lm_UNDERB,lm,UNDERB,50,14.33615624666571
DS07,mc.lm_UNDERTPhi,lm,UNDERTPhi,1,16.988414060543814
DS07,mc.lm_UNDERTPhi,lm,UNDERTPhi,2,16.865055906809367
DS07,mc.lm_UNDERTPhi,lm,UNDERTPhi,3,16.808032622320706
DS07,mc.lm_UNDERTPhi,lm,UNDERTPhi,4,16.970440779085244
DS07,mc.lm_UNDERTPhi,lm,UNDERTPhi,5,17.382844785966384
DS07,mc.lm_UNDERTPhi,lm,UNDERTPhi,6,17.393971501081964
DS07,mc.lm_UNDERTPhi,lm,UNDERTPhi,7,17.406529672206887
DS07,mc.lm_UNDERTPhi,lm,UNDERTPhi,8,17.50837170449602
DS07,mc.lm_UNDERTPhi,lm,UNDERTPhi,9,17.430351970178016
DS07,mc.lm_UNDERTPhi,lm,UNDERTPhi,10,17.33044657604562
DS07,mc.lm_UNDERTPhi,lm,UNDERTPhi,11,17.19881756694862
DS07,mc.lm_UNDERTPhi,lm,UNDERTPhi,12,17.201605322400308
DS07,mc.lm_UNDERTPhi,lm,UNDERTPhi,13,17.14463894062787
DS07,mc.lm_UNDERTPhi,lm,UNDERTPhi,14,16.914193732501218
DS07,mc.lm_UNDERTPhi,lm,UNDERTPhi,15,16.90794865186942
DS07,mc.lm_UNDERTPhi,lm,UNDERTPhi,16,16.943052985630327
DS07,mc.lm_UNDERTPhi,lm,UNDERTPhi,17,16.82957731207554
DS07,mc.lm_UNDERTPhi,lm,UNDERTPhi,18,16.783944685693715
DS07,mc.lm_UNDERTPhi,lm,UNDERTPhi,19,16.9558131564798
DS07,mc.lm_UNDERTPhi,lm,UNDERTPhi,20,16.17937127464992
DS07,mc.lm_UNDERTPhi,lm,UNDERTPhi,21,15.477314638140378
DS07,mc.lm_UNDERTPhi,lm,UNDERTPhi,22,15.44744533266931
DS07,mc.lm_UNDERTPhi,lm,UNDERTPhi,23,15.169391692811969
DS07,mc.lm_UNDERTPhi,lm,UNDERTPhi,24,14.938150752169424
DS07,mc.lm_UNDERTPhi,lm,UNDERTPhi,25,14.918455431360762
DS07,mc.lm_UNDERTPhi,lm,UNDERTPhi,26,14.53872150665925
DS07,mc.lm_UNDERTPhi,lm,UNDERTPhi,27,14.993223943830293
DS07,mc.lm_UNDERTPhi,lm,UNDERTPhi,28,15.000537125203154
DS07,mc.lm_UNDERTPhi,lm,UNDERTPhi,29,15.179256347586271
DS07,mc.lm_UNDERTPhi,lm,UNDERTPhi,30,14.923008875901994
DS07,mc.lm_UNDERTPhi,lm,UNDERTPhi,31,14.57036104619574
DS07,mc.lm_UNDERTPhi,lm,UNDERTPhi,32,14.473524925010382
DS07,mc.lm_UNDERTPhi,lm,UNDERTPhi,33,14.135342849253666
DS07,mc.lm_UNDERTPhi,lm,UNDERTPhi,34,14.033164240083021
DS07,mc.lm_UNDERTPhi,lm,UNDERTPhi,35,13.94139012749282
DS07,mc.lm_UNDERTPhi,lm,UNDERTPhi,36,13.917969268009225
DS07,mc.lm_UNDERTPhi,lm,UNDERTPhi,37,13.745080320565034
DS07,mc.lm_UNDERTPhi,lm,UNDERTPhi,38,13.7411056327952
DS07,mc.lm_UNDERTPhi,lm,UNDERTPhi,39,13.656536800119449
DS07,mc.lm_UNDERTPhi,lm,UNDERTPhi,40,13.96597573893338
DS07,mc.lm_UNDERTPhi,lm,UNDERTPhi,41,14.092154255157602
DS07,mc.lm_UNDERTPhi,lm,UNDERTPhi,42,13.899160727565949
DS07,mc.lm_UNDERTPhi,lm,UNDERTPhi,43,13.582504458764245
DS07,mc.lm_UNDERTPhi,lm,UNDERTPhi,44,13.597364865742838
DS07,mc.lm_UNDERTPhi,lm,UNDERTPhi,45,13.456550004967228
DS07,mc.lm_UNDERTPhi,lm,UNDERTPhi,46,13.385438328835493
DS07,mc.lm_UNDERTPhi,lm,UNDERTPhi,47,13.446017942938694
DS07,mc.lm_UNDERTPhi,lm,UNDERTPhi,48,13.536859128768159
DS07,mc.lm_UNDERTPhi,lm,UNDERTPhi,49,13.62688589150473
DS07,mc.lm_UNDERTPhi,lm,UNDERTPhi,50,14.106789049555427
DS07,mc.lm_UNDERT,lm,UNDERT,1,16.92842369612685
DS07,mc.lm_UNDERT,lm,UNDERT,2,16.970093484146997
DS07,mc.lm_UNDERT,lm,UNDERT,3,16.917145975950806
DS07,mc.lm_UNDERT,lm,UNDERT,4,16.92332166189362
DS07,mc.lm_UNDERT,lm,UNDERT,5,17.488249647579718
DS07,mc.lm_UNDERT,lm,UNDERT,6,17.50570291755131
DS07,mc.lm_UNDERT,lm,UNDERT,7,17.46827147078886
DS07,mc.lm_UNDERT,lm,UNDERT,8,17.618280679546235
DS07,mc.lm_UNDERT,lm,UNDERT,9,17.53375235218654
DS07,mc.lm_UNDERT,lm,UNDERT,10,17.418466651803055
DS07,mc.lm_UNDERT,lm,UNDERT,11,17.353401468208304
DS07,mc.lm_UNDERT,lm,UNDERT,12,17.426346885067428
DS07,mc.lm_UNDERT,lm,UNDERT,13,17.30339826638971
DS07,mc.lm_UNDERT,lm,UNDERT,14,17.170260984717594
DS07,mc.lm_UNDERT,lm,UNDERT,15,17.09694115006006
DS07,mc.lm_UNDERT,lm,UNDERT,16,17.152045416333873
DS07,mc.lm_UNDERT,lm,UNDERT,17,17.03937196604049
DS07,mc.lm_UNDERT,lm,UNDERT,18,16.950902232081976
DS07,mc.lm_UNDERT,lm,UNDERT,19,17.08770141273818
DS07,mc.lm_UNDERT,lm,UNDERT,20,16.30229734281319
DS07,mc.lm_UNDERT,lm,UNDERT,21,15.723678359772348
DS07,mc.lm_UNDERT,lm,UNDERT,22,15.619784029399849
DS07,mc.lm_UNDERT,lm,UNDERT,23,15.46751815363691
DS07,mc.lm_UNDERT,lm,UNDERT,24,15.291900678366414
DS07,mc.lm_UNDERT,lm,UNDERT,25,15.113016817663803
DS07,mc.lm_UNDERT,lm,UNDERT,26,14.779011134651057
DS07,mc.lm_UNDERT,lm,UNDERT,27,15.169402129240815
DS07,mc.lm_UNDERT,lm,UNDERT,28,15.234183026986663
DS07,mc.lm_UNDERT,lm,UNDERT,29,15.41425342813319
DS07,mc.lm_UNDERT,lm,UNDERT,30,15.177755398536382
DS07,mc.lm_UNDERT,lm,UNDERT,31,14.909468442818127
DS07,mc.lm_UNDERT,lm,UNDERT,32,14.718141691107864
DS07,mc.lm_UNDERT,lm,UNDERT,33,14.299165774655725
DS07,mc.lm_UNDERT,lm,UNDERT,34,14.239245367129062
DS07,mc.lm_UNDERT,lm,UNDERT,35,14.223008032368387
DS07,mc.lm_UNDERT,lm,UNDERT,36,14.168828033125012
DS07,mc.lm_UNDERT,lm,UNDERT,37,13.987222475515132
DS07,mc.lm_UNDERT,lm,UNDERT,38,13.940505329924694
DS07,mc.lm_UNDERT,lm,UNDERT,39,13.936592661558512
DS07,mc.lm_UNDERT,lm,UNDERT,40,14.163456845206372
DS07,mc.lm_UNDERT,lm,UNDERT,41,14.25686469111356
DS07,mc.lm_UNDERT,lm,UNDERT,42,14.128856139774552
DS07,mc.lm_UNDERT,lm,UNDERT,43,13.766495336083443
DS07,mc.lm_UNDERT,lm,UNDERT,44,13.793281293928707
DS07,mc.lm_UNDERT,lm,UNDERT,45,13.626345465493452
DS07,mc.lm_UNDERT,lm,UNDERT,46,13.586099860076104
DS07,mc.lm_UNDERT,lm,UNDERT,47,13.583674807520989
DS07,mc.lm_UNDERT,lm,UNDERT,48,13.89715781387504
DS07,mc.lm_UNDERT,lm,UNDERT,49,13.865264082332848
DS07,mc.lm_UNDERT,lm,UNDERT,50,14.281806085117374
DS07,mc.lm,lm,baseline,1,18.742773471713576
DS07,mc.lm,lm,baseline,2,18.741399204258176
DS07,mc.lm,lm,baseline,3,18.734972916959954
DS07,mc.lm,lm,baseline,4,18.795150467974054
DS07,mc.lm,lm,baseline,5,19.488015157982936
DS07,mc.lm,lm,baseline,6,19.537654538716907
DS07,mc.lm,lm,baseline,7,19.506780346575216
DS07,mc.lm,lm,baseline,8,19.765986241975387
DS07,mc.lm,lm,baseline,9,19.6383624134821
DS07,mc.lm,lm,baseline,10,19.582726738504977
DS07,mc.lm,lm,baseline,11,19.601230835724255
DS07,mc.lm,lm,baseline,12,19.671602822635116
DS07,mc.lm,lm,baseline,13,19.6505983713184
DS07,mc.lm,lm,baseline,14,19.52724452085735
DS07,mc.lm,lm,baseline,15,19.539717159320748
DS07,mc.lm,lm,baseline,16,19.541137410326225
DS07,mc.lm,lm,baseline,17,19.52201776977487
DS07,mc.lm,lm,baseline,18,19.534968764737183
DS07,mc.lm,lm,baseline,19,19.75574564795137
DS07,mc.lm,lm,baseline,20,18.969186908873517
DS07,mc.lm,lm,baseline,21,18.225799086250426
DS07,mc.lm,lm,baseline,22,18.036171113658277
DS07,mc.lm,lm,baseline,23,18.009492848349943
DS07,mc.lm,lm,baseline,24,17.903192171483752
DS07,mc.lm,lm,baseline,25,17.807270493705506
DS07,mc.lm,lm,baseline,26,17.536263697518233
DS07,mc.lm,lm,baseline,27,17.976777198237944
DS07,mc.lm,lm,baseline,28,18.040511983633962
DS07,mc.lm,lm,baseline,29,18.274234878870864
DS07,mc.lm,lm,baseline,30,18.002154625505852
DS07,mc.lm,lm,baseline,31,17.504429956026204
DS07,mc.lm,lm,baseline,32,17.406100328408733
DS07,mc.lm,lm,baseline,33,16.777433870515356
DS07,mc.lm,lm,baseline,34,16.75119296097388
DS07,mc.lm,lm,baseline,35,16.58437319008775
DS07,mc.lm,lm,baseline,36,16.603373065488835
DS07,mc.lm,lm,baseline,37,16.29738611661233
DS07,mc.lm,lm,baseline,38,16.310841679495578
DS07,mc.lm,lm,baseline,39,16.278880522795873
DS07,mc.lm,lm,baseline,40,16.59525320558588
DS07,mc.lm,lm,baseline,41,16.717657334555447
DS07,mc.lm,lm,baseline,42,16.607485931075015
DS07,mc.lm,lm,baseline,43,16.228702616954624
DS07,mc.lm,lm,baseline,44,16.121976114674716
DS07,mc.lm,lm,baseline,45,15.970495714175865
DS07,mc.lm,lm,baseline,46,16.041376983442454
DS07,mc.lm,lm,baseline,47,16.060383452377696
DS07,mc.lm,lm,baseline,48,16.20683145099458
DS07,mc.lm,lm,baseline,49,16.214032461009776
DS07,mc.lm,lm,baseline,50,16.808899500816068
DS07,mc.mars_OVERB,mars,OVERB,1,17.239702287350937
DS07,mc.mars_OVERB,mars,OVERB,2,17.464534274977133
DS07,mc.mars_OVERB,mars,OVERB,3,17.084199250814013
DS07,mc.mars_OVERB,mars,OVERB,4,17.161635895476284
DS07,mc.mars_OVERB,mars,OVERB,5,17.345723046518394
DS07,mc.mars_OVERB,mars,OVERB,6,17.428577938262105
DS07,mc.mars_OVERB,mars,OVERB,7,17.771278090775482
DS07,mc.mars_OVERB,mars,OVERB,8,17.859376254340845
DS07,mc.mars_OVERB,mars,OVERB,9,17.86255384103061
DS07,mc.mars_OVERB,mars,OVERB,10,17.57621447622676
DS07,mc.mars_OVERB,mars,OVERB,11,17.481678398195243
DS07,mc.mars_OVERB,mars,OVERB,12,17.56372441248645
DS07,mc.mars_OVERB,mars,OVERB,13,17.657213136079992
DS07,mc.mars_OVERB,mars,OVERB,14,17.36124524281406
DS07,mc.mars_OVERB,mars,OVERB,15,17.243601215800293
DS07,mc.mars_OVERB,mars,OVERB,16,16.96624016363682
DS07,mc.mars_OVERB,mars,OVERB,17,16.935855821699086
DS07,mc.mars_OVERB,mars,OVERB,18,17.022837731072595
DS07,mc.mars_OVERB,mars,OVERB,19,16.75877189885005
DS07,mc.mars_OVERB,mars,OVERB,20,16.663565734333545
DS07,mc.mars_OVERB,mars,OVERB,21,15.814086731792813
DS07,mc.mars_OVERB,mars,OVERB,22,15.954968423238808
DS07,mc.mars_OVERB,mars,OVERB,23,15.527753845544604
DS07,mc.mars_OVERB,mars,OVERB,24,15.213262112950794
DS07,mc.mars_OVERB,mars,OVERB,25,15.086218081301475
DS07,mc.mars_OVERB,mars,OVERB,26,14.75491520445041
DS07,mc.mars_OVERB,mars,OVERB,27,15.044602106501966
DS07,mc.mars_OVERB,mars,OVERB,28,15.039832044373211
DS07,mc.mars_OVERB,mars,OVERB,29,15.792711274023615
DS07,mc.mars_OVERB,mars,OVERB,30,15.13135828891738
DS07,mc.mars_OVERB,mars,OVERB,31,15.00236938538657
DS07,mc.mars_OVERB,mars,OVERB,32,14.656974674284362
DS07,mc.mars_OVERB,mars,OVERB,33,14.700789911817072
DS07,mc.mars_OVERB,mars,OVERB,34,14.677157700703797
DS07,mc.mars_OVERB,mars,OVERB,35,14.280946076355447
DS07,mc.mars_OVERB,mars,OVERB,36,14.382406415742608
DS07,mc.mars_OVERB,mars,OVERB,37,14.044225281824726
DS07,mc.mars_OVERB,mars,OVERB,38,13.961179598591741
DS07,mc.mars_OVERB,mars,OVERB,39,14.261890697585
DS07,mc.mars_OVERB,mars,OVERB,40,14.289028628515522
DS07,mc.mars_OVERB,mars,OVERB,41,14.386270575785042
DS07,mc.mars_OVERB,mars,OVERB,42,14.244676685788903
DS07,mc.mars_OVERB,mars,OVERB,43,14.13028705931996
DS07,mc.mars_OVERB,mars,OVERB,44,13.878544629115128
DS07,mc.mars_OVERB,mars,OVERB,45,13.933745258740826
DS07,mc.mars_OVERB,mars,OVERB,46,13.877338089983565
DS07,mc.mars_OVERB,mars,OVERB,47,13.66613527049977
DS07,mc.mars_OVERB,mars,OVERB,48,14.096704650390524
DS07,mc.mars_OVERB,mars,OVERB,49,13.952988643203748
DS07,mc.mars_OVERB,mars,OVERB,50,14.43889456899209
DS07,mc.mars_OVERTPhi,mars,OVERTPhi,1,17.398424432694895
DS07,mc.mars_OVERTPhi,mars,OVERTPhi,2,17.415396421816233
DS07,mc.mars_OVERTPhi,mars,OVERTPhi,3,16.971521359511282
DS07,mc.mars_OVERTPhi,mars,OVERTPhi,4,17.06780058558129
DS07,mc.mars_OVERTPhi,mars,OVERTPhi,5,17.566748170764132
DS07,mc.mars_OVERTPhi,mars,OVERTPhi,6,17.39467844708515
DS07,mc.mars_OVERTPhi,mars,OVERTPhi,7,17.352021321496554
DS07,mc.mars_OVERTPhi,mars,OVERTPhi,8,17.378035014263975
DS07,mc.mars_OVERTPhi,mars,OVERTPhi,9,17.748648850126585
DS07,mc.mars_OVERTPhi,mars,OVERTPhi,10,17.372806287108467
DS07,mc.mars_OVERTPhi,mars,OVERTPhi,11,17.75372108346139
DS07,mc.mars_OVERTPhi,mars,OVERTPhi,12,17.511049530041532
DS07,mc.mars_OVERTPhi,mars,OVERTPhi,13,17.574520134137384
DS07,mc.mars_OVERTPhi,mars,OVERTPhi,14,17.266227800644973
DS07,mc.mars_OVERTPhi,mars,OVERTPhi,15,17.472006069013
DS07,mc.mars_OVERTPhi,mars,OVERTPhi,16,17.25344756234643
DS07,mc.mars_OVERTPhi,mars,OVERTPhi,17,17.100601900283994
DS07,mc.mars_OVERTPhi,mars,OVERTPhi,18,17.283929966066616
DS07,mc.mars_OVERTPhi,mars,OVERTPhi,19,17.277690860276756
DS07,mc.mars_OVERTPhi,mars,OVERTPhi,20,16.657111567703755
DS07,mc.mars_OVERTPhi,mars,OVERTPhi,21,15.610605018250403
DS07,mc.mars_OVERTPhi,mars,OVERTPhi,22,15.9437010413528
DS07,mc.mars_OVERTPhi,mars,OVERTPhi,23,15.445399692436778
DS07,mc.mars_OVERTPhi,mars,OVERTPhi,24,15.49267264980213
DS07,mc.mars_OVERTPhi,mars,OVERTPhi,25,15.282231008982444
DS07,mc.mars_OVERTPhi,mars,OVERTPhi,26,14.963416281839491
DS07,mc.mars_OVERTPhi,mars,OVERTPhi,27,15.339900299358423
DS07,mc.mars_OVERTPhi,mars,OVERTPhi,28,15.502551581660525
DS07,mc.mars_OVERTPhi,mars,OVERTPhi,29,15.841811797315241
DS07,mc.mars_OVERTPhi,mars,OVERTPhi,30,15.479989044910223
DS07,mc.mars_OVERTPhi,mars,OVERTPhi,31,15.45185250803893
DS07,mc.mars_OVERTPhi,mars,OVERTPhi,32,15.172102239871792
DS07,mc.mars_OVERTPhi,mars,OVERTPhi,33,15.004329492200625
DS07,mc.mars_OVERTPhi,mars,OVERTPhi,34,14.747887274973845
DS07,mc.mars_OVERTPhi,mars,OVERTPhi,35,14.713438652674368
DS07,mc.mars_OVERTPhi,mars,OVERTPhi,36,14.433429652652285
DS07,mc.mars_OVERTPhi,mars,OVERTPhi,37,14.406145833370756
DS07,mc.mars_OVERTPhi,mars,OVERTPhi,38,14.259317944931333
DS07,mc.mars_OVERTPhi,mars,OVERTPhi,39,14.229880329885615
DS07,mc.mars_OVERTPhi,mars,OVERTPhi,40,14.716859691822528
DS07,mc.mars_OVERTPhi,mars,OVERTPhi,41,14.516080909997772
DS07,mc.mars_OVERTPhi,mars,OVERTPhi,42,14.528721478064666
DS07,mc.mars_OVERTPhi,mars,OVERTPhi,43,14.186885830953326
DS07,mc.mars_OVERTPhi,mars,OVERTPhi,44,14.136434240031413
DS07,mc.mars_OVERTPhi,mars,OVERTPhi,45,13.9133928314671
DS07,mc.mars_OVERTPhi,mars,OVERTPhi,46,14.004075814718876
DS07,mc.mars_OVERTPhi,mars,OVERTPhi,47,14.036362907342541
DS07,mc.mars_OVERTPhi,mars,OVERTPhi,48,14.23304079062494
DS07,mc.mars_OVERTPhi,mars,OVERTPhi,49,14.201927418318071
DS07,mc.mars_OVERTPhi,mars,OVERTPhi,50,14.662009254841816
DS07,mc.mars_OVERT,mars,OVERT,1,16.97146536666519
DS07,mc.mars_OVERT,mars,OVERT,2,17.738287337198447
DS07,mc.mars_OVERT,mars,OVERT,3,17.579689315919744
DS07,mc.mars_OVERT,mars,OVERT,4,17.322412407702473
DS07,mc.mars_OVERT,mars,OVERT,5,17.757747264947717
DS07,mc.mars_OVERT,mars,OVERT,6,17.41249129653733
DS07,mc.mars_OVERT,mars,OVERT,7,17.379998890986315
DS07,mc.mars_OVERT,mars,OVERT,8,17.738471825783876
DS07,mc.mars_OVERT,mars,OVERT,9,17.767675142702057
DS07,mc.mars_OVERT,mars,OVERT,10,17.62697784800765
DS07,mc.mars_OVERT,mars,OVERT,11,17.861895451617272
DS07,mc.mars_OVERT,mars,OVERT,12,17.521512176572774
DS07,mc.mars_OVERT,mars,OVERT,13,17.3531758326887
DS07,mc.mars_OVERT,mars,OVERT,14,17.39095729170511
DS07,mc.mars_OVERT,mars,OVERT,15,17.52891823191081
DS07,mc.mars_OVERT,mars,OVERT,16,17.342456614987682
DS07,mc.mars_OVERT,mars,OVERT,17,17.038486700180833
DS07,mc.mars_OVERT,mars,OVERT,18,17.113149112345685
DS07,mc.mars_OVERT,mars,OVERT,19,17.259236975181192
DS07,mc.mars_OVERT,mars,OVERT,20,16.796328725351458
DS07,mc.mars_OVERT,mars,OVERT,21,15.672800137531828
DS07,mc.mars_OVERT,mars,OVERT,22,15.92173430275819
DS07,mc.mars_OVERT,mars,OVERT,23,15.71787121195553
DS07,mc.mars_OVERT,mars,OVERT,24,15.38323569281491
DS07,mc.mars_OVERT,mars,OVERT,25,15.398405548712443
DS07,mc.mars_OVERT,mars,OVERT,26,14.997569649670721
DS07,mc.mars_OVERT,mars,OVERT,27,15.519319476291724
DS07,mc.mars_OVERT,mars,OVERT,28,15.528413413393725
DS07,mc.mars_OVERT,mars,OVERT,29,15.840871885690046
DS07,mc.mars_OVERT,mars,OVERT,30,15.505505924736728
DS07,mc.mars_OVERT,mars,OVERT,31,15.343342776459004
DS07,mc.mars_OVERT,mars,OVERT,32,15.212216977860288
DS07,mc.mars_OVERT,mars,OVERT,33,14.684332853543179
DS07,mc.mars_OVERT,mars,OVERT,34,14.772932782619616
DS07,mc.mars_OVERT,mars,OVERT,35,14.524561802639322
DS07,mc.mars_OVERT,mars,OVERT,36,14.356316596385119
DS07,mc.mars_OVERT,mars,OVERT,37,14.273493613688721
DS07,mc.mars_OVERT,mars,OVERT,38,14.3681684910489
DS07,mc.mars_OVERT,mars,OVERT,39,14.088222456237508
DS07,mc.mars_OVERT,mars,OVERT,40,14.60146274632578
DS07,mc.mars_OVERT,mars,OVERT,41,14.665409542372116
DS07,mc.mars_OVERT,mars,OVERT,42,14.578199685820099
DS07,mc.mars_OVERT,mars,OVERT,43,14.230082922979856
DS07,mc.mars_OVERT,mars,OVERT,44,14.153686827706565
DS07,mc.mars_OVERT,mars,OVERT,45,13.909215710773774
DS07,mc.mars_OVERT,mars,OVERT,46,13.866825818476139
DS07,mc.mars_OVERT,mars,OVERT,47,14.00699333515345
DS07,mc.mars_OVERT,mars,OVERT,48,14.27885419984433
DS07,mc.mars_OVERT,mars,OVERT,49,14.195168383470124
DS07,mc.mars_OVERT,mars,OVERT,50,14.945802062506926
DS07,mc.mars_SMOTEB,mars,SMOTEB,1,17.09001339892532
DS07,mc.mars_SMOTEB,mars,SMOTEB,2,17.39002142042759
DS07,mc.mars_SMOTEB,mars,SMOTEB,3,17.298181696484402
DS07,mc.mars_SMOTEB,mars,SMOTEB,4,17.361707290413694
DS07,mc.mars_SMOTEB,mars,SMOTEB,5,17.7313855408749
DS07,mc.mars_SMOTEB,mars,SMOTEB,6,17.68838989303082
DS07,mc.mars_SMOTEB,mars,SMOTEB,7,18.01548390317452
DS07,mc.mars_SMOTEB,mars,SMOTEB,8,17.761971181647425
DS07,mc.mars_SMOTEB,mars,SMOTEB,9,17.772942712422424
DS07,mc.mars_SMOTEB,mars,SMOTEB,10,17.51565845513787
DS07,mc.mars_SMOTEB,mars,SMOTEB,11,17.668495288869625
DS07,mc.mars_SMOTEB,mars,SMOTEB,12,17.925712448599693
DS07,mc.mars_SMOTEB,mars,SMOTEB,13,17.972502070152537
DS07,mc.mars_SMOTEB,mars,SMOTEB,14,17.457536984841283
DS07,mc.mars_SMOTEB,mars,SMOTEB,15,17.16533633697375
DS07,mc.mars_SMOTEB,mars,SMOTEB,16,17.295847031932283
DS07,mc.mars_SMOTEB,mars,SMOTEB,17,17.38182216225839
DS07,mc.mars_SMOTEB,mars,SMOTEB,18,17.32196159244484
DS07,mc.mars_SMOTEB,mars,SMOTEB,19,17.249996135878355
DS07,mc.mars_SMOTEB,mars,SMOTEB,20,15.749491004726627
DS07,mc.mars_SMOTEB,mars,SMOTEB,21,15.390378932423932
DS07,mc.mars_SMOTEB,mars,SMOTEB,22,15.073100607621226
DS07,mc.mars_SMOTEB,mars,SMOTEB,23,14.875964836798424
DS07,mc.mars_SMOTEB,mars,SMOTEB,24,14.856866387185326
DS07,mc.mars_SMOTEB,mars,SMOTEB,25,14.601051438443344
DS07,mc.mars_SMOTEB,mars,SMOTEB,26,14.360958098326543
DS07,mc.mars_SMOTEB,mars,SMOTEB,27,14.732727372114862
DS07,mc.mars_SMOTEB,mars,SMOTEB,28,14.75406451656448
DS07,mc.mars_SMOTEB,mars,SMOTEB,29,14.984126208627577
DS07,mc.mars_SMOTEB,mars,SMOTEB,30,14.652366495626637
DS07,mc.mars_SMOTEB,mars,SMOTEB,31,14.38994743223055
DS07,mc.mars_SMOTEB,mars,SMOTEB,32,14.137698416326495
DS07,mc.mars_SMOTEB,mars,SMOTEB,33,14.088674219299978
DS07,mc.mars_SMOTEB,mars,SMOTEB,34,14.064880008534736
DS07,mc.mars_SMOTEB,mars,SMOTEB,35,13.712908188764327
DS07,mc.mars_SMOTEB,mars,SMOTEB,36,13.860515131778595
DS07,mc.mars_SMOTEB,mars,SMOTEB,37,13.63947804654644
DS07,mc.mars_SMOTEB,mars,SMOTEB,38,13.728092224207
DS07,mc.mars_SMOTEB,mars,SMOTEB,39,13.669887785311134
DS07,mc.mars_SMOTEB,mars,SMOTEB,40,13.745649243029195
DS07,mc.mars_SMOTEB,mars,SMOTEB,41,13.99278562129787
DS07,mc.mars_SMOTEB,mars,SMOTEB,42,14.11326128558071
DS07,mc.mars_SMOTEB,mars,SMOTEB,43,13.544704150700518
DS07,mc.mars_SMOTEB,mars,SMOTEB,44,13.476238082489155
DS07,mc.mars_SMOTEB,mars,SMOTEB,45,13.356889398277813
DS07,mc.mars_SMOTEB,mars,SMOTEB,46,13.298808640205232
DS07,mc.mars_SMOTEB,mars,SMOTEB,47,13.376180163173142
DS07,mc.mars_SMOTEB,mars,SMOTEB,48,13.614926892227638
DS07,mc.mars_SMOTEB,mars,SMOTEB,49,13.677465327481988
DS07,mc.mars_SMOTEB,mars,SMOTEB,50,14.115116961049436
DS07,mc.mars_SMOTETPhi,mars,SMOTETPhi,1,18.327714364554318
DS07,mc.mars_SMOTETPhi,mars,SMOTETPhi,2,18.11070892628027
DS07,mc.mars_SMOTETPhi,mars,SMOTETPhi,3,17.697664097099143
DS07,mc.mars_SMOTETPhi,mars,SMOTETPhi,4,18.40226162773041
DS07,mc.mars_SMOTETPhi,mars,SMOTETPhi,5,18.101070822506927
DS07,mc.mars_SMOTETPhi,mars,SMOTETPhi,6,18.247450908400676
DS07,mc.mars_SMOTETPhi,mars,SMOTETPhi,7,18.609802690664786
DS07,mc.mars_SMOTETPhi,mars,SMOTETPhi,8,18.130947668500827
DS07,mc.mars_SMOTETPhi,mars,SMOTETPhi,9,18.162399773610726
DS07,mc.mars_SMOTETPhi,mars,SMOTETPhi,10,19.052281370393242
DS07,mc.mars_SMOTETPhi,mars,SMOTETPhi,11,17.58736766519518
DS07,mc.mars_SMOTETPhi,mars,SMOTETPhi,12,18.537924458645
DS07,mc.mars_SMOTETPhi,mars,SMOTETPhi,13,17.299289691310236
DS07,mc.mars_SMOTETPhi,mars,SMOTETPhi,14,17.222835634776942
DS07,mc.mars_SMOTETPhi,mars,SMOTETPhi,15,17.261509685642658
DS07,mc.mars_SMOTETPhi,mars,SMOTETPhi,16,17.308196309708187
DS07,mc.mars_SMOTETPhi,mars,SMOTETPhi,17,17.658774198265593
DS07,mc.mars_SMOTETPhi,mars,SMOTETPhi,18,17.270081417502528
DS07,mc.mars_SMOTETPhi,mars,SMOTETPhi,19,17.3277323194272
DS07,mc.mars_SMOTETPhi,mars,SMOTETPhi,20,16.782928501693316
DS07,mc.mars_SMOTETPhi,mars,SMOTETPhi,21,15.878945798341086
DS07,mc.mars_SMOTETPhi,mars,SMOTETPhi,22,15.550541889356259
DS07,mc.mars_SMOTETPhi,mars,SMOTETPhi,23,15.47002517742438
DS07,mc.mars_SMOTETPhi,mars,SMOTETPhi,24,15.42458307694951
DS07,mc.mars_SMOTETPhi,mars,SMOTETPhi,25,15.389054134948557
DS07,mc.mars_SMOTETPhi,mars,SMOTETPhi,26,15.3587039684299
DS07,mc.mars_SMOTETPhi,mars,SMOTETPhi,27,15.651112733417621
DS07,mc.mars_SMOTETPhi,mars,SMOTETPhi,28,15.931477366011014
DS07,mc.mars_SMOTETPhi,mars,SMOTETPhi,29,16.455429153868824
DS07,mc.mars_SMOTETPhi,mars,SMOTETPhi,30,15.23367015001282
DS07,mc.mars_SMOTETPhi,mars,SMOTETPhi,31,15.17115608177638
DS07,mc.mars_SMOTETPhi,mars,SMOTETPhi,32,14.9604602841009
DS07,mc.mars_SMOTETPhi,mars,SMOTETPhi,33,15.145972589458182
DS07,mc.mars_SMOTETPhi,mars,SMOTETPhi,34,14.633369333644566
DS07,mc.mars_SMOTETPhi,mars,SMOTETPhi,35,14.7944055319888
DS07,mc.mars_SMOTETPhi,mars,SMOTETPhi,36,14.911308705333893
DS07,mc.mars_SMOTETPhi,mars,SMOTETPhi,37,14.647023232582045
DS07,mc.mars_SMOTETPhi,mars,SMOTETPhi,38,14.715025848599918
DS07,mc.mars_SMOTETPhi,mars,SMOTETPhi,39,14.937894718044145
DS07,mc.mars_SMOTETPhi,mars,SMOTETPhi,40,15.43664219610159
DS07,mc.mars_SMOTETPhi,mars,SMOTETPhi,41,15.286537254427682
DS07,mc.mars_SMOTETPhi,mars,SMOTETPhi,42,14.699442594192288
DS07,mc.mars_SMOTETPhi,mars,SMOTETPhi,43,14.237490796545282
DS07,mc.mars_SMOTETPhi,mars,SMOTETPhi,44,14.365180724541101
DS07,mc.mars_SMOTETPhi,mars,SMOTETPhi,45,14.217003973746893
DS07,mc.mars_SMOTETPhi,mars,SMOTETPhi,46,14.750120672936589
DS07,mc.mars_SMOTETPhi,mars,SMOTETPhi,47,13.965996079197584
DS07,mc.mars_SMOTETPhi,mars,SMOTETPhi,48,14.372985172770298
DS07,mc.mars_SMOTETPhi,mars,SMOTETPhi,49,14.072068006444976
DS07,mc.mars_SMOTETPhi,mars,SMOTETPhi,50,14.848062418725533
DS07,mc.mars_SMOTET,mars,SMOTET,1,18.31082098421133
DS07,mc.mars_SMOTET,mars,SMOTET,2,17.700510361844195
DS07,mc.mars_SMOTET,mars,SMOTET,3,17.496373800638462
DS07,mc.mars_SMOTET,mars,SMOTET,4,18.494388024352013
DS07,mc.mars_SMOTET,mars,SMOTET,5,18.250049183850972
DS07,mc.mars_SMOTET,mars,SMOTET,6,18.242180224204162
DS07,mc.mars_SMOTET,mars,SMOTET,7,18.058040821342026
DS07,mc.mars_SMOTET,mars,SMOTET,8,17.917480092292735
DS07,mc.mars_SMOTET,mars,SMOTET,9,17.808614471987752
DS07,mc.mars_SMOTET,mars,SMOTET,10,18.01267237836572
DS07,mc.mars_SMOTET,mars,SMOTET,11,17.460417993173255
DS07,mc.mars_SMOTET,mars,SMOTET,12,18.11910679870693
DS07,mc.mars_SMOTET,mars,SMOTET,13,17.084479500965653
DS07,mc.mars_SMOTET,mars,SMOTET,14,17.77152736152955
DS07,mc.mars_SMOTET,mars,SMOTET,15,17.43312510174463
DS07,mc.mars_SMOTET,mars,SMOTET,16,17.46846385126712
DS07,mc.mars_SMOTET,mars,SMOTET,17,17.232711192999833
DS07,mc.mars_SMOTET,mars,SMOTET,18,17.036073580717492
DS07,mc.mars_SMOTET,mars,SMOTET,19,16.808125015450262
DS07,mc.mars_SMOTET,mars,SMOTET,20,16.67384032139211
DS07,mc.mars_SMOTET,mars,SMOTET,21,16.296602336933454
DS07,mc.mars_SMOTET,mars,SMOTET,22,15.474549251639429
DS07,mc.mars_SMOTET,mars,SMOTET,23,15.501743138757133
DS07,mc.mars_SMOTET,mars,SMOTET,24,15.276573049227398
DS07,mc.mars_SMOTET,mars,SMOTET,25,15.259045746532195
DS07,mc.mars_SMOTET,mars,SMOTET,26,15.179624951130247
DS07,mc.mars_SMOTET,mars,SMOTET,27,15.733156486508483
DS07,mc.mars_SMOTET,mars,SMOTET,28,15.382512906688463
DS07,mc.mars_SMOTET,mars,SMOTET,29,16.027022476587234
DS07,mc.mars_SMOTET,mars,SMOTET,30,15.538996305520167
DS07,mc.mars_SMOTET,mars,SMOTET,31,15.276092253567894
DS07,mc.mars_SMOTET,mars,SMOTET,32,14.874669406273805
DS07,mc.mars_SMOTET,mars,SMOTET,33,14.865895558757343
DS07,mc.mars_SMOTET,mars,SMOTET,34,14.817262890872014
DS07,mc.mars_SMOTET,mars,SMOTET,35,14.644175012265695
DS07,mc.mars_SMOTET,mars,SMOTET,36,14.962777765845177
DS07,mc.mars_SMOTET,mars,SMOTET,37,14.567976027300572
DS07,mc.mars_SMOTET,mars,SMOTET,38,14.654525965806846
DS07,mc.mars_SMOTET,mars,SMOTET,39,14.874879429910381
DS07,mc.mars_SMOTET,mars,SMOTET,40,15.507887802917878
DS07,mc.mars_SMOTET,mars,SMOTET,41,15.043946461596795
DS07,mc.mars_SMOTET,mars,SMOTET,42,14.849148033135556
DS07,mc.mars_SMOTET,mars,SMOTET,43,14.29787441614397
DS07,mc.mars_SMOTET,mars,SMOTET,44,14.571072792816254
DS07,mc.mars_SMOTET,mars,SMOTET,45,14.094558560561385
DS07,mc.mars_SMOTET,mars,SMOTET,46,14.654984426970662
DS07,mc.mars_SMOTET,mars,SMOTET,47,14.020244590291878
DS07,mc.mars_SMOTET,mars,SMOTET,48,14.276509318879096
DS07,mc.mars_SMOTET,mars,SMOTET,49,14.218485547688722
DS07,mc.mars_SMOTET,mars,SMOTET,50,14.760569769065519
DS07,mc.mars_UNDERB,mars,UNDERB,1,18.00772949057637
DS07,mc.mars_UNDERB,mars,UNDERB,2,17.143845127110108
DS07,mc.mars_UNDERB,mars,UNDERB,3,17.657031328050532
DS07,mc.mars_UNDERB,mars,UNDERB,4,17.34613192104991
DS07,mc.mars_UNDERB,mars,UNDERB,5,17.98225065745949
DS07,mc.mars_UNDERB,mars,UNDERB,6,17.523508694767187
DS07,mc.mars_UNDERB,mars,UNDERB,7,17.67392385171421
DS07,mc.mars_UNDERB,mars,UNDERB,8,17.93973358268332
DS07,mc.mars_UNDERB,mars,UNDERB,9,17.894565503663195
DS07,mc.mars_UNDERB,mars,UNDERB,10,17.881489308867586
DS07,mc.mars_UNDERB,mars,UNDERB,11,17.350322462426497
DS07,mc.mars_UNDERB,mars,UNDERB,12,17.73356967714831
DS07,mc.mars_UNDERB,mars,UNDERB,13,18.05285351566378
DS07,mc.mars_UNDERB,mars,UNDERB,14,17.403043544642937
DS07,mc.mars_UNDERB,mars,UNDERB,15,17.1143183128759
DS07,mc.mars_UNDERB,mars,UNDERB,16,17.767267596009027
DS07,mc.mars_UNDERB,mars,UNDERB,17,17.182674366663466
DS07,mc.mars_UNDERB,mars,UNDERB,18,17.20669361725759
DS07,mc.mars_UNDERB,mars,UNDERB,19,17.05031701206884
DS07,mc.mars_UNDERB,mars,UNDERB,20,16.260179264600662
DS07,mc.mars_UNDERB,mars,UNDERB,21,15.823397889760512
DS07,mc.mars_UNDERB,mars,UNDERB,22,15.633717031937678
DS07,mc.mars_UNDERB,mars,UNDERB,23,15.380975493790737
DS07,mc.mars_UNDERB,mars,UNDERB,24,15.343678463566292
DS07,mc.mars_UNDERB,mars,UNDERB,25,15.295840137705422
DS07,mc.mars_UNDERB,mars,UNDERB,26,14.86751529627772
DS07,mc.mars_UNDERB,mars,UNDERB,27,15.138623647845835
DS07,mc.mars_UNDERB,mars,UNDERB,28,15.444431312694826
DS07,mc.mars_UNDERB,mars,UNDERB,29,15.589130898357054
DS07,mc.mars_UNDERB,mars,UNDERB,30,15.272832163170415
DS07,mc.mars_UNDERB,mars,UNDERB,31,14.929157748477706
DS07,mc.mars_UNDERB,mars,UNDERB,32,14.834733183297999
DS07,mc.mars_UNDERB,mars,UNDERB,33,14.470888222752208
DS07,mc.mars_UNDERB,mars,UNDERB,34,14.353772507670286
DS07,mc.mars_UNDERB,mars,UNDERB,35,14.510233764194606
DS07,mc.mars_UNDERB,mars,UNDERB,36,14.766036765975254
DS07,mc.mars_UNDERB,mars,UNDERB,37,13.95917828798288
DS07,mc.mars_UNDERB,mars,UNDERB,38,14.068402385825626
DS07,mc.mars_UNDERB,mars,UNDERB,39,14.112598042667537
DS07,mc.mars_UNDERB,mars,UNDERB,40,14.325690406765405
DS07,mc.mars_UNDERB,mars,UNDERB,41,14.547336362176903
DS07,mc.mars_UNDERB,mars,UNDERB,42,14.260779986908812
DS07,mc.mars_UNDERB,mars,UNDERB,43,13.959772579735153
DS07,mc.mars_UNDERB,mars,UNDERB,44,13.802010386293139
DS07,mc.mars_UNDERB,mars,UNDERB,45,13.78647444567179
DS07,mc.mars_UNDERB,mars,UNDERB,46,13.764615856042575
DS07,mc.mars_UNDERB,mars,UNDERB,47,13.827149169223828
DS07,mc.mars_UNDERB,mars,UNDERB,48,14.060989000784067
DS07,mc.mars_UNDERB,mars,UNDERB,49,13.898087297741542
DS07,mc.mars_UNDERB,mars,UNDERB,50,14.66817234472476
DS07,mc.mars_UNDERTPhi,mars,UNDERTPhi,1,17.296674265161176
DS07,mc.mars_UNDERTPhi,mars,UNDERTPhi,2,17.326605258847188
DS07,mc.mars_UNDERTPhi,mars,UNDERTPhi,3,16.950229035429413
DS07,mc.mars_UNDERTPhi,mars,UNDERTPhi,4,17.556381583673147
DS07,mc.mars_UNDERTPhi,mars,UNDERTPhi,5,17.64634237974352
DS07,mc.mars_UNDERTPhi,mars,UNDERTPhi,6,17.544487136741708
DS07,mc.mars_UNDERTPhi,mars,UNDERTPhi,7,17.80352815871262
DS07,mc.mars_UNDERTPhi,mars,UNDERTPhi,8,17.270211469623074
DS07,mc.mars_UNDERTPhi,mars,UNDERTPhi,9,17.48727781334599
DS07,mc.mars_UNDERTPhi,mars,UNDERTPhi,10,17.656979243866914
DS07,mc.mars_UNDERTPhi,mars,UNDERTPhi,11,17.423900760075988
DS07,mc.mars_UNDERTPhi,mars,UNDERTPhi,12,17.395044407758263
DS07,mc.mars_UNDERTPhi,mars,UNDERTPhi,13,17.211231739170227
DS07,mc.mars_UNDERTPhi,mars,UNDERTPhi,14,17.02676390418698
DS07,mc.mars_UNDERTPhi,mars,UNDERTPhi,15,17.116055055125887
DS07,mc.mars_UNDERTPhi,mars,UNDERTPhi,16,17.364480484116005
DS07,mc.mars_UNDERTPhi,mars,UNDERTPhi,17,17.421644418534683
DS07,mc.mars_UNDERTPhi,mars,UNDERTPhi,18,17.161827582924417
DS07,mc.mars_UNDERTPhi,mars,UNDERTPhi,19,17.02892116826711
DS07,mc.mars_UNDERTPhi,mars,UNDERTPhi,20,16.258403975863423
DS07,mc.mars_UNDERTPhi,mars,UNDERTPhi,21,15.734918435204765
DS07,mc.mars_UNDERTPhi,mars,UNDERTPhi,22,15.364362237512758
DS07,mc.mars_UNDERTPhi,mars,UNDERTPhi,23,15.44190881996667
DS07,mc.mars_UNDERTPhi,mars,UNDERTPhi,24,14.91125108005902
DS07,mc.mars_UNDERTPhi,mars,UNDERTPhi,25,15.045723322371586
DS07,mc.mars_UNDERTPhi,mars,UNDERTPhi,26,14.920577897884039
DS07,mc.mars_UNDERTPhi,mars,UNDERTPhi,27,15.362152571145268
DS07,mc.mars_UNDERTPhi,mars,UNDERTPhi,28,15.628200125008583
DS07,mc.mars_UNDERTPhi,mars,UNDERTPhi,29,15.339444317881572
DS07,mc.mars_UNDERTPhi,mars,UNDERTPhi,30,14.925026548456488
DS07,mc.mars_UNDERTPhi,mars,UNDERTPhi,31,14.817292161119896
DS07,mc.mars_UNDERTPhi,mars,UNDERTPhi,32,14.867689270504602
DS07,mc.mars_UNDERTPhi,mars,UNDERTPhi,33,14.263027824795383
DS07,mc.mars_UNDERTPhi,mars,UNDERTPhi,34,14.179462358266605
DS07,mc.mars_UNDERTPhi,mars,UNDERTPhi,35,14.34169366773681
DS07,mc.mars_UNDERTPhi,mars,UNDERTPhi,36,14.15545698861045
DS07,mc.mars_UNDERTPhi,mars,UNDERTPhi,37,13.845084567998562
DS07,mc.mars_UNDERTPhi,mars,UNDERTPhi,38,13.811714646530406
DS07,mc.mars_UNDERTPhi,mars,UNDERTPhi,39,13.898504051750585
DS07,mc.mars_UNDERTPhi,mars,UNDERTPhi,40,14.128031963508125
DS07,mc.mars_UNDERTPhi,mars,UNDERTPhi,41,14.401345510712527
DS07,mc.mars_UNDERTPhi,mars,UNDERTPhi,42,14.112096001001868
DS07,mc.mars_UNDERTPhi,mars,UNDERTPhi,43,13.980088709156096
DS07,mc.mars_UNDERTPhi,mars,UNDERTPhi,44,13.877380672880712
DS07,mc.mars_UNDERTPhi,mars,UNDERTPhi,45,13.606921183771274
DS07,mc.mars_UNDERTPhi,mars,UNDERTPhi,46,13.48226574918246
DS07,mc.mars_UNDERTPhi,mars,UNDERTPhi,47,13.744138860403144
DS07,mc.mars_UNDERTPhi,mars,UNDERTPhi,48,13.987046286318613
DS07,mc.mars_UNDERTPhi,mars,UNDERTPhi,49,13.780076429494766
DS07,mc.mars_UNDERTPhi,mars,UNDERTPhi,50,14.228127725676522
DS07,mc.mars_UNDERT,mars,UNDERT,1,17.3208954396606
DS07,mc.mars_UNDERT,mars,UNDERT,2,17.368167005926562
DS07,mc.mars_UNDERT,mars,UNDERT,3,17.156667622394213
DS07,mc.mars_UNDERT,mars,UNDERT,4,17.059919920826385
DS07,mc.mars_UNDERT,mars,UNDERT,5,17.5215403063059
DS07,mc.mars_UNDERT,mars,UNDERT,6,17.534678749156942
DS07,mc.mars_UNDERT,mars,UNDERT,7,17.6971036594968
DS07,mc.mars_UNDERT,mars,UNDERT,8,17.921184463405538
DS07,mc.mars_UNDERT,mars,UNDERT,9,17.97134171516553
DS07,mc.mars_UNDERT,mars,UNDERT,10,17.887485262235064
DS07,mc.mars_UNDERT,mars,UNDERT,11,17.509620715945953
DS07,mc.mars_UNDERT,mars,UNDERT,12,17.52843458197071
DS07,mc.mars_UNDERT,mars,UNDERT,13,17.54032564252308
DS07,mc.mars_UNDERT,mars,UNDERT,14,17.234382591318855
DS07,mc.mars_UNDERT,mars,UNDERT,15,17.531671859243332
DS07,mc.mars_UNDERT,mars,UNDERT,16,17.60856218421205
DS07,mc.mars_UNDERT,mars,UNDERT,17,17.247501116356457
DS07,mc.mars_UNDERT,mars,UNDERT,18,17.21328678645638
DS07,mc.mars_UNDERT,mars,UNDERT,19,17.371496948505072
DS07,mc.mars_UNDERT,mars,UNDERT,20,16.688426077020516
DS07,mc.mars_UNDERT,mars,UNDERT,21,16.06473484624266
DS07,mc.mars_UNDERT,mars,UNDERT,22,15.875463342382766
DS07,mc.mars_UNDERT,mars,UNDERT,23,16.063839325437854
DS07,mc.mars_UNDERT,mars,UNDERT,24,15.538661458873216
DS07,mc.mars_UNDERT,mars,UNDERT,25,15.178329660935804
DS07,mc.mars_UNDERT,mars,UNDERT,26,14.88404199574311
DS07,mc.mars_UNDERT,mars,UNDERT,27,15.284313386159647
DS07,mc.mars_UNDERT,mars,UNDERT,28,15.2737322823661
DS07,mc.mars_UNDERT,mars,UNDERT,29,15.424560278667258
DS07,mc.mars_UNDERT,mars,UNDERT,30,15.227668816052919
DS07,mc.mars_UNDERT,mars,UNDERT,31,15.42540261858991
DS07,mc.mars_UNDERT,mars,UNDERT,32,15.066310041949924
DS07,mc.mars_UNDERT,mars,UNDERT,33,14.508623549250947
DS07,mc.mars_UNDERT,mars,UNDERT,34,14.533463617061608
DS07,mc.mars_UNDERT,mars,UNDERT,35,14.322402072173267
DS07,mc.mars_UNDERT,mars,UNDERT,36,14.24452014182175
DS07,mc.mars_UNDERT,mars,UNDERT,37,14.106820154915644
DS07,mc.mars_UNDERT,mars,UNDERT,38,14.543480560781468
DS07,mc.mars_UNDERT,mars,UNDERT,39,14.272621016384651
DS07,mc.mars_UNDERT,mars,UNDERT,40,14.253957164363724
DS07,mc.mars_UNDERT,mars,UNDERT,41,14.54753868252954
DS07,mc.mars_UNDERT,mars,UNDERT,42,14.449868332555479
DS07,mc.mars_UNDERT,mars,UNDERT,43,14.256362263699312
DS07,mc.mars_UNDERT,mars,UNDERT,44,14.172837546495014
DS07,mc.mars_UNDERT,mars,UNDERT,45,13.690640042138755
DS07,mc.mars_UNDERT,mars,UNDERT,46,14.017470378382681
DS07,mc.mars_UNDERT,mars,UNDERT,47,13.797362867323104
DS07,mc.mars_UNDERT,mars,UNDERT,48,14.121356612415823
DS07,mc.mars_UNDERT,mars,UNDERT,49,14.08067351838446
DS07,mc.mars_UNDERT,mars,UNDERT,50,14.424397900492881
DS07,mc.mars,mars,baseline,1,18.763650789866333
DS07,mc.mars,mars,baseline,2,18.758773526028467
DS07,mc.mars,mars,baseline,3,18.64769575375883
DS07,mc.mars,mars,baseline,4,18.702839843139063
DS07,mc.mars,mars,baseline,5,19.50622955502389
DS07,mc.mars,mars,baseline,6,19.46717622355317
DS07,mc.mars,mars,baseline,7,19.439722865480114
DS07,mc.mars,mars,baseline,8,19.633577865850192
DS07,mc.mars,mars,baseline,9,19.51037789189455
DS07,mc.mars,mars,baseline,10,19.40354227898172
DS07,mc.mars,mars,baseline,11,19.304024759602854
DS07,mc.mars,mars,baseline,12,19.380924588788115
DS07,mc.mars,mars,baseline,13,19.35939579943736
DS07,mc.mars,mars,baseline,14,19.23457591902131
DS07,mc.mars,mars,baseline,15,19.248073238158586
DS07,mc.mars,mars,baseline,16,19.28316050845338
DS07,mc.mars,mars,baseline,17,19.8594004272719
DS07,mc.mars,mars,baseline,18,19.239000565371487
DS07,mc.mars,mars,baseline,19,19.98693935070297
DS07,mc.mars,mars,baseline,20,18.831459041017983
DS07,mc.mars,mars,baseline,21,18.065945394373056
DS07,mc.mars,mars,baseline,22,18.069304583194672
DS07,mc.mars,mars,baseline,23,18.02538501883949
DS07,mc.mars,mars,baseline,24,17.885754660580275
DS07,mc.mars,mars,baseline,25,17.81592791730879
DS07,mc.mars,mars,baseline,26,17.521320783834057
DS07,mc.mars,mars,baseline,27,18.006444761447682
DS07,mc.mars,mars,baseline,28,18.073570452741777
DS07,mc.mars,mars,baseline,29,18.280883579576106
DS07,mc.mars,mars,baseline,30,17.871174457052426
DS07,mc.mars,mars,baseline,31,17.557355470062216
DS07,mc.mars,mars,baseline,32,17.481053515395757
DS07,mc.mars,mars,baseline,33,16.644797025156784
DS07,mc.mars,mars,baseline,34,16.61682039397118
DS07,mc.mars,mars,baseline,35,16.49511966448123
DS07,mc.mars,mars,baseline,36,16.43829457397528
DS07,mc.mars,mars,baseline,37,16.130075415816187
DS07,mc.mars,mars,baseline,38,16.145593563078382
DS07,mc.mars,mars,baseline,39,16.11493856390948
DS07,mc.mars,mars,baseline,40,16.44945996958386
DS07,mc.mars,mars,baseline,41,16.580275208243144
DS07,mc.mars,mars,baseline,42,16.547590979803086
DS07,mc.mars,mars,baseline,43,16.051118341645395
DS07,mc.mars,mars,baseline,44,16.006355724637498
DS07,mc.mars,mars,baseline,45,15.845187898442347
DS07,mc.mars,mars,baseline,46,15.904245633718144
DS07,mc.mars,mars,baseline,47,15.956178703957866
DS07,mc.mars,mars,baseline,48,16.105545358411554
DS07,mc.mars,mars,baseline,49,16.111666299174065
DS07,mc.mars,mars,baseline,50,16.64764440955986
DS07,mc.rf_OVERB,rf,OVERB,1,18.302362936833397
DS07,mc.rf_OVERB,rf,OVERB,2,18.18281643062561
DS07,mc.rf_OVERB,rf,OVERB,3,18.07650233088476
DS07,mc.rf_OVERB,rf,OVERB,4,18.089973285622445
DS07,mc.rf_OVERB,rf,OVERB,5,18.842226392856663
DS07,mc.rf_OVERB,rf,OVERB,6,18.817327872466187
DS07,mc.rf_OVERB,rf,OVERB,7,18.93261878607303
DS07,mc.rf_OVERB,rf,OVERB,8,18.765897503941325
DS07,mc.rf_OVERB,rf,OVERB,9,18.611884840628896
DS07,mc.rf_OVERB,rf,OVERB,10,18.714247422435967
DS07,mc.rf_OVERB,rf,OVERB,11,18.565165919741517
DS07,mc.rf_OVERB,rf,OVERB,12,18.43641843432805
DS07,mc.rf_OVERB,rf,OVERB,13,18.53210794692431
DS07,mc.rf_OVERB,rf,OVERB,14,18.589739335602175
DS07,mc.rf_OVERB,rf,OVERB,15,18.527979207532823
DS07,mc.rf_OVERB,rf,OVERB,16,18.46646181805311
DS07,mc.rf_OVERB,rf,OVERB,17,18.46323731032032
DS07,mc.rf_OVERB,rf,OVERB,18,18.367698527061616
DS07,mc.rf_OVERB,rf,OVERB,19,18.585835796902355
DS07,mc.rf_OVERB,rf,OVERB,20,17.99135440631812
DS07,mc.rf_OVERB,rf,OVERB,21,17.704389064772933
DS07,mc.rf_OVERB,rf,OVERB,22,17.666710223414313
DS07,mc.rf_OVERB,rf,OVERB,23,17.644437160446905
DS07,mc.rf_OVERB,rf,OVERB,24,17.584303592317816
DS07,mc.rf_OVERB,rf,OVERB,25,17.45146695244645
DS07,mc.rf_OVERB,rf,OVERB,26,17.153958458014372
DS07,mc.rf_OVERB,rf,OVERB,27,17.321427528062372
DS07,mc.rf_OVERB,rf,OVERB,28,17.469466643122274
DS07,mc.rf_OVERB,rf,OVERB,29,17.60893890980743
DS07,mc.rf_OVERB,rf,OVERB,30,17.35525189683349
DS07,mc.rf_OVERB,rf,OVERB,31,16.954697989667057
DS07,mc.rf_OVERB,rf,OVERB,32,16.708127691277266
DS07,mc.rf_OVERB,rf,OVERB,33,15.994105357182539
DS07,mc.rf_OVERB,rf,OVERB,34,16.150831618755426
DS07,mc.rf_OVERB,rf,OVERB,35,15.810509467907629
DS07,mc.rf_OVERB,rf,OVERB,36,15.764767453011633
DS07,mc.rf_OVERB,rf,OVERB,37,15.37291222322008
DS07,mc.rf_OVERB,rf,OVERB,38,15.407650454824994
DS07,mc.rf_OVERB,rf,OVERB,39,15.311817214685938
DS07,mc.rf_OVERB,rf,OVERB,40,15.915182121389801
DS07,mc.rf_OVERB,rf,OVERB,41,15.825444590041009
DS07,mc.rf_OVERB,rf,OVERB,42,15.740464380117599
DS07,mc.rf_OVERB,rf,OVERB,43,15.515565397946983
DS07,mc.rf_OVERB,rf,OVERB,44,15.434326581056434
DS07,mc.rf_OVERB,rf,OVERB,45,15.084900390065618
DS07,mc.rf_OVERB,rf,OVERB,46,15.234971463798134
DS07,mc.rf_OVERB,rf,OVERB,47,15.136289618758465
DS07,mc.rf_OVERB,rf,OVERB,48,15.268289636285557
DS07,mc.rf_OVERB,rf,OVERB,49,15.225787954353144
DS07,mc.rf_OVERB,rf,OVERB,50,15.798151534704026
DS07,mc.rf_OVERTPhi,rf,OVERTPhi,1,18.286652741812514
DS07,mc.rf_OVERTPhi,rf,OVERTPhi,2,18.2797110385077
DS07,mc.rf_OVERTPhi,rf,OVERTPhi,3,18.249088636148873
DS07,mc.rf_OVERTPhi,rf,OVERTPhi,4,18.28464858959778
DS07,mc.rf_OVERTPhi,rf,OVERTPhi,5,18.904030222517168
DS07,mc.rf_OVERTPhi,rf,OVERTPhi,6,19.283799583432984
DS07,mc.rf_OVERTPhi,rf,OVERTPhi,7,18.927951027667703
DS07,mc.rf_OVERTPhi,rf,OVERTPhi,8,19.115003516912306
DS07,mc.rf_OVERTPhi,rf,OVERTPhi,9,19.00256726139071
DS07,mc.rf_OVERTPhi,rf,OVERTPhi,10,18.830479637212086
DS07,mc.rf_OVERTPhi,rf,OVERTPhi,11,18.896776735849066
DS07,mc.rf_OVERTPhi,rf,OVERTPhi,12,18.95900936666086
DS07,mc.rf_OVERTPhi,rf,OVERTPhi,13,18.987360815830375
DS07,mc.rf_OVERTPhi,rf,OVERTPhi,14,18.57391167046065
DS07,mc.rf_OVERTPhi,rf,OVERTPhi,15,18.82236907805558
DS07,mc.rf_OVERTPhi,rf,OVERTPhi,16,18.844214493967282
DS07,mc.rf_OVERTPhi,rf,OVERTPhi,17,18.8758352427604
DS07,mc.rf_OVERTPhi,rf,OVERTPhi,18,18.805149208993875
DS07,mc.rf_OVERTPhi,rf,OVERTPhi,19,18.907443667800237
DS07,mc.rf_OVERTPhi,rf,OVERTPhi,20,18.11984834971469
DS07,mc.rf_OVERTPhi,rf,OVERTPhi,21,18.01401990056778
DS07,mc.rf_OVERTPhi,rf,OVERTPhi,22,17.619991802942014
DS07,mc.rf_OVERTPhi,rf,OVERTPhi,23,17.764706232626704
DS07,mc.rf_OVERTPhi,rf,OVERTPhi,24,17.671528899302604
DS07,mc.rf_OVERTPhi,rf,OVERTPhi,25,17.45528909532018
DS07,mc.rf_OVERTPhi,rf,OVERTPhi,26,17.150550337620768
DS07,mc.rf_OVERTPhi,rf,OVERTPhi,27,17.451348518822048
DS07,mc.rf_OVERTPhi,rf,OVERTPhi,28,17.895517802310117
DS07,mc.rf_OVERTPhi,rf,OVERTPhi,29,17.65851337054414
DS07,mc.rf_OVERTPhi,rf,OVERTPhi,30,17.52221287597072
DS07,mc.rf_OVERTPhi,rf,OVERTPhi,31,17.099882043482808
DS07,mc.rf_OVERTPhi,rf,OVERTPhi,32,17.034276513498703
DS07,mc.rf_OVERTPhi,rf,OVERTPhi,33,16.01814861613765
DS07,mc.rf_OVERTPhi,rf,OVERTPhi,34,15.975810230547712
DS07,mc.rf_OVERTPhi,rf,OVERTPhi,35,15.683029059354087
DS07,mc.rf_OVERTPhi,rf,OVERTPhi,36,15.521373876412081
DS07,mc.rf_OVERTPhi,rf,OVERTPhi,37,15.401777701416368
DS07,mc.rf_OVERTPhi,rf,OVERTPhi,38,15.232381282923635
DS07,mc.rf_OVERTPhi,rf,OVERTPhi,39,15.20288685323124
DS07,mc.rf_OVERTPhi,rf,OVERTPhi,40,15.913553474098864
DS07,mc.rf_OVERTPhi,rf,OVERTPhi,41,15.775408633899575
DS07,mc.rf_OVERTPhi,rf,OVERTPhi,42,15.706022654332541
DS07,mc.rf_OVERTPhi,rf,OVERTPhi,43,15.356418370741759
DS07,mc.rf_OVERTPhi,rf,OVERTPhi,44,15.406870971687997
DS07,mc.rf_OVERTPhi,rf,OVERTPhi,45,15.070959649976144
DS07,mc.rf_OVERTPhi,rf,OVERTPhi,46,15.26449361439476
DS07,mc.rf_OVERTPhi,rf,OVERTPhi,47,15.217995355412095
DS07,mc.rf_OVERTPhi,rf,OVERTPhi,48,15.414103784381567
DS07,mc.rf_OVERTPhi,rf,OVERTPhi,49,15.501072350060609
DS07,mc.rf_OVERTPhi,rf,OVERTPhi,50,15.86297392958006
DS07,mc.rf_OVERT,rf,OVERT,1,18.323907498145594
DS07,mc.rf_OVERT,rf,OVERT,2,18.156077090648697
DS07,mc.rf_OVERT,rf,OVERT,3,18.19697599014666
DS07,mc.rf_OVERT,rf,OVERT,4,18.21126275587703
DS07,mc.rf_OVERT,rf,OVERT,5,19.103811004230806
DS07,mc.rf_OVERT,rf,OVERT,6,19.078704385938725
DS07,mc.rf_OVERT,rf,OVERT,7,18.895523398882908
DS07,mc.rf_OVERT,rf,OVERT,8,19.031568051888726
DS07,mc.rf_OVERT,rf,OVERT,9,19.02688804721344
DS07,mc.rf_OVERT,rf,OVERT,10,18.94621932310957
DS07,mc.rf_OVERT,rf,OVERT,11,18.830070666279795
DS07,mc.rf_OVERT,rf,OVERT,12,18.884866692720433
DS07,mc.rf_OVERT,rf,OVERT,13,18.972364382765655
DS07,mc.rf_OVERT,rf,OVERT,14,18.66835547619472
DS07,mc.rf_OVERT,rf,OVERT,15,18.82174607088548
DS07,mc.rf_OVERT,rf,OVERT,16,18.73543919374144
DS07,mc.rf_OVERT,rf,OVERT,17,18.9575344682049
DS07,mc.rf_OVERT,rf,OVERT,18,18.79613562709399
DS07,mc.rf_OVERT,rf,OVERT,19,18.965355738424805
DS07,mc.rf_OVERT,rf,OVERT,20,18.200392640099807
DS07,mc.rf_OVERT,rf,OVERT,21,17.85981748198829
DS07,mc.rf_OVERT,rf,OVERT,22,17.559303586467813
DS07,mc.rf_OVERT,rf,OVERT,23,17.663238016707613
DS07,mc.rf_OVERT,rf,OVERT,24,17.44885229433332
DS07,mc.rf_OVERT,rf,OVERT,25,17.53197462961925
DS07,mc.rf_OVERT,rf,OVERT,26,17.23307805383997
DS07,mc.rf_OVERT,rf,OVERT,27,17.4625323810624
DS07,mc.rf_OVERT,rf,OVERT,28,17.84583547787446
DS07,mc.rf_OVERT,rf,OVERT,29,17.759688061486237
DS07,mc.rf_OVERT,rf,OVERT,30,17.584797689940203
DS07,mc.rf_OVERT,rf,OVERT,31,17.08424011303696
DS07,mc.rf_OVERT,rf,OVERT,32,17.145827814423793
DS07,mc.rf_OVERT,rf,OVERT,33,16.109851979061407
DS07,mc.rf_OVERT,rf,OVERT,34,15.936080338122286
DS07,mc.rf_OVERT,rf,OVERT,35,15.700746628088456
DS07,mc.rf_OVERT,rf,OVERT,36,15.540234587652748
DS07,mc.rf_OVERT,rf,OVERT,37,15.402442395423025
DS07,mc.rf_OVERT,rf,OVERT,38,15.283339202857682
DS07,mc.rf_OVERT,rf,OVERT,39,15.29515133019652
DS07,mc.rf_OVERT,rf,OVERT,40,15.682176979657106
DS07,mc.rf_OVERT,rf,OVERT,41,15.791110381131654
DS07,mc.rf_OVERT,rf,OVERT,42,15.711657827509608
DS07,mc.rf_OVERT,rf,OVERT,43,15.448170755064096
DS07,mc.rf_OVERT,rf,OVERT,44,15.380247604965755
DS07,mc.rf_OVERT,rf,OVERT,45,15.159933418798921
DS07,mc.rf_OVERT,rf,OVERT,46,15.280100514660951
DS07,mc.rf_OVERT,rf,OVERT,47,15.278652742277288
DS07,mc.rf_OVERT,rf,OVERT,48,15.302596942134015
DS07,mc.rf_OVERT,rf,OVERT,49,15.460434514693336
DS07,mc.rf_OVERT,rf,OVERT,50,15.873227669231156
DS07,mc.rf_SMOTEB,rf,SMOTEB,1,18.217315752167526
DS07,mc.rf_SMOTEB,rf,SMOTEB,2,18.257424710274222
DS07,mc.rf_SMOTEB,rf,SMOTEB,3,18.467811475813985
DS07,mc.rf_SMOTEB,rf,SMOTEB,4,18.131094484937567
DS07,mc.rf_SMOTEB,rf,SMOTEB,5,18.95110983308225
DS07,mc.rf_SMOTEB,rf,SMOTEB,6,18.777746780451903
DS07,mc.rf_SMOTEB,rf,SMOTEB,7,18.80696640016676
DS07,mc.rf_SMOTEB,rf,SMOTEB,8,18.47718416711477
DS07,mc.rf_SMOTEB,rf,SMOTEB,9,18.767739480891997
DS07,mc.rf_SMOTEB,rf,SMOTEB,10,18.388175714885648
DS07,mc.rf_SMOTEB,rf,SMOTEB,11,18.26565656509405
DS07,mc.rf_SMOTEB,rf,SMOTEB,12,18.357904982882207
DS07,mc.rf_SMOTEB,rf,SMOTEB,13,18.22157417753522
DS07,mc.rf_SMOTEB,rf,SMOTEB,14,18.206925035781286
DS07,mc.rf_SMOTEB,rf,SMOTEB,15,18.322452829821636
DS07,mc.rf_SMOTEB,rf,SMOTEB,16,18.179032837426895
DS07,mc.rf_SMOTEB,rf,SMOTEB,17,18.302894375567597
DS07,mc.rf_SMOTEB,rf,SMOTEB,18,17.997706155893557
DS07,mc.rf_SMOTEB,rf,SMOTEB,19,18.551488457200602
DS07,mc.rf_SMOTEB,rf,SMOTEB,20,17.358080328225185
DS07,mc.rf_SMOTEB,rf,SMOTEB,21,16.870577902221573
DS07,mc.rf_SMOTEB,rf,SMOTEB,22,16.90500803117636
DS07,mc.rf_SMOTEB,rf,SMOTEB,23,16.835846532878936
DS07,mc.rf_SMOTEB,rf,SMOTEB,24,16.621644113724457
DS07,mc.rf_SMOTEB,rf,SMOTEB,25,16.948686861604834
DS07,mc.rf_SMOTEB,rf,SMOTEB,26,16.282134834754935
DS07,mc.rf_SMOTEB,rf,SMOTEB,27,16.53318884990922
DS07,mc.rf_SMOTEB,rf,SMOTEB,28,16.81838208643486
DS07,mc.rf_SMOTEB,rf,SMOTEB,29,16.728853692172137
DS07,mc.rf_SMOTEB,rf,SMOTEB,30,16.644824103162676
DS07,mc.rf_SMOTEB,rf,SMOTEB,31,16.091518286250736
DS07,mc.rf_SMOTEB,rf,SMOTEB,32,15.937676175778893
DS07,mc.rf_SMOTEB,rf,SMOTEB,33,15.226905976362609
DS07,mc.rf_SMOTEB,rf,SMOTEB,34,15.241383181319389
DS07,mc.rf_SMOTEB,rf,SMOTEB,35,15.015830411421446
DS07,mc.rf_SMOTEB,rf,SMOTEB,36,14.69492695863804
DS07,mc.rf_SMOTEB,rf,SMOTEB,37,14.536926605082112
DS07,mc.rf_SMOTEB,rf,SMOTEB,38,14.57099589380228
DS07,mc.rf_SMOTEB,rf,SMOTEB,39,14.01416729031203
DS07,mc.rf_SMOTEB,rf,SMOTEB,40,14.984010389336072
DS07,mc.rf_SMOTEB,rf,SMOTEB,41,14.978896498246945
DS07,mc.rf_SMOTEB,rf,SMOTEB,42,14.701803684076786
DS07,mc.rf_SMOTEB,rf,SMOTEB,43,14.657190950020839
DS07,mc.rf_SMOTEB,rf,SMOTEB,44,14.336130369440918
DS07,mc.rf_SMOTEB,rf,SMOTEB,45,14.517180799357028
DS07,mc.rf_SMOTEB,rf,SMOTEB,46,14.010346381073308
DS07,mc.rf_SMOTEB,rf,SMOTEB,47,14.292449258805338
DS07,mc.rf_SMOTEB,rf,SMOTEB,48,14.25193813142737
DS07,mc.rf_SMOTEB,rf,SMOTEB,49,14.21316478152032
DS07,mc.rf_SMOTEB,rf,SMOTEB,50,15.029970185034136
DS07,mc.rf_SMOTETPhi,rf,SMOTETPhi,1,18.70709289705975
DS07,mc.rf_SMOTETPhi,rf,SMOTETPhi,2,18.622118988199826
DS07,mc.rf_SMOTETPhi,rf,SMOTETPhi,3,18.50095929892199
DS07,mc.rf_SMOTETPhi,rf,SMOTETPhi,4,17.920566177377655
DS07,mc.rf_SMOTETPhi,rf,SMOTETPhi,5,18.677456116729182
DS07,mc.rf_SMOTETPhi,rf,SMOTETPhi,6,18.747778609489604
DS07,mc.rf_SMOTETPhi,rf,SMOTETPhi,7,19.033870757052046
DS07,mc.rf_SMOTETPhi,rf,SMOTETPhi,8,19.174876770138827
DS07,mc.rf_SMOTETPhi,rf,SMOTETPhi,9,18.369417143305913
DS07,mc.rf_SMOTETPhi,rf,SMOTETPhi,10,18.808910080199382
DS07,mc.rf_SMOTETPhi,rf,SMOTETPhi,11,18.052820986846253
DS07,mc.rf_SMOTETPhi,rf,SMOTETPhi,12,18.1006084505035
DS07,mc.rf_SMOTETPhi,rf,SMOTETPhi,13,18.227972340213395
DS07,mc.rf_SMOTETPhi,rf,SMOTETPhi,14,17.853159107739327
DS07,mc.rf_SMOTETPhi,rf,SMOTETPhi,15,18.122453952728296
DS07,mc.rf_SMOTETPhi,rf,SMOTETPhi,16,17.97959081183299
DS07,mc.rf_SMOTETPhi,rf,SMOTETPhi,17,18.003371318528142
DS07,mc.rf_SMOTETPhi,rf,SMOTETPhi,18,18.045490724757215
DS07,mc.rf_SMOTETPhi,rf,SMOTETPhi,19,17.969582915293874
DS07,mc.rf_SMOTETPhi,rf,SMOTETPhi,20,16.884010919224693
DS07,mc.rf_SMOTETPhi,rf,SMOTETPhi,21,16.87633362602967
DS07,mc.rf_SMOTETPhi,rf,SMOTETPhi,22,16.055733850772732
DS07,mc.rf_SMOTETPhi,rf,SMOTETPhi,23,16.37809601019153
DS07,mc.rf_SMOTETPhi,rf,SMOTETPhi,24,16.599023651589995
DS07,mc.rf_SMOTETPhi,rf,SMOTETPhi,25,16.6414216128336
DS07,mc.rf_SMOTETPhi,rf,SMOTETPhi,26,15.971229132404321
DS07,mc.rf_SMOTETPhi,rf,SMOTETPhi,27,16.179517327551554
DS07,mc.rf_SMOTETPhi,rf,SMOTETPhi,28,16.76289735072733
DS07,mc.rf_SMOTETPhi,rf,SMOTETPhi,29,16.47304428463772
DS07,mc.rf_SMOTETPhi,rf,SMOTETPhi,30,16.048286891567937
DS07,mc.rf_SMOTETPhi,rf,SMOTETPhi,31,15.53079556350311
DS07,mc.rf_SMOTETPhi,rf,SMOTETPhi,32,15.787464922381288
DS07,mc.rf_SMOTETPhi,rf,SMOTETPhi,33,14.877714065458672
DS07,mc.rf_SMOTETPhi,rf,SMOTETPhi,34,15.427203741893532
DS07,mc.rf_SMOTETPhi,rf,SMOTETPhi,35,14.564984923281663
DS07,mc.rf_SMOTETPhi,rf,SMOTETPhi,36,14.455509011358902
DS07,mc.rf_SMOTETPhi,rf,SMOTETPhi,37,14.996503040978443
DS07,mc.rf_SMOTETPhi,rf,SMOTETPhi,38,14.7977236305704
DS07,mc.rf_SMOTETPhi,rf,SMOTETPhi,39,14.32539740785668
DS07,mc.rf_SMOTETPhi,rf,SMOTETPhi,40,14.764338508241636
DS07,mc.rf_SMOTETPhi,rf,SMOTETPhi,41,14.656831746183993
DS07,mc.rf_SMOTETPhi,rf,SMOTETPhi,42,14.655679036351971
DS07,mc.rf_SMOTETPhi,rf,SMOTETPhi,43,14.46502188747504
DS07,mc.rf_SMOTETPhi,rf,SMOTETPhi,44,14.346329627641898
DS07,mc.rf_SMOTETPhi,rf,SMOTETPhi,45,13.731114268401683
DS07,mc.rf_SMOTETPhi,rf,SMOTETPhi,46,14.433245138829415
DS07,mc.rf_SMOTETPhi,rf,SMOTETPhi,47,13.946206377223046
DS07,mc.rf_SMOTETPhi,rf,SMOTETPhi,48,14.058393101573364
DS07,mc.rf_SMOTETPhi,rf,SMOTETPhi,49,14.607028915931446
DS07,mc.rf_SMOTETPhi,rf,SMOTETPhi,50,14.820358344002333
DS07,mc.rf_SMOTET,rf,SMOTET,1,18.514648830990073
DS07,mc.rf_SMOTET,rf,SMOTET,2,18.47617849656976
DS07,mc.rf_SMOTET,rf,SMOTET,3,18.164246482436294
DS07,mc.rf_SMOTET,rf,SMOTET,4,18.258553424108978
DS07,mc.rf_SMOTET,rf,SMOTET,5,18.777152372995054
DS07,mc.rf_SMOTET,rf,SMOTET,6,18.584947059306547
DS07,mc.rf_SMOTET,rf,SMOTET,7,18.876219293897456
DS07,mc.rf_SMOTET,rf,SMOTET,8,18.859216107556115
DS07,mc.rf_SMOTET,rf,SMOTET,9,18.49106798257408
DS07,mc.rf_SMOTET,rf,SMOTET,10,18.743358305661822
DS07,mc.rf_SMOTET,rf,SMOTET,11,17.834761460417006
DS07,mc.rf_SMOTET,rf,SMOTET,12,17.851649447785356
DS07,mc.rf_SMOTET,rf,SMOTET,13,18.17662523884833
DS07,mc.rf_SMOTET,rf,SMOTET,14,17.711991101625184
DS07,mc.rf_SMOTET,rf,SMOTET,15,17.887912924735627
DS07,mc.rf_SMOTET,rf,SMOTET,16,18.022303021668105
DS07,mc.rf_SMOTET,rf,SMOTET,17,18.099226750248306
DS07,mc.rf_SMOTET,rf,SMOTET,18,17.900980127014467
DS07,mc.rf_SMOTET,rf,SMOTET,19,18.54005718364215
DS07,mc.rf_SMOTET,rf,SMOTET,20,17.036871368684686
DS07,mc.rf_SMOTET,rf,SMOTET,21,17.19713359973691
DS07,mc.rf_SMOTET,rf,SMOTET,22,16.042967684920953
DS07,mc.rf_SMOTET,rf,SMOTET,23,16.88766424600141
DS07,mc.rf_SMOTET,rf,SMOTET,24,16.889235915128992
DS07,mc.rf_SMOTET,rf,SMOTET,25,16.791163086203028
DS07,mc.rf_SMOTET,rf,SMOTET,26,16.272118358207145
DS07,mc.rf_SMOTET,rf,SMOTET,27,16.551198060071314
DS07,mc.rf_SMOTET,rf,SMOTET,28,16.878082069977307
DS07,mc.rf_SMOTET,rf,SMOTET,29,16.739485371354988
DS07,mc.rf_SMOTET,rf,SMOTET,30,15.919215265725454
DS07,mc.rf_SMOTET,rf,SMOTET,31,15.639069664385246
DS07,mc.rf_SMOTET,rf,SMOTET,32,16.139288511245617
DS07,mc.rf_SMOTET,rf,SMOTET,33,15.138182032127812
DS07,mc.rf_SMOTET,rf,SMOTET,34,15.7513138062645
DS07,mc.rf_SMOTET,rf,SMOTET,35,14.885303721314619
DS07,mc.rf_SMOTET,rf,SMOTET,36,14.847949698396125
DS07,mc.rf_SMOTET,rf,SMOTET,37,15.11608170228938
DS07,mc.rf_SMOTET,rf,SMOTET,38,14.873888967750107
DS07,mc.rf_SMOTET,rf,SMOTET,39,14.622363216667416
DS07,mc.rf_SMOTET,rf,SMOTET,40,15.018866545849635
DS07,mc.rf_SMOTET,rf,SMOTET,41,14.817388732238223
DS07,mc.rf_SMOTET,rf,SMOTET,42,14.616007145452533
DS07,mc.rf_SMOTET,rf,SMOTET,43,14.676830573223464
DS07,mc.rf_SMOTET,rf,SMOTET,44,14.517776068643315
DS07,mc.rf_SMOTET,rf,SMOTET,45,14.01720206885791
DS07,mc.rf_SMOTET,rf,SMOTET,46,14.452672444155258
DS07,mc.rf_SMOTET,rf,SMOTET,47,14.174077153460706
DS07,mc.rf_SMOTET,rf,SMOTET,48,14.309204014149701
DS07,mc.rf_SMOTET,rf,SMOTET,49,14.621073174792345
DS07,mc.rf_SMOTET,rf,SMOTET,50,15.366460430255065
DS07,mc.rf_UNDERB,rf,UNDERB,1,17.13482748286388
DS07,mc.rf_UNDERB,rf,UNDERB,2,17.276348364928165
DS07,mc.rf_UNDERB,rf,UNDERB,3,17.13097674883351
DS07,mc.rf_UNDERB,rf,UNDERB,4,17.192092435362742
DS07,mc.rf_UNDERB,rf,UNDERB,5,17.705804755880127
DS07,mc.rf_UNDERB,rf,UNDERB,6,17.752282961600688
DS07,mc.rf_UNDERB,rf,UNDERB,7,17.828997309632275
DS07,mc.rf_UNDERB,rf,UNDERB,8,17.872861409405672
DS07,mc.rf_UNDERB,rf,UNDERB,9,17.75050800817687
DS07,mc.rf_UNDERB,rf,UNDERB,10,17.393539579751412
DS07,mc.rf_UNDERB,rf,UNDERB,11,17.64091038550787
DS07,mc.rf_UNDERB,rf,UNDERB,12,17.796308100481763
DS07,mc.rf_UNDERB,rf,UNDERB,13,17.459796582750467
DS07,mc.rf_UNDERB,rf,UNDERB,14,17.253136130929924
DS07,mc.rf_UNDERB,rf,UNDERB,15,16.97134925208047
DS07,mc.rf_UNDERB,rf,UNDERB,16,17.269886634066452
DS07,mc.rf_UNDERB,rf,UNDERB,17,17.21086355317329
DS07,mc.rf_UNDERB,rf,UNDERB,18,17.288368150301988
DS07,mc.rf_UNDERB,rf,UNDERB,19,17.4769294205334
DS07,mc.rf_UNDERB,rf,UNDERB,20,16.38897000405611
DS07,mc.rf_UNDERB,rf,UNDERB,21,16.477985426689845
DS07,mc.rf_UNDERB,rf,UNDERB,22,16.220065547500933
DS07,mc.rf_UNDERB,rf,UNDERB,23,15.990336051378259
DS07,mc.rf_UNDERB,rf,UNDERB,24,15.775617082724425
DS07,mc.rf_UNDERB,rf,UNDERB,25,15.730163123285328
DS07,mc.rf_UNDERB,rf,UNDERB,26,15.366810861633226
DS07,mc.rf_UNDERB,rf,UNDERB,27,15.485315499148674
DS07,mc.rf_UNDERB,rf,UNDERB,28,15.531452281802226
DS07,mc.rf_UNDERB,rf,UNDERB,29,15.876005409413368
DS07,mc.rf_UNDERB,rf,UNDERB,30,15.493555340561501
DS07,mc.rf_UNDERB,rf,UNDERB,31,15.133178661759484
DS07,mc.rf_UNDERB,rf,UNDERB,32,15.187818757410346
DS07,mc.rf_UNDERB,rf,UNDERB,33,14.483638055676312
DS07,mc.rf_UNDERB,rf,UNDERB,34,14.552840652742818
DS07,mc.rf_UNDERB,rf,UNDERB,35,14.333801432123957
DS07,mc.rf_UNDERB,rf,UNDERB,36,14.394872293786579
DS07,mc.rf_UNDERB,rf,UNDERB,37,14.064586460405295
DS07,mc.rf_UNDERB,rf,UNDERB,38,13.861828948193539
DS07,mc.rf_UNDERB,rf,UNDERB,39,13.88538715586167
DS07,mc.rf_UNDERB,rf,UNDERB,40,14.103889291349455
DS07,mc.rf_UNDERB,rf,UNDERB,41,14.191282330340925
DS07,mc.rf_UNDERB,rf,UNDERB,42,14.082563669644985
DS07,mc.rf_UNDERB,rf,UNDERB,43,13.923597106049169
DS07,mc.rf_UNDERB,rf,UNDERB,44,13.699328777906254
DS07,mc.rf_UNDERB,rf,UNDERB,45,13.651547925234002
DS07,mc.rf_UNDERB,rf,UNDERB,46,13.594904102811704
DS07,mc.rf_UNDERB,rf,UNDERB,47,13.77752858921494
DS07,mc.rf_UNDERB,rf,UNDERB,48,13.70587443707757
DS07,mc.rf_UNDERB,rf,UNDERB,49,13.567971236130576
DS07,mc.rf_UNDERB,rf,UNDERB,50,14.171325555511757
DS07,mc.rf_UNDERTPhi,rf,UNDERTPhi,1,17.369602901179068
DS07,mc.rf_UNDERTPhi,rf,UNDERTPhi,2,17.25916509432961
DS07,mc.rf_UNDERTPhi,rf,UNDERTPhi,3,17.217362210389222
DS07,mc.rf_UNDERTPhi,rf,UNDERTPhi,4,17.177221162813503
DS07,mc.rf_UNDERTPhi,rf,UNDERTPhi,5,17.848180585474
DS07,mc.rf_UNDERTPhi,rf,UNDERTPhi,6,17.875879743183926
DS07,mc.rf_UNDERTPhi,rf,UNDERTPhi,7,17.721671553539885
DS07,mc.rf_UNDERTPhi,rf,UNDERTPhi,8,17.714754678866804
DS07,mc.rf_UNDERTPhi,rf,UNDERTPhi,9,17.758556513389184
DS07,mc.rf_UNDERTPhi,rf,UNDERTPhi,10,17.54686637059765
DS07,mc.rf_UNDERTPhi,rf,UNDERTPhi,11,17.40585763803556
DS07,mc.rf_UNDERTPhi,rf,UNDERTPhi,12,17.42913478490429
DS07,mc.rf_UNDERTPhi,rf,UNDERTPhi,13,17.21077575351666
DS07,mc.rf_UNDERTPhi,rf,UNDERTPhi,14,16.96800533423844
DS07,mc.rf_UNDERTPhi,rf,UNDERTPhi,15,16.82265721275449
DS07,mc.rf_UNDERTPhi,rf,UNDERTPhi,16,17.082943572866668
DS07,mc.rf_UNDERTPhi,rf,UNDERTPhi,17,17.189248163171044
DS07,mc.rf_UNDERTPhi,rf,UNDERTPhi,18,16.802333563174948
DS07,mc.rf_UNDERTPhi,rf,UNDERTPhi,19,17.490425853650535
DS07,mc.rf_UNDERTPhi,rf,UNDERTPhi,20,16.57021244566557
DS07,mc.rf_UNDERTPhi,rf,UNDERTPhi,21,16.190119628135317
DS07,mc.rf_UNDERTPhi,rf,UNDERTPhi,22,15.965727744160015
DS07,mc.rf_UNDERTPhi,rf,UNDERTPhi,23,15.812967492773973
DS07,mc.rf_UNDERTPhi,rf,UNDERTPhi,24,15.324528975136872
DS07,mc.rf_UNDERTPhi,rf,UNDERTPhi,25,15.508766335807122
DS07,mc.rf_UNDERTPhi,rf,UNDERTPhi,26,14.92440378142105
DS07,mc.rf_UNDERTPhi,rf,UNDERTPhi,27,15.052672167424843
DS07,mc.rf_UNDERTPhi,rf,UNDERTPhi,28,15.561059067796732
DS07,mc.rf_UNDERTPhi,rf,UNDERTPhi,29,15.756182315123848
DS07,mc.rf_UNDERTPhi,rf,UNDERTPhi,30,14.96727574439019
DS07,mc.rf_UNDERTPhi,rf,UNDERTPhi,31,14.65690636124604
DS07,mc.rf_UNDERTPhi,rf,UNDERTPhi,32,14.85020451893315
DS07,mc.rf_UNDERTPhi,rf,UNDERTPhi,33,14.218266272688677
DS07,mc.rf_UNDERTPhi,rf,UNDERTPhi,34,14.072098059450749
DS07,mc.rf_UNDERTPhi,rf,UNDERTPhi,35,14.234869527518283
DS07,mc.rf_UNDERTPhi,rf,UNDERTPhi,36,13.965327639428098
DS07,mc.rf_UNDERTPhi,rf,UNDERTPhi,37,13.723523096507629
DS07,mc.rf_UNDERTPhi,rf,UNDERTPhi,38,13.705295423960486
DS07,mc.rf_UNDERTPhi,rf,UNDERTPhi,39,13.703877329969325
DS07,mc.rf_UNDERTPhi,rf,UNDERTPhi,40,13.911708692915873
DS07,mc.rf_UNDERTPhi,rf,UNDERTPhi,41,14.013047731528266
DS07,mc.rf_UNDERTPhi,rf,UNDERTPhi,42,13.77632934993489
DS07,mc.rf_UNDERTPhi,rf,UNDERTPhi,43,13.639610155798607
DS07,mc.rf_UNDERTPhi,rf,UNDERTPhi,44,13.494480066624101
DS07,mc.rf_UNDERTPhi,rf,UNDERTPhi,45,13.413711785334872
DS07,mc.rf_UNDERTPhi,rf,UNDERTPhi,46,13.142465838955129
DS07,mc.rf_UNDERTPhi,rf,UNDERTPhi,47,13.28052639408447
DS07,mc.rf_UNDERTPhi,rf,UNDERTPhi,48,13.310704713963954
DS07,mc.rf_UNDERTPhi,rf,UNDERTPhi,49,13.348642725759719
DS07,mc.rf_UNDERTPhi,rf,UNDERTPhi,50,14.039782135122541
DS07,mc.rf_UNDERT,rf,UNDERT,1,17.220312451145826
DS07,mc.rf_UNDERT,rf,UNDERT,2,17.35195083839899
DS07,mc.rf_UNDERT,rf,UNDERT,3,17.25640093590389
DS07,mc.rf_UNDERT,rf,UNDERT,4,17.211495206345795
DS07,mc.rf_UNDERT,rf,UNDERT,5,17.807641566743186
DS07,mc.rf_UNDERT,rf,UNDERT,6,17.827423999936396
DS07,mc.rf_UNDERT,rf,UNDERT,7,18.042783785527902
DS07,mc.rf_UNDERT,rf,UNDERT,8,18.013449234572164
DS07,mc.rf_UNDERT,rf,UNDERT,9,17.647789513529084
DS07,mc.rf_UNDERT,rf,UNDERT,10,17.640685660073853
DS07,mc.rf_UNDERT,rf,UNDERT,11,17.348991925522327
DS07,mc.rf_UNDERT,rf,UNDERT,12,17.621477516373417
DS07,mc.rf_UNDERT,rf,UNDERT,13,17.5236470245775
DS07,mc.rf_UNDERT,rf,UNDERT,14,17.275404879483048
DS07,mc.rf_UNDERT,rf,UNDERT,15,17.114392676479437
DS07,mc.rf_UNDERT,rf,UNDERT,16,16.919392273297312
DS07,mc.rf_UNDERT,rf,UNDERT,17,17.230521229418482
DS07,mc.rf_UNDERT,rf,UNDERT,18,17.12231602269584
DS07,mc.rf_UNDERT,rf,UNDERT,19,17.366953045409897
DS07,mc.rf_UNDERT,rf,UNDERT,20,16.61733461610181
DS07,mc.rf_UNDERT,rf,UNDERT,21,16.29958158901255
DS07,mc.rf_UNDERT,rf,UNDERT,22,15.928665306949036
DS07,mc.rf_UNDERT,rf,UNDERT,23,15.829339289121556
DS07,mc.rf_UNDERT,rf,UNDERT,24,16.056478171160414
DS07,mc.rf_UNDERT,rf,UNDERT,25,15.689496760501342
DS07,mc.rf_UNDERT,rf,UNDERT,26,15.485138353594461
DS07,mc.rf_UNDERT,rf,UNDERT,27,15.575283117216022
DS07,mc.rf_UNDERT,rf,UNDERT,28,15.883848751382601
DS07,mc.rf_UNDERT,rf,UNDERT,29,15.960635775565008
DS07,mc.rf_UNDERT,rf,UNDERT,30,15.449707139356335
DS07,mc.rf_UNDERT,rf,UNDERT,31,15.280372011902685
DS07,mc.rf_UNDERT,rf,UNDERT,32,14.833812306948897
DS07,mc.rf_UNDERT,rf,UNDERT,33,14.567674450163683
DS07,mc.rf_UNDERT,rf,UNDERT,34,14.534447995861951
DS07,mc.rf_UNDERT,rf,UNDERT,35,14.496304427133614
DS07,mc.rf_UNDERT,rf,UNDERT,36,14.227158518656681
DS07,mc.rf_UNDERT,rf,UNDERT,37,14.028108611296217
DS07,mc.rf_UNDERT,rf,UNDERT,38,13.890125039196883
DS07,mc.rf_UNDERT,rf,UNDERT,39,13.765195058509429
DS07,mc.rf_UNDERT,rf,UNDERT,40,14.186941561764808
DS07,mc.rf_UNDERT,rf,UNDERT,41,14.131894810244392
DS07,mc.rf_UNDERT,rf,UNDERT,42,14.100799537992156
DS07,mc.rf_UNDERT,rf,UNDERT,43,13.67702112667468
DS07,mc.rf_UNDERT,rf,UNDERT,44,13.759125915826212
DS07,mc.rf_UNDERT,rf,UNDERT,45,13.598726929006084
DS07,mc.rf_UNDERT,rf,UNDERT,46,13.503856882854938
DS07,mc.rf_UNDERT,rf,UNDERT,47,13.631639469969505
DS07,mc.rf_UNDERT,rf,UNDERT,48,13.960246711941734
DS07,mc.rf_UNDERT,rf,UNDERT,49,13.54441094904538
DS07,mc.rf_UNDERT,rf,UNDERT,50,14.264183339401468
DS07,mc.rf,rf,baseline,1,18.138367588309855
DS07,mc.rf,rf,baseline,2,18.145401951008175
DS07,mc.rf,rf,baseline,3,18.124403621633036
DS07,mc.rf,rf,baseline,4,18.19049048457368
DS07,mc.rf,rf,baseline,5,18.885059671751044
DS07,mc.rf,rf,baseline,6,18.93040203424091
DS07,mc.rf,rf,baseline,7,18.95208340993972
DS07,mc.rf,rf,baseline,8,19.091127418604408
DS07,mc.rf,rf,baseline,9,18.9628789999174
DS07,mc.rf,rf,baseline,10,18.96465085442973
DS07,mc.rf,rf,baseline,11,18.796836899748158
DS07,mc.rf,rf,baseline,12,18.901543161627774
DS07,mc.rf,rf,baseline,13,18.90643963120815
DS07,mc.rf,rf,baseline,14,18.751926256831304
DS07,mc.rf,rf,baseline,15,18.818244165246544
DS07,mc.rf,rf,baseline,16,18.795343832965493
DS07,mc.rf,rf,baseline,17,18.77459922880768
DS07,mc.rf,rf,baseline,18,18.736370770444374
DS07,mc.rf,rf,baseline,19,19.00495960292546
DS07,mc.rf,rf,baseline,20,18.3146597409148
DS07,mc.rf,rf,baseline,21,17.955413968713522
DS07,mc.rf,rf,baseline,22,17.791997597250557
DS07,mc.rf,rf,baseline,23,17.818184269287762
DS07,mc.rf,rf,baseline,24,17.662541974348997
DS07,mc.rf,rf,baseline,25,17.66816194468074
DS07,mc.rf,rf,baseline,26,17.30601923291694
DS07,mc.rf,rf,baseline,27,17.757054338268794
DS07,mc.rf,rf,baseline,28,17.780072445613794
DS07,mc.rf,rf,baseline,29,18.063085314599885
DS07,mc.rf,rf,baseline,30,17.744518992018808
DS07,mc.rf,rf,baseline,31,17.211501429180075
DS07,mc.rf,rf,baseline,32,17.10257680712569
DS07,mc.rf,rf,baseline,33,16.297439413411517
DS07,mc.rf,rf,baseline,34,16.286918898833548
DS07,mc.rf,rf,baseline,35,16.069755500297386
DS07,mc.rf,rf,baseline,36,16.024269065872247
DS07,mc.rf,rf,baseline,37,15.698042027372077
DS07,mc.rf,rf,baseline,38,15.656416995208987
DS07,mc.rf,rf,baseline,39,15.645713689971846
DS07,mc.rf,rf,baseline,40,15.965331582662087
DS07,mc.rf,rf,baseline,41,16.046854568505548
DS07,mc.rf,rf,baseline,42,15.967916664873757
DS07,mc.rf,rf,baseline,43,15.579241832534649
DS07,mc.rf,rf,baseline,44,15.536027148098933
DS07,mc.rf,rf,baseline,45,15.397729279387457
DS07,mc.rf,rf,baseline,46,15.52324750713673
DS07,mc.rf,rf,baseline,47,15.545544543325454
DS07,mc.rf,rf,baseline,48,15.642606963711652
DS07,mc.rf,rf,baseline,49,15.580074577277932
DS07,mc.rf,rf,baseline,50,16.123063968468745
DS07,mc.rpart_OVERB,rpart,OVERB,1,21.331034140976488
DS07,mc.rpart_OVERB,rpart,OVERB,2,21.668689502807656
DS07,mc.rpart_OVERB,rpart,OVERB,3,21.59962599496482
DS07,mc.rpart_OVERB,rpart,OVERB,4,21.521604190099346
DS07,mc.rpart_OVERB,rpart,OVERB,5,21.985951723080294
DS07,mc.rpart_OVERB,rpart,OVERB,6,22.16488321770847
DS07,mc.rpart_OVERB,rpart,OVERB,7,21.09162832348648
DS07,mc.rpart_OVERB,rpart,OVERB,8,23.202398138647723
DS07,mc.rpart_OVERB,rpart,OVERB,9,21.769847371600356
DS07,mc.rpart_OVERB,rpart,OVERB,10,21.98512804188326
DS07,mc.rpart_OVERB,rpart,OVERB,11,21.286714954743086
DS07,mc.rpart_OVERB,rpart,OVERB,12,22.643069560391044
DS07,mc.rpart_OVERB,rpart,OVERB,13,21.07149412036486
DS07,mc.rpart_OVERB,rpart,OVERB,14,21.734774894139026
DS07,mc.rpart_OVERB,rpart,OVERB,15,21.4316103805231
DS07,mc.rpart_OVERB,rpart,OVERB,16,20.505446515953953
DS07,mc.rpart_OVERB,rpart,OVERB,17,20.79904819132414
DS07,mc.rpart_OVERB,rpart,OVERB,18,20.544158667257197
DS07,mc.rpart_OVERB,rpart,OVERB,19,20.266070801325444
DS07,mc.rpart_OVERB,rpart,OVERB,20,21.460508910173147
DS07,mc.rpart_OVERB,rpart,OVERB,21,19.034288391592845
DS07,mc.rpart_OVERB,rpart,OVERB,22,19.736170955437426
DS07,mc.rpart_OVERB,rpart,OVERB,23,20.126768764061367
DS07,mc.rpart_OVERB,rpart,OVERB,24,20.345629804061666
DS07,mc.rpart_OVERB,rpart,OVERB,25,20.73673787848298
DS07,mc.rpart_OVERB,rpart,OVERB,26,20.499132616642587
DS07,mc.rpart_OVERB,rpart,OVERB,27,19.392240308152857
DS07,mc.rpart_OVERB,rpart,OVERB,28,19.651595386373238
DS07,mc.rpart_OVERB,rpart,OVERB,29,18.637496582801873
DS07,mc.rpart_OVERB,rpart,OVERB,30,19.307653034042197
DS07,mc.rpart_OVERB,rpart,OVERB,31,17.858472416013853
DS07,mc.rpart_OVERB,rpart,OVERB,32,18.562951585073495
DS07,mc.rpart_OVERB,rpart,OVERB,33,17.91363861655722
DS07,mc.rpart_OVERB,rpart,OVERB,34,18.43812826866099
DS07,mc.rpart_OVERB,rpart,OVERB,35,17.50613503867784
DS07,mc.rpart_OVERB,rpart,OVERB,36,18.671342671981304
DS07,mc.rpart_OVERB,rpart,OVERB,37,18.58842779790822
DS07,mc.rpart_OVERB,rpart,OVERB,38,18.7943271911945
DS07,mc.rpart_OVERB,rpart,OVERB,39,17.206112999555444
DS07,mc.rpart_OVERB,rpart,OVERB,40,18.450071670461725
DS07,mc.rpart_OVERB,rpart,OVERB,41,17.272971220188303
DS07,mc.rpart_OVERB,rpart,OVERB,42,17.726978529436707
DS07,mc.rpart_OVERB,rpart,OVERB,43,18.696780252655135
DS07,mc.rpart_OVERB,rpart,OVERB,44,17.29486085386741
DS07,mc.rpart_OVERB,rpart,OVERB,45,17.551982782678238
DS07,mc.rpart_OVERB,rpart,OVERB,46,18.513481223511587
DS07,mc.rpart_OVERB,rpart,OVERB,47,18.01430707069521
DS07,mc.rpart_OVERB,rpart,OVERB,48,17.572462873949817
DS07,mc.rpart_OVERB,rpart,OVERB,49,16.18275411929778
DS07,mc.rpart_OVERB,rpart,OVERB,50,16.272570175230747
DS07,mc.rpart_OVERTPhi,rpart,OVERTPhi,1,21.757352109958763
DS07,mc.rpart_OVERTPhi,rpart,OVERTPhi,2,21.32764755652588
DS07,mc.rpart_OVERTPhi,rpart,OVERTPhi,3,22.801198499640975
DS07,mc.rpart_OVERTPhi,rpart,OVERTPhi,4,21.72080749004321
DS07,mc.rpart_OVERTPhi,rpart,OVERTPhi,5,21.785516236859426
DS07,mc.rpart_OVERTPhi,rpart,OVERTPhi,6,22.221473144512057
DS07,mc.rpart_OVERTPhi,rpart,OVERTPhi,7,22.040843458714974
DS07,mc.rpart_OVERTPhi,rpart,OVERTPhi,8,21.79953399385902
DS07,mc.rpart_OVERTPhi,rpart,OVERTPhi,9,21.63423663540795
DS07,mc.rpart_OVERTPhi,rpart,OVERTPhi,10,21.114312526650995
DS07,mc.rpart_OVERTPhi,rpart,OVERTPhi,11,20.179120120106862
DS07,mc.rpart_OVERTPhi,rpart,OVERTPhi,12,21.5118514148708
DS07,mc.rpart_OVERTPhi,rpart,OVERTPhi,13,21.938194105913144
DS07,mc.rpart_OVERTPhi,rpart,OVERTPhi,14,20.166534619838718
DS07,mc.rpart_OVERTPhi,rpart,OVERTPhi,15,20.541552517487816
DS07,mc.rpart_OVERTPhi,rpart,OVERTPhi,16,21.177898267850424
DS07,mc.rpart_OVERTPhi,rpart,OVERTPhi,17,19.853838869745793
DS07,mc.rpart_OVERTPhi,rpart,OVERTPhi,18,21.216198864356546
DS07,mc.rpart_OVERTPhi,rpart,OVERTPhi,19,20.4115389068997
DS07,mc.rpart_OVERTPhi,rpart,OVERTPhi,20,19.91189371758457
DS07,mc.rpart_OVERTPhi,rpart,OVERTPhi,21,20.16541883005926
DS07,mc.rpart_OVERTPhi,rpart,OVERTPhi,22,20.713992343819015
DS07,mc.rpart_OVERTPhi,rpart,OVERTPhi,23,19.527494493036045
DS07,mc.rpart_OVERTPhi,rpart,OVERTPhi,24,19.685777096708286
DS07,mc.rpart_OVERTPhi,rpart,OVERTPhi,25,19.90356960374074
DS07,mc.rpart_OVERTPhi,rpart,OVERTPhi,26,19.491954062104686
DS07,mc.rpart_OVERTPhi,rpart,OVERTPhi,27,20.167367416436765
DS07,mc.rpart_OVERTPhi,rpart,OVERTPhi,28,19.806080069003396
DS07,mc.rpart_OVERTPhi,rpart,OVERTPhi,29,20.48853340738659
DS07,mc.rpart_OVERTPhi,rpart,OVERTPhi,30,19.991521329540088
DS07,mc.rpart_OVERTPhi,rpart,OVERTPhi,31,18.735728457231662
DS07,mc.rpart_OVERTPhi,rpart,OVERTPhi,32,18.65857682268446
DS07,mc.rpart_OVERTPhi,rpart,OVERTPhi,33,18.06567793267879
DS07,mc.rpart_OVERTPhi,rpart,OVERTPhi,34,18.265061498848613
DS07,mc.rpart_OVERTPhi,rpart,OVERTPhi,35,17.562680831661417
DS07,mc.rpart_OVERTPhi,rpart,OVERTPhi,36,18.031450901152827
DS07,mc.rpart_OVERTPhi,rpart,OVERTPhi,37,17.332621286823
DS07,mc.rpart_OVERTPhi,rpart,OVERTPhi,38,16.671380763438037
DS07,mc.rpart_OVERTPhi,rpart,OVERTPhi,39,18.11966525863915
DS07,mc.rpart_OVERTPhi,rpart,OVERTPhi,40,17.230357596458948
DS07,mc.rpart_OVERTPhi,rpart,OVERTPhi,41,18.394666818461626
DS07,mc.rpart_OVERTPhi,rpart,OVERTPhi,42,18.242558605710386
DS07,mc.rpart_OVERTPhi,rpart,OVERTPhi,43,19.281167238617222
DS07,mc.rpart_OVERTPhi,rpart,OVERTPhi,44,18.415228469449943
DS07,mc.rpart_OVERTPhi,rpart,OVERTPhi,45,16.498511139148167
DS07,mc.rpart_OVERTPhi,rpart,OVERTPhi,46,17.70670546451127
DS07,mc.rpart_OVERTPhi,rpart,OVERTPhi,47,17.31916405568949
DS07,mc.rpart_OVERTPhi,rpart,OVERTPhi,48,17.37249620428408
DS07,mc.rpart_OVERTPhi,rpart,OVERTPhi,49,17.674468033755645
DS07,mc.rpart_OVERTPhi,rpart,OVERTPhi,50,18.029324745436522
DS07,mc.rpart_OVERT,rpart,OVERT,1,21.564885150755053
DS07,mc.rpart_OVERT,rpart,OVERT,2,21.214794253570034
DS07,mc.rpart_OVERT,rpart,OVERT,3,22.145396191156493
DS07,mc.rpart_OVERT,rpart,OVERT,4,21.107851548485517
DS07,mc.rpart_OVERT,rpart,OVERT,5,21.937630608474468
DS07,mc.rpart_OVERT,rpart,OVERT,6,22.916175493379274
DS07,mc.rpart_OVERT,rpart,OVERT,7,21.460979439103788
DS07,mc.rpart_OVERT,rpart,OVERT,8,22.094731380154276
DS07,mc.rpart_OVERT,rpart,OVERT,9,21.646398959327332
DS07,mc.rpart_OVERT,rpart,OVERT,10,22.099567231597987
DS07,mc.rpart_OVERT,rpart,OVERT,11,23.399285296795483
DS07,mc.rpart_OVERT,rpart,OVERT,12,22.005704811754253
DS07,mc.rpart_OVERT,rpart,OVERT,13,21.939752316819753
DS07,mc.rpart_OVERT,rpart,OVERT,14,21.757618354289853
DS07,mc.rpart_OVERT,rpart,OVERT,15,20.317767097265985
DS07,mc.rpart_OVERT,rpart,OVERT,16,20.68072312309909
DS07,mc.rpart_OVERT,rpart,OVERT,17,21.739857998366354
DS07,mc.rpart_OVERT,rpart,OVERT,18,21.31661955473065
DS07,mc.rpart_OVERT,rpart,OVERT,19,21.452506457408635
DS07,mc.rpart_OVERT,rpart,OVERT,20,19.49894906743056
DS07,mc.rpart_OVERT,rpart,OVERT,21,18.59505446042091
DS07,mc.rpart_OVERT,rpart,OVERT,22,20.63027582376044
DS07,mc.rpart_OVERT,rpart,OVERT,23,19.6149624519437
DS07,mc.rpart_OVERT,rpart,OVERT,24,19.98456318445073
DS07,mc.rpart_OVERT,rpart,OVERT,25,20.642211367770592
DS07,mc.rpart_OVERT,rpart,OVERT,26,19.053227682711576
DS07,mc.rpart_OVERT,rpart,OVERT,27,20.06214912572785
DS07,mc.rpart_OVERT,rpart,OVERT,28,19.79197608681641
DS07,mc.rpart_OVERT,rpart,OVERT,29,19.6306598348041
DS07,mc.rpart_OVERT,rpart,OVERT,30,20.11475840355374
DS07,mc.rpart_OVERT,rpart,OVERT,31,19.519220074015074
DS07,mc.rpart_OVERT,rpart,OVERT,32,18.692755354523705
DS07,mc.rpart_OVERT,rpart,OVERT,33,18.39861660378862
DS07,mc.rpart_OVERT,rpart,OVERT,34,17.70976686228292
DS07,mc.rpart_OVERT,rpart,OVERT,35,18.05704240587112
DS07,mc.rpart_OVERT,rpart,OVERT,36,17.154741965953022
DS07,mc.rpart_OVERT,rpart,OVERT,37,17.99105811637549
DS07,mc.rpart_OVERT,rpart,OVERT,38,17.841293293742915
DS07,mc.rpart_OVERT,rpart,OVERT,39,16.54585868782311
DS07,mc.rpart_OVERT,rpart,OVERT,40,16.80303725621129
DS07,mc.rpart_OVERT,rpart,OVERT,41,18.21666248209559
DS07,mc.rpart_OVERT,rpart,OVERT,42,18.113703030590813
DS07,mc.rpart_OVERT,rpart,OVERT,43,17.616535602914944
DS07,mc.rpart_OVERT,rpart,OVERT,44,17.418309959100853
DS07,mc.rpart_OVERT,rpart,OVERT,45,16.68601353400164
DS07,mc.rpart_OVERT,rpart,OVERT,46,17.928755654841236
DS07,mc.rpart_OVERT,rpart,OVERT,47,17.773202018116212
DS07,mc.rpart_OVERT,rpart,OVERT,48,17.195408256562736
DS07,mc.rpart_OVERT,rpart,OVERT,49,16.956463897775176
DS07,mc.rpart_OVERT,rpart,OVERT,50,17.785133233633072
DS07,mc.rpart_SMOTEB,rpart,SMOTEB,1,21.85851514894986
DS07,mc.rpart_SMOTEB,rpart,SMOTEB,2,23.321451504350616
DS07,mc.rpart_SMOTEB,rpart,SMOTEB,3,23.44948590152334
DS07,mc.rpart_SMOTEB,rpart,SMOTEB,4,22.992506781701408
DS07,mc.rpart_SMOTEB,rpart,SMOTEB,5,24.632612805890332
DS07,mc.rpart_SMOTEB,rpart,SMOTEB,6,24.713856603978083
DS07,mc.rpart_SMOTEB,rpart,SMOTEB,7,23.010455580327505
DS07,mc.rpart_SMOTEB,rpart,SMOTEB,8,22.334575293224155
DS07,mc.rpart_SMOTEB,rpart,SMOTEB,9,24.21827487538979
DS07,mc.rpart_SMOTEB,rpart,SMOTEB,10,21.958554621538063
DS07,mc.rpart_SMOTEB,rpart,SMOTEB,11,22.7085010439194
DS07,mc.rpart_SMOTEB,rpart,SMOTEB,12,22.704251944019568
DS07,mc.rpart_SMOTEB,rpart,SMOTEB,13,23.290885505889033
DS07,mc.rpart_SMOTEB,rpart,SMOTEB,14,22.454700404810858
DS07,mc.rpart_SMOTEB,rpart,SMOTEB,15,22.208680904727718
DS07,mc.rpart_SMOTEB,rpart,SMOTEB,16,21.862241670238205
DS07,mc.rpart_SMOTEB,rpart,SMOTEB,17,22.49009608042868
DS07,mc.rpart_SMOTEB,rpart,SMOTEB,18,22.537050278149387
DS07,mc.rpart_SMOTEB,rpart,SMOTEB,19,22.34311676495858
DS07,mc.rpart_SMOTEB,rpart,SMOTEB,20,21.838333408553638
DS07,mc.rpart_SMOTEB,rpart,SMOTEB,21,21.466573118946332
DS07,mc.rpart_SMOTEB,rpart,SMOTEB,22,20.28810354714985
DS07,mc.rpart_SMOTEB,rpart,SMOTEB,23,21.623151465383486
DS07,mc.rpart_SMOTEB,rpart,SMOTEB,24,21.27046647633215
DS07,mc.rpart_SMOTEB,rpart,SMOTEB,25,21.5656568132455
DS07,mc.rpart_SMOTEB,rpart,SMOTEB,26,20.529420346401384
DS07,mc.rpart_SMOTEB,rpart,SMOTEB,27,21.056673594785583
DS07,mc.rpart_SMOTEB,rpart,SMOTEB,28,20.911778294813434
DS07,mc.rpart_SMOTEB,rpart,SMOTEB,29,20.882804638112365
DS07,mc.rpart_SMOTEB,rpart,SMOTEB,30,20.715757150334873
DS07,mc.rpart_SMOTEB,rpart,SMOTEB,31,21.219411136090216
DS07,mc.rpart_SMOTEB,rpart,SMOTEB,32,19.955865724135165
DS07,mc.rpart_SMOTEB,rpart,SMOTEB,33,19.09140872549045
DS07,mc.rpart_SMOTEB,rpart,SMOTEB,34,20.006248736014502
DS07,mc.rpart_SMOTEB,rpart,SMOTEB,35,18.46208227283831
DS07,mc.rpart_SMOTEB,rpart,SMOTEB,36,18.691545442102644
DS07,mc.rpart_SMOTEB,rpart,SMOTEB,37,18.0883506365289
DS07,mc.rpart_SMOTEB,rpart,SMOTEB,38,18.896237666498013
DS07,mc.rpart_SMOTEB,rpart,SMOTEB,39,17.867489574294595
DS07,mc.rpart_SMOTEB,rpart,SMOTEB,40,20.107370519919822
DS07,mc.rpart_SMOTEB,rpart,SMOTEB,41,17.917209872637102
DS07,mc.rpart_SMOTEB,rpart,SMOTEB,42,18.165350369604145
DS07,mc.rpart_SMOTEB,rpart,SMOTEB,43,18.81183553320761
DS07,mc.rpart_SMOTEB,rpart,SMOTEB,44,18.424968461492515
DS07,mc.rpart_SMOTEB,rpart,SMOTEB,45,19.183363655155105
DS07,mc.rpart_SMOTEB,rpart,SMOTEB,46,17.720718823844614
DS07,mc.rpart_SMOTEB,rpart,SMOTEB,47,18.57985887989482
DS07,mc.rpart_SMOTEB,rpart,SMOTEB,48,18.28827966215877
DS07,mc.rpart_SMOTEB,rpart,SMOTEB,49,18.343487228306365
DS07,mc.rpart_SMOTEB,rpart,SMOTEB,50,18.327478320674867
DS07,mc.rpart_SMOTETPhi,rpart,SMOTETPhi,1,23.812967488496014
DS07,mc.rpart_SMOTETPhi,rpart,SMOTETPhi,2,23.268438669596563
DS07,mc.rpart_SMOTETPhi,rpart,SMOTETPhi,3,24.013636148767166
DS07,mc.rpart_SMOTETPhi,rpart,SMOTETPhi,4,21.549939026513588
DS07,mc.rpart_SMOTETPhi,rpart,SMOTETPhi,5,24.34592085276558
DS07,mc.rpart_SMOTETPhi,rpart,SMOTETPhi,6,23.997708136336705
DS07,mc.rpart_SMOTETPhi,rpart,SMOTETPhi,7,24.301956318030047
DS07,mc.rpart_SMOTETPhi,rpart,SMOTETPhi,8,23.910286578932077
DS07,mc.rpart_SMOTETPhi,rpart,SMOTETPhi,9,23.9149222790546
DS07,mc.rpart_SMOTETPhi,rpart,SMOTETPhi,10,24.00512156491146
DS07,mc.rpart_SMOTETPhi,rpart,SMOTETPhi,11,22.60671523977757
DS07,mc.rpart_SMOTETPhi,rpart,SMOTETPhi,12,23.020389256243288
DS07,mc.rpart_SMOTETPhi,rpart,SMOTETPhi,13,22.397544227486573
DS07,mc.rpart_SMOTETPhi,rpart,SMOTETPhi,14,23.055971779491408
DS07,mc.rpart_SMOTETPhi,rpart,SMOTETPhi,15,22.55810476173203
DS07,mc.rpart_SMOTETPhi,rpart,SMOTETPhi,16,23.16560556442965
DS07,mc.rpart_SMOTETPhi,rpart,SMOTETPhi,17,23.118700963643036
DS07,mc.rpart_SMOTETPhi,rpart,SMOTETPhi,18,23.02281203787614
DS07,mc.rpart_SMOTETPhi,rpart,SMOTETPhi,19,24.593501285209822
DS07,mc.rpart_SMOTETPhi,rpart,SMOTETPhi,20,22.085834442479847
DS07,mc.rpart_SMOTETPhi,rpart,SMOTETPhi,21,21.109082385099097
DS07,mc.rpart_SMOTETPhi,rpart,SMOTETPhi,22,21.29451523852858
DS07,mc.rpart_SMOTETPhi,rpart,SMOTETPhi,23,24.074928189401362
DS07,mc.rpart_SMOTETPhi,rpart,SMOTETPhi,24,22.09964828851958
DS07,mc.rpart_SMOTETPhi,rpart,SMOTETPhi,25,22.29067451936487
DS07,mc.rpart_SMOTETPhi,rpart,SMOTETPhi,26,22.218679817048596
DS07,mc.rpart_SMOTETPhi,rpart,SMOTETPhi,27,21.05994936366728
DS07,mc.rpart_SMOTETPhi,rpart,SMOTETPhi,28,21.309534061006165
DS07,mc.rpart_SMOTETPhi,rpart,SMOTETPhi,29,19.989996371414236
DS07,mc.rpart_SMOTETPhi,rpart,SMOTETPhi,30,20.800340812792484
DS07,mc.rpart_SMOTETPhi,rpart,SMOTETPhi,31,21.22361086254352
DS07,mc.rpart_SMOTETPhi,rpart,SMOTETPhi,32,21.741358695050103
DS07,mc.rpart_SMOTETPhi,rpart,SMOTETPhi,33,19.28322647269237
DS07,mc.rpart_SMOTETPhi,rpart,SMOTETPhi,34,21.520314274684566
DS07,mc.rpart_SMOTETPhi,rpart,SMOTETPhi,35,18.479136453138366
DS07,mc.rpart_SMOTETPhi,rpart,SMOTETPhi,36,18.56390512063759
DS07,mc.rpart_SMOTETPhi,rpart,SMOTETPhi,37,20.592844669926677
DS07,mc.rpart_SMOTETPhi,rpart,SMOTETPhi,38,19.793843794945268
DS07,mc.rpart_SMOTETPhi,rpart,SMOTETPhi,39,18.576661104139824
DS07,mc.rpart_SMOTETPhi,rpart,SMOTETPhi,40,19.122755862990164
DS07,mc.rpart_SMOTETPhi,rpart,SMOTETPhi,41,19.46662121203231
DS07,mc.rpart_SMOTETPhi,rpart,SMOTETPhi,42,17.419079545647218
DS07,mc.rpart_SMOTETPhi,rpart,SMOTETPhi,43,18.675038455661987
DS07,mc.rpart_SMOTETPhi,rpart,SMOTETPhi,44,18.485350174925685
DS07,mc.rpart_SMOTETPhi,rpart,SMOTETPhi,45,17.689950803968053
DS07,mc.rpart_SMOTETPhi,rpart,SMOTETPhi,46,19.61917951498141
DS07,mc.rpart_SMOTETPhi,rpart,SMOTETPhi,47,18.237462167640395
DS07,mc.rpart_SMOTETPhi,rpart,SMOTETPhi,48,18.675661711312497
DS07,mc.rpart_SMOTETPhi,rpart,SMOTETPhi,49,18.466983805820153
DS07,mc.rpart_SMOTETPhi,rpart,SMOTETPhi,50,19.274661911470112
DS07,mc.rpart_SMOTET,rpart,SMOTET,1,22.96914977618409
DS07,mc.rpart_SMOTET,rpart,SMOTET,2,23.770407641087445
DS07,mc.rpart_SMOTET,rpart,SMOTET,3,23.169176803586407
DS07,mc.rpart_SMOTET,rpart,SMOTET,4,22.224429941899153
DS07,mc.rpart_SMOTET,rpart,SMOTET,5,22.28901825827749
DS07,mc.rpart_SMOTET,rpart,SMOTET,6,22.16962033572802
DS07,mc.rpart_SMOTET,rpart,SMOTET,7,24.743314793822897
DS07,mc.rpart_SMOTET,rpart,SMOTET,8,23.169389498706824
DS07,mc.rpart_SMOTET,rpart,SMOTET,9,22.514887479340334
DS07,mc.rpart_SMOTET,rpart,SMOTET,10,22.717333169998977
DS07,mc.rpart_SMOTET,rpart,SMOTET,11,22.4559328798308
DS07,mc.rpart_SMOTET,rpart,SMOTET,12,22.964406237298256
DS07,mc.rpart_SMOTET,rpart,SMOTET,13,22.0566557677119
DS07,mc.rpart_SMOTET,rpart,SMOTET,14,21.499603590688395
DS07,mc.rpart_SMOTET,rpart,SMOTET,15,22.887476086010913
DS07,mc.rpart_SMOTET,rpart,SMOTET,16,22.776274784572916
DS07,mc.rpart_SMOTET,rpart,SMOTET,17,21.8859011970666
DS07,mc.rpart_SMOTET,rpart,SMOTET,18,22.799534484378523
DS07,mc.rpart_SMOTET,rpart,SMOTET,19,23.40756388654123
DS07,mc.rpart_SMOTET,rpart,SMOTET,20,21.29314637694264
DS07,mc.rpart_SMOTET,rpart,SMOTET,21,21.13679394589566
DS07,mc.rpart_SMOTET,rpart,SMOTET,22,19.527441471949075
DS07,mc.rpart_SMOTET,rpart,SMOTET,23,21.028210932739704
DS07,mc.rpart_SMOTET,rpart,SMOTET,24,20.361776948463653
DS07,mc.rpart_SMOTET,rpart,SMOTET,25,21.16261934247547
DS07,mc.rpart_SMOTET,rpart,SMOTET,26,20.664303762571684
DS07,mc.rpart_SMOTET,rpart,SMOTET,27,20.804581994283193
DS07,mc.rpart_SMOTET,rpart,SMOTET,28,20.75740039208141
DS07,mc.rpart_SMOTET,rpart,SMOTET,29,20.318523056978997
DS07,mc.rpart_SMOTET,rpart,SMOTET,30,20.23299914640889
DS07,mc.rpart_SMOTET,rpart,SMOTET,31,21.008177417010966
DS07,mc.rpart_SMOTET,rpart,SMOTET,32,21.21016333700211
DS07,mc.rpart_SMOTET,rpart,SMOTET,33,19.441668136000526
DS07,mc.rpart_SMOTET,rpart,SMOTET,34,19.995941278744848
DS07,mc.rpart_SMOTET,rpart,SMOTET,35,18.628425706184714
DS07,mc.rpart_SMOTET,rpart,SMOTET,36,18.562822051297097
DS07,mc.rpart_SMOTET,rpart,SMOTET,37,19.507230956125714
DS07,mc.rpart_SMOTET,rpart,SMOTET,38,19.407534380311713
DS07,mc.rpart_SMOTET,rpart,SMOTET,39,18.647036725355647
DS07,mc.rpart_SMOTET,rpart,SMOTET,40,18.253574150736608
DS07,mc.rpart_SMOTET,rpart,SMOTET,41,19.810656439265493
DS07,mc.rpart_SMOTET,rpart,SMOTET,42,19.358009345143284
DS07,mc.rpart_SMOTET,rpart,SMOTET,43,17.85853249042634
DS07,mc.rpart_SMOTET,rpart,SMOTET,44,18.965478160857238
DS07,mc.rpart_SMOTET,rpart,SMOTET,45,16.570952810356538
DS07,mc.rpart_SMOTET,rpart,SMOTET,46,19.208061661906957
DS07,mc.rpart_SMOTET,rpart,SMOTET,47,18.78792342202829
DS07,mc.rpart_SMOTET,rpart,SMOTET,48,17.654486205884787
DS07,mc.rpart_SMOTET,rpart,SMOTET,49,18.432252097874397
DS07,mc.rpart_SMOTET,rpart,SMOTET,50,19.352424694053127
DS07,mc.rpart_UNDERB,rpart,UNDERB,1,23.191036319908996
DS07,mc.rpart_UNDERB,rpart,UNDERB,2,23.502663304744136
DS07,mc.rpart_UNDERB,rpart,UNDERB,3,23.800862245574056
DS07,mc.rpart_UNDERB,rpart,UNDERB,4,21.586312129136132
DS07,mc.rpart_UNDERB,rpart,UNDERB,5,24.66276635344662
DS07,mc.rpart_UNDERB,rpart,UNDERB,6,25.254174040662594
DS07,mc.rpart_UNDERB,rpart,UNDERB,7,25.694192974327464
DS07,mc.rpart_UNDERB,rpart,UNDERB,8,24.45637549399327
DS07,mc.rpart_UNDERB,rpart,UNDERB,9,23.63936968151721
DS07,mc.rpart_UNDERB,rpart,UNDERB,10,23.918437126121987
DS07,mc.rpart_UNDERB,rpart,UNDERB,11,24.256845178991107
DS07,mc.rpart_UNDERB,rpart,UNDERB,12,23.301606869543967
DS07,mc.rpart_UNDERB,rpart,UNDERB,13,24.356470916756
DS07,mc.rpart_UNDERB,rpart,UNDERB,14,22.75009000559423
DS07,mc.rpart_UNDERB,rpart,UNDERB,15,23.742911795545155
DS07,mc.rpart_UNDERB,rpart,UNDERB,16,24.41372896696672
DS07,mc.rpart_UNDERB,rpart,UNDERB,17,23.048459332604782
DS07,mc.rpart_UNDERB,rpart,UNDERB,18,23.76893017527451
DS07,mc.rpart_UNDERB,rpart,UNDERB,19,24.09619343272743
DS07,mc.rpart_UNDERB,rpart,UNDERB,20,21.08806496537689
DS07,mc.rpart_UNDERB,rpart,UNDERB,21,21.89768075061069
DS07,mc.rpart_UNDERB,rpart,UNDERB,22,22.16603435973372
DS07,mc.rpart_UNDERB,rpart,UNDERB,23,21.615533140240416
DS07,mc.rpart_UNDERB,rpart,UNDERB,24,21.076532221149133
DS07,mc.rpart_UNDERB,rpart,UNDERB,25,19.885083257877124
DS07,mc.rpart_UNDERB,rpart,UNDERB,26,20.822910682505373
DS07,mc.rpart_UNDERB,rpart,UNDERB,27,21.65667912291462
DS07,mc.rpart_UNDERB,rpart,UNDERB,28,20.983760964345546
DS07,mc.rpart_UNDERB,rpart,UNDERB,29,23.81407849052508
DS07,mc.rpart_UNDERB,rpart,UNDERB,30,21.72277172600819
DS07,mc.rpart_UNDERB,rpart,UNDERB,31,21.78347095526806
DS07,mc.rpart_UNDERB,rpart,UNDERB,32,21.058486234447184
DS07,mc.rpart_UNDERB,rpart,UNDERB,33,20.454405239411503
DS07,mc.rpart_UNDERB,rpart,UNDERB,34,20.226520841890366
DS07,mc.rpart_UNDERB,rpart,UNDERB,35,19.61487609003416
DS07,mc.rpart_UNDERB,rpart,UNDERB,36,19.853073023219494
DS07,mc.rpart_UNDERB,rpart,UNDERB,37,18.459587497254002
DS07,mc.rpart_UNDERB,rpart,UNDERB,38,20.897137894536574
DS07,mc.rpart_UNDERB,rpart,UNDERB,39,19.151774484604562
DS07,mc.rpart_UNDERB,rpart,UNDERB,40,19.48589574728576
DS07,mc.rpart_UNDERB,rpart,UNDERB,41,20.149003598840793
DS07,mc.rpart_UNDERB,rpart,UNDERB,42,20.322368875114286
DS07,mc.rpart_UNDERB,rpart,UNDERB,43,20.36719837161967
DS07,mc.rpart_UNDERB,rpart,UNDERB,44,19.275873342307943
DS07,mc.rpart_UNDERB,rpart,UNDERB,45,19.43440219471006
DS07,mc.rpart_UNDERB,rpart,UNDERB,46,19.269698738105046
DS07,mc.rpart_UNDERB,rpart,UNDERB,47,19.3509834173772
DS07,mc.rpart_UNDERB,rpart,UNDERB,48,20.01036886480607
DS07,mc.rpart_UNDERB,rpart,UNDERB,49,19.290128487791478
DS07,mc.rpart_UNDERB,rpart,UNDERB,50,20.77888044263428
DS07,mc.rpart_UNDERTPhi,rpart,UNDERTPhi,1,23.49650959966889
DS07,mc.rpart_UNDERTPhi,rpart,UNDERTPhi,2,21.837450167824674
DS07,mc.rpart_UNDERTPhi,rpart,UNDERTPhi,3,23.14795536926607
DS07,mc.rpart_UNDERTPhi,rpart,UNDERTPhi,4,23.56195412946786
DS07,mc.rpart_UNDERTPhi,rpart,UNDERTPhi,5,24.377455962779372
DS07,mc.rpart_UNDERTPhi,rpart,UNDERTPhi,6,25.34006666728854
DS07,mc.rpart_UNDERTPhi,rpart,UNDERTPhi,7,25.79160813066826
DS07,mc.rpart_UNDERTPhi,rpart,UNDERTPhi,8,24.630206131008578
DS07,mc.rpart_UNDERTPhi,rpart,UNDERTPhi,9,25.267365992322777
DS07,mc.rpart_UNDERTPhi,rpart,UNDERTPhi,10,24.256809022424697
DS07,mc.rpart_UNDERTPhi,rpart,UNDERTPhi,11,25.456361740992588
DS07,mc.rpart_UNDERTPhi,rpart,UNDERTPhi,12,22.69050063613826
DS07,mc.rpart_UNDERTPhi,rpart,UNDERTPhi,13,24.54048780266645
DS07,mc.rpart_UNDERTPhi,rpart,UNDERTPhi,14,23.565451261243307
DS07,mc.rpart_UNDERTPhi,rpart,UNDERTPhi,15,23.39756988753363
DS07,mc.rpart_UNDERTPhi,rpart,UNDERTPhi,16,22.848842769674675
DS07,mc.rpart_UNDERTPhi,rpart,UNDERTPhi,17,24.869599868171374
DS07,mc.rpart_UNDERTPhi,rpart,UNDERTPhi,18,22.588571824798603
DS07,mc.rpart_UNDERTPhi,rpart,UNDERTPhi,19,23.779037625801266
DS07,mc.rpart_UNDERTPhi,rpart,UNDERTPhi,20,23.85281319939748
DS07,mc.rpart_UNDERTPhi,rpart,UNDERTPhi,21,23.910728333341282
DS07,mc.rpart_UNDERTPhi,rpart,UNDERTPhi,22,21.623513692442536
DS07,mc.rpart_UNDERTPhi,rpart,UNDERTPhi,23,22.572212193212156
DS07,mc.rpart_UNDERTPhi,rpart,UNDERTPhi,24,21.258512094787744
DS07,mc.rpart_UNDERTPhi,rpart,UNDERTPhi,25,22.997712699165117
DS07,mc.rpart_UNDERTPhi,rpart,UNDERTPhi,26,21.63033769144282
DS07,mc.rpart_UNDERTPhi,rpart,UNDERTPhi,27,22.265213587354104
DS07,mc.rpart_UNDERTPhi,rpart,UNDERTPhi,28,21.90786109092485
DS07,mc.rpart_UNDERTPhi,rpart,UNDERTPhi,29,21.605011600249824
DS07,mc.rpart_UNDERTPhi,rpart,UNDERTPhi,30,20.969250210345578
DS07,mc.rpart_UNDERTPhi,rpart,UNDERTPhi,31,21.26896366154374
DS07,mc.rpart_UNDERTPhi,rpart,UNDERTPhi,32,21.030470846605574
DS07,mc.rpart_UNDERTPhi,rpart,UNDERTPhi,33,19.896430970295935
DS07,mc.rpart_UNDERTPhi,rpart,UNDERTPhi,34,20.425507515175504
DS07,mc.rpart_UNDERTPhi,rpart,UNDERTPhi,35,21.431638251006603
DS07,mc.rpart_UNDERTPhi,rpart,UNDERTPhi,36,20.111072940629892
DS07,mc.rpart_UNDERTPhi,rpart,UNDERTPhi,37,17.940853505280494
DS07,mc.rpart_UNDERTPhi,rpart,UNDERTPhi,38,19.472611561213473
DS07,mc.rpart_UNDERTPhi,rpart,UNDERTPhi,39,19.319252764431504
DS07,mc.rpart_UNDERTPhi,rpart,UNDERTPhi,40,19.967741348168463
DS07,mc.rpart_UNDERTPhi,rpart,UNDERTPhi,41,21.0618352163444
DS07,mc.rpart_UNDERTPhi,rpart,UNDERTPhi,42,20.301651975789824
DS07,mc.rpart_UNDERTPhi,rpart,UNDERTPhi,43,20.567163413030986
DS07,mc.rpart_UNDERTPhi,rpart,UNDERTPhi,44,19.1332812077228
DS07,mc.rpart_UNDERTPhi,rpart,UNDERTPhi,45,19.30222503097799
DS07,mc.rpart_UNDERTPhi,rpart,UNDERTPhi,46,18.453974649994485
DS07,mc.rpart_UNDERTPhi,rpart,UNDERTPhi,47,20.370100995270377
DS07,mc.rpart_UNDERTPhi,rpart,UNDERTPhi,48,17.97129612293578
DS07,mc.rpart_UNDERTPhi,rpart,UNDERTPhi,49,18.910591708044034
DS07,mc.rpart_UNDERTPhi,rpart,UNDERTPhi,50,20.945561955787987
DS07,mc.rpart_UNDERT,rpart,UNDERT,1,24.13983676037623
DS07,mc.rpart_UNDERT,rpart,UNDERT,2,25.304469502730356
DS07,mc.rpart_UNDERT,rpart,UNDERT,3,23.798560773008074
DS07,mc.rpart_UNDERT,rpart,UNDERT,4,23.803513588176962
DS07,mc.rpart_UNDERT,rpart,UNDERT,5,24.369497139066322
DS07,mc.rpart_UNDERT,rpart,UNDERT,6,23.05889675698164
DS07,mc.rpart_UNDERT,rpart,UNDERT,7,24.10758084731126
DS07,mc.rpart_UNDERT,rpart,UNDERT,8,23.318688413748657
DS07,mc.rpart_UNDERT,rpart,UNDERT,9,24.41829279847335
DS07,mc.rpart_UNDERT,rpart,UNDERT,10,24.49995834115759
DS07,mc.rpart_UNDERT,rpart,UNDERT,11,25.032054928582017
DS07,mc.rpart_UNDERT,rpart,UNDERT,12,24.194936373357486
DS07,mc.rpart_UNDERT,rpart,UNDERT,13,24.10596559693101
DS07,mc.rpart_UNDERT,rpart,UNDERT,14,23.51516860303942
DS07,mc.rpart_UNDERT,rpart,UNDERT,15,23.679117007718954
DS07,mc.rpart_UNDERT,rpart,UNDERT,16,21.369978042406185
DS07,mc.rpart_UNDERT,rpart,UNDERT,17,24.3208735555846
DS07,mc.rpart_UNDERT,rpart,UNDERT,18,23.275209331513505
DS07,mc.rpart_UNDERT,rpart,UNDERT,19,24.037379383845927
DS07,mc.rpart_UNDERT,rpart,UNDERT,20,22.231943608990054
DS07,mc.rpart_UNDERT,rpart,UNDERT,21,21.117103861538858
DS07,mc.rpart_UNDERT,rpart,UNDERT,22,23.385508548880452
DS07,mc.rpart_UNDERT,rpart,UNDERT,23,22.520827943190426
DS07,mc.rpart_UNDERT,rpart,UNDERT,24,22.306529595767877
DS07,mc.rpart_UNDERT,rpart,UNDERT,25,21.17575262359733
DS07,mc.rpart_UNDERT,rpart,UNDERT,26,22.6762750920135
DS07,mc.rpart_UNDERT,rpart,UNDERT,27,22.081276822617824
DS07,mc.rpart_UNDERT,rpart,UNDERT,28,22.551539889179537
DS07,mc.rpart_UNDERT,rpart,UNDERT,29,20.447928319376626
DS07,mc.rpart_UNDERT,rpart,UNDERT,30,21.70072697438524
DS07,mc.rpart_UNDERT,rpart,UNDERT,31,21.52264840304164
DS07,mc.rpart_UNDERT,rpart,UNDERT,32,20.668462512308793
DS07,mc.rpart_UNDERT,rpart,UNDERT,33,21.03858618082226
DS07,mc.rpart_UNDERT,rpart,UNDERT,34,20.586599360857544
DS07,mc.rpart_UNDERT,rpart,UNDERT,35,19.659226978127716
DS07,mc.rpart_UNDERT,rpart,UNDERT,36,20.54028795827735
DS07,mc.rpart_UNDERT,rpart,UNDERT,37,19.796894538406644
DS07,mc.rpart_UNDERT,rpart,UNDERT,38,19.401646923113475
DS07,mc.rpart_UNDERT,rpart,UNDERT,39,18.98307430284889
DS07,mc.rpart_UNDERT,rpart,UNDERT,40,20.766358697731782
DS07,mc.rpart_UNDERT,rpart,UNDERT,41,18.41282596825259
DS07,mc.rpart_UNDERT,rpart,UNDERT,42,19.835074183076802
DS07,mc.rpart_UNDERT,rpart,UNDERT,43,18.115782647092143
DS07,mc.rpart_UNDERT,rpart,UNDERT,44,20.113894017148528
DS07,mc.rpart_UNDERT,rpart,UNDERT,45,19.391451656232515
DS07,mc.rpart_UNDERT,rpart,UNDERT,46,20.04801633150841
DS07,mc.rpart_UNDERT,rpart,UNDERT,47,19.65786665372278
DS07,mc.rpart_UNDERT,rpart,UNDERT,48,19.230420784994454
DS07,mc.rpart_UNDERT,rpart,UNDERT,49,20.003318719693368
DS07,mc.rpart_UNDERT,rpart,UNDERT,50,21.064940894471533
DS07,mc.rpart,rpart,baseline,1,18.815424122868325
DS07,mc.rpart,rpart,baseline,2,18.702739020953427
DS07,mc.rpart,rpart,baseline,3,18.631215945635656
DS07,mc.rpart,rpart,baseline,4,18.66958908556847
DS07,mc.rpart,rpart,baseline,5,19.22028599889351
DS07,mc.rpart,rpart,baseline,6,19.195482881076494
DS07,mc.rpart,rpart,baseline,7,19.235790097678436
DS07,mc.rpart,rpart,baseline,8,19.255465153314905
DS07,mc.rpart,rpart,baseline,9,19.07076812740364
DS07,mc.rpart,rpart,baseline,10,19.194156743103836
DS07,mc.rpart,rpart,baseline,11,19.187795624672848
DS07,mc.rpart,rpart,baseline,12,19.151721922388475
DS07,mc.rpart,rpart,baseline,13,19.515843328366444
DS07,mc.rpart,rpart,baseline,14,19.632472896629466
DS07,mc.rpart,rpart,baseline,15,19.03922704442095
DS07,mc.rpart,rpart,baseline,16,19.04636597561458
DS07,mc.rpart,rpart,baseline,17,19.739464213826523
DS07,mc.rpart,rpart,baseline,18,19.56694326783522
DS07,mc.rpart,rpart,baseline,19,19.424423007232946
DS07,mc.rpart,rpart,baseline,20,18.3794749855397
DS07,mc.rpart,rpart,baseline,21,18.51849559921821
DS07,mc.rpart,rpart,baseline,22,18.117446917474012
DS07,mc.rpart,rpart,baseline,23,18.047344544350725
DS07,mc.rpart,rpart,baseline,24,17.896293963448095
DS07,mc.rpart,rpart,baseline,25,17.868579703317153
DS07,mc.rpart,rpart,baseline,26,17.351074315305713
DS07,mc.rpart,rpart,baseline,27,18.062181353184236
DS07,mc.rpart,rpart,baseline,28,17.941381979252007
DS07,mc.rpart,rpart,baseline,29,18.162178370655585
DS07,mc.rpart,rpart,baseline,30,17.88046537314296
DS07,mc.rpart,rpart,baseline,31,17.4016837809443
DS07,mc.rpart,rpart,baseline,32,17.416757295119083
DS07,mc.rpart,rpart,baseline,33,16.568695666951015
DS07,mc.rpart,rpart,baseline,34,16.557537159231924
DS07,mc.rpart,rpart,baseline,35,16.338631488544582
DS07,mc.rpart,rpart,baseline,36,16.377710095612315
DS07,mc.rpart,rpart,baseline,37,16.196748818223696
DS07,mc.rpart,rpart,baseline,38,16.15517973939535
DS07,mc.rpart,rpart,baseline,39,16.133216079951456
DS07,mc.rpart,rpart,baseline,40,16.503260306016696
DS07,mc.rpart,rpart,baseline,41,16.62383148609911
DS07,mc.rpart,rpart,baseline,42,16.50938030509003
DS07,mc.rpart,rpart,baseline,43,16.035466089403698
DS07,mc.rpart,rpart,baseline,44,15.897101452264177
DS07,mc.rpart,rpart,baseline,45,15.567516716458027
DS07,mc.rpart,rpart,baseline,46,15.635679532307243
DS07,mc.rpart,rpart,baseline,47,15.721311566579413
DS07,mc.rpart,rpart,baseline,48,15.862539868161452
DS07,mc.rpart,rpart,baseline,49,15.86662958544682
DS07,mc.rpart,rpart,baseline,50,16.722507882578206
DS07,mc.svm_OVERB,svm,OVERB,1,18.696572986175543
DS07,mc.svm_OVERB,svm,OVERB,2,18.155741759007235
DS07,mc.svm_OVERB,svm,OVERB,3,18.706756791608502
DS07,mc.svm_OVERB,svm,OVERB,4,18.93533837626989
DS07,mc.svm_OVERB,svm,OVERB,5,19.147455926812615
DS07,mc.svm_OVERB,svm,OVERB,6,18.56932453148803
DS07,mc.svm_OVERB,svm,OVERB,7,19.09758935453819
DS07,mc.svm_OVERB,svm,OVERB,8,19.10295012450512
DS07,mc.svm_OVERB,svm,OVERB,9,18.667681157004054
DS07,mc.svm_OVERB,svm,OVERB,10,18.69662274292543
DS07,mc.svm_OVERB,svm,OVERB,11,18.389145100903914
DS07,mc.svm_OVERB,svm,OVERB,12,18.555810439678833
DS07,mc.svm_OVERB,svm,OVERB,13,18.26885221173731
DS07,mc.svm_OVERB,svm,OVERB,14,17.906868387224645
DS07,mc.svm_OVERB,svm,OVERB,15,17.931812230900334
DS07,mc.svm_OVERB,svm,OVERB,16,18.279249926749145
DS07,mc.svm_OVERB,svm,OVERB,17,18.10382698203872
DS07,mc.svm_OVERB,svm,OVERB,18,17.46950296152626
DS07,mc.svm_OVERB,svm,OVERB,19,17.94846585933642
DS07,mc.svm_OVERB,svm,OVERB,20,16.50544607228454
DS07,mc.svm_OVERB,svm,OVERB,21,15.941257332943268
DS07,mc.svm_OVERB,svm,OVERB,22,15.86181570682037
DS07,mc.svm_OVERB,svm,OVERB,23,15.523344322230228
DS07,mc.svm_OVERB,svm,OVERB,24,15.288928258515421
DS07,mc.svm_OVERB,svm,OVERB,25,14.985636902450702
DS07,mc.svm_OVERB,svm,OVERB,26,14.785053942434379
DS07,mc.svm_OVERB,svm,OVERB,27,15.145129323777528
DS07,mc.svm_OVERB,svm,OVERB,28,15.492041010993914
DS07,mc.svm_OVERB,svm,OVERB,29,15.746152280207879
DS07,mc.svm_OVERB,svm,OVERB,30,15.220895538382447
DS07,mc.svm_OVERB,svm,OVERB,31,14.807225795345998
DS07,mc.svm_OVERB,svm,OVERB,32,14.753194414288817
DS07,mc.svm_OVERB,svm,OVERB,33,14.292127382254181
DS07,mc.svm_OVERB,svm,OVERB,34,14.414867516316667
DS07,mc.svm_OVERB,svm,OVERB,35,14.101285386531574
DS07,mc.svm_OVERB,svm,OVERB,36,13.967924709647587
DS07,mc.svm_OVERB,svm,OVERB,37,13.949962902419488
DS07,mc.svm_OVERB,svm,OVERB,38,14.014979551339858
DS07,mc.svm_OVERB,svm,OVERB,39,13.877157591295056
DS07,mc.svm_OVERB,svm,OVERB,40,14.222438963754948
DS07,mc.svm_OVERB,svm,OVERB,41,14.152956511648084
DS07,mc.svm_OVERB,svm,OVERB,42,13.890154072958742
DS07,mc.svm_OVERB,svm,OVERB,43,13.469099727550168
DS07,mc.svm_OVERB,svm,OVERB,44,13.549221498636408
DS07,mc.svm_OVERB,svm,OVERB,45,13.512934836604023
DS07,mc.svm_OVERB,svm,OVERB,46,13.51829953431622
DS07,mc.svm_OVERB,svm,OVERB,47,13.346059739712075
DS07,mc.svm_OVERB,svm,OVERB,48,13.334550417806678
DS07,mc.svm_OVERB,svm,OVERB,49,13.538078635801892
DS07,mc.svm_OVERB,svm,OVERB,50,14.236967130525787
DS07,mc.svm_OVERTPhi,svm,OVERTPhi,1,19.542630077269365
DS07,mc.svm_OVERTPhi,svm,OVERTPhi,2,18.76641080430646
DS07,mc.svm_OVERTPhi,svm,OVERTPhi,3,18.953505299598838
DS07,mc.svm_OVERTPhi,svm,OVERTPhi,4,19.660889565073433
DS07,mc.svm_OVERTPhi,svm,OVERTPhi,5,19.666172649666272
DS07,mc.svm_OVERTPhi,svm,OVERTPhi,6,19.507138652258064
DS07,mc.svm_OVERTPhi,svm,OVERTPhi,7,19.309592117385765
DS07,mc.svm_OVERTPhi,svm,OVERTPhi,8,19.36446928580769
DS07,mc.svm_OVERTPhi,svm,OVERTPhi,9,19.895458693959686
DS07,mc.svm_OVERTPhi,svm,OVERTPhi,10,19.473170569772034
DS07,mc.svm_OVERTPhi,svm,OVERTPhi,11,19.128766162398946
DS07,mc.svm_OVERTPhi,svm,OVERTPhi,12,18.934011638762943
DS07,mc.svm_OVERTPhi,svm,OVERTPhi,13,18.63610232038092
DS07,mc.svm_OVERTPhi,svm,OVERTPhi,14,18.711133774520288
DS07,mc.svm_OVERTPhi,svm,OVERTPhi,15,18.822255262566856
DS07,mc.svm_OVERTPhi,svm,OVERTPhi,16,18.364729577125665
DS07,mc.svm_OVERTPhi,svm,OVERTPhi,17,17.772161210257426
DS07,mc.svm_OVERTPhi,svm,OVERTPhi,18,18.281513046217015
DS07,mc.svm_OVERTPhi,svm,OVERTPhi,19,18.587442515758838
DS07,mc.svm_OVERTPhi,svm,OVERTPhi,20,16.942388553570332
DS07,mc.svm_OVERTPhi,svm,OVERTPhi,21,16.16798755309705
DS07,mc.svm_OVERTPhi,svm,OVERTPhi,22,16.096791955070195
DS07,mc.svm_OVERTPhi,svm,OVERTPhi,23,15.95031630905223
DS07,mc.svm_OVERTPhi,svm,OVERTPhi,24,15.688969986353941
DS07,mc.svm_OVERTPhi,svm,OVERTPhi,25,15.622439646858592
DS07,mc.svm_OVERTPhi,svm,OVERTPhi,26,15.015003016486482
DS07,mc.svm_OVERTPhi,svm,OVERTPhi,27,15.327456386433893
DS07,mc.svm_OVERTPhi,svm,OVERTPhi,28,15.425216721348036
DS07,mc.svm_OVERTPhi,svm,OVERTPhi,29,15.815018980418765
DS07,mc.svm_OVERTPhi,svm,OVERTPhi,30,15.337884463291129
DS07,mc.svm_OVERTPhi,svm,OVERTPhi,31,15.02305362387689
DS07,mc.svm_OVERTPhi,svm,OVERTPhi,32,15.07877319973834
DS07,mc.svm_OVERTPhi,svm,OVERTPhi,33,14.679325689885005
DS07,mc.svm_OVERTPhi,svm,OVERTPhi,34,14.464540447891306
DS07,mc.svm_OVERTPhi,svm,OVERTPhi,35,14.696935196017211
DS07,mc.svm_OVERTPhi,svm,OVERTPhi,36,14.120169104814764
DS07,mc.svm_OVERTPhi,svm,OVERTPhi,37,14.167482274545494
DS07,mc.svm_OVERTPhi,svm,OVERTPhi,38,14.09660225077693
DS07,mc.svm_OVERTPhi,svm,OVERTPhi,39,14.008542691631732
DS07,mc.svm_OVERTPhi,svm,OVERTPhi,40,14.441237930851408
DS07,mc.svm_OVERTPhi,svm,OVERTPhi,41,14.323990514210234
DS07,mc.svm_OVERTPhi,svm,OVERTPhi,42,14.07293122646591
DS07,mc.svm_OVERTPhi,svm,OVERTPhi,43,14.111309157812915
DS07,mc.svm_OVERTPhi,svm,OVERTPhi,44,13.894439869565128
DS07,mc.svm_OVERTPhi,svm,OVERTPhi,45,14.037327372726406
DS07,mc.svm_OVERTPhi,svm,OVERTPhi,46,13.98143905908851
DS07,mc.svm_OVERTPhi,svm,OVERTPhi,47,14.007150267977458
DS07,mc.svm_OVERTPhi,svm,OVERTPhi,48,14.585108702836445
DS07,mc.svm_OVERTPhi,svm,OVERTPhi,49,14.29548565056107
DS07,mc.svm_OVERTPhi,svm,OVERTPhi,50,14.703929137806274
DS07,mc.svm_OVERT,svm,OVERT,1,19.409752867641348
DS07,mc.svm_OVERT,svm,OVERT,2,18.87084693653768
DS07,mc.svm_OVERT,svm,OVERT,3,19.0616867061604
DS07,mc.svm_OVERT,svm,OVERT,4,19.53371683484495
DS07,mc.svm_OVERT,svm,OVERT,5,19.812571786231143
DS07,mc.svm_OVERT,svm,OVERT,6,19.85008037454173
DS07,mc.svm_OVERT,svm,OVERT,7,19.558529355185733
DS07,mc.svm_OVERT,svm,OVERT,8,19.58041772923605
DS07,mc.svm_OVERT,svm,OVERT,9,19.633544500652405
DS07,mc.svm_OVERT,svm,OVERT,10,19.426414305727953
DS07,mc.svm_OVERT,svm,OVERT,11,18.90991063709878
DS07,mc.svm_OVERT,svm,OVERT,12,18.667904336178616
DS07,mc.svm_OVERT,svm,OVERT,13,18.886931212042544
DS07,mc.svm_OVERT,svm,OVERT,14,18.61145966550864
DS07,mc.svm_OVERT,svm,OVERT,15,18.78988458176318
DS07,mc.svm_OVERT,svm,OVERT,16,18.61650897728558
DS07,mc.svm_OVERT,svm,OVERT,17,18.048576792351184
DS07,mc.svm_OVERT,svm,OVERT,18,18.097744559490067
DS07,mc.svm_OVERT,svm,OVERT,19,18.382090030855117
DS07,mc.svm_OVERT,svm,OVERT,20,16.890881793923562
DS07,mc.svm_OVERT,svm,OVERT,21,16.19002821130715
DS07,mc.svm_OVERT,svm,OVERT,22,16.2771564145801
DS07,mc.svm_OVERT,svm,OVERT,23,15.750532757334664
DS07,mc.svm_OVERT,svm,OVERT,24,15.734890679648611
DS07,mc.svm_OVERT,svm,OVERT,25,15.529670036369053
DS07,mc.svm_OVERT,svm,OVERT,26,14.992864245761973
DS07,mc.svm_OVERT,svm,OVERT,27,15.312624888156268
DS07,mc.svm_OVERT,svm,OVERT,28,15.448983272105268
DS07,mc.svm_OVERT,svm,OVERT,29,15.725419534657368
DS07,mc.svm_OVERT,svm,OVERT,30,15.382718299762987
DS07,mc.svm_OVERT,svm,OVERT,31,14.956598337405945
DS07,mc.svm_OVERT,svm,OVERT,32,14.868095471436083
DS07,mc.svm_OVERT,svm,OVERT,33,14.689393915638815
DS07,mc.svm_OVERT,svm,OVERT,34,14.43347401756335
DS07,mc.svm_OVERT,svm,OVERT,35,14.632243314311015
DS07,mc.svm_OVERT,svm,OVERT,36,14.202586067569596
DS07,mc.svm_OVERT,svm,OVERT,37,14.000587745142754
DS07,mc.svm_OVERT,svm,OVERT,38,14.11146668893829
DS07,mc.svm_OVERT,svm,OVERT,39,14.060797466477409
DS07,mc.svm_OVERT,svm,OVERT,40,14.38699031927629
DS07,mc.svm_OVERT,svm,OVERT,41,14.485023693570156
DS07,mc.svm_OVERT,svm,OVERT,42,14.056208387684269
DS07,mc.svm_OVERT,svm,OVERT,43,14.165372671482832
DS07,mc.svm_OVERT,svm,OVERT,44,13.706501255712343
DS07,mc.svm_OVERT,svm,OVERT,45,13.98500165580395
DS07,mc.svm_OVERT,svm,OVERT,46,13.632929986121368
DS07,mc.svm_OVERT,svm,OVERT,47,13.97603146999689
DS07,mc.svm_OVERT,svm,OVERT,48,14.43505974952282
DS07,mc.svm_OVERT,svm,OVERT,49,14.328631816387297
DS07,mc.svm_OVERT,svm,OVERT,50,14.572739482546211
DS07,mc.svm_SMOTEB,svm,SMOTEB,1,17.902453157333053
DS07,mc.svm_SMOTEB,svm,SMOTEB,2,18.156226871282044
DS07,mc.svm_SMOTEB,svm,SMOTEB,3,18.070688769197012
DS07,mc.svm_SMOTEB,svm,SMOTEB,4,17.955505010612757
DS07,mc.svm_SMOTEB,svm,SMOTEB,5,18.500178980786625
DS07,mc.svm_SMOTEB,svm,SMOTEB,6,18.40690440016297
DS07,mc.svm_SMOTEB,svm,SMOTEB,7,18.430886827275557
DS07,mc.svm_SMOTEB,svm,SMOTEB,8,18.42346693408615
DS07,mc.svm_SMOTEB,svm,SMOTEB,9,18.254802119267254
DS07,mc.svm_SMOTEB,svm,SMOTEB,10,18.202095189329132
DS07,mc.svm_SMOTEB,svm,SMOTEB,11,17.93312401704602
DS07,mc.svm_SMOTEB,svm,SMOTEB,12,18.135089685391375
DS07,mc.svm_SMOTEB,svm,SMOTEB,13,17.66504050663548
DS07,mc.svm_SMOTEB,svm,SMOTEB,14,17.512566737247617
DS07,mc.svm_SMOTEB,svm,SMOTEB,15,17.453330224396684
DS07,mc.svm_SMOTEB,svm,SMOTEB,16,17.737669296029203
DS07,mc.svm_SMOTEB,svm,SMOTEB,17,17.345229991209493
DS07,mc.svm_SMOTEB,svm,SMOTEB,18,17.255830153047338
DS07,mc.svm_SMOTEB,svm,SMOTEB,19,17.254007749225632
DS07,mc.svm_SMOTEB,svm,SMOTEB,20,16.265190032866254
DS07,mc.svm_SMOTEB,svm,SMOTEB,21,15.640561563292918
DS07,mc.svm_SMOTEB,svm,SMOTEB,22,15.832926817128703
DS07,mc.svm_SMOTEB,svm,SMOTEB,23,15.443343568547563
DS07,mc.svm_SMOTEB,svm,SMOTEB,24,15.235752094253678
DS07,mc.svm_SMOTEB,svm,SMOTEB,25,15.187696457955276
DS07,mc.svm_SMOTEB,svm,SMOTEB,26,14.5380618812964
DS07,mc.svm_SMOTEB,svm,SMOTEB,27,15.118764088440244
DS07,mc.svm_SMOTEB,svm,SMOTEB,28,15.200756376715328
DS07,mc.svm_SMOTEB,svm,SMOTEB,29,15.36437107406514
DS07,mc.svm_SMOTEB,svm,SMOTEB,30,15.358359316955687
DS07,mc.svm_SMOTEB,svm,SMOTEB,31,14.689501316701158
DS07,mc.svm_SMOTEB,svm,SMOTEB,32,14.515777237601478
DS07,mc.svm_SMOTEB,svm,SMOTEB,33,14.160405778156516
DS07,mc.svm_SMOTEB,svm,SMOTEB,34,14.130026880960763
DS07,mc.svm_SMOTEB,svm,SMOTEB,35,13.912569968703794
DS07,mc.svm_SMOTEB,svm,SMOTEB,36,14.007252180884885
DS07,mc.svm_SMOTEB,svm,SMOTEB,37,14.008946257556168
DS07,mc.svm_SMOTEB,svm,SMOTEB,38,13.975426905298841
DS07,mc.svm_SMOTEB,svm,SMOTEB,39,13.762190580969445
DS07,mc.svm_SMOTEB,svm,SMOTEB,40,13.934482335644157
DS07,mc.svm_SMOTEB,svm,SMOTEB,41,14.23772742293476
DS07,mc.svm_SMOTEB,svm,SMOTEB,42,13.897755481164987
DS07,mc.svm_SMOTEB,svm,SMOTEB,43,13.346708205468488
DS07,mc.svm_SMOTEB,svm,SMOTEB,44,13.256276867290094
DS07,mc.svm_SMOTEB,svm,SMOTEB,45,13.238919607396559
DS07,mc.svm_SMOTEB,svm,SMOTEB,46,13.115837571860709
DS07,mc.svm_SMOTEB,svm,SMOTEB,47,13.225459559864682
DS07,mc.svm_SMOTEB,svm,SMOTEB,48,13.364919358922435
DS07,mc.svm_SMOTEB,svm,SMOTEB,49,13.518130914956869
DS07,mc.svm_SMOTEB,svm,SMOTEB,50,13.777089882302844
DS07,mc.svm_SMOTETPhi,svm,SMOTETPhi,1,19.137193436703296
DS07,mc.svm_SMOTETPhi,svm,SMOTETPhi,2,19.084191580455958
DS07,mc.svm_SMOTETPhi,svm,SMOTETPhi,3,18.920531636473502
DS07,mc.svm_SMOTETPhi,svm,SMOTETPhi,4,19.1065456946524
DS07,mc.svm_SMOTETPhi,svm,SMOTETPhi,5,19.009485781827657
DS07,mc.svm_SMOTETPhi,svm,SMOTETPhi,6,19.593321444774798
DS07,mc.svm_SMOTETPhi,svm,SMOTETPhi,7,19.574690589014217
DS07,mc.svm_SMOTETPhi,svm,SMOTETPhi,8,19.359116078224126
DS07,mc.svm_SMOTETPhi,svm,SMOTETPhi,9,19.503587479665008
DS07,mc.svm_SMOTETPhi,svm,SMOTETPhi,10,19.13265736314944
DS07,mc.svm_SMOTETPhi,svm,SMOTETPhi,11,19.108237260028098
DS07,mc.svm_SMOTETPhi,svm,SMOTETPhi,12,18.594989344298035
DS07,mc.svm_SMOTETPhi,svm,SMOTETPhi,13,18.820539226826583
DS07,mc.svm_SMOTETPhi,svm,SMOTETPhi,14,18.65739483069196
DS07,mc.svm_SMOTETPhi,svm,SMOTETPhi,15,18.747684621995095
DS07,mc.svm_SMOTETPhi,svm,SMOTETPhi,16,18.42100772941567
DS07,mc.svm_SMOTETPhi,svm,SMOTETPhi,17,18.091713502480857
DS07,mc.svm_SMOTETPhi,svm,SMOTETPhi,18,18.165945860173817
DS07,mc.svm_SMOTETPhi,svm,SMOTETPhi,19,17.8917253133193
DS07,mc.svm_SMOTETPhi,svm,SMOTETPhi,20,16.611592113301334
DS07,mc.svm_SMOTETPhi,svm,SMOTETPhi,21,16.381904775895773
DS07,mc.svm_SMOTETPhi,svm,SMOTETPhi,22,16.069394795083554
DS07,mc.svm_SMOTETPhi,svm,SMOTETPhi,23,15.808648606171241
DS07,mc.svm_SMOTETPhi,svm,SMOTETPhi,24,15.869618923131043
DS07,mc.svm_SMOTETPhi,svm,SMOTETPhi,25,15.818500600878096
DS07,mc.svm_SMOTETPhi,svm,SMOTETPhi,26,15.384644782348907
DS07,mc.svm_SMOTETPhi,svm,SMOTETPhi,27,15.995689796181447
DS07,mc.svm_SMOTETPhi,svm,SMOTETPhi,28,15.375598048765863
DS07,mc.svm_SMOTETPhi,svm,SMOTETPhi,29,15.605422886446146
DS07,mc.svm_SMOTETPhi,svm,SMOTETPhi,30,15.61262215042915
DS07,mc.svm_SMOTETPhi,svm,SMOTETPhi,31,14.865009629410105
DS07,mc.svm_SMOTETPhi,svm,SMOTETPhi,32,14.879825036413884
DS07,mc.svm_SMOTETPhi,svm,SMOTETPhi,33,14.857995538556596
DS07,mc.svm_SMOTETPhi,svm,SMOTETPhi,34,14.956145360643978
DS07,mc.svm_SMOTETPhi,svm,SMOTETPhi,35,15.101315784941601
DS07,mc.svm_SMOTETPhi,svm,SMOTETPhi,36,14.903711036734439
DS07,mc.svm_SMOTETPhi,svm,SMOTETPhi,37,14.654299657734564
DS07,mc.svm_SMOTETPhi,svm,SMOTETPhi,38,14.162388960899692
DS07,mc.svm_SMOTETPhi,svm,SMOTETPhi,39,14.396125697395748
DS07,mc.svm_SMOTETPhi,svm,SMOTETPhi,40,14.954073830565255
DS07,mc.svm_SMOTETPhi,svm,SMOTETPhi,41,14.719634931756342
DS07,mc.svm_SMOTETPhi,svm,SMOTETPhi,42,14.224870750499079
DS07,mc.svm_SMOTETPhi,svm,SMOTETPhi,43,14.11017946074564
DS07,mc.svm_SMOTETPhi,svm,SMOTETPhi,44,14.465078994143031
DS07,mc.svm_SMOTETPhi,svm,SMOTETPhi,45,14.142500623299995
DS07,mc.svm_SMOTETPhi,svm,SMOTETPhi,46,14.148852815974356
DS07,mc.svm_SMOTETPhi,svm,SMOTETPhi,47,13.979654527527442
DS07,mc.svm_SMOTETPhi,svm,SMOTETPhi,48,14.22637420593596
DS07,mc.svm_SMOTETPhi,svm,SMOTETPhi,49,14.370096622025953
DS07,mc.svm_SMOTETPhi,svm,SMOTETPhi,50,14.855332517445868
DS07,mc.svm_SMOTET,svm,SMOTET,1,18.803939759996595
DS07,mc.svm_SMOTET,svm,SMOTET,2,18.687486188360545
DS07,mc.svm_SMOTET,svm,SMOTET,3,18.407568055672183
DS07,mc.svm_SMOTET,svm,SMOTET,4,18.63109228056187
DS07,mc.svm_SMOTET,svm,SMOTET,5,18.743698310338452
DS07,mc.svm_SMOTET,svm,SMOTET,6,19.32368965741826
DS07,mc.svm_SMOTET,svm,SMOTET,7,19.226049899997793
DS07,mc.svm_SMOTET,svm,SMOTET,8,18.981809666365226
DS07,mc.svm_SMOTET,svm,SMOTET,9,19.114445705592512
DS07,mc.svm_SMOTET,svm,SMOTET,10,18.979807300615523
DS07,mc.svm_SMOTET,svm,SMOTET,11,18.689406962435264
DS07,mc.svm_SMOTET,svm,SMOTET,12,18.30093183365019
DS07,mc.svm_SMOTET,svm,SMOTET,13,18.881904785586343
DS07,mc.svm_SMOTET,svm,SMOTET,14,18.241003038600986
DS07,mc.svm_SMOTET,svm,SMOTET,15,18.835372872389673
DS07,mc.svm_SMOTET,svm,SMOTET,16,18.251588941203597
DS07,mc.svm_SMOTET,svm,SMOTET,17,17.917902462779868
DS07,mc.svm_SMOTET,svm,SMOTET,18,17.710175938787827
DS07,mc.svm_SMOTET,svm,SMOTET,19,17.69603374835424
DS07,mc.svm_SMOTET,svm,SMOTET,20,16.498032980428178
DS07,mc.svm_SMOTET,svm,SMOTET,21,16.172486673498945
DS07,mc.svm_SMOTET,svm,SMOTET,22,15.607483770565018
DS07,mc.svm_SMOTET,svm,SMOTET,23,15.66555400610696
DS07,mc.svm_SMOTET,svm,SMOTET,24,15.910627243729337
DS07,mc.svm_SMOTET,svm,SMOTET,25,15.679721494755134
DS07,mc.svm_SMOTET,svm,SMOTET,26,15.426874859893175
DS07,mc.svm_SMOTET,svm,SMOTET,27,15.776257529343122
DS07,mc.svm_SMOTET,svm,SMOTET,28,15.298563543293474
DS07,mc.svm_SMOTET,svm,SMOTET,29,15.629684096132026
DS07,mc.svm_SMOTET,svm,SMOTET,30,15.641862122481365
DS07,mc.svm_SMOTET,svm,SMOTET,31,14.912488215855909
DS07,mc.svm_SMOTET,svm,SMOTET,32,14.886869110470407
DS07,mc.svm_SMOTET,svm,SMOTET,33,14.653013336310888
DS07,mc.svm_SMOTET,svm,SMOTET,34,14.612873694600854
DS07,mc.svm_SMOTET,svm,SMOTET,35,14.78878736672358
DS07,mc.svm_SMOTET,svm,SMOTET,36,14.794411272880263
DS07,mc.svm_SMOTET,svm,SMOTET,37,14.682117414791161
DS07,mc.svm_SMOTET,svm,SMOTET,38,14.176780276870561
DS07,mc.svm_SMOTET,svm,SMOTET,39,14.341854020193551
DS07,mc.svm_SMOTET,svm,SMOTET,40,14.69063995500802
DS07,mc.svm_SMOTET,svm,SMOTET,41,14.539667867371374
DS07,mc.svm_SMOTET,svm,SMOTET,42,14.104619253230675
DS07,mc.svm_SMOTET,svm,SMOTET,43,14.144679149501673
DS07,mc.svm_SMOTET,svm,SMOTET,44,14.149271322185045
DS07,mc.svm_SMOTET,svm,SMOTET,45,13.939002692417816
DS07,mc.svm_SMOTET,svm,SMOTET,46,13.840091883804917
DS07,mc.svm_SMOTET,svm,SMOTET,47,13.584431260722805
DS07,mc.svm_SMOTET,svm,SMOTET,48,14.011614794427743
DS07,mc.svm_SMOTET,svm,SMOTET,49,14.037450801039983
DS07,mc.svm_SMOTET,svm,SMOTET,50,14.385713499524915
DS07,mc.svm_UNDERB,svm,UNDERB,1,17.07766176688276
DS07,mc.svm_UNDERB,svm,UNDERB,2,17.00849662894032
DS07,mc.svm_UNDERB,svm,UNDERB,3,16.910659747056446
DS07,mc.svm_UNDERB,svm,UNDERB,4,16.821810669009086
DS07,mc.svm_UNDERB,svm,UNDERB,5,17.38659504009588
DS07,mc.svm_UNDERB,svm,UNDERB,6,17.510916286563766
DS07,mc.svm_UNDERB,svm,UNDERB,7,17.55304290073733
DS07,mc.svm_UNDERB,svm,UNDERB,8,17.478348033641225
DS07,mc.svm_UNDERB,svm,UNDERB,9,17.475755421435657
DS07,mc.svm_UNDERB,svm,UNDERB,10,17.418859835379823
DS07,mc.svm_UNDERB,svm,UNDERB,11,17.40097902811258
DS07,mc.svm_UNDERB,svm,UNDERB,12,17.21196863265964
DS07,mc.svm_UNDERB,svm,UNDERB,13,17.197185943972666
DS07,mc.svm_UNDERB,svm,UNDERB,14,17.097542087667758
DS07,mc.svm_UNDERB,svm,UNDERB,15,16.959136249560746
DS07,mc.svm_UNDERB,svm,UNDERB,16,17.0383944984559
DS07,mc.svm_UNDERB,svm,UNDERB,17,16.762380836341034
DS07,mc.svm_UNDERB,svm,UNDERB,18,16.938574279799038
DS07,mc.svm_UNDERB,svm,UNDERB,19,16.963769623549833
DS07,mc.svm_UNDERB,svm,UNDERB,20,15.935816034155618
DS07,mc.svm_UNDERB,svm,UNDERB,21,15.529007312485701
DS07,mc.svm_UNDERB,svm,UNDERB,22,15.198986115399386
DS07,mc.svm_UNDERB,svm,UNDERB,23,15.0915931620129
DS07,mc.svm_UNDERB,svm,UNDERB,24,15.004017302837802
DS07,mc.svm_UNDERB,svm,UNDERB,25,14.979071064297615
DS07,mc.svm_UNDERB,svm,UNDERB,26,14.464695070167394
DS07,mc.svm_UNDERB,svm,UNDERB,27,14.87737104893881
DS07,mc.svm_UNDERB,svm,UNDERB,28,15.03094326842101
DS07,mc.svm_UNDERB,svm,UNDERB,29,15.22430220841934
DS07,mc.svm_UNDERB,svm,UNDERB,30,15.144635106729785
DS07,mc.svm_UNDERB,svm,UNDERB,31,14.794604760800086
DS07,mc.svm_UNDERB,svm,UNDERB,32,14.624575594111173
DS07,mc.svm_UNDERB,svm,UNDERB,33,14.296141124623533
DS07,mc.svm_UNDERB,svm,UNDERB,34,13.859809363347802
DS07,mc.svm_UNDERB,svm,UNDERB,35,13.95454083539354
DS07,mc.svm_UNDERB,svm,UNDERB,36,13.943085967533984
DS07,mc.svm_UNDERB,svm,UNDERB,37,13.917592883492992
DS07,mc.svm_UNDERB,svm,UNDERB,38,13.66049006914504
DS07,mc.svm_UNDERB,svm,UNDERB,39,13.646510724583928
DS07,mc.svm_UNDERB,svm,UNDERB,40,13.975570516655123
DS07,mc.svm_UNDERB,svm,UNDERB,41,13.979870308464214
DS07,mc.svm_UNDERB,svm,UNDERB,42,13.882051634314942
DS07,mc.svm_UNDERB,svm,UNDERB,43,13.448508477780639
DS07,mc.svm_UNDERB,svm,UNDERB,44,13.516405030201089
DS07,mc.svm_UNDERB,svm,UNDERB,45,13.293216354638757
DS07,mc.svm_UNDERB,svm,UNDERB,46,13.413576876494265
DS07,mc.svm_UNDERB,svm,UNDERB,47,13.45665115482013
DS07,mc.svm_UNDERB,svm,UNDERB,48,13.556042933930343
DS07,mc.svm_UNDERB,svm,UNDERB,49,13.420471064249341
DS07,mc.svm_UNDERB,svm,UNDERB,50,13.993495812911348
DS07,mc.svm_UNDERTPhi,svm,UNDERTPhi,1,17.35834584111673
DS07,mc.svm_UNDERTPhi,svm,UNDERTPhi,2,17.002784794776584
DS07,mc.svm_UNDERTPhi,svm,UNDERTPhi,3,17.028983178840782
DS07,mc.svm_UNDERTPhi,svm,UNDERTPhi,4,17.255667349107306
DS07,mc.svm_UNDERTPhi,svm,UNDERTPhi,5,17.635257243098938
DS07,mc.svm_UNDERTPhi,svm,UNDERTPhi,6,17.442799527215946
DS07,mc.svm_UNDERTPhi,svm,UNDERTPhi,7,17.513332181203765
DS07,mc.svm_UNDERTPhi,svm,UNDERTPhi,8,17.393742938684092
DS07,mc.svm_UNDERTPhi,svm,UNDERTPhi,9,17.53924314650349
DS07,mc.svm_UNDERTPhi,svm,UNDERTPhi,10,17.51702811969709
DS07,mc.svm_UNDERTPhi,svm,UNDERTPhi,11,16.906956746959015
DS07,mc.svm_UNDERTPhi,svm,UNDERTPhi,12,17.31799508570462
DS07,mc.svm_UNDERTPhi,svm,UNDERTPhi,13,17.100428894571216
DS07,mc.svm_UNDERTPhi,svm,UNDERTPhi,14,16.830020586436916
DS07,mc.svm_UNDERTPhi,svm,UNDERTPhi,15,16.751015389907607
DS07,mc.svm_UNDERTPhi,svm,UNDERTPhi,16,16.846190779525525
DS07,mc.svm_UNDERTPhi,svm,UNDERTPhi,17,16.73461067856204
DS07,mc.svm_UNDERTPhi,svm,UNDERTPhi,18,16.64141888187632
DS07,mc.svm_UNDERTPhi,svm,UNDERTPhi,19,16.817053845543587
DS07,mc.svm_UNDERTPhi,svm,UNDERTPhi,20,15.846356774995698
DS07,mc.svm_UNDERTPhi,svm,UNDERTPhi,21,15.266876491311125
DS07,mc.svm_UNDERTPhi,svm,UNDERTPhi,22,15.113488068631247
DS07,mc.svm_UNDERTPhi,svm,UNDERTPhi,23,14.893786101238522
DS07,mc.svm_UNDERTPhi,svm,UNDERTPhi,24,14.708345765891321
DS07,mc.svm_UNDERTPhi,svm,UNDERTPhi,25,14.714087454201165
DS07,mc.svm_UNDERTPhi,svm,UNDERTPhi,26,14.312544222632573
DS07,mc.svm_UNDERTPhi,svm,UNDERTPhi,27,14.922182618871938
DS07,mc.svm_UNDERTPhi,svm,UNDERTPhi,28,14.61109457392795
DS07,mc.svm_UNDERTPhi,svm,UNDERTPhi,29,14.835673797797991
DS07,mc.svm_UNDERTPhi,svm,UNDERTPhi,30,14.731142044209584
DS07,mc.svm_UNDERTPhi,svm,UNDERTPhi,31,14.265094066961575
DS07,mc.svm_UNDERTPhi,svm,UNDERTPhi,32,14.068862785208623
DS07,mc.svm_UNDERTPhi,svm,UNDERTPhi,33,13.841467749043053
DS07,mc.svm_UNDERTPhi,svm,UNDERTPhi,34,13.74265865826969
DS07,mc.svm_UNDERTPhi,svm,UNDERTPhi,35,13.673038396225596
DS07,mc.svm_UNDERTPhi,svm,UNDERTPhi,36,13.597879393354527
DS07,mc.svm_UNDERTPhi,svm,UNDERTPhi,37,13.509748373460306
DS07,mc.svm_UNDERTPhi,svm,UNDERTPhi,38,13.472386723538836
DS07,mc.svm_UNDERTPhi,svm,UNDERTPhi,39,13.339041905767889
DS07,mc.svm_UNDERTPhi,svm,UNDERTPhi,40,13.733822029146406
DS07,mc.svm_UNDERTPhi,svm,UNDERTPhi,41,13.758830187063996
DS07,mc.svm_UNDERTPhi,svm,UNDERTPhi,42,13.451054135280364
DS07,mc.svm_UNDERTPhi,svm,UNDERTPhi,43,13.248620404524523
DS07,mc.svm_UNDERTPhi,svm,UNDERTPhi,44,13.349519333527263
DS07,mc.svm_UNDERTPhi,svm,UNDERTPhi,45,13.102852556682326
DS07,mc.svm_UNDERTPhi,svm,UNDERTPhi,46,12.968187352972116
DS07,mc.svm_UNDERTPhi,svm,UNDERTPhi,47,13.147454007067724
DS07,mc.svm_UNDERTPhi,svm,UNDERTPhi,48,13.327255331993822
DS07,mc.svm_UNDERTPhi,svm,UNDERTPhi,49,13.399426968352781
DS07,mc.svm_UNDERTPhi,svm,UNDERTPhi,50,13.831108253130095
DS07,mc.svm_UNDERT,svm,UNDERT,1,16.90515582123166
DS07,mc.svm_UNDERT,svm,UNDERT,2,16.853921501218775
DS07,mc.svm_UNDERT,svm,UNDERT,3,16.92449740472196
DS07,mc.svm_UNDERT,svm,UNDERT,4,16.973259977006506
DS07,mc.svm_UNDERT,svm,UNDERT,5,17.461053335758347
DS07,mc.svm_UNDERT,svm,UNDERT,6,17.43867553219888
DS07,mc.svm_UNDERT,svm,UNDERT,7,17.474855741314
DS07,mc.svm_UNDERT,svm,UNDERT,8,17.56763358976697
DS07,mc.svm_UNDERT,svm,UNDERT,9,17.50949925382861
DS07,mc.svm_UNDERT,svm,UNDERT,10,17.28718703975678
DS07,mc.svm_UNDERT,svm,UNDERT,11,17.202346920947363
DS07,mc.svm_UNDERT,svm,UNDERT,12,17.453149575977392
DS07,mc.svm_UNDERT,svm,UNDERT,13,17.38556048319305
DS07,mc.svm_UNDERT,svm,UNDERT,14,17.061615951713147
DS07,mc.svm_UNDERT,svm,UNDERT,15,16.93763822629817
DS07,mc.svm_UNDERT,svm,UNDERT,16,17.019262213428725
DS07,mc.svm_UNDERT,svm,UNDERT,17,16.81193153234138
DS07,mc.svm_UNDERT,svm,UNDERT,18,16.76961471437011
DS07,mc.svm_UNDERT,svm,UNDERT,19,16.908982708835218
DS07,mc.svm_UNDERT,svm,UNDERT,20,16.078580198183563
DS07,mc.svm_UNDERT,svm,UNDERT,21,15.637105589965119
DS07,mc.svm_UNDERT,svm,UNDERT,22,15.448917368961254
DS07,mc.svm_UNDERT,svm,UNDERT,23,15.05168118412942
DS07,mc.svm_UNDERT,svm,UNDERT,24,14.97530262613345
DS07,mc.svm_UNDERT,svm,UNDERT,25,14.923462787810257
DS07,mc.svm_UNDERT,svm,UNDERT,26,14.5239774133589
DS07,mc.svm_UNDERT,svm,UNDERT,27,14.914504356975804
DS07,mc.svm_UNDERT,svm,UNDERT,28,15.197106420091101
DS07,mc.svm_UNDERT,svm,UNDERT,29,15.229410565339323
DS07,mc.svm_UNDERT,svm,UNDERT,30,14.978942577889228
DS07,mc.svm_UNDERT,svm,UNDERT,31,14.795185138982804
DS07,mc.svm_UNDERT,svm,UNDERT,32,14.57937540420506
DS07,mc.svm_UNDERT,svm,UNDERT,33,14.008111524179048
DS07,mc.svm_UNDERT,svm,UNDERT,34,14.053503903325934
DS07,mc.svm_UNDERT,svm,UNDERT,35,14.349027151799907
DS07,mc.svm_UNDERT,svm,UNDERT,36,14.001056858766814
DS07,mc.svm_UNDERT,svm,UNDERT,37,13.877960907166331
DS07,mc.svm_UNDERT,svm,UNDERT,38,13.79371203134723
DS07,mc.svm_UNDERT,svm,UNDERT,39,13.825268913177608
DS07,mc.svm_UNDERT,svm,UNDERT,40,14.00208212257211
DS07,mc.svm_UNDERT,svm,UNDERT,41,13.975766090947669
DS07,mc.svm_UNDERT,svm,UNDERT,42,13.81333292451358
DS07,mc.svm_UNDERT,svm,UNDERT,43,13.46631081717649
DS07,mc.svm_UNDERT,svm,UNDERT,44,13.458826832399577
DS07,mc.svm_UNDERT,svm,UNDERT,45,13.23777870687907
DS07,mc.svm_UNDERT,svm,UNDERT,46,13.34842805147322
DS07,mc.svm_UNDERT,svm,UNDERT,47,13.216833083513748
DS07,mc.svm_UNDERT,svm,UNDERT,48,13.730757736402694
DS07,mc.svm_UNDERT,svm,UNDERT,49,13.656484447474709
DS07,mc.svm_UNDERT,svm,UNDERT,50,14.012232239916132
DS07,mc.svm,svm,baseline,1,19.74422728998805
DS07,mc.svm,svm,baseline,2,19.732693042894866
DS07,mc.svm,svm,baseline,3,19.774907871406292
DS07,mc.svm,svm,baseline,4,19.780773837345297
DS07,mc.svm,svm,baseline,5,20.563105501548822
DS07,mc.svm,svm,baseline,6,20.631062572234416
DS07,mc.svm,svm,baseline,7,20.60246190861791
DS07,mc.svm,svm,baseline,8,20.88324335658961
DS07,mc.svm,svm,baseline,9,20.75214626376683
DS07,mc.svm,svm,baseline,10,20.70921192793927
DS07,mc.svm,svm,baseline,11,20.728264512731933
DS07,mc.svm,svm,baseline,12,20.76851458927657
DS07,mc.svm,svm,baseline,13,20.77027485121294
DS07,mc.svm,svm,baseline,14,20.62629147842055
DS07,mc.svm,svm,baseline,15,20.642698778963773
DS07,mc.svm,svm,baseline,16,20.66078695403539
DS07,mc.svm,svm,baseline,17,20.658100075910443
DS07,mc.svm,svm,baseline,18,20.672550771676544
DS07,mc.svm,svm,baseline,19,20.890521601113033
DS07,mc.svm,svm,baseline,20,20.076892613737687
DS07,mc.svm,svm,baseline,21,19.33189544720587
DS07,mc.svm,svm,baseline,22,19.092283679008272
DS07,mc.svm,svm,baseline,23,19.164771687961927
DS07,mc.svm,svm,baseline,24,19.037719031512907
DS07,mc.svm,svm,baseline,25,18.931689018147093
DS07,mc.svm,svm,baseline,26,18.679602659632046
DS07,mc.svm,svm,baseline,27,19.152449100679185
DS07,mc.svm,svm,baseline,28,19.22139692897685
DS07,mc.svm,svm,baseline,29,19.463564707427892
DS07,mc.svm,svm,baseline,30,19.159497544366914
DS07,mc.svm,svm,baseline,31,18.666218167653945
DS07,mc.svm,svm,baseline,32,18.586199728950273
DS07,mc.svm,svm,baseline,33,17.789258058845693
DS07,mc.svm,svm,baseline,34,17.733486656351133
DS07,mc.svm,svm,baseline,35,17.48587021482453
DS07,mc.svm,svm,baseline,36,17.51331606552276
DS07,mc.svm,svm,baseline,37,17.195330861877935
DS07,mc.svm,svm,baseline,38,17.21457377430699
DS07,mc.svm,svm,baseline,39,17.16719439528343
DS07,mc.svm,svm,baseline,40,17.47127055548777
DS07,mc.svm,svm,baseline,41,17.605366227233535
DS07,mc.svm,svm,baseline,42,17.51506855954454
DS07,mc.svm,svm,baseline,43,17.146177682805135
DS07,mc.svm,svm,baseline,44,17.084695909950874
DS07,mc.svm,svm,baseline,45,16.932044109604014
DS07,mc.svm,svm,baseline,46,17.04935469810117
DS07,mc.svm,svm,baseline,47,17.032367264956374
DS07,mc.svm,svm,baseline,48,17.13310698469966
DS07,mc.svm,svm,baseline,49,17.147731275479483
DS07,mc.svm,svm,baseline,50,17.840676501763383
