dataset_id,workflow,model_family,strategy,iteration,sera
DS09,mc.BDES,BDES,baseline,1,391.2248609216093
DS09,mc.BDES,BDES,baseline,2,400.09439502041545
DS09,mc.BDES,BDES,baseline,3,1444.2358959216028
DS09,mc.BDES,BDES,baseline,4,1403.032289102105
DS09,mc.BDES,BDES,baseline,5,1360.872043668543
DS09,mc.BDES,BDES,baseline,6,1366.0409016987833
DS09,mc.BDES,BDES,baseline,7,1392.484416217778
DS09,mc.BDES,BDES,baseline,8,1375.851283465672
DS09,mc.BDES,BDES,baseline,9,1382.5726223467623
DS09,mc.BDES,BDES,baseline,10,1407.282132150096
DS09,mc.BDES,BDES,baseline,11,1380.3281928680747
DS09,mc.BDES,BDES,baseline,12,1389.807888910231
DS09,mc.BDES,BDES,baseline,13,1414.7392772759424
DS09,mc.BDES,BDES,baseline,14,1429.5877868284592
DS09,mc.BDES,BDES,baseline,15,1619.2263655787308
DS09,mc.BDES,BDES,baseline,16,1632.306389741487
DS09,mc.BDES,BDES,baseline,17,1434.2253424260064
DS09,mc.BDES,BDES,baseline,18,1402.0399423885124
DS09,mc.BDES,BDES,baseline,19,1404.6322762323482
DS09,mc.BDES,BDES,baseline,20,1429.1638059476627
DS09,mc.BDES,BDES,baseline,21,1389.27402928574
DS09,mc.BDES,BDES,baseline,22,1511.262249612303
DS09,mc.BDES,BDES,baseline,23,1516.145257246649
DS09,mc.BDES,BDES,baseline,24,1469.5280683509154
DS09,mc.BDES,BDES,baseline,25,1442.369474667509
DS09,mc.BDES,BDES,baseline,26,1351.4305375569515
DS09,mc.BDES,BDES,baseline,27,1363.3797457760413
DS09,mc.BDES,BDES,baseline,28,1358.9099086218794
DS09,mc.BDES,BDES,baseline,29,1359.6003020937164
DS09,mc.BDES,BDES,baseline,30,1392.2498149950773
DS09,mc.BDES,BDES,baseline,31,1381.4563539545074
DS09,mc.BDES,BDES,baseline,32,1356.3894598340653
DS09,mc.BDES,BDES,baseline,33,1348.9239099928461
DS09,mc.BDES,BDES,baseline,34,1357.4737202620822
DS09,mc.BDES,BDES,baseline,35,1355.9224959582014
DS09,mc.BDES,BDES,baseline,36,1566.5228873029216
DS09,mc.BDES,BDES,baseline,37,1503.9034442972777
DS09,mc.BDES,BDES,baseline,38,1470.0645718153123
DS09,mc.BDES,BDES,baseline,39,1550.244096080544
DS09,mc.BDES,BDES,baseline,40,1539.4049909069824
DS09,mc.BDES,BDES,baseline,41,1562.7308516066932
DS09,mc.BDES,BDES,baseline,42,1568.4543623311388
DS09,mc.BDES,BDES,baseline,43,1572.7787989722808
DS09,mc.BDES,BDES,baseline,44,1554.7163184524202
DS09,mc.BDES,BDES,baseline,45,1554.6807844314824
DS09,mc.BDES,BDES,baseline,46,1318.4528757377152
DS09,mc.BDES,BDES,baseline,47,1310.036808097675
DS09,mc.BDES,BDES,baseline,48,1340.4983440735264
DS09,mc.BDES,BDES,baseline,49,1342.8038060376325
DS09,mc.BDES,BDES,baseline,50,1056.8802410666135
DS09,mc.arima,arima,baseline,1,280.9635454609221
DS09,mc.arima,arima,baseline,2,282.2799883726948
DS09,mc.arima,arima,baseline,3,1532.1986369266886
DS09,mc.arima,arima,baseline,4,1559.6928465143865
DS09,mc.arima,arima,baseline,5,1467.3376990366319
DS09,mc.arima,arima,baseline,6,1696.3373468330399
DS09,mc.arima,arima,baseline,7,1715.1488711489344
DS09,mc.arima,arima,baseline,8,1714.8974834680682
DS09,mc.arima,arima,baseline,9,1715.8871190305863
DS09,mc.arima,arima,baseline,10,1715.9391472586492
DS09,mc.arima,arima,baseline,11,1638.250431461891
DS09,mc.arima,arima,baseline,12,1611.986118714666
DS09,mc.arima,arima,baseline,13,1658.8841632647818
DS09,mc.arima,arima,baseline,14,1674.3647773344312
DS09,mc.arima,arima,baseline,15,1786.520577279971
DS09,mc.arima,arima,baseline,16,1786.0827876407875
DS09,mc.arima,arima,baseline,17,1670.1282521971036
DS09,mc.arima,arima,baseline,18,1464.1185909732023
DS09,mc.arima,arima,baseline,19,1593.5559187941037
DS09,mc.arima,arima,baseline,20,1836.5492184152943
DS09,mc.arima,arima,baseline,21,1718.2531869173363
DS09,mc.arima,arima,baseline,22,1596.622552486879
DS09,mc.arima,arima,baseline,23,1441.422406176287
DS09,mc.arima,arima,baseline,24,1723.4983018115886
DS09,mc.arima,arima,baseline,25,1724.1177049090443
DS09,mc.arima,arima,baseline,26,1829.3013957249734
DS09,mc.arima,arima,baseline,27,1797.9253545566041
DS09,mc.arima,arima,baseline,28,1693.1070760286293
DS09,mc.arima,arima,baseline,29,1509.9317262428897
DS09,mc.arima,arima,baseline,30,1858.8782650599894
DS09,mc.arima,arima,baseline,31,1755.4326746038582
DS09,mc.arima,arima,baseline,32,1741.0284158267918
DS09,mc.arima,arima,baseline,33,1748.832300674358
DS09,mc.arima,arima,baseline,34,1743.7379558026068
DS09,mc.arima,arima,baseline,35,1751.2156048137992
DS09,mc.arima,arima,baseline,36,1916.5488557649683
DS09,mc.arima,arima,baseline,37,2065.8119588936547
DS09,mc.arima,arima,baseline,38,1881.2543811276057
DS09,mc.arima,arima,baseline,39,1926.479052898972
DS09,mc.arima,arima,baseline,40,1927.6659568513903
DS09,mc.arima,arima,baseline,41,1940.62846339515
DS09,mc.arima,arima,baseline,42,1944.336668979244
DS09,mc.arima,arima,baseline,43,1942.667373762185
DS09,mc.arima,arima,baseline,44,1930.7643267614196
DS09,mc.arima,arima,baseline,45,1927.1005738831695
DS09,mc.arima,arima,baseline,46,1726.9189678348712
DS09,mc.arima,arima,baseline,47,1729.030766957718
DS09,mc.arima,arima,baseline,48,1733.3401345511932
DS09,mc.arima,arima,baseline,49,1741.7131556165955
DS09,mc.arima,arima,baseline,50,1607.5465267054353
DS09,mc.lm_OVERB,lm,OVERB,1,253.4405198113972
DS09,mc.lm_OVERB,lm,OVERB,2,234.56092659421017
DS09,mc.lm_OVERB,lm,OVERB,3,1938.3370083825125
DS09,mc.lm_OVERB,lm,OVERB,4,1500.8115880701732
DS09,mc.lm_OVERB,lm,OVERB,5,1473.5465648982047
DS09,mc.lm_OVERB,lm,OVERB,6,1798.2151785372334
DS09,mc.lm_OVERB,lm,OVERB,7,1761.8221408401407
DS09,mc.lm_OVERB,lm,OVERB,8,1795.0272433324608
DS09,mc.lm_OVERB,lm,OVERB,9,1857.2146652833324
DS09,mc.lm_OVERB,lm,OVERB,10,1997.7149617483283
DS09,mc.lm_OVERB,lm,OVERB,11,1808.161054367651
DS09,mc.lm_OVERB,lm,OVERB,12,1824.403443458436
DS09,mc.lm_OVERB,lm,OVERB,13,1708.6496866490356
DS09,mc.lm_OVERB,lm,OVERB,14,1822.465320919042
DS09,mc.lm_OVERB,lm,OVERB,15,2353.3278666472643
DS09,mc.lm_OVERB,lm,OVERB,16,2461.8781122994815
DS09,mc.lm_OVERB,lm,OVERB,17,1819.3556872154459
DS09,mc.lm_OVERB,lm,OVERB,18,1671.0373088064857
DS09,mc.lm_OVERB,lm,OVERB,19,2014.7703627506712
DS09,mc.lm_OVERB,lm,OVERB,20,1775.5885499539227
DS09,mc.lm_OVERB,lm,OVERB,21,1895.5644169583409
DS09,mc.lm_OVERB,lm,OVERB,22,1606.645117894109
DS09,mc.lm_OVERB,lm,OVERB,23,1757.206394453123
DS09,mc.lm_OVERB,lm,OVERB,24,1677.112162215405
DS09,mc.lm_OVERB,lm,OVERB,25,1706.023489562471
DS09,mc.lm_OVERB,lm,OVERB,26,2466.4751813317316
DS09,mc.lm_OVERB,lm,OVERB,27,2332.049334061641
DS09,mc.lm_OVERB,lm,OVERB,28,1894.848408061769
DS09,mc.lm_OVERB,lm,OVERB,29,2135.1296603065184
DS09,mc.lm_OVERB,lm,OVERB,30,2533.968849569851
DS09,mc.lm_OVERB,lm,OVERB,31,1938.4131235300288
DS09,mc.lm_OVERB,lm,OVERB,32,1951.5371873557042
DS09,mc.lm_OVERB,lm,OVERB,33,2590.3958081741634
DS09,mc.lm_OVERB,lm,OVERB,34,2457.0955052208114
DS09,mc.lm_OVERB,lm,OVERB,35,2261.5237648459706
DS09,mc.lm_OVERB,lm,OVERB,36,2319.6455523573045
DS09,mc.lm_OVERB,lm,OVERB,37,2312.5791632645346
DS09,mc.lm_OVERB,lm,OVERB,38,2132.301749564659
DS09,mc.lm_OVERB,lm,OVERB,39,3087.15820039646
DS09,mc.lm_OVERB,lm,OVERB,40,2305.9070007060227
DS09,mc.lm_OVERB,lm,OVERB,41,2899.5835751839804
DS09,mc.lm_OVERB,lm,OVERB,42,3004.4237138673157
DS09,mc.lm_OVERB,lm,OVERB,43,2840.562122835707
DS09,mc.lm_OVERB,lm,OVERB,44,2683.724253305066
DS09,mc.lm_OVERB,lm,OVERB,45,2226.9686319589323
DS09,mc.lm_OVERB,lm,OVERB,46,2476.1432625168954
DS09,mc.lm_OVERB,lm,OVERB,47,2297.638414244875
DS09,mc.lm_OVERB,lm,OVERB,48,2226.45764498679
DS09,mc.lm_OVERB,lm,OVERB,49,2212.9158346016884
DS09,mc.lm_OVERB,lm,OVERB,50,2432.3180512475233
DS09,mc.lm_OVERTPhi,lm,OVERTPhi,1,260.542540292312
DS09,mc.lm_OVERTPhi,lm,OVERTPhi,2,276.9294190499236
DS09,mc.lm_OVERTPhi,lm,OVERTPhi,3,2109.8967414305985
DS09,mc.lm_OVERTPhi,lm,OVERTPhi,4,1845.573698908674
DS09,mc.lm_OVERTPhi,lm,OVERTPhi,5,2067.730602621818
DS09,mc.lm_OVERTPhi,lm,OVERTPhi,6,1566.1770376121524
DS09,mc.lm_OVERTPhi,lm,OVERTPhi,7,1886.1651940462236
DS09,mc.lm_OVERTPhi,lm,OVERTPhi,8,2005.255734754577
DS09,mc.lm_OVERTPhi,lm,OVERTPhi,9,2335.264023793703
DS09,mc.lm_OVERTPhi,lm,OVERTPhi,10,1740.2378759481492
DS09,mc.lm_OVERTPhi,lm,OVERTPhi,11,1875.5714488503727
DS09,mc.lm_OVERTPhi,lm,OVERTPhi,12,2358.195277577424
DS09,mc.lm_OVERTPhi,lm,OVERTPhi,13,2006.6664297346313
DS09,mc.lm_OVERTPhi,lm,OVERTPhi,14,2166.867375866634
DS09,mc.lm_OVERTPhi,lm,OVERTPhi,15,2374.5944057093957
DS09,mc.lm_OVERTPhi,lm,OVERTPhi,16,2568.3892630430933
DS09,mc.lm_OVERTPhi,lm,OVERTPhi,17,2023.2935437989352
DS09,mc.lm_OVERTPhi,lm,OVERTPhi,18,1764.532178932645
DS09,mc.lm_OVERTPhi,lm,OVERTPhi,19,1881.4153554208997
DS09,mc.lm_OVERTPhi,lm,OVERTPhi,20,2312.587119840013
DS09,mc.lm_OVERTPhi,lm,OVERTPhi,21,2052.8169006024314
DS09,mc.lm_OVERTPhi,lm,OVERTPhi,22,2120.284697202292
DS09,mc.lm_OVERTPhi,lm,OVERTPhi,23,1834.5613644156058
DS09,mc.lm_OVERTPhi,lm,OVERTPhi,24,2012.179953434772
DS09,mc.lm_OVERTPhi,lm,OVERTPhi,25,2486.203950574693
DS09,mc.lm_OVERTPhi,lm,OVERTPhi,26,1906.7134765608437
DS09,mc.lm_OVERTPhi,lm,OVERTPhi,27,2610.012917139563
DS09,mc.lm_OVERTPhi,lm,OVERTPhi,28,2674.141773019694
DS09,mc.lm_OVERTPhi,lm,OVERTPhi,29,2760.339654694247
DS09,mc.lm_OVERTPhi,lm,OVERTPhi,30,2242.0173654715786
DS09,mc.lm_OVERTPhi,lm,OVERTPhi,31,2385.9019472390178
DS09,mc.lm_OVERTPhi,lm,OVERTPhi,32,2212.7927655125422
DS09,mc.lm_OVERTPhi,lm,OVERTPhi,33,2485.0668001080726
DS09,mc.lm_OVERTPhi,lm,OVERTPhi,34,2746.155403524055
DS09,mc.lm_OVERTPhi,lm,OVERTPhi,35,2229.2598778306997
DS09,mc.lm_OVERTPhi,lm,OVERTPhi,36,3203.8554810371907
DS09,mc.lm_OVERTPhi,lm,OVERTPhi,37,2828.4107370937545
DS09,mc.lm_OVERTPhi,lm,OVERTPhi,38,2283.8227403004857
DS09,mc.lm_OVERTPhi,lm,OVERTPhi,39,2618.720228056779
DS09,mc.lm_OVERTPhi,lm,OVERTPhi,40,2759.12635588196
DS09,mc.lm_OVERTPhi,lm,OVERTPhi,41,3111.893071992404
DS09,mc.lm_OVERTPhi,lm,OVERTPhi,42,2696.232774922793
DS09,mc.lm_OVERTPhi,lm,OVERTPhi,43,2739.6505614306043
DS09,mc.lm_OVERTPhi,lm,OVERTPhi,44,2382.9843925678006
DS09,mc.lm_OVERTPhi,lm,OVERTPhi,45,2904.2098260122343
DS09,mc.lm_OVERTPhi,lm,OVERTPhi,46,2371.8163405949426
DS09,mc.lm_OVERTPhi,lm,OVERTPhi,47,1775.9550850808369
DS09,mc.lm_OVERTPhi,lm,OVERTPhi,48,1943.9512384075783
DS09,mc.lm_OVERTPhi,lm,OVERTPhi,49,2220.698647032712
DS09,mc.lm_OVERTPhi,lm,OVERTPhi,50,1775.0170043449666
DS09,mc.lm_OVERT,lm,OVERT,1,220.29747618850826
DS09,mc.lm_OVERT,lm,OVERT,2,250.77938039072646
DS09,mc.lm_OVERT,lm,OVERT,3,2121.7157028625634
DS09,mc.lm_OVERT,lm,OVERT,4,1747.0838964657723
DS09,mc.lm_OVERT,lm,OVERT,5,1979.0341664610478
DS09,mc.lm_OVERT,lm,OVERT,6,1635.9134180119902
DS09,mc.lm_OVERT,lm,OVERT,7,1854.4334011199967
DS09,mc.lm_OVERT,lm,OVERT,8,1799.4236271142174
DS09,mc.lm_OVERT,lm,OVERT,9,2074.3965458794014
DS09,mc.lm_OVERT,lm,OVERT,10,1908.4371589721486
DS09,mc.lm_OVERT,lm,OVERT,11,2007.1774024154408
DS09,mc.lm_OVERT,lm,OVERT,12,2096.8509763932257
DS09,mc.lm_OVERT,lm,OVERT,13,2014.5227330845169
DS09,mc.lm_OVERT,lm,OVERT,14,2290.832632037988
DS09,mc.lm_OVERT,lm,OVERT,15,2274.1184158105625
DS09,mc.lm_OVERT,lm,OVERT,16,2463.101161796007
DS09,mc.lm_OVERT,lm,OVERT,17,2033.3023375440598
DS09,mc.lm_OVERT,lm,OVERT,18,1750.9221839919983
DS09,mc.lm_OVERT,lm,OVERT,19,1857.502597304665
DS09,mc.lm_OVERT,lm,OVERT,20,2247.01070118983
DS09,mc.lm_OVERT,lm,OVERT,21,2151.255220851437
DS09,mc.lm_OVERT,lm,OVERT,22,2029.1223839146805
DS09,mc.lm_OVERT,lm,OVERT,23,1765.1246208470593
DS09,mc.lm_OVERT,lm,OVERT,24,2075.0274537488363
DS09,mc.lm_OVERT,lm,OVERT,25,2321.90796729198
DS09,mc.lm_OVERT,lm,OVERT,26,2053.8535812675327
DS09,mc.lm_OVERT,lm,OVERT,27,2681.5560415363416
DS09,mc.lm_OVERT,lm,OVERT,28,2765.5990119011453
DS09,mc.lm_OVERT,lm,OVERT,29,2639.7299478391137
DS09,mc.lm_OVERT,lm,OVERT,30,2215.3491451620994
DS09,mc.lm_OVERT,lm,OVERT,31,2263.197604212906
DS09,mc.lm_OVERT,lm,OVERT,32,2179.636956490594
DS09,mc.lm_OVERT,lm,OVERT,33,2477.4661019325363
DS09,mc.lm_OVERT,lm,OVERT,34,2725.429293380696
DS09,mc.lm_OVERT,lm,OVERT,35,2170.099142447147
DS09,mc.lm_OVERT,lm,OVERT,36,3201.8627242587622
DS09,mc.lm_OVERT,lm,OVERT,37,2580.876544012697
DS09,mc.lm_OVERT,lm,OVERT,38,2125.6274244489573
DS09,mc.lm_OVERT,lm,OVERT,39,2862.788795538889
DS09,mc.lm_OVERT,lm,OVERT,40,2954.0960768866994
DS09,mc.lm_OVERT,lm,OVERT,41,2754.184936085769
DS09,mc.lm_OVERT,lm,OVERT,42,2797.3702436324334
DS09,mc.lm_OVERT,lm,OVERT,43,2686.905983883272
DS09,mc.lm_OVERT,lm,OVERT,44,2329.9140539251753
DS09,mc.lm_OVERT,lm,OVERT,45,2603.3428562140266
DS09,mc.lm_OVERT,lm,OVERT,46,2411.7886184149115
DS09,mc.lm_OVERT,lm,OVERT,47,1777.5519635964179
DS09,mc.lm_OVERT,lm,OVERT,48,1964.2388605362307
DS09,mc.lm_OVERT,lm,OVERT,49,2222.773585415826
DS09,mc.lm_OVERT,lm,OVERT,50,1967.9130718745093
DS09,mc.lm_SMOTEB,lm,SMOTEB,1,289.11166013606964
DS09,mc.lm_SMOTEB,lm,SMOTEB,2,264.9335328306584
DS09,mc.lm_SMOTEB,lm,SMOTEB,3,2007.2885219428094
DS09,mc.lm_SMOTEB,lm,SMOTEB,4,1532.604271315864
DS09,mc.lm_SMOTEB,lm,SMOTEB,5,1664.1103897534304
DS09,mc.lm_SMOTEB,lm,SMOTEB,6,1651.8652174686274
DS09,mc.lm_SMOTEB,lm,SMOTEB,7,1716.9875486057813
DS09,mc.lm_SMOTEB,lm,SMOTEB,8,2021.2474223832671
DS09,mc.lm_SMOTEB,lm,SMOTEB,9,1727.7765776882543
DS09,mc.lm_SMOTEB,lm,SMOTEB,10,1867.7511399986274
DS09,mc.lm_SMOTEB,lm,SMOTEB,11,1675.574151587343
DS09,mc.lm_SMOTEB,lm,SMOTEB,12,1982.4521157999652
DS09,mc.lm_SMOTEB,lm,SMOTEB,13,1906.6066532969487
DS09,mc.lm_SMOTEB,lm,SMOTEB,14,1852.6632345293976
DS09,mc.lm_SMOTEB,lm,SMOTEB,15,2326.286716796678
DS09,mc.lm_SMOTEB,lm,SMOTEB,16,2381.876755338261
DS09,mc.lm_SMOTEB,lm,SMOTEB,17,1926.7415001847774
DS09,mc.lm_SMOTEB,lm,SMOTEB,18,2046.1272161740544
DS09,mc.lm_SMOTEB,lm,SMOTEB,19,1755.0981449813182
DS09,mc.lm_SMOTEB,lm,SMOTEB,20,1851.9064859766027
DS09,mc.lm_SMOTEB,lm,SMOTEB,21,1804.2379180630544
DS09,mc.lm_SMOTEB,lm,SMOTEB,22,1969.6973680841234
DS09,mc.lm_SMOTEB,lm,SMOTEB,23,1649.447285903905
DS09,mc.lm_SMOTEB,lm,SMOTEB,24,1685.512433469221
DS09,mc.lm_SMOTEB,lm,SMOTEB,25,1740.4240425549528
DS09,mc.lm_SMOTEB,lm,SMOTEB,26,2416.7726134162517
DS09,mc.lm_SMOTEB,lm,SMOTEB,27,1973.9241653287977
DS09,mc.lm_SMOTEB,lm,SMOTEB,28,2171.1400696517853
DS09,mc.lm_SMOTEB,lm,SMOTEB,29,2256.5766219923976
DS09,mc.lm_SMOTEB,lm,SMOTEB,30,2380.1641735711983
DS09,mc.lm_SMOTEB,lm,SMOTEB,31,2120.66280563805
DS09,mc.lm_SMOTEB,lm,SMOTEB,32,2374.9011267056903
DS09,mc.lm_SMOTEB,lm,SMOTEB,33,2559.9098148336616
DS09,mc.lm_SMOTEB,lm,SMOTEB,34,2725.672399111007
DS09,mc.lm_SMOTEB,lm,SMOTEB,35,2543.687239266744
DS09,mc.lm_SMOTEB,lm,SMOTEB,36,2719.893372323806
DS09,mc.lm_SMOTEB,lm,SMOTEB,37,3081.439552154487
DS09,mc.lm_SMOTEB,lm,SMOTEB,38,2582.1078665080995
DS09,mc.lm_SMOTEB,lm,SMOTEB,39,2409.9522634826326
DS09,mc.lm_SMOTEB,lm,SMOTEB,40,2972.1145755712455
DS09,mc.lm_SMOTEB,lm,SMOTEB,41,3302.914395239705
DS09,mc.lm_SMOTEB,lm,SMOTEB,42,2841.223394765169
DS09,mc.lm_SMOTEB,lm,SMOTEB,43,3159.704033546305
DS09,mc.lm_SMOTEB,lm,SMOTEB,44,3181.0629000625095
DS09,mc.lm_SMOTEB,lm,SMOTEB,45,2915.243729302782
DS09,mc.lm_SMOTEB,lm,SMOTEB,46,2426.6783262879317
DS09,mc.lm_SMOTEB,lm,SMOTEB,47,2726.3401856096343
DS09,mc.lm_SMOTEB,lm,SMOTEB,48,2532.3520737545664
DS09,mc.lm_SMOTEB,lm,SMOTEB,49,2447.5351938793738
DS09,mc.lm_SMOTEB,lm,SMOTEB,50,1900.5969703602686
DS09,mc.lm_SMOTETPhi,lm,SMOTETPhi,1,328.90615268859256
DS09,mc.lm_SMOTETPhi,lm,SMOTETPhi,2,407.70257899715153
DS09,mc.lm_SMOTETPhi,lm,SMOTETPhi,3,2376.979247453242
DS09,mc.lm_SMOTETPhi,lm,SMOTETPhi,4,2146.062327884774
DS09,mc.lm_SMOTETPhi,lm,SMOTETPhi,5,2611.9274128178413
DS09,mc.lm_SMOTETPhi,lm,SMOTETPhi,6,2363.3105504118234
DS09,mc.lm_SMOTETPhi,lm,SMOTETPhi,7,2910.081667449854
DS09,mc.lm_SMOTETPhi,lm,SMOTETPhi,8,2801.3766252088335
DS09,mc.lm_SMOTETPhi,lm,SMOTETPhi,9,3097.5881140225215
DS09,mc.lm_SMOTETPhi,lm,SMOTETPhi,10,2916.0959507468706
DS09,mc.lm_SMOTETPhi,lm,SMOTETPhi,11,3001.969495423987
DS09,mc.lm_SMOTETPhi,lm,SMOTETPhi,12,2966.9182788418093
DS09,mc.lm_SMOTETPhi,lm,SMOTETPhi,13,2971.5760340763404
DS09,mc.lm_SMOTETPhi,lm,SMOTETPhi,14,3127.4336635421287
DS09,mc.lm_SMOTETPhi,lm,SMOTETPhi,15,3268.036486427514
DS09,mc.lm_SMOTETPhi,lm,SMOTETPhi,16,2900.881781972357
DS09,mc.lm_SMOTETPhi,lm,SMOTETPhi,17,2592.2598766278193
DS09,mc.lm_SMOTETPhi,lm,SMOTETPhi,18,2458.858616233278
DS09,mc.lm_SMOTETPhi,lm,SMOTETPhi,19,2999.3482308915864
DS09,mc.lm_SMOTETPhi,lm,SMOTETPhi,20,2813.5349636320952
DS09,mc.lm_SMOTETPhi,lm,SMOTETPhi,21,2757.84575620968
DS09,mc.lm_SMOTETPhi,lm,SMOTETPhi,22,2651.064974611279
DS09,mc.lm_SMOTETPhi,lm,SMOTETPhi,23,2243.60633009936
DS09,mc.lm_SMOTETPhi,lm,SMOTETPhi,24,2538.6452272889724
DS09,mc.lm_SMOTETPhi,lm,SMOTETPhi,25,2188.458115583356
DS09,mc.lm_SMOTETPhi,lm,SMOTETPhi,26,2887.217289031528
DS09,mc.lm_SMOTETPhi,lm,SMOTETPhi,27,2804.032689018147
DS09,mc.lm_SMOTETPhi,lm,SMOTETPhi,28,2247.1801967170436
DS09,mc.lm_SMOTETPhi,lm,SMOTETPhi,29,2422.6266377011734
DS09,mc.lm_SMOTETPhi,lm,SMOTETPhi,30,2444.55681829138
DS09,mc.lm_SMOTETPhi,lm,SMOTETPhi,31,2215.21123972132
DS09,mc.lm_SMOTETPhi,lm,SMOTETPhi,32,2713.605836875093
DS09,mc.lm_SMOTETPhi,lm,SMOTETPhi,33,2900.1511009657256
DS09,mc.lm_SMOTETPhi,lm,SMOTETPhi,34,3038.264262412492
DS09,mc.lm_SMOTETPhi,lm,SMOTETPhi,35,3500.753587215202
DS09,mc.lm_SMOTETPhi,lm,SMOTETPhi,36,3360.285878543565
DS09,mc.lm_SMOTETPhi,lm,SMOTETPhi,37,2984.814356812706
DS09,mc.lm_SMOTETPhi,lm,SMOTETPhi,38,2256.9672733834
DS09,mc.lm_SMOTETPhi,lm,SMOTETPhi,39,3448.3669154030367
DS09,mc.lm_SMOTETPhi,lm,SMOTETPhi,40,3650.881853695503
DS09,mc.lm_SMOTETPhi,lm,SMOTETPhi,41,3809.369362269535
DS09,mc.lm_SMOTETPhi,lm,SMOTETPhi,42,3671.7898314745003
DS09,mc.lm_SMOTETPhi,lm,SMOTETPhi,43,3388.7482846679263
DS09,mc.lm_SMOTETPhi,lm,SMOTETPhi,44,3300.321011156183
DS09,mc.lm_SMOTETPhi,lm,SMOTETPhi,45,3907.1925328517905
DS09,mc.lm_SMOTETPhi,lm,SMOTETPhi,46,2527.6680791673416
DS09,mc.lm_SMOTETPhi,lm,SMOTETPhi,47,2479.786011849663
DS09,mc.lm_SMOTETPhi,lm,SMOTETPhi,48,3435.677577208534
DS09,mc.lm_SMOTETPhi,lm,SMOTETPhi,49,3370.415080319484
DS09,mc.lm_SMOTETPhi,lm,SMOTETPhi,50,2057.7220873528227
DS09,mc.lm_SMOTET,lm,SMOTET,1,332.9983638351912
DS09,mc.lm_SMOTET,lm,SMOTET,2,381.29392953091536
DS09,mc.lm_SMOTET,lm,SMOTET,3,2538.2466732592284
DS09,mc.lm_SMOTET,lm,SMOTET,4,2298.920903503631
DS09,mc.lm_SMOTET,lm,SMOTET,5,2684.0154046015127
DS09,mc.lm_SMOTET,lm,SMOTET,6,2468.2667149937697
DS09,mc.lm_SMOTET,lm,SMOTET,7,3023.787289511758
DS09,mc.lm_SMOTET,lm,SMOTET,8,2807.0320678817684
DS09,mc.lm_SMOTET,lm,SMOTET,9,3236.7290019934258
DS09,mc.lm_SMOTET,lm,SMOTET,10,2992.7819400102294
DS09,mc.lm_SMOTET,lm,SMOTET,11,3102.611588942906
DS09,mc.lm_SMOTET,lm,SMOTET,12,3031.5301663612677
DS09,mc.lm_SMOTET,lm,SMOTET,13,2997.398848721145
DS09,mc.lm_SMOTET,lm,SMOTET,14,3146.053232670507
DS09,mc.lm_SMOTET,lm,SMOTET,15,3301.4014240918586
DS09,mc.lm_SMOTET,lm,SMOTET,16,2921.2269385799827
DS09,mc.lm_SMOTET,lm,SMOTET,17,2602.649175913242
DS09,mc.lm_SMOTET,lm,SMOTET,18,2531.862083905878
DS09,mc.lm_SMOTET,lm,SMOTET,19,3131.3852243993165
DS09,mc.lm_SMOTET,lm,SMOTET,20,2884.470781803162
DS09,mc.lm_SMOTET,lm,SMOTET,21,2834.044362109756
DS09,mc.lm_SMOTET,lm,SMOTET,22,2700.095526702037
DS09,mc.lm_SMOTET,lm,SMOTET,23,2280.8351969608393
DS09,mc.lm_SMOTET,lm,SMOTET,24,2595.6979859636185
DS09,mc.lm_SMOTET,lm,SMOTET,25,2246.5476162777013
DS09,mc.lm_SMOTET,lm,SMOTET,26,2937.242294503958
DS09,mc.lm_SMOTET,lm,SMOTET,27,2817.8961298193053
DS09,mc.lm_SMOTET,lm,SMOTET,28,2403.4219601674345
DS09,mc.lm_SMOTET,lm,SMOTET,29,2510.4640557250823
DS09,mc.lm_SMOTET,lm,SMOTET,30,2615.6048450842745
DS09,mc.lm_SMOTET,lm,SMOTET,31,2275.7331724788537
DS09,mc.lm_SMOTET,lm,SMOTET,32,2634.3582811815063
DS09,mc.lm_SMOTET,lm,SMOTET,33,3093.288409348774
DS09,mc.lm_SMOTET,lm,SMOTET,34,3080.176985064445
DS09,mc.lm_SMOTET,lm,SMOTET,35,3558.2392315822367
DS09,mc.lm_SMOTET,lm,SMOTET,36,3371.8170664357676
DS09,mc.lm_SMOTET,lm,SMOTET,37,3118.323683484513
DS09,mc.lm_SMOTET,lm,SMOTET,38,2249.5191992460445
DS09,mc.lm_SMOTET,lm,SMOTET,39,3531.237781672963
DS09,mc.lm_SMOTET,lm,SMOTET,40,3680.0222846230427
DS09,mc.lm_SMOTET,lm,SMOTET,41,3733.783955732049
DS09,mc.lm_SMOTET,lm,SMOTET,42,3630.869630236901
DS09,mc.lm_SMOTET,lm,SMOTET,43,3411.6695480410253
DS09,mc.lm_SMOTET,lm,SMOTET,44,3338.3982151030023
DS09,mc.lm_SMOTET,lm,SMOTET,45,3963.1369631409493
DS09,mc.lm_SMOTET,lm,SMOTET,46,2544.976003516449
DS09,mc.lm_SMOTET,lm,SMOTET,47,2492.123680384424
DS09,mc.lm_SMOTET,lm,SMOTET,48,3299.02115203927
DS09,mc.lm_SMOTET,lm,SMOTET,49,3319.532923212383
DS09,mc.lm_SMOTET,lm,SMOTET,50,2104.650929994387
DS09,mc.lm_UNDERB,lm,UNDERB,1,278.9161570019993
DS09,mc.lm_UNDERB,lm,UNDERB,2,277.23519753739356
DS09,mc.lm_UNDERB,lm,UNDERB,3,1952.5739470129831
DS09,mc.lm_UNDERB,lm,UNDERB,4,1706.7344796449543
DS09,mc.lm_UNDERB,lm,UNDERB,5,1769.3594007731328
DS09,mc.lm_UNDERB,lm,UNDERB,6,1742.995592640615
DS09,mc.lm_UNDERB,lm,UNDERB,7,1763.2252881113639
DS09,mc.lm_UNDERB,lm,UNDERB,8,1912.7025467934072
DS09,mc.lm_UNDERB,lm,UNDERB,9,1907.395072228337
DS09,mc.lm_UNDERB,lm,UNDERB,10,1885.5799563832902
DS09,mc.lm_UNDERB,lm,UNDERB,11,1919.4217891384744
DS09,mc.lm_UNDERB,lm,UNDERB,12,1863.1371791250256
DS09,mc.lm_UNDERB,lm,UNDERB,13,1901.187529488259
DS09,mc.lm_UNDERB,lm,UNDERB,14,2043.2811994695578
DS09,mc.lm_UNDERB,lm,UNDERB,15,2362.748207781384
DS09,mc.lm_UNDERB,lm,UNDERB,16,2475.773770820866
DS09,mc.lm_UNDERB,lm,UNDERB,17,1869.764814013562
DS09,mc.lm_UNDERB,lm,UNDERB,18,1893.1322741118524
DS09,mc.lm_UNDERB,lm,UNDERB,19,1931.648834217602
DS09,mc.lm_UNDERB,lm,UNDERB,20,1913.7782782098534
DS09,mc.lm_UNDERB,lm,UNDERB,21,1887.2247965874615
DS09,mc.lm_UNDERB,lm,UNDERB,22,1898.243083369448
DS09,mc.lm_UNDERB,lm,UNDERB,23,1835.915728914132
DS09,mc.lm_UNDERB,lm,UNDERB,24,1810.2473897194843
DS09,mc.lm_UNDERB,lm,UNDERB,25,1728.5269897534204
DS09,mc.lm_UNDERB,lm,UNDERB,26,2112.667807795397
DS09,mc.lm_UNDERB,lm,UNDERB,27,2015.6272344799686
DS09,mc.lm_UNDERB,lm,UNDERB,28,2017.5087444759376
DS09,mc.lm_UNDERB,lm,UNDERB,29,2191.1929321969933
DS09,mc.lm_UNDERB,lm,UNDERB,30,2090.9431028673202
DS09,mc.lm_UNDERB,lm,UNDERB,31,2059.813722819098
DS09,mc.lm_UNDERB,lm,UNDERB,32,2212.9156611742405
DS09,mc.lm_UNDERB,lm,UNDERB,33,2287.2659656126752
DS09,mc.lm_UNDERB,lm,UNDERB,34,2324.150978766856
DS09,mc.lm_UNDERB,lm,UNDERB,35,2314.6946549137465
DS09,mc.lm_UNDERB,lm,UNDERB,36,2611.437124883905
DS09,mc.lm_UNDERB,lm,UNDERB,37,2516.7763219832286
DS09,mc.lm_UNDERB,lm,UNDERB,38,2358.3597078883995
DS09,mc.lm_UNDERB,lm,UNDERB,39,2693.1466378688465
DS09,mc.lm_UNDERB,lm,UNDERB,40,2580.946681094158
DS09,mc.lm_UNDERB,lm,UNDERB,41,2643.102744602766
DS09,mc.lm_UNDERB,lm,UNDERB,42,2650.2181094328853
DS09,mc.lm_UNDERB,lm,UNDERB,43,2589.8623068771526
DS09,mc.lm_UNDERB,lm,UNDERB,44,2680.0466788321087
DS09,mc.lm_UNDERB,lm,UNDERB,45,2649.148809103491
DS09,mc.lm_UNDERB,lm,UNDERB,46,2190.883331475511
DS09,mc.lm_UNDERB,lm,UNDERB,47,2104.6674174429922
DS09,mc.lm_UNDERB,lm,UNDERB,48,2247.9445248431985
DS09,mc.lm_UNDERB,lm,UNDERB,49,2240.6084760818953
DS09,mc.lm_UNDERB,lm,UNDERB,50,1986.6848437353324
DS09,mc.lm_UNDERTPhi,lm,UNDERTPhi,1,296.3034410906173
DS09,mc.lm_UNDERTPhi,lm,UNDERTPhi,2,285.1693507510764
DS09,mc.lm_UNDERTPhi,lm,UNDERTPhi,3,1953.520768347945
DS09,mc.lm_UNDERTPhi,lm,UNDERTPhi,4,1629.8986025747863
DS09,mc.lm_UNDERTPhi,lm,UNDERTPhi,5,1676.2699788030745
DS09,mc.lm_UNDERTPhi,lm,UNDERTPhi,6,1654.1080544536953
DS09,mc.lm_UNDERTPhi,lm,UNDERTPhi,7,1850.5658141358115
DS09,mc.lm_UNDERTPhi,lm,UNDERTPhi,8,1848.2184904806354
DS09,mc.lm_UNDERTPhi,lm,UNDERTPhi,9,1888.524491705789
DS09,mc.lm_UNDERTPhi,lm,UNDERTPhi,10,1866.0986923906091
DS09,mc.lm_UNDERTPhi,lm,UNDERTPhi,11,1907.5428514752784
DS09,mc.lm_UNDERTPhi,lm,UNDERTPhi,12,1930.1234760269945
DS09,mc.lm_UNDERTPhi,lm,UNDERTPhi,13,1930.7853594651854
DS09,mc.lm_UNDERTPhi,lm,UNDERTPhi,14,1915.7844093560375
DS09,mc.lm_UNDERTPhi,lm,UNDERTPhi,15,2336.2327152136513
DS09,mc.lm_UNDERTPhi,lm,UNDERTPhi,16,2356.4184440792337
DS09,mc.lm_UNDERTPhi,lm,UNDERTPhi,17,1896.7963715126423
DS09,mc.lm_UNDERTPhi,lm,UNDERTPhi,18,1965.3389371570397
DS09,mc.lm_UNDERTPhi,lm,UNDERTPhi,19,1926.9053243597918
DS09,mc.lm_UNDERTPhi,lm,UNDERTPhi,20,1974.7279533559251
DS09,mc.lm_UNDERTPhi,lm,UNDERTPhi,21,1932.0661259873996
DS09,mc.lm_UNDERTPhi,lm,UNDERTPhi,22,1877.261192470145
DS09,mc.lm_UNDERTPhi,lm,UNDERTPhi,23,1771.545330437919
DS09,mc.lm_UNDERTPhi,lm,UNDERTPhi,24,1764.7556980043553
DS09,mc.lm_UNDERTPhi,lm,UNDERTPhi,25,1675.0748488832264
DS09,mc.lm_UNDERTPhi,lm,UNDERTPhi,26,1987.0552784958695
DS09,mc.lm_UNDERTPhi,lm,UNDERTPhi,27,1985.7232770684684
DS09,mc.lm_UNDERTPhi,lm,UNDERTPhi,28,1962.6042186901218
DS09,mc.lm_UNDERTPhi,lm,UNDERTPhi,29,2069.5012889371014
DS09,mc.lm_UNDERTPhi,lm,UNDERTPhi,30,2017.835773314121
DS09,mc.lm_UNDERTPhi,lm,UNDERTPhi,31,2017.981863239389
DS09,mc.lm_UNDERTPhi,lm,UNDERTPhi,32,2176.2599853482634
DS09,mc.lm_UNDERTPhi,lm,UNDERTPhi,33,2126.4022307725245
DS09,mc.lm_UNDERTPhi,lm,UNDERTPhi,34,2300.658253239476
DS09,mc.lm_UNDERTPhi,lm,UNDERTPhi,35,2319.974222294379
DS09,mc.lm_UNDERTPhi,lm,UNDERTPhi,36,2348.2548882311758
DS09,mc.lm_UNDERTPhi,lm,UNDERTPhi,37,2435.611343703919
DS09,mc.lm_UNDERTPhi,lm,UNDERTPhi,38,2301.2672684083036
DS09,mc.lm_UNDERTPhi,lm,UNDERTPhi,39,2442.514752455469
DS09,mc.lm_UNDERTPhi,lm,UNDERTPhi,40,2510.2658574871384
DS09,mc.lm_UNDERTPhi,lm,UNDERTPhi,41,2508.9708970317715
DS09,mc.lm_UNDERTPhi,lm,UNDERTPhi,42,2509.7680000244345
DS09,mc.lm_UNDERTPhi,lm,UNDERTPhi,43,2520.576951570141
DS09,mc.lm_UNDERTPhi,lm,UNDERTPhi,44,2444.9613141912155
DS09,mc.lm_UNDERTPhi,lm,UNDERTPhi,45,2581.675338640384
DS09,mc.lm_UNDERTPhi,lm,UNDERTPhi,46,2260.764916388408
DS09,mc.lm_UNDERTPhi,lm,UNDERTPhi,47,2151.8839741597435
DS09,mc.lm_UNDERTPhi,lm,UNDERTPhi,48,2194.350306428284
DS09,mc.lm_UNDERTPhi,lm,UNDERTPhi,49,2168.829853742638
DS09,mc.lm_UNDERTPhi,lm,UNDERTPhi,50,1965.2624843001056
DS09,mc.lm_UNDERT,lm,UNDERT,1,277.6961773615586
DS09,mc.lm_UNDERT,lm,UNDERT,2,280.62763387898457
DS09,mc.lm_UNDERT,lm,UNDERT,3,1948.4431507712995
DS09,mc.lm_UNDERT,lm,UNDERT,4,1720.275300373985
DS09,mc.lm_UNDERT,lm,UNDERT,5,1792.1375526310571
DS09,mc.lm_UNDERT,lm,UNDERT,6,1727.061202186324
DS09,mc.lm_UNDERT,lm,UNDERT,7,1969.9160164250252
DS09,mc.lm_UNDERT,lm,UNDERT,8,1883.9878723411616
DS09,mc.lm_UNDERT,lm,UNDERT,9,1912.7867949345555
DS09,mc.lm_UNDERT,lm,UNDERT,10,1941.695181333566
DS09,mc.lm_UNDERT,lm,UNDERT,11,1916.8701361417357
DS09,mc.lm_UNDERT,lm,UNDERT,12,1951.716014136229
DS09,mc.lm_UNDERT,lm,UNDERT,13,1984.8658358647858
DS09,mc.lm_UNDERT,lm,UNDERT,14,1849.0182101827402
DS09,mc.lm_UNDERT,lm,UNDERT,15,2389.6725437574005
DS09,mc.lm_UNDERT,lm,UNDERT,16,2445.511856372431
DS09,mc.lm_UNDERT,lm,UNDERT,17,2037.9042514861192
DS09,mc.lm_UNDERT,lm,UNDERT,18,1987.639836172704
DS09,mc.lm_UNDERT,lm,UNDERT,19,1932.578417010245
DS09,mc.lm_UNDERT,lm,UNDERT,20,1996.8232047993579
DS09,mc.lm_UNDERT,lm,UNDERT,21,1926.1823762288598
DS09,mc.lm_UNDERT,lm,UNDERT,22,1914.462500818163
DS09,mc.lm_UNDERT,lm,UNDERT,23,1862.6271121956931
DS09,mc.lm_UNDERT,lm,UNDERT,24,1826.9328447434104
DS09,mc.lm_UNDERT,lm,UNDERT,25,1737.0318346904585
DS09,mc.lm_UNDERT,lm,UNDERT,26,2077.983271132802
DS09,mc.lm_UNDERT,lm,UNDERT,27,2031.6641058350942
DS09,mc.lm_UNDERT,lm,UNDERT,28,2024.6005331065337
DS09,mc.lm_UNDERT,lm,UNDERT,29,2139.952855336499
DS09,mc.lm_UNDERT,lm,UNDERT,30,2098.8567938621204
DS09,mc.lm_UNDERT,lm,UNDERT,31,2099.9658615586627
DS09,mc.lm_UNDERT,lm,UNDERT,32,2271.26135539919
DS09,mc.lm_UNDERT,lm,UNDERT,33,2299.0657629467137
DS09,mc.lm_UNDERT,lm,UNDERT,34,2280.4966399722757
DS09,mc.lm_UNDERT,lm,UNDERT,35,2389.0955682933004
DS09,mc.lm_UNDERT,lm,UNDERT,36,2649.9183784121096
DS09,mc.lm_UNDERT,lm,UNDERT,37,2419.8930316227543
DS09,mc.lm_UNDERT,lm,UNDERT,38,2318.6157746518847
DS09,mc.lm_UNDERT,lm,UNDERT,39,2527.049147362126
DS09,mc.lm_UNDERT,lm,UNDERT,40,2644.982469748612
DS09,mc.lm_UNDERT,lm,UNDERT,41,2594.426211316097
DS09,mc.lm_UNDERT,lm,UNDERT,42,2642.9371670663386
DS09,mc.lm_UNDERT,lm,UNDERT,43,2696.6647810623576
DS09,mc.lm_UNDERT,lm,UNDERT,44,2580.5018244197654
DS09,mc.lm_UNDERT,lm,UNDERT,45,2502.0221779685457
DS09,mc.lm_UNDERT,lm,UNDERT,46,2197.5394101966845
DS09,mc.lm_UNDERT,lm,UNDERT,47,2252.3561930601536
DS09,mc.lm_UNDERT,lm,UNDERT,48,2193.7048124623084
DS09,mc.lm_UNDERT,lm,UNDERT,49,2242.627277625013
DS09,mc.lm_UNDERT,lm,UNDERT,50,2021.2089261011147
DS09,mc.lm,lm,baseline,1,286.73134003596624
DS09,mc.lm,lm,baseline,2,287.66087286480115
DS09,mc.lm,lm,baseline,3,1716.9495011875279
DS09,mc.lm,lm,baseline,4,1551.6198789177552
DS09,mc.lm,lm,baseline,5,1551.6225774765967
DS09,mc.lm,lm,baseline,6,1551.2735999026022
DS09,mc.lm,lm,baseline,7,1661.30252284333
DS09,mc.lm,lm,baseline,8,1657.4360946908355
DS09,mc.lm,lm,baseline,9,1702.5478592512522
DS09,mc.lm,lm,baseline,10,1701.4931605377578
DS09,mc.lm,lm,baseline,11,1707.4231479408659
DS09,mc.lm,lm,baseline,12,1710.7095198473583
DS09,mc.lm,lm,baseline,13,1727.7527234445215
DS09,mc.lm,lm,baseline,14,1746.29909264422
DS09,mc.lm,lm,baseline,15,2048.3837431806787
DS09,mc.lm,lm,baseline,16,2047.8525647830559
DS09,mc.lm,lm,baseline,17,1741.2608327485593
DS09,mc.lm,lm,baseline,18,1733.4083959717614
DS09,mc.lm,lm,baseline,19,1725.2069307936108
DS09,mc.lm,lm,baseline,20,1720.2432662409888
DS09,mc.lm,lm,baseline,21,1710.0747060493566
DS09,mc.lm,lm,baseline,22,1663.7423835368045
DS09,mc.lm,lm,baseline,23,1601.860864317081
DS09,mc.lm,lm,baseline,24,1643.1995832379178
DS09,mc.lm,lm,baseline,25,1594.225993438478
DS09,mc.lm,lm,baseline,26,1704.973325769021
DS09,mc.lm,lm,baseline,27,1691.1626758389184
DS09,mc.lm,lm,baseline,28,1694.562381279328
DS09,mc.lm,lm,baseline,29,1711.3063309567262
DS09,mc.lm,lm,baseline,30,1692.849156171148
DS09,mc.lm,lm,baseline,31,1676.553255180581
DS09,mc.lm,lm,baseline,32,1804.2086566324388
DS09,mc.lm,lm,baseline,33,1819.9027343711339
DS09,mc.lm,lm,baseline,34,1830.2116103662927
DS09,mc.lm,lm,baseline,35,1842.5930228481348
DS09,mc.lm,lm,baseline,36,2072.2074513741536
DS09,mc.lm,lm,baseline,37,2046.1364765043818
DS09,mc.lm,lm,baseline,38,2021.3256236624366
DS09,mc.lm,lm,baseline,39,2076.554378139975
DS09,mc.lm,lm,baseline,40,2077.6248613786433
DS09,mc.lm,lm,baseline,41,2093.147999520503
DS09,mc.lm,lm,baseline,42,2099.0121454483888
DS09,mc.lm,lm,baseline,43,2097.596273549788
DS09,mc.lm,lm,baseline,44,2086.2594925473013
DS09,mc.lm,lm,baseline,45,2070.095619242962
DS09,mc.lm,lm,baseline,46,1797.8717712974308
DS09,mc.lm,lm,baseline,47,1793.5041956851828
DS09,mc.lm,lm,baseline,48,1793.3502977861476
DS09,mc.lm,lm,baseline,49,1794.0293534263058
DS09,mc.lm,lm,baseline,50,1682.1719670137497
DS09,mc.mars_OVERB,mars,OVERB,1,2033.6522773686852
DS09,mc.mars_OVERB,mars,OVERB,2,3746.3745064667364
DS09,mc.mars_OVERB,mars,OVERB,3,37634.190538852796
DS09,mc.mars_OVERB,mars,OVERB,4,183704.89289043986
DS09,mc.mars_OVERB,mars,OVERB,5,141950.87960861242
DS09,mc.mars_OVERB,mars,OVERB,6,968893.5351280611
DS09,mc.mars_OVERB,mars,OVERB,7,417582.5682301378
DS09,mc.mars_OVERB,mars,OVERB,8,5302763.616385414
DS09,mc.mars_OVERB,mars,OVERB,9,15579.663661147868
DS09,mc.mars_OVERB,mars,OVERB,10,28161.962496390584
DS09,mc.mars_OVERB,mars,OVERB,11,13270.433657219794
DS09,mc.mars_OVERB,mars,OVERB,12,5935822.368042211
DS09,mc.mars_OVERB,mars,OVERB,13,439170.6515636887
DS09,mc.mars_OVERB,mars,OVERB,14,47209.60246191074
DS09,mc.mars_OVERB,mars,OVERB,15,3558380.7836610097
DS09,mc.mars_OVERB,mars,OVERB,16,15615296.42334498
DS09,mc.mars_OVERB,mars,OVERB,17,251374.46742848953
DS09,mc.mars_OVERB,mars,OVERB,18,502457.54997906636
DS09,mc.mars_OVERB,mars,OVERB,19,12375.332164473884
DS09,mc.mars_OVERB,mars,OVERB,20,126851.47277042874
DS09,mc.mars_OVERB,mars,OVERB,21,5339.575344585072
DS09,mc.mars_OVERB,mars,OVERB,22,12215.893481407424
DS09,mc.mars_OVERB,mars,OVERB,23,8354.375821334525
DS09,mc.mars_OVERB,mars,OVERB,24,5950.80838859265
DS09,mc.mars_OVERB,mars,OVERB,25,77804.67144506732
DS09,mc.mars_OVERB,mars,OVERB,26,4319.977796923759
DS09,mc.mars_OVERB,mars,OVERB,27,5769.40166149479
DS09,mc.mars_OVERB,mars,OVERB,28,8308.546739194104
DS09,mc.mars_OVERB,mars,OVERB,29,44772.18244261276
DS09,mc.mars_OVERB,mars,OVERB,30,8157.9957850329665
DS09,mc.mars_OVERB,mars,OVERB,31,9284.089107723103
DS09,mc.mars_OVERB,mars,OVERB,32,6940.551313109501
DS09,mc.mars_OVERB,mars,OVERB,33,8114.783796888639
DS09,mc.mars_OVERB,mars,OVERB,34,6262.6797309545755
DS09,mc.mars_OVERB,mars,OVERB,35,6508.264994752156
DS09,mc.mars_OVERB,mars,OVERB,36,157355.75482903703
DS09,mc.mars_OVERB,mars,OVERB,37,11347.475825049893
DS09,mc.mars_OVERB,mars,OVERB,38,9154.490361862716
DS09,mc.mars_OVERB,mars,OVERB,39,9274.850846377305
DS09,mc.mars_OVERB,mars,OVERB,40,11565.409860061098
DS09,mc.mars_OVERB,mars,OVERB,41,7321.1261459257385
DS09,mc.mars_OVERB,mars,OVERB,42,12253.571816832886
DS09,mc.mars_OVERB,mars,OVERB,43,11566.64085040768
DS09,mc.mars_OVERB,mars,OVERB,44,87883.00642359305
DS09,mc.mars_OVERB,mars,OVERB,45,51554.58206382508
DS09,mc.mars_OVERB,mars,OVERB,46,7786.285130260967
DS09,mc.mars_OVERB,mars,OVERB,47,4804.675302533527
DS09,mc.mars_OVERB,mars,OVERB,48,15346.635665249783
DS09,mc.mars_OVERB,mars,OVERB,49,11683.977931857053
DS09,mc.mars_OVERB,mars,OVERB,50,1420836.0054384503
DS09,mc.mars_OVERTPhi,mars,OVERTPhi,1,4002.307583829688
DS09,mc.mars_OVERTPhi,mars,OVERTPhi,2,660.5718737434792
DS09,mc.mars_OVERTPhi,mars,OVERTPhi,3,16250.832986731304
DS09,mc.mars_OVERTPhi,mars,OVERTPhi,4,1188721.4017370557
DS09,mc.mars_OVERTPhi,mars,OVERTPhi,5,295942.25227393437
DS09,mc.mars_OVERTPhi,mars,OVERTPhi,6,12044.472277704042
DS09,mc.mars_OVERTPhi,mars,OVERTPhi,7,17989.269436751198
DS09,mc.mars_OVERTPhi,mars,OVERTPhi,8,249924.79487782528
DS09,mc.mars_OVERTPhi,mars,OVERTPhi,9,616294.790078296
DS09,mc.mars_OVERTPhi,mars,OVERTPhi,10,30850.118054766062
DS09,mc.mars_OVERTPhi,mars,OVERTPhi,11,11167837.481016947
DS09,mc.mars_OVERTPhi,mars,OVERTPhi,12,6215.854307861553
DS09,mc.mars_OVERTPhi,mars,OVERTPhi,13,18125.994676059505
DS09,mc.mars_OVERTPhi,mars,OVERTPhi,14,7471.757683477207
DS09,mc.mars_OVERTPhi,mars,OVERTPhi,15,1342345.9254875458
DS09,mc.mars_OVERTPhi,mars,OVERTPhi,16,28675.4894813138
DS09,mc.mars_OVERTPhi,mars,OVERTPhi,17,207454.62514788428
DS09,mc.mars_OVERTPhi,mars,OVERTPhi,18,29915.2371920706
DS09,mc.mars_OVERTPhi,mars,OVERTPhi,19,7967.286479723061
DS09,mc.mars_OVERTPhi,mars,OVERTPhi,20,10057.82045445884
DS09,mc.mars_OVERTPhi,mars,OVERTPhi,21,271308.9496187978
DS09,mc.mars_OVERTPhi,mars,OVERTPhi,22,3601.15550778799
DS09,mc.mars_OVERTPhi,mars,OVERTPhi,23,9872.69046387703
DS09,mc.mars_OVERTPhi,mars,OVERTPhi,24,20028.375119582786
DS09,mc.mars_OVERTPhi,mars,OVERTPhi,25,5711.720575579915
DS09,mc.mars_OVERTPhi,mars,OVERTPhi,26,4871.315316389513
DS09,mc.mars_OVERTPhi,mars,OVERTPhi,27,25428.538224111664
DS09,mc.mars_OVERTPhi,mars,OVERTPhi,28,70455.35073819823
DS09,mc.mars_OVERTPhi,mars,OVERTPhi,29,3565.3955486098594
DS09,mc.mars_OVERTPhi,mars,OVERTPhi,30,20115.828424256055
DS09,mc.mars_OVERTPhi,mars,OVERTPhi,31,3617.609846718457
DS09,mc.mars_OVERTPhi,mars,OVERTPhi,32,10448.155803142034
DS09,mc.mars_OVERTPhi,mars,OVERTPhi,33,6638.156448425087
DS09,mc.mars_OVERTPhi,mars,OVERTPhi,34,5061.755327591696
DS09,mc.mars_OVERTPhi,mars,OVERTPhi,35,12653.79331415553
DS09,mc.mars_OVERTPhi,mars,OVERTPhi,36,8517.500161215916
DS09,mc.mars_OVERTPhi,mars,OVERTPhi,37,11249.301511179488
DS09,mc.mars_OVERTPhi,mars,OVERTPhi,38,12044.759256285004
DS09,mc.mars_OVERTPhi,mars,OVERTPhi,39,4303.829142946715
DS09,mc.mars_OVERTPhi,mars,OVERTPhi,40,8578.922633122515
DS09,mc.mars_OVERTPhi,mars,OVERTPhi,41,6888.302479566997
DS09,mc.mars_OVERTPhi,mars,OVERTPhi,42,6856.887889219631
DS09,mc.mars_OVERTPhi,mars,OVERTPhi,43,6059.459203326039
DS09,mc.mars_OVERTPhi,mars,OVERTPhi,44,5720.028046123392
DS09,mc.mars_OVERTPhi,mars,OVERTPhi,45,9137.574096613725
DS09,mc.mars_OVERTPhi,mars,OVERTPhi,46,6380.635005349198
DS09,mc.mars_OVERTPhi,mars,OVERTPhi,47,9109.488359827039
DS09,mc.mars_OVERTPhi,mars,OVERTPhi,48,5784.363181936401
DS09,mc.mars_OVERTPhi,mars,OVERTPhi,49,7631.140905622267
DS09,mc.mars_OVERTPhi,mars,OVERTPhi,50,3586.8700536390056
DS09,mc.mars_OVERT,mars,OVERT,1,2002.2099433975654
DS09,mc.mars_OVERT,mars,OVERT,2,3866.7756563152834
DS09,mc.mars_OVERT,mars,OVERT,3,18055.15462164615
DS09,mc.mars_OVERT,mars,OVERT,4,483094.4454750964
DS09,mc.mars_OVERT,mars,OVERT,5,334545.49967417546
DS09,mc.mars_OVERT,mars,OVERT,6,525977.6223710424
DS09,mc.mars_OVERT,mars,OVERT,7,23689.064151338844
DS09,mc.mars_OVERT,mars,OVERT,8,706951.4572884009
DS09,mc.mars_OVERT,mars,OVERT,9,786491.312158458
DS09,mc.mars_OVERT,mars,OVERT,10,6615.031773266699
DS09,mc.mars_OVERT,mars,OVERT,11,214037.0709062506
DS09,mc.mars_OVERT,mars,OVERT,12,77408.02554658362
DS09,mc.mars_OVERT,mars,OVERT,13,6639.598683205026
DS09,mc.mars_OVERT,mars,OVERT,14,9862.428453495677
DS09,mc.mars_OVERT,mars,OVERT,15,18245.28634133379
DS09,mc.mars_OVERT,mars,OVERT,16,10325.297812976427
DS09,mc.mars_OVERT,mars,OVERT,17,260646.71009336313
DS09,mc.mars_OVERT,mars,OVERT,18,39631.28908823336
DS09,mc.mars_OVERT,mars,OVERT,19,4665.912691675232
DS09,mc.mars_OVERT,mars,OVERT,20,6496.147251101595
DS09,mc.mars_OVERT,mars,OVERT,21,24324.172121612566
DS09,mc.mars_OVERT,mars,OVERT,22,1951896.5958508144
DS09,mc.mars_OVERT,mars,OVERT,23,87884.57398709792
DS09,mc.mars_OVERT,mars,OVERT,24,8075.049797251085
DS09,mc.mars_OVERT,mars,OVERT,25,28415.00679829513
DS09,mc.mars_OVERT,mars,OVERT,26,13611.196596920954
DS09,mc.mars_OVERT,mars,OVERT,27,67199.9476712976
DS09,mc.mars_OVERT,mars,OVERT,28,13775.806042613838
DS09,mc.mars_OVERT,mars,OVERT,29,4350.194929355028
DS09,mc.mars_OVERT,mars,OVERT,30,12488.492644555516
DS09,mc.mars_OVERT,mars,OVERT,31,5624.060718855579
DS09,mc.mars_OVERT,mars,OVERT,32,42882.65976520488
DS09,mc.mars_OVERT,mars,OVERT,33,5458.4758403286705
DS09,mc.mars_OVERT,mars,OVERT,34,5139.8222026808235
DS09,mc.mars_OVERT,mars,OVERT,35,2642872.134849085
DS09,mc.mars_OVERT,mars,OVERT,36,9775.193694891736
DS09,mc.mars_OVERT,mars,OVERT,37,16191.251749411245
DS09,mc.mars_OVERT,mars,OVERT,38,8596.994877045117
DS09,mc.mars_OVERT,mars,OVERT,39,6736.506803393629
DS09,mc.mars_OVERT,mars,OVERT,40,8430.147848450535
DS09,mc.mars_OVERT,mars,OVERT,41,7960.800175639266
DS09,mc.mars_OVERT,mars,OVERT,42,6842.38294664587
DS09,mc.mars_OVERT,mars,OVERT,43,6252.863320164007
DS09,mc.mars_OVERT,mars,OVERT,44,10215.947879317233
DS09,mc.mars_OVERT,mars,OVERT,45,9070.098091190204
DS09,mc.mars_OVERT,mars,OVERT,46,6357.739345150245
DS09,mc.mars_OVERT,mars,OVERT,47,3843.8000947332957
DS09,mc.mars_OVERT,mars,OVERT,48,6046.39078666788
DS09,mc.mars_OVERT,mars,OVERT,49,7748.8115684787535
DS09,mc.mars_OVERT,mars,OVERT,50,8418.054582392593
DS09,mc.mars_SMOTEB,mars,SMOTEB,1,1001.2880416222499
DS09,mc.mars_SMOTEB,mars,SMOTEB,2,596.4474040018592
DS09,mc.mars_SMOTEB,mars,SMOTEB,3,68101.43484934783
DS09,mc.mars_SMOTEB,mars,SMOTEB,4,1825678.2663198952
DS09,mc.mars_SMOTEB,mars,SMOTEB,5,24191.76433622963
DS09,mc.mars_SMOTEB,mars,SMOTEB,6,3399.56139515419
DS09,mc.mars_SMOTEB,mars,SMOTEB,7,222606.51446248678
DS09,mc.mars_SMOTEB,mars,SMOTEB,8,127449.65112819578
DS09,mc.mars_SMOTEB,mars,SMOTEB,9,17572.49810276123
DS09,mc.mars_SMOTEB,mars,SMOTEB,10,6654.3820719967425
DS09,mc.mars_SMOTEB,mars,SMOTEB,11,29932.65837307654
DS09,mc.mars_SMOTEB,mars,SMOTEB,12,29056.615691097966
DS09,mc.mars_SMOTEB,mars,SMOTEB,13,16000.600011138547
DS09,mc.mars_SMOTEB,mars,SMOTEB,14,15089.037343170305
DS09,mc.mars_SMOTEB,mars,SMOTEB,15,1079770.1316276686
DS09,mc.mars_SMOTEB,mars,SMOTEB,16,86582.7507005356
DS09,mc.mars_SMOTEB,mars,SMOTEB,17,13792.481210741405
DS09,mc.mars_SMOTEB,mars,SMOTEB,18,3056.057391183678
DS09,mc.mars_SMOTEB,mars,SMOTEB,19,27527.595233127562
DS09,mc.mars_SMOTEB,mars,SMOTEB,20,477234.21609104384
DS09,mc.mars_SMOTEB,mars,SMOTEB,21,69834.49024132745
DS09,mc.mars_SMOTEB,mars,SMOTEB,22,3222.745871092942
DS09,mc.mars_SMOTEB,mars,SMOTEB,23,14037.13223958264
DS09,mc.mars_SMOTEB,mars,SMOTEB,24,3122343.447228268
DS09,mc.mars_SMOTEB,mars,SMOTEB,25,98443.86508928408
DS09,mc.mars_SMOTEB,mars,SMOTEB,26,13748.876103234421
DS09,mc.mars_SMOTEB,mars,SMOTEB,27,9465.674252328288
DS09,mc.mars_SMOTEB,mars,SMOTEB,28,7419.683133244892
DS09,mc.mars_SMOTEB,mars,SMOTEB,29,5760.623673004991
DS09,mc.mars_SMOTEB,mars,SMOTEB,30,6003.019178314241
DS09,mc.mars_SMOTEB,mars,SMOTEB,31,9992.157831370854
DS09,mc.mars_SMOTEB,mars,SMOTEB,32,11223.736084262338
DS09,mc.mars_SMOTEB,mars,SMOTEB,33,5217.009581516726
DS09,mc.mars_SMOTEB,mars,SMOTEB,34,6548.660741700974
DS09,mc.mars_SMOTEB,mars,SMOTEB,35,10632.260903111151
DS09,mc.mars_SMOTEB,mars,SMOTEB,36,12112.340347845144
DS09,mc.mars_SMOTEB,mars,SMOTEB,37,9931.187860563563
DS09,mc.mars_SMOTEB,mars,SMOTEB,38,10139.974207595644
DS09,mc.mars_SMOTEB,mars,SMOTEB,39,9487.91705069788
DS09,mc.mars_SMOTEB,mars,SMOTEB,40,11711.292675659757
DS09,mc.mars_SMOTEB,mars,SMOTEB,41,10373.121109749272
DS09,mc.mars_SMOTEB,mars,SMOTEB,42,11086.190382977611
DS09,mc.mars_SMOTEB,mars,SMOTEB,43,39394.11878218287
DS09,mc.mars_SMOTEB,mars,SMOTEB,44,5897.6788099055175
DS09,mc.mars_SMOTEB,mars,SMOTEB,45,6738.011245183907
DS09,mc.mars_SMOTEB,mars,SMOTEB,46,5247.335941476793
DS09,mc.mars_SMOTEB,mars,SMOTEB,47,3875.8178303507952
DS09,mc.mars_SMOTEB,mars,SMOTEB,48,6604.112094548772
DS09,mc.mars_SMOTEB,mars,SMOTEB,49,4141.617003682426
DS09,mc.mars_SMOTEB,mars,SMOTEB,50,32269.403404305594
DS09,mc.mars_SMOTETPhi,mars,SMOTETPhi,1,1162.2111482913265
DS09,mc.mars_SMOTETPhi,mars,SMOTETPhi,2,904.4534615694763
DS09,mc.mars_SMOTETPhi,mars,SMOTETPhi,3,32457.341643758322
DS09,mc.mars_SMOTETPhi,mars,SMOTETPhi,4,4994.359597249268
DS09,mc.mars_SMOTETPhi,mars,SMOTETPhi,5,21159.72182380974
DS09,mc.mars_SMOTETPhi,mars,SMOTETPhi,6,33944.487054571546
DS09,mc.mars_SMOTETPhi,mars,SMOTETPhi,7,35305.78733715049
DS09,mc.mars_SMOTETPhi,mars,SMOTETPhi,8,17846.074575586743
DS09,mc.mars_SMOTETPhi,mars,SMOTETPhi,9,4753.61517630178
DS09,mc.mars_SMOTETPhi,mars,SMOTETPhi,10,16839.192293166103
DS09,mc.mars_SMOTETPhi,mars,SMOTETPhi,11,2113.5130221215786
DS09,mc.mars_SMOTETPhi,mars,SMOTETPhi,12,18282.389403851004
DS09,mc.mars_SMOTETPhi,mars,SMOTETPhi,13,43094.55824367483
DS09,mc.mars_SMOTETPhi,mars,SMOTETPhi,14,58446.08298057248
DS09,mc.mars_SMOTETPhi,mars,SMOTETPhi,15,7116.095640771457
DS09,mc.mars_SMOTETPhi,mars,SMOTETPhi,16,5476.492086350675
DS09,mc.mars_SMOTETPhi,mars,SMOTETPhi,17,4040.6685767424174
DS09,mc.mars_SMOTETPhi,mars,SMOTETPhi,18,4575.723480394519
DS09,mc.mars_SMOTETPhi,mars,SMOTETPhi,19,2619.089444716215
DS09,mc.mars_SMOTETPhi,mars,SMOTETPhi,20,2590.952140146742
DS09,mc.mars_SMOTETPhi,mars,SMOTETPhi,21,116608.01309941379
DS09,mc.mars_SMOTETPhi,mars,SMOTETPhi,22,8388.341506765733
DS09,mc.mars_SMOTETPhi,mars,SMOTETPhi,23,5204.853938599186
DS09,mc.mars_SMOTETPhi,mars,SMOTETPhi,24,7333.763938907716
DS09,mc.mars_SMOTETPhi,mars,SMOTETPhi,25,20688.59335822841
DS09,mc.mars_SMOTETPhi,mars,SMOTETPhi,26,44567.354309508555
DS09,mc.mars_SMOTETPhi,mars,SMOTETPhi,27,5045.928921177482
DS09,mc.mars_SMOTETPhi,mars,SMOTETPhi,28,7793.0733330280145
DS09,mc.mars_SMOTETPhi,mars,SMOTETPhi,29,4379.286715012183
DS09,mc.mars_SMOTETPhi,mars,SMOTETPhi,30,12350.67651318142
DS09,mc.mars_SMOTETPhi,mars,SMOTETPhi,31,15277.127578864902
DS09,mc.mars_SMOTETPhi,mars,SMOTETPhi,32,16701.428859914467
DS09,mc.mars_SMOTETPhi,mars,SMOTETPhi,33,5980.4111161932215
DS09,mc.mars_SMOTETPhi,mars,SMOTETPhi,34,5760.21615451769
DS09,mc.mars_SMOTETPhi,mars,SMOTETPhi,35,6962.0899945811525
DS09,mc.mars_SMOTETPhi,mars,SMOTETPhi,36,41522.87194631602
DS09,mc.mars_SMOTETPhi,mars,SMOTETPhi,37,24956.63280504371
DS09,mc.mars_SMOTETPhi,mars,SMOTETPhi,38,27169.675450234827
DS09,mc.mars_SMOTETPhi,mars,SMOTETPhi,39,9790.37978098159
DS09,mc.mars_SMOTETPhi,mars,SMOTETPhi,40,61195.17431446273
DS09,mc.mars_SMOTETPhi,mars,SMOTETPhi,41,3209.676109677102
DS09,mc.mars_SMOTETPhi,mars,SMOTETPhi,42,7061.955794830318
DS09,mc.mars_SMOTETPhi,mars,SMOTETPhi,43,6799.897039287858
DS09,mc.mars_SMOTETPhi,mars,SMOTETPhi,44,389470.52135091886
DS09,mc.mars_SMOTETPhi,mars,SMOTETPhi,45,917669.7626322515
DS09,mc.mars_SMOTETPhi,mars,SMOTETPhi,46,9099.831429628472
DS09,mc.mars_SMOTETPhi,mars,SMOTETPhi,47,12338.158608085541
DS09,mc.mars_SMOTETPhi,mars,SMOTETPhi,48,7543.210906863273
DS09,mc.mars_SMOTETPhi,mars,SMOTETPhi,49,58038.110327898234
DS09,mc.mars_SMOTETPhi,mars,SMOTETPhi,50,3052.788486993425
DS09,mc.mars_SMOTET,mars,SMOTET,1,1385.7712167824543
DS09,mc.mars_SMOTET,mars,SMOTET,2,794.9310917953958
DS09,mc.mars_SMOTET,mars,SMOTET,3,443376.4054696597
DS09,mc.mars_SMOTET,mars,SMOTET,4,4296.035908956115
DS09,mc.mars_SMOTET,mars,SMOTET,5,24788.82282423317
DS09,mc.mars_SMOTET,mars,SMOTET,6,4144.195532635313
DS09,mc.mars_SMOTET,mars,SMOTET,7,32879.45852098276
DS09,mc.mars_SMOTET,mars,SMOTET,8,20136.25880665803
DS09,mc.mars_SMOTET,mars,SMOTET,9,19079.41707684006
DS09,mc.mars_SMOTET,mars,SMOTET,10,84869.59049523827
DS09,mc.mars_SMOTET,mars,SMOTET,11,77823.52110295795
DS09,mc.mars_SMOTET,mars,SMOTET,12,11452.932038282886
DS09,mc.mars_SMOTET,mars,SMOTET,13,9180.155039364665
DS09,mc.mars_SMOTET,mars,SMOTET,14,5759.329959103253
DS09,mc.mars_SMOTET,mars,SMOTET,15,20900.35198711288
DS09,mc.mars_SMOTET,mars,SMOTET,16,2389.340486001981
DS09,mc.mars_SMOTET,mars,SMOTET,17,5188.845370122743
DS09,mc.mars_SMOTET,mars,SMOTET,18,4602.49225395015
DS09,mc.mars_SMOTET,mars,SMOTET,19,6382.371268510421
DS09,mc.mars_SMOTET,mars,SMOTET,20,7909.681101638256
DS09,mc.mars_SMOTET,mars,SMOTET,21,184421.79464956204
DS09,mc.mars_SMOTET,mars,SMOTET,22,8025.45241456201
DS09,mc.mars_SMOTET,mars,SMOTET,23,11998.917521131947
DS09,mc.mars_SMOTET,mars,SMOTET,24,9079.474555615698
DS09,mc.mars_SMOTET,mars,SMOTET,25,6473.008642972231
DS09,mc.mars_SMOTET,mars,SMOTET,26,11684.658032261317
DS09,mc.mars_SMOTET,mars,SMOTET,27,15263.846599431872
DS09,mc.mars_SMOTET,mars,SMOTET,28,8878.897997328173
DS09,mc.mars_SMOTET,mars,SMOTET,29,10032.56804530317
DS09,mc.mars_SMOTET,mars,SMOTET,30,29917.03192578638
DS09,mc.mars_SMOTET,mars,SMOTET,31,10557.551023073547
DS09,mc.mars_SMOTET,mars,SMOTET,32,84903.90376955185
DS09,mc.mars_SMOTET,mars,SMOTET,33,4516.02194017294
DS09,mc.mars_SMOTET,mars,SMOTET,34,15843.852912134615
DS09,mc.mars_SMOTET,mars,SMOTET,35,8161.627480841655
DS09,mc.mars_SMOTET,mars,SMOTET,36,5816.812004654346
DS09,mc.mars_SMOTET,mars,SMOTET,37,98918.45286175224
DS09,mc.mars_SMOTET,mars,SMOTET,38,8783.107163441799
DS09,mc.mars_SMOTET,mars,SMOTET,39,8940.036295817117
DS09,mc.mars_SMOTET,mars,SMOTET,40,46368.72089575721
DS09,mc.mars_SMOTET,mars,SMOTET,41,9685.21841034774
DS09,mc.mars_SMOTET,mars,SMOTET,42,10748.765608538804
DS09,mc.mars_SMOTET,mars,SMOTET,43,31628.537719680655
DS09,mc.mars_SMOTET,mars,SMOTET,44,165585.96567903613
DS09,mc.mars_SMOTET,mars,SMOTET,45,40799.56948788485
DS09,mc.mars_SMOTET,mars,SMOTET,46,9054.515426390344
DS09,mc.mars_SMOTET,mars,SMOTET,47,11880.167628217658
DS09,mc.mars_SMOTET,mars,SMOTET,48,7816.978337965397
DS09,mc.mars_SMOTET,mars,SMOTET,49,5446.74159588012
DS09,mc.mars_SMOTET,mars,SMOTET,50,3187.7263903653516
DS09,mc.mars_UNDERB,mars,UNDERB,1,977.4514221974941
DS09,mc.mars_UNDERB,mars,UNDERB,2,506.9172146237121
DS09,mc.mars_UNDERB,mars,UNDERB,3,15753.247056850747
DS09,mc.mars_UNDERB,mars,UNDERB,4,11120.1983311843
DS09,mc.mars_UNDERB,mars,UNDERB,5,15016.114494878933
DS09,mc.mars_UNDERB,mars,UNDERB,6,9931.508814071933
DS09,mc.mars_UNDERB,mars,UNDERB,7,22100.702406742974
DS09,mc.mars_UNDERB,mars,UNDERB,8,4789.135563626982
DS09,mc.mars_UNDERB,mars,UNDERB,9,4834.975792387523
DS09,mc.mars_UNDERB,mars,UNDERB,10,4927.102774808903
DS09,mc.mars_UNDERB,mars,UNDERB,11,4844.0033286188345
DS09,mc.mars_UNDERB,mars,UNDERB,12,258218.46810035192
DS09,mc.mars_UNDERB,mars,UNDERB,13,4081.5491225830656
DS09,mc.mars_UNDERB,mars,UNDERB,14,4803.564168267173
DS09,mc.mars_UNDERB,mars,UNDERB,15,13537.892477555033
DS09,mc.mars_UNDERB,mars,UNDERB,16,15163.172062414289
DS09,mc.mars_UNDERB,mars,UNDERB,17,5069.469677132269
DS09,mc.mars_UNDERB,mars,UNDERB,18,4321.434313641765
DS09,mc.mars_UNDERB,mars,UNDERB,19,4676.750706673182
DS09,mc.mars_UNDERB,mars,UNDERB,20,4181.932435708969
DS09,mc.mars_UNDERB,mars,UNDERB,21,4713.66370184003
DS09,mc.mars_UNDERB,mars,UNDERB,22,7109.654662541056
DS09,mc.mars_UNDERB,mars,UNDERB,23,20652.27282528285
DS09,mc.mars_UNDERB,mars,UNDERB,24,39586.09132074653
DS09,mc.mars_UNDERB,mars,UNDERB,25,53551.44883948477
DS09,mc.mars_UNDERB,mars,UNDERB,26,9874.816680539654
DS09,mc.mars_UNDERB,mars,UNDERB,27,8375.746035875749
DS09,mc.mars_UNDERB,mars,UNDERB,28,13215.482419125703
DS09,mc.mars_UNDERB,mars,UNDERB,29,6900.547839634939
DS09,mc.mars_UNDERB,mars,UNDERB,30,14904.107946136573
DS09,mc.mars_UNDERB,mars,UNDERB,31,5789.122656140463
DS09,mc.mars_UNDERB,mars,UNDERB,32,10782.220292410497
DS09,mc.mars_UNDERB,mars,UNDERB,33,12847.161277506484
DS09,mc.mars_UNDERB,mars,UNDERB,34,20263.733051406547
DS09,mc.mars_UNDERB,mars,UNDERB,35,18508.60090008934
DS09,mc.mars_UNDERB,mars,UNDERB,36,21542.651848384736
DS09,mc.mars_UNDERB,mars,UNDERB,37,17507.200968394412
DS09,mc.mars_UNDERB,mars,UNDERB,38,9832.510550971252
DS09,mc.mars_UNDERB,mars,UNDERB,39,13357.633986848874
DS09,mc.mars_UNDERB,mars,UNDERB,40,41608.02923269498
DS09,mc.mars_UNDERB,mars,UNDERB,41,23432.1969803198
DS09,mc.mars_UNDERB,mars,UNDERB,42,5757.180515399849
DS09,mc.mars_UNDERB,mars,UNDERB,43,16111.309671626173
DS09,mc.mars_UNDERB,mars,UNDERB,44,12816.259416885201
DS09,mc.mars_UNDERB,mars,UNDERB,45,8423.410097886566
DS09,mc.mars_UNDERB,mars,UNDERB,46,15917.047466785214
DS09,mc.mars_UNDERB,mars,UNDERB,47,8718.80334508252
DS09,mc.mars_UNDERB,mars,UNDERB,48,35681.44734797523
DS09,mc.mars_UNDERB,mars,UNDERB,49,38321.19776105766
DS09,mc.mars_UNDERB,mars,UNDERB,50,4902.981304258655
DS09,mc.mars_UNDERTPhi,mars,UNDERTPhi,1,734.5507599292082
DS09,mc.mars_UNDERTPhi,mars,UNDERTPhi,2,756.8453125451858
DS09,mc.mars_UNDERTPhi,mars,UNDERTPhi,3,15700.536668802686
DS09,mc.mars_UNDERTPhi,mars,UNDERTPhi,4,14336.28680438271
DS09,mc.mars_UNDERTPhi,mars,UNDERTPhi,5,13095.780384448071
DS09,mc.mars_UNDERTPhi,mars,UNDERTPhi,6,13437.194754009222
DS09,mc.mars_UNDERTPhi,mars,UNDERTPhi,7,11981.475836913074
DS09,mc.mars_UNDERTPhi,mars,UNDERTPhi,8,15956.499221232561
DS09,mc.mars_UNDERTPhi,mars,UNDERTPhi,9,12004.044592354589
DS09,mc.mars_UNDERTPhi,mars,UNDERTPhi,10,12140.137318418583
DS09,mc.mars_UNDERTPhi,mars,UNDERTPhi,11,15818.00893236721
DS09,mc.mars_UNDERTPhi,mars,UNDERTPhi,12,15764.59503409564
DS09,mc.mars_UNDERTPhi,mars,UNDERTPhi,13,16392.14473357424
DS09,mc.mars_UNDERTPhi,mars,UNDERTPhi,14,5175.971234597037
DS09,mc.mars_UNDERTPhi,mars,UNDERTPhi,15,13804.81134798554
DS09,mc.mars_UNDERTPhi,mars,UNDERTPhi,16,25425.12425402252
DS09,mc.mars_UNDERTPhi,mars,UNDERTPhi,17,4634.260915202221
DS09,mc.mars_UNDERTPhi,mars,UNDERTPhi,18,4287.262707676609
DS09,mc.mars_UNDERTPhi,mars,UNDERTPhi,19,16258.98761436142
DS09,mc.mars_UNDERTPhi,mars,UNDERTPhi,20,4391.115895765965
DS09,mc.mars_UNDERTPhi,mars,UNDERTPhi,21,17050.281780753478
DS09,mc.mars_UNDERTPhi,mars,UNDERTPhi,22,2297.2526018355843
DS09,mc.mars_UNDERTPhi,mars,UNDERTPhi,23,42860.13547710457
DS09,mc.mars_UNDERTPhi,mars,UNDERTPhi,24,55641.282746571655
DS09,mc.mars_UNDERTPhi,mars,UNDERTPhi,25,57941.115259901744
DS09,mc.mars_UNDERTPhi,mars,UNDERTPhi,26,77972.31187385322
DS09,mc.mars_UNDERTPhi,mars,UNDERTPhi,27,79355.11851132243
DS09,mc.mars_UNDERTPhi,mars,UNDERTPhi,28,20398.59484280087
DS09,mc.mars_UNDERTPhi,mars,UNDERTPhi,29,109308.87071912881
DS09,mc.mars_UNDERTPhi,mars,UNDERTPhi,30,8633.60375740178
DS09,mc.mars_UNDERTPhi,mars,UNDERTPhi,31,28991.326972748942
DS09,mc.mars_UNDERTPhi,mars,UNDERTPhi,32,28743.49961414127
DS09,mc.mars_UNDERTPhi,mars,UNDERTPhi,33,7281.499124194385
DS09,mc.mars_UNDERTPhi,mars,UNDERTPhi,34,28617.76261522904
DS09,mc.mars_UNDERTPhi,mars,UNDERTPhi,35,13568.198056072042
DS09,mc.mars_UNDERTPhi,mars,UNDERTPhi,36,32367.082980175364
DS09,mc.mars_UNDERTPhi,mars,UNDERTPhi,37,32209.49598736442
DS09,mc.mars_UNDERTPhi,mars,UNDERTPhi,38,33640.08434535649
DS09,mc.mars_UNDERTPhi,mars,UNDERTPhi,39,68476.62182651946
DS09,mc.mars_UNDERTPhi,mars,UNDERTPhi,40,16284.966736397095
DS09,mc.mars_UNDERTPhi,mars,UNDERTPhi,41,7585.220342952061
DS09,mc.mars_UNDERTPhi,mars,UNDERTPhi,42,9224.674545045897
DS09,mc.mars_UNDERTPhi,mars,UNDERTPhi,43,59035.34317182545
DS09,mc.mars_UNDERTPhi,mars,UNDERTPhi,44,8053.749710423473
DS09,mc.mars_UNDERTPhi,mars,UNDERTPhi,45,8682.817756685004
DS09,mc.mars_UNDERTPhi,mars,UNDERTPhi,46,13954.883189361406
DS09,mc.mars_UNDERTPhi,mars,UNDERTPhi,47,6247.034782188275
DS09,mc.mars_UNDERTPhi,mars,UNDERTPhi,48,10730.251406346224
DS09,mc.mars_UNDERTPhi,mars,UNDERTPhi,49,13992.542306992107
DS09,mc.mars_UNDERTPhi,mars,UNDERTPhi,50,2880.06315849805
DS09,mc.mars_UNDERT,mars,UNDERT,1,484.95333128517467
DS09,mc.mars_UNDERT,mars,UNDERT,2,812.457279290735
DS09,mc.mars_UNDERT,mars,UNDERT,3,15929.853062300446
DS09,mc.mars_UNDERT,mars,UNDERT,4,13092.443298345202
DS09,mc.mars_UNDERT,mars,UNDERT,5,10022.545133863296
DS09,mc.mars_UNDERT,mars,UNDERT,6,10236.01919010852
DS09,mc.mars_UNDERT,mars,UNDERT,7,4675.527635923301
DS09,mc.mars_UNDERT,mars,UNDERT,8,12256.982964849822
DS09,mc.mars_UNDERT,mars,UNDERT,9,17094.504624703724
DS09,mc.mars_UNDERT,mars,UNDERT,10,5095.025146854297
DS09,mc.mars_UNDERT,mars,UNDERT,11,4944.3525984341195
DS09,mc.mars_UNDERT,mars,UNDERT,12,5026.986462776884
DS09,mc.mars_UNDERT,mars,UNDERT,13,4693.862283114246
DS09,mc.mars_UNDERT,mars,UNDERT,14,5334.376252455234
DS09,mc.mars_UNDERT,mars,UNDERT,15,12831.187680938943
DS09,mc.mars_UNDERT,mars,UNDERT,16,15329.688045425757
DS09,mc.mars_UNDERT,mars,UNDERT,17,4216.606915198096
DS09,mc.mars_UNDERT,mars,UNDERT,18,4220.41104774803
DS09,mc.mars_UNDERT,mars,UNDERT,19,4404.22754593649
DS09,mc.mars_UNDERT,mars,UNDERT,20,4226.886617025162
DS09,mc.mars_UNDERT,mars,UNDERT,21,5313.375813992303
DS09,mc.mars_UNDERT,mars,UNDERT,22,12588.294438143503
DS09,mc.mars_UNDERT,mars,UNDERT,23,11753.2914976634
DS09,mc.mars_UNDERT,mars,UNDERT,24,46838.86695469916
DS09,mc.mars_UNDERT,mars,UNDERT,25,47320.16260505919
DS09,mc.mars_UNDERT,mars,UNDERT,26,5580.022051403698
DS09,mc.mars_UNDERT,mars,UNDERT,27,160938.44391769348
DS09,mc.mars_UNDERT,mars,UNDERT,28,13767.549385752864
DS09,mc.mars_UNDERT,mars,UNDERT,29,16207.494559020573
DS09,mc.mars_UNDERT,mars,UNDERT,30,27638.847986725094
DS09,mc.mars_UNDERT,mars,UNDERT,31,7405.018417383812
DS09,mc.mars_UNDERT,mars,UNDERT,32,4495.535228853245
DS09,mc.mars_UNDERT,mars,UNDERT,33,16472.9090292946
DS09,mc.mars_UNDERT,mars,UNDERT,34,21545.26162453338
DS09,mc.mars_UNDERT,mars,UNDERT,35,18456.586124775207
DS09,mc.mars_UNDERT,mars,UNDERT,36,6537.776187788999
DS09,mc.mars_UNDERT,mars,UNDERT,37,35452.031131440366
DS09,mc.mars_UNDERT,mars,UNDERT,38,7530.515368522121
DS09,mc.mars_UNDERT,mars,UNDERT,39,32036.195822574962
DS09,mc.mars_UNDERT,mars,UNDERT,40,11228.067567248898
DS09,mc.mars_UNDERT,mars,UNDERT,41,30934.992117731777
DS09,mc.mars_UNDERT,mars,UNDERT,42,24363.246342180708
DS09,mc.mars_UNDERT,mars,UNDERT,43,63503.96300645236
DS09,mc.mars_UNDERT,mars,UNDERT,44,22670.824990274195
DS09,mc.mars_UNDERT,mars,UNDERT,45,7243.2617525779915
DS09,mc.mars_UNDERT,mars,UNDERT,46,41922.58988618862
DS09,mc.mars_UNDERT,mars,UNDERT,47,16839.638647676456
DS09,mc.mars_UNDERT,mars,UNDERT,48,9289.806157312183
DS09,mc.mars_UNDERT,mars,UNDERT,49,13648.533203682291
DS09,mc.mars_UNDERT,mars,UNDERT,50,3419.930269494467
DS09,mc.mars,mars,baseline,1,394.06893720403025
DS09,mc.mars,mars,baseline,2,396.8462018716509
DS09,mc.mars,mars,baseline,3,3520.1756731930536
DS09,mc.mars,mars,baseline,4,3333.965850904602
DS09,mc.mars,mars,baseline,5,3334.4520067358862
DS09,mc.mars,mars,baseline,6,3335.0989715450014
DS09,mc.mars,mars,baseline,7,5104.9893505350265
DS09,mc.mars,mars,baseline,8,5105.553400046253
DS09,mc.mars,mars,baseline,9,5030.430222668857
DS09,mc.mars,mars,baseline,10,5040.415045927355
DS09,mc.mars,mars,baseline,11,5049.032433434435
DS09,mc.mars,mars,baseline,12,5054.059778407106
DS09,mc.mars,mars,baseline,13,5463.955375358266
DS09,mc.mars,mars,baseline,14,5458.336802246668
DS09,mc.mars,mars,baseline,15,16996.07865026326
DS09,mc.mars,mars,baseline,16,16989.71456723554
DS09,mc.mars,mars,baseline,17,5451.388203374361
DS09,mc.mars,mars,baseline,18,5448.981634565385
DS09,mc.mars,mars,baseline,19,5496.030574057115
DS09,mc.mars,mars,baseline,20,5223.007566495464
DS09,mc.mars,mars,baseline,21,5475.469846665372
DS09,mc.mars,mars,baseline,22,407007.4856279292
DS09,mc.mars,mars,baseline,23,58307.83270404274
DS09,mc.mars,mars,baseline,24,63075.29295031158
DS09,mc.mars,mars,baseline,25,60679.76350146187
DS09,mc.mars,mars,baseline,26,118268.37743181414
DS09,mc.mars,mars,baseline,27,103967.50564228966
DS09,mc.mars,mars,baseline,28,13783.84686684219
DS09,mc.mars,mars,baseline,29,14054.78463642922
DS09,mc.mars,mars,baseline,30,14109.22236286602
DS09,mc.mars,mars,baseline,31,32858.98179785308
DS09,mc.mars,mars,baseline,32,9596.224361497356
DS09,mc.mars,mars,baseline,33,9570.654140148408
DS09,mc.mars,mars,baseline,34,9552.220831698001
DS09,mc.mars,mars,baseline,35,28038.05131323882
DS09,mc.mars,mars,baseline,36,28887.0439592557
DS09,mc.mars,mars,baseline,37,28738.193928240453
DS09,mc.mars,mars,baseline,38,28695.965523266517
DS09,mc.mars,mars,baseline,39,28916.74330751947
DS09,mc.mars,mars,baseline,40,28916.107742771233
DS09,mc.mars,mars,baseline,41,28972.74223606611
DS09,mc.mars,mars,baseline,42,28990.42978177053
DS09,mc.mars,mars,baseline,43,29014.560983693238
DS09,mc.mars,mars,baseline,44,28938.87268632551
DS09,mc.mars,mars,baseline,45,28772.543302733542
DS09,mc.mars,mars,baseline,46,23841.636948775442
DS09,mc.mars,mars,baseline,47,23893.813730133912
DS09,mc.mars,mars,baseline,48,23864.156595603694
DS09,mc.mars,mars,baseline,49,23870.21585747725
DS09,mc.mars,mars,baseline,50,1744.881331392947
DS09,mc.rf_OVERB,rf,OVERB,1,532.7091271954229
DS09,mc.rf_OVERB,rf,OVERB,2,402.2189704853757
DS09,mc.rf_OVERB,rf,OVERB,3,1503.1483939789732
DS09,mc.rf_OVERB,rf,OVERB,4,1325.7830229844367
DS09,mc.rf_OVERB,rf,OVERB,5,1445.2378201651547
DS09,mc.rf_OVERB,rf,OVERB,6,1459.6285087048495
DS09,mc.rf_OVERB,rf,OVERB,7,1294.794850512438
DS09,mc.rf_OVERB,rf,OVERB,8,1276.892780958881
DS09,mc.rf_OVERB,rf,OVERB,9,1292.8742885795134
DS09,mc.rf_OVERB,rf,OVERB,10,1217.9306141286118
DS09,mc.rf_OVERB,rf,OVERB,11,1205.7504854209237
DS09,mc.rf_OVERB,rf,OVERB,12,1203.9616177320472
DS09,mc.rf_OVERB,rf,OVERB,13,1154.4211890178462
DS09,mc.rf_OVERB,rf,OVERB,14,1356.6619705165292
DS09,mc.rf_OVERB,rf,OVERB,15,1602.5141148764624
DS09,mc.rf_OVERB,rf,OVERB,16,1652.750119057292
DS09,mc.rf_OVERB,rf,OVERB,17,1299.8194286146459
DS09,mc.rf_OVERB,rf,OVERB,18,1229.6737541977957
DS09,mc.rf_OVERB,rf,OVERB,19,1304.0817131116594
DS09,mc.rf_OVERB,rf,OVERB,20,1352.276825506726
DS09,mc.rf_OVERB,rf,OVERB,21,1254.7435322550455
DS09,mc.rf_OVERB,rf,OVERB,22,1276.7528791601405
DS09,mc.rf_OVERB,rf,OVERB,23,1495.1718752471375
DS09,mc.rf_OVERB,rf,OVERB,24,1622.4653923421167
DS09,mc.rf_OVERB,rf,OVERB,25,1369.3360410541204
DS09,mc.rf_OVERB,rf,OVERB,26,1151.554108703719
DS09,mc.rf_OVERB,rf,OVERB,27,1121.4956123586328
DS09,mc.rf_OVERB,rf,OVERB,28,1023.0285520589273
DS09,mc.rf_OVERB,rf,OVERB,29,1006.7494711877251
DS09,mc.rf_OVERB,rf,OVERB,30,1013.480121320281
DS09,mc.rf_OVERB,rf,OVERB,31,1228.7120524421198
DS09,mc.rf_OVERB,rf,OVERB,32,956.3611567197754
DS09,mc.rf_OVERB,rf,OVERB,33,1086.1864897157207
DS09,mc.rf_OVERB,rf,OVERB,34,1699.528666602808
DS09,mc.rf_OVERB,rf,OVERB,35,1047.260904646241
DS09,mc.rf_OVERB,rf,OVERB,36,1326.9601565163555
DS09,mc.rf_OVERB,rf,OVERB,37,1443.7597585357366
DS09,mc.rf_OVERB,rf,OVERB,38,1333.6891670425425
DS09,mc.rf_OVERB,rf,OVERB,39,1561.8545859537678
DS09,mc.rf_OVERB,rf,OVERB,40,1455.7431911001315
DS09,mc.rf_OVERB,rf,OVERB,41,1451.8720391987956
DS09,mc.rf_OVERB,rf,OVERB,42,1466.5595575541897
DS09,mc.rf_OVERB,rf,OVERB,43,1436.0057255667373
DS09,mc.rf_OVERB,rf,OVERB,44,1705.5926367223365
DS09,mc.rf_OVERB,rf,OVERB,45,1378.1965887812237
DS09,mc.rf_OVERB,rf,OVERB,46,1307.6063735034775
DS09,mc.rf_OVERB,rf,OVERB,47,1024.9388927950206
DS09,mc.rf_OVERB,rf,OVERB,48,939.9515519269012
DS09,mc.rf_OVERB,rf,OVERB,49,1030.7176982888702
DS09,mc.rf_OVERB,rf,OVERB,50,1156.893512384779
DS09,mc.rf_OVERTPhi,rf,OVERTPhi,1,397.0067795153493
DS09,mc.rf_OVERTPhi,rf,OVERTPhi,2,419.7792880357109
DS09,mc.rf_OVERTPhi,rf,OVERTPhi,3,1396.9740943250072
DS09,mc.rf_OVERTPhi,rf,OVERTPhi,4,1273.0659615453924
DS09,mc.rf_OVERTPhi,rf,OVERTPhi,5,1474.4187042458216
DS09,mc.rf_OVERTPhi,rf,OVERTPhi,6,1188.536382710236
DS09,mc.rf_OVERTPhi,rf,OVERTPhi,7,1309.2554208442953
DS09,mc.rf_OVERTPhi,rf,OVERTPhi,8,1421.0636692067822
DS09,mc.rf_OVERTPhi,rf,OVERTPhi,9,1317.8604848278103
DS09,mc.rf_OVERTPhi,rf,OVERTPhi,10,1285.8380664297524
DS09,mc.rf_OVERTPhi,rf,OVERTPhi,11,1158.3108793922618
DS09,mc.rf_OVERTPhi,rf,OVERTPhi,12,1157.4824847689006
DS09,mc.rf_OVERTPhi,rf,OVERTPhi,13,1194.1073619876126
DS09,mc.rf_OVERTPhi,rf,OVERTPhi,14,1254.1862296041536
DS09,mc.rf_OVERTPhi,rf,OVERTPhi,15,1621.8187528712288
DS09,mc.rf_OVERTPhi,rf,OVERTPhi,16,1574.2334387711953
DS09,mc.rf_OVERTPhi,rf,OVERTPhi,17,1208.6873590637617
DS09,mc.rf_OVERTPhi,rf,OVERTPhi,18,1266.1573806947792
DS09,mc.rf_OVERTPhi,rf,OVERTPhi,19,1313.919273910563
DS09,mc.rf_OVERTPhi,rf,OVERTPhi,20,1268.6420432287325
DS09,mc.rf_OVERTPhi,rf,OVERTPhi,21,1311.1588436759664
DS09,mc.rf_OVERTPhi,rf,OVERTPhi,22,1260.2803659228134
DS09,mc.rf_OVERTPhi,rf,OVERTPhi,23,1341.8841681328097
DS09,mc.rf_OVERTPhi,rf,OVERTPhi,24,1312.666020960197
DS09,mc.rf_OVERTPhi,rf,OVERTPhi,25,1497.9996800235076
DS09,mc.rf_OVERTPhi,rf,OVERTPhi,26,1002.0690681634177
DS09,mc.rf_OVERTPhi,rf,OVERTPhi,27,1121.9268097633008
DS09,mc.rf_OVERTPhi,rf,OVERTPhi,28,1071.3525226499187
DS09,mc.rf_OVERTPhi,rf,OVERTPhi,29,1592.100542152249
DS09,mc.rf_OVERTPhi,rf,OVERTPhi,30,1108.308887428348
DS09,mc.rf_OVERTPhi,rf,OVERTPhi,31,965.4444663834769
DS09,mc.rf_OVERTPhi,rf,OVERTPhi,32,1100.8511515406947
DS09,mc.rf_OVERTPhi,rf,OVERTPhi,33,1258.5821881625402
DS09,mc.rf_OVERTPhi,rf,OVERTPhi,34,1353.326325376377
DS09,mc.rf_OVERTPhi,rf,OVERTPhi,35,962.779744251882
DS09,mc.rf_OVERTPhi,rf,OVERTPhi,36,1426.424797135956
DS09,mc.rf_OVERTPhi,rf,OVERTPhi,37,1635.081782037485
DS09,mc.rf_OVERTPhi,rf,OVERTPhi,38,1470.7473936497972
DS09,mc.rf_OVERTPhi,rf,OVERTPhi,39,1462.8813643725741
DS09,mc.rf_OVERTPhi,rf,OVERTPhi,40,1425.298151821086
DS09,mc.rf_OVERTPhi,rf,OVERTPhi,41,1595.6083867534167
DS09,mc.rf_OVERTPhi,rf,OVERTPhi,42,1660.6808606793925
DS09,mc.rf_OVERTPhi,rf,OVERTPhi,43,1499.5599628928226
DS09,mc.rf_OVERTPhi,rf,OVERTPhi,44,1466.1533023517534
DS09,mc.rf_OVERTPhi,rf,OVERTPhi,45,1643.2786393954382
DS09,mc.rf_OVERTPhi,rf,OVERTPhi,46,1154.8947198557712
DS09,mc.rf_OVERTPhi,rf,OVERTPhi,47,927.3781739279677
DS09,mc.rf_OVERTPhi,rf,OVERTPhi,48,1007.0120602311858
DS09,mc.rf_OVERTPhi,rf,OVERTPhi,49,1044.866678269639
DS09,mc.rf_OVERTPhi,rf,OVERTPhi,50,1141.6816378240358
DS09,mc.rf_OVERT,rf,OVERT,1,372.2056079384276
DS09,mc.rf_OVERT,rf,OVERT,2,450.39845562675714
DS09,mc.rf_OVERT,rf,OVERT,3,1403.0782846937404
DS09,mc.rf_OVERT,rf,OVERT,4,1214.1345085206513
DS09,mc.rf_OVERT,rf,OVERT,5,1427.0546880989118
DS09,mc.rf_OVERT,rf,OVERT,6,1192.1644445607014
DS09,mc.rf_OVERT,rf,OVERT,7,1231.1384157522878
DS09,mc.rf_OVERT,rf,OVERT,8,1346.5573763343803
DS09,mc.rf_OVERT,rf,OVERT,9,1224.629682164895
DS09,mc.rf_OVERT,rf,OVERT,10,1348.0806300728332
DS09,mc.rf_OVERT,rf,OVERT,11,1161.817243751449
DS09,mc.rf_OVERT,rf,OVERT,12,1263.250686599571
DS09,mc.rf_OVERT,rf,OVERT,13,1190.456683134408
DS09,mc.rf_OVERT,rf,OVERT,14,1196.2242826318923
DS09,mc.rf_OVERT,rf,OVERT,15,1640.5617996344322
DS09,mc.rf_OVERT,rf,OVERT,16,1603.0952757976493
DS09,mc.rf_OVERT,rf,OVERT,17,1208.325740182828
DS09,mc.rf_OVERT,rf,OVERT,18,1320.6830182252043
DS09,mc.rf_OVERT,rf,OVERT,19,1341.313551338891
DS09,mc.rf_OVERT,rf,OVERT,20,1313.3051682220014
DS09,mc.rf_OVERT,rf,OVERT,21,1391.8991834242734
DS09,mc.rf_OVERT,rf,OVERT,22,1371.6455423577431
DS09,mc.rf_OVERT,rf,OVERT,23,1346.837156614043
DS09,mc.rf_OVERT,rf,OVERT,24,1272.9677497195519
DS09,mc.rf_OVERT,rf,OVERT,25,1458.659452736162
DS09,mc.rf_OVERT,rf,OVERT,26,956.0169406142622
DS09,mc.rf_OVERT,rf,OVERT,27,1256.0822594802555
DS09,mc.rf_OVERT,rf,OVERT,28,1063.4394057927834
DS09,mc.rf_OVERT,rf,OVERT,29,1707.9823422879183
DS09,mc.rf_OVERT,rf,OVERT,30,1188.2879393060089
DS09,mc.rf_OVERT,rf,OVERT,31,1056.5023233292372
DS09,mc.rf_OVERT,rf,OVERT,32,1053.2626640864992
DS09,mc.rf_OVERT,rf,OVERT,33,1215.7933016397742
DS09,mc.rf_OVERT,rf,OVERT,34,1377.7759681540808
DS09,mc.rf_OVERT,rf,OVERT,35,998.5108287029744
DS09,mc.rf_OVERT,rf,OVERT,36,1457.6307302460596
DS09,mc.rf_OVERT,rf,OVERT,37,1546.2646276010528
DS09,mc.rf_OVERT,rf,OVERT,38,1471.128028916631
DS09,mc.rf_OVERT,rf,OVERT,39,1417.4823879080343
DS09,mc.rf_OVERT,rf,OVERT,40,1377.4896425634822
DS09,mc.rf_OVERT,rf,OVERT,41,1497.8535040619884
DS09,mc.rf_OVERT,rf,OVERT,42,1589.935897534543
DS09,mc.rf_OVERT,rf,OVERT,43,1426.6693176901658
DS09,mc.rf_OVERT,rf,OVERT,44,1447.3364383917717
DS09,mc.rf_OVERT,rf,OVERT,45,1409.3976995654011
DS09,mc.rf_OVERT,rf,OVERT,46,1183.4274460097226
DS09,mc.rf_OVERT,rf,OVERT,47,965.1094095781149
DS09,mc.rf_OVERT,rf,OVERT,48,1047.2372373943024
DS09,mc.rf_OVERT,rf,OVERT,49,1208.9473768557295
DS09,mc.rf_OVERT,rf,OVERT,50,1220.0523592145341
DS09,mc.rf_SMOTEB,rf,SMOTEB,1,444.8982452018079
DS09,mc.rf_SMOTEB,rf,SMOTEB,2,405.80858637546686
DS09,mc.rf_SMOTEB,rf,SMOTEB,3,1445.1759911258735
DS09,mc.rf_SMOTEB,rf,SMOTEB,4,1339.1954390243338
DS09,mc.rf_SMOTEB,rf,SMOTEB,5,1227.495040018737
DS09,mc.rf_SMOTEB,rf,SMOTEB,6,1460.8758829408537
DS09,mc.rf_SMOTEB,rf,SMOTEB,7,1146.5862923512095
DS09,mc.rf_SMOTEB,rf,SMOTEB,8,1267.5418247168516
DS09,mc.rf_SMOTEB,rf,SMOTEB,9,1202.7318200929637
DS09,mc.rf_SMOTEB,rf,SMOTEB,10,1244.5998441128609
DS09,mc.rf_SMOTEB,rf,SMOTEB,11,1075.2035150901922
DS09,mc.rf_SMOTEB,rf,SMOTEB,12,1158.7552203294483
DS09,mc.rf_SMOTEB,rf,SMOTEB,13,1167.6397667932024
DS09,mc.rf_SMOTEB,rf,SMOTEB,14,1138.8715293764915
DS09,mc.rf_SMOTEB,rf,SMOTEB,15,1499.8012650829824
DS09,mc.rf_SMOTEB,rf,SMOTEB,16,1653.345155541933
DS09,mc.rf_SMOTEB,rf,SMOTEB,17,1184.03949100369
DS09,mc.rf_SMOTEB,rf,SMOTEB,18,1255.1593141816825
DS09,mc.rf_SMOTEB,rf,SMOTEB,19,1176.7270179667678
DS09,mc.rf_SMOTEB,rf,SMOTEB,20,1210.9549470839747
DS09,mc.rf_SMOTEB,rf,SMOTEB,21,1255.6085932679482
DS09,mc.rf_SMOTEB,rf,SMOTEB,22,1233.6290572986302
DS09,mc.rf_SMOTEB,rf,SMOTEB,23,1406.6158776650216
DS09,mc.rf_SMOTEB,rf,SMOTEB,24,1394.448312181906
DS09,mc.rf_SMOTEB,rf,SMOTEB,25,1306.0732567690818
DS09,mc.rf_SMOTEB,rf,SMOTEB,26,1224.3021603251166
DS09,mc.rf_SMOTEB,rf,SMOTEB,27,1123.3710516011997
DS09,mc.rf_SMOTEB,rf,SMOTEB,28,1021.8867688088671
DS09,mc.rf_SMOTEB,rf,SMOTEB,29,1290.2894437416996
DS09,mc.rf_SMOTEB,rf,SMOTEB,30,1267.156012078744
DS09,mc.rf_SMOTEB,rf,SMOTEB,31,1085.322327185324
DS09,mc.rf_SMOTEB,rf,SMOTEB,32,1089.6671554088207
DS09,mc.rf_SMOTEB,rf,SMOTEB,33,1254.0321089408137
DS09,mc.rf_SMOTEB,rf,SMOTEB,34,1228.0574627443575
DS09,mc.rf_SMOTEB,rf,SMOTEB,35,1139.7069678693106
DS09,mc.rf_SMOTEB,rf,SMOTEB,36,1355.455034774655
DS09,mc.rf_SMOTEB,rf,SMOTEB,37,1326.9765210804578
DS09,mc.rf_SMOTEB,rf,SMOTEB,38,1555.3212980850872
DS09,mc.rf_SMOTEB,rf,SMOTEB,39,1421.6837644622076
DS09,mc.rf_SMOTEB,rf,SMOTEB,40,1446.8324560996955
DS09,mc.rf_SMOTEB,rf,SMOTEB,41,1561.0096568368717
DS09,mc.rf_SMOTEB,rf,SMOTEB,42,1502.1950701182743
DS09,mc.rf_SMOTEB,rf,SMOTEB,43,1435.5852783718228
DS09,mc.rf_SMOTEB,rf,SMOTEB,44,1409.8645639159954
DS09,mc.rf_SMOTEB,rf,SMOTEB,45,1636.5760719838927
DS09,mc.rf_SMOTEB,rf,SMOTEB,46,1145.2785248967361
DS09,mc.rf_SMOTEB,rf,SMOTEB,47,1076.4980881891345
DS09,mc.rf_SMOTEB,rf,SMOTEB,48,1124.8358611016981
DS09,mc.rf_SMOTEB,rf,SMOTEB,49,1087.842111540808
DS09,mc.rf_SMOTEB,rf,SMOTEB,50,912.3489997882524
DS09,mc.rf_SMOTETPhi,rf,SMOTETPhi,1,604.5901852642326
DS09,mc.rf_SMOTETPhi,rf,SMOTETPhi,2,598.247823919154
DS09,mc.rf_SMOTETPhi,rf,SMOTETPhi,3,2346.4214973216704
DS09,mc.rf_SMOTETPhi,rf,SMOTETPhi,4,1828.5113630718427
DS09,mc.rf_SMOTETPhi,rf,SMOTETPhi,5,1747.0981449439603
DS09,mc.rf_SMOTETPhi,rf,SMOTETPhi,6,1810.9944463608822
DS09,mc.rf_SMOTETPhi,rf,SMOTETPhi,7,1760.9021532116824
DS09,mc.rf_SMOTETPhi,rf,SMOTETPhi,8,1653.1147975941722
DS09,mc.rf_SMOTETPhi,rf,SMOTETPhi,9,1833.3155139599949
DS09,mc.rf_SMOTETPhi,rf,SMOTETPhi,10,1648.8130278723909
DS09,mc.rf_SMOTETPhi,rf,SMOTETPhi,11,1537.7238027059507
DS09,mc.rf_SMOTETPhi,rf,SMOTETPhi,12,1660.9361662597134
DS09,mc.rf_SMOTETPhi,rf,SMOTETPhi,13,1598.2097087144532
DS09,mc.rf_SMOTETPhi,rf,SMOTETPhi,14,1642.4746730145084
DS09,mc.rf_SMOTETPhi,rf,SMOTETPhi,15,2156.243297301922
DS09,mc.rf_SMOTETPhi,rf,SMOTETPhi,16,2108.6714830569904
DS09,mc.rf_SMOTETPhi,rf,SMOTETPhi,17,1560.5338917508286
DS09,mc.rf_SMOTETPhi,rf,SMOTETPhi,18,1534.3969449442754
DS09,mc.rf_SMOTETPhi,rf,SMOTETPhi,19,1464.1462064358784
DS09,mc.rf_SMOTETPhi,rf,SMOTETPhi,20,1484.0486211970642
DS09,mc.rf_SMOTETPhi,rf,SMOTETPhi,21,1537.0553005447869
DS09,mc.rf_SMOTETPhi,rf,SMOTETPhi,22,1737.7558855592058
DS09,mc.rf_SMOTETPhi,rf,SMOTETPhi,23,1642.9751235971924
DS09,mc.rf_SMOTETPhi,rf,SMOTETPhi,24,1677.060827520004
DS09,mc.rf_SMOTETPhi,rf,SMOTETPhi,25,1535.762906084424
DS09,mc.rf_SMOTETPhi,rf,SMOTETPhi,26,1283.9897274662276
DS09,mc.rf_SMOTETPhi,rf,SMOTETPhi,27,1422.5389065133377
DS09,mc.rf_SMOTETPhi,rf,SMOTETPhi,28,1296.4553845741202
DS09,mc.rf_SMOTETPhi,rf,SMOTETPhi,29,1376.8084624461294
DS09,mc.rf_SMOTETPhi,rf,SMOTETPhi,30,1594.1841250989098
DS09,mc.rf_SMOTETPhi,rf,SMOTETPhi,31,1194.7225378968171
DS09,mc.rf_SMOTETPhi,rf,SMOTETPhi,32,1198.1234628230116
DS09,mc.rf_SMOTETPhi,rf,SMOTETPhi,33,1299.014777189724
DS09,mc.rf_SMOTETPhi,rf,SMOTETPhi,34,1472.9762322158263
DS09,mc.rf_SMOTETPhi,rf,SMOTETPhi,35,1489.993890704898
DS09,mc.rf_SMOTETPhi,rf,SMOTETPhi,36,1707.145988837701
DS09,mc.rf_SMOTETPhi,rf,SMOTETPhi,37,1319.8182038777293
DS09,mc.rf_SMOTETPhi,rf,SMOTETPhi,38,1635.6820852901992
DS09,mc.rf_SMOTETPhi,rf,SMOTETPhi,39,1771.3620973049892
DS09,mc.rf_SMOTETPhi,rf,SMOTETPhi,40,1939.764318432563
DS09,mc.rf_SMOTETPhi,rf,SMOTETPhi,41,1458.2838906374977
DS09,mc.rf_SMOTETPhi,rf,SMOTETPhi,42,1700.4333608973436
DS09,mc.rf_SMOTETPhi,rf,SMOTETPhi,43,1848.0750125659456
DS09,mc.rf_SMOTETPhi,rf,SMOTETPhi,44,1646.040000020391
DS09,mc.rf_SMOTETPhi,rf,SMOTETPhi,45,1625.4916001502513
DS09,mc.rf_SMOTETPhi,rf,SMOTETPhi,46,1336.0797385078422
DS09,mc.rf_SMOTETPhi,rf,SMOTETPhi,47,1189.1188741786216
DS09,mc.rf_SMOTETPhi,rf,SMOTETPhi,48,1147.7802098258478
DS09,mc.rf_SMOTETPhi,rf,SMOTETPhi,49,1098.174207327138
DS09,mc.rf_SMOTETPhi,rf,SMOTETPhi,50,1360.885960069286
DS09,mc.rf_SMOTET,rf,SMOTET,1,580.3738854791252
DS09,mc.rf_SMOTET,rf,SMOTET,2,606.7552722221849
DS09,mc.rf_SMOTET,rf,SMOTET,3,2241.9588911349956
DS09,mc.rf_SMOTET,rf,SMOTET,4,1806.153642319249
DS09,mc.rf_SMOTET,rf,SMOTET,5,1731.1207574413977
DS09,mc.rf_SMOTET,rf,SMOTET,6,1716.8244854729844
DS09,mc.rf_SMOTET,rf,SMOTET,7,1817.68715300565
DS09,mc.rf_SMOTET,rf,SMOTET,8,1626.1584364486905
DS09,mc.rf_SMOTET,rf,SMOTET,9,1902.3664037589529
DS09,mc.rf_SMOTET,rf,SMOTET,10,1661.0928621221547
DS09,mc.rf_SMOTET,rf,SMOTET,11,1558.044304541184
DS09,mc.rf_SMOTET,rf,SMOTET,12,1641.1213447056969
DS09,mc.rf_SMOTET,rf,SMOTET,13,1671.2779239929107
DS09,mc.rf_SMOTET,rf,SMOTET,14,1748.4371377860189
DS09,mc.rf_SMOTET,rf,SMOTET,15,2140.2815290394306
DS09,mc.rf_SMOTET,rf,SMOTET,16,2127.2223337167898
DS09,mc.rf_SMOTET,rf,SMOTET,17,1587.413975620193
DS09,mc.rf_SMOTET,rf,SMOTET,18,1548.8144291043466
DS09,mc.rf_SMOTET,rf,SMOTET,19,1534.4368367860166
DS09,mc.rf_SMOTET,rf,SMOTET,20,1531.7881413194123
DS09,mc.rf_SMOTET,rf,SMOTET,21,1547.0384654785616
DS09,mc.rf_SMOTET,rf,SMOTET,22,1729.492547448519
DS09,mc.rf_SMOTET,rf,SMOTET,23,1700.0303704338642
DS09,mc.rf_SMOTET,rf,SMOTET,24,1635.106608021588
DS09,mc.rf_SMOTET,rf,SMOTET,25,1498.5417180089555
DS09,mc.rf_SMOTET,rf,SMOTET,26,1338.0315331962513
DS09,mc.rf_SMOTET,rf,SMOTET,27,1476.312411724172
DS09,mc.rf_SMOTET,rf,SMOTET,28,1237.2193150461073
DS09,mc.rf_SMOTET,rf,SMOTET,29,1363.1278858522392
DS09,mc.rf_SMOTET,rf,SMOTET,30,1605.4832401812955
DS09,mc.rf_SMOTET,rf,SMOTET,31,1223.9402252334323
DS09,mc.rf_SMOTET,rf,SMOTET,32,1194.2824456420778
DS09,mc.rf_SMOTET,rf,SMOTET,33,1200.8531398035075
DS09,mc.rf_SMOTET,rf,SMOTET,34,1415.2990597730395
DS09,mc.rf_SMOTET,rf,SMOTET,35,1592.5857890118368
DS09,mc.rf_SMOTET,rf,SMOTET,36,1694.2218680081062
DS09,mc.rf_SMOTET,rf,SMOTET,37,1300.1324394432877
DS09,mc.rf_SMOTET,rf,SMOTET,38,1703.2615453592446
DS09,mc.rf_SMOTET,rf,SMOTET,39,1746.5118545635548
DS09,mc.rf_SMOTET,rf,SMOTET,40,1907.5698585399032
DS09,mc.rf_SMOTET,rf,SMOTET,41,1519.123244705915
DS09,mc.rf_SMOTET,rf,SMOTET,42,1803.5305265920101
DS09,mc.rf_SMOTET,rf,SMOTET,43,2017.354448513827
DS09,mc.rf_SMOTET,rf,SMOTET,44,1672.7461675368118
DS09,mc.rf_SMOTET,rf,SMOTET,45,1739.8945564907872
DS09,mc.rf_SMOTET,rf,SMOTET,46,1363.7583646084413
DS09,mc.rf_SMOTET,rf,SMOTET,47,1220.7510557114497
DS09,mc.rf_SMOTET,rf,SMOTET,48,1223.5737639558947
DS09,mc.rf_SMOTET,rf,SMOTET,49,1189.7088882774306
DS09,mc.rf_SMOTET,rf,SMOTET,50,1210.5773014934744
DS09,mc.rf_UNDERB,rf,UNDERB,1,481.0254933846049
DS09,mc.rf_UNDERB,rf,UNDERB,2,459.0888833955888
DS09,mc.rf_UNDERB,rf,UNDERB,3,1580.2386891600308
DS09,mc.rf_UNDERB,rf,UNDERB,4,1391.5507307939267
DS09,mc.rf_UNDERB,rf,UNDERB,5,1435.6945750833415
DS09,mc.rf_UNDERB,rf,UNDERB,6,1464.0059908963692
DS09,mc.rf_UNDERB,rf,UNDERB,7,1327.720018804923
DS09,mc.rf_UNDERB,rf,UNDERB,8,1329.6048439417057
DS09,mc.rf_UNDERB,rf,UNDERB,9,1307.841849826456
DS09,mc.rf_UNDERB,rf,UNDERB,10,1315.7626996918052
DS09,mc.rf_UNDERB,rf,UNDERB,11,1354.3868432799895
DS09,mc.rf_UNDERB,rf,UNDERB,12,1380.64928466722
DS09,mc.rf_UNDERB,rf,UNDERB,13,1376.8159114060309
DS09,mc.rf_UNDERB,rf,UNDERB,14,1349.098453225875
DS09,mc.rf_UNDERB,rf,UNDERB,15,1698.2101542624216
DS09,mc.rf_UNDERB,rf,UNDERB,16,1710.3564205964537
DS09,mc.rf_UNDERB,rf,UNDERB,17,1339.5195615935982
DS09,mc.rf_UNDERB,rf,UNDERB,18,1395.2496908848327
DS09,mc.rf_UNDERB,rf,UNDERB,19,1316.5552399117887
DS09,mc.rf_UNDERB,rf,UNDERB,20,1325.202410099825
DS09,mc.rf_UNDERB,rf,UNDERB,21,1385.910494922627
DS09,mc.rf_UNDERB,rf,UNDERB,22,1488.986964208446
DS09,mc.rf_UNDERB,rf,UNDERB,23,1462.2617635393908
DS09,mc.rf_UNDERB,rf,UNDERB,24,1594.2609909537946
DS09,mc.rf_UNDERB,rf,UNDERB,25,1552.1056529910838
DS09,mc.rf_UNDERB,rf,UNDERB,26,1310.2578131837313
DS09,mc.rf_UNDERB,rf,UNDERB,27,1260.461433065257
DS09,mc.rf_UNDERB,rf,UNDERB,28,1355.7632075297215
DS09,mc.rf_UNDERB,rf,UNDERB,29,1274.7615932287747
DS09,mc.rf_UNDERB,rf,UNDERB,30,1312.8344966423133
DS09,mc.rf_UNDERB,rf,UNDERB,31,1305.9285329160402
DS09,mc.rf_UNDERB,rf,UNDERB,32,1285.0796052202534
DS09,mc.rf_UNDERB,rf,UNDERB,33,1336.2484303747328
DS09,mc.rf_UNDERB,rf,UNDERB,34,1305.218686829655
DS09,mc.rf_UNDERB,rf,UNDERB,35,1355.495580457083
DS09,mc.rf_UNDERB,rf,UNDERB,36,1552.8730360188636
DS09,mc.rf_UNDERB,rf,UNDERB,37,1485.114939707598
DS09,mc.rf_UNDERB,rf,UNDERB,38,1419.0711286573796
DS09,mc.rf_UNDERB,rf,UNDERB,39,1622.5541122368736
DS09,mc.rf_UNDERB,rf,UNDERB,40,1532.876212382796
DS09,mc.rf_UNDERB,rf,UNDERB,41,1571.3793709760932
DS09,mc.rf_UNDERB,rf,UNDERB,42,1626.3716992543361
DS09,mc.rf_UNDERB,rf,UNDERB,43,1610.2028574573499
DS09,mc.rf_UNDERB,rf,UNDERB,44,1608.350349904287
DS09,mc.rf_UNDERB,rf,UNDERB,45,1587.6165758455898
DS09,mc.rf_UNDERB,rf,UNDERB,46,1273.4604929272618
DS09,mc.rf_UNDERB,rf,UNDERB,47,1286.2192965149425
DS09,mc.rf_UNDERB,rf,UNDERB,48,1288.7004995115788
DS09,mc.rf_UNDERB,rf,UNDERB,49,1251.9014229835805
DS09,mc.rf_UNDERB,rf,UNDERB,50,1087.0540295304093
DS09,mc.rf_UNDERTPhi,rf,UNDERTPhi,1,455.0096464890895
DS09,mc.rf_UNDERTPhi,rf,UNDERTPhi,2,481.212181252843
DS09,mc.rf_UNDERTPhi,rf,UNDERTPhi,3,1590.3306845612979
DS09,mc.rf_UNDERTPhi,rf,UNDERTPhi,4,1369.013766903959
DS09,mc.rf_UNDERTPhi,rf,UNDERTPhi,5,1346.6432492598026
DS09,mc.rf_UNDERTPhi,rf,UNDERTPhi,6,1403.4548295207717
DS09,mc.rf_UNDERTPhi,rf,UNDERTPhi,7,1288.440753311212
DS09,mc.rf_UNDERTPhi,rf,UNDERTPhi,8,1302.764618858088
DS09,mc.rf_UNDERTPhi,rf,UNDERTPhi,9,1287.3397401199004
DS09,mc.rf_UNDERTPhi,rf,UNDERTPhi,10,1287.4748166154827
DS09,mc.rf_UNDERTPhi,rf,UNDERTPhi,11,1313.2825318361804
DS09,mc.rf_UNDERTPhi,rf,UNDERTPhi,12,1298.598520287621
DS09,mc.rf_UNDERTPhi,rf,UNDERTPhi,13,1286.7048852770142
DS09,mc.rf_UNDERTPhi,rf,UNDERTPhi,14,1342.2875310446068
DS09,mc.rf_UNDERTPhi,rf,UNDERTPhi,15,1707.807658537451
DS09,mc.rf_UNDERTPhi,rf,UNDERTPhi,16,1700.3202216354416
DS09,mc.rf_UNDERTPhi,rf,UNDERTPhi,17,1347.6856352230834
DS09,mc.rf_UNDERTPhi,rf,UNDERTPhi,18,1339.432322699916
DS09,mc.rf_UNDERTPhi,rf,UNDERTPhi,19,1391.965192622616
DS09,mc.rf_UNDERTPhi,rf,UNDERTPhi,20,1354.4476678968733
DS09,mc.rf_UNDERTPhi,rf,UNDERTPhi,21,1359.926689184858
DS09,mc.rf_UNDERTPhi,rf,UNDERTPhi,22,1396.7908875631836
DS09,mc.rf_UNDERTPhi,rf,UNDERTPhi,23,1433.9495853399724
DS09,mc.rf_UNDERTPhi,rf,UNDERTPhi,24,1475.841016117748
DS09,mc.rf_UNDERTPhi,rf,UNDERTPhi,25,1411.2164940939856
DS09,mc.rf_UNDERTPhi,rf,UNDERTPhi,26,1210.7710113902197
DS09,mc.rf_UNDERTPhi,rf,UNDERTPhi,27,1189.728124141683
DS09,mc.rf_UNDERTPhi,rf,UNDERTPhi,28,1248.0673181037291
DS09,mc.rf_UNDERTPhi,rf,UNDERTPhi,29,1257.7126132284106
DS09,mc.rf_UNDERTPhi,rf,UNDERTPhi,30,1270.037662319272
DS09,mc.rf_UNDERTPhi,rf,UNDERTPhi,31,1250.7526560064964
DS09,mc.rf_UNDERTPhi,rf,UNDERTPhi,32,1250.2230488376904
DS09,mc.rf_UNDERTPhi,rf,UNDERTPhi,33,1324.2747751537008
DS09,mc.rf_UNDERTPhi,rf,UNDERTPhi,34,1274.0920468669246
DS09,mc.rf_UNDERTPhi,rf,UNDERTPhi,35,1253.781449788984
DS09,mc.rf_UNDERTPhi,rf,UNDERTPhi,36,1528.8163069504744
DS09,mc.rf_UNDERTPhi,rf,UNDERTPhi,37,1519.7282437568504
DS09,mc.rf_UNDERTPhi,rf,UNDERTPhi,38,1481.5633763944777
DS09,mc.rf_UNDERTPhi,rf,UNDERTPhi,39,1492.3299350018854
DS09,mc.rf_UNDERTPhi,rf,UNDERTPhi,40,1510.7032815239259
DS09,mc.rf_UNDERTPhi,rf,UNDERTPhi,41,1599.7529381342213
DS09,mc.rf_UNDERTPhi,rf,UNDERTPhi,42,1552.6080218526558
DS09,mc.rf_UNDERTPhi,rf,UNDERTPhi,43,1617.0937115838465
DS09,mc.rf_UNDERTPhi,rf,UNDERTPhi,44,1566.9699138546532
DS09,mc.rf_UNDERTPhi,rf,UNDERTPhi,45,1584.9359827738974
DS09,mc.rf_UNDERTPhi,rf,UNDERTPhi,46,1251.1654469552154
DS09,mc.rf_UNDERTPhi,rf,UNDERTPhi,47,1266.0156889312555
DS09,mc.rf_UNDERTPhi,rf,UNDERTPhi,48,1194.484629457446
DS09,mc.rf_UNDERTPhi,rf,UNDERTPhi,49,1212.1014840681603
DS09,mc.rf_UNDERTPhi,rf,UNDERTPhi,50,1136.3961104321147
DS09,mc.rf_UNDERT,rf,UNDERT,1,494.96320932192225
DS09,mc.rf_UNDERT,rf,UNDERT,2,448.5409342901007
DS09,mc.rf_UNDERT,rf,UNDERT,3,1592.7591766575938
DS09,mc.rf_UNDERT,rf,UNDERT,4,1442.8714892025678
DS09,mc.rf_UNDERT,rf,UNDERT,5,1361.0092941903972
DS09,mc.rf_UNDERT,rf,UNDERT,6,1436.3527743010677
DS09,mc.rf_UNDERT,rf,UNDERT,7,1320.6784629165136
DS09,mc.rf_UNDERT,rf,UNDERT,8,1333.6412267043936
DS09,mc.rf_UNDERT,rf,UNDERT,9,1333.7342130606448
DS09,mc.rf_UNDERT,rf,UNDERT,10,1328.3847258212968
DS09,mc.rf_UNDERT,rf,UNDERT,11,1301.4731297337205
DS09,mc.rf_UNDERT,rf,UNDERT,12,1272.8482318580523
DS09,mc.rf_UNDERT,rf,UNDERT,13,1417.6918342669885
DS09,mc.rf_UNDERT,rf,UNDERT,14,1355.7505747842292
DS09,mc.rf_UNDERT,rf,UNDERT,15,1709.7385311883904
DS09,mc.rf_UNDERT,rf,UNDERT,16,1725.8322048676432
DS09,mc.rf_UNDERT,rf,UNDERT,17,1354.1694763857663
DS09,mc.rf_UNDERT,rf,UNDERT,18,1420.0986744050176
DS09,mc.rf_UNDERT,rf,UNDERT,19,1365.5679048757197
DS09,mc.rf_UNDERT,rf,UNDERT,20,1326.4819172129194
DS09,mc.rf_UNDERT,rf,UNDERT,21,1364.1539295343025
DS09,mc.rf_UNDERT,rf,UNDERT,22,1401.34203227312
DS09,mc.rf_UNDERT,rf,UNDERT,23,1499.1280895018338
DS09,mc.rf_UNDERT,rf,UNDERT,24,1572.731302523189
DS09,mc.rf_UNDERT,rf,UNDERT,25,1438.9230831406255
DS09,mc.rf_UNDERT,rf,UNDERT,26,1303.4297909908169
DS09,mc.rf_UNDERT,rf,UNDERT,27,1264.7941422435379
DS09,mc.rf_UNDERT,rf,UNDERT,28,1303.7611397868818
DS09,mc.rf_UNDERT,rf,UNDERT,29,1272.725064224888
DS09,mc.rf_UNDERT,rf,UNDERT,30,1339.8681718752566
DS09,mc.rf_UNDERT,rf,UNDERT,31,1285.849761546749
DS09,mc.rf_UNDERT,rf,UNDERT,32,1255.0942796284796
DS09,mc.rf_UNDERT,rf,UNDERT,33,1231.567046472159
DS09,mc.rf_UNDERT,rf,UNDERT,34,1326.0080426377247
DS09,mc.rf_UNDERT,rf,UNDERT,35,1234.0109029317898
DS09,mc.rf_UNDERT,rf,UNDERT,36,1562.4571883135454
DS09,mc.rf_UNDERT,rf,UNDERT,37,1581.9334678110083
DS09,mc.rf_UNDERT,rf,UNDERT,38,1557.5756925775443
DS09,mc.rf_UNDERT,rf,UNDERT,39,1558.9002976501035
DS09,mc.rf_UNDERT,rf,UNDERT,40,1549.0892846447125
DS09,mc.rf_UNDERT,rf,UNDERT,41,1554.152734934713
DS09,mc.rf_UNDERT,rf,UNDERT,42,1638.0840701874185
DS09,mc.rf_UNDERT,rf,UNDERT,43,1586.5017203446696
DS09,mc.rf_UNDERT,rf,UNDERT,44,1604.3270642608018
DS09,mc.rf_UNDERT,rf,UNDERT,45,1516.5650664504094
DS09,mc.rf_UNDERT,rf,UNDERT,46,1195.5009814910507
DS09,mc.rf_UNDERT,rf,UNDERT,47,1301.1890012716538
DS09,mc.rf_UNDERT,rf,UNDERT,48,1252.0286521461742
DS09,mc.rf_UNDERT,rf,UNDERT,49,1259.8106026298142
DS09,mc.rf_UNDERT,rf,UNDERT,50,1106.6454499024587
DS09,mc.rf,rf,baseline,1,425.45129091264585
DS09,mc.rf,rf,baseline,2,397.55719364770925
DS09,mc.rf,rf,baseline,3,1481.1121980787595
DS09,mc.rf,rf,baseline,4,1354.488565453209
DS09,mc.rf,rf,baseline,5,1335.6016119872988
DS09,mc.rf,rf,baseline,6,1306.5057207369225
DS09,mc.rf,rf,baseline,7,1282.6902958395651
DS09,mc.rf,rf,baseline,8,1255.635210510909
DS09,mc.rf,rf,baseline,9,1251.2588086756596
DS09,mc.rf,rf,baseline,10,1283.4717316706988
DS09,mc.rf,rf,baseline,11,1327.0418870761882
DS09,mc.rf,rf,baseline,12,1308.1640994862216
DS09,mc.rf,rf,baseline,13,1301.0640172500348
DS09,mc.rf,rf,baseline,14,1383.514009875027
DS09,mc.rf,rf,baseline,15,1666.1698688788094
DS09,mc.rf,rf,baseline,16,1633.005843820728
DS09,mc.rf,rf,baseline,17,1321.7844182596602
DS09,mc.rf,rf,baseline,18,1264.5125417309132
DS09,mc.rf,rf,baseline,19,1298.0081730812915
DS09,mc.rf,rf,baseline,20,1328.5515981462088
DS09,mc.rf,rf,baseline,21,1301.781889885979
DS09,mc.rf,rf,baseline,22,1392.9475763400906
DS09,mc.rf,rf,baseline,23,1459.1933575682588
DS09,mc.rf,rf,baseline,24,1430.868516881582
DS09,mc.rf,rf,baseline,25,1446.089253074887
DS09,mc.rf,rf,baseline,26,1231.4915918312722
DS09,mc.rf,rf,baseline,27,1290.5737588338686
DS09,mc.rf,rf,baseline,28,1272.4031982181873
DS09,mc.rf,rf,baseline,29,1257.2985475539706
DS09,mc.rf,rf,baseline,30,1272.4521975687408
DS09,mc.rf,rf,baseline,31,1260.3306327697494
DS09,mc.rf,rf,baseline,32,1243.93832953827
DS09,mc.rf,rf,baseline,33,1241.6372087462587
DS09,mc.rf,rf,baseline,34,1269.440061681218
DS09,mc.rf,rf,baseline,35,1211.9343686986863
DS09,mc.rf,rf,baseline,36,1541.2925801120682
DS09,mc.rf,rf,baseline,37,1483.4215978704908
DS09,mc.rf,rf,baseline,38,1462.038738230349
DS09,mc.rf,rf,baseline,39,1484.690791087297
DS09,mc.rf,rf,baseline,40,1507.084691206244
DS09,mc.rf,rf,baseline,41,1541.294954508496
DS09,mc.rf,rf,baseline,42,1522.0692936161267
DS09,mc.rf,rf,baseline,43,1525.0274977799372
DS09,mc.rf,rf,baseline,44,1499.816644157696
DS09,mc.rf,rf,baseline,45,1579.9798217284604
DS09,mc.rf,rf,baseline,46,1209.763117189858
DS09,mc.rf,rf,baseline,47,1223.0305414560853
DS09,mc.rf,rf,baseline,48,1247.976904394762
DS09,mc.rf,rf,baseline,49,1203.2785318769584
DS09,mc.rf,rf,baseline,50,1084.850375328242
DS09,mc.rpart_OVERB,rpart,OVERB,1,790.4140316397231
DS09,mc.rpart_OVERB,rpart,OVERB,2,631.7762665175849
DS09,mc.rpart_OVERB,rpart,OVERB,3,3518.4220371935335
DS09,mc.rpart_OVERB,rpart,OVERB,4,1268.3695052823962
DS09,mc.rpart_OVERB,rpart,OVERB,5,2826.8746733295707
DS09,mc.rpart_OVERB,rpart,OVERB,6,3418.3951002673916
DS09,mc.rpart_OVERB,rpart,OVERB,7,1660.0014732284747
DS09,mc.rpart_OVERB,rpart,OVERB,8,1819.2681521350269
DS09,mc.rpart_OVERB,rpart,OVERB,9,1848.5416359581902
DS09,mc.rpart_OVERB,rpart,OVERB,10,1616.6345798779369
DS09,mc.rpart_OVERB,rpart,OVERB,11,1388.6570700067543
DS09,mc.rpart_OVERB,rpart,OVERB,12,1559.083358028776
DS09,mc.rpart_OVERB,rpart,OVERB,13,1633.6109257782869
DS09,mc.rpart_OVERB,rpart,OVERB,14,2341.9721160110885
DS09,mc.rpart_OVERB,rpart,OVERB,15,3385.653734325281
DS09,mc.rpart_OVERB,rpart,OVERB,16,2133.1812714194107
DS09,mc.rpart_OVERB,rpart,OVERB,17,1183.8508625394293
DS09,mc.rpart_OVERB,rpart,OVERB,18,2071.245756402289
DS09,mc.rpart_OVERB,rpart,OVERB,19,2083.564967912572
DS09,mc.rpart_OVERB,rpart,OVERB,20,2071.4510861693643
DS09,mc.rpart_OVERB,rpart,OVERB,21,1211.186952670631
DS09,mc.rpart_OVERB,rpart,OVERB,22,1222.258030916324
DS09,mc.rpart_OVERB,rpart,OVERB,23,1264.0212909185514
DS09,mc.rpart_OVERB,rpart,OVERB,24,2206.3434574836447
DS09,mc.rpart_OVERB,rpart,OVERB,25,1753.9127566939544
DS09,mc.rpart_OVERB,rpart,OVERB,26,1800.3957056830743
DS09,mc.rpart_OVERB,rpart,OVERB,27,1325.6395899181564
DS09,mc.rpart_OVERB,rpart,OVERB,28,1353.1732312756644
DS09,mc.rpart_OVERB,rpart,OVERB,29,1243.1281897818033
DS09,mc.rpart_OVERB,rpart,OVERB,30,1228.935777873853
DS09,mc.rpart_OVERB,rpart,OVERB,31,1273.7191387073806
DS09,mc.rpart_OVERB,rpart,OVERB,32,1080.050701092084
DS09,mc.rpart_OVERB,rpart,OVERB,33,1896.96333380617
DS09,mc.rpart_OVERB,rpart,OVERB,34,3218.0319912122627
DS09,mc.rpart_OVERB,rpart,OVERB,35,1071.7053068143696
DS09,mc.rpart_OVERB,rpart,OVERB,36,1427.4104058338958
DS09,mc.rpart_OVERB,rpart,OVERB,37,1297.5542186765713
DS09,mc.rpart_OVERB,rpart,OVERB,38,1188.45950236739
DS09,mc.rpart_OVERB,rpart,OVERB,39,2001.4993908417716
DS09,mc.rpart_OVERB,rpart,OVERB,40,1405.6913605630543
DS09,mc.rpart_OVERB,rpart,OVERB,41,1642.9526777471633
DS09,mc.rpart_OVERB,rpart,OVERB,42,2090.1016537156042
DS09,mc.rpart_OVERB,rpart,OVERB,43,1746.2485462440238
DS09,mc.rpart_OVERB,rpart,OVERB,44,3374.2934187388096
DS09,mc.rpart_OVERB,rpart,OVERB,45,1358.816224646233
DS09,mc.rpart_OVERB,rpart,OVERB,46,1566.3790012572385
DS09,mc.rpart_OVERB,rpart,OVERB,47,1555.081576546853
DS09,mc.rpart_OVERB,rpart,OVERB,48,1442.0168683800725
DS09,mc.rpart_OVERB,rpart,OVERB,49,1050.348362965577
DS09,mc.rpart_OVERB,rpart,OVERB,50,1228.7560474808784
DS09,mc.rpart_OVERTPhi,rpart,OVERTPhi,1,753.2473765941809
DS09,mc.rpart_OVERTPhi,rpart,OVERTPhi,2,474.7987179519489
DS09,mc.rpart_OVERTPhi,rpart,OVERTPhi,3,1440.1411641317675
DS09,mc.rpart_OVERTPhi,rpart,OVERTPhi,4,2309.0530727349305
DS09,mc.rpart_OVERTPhi,rpart,OVERTPhi,5,2333.199315659103
DS09,mc.rpart_OVERTPhi,rpart,OVERTPhi,6,1055.4918673469315
DS09,mc.rpart_OVERTPhi,rpart,OVERTPhi,7,1220.8472251112044
DS09,mc.rpart_OVERTPhi,rpart,OVERTPhi,8,2646.38777863282
DS09,mc.rpart_OVERTPhi,rpart,OVERTPhi,9,1756.3067684404014
DS09,mc.rpart_OVERTPhi,rpart,OVERTPhi,10,1204.882400348344
DS09,mc.rpart_OVERTPhi,rpart,OVERTPhi,11,1313.4176330873415
DS09,mc.rpart_OVERTPhi,rpart,OVERTPhi,12,1214.2010621071706
DS09,mc.rpart_OVERTPhi,rpart,OVERTPhi,13,1708.7889737830028
DS09,mc.rpart_OVERTPhi,rpart,OVERTPhi,14,1295.318936353367
DS09,mc.rpart_OVERTPhi,rpart,OVERTPhi,15,1932.6394981503606
DS09,mc.rpart_OVERTPhi,rpart,OVERTPhi,16,1984.2999733255342
DS09,mc.rpart_OVERTPhi,rpart,OVERTPhi,17,985.2709142157975
DS09,mc.rpart_OVERTPhi,rpart,OVERTPhi,18,1081.7921454510895
DS09,mc.rpart_OVERTPhi,rpart,OVERTPhi,19,1110.9042915991938
DS09,mc.rpart_OVERTPhi,rpart,OVERTPhi,20,1305.4598740482163
DS09,mc.rpart_OVERTPhi,rpart,OVERTPhi,21,1178.8206608363064
DS09,mc.rpart_OVERTPhi,rpart,OVERTPhi,22,1105.5704287188662
DS09,mc.rpart_OVERTPhi,rpart,OVERTPhi,23,1219.9721437231383
DS09,mc.rpart_OVERTPhi,rpart,OVERTPhi,24,1109.0918943711345
DS09,mc.rpart_OVERTPhi,rpart,OVERTPhi,25,2121.016952004216
DS09,mc.rpart_OVERTPhi,rpart,OVERTPhi,26,1647.3469076663396
DS09,mc.rpart_OVERTPhi,rpart,OVERTPhi,27,1146.47628368777
DS09,mc.rpart_OVERTPhi,rpart,OVERTPhi,28,951.094803781174
DS09,mc.rpart_OVERTPhi,rpart,OVERTPhi,29,3189.1935582653396
DS09,mc.rpart_OVERTPhi,rpart,OVERTPhi,30,1231.326981166559
DS09,mc.rpart_OVERTPhi,rpart,OVERTPhi,31,1149.8129871437939
DS09,mc.rpart_OVERTPhi,rpart,OVERTPhi,32,1055.082114942
DS09,mc.rpart_OVERTPhi,rpart,OVERTPhi,33,1629.6904593913132
DS09,mc.rpart_OVERTPhi,rpart,OVERTPhi,34,1762.9716956732655
DS09,mc.rpart_OVERTPhi,rpart,OVERTPhi,35,1129.7548132482157
DS09,mc.rpart_OVERTPhi,rpart,OVERTPhi,36,2093.389059934277
DS09,mc.rpart_OVERTPhi,rpart,OVERTPhi,37,2123.5547882935084
DS09,mc.rpart_OVERTPhi,rpart,OVERTPhi,38,1763.572623987301
DS09,mc.rpart_OVERTPhi,rpart,OVERTPhi,39,1342.3694918827907
DS09,mc.rpart_OVERTPhi,rpart,OVERTPhi,40,1566.6603014697937
DS09,mc.rpart_OVERTPhi,rpart,OVERTPhi,41,2067.191014864432
DS09,mc.rpart_OVERTPhi,rpart,OVERTPhi,42,2051.345687052814
DS09,mc.rpart_OVERTPhi,rpart,OVERTPhi,43,1832.142365769883
DS09,mc.rpart_OVERTPhi,rpart,OVERTPhi,44,1380.9275091192414
DS09,mc.rpart_OVERTPhi,rpart,OVERTPhi,45,1949.4637605192004
DS09,mc.rpart_OVERTPhi,rpart,OVERTPhi,46,1552.706258965702
DS09,mc.rpart_OVERTPhi,rpart,OVERTPhi,47,1086.4684907834946
DS09,mc.rpart_OVERTPhi,rpart,OVERTPhi,48,1413.9702982369517
DS09,mc.rpart_OVERTPhi,rpart,OVERTPhi,49,1724.4827582441917
DS09,mc.rpart_OVERTPhi,rpart,OVERTPhi,50,2352.780107734686
DS09,mc.rpart_OVERT,rpart,OVERT,1,549.7030438929683
DS09,mc.rpart_OVERT,rpart,OVERT,2,1478.645266331937
DS09,mc.rpart_OVERT,rpart,OVERT,3,2222.8303301558585
DS09,mc.rpart_OVERT,rpart,OVERT,4,2193.56166159519
DS09,mc.rpart_OVERT,rpart,OVERT,5,1419.2372552235847
DS09,mc.rpart_OVERT,rpart,OVERT,6,1561.1727331729926
DS09,mc.rpart_OVERT,rpart,OVERT,7,1223.2595851071778
DS09,mc.rpart_OVERT,rpart,OVERT,8,1120.5247588848113
DS09,mc.rpart_OVERT,rpart,OVERT,9,1414.7078451794534
DS09,mc.rpart_OVERT,rpart,OVERT,10,1233.746020612064
DS09,mc.rpart_OVERT,rpart,OVERT,11,1266.7387342859447
DS09,mc.rpart_OVERT,rpart,OVERT,12,1812.0662495150862
DS09,mc.rpart_OVERT,rpart,OVERT,13,1179.7204338115098
DS09,mc.rpart_OVERT,rpart,OVERT,14,1359.0205650087094
DS09,mc.rpart_OVERT,rpart,OVERT,15,2305.8223969146457
DS09,mc.rpart_OVERT,rpart,OVERT,16,2238.409546390113
DS09,mc.rpart_OVERT,rpart,OVERT,17,1052.3732332154602
DS09,mc.rpart_OVERT,rpart,OVERT,18,1191.4351487569058
DS09,mc.rpart_OVERT,rpart,OVERT,19,1246.9158409267486
DS09,mc.rpart_OVERT,rpart,OVERT,20,1101.2265065546526
DS09,mc.rpart_OVERT,rpart,OVERT,21,1461.0993975641134
DS09,mc.rpart_OVERT,rpart,OVERT,22,1147.8683026642332
DS09,mc.rpart_OVERT,rpart,OVERT,23,1183.4568647423635
DS09,mc.rpart_OVERT,rpart,OVERT,24,1860.7368181176662
DS09,mc.rpart_OVERT,rpart,OVERT,25,2293.4603639734455
DS09,mc.rpart_OVERT,rpart,OVERT,26,1633.8141472501477
DS09,mc.rpart_OVERT,rpart,OVERT,27,1690.8176467486487
DS09,mc.rpart_OVERT,rpart,OVERT,28,1132.5177203131086
DS09,mc.rpart_OVERT,rpart,OVERT,29,2950.799045405162
DS09,mc.rpart_OVERT,rpart,OVERT,30,2244.85899553508
DS09,mc.rpart_OVERT,rpart,OVERT,31,1075.080266365147
DS09,mc.rpart_OVERT,rpart,OVERT,32,1650.5410999157355
DS09,mc.rpart_OVERT,rpart,OVERT,33,1562.26630983705
DS09,mc.rpart_OVERT,rpart,OVERT,34,1866.9549976907542
DS09,mc.rpart_OVERT,rpart,OVERT,35,1670.605451385479
DS09,mc.rpart_OVERT,rpart,OVERT,36,1980.7946709049777
DS09,mc.rpart_OVERT,rpart,OVERT,37,1986.5074797554976
DS09,mc.rpart_OVERT,rpart,OVERT,38,1219.4692505172666
DS09,mc.rpart_OVERT,rpart,OVERT,39,1487.978228819562
DS09,mc.rpart_OVERT,rpart,OVERT,40,1356.4405153257655
DS09,mc.rpart_OVERT,rpart,OVERT,41,1644.814439621193
DS09,mc.rpart_OVERT,rpart,OVERT,42,1970.4385757691452
DS09,mc.rpart_OVERT,rpart,OVERT,43,1802.156195402837
DS09,mc.rpart_OVERT,rpart,OVERT,44,1378.325544262982
DS09,mc.rpart_OVERT,rpart,OVERT,45,1791.4451112394945
DS09,mc.rpart_OVERT,rpart,OVERT,46,1505.4209444698906
DS09,mc.rpart_OVERT,rpart,OVERT,47,1114.2144127273207
DS09,mc.rpart_OVERT,rpart,OVERT,48,1557.7981800806922
DS09,mc.rpart_OVERT,rpart,OVERT,49,1880.4828145848085
DS09,mc.rpart_OVERT,rpart,OVERT,50,2197.669925993064
DS09,mc.rpart_SMOTEB,rpart,SMOTEB,1,821.0488060574763
DS09,mc.rpart_SMOTEB,rpart,SMOTEB,2,518.8168618972884
DS09,mc.rpart_SMOTEB,rpart,SMOTEB,3,1956.8081250712637
DS09,mc.rpart_SMOTEB,rpart,SMOTEB,4,2486.7280715661095
DS09,mc.rpart_SMOTEB,rpart,SMOTEB,5,1765.9958209607319
DS09,mc.rpart_SMOTEB,rpart,SMOTEB,6,1793.0851936996285
DS09,mc.rpart_SMOTEB,rpart,SMOTEB,7,1572.6921548885512
DS09,mc.rpart_SMOTEB,rpart,SMOTEB,8,2443.2444992685723
DS09,mc.rpart_SMOTEB,rpart,SMOTEB,9,1778.8529233512786
DS09,mc.rpart_SMOTEB,rpart,SMOTEB,10,1695.0780634539763
DS09,mc.rpart_SMOTEB,rpart,SMOTEB,11,1408.9781867283177
DS09,mc.rpart_SMOTEB,rpart,SMOTEB,12,1302.572129975897
DS09,mc.rpart_SMOTEB,rpart,SMOTEB,13,1489.554759356222
DS09,mc.rpart_SMOTEB,rpart,SMOTEB,14,1249.7480352676644
DS09,mc.rpart_SMOTEB,rpart,SMOTEB,15,1859.9191540823856
DS09,mc.rpart_SMOTEB,rpart,SMOTEB,16,2013.5273083457998
DS09,mc.rpart_SMOTEB,rpart,SMOTEB,17,2109.3014509837385
DS09,mc.rpart_SMOTEB,rpart,SMOTEB,18,1392.1743304648598
DS09,mc.rpart_SMOTEB,rpart,SMOTEB,19,1393.9706307280214
DS09,mc.rpart_SMOTEB,rpart,SMOTEB,20,1892.4447147729281
DS09,mc.rpart_SMOTEB,rpart,SMOTEB,21,1811.5623202814857
DS09,mc.rpart_SMOTEB,rpart,SMOTEB,22,1638.8087636630996
DS09,mc.rpart_SMOTEB,rpart,SMOTEB,23,1773.0532882259913
DS09,mc.rpart_SMOTEB,rpart,SMOTEB,24,2309.248055445224
DS09,mc.rpart_SMOTEB,rpart,SMOTEB,25,2036.8876908839943
DS09,mc.rpart_SMOTEB,rpart,SMOTEB,26,1283.1302964021204
DS09,mc.rpart_SMOTEB,rpart,SMOTEB,27,1564.6234767875221
DS09,mc.rpart_SMOTEB,rpart,SMOTEB,28,1344.018863026511
DS09,mc.rpart_SMOTEB,rpart,SMOTEB,29,1826.6753285826962
DS09,mc.rpart_SMOTEB,rpart,SMOTEB,30,1537.0193593281638
DS09,mc.rpart_SMOTEB,rpart,SMOTEB,31,1225.071382262747
DS09,mc.rpart_SMOTEB,rpart,SMOTEB,32,1201.296430435223
DS09,mc.rpart_SMOTEB,rpart,SMOTEB,33,1346.981933207756
DS09,mc.rpart_SMOTEB,rpart,SMOTEB,34,1848.6295869617268
DS09,mc.rpart_SMOTEB,rpart,SMOTEB,35,1287.8773610749547
DS09,mc.rpart_SMOTEB,rpart,SMOTEB,36,1324.7666253104487
DS09,mc.rpart_SMOTEB,rpart,SMOTEB,37,1480.9677432835083
DS09,mc.rpart_SMOTEB,rpart,SMOTEB,38,2007.9296414734192
DS09,mc.rpart_SMOTEB,rpart,SMOTEB,39,1303.328297239535
DS09,mc.rpart_SMOTEB,rpart,SMOTEB,40,1994.3523111136403
DS09,mc.rpart_SMOTEB,rpart,SMOTEB,41,1770.4863322866888
DS09,mc.rpart_SMOTEB,rpart,SMOTEB,42,1545.3585202227828
DS09,mc.rpart_SMOTEB,rpart,SMOTEB,43,1887.9398613377366
DS09,mc.rpart_SMOTEB,rpart,SMOTEB,44,2123.480149057068
DS09,mc.rpart_SMOTEB,rpart,SMOTEB,45,1721.3181248835588
DS09,mc.rpart_SMOTEB,rpart,SMOTEB,46,947.3233372293591
DS09,mc.rpart_SMOTEB,rpart,SMOTEB,47,1825.1866730263137
DS09,mc.rpart_SMOTEB,rpart,SMOTEB,48,1626.2970762739467
DS09,mc.rpart_SMOTEB,rpart,SMOTEB,49,1033.7781127457117
DS09,mc.rpart_SMOTEB,rpart,SMOTEB,50,1120.0893656437695
DS09,mc.rpart_SMOTETPhi,rpart,SMOTETPhi,1,653.9719924607645
DS09,mc.rpart_SMOTETPhi,rpart,SMOTETPhi,2,920.2017690794062
DS09,mc.rpart_SMOTETPhi,rpart,SMOTETPhi,3,2707.2300768962255
DS09,mc.rpart_SMOTETPhi,rpart,SMOTETPhi,4,2980.9345493415944
DS09,mc.rpart_SMOTETPhi,rpart,SMOTETPhi,5,1692.0034990076572
DS09,mc.rpart_SMOTETPhi,rpart,SMOTETPhi,6,2669.0390883845344
DS09,mc.rpart_SMOTETPhi,rpart,SMOTETPhi,7,2742.8930809843605
DS09,mc.rpart_SMOTETPhi,rpart,SMOTETPhi,8,1774.5447016490964
DS09,mc.rpart_SMOTETPhi,rpart,SMOTETPhi,9,1783.8276928006333
DS09,mc.rpart_SMOTETPhi,rpart,SMOTETPhi,10,1368.6253631925306
DS09,mc.rpart_SMOTETPhi,rpart,SMOTETPhi,11,1381.8410423957491
DS09,mc.rpart_SMOTETPhi,rpart,SMOTETPhi,12,1534.280021453767
DS09,mc.rpart_SMOTETPhi,rpart,SMOTETPhi,13,1703.9968110028587
DS09,mc.rpart_SMOTETPhi,rpart,SMOTETPhi,14,2037.6735727827154
DS09,mc.rpart_SMOTETPhi,rpart,SMOTETPhi,15,2451.959183751871
DS09,mc.rpart_SMOTETPhi,rpart,SMOTETPhi,16,2498.340751378132
DS09,mc.rpart_SMOTETPhi,rpart,SMOTETPhi,17,1771.2235641222057
DS09,mc.rpart_SMOTETPhi,rpart,SMOTETPhi,18,1608.5098950386637
DS09,mc.rpart_SMOTETPhi,rpart,SMOTETPhi,19,1769.3465460115242
DS09,mc.rpart_SMOTETPhi,rpart,SMOTETPhi,20,2963.386583067079
DS09,mc.rpart_SMOTETPhi,rpart,SMOTETPhi,21,1641.1756580775927
DS09,mc.rpart_SMOTETPhi,rpart,SMOTETPhi,22,1354.3131866599524
DS09,mc.rpart_SMOTETPhi,rpart,SMOTETPhi,23,3185.975486171693
DS09,mc.rpart_SMOTETPhi,rpart,SMOTETPhi,24,1956.4588644030373
DS09,mc.rpart_SMOTETPhi,rpart,SMOTETPhi,25,1973.6492842324446
DS09,mc.rpart_SMOTETPhi,rpart,SMOTETPhi,26,1198.5894210285933
DS09,mc.rpart_SMOTETPhi,rpart,SMOTETPhi,27,1592.212161975079
DS09,mc.rpart_SMOTETPhi,rpart,SMOTETPhi,28,1505.9443218913716
DS09,mc.rpart_SMOTETPhi,rpart,SMOTETPhi,29,1226.5055436954922
DS09,mc.rpart_SMOTETPhi,rpart,SMOTETPhi,30,2624.304974772952
DS09,mc.rpart_SMOTETPhi,rpart,SMOTETPhi,31,1324.7658288864395
DS09,mc.rpart_SMOTETPhi,rpart,SMOTETPhi,32,1753.9144508029192
DS09,mc.rpart_SMOTETPhi,rpart,SMOTETPhi,33,1823.2775251709031
DS09,mc.rpart_SMOTETPhi,rpart,SMOTETPhi,34,2172.4371549875514
DS09,mc.rpart_SMOTETPhi,rpart,SMOTETPhi,35,1811.7628634416985
DS09,mc.rpart_SMOTETPhi,rpart,SMOTETPhi,36,2310.4749627916776
DS09,mc.rpart_SMOTETPhi,rpart,SMOTETPhi,37,1358.0994656469156
DS09,mc.rpart_SMOTETPhi,rpart,SMOTETPhi,38,1730.834027243645
DS09,mc.rpart_SMOTETPhi,rpart,SMOTETPhi,39,2225.618640435738
DS09,mc.rpart_SMOTETPhi,rpart,SMOTETPhi,40,2107.3171076727344
DS09,mc.rpart_SMOTETPhi,rpart,SMOTETPhi,41,2101.4894885431486
DS09,mc.rpart_SMOTETPhi,rpart,SMOTETPhi,42,2073.1654456529145
DS09,mc.rpart_SMOTETPhi,rpart,SMOTETPhi,43,2973.52317373399
DS09,mc.rpart_SMOTETPhi,rpart,SMOTETPhi,44,2446.6089731311126
DS09,mc.rpart_SMOTETPhi,rpart,SMOTETPhi,45,2150.3768061674737
DS09,mc.rpart_SMOTETPhi,rpart,SMOTETPhi,46,1911.4262216351085
DS09,mc.rpart_SMOTETPhi,rpart,SMOTETPhi,47,1045.4068999685999
DS09,mc.rpart_SMOTETPhi,rpart,SMOTETPhi,48,1138.6847375291788
DS09,mc.rpart_SMOTETPhi,rpart,SMOTETPhi,49,1236.1361299499986
DS09,mc.rpart_SMOTETPhi,rpart,SMOTETPhi,50,1142.3704289416835
DS09,mc.rpart_SMOTET,rpart,SMOTET,1,592.4280678106628
DS09,mc.rpart_SMOTET,rpart,SMOTET,2,995.3324628324162
DS09,mc.rpart_SMOTET,rpart,SMOTET,3,3322.7353208710083
DS09,mc.rpart_SMOTET,rpart,SMOTET,4,2535.945930799105
DS09,mc.rpart_SMOTET,rpart,SMOTET,5,1832.898777244622
DS09,mc.rpart_SMOTET,rpart,SMOTET,6,1742.0676645178817
DS09,mc.rpart_SMOTET,rpart,SMOTET,7,1628.2997069816292
DS09,mc.rpart_SMOTET,rpart,SMOTET,8,1960.5557086100766
DS09,mc.rpart_SMOTET,rpart,SMOTET,9,2073.585464747756
DS09,mc.rpart_SMOTET,rpart,SMOTET,10,1941.717856204014
DS09,mc.rpart_SMOTET,rpart,SMOTET,11,1377.3195534764016
DS09,mc.rpart_SMOTET,rpart,SMOTET,12,1659.572563510596
DS09,mc.rpart_SMOTET,rpart,SMOTET,13,1535.7731313382496
DS09,mc.rpart_SMOTET,rpart,SMOTET,14,2150.181770052695
DS09,mc.rpart_SMOTET,rpart,SMOTET,15,2466.344347295214
DS09,mc.rpart_SMOTET,rpart,SMOTET,16,2518.964593512975
DS09,mc.rpart_SMOTET,rpart,SMOTET,17,2311.302302491195
DS09,mc.rpart_SMOTET,rpart,SMOTET,18,1938.2545219367262
DS09,mc.rpart_SMOTET,rpart,SMOTET,19,2130.5704615624954
DS09,mc.rpart_SMOTET,rpart,SMOTET,20,2852.1375406861785
DS09,mc.rpart_SMOTET,rpart,SMOTET,21,1813.1182638717676
DS09,mc.rpart_SMOTET,rpart,SMOTET,22,1661.1846843296069
DS09,mc.rpart_SMOTET,rpart,SMOTET,23,3238.367268888154
DS09,mc.rpart_SMOTET,rpart,SMOTET,24,2121.194120468882
DS09,mc.rpart_SMOTET,rpart,SMOTET,25,2001.6139490655862
DS09,mc.rpart_SMOTET,rpart,SMOTET,26,1348.0667683341642
DS09,mc.rpart_SMOTET,rpart,SMOTET,27,2605.051720379997
DS09,mc.rpart_SMOTET,rpart,SMOTET,28,1367.5645247328682
DS09,mc.rpart_SMOTET,rpart,SMOTET,29,1248.0130116855946
DS09,mc.rpart_SMOTET,rpart,SMOTET,30,2561.244396269487
DS09,mc.rpart_SMOTET,rpart,SMOTET,31,1321.5376926271915
DS09,mc.rpart_SMOTET,rpart,SMOTET,32,1872.3236661000294
DS09,mc.rpart_SMOTET,rpart,SMOTET,33,1645.2510985935828
DS09,mc.rpart_SMOTET,rpart,SMOTET,34,2092.7312289878946
DS09,mc.rpart_SMOTET,rpart,SMOTET,35,3153.7154742377625
DS09,mc.rpart_SMOTET,rpart,SMOTET,36,2141.66957429148
DS09,mc.rpart_SMOTET,rpart,SMOTET,37,1317.831486644453
DS09,mc.rpart_SMOTET,rpart,SMOTET,38,2784.209766355605
DS09,mc.rpart_SMOTET,rpart,SMOTET,39,1825.6217150403243
DS09,mc.rpart_SMOTET,rpart,SMOTET,40,2249.669014610749
DS09,mc.rpart_SMOTET,rpart,SMOTET,41,2156.631922610101
DS09,mc.rpart_SMOTET,rpart,SMOTET,42,1867.4285863693392
DS09,mc.rpart_SMOTET,rpart,SMOTET,43,3421.6589977173317
DS09,mc.rpart_SMOTET,rpart,SMOTET,44,2232.3594323207208
DS09,mc.rpart_SMOTET,rpart,SMOTET,45,2194.604098165881
DS09,mc.rpart_SMOTET,rpart,SMOTET,46,1790.433410688114
DS09,mc.rpart_SMOTET,rpart,SMOTET,47,1155.32617121527
DS09,mc.rpart_SMOTET,rpart,SMOTET,48,1468.6670559575498
DS09,mc.rpart_SMOTET,rpart,SMOTET,49,1381.3637904472162
DS09,mc.rpart_SMOTET,rpart,SMOTET,50,1528.031305834911
DS09,mc.rpart_UNDERB,rpart,UNDERB,1,366.9055768013245
DS09,mc.rpart_UNDERB,rpart,UNDERB,2,471.71104581652764
DS09,mc.rpart_UNDERB,rpart,UNDERB,3,1327.1194733831182
DS09,mc.rpart_UNDERB,rpart,UNDERB,4,1879.401137311243
DS09,mc.rpart_UNDERB,rpart,UNDERB,5,1166.741997802823
DS09,mc.rpart_UNDERB,rpart,UNDERB,6,1091.0062952223843
DS09,mc.rpart_UNDERB,rpart,UNDERB,7,1074.5645683122884
DS09,mc.rpart_UNDERB,rpart,UNDERB,8,1142.1548589194342
DS09,mc.rpart_UNDERB,rpart,UNDERB,9,1239.4118485644467
DS09,mc.rpart_UNDERB,rpart,UNDERB,10,1229.667127216061
DS09,mc.rpart_UNDERB,rpart,UNDERB,11,1214.1064840427664
DS09,mc.rpart_UNDERB,rpart,UNDERB,12,1214.4592603799538
DS09,mc.rpart_UNDERB,rpart,UNDERB,13,1004.2922759804321
DS09,mc.rpart_UNDERB,rpart,UNDERB,14,1116.185960445384
DS09,mc.rpart_UNDERB,rpart,UNDERB,15,1350.8771389896356
DS09,mc.rpart_UNDERB,rpart,UNDERB,16,1297.28747394879
DS09,mc.rpart_UNDERB,rpart,UNDERB,17,1052.4549572702936
DS09,mc.rpart_UNDERB,rpart,UNDERB,18,1459.49955257484
DS09,mc.rpart_UNDERB,rpart,UNDERB,19,1134.3376700435122
DS09,mc.rpart_UNDERB,rpart,UNDERB,20,1234.6920227760954
DS09,mc.rpart_UNDERB,rpart,UNDERB,21,1286.7535045184152
DS09,mc.rpart_UNDERB,rpart,UNDERB,22,1574.6901672172662
DS09,mc.rpart_UNDERB,rpart,UNDERB,23,1588.5351053584473
DS09,mc.rpart_UNDERB,rpart,UNDERB,24,3492.7516977305186
DS09,mc.rpart_UNDERB,rpart,UNDERB,25,1625.859861119533
DS09,mc.rpart_UNDERB,rpart,UNDERB,26,1130.306719869966
DS09,mc.rpart_UNDERB,rpart,UNDERB,27,1032.40583608807
DS09,mc.rpart_UNDERB,rpart,UNDERB,28,1113.183482170791
DS09,mc.rpart_UNDERB,rpart,UNDERB,29,1030.3756634219822
DS09,mc.rpart_UNDERB,rpart,UNDERB,30,1247.1559467828895
DS09,mc.rpart_UNDERB,rpart,UNDERB,31,1096.3388974468646
DS09,mc.rpart_UNDERB,rpart,UNDERB,32,1119.0382631180014
DS09,mc.rpart_UNDERB,rpart,UNDERB,33,1119.3643256259218
DS09,mc.rpart_UNDERB,rpart,UNDERB,34,1298.7849096124496
DS09,mc.rpart_UNDERB,rpart,UNDERB,35,1280.2639790199885
DS09,mc.rpart_UNDERB,rpart,UNDERB,36,1476.34648086686
DS09,mc.rpart_UNDERB,rpart,UNDERB,37,1608.0883939294251
DS09,mc.rpart_UNDERB,rpart,UNDERB,38,1501.4984019132894
DS09,mc.rpart_UNDERB,rpart,UNDERB,39,1658.625459315365
DS09,mc.rpart_UNDERB,rpart,UNDERB,40,1568.2869742052333
DS09,mc.rpart_UNDERB,rpart,UNDERB,41,1514.30589168614
DS09,mc.rpart_UNDERB,rpart,UNDERB,42,1385.9062798457076
DS09,mc.rpart_UNDERB,rpart,UNDERB,43,1673.100933258859
DS09,mc.rpart_UNDERB,rpart,UNDERB,44,1602.2897131833397
DS09,mc.rpart_UNDERB,rpart,UNDERB,45,1478.3458547759128
DS09,mc.rpart_UNDERB,rpart,UNDERB,46,1169.6073218905951
DS09,mc.rpart_UNDERB,rpart,UNDERB,47,1151.949464044635
DS09,mc.rpart_UNDERB,rpart,UNDERB,48,1168.7281378803837
DS09,mc.rpart_UNDERB,rpart,UNDERB,49,1184.6491705726633
DS09,mc.rpart_UNDERB,rpart,UNDERB,50,1335.3442262489345
DS09,mc.rpart_UNDERTPhi,rpart,UNDERTPhi,1,343.8304545858862
DS09,mc.rpart_UNDERTPhi,rpart,UNDERTPhi,2,380.0879190011665
DS09,mc.rpart_UNDERTPhi,rpart,UNDERTPhi,3,1355.9205084858145
DS09,mc.rpart_UNDERTPhi,rpart,UNDERTPhi,4,974.5585931757315
DS09,mc.rpart_UNDERTPhi,rpart,UNDERTPhi,5,995.3778534972746
DS09,mc.rpart_UNDERTPhi,rpart,UNDERTPhi,6,1059.8979798382072
DS09,mc.rpart_UNDERTPhi,rpart,UNDERTPhi,7,1032.3529907978798
DS09,mc.rpart_UNDERTPhi,rpart,UNDERTPhi,8,1092.8829563107138
DS09,mc.rpart_UNDERTPhi,rpart,UNDERTPhi,9,1164.2692236976916
DS09,mc.rpart_UNDERTPhi,rpart,UNDERTPhi,10,1131.2387948294656
DS09,mc.rpart_UNDERTPhi,rpart,UNDERTPhi,11,1010.1442674691756
DS09,mc.rpart_UNDERTPhi,rpart,UNDERTPhi,12,973.9878629329447
DS09,mc.rpart_UNDERTPhi,rpart,UNDERTPhi,13,1050.5332365091813
DS09,mc.rpart_UNDERTPhi,rpart,UNDERTPhi,14,1163.7703956693263
DS09,mc.rpart_UNDERTPhi,rpart,UNDERTPhi,15,1404.0713024317813
DS09,mc.rpart_UNDERTPhi,rpart,UNDERTPhi,16,1333.6717341458743
DS09,mc.rpart_UNDERTPhi,rpart,UNDERTPhi,17,1054.6665380821305
DS09,mc.rpart_UNDERTPhi,rpart,UNDERTPhi,18,1075.9759589212836
DS09,mc.rpart_UNDERTPhi,rpart,UNDERTPhi,19,1249.0228672853507
DS09,mc.rpart_UNDERTPhi,rpart,UNDERTPhi,20,1236.9021952329956
DS09,mc.rpart_UNDERTPhi,rpart,UNDERTPhi,21,1193.2332144880058
DS09,mc.rpart_UNDERTPhi,rpart,UNDERTPhi,22,1534.1949472237209
DS09,mc.rpart_UNDERTPhi,rpart,UNDERTPhi,23,1629.833763326714
DS09,mc.rpart_UNDERTPhi,rpart,UNDERTPhi,24,1741.5007762452562
DS09,mc.rpart_UNDERTPhi,rpart,UNDERTPhi,25,1749.6420882928214
DS09,mc.rpart_UNDERTPhi,rpart,UNDERTPhi,26,949.3057783410812
DS09,mc.rpart_UNDERTPhi,rpart,UNDERTPhi,27,1054.1009067300486
DS09,mc.rpart_UNDERTPhi,rpart,UNDERTPhi,28,1181.1051238778143
DS09,mc.rpart_UNDERTPhi,rpart,UNDERTPhi,29,1123.9432420050023
DS09,mc.rpart_UNDERTPhi,rpart,UNDERTPhi,30,1216.963838095154
DS09,mc.rpart_UNDERTPhi,rpart,UNDERTPhi,31,1144.1077338684604
DS09,mc.rpart_UNDERTPhi,rpart,UNDERTPhi,32,1214.6468656393747
DS09,mc.rpart_UNDERTPhi,rpart,UNDERTPhi,33,1105.023826629257
DS09,mc.rpart_UNDERTPhi,rpart,UNDERTPhi,34,1308.7934477168028
DS09,mc.rpart_UNDERTPhi,rpart,UNDERTPhi,35,1252.2775113798582
DS09,mc.rpart_UNDERTPhi,rpart,UNDERTPhi,36,1531.5047952378068
DS09,mc.rpart_UNDERTPhi,rpart,UNDERTPhi,37,1417.3406400554404
DS09,mc.rpart_UNDERTPhi,rpart,UNDERTPhi,38,1440.182530382694
DS09,mc.rpart_UNDERTPhi,rpart,UNDERTPhi,39,1526.1734057539536
DS09,mc.rpart_UNDERTPhi,rpart,UNDERTPhi,40,1510.6534163876845
DS09,mc.rpart_UNDERTPhi,rpart,UNDERTPhi,41,1566.7848097974666
DS09,mc.rpart_UNDERTPhi,rpart,UNDERTPhi,42,1518.2381048268887
DS09,mc.rpart_UNDERTPhi,rpart,UNDERTPhi,43,1546.5506265351212
DS09,mc.rpart_UNDERTPhi,rpart,UNDERTPhi,44,1542.5470478484033
DS09,mc.rpart_UNDERTPhi,rpart,UNDERTPhi,45,1649.7472252643822
DS09,mc.rpart_UNDERTPhi,rpart,UNDERTPhi,46,1154.1561492638123
DS09,mc.rpart_UNDERTPhi,rpart,UNDERTPhi,47,1166.6128501866585
DS09,mc.rpart_UNDERTPhi,rpart,UNDERTPhi,48,1235.8501434432171
DS09,mc.rpart_UNDERTPhi,rpart,UNDERTPhi,49,1220.7626856695003
DS09,mc.rpart_UNDERTPhi,rpart,UNDERTPhi,50,1344.7729461270123
DS09,mc.rpart_UNDERT,rpart,UNDERT,1,414.6341733748441
DS09,mc.rpart_UNDERT,rpart,UNDERT,2,385.57845978220894
DS09,mc.rpart_UNDERT,rpart,UNDERT,3,1383.1781126220371
DS09,mc.rpart_UNDERT,rpart,UNDERT,4,1166.8161881526191
DS09,mc.rpart_UNDERT,rpart,UNDERT,5,1138.1329298554995
DS09,mc.rpart_UNDERT,rpart,UNDERT,6,1102.362382143216
DS09,mc.rpart_UNDERT,rpart,UNDERT,7,1081.041835115074
DS09,mc.rpart_UNDERT,rpart,UNDERT,8,1163.2003058852372
DS09,mc.rpart_UNDERT,rpart,UNDERT,9,1264.0462006529099
DS09,mc.rpart_UNDERT,rpart,UNDERT,10,1228.386749983074
DS09,mc.rpart_UNDERT,rpart,UNDERT,11,1051.3861947832775
DS09,mc.rpart_UNDERT,rpart,UNDERT,12,1236.5369101112124
DS09,mc.rpart_UNDERT,rpart,UNDERT,13,1085.238881401397
DS09,mc.rpart_UNDERT,rpart,UNDERT,14,1149.947809642798
DS09,mc.rpart_UNDERT,rpart,UNDERT,15,1544.252369426541
DS09,mc.rpart_UNDERT,rpart,UNDERT,16,1419.2638130480009
DS09,mc.rpart_UNDERT,rpart,UNDERT,17,1529.307245726051
DS09,mc.rpart_UNDERT,rpart,UNDERT,18,1140.8697691365123
DS09,mc.rpart_UNDERT,rpart,UNDERT,19,1249.6081603740008
DS09,mc.rpart_UNDERT,rpart,UNDERT,20,1909.0338696431331
DS09,mc.rpart_UNDERT,rpart,UNDERT,21,1861.6281626539778
DS09,mc.rpart_UNDERT,rpart,UNDERT,22,1560.916732852575
DS09,mc.rpart_UNDERT,rpart,UNDERT,23,2534.7774137483425
DS09,mc.rpart_UNDERT,rpart,UNDERT,24,1550.668841078563
DS09,mc.rpart_UNDERT,rpart,UNDERT,25,1768.3862999954408
DS09,mc.rpart_UNDERT,rpart,UNDERT,26,1165.352836794757
DS09,mc.rpart_UNDERT,rpart,UNDERT,27,1094.4356066800594
DS09,mc.rpart_UNDERT,rpart,UNDERT,28,1049.4491393815524
DS09,mc.rpart_UNDERT,rpart,UNDERT,29,1091.2661059780244
DS09,mc.rpart_UNDERT,rpart,UNDERT,30,1140.73458123197
DS09,mc.rpart_UNDERT,rpart,UNDERT,31,1059.3072588864493
DS09,mc.rpart_UNDERT,rpart,UNDERT,32,1228.3638438909443
DS09,mc.rpart_UNDERT,rpart,UNDERT,33,1129.4636205728023
DS09,mc.rpart_UNDERT,rpart,UNDERT,34,1090.6429895612068
DS09,mc.rpart_UNDERT,rpart,UNDERT,35,1197.868302126122
DS09,mc.rpart_UNDERT,rpart,UNDERT,36,1446.282988568641
DS09,mc.rpart_UNDERT,rpart,UNDERT,37,1358.7793984593202
DS09,mc.rpart_UNDERT,rpart,UNDERT,38,1463.2126069078663
DS09,mc.rpart_UNDERT,rpart,UNDERT,39,1487.2944741759507
DS09,mc.rpart_UNDERT,rpart,UNDERT,40,1477.590867866396
DS09,mc.rpart_UNDERT,rpart,UNDERT,41,1627.0630915690663
DS09,mc.rpart_UNDERT,rpart,UNDERT,42,1430.917597737446
DS09,mc.rpart_UNDERT,rpart,UNDERT,43,1503.5275980671377
DS09,mc.rpart_UNDERT,rpart,UNDERT,44,1470.159923974459
DS09,mc.rpart_UNDERT,rpart,UNDERT,45,1558.5772504862343
DS09,mc.rpart_UNDERT,rpart,UNDERT,46,1169.4668207990478
DS09,mc.rpart_UNDERT,rpart,UNDERT,47,1141.6890112829535
DS09,mc.rpart_UNDERT,rpart,UNDERT,48,1234.8252442119483
DS09,mc.rpart_UNDERT,rpart,UNDERT,49,1268.7296251968446
DS09,mc.rpart_UNDERT,rpart,UNDERT,50,1243.7127583402632
DS09,mc.rpart,rpart,baseline,1,353.83251364274304
DS09,mc.rpart,rpart,baseline,2,355.73744204606135
DS09,mc.rpart,rpart,baseline,3,1374.49821284816
DS09,mc.rpart,rpart,baseline,4,1159.0182637587766
DS09,mc.rpart,rpart,baseline,5,1159.0797453334187
DS09,mc.rpart,rpart,baseline,6,1156.9851664818211
DS09,mc.rpart,rpart,baseline,7,1192.278246017132
DS09,mc.rpart,rpart,baseline,8,1217.322911543656
DS09,mc.rpart,rpart,baseline,9,1210.9397728433244
DS09,mc.rpart,rpart,baseline,10,1211.827100357277
DS09,mc.rpart,rpart,baseline,11,1226.225378171535
DS09,mc.rpart,rpart,baseline,12,1174.7887563625065
DS09,mc.rpart,rpart,baseline,13,1231.955142139188
DS09,mc.rpart,rpart,baseline,14,1245.486957792203
DS09,mc.rpart,rpart,baseline,15,1523.6178498754648
DS09,mc.rpart,rpart,baseline,16,1529.800699611699
DS09,mc.rpart,rpart,baseline,17,1253.284412695694
DS09,mc.rpart,rpart,baseline,18,1237.7623686627037
DS09,mc.rpart,rpart,baseline,19,1226.0243826381022
DS09,mc.rpart,rpart,baseline,20,1227.9374559582504
DS09,mc.rpart,rpart,baseline,21,1320.3718912590841
DS09,mc.rpart,rpart,baseline,22,1947.1338731109809
DS09,mc.rpart,rpart,baseline,23,1465.3609893945127
DS09,mc.rpart,rpart,baseline,24,1800.8776889534806
DS09,mc.rpart,rpart,baseline,25,1776.1550338456539
DS09,mc.rpart,rpart,baseline,26,1403.2798234969407
DS09,mc.rpart,rpart,baseline,27,1268.1882648503702
DS09,mc.rpart,rpart,baseline,28,1080.149240208304
DS09,mc.rpart,rpart,baseline,29,1125.5236827588085
DS09,mc.rpart,rpart,baseline,30,1100.2189496497106
DS09,mc.rpart,rpart,baseline,31,1050.434225275758
DS09,mc.rpart,rpart,baseline,32,1383.6813675595083
DS09,mc.rpart,rpart,baseline,33,1367.6404176653969
DS09,mc.rpart,rpart,baseline,34,1364.3499950325306
DS09,mc.rpart,rpart,baseline,35,1366.4712615566154
DS09,mc.rpart,rpart,baseline,36,1731.8559546331724
DS09,mc.rpart,rpart,baseline,37,1701.085934450986
DS09,mc.rpart,rpart,baseline,38,1647.1686442987739
DS09,mc.rpart,rpart,baseline,39,1722.0210173165656
DS09,mc.rpart,rpart,baseline,40,1724.6003705924588
DS09,mc.rpart,rpart,baseline,41,1729.2371691299657
DS09,mc.rpart,rpart,baseline,42,1733.1160588605899
DS09,mc.rpart,rpart,baseline,43,1722.6621973896815
DS09,mc.rpart,rpart,baseline,44,1716.9168208216756
DS09,mc.rpart,rpart,baseline,45,1718.084387891725
DS09,mc.rpart,rpart,baseline,46,1126.2965275734716
DS09,mc.rpart,rpart,baseline,47,1131.538170040596
DS09,mc.rpart,rpart,baseline,48,1140.3602530039934
DS09,mc.rpart,rpart,baseline,49,1137.5444127186486
DS09,mc.rpart,rpart,baseline,50,1026.5001683041235
DS09,mc.svm_OVERB,svm,OVERB,1,469.96947489445085
DS09,mc.svm_OVERB,svm,OVERB,2,410.69958384521203
DS09,mc.svm_OVERB,svm,OVERB,3,2403.319576675513
DS09,mc.svm_OVERB,svm,OVERB,4,1522.3761011842053
DS09,mc.svm_OVERB,svm,OVERB,5,1816.3346434758205
DS09,mc.svm_OVERB,svm,OVERB,6,1439.872334932908
DS09,mc.svm_OVERB,svm,OVERB,7,1879.4732644299722
DS09,mc.svm_OVERB,svm,OVERB,8,2177.5477846937174
DS09,mc.svm_OVERB,svm,OVERB,9,1893.4430402650164
DS09,mc.svm_OVERB,svm,OVERB,10,1891.6603310001146
DS09,mc.svm_OVERB,svm,OVERB,11,2367.8184182378445
DS09,mc.svm_OVERB,svm,OVERB,12,2018.957215438855
DS09,mc.svm_OVERB,svm,OVERB,13,2046.0589479251366
DS09,mc.svm_OVERB,svm,OVERB,14,1867.5690797669972
DS09,mc.svm_OVERB,svm,OVERB,15,2161.083289941601
DS09,mc.svm_OVERB,svm,OVERB,16,2536.1798917799497
DS09,mc.svm_OVERB,svm,OVERB,17,2226.948244098631
DS09,mc.svm_OVERB,svm,OVERB,18,1367.6212355923958
DS09,mc.svm_OVERB,svm,OVERB,19,1843.6971567673443
DS09,mc.svm_OVERB,svm,OVERB,20,1764.3661479409081
DS09,mc.svm_OVERB,svm,OVERB,21,1919.490034949538
DS09,mc.svm_OVERB,svm,OVERB,22,1618.3803194453105
DS09,mc.svm_OVERB,svm,OVERB,23,2807.9804248475584
DS09,mc.svm_OVERB,svm,OVERB,24,2499.2465796765387
DS09,mc.svm_OVERB,svm,OVERB,25,1790.042695758064
DS09,mc.svm_OVERB,svm,OVERB,26,2229.598650710458
DS09,mc.svm_OVERB,svm,OVERB,27,2675.221212871691
DS09,mc.svm_OVERB,svm,OVERB,28,1762.6598877143354
DS09,mc.svm_OVERB,svm,OVERB,29,2148.703291346383
DS09,mc.svm_OVERB,svm,OVERB,30,2652.708836788076
DS09,mc.svm_OVERB,svm,OVERB,31,2503.6283434663123
DS09,mc.svm_OVERB,svm,OVERB,32,2319.338505178734
DS09,mc.svm_OVERB,svm,OVERB,33,2064.619200308288
DS09,mc.svm_OVERB,svm,OVERB,34,2354.943359993564
DS09,mc.svm_OVERB,svm,OVERB,35,1969.392638598953
DS09,mc.svm_OVERB,svm,OVERB,36,2194.107707011097
DS09,mc.svm_OVERB,svm,OVERB,37,2417.2112813921117
DS09,mc.svm_OVERB,svm,OVERB,38,2031.343206355355
DS09,mc.svm_OVERB,svm,OVERB,39,2953.2927430161158
DS09,mc.svm_OVERB,svm,OVERB,40,2461.4902277157285
DS09,mc.svm_OVERB,svm,OVERB,41,2525.6142631938424
DS09,mc.svm_OVERB,svm,OVERB,42,2618.3610444225246
DS09,mc.svm_OVERB,svm,OVERB,43,3279.031020765669
DS09,mc.svm_OVERB,svm,OVERB,44,2662.1686044649737
DS09,mc.svm_OVERB,svm,OVERB,45,2172.227300315434
DS09,mc.svm_OVERB,svm,OVERB,46,2320.9735688220308
DS09,mc.svm_OVERB,svm,OVERB,47,1807.5166294748283
DS09,mc.svm_OVERB,svm,OVERB,48,1744.1328870114587
DS09,mc.svm_OVERB,svm,OVERB,49,1892.4939242520516
DS09,mc.svm_OVERB,svm,OVERB,50,2003.9893041920689
DS09,mc.svm_OVERTPhi,svm,OVERTPhi,1,416.2992339526876
DS09,mc.svm_OVERTPhi,svm,OVERTPhi,2,432.774723776714
DS09,mc.svm_OVERTPhi,svm,OVERTPhi,3,2462.903303853042
DS09,mc.svm_OVERTPhi,svm,OVERTPhi,4,1986.437759488728
DS09,mc.svm_OVERTPhi,svm,OVERTPhi,5,2613.0687214770846
DS09,mc.svm_OVERTPhi,svm,OVERTPhi,6,1771.6757786928533
DS09,mc.svm_OVERTPhi,svm,OVERTPhi,7,2355.54394158731
DS09,mc.svm_OVERTPhi,svm,OVERTPhi,8,2040.6960828660688
DS09,mc.svm_OVERTPhi,svm,OVERTPhi,9,2338.564780938032
DS09,mc.svm_OVERTPhi,svm,OVERTPhi,10,1977.6431878083183
DS09,mc.svm_OVERTPhi,svm,OVERTPhi,11,1786.3486953447302
DS09,mc.svm_OVERTPhi,svm,OVERTPhi,12,2274.0070132265014
DS09,mc.svm_OVERTPhi,svm,OVERTPhi,13,1978.0702246106657
DS09,mc.svm_OVERTPhi,svm,OVERTPhi,14,2465.2397084953022
DS09,mc.svm_OVERTPhi,svm,OVERTPhi,15,2572.567938496455
DS09,mc.svm_OVERTPhi,svm,OVERTPhi,16,2885.374503714177
DS09,mc.svm_OVERTPhi,svm,OVERTPhi,17,1856.756039828356
DS09,mc.svm_OVERTPhi,svm,OVERTPhi,18,1897.8848669986073
DS09,mc.svm_OVERTPhi,svm,OVERTPhi,19,2525.5869890262798
DS09,mc.svm_OVERTPhi,svm,OVERTPhi,20,3109.465974038331
DS09,mc.svm_OVERTPhi,svm,OVERTPhi,21,2061.720592622224
DS09,mc.svm_OVERTPhi,svm,OVERTPhi,22,1866.9792540818544
DS09,mc.svm_OVERTPhi,svm,OVERTPhi,23,2924.0364189676197
DS09,mc.svm_OVERTPhi,svm,OVERTPhi,24,2045.907859867183
DS09,mc.svm_OVERTPhi,svm,OVERTPhi,25,2903.846444708639
DS09,mc.svm_OVERTPhi,svm,OVERTPhi,26,1665.5853720527443
DS09,mc.svm_OVERTPhi,svm,OVERTPhi,27,2395.4667283871863
DS09,mc.svm_OVERTPhi,svm,OVERTPhi,28,2320.5635038426453
DS09,mc.svm_OVERTPhi,svm,OVERTPhi,29,2919.3111619758884
DS09,mc.svm_OVERTPhi,svm,OVERTPhi,30,2247.4915422582303
DS09,mc.svm_OVERTPhi,svm,OVERTPhi,31,2144.7710708377263
DS09,mc.svm_OVERTPhi,svm,OVERTPhi,32,2115.0842623839108
DS09,mc.svm_OVERTPhi,svm,OVERTPhi,33,2402.447517012569
DS09,mc.svm_OVERTPhi,svm,OVERTPhi,34,2861.085907176465
DS09,mc.svm_OVERTPhi,svm,OVERTPhi,35,2171.6977618697656
DS09,mc.svm_OVERTPhi,svm,OVERTPhi,36,2642.0384984213606
DS09,mc.svm_OVERTPhi,svm,OVERTPhi,37,2896.005971974341
DS09,mc.svm_OVERTPhi,svm,OVERTPhi,38,2746.0364407706093
DS09,mc.svm_OVERTPhi,svm,OVERTPhi,39,2295.531105335669
DS09,mc.svm_OVERTPhi,svm,OVERTPhi,40,2110.15634246769
DS09,mc.svm_OVERTPhi,svm,OVERTPhi,41,2896.942207273809
DS09,mc.svm_OVERTPhi,svm,OVERTPhi,42,2322.8903269238317
DS09,mc.svm_OVERTPhi,svm,OVERTPhi,43,2557.2015514434283
DS09,mc.svm_OVERTPhi,svm,OVERTPhi,44,2442.9029555770253
DS09,mc.svm_OVERTPhi,svm,OVERTPhi,45,2613.90807950909
DS09,mc.svm_OVERTPhi,svm,OVERTPhi,46,2902.4670449868518
DS09,mc.svm_OVERTPhi,svm,OVERTPhi,47,1670.8003505097163
DS09,mc.svm_OVERTPhi,svm,OVERTPhi,48,1751.9138896114353
DS09,mc.svm_OVERTPhi,svm,OVERTPhi,49,1986.3472632284584
DS09,mc.svm_OVERTPhi,svm,OVERTPhi,50,1741.1895432266156
DS09,mc.svm_OVERT,svm,OVERT,1,278.97932699784303
DS09,mc.svm_OVERT,svm,OVERT,2,404.37382566436656
DS09,mc.svm_OVERT,svm,OVERT,3,2217.7191042792047
DS09,mc.svm_OVERT,svm,OVERT,4,1833.4433377824294
DS09,mc.svm_OVERT,svm,OVERT,5,2270.3663507768565
DS09,mc.svm_OVERT,svm,OVERT,6,1912.009786771861
DS09,mc.svm_OVERT,svm,OVERT,7,2184.0325454950103
DS09,mc.svm_OVERT,svm,OVERT,8,1859.6237423318676
DS09,mc.svm_OVERT,svm,OVERT,9,2136.1232731422933
DS09,mc.svm_OVERT,svm,OVERT,10,2048.9079857816073
DS09,mc.svm_OVERT,svm,OVERT,11,1818.5619032928366
DS09,mc.svm_OVERT,svm,OVERT,12,2000.0881279334874
DS09,mc.svm_OVERT,svm,OVERT,13,2143.2904041678685
DS09,mc.svm_OVERT,svm,OVERT,14,2490.1490766932097
DS09,mc.svm_OVERT,svm,OVERT,15,2672.930268150976
DS09,mc.svm_OVERT,svm,OVERT,16,2761.3789998798566
DS09,mc.svm_OVERT,svm,OVERT,17,2230.5008602305634
DS09,mc.svm_OVERT,svm,OVERT,18,1916.4643705399121
DS09,mc.svm_OVERT,svm,OVERT,19,2251.1163497609614
DS09,mc.svm_OVERT,svm,OVERT,20,2820.445037439707
DS09,mc.svm_OVERT,svm,OVERT,21,2096.788148006866
DS09,mc.svm_OVERT,svm,OVERT,22,1917.483343221337
DS09,mc.svm_OVERT,svm,OVERT,23,2423.677727904854
DS09,mc.svm_OVERT,svm,OVERT,24,1978.5676331210325
DS09,mc.svm_OVERT,svm,OVERT,25,2650.4522265015617
DS09,mc.svm_OVERT,svm,OVERT,26,1712.9475715735975
DS09,mc.svm_OVERT,svm,OVERT,27,2473.116198834327
DS09,mc.svm_OVERT,svm,OVERT,28,2282.9948343790024
DS09,mc.svm_OVERT,svm,OVERT,29,3415.4235573959263
DS09,mc.svm_OVERT,svm,OVERT,30,2368.806792134554
DS09,mc.svm_OVERT,svm,OVERT,31,2125.964340982566
DS09,mc.svm_OVERT,svm,OVERT,32,1981.9415666940538
DS09,mc.svm_OVERT,svm,OVERT,33,2221.2750521253774
DS09,mc.svm_OVERT,svm,OVERT,34,2715.2158610949755
DS09,mc.svm_OVERT,svm,OVERT,35,2106.591334220516
DS09,mc.svm_OVERT,svm,OVERT,36,2643.5536401597765
DS09,mc.svm_OVERT,svm,OVERT,37,2443.0645907078915
DS09,mc.svm_OVERT,svm,OVERT,38,2904.9920836708143
DS09,mc.svm_OVERT,svm,OVERT,39,2493.3480625512275
DS09,mc.svm_OVERT,svm,OVERT,40,2363.5458609570665
DS09,mc.svm_OVERT,svm,OVERT,41,2508.487931132054
DS09,mc.svm_OVERT,svm,OVERT,42,2408.9378927809144
DS09,mc.svm_OVERT,svm,OVERT,43,2377.047514261325
DS09,mc.svm_OVERT,svm,OVERT,44,2234.53260424713
DS09,mc.svm_OVERT,svm,OVERT,45,2328.8252278342134
DS09,mc.svm_OVERT,svm,OVERT,46,2954.8643488999883
DS09,mc.svm_OVERT,svm,OVERT,47,1776.6040172294136
DS09,mc.svm_OVERT,svm,OVERT,48,1709.291320431694
DS09,mc.svm_OVERT,svm,OVERT,49,1980.8251444391049
DS09,mc.svm_OVERT,svm,OVERT,50,1787.8382756755466
DS09,mc.svm_SMOTEB,svm,SMOTEB,1,281.2923154987466
DS09,mc.svm_SMOTEB,svm,SMOTEB,2,307.33895180522546
DS09,mc.svm_SMOTEB,svm,SMOTEB,3,1957.6660493010668
DS09,mc.svm_SMOTEB,svm,SMOTEB,4,1301.5008548183378
DS09,mc.svm_SMOTEB,svm,SMOTEB,5,1520.4433329464052
DS09,mc.svm_SMOTEB,svm,SMOTEB,6,1600.7586793491407
DS09,mc.svm_SMOTEB,svm,SMOTEB,7,1558.2777080899928
DS09,mc.svm_SMOTEB,svm,SMOTEB,8,1864.8584899411067
DS09,mc.svm_SMOTEB,svm,SMOTEB,9,1771.7484423806477
DS09,mc.svm_SMOTEB,svm,SMOTEB,10,1766.2996424426144
DS09,mc.svm_SMOTEB,svm,SMOTEB,11,1391.8750583415647
DS09,mc.svm_SMOTEB,svm,SMOTEB,12,1827.5627940621196
DS09,mc.svm_SMOTEB,svm,SMOTEB,13,1924.0346021918585
DS09,mc.svm_SMOTEB,svm,SMOTEB,14,1789.5878052101616
DS09,mc.svm_SMOTEB,svm,SMOTEB,15,2305.4010822538585
DS09,mc.svm_SMOTEB,svm,SMOTEB,16,2194.9491249201174
DS09,mc.svm_SMOTEB,svm,SMOTEB,17,1722.814251717049
DS09,mc.svm_SMOTEB,svm,SMOTEB,18,1943.9453559332692
DS09,mc.svm_SMOTEB,svm,SMOTEB,19,1331.1151446578979
DS09,mc.svm_SMOTEB,svm,SMOTEB,20,1506.0223686565698
DS09,mc.svm_SMOTEB,svm,SMOTEB,21,1809.3363244094337
DS09,mc.svm_SMOTEB,svm,SMOTEB,22,1819.4663971338853
DS09,mc.svm_SMOTEB,svm,SMOTEB,23,1782.036911959259
DS09,mc.svm_SMOTEB,svm,SMOTEB,24,1811.8383624937717
DS09,mc.svm_SMOTEB,svm,SMOTEB,25,1884.097751113904
DS09,mc.svm_SMOTEB,svm,SMOTEB,26,1899.2190217898876
DS09,mc.svm_SMOTEB,svm,SMOTEB,27,1745.9385063159718
DS09,mc.svm_SMOTEB,svm,SMOTEB,28,1534.3415984744395
DS09,mc.svm_SMOTEB,svm,SMOTEB,29,1448.4822421559816
DS09,mc.svm_SMOTEB,svm,SMOTEB,30,1614.3090687988874
DS09,mc.svm_SMOTEB,svm,SMOTEB,31,1601.0523494315614
DS09,mc.svm_SMOTEB,svm,SMOTEB,32,1690.6172465106106
DS09,mc.svm_SMOTEB,svm,SMOTEB,33,2101.8110884743455
DS09,mc.svm_SMOTEB,svm,SMOTEB,34,1926.4448897793459
DS09,mc.svm_SMOTEB,svm,SMOTEB,35,1789.0634783148012
DS09,mc.svm_SMOTEB,svm,SMOTEB,36,2073.130479012207
DS09,mc.svm_SMOTEB,svm,SMOTEB,37,2126.2962700915336
DS09,mc.svm_SMOTEB,svm,SMOTEB,38,1987.763562994499
DS09,mc.svm_SMOTEB,svm,SMOTEB,39,2051.0815691826083
DS09,mc.svm_SMOTEB,svm,SMOTEB,40,1989.1334937664553
DS09,mc.svm_SMOTEB,svm,SMOTEB,41,2313.848436599445
DS09,mc.svm_SMOTEB,svm,SMOTEB,42,2350.4982333591
DS09,mc.svm_SMOTEB,svm,SMOTEB,43,2336.8136782021857
DS09,mc.svm_SMOTEB,svm,SMOTEB,44,2067.431587035461
DS09,mc.svm_SMOTEB,svm,SMOTEB,45,2693.55513188139
DS09,mc.svm_SMOTEB,svm,SMOTEB,46,1361.1687422100006
DS09,mc.svm_SMOTEB,svm,SMOTEB,47,1817.0635266286138
DS09,mc.svm_SMOTEB,svm,SMOTEB,48,1366.5591821741564
DS09,mc.svm_SMOTEB,svm,SMOTEB,49,1959.739870597626
DS09,mc.svm_SMOTEB,svm,SMOTEB,50,1279.1548747101465
DS09,mc.svm_SMOTETPhi,svm,SMOTETPhi,1,524.1450801479609
DS09,mc.svm_SMOTETPhi,svm,SMOTETPhi,2,577.616444209554
DS09,mc.svm_SMOTETPhi,svm,SMOTETPhi,3,3413.3043394816755
DS09,mc.svm_SMOTETPhi,svm,SMOTETPhi,4,3300.2706178898866
DS09,mc.svm_SMOTETPhi,svm,SMOTETPhi,5,2994.543284908606
DS09,mc.svm_SMOTETPhi,svm,SMOTETPhi,6,3376.3425406108963
DS09,mc.svm_SMOTETPhi,svm,SMOTETPhi,7,4955.523523150592
DS09,mc.svm_SMOTETPhi,svm,SMOTETPhi,8,3098.8322833264124
DS09,mc.svm_SMOTETPhi,svm,SMOTETPhi,9,4225.818874580383
DS09,mc.svm_SMOTETPhi,svm,SMOTETPhi,10,2963.292037892342
DS09,mc.svm_SMOTETPhi,svm,SMOTETPhi,11,3753.1644930315747
DS09,mc.svm_SMOTETPhi,svm,SMOTETPhi,12,4657.347604499551
DS09,mc.svm_SMOTETPhi,svm,SMOTETPhi,13,3874.5250893312837
DS09,mc.svm_SMOTETPhi,svm,SMOTETPhi,14,3852.9363597162414
DS09,mc.svm_SMOTETPhi,svm,SMOTETPhi,15,4052.2011993180463
DS09,mc.svm_SMOTETPhi,svm,SMOTETPhi,16,3552.906839976498
DS09,mc.svm_SMOTETPhi,svm,SMOTETPhi,17,3152.81708072672
DS09,mc.svm_SMOTETPhi,svm,SMOTETPhi,18,2774.957459272363
DS09,mc.svm_SMOTETPhi,svm,SMOTETPhi,19,3574.5665723785496
DS09,mc.svm_SMOTETPhi,svm,SMOTETPhi,20,3337.160781063128
DS09,mc.svm_SMOTETPhi,svm,SMOTETPhi,21,3297.199804834633
DS09,mc.svm_SMOTETPhi,svm,SMOTETPhi,22,3519.384914995812
DS09,mc.svm_SMOTETPhi,svm,SMOTETPhi,23,3061.166585823237
DS09,mc.svm_SMOTETPhi,svm,SMOTETPhi,24,4510.306351493187
DS09,mc.svm_SMOTETPhi,svm,SMOTETPhi,25,2385.4607443673935
DS09,mc.svm_SMOTETPhi,svm,SMOTETPhi,26,3056.24712968279
DS09,mc.svm_SMOTETPhi,svm,SMOTETPhi,27,3413.339761815601
DS09,mc.svm_SMOTETPhi,svm,SMOTETPhi,28,2692.0644219959095
DS09,mc.svm_SMOTETPhi,svm,SMOTETPhi,29,3502.5533259171193
DS09,mc.svm_SMOTETPhi,svm,SMOTETPhi,30,2365.1365642245855
DS09,mc.svm_SMOTETPhi,svm,SMOTETPhi,31,2133.7421236530454
DS09,mc.svm_SMOTETPhi,svm,SMOTETPhi,32,2415.976167338873
DS09,mc.svm_SMOTETPhi,svm,SMOTETPhi,33,2411.53331566753
DS09,mc.svm_SMOTETPhi,svm,SMOTETPhi,34,2948.892760875684
DS09,mc.svm_SMOTETPhi,svm,SMOTETPhi,35,2958.708080025693
DS09,mc.svm_SMOTETPhi,svm,SMOTETPhi,36,3382.574257720512
DS09,mc.svm_SMOTETPhi,svm,SMOTETPhi,37,2827.7737199542903
DS09,mc.svm_SMOTETPhi,svm,SMOTETPhi,38,2743.867725238433
DS09,mc.svm_SMOTETPhi,svm,SMOTETPhi,39,3770.5009218603714
DS09,mc.svm_SMOTETPhi,svm,SMOTETPhi,40,3962.2253874542544
DS09,mc.svm_SMOTETPhi,svm,SMOTETPhi,41,3670.5030573022855
DS09,mc.svm_SMOTETPhi,svm,SMOTETPhi,42,3671.5786217045043
DS09,mc.svm_SMOTETPhi,svm,SMOTETPhi,43,3673.1660660070083
DS09,mc.svm_SMOTETPhi,svm,SMOTETPhi,44,3597.8949498721863
DS09,mc.svm_SMOTETPhi,svm,SMOTETPhi,45,3625.936717230084
DS09,mc.svm_SMOTETPhi,svm,SMOTETPhi,46,2414.061464199857
DS09,mc.svm_SMOTETPhi,svm,SMOTETPhi,47,2247.7711902834785
DS09,mc.svm_SMOTETPhi,svm,SMOTETPhi,48,3248.25154520885
DS09,mc.svm_SMOTETPhi,svm,SMOTETPhi,49,2742.454142025841
DS09,mc.svm_SMOTETPhi,svm,SMOTETPhi,50,2394.930429530099
DS09,mc.svm_SMOTET,svm,SMOTET,1,542.8225725547386
DS09,mc.svm_SMOTET,svm,SMOTET,2,579.875576129883
DS09,mc.svm_SMOTET,svm,SMOTET,3,2939.4913491426423
DS09,mc.svm_SMOTET,svm,SMOTET,4,2906.0213666085706
DS09,mc.svm_SMOTET,svm,SMOTET,5,2529.790420378093
DS09,mc.svm_SMOTET,svm,SMOTET,6,3470.9008068043936
DS09,mc.svm_SMOTET,svm,SMOTET,7,4831.226992889112
DS09,mc.svm_SMOTET,svm,SMOTET,8,3507.8523062212357
DS09,mc.svm_SMOTET,svm,SMOTET,9,3969.9789374649563
DS09,mc.svm_SMOTET,svm,SMOTET,10,3335.7213595225794
DS09,mc.svm_SMOTET,svm,SMOTET,11,3441.8879030422236
DS09,mc.svm_SMOTET,svm,SMOTET,12,3606.8769116214835
DS09,mc.svm_SMOTET,svm,SMOTET,13,3142.0640694217377
DS09,mc.svm_SMOTET,svm,SMOTET,14,3499.6955947658053
DS09,mc.svm_SMOTET,svm,SMOTET,15,4187.560347800647
DS09,mc.svm_SMOTET,svm,SMOTET,16,3414.6902246294994
DS09,mc.svm_SMOTET,svm,SMOTET,17,3070.8005976159648
DS09,mc.svm_SMOTET,svm,SMOTET,18,2700.6706834039437
DS09,mc.svm_SMOTET,svm,SMOTET,19,3969.6335071143976
DS09,mc.svm_SMOTET,svm,SMOTET,20,3473.295886792263
DS09,mc.svm_SMOTET,svm,SMOTET,21,3134.332911613316
DS09,mc.svm_SMOTET,svm,SMOTET,22,3505.98181198202
DS09,mc.svm_SMOTET,svm,SMOTET,23,3023.744699530454
DS09,mc.svm_SMOTET,svm,SMOTET,24,4368.485748790226
DS09,mc.svm_SMOTET,svm,SMOTET,25,2347.587251628181
DS09,mc.svm_SMOTET,svm,SMOTET,26,3671.100029740054
DS09,mc.svm_SMOTET,svm,SMOTET,27,3240.7706851938988
DS09,mc.svm_SMOTET,svm,SMOTET,28,2199.429362859507
DS09,mc.svm_SMOTET,svm,SMOTET,29,2304.9772941731744
DS09,mc.svm_SMOTET,svm,SMOTET,30,2539.415947468054
DS09,mc.svm_SMOTET,svm,SMOTET,31,2143.9843370400877
DS09,mc.svm_SMOTET,svm,SMOTET,32,2335.4938649200867
DS09,mc.svm_SMOTET,svm,SMOTET,33,3277.6632849237735
DS09,mc.svm_SMOTET,svm,SMOTET,34,2979.826804576512
DS09,mc.svm_SMOTET,svm,SMOTET,35,3098.692979420583
DS09,mc.svm_SMOTET,svm,SMOTET,36,3228.8236517572905
DS09,mc.svm_SMOTET,svm,SMOTET,37,2834.634573416768
DS09,mc.svm_SMOTET,svm,SMOTET,38,2602.6077422885346
DS09,mc.svm_SMOTET,svm,SMOTET,39,3382.607979257629
DS09,mc.svm_SMOTET,svm,SMOTET,40,3823.5501607712476
DS09,mc.svm_SMOTET,svm,SMOTET,41,3624.1176902129405
DS09,mc.svm_SMOTET,svm,SMOTET,42,3644.9052706147377
DS09,mc.svm_SMOTET,svm,SMOTET,43,3291.389056363985
DS09,mc.svm_SMOTET,svm,SMOTET,44,3251.3938552653112
DS09,mc.svm_SMOTET,svm,SMOTET,45,3583.3174424467215
DS09,mc.svm_SMOTET,svm,SMOTET,46,2152.837395660508
DS09,mc.svm_SMOTET,svm,SMOTET,47,2501.117006859258
DS09,mc.svm_SMOTET,svm,SMOTET,48,3225.083613469532
DS09,mc.svm_SMOTET,svm,SMOTET,49,2547.5129690769827
DS09,mc.svm_SMOTET,svm,SMOTET,50,2575.4321768380623
DS09,mc.svm_UNDERB,svm,UNDERB,1,310.3140935824563
DS09,mc.svm_UNDERB,svm,UNDERB,2,321.45318712228897
DS09,mc.svm_UNDERB,svm,UNDERB,3,1750.5621396230417
DS09,mc.svm_UNDERB,svm,UNDERB,4,1500.1070000892364
DS09,mc.svm_UNDERB,svm,UNDERB,5,1872.8887717974667
DS09,mc.svm_UNDERB,svm,UNDERB,6,1437.3141579116898
DS09,mc.svm_UNDERB,svm,UNDERB,7,1728.2236364226476
DS09,mc.svm_UNDERB,svm,UNDERB,8,1842.798258575531
DS09,mc.svm_UNDERB,svm,UNDERB,9,1802.923267627576
DS09,mc.svm_UNDERB,svm,UNDERB,10,1538.8031681767436
DS09,mc.svm_UNDERB,svm,UNDERB,11,1894.7970989787677
DS09,mc.svm_UNDERB,svm,UNDERB,12,1660.3321476065564
DS09,mc.svm_UNDERB,svm,UNDERB,13,1721.2304800682064
DS09,mc.svm_UNDERB,svm,UNDERB,14,2031.6929437462584
DS09,mc.svm_UNDERB,svm,UNDERB,15,2074.1950372651595
DS09,mc.svm_UNDERB,svm,UNDERB,16,2103.6099259105117
DS09,mc.svm_UNDERB,svm,UNDERB,17,1724.1904068533797
DS09,mc.svm_UNDERB,svm,UNDERB,18,1722.2097793945156
DS09,mc.svm_UNDERB,svm,UNDERB,19,1754.8433827034291
DS09,mc.svm_UNDERB,svm,UNDERB,20,1717.182155635795
DS09,mc.svm_UNDERB,svm,UNDERB,21,1561.4102755991355
DS09,mc.svm_UNDERB,svm,UNDERB,22,1499.9841073845107
DS09,mc.svm_UNDERB,svm,UNDERB,23,1493.8487699168095
DS09,mc.svm_UNDERB,svm,UNDERB,24,1742.0086989042595
DS09,mc.svm_UNDERB,svm,UNDERB,25,1448.0596848499092
DS09,mc.svm_UNDERB,svm,UNDERB,26,1637.4882440700817
DS09,mc.svm_UNDERB,svm,UNDERB,27,1626.1189490708753
DS09,mc.svm_UNDERB,svm,UNDERB,28,1321.921180797198
DS09,mc.svm_UNDERB,svm,UNDERB,29,1559.8433680628434
DS09,mc.svm_UNDERB,svm,UNDERB,30,1241.669477203485
DS09,mc.svm_UNDERB,svm,UNDERB,31,1540.7823198500698
DS09,mc.svm_UNDERB,svm,UNDERB,32,1400.787276260701
DS09,mc.svm_UNDERB,svm,UNDERB,33,1675.8887033368562
DS09,mc.svm_UNDERB,svm,UNDERB,34,1701.9942626070251
DS09,mc.svm_UNDERB,svm,UNDERB,35,1581.316508707207
DS09,mc.svm_UNDERB,svm,UNDERB,36,2106.158537630874
DS09,mc.svm_UNDERB,svm,UNDERB,37,1784.5666091056298
DS09,mc.svm_UNDERB,svm,UNDERB,38,1661.914493375309
DS09,mc.svm_UNDERB,svm,UNDERB,39,1960.8064609151302
DS09,mc.svm_UNDERB,svm,UNDERB,40,1925.972256721834
DS09,mc.svm_UNDERB,svm,UNDERB,41,2013.8061020186192
DS09,mc.svm_UNDERB,svm,UNDERB,42,2041.9272177035473
DS09,mc.svm_UNDERB,svm,UNDERB,43,1896.0626740422003
DS09,mc.svm_UNDERB,svm,UNDERB,44,1993.0308805551879
DS09,mc.svm_UNDERB,svm,UNDERB,45,1816.5472911856132
DS09,mc.svm_UNDERB,svm,UNDERB,46,1299.318627444305
DS09,mc.svm_UNDERB,svm,UNDERB,47,1240.9262752267268
DS09,mc.svm_UNDERB,svm,UNDERB,48,1738.7072073276258
DS09,mc.svm_UNDERB,svm,UNDERB,49,1736.2341194299838
DS09,mc.svm_UNDERB,svm,UNDERB,50,1104.3042939284858
DS09,mc.svm_UNDERTPhi,svm,UNDERTPhi,1,310.90195844924244
DS09,mc.svm_UNDERTPhi,svm,UNDERTPhi,2,300.20699827331134
DS09,mc.svm_UNDERTPhi,svm,UNDERTPhi,3,1909.389937447641
DS09,mc.svm_UNDERTPhi,svm,UNDERTPhi,4,1462.029671937784
DS09,mc.svm_UNDERTPhi,svm,UNDERTPhi,5,1453.724635409153
DS09,mc.svm_UNDERTPhi,svm,UNDERTPhi,6,1449.5584484133838
DS09,mc.svm_UNDERTPhi,svm,UNDERTPhi,7,1762.4110996476138
DS09,mc.svm_UNDERTPhi,svm,UNDERTPhi,8,1645.244678619446
DS09,mc.svm_UNDERTPhi,svm,UNDERTPhi,9,1761.2699330736107
DS09,mc.svm_UNDERTPhi,svm,UNDERTPhi,10,1729.0240799777473
DS09,mc.svm_UNDERTPhi,svm,UNDERTPhi,11,1736.8351667302236
DS09,mc.svm_UNDERTPhi,svm,UNDERTPhi,12,1812.809184277457
DS09,mc.svm_UNDERTPhi,svm,UNDERTPhi,13,1822.0838721237874
DS09,mc.svm_UNDERTPhi,svm,UNDERTPhi,14,1813.499152738868
DS09,mc.svm_UNDERTPhi,svm,UNDERTPhi,15,2252.495518633989
DS09,mc.svm_UNDERTPhi,svm,UNDERTPhi,16,2215.53289934063
DS09,mc.svm_UNDERTPhi,svm,UNDERTPhi,17,1793.0445764637718
DS09,mc.svm_UNDERTPhi,svm,UNDERTPhi,18,1803.5182461168558
DS09,mc.svm_UNDERTPhi,svm,UNDERTPhi,19,1772.2236665867895
DS09,mc.svm_UNDERTPhi,svm,UNDERTPhi,20,1779.0275108352857
DS09,mc.svm_UNDERTPhi,svm,UNDERTPhi,21,1696.622994997763
DS09,mc.svm_UNDERTPhi,svm,UNDERTPhi,22,1722.0760462499904
DS09,mc.svm_UNDERTPhi,svm,UNDERTPhi,23,1691.1687263711503
DS09,mc.svm_UNDERTPhi,svm,UNDERTPhi,24,1682.3397768948334
DS09,mc.svm_UNDERTPhi,svm,UNDERTPhi,25,1531.9503686042026
DS09,mc.svm_UNDERTPhi,svm,UNDERTPhi,26,1515.4480643758511
DS09,mc.svm_UNDERTPhi,svm,UNDERTPhi,27,1642.7492029497914
DS09,mc.svm_UNDERTPhi,svm,UNDERTPhi,28,1417.6530765159798
DS09,mc.svm_UNDERTPhi,svm,UNDERTPhi,29,1526.629217668051
DS09,mc.svm_UNDERTPhi,svm,UNDERTPhi,30,1363.7117796727628
DS09,mc.svm_UNDERTPhi,svm,UNDERTPhi,31,1466.0301412084134
DS09,mc.svm_UNDERTPhi,svm,UNDERTPhi,32,1756.0474301779532
DS09,mc.svm_UNDERTPhi,svm,UNDERTPhi,33,1506.4785437339663
DS09,mc.svm_UNDERTPhi,svm,UNDERTPhi,34,1837.5979552471038
DS09,mc.svm_UNDERTPhi,svm,UNDERTPhi,35,1739.049020608464
DS09,mc.svm_UNDERTPhi,svm,UNDERTPhi,36,1788.4067022944662
DS09,mc.svm_UNDERTPhi,svm,UNDERTPhi,37,1936.5447402894433
DS09,mc.svm_UNDERTPhi,svm,UNDERTPhi,38,2004.777580435627
DS09,mc.svm_UNDERTPhi,svm,UNDERTPhi,39,1977.632231917409
DS09,mc.svm_UNDERTPhi,svm,UNDERTPhi,40,2134.956111265296
DS09,mc.svm_UNDERTPhi,svm,UNDERTPhi,41,1981.000601675742
DS09,mc.svm_UNDERTPhi,svm,UNDERTPhi,42,2289.5994386276247
DS09,mc.svm_UNDERTPhi,svm,UNDERTPhi,43,1979.49332946399
DS09,mc.svm_UNDERTPhi,svm,UNDERTPhi,44,1827.5933325327383
DS09,mc.svm_UNDERTPhi,svm,UNDERTPhi,45,2167.971957235814
DS09,mc.svm_UNDERTPhi,svm,UNDERTPhi,46,1640.1384024321549
DS09,mc.svm_UNDERTPhi,svm,UNDERTPhi,47,1541.7131846984223
DS09,mc.svm_UNDERTPhi,svm,UNDERTPhi,48,1783.9802716703355
DS09,mc.svm_UNDERTPhi,svm,UNDERTPhi,49,1707.8413303334055
DS09,mc.svm_UNDERTPhi,svm,UNDERTPhi,50,1324.5265679465372
DS09,mc.svm_UNDERT,svm,UNDERT,1,327.44282736198295
DS09,mc.svm_UNDERT,svm,UNDERT,2,293.9798130259463
DS09,mc.svm_UNDERT,svm,UNDERT,3,1913.5645463615422
DS09,mc.svm_UNDERT,svm,UNDERT,4,1435.581492687131
DS09,mc.svm_UNDERT,svm,UNDERT,5,1401.0372503787894
DS09,mc.svm_UNDERT,svm,UNDERT,6,1407.307879633682
DS09,mc.svm_UNDERT,svm,UNDERT,7,1700.8349041419353
DS09,mc.svm_UNDERT,svm,UNDERT,8,1819.0625853403478
DS09,mc.svm_UNDERT,svm,UNDERT,9,1788.4828717641294
DS09,mc.svm_UNDERT,svm,UNDERT,10,1611.3658346554946
DS09,mc.svm_UNDERT,svm,UNDERT,11,1660.8190326627587
DS09,mc.svm_UNDERT,svm,UNDERT,12,1715.133223398416
DS09,mc.svm_UNDERT,svm,UNDERT,13,1625.5648820970077
DS09,mc.svm_UNDERT,svm,UNDERT,14,1638.400524214273
DS09,mc.svm_UNDERT,svm,UNDERT,15,2106.4438528895175
DS09,mc.svm_UNDERT,svm,UNDERT,16,2137.907094927069
DS09,mc.svm_UNDERT,svm,UNDERT,17,1716.0508050554042
DS09,mc.svm_UNDERT,svm,UNDERT,18,1594.8915959497185
DS09,mc.svm_UNDERT,svm,UNDERT,19,1655.5306779520054
DS09,mc.svm_UNDERT,svm,UNDERT,20,1564.8371730855017
DS09,mc.svm_UNDERT,svm,UNDERT,21,1526.7281098484013
DS09,mc.svm_UNDERT,svm,UNDERT,22,1794.3874648234334
DS09,mc.svm_UNDERT,svm,UNDERT,23,1767.8033776017583
DS09,mc.svm_UNDERT,svm,UNDERT,24,1531.0350608307817
DS09,mc.svm_UNDERT,svm,UNDERT,25,1502.7003152852312
DS09,mc.svm_UNDERT,svm,UNDERT,26,1331.914953285275
DS09,mc.svm_UNDERT,svm,UNDERT,27,1654.1476416289881
DS09,mc.svm_UNDERT,svm,UNDERT,28,1428.390224290884
DS09,mc.svm_UNDERT,svm,UNDERT,29,1345.7684028493718
DS09,mc.svm_UNDERT,svm,UNDERT,30,1606.3379721046365
DS09,mc.svm_UNDERT,svm,UNDERT,31,1346.343981941267
DS09,mc.svm_UNDERT,svm,UNDERT,32,1576.8324474048495
DS09,mc.svm_UNDERT,svm,UNDERT,33,1633.1492042315756
DS09,mc.svm_UNDERT,svm,UNDERT,34,1616.939580428379
DS09,mc.svm_UNDERT,svm,UNDERT,35,1663.6141353964367
DS09,mc.svm_UNDERT,svm,UNDERT,36,1910.8039815424147
DS09,mc.svm_UNDERT,svm,UNDERT,37,1879.1984873897734
DS09,mc.svm_UNDERT,svm,UNDERT,38,1813.6069702438037
DS09,mc.svm_UNDERT,svm,UNDERT,39,2070.5971747348444
DS09,mc.svm_UNDERT,svm,UNDERT,40,1942.18549259426
DS09,mc.svm_UNDERT,svm,UNDERT,41,2174.928455075855
DS09,mc.svm_UNDERT,svm,UNDERT,42,1890.637363839595
DS09,mc.svm_UNDERT,svm,UNDERT,43,2244.248088731021
DS09,mc.svm_UNDERT,svm,UNDERT,44,1835.3471411044538
DS09,mc.svm_UNDERT,svm,UNDERT,45,1973.1534493792735
DS09,mc.svm_UNDERT,svm,UNDERT,46,1713.3037323685867
DS09,mc.svm_UNDERT,svm,UNDERT,47,1617.6060507699754
DS09,mc.svm_UNDERT,svm,UNDERT,48,1429.0823565369742
DS09,mc.svm_UNDERT,svm,UNDERT,49,1637.9901863737675
DS09,mc.svm_UNDERT,svm,UNDERT,50,1180.6829576519046
DS09,mc.svm,svm,baseline,1,293.8422740837318
DS09,mc.svm,svm,baseline,2,295.95088805562807
DS09,mc.svm,svm,baseline,3,1611.5773645244565
DS09,mc.svm,svm,baseline,4,1425.168316864528
DS09,mc.svm,svm,baseline,5,1428.29091624633
DS09,mc.svm,svm,baseline,6,1424.8814800282141
DS09,mc.svm,svm,baseline,7,1569.7949741083437
DS09,mc.svm,svm,baseline,8,1584.2587648412118
DS09,mc.svm,svm,baseline,9,1570.7628625432221
DS09,mc.svm,svm,baseline,10,1513.2255353790827
DS09,mc.svm,svm,baseline,11,1521.5997670575277
DS09,mc.svm,svm,baseline,12,1527.274266114508
DS09,mc.svm,svm,baseline,13,1575.7514477490529
DS09,mc.svm,svm,baseline,14,1686.930281687358
DS09,mc.svm,svm,baseline,15,2065.3466101822205
DS09,mc.svm,svm,baseline,16,2061.371024939587
DS09,mc.svm,svm,baseline,17,1665.1502957856565
DS09,mc.svm,svm,baseline,18,1648.4046740996741
DS09,mc.svm,svm,baseline,19,1631.7017709455038
DS09,mc.svm,svm,baseline,20,1579.9767527403164
DS09,mc.svm,svm,baseline,21,1531.8101114101976
DS09,mc.svm,svm,baseline,22,1521.0570379046826
DS09,mc.svm,svm,baseline,23,1732.4795871258427
DS09,mc.svm,svm,baseline,24,1744.9044664971705
DS09,mc.svm,svm,baseline,25,1595.583624071367
DS09,mc.svm,svm,baseline,26,1406.1236934778003
DS09,mc.svm,svm,baseline,27,1411.717264594683
DS09,mc.svm,svm,baseline,28,1206.6102469045
DS09,mc.svm,svm,baseline,29,1225.5205065636308
DS09,mc.svm,svm,baseline,30,1227.9734494341794
DS09,mc.svm,svm,baseline,31,1252.7813466133332
DS09,mc.svm,svm,baseline,32,1298.9773287222185
DS09,mc.svm,svm,baseline,33,1294.9863044690858
DS09,mc.svm,svm,baseline,34,1266.1818194985947
DS09,mc.svm,svm,baseline,35,1329.8912896168283
DS09,mc.svm,svm,baseline,36,1675.7291270095814
DS09,mc.svm,svm,baseline,37,1647.898131264896
DS09,mc.svm,svm,baseline,38,1607.3195077494493
DS09,mc.svm,svm,baseline,39,1675.7266316320931
DS09,mc.svm,svm,baseline,40,1675.8695064096885
DS09,mc.svm,svm,baseline,41,1706.5730107534112
DS09,mc.svm,svm,baseline,42,1699.8276039538118
DS09,mc.svm,svm,baseline,43,1705.635249470607
DS09,mc.svm,svm,baseline,44,1698.997395625431
DS09,mc.svm,svm,baseline,45,1692.887933888279
DS09,mc.svm,svm,baseline,46,1299.2340853041833
DS09,mc.svm,svm,baseline,47,1325.4187582574773
DS09,mc.svm,svm,baseline,48,1335.9679263667438
DS09,mc.svm,svm,baseline,49,1346.9292561030554
DS09,mc.svm,svm,baseline,50,906.9822670777088
