dataset_id,workflow,model_family,strategy,iteration,sera
DS10,mc.BDES,BDES,baseline,1,607.6589367266341
DS10,mc.BDES,BDES,baseline,2,605.6628022731963
DS10,mc.BDES,BDES,baseline,3,609.6889928181984
DS10,mc.BDES,BDES,baseline,4,619.1654973968025
DS10,mc.BDES,BDES,baseline,5,620.7237485712086
DS10,mc.BDES,BDES,baseline,6,681.280068085749
DS10,mc.BDES,BDES,baseline,7,686.5544186471069
DS10,mc.BDES,BDES,baseline,8,705.0014944091185
DS10,mc.BDES,BDES,baseline,9,716.1091888226674
DS10,mc.BDES,BDES,baseline,10,710.5420924535192
DS10,mc.BDES,BDES,baseline,11,708.3613352780159
DS10,mc.BDES,BDES,baseline,12,703.2751352906564
DS10,mc.BDES,BDES,baseline,13,705.7950191729052
DS10,mc.BDES,BDES,baseline,14,705.6140382974536
DS10,mc.BDES,BDES,baseline,15,718.2634198650128
DS10,mc.BDES,BDES,baseline,16,723.9871577351532
DS10,mc.BDES,BDES,baseline,17,712.2255531611529
DS10,mc.BDES,BDES,baseline,18,719.5440166167663
DS10,mc.BDES,BDES,baseline,19,727.18283554406
DS10,mc.BDES,BDES,baseline,20,717.3983789438097
DS10,mc.BDES,BDES,baseline,21,697.2333272290679
DS10,mc.BDES,BDES,baseline,22,685.29365223236
DS10,mc.BDES,BDES,baseline,23,685.6216464374469
DS10,mc.BDES,BDES,baseline,24,658.4659932075112
DS10,mc.BDES,BDES,baseline,25,683.3556853607345
DS10,mc.BDES,BDES,baseline,26,680.5811978114375
DS10,mc.BDES,BDES,baseline,27,725.4344006206023
DS10,mc.BDES,BDES,baseline,28,682.8367974333079
DS10,mc.BDES,BDES,baseline,29,689.7024746334546
DS10,mc.BDES,BDES,baseline,30,690.3391748357091
DS10,mc.BDES,BDES,baseline,31,690.6131475845733
DS10,mc.BDES,BDES,baseline,32,696.5149493795867
DS10,mc.BDES,BDES,baseline,33,678.8907730163776
DS10,mc.BDES,BDES,baseline,34,701.0340604221228
DS10,mc.BDES,BDES,baseline,35,696.9770962495952
DS10,mc.BDES,BDES,baseline,36,707.607394650794
DS10,mc.BDES,BDES,baseline,37,679.9325283414553
DS10,mc.BDES,BDES,baseline,38,699.560236460936
DS10,mc.BDES,BDES,baseline,39,650.6902001031569
DS10,mc.BDES,BDES,baseline,40,650.5667440432442
DS10,mc.BDES,BDES,baseline,41,618.4229632303441
DS10,mc.BDES,BDES,baseline,42,615.8845431169002
DS10,mc.BDES,BDES,baseline,43,625.2108133466508
DS10,mc.BDES,BDES,baseline,44,679.481124611269
DS10,mc.BDES,BDES,baseline,45,653.7118262613632
DS10,mc.BDES,BDES,baseline,46,650.7241286007081
DS10,mc.BDES,BDES,baseline,47,645.7178284703263
DS10,mc.BDES,BDES,baseline,48,643.1517580091868
DS10,mc.BDES,BDES,baseline,49,628.4808203178884
DS10,mc.BDES,BDES,baseline,50,632.168648156048
DS10,mc.arima,arima,baseline,1,535.2848334139358
DS10,mc.arima,arima,baseline,2,553.010601742941
DS10,mc.arima,arima,baseline,3,560.1711282395145
DS10,mc.arima,arima,baseline,4,560.3647042898136
DS10,mc.arima,arima,baseline,5,567.3760759983074
DS10,mc.arima,arima,baseline,6,611.1102556697668
DS10,mc.arima,arima,baseline,7,600.0635576745324
DS10,mc.arima,arima,baseline,8,627.8614427067563
DS10,mc.arima,arima,baseline,9,626.138038435951
DS10,mc.arima,arima,baseline,10,626.6386538836998
DS10,mc.arima,arima,baseline,11,622.1543576107695
DS10,mc.arima,arima,baseline,12,619.278639737187
DS10,mc.arima,arima,baseline,13,614.1739442167412
DS10,mc.arima,arima,baseline,14,618.7168272491697
DS10,mc.arima,arima,baseline,15,623.6167333572428
DS10,mc.arima,arima,baseline,16,621.2649925608195
DS10,mc.arima,arima,baseline,17,616.2586151311175
DS10,mc.arima,arima,baseline,18,628.7093285642047
DS10,mc.arima,arima,baseline,19,609.6674928278416
DS10,mc.arima,arima,baseline,20,611.5826136788148
DS10,mc.arima,arima,baseline,21,587.542592262856
DS10,mc.arima,arima,baseline,22,581.678052108315
DS10,mc.arima,arima,baseline,23,575.389582775075
DS10,mc.arima,arima,baseline,24,549.2235292494126
DS10,mc.arima,arima,baseline,25,585.7240176149791
DS10,mc.arima,arima,baseline,26,589.8684995921117
DS10,mc.arima,arima,baseline,27,645.5332776881704
DS10,mc.arima,arima,baseline,28,616.0990177184018
DS10,mc.arima,arima,baseline,29,617.953819119077
DS10,mc.arima,arima,baseline,30,626.727151988089
DS10,mc.arima,arima,baseline,31,629.3994216407731
DS10,mc.arima,arima,baseline,32,626.4568937680579
DS10,mc.arima,arima,baseline,33,613.8908925431988
DS10,mc.arima,arima,baseline,34,620.8278596093169
DS10,mc.arima,arima,baseline,35,622.7534945526181
DS10,mc.arima,arima,baseline,36,634.8677849065855
DS10,mc.arima,arima,baseline,37,628.3831333024946
DS10,mc.arima,arima,baseline,38,628.1337721645027
DS10,mc.arima,arima,baseline,39,598.5476970864325
DS10,mc.arima,arima,baseline,40,597.0759066316278
DS10,mc.arima,arima,baseline,41,577.8913448131173
DS10,mc.arima,arima,baseline,42,579.3753530830364
DS10,mc.arima,arima,baseline,43,568.9920755843204
DS10,mc.arima,arima,baseline,44,613.2685878767736
DS10,mc.arima,arima,baseline,45,582.6988435766073
DS10,mc.arima,arima,baseline,46,577.6508723832127
DS10,mc.arima,arima,baseline,47,584.999759998339
DS10,mc.arima,arima,baseline,48,580.5457113445505
DS10,mc.arima,arima,baseline,49,574.5313689361658
DS10,mc.arima,arima,baseline,50,576.7336680014062
DS10,mc.lm_OVERB,lm,OVERB,1,217.6101934705009
DS10,mc.lm_OVERB,lm,OVERB,2,215.39090185342582
DS10,mc.lm_OVERB,lm,OVERB,3,225.39301281118009
DS10,mc.lm_OVERB,lm,OVERB,4,218.84374304549334
DS10,mc.lm_OVERB,lm,OVERB,5,224.55306885376206
DS10,mc.lm_OVERB,lm,OVERB,6,236.30050236762224
DS10,mc.lm_OVERB,lm,OVERB,7,241.21567423493556
DS10,mc.lm_OVERB,lm,OVERB,8,240.76568714995247
DS10,mc.lm_OVERB,lm,OVERB,9,240.7876086850776
DS10,mc.lm_OVERB,lm,OVERB,10,242.45462609958554
DS10,mc.lm_OVERB,lm,OVERB,11,228.0774355726096
DS10,mc.lm_OVERB,lm,OVERB,12,241.20061862283373
DS10,mc.lm_OVERB,lm,OVERB,13,245.18371062743682
DS10,mc.lm_OVERB,lm,OVERB,14,230.39072196233684
DS10,mc.lm_OVERB,lm,OVERB,15,233.43965735808757
DS10,mc.lm_OVERB,lm,OVERB,16,231.69935834385026
DS10,mc.lm_OVERB,lm,OVERB,17,215.896979795393
DS10,mc.lm_OVERB,lm,OVERB,18,233.18773103298653
DS10,mc.lm_OVERB,lm,OVERB,19,228.8220637105966
DS10,mc.lm_OVERB,lm,OVERB,20,224.69064430097188
DS10,mc.lm_OVERB,lm,OVERB,21,224.0177516877025
DS10,mc.lm_OVERB,lm,OVERB,22,227.81087036500688
DS10,mc.lm_OVERB,lm,OVERB,23,226.8988944991591
DS10,mc.lm_OVERB,lm,OVERB,24,219.2603452647982
DS10,mc.lm_OVERB,lm,OVERB,25,239.53002712149166
DS10,mc.lm_OVERB,lm,OVERB,26,249.37715321818777
DS10,mc.lm_OVERB,lm,OVERB,27,254.02687864575424
DS10,mc.lm_OVERB,lm,OVERB,28,269.91345407142137
DS10,mc.lm_OVERB,lm,OVERB,29,264.09079709252717
DS10,mc.lm_OVERB,lm,OVERB,30,269.4570106222
DS10,mc.lm_OVERB,lm,OVERB,31,274.5056065071228
DS10,mc.lm_OVERB,lm,OVERB,32,266.6014630215735
DS10,mc.lm_OVERB,lm,OVERB,33,260.7518508830044
DS10,mc.lm_OVERB,lm,OVERB,34,259.61156274654235
DS10,mc.lm_OVERB,lm,OVERB,35,265.1676938645906
DS10,mc.lm_OVERB,lm,OVERB,36,257.69909455899443
DS10,mc.lm_OVERB,lm,OVERB,37,267.0358933880425
DS10,mc.lm_OVERB,lm,OVERB,38,283.1859079818249
DS10,mc.lm_OVERB,lm,OVERB,39,239.29752871356862
DS10,mc.lm_OVERB,lm,OVERB,40,252.91635923464295
DS10,mc.lm_OVERB,lm,OVERB,41,252.42159592148917
DS10,mc.lm_OVERB,lm,OVERB,42,257.9749758405019
DS10,mc.lm_OVERB,lm,OVERB,43,252.0291926633853
DS10,mc.lm_OVERB,lm,OVERB,44,242.3082174395221
DS10,mc.lm_OVERB,lm,OVERB,45,254.73998175853717
DS10,mc.lm_OVERB,lm,OVERB,46,253.1246988639414
DS10,mc.lm_OVERB,lm,OVERB,47,325.03373604935194
DS10,mc.lm_OVERB,lm,OVERB,48,317.9351164667703
DS10,mc.lm_OVERB,lm,OVERB,49,322.8879618762153
DS10,mc.lm_OVERB,lm,OVERB,50,321.80156112851944
DS10,mc.lm_OVERTPhi,lm,OVERTPhi,1,208.10702807387304
DS10,mc.lm_OVERTPhi,lm,OVERTPhi,2,235.31372542712842
DS10,mc.lm_OVERTPhi,lm,OVERTPhi,3,231.13450156959163
DS10,mc.lm_OVERTPhi,lm,OVERTPhi,4,213.09508211949964
DS10,mc.lm_OVERTPhi,lm,OVERTPhi,5,242.28355412110048
DS10,mc.lm_OVERTPhi,lm,OVERTPhi,6,248.0068286869228
DS10,mc.lm_OVERTPhi,lm,OVERTPhi,7,288.0072900498795
DS10,mc.lm_OVERTPhi,lm,OVERTPhi,8,294.17097739838175
DS10,mc.lm_OVERTPhi,lm,OVERTPhi,9,273.6055531987937
DS10,mc.lm_OVERTPhi,lm,OVERTPhi,10,288.1669841552354
DS10,mc.lm_OVERTPhi,lm,OVERTPhi,11,292.1798223869348
DS10,mc.lm_OVERTPhi,lm,OVERTPhi,12,294.2549829209706
DS10,mc.lm_OVERTPhi,lm,OVERTPhi,13,278.2573099477181
DS10,mc.lm_OVERTPhi,lm,OVERTPhi,14,288.87512691816687
DS10,mc.lm_OVERTPhi,lm,OVERTPhi,15,272.0889659172291
DS10,mc.lm_OVERTPhi,lm,OVERTPhi,16,280.6579344901642
DS10,mc.lm_OVERTPhi,lm,OVERTPhi,17,288.41520211972306
DS10,mc.lm_OVERTPhi,lm,OVERTPhi,18,283.67472024918527
DS10,mc.lm_OVERTPhi,lm,OVERTPhi,19,281.98763619692
DS10,mc.lm_OVERTPhi,lm,OVERTPhi,20,278.6353283430991
DS10,mc.lm_OVERTPhi,lm,OVERTPhi,21,295.0932925499867
DS10,mc.lm_OVERTPhi,lm,OVERTPhi,22,284.5872968745019
DS10,mc.lm_OVERTPhi,lm,OVERTPhi,23,285.8526527293187
DS10,mc.lm_OVERTPhi,lm,OVERTPhi,24,293.33589856557234
DS10,mc.lm_OVERTPhi,lm,OVERTPhi,25,335.15600986229254
DS10,mc.lm_OVERTPhi,lm,OVERTPhi,26,320.3822928574608
DS10,mc.lm_OVERTPhi,lm,OVERTPhi,27,344.8054480785016
DS10,mc.lm_OVERTPhi,lm,OVERTPhi,28,342.85103949926315
DS10,mc.lm_OVERTPhi,lm,OVERTPhi,29,334.12609400038014
DS10,mc.lm_OVERTPhi,lm,OVERTPhi,30,350.0504724226621
DS10,mc.lm_OVERTPhi,lm,OVERTPhi,31,355.7570504318001
DS10,mc.lm_OVERTPhi,lm,OVERTPhi,32,342.9730934846646
DS10,mc.lm_OVERTPhi,lm,OVERTPhi,33,323.6370270932906
DS10,mc.lm_OVERTPhi,lm,OVERTPhi,34,342.79608581411685
DS10,mc.lm_OVERTPhi,lm,OVERTPhi,35,331.11730626130725
DS10,mc.lm_OVERTPhi,lm,OVERTPhi,36,329.1745906410615
DS10,mc.lm_OVERTPhi,lm,OVERTPhi,37,335.3858486647463
DS10,mc.lm_OVERTPhi,lm,OVERTPhi,38,347.4158087404627
DS10,mc.lm_OVERTPhi,lm,OVERTPhi,39,278.74438591226203
DS10,mc.lm_OVERTPhi,lm,OVERTPhi,40,282.3581524114376
DS10,mc.lm_OVERTPhi,lm,OVERTPhi,41,286.83567107595263
DS10,mc.lm_OVERTPhi,lm,OVERTPhi,42,288.8775680804208
DS10,mc.lm_OVERTPhi,lm,OVERTPhi,43,297.8454332258526
DS10,mc.lm_OVERTPhi,lm,OVERTPhi,44,300.90414339582344
DS10,mc.lm_OVERTPhi,lm,OVERTPhi,45,304.680134806188
DS10,mc.lm_OVERTPhi,lm,OVERTPhi,46,300.18642733499576
DS10,mc.lm_OVERTPhi,lm,OVERTPhi,47,316.84419969743215
DS10,mc.lm_OVERTPhi,lm,OVERTPhi,48,329.09174723169383
DS10,mc.lm_OVERTPhi,lm,OVERTPhi,49,325.2639763072047
DS10,mc.lm_OVERTPhi,lm,OVERTPhi,50,316.25957666430395
DS10,mc.lm_OVERT,lm,OVERT,1,208.10702807387304
DS10,mc.lm_OVERT,lm,OVERT,2,235.31372542712842
DS10,mc.lm_OVERT,lm,OVERT,3,231.13450156959163
DS10,mc.lm_OVERT,lm,OVERT,4,213.09508211949964
DS10,mc.lm_OVERT,lm,OVERT,5,242.28355412110048
DS10,mc.lm_OVERT,lm,OVERT,6,248.0068286869228
DS10,mc.lm_OVERT,lm,OVERT,7,288.0072900498795
DS10,mc.lm_OVERT,lm,OVERT,8,294.17097739838175
DS10,mc.lm_OVERT,lm,OVERT,9,273.6055531987937
DS10,mc.lm_OVERT,lm,OVERT,10,288.1669841552354
DS10,mc.lm_OVERT,lm,OVERT,11,292.1798223869348
DS10,mc.lm_OVERT,lm,OVERT,12,294.2549829209706
DS10,mc.lm_OVERT,lm,OVERT,13,278.2573099477181
DS10,mc.lm_OVERT,lm,OVERT,14,288.87512691816687
DS10,mc.lm_OVERT,lm,OVERT,15,272.0889659172291
DS10,mc.lm_OVERT,lm,OVERT,16,280.6579344901642
DS10,mc.lm_OVERT,lm,OVERT,17,288.41520211972306
DS10,mc.lm_OVERT,lm,OVERT,18,283.67472024918527
DS10,mc.lm_OVERT,lm,OVERT,19,281.98763619692
DS10,mc.lm_OVERT,lm,OVERT,20,278.6353283430991
DS10,mc.lm_OVERT,lm,OVERT,21,295.0932925499867
DS10,mc.lm_OVERT,lm,OVERT,22,284.5872968745019
DS10,mc.lm_OVERT,lm,OVERT,23,285.8526527293187
DS10,mc.lm_OVERT,lm,OVERT,24,293.33589856557234
DS10,mc.lm_OVERT,lm,OVERT,25,335.15600986229254
DS10,mc.lm_OVERT,lm,OVERT,26,320.3822928574608
DS10,mc.lm_OVERT,lm,OVERT,27,344.8054480785016
DS10,mc.lm_OVERT,lm,OVERT,28,342.85103949926315
DS10,mc.lm_OVERT,lm,OVERT,29,334.12609400038014
DS10,mc.lm_OVERT,lm,OVERT,30,350.0504724226621
DS10,mc.lm_OVERT,lm,OVERT,31,355.7570504318001
DS10,mc.lm_OVERT,lm,OVERT,32,342.9730934846646
DS10,mc.lm_OVERT,lm,OVERT,33,323.6370270932906
DS10,mc.lm_OVERT,lm,OVERT,34,342.79608581411685
DS10,mc.lm_OVERT,lm,OVERT,35,331.11730626130725
DS10,mc.lm_OVERT,lm,OVERT,36,329.1745906410615
DS10,mc.lm_OVERT,lm,OVERT,37,335.3858486647463
DS10,mc.lm_OVERT,lm,OVERT,38,347.4158087404627
DS10,mc.lm_OVERT,lm,OVERT,39,278.74438591226203
DS10,mc.lm_OVERT,lm,OVERT,40,282.3581524114376
DS10,mc.lm_OVERT,lm,OVERT,41,286.83567107595263
DS10,mc.lm_OVERT,lm,OVERT,42,288.8775680804208
DS10,mc.lm_OVERT,lm,OVERT,43,297.8454332258526
DS10,mc.lm_OVERT,lm,OVERT,44,300.90414339582344
DS10,mc.lm_OVERT,lm,OVERT,45,304.680134806188
DS10,mc.lm_OVERT,lm,OVERT,46,300.18642733499576
DS10,mc.lm_OVERT,lm,OVERT,47,316.84419969743215
DS10,mc.lm_OVERT,lm,OVERT,48,329.09174723169383
DS10,mc.lm_OVERT,lm,OVERT,49,325.2639763072047
DS10,mc.lm_OVERT,lm,OVERT,50,316.25957666430395
DS10,mc.lm_SMOTEB,lm,SMOTEB,1,250.26655163108006
DS10,mc.lm_SMOTEB,lm,SMOTEB,2,288.25840225378795
DS10,mc.lm_SMOTEB,lm,SMOTEB,3,284.55101908446517
DS10,mc.lm_SMOTEB,lm,SMOTEB,4,248.46988261263832
DS10,mc.lm_SMOTEB,lm,SMOTEB,5,236.06023084563347
DS10,mc.lm_SMOTEB,lm,SMOTEB,6,277.43100162537735
DS10,mc.lm_SMOTEB,lm,SMOTEB,7,288.13450654965504
DS10,mc.lm_SMOTEB,lm,SMOTEB,8,270.77389665876785
DS10,mc.lm_SMOTEB,lm,SMOTEB,9,288.6634531187963
DS10,mc.lm_SMOTEB,lm,SMOTEB,10,305.2871235268128
DS10,mc.lm_SMOTEB,lm,SMOTEB,11,277.55087125780517
DS10,mc.lm_SMOTEB,lm,SMOTEB,12,283.86413985026445
DS10,mc.lm_SMOTEB,lm,SMOTEB,13,272.7249504085268
DS10,mc.lm_SMOTEB,lm,SMOTEB,14,315.4962193949929
DS10,mc.lm_SMOTEB,lm,SMOTEB,15,272.1639024325722
DS10,mc.lm_SMOTEB,lm,SMOTEB,16,283.5910076460167
DS10,mc.lm_SMOTEB,lm,SMOTEB,17,301.43179242529686
DS10,mc.lm_SMOTEB,lm,SMOTEB,18,280.12584088673185
DS10,mc.lm_SMOTEB,lm,SMOTEB,19,236.71387858391944
DS10,mc.lm_SMOTEB,lm,SMOTEB,20,277.0849825075041
DS10,mc.lm_SMOTEB,lm,SMOTEB,21,280.59854620027363
DS10,mc.lm_SMOTEB,lm,SMOTEB,22,265.5749818315885
DS10,mc.lm_SMOTEB,lm,SMOTEB,23,241.32672579557098
DS10,mc.lm_SMOTEB,lm,SMOTEB,24,299.28320409009314
DS10,mc.lm_SMOTEB,lm,SMOTEB,25,286.3286342264271
DS10,mc.lm_SMOTEB,lm,SMOTEB,26,311.60681167519823
DS10,mc.lm_SMOTEB,lm,SMOTEB,27,304.3394781639641
DS10,mc.lm_SMOTEB,lm,SMOTEB,28,307.6109139644533
DS10,mc.lm_SMOTEB,lm,SMOTEB,29,307.51310973203897
DS10,mc.lm_SMOTEB,lm,SMOTEB,30,291.0919047445544
DS10,mc.lm_SMOTEB,lm,SMOTEB,31,318.92876511398055
DS10,mc.lm_SMOTEB,lm,SMOTEB,32,313.94021874774296
DS10,mc.lm_SMOTEB,lm,SMOTEB,33,301.6787422646199
DS10,mc.lm_SMOTEB,lm,SMOTEB,34,313.47055238821156
DS10,mc.lm_SMOTEB,lm,SMOTEB,35,320.1353888287515
DS10,mc.lm_SMOTEB,lm,SMOTEB,36,343.7764316385327
DS10,mc.lm_SMOTEB,lm,SMOTEB,37,323.3963382324778
DS10,mc.lm_SMOTEB,lm,SMOTEB,38,323.09053126929325
DS10,mc.lm_SMOTEB,lm,SMOTEB,39,300.91606021203347
DS10,mc.lm_SMOTEB,lm,SMOTEB,40,327.0551249369437
DS10,mc.lm_SMOTEB,lm,SMOTEB,41,291.3733728011399
DS10,mc.lm_SMOTEB,lm,SMOTEB,42,317.01194864800345
DS10,mc.lm_SMOTEB,lm,SMOTEB,43,267.3473339345788
DS10,mc.lm_SMOTEB,lm,SMOTEB,44,340.9543056350741
DS10,mc.lm_SMOTEB,lm,SMOTEB,45,311.68315491557917
DS10,mc.lm_SMOTEB,lm,SMOTEB,46,309.75324803660965
DS10,mc.lm_SMOTEB,lm,SMOTEB,47,328.4675438883439
DS10,mc.lm_SMOTEB,lm,SMOTEB,48,346.85003173471785
DS10,mc.lm_SMOTEB,lm,SMOTEB,49,326.2993158909782
DS10,mc.lm_SMOTEB,lm,SMOTEB,50,359.0279797276812
DS10,mc.lm_SMOTETPhi,lm,SMOTETPhi,1,234.7195292927392
DS10,mc.lm_SMOTETPhi,lm,SMOTETPhi,2,261.3737458870465
DS10,mc.lm_SMOTETPhi,lm,SMOTETPhi,3,240.71700329827405
DS10,mc.lm_SMOTETPhi,lm,SMOTETPhi,4,222.17174470344628
DS10,mc.lm_SMOTETPhi,lm,SMOTETPhi,5,208.58633002835705
DS10,mc.lm_SMOTETPhi,lm,SMOTETPhi,6,217.46805933837302
DS10,mc.lm_SMOTETPhi,lm,SMOTETPhi,7,223.65054776284137
DS10,mc.lm_SMOTETPhi,lm,SMOTETPhi,8,239.26084263759506
DS10,mc.lm_SMOTETPhi,lm,SMOTETPhi,9,234.66604136655434
DS10,mc.lm_SMOTETPhi,lm,SMOTETPhi,10,232.65805777987254
DS10,mc.lm_SMOTETPhi,lm,SMOTETPhi,11,219.3955013356507
DS10,mc.lm_SMOTETPhi,lm,SMOTETPhi,12,219.33517238389985
DS10,mc.lm_SMOTETPhi,lm,SMOTETPhi,13,212.57326369482288
DS10,mc.lm_SMOTETPhi,lm,SMOTETPhi,14,222.44702691148075
DS10,mc.lm_SMOTETPhi,lm,SMOTETPhi,15,205.40899577149094
DS10,mc.lm_SMOTETPhi,lm,SMOTETPhi,16,222.80026130819468
DS10,mc.lm_SMOTETPhi,lm,SMOTETPhi,17,212.21989797703895
DS10,mc.lm_SMOTETPhi,lm,SMOTETPhi,18,220.80938071369437
DS10,mc.lm_SMOTETPhi,lm,SMOTETPhi,19,230.21327507390168
DS10,mc.lm_SMOTETPhi,lm,SMOTETPhi,20,224.35020601632633
DS10,mc.lm_SMOTETPhi,lm,SMOTETPhi,21,235.54685699224694
DS10,mc.lm_SMOTETPhi,lm,SMOTETPhi,22,218.30116900936167
DS10,mc.lm_SMOTETPhi,lm,SMOTETPhi,23,226.1142106806679
DS10,mc.lm_SMOTETPhi,lm,SMOTETPhi,24,208.97987592950824
DS10,mc.lm_SMOTETPhi,lm,SMOTETPhi,25,211.9340396222023
DS10,mc.lm_SMOTETPhi,lm,SMOTETPhi,26,221.98157664911952
DS10,mc.lm_SMOTETPhi,lm,SMOTETPhi,27,222.15356976485612
DS10,mc.lm_SMOTETPhi,lm,SMOTETPhi,28,227.05810031396882
DS10,mc.lm_SMOTETPhi,lm,SMOTETPhi,29,234.41840590656557
DS10,mc.lm_SMOTETPhi,lm,SMOTETPhi,30,234.94491651828872
DS10,mc.lm_SMOTETPhi,lm,SMOTETPhi,31,220.0137397052911
DS10,mc.lm_SMOTETPhi,lm,SMOTETPhi,32,222.75659039114868
DS10,mc.lm_SMOTETPhi,lm,SMOTETPhi,33,244.3283504457332
DS10,mc.lm_SMOTETPhi,lm,SMOTETPhi,34,248.5445784235674
DS10,mc.lm_SMOTETPhi,lm,SMOTETPhi,35,240.95262849490948
DS10,mc.lm_SMOTETPhi,lm,SMOTETPhi,36,248.0702679934591
DS10,mc.lm_SMOTETPhi,lm,SMOTETPhi,37,241.9539033975313
DS10,mc.lm_SMOTETPhi,lm,SMOTETPhi,38,236.434903675448
DS10,mc.lm_SMOTETPhi,lm,SMOTETPhi,39,223.44838442368194
DS10,mc.lm_SMOTETPhi,lm,SMOTETPhi,40,219.20956655320109
DS10,mc.lm_SMOTETPhi,lm,SMOTETPhi,41,244.78054048161707
DS10,mc.lm_SMOTETPhi,lm,SMOTETPhi,42,242.48649801439382
DS10,mc.lm_SMOTETPhi,lm,SMOTETPhi,43,240.13245308999828
DS10,mc.lm_SMOTETPhi,lm,SMOTETPhi,44,249.25244810539823
DS10,mc.lm_SMOTETPhi,lm,SMOTETPhi,45,219.86660075330792
DS10,mc.lm_SMOTETPhi,lm,SMOTETPhi,46,216.12846290437358
DS10,mc.lm_SMOTETPhi,lm,SMOTETPhi,47,232.81929860732114
DS10,mc.lm_SMOTETPhi,lm,SMOTETPhi,48,229.93689896208224
DS10,mc.lm_SMOTETPhi,lm,SMOTETPhi,49,220.73998324469235
DS10,mc.lm_SMOTETPhi,lm,SMOTETPhi,50,211.15425348066276
DS10,mc.lm_SMOTET,lm,SMOTET,1,220.77652818496404
DS10,mc.lm_SMOTET,lm,SMOTET,2,295.4385389957031
DS10,mc.lm_SMOTET,lm,SMOTET,3,293.59046618850266
DS10,mc.lm_SMOTET,lm,SMOTET,4,304.4821086642185
DS10,mc.lm_SMOTET,lm,SMOTET,5,326.86941783666055
DS10,mc.lm_SMOTET,lm,SMOTET,6,344.5020916465322
DS10,mc.lm_SMOTET,lm,SMOTET,7,329.6606736612655
DS10,mc.lm_SMOTET,lm,SMOTET,8,323.6866796458175
DS10,mc.lm_SMOTET,lm,SMOTET,9,386.65889888404206
DS10,mc.lm_SMOTET,lm,SMOTET,10,353.41753011202945
DS10,mc.lm_SMOTET,lm,SMOTET,11,311.84809376535526
DS10,mc.lm_SMOTET,lm,SMOTET,12,305.2241039450767
DS10,mc.lm_SMOTET,lm,SMOTET,13,310.63779624405686
DS10,mc.lm_SMOTET,lm,SMOTET,14,306.98972266954286
DS10,mc.lm_SMOTET,lm,SMOTET,15,290.7069323532095
DS10,mc.lm_SMOTET,lm,SMOTET,16,329.362857184184
DS10,mc.lm_SMOTET,lm,SMOTET,17,313.73747846130743
DS10,mc.lm_SMOTET,lm,SMOTET,18,318.7995393224505
DS10,mc.lm_SMOTET,lm,SMOTET,19,324.42825471631454
DS10,mc.lm_SMOTET,lm,SMOTET,20,305.8821046837229
DS10,mc.lm_SMOTET,lm,SMOTET,21,326.0095011620381
DS10,mc.lm_SMOTET,lm,SMOTET,22,315.4706198026343
DS10,mc.lm_SMOTET,lm,SMOTET,23,331.4725395466131
DS10,mc.lm_SMOTET,lm,SMOTET,24,305.07754901662304
DS10,mc.lm_SMOTET,lm,SMOTET,25,318.56284357797676
DS10,mc.lm_SMOTET,lm,SMOTET,26,344.6057699331096
DS10,mc.lm_SMOTET,lm,SMOTET,27,336.3336511042397
DS10,mc.lm_SMOTET,lm,SMOTET,28,329.31975863671886
DS10,mc.lm_SMOTET,lm,SMOTET,29,319.74953391261175
DS10,mc.lm_SMOTET,lm,SMOTET,30,390.98395850255366
DS10,mc.lm_SMOTET,lm,SMOTET,31,350.4981617034491
DS10,mc.lm_SMOTET,lm,SMOTET,32,324.30666289756823
DS10,mc.lm_SMOTET,lm,SMOTET,33,364.51442408308105
DS10,mc.lm_SMOTET,lm,SMOTET,34,363.519833656863
DS10,mc.lm_SMOTET,lm,SMOTET,35,371.2557450180873
DS10,mc.lm_SMOTET,lm,SMOTET,36,363.38554420916944
DS10,mc.lm_SMOTET,lm,SMOTET,37,352.08377879686657
DS10,mc.lm_SMOTET,lm,SMOTET,38,381.2278322513166
DS10,mc.lm_SMOTET,lm,SMOTET,39,324.77911212058166
DS10,mc.lm_SMOTET,lm,SMOTET,40,329.61789340286236
DS10,mc.lm_SMOTET,lm,SMOTET,41,363.26512579125705
DS10,mc.lm_SMOTET,lm,SMOTET,42,360.34888395638046
DS10,mc.lm_SMOTET,lm,SMOTET,43,381.9725642620036
DS10,mc.lm_SMOTET,lm,SMOTET,44,373.41364151497396
DS10,mc.lm_SMOTET,lm,SMOTET,45,409.0071689119298
DS10,mc.lm_SMOTET,lm,SMOTET,46,374.66479645436914
DS10,mc.lm_SMOTET,lm,SMOTET,47,433.70117135478057
DS10,mc.lm_SMOTET,lm,SMOTET,48,425.3996743332699
DS10,mc.lm_SMOTET,lm,SMOTET,49,371.97400368360917
DS10,mc.lm_SMOTET,lm,SMOTET,50,431.5600312084196
DS10,mc.lm_UNDERB,lm,UNDERB,1,305.9545332428297
DS10,mc.lm_UNDERB,lm,UNDERB,2,300.5900087040419
DS10,mc.lm_UNDERB,lm,UNDERB,3,191.19066296292613
DS10,mc.lm_UNDERB,lm,UNDERB,4,240.3322900417377
DS10,mc.lm_UNDERB,lm,UNDERB,5,292.4874258557805
DS10,mc.lm_UNDERB,lm,UNDERB,6,267.1570196911635
DS10,mc.lm_UNDERB,lm,UNDERB,7,319.8877492893825
DS10,mc.lm_UNDERB,lm,UNDERB,8,436.5553468172657
DS10,mc.lm_UNDERB,lm,UNDERB,9,295.4517241915545
DS10,mc.lm_UNDERB,lm,UNDERB,10,416.066789166328
DS10,mc.lm_UNDERB,lm,UNDERB,11,264.47162836640695
DS10,mc.lm_UNDERB,lm,UNDERB,12,249.3775600447217
DS10,mc.lm_UNDERB,lm,UNDERB,13,205.43938844544525
DS10,mc.lm_UNDERB,lm,UNDERB,14,323.3058072815826
DS10,mc.lm_UNDERB,lm,UNDERB,15,324.68335798815775
DS10,mc.lm_UNDERB,lm,UNDERB,16,236.46817336800285
DS10,mc.lm_UNDERB,lm,UNDERB,17,315.46782580995466
DS10,mc.lm_UNDERB,lm,UNDERB,18,298.5760218389534
DS10,mc.lm_UNDERB,lm,UNDERB,19,296.8345650297297
DS10,mc.lm_UNDERB,lm,UNDERB,20,312.2353073462078
DS10,mc.lm_UNDERB,lm,UNDERB,21,373.4188119862014
DS10,mc.lm_UNDERB,lm,UNDERB,22,234.12249970297182
DS10,mc.lm_UNDERB,lm,UNDERB,23,219.9154649960096
DS10,mc.lm_UNDERB,lm,UNDERB,24,250.2147787840787
DS10,mc.lm_UNDERB,lm,UNDERB,25,277.95784347968066
DS10,mc.lm_UNDERB,lm,UNDERB,26,298.4543693254162
DS10,mc.lm_UNDERB,lm,UNDERB,27,264.64548425636644
DS10,mc.lm_UNDERB,lm,UNDERB,28,217.32540076085616
DS10,mc.lm_UNDERB,lm,UNDERB,29,264.36713102835995
DS10,mc.lm_UNDERB,lm,UNDERB,30,416.6151712399257
DS10,mc.lm_UNDERB,lm,UNDERB,31,424.63925443445964
DS10,mc.lm_UNDERB,lm,UNDERB,32,272.3867647693207
DS10,mc.lm_UNDERB,lm,UNDERB,33,337.7732234002956
DS10,mc.lm_UNDERB,lm,UNDERB,34,266.69912114623696
DS10,mc.lm_UNDERB,lm,UNDERB,35,270.4869139801731
DS10,mc.lm_UNDERB,lm,UNDERB,36,303.3287566844192
DS10,mc.lm_UNDERB,lm,UNDERB,37,324.03072717526896
DS10,mc.lm_UNDERB,lm,UNDERB,38,287.6963131205687
DS10,mc.lm_UNDERB,lm,UNDERB,39,263.1534688711493
DS10,mc.lm_UNDERB,lm,UNDERB,40,356.6719326721653
DS10,mc.lm_UNDERB,lm,UNDERB,41,316.830929793926
DS10,mc.lm_UNDERB,lm,UNDERB,42,286.8595401269629
DS10,mc.lm_UNDERB,lm,UNDERB,43,284.34276452832137
DS10,mc.lm_UNDERB,lm,UNDERB,44,448.4749301137232
DS10,mc.lm_UNDERB,lm,UNDERB,45,250.28715852405978
DS10,mc.lm_UNDERB,lm,UNDERB,46,288.1977757918588
DS10,mc.lm_UNDERB,lm,UNDERB,47,354.8466896375612
DS10,mc.lm_UNDERB,lm,UNDERB,48,318.34853001165175
DS10,mc.lm_UNDERB,lm,UNDERB,49,447.14001958338224
DS10,mc.lm_UNDERB,lm,UNDERB,50,511.1804733833879
DS10,mc.lm_UNDERTPhi,lm,UNDERTPhi,1,222.86713272910885
DS10,mc.lm_UNDERTPhi,lm,UNDERTPhi,2,243.0632096011499
DS10,mc.lm_UNDERTPhi,lm,UNDERTPhi,3,256.20270373755767
DS10,mc.lm_UNDERTPhi,lm,UNDERTPhi,4,222.44713475179
DS10,mc.lm_UNDERTPhi,lm,UNDERTPhi,5,199.51463207310522
DS10,mc.lm_UNDERTPhi,lm,UNDERTPhi,6,182.42591972171934
DS10,mc.lm_UNDERTPhi,lm,UNDERTPhi,7,207.27467068085252
DS10,mc.lm_UNDERTPhi,lm,UNDERTPhi,8,262.73874715514256
DS10,mc.lm_UNDERTPhi,lm,UNDERTPhi,9,185.1220439810411
DS10,mc.lm_UNDERTPhi,lm,UNDERTPhi,10,299.3555828631459
DS10,mc.lm_UNDERTPhi,lm,UNDERTPhi,11,228.65079972239022
DS10,mc.lm_UNDERTPhi,lm,UNDERTPhi,12,198.76790135843686
DS10,mc.lm_UNDERTPhi,lm,UNDERTPhi,13,203.6337491731647
DS10,mc.lm_UNDERTPhi,lm,UNDERTPhi,14,227.67274339217803
DS10,mc.lm_UNDERTPhi,lm,UNDERTPhi,15,220.12000537083517
DS10,mc.lm_UNDERTPhi,lm,UNDERTPhi,16,206.35546553175942
DS10,mc.lm_UNDERTPhi,lm,UNDERTPhi,17,217.73371589022707
DS10,mc.lm_UNDERTPhi,lm,UNDERTPhi,18,227.0477178277606
DS10,mc.lm_UNDERTPhi,lm,UNDERTPhi,19,202.11277124654225
DS10,mc.lm_UNDERTPhi,lm,UNDERTPhi,20,196.147513822525
DS10,mc.lm_UNDERTPhi,lm,UNDERTPhi,21,244.24849768997552
DS10,mc.lm_UNDERTPhi,lm,UNDERTPhi,22,247.1908239593048
DS10,mc.lm_UNDERTPhi,lm,UNDERTPhi,23,233.6718447489314
DS10,mc.lm_UNDERTPhi,lm,UNDERTPhi,24,222.76173002519187
DS10,mc.lm_UNDERTPhi,lm,UNDERTPhi,25,225.96592221737626
DS10,mc.lm_UNDERTPhi,lm,UNDERTPhi,26,206.91625145394482
DS10,mc.lm_UNDERTPhi,lm,UNDERTPhi,27,245.90428842937652
DS10,mc.lm_UNDERTPhi,lm,UNDERTPhi,28,207.4297064844405
DS10,mc.lm_UNDERTPhi,lm,UNDERTPhi,29,230.34221522105733
DS10,mc.lm_UNDERTPhi,lm,UNDERTPhi,30,191.66668678752168
DS10,mc.lm_UNDERTPhi,lm,UNDERTPhi,31,211.94303923412446
DS10,mc.lm_UNDERTPhi,lm,UNDERTPhi,32,207.2287630680166
DS10,mc.lm_UNDERTPhi,lm,UNDERTPhi,33,213.67853109518
DS10,mc.lm_UNDERTPhi,lm,UNDERTPhi,34,203.53741760537628
DS10,mc.lm_UNDERTPhi,lm,UNDERTPhi,35,222.22606161307027
DS10,mc.lm_UNDERTPhi,lm,UNDERTPhi,36,230.08742019694108
DS10,mc.lm_UNDERTPhi,lm,UNDERTPhi,37,201.06533243143275
DS10,mc.lm_UNDERTPhi,lm,UNDERTPhi,38,186.89045280483126
DS10,mc.lm_UNDERTPhi,lm,UNDERTPhi,39,208.1968899261402
DS10,mc.lm_UNDERTPhi,lm,UNDERTPhi,40,189.69963440394952
DS10,mc.lm_UNDERTPhi,lm,UNDERTPhi,41,193.7878702910896
DS10,mc.lm_UNDERTPhi,lm,UNDERTPhi,42,181.47087654609544
DS10,mc.lm_UNDERTPhi,lm,UNDERTPhi,43,175.7048440630464
DS10,mc.lm_UNDERTPhi,lm,UNDERTPhi,44,234.66766540817895
DS10,mc.lm_UNDERTPhi,lm,UNDERTPhi,45,217.92102498436086
DS10,mc.lm_UNDERTPhi,lm,UNDERTPhi,46,183.95823341798155
DS10,mc.lm_UNDERTPhi,lm,UNDERTPhi,47,207.34546632466743
DS10,mc.lm_UNDERTPhi,lm,UNDERTPhi,48,194.31959675717442
DS10,mc.lm_UNDERTPhi,lm,UNDERTPhi,49,208.74111134705512
DS10,mc.lm_UNDERTPhi,lm,UNDERTPhi,50,199.36723079382088
DS10,mc.lm_UNDERT,lm,UNDERT,1,270.60474608560787
DS10,mc.lm_UNDERT,lm,UNDERT,2,272.53528584804013
DS10,mc.lm_UNDERT,lm,UNDERT,3,338.7805587463689
DS10,mc.lm_UNDERT,lm,UNDERT,4,274.59627880213264
DS10,mc.lm_UNDERT,lm,UNDERT,5,245.1425050525459
DS10,mc.lm_UNDERT,lm,UNDERT,6,310.8613386635481
DS10,mc.lm_UNDERT,lm,UNDERT,7,324.8052109850769
DS10,mc.lm_UNDERT,lm,UNDERT,8,261.41641982548106
DS10,mc.lm_UNDERT,lm,UNDERT,9,276.3919358833499
DS10,mc.lm_UNDERT,lm,UNDERT,10,280.2519796670406
DS10,mc.lm_UNDERT,lm,UNDERT,11,257.2923927018231
DS10,mc.lm_UNDERT,lm,UNDERT,12,236.43801314778975
DS10,mc.lm_UNDERT,lm,UNDERT,13,347.66078053705996
DS10,mc.lm_UNDERT,lm,UNDERT,14,322.50102307705225
DS10,mc.lm_UNDERT,lm,UNDERT,15,314.98367037051514
DS10,mc.lm_UNDERT,lm,UNDERT,16,355.6182010964199
DS10,mc.lm_UNDERT,lm,UNDERT,17,264.8104726564161
DS10,mc.lm_UNDERT,lm,UNDERT,18,280.29391759925693
DS10,mc.lm_UNDERT,lm,UNDERT,19,207.95141111037628
DS10,mc.lm_UNDERT,lm,UNDERT,20,399.988107444692
DS10,mc.lm_UNDERT,lm,UNDERT,21,254.731012180372
DS10,mc.lm_UNDERT,lm,UNDERT,22,285.18004788385554
DS10,mc.lm_UNDERT,lm,UNDERT,23,213.63576385887905
DS10,mc.lm_UNDERT,lm,UNDERT,24,319.2596153772391
DS10,mc.lm_UNDERT,lm,UNDERT,25,233.8856558540594
DS10,mc.lm_UNDERT,lm,UNDERT,26,326.33703261651056
DS10,mc.lm_UNDERT,lm,UNDERT,27,396.19311262884196
DS10,mc.lm_UNDERT,lm,UNDERT,28,323.8627242187538
DS10,mc.lm_UNDERT,lm,UNDERT,29,329.2416303586885
DS10,mc.lm_UNDERT,lm,UNDERT,30,276.75888140326174
DS10,mc.lm_UNDERT,lm,UNDERT,31,323.14481535541574
DS10,mc.lm_UNDERT,lm,UNDERT,32,325.66331839621563
DS10,mc.lm_UNDERT,lm,UNDERT,33,278.4706862763788
DS10,mc.lm_UNDERT,lm,UNDERT,34,389.6828127338372
DS10,mc.lm_UNDERT,lm,UNDERT,35,369.7171622363037
DS10,mc.lm_UNDERT,lm,UNDERT,36,379.51016331270887
DS10,mc.lm_UNDERT,lm,UNDERT,37,397.15818880796246
DS10,mc.lm_UNDERT,lm,UNDERT,38,433.40860269495386
DS10,mc.lm_UNDERT,lm,UNDERT,39,343.2765225359892
DS10,mc.lm_UNDERT,lm,UNDERT,40,315.37396915995436
DS10,mc.lm_UNDERT,lm,UNDERT,41,349.40281635567794
DS10,mc.lm_UNDERT,lm,UNDERT,42,309.9444159870315
DS10,mc.lm_UNDERT,lm,UNDERT,43,265.13624465903666
DS10,mc.lm_UNDERT,lm,UNDERT,44,226.98665943514953
DS10,mc.lm_UNDERT,lm,UNDERT,45,381.4867382752274
DS10,mc.lm_UNDERT,lm,UNDERT,46,328.0115889171075
DS10,mc.lm_UNDERT,lm,UNDERT,47,352.1492607017872
DS10,mc.lm_UNDERT,lm,UNDERT,48,368.1722192036353
DS10,mc.lm_UNDERT,lm,UNDERT,49,392.9926852939867
DS10,mc.lm_UNDERT,lm,UNDERT,50,391.32369989346626
DS10,mc.lm,lm,baseline,1,561.601774944851
DS10,mc.lm,lm,baseline,2,588.4291403536
DS10,mc.lm,lm,baseline,3,589.0780566853346
DS10,mc.lm,lm,baseline,4,588.4404249811387
DS10,mc.lm,lm,baseline,5,591.7571379769345
DS10,mc.lm,lm,baseline,6,636.0553473826419
DS10,mc.lm,lm,baseline,7,625.0563793402546
DS10,mc.lm,lm,baseline,8,648.7546227900551
DS10,mc.lm,lm,baseline,9,650.3397002844847
DS10,mc.lm,lm,baseline,10,655.9455341781959
DS10,mc.lm,lm,baseline,11,646.4615195297599
DS10,mc.lm,lm,baseline,12,643.5782521260161
DS10,mc.lm,lm,baseline,13,640.3055635023921
DS10,mc.lm,lm,baseline,14,642.7009948238293
DS10,mc.lm,lm,baseline,15,641.4095613146911
DS10,mc.lm,lm,baseline,16,644.3967305754308
DS10,mc.lm,lm,baseline,17,643.0498212023325
DS10,mc.lm,lm,baseline,18,646.2329461615633
DS10,mc.lm,lm,baseline,19,637.6319640013519
DS10,mc.lm,lm,baseline,20,635.7941611321096
DS10,mc.lm,lm,baseline,21,614.168555129969
DS10,mc.lm,lm,baseline,22,612.6239887662318
DS10,mc.lm,lm,baseline,23,608.3215428795421
DS10,mc.lm,lm,baseline,24,577.4837162124867
DS10,mc.lm,lm,baseline,25,609.6384842468517
DS10,mc.lm,lm,baseline,26,610.8857647549987
DS10,mc.lm,lm,baseline,27,655.6887725093361
DS10,mc.lm,lm,baseline,28,629.5450735627334
DS10,mc.lm,lm,baseline,29,630.6327307313369
DS10,mc.lm,lm,baseline,30,636.779110459352
DS10,mc.lm,lm,baseline,31,635.4725762730695
DS10,mc.lm,lm,baseline,32,634.7139303818408
DS10,mc.lm,lm,baseline,33,622.3812251879924
DS10,mc.lm,lm,baseline,34,632.5889877312973
DS10,mc.lm,lm,baseline,35,629.8160445536395
DS10,mc.lm,lm,baseline,36,648.7801798682699
DS10,mc.lm,lm,baseline,37,636.3080803982132
DS10,mc.lm,lm,baseline,38,634.0997738782071
DS10,mc.lm,lm,baseline,39,608.082576371443
DS10,mc.lm,lm,baseline,40,608.3974177327964
DS10,mc.lm,lm,baseline,41,588.5894979934911
DS10,mc.lm,lm,baseline,42,588.415884328697
DS10,mc.lm,lm,baseline,43,591.1391817294751
DS10,mc.lm,lm,baseline,44,637.3991287043751
DS10,mc.lm,lm,baseline,45,592.4801948185511
DS10,mc.lm,lm,baseline,46,588.7865318881907
DS10,mc.lm,lm,baseline,47,600.326778052302
DS10,mc.lm,lm,baseline,48,596.6453220187143
DS10,mc.lm,lm,baseline,49,577.8668020026413
DS10,mc.lm,lm,baseline,50,579.1116535101388
DS10,mc.mars_OVERB,mars,OVERB,1,507.6207941016189
DS10,mc.mars_OVERB,mars,OVERB,2,552.2599563037944
DS10,mc.mars_OVERB,mars,OVERB,3,545.2001207341486
DS10,mc.mars_OVERB,mars,OVERB,4,690.3392518399535
DS10,mc.mars_OVERB,mars,OVERB,5,585.9999556894927
DS10,mc.mars_OVERB,mars,OVERB,6,575.1015391857043
DS10,mc.mars_OVERB,mars,OVERB,7,527.2380022781512
DS10,mc.mars_OVERB,mars,OVERB,8,493.8282540243281
DS10,mc.mars_OVERB,mars,OVERB,9,613.2149790605574
DS10,mc.mars_OVERB,mars,OVERB,10,487.28381333349944
DS10,mc.mars_OVERB,mars,OVERB,11,624.0204808527626
DS10,mc.mars_OVERB,mars,OVERB,12,647.4114835764922
DS10,mc.mars_OVERB,mars,OVERB,13,508.46969635112043
DS10,mc.mars_OVERB,mars,OVERB,14,782.7300406682646
DS10,mc.mars_OVERB,mars,OVERB,15,736.7312770090568
DS10,mc.mars_OVERB,mars,OVERB,16,656.4391390774445
DS10,mc.mars_OVERB,mars,OVERB,17,573.4048650299601
DS10,mc.mars_OVERB,mars,OVERB,18,588.7238365546154
DS10,mc.mars_OVERB,mars,OVERB,19,634.15997474269
DS10,mc.mars_OVERB,mars,OVERB,20,384.8852831400734
DS10,mc.mars_OVERB,mars,OVERB,21,372.75379800616474
DS10,mc.mars_OVERB,mars,OVERB,22,356.46896733219245
DS10,mc.mars_OVERB,mars,OVERB,23,450.43838573585685
DS10,mc.mars_OVERB,mars,OVERB,24,358.1557221295509
DS10,mc.mars_OVERB,mars,OVERB,25,476.5927664908851
DS10,mc.mars_OVERB,mars,OVERB,26,429.51228553047696
DS10,mc.mars_OVERB,mars,OVERB,27,421.253735207046
DS10,mc.mars_OVERB,mars,OVERB,28,429.6934046853888
DS10,mc.mars_OVERB,mars,OVERB,29,655.2862701018514
DS10,mc.mars_OVERB,mars,OVERB,30,411.6637761526945
DS10,mc.mars_OVERB,mars,OVERB,31,421.13371098044877
DS10,mc.mars_OVERB,mars,OVERB,32,459.8061189728138
DS10,mc.mars_OVERB,mars,OVERB,33,419.05483884379396
DS10,mc.mars_OVERB,mars,OVERB,34,463.10782825859206
DS10,mc.mars_OVERB,mars,OVERB,35,417.85283716335886
DS10,mc.mars_OVERB,mars,OVERB,36,652.4285626985323
DS10,mc.mars_OVERB,mars,OVERB,37,408.0551282618017
DS10,mc.mars_OVERB,mars,OVERB,38,408.5152506371492
DS10,mc.mars_OVERB,mars,OVERB,39,477.6399764920963
DS10,mc.mars_OVERB,mars,OVERB,40,413.84133948675833
DS10,mc.mars_OVERB,mars,OVERB,41,318.6015816471478
DS10,mc.mars_OVERB,mars,OVERB,42,363.98333487796793
DS10,mc.mars_OVERB,mars,OVERB,43,308.16261425849837
DS10,mc.mars_OVERB,mars,OVERB,44,335.41477331922647
DS10,mc.mars_OVERB,mars,OVERB,45,468.93119591320226
DS10,mc.mars_OVERB,mars,OVERB,46,343.7943563000382
DS10,mc.mars_OVERB,mars,OVERB,47,422.50167462507505
DS10,mc.mars_OVERB,mars,OVERB,48,381.6385669467933
DS10,mc.mars_OVERB,mars,OVERB,49,388.9892357786248
DS10,mc.mars_OVERB,mars,OVERB,50,474.44071777769625
DS10,mc.mars_OVERTPhi,mars,OVERTPhi,1,457.84582997022045
DS10,mc.mars_OVERTPhi,mars,OVERTPhi,2,405.320738268755
DS10,mc.mars_OVERTPhi,mars,OVERTPhi,3,423.95334867687046
DS10,mc.mars_OVERTPhi,mars,OVERTPhi,4,442.84158775167566
DS10,mc.mars_OVERTPhi,mars,OVERTPhi,5,729.340554431719
DS10,mc.mars_OVERTPhi,mars,OVERTPhi,6,776.0584692322714
DS10,mc.mars_OVERTPhi,mars,OVERTPhi,7,756.5523212865396
DS10,mc.mars_OVERTPhi,mars,OVERTPhi,8,722.5627882365029
DS10,mc.mars_OVERTPhi,mars,OVERTPhi,9,864.4962990932498
DS10,mc.mars_OVERTPhi,mars,OVERTPhi,10,705.8025449298079
DS10,mc.mars_OVERTPhi,mars,OVERTPhi,11,769.2988123737641
DS10,mc.mars_OVERTPhi,mars,OVERTPhi,12,664.3903336177162
DS10,mc.mars_OVERTPhi,mars,OVERTPhi,13,721.0521233999708
DS10,mc.mars_OVERTPhi,mars,OVERTPhi,14,771.8737637023148
DS10,mc.mars_OVERTPhi,mars,OVERTPhi,15,659.2035853690991
DS10,mc.mars_OVERTPhi,mars,OVERTPhi,16,628.9859103350642
DS10,mc.mars_OVERTPhi,mars,OVERTPhi,17,805.123782701313
DS10,mc.mars_OVERTPhi,mars,OVERTPhi,18,641.0330978835075
DS10,mc.mars_OVERTPhi,mars,OVERTPhi,19,800.0637122069953
DS10,mc.mars_OVERTPhi,mars,OVERTPhi,20,542.8796690022467
DS10,mc.mars_OVERTPhi,mars,OVERTPhi,21,390.6433104119353
DS10,mc.mars_OVERTPhi,mars,OVERTPhi,22,403.4349123053113
DS10,mc.mars_OVERTPhi,mars,OVERTPhi,23,382.53146778046505
DS10,mc.mars_OVERTPhi,mars,OVERTPhi,24,366.75875122711216
DS10,mc.mars_OVERTPhi,mars,OVERTPhi,25,443.4183946494486
DS10,mc.mars_OVERTPhi,mars,OVERTPhi,26,438.6779147813461
DS10,mc.mars_OVERTPhi,mars,OVERTPhi,27,506.8858702877649
DS10,mc.mars_OVERTPhi,mars,OVERTPhi,28,477.393949404662
DS10,mc.mars_OVERTPhi,mars,OVERTPhi,29,437.3729937895211
DS10,mc.mars_OVERTPhi,mars,OVERTPhi,30,398.7893930366846
DS10,mc.mars_OVERTPhi,mars,OVERTPhi,31,419.6593202519347
DS10,mc.mars_OVERTPhi,mars,OVERTPhi,32,488.349200232348
DS10,mc.mars_OVERTPhi,mars,OVERTPhi,33,520.3562459247053
DS10,mc.mars_OVERTPhi,mars,OVERTPhi,34,486.01068503592455
DS10,mc.mars_OVERTPhi,mars,OVERTPhi,35,481.31043515520395
DS10,mc.mars_OVERTPhi,mars,OVERTPhi,36,453.6814596237591
DS10,mc.mars_OVERTPhi,mars,OVERTPhi,37,413.3072168129957
DS10,mc.mars_OVERTPhi,mars,OVERTPhi,38,446.26749166784515
DS10,mc.mars_OVERTPhi,mars,OVERTPhi,39,413.2941969015348
DS10,mc.mars_OVERTPhi,mars,OVERTPhi,40,351.9299200861584
DS10,mc.mars_OVERTPhi,mars,OVERTPhi,41,332.42019808561406
DS10,mc.mars_OVERTPhi,mars,OVERTPhi,42,324.47088183502365
DS10,mc.mars_OVERTPhi,mars,OVERTPhi,43,330.4157262595651
DS10,mc.mars_OVERTPhi,mars,OVERTPhi,44,425.7489609653282
DS10,mc.mars_OVERTPhi,mars,OVERTPhi,45,439.8225573490473
DS10,mc.mars_OVERTPhi,mars,OVERTPhi,46,347.25713690311574
DS10,mc.mars_OVERTPhi,mars,OVERTPhi,47,369.959593134278
DS10,mc.mars_OVERTPhi,mars,OVERTPhi,48,428.4539649796409
DS10,mc.mars_OVERTPhi,mars,OVERTPhi,49,496.92797940275625
DS10,mc.mars_OVERTPhi,mars,OVERTPhi,50,554.8276771758531
DS10,mc.mars_OVERT,mars,OVERT,1,457.84582997022045
DS10,mc.mars_OVERT,mars,OVERT,2,405.320738268755
DS10,mc.mars_OVERT,mars,OVERT,3,423.95334867687046
DS10,mc.mars_OVERT,mars,OVERT,4,442.84158775167566
DS10,mc.mars_OVERT,mars,OVERT,5,729.340554431719
DS10,mc.mars_OVERT,mars,OVERT,6,776.0584692322714
DS10,mc.mars_OVERT,mars,OVERT,7,756.5523212865396
DS10,mc.mars_OVERT,mars,OVERT,8,722.5627882365029
DS10,mc.mars_OVERT,mars,OVERT,9,864.4962990932498
DS10,mc.mars_OVERT,mars,OVERT,10,705.8025449298079
DS10,mc.mars_OVERT,mars,OVERT,11,769.2988123737641
DS10,mc.mars_OVERT,mars,OVERT,12,664.3903336177162
DS10,mc.mars_OVERT,mars,OVERT,13,721.0521233999708
DS10,mc.mars_OVERT,mars,OVERT,14,771.8737637023148
DS10,mc.mars_OVERT,mars,OVERT,15,659.2035853690991
DS10,mc.mars_OVERT,mars,OVERT,16,628.9859103350642
DS10,mc.mars_OVERT,mars,OVERT,17,805.123782701313
DS10,mc.mars_OVERT,mars,OVERT,18,641.0330978835075
DS10,mc.mars_OVERT,mars,OVERT,19,800.0637122069953
DS10,mc.mars_OVERT,mars,OVERT,20,542.8796690022467
DS10,mc.mars_OVERT,mars,OVERT,21,390.6433104119353
DS10,mc.mars_OVERT,mars,OVERT,22,403.4349123053113
DS10,mc.mars_OVERT,mars,OVERT,23,382.53146778046505
DS10,mc.mars_OVERT,mars,OVERT,24,366.75875122711216
DS10,mc.mars_OVERT,mars,OVERT,25,443.4183946494486
DS10,mc.mars_OVERT,mars,OVERT,26,438.6779147813461
DS10,mc.mars_OVERT,mars,OVERT,27,506.8858702877649
DS10,mc.mars_OVERT,mars,OVERT,28,477.393949404662
DS10,mc.mars_OVERT,mars,OVERT,29,437.3729937895211
DS10,mc.mars_OVERT,mars,OVERT,30,398.7893930366846
DS10,mc.mars_OVERT,mars,OVERT,31,419.6593202519347
DS10,mc.mars_OVERT,mars,OVERT,32,488.349200232348
DS10,mc.mars_OVERT,mars,OVERT,33,520.3562459247053
DS10,mc.mars_OVERT,mars,OVERT,34,486.01068503592455
DS10,mc.mars_OVERT,mars,OVERT,35,481.31043515520395
DS10,mc.mars_OVERT,mars,OVERT,36,453.6814596237591
DS10,mc.mars_OVERT,mars,OVERT,37,413.3072168129957
DS10,mc.mars_OVERT,mars,OVERT,38,446.26749166784515
DS10,mc.mars_OVERT,mars,OVERT,39,413.2941969015348
DS10,mc.mars_OVERT,mars,OVERT,40,351.9299200861584
DS10,mc.mars_OVERT,mars,OVERT,41,332.42019808561406
DS10,mc.mars_OVERT,mars,OVERT,42,324.47088183502365
DS10,mc.mars_OVERT,mars,OVERT,43,330.4157262595651
DS10,mc.mars_OVERT,mars,OVERT,44,425.7489609653282
DS10,mc.mars_OVERT,mars,OVERT,45,439.8225573490473
DS10,mc.mars_OVERT,mars,OVERT,46,347.25713690311574
DS10,mc.mars_OVERT,mars,OVERT,47,369.959593134278
DS10,mc.mars_OVERT,mars,OVERT,48,428.4539649796409
DS10,mc.mars_OVERT,mars,OVERT,49,496.92797940275625
DS10,mc.mars_OVERT,mars,OVERT,50,554.8276771758531
DS10,mc.mars_SMOTEB,mars,SMOTEB,1,541.2259709905377
DS10,mc.mars_SMOTEB,mars,SMOTEB,2,608.0264019544948
DS10,mc.mars_SMOTEB,mars,SMOTEB,3,1269.6981439484612
DS10,mc.mars_SMOTEB,mars,SMOTEB,4,689.5888658409119
DS10,mc.mars_SMOTEB,mars,SMOTEB,5,424.49466823643456
DS10,mc.mars_SMOTEB,mars,SMOTEB,6,539.8169078373995
DS10,mc.mars_SMOTEB,mars,SMOTEB,7,867.3480701019514
DS10,mc.mars_SMOTEB,mars,SMOTEB,8,619.7075310609087
DS10,mc.mars_SMOTEB,mars,SMOTEB,9,752.7103439883764
DS10,mc.mars_SMOTEB,mars,SMOTEB,10,920.9051188339546
DS10,mc.mars_SMOTEB,mars,SMOTEB,11,571.881858015325
DS10,mc.mars_SMOTEB,mars,SMOTEB,12,463.0059162986138
DS10,mc.mars_SMOTEB,mars,SMOTEB,13,713.0583081233889
DS10,mc.mars_SMOTEB,mars,SMOTEB,14,761.0287730488701
DS10,mc.mars_SMOTEB,mars,SMOTEB,15,985.2304196292442
DS10,mc.mars_SMOTEB,mars,SMOTEB,16,556.476294249773
DS10,mc.mars_SMOTEB,mars,SMOTEB,17,757.7635900594171
DS10,mc.mars_SMOTEB,mars,SMOTEB,18,459.0968896741225
DS10,mc.mars_SMOTEB,mars,SMOTEB,19,537.9235605824651
DS10,mc.mars_SMOTEB,mars,SMOTEB,20,435.5155136076786
DS10,mc.mars_SMOTEB,mars,SMOTEB,21,589.2540322556398
DS10,mc.mars_SMOTEB,mars,SMOTEB,22,753.7015527715469
DS10,mc.mars_SMOTEB,mars,SMOTEB,23,481.1283842383348
DS10,mc.mars_SMOTEB,mars,SMOTEB,24,510.4257981585275
DS10,mc.mars_SMOTEB,mars,SMOTEB,25,921.1597717463181
DS10,mc.mars_SMOTEB,mars,SMOTEB,26,503.47702006527715
DS10,mc.mars_SMOTEB,mars,SMOTEB,27,586.8703938827387
DS10,mc.mars_SMOTEB,mars,SMOTEB,28,790.3833457420615
DS10,mc.mars_SMOTEB,mars,SMOTEB,29,726.8741003369087
DS10,mc.mars_SMOTEB,mars,SMOTEB,30,381.08045853688185
DS10,mc.mars_SMOTEB,mars,SMOTEB,31,525.0543555411889
DS10,mc.mars_SMOTEB,mars,SMOTEB,32,507.0103317909567
DS10,mc.mars_SMOTEB,mars,SMOTEB,33,436.7496754030431
DS10,mc.mars_SMOTEB,mars,SMOTEB,34,574.1598013613007
DS10,mc.mars_SMOTEB,mars,SMOTEB,35,714.8858451950612
DS10,mc.mars_SMOTEB,mars,SMOTEB,36,511.1186504709266
DS10,mc.mars_SMOTEB,mars,SMOTEB,37,555.6605256455596
DS10,mc.mars_SMOTEB,mars,SMOTEB,38,423.636364181821
DS10,mc.mars_SMOTEB,mars,SMOTEB,39,391.85476969099716
DS10,mc.mars_SMOTEB,mars,SMOTEB,40,411.43516929636826
DS10,mc.mars_SMOTEB,mars,SMOTEB,41,351.70097006404296
DS10,mc.mars_SMOTEB,mars,SMOTEB,42,328.16902038627137
DS10,mc.mars_SMOTEB,mars,SMOTEB,43,319.3892211130062
DS10,mc.mars_SMOTEB,mars,SMOTEB,44,443.11114455919756
DS10,mc.mars_SMOTEB,mars,SMOTEB,45,380.0556752284639
DS10,mc.mars_SMOTEB,mars,SMOTEB,46,419.61610369998306
DS10,mc.mars_SMOTEB,mars,SMOTEB,47,447.33347525661344
DS10,mc.mars_SMOTEB,mars,SMOTEB,48,393.71534102484634
DS10,mc.mars_SMOTEB,mars,SMOTEB,49,478.1703883806472
DS10,mc.mars_SMOTEB,mars,SMOTEB,50,470.8162863218638
DS10,mc.mars_SMOTETPhi,mars,SMOTETPhi,1,369.16405214444256
DS10,mc.mars_SMOTETPhi,mars,SMOTETPhi,2,277.83742105333556
DS10,mc.mars_SMOTETPhi,mars,SMOTETPhi,3,274.2712263070607
DS10,mc.mars_SMOTETPhi,mars,SMOTETPhi,4,1013.0350091432078
DS10,mc.mars_SMOTETPhi,mars,SMOTETPhi,5,278.6244316293307
DS10,mc.mars_SMOTETPhi,mars,SMOTETPhi,6,345.91558614749397
DS10,mc.mars_SMOTETPhi,mars,SMOTETPhi,7,246.58171609271085
DS10,mc.mars_SMOTETPhi,mars,SMOTETPhi,8,292.00305932123314
DS10,mc.mars_SMOTETPhi,mars,SMOTETPhi,9,1672.3235930531184
DS10,mc.mars_SMOTETPhi,mars,SMOTETPhi,10,303.56021652938404
DS10,mc.mars_SMOTETPhi,mars,SMOTETPhi,11,461.1615499764438
DS10,mc.mars_SMOTETPhi,mars,SMOTETPhi,12,409.04579707264736
DS10,mc.mars_SMOTETPhi,mars,SMOTETPhi,13,348.1701921003299
DS10,mc.mars_SMOTETPhi,mars,SMOTETPhi,14,406.4183052117414
DS10,mc.mars_SMOTETPhi,mars,SMOTETPhi,15,338.19121198483697
DS10,mc.mars_SMOTETPhi,mars,SMOTETPhi,16,461.5643521732726
DS10,mc.mars_SMOTETPhi,mars,SMOTETPhi,17,366.98988569713663
DS10,mc.mars_SMOTETPhi,mars,SMOTETPhi,18,412.0837554369557
DS10,mc.mars_SMOTETPhi,mars,SMOTETPhi,19,339.69822099958895
DS10,mc.mars_SMOTETPhi,mars,SMOTETPhi,20,529.4034106604292
DS10,mc.mars_SMOTETPhi,mars,SMOTETPhi,21,337.4272677477817
DS10,mc.mars_SMOTETPhi,mars,SMOTETPhi,22,294.77314661140457
DS10,mc.mars_SMOTETPhi,mars,SMOTETPhi,23,357.34207681343946
DS10,mc.mars_SMOTETPhi,mars,SMOTETPhi,24,365.35787520540225
DS10,mc.mars_SMOTETPhi,mars,SMOTETPhi,25,519.5653676082567
DS10,mc.mars_SMOTETPhi,mars,SMOTETPhi,26,397.87081812546603
DS10,mc.mars_SMOTETPhi,mars,SMOTETPhi,27,367.5114392452058
DS10,mc.mars_SMOTETPhi,mars,SMOTETPhi,28,405.9825460196267
DS10,mc.mars_SMOTETPhi,mars,SMOTETPhi,29,282.4560523540399
DS10,mc.mars_SMOTETPhi,mars,SMOTETPhi,30,525.7628574658095
DS10,mc.mars_SMOTETPhi,mars,SMOTETPhi,31,399.27868833965505
DS10,mc.mars_SMOTETPhi,mars,SMOTETPhi,32,366.2341718811969
DS10,mc.mars_SMOTETPhi,mars,SMOTETPhi,33,372.5519144889221
DS10,mc.mars_SMOTETPhi,mars,SMOTETPhi,34,274.63323308911356
DS10,mc.mars_SMOTETPhi,mars,SMOTETPhi,35,298.24844167753383
DS10,mc.mars_SMOTETPhi,mars,SMOTETPhi,36,322.4253210624939
DS10,mc.mars_SMOTETPhi,mars,SMOTETPhi,37,290.190859189566
DS10,mc.mars_SMOTETPhi,mars,SMOTETPhi,38,261.6663759179574
DS10,mc.mars_SMOTETPhi,mars,SMOTETPhi,39,311.2622971328365
DS10,mc.mars_SMOTETPhi,mars,SMOTETPhi,40,296.95456081129896
DS10,mc.mars_SMOTETPhi,mars,SMOTETPhi,41,1173.5396382068066
DS10,mc.mars_SMOTETPhi,mars,SMOTETPhi,42,320.4229791970489
DS10,mc.mars_SMOTETPhi,mars,SMOTETPhi,43,301.8493558129893
DS10,mc.mars_SMOTETPhi,mars,SMOTETPhi,44,247.0793614135169
DS10,mc.mars_SMOTETPhi,mars,SMOTETPhi,45,260.14836286249033
DS10,mc.mars_SMOTETPhi,mars,SMOTETPhi,46,261.88566114821276
DS10,mc.mars_SMOTETPhi,mars,SMOTETPhi,47,216.31081980110275
DS10,mc.mars_SMOTETPhi,mars,SMOTETPhi,48,281.590202809278
DS10,mc.mars_SMOTETPhi,mars,SMOTETPhi,49,268.16535301265657
DS10,mc.mars_SMOTETPhi,mars,SMOTETPhi,50,208.26194903501175
DS10,mc.mars_SMOTET,mars,SMOTET,1,722.6321281284557
DS10,mc.mars_SMOTET,mars,SMOTET,2,1274.8516813951878
DS10,mc.mars_SMOTET,mars,SMOTET,3,879.2926663263947
DS10,mc.mars_SMOTET,mars,SMOTET,4,845.3585086247173
DS10,mc.mars_SMOTET,mars,SMOTET,5,910.7819769238529
DS10,mc.mars_SMOTET,mars,SMOTET,6,650.6120917534681
DS10,mc.mars_SMOTET,mars,SMOTET,7,1105.0479520934678
DS10,mc.mars_SMOTET,mars,SMOTET,8,803.1037090511866
DS10,mc.mars_SMOTET,mars,SMOTET,9,673.9448430795737
DS10,mc.mars_SMOTET,mars,SMOTET,10,2302.248043979313
DS10,mc.mars_SMOTET,mars,SMOTET,11,1017.471010122109
DS10,mc.mars_SMOTET,mars,SMOTET,12,531.455981047405
DS10,mc.mars_SMOTET,mars,SMOTET,13,804.6857768493344
DS10,mc.mars_SMOTET,mars,SMOTET,14,904.745114485617
DS10,mc.mars_SMOTET,mars,SMOTET,15,667.039347582152
DS10,mc.mars_SMOTET,mars,SMOTET,16,568.7961415562179
DS10,mc.mars_SMOTET,mars,SMOTET,17,592.1398941526238
DS10,mc.mars_SMOTET,mars,SMOTET,18,700.19655168339
DS10,mc.mars_SMOTET,mars,SMOTET,19,631.2573795811898
DS10,mc.mars_SMOTET,mars,SMOTET,20,438.42736670446453
DS10,mc.mars_SMOTET,mars,SMOTET,21,458.84046519938215
DS10,mc.mars_SMOTET,mars,SMOTET,22,526.547614066908
DS10,mc.mars_SMOTET,mars,SMOTET,23,665.1380801866701
DS10,mc.mars_SMOTET,mars,SMOTET,24,334.3239977171938
DS10,mc.mars_SMOTET,mars,SMOTET,25,624.5735099877879
DS10,mc.mars_SMOTET,mars,SMOTET,26,1081.2150316059517
DS10,mc.mars_SMOTET,mars,SMOTET,27,468.4659291444427
DS10,mc.mars_SMOTET,mars,SMOTET,28,521.2364443935604
DS10,mc.mars_SMOTET,mars,SMOTET,29,422.14106016680967
DS10,mc.mars_SMOTET,mars,SMOTET,30,583.3002500118705
DS10,mc.mars_SMOTET,mars,SMOTET,31,586.7477285934428
DS10,mc.mars_SMOTET,mars,SMOTET,32,449.2637698554488
DS10,mc.mars_SMOTET,mars,SMOTET,33,489.8695656325421
DS10,mc.mars_SMOTET,mars,SMOTET,34,574.1836267372482
DS10,mc.mars_SMOTET,mars,SMOTET,35,546.8661489897588
DS10,mc.mars_SMOTET,mars,SMOTET,36,888.8972749857294
DS10,mc.mars_SMOTET,mars,SMOTET,37,552.561835843072
DS10,mc.mars_SMOTET,mars,SMOTET,38,613.2207743888439
DS10,mc.mars_SMOTET,mars,SMOTET,39,500.74416500209975
DS10,mc.mars_SMOTET,mars,SMOTET,40,483.7629560261311
DS10,mc.mars_SMOTET,mars,SMOTET,41,414.6088217494731
DS10,mc.mars_SMOTET,mars,SMOTET,42,403.1545014561281
DS10,mc.mars_SMOTET,mars,SMOTET,43,512.3738941819093
DS10,mc.mars_SMOTET,mars,SMOTET,44,597.3017901393273
DS10,mc.mars_SMOTET,mars,SMOTET,45,471.9318255139542
DS10,mc.mars_SMOTET,mars,SMOTET,46,388.9306310308207
DS10,mc.mars_SMOTET,mars,SMOTET,47,422.9542705978771
DS10,mc.mars_SMOTET,mars,SMOTET,48,460.72600679854634
DS10,mc.mars_SMOTET,mars,SMOTET,49,563.3530701602091
DS10,mc.mars_SMOTET,mars,SMOTET,50,497.51290369436407
DS10,mc.mars_UNDERB,mars,UNDERB,1,1129.4950411416362
DS10,mc.mars_UNDERB,mars,UNDERB,2,273.68870404025864
DS10,mc.mars_UNDERB,mars,UNDERB,3,195.37222684459013
DS10,mc.mars_UNDERB,mars,UNDERB,4,154.73623850730138
DS10,mc.mars_UNDERB,mars,UNDERB,5,500.82992239224166
DS10,mc.mars_UNDERB,mars,UNDERB,6,447.04089753868203
DS10,mc.mars_UNDERB,mars,UNDERB,7,1104.1115253874316
DS10,mc.mars_UNDERB,mars,UNDERB,8,1381.7108336459498
DS10,mc.mars_UNDERB,mars,UNDERB,9,791.1980154996515
DS10,mc.mars_UNDERB,mars,UNDERB,10,531.8909819078838
DS10,mc.mars_UNDERB,mars,UNDERB,11,985.2279136649748
DS10,mc.mars_UNDERB,mars,UNDERB,12,835.1310787594392
DS10,mc.mars_UNDERB,mars,UNDERB,13,374.2819839709823
DS10,mc.mars_UNDERB,mars,UNDERB,14,543.232932852223
DS10,mc.mars_UNDERB,mars,UNDERB,15,458.5921698970534
DS10,mc.mars_UNDERB,mars,UNDERB,16,1019.3305130656447
DS10,mc.mars_UNDERB,mars,UNDERB,17,1202.1908529679254
DS10,mc.mars_UNDERB,mars,UNDERB,18,356.13988550349484
DS10,mc.mars_UNDERB,mars,UNDERB,19,202.6332604691257
DS10,mc.mars_UNDERB,mars,UNDERB,20,458.9886801937394
DS10,mc.mars_UNDERB,mars,UNDERB,21,935.4635657635936
DS10,mc.mars_UNDERB,mars,UNDERB,22,235.85335538752315
DS10,mc.mars_UNDERB,mars,UNDERB,23,1499.8533688047778
DS10,mc.mars_UNDERB,mars,UNDERB,24,1536.5378164381107
DS10,mc.mars_UNDERB,mars,UNDERB,25,628.7607407678033
DS10,mc.mars_UNDERB,mars,UNDERB,26,419.03720276403305
DS10,mc.mars_UNDERB,mars,UNDERB,27,731.6281374642247
DS10,mc.mars_UNDERB,mars,UNDERB,28,217.94263014938912
DS10,mc.mars_UNDERB,mars,UNDERB,29,207.23576505205955
DS10,mc.mars_UNDERB,mars,UNDERB,30,271.1057661298099
DS10,mc.mars_UNDERB,mars,UNDERB,31,286.8212132341419
DS10,mc.mars_UNDERB,mars,UNDERB,32,482.1994064352592
DS10,mc.mars_UNDERB,mars,UNDERB,33,622.254648220279
DS10,mc.mars_UNDERB,mars,UNDERB,34,213.0515437220963
DS10,mc.mars_UNDERB,mars,UNDERB,35,267.3189744039603
DS10,mc.mars_UNDERB,mars,UNDERB,36,592.8662955359814
DS10,mc.mars_UNDERB,mars,UNDERB,37,2675.1292806100455
DS10,mc.mars_UNDERB,mars,UNDERB,38,237.3338079818202
DS10,mc.mars_UNDERB,mars,UNDERB,39,548.3858478749207
DS10,mc.mars_UNDERB,mars,UNDERB,40,246.2294122663067
DS10,mc.mars_UNDERB,mars,UNDERB,41,217.65995425107508
DS10,mc.mars_UNDERB,mars,UNDERB,42,530.4173402721129
DS10,mc.mars_UNDERB,mars,UNDERB,43,596.3151500984245
DS10,mc.mars_UNDERB,mars,UNDERB,44,805.0941945544912
DS10,mc.mars_UNDERB,mars,UNDERB,45,468.5283606067976
DS10,mc.mars_UNDERB,mars,UNDERB,46,225.34109056122418
DS10,mc.mars_UNDERB,mars,UNDERB,47,351.318137255145
DS10,mc.mars_UNDERB,mars,UNDERB,48,399.45233391089687
DS10,mc.mars_UNDERB,mars,UNDERB,49,221.95419999999996
DS10,mc.mars_UNDERB,mars,UNDERB,50,1043.26099188606
DS10,mc.mars_UNDERTPhi,mars,UNDERTPhi,1,219.9106708068574
DS10,mc.mars_UNDERTPhi,mars,UNDERTPhi,2,180.47846138055314
DS10,mc.mars_UNDERTPhi,mars,UNDERTPhi,3,320.0445443426947
DS10,mc.mars_UNDERTPhi,mars,UNDERTPhi,4,432.7005920170828
DS10,mc.mars_UNDERTPhi,mars,UNDERTPhi,5,442.17440357445514
DS10,mc.mars_UNDERTPhi,mars,UNDERTPhi,6,232.15982026183994
DS10,mc.mars_UNDERTPhi,mars,UNDERTPhi,7,272.8547665458934
DS10,mc.mars_UNDERTPhi,mars,UNDERTPhi,8,214.6540440575344
DS10,mc.mars_UNDERTPhi,mars,UNDERTPhi,9,257.63464628956984
DS10,mc.mars_UNDERTPhi,mars,UNDERTPhi,10,301.1281307605776
DS10,mc.mars_UNDERTPhi,mars,UNDERTPhi,11,831.2009343279321
DS10,mc.mars_UNDERTPhi,mars,UNDERTPhi,12,508.80469279244875
DS10,mc.mars_UNDERTPhi,mars,UNDERTPhi,13,229.22756018969852
DS10,mc.mars_UNDERTPhi,mars,UNDERTPhi,14,254.42003501239688
DS10,mc.mars_UNDERTPhi,mars,UNDERTPhi,15,269.2879720442901
DS10,mc.mars_UNDERTPhi,mars,UNDERTPhi,16,203.4692385484829
DS10,mc.mars_UNDERTPhi,mars,UNDERTPhi,17,1196.3638227142364
DS10,mc.mars_UNDERTPhi,mars,UNDERTPhi,18,419.75031726345367
DS10,mc.mars_UNDERTPhi,mars,UNDERTPhi,19,369.0542363421147
DS10,mc.mars_UNDERTPhi,mars,UNDERTPhi,20,356.8015791083358
DS10,mc.mars_UNDERTPhi,mars,UNDERTPhi,21,317.51545817806056
DS10,mc.mars_UNDERTPhi,mars,UNDERTPhi,22,281.4444048948714
DS10,mc.mars_UNDERTPhi,mars,UNDERTPhi,23,219.32557936233485
DS10,mc.mars_UNDERTPhi,mars,UNDERTPhi,24,493.91954052199276
DS10,mc.mars_UNDERTPhi,mars,UNDERTPhi,25,187.2756880941605
DS10,mc.mars_UNDERTPhi,mars,UNDERTPhi,26,242.6266553250118
DS10,mc.mars_UNDERTPhi,mars,UNDERTPhi,27,263.84075093720753
DS10,mc.mars_UNDERTPhi,mars,UNDERTPhi,28,178.82759167043923
DS10,mc.mars_UNDERTPhi,mars,UNDERTPhi,29,242.6059654098957
DS10,mc.mars_UNDERTPhi,mars,UNDERTPhi,30,249.65587806532898
DS10,mc.mars_UNDERTPhi,mars,UNDERTPhi,31,434.7901793003251
DS10,mc.mars_UNDERTPhi,mars,UNDERTPhi,32,350.24198307112533
DS10,mc.mars_UNDERTPhi,mars,UNDERTPhi,33,633.9316202661105
DS10,mc.mars_UNDERTPhi,mars,UNDERTPhi,34,307.4852772117886
DS10,mc.mars_UNDERTPhi,mars,UNDERTPhi,35,296.3925953346872
DS10,mc.mars_UNDERTPhi,mars,UNDERTPhi,36,310.8251243685783
DS10,mc.mars_UNDERTPhi,mars,UNDERTPhi,37,349.0168164756458
DS10,mc.mars_UNDERTPhi,mars,UNDERTPhi,38,188.38057744663598
DS10,mc.mars_UNDERTPhi,mars,UNDERTPhi,39,211.31238002378115
DS10,mc.mars_UNDERTPhi,mars,UNDERTPhi,40,221.28724785144897
DS10,mc.mars_UNDERTPhi,mars,UNDERTPhi,41,331.27392803191583
DS10,mc.mars_UNDERTPhi,mars,UNDERTPhi,42,261.09073952613676
DS10,mc.mars_UNDERTPhi,mars,UNDERTPhi,43,328.7339374753132
DS10,mc.mars_UNDERTPhi,mars,UNDERTPhi,44,318.6543911704365
DS10,mc.mars_UNDERTPhi,mars,UNDERTPhi,45,211.53017316295282
DS10,mc.mars_UNDERTPhi,mars,UNDERTPhi,46,268.0961351771747
DS10,mc.mars_UNDERTPhi,mars,UNDERTPhi,47,272.0172145862266
DS10,mc.mars_UNDERTPhi,mars,UNDERTPhi,48,194.93462217361852
DS10,mc.mars_UNDERTPhi,mars,UNDERTPhi,49,191.94485659696247
DS10,mc.mars_UNDERTPhi,mars,UNDERTPhi,50,257.80433840547704
DS10,mc.mars_UNDERT,mars,UNDERT,1,364.4426767723098
DS10,mc.mars_UNDERT,mars,UNDERT,2,447.41280931251964
DS10,mc.mars_UNDERT,mars,UNDERT,3,811.248708059151
DS10,mc.mars_UNDERT,mars,UNDERT,4,271.5882581993056
DS10,mc.mars_UNDERT,mars,UNDERT,5,261.91106056025313
DS10,mc.mars_UNDERT,mars,UNDERT,6,418.4182982393463
DS10,mc.mars_UNDERT,mars,UNDERT,7,187.2313547863713
DS10,mc.mars_UNDERT,mars,UNDERT,8,777.229361090871
DS10,mc.mars_UNDERT,mars,UNDERT,9,2303.0254563085336
DS10,mc.mars_UNDERT,mars,UNDERT,10,399.02688861371996
DS10,mc.mars_UNDERT,mars,UNDERT,11,538.0539828485646
DS10,mc.mars_UNDERT,mars,UNDERT,12,273.95128062674917
DS10,mc.mars_UNDERT,mars,UNDERT,13,573.4044862625412
DS10,mc.mars_UNDERT,mars,UNDERT,14,237.1918525519847
DS10,mc.mars_UNDERT,mars,UNDERT,15,1471.9983041983696
DS10,mc.mars_UNDERT,mars,UNDERT,16,668.6444316732625
DS10,mc.mars_UNDERT,mars,UNDERT,17,201.37632561436692
DS10,mc.mars_UNDERT,mars,UNDERT,18,1053.2333264765184
DS10,mc.mars_UNDERT,mars,UNDERT,19,209.48031097890748
DS10,mc.mars_UNDERT,mars,UNDERT,20,1133.1809113658824
DS10,mc.mars_UNDERT,mars,UNDERT,21,296.4170240157296
DS10,mc.mars_UNDERT,mars,UNDERT,22,828.2372639789209
DS10,mc.mars_UNDERT,mars,UNDERT,23,644.1866632000906
DS10,mc.mars_UNDERT,mars,UNDERT,24,391.06021022337075
DS10,mc.mars_UNDERT,mars,UNDERT,25,224.74252802117826
DS10,mc.mars_UNDERT,mars,UNDERT,26,340.60577771235717
DS10,mc.mars_UNDERT,mars,UNDERT,27,400.16862149773954
DS10,mc.mars_UNDERT,mars,UNDERT,28,401.6012820298357
DS10,mc.mars_UNDERT,mars,UNDERT,29,404.9019895635801
DS10,mc.mars_UNDERT,mars,UNDERT,30,293.8039478926463
DS10,mc.mars_UNDERT,mars,UNDERT,31,204.373392937981
DS10,mc.mars_UNDERT,mars,UNDERT,32,2344.05233391526
DS10,mc.mars_UNDERT,mars,UNDERT,33,822.4706929501625
DS10,mc.mars_UNDERT,mars,UNDERT,34,1028.658277736111
DS10,mc.mars_UNDERT,mars,UNDERT,35,419.01731566402805
DS10,mc.mars_UNDERT,mars,UNDERT,36,227.59649142658284
DS10,mc.mars_UNDERT,mars,UNDERT,37,286.93525097520717
DS10,mc.mars_UNDERT,mars,UNDERT,38,483.6332969869097
DS10,mc.mars_UNDERT,mars,UNDERT,39,389.01265674458085
DS10,mc.mars_UNDERT,mars,UNDERT,40,474.5789450036129
DS10,mc.mars_UNDERT,mars,UNDERT,41,210.79769924619697
DS10,mc.mars_UNDERT,mars,UNDERT,42,1334.8882465112522
DS10,mc.mars_UNDERT,mars,UNDERT,43,331.151634616589
DS10,mc.mars_UNDERT,mars,UNDERT,44,240.65193874611137
DS10,mc.mars_UNDERT,mars,UNDERT,45,228.47794106536617
DS10,mc.mars_UNDERT,mars,UNDERT,46,462.7800148319685
DS10,mc.mars_UNDERT,mars,UNDERT,47,559.417841184051
DS10,mc.mars_UNDERT,mars,UNDERT,48,257.72153291831427
DS10,mc.mars_UNDERT,mars,UNDERT,49,481.53518433426734
DS10,mc.mars_UNDERT,mars,UNDERT,50,500.88357873209196
DS10,mc.mars,mars,baseline,1,644.6690464805708
DS10,mc.mars,mars,baseline,2,605.8284849308885
DS10,mc.mars,mars,baseline,3,605.9465181518052
DS10,mc.mars,mars,baseline,4,619.3498539466881
DS10,mc.mars,mars,baseline,5,629.2771917774575
DS10,mc.mars,mars,baseline,6,674.3408752504972
DS10,mc.mars,mars,baseline,7,678.2753933567548
DS10,mc.mars,mars,baseline,8,727.4947636052229
DS10,mc.mars,mars,baseline,9,711.1593880528351
DS10,mc.mars,mars,baseline,10,690.7061339646116
DS10,mc.mars,mars,baseline,11,678.3338697965744
DS10,mc.mars,mars,baseline,12,693.9814275772692
DS10,mc.mars,mars,baseline,13,708.0796468347215
DS10,mc.mars,mars,baseline,14,670.8679794681439
DS10,mc.mars,mars,baseline,15,672.5238308170983
DS10,mc.mars,mars,baseline,16,676.3852916649594
DS10,mc.mars,mars,baseline,17,708.2402272338203
DS10,mc.mars,mars,baseline,18,692.3076473083196
DS10,mc.mars,mars,baseline,19,679.2020197418531
DS10,mc.mars,mars,baseline,20,656.8668421676012
DS10,mc.mars,mars,baseline,21,638.7498199456622
DS10,mc.mars,mars,baseline,22,640.6639798684535
DS10,mc.mars,mars,baseline,23,635.8142317049972
DS10,mc.mars,mars,baseline,24,629.9054563565859
DS10,mc.mars,mars,baseline,25,650.343588127181
DS10,mc.mars,mars,baseline,26,651.0290856544549
DS10,mc.mars,mars,baseline,27,676.8747800737444
DS10,mc.mars,mars,baseline,28,655.4024344693976
DS10,mc.mars,mars,baseline,29,655.7820080410767
DS10,mc.mars,mars,baseline,30,660.2191953002309
DS10,mc.mars,mars,baseline,31,665.4538425969578
DS10,mc.mars,mars,baseline,32,677.0927339697254
DS10,mc.mars,mars,baseline,33,643.5341714360746
DS10,mc.mars,mars,baseline,34,677.7200064573199
DS10,mc.mars,mars,baseline,35,668.1672014359035
DS10,mc.mars,mars,baseline,36,685.4379448354268
DS10,mc.mars,mars,baseline,37,652.557877121812
DS10,mc.mars,mars,baseline,38,651.9746766575249
DS10,mc.mars,mars,baseline,39,629.3584485793069
DS10,mc.mars,mars,baseline,40,630.1607194361061
DS10,mc.mars,mars,baseline,41,628.6861810824591
DS10,mc.mars,mars,baseline,42,628.8487419831331
DS10,mc.mars,mars,baseline,43,631.4970596399764
DS10,mc.mars,mars,baseline,44,670.1241801811733
DS10,mc.mars,mars,baseline,45,671.7738095707932
DS10,mc.mars,mars,baseline,46,658.8321940634808
DS10,mc.mars,mars,baseline,47,628.3759878660524
DS10,mc.mars,mars,baseline,48,645.2059884135269
DS10,mc.mars,mars,baseline,49,634.7502401008742
DS10,mc.mars,mars,baseline,50,634.9778642709896
DS10,mc.rf_OVERB,rf,OVERB,1,633.3946911498056
DS10,mc.rf_OVERB,rf,OVERB,2,650.4781132002058
DS10,mc.rf_OVERB,rf,OVERB,3,656.2660806522224
DS10,mc.rf_OVERB,rf,OVERB,4,687.2083586298054
DS10,mc.rf_OVERB,rf,OVERB,5,663.5250086837607
DS10,mc.rf_OVERB,rf,OVERB,6,725.182485898261
DS10,mc.rf_OVERB,rf,OVERB,7,687.7203588444168
DS10,mc.rf_OVERB,rf,OVERB,8,720.4183044048158
DS10,mc.rf_OVERB,rf,OVERB,9,716.9307405452164
DS10,mc.rf_OVERB,rf,OVERB,10,723.9406424853667
DS10,mc.rf_OVERB,rf,OVERB,11,699.87564360066
DS10,mc.rf_OVERB,rf,OVERB,12,699.6910643695055
DS10,mc.rf_OVERB,rf,OVERB,13,699.4787889376279
DS10,mc.rf_OVERB,rf,OVERB,14,705.5782501243216
DS10,mc.rf_OVERB,rf,OVERB,15,696.9914189299056
DS10,mc.rf_OVERB,rf,OVERB,16,688.9324660827945
DS10,mc.rf_OVERB,rf,OVERB,17,732.3798051294032
DS10,mc.rf_OVERB,rf,OVERB,18,715.3657616100156
DS10,mc.rf_OVERB,rf,OVERB,19,665.7567521805391
DS10,mc.rf_OVERB,rf,OVERB,20,676.4078089229611
DS10,mc.rf_OVERB,rf,OVERB,21,681.185049650898
DS10,mc.rf_OVERB,rf,OVERB,22,651.1207176357277
DS10,mc.rf_OVERB,rf,OVERB,23,649.0349734148558
DS10,mc.rf_OVERB,rf,OVERB,24,593.5530694942108
DS10,mc.rf_OVERB,rf,OVERB,25,600.7575819697697
DS10,mc.rf_OVERB,rf,OVERB,26,614.3956247103874
DS10,mc.rf_OVERB,rf,OVERB,27,664.4214820182948
DS10,mc.rf_OVERB,rf,OVERB,28,671.0712045753882
DS10,mc.rf_OVERB,rf,OVERB,29,650.5394812200791
DS10,mc.rf_OVERB,rf,OVERB,30,638.7306035172469
DS10,mc.rf_OVERB,rf,OVERB,31,658.2892171029017
DS10,mc.rf_OVERB,rf,OVERB,32,673.772122802661
DS10,mc.rf_OVERB,rf,OVERB,33,672.0418857253526
DS10,mc.rf_OVERB,rf,OVERB,34,624.6999389410746
DS10,mc.rf_OVERB,rf,OVERB,35,640.3002446625367
DS10,mc.rf_OVERB,rf,OVERB,36,666.7756536061404
DS10,mc.rf_OVERB,rf,OVERB,37,661.125985275044
DS10,mc.rf_OVERB,rf,OVERB,38,662.6165727628807
DS10,mc.rf_OVERB,rf,OVERB,39,556.9882714309891
DS10,mc.rf_OVERB,rf,OVERB,40,581.2046445231279
DS10,mc.rf_OVERB,rf,OVERB,41,580.5177163718276
DS10,mc.rf_OVERB,rf,OVERB,42,569.7825289137497
DS10,mc.rf_OVERB,rf,OVERB,43,574.5765030826781
DS10,mc.rf_OVERB,rf,OVERB,44,591.1832657909057
DS10,mc.rf_OVERB,rf,OVERB,45,559.8942618940382
DS10,mc.rf_OVERB,rf,OVERB,46,589.6393339795944
DS10,mc.rf_OVERB,rf,OVERB,47,608.524632361328
DS10,mc.rf_OVERB,rf,OVERB,48,594.7620514581279
DS10,mc.rf_OVERB,rf,OVERB,49,605.0076533899221
DS10,mc.rf_OVERB,rf,OVERB,50,607.0195323294276
DS10,mc.rf_OVERTPhi,rf,OVERTPhi,1,604.437485380289
DS10,mc.rf_OVERTPhi,rf,OVERTPhi,2,625.0146885396471
DS10,mc.rf_OVERTPhi,rf,OVERTPhi,3,624.4046930048337
DS10,mc.rf_OVERTPhi,rf,OVERTPhi,4,645.7365477183611
DS10,mc.rf_OVERTPhi,rf,OVERTPhi,5,660.1891555128299
DS10,mc.rf_OVERTPhi,rf,OVERTPhi,6,700.2733563390241
DS10,mc.rf_OVERTPhi,rf,OVERTPhi,7,703.5694785206292
DS10,mc.rf_OVERTPhi,rf,OVERTPhi,8,730.8757216413715
DS10,mc.rf_OVERTPhi,rf,OVERTPhi,9,713.5661815470945
DS10,mc.rf_OVERTPhi,rf,OVERTPhi,10,721.8541297330743
DS10,mc.rf_OVERTPhi,rf,OVERTPhi,11,702.7721954858731
DS10,mc.rf_OVERTPhi,rf,OVERTPhi,12,707.8684414838003
DS10,mc.rf_OVERTPhi,rf,OVERTPhi,13,699.892551197778
DS10,mc.rf_OVERTPhi,rf,OVERTPhi,14,712.7332275708405
DS10,mc.rf_OVERTPhi,rf,OVERTPhi,15,717.945166284964
DS10,mc.rf_OVERTPhi,rf,OVERTPhi,16,709.8966392208472
DS10,mc.rf_OVERTPhi,rf,OVERTPhi,17,714.8793750074167
DS10,mc.rf_OVERTPhi,rf,OVERTPhi,18,721.7405777459483
DS10,mc.rf_OVERTPhi,rf,OVERTPhi,19,688.236551664186
DS10,mc.rf_OVERTPhi,rf,OVERTPhi,20,702.1766097882501
DS10,mc.rf_OVERTPhi,rf,OVERTPhi,21,687.3462763878437
DS10,mc.rf_OVERTPhi,rf,OVERTPhi,22,693.3775042595398
DS10,mc.rf_OVERTPhi,rf,OVERTPhi,23,700.7157357558558
DS10,mc.rf_OVERTPhi,rf,OVERTPhi,24,633.7785022269388
DS10,mc.rf_OVERTPhi,rf,OVERTPhi,25,691.28957403965
DS10,mc.rf_OVERTPhi,rf,OVERTPhi,26,696.6229009671642
DS10,mc.rf_OVERTPhi,rf,OVERTPhi,27,733.7990914752031
DS10,mc.rf_OVERTPhi,rf,OVERTPhi,28,674.1851941759423
DS10,mc.rf_OVERTPhi,rf,OVERTPhi,29,689.4571530931254
DS10,mc.rf_OVERTPhi,rf,OVERTPhi,30,707.8090313275545
DS10,mc.rf_OVERTPhi,rf,OVERTPhi,31,714.0951857265444
DS10,mc.rf_OVERTPhi,rf,OVERTPhi,32,685.9635094317055
DS10,mc.rf_OVERTPhi,rf,OVERTPhi,33,692.5923928632278
DS10,mc.rf_OVERTPhi,rf,OVERTPhi,34,701.5416220151797
DS10,mc.rf_OVERTPhi,rf,OVERTPhi,35,709.6440426986063
DS10,mc.rf_OVERTPhi,rf,OVERTPhi,36,713.0775829363777
DS10,mc.rf_OVERTPhi,rf,OVERTPhi,37,694.7271166966502
DS10,mc.rf_OVERTPhi,rf,OVERTPhi,38,680.673604823639
DS10,mc.rf_OVERTPhi,rf,OVERTPhi,39,595.8162760818277
DS10,mc.rf_OVERTPhi,rf,OVERTPhi,40,597.543518377376
DS10,mc.rf_OVERTPhi,rf,OVERTPhi,41,592.1771222251224
DS10,mc.rf_OVERTPhi,rf,OVERTPhi,42,574.2154091516612
DS10,mc.rf_OVERTPhi,rf,OVERTPhi,43,595.670567190811
DS10,mc.rf_OVERTPhi,rf,OVERTPhi,44,643.3423765008539
DS10,mc.rf_OVERTPhi,rf,OVERTPhi,45,627.031582857383
DS10,mc.rf_OVERTPhi,rf,OVERTPhi,46,633.0725099900762
DS10,mc.rf_OVERTPhi,rf,OVERTPhi,47,648.1207647416111
DS10,mc.rf_OVERTPhi,rf,OVERTPhi,48,656.6117770162609
DS10,mc.rf_OVERTPhi,rf,OVERTPhi,49,633.5211552438942
DS10,mc.rf_OVERTPhi,rf,OVERTPhi,50,615.9702798310891
DS10,mc.rf_OVERT,rf,OVERT,1,604.437485380289
DS10,mc.rf_OVERT,rf,OVERT,2,625.0146885396471
DS10,mc.rf_OVERT,rf,OVERT,3,624.4046930048337
DS10,mc.rf_OVERT,rf,OVERT,4,645.7365477183611
DS10,mc.rf_OVERT,rf,OVERT,5,660.1891555128299
DS10,mc.rf_OVERT,rf,OVERT,6,700.2733563390241
DS10,mc.rf_OVERT,rf,OVERT,7,703.5694785206292
DS10,mc.rf_OVERT,rf,OVERT,8,730.8757216413715
DS10,mc.rf_OVERT,rf,OVERT,9,713.5661815470945
DS10,mc.rf_OVERT,rf,OVERT,10,721.8541297330743
DS10,mc.rf_OVERT,rf,OVERT,11,702.7721954858731
DS10,mc.rf_OVERT,rf,OVERT,12,707.8684414838003
DS10,mc.rf_OVERT,rf,OVERT,13,699.892551197778
DS10,mc.rf_OVERT,rf,OVERT,14,712.7332275708405
DS10,mc.rf_OVERT,rf,OVERT,15,717.945166284964
DS10,mc.rf_OVERT,rf,OVERT,16,709.8966392208472
DS10,mc.rf_OVERT,rf,OVERT,17,714.8793750074167
DS10,mc.rf_OVERT,rf,OVERT,18,721.7405777459483
DS10,mc.rf_OVERT,rf,OVERT,19,688.236551664186
DS10,mc.rf_OVERT,rf,OVERT,20,702.1766097882501
DS10,mc.rf_OVERT,rf,OVERT,21,687.3462763878437
DS10,mc.rf_OVERT,rf,OVERT,22,693.3775042595398
DS10,mc.rf_OVERT,rf,OVERT,23,700.7157357558558
DS10,mc.rf_OVERT,rf,OVERT,24,633.7785022269388
DS10,mc.rf_OVERT,rf,OVERT,25,691.28957403965
DS10,mc.rf_OVERT,rf,OVERT,26,696.6229009671642
DS10,mc.rf_OVERT,rf,OVERT,27,733.7990914752031
DS10,mc.rf_OVERT,rf,OVERT,28,674.1851941759423
DS10,mc.rf_OVERT,rf,OVERT,29,689.4571530931254
DS10,mc.rf_OVERT,rf,OVERT,30,707.8090313275545
DS10,mc.rf_OVERT,rf,OVERT,31,714.0951857265444
DS10,mc.rf_OVERT,rf,OVERT,32,685.9635094317055
DS10,mc.rf_OVERT,rf,OVERT,33,692.5923928632278
DS10,mc.rf_OVERT,rf,OVERT,34,701.5416220151797
DS10,mc.rf_OVERT,rf,OVERT,35,709.6440426986063
DS10,mc.rf_OVERT,rf,OVERT,36,713.0775829363777
DS10,mc.rf_OVERT,rf,OVERT,37,694.7271166966502
DS10,mc.rf_OVERT,rf,OVERT,38,680.673604823639
DS10,mc.rf_OVERT,rf,OVERT,39,595.8162760818277
DS10,mc.rf_OVERT,rf,OVERT,40,597.543518377376
DS10,mc.rf_OVERT,rf,OVERT,41,592.1771222251224
DS10,mc.rf_OVERT,rf,OVERT,42,574.2154091516612
DS10,mc.rf_OVERT,rf,OVERT,43,595.670567190811
DS10,mc.rf_OVERT,rf,OVERT,44,643.3423765008539
DS10,mc.rf_OVERT,rf,OVERT,45,627.031582857383
DS10,mc.rf_OVERT,rf,OVERT,46,633.0725099900762
DS10,mc.rf_OVERT,rf,OVERT,47,648.1207647416111
DS10,mc.rf_OVERT,rf,OVERT,48,656.6117770162609
DS10,mc.rf_OVERT,rf,OVERT,49,633.5211552438942
DS10,mc.rf_OVERT,rf,OVERT,50,615.9702798310891
DS10,mc.rf_SMOTEB,rf,SMOTEB,1,535.6463895885197
DS10,mc.rf_SMOTEB,rf,SMOTEB,2,576.0193837860943
DS10,mc.rf_SMOTEB,rf,SMOTEB,3,469.0189298260527
DS10,mc.rf_SMOTEB,rf,SMOTEB,4,547.5051218257006
DS10,mc.rf_SMOTEB,rf,SMOTEB,5,536.7462604290365
DS10,mc.rf_SMOTEB,rf,SMOTEB,6,534.7561753326818
DS10,mc.rf_SMOTEB,rf,SMOTEB,7,513.9829145452906
DS10,mc.rf_SMOTEB,rf,SMOTEB,8,590.8022532682483
DS10,mc.rf_SMOTEB,rf,SMOTEB,9,529.1867636399461
DS10,mc.rf_SMOTEB,rf,SMOTEB,10,656.1169965234428
DS10,mc.rf_SMOTEB,rf,SMOTEB,11,516.3148956137057
DS10,mc.rf_SMOTEB,rf,SMOTEB,12,609.5734089998818
DS10,mc.rf_SMOTEB,rf,SMOTEB,13,472.88036284582336
DS10,mc.rf_SMOTEB,rf,SMOTEB,14,555.8993093915683
DS10,mc.rf_SMOTEB,rf,SMOTEB,15,540.9470798363839
DS10,mc.rf_SMOTEB,rf,SMOTEB,16,576.5675158057957
DS10,mc.rf_SMOTEB,rf,SMOTEB,17,584.991227171299
DS10,mc.rf_SMOTEB,rf,SMOTEB,18,526.470550500321
DS10,mc.rf_SMOTEB,rf,SMOTEB,19,624.1912887943365
DS10,mc.rf_SMOTEB,rf,SMOTEB,20,568.6205924764404
DS10,mc.rf_SMOTEB,rf,SMOTEB,21,544.8038496724982
DS10,mc.rf_SMOTEB,rf,SMOTEB,22,535.2520608938485
DS10,mc.rf_SMOTEB,rf,SMOTEB,23,617.2389723158827
DS10,mc.rf_SMOTEB,rf,SMOTEB,24,507.4886593334543
DS10,mc.rf_SMOTEB,rf,SMOTEB,25,509.14726459124057
DS10,mc.rf_SMOTEB,rf,SMOTEB,26,509.6729557140722
DS10,mc.rf_SMOTEB,rf,SMOTEB,27,568.6718943055703
DS10,mc.rf_SMOTEB,rf,SMOTEB,28,520.1334093149492
DS10,mc.rf_SMOTEB,rf,SMOTEB,29,436.14217208883053
DS10,mc.rf_SMOTEB,rf,SMOTEB,30,479.0461638835555
DS10,mc.rf_SMOTEB,rf,SMOTEB,31,470.81983324939756
DS10,mc.rf_SMOTEB,rf,SMOTEB,32,507.8287416826354
DS10,mc.rf_SMOTEB,rf,SMOTEB,33,508.93480034359123
DS10,mc.rf_SMOTEB,rf,SMOTEB,34,544.4813150713136
DS10,mc.rf_SMOTEB,rf,SMOTEB,35,530.1156382062288
DS10,mc.rf_SMOTEB,rf,SMOTEB,36,528.7699365763888
DS10,mc.rf_SMOTEB,rf,SMOTEB,37,404.0078925521408
DS10,mc.rf_SMOTEB,rf,SMOTEB,38,491.07822314974527
DS10,mc.rf_SMOTEB,rf,SMOTEB,39,511.1406730162006
DS10,mc.rf_SMOTEB,rf,SMOTEB,40,498.45848645210685
DS10,mc.rf_SMOTEB,rf,SMOTEB,41,459.4829757466817
DS10,mc.rf_SMOTEB,rf,SMOTEB,42,469.96460332697546
DS10,mc.rf_SMOTEB,rf,SMOTEB,43,533.9024349536154
DS10,mc.rf_SMOTEB,rf,SMOTEB,44,462.9685245768893
DS10,mc.rf_SMOTEB,rf,SMOTEB,45,450.60954563691337
DS10,mc.rf_SMOTEB,rf,SMOTEB,46,460.21860504572135
DS10,mc.rf_SMOTEB,rf,SMOTEB,47,450.47687995971626
DS10,mc.rf_SMOTEB,rf,SMOTEB,48,465.51378783813357
DS10,mc.rf_SMOTEB,rf,SMOTEB,49,438.95562215517225
DS10,mc.rf_SMOTEB,rf,SMOTEB,50,500.73933954681127
DS10,mc.rf_SMOTETPhi,rf,SMOTETPhi,1,188.6554803629997
DS10,mc.rf_SMOTETPhi,rf,SMOTETPhi,2,200.62452285511444
DS10,mc.rf_SMOTETPhi,rf,SMOTETPhi,3,189.49410407487596
DS10,mc.rf_SMOTETPhi,rf,SMOTETPhi,4,183.29290298750578
DS10,mc.rf_SMOTETPhi,rf,SMOTETPhi,5,171.9665255389057
DS10,mc.rf_SMOTETPhi,rf,SMOTETPhi,6,210.60166803528622
DS10,mc.rf_SMOTETPhi,rf,SMOTETPhi,7,171.24031813304532
DS10,mc.rf_SMOTETPhi,rf,SMOTETPhi,8,203.04441697678413
DS10,mc.rf_SMOTETPhi,rf,SMOTETPhi,9,203.72438348522832
DS10,mc.rf_SMOTETPhi,rf,SMOTETPhi,10,211.52915613934894
DS10,mc.rf_SMOTETPhi,rf,SMOTETPhi,11,219.90630345972016
DS10,mc.rf_SMOTETPhi,rf,SMOTETPhi,12,214.8236891688002
DS10,mc.rf_SMOTETPhi,rf,SMOTETPhi,13,207.48142184618524
DS10,mc.rf_SMOTETPhi,rf,SMOTETPhi,14,197.96977602996395
DS10,mc.rf_SMOTETPhi,rf,SMOTETPhi,15,196.85088853969881
DS10,mc.rf_SMOTETPhi,rf,SMOTETPhi,16,188.12175878094132
DS10,mc.rf_SMOTETPhi,rf,SMOTETPhi,17,192.57187240435337
DS10,mc.rf_SMOTETPhi,rf,SMOTETPhi,18,208.33945605393646
DS10,mc.rf_SMOTETPhi,rf,SMOTETPhi,19,189.474487153483
DS10,mc.rf_SMOTETPhi,rf,SMOTETPhi,20,197.33211699073792
DS10,mc.rf_SMOTETPhi,rf,SMOTETPhi,21,178.9911467511816
DS10,mc.rf_SMOTETPhi,rf,SMOTETPhi,22,176.37129808441028
DS10,mc.rf_SMOTETPhi,rf,SMOTETPhi,23,184.17531625410277
DS10,mc.rf_SMOTETPhi,rf,SMOTETPhi,24,179.29997380642112
DS10,mc.rf_SMOTETPhi,rf,SMOTETPhi,25,200.53731228423447
DS10,mc.rf_SMOTETPhi,rf,SMOTETPhi,26,205.5590467927655
DS10,mc.rf_SMOTETPhi,rf,SMOTETPhi,27,217.51562120649402
DS10,mc.rf_SMOTETPhi,rf,SMOTETPhi,28,194.14296661314154
DS10,mc.rf_SMOTETPhi,rf,SMOTETPhi,29,209.41994360812382
DS10,mc.rf_SMOTETPhi,rf,SMOTETPhi,30,190.34808943634346
DS10,mc.rf_SMOTETPhi,rf,SMOTETPhi,31,204.5861249690493
DS10,mc.rf_SMOTETPhi,rf,SMOTETPhi,32,183.56360336122106
DS10,mc.rf_SMOTETPhi,rf,SMOTETPhi,33,195.82834292875492
DS10,mc.rf_SMOTETPhi,rf,SMOTETPhi,34,225.65444796484488
DS10,mc.rf_SMOTETPhi,rf,SMOTETPhi,35,194.84335798000757
DS10,mc.rf_SMOTETPhi,rf,SMOTETPhi,36,193.0123956900601
DS10,mc.rf_SMOTETPhi,rf,SMOTETPhi,37,215.094325827709
DS10,mc.rf_SMOTETPhi,rf,SMOTETPhi,38,186.89964266749206
DS10,mc.rf_SMOTETPhi,rf,SMOTETPhi,39,190.1345531604557
DS10,mc.rf_SMOTETPhi,rf,SMOTETPhi,40,182.20482983410807
DS10,mc.rf_SMOTETPhi,rf,SMOTETPhi,41,156.8236267074818
DS10,mc.rf_SMOTETPhi,rf,SMOTETPhi,42,174.84210230768267
DS10,mc.rf_SMOTETPhi,rf,SMOTETPhi,43,167.86728296885335
DS10,mc.rf_SMOTETPhi,rf,SMOTETPhi,44,188.08008545854273
DS10,mc.rf_SMOTETPhi,rf,SMOTETPhi,45,162.8573694354813
DS10,mc.rf_SMOTETPhi,rf,SMOTETPhi,46,166.5669518803041
DS10,mc.rf_SMOTETPhi,rf,SMOTETPhi,47,178.52471725063344
DS10,mc.rf_SMOTETPhi,rf,SMOTETPhi,48,163.21658671513856
DS10,mc.rf_SMOTETPhi,rf,SMOTETPhi,49,159.33664144471936
DS10,mc.rf_SMOTETPhi,rf,SMOTETPhi,50,161.17160526273858
DS10,mc.rf_SMOTET,rf,SMOTET,1,455.9465463905224
DS10,mc.rf_SMOTET,rf,SMOTET,2,587.117316315643
DS10,mc.rf_SMOTET,rf,SMOTET,3,583.5949244086295
DS10,mc.rf_SMOTET,rf,SMOTET,4,535.2449316268262
DS10,mc.rf_SMOTET,rf,SMOTET,5,574.247467796348
DS10,mc.rf_SMOTET,rf,SMOTET,6,656.681989480354
DS10,mc.rf_SMOTET,rf,SMOTET,7,537.5640912545115
DS10,mc.rf_SMOTET,rf,SMOTET,8,654.9911643691198
DS10,mc.rf_SMOTET,rf,SMOTET,9,574.5971654561453
DS10,mc.rf_SMOTET,rf,SMOTET,10,601.5736875608935
DS10,mc.rf_SMOTET,rf,SMOTET,11,587.0720102007019
DS10,mc.rf_SMOTET,rf,SMOTET,12,613.3558334046378
DS10,mc.rf_SMOTET,rf,SMOTET,13,611.0037567333812
DS10,mc.rf_SMOTET,rf,SMOTET,14,591.3979152820982
DS10,mc.rf_SMOTET,rf,SMOTET,15,576.9210115674731
DS10,mc.rf_SMOTET,rf,SMOTET,16,603.5131302790861
DS10,mc.rf_SMOTET,rf,SMOTET,17,645.4486816015999
DS10,mc.rf_SMOTET,rf,SMOTET,18,569.6888129679442
DS10,mc.rf_SMOTET,rf,SMOTET,19,580.1099237458283
DS10,mc.rf_SMOTET,rf,SMOTET,20,521.5689804726798
DS10,mc.rf_SMOTET,rf,SMOTET,21,555.4496715302517
DS10,mc.rf_SMOTET,rf,SMOTET,22,535.133691777522
DS10,mc.rf_SMOTET,rf,SMOTET,23,563.2344770170782
DS10,mc.rf_SMOTET,rf,SMOTET,24,524.7773510373222
DS10,mc.rf_SMOTET,rf,SMOTET,25,522.633619506606
DS10,mc.rf_SMOTET,rf,SMOTET,26,564.8371715988114
DS10,mc.rf_SMOTET,rf,SMOTET,27,610.1968690458241
DS10,mc.rf_SMOTET,rf,SMOTET,28,421.6852565694521
DS10,mc.rf_SMOTET,rf,SMOTET,29,507.76901282549716
DS10,mc.rf_SMOTET,rf,SMOTET,30,501.15750113244576
DS10,mc.rf_SMOTET,rf,SMOTET,31,590.6191530257944
DS10,mc.rf_SMOTET,rf,SMOTET,32,514.7581613739408
DS10,mc.rf_SMOTET,rf,SMOTET,33,463.6360057956523
DS10,mc.rf_SMOTET,rf,SMOTET,34,485.2016714901802
DS10,mc.rf_SMOTET,rf,SMOTET,35,484.28721341146604
DS10,mc.rf_SMOTET,rf,SMOTET,36,470.08312240297147
DS10,mc.rf_SMOTET,rf,SMOTET,37,422.62949572176154
DS10,mc.rf_SMOTET,rf,SMOTET,38,484.4764948400889
DS10,mc.rf_SMOTET,rf,SMOTET,39,458.40730245079624
DS10,mc.rf_SMOTET,rf,SMOTET,40,441.4155086354783
DS10,mc.rf_SMOTET,rf,SMOTET,41,492.84735950175406
DS10,mc.rf_SMOTET,rf,SMOTET,42,423.67939863767174
DS10,mc.rf_SMOTET,rf,SMOTET,43,425.1543615622859
DS10,mc.rf_SMOTET,rf,SMOTET,44,471.1624008989829
DS10,mc.rf_SMOTET,rf,SMOTET,45,438.96993492385286
DS10,mc.rf_SMOTET,rf,SMOTET,46,397.1320131649935
DS10,mc.rf_SMOTET,rf,SMOTET,47,422.55813773828766
DS10,mc.rf_SMOTET,rf,SMOTET,48,469.7304229704744
DS10,mc.rf_SMOTET,rf,SMOTET,49,449.26973972775136
DS10,mc.rf_SMOTET,rf,SMOTET,50,530.876608498168
DS10,mc.rf_UNDERB,rf,UNDERB,1,205.5722794489555
DS10,mc.rf_UNDERB,rf,UNDERB,2,319.62141063856666
DS10,mc.rf_UNDERB,rf,UNDERB,3,196.7343295381221
DS10,mc.rf_UNDERB,rf,UNDERB,4,225.10907744251102
DS10,mc.rf_UNDERB,rf,UNDERB,5,251.20180377135
DS10,mc.rf_UNDERB,rf,UNDERB,6,221.88889233546104
DS10,mc.rf_UNDERB,rf,UNDERB,7,245.9217683212777
DS10,mc.rf_UNDERB,rf,UNDERB,8,290.9565653770667
DS10,mc.rf_UNDERB,rf,UNDERB,9,261.7494135038332
DS10,mc.rf_UNDERB,rf,UNDERB,10,289.9243939390499
DS10,mc.rf_UNDERB,rf,UNDERB,11,249.6137413751
DS10,mc.rf_UNDERB,rf,UNDERB,12,222.52394784585
DS10,mc.rf_UNDERB,rf,UNDERB,13,181.50466809771657
DS10,mc.rf_UNDERB,rf,UNDERB,14,219.72862463752782
DS10,mc.rf_UNDERB,rf,UNDERB,15,252.47682866125558
DS10,mc.rf_UNDERB,rf,UNDERB,16,209.16181815423897
DS10,mc.rf_UNDERB,rf,UNDERB,17,314.9933367265499
DS10,mc.rf_UNDERB,rf,UNDERB,18,253.47581556879996
DS10,mc.rf_UNDERB,rf,UNDERB,19,257.2131469089335
DS10,mc.rf_UNDERB,rf,UNDERB,20,270.708859747689
DS10,mc.rf_UNDERB,rf,UNDERB,21,192.7587116077721
DS10,mc.rf_UNDERB,rf,UNDERB,22,197.80506702963893
DS10,mc.rf_UNDERB,rf,UNDERB,23,228.5332498187278
DS10,mc.rf_UNDERB,rf,UNDERB,24,302.6844293283776
DS10,mc.rf_UNDERB,rf,UNDERB,25,206.61696833486667
DS10,mc.rf_UNDERB,rf,UNDERB,26,194.88506049992225
DS10,mc.rf_UNDERB,rf,UNDERB,27,221.64918809740558
DS10,mc.rf_UNDERB,rf,UNDERB,28,188.81132326629452
DS10,mc.rf_UNDERB,rf,UNDERB,29,188.41124853642776
DS10,mc.rf_UNDERB,rf,UNDERB,30,289.38757850155565
DS10,mc.rf_UNDERB,rf,UNDERB,31,223.12386801528908
DS10,mc.rf_UNDERB,rf,UNDERB,32,199.0844397424999
DS10,mc.rf_UNDERB,rf,UNDERB,33,199.2740932649112
DS10,mc.rf_UNDERB,rf,UNDERB,34,205.53998944107772
DS10,mc.rf_UNDERB,rf,UNDERB,35,244.86709392842204
DS10,mc.rf_UNDERB,rf,UNDERB,36,193.68658850654452
DS10,mc.rf_UNDERB,rf,UNDERB,37,221.2229079255278
DS10,mc.rf_UNDERB,rf,UNDERB,38,221.50770923347227
DS10,mc.rf_UNDERB,rf,UNDERB,39,203.97008123534997
DS10,mc.rf_UNDERB,rf,UNDERB,40,243.46908046192226
DS10,mc.rf_UNDERB,rf,UNDERB,41,225.07793673817218
DS10,mc.rf_UNDERB,rf,UNDERB,42,184.2986184066834
DS10,mc.rf_UNDERB,rf,UNDERB,43,190.96263805844444
DS10,mc.rf_UNDERB,rf,UNDERB,44,197.19800983255004
DS10,mc.rf_UNDERB,rf,UNDERB,45,206.07883016601113
DS10,mc.rf_UNDERB,rf,UNDERB,46,243.53923241311682
DS10,mc.rf_UNDERB,rf,UNDERB,47,197.9968668489001
DS10,mc.rf_UNDERB,rf,UNDERB,48,197.63965950475
DS10,mc.rf_UNDERB,rf,UNDERB,49,232.60507985970565
DS10,mc.rf_UNDERB,rf,UNDERB,50,228.81945701870558
DS10,mc.rf_UNDERTPhi,rf,UNDERTPhi,1,209.24187015768888
DS10,mc.rf_UNDERTPhi,rf,UNDERTPhi,2,204.11218393368893
DS10,mc.rf_UNDERTPhi,rf,UNDERTPhi,3,186.66264461007225
DS10,mc.rf_UNDERTPhi,rf,UNDERTPhi,4,192.0039370077723
DS10,mc.rf_UNDERTPhi,rf,UNDERTPhi,5,201.1011341007446
DS10,mc.rf_UNDERTPhi,rf,UNDERTPhi,6,179.6396767353224
DS10,mc.rf_UNDERTPhi,rf,UNDERTPhi,7,189.48645775729983
DS10,mc.rf_UNDERTPhi,rf,UNDERTPhi,8,198.88411202879448
DS10,mc.rf_UNDERTPhi,rf,UNDERTPhi,9,171.527207106489
DS10,mc.rf_UNDERTPhi,rf,UNDERTPhi,10,229.3716944189831
DS10,mc.rf_UNDERTPhi,rf,UNDERTPhi,11,217.91519403712778
DS10,mc.rf_UNDERTPhi,rf,UNDERTPhi,12,190.26184440736114
DS10,mc.rf_UNDERTPhi,rf,UNDERTPhi,13,167.42969589700562
DS10,mc.rf_UNDERTPhi,rf,UNDERTPhi,14,208.37061022654427
DS10,mc.rf_UNDERTPhi,rf,UNDERTPhi,15,187.3717422436944
DS10,mc.rf_UNDERTPhi,rf,UNDERTPhi,16,171.28251571836108
DS10,mc.rf_UNDERTPhi,rf,UNDERTPhi,17,190.8464288422221
DS10,mc.rf_UNDERTPhi,rf,UNDERTPhi,18,199.560196384961
DS10,mc.rf_UNDERTPhi,rf,UNDERTPhi,19,200.16983871776668
DS10,mc.rf_UNDERTPhi,rf,UNDERTPhi,20,210.4819098704501
DS10,mc.rf_UNDERTPhi,rf,UNDERTPhi,21,197.40688500789435
DS10,mc.rf_UNDERTPhi,rf,UNDERTPhi,22,225.6617601460112
DS10,mc.rf_UNDERTPhi,rf,UNDERTPhi,23,189.39361622054994
DS10,mc.rf_UNDERTPhi,rf,UNDERTPhi,24,216.3191782583944
DS10,mc.rf_UNDERTPhi,rf,UNDERTPhi,25,195.47711279421108
DS10,mc.rf_UNDERTPhi,rf,UNDERTPhi,26,200.1867308460333
DS10,mc.rf_UNDERTPhi,rf,UNDERTPhi,27,225.37922140429998
DS10,mc.rf_UNDERTPhi,rf,UNDERTPhi,28,164.10803099122774
DS10,mc.rf_UNDERTPhi,rf,UNDERTPhi,29,177.2498650849167
DS10,mc.rf_UNDERTPhi,rf,UNDERTPhi,30,184.28463340475554
DS10,mc.rf_UNDERTPhi,rf,UNDERTPhi,31,169.9176235488166
DS10,mc.rf_UNDERTPhi,rf,UNDERTPhi,32,186.47049916021106
DS10,mc.rf_UNDERTPhi,rf,UNDERTPhi,33,189.4272282471277
DS10,mc.rf_UNDERTPhi,rf,UNDERTPhi,34,186.1356056258166
DS10,mc.rf_UNDERTPhi,rf,UNDERTPhi,35,182.34661564048326
DS10,mc.rf_UNDERTPhi,rf,UNDERTPhi,36,184.94496432792778
DS10,mc.rf_UNDERTPhi,rf,UNDERTPhi,37,181.88548745952227
DS10,mc.rf_UNDERTPhi,rf,UNDERTPhi,38,168.8134793892722
DS10,mc.rf_UNDERTPhi,rf,UNDERTPhi,39,184.84049349595017
DS10,mc.rf_UNDERTPhi,rf,UNDERTPhi,40,188.05484637671674
DS10,mc.rf_UNDERTPhi,rf,UNDERTPhi,41,169.2736494729223
DS10,mc.rf_UNDERTPhi,rf,UNDERTPhi,42,184.53529354011127
DS10,mc.rf_UNDERTPhi,rf,UNDERTPhi,43,170.7366366506889
DS10,mc.rf_UNDERTPhi,rf,UNDERTPhi,44,176.7801105112111
DS10,mc.rf_UNDERTPhi,rf,UNDERTPhi,45,181.86477066162212
DS10,mc.rf_UNDERTPhi,rf,UNDERTPhi,46,188.54069068577223
DS10,mc.rf_UNDERTPhi,rf,UNDERTPhi,47,187.82645732566115
DS10,mc.rf_UNDERTPhi,rf,UNDERTPhi,48,155.87054383574997
DS10,mc.rf_UNDERTPhi,rf,UNDERTPhi,49,154.37439025034442
DS10,mc.rf_UNDERTPhi,rf,UNDERTPhi,50,171.75756109803328
DS10,mc.rf_UNDERT,rf,UNDERT,1,256.7988627810944
DS10,mc.rf_UNDERT,rf,UNDERT,2,225.1925288159611
DS10,mc.rf_UNDERT,rf,UNDERT,3,212.58902179465002
DS10,mc.rf_UNDERT,rf,UNDERT,4,195.95196872188336
DS10,mc.rf_UNDERT,rf,UNDERT,5,206.68469326417215
DS10,mc.rf_UNDERT,rf,UNDERT,6,249.03580446703882
DS10,mc.rf_UNDERT,rf,UNDERT,7,206.41294951445542
DS10,mc.rf_UNDERT,rf,UNDERT,8,239.13335058408333
DS10,mc.rf_UNDERT,rf,UNDERT,9,213.90349878687795
DS10,mc.rf_UNDERT,rf,UNDERT,10,213.79787848737783
DS10,mc.rf_UNDERT,rf,UNDERT,11,279.3460730126666
DS10,mc.rf_UNDERT,rf,UNDERT,12,172.4788893716889
DS10,mc.rf_UNDERT,rf,UNDERT,13,259.60570925412765
DS10,mc.rf_UNDERT,rf,UNDERT,14,232.7655000012944
DS10,mc.rf_UNDERT,rf,UNDERT,15,220.22938079118336
DS10,mc.rf_UNDERT,rf,UNDERT,16,288.1679775471667
DS10,mc.rf_UNDERT,rf,UNDERT,17,202.18527308892214
DS10,mc.rf_UNDERT,rf,UNDERT,18,226.4110060892777
DS10,mc.rf_UNDERT,rf,UNDERT,19,213.3287110707889
DS10,mc.rf_UNDERT,rf,UNDERT,20,222.56841529936122
DS10,mc.rf_UNDERT,rf,UNDERT,21,257.0982878370054
DS10,mc.rf_UNDERT,rf,UNDERT,22,271.11253543761114
DS10,mc.rf_UNDERT,rf,UNDERT,23,200.669730398711
DS10,mc.rf_UNDERT,rf,UNDERT,24,173.00225331620004
DS10,mc.rf_UNDERT,rf,UNDERT,25,163.96704756646116
DS10,mc.rf_UNDERT,rf,UNDERT,26,192.19286853443884
DS10,mc.rf_UNDERT,rf,UNDERT,27,233.446272270239
DS10,mc.rf_UNDERT,rf,UNDERT,28,226.28283231694456
DS10,mc.rf_UNDERT,rf,UNDERT,29,232.42533537069443
DS10,mc.rf_UNDERT,rf,UNDERT,30,197.17106980490553
DS10,mc.rf_UNDERT,rf,UNDERT,31,227.40928471772781
DS10,mc.rf_UNDERT,rf,UNDERT,32,196.62385281990544
DS10,mc.rf_UNDERT,rf,UNDERT,33,215.34118964432784
DS10,mc.rf_UNDERT,rf,UNDERT,34,227.33800051343323
DS10,mc.rf_UNDERT,rf,UNDERT,35,209.90452851433895
DS10,mc.rf_UNDERT,rf,UNDERT,36,233.0001643145722
DS10,mc.rf_UNDERT,rf,UNDERT,37,240.26529517154992
DS10,mc.rf_UNDERT,rf,UNDERT,38,257.70612695219444
DS10,mc.rf_UNDERT,rf,UNDERT,39,234.62062971039444
DS10,mc.rf_UNDERT,rf,UNDERT,40,178.48792829297224
DS10,mc.rf_UNDERT,rf,UNDERT,41,180.37970509234998
DS10,mc.rf_UNDERT,rf,UNDERT,42,196.4150126653667
DS10,mc.rf_UNDERT,rf,UNDERT,43,162.10354958118327
DS10,mc.rf_UNDERT,rf,UNDERT,44,169.29465664978335
DS10,mc.rf_UNDERT,rf,UNDERT,45,219.48981986905005
DS10,mc.rf_UNDERT,rf,UNDERT,46,198.5106129504445
DS10,mc.rf_UNDERT,rf,UNDERT,47,213.93384699142786
DS10,mc.rf_UNDERT,rf,UNDERT,48,214.69007303141677
DS10,mc.rf_UNDERT,rf,UNDERT,49,234.3431306284832
DS10,mc.rf_UNDERT,rf,UNDERT,50,228.18801383664436
DS10,mc.rf,rf,baseline,1,629.3965395643502
DS10,mc.rf,rf,baseline,2,640.8405614211338
DS10,mc.rf,rf,baseline,3,646.3871630061888
DS10,mc.rf,rf,baseline,4,655.4657827717219
DS10,mc.rf,rf,baseline,5,655.7754358439945
DS10,mc.rf,rf,baseline,6,692.9134210836278
DS10,mc.rf,rf,baseline,7,700.6153853040054
DS10,mc.rf,rf,baseline,8,742.4392569147888
DS10,mc.rf,rf,baseline,9,741.240693137828
DS10,mc.rf,rf,baseline,10,742.8130927095558
DS10,mc.rf,rf,baseline,11,737.2847326542446
DS10,mc.rf,rf,baseline,12,725.0051182378836
DS10,mc.rf,rf,baseline,13,734.8008750667722
DS10,mc.rf,rf,baseline,14,728.7960237031891
DS10,mc.rf,rf,baseline,15,724.6732301895111
DS10,mc.rf,rf,baseline,16,729.9966680285834
DS10,mc.rf,rf,baseline,17,730.8021695552111
DS10,mc.rf,rf,baseline,18,733.4707295753111
DS10,mc.rf,rf,baseline,19,729.8181308781999
DS10,mc.rf,rf,baseline,20,729.2491426349721
DS10,mc.rf,rf,baseline,21,709.8226553547391
DS10,mc.rf,rf,baseline,22,692.794159642139
DS10,mc.rf,rf,baseline,23,691.0232313123499
DS10,mc.rf,rf,baseline,24,656.900079745539
DS10,mc.rf,rf,baseline,25,665.835628835978
DS10,mc.rf,rf,baseline,26,670.544058511839
DS10,mc.rf,rf,baseline,27,724.1041263849442
DS10,mc.rf,rf,baseline,28,700.7305880544001
DS10,mc.rf,rf,baseline,29,698.0055416363391
DS10,mc.rf,rf,baseline,30,697.5821319670943
DS10,mc.rf,rf,baseline,31,702.5074939011276
DS10,mc.rf,rf,baseline,32,695.3501514315055
DS10,mc.rf,rf,baseline,33,687.3898096120887
DS10,mc.rf,rf,baseline,34,691.6039214504885
DS10,mc.rf,rf,baseline,35,692.8218482864556
DS10,mc.rf,rf,baseline,36,716.1680532658943
DS10,mc.rf,rf,baseline,37,684.2791267477944
DS10,mc.rf,rf,baseline,38,690.0692627801333
DS10,mc.rf,rf,baseline,39,649.9861541792504
DS10,mc.rf,rf,baseline,40,648.6231815618945
DS10,mc.rf,rf,baseline,41,633.9922300425108
DS10,mc.rf,rf,baseline,42,632.7302504935444
DS10,mc.rf,rf,baseline,43,642.6707156710888
DS10,mc.rf,rf,baseline,44,704.9120402333836
DS10,mc.rf,rf,baseline,45,668.9319287031835
DS10,mc.rf,rf,baseline,46,654.8404123898388
DS10,mc.rf,rf,baseline,47,666.1307545231166
DS10,mc.rf,rf,baseline,48,664.1421072693443
DS10,mc.rf,rf,baseline,49,644.3033587259724
DS10,mc.rf,rf,baseline,50,661.3861700341945
DS10,mc.rpart_OVERB,rpart,OVERB,1,744.5094096805037
DS10,mc.rpart_OVERB,rpart,OVERB,2,677.2460382522621
DS10,mc.rpart_OVERB,rpart,OVERB,3,711.8067550085113
DS10,mc.rpart_OVERB,rpart,OVERB,4,761.5175850002249
DS10,mc.rpart_OVERB,rpart,OVERB,5,720.721749644227
DS10,mc.rpart_OVERB,rpart,OVERB,6,770.6324478148259
DS10,mc.rpart_OVERB,rpart,OVERB,7,844.2275274704984
DS10,mc.rpart_OVERB,rpart,OVERB,8,821.1486807541183
DS10,mc.rpart_OVERB,rpart,OVERB,9,793.1306400269197
DS10,mc.rpart_OVERB,rpart,OVERB,10,770.7746059391621
DS10,mc.rpart_OVERB,rpart,OVERB,11,883.240055041613
DS10,mc.rpart_OVERB,rpart,OVERB,12,842.6199352601716
DS10,mc.rpart_OVERB,rpart,OVERB,13,909.257823480235
DS10,mc.rpart_OVERB,rpart,OVERB,14,834.7402310804345
DS10,mc.rpart_OVERB,rpart,OVERB,15,860.8975717502036
DS10,mc.rpart_OVERB,rpart,OVERB,16,889.7480383268553
DS10,mc.rpart_OVERB,rpart,OVERB,17,775.6524716007436
DS10,mc.rpart_OVERB,rpart,OVERB,18,861.6056263619602
DS10,mc.rpart_OVERB,rpart,OVERB,19,869.3275075553379
DS10,mc.rpart_OVERB,rpart,OVERB,20,818.2889829462047
DS10,mc.rpart_OVERB,rpart,OVERB,21,846.7109843532664
DS10,mc.rpart_OVERB,rpart,OVERB,22,847.6830259008618
DS10,mc.rpart_OVERB,rpart,OVERB,23,723.2734776230811
DS10,mc.rpart_OVERB,rpart,OVERB,24,699.4628605891019
DS10,mc.rpart_OVERB,rpart,OVERB,25,845.6807200142082
DS10,mc.rpart_OVERB,rpart,OVERB,26,685.4515549239953
DS10,mc.rpart_OVERB,rpart,OVERB,27,820.9581560476545
DS10,mc.rpart_OVERB,rpart,OVERB,28,968.7160815628354
DS10,mc.rpart_OVERB,rpart,OVERB,29,932.9932018433574
DS10,mc.rpart_OVERB,rpart,OVERB,30,798.0760417371044
DS10,mc.rpart_OVERB,rpart,OVERB,31,811.2929026250184
DS10,mc.rpart_OVERB,rpart,OVERB,32,978.8794200418663
DS10,mc.rpart_OVERB,rpart,OVERB,33,896.1715780410645
DS10,mc.rpart_OVERB,rpart,OVERB,34,865.9004066933799
DS10,mc.rpart_OVERB,rpart,OVERB,35,864.4374413172015
DS10,mc.rpart_OVERB,rpart,OVERB,36,896.795026852684
DS10,mc.rpart_OVERB,rpart,OVERB,37,912.312452802377
DS10,mc.rpart_OVERB,rpart,OVERB,38,878.2407826343795
DS10,mc.rpart_OVERB,rpart,OVERB,39,739.0117213383824
DS10,mc.rpart_OVERB,rpart,OVERB,40,818.247246073822
DS10,mc.rpart_OVERB,rpart,OVERB,41,915.3700751127983
DS10,mc.rpart_OVERB,rpart,OVERB,42,910.8870961760601
DS10,mc.rpart_OVERB,rpart,OVERB,43,784.6506738598234
DS10,mc.rpart_OVERB,rpart,OVERB,44,781.6962419259246
DS10,mc.rpart_OVERB,rpart,OVERB,45,747.8986084470682
DS10,mc.rpart_OVERB,rpart,OVERB,46,883.9210450776118
DS10,mc.rpart_OVERB,rpart,OVERB,47,819.7645569621961
DS10,mc.rpart_OVERB,rpart,OVERB,48,761.5625852542319
DS10,mc.rpart_OVERB,rpart,OVERB,49,667.2729065488465
DS10,mc.rpart_OVERB,rpart,OVERB,50,738.3918154239717
DS10,mc.rpart_OVERTPhi,rpart,OVERTPhi,1,844.83740043585
DS10,mc.rpart_OVERTPhi,rpart,OVERTPhi,2,628.1829183901599
DS10,mc.rpart_OVERTPhi,rpart,OVERTPhi,3,792.9842159153827
DS10,mc.rpart_OVERTPhi,rpart,OVERTPhi,4,792.9813839543308
DS10,mc.rpart_OVERTPhi,rpart,OVERTPhi,5,817.6970147094644
DS10,mc.rpart_OVERTPhi,rpart,OVERTPhi,6,812.8700508703845
DS10,mc.rpart_OVERTPhi,rpart,OVERTPhi,7,973.3347530057415
DS10,mc.rpart_OVERTPhi,rpart,OVERTPhi,8,772.4395725882536
DS10,mc.rpart_OVERTPhi,rpart,OVERTPhi,9,814.0949806253063
DS10,mc.rpart_OVERTPhi,rpart,OVERTPhi,10,868.3612414408367
DS10,mc.rpart_OVERTPhi,rpart,OVERTPhi,11,861.0956676017888
DS10,mc.rpart_OVERTPhi,rpart,OVERTPhi,12,831.0601922416265
DS10,mc.rpart_OVERTPhi,rpart,OVERTPhi,13,804.9752424987747
DS10,mc.rpart_OVERTPhi,rpart,OVERTPhi,14,864.9786627522353
DS10,mc.rpart_OVERTPhi,rpart,OVERTPhi,15,873.1385740632627
DS10,mc.rpart_OVERTPhi,rpart,OVERTPhi,16,839.5358945085748
DS10,mc.rpart_OVERTPhi,rpart,OVERTPhi,17,760.6410164389288
DS10,mc.rpart_OVERTPhi,rpart,OVERTPhi,18,853.8996536388065
DS10,mc.rpart_OVERTPhi,rpart,OVERTPhi,19,719.1393166412049
DS10,mc.rpart_OVERTPhi,rpart,OVERTPhi,20,787.3972297859434
DS10,mc.rpart_OVERTPhi,rpart,OVERTPhi,21,806.9492878151287
DS10,mc.rpart_OVERTPhi,rpart,OVERTPhi,22,750.8916904081364
DS10,mc.rpart_OVERTPhi,rpart,OVERTPhi,23,837.043710979096
DS10,mc.rpart_OVERTPhi,rpart,OVERTPhi,24,928.8584979090027
DS10,mc.rpart_OVERTPhi,rpart,OVERTPhi,25,843.7272487341794
DS10,mc.rpart_OVERTPhi,rpart,OVERTPhi,26,893.7935948792403
DS10,mc.rpart_OVERTPhi,rpart,OVERTPhi,27,839.139194540343
DS10,mc.rpart_OVERTPhi,rpart,OVERTPhi,28,976.434259422897
DS10,mc.rpart_OVERTPhi,rpart,OVERTPhi,29,865.7255103857368
DS10,mc.rpart_OVERTPhi,rpart,OVERTPhi,30,952.1797566369908
DS10,mc.rpart_OVERTPhi,rpart,OVERTPhi,31,864.6977678957996
DS10,mc.rpart_OVERTPhi,rpart,OVERTPhi,32,892.694892824261
DS10,mc.rpart_OVERTPhi,rpart,OVERTPhi,33,789.8292321283643
DS10,mc.rpart_OVERTPhi,rpart,OVERTPhi,34,952.2319760605574
DS10,mc.rpart_OVERTPhi,rpart,OVERTPhi,35,938.4681090857187
DS10,mc.rpart_OVERTPhi,rpart,OVERTPhi,36,928.6641141851059
DS10,mc.rpart_OVERTPhi,rpart,OVERTPhi,37,857.6011648575764
DS10,mc.rpart_OVERTPhi,rpart,OVERTPhi,38,861.1348892558174
DS10,mc.rpart_OVERTPhi,rpart,OVERTPhi,39,794.4188527483147
DS10,mc.rpart_OVERTPhi,rpart,OVERTPhi,40,851.4329806865364
DS10,mc.rpart_OVERTPhi,rpart,OVERTPhi,41,793.8686997132417
DS10,mc.rpart_OVERTPhi,rpart,OVERTPhi,42,729.4786138635536
DS10,mc.rpart_OVERTPhi,rpart,OVERTPhi,43,780.9096729783432
DS10,mc.rpart_OVERTPhi,rpart,OVERTPhi,44,834.0963239570522
DS10,mc.rpart_OVERTPhi,rpart,OVERTPhi,45,811.2055588564745
DS10,mc.rpart_OVERTPhi,rpart,OVERTPhi,46,776.6034161363546
DS10,mc.rpart_OVERTPhi,rpart,OVERTPhi,47,878.0359903459303
DS10,mc.rpart_OVERTPhi,rpart,OVERTPhi,48,669.0201629262885
DS10,mc.rpart_OVERTPhi,rpart,OVERTPhi,49,652.7597358624938
DS10,mc.rpart_OVERTPhi,rpart,OVERTPhi,50,746.6812403906072
DS10,mc.rpart_OVERT,rpart,OVERT,1,844.83740043585
DS10,mc.rpart_OVERT,rpart,OVERT,2,628.1829183901599
DS10,mc.rpart_OVERT,rpart,OVERT,3,792.9842159153827
DS10,mc.rpart_OVERT,rpart,OVERT,4,792.9813839543308
DS10,mc.rpart_OVERT,rpart,OVERT,5,817.6970147094644
DS10,mc.rpart_OVERT,rpart,OVERT,6,812.8700508703845
DS10,mc.rpart_OVERT,rpart,OVERT,7,973.3347530057415
DS10,mc.rpart_OVERT,rpart,OVERT,8,772.4395725882536
DS10,mc.rpart_OVERT,rpart,OVERT,9,814.0949806253063
DS10,mc.rpart_OVERT,rpart,OVERT,10,868.3612414408367
DS10,mc.rpart_OVERT,rpart,OVERT,11,861.0956676017888
DS10,mc.rpart_OVERT,rpart,OVERT,12,831.0601922416265
DS10,mc.rpart_OVERT,rpart,OVERT,13,804.9752424987747
DS10,mc.rpart_OVERT,rpart,OVERT,14,864.9786627522353
DS10,mc.rpart_OVERT,rpart,OVERT,15,873.1385740632627
DS10,mc.rpart_OVERT,rpart,OVERT,16,839.5358945085748
DS10,mc.rpart_OVERT,rpart,OVERT,17,760.6410164389288
DS10,mc.rpart_OVERT,rpart,OVERT,18,853.8996536388065
DS10,mc.rpart_OVERT,rpart,OVERT,19,719.1393166412049
DS10,mc.rpart_OVERT,rpart,OVERT,20,787.3972297859434
DS10,mc.rpart_OVERT,rpart,OVERT,21,806.9492878151287
DS10,mc.rpart_OVERT,rpart,OVERT,22,750.8916904081364
DS10,mc.rpart_OVERT,rpart,OVERT,23,837.043710979096
DS10,mc.rpart_OVERT,rpart,OVERT,24,928.8584979090027
DS10,mc.rpart_OVERT,rpart,OVERT,25,843.7272487341794
DS10,mc.rpart_OVERT,rpart,OVERT,26,893.7935948792403
DS10,mc.rpart_OVERT,rpart,OVERT,27,839.139194540343
DS10,mc.rpart_OVERT,rpart,OVERT,28,976.434259422897
DS10,mc.rpart_OVERT,rpart,OVERT,29,865.7255103857368
DS10,mc.rpart_OVERT,rpart,OVERT,30,952.1797566369908
DS10,mc.rpart_OVERT,rpart,OVERT,31,864.6977678957996
DS10,mc.rpart_OVERT,rpart,OVERT,32,892.694892824261
DS10,mc.rpart_OVERT,rpart,OVERT,33,789.8292321283643
DS10,mc.rpart_OVERT,rpart,OVERT,34,952.2319760605574
DS10,mc.rpart_OVERT,rpart,OVERT,35,938.4681090857187
DS10,mc.rpart_OVERT,rpart,OVERT,36,928.6641141851059
DS10,mc.rpart_OVERT,rpart,OVERT,37,857.6011648575764
DS10,mc.rpart_OVERT,rpart,OVERT,38,861.1348892558174
DS10,mc.rpart_OVERT,rpart,OVERT,39,794.4188527483147
DS10,mc.rpart_OVERT,rpart,OVERT,40,851.4329806865364
DS10,mc.rpart_OVERT,rpart,OVERT,41,793.8686997132417
DS10,mc.rpart_OVERT,rpart,OVERT,42,729.4786138635536
DS10,mc.rpart_OVERT,rpart,OVERT,43,780.9096729783432
DS10,mc.rpart_OVERT,rpart,OVERT,44,834.0963239570522
DS10,mc.rpart_OVERT,rpart,OVERT,45,811.2055588564745
DS10,mc.rpart_OVERT,rpart,OVERT,46,776.6034161363546
DS10,mc.rpart_OVERT,rpart,OVERT,47,878.0359903459303
DS10,mc.rpart_OVERT,rpart,OVERT,48,669.0201629262885
DS10,mc.rpart_OVERT,rpart,OVERT,49,652.7597358624938
DS10,mc.rpart_OVERT,rpart,OVERT,50,746.6812403906072
DS10,mc.rpart_SMOTEB,rpart,SMOTEB,1,721.8903467076007
DS10,mc.rpart_SMOTEB,rpart,SMOTEB,2,809.5928886823059
DS10,mc.rpart_SMOTEB,rpart,SMOTEB,3,608.2727365045092
DS10,mc.rpart_SMOTEB,rpart,SMOTEB,4,734.1593208013301
DS10,mc.rpart_SMOTEB,rpart,SMOTEB,5,980.9409236151542
DS10,mc.rpart_SMOTEB,rpart,SMOTEB,6,755.1318490854128
DS10,mc.rpart_SMOTEB,rpart,SMOTEB,7,703.2135332669507
DS10,mc.rpart_SMOTEB,rpart,SMOTEB,8,845.019827501397
DS10,mc.rpart_SMOTEB,rpart,SMOTEB,9,805.922248754602
DS10,mc.rpart_SMOTEB,rpart,SMOTEB,10,1079.6785664337035
DS10,mc.rpart_SMOTEB,rpart,SMOTEB,11,799.1893318626769
DS10,mc.rpart_SMOTEB,rpart,SMOTEB,12,1037.8871036991839
DS10,mc.rpart_SMOTEB,rpart,SMOTEB,13,850.068691969499
DS10,mc.rpart_SMOTEB,rpart,SMOTEB,14,767.6446609138013
DS10,mc.rpart_SMOTEB,rpart,SMOTEB,15,822.3629689885573
DS10,mc.rpart_SMOTEB,rpart,SMOTEB,16,756.5357567609284
DS10,mc.rpart_SMOTEB,rpart,SMOTEB,17,601.6996346820152
DS10,mc.rpart_SMOTEB,rpart,SMOTEB,18,750.4432571689747
DS10,mc.rpart_SMOTEB,rpart,SMOTEB,19,816.3187492909203
DS10,mc.rpart_SMOTEB,rpart,SMOTEB,20,864.4923472594262
DS10,mc.rpart_SMOTEB,rpart,SMOTEB,21,870.0785076573025
DS10,mc.rpart_SMOTEB,rpart,SMOTEB,22,1102.307161823392
DS10,mc.rpart_SMOTEB,rpart,SMOTEB,23,692.9510916332605
DS10,mc.rpart_SMOTEB,rpart,SMOTEB,24,671.3906356528264
DS10,mc.rpart_SMOTEB,rpart,SMOTEB,25,762.1765662919781
DS10,mc.rpart_SMOTEB,rpart,SMOTEB,26,817.8005521516958
DS10,mc.rpart_SMOTEB,rpart,SMOTEB,27,681.9639055736293
DS10,mc.rpart_SMOTEB,rpart,SMOTEB,28,1052.3640030499091
DS10,mc.rpart_SMOTEB,rpart,SMOTEB,29,724.1524505479247
DS10,mc.rpart_SMOTEB,rpart,SMOTEB,30,827.3701269166145
DS10,mc.rpart_SMOTEB,rpart,SMOTEB,31,685.2763208975928
DS10,mc.rpart_SMOTEB,rpart,SMOTEB,32,690.1308567217267
DS10,mc.rpart_SMOTEB,rpart,SMOTEB,33,810.7813773541741
DS10,mc.rpart_SMOTEB,rpart,SMOTEB,34,790.0879800841758
DS10,mc.rpart_SMOTEB,rpart,SMOTEB,35,815.0815285228998
DS10,mc.rpart_SMOTEB,rpart,SMOTEB,36,959.6158253790018
DS10,mc.rpart_SMOTEB,rpart,SMOTEB,37,459.09190248052255
DS10,mc.rpart_SMOTEB,rpart,SMOTEB,38,874.8360678333286
DS10,mc.rpart_SMOTEB,rpart,SMOTEB,39,840.6395725740213
DS10,mc.rpart_SMOTEB,rpart,SMOTEB,40,658.0985347909207
DS10,mc.rpart_SMOTEB,rpart,SMOTEB,41,739.1560569643489
DS10,mc.rpart_SMOTEB,rpart,SMOTEB,42,654.3290552728079
DS10,mc.rpart_SMOTEB,rpart,SMOTEB,43,718.1685681029351
DS10,mc.rpart_SMOTEB,rpart,SMOTEB,44,666.3199562742401
DS10,mc.rpart_SMOTEB,rpart,SMOTEB,45,694.760152681018
DS10,mc.rpart_SMOTEB,rpart,SMOTEB,46,696.3107170860923
DS10,mc.rpart_SMOTEB,rpart,SMOTEB,47,734.9952025428596
DS10,mc.rpart_SMOTEB,rpart,SMOTEB,48,720.9419888093278
DS10,mc.rpart_SMOTEB,rpart,SMOTEB,49,749.7123851184879
DS10,mc.rpart_SMOTEB,rpart,SMOTEB,50,858.2439426365805
DS10,mc.rpart_SMOTETPhi,rpart,SMOTETPhi,1,233.47437163501047
DS10,mc.rpart_SMOTETPhi,rpart,SMOTETPhi,2,376.3962276693195
DS10,mc.rpart_SMOTETPhi,rpart,SMOTETPhi,3,307.86982920853177
DS10,mc.rpart_SMOTETPhi,rpart,SMOTETPhi,4,276.744542221333
DS10,mc.rpart_SMOTETPhi,rpart,SMOTETPhi,5,264.2603025235318
DS10,mc.rpart_SMOTETPhi,rpart,SMOTETPhi,6,310.9144944691639
DS10,mc.rpart_SMOTETPhi,rpart,SMOTETPhi,7,225.98571646309185
DS10,mc.rpart_SMOTETPhi,rpart,SMOTETPhi,8,305.0689056689968
DS10,mc.rpart_SMOTETPhi,rpart,SMOTETPhi,9,302.0570760390976
DS10,mc.rpart_SMOTETPhi,rpart,SMOTETPhi,10,324.396880248227
DS10,mc.rpart_SMOTETPhi,rpart,SMOTETPhi,11,254.0788535072022
DS10,mc.rpart_SMOTETPhi,rpart,SMOTETPhi,12,329.8160531183149
DS10,mc.rpart_SMOTETPhi,rpart,SMOTETPhi,13,317.03570510269265
DS10,mc.rpart_SMOTETPhi,rpart,SMOTETPhi,14,312.73788748675327
DS10,mc.rpart_SMOTETPhi,rpart,SMOTETPhi,15,262.9106589598319
DS10,mc.rpart_SMOTETPhi,rpart,SMOTETPhi,16,273.1417413853968
DS10,mc.rpart_SMOTETPhi,rpart,SMOTETPhi,17,234.68557307541528
DS10,mc.rpart_SMOTETPhi,rpart,SMOTETPhi,18,335.4884203985083
DS10,mc.rpart_SMOTETPhi,rpart,SMOTETPhi,19,307.6391050379586
DS10,mc.rpart_SMOTETPhi,rpart,SMOTETPhi,20,307.884599120699
DS10,mc.rpart_SMOTETPhi,rpart,SMOTETPhi,21,296.04514296547336
DS10,mc.rpart_SMOTETPhi,rpart,SMOTETPhi,22,276.7763088273406
DS10,mc.rpart_SMOTETPhi,rpart,SMOTETPhi,23,328.7003925506255
DS10,mc.rpart_SMOTETPhi,rpart,SMOTETPhi,24,246.22552210228312
DS10,mc.rpart_SMOTETPhi,rpart,SMOTETPhi,25,309.34966331387477
DS10,mc.rpart_SMOTETPhi,rpart,SMOTETPhi,26,275.17756106163216
DS10,mc.rpart_SMOTETPhi,rpart,SMOTETPhi,27,356.37441721904406
DS10,mc.rpart_SMOTETPhi,rpart,SMOTETPhi,28,294.1406823426656
DS10,mc.rpart_SMOTETPhi,rpart,SMOTETPhi,29,342.55524548736787
DS10,mc.rpart_SMOTETPhi,rpart,SMOTETPhi,30,272.55327112363443
DS10,mc.rpart_SMOTETPhi,rpart,SMOTETPhi,31,339.9034176720563
DS10,mc.rpart_SMOTETPhi,rpart,SMOTETPhi,32,265.3423737524347
DS10,mc.rpart_SMOTETPhi,rpart,SMOTETPhi,33,331.9031586403937
DS10,mc.rpart_SMOTETPhi,rpart,SMOTETPhi,34,292.37441481987355
DS10,mc.rpart_SMOTETPhi,rpart,SMOTETPhi,35,267.67454643459433
DS10,mc.rpart_SMOTETPhi,rpart,SMOTETPhi,36,239.45367735637768
DS10,mc.rpart_SMOTETPhi,rpart,SMOTETPhi,37,332.7680007412217
DS10,mc.rpart_SMOTETPhi,rpart,SMOTETPhi,38,260.5064565160417
DS10,mc.rpart_SMOTETPhi,rpart,SMOTETPhi,39,292.6859852475077
DS10,mc.rpart_SMOTETPhi,rpart,SMOTETPhi,40,264.93633965845845
DS10,mc.rpart_SMOTETPhi,rpart,SMOTETPhi,41,223.4137514755143
DS10,mc.rpart_SMOTETPhi,rpart,SMOTETPhi,42,226.82567950369753
DS10,mc.rpart_SMOTETPhi,rpart,SMOTETPhi,43,223.09916235102278
DS10,mc.rpart_SMOTETPhi,rpart,SMOTETPhi,44,304.04879091451306
DS10,mc.rpart_SMOTETPhi,rpart,SMOTETPhi,45,250.17584435607955
DS10,mc.rpart_SMOTETPhi,rpart,SMOTETPhi,46,280.7961153391189
DS10,mc.rpart_SMOTETPhi,rpart,SMOTETPhi,47,277.7252222228089
DS10,mc.rpart_SMOTETPhi,rpart,SMOTETPhi,48,264.2960811478099
DS10,mc.rpart_SMOTETPhi,rpart,SMOTETPhi,49,261.3903864078515
DS10,mc.rpart_SMOTETPhi,rpart,SMOTETPhi,50,254.97856732183507
DS10,mc.rpart_SMOTET,rpart,SMOTET,1,585.9735552132797
DS10,mc.rpart_SMOTET,rpart,SMOTET,2,848.1628232804626
DS10,mc.rpart_SMOTET,rpart,SMOTET,3,820.7812659608909
DS10,mc.rpart_SMOTET,rpart,SMOTET,4,759.9014656277222
DS10,mc.rpart_SMOTET,rpart,SMOTET,5,823.6172362213395
DS10,mc.rpart_SMOTET,rpart,SMOTET,6,1027.39480925197
DS10,mc.rpart_SMOTET,rpart,SMOTET,7,814.0904090929259
DS10,mc.rpart_SMOTET,rpart,SMOTET,8,993.6958578621031
DS10,mc.rpart_SMOTET,rpart,SMOTET,9,759.5044109254504
DS10,mc.rpart_SMOTET,rpart,SMOTET,10,977.7904688753026
DS10,mc.rpart_SMOTET,rpart,SMOTET,11,812.6594183444234
DS10,mc.rpart_SMOTET,rpart,SMOTET,12,857.1115449793544
DS10,mc.rpart_SMOTET,rpart,SMOTET,13,877.3064426167248
DS10,mc.rpart_SMOTET,rpart,SMOTET,14,823.5821640288149
DS10,mc.rpart_SMOTET,rpart,SMOTET,15,827.493365329957
DS10,mc.rpart_SMOTET,rpart,SMOTET,16,861.5535358724571
DS10,mc.rpart_SMOTET,rpart,SMOTET,17,897.7731193660311
DS10,mc.rpart_SMOTET,rpart,SMOTET,18,827.5840862012723
DS10,mc.rpart_SMOTET,rpart,SMOTET,19,676.4165307141102
DS10,mc.rpart_SMOTET,rpart,SMOTET,20,854.1346459195211
DS10,mc.rpart_SMOTET,rpart,SMOTET,21,845.4077721869926
DS10,mc.rpart_SMOTET,rpart,SMOTET,22,810.4178477697212
DS10,mc.rpart_SMOTET,rpart,SMOTET,23,822.6197013056444
DS10,mc.rpart_SMOTET,rpart,SMOTET,24,884.8663399331276
DS10,mc.rpart_SMOTET,rpart,SMOTET,25,923.3730042905445
DS10,mc.rpart_SMOTET,rpart,SMOTET,26,997.0291870273295
DS10,mc.rpart_SMOTET,rpart,SMOTET,27,842.8995127824469
DS10,mc.rpart_SMOTET,rpart,SMOTET,28,625.0170031523185
DS10,mc.rpart_SMOTET,rpart,SMOTET,29,772.0287924640602
DS10,mc.rpart_SMOTET,rpart,SMOTET,30,929.3144523256567
DS10,mc.rpart_SMOTET,rpart,SMOTET,31,778.3663286703384
DS10,mc.rpart_SMOTET,rpart,SMOTET,32,881.5980199578056
DS10,mc.rpart_SMOTET,rpart,SMOTET,33,798.4760225188666
DS10,mc.rpart_SMOTET,rpart,SMOTET,34,620.0089782110592
DS10,mc.rpart_SMOTET,rpart,SMOTET,35,736.0505409178729
DS10,mc.rpart_SMOTET,rpart,SMOTET,36,820.8649660925491
DS10,mc.rpart_SMOTET,rpart,SMOTET,37,643.0334648482153
DS10,mc.rpart_SMOTET,rpart,SMOTET,38,825.9434822196654
DS10,mc.rpart_SMOTET,rpart,SMOTET,39,803.1603333649141
DS10,mc.rpart_SMOTET,rpart,SMOTET,40,781.5731427269006
DS10,mc.rpart_SMOTET,rpart,SMOTET,41,724.3918129401384
DS10,mc.rpart_SMOTET,rpart,SMOTET,42,596.8609608298394
DS10,mc.rpart_SMOTET,rpart,SMOTET,43,670.5423520609788
DS10,mc.rpart_SMOTET,rpart,SMOTET,44,617.4906723268941
DS10,mc.rpart_SMOTET,rpart,SMOTET,45,673.1904060018254
DS10,mc.rpart_SMOTET,rpart,SMOTET,46,593.2752921775757
DS10,mc.rpart_SMOTET,rpart,SMOTET,47,647.4908699685395
DS10,mc.rpart_SMOTET,rpart,SMOTET,48,800.3220363531342
DS10,mc.rpart_SMOTET,rpart,SMOTET,49,725.5693025641198
DS10,mc.rpart_SMOTET,rpart,SMOTET,50,644.9700052127002
DS10,mc.rpart_UNDERB,rpart,UNDERB,1,325.67529031242134
DS10,mc.rpart_UNDERB,rpart,UNDERB,2,690.6057516975306
DS10,mc.rpart_UNDERB,rpart,UNDERB,3,573.3071388888891
DS10,mc.rpart_UNDERB,rpart,UNDERB,4,708.3012528344674
DS10,mc.rpart_UNDERB,rpart,UNDERB,5,424.39611286218167
DS10,mc.rpart_UNDERB,rpart,UNDERB,6,491.66747407407416
DS10,mc.rpart_UNDERB,rpart,UNDERB,7,640.428441269841
DS10,mc.rpart_UNDERB,rpart,UNDERB,8,640.841111111111
DS10,mc.rpart_UNDERB,rpart,UNDERB,9,661.0954669784585
DS10,mc.rpart_UNDERB,rpart,UNDERB,10,539.3766377314814
DS10,mc.rpart_UNDERB,rpart,UNDERB,11,447.949434375
DS10,mc.rpart_UNDERB,rpart,UNDERB,12,376.7083919430271
DS10,mc.rpart_UNDERB,rpart,UNDERB,13,256.98942222222223
DS10,mc.rpart_UNDERB,rpart,UNDERB,14,332.8424832294031
DS10,mc.rpart_UNDERB,rpart,UNDERB,15,434.4902607709747
DS10,mc.rpart_UNDERB,rpart,UNDERB,16,402.65535249433094
DS10,mc.rpart_UNDERB,rpart,UNDERB,17,618.0866073200112
DS10,mc.rpart_UNDERB,rpart,UNDERB,18,736.2832968253963
DS10,mc.rpart_UNDERB,rpart,UNDERB,19,839.0822852891152
DS10,mc.rpart_UNDERB,rpart,UNDERB,20,858.2015098143422
DS10,mc.rpart_UNDERB,rpart,UNDERB,21,252.01082748724482
DS10,mc.rpart_UNDERB,rpart,UNDERB,22,431.49385487528366
DS10,mc.rpart_UNDERB,rpart,UNDERB,23,354.7238863693625
DS10,mc.rpart_UNDERB,rpart,UNDERB,24,630.4044336734692
DS10,mc.rpart_UNDERB,rpart,UNDERB,25,524.9739757936505
DS10,mc.rpart_UNDERB,rpart,UNDERB,26,398.88191326530637
DS10,mc.rpart_UNDERB,rpart,UNDERB,27,538.8073668784634
DS10,mc.rpart_UNDERB,rpart,UNDERB,28,310.48981481481485
DS10,mc.rpart_UNDERB,rpart,UNDERB,29,406.85013480725615
DS10,mc.rpart_UNDERB,rpart,UNDERB,30,627.6151319601917
DS10,mc.rpart_UNDERB,rpart,UNDERB,31,500.4537672461578
DS10,mc.rpart_UNDERB,rpart,UNDERB,32,539.734237037037
DS10,mc.rpart_UNDERB,rpart,UNDERB,33,379.8143288194445
DS10,mc.rpart_UNDERB,rpart,UNDERB,34,559.7479745370368
DS10,mc.rpart_UNDERB,rpart,UNDERB,35,709.5290833333333
DS10,mc.rpart_UNDERB,rpart,UNDERB,36,566.5852463514112
DS10,mc.rpart_UNDERB,rpart,UNDERB,37,395.9029414965986
DS10,mc.rpart_UNDERB,rpart,UNDERB,38,680.8817793879122
DS10,mc.rpart_UNDERB,rpart,UNDERB,39,611.5406335034011
DS10,mc.rpart_UNDERB,rpart,UNDERB,40,419.12926975308636
DS10,mc.rpart_UNDERB,rpart,UNDERB,41,442.17420945216065
DS10,mc.rpart_UNDERB,rpart,UNDERB,42,476.97299271541965
DS10,mc.rpart_UNDERB,rpart,UNDERB,43,368.33592498110363
DS10,mc.rpart_UNDERB,rpart,UNDERB,44,406.2364123582763
DS10,mc.rpart_UNDERB,rpart,UNDERB,45,397.18855106764937
DS10,mc.rpart_UNDERB,rpart,UNDERB,46,673.8614479087935
DS10,mc.rpart_UNDERB,rpart,UNDERB,47,418.8031009070293
DS10,mc.rpart_UNDERB,rpart,UNDERB,48,387.303449744898
DS10,mc.rpart_UNDERB,rpart,UNDERB,49,494.1912482638892
DS10,mc.rpart_UNDERB,rpart,UNDERB,50,401.4037414965984
DS10,mc.rpart_UNDERTPhi,rpart,UNDERTPhi,1,246.54651927437618
DS10,mc.rpart_UNDERTPhi,rpart,UNDERTPhi,2,268.8009805555555
DS10,mc.rpart_UNDERTPhi,rpart,UNDERTPhi,3,275.46260226757374
DS10,mc.rpart_UNDERTPhi,rpart,UNDERTPhi,4,275.1337625094483
DS10,mc.rpart_UNDERTPhi,rpart,UNDERTPhi,5,255.01841996173462
DS10,mc.rpart_UNDERTPhi,rpart,UNDERTPhi,6,231.88634259259254
DS10,mc.rpart_UNDERTPhi,rpart,UNDERTPhi,7,294.0329528061224
DS10,mc.rpart_UNDERTPhi,rpart,UNDERTPhi,8,279.37863321759255
DS10,mc.rpart_UNDERTPhi,rpart,UNDERTPhi,9,263.9058854166665
DS10,mc.rpart_UNDERTPhi,rpart,UNDERTPhi,10,273.51541961451255
DS10,mc.rpart_UNDERTPhi,rpart,UNDERTPhi,11,314.627872222222
DS10,mc.rpart_UNDERTPhi,rpart,UNDERTPhi,12,280.5519748015872
DS10,mc.rpart_UNDERTPhi,rpart,UNDERTPhi,13,229.25530694444447
DS10,mc.rpart_UNDERTPhi,rpart,UNDERTPhi,14,309.84920567838253
DS10,mc.rpart_UNDERTPhi,rpart,UNDERTPhi,15,250.94577925170057
DS10,mc.rpart_UNDERTPhi,rpart,UNDERTPhi,16,291.5993498441044
DS10,mc.rpart_UNDERTPhi,rpart,UNDERTPhi,17,259.29945648778033
DS10,mc.rpart_UNDERTPhi,rpart,UNDERTPhi,18,280.51305272108857
DS10,mc.rpart_UNDERTPhi,rpart,UNDERTPhi,19,241.1351342639835
DS10,mc.rpart_UNDERTPhi,rpart,UNDERTPhi,20,384.92803106576
DS10,mc.rpart_UNDERTPhi,rpart,UNDERTPhi,21,308.9989989969135
DS10,mc.rpart_UNDERTPhi,rpart,UNDERTPhi,22,398.38502916666664
DS10,mc.rpart_UNDERTPhi,rpart,UNDERTPhi,23,274.63220019132655
DS10,mc.rpart_UNDERTPhi,rpart,UNDERTPhi,24,280.4305894116907
DS10,mc.rpart_UNDERTPhi,rpart,UNDERTPhi,25,233.65893211451254
DS10,mc.rpart_UNDERTPhi,rpart,UNDERTPhi,26,252.31665782312925
DS10,mc.rpart_UNDERTPhi,rpart,UNDERTPhi,27,339.8610315822625
DS10,mc.rpart_UNDERTPhi,rpart,UNDERTPhi,28,242.8419555555558
DS10,mc.rpart_UNDERTPhi,rpart,UNDERTPhi,29,265.5647703294281
DS10,mc.rpart_UNDERTPhi,rpart,UNDERTPhi,30,317.51658915107726
DS10,mc.rpart_UNDERTPhi,rpart,UNDERTPhi,31,300.9639299492944
DS10,mc.rpart_UNDERTPhi,rpart,UNDERTPhi,32,230.32126102292779
DS10,mc.rpart_UNDERTPhi,rpart,UNDERTPhi,33,247.30363767006804
DS10,mc.rpart_UNDERTPhi,rpart,UNDERTPhi,34,262.9094222505669
DS10,mc.rpart_UNDERTPhi,rpart,UNDERTPhi,35,233.64262583852985
DS10,mc.rpart_UNDERTPhi,rpart,UNDERTPhi,36,233.53007964852608
DS10,mc.rpart_UNDERTPhi,rpart,UNDERTPhi,37,302.85054548611106
DS10,mc.rpart_UNDERTPhi,rpart,UNDERTPhi,38,255.02622889739234
DS10,mc.rpart_UNDERTPhi,rpart,UNDERTPhi,39,293.52286381172803
DS10,mc.rpart_UNDERTPhi,rpart,UNDERTPhi,40,226.16103052721076
DS10,mc.rpart_UNDERTPhi,rpart,UNDERTPhi,41,244.3767930941358
DS10,mc.rpart_UNDERTPhi,rpart,UNDERTPhi,42,303.4702673689845
DS10,mc.rpart_UNDERTPhi,rpart,UNDERTPhi,43,288.35803349710255
DS10,mc.rpart_UNDERTPhi,rpart,UNDERTPhi,44,282.2130729166668
DS10,mc.rpart_UNDERTPhi,rpart,UNDERTPhi,45,293.3515111111112
DS10,mc.rpart_UNDERTPhi,rpart,UNDERTPhi,46,266.2678885416667
DS10,mc.rpart_UNDERTPhi,rpart,UNDERTPhi,47,203.67077086167797
DS10,mc.rpart_UNDERTPhi,rpart,UNDERTPhi,48,262.5135872700933
DS10,mc.rpart_UNDERTPhi,rpart,UNDERTPhi,49,270.1632673469385
DS10,mc.rpart_UNDERTPhi,rpart,UNDERTPhi,50,244.1181555555554
DS10,mc.rpart_UNDERT,rpart,UNDERT,1,470.3039980158728
DS10,mc.rpart_UNDERT,rpart,UNDERT,2,371.0364831349211
DS10,mc.rpart_UNDERT,rpart,UNDERT,3,410.05986352040827
DS10,mc.rpart_UNDERT,rpart,UNDERT,4,383.167405169753
DS10,mc.rpart_UNDERT,rpart,UNDERT,5,316.4075118055556
DS10,mc.rpart_UNDERT,rpart,UNDERT,6,451.9051209876542
DS10,mc.rpart_UNDERT,rpart,UNDERT,7,434.9492093608276
DS10,mc.rpart_UNDERT,rpart,UNDERT,8,406.51328888888895
DS10,mc.rpart_UNDERT,rpart,UNDERT,9,1022.7788661344166
DS10,mc.rpart_UNDERT,rpart,UNDERT,10,481.5144326530615
DS10,mc.rpart_UNDERT,rpart,UNDERT,11,552.6147395833332
DS10,mc.rpart_UNDERT,rpart,UNDERT,12,329.46097222222204
DS10,mc.rpart_UNDERT,rpart,UNDERT,13,548.1651580215415
DS10,mc.rpart_UNDERT,rpart,UNDERT,14,458.7492847222223
DS10,mc.rpart_UNDERT,rpart,UNDERT,15,417.8077774234695
DS10,mc.rpart_UNDERT,rpart,UNDERT,16,517.1640958049887
DS10,mc.rpart_UNDERT,rpart,UNDERT,17,445.93917562358257
DS10,mc.rpart_UNDERT,rpart,UNDERT,18,435.83731805555556
DS10,mc.rpart_UNDERT,rpart,UNDERT,19,425.4442708333333
DS10,mc.rpart_UNDERT,rpart,UNDERT,20,757.989361378811
DS10,mc.rpart_UNDERT,rpart,UNDERT,21,484.41166423611116
DS10,mc.rpart_UNDERT,rpart,UNDERT,22,548.0732306760206
DS10,mc.rpart_UNDERT,rpart,UNDERT,23,398.6894983560091
DS10,mc.rpart_UNDERT,rpart,UNDERT,24,421.39962673611103
DS10,mc.rpart_UNDERT,rpart,UNDERT,25,330.6020486111113
DS10,mc.rpart_UNDERT,rpart,UNDERT,26,422.68039999999996
DS10,mc.rpart_UNDERT,rpart,UNDERT,27,519.864786734694
DS10,mc.rpart_UNDERT,rpart,UNDERT,28,550.9481763038548
DS10,mc.rpart_UNDERT,rpart,UNDERT,29,476.45899999999995
DS10,mc.rpart_UNDERT,rpart,UNDERT,30,436.08600212191357
DS10,mc.rpart_UNDERT,rpart,UNDERT,31,439.35694699546485
DS10,mc.rpart_UNDERT,rpart,UNDERT,32,506.05313049177994
DS10,mc.rpart_UNDERT,rpart,UNDERT,33,543.9784503401362
DS10,mc.rpart_UNDERT,rpart,UNDERT,34,486.6322060657597
DS10,mc.rpart_UNDERT,rpart,UNDERT,35,462.1040418509068
DS10,mc.rpart_UNDERT,rpart,UNDERT,36,522.1943671264801
DS10,mc.rpart_UNDERT,rpart,UNDERT,37,599.6009897959186
DS10,mc.rpart_UNDERT,rpart,UNDERT,38,572.205193197279
DS10,mc.rpart_UNDERT,rpart,UNDERT,39,723.1003776769961
DS10,mc.rpart_UNDERT,rpart,UNDERT,40,435.7919887731481
DS10,mc.rpart_UNDERT,rpart,UNDERT,41,471.31755668934227
DS10,mc.rpart_UNDERT,rpart,UNDERT,42,598.9220130511465
DS10,mc.rpart_UNDERT,rpart,UNDERT,43,382.4876653439153
DS10,mc.rpart_UNDERT,rpart,UNDERT,44,471.9335689310911
DS10,mc.rpart_UNDERT,rpart,UNDERT,45,366.5220291666666
DS10,mc.rpart_UNDERT,rpart,UNDERT,46,406.4803332199547
DS10,mc.rpart_UNDERT,rpart,UNDERT,47,447.94233958333336
DS10,mc.rpart_UNDERT,rpart,UNDERT,48,486.3128746811222
DS10,mc.rpart_UNDERT,rpart,UNDERT,49,475.0607961309523
DS10,mc.rpart_UNDERT,rpart,UNDERT,50,358.5599169146826
DS10,mc.rpart,rpart,baseline,1,650.7925519974913
DS10,mc.rpart,rpart,baseline,2,937.0427279997886
DS10,mc.rpart,rpart,baseline,3,822.3538182173564
DS10,mc.rpart,rpart,baseline,4,673.3206816376114
DS10,mc.rpart,rpart,baseline,5,578.3413348332389
DS10,mc.rpart,rpart,baseline,6,676.072722352643
DS10,mc.rpart,rpart,baseline,7,774.2743004847433
DS10,mc.rpart,rpart,baseline,8,828.6283235371651
DS10,mc.rpart,rpart,baseline,9,812.8117045537576
DS10,mc.rpart,rpart,baseline,10,911.0918327919464
DS10,mc.rpart,rpart,baseline,11,862.3655834860655
DS10,mc.rpart,rpart,baseline,12,957.8788367150163
DS10,mc.rpart,rpart,baseline,13,945.8686375294121
DS10,mc.rpart,rpart,baseline,14,871.9815359712877
DS10,mc.rpart,rpart,baseline,15,757.0788199233825
DS10,mc.rpart,rpart,baseline,16,793.9782808329312
DS10,mc.rpart,rpart,baseline,17,926.9849548726011
DS10,mc.rpart,rpart,baseline,18,935.0529708834034
DS10,mc.rpart,rpart,baseline,19,864.3154600360501
DS10,mc.rpart,rpart,baseline,20,883.9632676934302
DS10,mc.rpart,rpart,baseline,21,949.4669809875703
DS10,mc.rpart,rpart,baseline,22,954.6827459786667
DS10,mc.rpart,rpart,baseline,23,923.9680640526578
DS10,mc.rpart,rpart,baseline,24,872.2593096914181
DS10,mc.rpart,rpart,baseline,25,974.4792104242283
DS10,mc.rpart,rpart,baseline,26,850.6967649155961
DS10,mc.rpart,rpart,baseline,27,848.9341374642568
DS10,mc.rpart,rpart,baseline,28,914.1527322956038
DS10,mc.rpart,rpart,baseline,29,906.2451225458241
DS10,mc.rpart,rpart,baseline,30,1004.7143470718381
DS10,mc.rpart,rpart,baseline,31,994.2012197359047
DS10,mc.rpart,rpart,baseline,32,996.4056016055507
DS10,mc.rpart,rpart,baseline,33,733.8895176013109
DS10,mc.rpart,rpart,baseline,34,721.3821187736203
DS10,mc.rpart,rpart,baseline,35,714.7407752724237
DS10,mc.rpart,rpart,baseline,36,773.648328802194
DS10,mc.rpart,rpart,baseline,37,790.2518871746121
DS10,mc.rpart,rpart,baseline,38,862.2517017465626
DS10,mc.rpart,rpart,baseline,39,854.3508106787767
DS10,mc.rpart,rpart,baseline,40,853.3614851992797
DS10,mc.rpart,rpart,baseline,41,773.0808408029413
DS10,mc.rpart,rpart,baseline,42,674.2586079925206
DS10,mc.rpart,rpart,baseline,43,831.8309293902748
DS10,mc.rpart,rpart,baseline,44,872.9671255390249
DS10,mc.rpart,rpart,baseline,45,824.8317564417378
DS10,mc.rpart,rpart,baseline,46,847.237016525158
DS10,mc.rpart,rpart,baseline,47,738.0260481575963
DS10,mc.rpart,rpart,baseline,48,716.2137480993322
DS10,mc.rpart,rpart,baseline,49,797.7632931287794
DS10,mc.rpart,rpart,baseline,50,799.1280731733434
DS10,mc.svm_OVERB,svm,OVERB,1,319.2205850427838
DS10,mc.svm_OVERB,svm,OVERB,2,379.37456103143336
DS10,mc.svm_OVERB,svm,OVERB,3,353.4666823666346
DS10,mc.svm_OVERB,svm,OVERB,4,366.6022616019446
DS10,mc.svm_OVERB,svm,OVERB,5,371.2464523965848
DS10,mc.svm_OVERB,svm,OVERB,6,379.4809303629308
DS10,mc.svm_OVERB,svm,OVERB,7,405.76781031192024
DS10,mc.svm_OVERB,svm,OVERB,8,389.88054454527935
DS10,mc.svm_OVERB,svm,OVERB,9,380.78312968157184
DS10,mc.svm_OVERB,svm,OVERB,10,399.0230098681476
DS10,mc.svm_OVERB,svm,OVERB,11,331.80578018595054
DS10,mc.svm_OVERB,svm,OVERB,12,339.8663701867771
DS10,mc.svm_OVERB,svm,OVERB,13,327.33236845042956
DS10,mc.svm_OVERB,svm,OVERB,14,329.43247122227626
DS10,mc.svm_OVERB,svm,OVERB,15,328.95284134307894
DS10,mc.svm_OVERB,svm,OVERB,16,334.23719804881273
DS10,mc.svm_OVERB,svm,OVERB,17,315.89249716770547
DS10,mc.svm_OVERB,svm,OVERB,18,334.9817974570475
DS10,mc.svm_OVERB,svm,OVERB,19,332.91223199394216
DS10,mc.svm_OVERB,svm,OVERB,20,319.0083122978762
DS10,mc.svm_OVERB,svm,OVERB,21,348.5871019433748
DS10,mc.svm_OVERB,svm,OVERB,22,329.7763427983939
DS10,mc.svm_OVERB,svm,OVERB,23,339.0765603283784
DS10,mc.svm_OVERB,svm,OVERB,24,363.54650959774233
DS10,mc.svm_OVERB,svm,OVERB,25,349.2919556132721
DS10,mc.svm_OVERB,svm,OVERB,26,370.3005794319867
DS10,mc.svm_OVERB,svm,OVERB,27,382.11865211891393
DS10,mc.svm_OVERB,svm,OVERB,28,365.1779943449777
DS10,mc.svm_OVERB,svm,OVERB,29,364.9139020940662
DS10,mc.svm_OVERB,svm,OVERB,30,341.56025749137575
DS10,mc.svm_OVERB,svm,OVERB,31,347.56343658054516
DS10,mc.svm_OVERB,svm,OVERB,32,351.4022387476997
DS10,mc.svm_OVERB,svm,OVERB,33,357.1429517990806
DS10,mc.svm_OVERB,svm,OVERB,34,346.408761410927
DS10,mc.svm_OVERB,svm,OVERB,35,343.2924211311954
DS10,mc.svm_OVERB,svm,OVERB,36,353.9032701813819
DS10,mc.svm_OVERB,svm,OVERB,37,347.7164618041599
DS10,mc.svm_OVERB,svm,OVERB,38,342.4776861151545
DS10,mc.svm_OVERB,svm,OVERB,39,309.1750288430379
DS10,mc.svm_OVERB,svm,OVERB,40,315.1501580614989
DS10,mc.svm_OVERB,svm,OVERB,41,313.9725478464753
DS10,mc.svm_OVERB,svm,OVERB,42,312.47459639162156
DS10,mc.svm_OVERB,svm,OVERB,43,323.5394218690756
DS10,mc.svm_OVERB,svm,OVERB,44,320.6678215687348
DS10,mc.svm_OVERB,svm,OVERB,45,325.801759846357
DS10,mc.svm_OVERB,svm,OVERB,46,319.3650176607122
DS10,mc.svm_OVERB,svm,OVERB,47,333.31291579629715
DS10,mc.svm_OVERB,svm,OVERB,48,332.41108594096585
DS10,mc.svm_OVERB,svm,OVERB,49,327.40705386906325
DS10,mc.svm_OVERB,svm,OVERB,50,361.9660989101243
DS10,mc.svm_OVERTPhi,svm,OVERTPhi,1,291.3601134174271
DS10,mc.svm_OVERTPhi,svm,OVERTPhi,2,320.65175766671973
DS10,mc.svm_OVERTPhi,svm,OVERTPhi,3,322.9526073816967
DS10,mc.svm_OVERTPhi,svm,OVERTPhi,4,312.9886535947066
DS10,mc.svm_OVERTPhi,svm,OVERTPhi,5,371.04854860481294
DS10,mc.svm_OVERTPhi,svm,OVERTPhi,6,380.25863695098735
DS10,mc.svm_OVERTPhi,svm,OVERTPhi,7,402.37169699039623
DS10,mc.svm_OVERTPhi,svm,OVERTPhi,8,376.46178019649625
DS10,mc.svm_OVERTPhi,svm,OVERTPhi,9,377.0872928283784
DS10,mc.svm_OVERTPhi,svm,OVERTPhi,10,369.3451223460295
DS10,mc.svm_OVERTPhi,svm,OVERTPhi,11,342.38910489956277
DS10,mc.svm_OVERTPhi,svm,OVERTPhi,12,359.54314322456196
DS10,mc.svm_OVERTPhi,svm,OVERTPhi,13,337.84221563134315
DS10,mc.svm_OVERTPhi,svm,OVERTPhi,14,348.7259833882863
DS10,mc.svm_OVERTPhi,svm,OVERTPhi,15,338.27534087705374
DS10,mc.svm_OVERTPhi,svm,OVERTPhi,16,341.58735213054655
DS10,mc.svm_OVERTPhi,svm,OVERTPhi,17,338.7846697028833
DS10,mc.svm_OVERTPhi,svm,OVERTPhi,18,350.9673521406606
DS10,mc.svm_OVERTPhi,svm,OVERTPhi,19,333.22611679964297
DS10,mc.svm_OVERTPhi,svm,OVERTPhi,20,328.60193030117784
DS10,mc.svm_OVERTPhi,svm,OVERTPhi,21,339.9501498493304
DS10,mc.svm_OVERTPhi,svm,OVERTPhi,22,329.55600670977253
DS10,mc.svm_OVERTPhi,svm,OVERTPhi,23,328.5134446259153
DS10,mc.svm_OVERTPhi,svm,OVERTPhi,24,345.3946178915942
DS10,mc.svm_OVERTPhi,svm,OVERTPhi,25,387.01455726405123
DS10,mc.svm_OVERTPhi,svm,OVERTPhi,26,399.7856723434462
DS10,mc.svm_OVERTPhi,svm,OVERTPhi,27,418.1333333999556
DS10,mc.svm_OVERTPhi,svm,OVERTPhi,28,352.6247995279639
DS10,mc.svm_OVERTPhi,svm,OVERTPhi,29,361.35090177908955
DS10,mc.svm_OVERTPhi,svm,OVERTPhi,30,352.20043961259285
DS10,mc.svm_OVERTPhi,svm,OVERTPhi,31,355.9497889409008
DS10,mc.svm_OVERTPhi,svm,OVERTPhi,32,352.38310770363626
DS10,mc.svm_OVERTPhi,svm,OVERTPhi,33,334.4595722811937
DS10,mc.svm_OVERTPhi,svm,OVERTPhi,34,370.12612839536973
DS10,mc.svm_OVERTPhi,svm,OVERTPhi,35,350.85145763062286
DS10,mc.svm_OVERTPhi,svm,OVERTPhi,36,347.13870494291115
DS10,mc.svm_OVERTPhi,svm,OVERTPhi,37,355.29799855289446
DS10,mc.svm_OVERTPhi,svm,OVERTPhi,38,357.2761292176067
DS10,mc.svm_OVERTPhi,svm,OVERTPhi,39,313.3807085429274
DS10,mc.svm_OVERTPhi,svm,OVERTPhi,40,326.33240991416255
DS10,mc.svm_OVERTPhi,svm,OVERTPhi,41,333.61500825963554
DS10,mc.svm_OVERTPhi,svm,OVERTPhi,42,333.20567273456226
DS10,mc.svm_OVERTPhi,svm,OVERTPhi,43,347.580299186146
DS10,mc.svm_OVERTPhi,svm,OVERTPhi,44,342.427051579362
DS10,mc.svm_OVERTPhi,svm,OVERTPhi,45,353.2894104762535
DS10,mc.svm_OVERTPhi,svm,OVERTPhi,46,346.21251250354294
DS10,mc.svm_OVERTPhi,svm,OVERTPhi,47,344.39304430817344
DS10,mc.svm_OVERTPhi,svm,OVERTPhi,48,363.39792700284147
DS10,mc.svm_OVERTPhi,svm,OVERTPhi,49,341.6769904723227
DS10,mc.svm_OVERTPhi,svm,OVERTPhi,50,342.97099538865314
DS10,mc.svm_OVERT,svm,OVERT,1,291.3601134174271
DS10,mc.svm_OVERT,svm,OVERT,2,320.65175766671973
DS10,mc.svm_OVERT,svm,OVERT,3,322.9526073816967
DS10,mc.svm_OVERT,svm,OVERT,4,312.9886535947066
DS10,mc.svm_OVERT,svm,OVERT,5,371.04854860481294
DS10,mc.svm_OVERT,svm,OVERT,6,380.25863695098735
DS10,mc.svm_OVERT,svm,OVERT,7,402.37169699039623
DS10,mc.svm_OVERT,svm,OVERT,8,376.46178019649625
DS10,mc.svm_OVERT,svm,OVERT,9,377.0872928283784
DS10,mc.svm_OVERT,svm,OVERT,10,369.3451223460295
DS10,mc.svm_OVERT,svm,OVERT,11,342.38910489956277
DS10,mc.svm_OVERT,svm,OVERT,12,359.54314322456196
DS10,mc.svm_OVERT,svm,OVERT,13,337.84221563134315
DS10,mc.svm_OVERT,svm,OVERT,14,348.7259833882863
DS10,mc.svm_OVERT,svm,OVERT,15,338.27534087705374
DS10,mc.svm_OVERT,svm,OVERT,16,341.58735213054655
DS10,mc.svm_OVERT,svm,OVERT,17,338.7846697028833
DS10,mc.svm_OVERT,svm,OVERT,18,350.9673521406606
DS10,mc.svm_OVERT,svm,OVERT,19,333.22611679964297
DS10,mc.svm_OVERT,svm,OVERT,20,328.60193030117784
DS10,mc.svm_OVERT,svm,OVERT,21,339.9501498493304
DS10,mc.svm_OVERT,svm,OVERT,22,329.55600670977253
DS10,mc.svm_OVERT,svm,OVERT,23,328.5134446259153
DS10,mc.svm_OVERT,svm,OVERT,24,345.3946178915942
DS10,mc.svm_OVERT,svm,OVERT,25,387.01455726405123
DS10,mc.svm_OVERT,svm,OVERT,26,399.7856723434462
DS10,mc.svm_OVERT,svm,OVERT,27,418.1333333999556
DS10,mc.svm_OVERT,svm,OVERT,28,352.6247995279639
DS10,mc.svm_OVERT,svm,OVERT,29,361.35090177908955
DS10,mc.svm_OVERT,svm,OVERT,30,352.20043961259285
DS10,mc.svm_OVERT,svm,OVERT,31,355.9497889409008
DS10,mc.svm_OVERT,svm,OVERT,32,352.38310770363626
DS10,mc.svm_OVERT,svm,OVERT,33,334.4595722811937
DS10,mc.svm_OVERT,svm,OVERT,34,370.12612839536973
DS10,mc.svm_OVERT,svm,OVERT,35,350.85145763062286
DS10,mc.svm_OVERT,svm,OVERT,36,347.13870494291115
DS10,mc.svm_OVERT,svm,OVERT,37,355.29799855289446
DS10,mc.svm_OVERT,svm,OVERT,38,357.2761292176067
DS10,mc.svm_OVERT,svm,OVERT,39,313.3807085429274
DS10,mc.svm_OVERT,svm,OVERT,40,326.33240991416255
DS10,mc.svm_OVERT,svm,OVERT,41,333.61500825963554
DS10,mc.svm_OVERT,svm,OVERT,42,333.20567273456226
DS10,mc.svm_OVERT,svm,OVERT,43,347.580299186146
DS10,mc.svm_OVERT,svm,OVERT,44,342.427051579362
DS10,mc.svm_OVERT,svm,OVERT,45,353.2894104762535
DS10,mc.svm_OVERT,svm,OVERT,46,346.21251250354294
DS10,mc.svm_OVERT,svm,OVERT,47,344.39304430817344
DS10,mc.svm_OVERT,svm,OVERT,48,363.39792700284147
DS10,mc.svm_OVERT,svm,OVERT,49,341.6769904723227
DS10,mc.svm_OVERT,svm,OVERT,50,342.97099538865314
DS10,mc.svm_SMOTEB,svm,SMOTEB,1,313.4845086362766
DS10,mc.svm_SMOTEB,svm,SMOTEB,2,367.3613263303445
DS10,mc.svm_SMOTEB,svm,SMOTEB,3,396.8203749282633
DS10,mc.svm_SMOTEB,svm,SMOTEB,4,324.53013551714673
DS10,mc.svm_SMOTEB,svm,SMOTEB,5,352.8360515712833
DS10,mc.svm_SMOTEB,svm,SMOTEB,6,406.4084767384046
DS10,mc.svm_SMOTEB,svm,SMOTEB,7,381.36089217935626
DS10,mc.svm_SMOTEB,svm,SMOTEB,8,349.68622147617293
DS10,mc.svm_SMOTEB,svm,SMOTEB,9,400.94947225253986
DS10,mc.svm_SMOTEB,svm,SMOTEB,10,417.50059312137387
DS10,mc.svm_SMOTEB,svm,SMOTEB,11,352.172892260024
DS10,mc.svm_SMOTEB,svm,SMOTEB,12,317.0415243405506
DS10,mc.svm_SMOTEB,svm,SMOTEB,13,328.00537231655414
DS10,mc.svm_SMOTEB,svm,SMOTEB,14,417.95392507329365
DS10,mc.svm_SMOTEB,svm,SMOTEB,15,336.83833781237917
DS10,mc.svm_SMOTEB,svm,SMOTEB,16,346.2323274959923
DS10,mc.svm_SMOTEB,svm,SMOTEB,17,379.8007131552491
DS10,mc.svm_SMOTEB,svm,SMOTEB,18,334.48930657489154
DS10,mc.svm_SMOTEB,svm,SMOTEB,19,315.6047229841744
DS10,mc.svm_SMOTEB,svm,SMOTEB,20,387.2266215250701
DS10,mc.svm_SMOTEB,svm,SMOTEB,21,383.82792416954067
DS10,mc.svm_SMOTEB,svm,SMOTEB,22,340.7428898248528
DS10,mc.svm_SMOTEB,svm,SMOTEB,23,317.7653705662
DS10,mc.svm_SMOTEB,svm,SMOTEB,24,407.37152386518864
DS10,mc.svm_SMOTEB,svm,SMOTEB,25,395.81713964634014
DS10,mc.svm_SMOTEB,svm,SMOTEB,26,400.56374335113645
DS10,mc.svm_SMOTEB,svm,SMOTEB,27,413.6295298680055
DS10,mc.svm_SMOTEB,svm,SMOTEB,28,363.8781428003764
DS10,mc.svm_SMOTEB,svm,SMOTEB,29,388.0596577326121
DS10,mc.svm_SMOTEB,svm,SMOTEB,30,338.1649842810066
DS10,mc.svm_SMOTEB,svm,SMOTEB,31,372.7807808612817
DS10,mc.svm_SMOTEB,svm,SMOTEB,32,390.7562260711247
DS10,mc.svm_SMOTEB,svm,SMOTEB,33,369.65097033837856
DS10,mc.svm_SMOTEB,svm,SMOTEB,34,400.58605110082533
DS10,mc.svm_SMOTEB,svm,SMOTEB,35,410.76036043123713
DS10,mc.svm_SMOTEB,svm,SMOTEB,36,426.44346211896277
DS10,mc.svm_SMOTEB,svm,SMOTEB,37,359.32085101569913
DS10,mc.svm_SMOTEB,svm,SMOTEB,38,368.5781452477999
DS10,mc.svm_SMOTEB,svm,SMOTEB,39,345.3539171714791
DS10,mc.svm_SMOTEB,svm,SMOTEB,40,385.49775397683743
DS10,mc.svm_SMOTEB,svm,SMOTEB,41,345.8752422229303
DS10,mc.svm_SMOTEB,svm,SMOTEB,42,358.43051658800465
DS10,mc.svm_SMOTEB,svm,SMOTEB,43,334.00251441101767
DS10,mc.svm_SMOTEB,svm,SMOTEB,44,356.2057301624633
DS10,mc.svm_SMOTEB,svm,SMOTEB,45,375.8230278458516
DS10,mc.svm_SMOTEB,svm,SMOTEB,46,339.6779162782635
DS10,mc.svm_SMOTEB,svm,SMOTEB,47,347.61657649525546
DS10,mc.svm_SMOTEB,svm,SMOTEB,48,354.71458269264997
DS10,mc.svm_SMOTEB,svm,SMOTEB,49,339.0867493298253
DS10,mc.svm_SMOTEB,svm,SMOTEB,50,455.3162731102175
DS10,mc.svm_SMOTETPhi,svm,SMOTETPhi,1,303.1960836882753
DS10,mc.svm_SMOTETPhi,svm,SMOTETPhi,2,306.0291631985714
DS10,mc.svm_SMOTETPhi,svm,SMOTETPhi,3,277.4775578714026
DS10,mc.svm_SMOTETPhi,svm,SMOTETPhi,4,249.5227213767002
DS10,mc.svm_SMOTETPhi,svm,SMOTETPhi,5,274.73501479209267
DS10,mc.svm_SMOTETPhi,svm,SMOTETPhi,6,283.53300816606486
DS10,mc.svm_SMOTETPhi,svm,SMOTETPhi,7,297.43557466092716
DS10,mc.svm_SMOTETPhi,svm,SMOTETPhi,8,289.79255226130294
DS10,mc.svm_SMOTETPhi,svm,SMOTETPhi,9,297.13994964356664
DS10,mc.svm_SMOTETPhi,svm,SMOTETPhi,10,287.278117310636
DS10,mc.svm_SMOTETPhi,svm,SMOTETPhi,11,246.08588976564113
DS10,mc.svm_SMOTETPhi,svm,SMOTETPhi,12,268.1557838413778
DS10,mc.svm_SMOTETPhi,svm,SMOTETPhi,13,261.3093389032098
DS10,mc.svm_SMOTETPhi,svm,SMOTETPhi,14,256.6472230859708
DS10,mc.svm_SMOTETPhi,svm,SMOTETPhi,15,242.4494684506581
DS10,mc.svm_SMOTETPhi,svm,SMOTETPhi,16,261.2416714492474
DS10,mc.svm_SMOTETPhi,svm,SMOTETPhi,17,247.06706566621213
DS10,mc.svm_SMOTETPhi,svm,SMOTETPhi,18,278.4725317864143
DS10,mc.svm_SMOTETPhi,svm,SMOTETPhi,19,292.50327611253704
DS10,mc.svm_SMOTETPhi,svm,SMOTETPhi,20,283.6568243000445
DS10,mc.svm_SMOTETPhi,svm,SMOTETPhi,21,274.7763704089674
DS10,mc.svm_SMOTETPhi,svm,SMOTETPhi,22,248.63945258862447
DS10,mc.svm_SMOTETPhi,svm,SMOTETPhi,23,268.1165959490328
DS10,mc.svm_SMOTETPhi,svm,SMOTETPhi,24,245.38583005851046
DS10,mc.svm_SMOTETPhi,svm,SMOTETPhi,25,250.2873197906079
DS10,mc.svm_SMOTETPhi,svm,SMOTETPhi,26,240.3354835534227
DS10,mc.svm_SMOTETPhi,svm,SMOTETPhi,27,266.4634458647979
DS10,mc.svm_SMOTETPhi,svm,SMOTETPhi,28,278.5337204249267
DS10,mc.svm_SMOTETPhi,svm,SMOTETPhi,29,309.48646711278593
DS10,mc.svm_SMOTETPhi,svm,SMOTETPhi,30,305.88724425699957
DS10,mc.svm_SMOTETPhi,svm,SMOTETPhi,31,285.191325904326
DS10,mc.svm_SMOTETPhi,svm,SMOTETPhi,32,298.62230222197934
DS10,mc.svm_SMOTETPhi,svm,SMOTETPhi,33,313.71876063290773
DS10,mc.svm_SMOTETPhi,svm,SMOTETPhi,34,319.7194218822353
DS10,mc.svm_SMOTETPhi,svm,SMOTETPhi,35,291.11775607513863
DS10,mc.svm_SMOTETPhi,svm,SMOTETPhi,36,314.0505507362374
DS10,mc.svm_SMOTETPhi,svm,SMOTETPhi,37,284.9897122461869
DS10,mc.svm_SMOTETPhi,svm,SMOTETPhi,38,288.34911755286686
DS10,mc.svm_SMOTETPhi,svm,SMOTETPhi,39,291.9537694675578
DS10,mc.svm_SMOTETPhi,svm,SMOTETPhi,40,270.6567695928154
DS10,mc.svm_SMOTETPhi,svm,SMOTETPhi,41,274.5464149831177
DS10,mc.svm_SMOTETPhi,svm,SMOTETPhi,42,297.12290180328904
DS10,mc.svm_SMOTETPhi,svm,SMOTETPhi,43,269.10967506540993
DS10,mc.svm_SMOTETPhi,svm,SMOTETPhi,44,267.9917903071899
DS10,mc.svm_SMOTETPhi,svm,SMOTETPhi,45,220.6769034166555
DS10,mc.svm_SMOTETPhi,svm,SMOTETPhi,46,214.67361851423817
DS10,mc.svm_SMOTETPhi,svm,SMOTETPhi,47,243.80317906957336
DS10,mc.svm_SMOTETPhi,svm,SMOTETPhi,48,252.10835893653478
DS10,mc.svm_SMOTETPhi,svm,SMOTETPhi,49,246.86050669927602
DS10,mc.svm_SMOTETPhi,svm,SMOTETPhi,50,239.12402659688627
DS10,mc.svm_SMOTET,svm,SMOTET,1,343.50072275871463
DS10,mc.svm_SMOTET,svm,SMOTET,2,511.15469025952365
DS10,mc.svm_SMOTET,svm,SMOTET,3,496.73504938452476
DS10,mc.svm_SMOTET,svm,SMOTET,4,457.78818164639324
DS10,mc.svm_SMOTET,svm,SMOTET,5,479.4511613328134
DS10,mc.svm_SMOTET,svm,SMOTET,6,516.1544602036993
DS10,mc.svm_SMOTET,svm,SMOTET,7,538.1581457324716
DS10,mc.svm_SMOTET,svm,SMOTET,8,460.4542710147421
DS10,mc.svm_SMOTET,svm,SMOTET,9,520.2599277790677
DS10,mc.svm_SMOTET,svm,SMOTET,10,549.9538935687791
DS10,mc.svm_SMOTET,svm,SMOTET,11,381.4568358427273
DS10,mc.svm_SMOTET,svm,SMOTET,12,357.0480132280075
DS10,mc.svm_SMOTET,svm,SMOTET,13,372.0384469740353
DS10,mc.svm_SMOTET,svm,SMOTET,14,329.23280661627604
DS10,mc.svm_SMOTET,svm,SMOTET,15,401.61714569402363
DS10,mc.svm_SMOTET,svm,SMOTET,16,406.1336376542515
DS10,mc.svm_SMOTET,svm,SMOTET,17,392.0087095613357
DS10,mc.svm_SMOTET,svm,SMOTET,18,385.4165771938136
DS10,mc.svm_SMOTET,svm,SMOTET,19,361.6539418722794
DS10,mc.svm_SMOTET,svm,SMOTET,20,362.3168906380806
DS10,mc.svm_SMOTET,svm,SMOTET,21,368.6069797503402
DS10,mc.svm_SMOTET,svm,SMOTET,22,357.97371485672795
DS10,mc.svm_SMOTET,svm,SMOTET,23,404.80346090969067
DS10,mc.svm_SMOTET,svm,SMOTET,24,335.34968528224806
DS10,mc.svm_SMOTET,svm,SMOTET,25,428.5053177813983
DS10,mc.svm_SMOTET,svm,SMOTET,26,367.47456955968397
DS10,mc.svm_SMOTET,svm,SMOTET,27,418.01348730818347
DS10,mc.svm_SMOTET,svm,SMOTET,28,393.0911397006024
DS10,mc.svm_SMOTET,svm,SMOTET,29,381.615234023803
DS10,mc.svm_SMOTET,svm,SMOTET,30,435.2154832078014
DS10,mc.svm_SMOTET,svm,SMOTET,31,396.888571260193
DS10,mc.svm_SMOTET,svm,SMOTET,32,373.7389999304372
DS10,mc.svm_SMOTET,svm,SMOTET,33,477.77454660938326
DS10,mc.svm_SMOTET,svm,SMOTET,34,445.92753121692306
DS10,mc.svm_SMOTET,svm,SMOTET,35,417.92673972636527
DS10,mc.svm_SMOTET,svm,SMOTET,36,460.9018456257726
DS10,mc.svm_SMOTET,svm,SMOTET,37,406.9577947045175
DS10,mc.svm_SMOTET,svm,SMOTET,38,461.8621894928247
DS10,mc.svm_SMOTET,svm,SMOTET,39,385.20920230084795
DS10,mc.svm_SMOTET,svm,SMOTET,40,409.0434672160009
DS10,mc.svm_SMOTET,svm,SMOTET,41,412.1517501958705
DS10,mc.svm_SMOTET,svm,SMOTET,42,404.7502823517442
DS10,mc.svm_SMOTET,svm,SMOTET,43,455.53828912039717
DS10,mc.svm_SMOTET,svm,SMOTET,44,409.5436200908799
DS10,mc.svm_SMOTET,svm,SMOTET,45,447.68324264699135
DS10,mc.svm_SMOTET,svm,SMOTET,46,380.5714481708161
DS10,mc.svm_SMOTET,svm,SMOTET,47,472.09887335403215
DS10,mc.svm_SMOTET,svm,SMOTET,48,430.9697378527606
DS10,mc.svm_SMOTET,svm,SMOTET,49,388.5605933456451
DS10,mc.svm_SMOTET,svm,SMOTET,50,493.1418738577575
DS10,mc.svm_UNDERB,svm,UNDERB,1,325.8362820269636
DS10,mc.svm_UNDERB,svm,UNDERB,2,309.3374747853211
DS10,mc.svm_UNDERB,svm,UNDERB,3,222.50171273604488
DS10,mc.svm_UNDERB,svm,UNDERB,4,304.06582937677484
DS10,mc.svm_UNDERB,svm,UNDERB,5,367.9474822705348
DS10,mc.svm_UNDERB,svm,UNDERB,6,314.9918130667
DS10,mc.svm_UNDERB,svm,UNDERB,7,337.2347676836177
DS10,mc.svm_UNDERB,svm,UNDERB,8,515.612502732787
DS10,mc.svm_UNDERB,svm,UNDERB,9,343.02443178163355
DS10,mc.svm_UNDERB,svm,UNDERB,10,561.3043664113189
DS10,mc.svm_UNDERB,svm,UNDERB,11,225.37324742860318
DS10,mc.svm_UNDERB,svm,UNDERB,12,235.3113245275967
DS10,mc.svm_UNDERB,svm,UNDERB,13,287.87334126334446
DS10,mc.svm_UNDERB,svm,UNDERB,14,364.95122891655865
DS10,mc.svm_UNDERB,svm,UNDERB,15,283.77010855833873
DS10,mc.svm_UNDERB,svm,UNDERB,16,223.0217954339436
DS10,mc.svm_UNDERB,svm,UNDERB,17,453.76529814479943
DS10,mc.svm_UNDERB,svm,UNDERB,18,296.6404576678108
DS10,mc.svm_UNDERB,svm,UNDERB,19,317.7980596824308
DS10,mc.svm_UNDERB,svm,UNDERB,20,300.53961689410164
DS10,mc.svm_UNDERB,svm,UNDERB,21,352.3234592183371
DS10,mc.svm_UNDERB,svm,UNDERB,22,257.5964188466818
DS10,mc.svm_UNDERB,svm,UNDERB,23,232.92662289954308
DS10,mc.svm_UNDERB,svm,UNDERB,24,429.3271163897373
DS10,mc.svm_UNDERB,svm,UNDERB,25,286.5616569054817
DS10,mc.svm_UNDERB,svm,UNDERB,26,311.42213233083623
DS10,mc.svm_UNDERB,svm,UNDERB,27,272.079567092741
DS10,mc.svm_UNDERB,svm,UNDERB,28,274.06827736473076
DS10,mc.svm_UNDERB,svm,UNDERB,29,264.54635236839886
DS10,mc.svm_UNDERB,svm,UNDERB,30,476.33427220793124
DS10,mc.svm_UNDERB,svm,UNDERB,31,359.11658553920165
DS10,mc.svm_UNDERB,svm,UNDERB,32,289.4236810404156
DS10,mc.svm_UNDERB,svm,UNDERB,33,333.63812061727435
DS10,mc.svm_UNDERB,svm,UNDERB,34,376.9251198911876
DS10,mc.svm_UNDERB,svm,UNDERB,35,348.8589001719903
DS10,mc.svm_UNDERB,svm,UNDERB,36,330.0204201041405
DS10,mc.svm_UNDERB,svm,UNDERB,37,292.1414871050936
DS10,mc.svm_UNDERB,svm,UNDERB,38,289.12005392416944
DS10,mc.svm_UNDERB,svm,UNDERB,39,306.76871273799975
DS10,mc.svm_UNDERB,svm,UNDERB,40,314.55740339781767
DS10,mc.svm_UNDERB,svm,UNDERB,41,355.6023716909926
DS10,mc.svm_UNDERB,svm,UNDERB,42,325.07332772446296
DS10,mc.svm_UNDERB,svm,UNDERB,43,285.4086657671567
DS10,mc.svm_UNDERB,svm,UNDERB,44,512.6680620872058
DS10,mc.svm_UNDERB,svm,UNDERB,45,228.6741798055432
DS10,mc.svm_UNDERB,svm,UNDERB,46,304.23632906536074
DS10,mc.svm_UNDERB,svm,UNDERB,47,258.57304164984026
DS10,mc.svm_UNDERB,svm,UNDERB,48,265.072870328895
DS10,mc.svm_UNDERB,svm,UNDERB,49,357.59660641149486
DS10,mc.svm_UNDERB,svm,UNDERB,50,355.3119715276158
DS10,mc.svm_UNDERTPhi,svm,UNDERTPhi,1,220.49455645627012
DS10,mc.svm_UNDERTPhi,svm,UNDERTPhi,2,261.88558148555956
DS10,mc.svm_UNDERTPhi,svm,UNDERTPhi,3,292.3126174988316
DS10,mc.svm_UNDERTPhi,svm,UNDERTPhi,4,238.5720890014564
DS10,mc.svm_UNDERTPhi,svm,UNDERTPhi,5,242.17908836735134
DS10,mc.svm_UNDERTPhi,svm,UNDERTPhi,6,216.76733515529588
DS10,mc.svm_UNDERTPhi,svm,UNDERTPhi,7,274.4711216778097
DS10,mc.svm_UNDERTPhi,svm,UNDERTPhi,8,338.30968240053755
DS10,mc.svm_UNDERTPhi,svm,UNDERTPhi,9,212.170376619294
DS10,mc.svm_UNDERTPhi,svm,UNDERTPhi,10,271.9037734269987
DS10,mc.svm_UNDERTPhi,svm,UNDERTPhi,11,228.86423032068714
DS10,mc.svm_UNDERTPhi,svm,UNDERTPhi,12,233.46551433793405
DS10,mc.svm_UNDERTPhi,svm,UNDERTPhi,13,217.7204066696034
DS10,mc.svm_UNDERTPhi,svm,UNDERTPhi,14,228.24847782700084
DS10,mc.svm_UNDERTPhi,svm,UNDERTPhi,15,258.02877182830355
DS10,mc.svm_UNDERTPhi,svm,UNDERTPhi,16,230.13192387321817
DS10,mc.svm_UNDERTPhi,svm,UNDERTPhi,17,226.21983481893352
DS10,mc.svm_UNDERTPhi,svm,UNDERTPhi,18,252.0148712449325
DS10,mc.svm_UNDERTPhi,svm,UNDERTPhi,19,217.09568787987683
DS10,mc.svm_UNDERTPhi,svm,UNDERTPhi,20,209.6308560921933
DS10,mc.svm_UNDERTPhi,svm,UNDERTPhi,21,246.188428727921
DS10,mc.svm_UNDERTPhi,svm,UNDERTPhi,22,300.2412997897752
DS10,mc.svm_UNDERTPhi,svm,UNDERTPhi,23,260.67306448662373
DS10,mc.svm_UNDERTPhi,svm,UNDERTPhi,24,205.8672640306204
DS10,mc.svm_UNDERTPhi,svm,UNDERTPhi,25,220.93504239363543
DS10,mc.svm_UNDERTPhi,svm,UNDERTPhi,26,203.4614244102724
DS10,mc.svm_UNDERTPhi,svm,UNDERTPhi,27,278.20462983136065
DS10,mc.svm_UNDERTPhi,svm,UNDERTPhi,28,239.87897997694625
DS10,mc.svm_UNDERTPhi,svm,UNDERTPhi,29,239.69304657624866
DS10,mc.svm_UNDERTPhi,svm,UNDERTPhi,30,198.13596759538495
DS10,mc.svm_UNDERTPhi,svm,UNDERTPhi,31,265.6765098097833
DS10,mc.svm_UNDERTPhi,svm,UNDERTPhi,32,195.85086157899468
DS10,mc.svm_UNDERTPhi,svm,UNDERTPhi,33,223.08384643545423
DS10,mc.svm_UNDERTPhi,svm,UNDERTPhi,34,234.93792424187365
DS10,mc.svm_UNDERTPhi,svm,UNDERTPhi,35,260.05914133880805
DS10,mc.svm_UNDERTPhi,svm,UNDERTPhi,36,276.1259479519645
DS10,mc.svm_UNDERTPhi,svm,UNDERTPhi,37,216.53435591968199
DS10,mc.svm_UNDERTPhi,svm,UNDERTPhi,38,205.7974984548859
DS10,mc.svm_UNDERTPhi,svm,UNDERTPhi,39,237.78201492084662
DS10,mc.svm_UNDERTPhi,svm,UNDERTPhi,40,190.02994092554033
DS10,mc.svm_UNDERTPhi,svm,UNDERTPhi,41,234.41779194779116
DS10,mc.svm_UNDERTPhi,svm,UNDERTPhi,42,215.22773638482613
DS10,mc.svm_UNDERTPhi,svm,UNDERTPhi,43,184.70436328522453
DS10,mc.svm_UNDERTPhi,svm,UNDERTPhi,44,279.3869124883986
DS10,mc.svm_UNDERTPhi,svm,UNDERTPhi,45,215.026825492366
DS10,mc.svm_UNDERTPhi,svm,UNDERTPhi,46,194.1389269816829
DS10,mc.svm_UNDERTPhi,svm,UNDERTPhi,47,222.38105987737924
DS10,mc.svm_UNDERTPhi,svm,UNDERTPhi,48,207.51159316969367
DS10,mc.svm_UNDERTPhi,svm,UNDERTPhi,49,184.23803433477335
DS10,mc.svm_UNDERTPhi,svm,UNDERTPhi,50,198.40096146383058
DS10,mc.svm_UNDERT,svm,UNDERT,1,374.1835654712777
DS10,mc.svm_UNDERT,svm,UNDERT,2,368.4729975700076
DS10,mc.svm_UNDERT,svm,UNDERT,3,338.07517551015616
DS10,mc.svm_UNDERT,svm,UNDERT,4,277.3740481036962
DS10,mc.svm_UNDERT,svm,UNDERT,5,308.10810042400294
DS10,mc.svm_UNDERT,svm,UNDERT,6,308.4686371961035
DS10,mc.svm_UNDERT,svm,UNDERT,7,376.2126123270823
DS10,mc.svm_UNDERT,svm,UNDERT,8,342.8765579921884
DS10,mc.svm_UNDERT,svm,UNDERT,9,293.9023793052101
DS10,mc.svm_UNDERT,svm,UNDERT,10,331.53842918174155
DS10,mc.svm_UNDERT,svm,UNDERT,11,358.0665797260745
DS10,mc.svm_UNDERT,svm,UNDERT,12,217.37268555502862
DS10,mc.svm_UNDERT,svm,UNDERT,13,425.076344643649
DS10,mc.svm_UNDERT,svm,UNDERT,14,510.00109849094775
DS10,mc.svm_UNDERT,svm,UNDERT,15,327.6575008580387
DS10,mc.svm_UNDERT,svm,UNDERT,16,391.68507029424813
DS10,mc.svm_UNDERT,svm,UNDERT,17,308.7350958529769
DS10,mc.svm_UNDERT,svm,UNDERT,18,305.6322086347852
DS10,mc.svm_UNDERT,svm,UNDERT,19,337.9868281486
DS10,mc.svm_UNDERT,svm,UNDERT,20,413.8151827386623
DS10,mc.svm_UNDERT,svm,UNDERT,21,248.66467149238957
DS10,mc.svm_UNDERT,svm,UNDERT,22,346.33618058815887
DS10,mc.svm_UNDERT,svm,UNDERT,23,298.1294904993284
DS10,mc.svm_UNDERT,svm,UNDERT,24,302.8147321503202
DS10,mc.svm_UNDERT,svm,UNDERT,25,281.19791651101434
DS10,mc.svm_UNDERT,svm,UNDERT,26,329.884586120937
DS10,mc.svm_UNDERT,svm,UNDERT,27,400.544886679147
DS10,mc.svm_UNDERT,svm,UNDERT,28,289.73176627198666
DS10,mc.svm_UNDERT,svm,UNDERT,29,369.17037886244566
DS10,mc.svm_UNDERT,svm,UNDERT,30,308.96712101845645
DS10,mc.svm_UNDERT,svm,UNDERT,31,378.76587438426174
DS10,mc.svm_UNDERT,svm,UNDERT,32,300.0676378339165
DS10,mc.svm_UNDERT,svm,UNDERT,33,328.32037360495684
DS10,mc.svm_UNDERT,svm,UNDERT,34,380.2379060772203
DS10,mc.svm_UNDERT,svm,UNDERT,35,310.6881126922448
DS10,mc.svm_UNDERT,svm,UNDERT,36,288.6685435575637
DS10,mc.svm_UNDERT,svm,UNDERT,37,374.6198680443051
DS10,mc.svm_UNDERT,svm,UNDERT,38,473.0489395032739
DS10,mc.svm_UNDERT,svm,UNDERT,39,456.6188419000073
DS10,mc.svm_UNDERT,svm,UNDERT,40,336.44724827503603
DS10,mc.svm_UNDERT,svm,UNDERT,41,362.82624421646733
DS10,mc.svm_UNDERT,svm,UNDERT,42,334.4653734940461
DS10,mc.svm_UNDERT,svm,UNDERT,43,331.92916471513786
DS10,mc.svm_UNDERT,svm,UNDERT,44,256.61819912649077
DS10,mc.svm_UNDERT,svm,UNDERT,45,308.8890393273959
DS10,mc.svm_UNDERT,svm,UNDERT,46,279.6167406131399
DS10,mc.svm_UNDERT,svm,UNDERT,47,318.86395933059947
DS10,mc.svm_UNDERT,svm,UNDERT,48,281.97380094196814
DS10,mc.svm_UNDERT,svm,UNDERT,49,278.52039516892313
DS10,mc.svm_UNDERT,svm,UNDERT,50,263.23995134423933
DS10,mc.svm,svm,baseline,1,571.6895930621324
DS10,mc.svm,svm,baseline,2,620.2784651322147
DS10,mc.svm,svm,baseline,3,629.0587542100516
DS10,mc.svm,svm,baseline,4,621.8410140888257
DS10,mc.svm,svm,baseline,5,630.5342917621508
DS10,mc.svm,svm,baseline,6,662.5018677201831
DS10,mc.svm,svm,baseline,7,657.1427227621789
DS10,mc.svm,svm,baseline,8,664.867695375534
DS10,mc.svm,svm,baseline,9,670.4727485418962
DS10,mc.svm,svm,baseline,10,668.9769883307368
DS10,mc.svm,svm,baseline,11,658.6123152138262
DS10,mc.svm,svm,baseline,12,652.6104583715488
DS10,mc.svm,svm,baseline,13,647.8106318056789
DS10,mc.svm,svm,baseline,14,653.8024206839444
DS10,mc.svm,svm,baseline,15,653.9831379168359
DS10,mc.svm,svm,baseline,16,660.8819013191385
DS10,mc.svm,svm,baseline,17,661.5844379125062
DS10,mc.svm,svm,baseline,18,666.2896386616464
DS10,mc.svm,svm,baseline,19,663.2637319170309
DS10,mc.svm,svm,baseline,20,656.0284213567479
DS10,mc.svm,svm,baseline,21,633.6122751539099
DS10,mc.svm,svm,baseline,22,625.999452640641
DS10,mc.svm,svm,baseline,23,619.7514905666242
DS10,mc.svm,svm,baseline,24,593.0666013176234
DS10,mc.svm,svm,baseline,25,624.6428199974606
DS10,mc.svm,svm,baseline,26,620.2812504878168
DS10,mc.svm,svm,baseline,27,686.5269123652251
DS10,mc.svm,svm,baseline,28,659.4429396780192
DS10,mc.svm,svm,baseline,29,660.5374161583381
DS10,mc.svm,svm,baseline,30,659.8386735451978
DS10,mc.svm,svm,baseline,31,662.309762253643
DS10,mc.svm,svm,baseline,32,662.8713706463079
DS10,mc.svm,svm,baseline,33,650.3566759843195
DS10,mc.svm,svm,baseline,34,661.1426152120534
DS10,mc.svm,svm,baseline,35,660.4310564263164
DS10,mc.svm,svm,baseline,36,675.691540577337
DS10,mc.svm,svm,baseline,37,660.3848530907298
DS10,mc.svm,svm,baseline,38,656.0938262131638
DS10,mc.svm,svm,baseline,39,646.8442331653873
DS10,mc.svm,svm,baseline,40,648.7918805297102
DS10,mc.svm,svm,baseline,41,625.9676542143661
DS10,mc.svm,svm,baseline,42,628.027160100172
DS10,mc.svm,svm,baseline,43,633.1342427863726
DS10,mc.svm,svm,baseline,44,685.4948940997482
DS10,mc.svm,svm,baseline,45,638.2056990807702
DS10,mc.svm,svm,baseline,46,627.9586685787815
DS10,mc.svm,svm,baseline,47,655.871277886637
DS10,mc.svm,svm,baseline,48,634.6936136426169
DS10,mc.svm,svm,baseline,49,606.5132863994622
DS10,mc.svm,svm,baseline,50,611.3376438222114
