dataset_id,workflow,model_family,strategy,iteration,sera
DS15,mc.BDES,BDES,baseline,1,0.012420799429500685
DS15,mc.BDES,BDES,baseline,2,0.012026659467114485
DS15,mc.BDES,BDES,baseline,3,0.012168699033594698
DS15,mc.BDES,BDES,baseline,4,0.012236517833311464
DS15,mc.BDES,BDES,baseline,5,0.01215096186691823
DS15,mc.BDES,BDES,baseline,6,0.012181066610196195
DS15,mc.BDES,BDES,baseline,7,0.014440880223934693
DS15,mc.BDES,BDES,baseline,8,0.015030287044260753
DS15,mc.BDES,BDES,baseline,9,0.014743522026922284
DS15,mc.BDES,BDES,baseline,10,0.015274032876366767
DS15,mc.BDES,BDES,baseline,11,0.014333293980128309
DS15,mc.BDES,BDES,baseline,12,0.014894302600920575
DS15,mc.BDES,BDES,baseline,13,0.014826412188702804
DS15,mc.BDES,BDES,baseline,14,0.014877552948781908
DS15,mc.BDES,BDES,baseline,15,0.015090403749630157
DS15,mc.BDES,BDES,baseline,16,0.014976712819546262
DS15,mc.BDES,BDES,baseline,17,0.015048755806672495
DS15,mc.BDES,BDES,baseline,18,0.015144023921853511
DS15,mc.BDES,BDES,baseline,19,0.015287689371890692
DS15,mc.BDES,BDES,baseline,20,0.014690846042855888
DS15,mc.BDES,BDES,baseline,21,0.01466595282036205
DS15,mc.BDES,BDES,baseline,22,0.013631352822625353
DS15,mc.BDES,BDES,baseline,23,0.013019425354360434
DS15,mc.BDES,BDES,baseline,24,0.012899188602816174
DS15,mc.BDES,BDES,baseline,25,0.009921581972133893
DS15,mc.BDES,BDES,baseline,26,0.009719969803935715
DS15,mc.BDES,BDES,baseline,27,0.0066022861669313435
DS15,mc.BDES,BDES,baseline,28,0.0064730948324745975
DS15,mc.BDES,BDES,baseline,29,0.006497459058696141
DS15,mc.BDES,BDES,baseline,30,0.005337007969790932
DS15,mc.BDES,BDES,baseline,31,0.005305638189793741
DS15,mc.BDES,BDES,baseline,32,0.005190112426017213
DS15,mc.BDES,BDES,baseline,33,0.005379605908648287
DS15,mc.BDES,BDES,baseline,34,0.0049127067290849315
DS15,mc.BDES,BDES,baseline,35,0.004900223372833218
DS15,mc.BDES,BDES,baseline,36,0.005115974792521481
DS15,mc.BDES,BDES,baseline,37,0.005116986462968293
DS15,mc.BDES,BDES,baseline,38,0.005181986586731352
DS15,mc.BDES,BDES,baseline,39,0.005127765072380342
DS15,mc.BDES,BDES,baseline,40,0.004999474399786583
DS15,mc.BDES,BDES,baseline,41,0.0047871222388913845
DS15,mc.BDES,BDES,baseline,42,0.0036659182702354024
DS15,mc.BDES,BDES,baseline,43,0.0036392562132471855
DS15,mc.BDES,BDES,baseline,44,0.003507678285468474
DS15,mc.BDES,BDES,baseline,45,0.0035789809048709566
DS15,mc.BDES,BDES,baseline,46,0.003610306682732454
DS15,mc.BDES,BDES,baseline,47,0.0034189825406059355
DS15,mc.BDES,BDES,baseline,48,0.0031210485418780923
DS15,mc.BDES,BDES,baseline,49,0.0031199566627766813
DS15,mc.BDES,BDES,baseline,50,0.0032383490431965745
DS15,mc.arima,arima,baseline,1,0.012220059557880681
DS15,mc.arima,arima,baseline,2,0.011932308109122223
DS15,mc.arima,arima,baseline,3,0.01201094618756965
DS15,mc.arima,arima,baseline,4,0.01200723640042465
DS15,mc.arima,arima,baseline,5,0.012007615416251751
DS15,mc.arima,arima,baseline,6,0.01219432668493868
DS15,mc.arima,arima,baseline,7,0.01450331930256745
DS15,mc.arima,arima,baseline,8,0.015481413353079537
DS15,mc.arima,arima,baseline,9,0.01490521926194813
DS15,mc.arima,arima,baseline,10,0.01599196261500902
DS15,mc.arima,arima,baseline,11,0.015059157311335551
DS15,mc.arima,arima,baseline,12,0.015681821501949446
DS15,mc.arima,arima,baseline,13,0.015684613199356687
DS15,mc.arima,arima,baseline,14,0.01565650996592422
DS15,mc.arima,arima,baseline,15,0.015785469429381332
DS15,mc.arima,arima,baseline,16,0.015744179053858075
DS15,mc.arima,arima,baseline,17,0.015735903135213978
DS15,mc.arima,arima,baseline,18,0.015060131910709788
DS15,mc.arima,arima,baseline,19,0.01539585951585921
DS15,mc.arima,arima,baseline,20,0.015514581907423365
DS15,mc.arima,arima,baseline,21,0.015507711756219362
DS15,mc.arima,arima,baseline,22,0.014255142512797794
DS15,mc.arima,arima,baseline,23,0.013294452027850298
DS15,mc.arima,arima,baseline,24,0.013251171106244746
DS15,mc.arima,arima,baseline,25,0.009687114958035349
DS15,mc.arima,arima,baseline,26,0.009333416661527517
DS15,mc.arima,arima,baseline,27,0.0067327386438038195
DS15,mc.arima,arima,baseline,28,0.006454843960982093
DS15,mc.arima,arima,baseline,29,0.006399476566794675
DS15,mc.arima,arima,baseline,30,0.005492672872826072
DS15,mc.arima,arima,baseline,31,0.005528458465917358
DS15,mc.arima,arima,baseline,32,0.005305320750092353
DS15,mc.arima,arima,baseline,33,0.005556104932968534
DS15,mc.arima,arima,baseline,34,0.005186715780306378
DS15,mc.arima,arima,baseline,35,0.005199442084498896
DS15,mc.arima,arima,baseline,36,0.006326743042180444
DS15,mc.arima,arima,baseline,37,0.005409342829321265
DS15,mc.arima,arima,baseline,38,0.005593711329882936
DS15,mc.arima,arima,baseline,39,0.005413024407252356
DS15,mc.arima,arima,baseline,40,0.005350189033898436
DS15,mc.arima,arima,baseline,41,0.005114711600996396
DS15,mc.arima,arima,baseline,42,0.0040147035105309965
DS15,mc.arima,arima,baseline,43,0.003987839368972783
DS15,mc.arima,arima,baseline,44,0.0038229305290563087
DS15,mc.arima,arima,baseline,45,0.003849012781429685
DS15,mc.arima,arima,baseline,46,0.0037997667704992716
DS15,mc.arima,arima,baseline,47,0.003775542465935055
DS15,mc.arima,arima,baseline,48,0.0032999929343144087
DS15,mc.arima,arima,baseline,49,0.003344661243210721
DS15,mc.arima,arima,baseline,50,0.0035248618538875013
DS15,mc.lm_OVERB,lm,OVERB,1,0.014956584444939466
DS15,mc.lm_OVERB,lm,OVERB,2,0.01514116839483946
DS15,mc.lm_OVERB,lm,OVERB,3,0.015352726924050897
DS15,mc.lm_OVERB,lm,OVERB,4,0.014361946311016751
DS15,mc.lm_OVERB,lm,OVERB,5,0.015678956364847212
DS15,mc.lm_OVERB,lm,OVERB,6,0.017503677484695
DS15,mc.lm_OVERB,lm,OVERB,7,0.02116245553913214
DS15,mc.lm_OVERB,lm,OVERB,8,0.024197762803524252
DS15,mc.lm_OVERB,lm,OVERB,9,0.020389463280909466
DS15,mc.lm_OVERB,lm,OVERB,10,0.020567937796494587
DS15,mc.lm_OVERB,lm,OVERB,11,0.020434440500146374
DS15,mc.lm_OVERB,lm,OVERB,12,0.019345238411986883
DS15,mc.lm_OVERB,lm,OVERB,13,0.020066677353386485
DS15,mc.lm_OVERB,lm,OVERB,14,0.020126817767803735
DS15,mc.lm_OVERB,lm,OVERB,15,0.021555303977201113
DS15,mc.lm_OVERB,lm,OVERB,16,0.020733057699469433
DS15,mc.lm_OVERB,lm,OVERB,17,0.0207650819668873
DS15,mc.lm_OVERB,lm,OVERB,18,0.021398369340963987
DS15,mc.lm_OVERB,lm,OVERB,19,0.01986223435798266
DS15,mc.lm_OVERB,lm,OVERB,20,0.017683465846965833
DS15,mc.lm_OVERB,lm,OVERB,21,0.017534737098116877
DS15,mc.lm_OVERB,lm,OVERB,22,0.013524075163937159
DS15,mc.lm_OVERB,lm,OVERB,23,0.012675473747628428
DS15,mc.lm_OVERB,lm,OVERB,24,0.012461051363433881
DS15,mc.lm_OVERB,lm,OVERB,25,0.010278946535031221
DS15,mc.lm_OVERB,lm,OVERB,26,0.010250061336250442
DS15,mc.lm_OVERB,lm,OVERB,27,0.007560962831631747
DS15,mc.lm_OVERB,lm,OVERB,28,0.008095032914198167
DS15,mc.lm_OVERB,lm,OVERB,29,0.007831638571274389
DS15,mc.lm_OVERB,lm,OVERB,30,0.006769527865579741
DS15,mc.lm_OVERB,lm,OVERB,31,0.006171692074246527
DS15,mc.lm_OVERB,lm,OVERB,32,0.006268456589360193
DS15,mc.lm_OVERB,lm,OVERB,33,0.007280243762552992
DS15,mc.lm_OVERB,lm,OVERB,34,0.006254453990437778
DS15,mc.lm_OVERB,lm,OVERB,35,0.006103221638145579
DS15,mc.lm_OVERB,lm,OVERB,36,0.006919483598362641
DS15,mc.lm_OVERB,lm,OVERB,37,0.006587115376136704
DS15,mc.lm_OVERB,lm,OVERB,38,0.006791138013568881
DS15,mc.lm_OVERB,lm,OVERB,39,0.007130541948621616
DS15,mc.lm_OVERB,lm,OVERB,40,0.006531170482034848
DS15,mc.lm_OVERB,lm,OVERB,41,0.006238923275742676
DS15,mc.lm_OVERB,lm,OVERB,42,0.005135139691846903
DS15,mc.lm_OVERB,lm,OVERB,43,0.0052826430134639115
DS15,mc.lm_OVERB,lm,OVERB,44,0.0051742584472029346
DS15,mc.lm_OVERB,lm,OVERB,45,0.004959891623457644
DS15,mc.lm_OVERB,lm,OVERB,46,0.00509888298938431
DS15,mc.lm_OVERB,lm,OVERB,47,0.004972175121039642
DS15,mc.lm_OVERB,lm,OVERB,48,0.004221770392264065
DS15,mc.lm_OVERB,lm,OVERB,49,0.004418583845485634
DS15,mc.lm_OVERB,lm,OVERB,50,0.004241024300419754
DS15,mc.lm_OVERTPhi,lm,OVERTPhi,1,0.015095215076586954
DS15,mc.lm_OVERTPhi,lm,OVERTPhi,2,0.01512892376329841
DS15,mc.lm_OVERTPhi,lm,OVERTPhi,3,0.015605875354649069
DS15,mc.lm_OVERTPhi,lm,OVERTPhi,4,0.015707159520100412
DS15,mc.lm_OVERTPhi,lm,OVERTPhi,5,0.016830524237190968
DS15,mc.lm_OVERTPhi,lm,OVERTPhi,6,0.017683458046272756
DS15,mc.lm_OVERTPhi,lm,OVERTPhi,7,0.019242309143494396
DS15,mc.lm_OVERTPhi,lm,OVERTPhi,8,0.018706620314214356
DS15,mc.lm_OVERTPhi,lm,OVERTPhi,9,0.016335052002722714
DS15,mc.lm_OVERTPhi,lm,OVERTPhi,10,0.017881442248422884
DS15,mc.lm_OVERTPhi,lm,OVERTPhi,11,0.01878737590372659
DS15,mc.lm_OVERTPhi,lm,OVERTPhi,12,0.019222219215495804
DS15,mc.lm_OVERTPhi,lm,OVERTPhi,13,0.01817496485340705
DS15,mc.lm_OVERTPhi,lm,OVERTPhi,14,0.01870843320175322
DS15,mc.lm_OVERTPhi,lm,OVERTPhi,15,0.01915686527762421
DS15,mc.lm_OVERTPhi,lm,OVERTPhi,16,0.01796820635732379
DS15,mc.lm_OVERTPhi,lm,OVERTPhi,17,0.018364448658009302
DS15,mc.lm_OVERTPhi,lm,OVERTPhi,18,0.01780661908865362
DS15,mc.lm_OVERTPhi,lm,OVERTPhi,19,0.01886990425053645
DS15,mc.lm_OVERTPhi,lm,OVERTPhi,20,0.017267254684851734
DS15,mc.lm_OVERTPhi,lm,OVERTPhi,21,0.018041060046932192
DS15,mc.lm_OVERTPhi,lm,OVERTPhi,22,0.012188664441196867
DS15,mc.lm_OVERTPhi,lm,OVERTPhi,23,0.012086685157419834
DS15,mc.lm_OVERTPhi,lm,OVERTPhi,24,0.010946874277712515
DS15,mc.lm_OVERTPhi,lm,OVERTPhi,25,0.011039250330418117
DS15,mc.lm_OVERTPhi,lm,OVERTPhi,26,0.009314072036360322
DS15,mc.lm_OVERTPhi,lm,OVERTPhi,27,0.008331082851919726
DS15,mc.lm_OVERTPhi,lm,OVERTPhi,28,0.008193963532950559
DS15,mc.lm_OVERTPhi,lm,OVERTPhi,29,0.007971003710336832
DS15,mc.lm_OVERTPhi,lm,OVERTPhi,30,0.00689775138644309
DS15,mc.lm_OVERTPhi,lm,OVERTPhi,31,0.0067223461646006635
DS15,mc.lm_OVERTPhi,lm,OVERTPhi,32,0.006876547686038358
DS15,mc.lm_OVERTPhi,lm,OVERTPhi,33,0.007523056898063332
DS15,mc.lm_OVERTPhi,lm,OVERTPhi,34,0.006510098598992788
DS15,mc.lm_OVERTPhi,lm,OVERTPhi,35,0.006731925977960743
DS15,mc.lm_OVERTPhi,lm,OVERTPhi,36,0.007043086659731675
DS15,mc.lm_OVERTPhi,lm,OVERTPhi,37,0.006966494571124681
DS15,mc.lm_OVERTPhi,lm,OVERTPhi,38,0.007334895745495273
DS15,mc.lm_OVERTPhi,lm,OVERTPhi,39,0.007194612879799677
DS15,mc.lm_OVERTPhi,lm,OVERTPhi,40,0.006918886774362522
DS15,mc.lm_OVERTPhi,lm,OVERTPhi,41,0.00670359880650534
DS15,mc.lm_OVERTPhi,lm,OVERTPhi,42,0.004898645266324093
DS15,mc.lm_OVERTPhi,lm,OVERTPhi,43,0.005072459888733059
DS15,mc.lm_OVERTPhi,lm,OVERTPhi,44,0.004954439077911707
DS15,mc.lm_OVERTPhi,lm,OVERTPhi,45,0.004883575877607414
DS15,mc.lm_OVERTPhi,lm,OVERTPhi,46,0.0048355542234364175
DS15,mc.lm_OVERTPhi,lm,OVERTPhi,47,0.004448127925656837
DS15,mc.lm_OVERTPhi,lm,OVERTPhi,48,0.004326621901023413
DS15,mc.lm_OVERTPhi,lm,OVERTPhi,49,0.0045965049612602836
DS15,mc.lm_OVERTPhi,lm,OVERTPhi,50,0.004519781387181313
DS15,mc.lm_OVERT,lm,OVERT,1,0.014977481938268658
DS15,mc.lm_OVERT,lm,OVERT,2,0.014948070786707167
DS15,mc.lm_OVERT,lm,OVERT,3,0.01558755109516146
DS15,mc.lm_OVERT,lm,OVERT,4,0.015562882417847354
DS15,mc.lm_OVERT,lm,OVERT,5,0.016770504902545134
DS15,mc.lm_OVERT,lm,OVERT,6,0.01749920446813967
DS15,mc.lm_OVERT,lm,OVERT,7,0.018569729201356834
DS15,mc.lm_OVERT,lm,OVERT,8,0.018662701018293794
DS15,mc.lm_OVERT,lm,OVERT,9,0.016548568023570423
DS15,mc.lm_OVERT,lm,OVERT,10,0.018087646367378633
DS15,mc.lm_OVERT,lm,OVERT,11,0.0186151148422981
DS15,mc.lm_OVERT,lm,OVERT,12,0.01909539809432753
DS15,mc.lm_OVERT,lm,OVERT,13,0.01802976845815097
DS15,mc.lm_OVERT,lm,OVERT,14,0.018620630749440637
DS15,mc.lm_OVERT,lm,OVERT,15,0.01912636658260782
DS15,mc.lm_OVERT,lm,OVERT,16,0.017894675643118967
DS15,mc.lm_OVERT,lm,OVERT,17,0.017864500986552765
DS15,mc.lm_OVERT,lm,OVERT,18,0.0176197182320579
DS15,mc.lm_OVERT,lm,OVERT,19,0.018472930362403005
DS15,mc.lm_OVERT,lm,OVERT,20,0.017395438482293916
DS15,mc.lm_OVERT,lm,OVERT,21,0.01835020896791214
DS15,mc.lm_OVERT,lm,OVERT,22,0.01224845038238817
DS15,mc.lm_OVERT,lm,OVERT,23,0.012121328417958474
DS15,mc.lm_OVERT,lm,OVERT,24,0.011001352748485843
DS15,mc.lm_OVERT,lm,OVERT,25,0.010961374621472368
DS15,mc.lm_OVERT,lm,OVERT,26,0.00927535773430014
DS15,mc.lm_OVERT,lm,OVERT,27,0.008215945090426436
DS15,mc.lm_OVERT,lm,OVERT,28,0.008081714429903714
DS15,mc.lm_OVERT,lm,OVERT,29,0.008042376511960537
DS15,mc.lm_OVERT,lm,OVERT,30,0.006913907291408777
DS15,mc.lm_OVERT,lm,OVERT,31,0.00667903635059739
DS15,mc.lm_OVERT,lm,OVERT,32,0.0067870487488967506
DS15,mc.lm_OVERT,lm,OVERT,33,0.007500799835622349
DS15,mc.lm_OVERT,lm,OVERT,34,0.006488811095723842
DS15,mc.lm_OVERT,lm,OVERT,35,0.006830895638750947
DS15,mc.lm_OVERT,lm,OVERT,36,0.007036045830178862
DS15,mc.lm_OVERT,lm,OVERT,37,0.006982322420635686
DS15,mc.lm_OVERT,lm,OVERT,38,0.007266093040873755
DS15,mc.lm_OVERT,lm,OVERT,39,0.007190973189296893
DS15,mc.lm_OVERT,lm,OVERT,40,0.006912390289222402
DS15,mc.lm_OVERT,lm,OVERT,41,0.006605702963581783
DS15,mc.lm_OVERT,lm,OVERT,42,0.004839268530300882
DS15,mc.lm_OVERT,lm,OVERT,43,0.005091642381963739
DS15,mc.lm_OVERT,lm,OVERT,44,0.004949695085990846
DS15,mc.lm_OVERT,lm,OVERT,45,0.004878285564063202
DS15,mc.lm_OVERT,lm,OVERT,46,0.004829004489182109
DS15,mc.lm_OVERT,lm,OVERT,47,0.004439403336854834
DS15,mc.lm_OVERT,lm,OVERT,48,0.004316958342045355
DS15,mc.lm_OVERT,lm,OVERT,49,0.004549610921949172
DS15,mc.lm_OVERT,lm,OVERT,50,0.004571052357331457
DS15,mc.lm_SMOTEB,lm,SMOTEB,1,0.016404543637156804
DS15,mc.lm_SMOTEB,lm,SMOTEB,2,0.017230957163100396
DS15,mc.lm_SMOTEB,lm,SMOTEB,3,0.016994720742614145
DS15,mc.lm_SMOTEB,lm,SMOTEB,4,0.018156660315400946
DS15,mc.lm_SMOTEB,lm,SMOTEB,5,0.019071024089654845
DS15,mc.lm_SMOTEB,lm,SMOTEB,6,0.019235743244370298
DS15,mc.lm_SMOTEB,lm,SMOTEB,7,0.02128227849239734
DS15,mc.lm_SMOTEB,lm,SMOTEB,8,0.024421691481944334
DS15,mc.lm_SMOTEB,lm,SMOTEB,9,0.022643604628820188
DS15,mc.lm_SMOTEB,lm,SMOTEB,10,0.02253432629342687
DS15,mc.lm_SMOTEB,lm,SMOTEB,11,0.021014208641688466
DS15,mc.lm_SMOTEB,lm,SMOTEB,12,0.02204513837901482
DS15,mc.lm_SMOTEB,lm,SMOTEB,13,0.021096386416452388
DS15,mc.lm_SMOTEB,lm,SMOTEB,14,0.025221065353261973
DS15,mc.lm_SMOTEB,lm,SMOTEB,15,0.02420562427035191
DS15,mc.lm_SMOTEB,lm,SMOTEB,16,0.023157714269489905
DS15,mc.lm_SMOTEB,lm,SMOTEB,17,0.02485771864317231
DS15,mc.lm_SMOTEB,lm,SMOTEB,18,0.025937771332686512
DS15,mc.lm_SMOTEB,lm,SMOTEB,19,0.0244660454137883
DS15,mc.lm_SMOTEB,lm,SMOTEB,20,0.02037421002767445
DS15,mc.lm_SMOTEB,lm,SMOTEB,21,0.019201152132681296
DS15,mc.lm_SMOTEB,lm,SMOTEB,22,0.014894614291601074
DS15,mc.lm_SMOTEB,lm,SMOTEB,23,0.013282987743015768
DS15,mc.lm_SMOTEB,lm,SMOTEB,24,0.013722713655972999
DS15,mc.lm_SMOTEB,lm,SMOTEB,25,0.013183224176695083
DS15,mc.lm_SMOTEB,lm,SMOTEB,26,0.013393139003739278
DS15,mc.lm_SMOTEB,lm,SMOTEB,27,0.00948733949416079
DS15,mc.lm_SMOTEB,lm,SMOTEB,28,0.008393703219685095
DS15,mc.lm_SMOTEB,lm,SMOTEB,29,0.00864111556840998
DS15,mc.lm_SMOTEB,lm,SMOTEB,30,0.008638743398012499
DS15,mc.lm_SMOTEB,lm,SMOTEB,31,0.007561921991903897
DS15,mc.lm_SMOTEB,lm,SMOTEB,32,0.007158383420707573
DS15,mc.lm_SMOTEB,lm,SMOTEB,33,0.008174159480996514
DS15,mc.lm_SMOTEB,lm,SMOTEB,34,0.006896014814857887
DS15,mc.lm_SMOTEB,lm,SMOTEB,35,0.007790085355643978
DS15,mc.lm_SMOTEB,lm,SMOTEB,36,0.008147207467661252
DS15,mc.lm_SMOTEB,lm,SMOTEB,37,0.007237298802892118
DS15,mc.lm_SMOTEB,lm,SMOTEB,38,0.007737663144060058
DS15,mc.lm_SMOTEB,lm,SMOTEB,39,0.008281590376677339
DS15,mc.lm_SMOTEB,lm,SMOTEB,40,0.007887689590118692
DS15,mc.lm_SMOTEB,lm,SMOTEB,41,0.007536553894969662
DS15,mc.lm_SMOTEB,lm,SMOTEB,42,0.005268523346376827
DS15,mc.lm_SMOTEB,lm,SMOTEB,43,0.005373360052782141
DS15,mc.lm_SMOTEB,lm,SMOTEB,44,0.00684684118711372
DS15,mc.lm_SMOTEB,lm,SMOTEB,45,0.006360721030532949
DS15,mc.lm_SMOTEB,lm,SMOTEB,46,0.005824187023649695
DS15,mc.lm_SMOTEB,lm,SMOTEB,47,0.005837018230269479
DS15,mc.lm_SMOTEB,lm,SMOTEB,48,0.005068414398386231
DS15,mc.lm_SMOTEB,lm,SMOTEB,49,0.004894522640789282
DS15,mc.lm_SMOTEB,lm,SMOTEB,50,0.0053177758467276405
DS15,mc.lm_SMOTETPhi,lm,SMOTETPhi,1,0.02090358612552253
DS15,mc.lm_SMOTETPhi,lm,SMOTETPhi,2,0.017397550035814797
DS15,mc.lm_SMOTETPhi,lm,SMOTETPhi,3,0.020732997108748194
DS15,mc.lm_SMOTETPhi,lm,SMOTETPhi,4,0.020575237044118358
DS15,mc.lm_SMOTETPhi,lm,SMOTETPhi,5,0.020272330996341542
DS15,mc.lm_SMOTETPhi,lm,SMOTETPhi,6,0.023169045853766602
DS15,mc.lm_SMOTETPhi,lm,SMOTETPhi,7,0.030384805722756182
DS15,mc.lm_SMOTETPhi,lm,SMOTETPhi,8,0.03362794421953813
DS15,mc.lm_SMOTETPhi,lm,SMOTETPhi,9,0.03291659739663064
DS15,mc.lm_SMOTETPhi,lm,SMOTETPhi,10,0.029403699234488493
DS15,mc.lm_SMOTETPhi,lm,SMOTETPhi,11,0.032584580960951876
DS15,mc.lm_SMOTETPhi,lm,SMOTETPhi,12,0.02903916323029829
DS15,mc.lm_SMOTETPhi,lm,SMOTETPhi,13,0.027771450527088442
DS15,mc.lm_SMOTETPhi,lm,SMOTETPhi,14,0.029614369119389347
DS15,mc.lm_SMOTETPhi,lm,SMOTETPhi,15,0.032741496172452256
DS15,mc.lm_SMOTETPhi,lm,SMOTETPhi,16,0.033741956991895854
DS15,mc.lm_SMOTETPhi,lm,SMOTETPhi,17,0.029462898600636545
DS15,mc.lm_SMOTETPhi,lm,SMOTETPhi,18,0.031541876383347864
DS15,mc.lm_SMOTETPhi,lm,SMOTETPhi,19,0.02815589999469613
DS15,mc.lm_SMOTETPhi,lm,SMOTETPhi,20,0.022532316465871383
DS15,mc.lm_SMOTETPhi,lm,SMOTETPhi,21,0.025463348880489935
DS15,mc.lm_SMOTETPhi,lm,SMOTETPhi,22,0.018056206462847016
DS15,mc.lm_SMOTETPhi,lm,SMOTETPhi,23,0.017932526435474244
DS15,mc.lm_SMOTETPhi,lm,SMOTETPhi,24,0.018840572999335496
DS15,mc.lm_SMOTETPhi,lm,SMOTETPhi,25,0.011682947690361035
DS15,mc.lm_SMOTETPhi,lm,SMOTETPhi,26,0.013680827566288453
DS15,mc.lm_SMOTETPhi,lm,SMOTETPhi,27,0.01156995028556415
DS15,mc.lm_SMOTETPhi,lm,SMOTETPhi,28,0.009774982597410251
DS15,mc.lm_SMOTETPhi,lm,SMOTETPhi,29,0.01162923619135207
DS15,mc.lm_SMOTETPhi,lm,SMOTETPhi,30,0.008771268707473356
DS15,mc.lm_SMOTETPhi,lm,SMOTETPhi,31,0.008204540767486813
DS15,mc.lm_SMOTETPhi,lm,SMOTETPhi,32,0.00757490109806961
DS15,mc.lm_SMOTETPhi,lm,SMOTETPhi,33,0.009454896291357937
DS15,mc.lm_SMOTETPhi,lm,SMOTETPhi,34,0.0072119617464862906
DS15,mc.lm_SMOTETPhi,lm,SMOTETPhi,35,0.007441414093660984
DS15,mc.lm_SMOTETPhi,lm,SMOTETPhi,36,0.007144099833237133
DS15,mc.lm_SMOTETPhi,lm,SMOTETPhi,37,0.00795738767536413
DS15,mc.lm_SMOTETPhi,lm,SMOTETPhi,38,0.007887914731188833
DS15,mc.lm_SMOTETPhi,lm,SMOTETPhi,39,0.007972117422306108
DS15,mc.lm_SMOTETPhi,lm,SMOTETPhi,40,0.008208972466803213
DS15,mc.lm_SMOTETPhi,lm,SMOTETPhi,41,0.00745305337738325
DS15,mc.lm_SMOTETPhi,lm,SMOTETPhi,42,0.00628794345717215
DS15,mc.lm_SMOTETPhi,lm,SMOTETPhi,43,0.006747144079746199
DS15,mc.lm_SMOTETPhi,lm,SMOTETPhi,44,0.0071774450893920105
DS15,mc.lm_SMOTETPhi,lm,SMOTETPhi,45,0.0061349025616842705
DS15,mc.lm_SMOTETPhi,lm,SMOTETPhi,46,0.005990122212930757
DS15,mc.lm_SMOTETPhi,lm,SMOTETPhi,47,0.005331051639103021
DS15,mc.lm_SMOTETPhi,lm,SMOTETPhi,48,0.004726680646808
DS15,mc.lm_SMOTETPhi,lm,SMOTETPhi,49,0.0051290580594263585
DS15,mc.lm_SMOTETPhi,lm,SMOTETPhi,50,0.0065136207937082375
DS15,mc.lm_SMOTET,lm,SMOTET,1,0.018352738461089424
DS15,mc.lm_SMOTET,lm,SMOTET,2,0.01831549786468707
DS15,mc.lm_SMOTET,lm,SMOTET,3,0.02063501447126305
DS15,mc.lm_SMOTET,lm,SMOTET,4,0.025385920521964006
DS15,mc.lm_SMOTET,lm,SMOTET,5,0.02037408819100679
DS15,mc.lm_SMOTET,lm,SMOTET,6,0.022840437600311667
DS15,mc.lm_SMOTET,lm,SMOTET,7,0.03129441265468005
DS15,mc.lm_SMOTET,lm,SMOTET,8,0.03595790785593116
DS15,mc.lm_SMOTET,lm,SMOTET,9,0.03186536553817202
DS15,mc.lm_SMOTET,lm,SMOTET,10,0.02944402024534839
DS15,mc.lm_SMOTET,lm,SMOTET,11,0.03507241065100159
DS15,mc.lm_SMOTET,lm,SMOTET,12,0.0306864875193801
DS15,mc.lm_SMOTET,lm,SMOTET,13,0.030275237774768534
DS15,mc.lm_SMOTET,lm,SMOTET,14,0.03052165483317073
DS15,mc.lm_SMOTET,lm,SMOTET,15,0.03350037936822125
DS15,mc.lm_SMOTET,lm,SMOTET,16,0.03179875601850328
DS15,mc.lm_SMOTET,lm,SMOTET,17,0.03163351313856201
DS15,mc.lm_SMOTET,lm,SMOTET,18,0.031882723793586754
DS15,mc.lm_SMOTET,lm,SMOTET,19,0.0279735009950705
DS15,mc.lm_SMOTET,lm,SMOTET,20,0.025050869127616348
DS15,mc.lm_SMOTET,lm,SMOTET,21,0.023459646380013854
DS15,mc.lm_SMOTET,lm,SMOTET,22,0.01931127244074056
DS15,mc.lm_SMOTET,lm,SMOTET,23,0.018188605040938083
DS15,mc.lm_SMOTET,lm,SMOTET,24,0.021134129340908824
DS15,mc.lm_SMOTET,lm,SMOTET,25,0.015199776531722227
DS15,mc.lm_SMOTET,lm,SMOTET,26,0.016881701529220763
DS15,mc.lm_SMOTET,lm,SMOTET,27,0.011007562644827423
DS15,mc.lm_SMOTET,lm,SMOTET,28,0.010826444443441316
DS15,mc.lm_SMOTET,lm,SMOTET,29,0.011005491786370097
DS15,mc.lm_SMOTET,lm,SMOTET,30,0.007516431434434728
DS15,mc.lm_SMOTET,lm,SMOTET,31,0.008006790933447428
DS15,mc.lm_SMOTET,lm,SMOTET,32,0.007713294631879629
DS15,mc.lm_SMOTET,lm,SMOTET,33,0.008204931444744093
DS15,mc.lm_SMOTET,lm,SMOTET,34,0.0066105678931345415
DS15,mc.lm_SMOTET,lm,SMOTET,35,0.007230604724651061
DS15,mc.lm_SMOTET,lm,SMOTET,36,0.006855451839622223
DS15,mc.lm_SMOTET,lm,SMOTET,37,0.007852332701985971
DS15,mc.lm_SMOTET,lm,SMOTET,38,0.008150348036614867
DS15,mc.lm_SMOTET,lm,SMOTET,39,0.007569453789557661
DS15,mc.lm_SMOTET,lm,SMOTET,40,0.0072780719087564855
DS15,mc.lm_SMOTET,lm,SMOTET,41,0.007625897142512814
DS15,mc.lm_SMOTET,lm,SMOTET,42,0.005848916721023998
DS15,mc.lm_SMOTET,lm,SMOTET,43,0.006661726379364611
DS15,mc.lm_SMOTET,lm,SMOTET,44,0.005755703099814188
DS15,mc.lm_SMOTET,lm,SMOTET,45,0.0061806705860855266
DS15,mc.lm_SMOTET,lm,SMOTET,46,0.00610428424536019
DS15,mc.lm_SMOTET,lm,SMOTET,47,0.005543369819452452
DS15,mc.lm_SMOTET,lm,SMOTET,48,0.0050014819672335505
DS15,mc.lm_SMOTET,lm,SMOTET,49,0.005482910754037973
DS15,mc.lm_SMOTET,lm,SMOTET,50,0.0050323738230441265
DS15,mc.lm_UNDERB,lm,UNDERB,1,0.017610634252319707
DS15,mc.lm_UNDERB,lm,UNDERB,2,0.014245373889912812
DS15,mc.lm_UNDERB,lm,UNDERB,3,0.012987774609578683
DS15,mc.lm_UNDERB,lm,UNDERB,4,0.014195042654403776
DS15,mc.lm_UNDERB,lm,UNDERB,5,0.015542361967356005
DS15,mc.lm_UNDERB,lm,UNDERB,6,0.017031147969342707
DS15,mc.lm_UNDERB,lm,UNDERB,7,0.02067689972700332
DS15,mc.lm_UNDERB,lm,UNDERB,8,0.024775475956593122
DS15,mc.lm_UNDERB,lm,UNDERB,9,0.023023276381591774
DS15,mc.lm_UNDERB,lm,UNDERB,10,0.01845697938558313
DS15,mc.lm_UNDERB,lm,UNDERB,11,0.018805335015756965
DS15,mc.lm_UNDERB,lm,UNDERB,12,0.023178147825363545
DS15,mc.lm_UNDERB,lm,UNDERB,13,0.01976201865941199
DS15,mc.lm_UNDERB,lm,UNDERB,14,0.02429336761316418
DS15,mc.lm_UNDERB,lm,UNDERB,15,0.024995152245163094
DS15,mc.lm_UNDERB,lm,UNDERB,16,0.022689928980057703
DS15,mc.lm_UNDERB,lm,UNDERB,17,0.020681647447835655
DS15,mc.lm_UNDERB,lm,UNDERB,18,0.023620459237251246
DS15,mc.lm_UNDERB,lm,UNDERB,19,0.029032973578480947
DS15,mc.lm_UNDERB,lm,UNDERB,20,0.019981591514664766
DS15,mc.lm_UNDERB,lm,UNDERB,21,0.019803204633480752
DS15,mc.lm_UNDERB,lm,UNDERB,22,0.013559566555993942
DS15,mc.lm_UNDERB,lm,UNDERB,23,0.01319791126486131
DS15,mc.lm_UNDERB,lm,UNDERB,24,0.012582812086646484
DS15,mc.lm_UNDERB,lm,UNDERB,25,0.009978382435328453
DS15,mc.lm_UNDERB,lm,UNDERB,26,0.010955254610513599
DS15,mc.lm_UNDERB,lm,UNDERB,27,0.008677741189927753
DS15,mc.lm_UNDERB,lm,UNDERB,28,0.00770353712874206
DS15,mc.lm_UNDERB,lm,UNDERB,29,0.008801728599633858
DS15,mc.lm_UNDERB,lm,UNDERB,30,0.007664267566027673
DS15,mc.lm_UNDERB,lm,UNDERB,31,0.006813966068575791
DS15,mc.lm_UNDERB,lm,UNDERB,32,0.0068442333862473795
DS15,mc.lm_UNDERB,lm,UNDERB,33,0.007550539506779221
DS15,mc.lm_UNDERB,lm,UNDERB,34,0.006140715781921528
DS15,mc.lm_UNDERB,lm,UNDERB,35,0.006515931965715824
DS15,mc.lm_UNDERB,lm,UNDERB,36,0.006926700035327254
DS15,mc.lm_UNDERB,lm,UNDERB,37,0.007042211724066059
DS15,mc.lm_UNDERB,lm,UNDERB,38,0.007048104951971463
DS15,mc.lm_UNDERB,lm,UNDERB,39,0.005892994838662435
DS15,mc.lm_UNDERB,lm,UNDERB,40,0.0065445948936176555
DS15,mc.lm_UNDERB,lm,UNDERB,41,0.0073204923601852545
DS15,mc.lm_UNDERB,lm,UNDERB,42,0.0050549975072289735
DS15,mc.lm_UNDERB,lm,UNDERB,43,0.004581224341377055
DS15,mc.lm_UNDERB,lm,UNDERB,44,0.005909733913853305
DS15,mc.lm_UNDERB,lm,UNDERB,45,0.004855215776498663
DS15,mc.lm_UNDERB,lm,UNDERB,46,0.0052171526112230445
DS15,mc.lm_UNDERB,lm,UNDERB,47,0.006213532229536746
DS15,mc.lm_UNDERB,lm,UNDERB,48,0.004079171445075327
DS15,mc.lm_UNDERB,lm,UNDERB,49,0.005969760078618614
DS15,mc.lm_UNDERB,lm,UNDERB,50,0.004695533530289432
DS15,mc.lm_UNDERTPhi,lm,UNDERTPhi,1,0.015173794688171361
DS15,mc.lm_UNDERTPhi,lm,UNDERTPhi,2,0.016658158064777582
DS15,mc.lm_UNDERTPhi,lm,UNDERTPhi,3,0.01999973101824447
DS15,mc.lm_UNDERTPhi,lm,UNDERTPhi,4,0.01586018120803171
DS15,mc.lm_UNDERTPhi,lm,UNDERTPhi,5,0.017328680095809196
DS15,mc.lm_UNDERTPhi,lm,UNDERTPhi,6,0.017412084147081435
DS15,mc.lm_UNDERTPhi,lm,UNDERTPhi,7,0.02029282772675925
DS15,mc.lm_UNDERTPhi,lm,UNDERTPhi,8,0.026045065316030326
DS15,mc.lm_UNDERTPhi,lm,UNDERTPhi,9,0.02140746499950745
DS15,mc.lm_UNDERTPhi,lm,UNDERTPhi,10,0.021892192991587785
DS15,mc.lm_UNDERTPhi,lm,UNDERTPhi,11,0.019602790770641594
DS15,mc.lm_UNDERTPhi,lm,UNDERTPhi,12,0.02216129798514578
DS15,mc.lm_UNDERTPhi,lm,UNDERTPhi,13,0.023497780747415292
DS15,mc.lm_UNDERTPhi,lm,UNDERTPhi,14,0.023437506136400565
DS15,mc.lm_UNDERTPhi,lm,UNDERTPhi,15,0.023362842657827333
DS15,mc.lm_UNDERTPhi,lm,UNDERTPhi,16,0.02060770537138621
DS15,mc.lm_UNDERTPhi,lm,UNDERTPhi,17,0.024608014991667638
DS15,mc.lm_UNDERTPhi,lm,UNDERTPhi,18,0.024822862853092268
DS15,mc.lm_UNDERTPhi,lm,UNDERTPhi,19,0.02048241104487752
DS15,mc.lm_UNDERTPhi,lm,UNDERTPhi,20,0.022461656237861807
DS15,mc.lm_UNDERTPhi,lm,UNDERTPhi,21,0.020640194780823722
DS15,mc.lm_UNDERTPhi,lm,UNDERTPhi,22,0.016251170511642012
DS15,mc.lm_UNDERTPhi,lm,UNDERTPhi,23,0.01694608974770523
DS15,mc.lm_UNDERTPhi,lm,UNDERTPhi,24,0.014044933828069522
DS15,mc.lm_UNDERTPhi,lm,UNDERTPhi,25,0.010095476462655028
DS15,mc.lm_UNDERTPhi,lm,UNDERTPhi,26,0.009949982329511511
DS15,mc.lm_UNDERTPhi,lm,UNDERTPhi,27,0.007737603897829329
DS15,mc.lm_UNDERTPhi,lm,UNDERTPhi,28,0.010085135249962126
DS15,mc.lm_UNDERTPhi,lm,UNDERTPhi,29,0.009401988967091284
DS15,mc.lm_UNDERTPhi,lm,UNDERTPhi,30,0.007592560235016358
DS15,mc.lm_UNDERTPhi,lm,UNDERTPhi,31,0.006801874425365688
DS15,mc.lm_UNDERTPhi,lm,UNDERTPhi,32,0.007326686841273795
DS15,mc.lm_UNDERTPhi,lm,UNDERTPhi,33,0.00938647170767702
DS15,mc.lm_UNDERTPhi,lm,UNDERTPhi,34,0.007206817155028539
DS15,mc.lm_UNDERTPhi,lm,UNDERTPhi,35,0.006401586205028405
DS15,mc.lm_UNDERTPhi,lm,UNDERTPhi,36,0.007136705540451771
DS15,mc.lm_UNDERTPhi,lm,UNDERTPhi,37,0.007280889404598701
DS15,mc.lm_UNDERTPhi,lm,UNDERTPhi,38,0.008419459218034792
DS15,mc.lm_UNDERTPhi,lm,UNDERTPhi,39,0.008147573544760988
DS15,mc.lm_UNDERTPhi,lm,UNDERTPhi,40,0.007285156549567495
DS15,mc.lm_UNDERTPhi,lm,UNDERTPhi,41,0.006037577470305951
DS15,mc.lm_UNDERTPhi,lm,UNDERTPhi,42,0.005017312332015465
DS15,mc.lm_UNDERTPhi,lm,UNDERTPhi,43,0.005904069632929237
DS15,mc.lm_UNDERTPhi,lm,UNDERTPhi,44,0.005634588396758235
DS15,mc.lm_UNDERTPhi,lm,UNDERTPhi,45,0.006396877529547212
DS15,mc.lm_UNDERTPhi,lm,UNDERTPhi,46,0.005332552323332011
DS15,mc.lm_UNDERTPhi,lm,UNDERTPhi,47,0.005339700229783977
DS15,mc.lm_UNDERTPhi,lm,UNDERTPhi,48,0.0056976655219662655
DS15,mc.lm_UNDERTPhi,lm,UNDERTPhi,49,0.005561083677294659
DS15,mc.lm_UNDERTPhi,lm,UNDERTPhi,50,0.006091087520468002
DS15,mc.lm_UNDERT,lm,UNDERT,1,0.014102417925968311
DS15,mc.lm_UNDERT,lm,UNDERT,2,0.014524209458733226
DS15,mc.lm_UNDERT,lm,UNDERT,3,0.01704310945261952
DS15,mc.lm_UNDERT,lm,UNDERT,4,0.012658992152824967
DS15,mc.lm_UNDERT,lm,UNDERT,5,0.015335194793723656
DS15,mc.lm_UNDERT,lm,UNDERT,6,0.01616290825348314
DS15,mc.lm_UNDERT,lm,UNDERT,7,0.01987767411758316
DS15,mc.lm_UNDERT,lm,UNDERT,8,0.022908800746234984
DS15,mc.lm_UNDERT,lm,UNDERT,9,0.0223179223428949
DS15,mc.lm_UNDERT,lm,UNDERT,10,0.02440552276316865
DS15,mc.lm_UNDERT,lm,UNDERT,11,0.02127584466496038
DS15,mc.lm_UNDERT,lm,UNDERT,12,0.022184955721207388
DS15,mc.lm_UNDERT,lm,UNDERT,13,0.027207871963354193
DS15,mc.lm_UNDERT,lm,UNDERT,14,0.022967175914838323
DS15,mc.lm_UNDERT,lm,UNDERT,15,0.03066044243386869
DS15,mc.lm_UNDERT,lm,UNDERT,16,0.0328158343750906
DS15,mc.lm_UNDERT,lm,UNDERT,17,0.024949911793613985
DS15,mc.lm_UNDERT,lm,UNDERT,18,0.02201862088896562
DS15,mc.lm_UNDERT,lm,UNDERT,19,0.025915422333841972
DS15,mc.lm_UNDERT,lm,UNDERT,20,0.01989253429546479
DS15,mc.lm_UNDERT,lm,UNDERT,21,0.020449708767364353
DS15,mc.lm_UNDERT,lm,UNDERT,22,0.013427290665355258
DS15,mc.lm_UNDERT,lm,UNDERT,23,0.014143402849964919
DS15,mc.lm_UNDERT,lm,UNDERT,24,0.014341359786840034
DS15,mc.lm_UNDERT,lm,UNDERT,25,0.01266192746194356
DS15,mc.lm_UNDERT,lm,UNDERT,26,0.009538741722527194
DS15,mc.lm_UNDERT,lm,UNDERT,27,0.0086002053765049
DS15,mc.lm_UNDERT,lm,UNDERT,28,0.00860155370502123
DS15,mc.lm_UNDERT,lm,UNDERT,29,0.00833760120713118
DS15,mc.lm_UNDERT,lm,UNDERT,30,0.007020917883141549
DS15,mc.lm_UNDERT,lm,UNDERT,31,0.00682692098629768
DS15,mc.lm_UNDERT,lm,UNDERT,32,0.007632371428096293
DS15,mc.lm_UNDERT,lm,UNDERT,33,0.008089878630295953
DS15,mc.lm_UNDERT,lm,UNDERT,34,0.007199287354307301
DS15,mc.lm_UNDERT,lm,UNDERT,35,0.0060893611574893355
DS15,mc.lm_UNDERT,lm,UNDERT,36,0.006979497222203016
DS15,mc.lm_UNDERT,lm,UNDERT,37,0.006990476251518454
DS15,mc.lm_UNDERT,lm,UNDERT,38,0.00624456032153292
DS15,mc.lm_UNDERT,lm,UNDERT,39,0.006652061239350611
DS15,mc.lm_UNDERT,lm,UNDERT,40,0.007255339721217785
DS15,mc.lm_UNDERT,lm,UNDERT,41,0.005899459187623853
DS15,mc.lm_UNDERT,lm,UNDERT,42,0.004966754231724964
DS15,mc.lm_UNDERT,lm,UNDERT,43,0.00473154883515309
DS15,mc.lm_UNDERT,lm,UNDERT,44,0.005430578370037701
DS15,mc.lm_UNDERT,lm,UNDERT,45,0.004860062777451244
DS15,mc.lm_UNDERT,lm,UNDERT,46,0.005806131749390408
DS15,mc.lm_UNDERT,lm,UNDERT,47,0.004739744121067204
DS15,mc.lm_UNDERT,lm,UNDERT,48,0.004372862517174077
DS15,mc.lm_UNDERT,lm,UNDERT,49,0.004542433518508297
DS15,mc.lm_UNDERT,lm,UNDERT,50,0.004447687103616791
DS15,mc.lm,lm,baseline,1,0.013207411459681538
DS15,mc.lm,lm,baseline,2,0.012937702376836127
DS15,mc.lm,lm,baseline,3,0.01296093505642753
DS15,mc.lm,lm,baseline,4,0.013005247942702304
DS15,mc.lm,lm,baseline,5,0.013010954740777885
DS15,mc.lm,lm,baseline,6,0.013317689172133211
DS15,mc.lm,lm,baseline,7,0.015811415151196512
DS15,mc.lm,lm,baseline,8,0.0162405398651996
DS15,mc.lm,lm,baseline,9,0.015599058426347666
DS15,mc.lm,lm,baseline,10,0.015659804128407482
DS15,mc.lm,lm,baseline,11,0.015138214183094722
DS15,mc.lm,lm,baseline,12,0.015835843573054044
DS15,mc.lm,lm,baseline,13,0.01585313595676508
DS15,mc.lm,lm,baseline,14,0.015736433720881095
DS15,mc.lm,lm,baseline,15,0.015914436831302472
DS15,mc.lm,lm,baseline,16,0.015809249937190493
DS15,mc.lm,lm,baseline,17,0.015777217950254944
DS15,mc.lm,lm,baseline,18,0.015715428073176507
DS15,mc.lm,lm,baseline,19,0.015688402814714647
DS15,mc.lm,lm,baseline,20,0.015200887056130343
DS15,mc.lm,lm,baseline,21,0.01517437125831143
DS15,mc.lm,lm,baseline,22,0.013650224688447525
DS15,mc.lm,lm,baseline,23,0.012756610847805855
DS15,mc.lm,lm,baseline,24,0.012811255848543944
DS15,mc.lm,lm,baseline,25,0.009563287552899778
DS15,mc.lm,lm,baseline,26,0.009061163012603042
DS15,mc.lm,lm,baseline,27,0.006741122198478183
DS15,mc.lm,lm,baseline,28,0.006545035972612958
DS15,mc.lm,lm,baseline,29,0.006529867590691098
DS15,mc.lm,lm,baseline,30,0.005599428902867374
DS15,mc.lm,lm,baseline,31,0.005582276179633384
DS15,mc.lm,lm,baseline,32,0.0054309384924049455
DS15,mc.lm,lm,baseline,33,0.005780869561004547
DS15,mc.lm,lm,baseline,34,0.005242251908921085
DS15,mc.lm,lm,baseline,35,0.0053032585563186066
DS15,mc.lm,lm,baseline,36,0.005607872293446437
DS15,mc.lm,lm,baseline,37,0.005576997856244935
DS15,mc.lm,lm,baseline,38,0.005672519973077252
DS15,mc.lm,lm,baseline,39,0.005652628006878914
DS15,mc.lm,lm,baseline,40,0.005573738457172333
DS15,mc.lm,lm,baseline,41,0.005251919350643838
DS15,mc.lm,lm,baseline,42,0.004167507380081816
DS15,mc.lm,lm,baseline,43,0.004213026321548585
DS15,mc.lm,lm,baseline,44,0.004139715419068692
DS15,mc.lm,lm,baseline,45,0.004140158687726362
DS15,mc.lm,lm,baseline,46,0.004100025357346684
DS15,mc.lm,lm,baseline,47,0.003952872925638196
DS15,mc.lm,lm,baseline,48,0.003563034097540225
DS15,mc.lm,lm,baseline,49,0.003571886593791722
DS15,mc.lm,lm,baseline,50,0.003648006741562139
DS15,mc.mars_OVERB,mars,OVERB,1,0.019069079469723214
DS15,mc.mars_OVERB,mars,OVERB,2,0.02443066672701076
DS15,mc.mars_OVERB,mars,OVERB,3,0.024561339938542946
DS15,mc.mars_OVERB,mars,OVERB,4,0.022544210489876607
DS15,mc.mars_OVERB,mars,OVERB,5,0.025822449706101598
DS15,mc.mars_OVERB,mars,OVERB,6,0.023287063820887924
DS15,mc.mars_OVERB,mars,OVERB,7,0.026591422995905334
DS15,mc.mars_OVERB,mars,OVERB,8,0.01936510316210898
DS15,mc.mars_OVERB,mars,OVERB,9,0.01951207750288135
DS15,mc.mars_OVERB,mars,OVERB,10,0.018909610138569555
DS15,mc.mars_OVERB,mars,OVERB,11,0.02822811793895464
DS15,mc.mars_OVERB,mars,OVERB,12,0.020489602505323015
DS15,mc.mars_OVERB,mars,OVERB,13,0.01902409669323128
DS15,mc.mars_OVERB,mars,OVERB,14,0.016777509638865092
DS15,mc.mars_OVERB,mars,OVERB,15,0.020593409260597686
DS15,mc.mars_OVERB,mars,OVERB,16,0.022964459169503775
DS15,mc.mars_OVERB,mars,OVERB,17,0.024153892329897467
DS15,mc.mars_OVERB,mars,OVERB,18,0.023190878770092124
DS15,mc.mars_OVERB,mars,OVERB,19,0.019907726161688875
DS15,mc.mars_OVERB,mars,OVERB,20,0.02254918895434874
DS15,mc.mars_OVERB,mars,OVERB,21,0.016247848159836948
DS15,mc.mars_OVERB,mars,OVERB,22,0.015154559345673103
DS15,mc.mars_OVERB,mars,OVERB,23,0.014657346716212652
DS15,mc.mars_OVERB,mars,OVERB,24,0.019841137617135886
DS15,mc.mars_OVERB,mars,OVERB,25,0.01783428790030384
DS15,mc.mars_OVERB,mars,OVERB,26,0.017871451479782793
DS15,mc.mars_OVERB,mars,OVERB,27,0.010124985919980987
DS15,mc.mars_OVERB,mars,OVERB,28,0.01736657516640268
DS15,mc.mars_OVERB,mars,OVERB,29,0.01340352889386074
DS15,mc.mars_OVERB,mars,OVERB,30,0.007388740266445148
DS15,mc.mars_OVERB,mars,OVERB,31,0.006436555461905151
DS15,mc.mars_OVERB,mars,OVERB,32,0.006222251879326308
DS15,mc.mars_OVERB,mars,OVERB,33,0.006327101069049883
DS15,mc.mars_OVERB,mars,OVERB,34,0.00608025937366184
DS15,mc.mars_OVERB,mars,OVERB,35,0.005530026765035559
DS15,mc.mars_OVERB,mars,OVERB,36,0.006374244863571268
DS15,mc.mars_OVERB,mars,OVERB,37,0.008198691281864845
DS15,mc.mars_OVERB,mars,OVERB,38,0.008065549076606053
DS15,mc.mars_OVERB,mars,OVERB,39,0.007797070875862687
DS15,mc.mars_OVERB,mars,OVERB,40,0.006741643869334299
DS15,mc.mars_OVERB,mars,OVERB,41,0.006299860762880083
DS15,mc.mars_OVERB,mars,OVERB,42,0.004340660775248343
DS15,mc.mars_OVERB,mars,OVERB,43,0.005138240653981437
DS15,mc.mars_OVERB,mars,OVERB,44,0.005258890231730975
DS15,mc.mars_OVERB,mars,OVERB,45,0.004695619040691771
DS15,mc.mars_OVERB,mars,OVERB,46,0.004785138825943033
DS15,mc.mars_OVERB,mars,OVERB,47,0.005002270257981889
DS15,mc.mars_OVERB,mars,OVERB,48,0.004503572113870483
DS15,mc.mars_OVERB,mars,OVERB,49,0.004316142370879025
DS15,mc.mars_OVERB,mars,OVERB,50,0.0035987020092100985
DS15,mc.mars_OVERTPhi,mars,OVERTPhi,1,0.01761794252845654
DS15,mc.mars_OVERTPhi,mars,OVERTPhi,2,0.019842555966738576
DS15,mc.mars_OVERTPhi,mars,OVERTPhi,3,0.02461340320923563
DS15,mc.mars_OVERTPhi,mars,OVERTPhi,4,0.025357986353119824
DS15,mc.mars_OVERTPhi,mars,OVERTPhi,5,0.0214118855144422
DS15,mc.mars_OVERTPhi,mars,OVERTPhi,6,0.022622230454438202
DS15,mc.mars_OVERTPhi,mars,OVERTPhi,7,0.02063782151717926
DS15,mc.mars_OVERTPhi,mars,OVERTPhi,8,0.019100563013844933
DS15,mc.mars_OVERTPhi,mars,OVERTPhi,9,0.01621164648215316
DS15,mc.mars_OVERTPhi,mars,OVERTPhi,10,0.01792545098630116
DS15,mc.mars_OVERTPhi,mars,OVERTPhi,11,0.01952133597097263
DS15,mc.mars_OVERTPhi,mars,OVERTPhi,12,0.0508996842853758
DS15,mc.mars_OVERTPhi,mars,OVERTPhi,13,0.03286949986592351
DS15,mc.mars_OVERTPhi,mars,OVERTPhi,14,0.023018632232680095
DS15,mc.mars_OVERTPhi,mars,OVERTPhi,15,0.023759491491865414
DS15,mc.mars_OVERTPhi,mars,OVERTPhi,16,0.026113365814636996
DS15,mc.mars_OVERTPhi,mars,OVERTPhi,17,0.024186766291539145
DS15,mc.mars_OVERTPhi,mars,OVERTPhi,18,0.022103915356334432
DS15,mc.mars_OVERTPhi,mars,OVERTPhi,19,0.018841453070579148
DS15,mc.mars_OVERTPhi,mars,OVERTPhi,20,0.023262488090708335
DS15,mc.mars_OVERTPhi,mars,OVERTPhi,21,0.016286545460344012
DS15,mc.mars_OVERTPhi,mars,OVERTPhi,22,0.02639834172881283
DS15,mc.mars_OVERTPhi,mars,OVERTPhi,23,0.02562858005563766
DS15,mc.mars_OVERTPhi,mars,OVERTPhi,24,0.01924737656497293
DS15,mc.mars_OVERTPhi,mars,OVERTPhi,25,0.015561738232129916
DS15,mc.mars_OVERTPhi,mars,OVERTPhi,26,0.011844149907977778
DS15,mc.mars_OVERTPhi,mars,OVERTPhi,27,0.008244287760578315
DS15,mc.mars_OVERTPhi,mars,OVERTPhi,28,0.020901635107833886
DS15,mc.mars_OVERTPhi,mars,OVERTPhi,29,0.014232210253750346
DS15,mc.mars_OVERTPhi,mars,OVERTPhi,30,0.005560419073399764
DS15,mc.mars_OVERTPhi,mars,OVERTPhi,31,0.006661678082646122
DS15,mc.mars_OVERTPhi,mars,OVERTPhi,32,0.007178461487379257
DS15,mc.mars_OVERTPhi,mars,OVERTPhi,33,0.008026073038935277
DS15,mc.mars_OVERTPhi,mars,OVERTPhi,34,0.005941382730220407
DS15,mc.mars_OVERTPhi,mars,OVERTPhi,35,0.007682323048393564
DS15,mc.mars_OVERTPhi,mars,OVERTPhi,36,0.006729301080399352
DS15,mc.mars_OVERTPhi,mars,OVERTPhi,37,0.007830463334072519
DS15,mc.mars_OVERTPhi,mars,OVERTPhi,38,0.007680110043810377
DS15,mc.mars_OVERTPhi,mars,OVERTPhi,39,0.007222275842661441
DS15,mc.mars_OVERTPhi,mars,OVERTPhi,40,0.005830887167642107
DS15,mc.mars_OVERTPhi,mars,OVERTPhi,41,0.005964903152293123
DS15,mc.mars_OVERTPhi,mars,OVERTPhi,42,0.0054900025810889815
DS15,mc.mars_OVERTPhi,mars,OVERTPhi,43,0.005049450048339062
DS15,mc.mars_OVERTPhi,mars,OVERTPhi,44,0.004676213409197492
DS15,mc.mars_OVERTPhi,mars,OVERTPhi,45,0.004802989465453494
DS15,mc.mars_OVERTPhi,mars,OVERTPhi,46,0.004904628803566054
DS15,mc.mars_OVERTPhi,mars,OVERTPhi,47,0.0047439369716340204
DS15,mc.mars_OVERTPhi,mars,OVERTPhi,48,0.0039619968722621685
DS15,mc.mars_OVERTPhi,mars,OVERTPhi,49,0.0035505627452181903
DS15,mc.mars_OVERTPhi,mars,OVERTPhi,50,0.0028055603118576694
DS15,mc.mars_OVERT,mars,OVERT,1,0.02628425924970624
DS15,mc.mars_OVERT,mars,OVERT,2,0.020001998797231333
DS15,mc.mars_OVERT,mars,OVERT,3,0.02132749270591036
DS15,mc.mars_OVERT,mars,OVERT,4,0.040741293524598536
DS15,mc.mars_OVERT,mars,OVERT,5,0.021873072332267623
DS15,mc.mars_OVERT,mars,OVERT,6,0.022703239283842346
DS15,mc.mars_OVERT,mars,OVERT,7,0.020724612724643463
DS15,mc.mars_OVERT,mars,OVERT,8,0.017570232512114793
DS15,mc.mars_OVERT,mars,OVERT,9,0.01888465945127081
DS15,mc.mars_OVERT,mars,OVERT,10,0.02673636615398932
DS15,mc.mars_OVERT,mars,OVERT,11,0.01982781552521052
DS15,mc.mars_OVERT,mars,OVERT,12,0.04252235915622874
DS15,mc.mars_OVERT,mars,OVERT,13,0.02921581099651311
DS15,mc.mars_OVERT,mars,OVERT,14,0.028951761468678214
DS15,mc.mars_OVERT,mars,OVERT,15,0.02748481358207166
DS15,mc.mars_OVERT,mars,OVERT,16,0.025851971674420424
DS15,mc.mars_OVERT,mars,OVERT,17,0.02461985553189105
DS15,mc.mars_OVERT,mars,OVERT,18,0.022057458414170117
DS15,mc.mars_OVERT,mars,OVERT,19,0.0198192743478015
DS15,mc.mars_OVERT,mars,OVERT,20,0.023337055606684358
DS15,mc.mars_OVERT,mars,OVERT,21,0.020310910693804807
DS15,mc.mars_OVERT,mars,OVERT,22,0.02634851800081697
DS15,mc.mars_OVERT,mars,OVERT,23,0.02087359172219489
DS15,mc.mars_OVERT,mars,OVERT,24,0.019734725627296428
DS15,mc.mars_OVERT,mars,OVERT,25,0.013775670954119267
DS15,mc.mars_OVERT,mars,OVERT,26,0.011799825065712678
DS15,mc.mars_OVERT,mars,OVERT,27,0.008779740136781716
DS15,mc.mars_OVERT,mars,OVERT,28,0.011835325436295945
DS15,mc.mars_OVERT,mars,OVERT,29,0.012623689790963288
DS15,mc.mars_OVERT,mars,OVERT,30,0.006892978961103575
DS15,mc.mars_OVERT,mars,OVERT,31,0.006605956581393143
DS15,mc.mars_OVERT,mars,OVERT,32,0.007090884075152868
DS15,mc.mars_OVERT,mars,OVERT,33,0.008061943484395283
DS15,mc.mars_OVERT,mars,OVERT,34,0.005889038315086295
DS15,mc.mars_OVERT,mars,OVERT,35,0.007490835994587708
DS15,mc.mars_OVERT,mars,OVERT,36,0.007305987999013516
DS15,mc.mars_OVERT,mars,OVERT,37,0.007542037288719694
DS15,mc.mars_OVERT,mars,OVERT,38,0.0077383110753016975
DS15,mc.mars_OVERT,mars,OVERT,39,0.007232688339138311
DS15,mc.mars_OVERT,mars,OVERT,40,0.0058098252624206
DS15,mc.mars_OVERT,mars,OVERT,41,0.006204642377479374
DS15,mc.mars_OVERT,mars,OVERT,42,0.005610178340579764
DS15,mc.mars_OVERT,mars,OVERT,43,0.005066663726689631
DS15,mc.mars_OVERT,mars,OVERT,44,0.004686035993723973
DS15,mc.mars_OVERT,mars,OVERT,45,0.004789506981365944
DS15,mc.mars_OVERT,mars,OVERT,46,0.0049937929524393404
DS15,mc.mars_OVERT,mars,OVERT,47,0.004745731214379292
DS15,mc.mars_OVERT,mars,OVERT,48,0.0039610324690611785
DS15,mc.mars_OVERT,mars,OVERT,49,0.00437194324745185
DS15,mc.mars_OVERT,mars,OVERT,50,0.002834506573411874
DS15,mc.mars_SMOTEB,mars,SMOTEB,1,0.04354693064201281
DS15,mc.mars_SMOTEB,mars,SMOTEB,2,0.018970418471618736
DS15,mc.mars_SMOTEB,mars,SMOTEB,3,0.02192266452096584
DS15,mc.mars_SMOTEB,mars,SMOTEB,4,0.027645083633513264
DS15,mc.mars_SMOTEB,mars,SMOTEB,5,0.037524770907815384
DS15,mc.mars_SMOTEB,mars,SMOTEB,6,0.03726067208755704
DS15,mc.mars_SMOTEB,mars,SMOTEB,7,0.03947566887316281
DS15,mc.mars_SMOTEB,mars,SMOTEB,8,0.032935259661627705
DS15,mc.mars_SMOTEB,mars,SMOTEB,9,0.023681435324762128
DS15,mc.mars_SMOTEB,mars,SMOTEB,10,0.022447127448143048
DS15,mc.mars_SMOTEB,mars,SMOTEB,11,0.032433166300002744
DS15,mc.mars_SMOTEB,mars,SMOTEB,12,0.027562161871802843
DS15,mc.mars_SMOTEB,mars,SMOTEB,13,0.03637856075848795
DS15,mc.mars_SMOTEB,mars,SMOTEB,14,0.03098712377710456
DS15,mc.mars_SMOTEB,mars,SMOTEB,15,0.02432135378324465
DS15,mc.mars_SMOTEB,mars,SMOTEB,16,0.028331259633924046
DS15,mc.mars_SMOTEB,mars,SMOTEB,17,0.04842265301607463
DS15,mc.mars_SMOTEB,mars,SMOTEB,18,0.03044262821557366
DS15,mc.mars_SMOTEB,mars,SMOTEB,19,0.026268708358976604
DS15,mc.mars_SMOTEB,mars,SMOTEB,20,0.023098428345008824
DS15,mc.mars_SMOTEB,mars,SMOTEB,21,0.03251843061772318
DS15,mc.mars_SMOTEB,mars,SMOTEB,22,0.02143145731116511
DS15,mc.mars_SMOTEB,mars,SMOTEB,23,0.01847694315021969
DS15,mc.mars_SMOTEB,mars,SMOTEB,24,0.04017960623692138
DS15,mc.mars_SMOTEB,mars,SMOTEB,25,0.03127846326672481
DS15,mc.mars_SMOTEB,mars,SMOTEB,26,0.019926120512592245
DS15,mc.mars_SMOTEB,mars,SMOTEB,27,0.01734746977282464
DS15,mc.mars_SMOTEB,mars,SMOTEB,28,0.029464528449089193
DS15,mc.mars_SMOTEB,mars,SMOTEB,29,0.016788939423908553
DS15,mc.mars_SMOTEB,mars,SMOTEB,30,0.00854935593718473
DS15,mc.mars_SMOTEB,mars,SMOTEB,31,0.008593845941803294
DS15,mc.mars_SMOTEB,mars,SMOTEB,32,0.010828058906540285
DS15,mc.mars_SMOTEB,mars,SMOTEB,33,0.009920298645649306
DS15,mc.mars_SMOTEB,mars,SMOTEB,34,0.008897338829836562
DS15,mc.mars_SMOTEB,mars,SMOTEB,35,0.010024818139701725
DS15,mc.mars_SMOTEB,mars,SMOTEB,36,0.01200463523662185
DS15,mc.mars_SMOTEB,mars,SMOTEB,37,0.008597476233645042
DS15,mc.mars_SMOTEB,mars,SMOTEB,38,0.00843184153724007
DS15,mc.mars_SMOTEB,mars,SMOTEB,39,0.009612432922014852
DS15,mc.mars_SMOTEB,mars,SMOTEB,40,0.00976776887144306
DS15,mc.mars_SMOTEB,mars,SMOTEB,41,0.012015227877829677
DS15,mc.mars_SMOTEB,mars,SMOTEB,42,0.006946610322925971
DS15,mc.mars_SMOTEB,mars,SMOTEB,43,0.008308101443816924
DS15,mc.mars_SMOTEB,mars,SMOTEB,44,0.006473378400655967
DS15,mc.mars_SMOTEB,mars,SMOTEB,45,0.006816153918944303
DS15,mc.mars_SMOTEB,mars,SMOTEB,46,0.005669659524876108
DS15,mc.mars_SMOTEB,mars,SMOTEB,47,0.007855197803755442
DS15,mc.mars_SMOTEB,mars,SMOTEB,48,0.006289200409557346
DS15,mc.mars_SMOTEB,mars,SMOTEB,49,0.007169972015426381
DS15,mc.mars_SMOTEB,mars,SMOTEB,50,0.007738480860581461
DS15,mc.mars_SMOTETPhi,mars,SMOTETPhi,1,0.02570980399814441
DS15,mc.mars_SMOTETPhi,mars,SMOTETPhi,2,0.036821698151234185
DS15,mc.mars_SMOTETPhi,mars,SMOTETPhi,3,0.0325780835609712
DS15,mc.mars_SMOTETPhi,mars,SMOTETPhi,4,0.06249838669596115
DS15,mc.mars_SMOTETPhi,mars,SMOTETPhi,5,0.0257189396960639
DS15,mc.mars_SMOTETPhi,mars,SMOTETPhi,6,0.029448862562246887
DS15,mc.mars_SMOTETPhi,mars,SMOTETPhi,7,0.03823476082915071
DS15,mc.mars_SMOTETPhi,mars,SMOTETPhi,8,0.038947856465646774
DS15,mc.mars_SMOTETPhi,mars,SMOTETPhi,9,0.038775146713830345
DS15,mc.mars_SMOTETPhi,mars,SMOTETPhi,10,0.02645265641605935
DS15,mc.mars_SMOTETPhi,mars,SMOTETPhi,11,0.04504631324500613
DS15,mc.mars_SMOTETPhi,mars,SMOTETPhi,12,0.040797083355217444
DS15,mc.mars_SMOTETPhi,mars,SMOTETPhi,13,0.025746029853444374
DS15,mc.mars_SMOTETPhi,mars,SMOTETPhi,14,0.04125090898309272
DS15,mc.mars_SMOTETPhi,mars,SMOTETPhi,15,0.044429186881055294
DS15,mc.mars_SMOTETPhi,mars,SMOTETPhi,16,0.0335428837206876
DS15,mc.mars_SMOTETPhi,mars,SMOTETPhi,17,0.03244337437723967
DS15,mc.mars_SMOTETPhi,mars,SMOTETPhi,18,0.04576463792353048
DS15,mc.mars_SMOTETPhi,mars,SMOTETPhi,19,0.03717847885101264
DS15,mc.mars_SMOTETPhi,mars,SMOTETPhi,20,0.03211232246855205
DS15,mc.mars_SMOTETPhi,mars,SMOTETPhi,21,0.024736717655589446
DS15,mc.mars_SMOTETPhi,mars,SMOTETPhi,22,0.0283224543915378
DS15,mc.mars_SMOTETPhi,mars,SMOTETPhi,23,0.019811945642774324
DS15,mc.mars_SMOTETPhi,mars,SMOTETPhi,24,0.019156261970238512
DS15,mc.mars_SMOTETPhi,mars,SMOTETPhi,25,0.014631790034697924
DS15,mc.mars_SMOTETPhi,mars,SMOTETPhi,26,0.02328927907655084
DS15,mc.mars_SMOTETPhi,mars,SMOTETPhi,27,0.03389663392549558
DS15,mc.mars_SMOTETPhi,mars,SMOTETPhi,28,0.019175300270765222
DS15,mc.mars_SMOTETPhi,mars,SMOTETPhi,29,0.017231466375780984
DS15,mc.mars_SMOTETPhi,mars,SMOTETPhi,30,0.008230077246384297
DS15,mc.mars_SMOTETPhi,mars,SMOTETPhi,31,0.009341625604324062
DS15,mc.mars_SMOTETPhi,mars,SMOTETPhi,32,0.009174281776113104
DS15,mc.mars_SMOTETPhi,mars,SMOTETPhi,33,0.010876023151655813
DS15,mc.mars_SMOTETPhi,mars,SMOTETPhi,34,0.00969414278900722
DS15,mc.mars_SMOTETPhi,mars,SMOTETPhi,35,0.011823350217406103
DS15,mc.mars_SMOTETPhi,mars,SMOTETPhi,36,0.00966362821899295
DS15,mc.mars_SMOTETPhi,mars,SMOTETPhi,37,0.011656207532093399
DS15,mc.mars_SMOTETPhi,mars,SMOTETPhi,38,0.011287052011559303
DS15,mc.mars_SMOTETPhi,mars,SMOTETPhi,39,0.012289481473479354
DS15,mc.mars_SMOTETPhi,mars,SMOTETPhi,40,0.010170157805832209
DS15,mc.mars_SMOTETPhi,mars,SMOTETPhi,41,0.013368336954407187
DS15,mc.mars_SMOTETPhi,mars,SMOTETPhi,42,0.007314522793545659
DS15,mc.mars_SMOTETPhi,mars,SMOTETPhi,43,0.008082937609253858
DS15,mc.mars_SMOTETPhi,mars,SMOTETPhi,44,0.008326154290505965
DS15,mc.mars_SMOTETPhi,mars,SMOTETPhi,45,0.006355528856752452
DS15,mc.mars_SMOTETPhi,mars,SMOTETPhi,46,0.006525134080844203
DS15,mc.mars_SMOTETPhi,mars,SMOTETPhi,47,0.008568139874549848
DS15,mc.mars_SMOTETPhi,mars,SMOTETPhi,48,0.00718624085307856
DS15,mc.mars_SMOTETPhi,mars,SMOTETPhi,49,0.00515561185774551
DS15,mc.mars_SMOTETPhi,mars,SMOTETPhi,50,0.00792998440526994
DS15,mc.mars_SMOTET,mars,SMOTET,1,0.028327612569199804
DS15,mc.mars_SMOTET,mars,SMOTET,2,0.02521017371272835
DS15,mc.mars_SMOTET,mars,SMOTET,3,0.032658535544696124
DS15,mc.mars_SMOTET,mars,SMOTET,4,0.028985624366286558
DS15,mc.mars_SMOTET,mars,SMOTET,5,0.026891963860496713
DS15,mc.mars_SMOTET,mars,SMOTET,6,0.03135866223925447
DS15,mc.mars_SMOTET,mars,SMOTET,7,0.029741733296078
DS15,mc.mars_SMOTET,mars,SMOTET,8,0.04307996462054187
DS15,mc.mars_SMOTET,mars,SMOTET,9,0.02830035173943147
DS15,mc.mars_SMOTET,mars,SMOTET,10,0.03814775302076319
DS15,mc.mars_SMOTET,mars,SMOTET,11,0.03189196545198241
DS15,mc.mars_SMOTET,mars,SMOTET,12,0.14612844091941393
DS15,mc.mars_SMOTET,mars,SMOTET,13,0.02607339368739666
DS15,mc.mars_SMOTET,mars,SMOTET,14,0.03995523578578813
DS15,mc.mars_SMOTET,mars,SMOTET,15,0.02992690903566757
DS15,mc.mars_SMOTET,mars,SMOTET,16,0.20870699490658276
DS15,mc.mars_SMOTET,mars,SMOTET,17,0.09291110826600628
DS15,mc.mars_SMOTET,mars,SMOTET,18,0.035127900550819206
DS15,mc.mars_SMOTET,mars,SMOTET,19,0.031508092417548934
DS15,mc.mars_SMOTET,mars,SMOTET,20,0.032230507601220745
DS15,mc.mars_SMOTET,mars,SMOTET,21,0.03298001247038779
DS15,mc.mars_SMOTET,mars,SMOTET,22,0.02226134225921334
DS15,mc.mars_SMOTET,mars,SMOTET,23,0.022179869535737952
DS15,mc.mars_SMOTET,mars,SMOTET,24,0.027196875543906946
DS15,mc.mars_SMOTET,mars,SMOTET,25,0.01912913592968851
DS15,mc.mars_SMOTET,mars,SMOTET,26,0.012901625848438313
DS15,mc.mars_SMOTET,mars,SMOTET,27,0.01857197315269006
DS15,mc.mars_SMOTET,mars,SMOTET,28,0.012687597908353707
DS15,mc.mars_SMOTET,mars,SMOTET,29,0.018287909987865076
DS15,mc.mars_SMOTET,mars,SMOTET,30,0.006811234377872724
DS15,mc.mars_SMOTET,mars,SMOTET,31,0.008652422310826554
DS15,mc.mars_SMOTET,mars,SMOTET,32,0.007463643093227941
DS15,mc.mars_SMOTET,mars,SMOTET,33,0.010444563357718553
DS15,mc.mars_SMOTET,mars,SMOTET,34,0.008239829120142771
DS15,mc.mars_SMOTET,mars,SMOTET,35,0.009952105370948892
DS15,mc.mars_SMOTET,mars,SMOTET,36,0.007143260577655984
DS15,mc.mars_SMOTET,mars,SMOTET,37,0.008922045452508508
DS15,mc.mars_SMOTET,mars,SMOTET,38,0.010251435537193652
DS15,mc.mars_SMOTET,mars,SMOTET,39,0.00878971055331551
DS15,mc.mars_SMOTET,mars,SMOTET,40,0.009786963931957476
DS15,mc.mars_SMOTET,mars,SMOTET,41,0.011015420762749587
DS15,mc.mars_SMOTET,mars,SMOTET,42,0.00686938262075293
DS15,mc.mars_SMOTET,mars,SMOTET,43,0.007516566548354975
DS15,mc.mars_SMOTET,mars,SMOTET,44,0.0061651600664297855
DS15,mc.mars_SMOTET,mars,SMOTET,45,0.007269003563888439
DS15,mc.mars_SMOTET,mars,SMOTET,46,0.006631283673700842
DS15,mc.mars_SMOTET,mars,SMOTET,47,0.006715608466226306
DS15,mc.mars_SMOTET,mars,SMOTET,48,0.007105235087360634
DS15,mc.mars_SMOTET,mars,SMOTET,49,0.005537077924482098
DS15,mc.mars_SMOTET,mars,SMOTET,50,0.0053355093623648885
DS15,mc.mars_UNDERB,mars,UNDERB,1,0.013942189085881665
DS15,mc.mars_UNDERB,mars,UNDERB,2,0.014783087431949712
DS15,mc.mars_UNDERB,mars,UNDERB,3,0.012012162491361996
DS15,mc.mars_UNDERB,mars,UNDERB,4,0.014964315983583323
DS15,mc.mars_UNDERB,mars,UNDERB,5,0.014444498907144984
DS15,mc.mars_UNDERB,mars,UNDERB,6,0.011963644485670553
DS15,mc.mars_UNDERB,mars,UNDERB,7,0.021047058673625715
DS15,mc.mars_UNDERB,mars,UNDERB,8,0.022566944800942332
DS15,mc.mars_UNDERB,mars,UNDERB,9,0.024348824343177117
DS15,mc.mars_UNDERB,mars,UNDERB,10,0.02264493894823997
DS15,mc.mars_UNDERB,mars,UNDERB,11,0.015246297792491247
DS15,mc.mars_UNDERB,mars,UNDERB,12,0.016297961313153773
DS15,mc.mars_UNDERB,mars,UNDERB,13,0.01574614487706912
DS15,mc.mars_UNDERB,mars,UNDERB,14,0.019679995666388266
DS15,mc.mars_UNDERB,mars,UNDERB,15,0.015852491362775036
DS15,mc.mars_UNDERB,mars,UNDERB,16,0.015819605880712084
DS15,mc.mars_UNDERB,mars,UNDERB,17,0.022668773810387326
DS15,mc.mars_UNDERB,mars,UNDERB,18,0.01557261108263774
DS15,mc.mars_UNDERB,mars,UNDERB,19,0.015733834617860938
DS15,mc.mars_UNDERB,mars,UNDERB,20,0.015361111118580344
DS15,mc.mars_UNDERB,mars,UNDERB,21,0.015258724847917697
DS15,mc.mars_UNDERB,mars,UNDERB,22,0.014543758977559313
DS15,mc.mars_UNDERB,mars,UNDERB,23,0.013264658702914644
DS15,mc.mars_UNDERB,mars,UNDERB,24,0.013577704847739533
DS15,mc.mars_UNDERB,mars,UNDERB,25,0.009741564404324516
DS15,mc.mars_UNDERB,mars,UNDERB,26,0.009545050139613863
DS15,mc.mars_UNDERB,mars,UNDERB,27,0.009678895673534155
DS15,mc.mars_UNDERB,mars,UNDERB,28,0.006478414243442405
DS15,mc.mars_UNDERB,mars,UNDERB,29,0.009389796325908176
DS15,mc.mars_UNDERB,mars,UNDERB,30,0.005419372532920047
DS15,mc.mars_UNDERB,mars,UNDERB,31,0.005514174371269604
DS15,mc.mars_UNDERB,mars,UNDERB,32,0.0058695108036865215
DS15,mc.mars_UNDERB,mars,UNDERB,33,0.005550922997372584
DS15,mc.mars_UNDERB,mars,UNDERB,34,0.0055634631489286015
DS15,mc.mars_UNDERB,mars,UNDERB,35,0.005579469270733473
DS15,mc.mars_UNDERB,mars,UNDERB,36,0.007145592216499497
DS15,mc.mars_UNDERB,mars,UNDERB,37,0.005414906406705843
DS15,mc.mars_UNDERB,mars,UNDERB,38,0.005599134177905838
DS15,mc.mars_UNDERB,mars,UNDERB,39,0.0057279099918445195
DS15,mc.mars_UNDERB,mars,UNDERB,40,0.005607098865875452
DS15,mc.mars_UNDERB,mars,UNDERB,41,0.005638034362703192
DS15,mc.mars_UNDERB,mars,UNDERB,42,0.004405811671489369
DS15,mc.mars_UNDERB,mars,UNDERB,43,0.0042836201736679135
DS15,mc.mars_UNDERB,mars,UNDERB,44,0.003937044713862333
DS15,mc.mars_UNDERB,mars,UNDERB,45,0.003991943733543634
DS15,mc.mars_UNDERB,mars,UNDERB,46,0.0039905844762968355
DS15,mc.mars_UNDERB,mars,UNDERB,47,0.00584946347054922
DS15,mc.mars_UNDERB,mars,UNDERB,48,0.0034528045609220808
DS15,mc.mars_UNDERB,mars,UNDERB,49,0.0036921281140043817
DS15,mc.mars_UNDERB,mars,UNDERB,50,0.0037201896458344185
DS15,mc.mars_UNDERTPhi,mars,UNDERTPhi,1,0.012015689116695566
DS15,mc.mars_UNDERTPhi,mars,UNDERTPhi,2,0.015861980221280665
DS15,mc.mars_UNDERTPhi,mars,UNDERTPhi,3,0.013990267040706715
DS15,mc.mars_UNDERTPhi,mars,UNDERTPhi,4,0.01185535729743094
DS15,mc.mars_UNDERTPhi,mars,UNDERTPhi,5,0.012105636678316274
DS15,mc.mars_UNDERTPhi,mars,UNDERTPhi,6,0.014577685878269742
DS15,mc.mars_UNDERTPhi,mars,UNDERTPhi,7,0.019753921241401576
DS15,mc.mars_UNDERTPhi,mars,UNDERTPhi,8,0.01993889260205839
DS15,mc.mars_UNDERTPhi,mars,UNDERTPhi,9,0.025940280022380732
DS15,mc.mars_UNDERTPhi,mars,UNDERTPhi,10,0.024596908185432087
DS15,mc.mars_UNDERTPhi,mars,UNDERTPhi,11,0.015325698541059299
DS15,mc.mars_UNDERTPhi,mars,UNDERTPhi,12,0.01530624425465883
DS15,mc.mars_UNDERTPhi,mars,UNDERTPhi,13,0.022991525224915214
DS15,mc.mars_UNDERTPhi,mars,UNDERTPhi,14,0.015956935042559364
DS15,mc.mars_UNDERTPhi,mars,UNDERTPhi,15,0.015448585337535237
DS15,mc.mars_UNDERTPhi,mars,UNDERTPhi,16,0.0157709341140724
DS15,mc.mars_UNDERTPhi,mars,UNDERTPhi,17,0.01840566260282532
DS15,mc.mars_UNDERTPhi,mars,UNDERTPhi,18,0.01623125241678121
DS15,mc.mars_UNDERTPhi,mars,UNDERTPhi,19,0.015597087569380724
DS15,mc.mars_UNDERTPhi,mars,UNDERTPhi,20,0.015977748978750896
DS15,mc.mars_UNDERTPhi,mars,UNDERTPhi,21,0.01608756740642024
DS15,mc.mars_UNDERTPhi,mars,UNDERTPhi,22,0.014033199800787485
DS15,mc.mars_UNDERTPhi,mars,UNDERTPhi,23,0.013403307144585694
DS15,mc.mars_UNDERTPhi,mars,UNDERTPhi,24,0.013266692613983427
DS15,mc.mars_UNDERTPhi,mars,UNDERTPhi,25,0.00973255901552025
DS15,mc.mars_UNDERTPhi,mars,UNDERTPhi,26,0.009302091635940939
DS15,mc.mars_UNDERTPhi,mars,UNDERTPhi,27,0.010053074651165988
DS15,mc.mars_UNDERTPhi,mars,UNDERTPhi,28,0.007652384620173586
DS15,mc.mars_UNDERTPhi,mars,UNDERTPhi,29,0.008801713433333053
DS15,mc.mars_UNDERTPhi,mars,UNDERTPhi,30,0.006744278611486995
DS15,mc.mars_UNDERTPhi,mars,UNDERTPhi,31,0.006826268427427772
DS15,mc.mars_UNDERTPhi,mars,UNDERTPhi,32,0.005269179339461718
DS15,mc.mars_UNDERTPhi,mars,UNDERTPhi,33,0.005945354972817434
DS15,mc.mars_UNDERTPhi,mars,UNDERTPhi,34,0.005234324241775581
DS15,mc.mars_UNDERTPhi,mars,UNDERTPhi,35,0.005868541592000619
DS15,mc.mars_UNDERTPhi,mars,UNDERTPhi,36,0.005471795270019031
DS15,mc.mars_UNDERTPhi,mars,UNDERTPhi,37,0.006325655860950532
DS15,mc.mars_UNDERTPhi,mars,UNDERTPhi,38,0.005817758013304778
DS15,mc.mars_UNDERTPhi,mars,UNDERTPhi,39,0.006120809432899343
DS15,mc.mars_UNDERTPhi,mars,UNDERTPhi,40,0.005480272651019219
DS15,mc.mars_UNDERTPhi,mars,UNDERTPhi,41,0.005875658371784299
DS15,mc.mars_UNDERTPhi,mars,UNDERTPhi,42,0.00480655738729311
DS15,mc.mars_UNDERTPhi,mars,UNDERTPhi,43,0.004479928016600762
DS15,mc.mars_UNDERTPhi,mars,UNDERTPhi,44,0.004091475214533789
DS15,mc.mars_UNDERTPhi,mars,UNDERTPhi,45,0.003971475199934576
DS15,mc.mars_UNDERTPhi,mars,UNDERTPhi,46,0.004054678644949952
DS15,mc.mars_UNDERTPhi,mars,UNDERTPhi,47,0.004359212987412206
DS15,mc.mars_UNDERTPhi,mars,UNDERTPhi,48,0.004528174878472319
DS15,mc.mars_UNDERTPhi,mars,UNDERTPhi,49,0.003513191505197117
DS15,mc.mars_UNDERTPhi,mars,UNDERTPhi,50,0.0036552788807728
DS15,mc.mars_UNDERT,mars,UNDERT,1,0.011968977157738828
DS15,mc.mars_UNDERT,mars,UNDERT,2,0.011756805622533721
DS15,mc.mars_UNDERT,mars,UNDERT,3,0.016934335642527207
DS15,mc.mars_UNDERT,mars,UNDERT,4,0.011885241831128372
DS15,mc.mars_UNDERT,mars,UNDERT,5,0.011831574755653988
DS15,mc.mars_UNDERT,mars,UNDERT,6,0.017200251255054262
DS15,mc.mars_UNDERT,mars,UNDERT,7,0.02014056077411153
DS15,mc.mars_UNDERT,mars,UNDERT,8,0.015013098557660441
DS15,mc.mars_UNDERT,mars,UNDERT,9,0.019851016120457636
DS15,mc.mars_UNDERT,mars,UNDERT,10,0.0189568962457849
DS15,mc.mars_UNDERT,mars,UNDERT,11,0.017784234594403713
DS15,mc.mars_UNDERT,mars,UNDERT,12,0.016040627029370345
DS15,mc.mars_UNDERT,mars,UNDERT,13,0.01757223351889187
DS15,mc.mars_UNDERT,mars,UNDERT,14,0.015792357037922585
DS15,mc.mars_UNDERT,mars,UNDERT,15,0.025738699607598295
DS15,mc.mars_UNDERT,mars,UNDERT,16,0.016040103759742404
DS15,mc.mars_UNDERT,mars,UNDERT,17,0.015707961897098447
DS15,mc.mars_UNDERT,mars,UNDERT,18,0.015549740347778345
DS15,mc.mars_UNDERT,mars,UNDERT,19,0.01595244616371872
DS15,mc.mars_UNDERT,mars,UNDERT,20,0.015379257650654806
DS15,mc.mars_UNDERT,mars,UNDERT,21,0.016475395174268218
DS15,mc.mars_UNDERT,mars,UNDERT,22,0.014210496262720907
DS15,mc.mars_UNDERT,mars,UNDERT,23,0.013289981703125153
DS15,mc.mars_UNDERT,mars,UNDERT,24,0.013275211615048356
DS15,mc.mars_UNDERT,mars,UNDERT,25,0.00975556102605897
DS15,mc.mars_UNDERT,mars,UNDERT,26,0.00912643486780793
DS15,mc.mars_UNDERT,mars,UNDERT,27,0.009489312834670185
DS15,mc.mars_UNDERT,mars,UNDERT,28,0.007072516442916362
DS15,mc.mars_UNDERT,mars,UNDERT,29,0.009455211988445449
DS15,mc.mars_UNDERT,mars,UNDERT,30,0.005498888668895651
DS15,mc.mars_UNDERT,mars,UNDERT,31,0.005553841527707622
DS15,mc.mars_UNDERT,mars,UNDERT,32,0.0053911341573295996
DS15,mc.mars_UNDERT,mars,UNDERT,33,0.005734682063986401
DS15,mc.mars_UNDERT,mars,UNDERT,34,0.005824845953897413
DS15,mc.mars_UNDERT,mars,UNDERT,35,0.005236962290728111
DS15,mc.mars_UNDERT,mars,UNDERT,36,0.0054153294989186095
DS15,mc.mars_UNDERT,mars,UNDERT,37,0.0054616003734106015
DS15,mc.mars_UNDERT,mars,UNDERT,38,0.006141056852175196
DS15,mc.mars_UNDERT,mars,UNDERT,39,0.005541306961507883
DS15,mc.mars_UNDERT,mars,UNDERT,40,0.005498795055574383
DS15,mc.mars_UNDERT,mars,UNDERT,41,0.005118852632363674
DS15,mc.mars_UNDERT,mars,UNDERT,42,0.004528638622200149
DS15,mc.mars_UNDERT,mars,UNDERT,43,0.004189247538893047
DS15,mc.mars_UNDERT,mars,UNDERT,44,0.00406362392672344
DS15,mc.mars_UNDERT,mars,UNDERT,45,0.004041032169386519
DS15,mc.mars_UNDERT,mars,UNDERT,46,0.006033067177601558
DS15,mc.mars_UNDERT,mars,UNDERT,47,0.0038942636712600075
DS15,mc.mars_UNDERT,mars,UNDERT,48,0.0034006387237850546
DS15,mc.mars_UNDERT,mars,UNDERT,49,0.003683848818992089
DS15,mc.mars_UNDERT,mars,UNDERT,50,0.0038142779258231014
DS15,mc.mars,mars,baseline,1,0.014066128963618828
DS15,mc.mars,mars,baseline,2,0.013777860120411198
DS15,mc.mars,mars,baseline,3,0.013068996953205333
DS15,mc.mars,mars,baseline,4,0.013071466874883846
DS15,mc.mars,mars,baseline,5,0.01371941974495116
DS15,mc.mars,mars,baseline,6,0.013676478043829645
DS15,mc.mars,mars,baseline,7,0.017698433652585527
DS15,mc.mars,mars,baseline,8,0.015882915253671703
DS15,mc.mars,mars,baseline,9,0.01629769860895979
DS15,mc.mars,mars,baseline,10,0.01808736612253599
DS15,mc.mars,mars,baseline,11,0.017315029819019844
DS15,mc.mars,mars,baseline,12,0.024651881285470422
DS15,mc.mars,mars,baseline,13,0.02499699797289308
DS15,mc.mars,mars,baseline,14,0.01812082355101299
DS15,mc.mars,mars,baseline,15,0.018276098247872827
DS15,mc.mars,mars,baseline,16,0.018222565003518452
DS15,mc.mars,mars,baseline,17,0.018203735880600588
DS15,mc.mars,mars,baseline,18,0.018236761111346558
DS15,mc.mars,mars,baseline,19,0.01951758996440952
DS15,mc.mars,mars,baseline,20,0.016828608935876628
DS15,mc.mars,mars,baseline,21,0.016823190575085533
DS15,mc.mars,mars,baseline,22,0.015222124929235942
DS15,mc.mars,mars,baseline,23,0.011655409332675724
DS15,mc.mars,mars,baseline,24,0.011622422180966345
DS15,mc.mars,mars,baseline,25,0.009536955809324284
DS15,mc.mars,mars,baseline,26,0.009472769750821244
DS15,mc.mars,mars,baseline,27,0.00716262242683721
DS15,mc.mars,mars,baseline,28,0.006811464089704261
DS15,mc.mars,mars,baseline,29,0.00696441081128377
DS15,mc.mars,mars,baseline,30,0.005720939087990101
DS15,mc.mars,mars,baseline,31,0.0057294213035795506
DS15,mc.mars,mars,baseline,32,0.00563334823061629
DS15,mc.mars,mars,baseline,33,0.005713286776295037
DS15,mc.mars,mars,baseline,34,0.005669648850621876
DS15,mc.mars,mars,baseline,35,0.005395220186880281
DS15,mc.mars,mars,baseline,36,0.005575869782653743
DS15,mc.mars,mars,baseline,37,0.0056670979620619165
DS15,mc.mars,mars,baseline,38,0.005789197564422659
DS15,mc.mars,mars,baseline,39,0.005599862011024019
DS15,mc.mars,mars,baseline,40,0.0055339479390463155
DS15,mc.mars,mars,baseline,41,0.005177430772071269
DS15,mc.mars,mars,baseline,42,0.0047046571294281185
DS15,mc.mars,mars,baseline,43,0.004689820023555122
DS15,mc.mars,mars,baseline,44,0.0045783695195514
DS15,mc.mars,mars,baseline,45,0.003929030062458697
DS15,mc.mars,mars,baseline,46,0.003930558335559633
DS15,mc.mars,mars,baseline,47,0.004383151506264926
DS15,mc.mars,mars,baseline,48,0.003853341640562971
DS15,mc.mars,mars,baseline,49,0.0036481966427627695
DS15,mc.mars,mars,baseline,50,0.0034813738042291983
DS15,mc.rf_OVERB,rf,OVERB,1,0.014025501516271249
DS15,mc.rf_OVERB,rf,OVERB,2,0.014622925143297778
DS15,mc.rf_OVERB,rf,OVERB,3,0.014931821072245131
DS15,mc.rf_OVERB,rf,OVERB,4,0.014067254968584186
DS15,mc.rf_OVERB,rf,OVERB,5,0.014305908457908134
DS15,mc.rf_OVERB,rf,OVERB,6,0.013956936832419144
DS15,mc.rf_OVERB,rf,OVERB,7,0.016256276541379282
DS15,mc.rf_OVERB,rf,OVERB,8,0.015655914385991235
DS15,mc.rf_OVERB,rf,OVERB,9,0.01564704580490918
DS15,mc.rf_OVERB,rf,OVERB,10,0.015223126822656067
DS15,mc.rf_OVERB,rf,OVERB,11,0.015822486769665547
DS15,mc.rf_OVERB,rf,OVERB,12,0.016130105409339013
DS15,mc.rf_OVERB,rf,OVERB,13,0.015599605149158499
DS15,mc.rf_OVERB,rf,OVERB,14,0.015771966743095004
DS15,mc.rf_OVERB,rf,OVERB,15,0.016498031897565664
DS15,mc.rf_OVERB,rf,OVERB,16,0.01678428292176036
DS15,mc.rf_OVERB,rf,OVERB,17,0.01697896580519323
DS15,mc.rf_OVERB,rf,OVERB,18,0.016634444942671134
DS15,mc.rf_OVERB,rf,OVERB,19,0.015781205759379448
DS15,mc.rf_OVERB,rf,OVERB,20,0.016160788474193517
DS15,mc.rf_OVERB,rf,OVERB,21,0.015206631762341478
DS15,mc.rf_OVERB,rf,OVERB,22,0.014295815203981283
DS15,mc.rf_OVERB,rf,OVERB,23,0.01387608695991185
DS15,mc.rf_OVERB,rf,OVERB,24,0.013160655184662508
DS15,mc.rf_OVERB,rf,OVERB,25,0.010643760846680636
DS15,mc.rf_OVERB,rf,OVERB,26,0.0105417333502495
DS15,mc.rf_OVERB,rf,OVERB,27,0.008657743260091472
DS15,mc.rf_OVERB,rf,OVERB,28,0.010690755031286796
DS15,mc.rf_OVERB,rf,OVERB,29,0.009535319497129767
DS15,mc.rf_OVERB,rf,OVERB,30,0.0067500336617027056
DS15,mc.rf_OVERB,rf,OVERB,31,0.0066468916265202075
DS15,mc.rf_OVERB,rf,OVERB,32,0.0067117134627386315
DS15,mc.rf_OVERB,rf,OVERB,33,0.00675158501625516
DS15,mc.rf_OVERB,rf,OVERB,34,0.0064726907119641375
DS15,mc.rf_OVERB,rf,OVERB,35,0.0063817238914087885
DS15,mc.rf_OVERB,rf,OVERB,36,0.006750319132628617
DS15,mc.rf_OVERB,rf,OVERB,37,0.006652881188369519
DS15,mc.rf_OVERB,rf,OVERB,38,0.0066870483493005894
DS15,mc.rf_OVERB,rf,OVERB,39,0.006283037246075882
DS15,mc.rf_OVERB,rf,OVERB,40,0.006649723716811886
DS15,mc.rf_OVERB,rf,OVERB,41,0.006268988822625851
DS15,mc.rf_OVERB,rf,OVERB,42,0.004291299865248217
DS15,mc.rf_OVERB,rf,OVERB,43,0.003987167122986962
DS15,mc.rf_OVERB,rf,OVERB,44,0.004130094006265533
DS15,mc.rf_OVERB,rf,OVERB,45,0.004262130779575943
DS15,mc.rf_OVERB,rf,OVERB,46,0.00374962342090188
DS15,mc.rf_OVERB,rf,OVERB,47,0.003949390567276841
DS15,mc.rf_OVERB,rf,OVERB,48,0.003465891834958353
DS15,mc.rf_OVERB,rf,OVERB,49,0.003548447732557164
DS15,mc.rf_OVERB,rf,OVERB,50,0.0036218075938246183
DS15,mc.rf_OVERTPhi,rf,OVERTPhi,1,0.013057214158993134
DS15,mc.rf_OVERTPhi,rf,OVERTPhi,2,0.014003231454694296
DS15,mc.rf_OVERTPhi,rf,OVERTPhi,3,0.01334161444378768
DS15,mc.rf_OVERTPhi,rf,OVERTPhi,4,0.013412315459395082
DS15,mc.rf_OVERTPhi,rf,OVERTPhi,5,0.01367932649038035
DS15,mc.rf_OVERTPhi,rf,OVERTPhi,6,0.013737181876665566
DS15,mc.rf_OVERTPhi,rf,OVERTPhi,7,0.015387029381496376
DS15,mc.rf_OVERTPhi,rf,OVERTPhi,8,0.01604978157001323
DS15,mc.rf_OVERTPhi,rf,OVERTPhi,9,0.01473062428336713
DS15,mc.rf_OVERTPhi,rf,OVERTPhi,10,0.01596658544799481
DS15,mc.rf_OVERTPhi,rf,OVERTPhi,11,0.01605852384041006
DS15,mc.rf_OVERTPhi,rf,OVERTPhi,12,0.015943786997853742
DS15,mc.rf_OVERTPhi,rf,OVERTPhi,13,0.015855109386544688
DS15,mc.rf_OVERTPhi,rf,OVERTPhi,14,0.01589958514026534
DS15,mc.rf_OVERTPhi,rf,OVERTPhi,15,0.01663432698291276
DS15,mc.rf_OVERTPhi,rf,OVERTPhi,16,0.016087656344725566
DS15,mc.rf_OVERTPhi,rf,OVERTPhi,17,0.01528050662835168
DS15,mc.rf_OVERTPhi,rf,OVERTPhi,18,0.015576493011971284
DS15,mc.rf_OVERTPhi,rf,OVERTPhi,19,0.015755834083432386
DS15,mc.rf_OVERTPhi,rf,OVERTPhi,20,0.016131664429345768
DS15,mc.rf_OVERTPhi,rf,OVERTPhi,21,0.015581772786469631
DS15,mc.rf_OVERTPhi,rf,OVERTPhi,22,0.014193476183603365
DS15,mc.rf_OVERTPhi,rf,OVERTPhi,23,0.014163358712246013
DS15,mc.rf_OVERTPhi,rf,OVERTPhi,24,0.013056448267818509
DS15,mc.rf_OVERTPhi,rf,OVERTPhi,25,0.011050962798054783
DS15,mc.rf_OVERTPhi,rf,OVERTPhi,26,0.010553065600104748
DS15,mc.rf_OVERTPhi,rf,OVERTPhi,27,0.01054209377017191
DS15,mc.rf_OVERTPhi,rf,OVERTPhi,28,0.010229211360822034
DS15,mc.rf_OVERTPhi,rf,OVERTPhi,29,0.009936872290169482
DS15,mc.rf_OVERTPhi,rf,OVERTPhi,30,0.006669527260702269
DS15,mc.rf_OVERTPhi,rf,OVERTPhi,31,0.006476773774449615
DS15,mc.rf_OVERTPhi,rf,OVERTPhi,32,0.006435517002346495
DS15,mc.rf_OVERTPhi,rf,OVERTPhi,33,0.0068271529331592265
DS15,mc.rf_OVERTPhi,rf,OVERTPhi,34,0.006324111174218586
DS15,mc.rf_OVERTPhi,rf,OVERTPhi,35,0.0061973136516286316
DS15,mc.rf_OVERTPhi,rf,OVERTPhi,36,0.006900619097997434
DS15,mc.rf_OVERTPhi,rf,OVERTPhi,37,0.006580476731612257
DS15,mc.rf_OVERTPhi,rf,OVERTPhi,38,0.006484235059996412
DS15,mc.rf_OVERTPhi,rf,OVERTPhi,39,0.006852059515604004
DS15,mc.rf_OVERTPhi,rf,OVERTPhi,40,0.006589134492058572
DS15,mc.rf_OVERTPhi,rf,OVERTPhi,41,0.006249938094931512
DS15,mc.rf_OVERTPhi,rf,OVERTPhi,42,0.0042049431938958525
DS15,mc.rf_OVERTPhi,rf,OVERTPhi,43,0.00421235920482943
DS15,mc.rf_OVERTPhi,rf,OVERTPhi,44,0.00394068581040251
DS15,mc.rf_OVERTPhi,rf,OVERTPhi,45,0.004076456191947752
DS15,mc.rf_OVERTPhi,rf,OVERTPhi,46,0.0037630353514138113
DS15,mc.rf_OVERTPhi,rf,OVERTPhi,47,0.004109377510656524
DS15,mc.rf_OVERTPhi,rf,OVERTPhi,48,0.00362538608633804
DS15,mc.rf_OVERTPhi,rf,OVERTPhi,49,0.0035115902694463617
DS15,mc.rf_OVERTPhi,rf,OVERTPhi,50,0.0036934294751784927
DS15,mc.rf_OVERT,rf,OVERT,1,0.013446573344724315
DS15,mc.rf_OVERT,rf,OVERT,2,0.013996702029965854
DS15,mc.rf_OVERT,rf,OVERT,3,0.013779461031503223
DS15,mc.rf_OVERT,rf,OVERT,4,0.013410239711132876
DS15,mc.rf_OVERT,rf,OVERT,5,0.013506376999807168
DS15,mc.rf_OVERT,rf,OVERT,6,0.013691129480985529
DS15,mc.rf_OVERT,rf,OVERT,7,0.015144298161497944
DS15,mc.rf_OVERT,rf,OVERT,8,0.016411563612515563
DS15,mc.rf_OVERT,rf,OVERT,9,0.014936447827407509
DS15,mc.rf_OVERT,rf,OVERT,10,0.015782233724180018
DS15,mc.rf_OVERT,rf,OVERT,11,0.016075736034136884
DS15,mc.rf_OVERT,rf,OVERT,12,0.016051434994438108
DS15,mc.rf_OVERT,rf,OVERT,13,0.015671664060655784
DS15,mc.rf_OVERT,rf,OVERT,14,0.016116299860548584
DS15,mc.rf_OVERT,rf,OVERT,15,0.01625451013715288
DS15,mc.rf_OVERT,rf,OVERT,16,0.015959431777038385
DS15,mc.rf_OVERT,rf,OVERT,17,0.015435870576885235
DS15,mc.rf_OVERT,rf,OVERT,18,0.015652368277051874
DS15,mc.rf_OVERT,rf,OVERT,19,0.01604595293604547
DS15,mc.rf_OVERT,rf,OVERT,20,0.01590428684010876
DS15,mc.rf_OVERT,rf,OVERT,21,0.016124813124568274
DS15,mc.rf_OVERT,rf,OVERT,22,0.014388762225262478
DS15,mc.rf_OVERT,rf,OVERT,23,0.014154512894145543
DS15,mc.rf_OVERT,rf,OVERT,24,0.013330776729532152
DS15,mc.rf_OVERT,rf,OVERT,25,0.010996741436700113
DS15,mc.rf_OVERT,rf,OVERT,26,0.010299419090552958
DS15,mc.rf_OVERT,rf,OVERT,27,0.01049161436298706
DS15,mc.rf_OVERT,rf,OVERT,28,0.010312209835189299
DS15,mc.rf_OVERT,rf,OVERT,29,0.009904149037229646
DS15,mc.rf_OVERT,rf,OVERT,30,0.0065233296278167305
DS15,mc.rf_OVERT,rf,OVERT,31,0.0064818545851086
DS15,mc.rf_OVERT,rf,OVERT,32,0.006555380579911529
DS15,mc.rf_OVERT,rf,OVERT,33,0.006790756074868218
DS15,mc.rf_OVERT,rf,OVERT,34,0.006284216617637811
DS15,mc.rf_OVERT,rf,OVERT,35,0.006287682379701129
DS15,mc.rf_OVERT,rf,OVERT,36,0.00676851266289113
DS15,mc.rf_OVERT,rf,OVERT,37,0.006609150442964744
DS15,mc.rf_OVERT,rf,OVERT,38,0.006686946339257494
DS15,mc.rf_OVERT,rf,OVERT,39,0.006842412281227797
DS15,mc.rf_OVERT,rf,OVERT,40,0.006666301376360014
DS15,mc.rf_OVERT,rf,OVERT,41,0.006230804352735989
DS15,mc.rf_OVERT,rf,OVERT,42,0.004235199330456626
DS15,mc.rf_OVERT,rf,OVERT,43,0.004098873879144707
DS15,mc.rf_OVERT,rf,OVERT,44,0.003925070336204759
DS15,mc.rf_OVERT,rf,OVERT,45,0.004068802497765732
DS15,mc.rf_OVERT,rf,OVERT,46,0.0038383108056026017
DS15,mc.rf_OVERT,rf,OVERT,47,0.004062039971661834
DS15,mc.rf_OVERT,rf,OVERT,48,0.00367603663127689
DS15,mc.rf_OVERT,rf,OVERT,49,0.0034732808706488304
DS15,mc.rf_OVERT,rf,OVERT,50,0.0038156933876987704
DS15,mc.rf_SMOTEB,rf,SMOTEB,1,0.01487149428432756
DS15,mc.rf_SMOTEB,rf,SMOTEB,2,0.01722424337367555
DS15,mc.rf_SMOTEB,rf,SMOTEB,3,0.0184959550499325
DS15,mc.rf_SMOTEB,rf,SMOTEB,4,0.017172125867577465
DS15,mc.rf_SMOTEB,rf,SMOTEB,5,0.020358799968051948
DS15,mc.rf_SMOTEB,rf,SMOTEB,6,0.022777321914967723
DS15,mc.rf_SMOTEB,rf,SMOTEB,7,0.018426852309899287
DS15,mc.rf_SMOTEB,rf,SMOTEB,8,0.020883900098327864
DS15,mc.rf_SMOTEB,rf,SMOTEB,9,0.020989373374702122
DS15,mc.rf_SMOTEB,rf,SMOTEB,10,0.02135073439224363
DS15,mc.rf_SMOTEB,rf,SMOTEB,11,0.017667869140550206
DS15,mc.rf_SMOTEB,rf,SMOTEB,12,0.020441935774890493
DS15,mc.rf_SMOTEB,rf,SMOTEB,13,0.01801324470005114
DS15,mc.rf_SMOTEB,rf,SMOTEB,14,0.01664270273177634
DS15,mc.rf_SMOTEB,rf,SMOTEB,15,0.019500156092850187
DS15,mc.rf_SMOTEB,rf,SMOTEB,16,0.018384134231039295
DS15,mc.rf_SMOTEB,rf,SMOTEB,17,0.021360446157180517
DS15,mc.rf_SMOTEB,rf,SMOTEB,18,0.021404994925208927
DS15,mc.rf_SMOTEB,rf,SMOTEB,19,0.018199641790492223
DS15,mc.rf_SMOTEB,rf,SMOTEB,20,0.01876034537460513
DS15,mc.rf_SMOTEB,rf,SMOTEB,21,0.02033702590810439
DS15,mc.rf_SMOTEB,rf,SMOTEB,22,0.014149597810376169
DS15,mc.rf_SMOTEB,rf,SMOTEB,23,0.013760064853280463
DS15,mc.rf_SMOTEB,rf,SMOTEB,24,0.016380501671372588
DS15,mc.rf_SMOTEB,rf,SMOTEB,25,0.012217837034343624
DS15,mc.rf_SMOTEB,rf,SMOTEB,26,0.011091585786807922
DS15,mc.rf_SMOTEB,rf,SMOTEB,27,0.010952921406402872
DS15,mc.rf_SMOTEB,rf,SMOTEB,28,0.011768586457286196
DS15,mc.rf_SMOTEB,rf,SMOTEB,29,0.010540469158451918
DS15,mc.rf_SMOTEB,rf,SMOTEB,30,0.007622752652206239
DS15,mc.rf_SMOTEB,rf,SMOTEB,31,0.009349997523095108
DS15,mc.rf_SMOTEB,rf,SMOTEB,32,0.008822645508336422
DS15,mc.rf_SMOTEB,rf,SMOTEB,33,0.009308492883120419
DS15,mc.rf_SMOTEB,rf,SMOTEB,34,0.008752907098299723
DS15,mc.rf_SMOTEB,rf,SMOTEB,35,0.008804438346208218
DS15,mc.rf_SMOTEB,rf,SMOTEB,36,0.008213549066754446
DS15,mc.rf_SMOTEB,rf,SMOTEB,37,0.008328884228518981
DS15,mc.rf_SMOTEB,rf,SMOTEB,38,0.007528957097115357
DS15,mc.rf_SMOTEB,rf,SMOTEB,39,0.008650032049207789
DS15,mc.rf_SMOTEB,rf,SMOTEB,40,0.009275682697017767
DS15,mc.rf_SMOTEB,rf,SMOTEB,41,0.00947183880926554
DS15,mc.rf_SMOTEB,rf,SMOTEB,42,0.0053299433901953805
DS15,mc.rf_SMOTEB,rf,SMOTEB,43,0.004951626432352163
DS15,mc.rf_SMOTEB,rf,SMOTEB,44,0.0063907868594654
DS15,mc.rf_SMOTEB,rf,SMOTEB,45,0.006229690283525614
DS15,mc.rf_SMOTEB,rf,SMOTEB,46,0.004871305842103034
DS15,mc.rf_SMOTEB,rf,SMOTEB,47,0.005260371742284182
DS15,mc.rf_SMOTEB,rf,SMOTEB,48,0.005589969745730323
DS15,mc.rf_SMOTEB,rf,SMOTEB,49,0.004732257353387203
DS15,mc.rf_SMOTEB,rf,SMOTEB,50,0.005835045837741302
DS15,mc.rf_SMOTETPhi,rf,SMOTETPhi,1,0.02219203632925185
DS15,mc.rf_SMOTETPhi,rf,SMOTETPhi,2,0.02298973319089941
DS15,mc.rf_SMOTETPhi,rf,SMOTETPhi,3,0.02530176653408346
DS15,mc.rf_SMOTETPhi,rf,SMOTETPhi,4,0.022254453083030097
DS15,mc.rf_SMOTETPhi,rf,SMOTETPhi,5,0.02398724575304636
DS15,mc.rf_SMOTETPhi,rf,SMOTETPhi,6,0.022621971130729827
DS15,mc.rf_SMOTETPhi,rf,SMOTETPhi,7,0.02365895514050269
DS15,mc.rf_SMOTETPhi,rf,SMOTETPhi,8,0.0256367466433662
DS15,mc.rf_SMOTETPhi,rf,SMOTETPhi,9,0.024810277326217562
DS15,mc.rf_SMOTETPhi,rf,SMOTETPhi,10,0.02388743157961807
DS15,mc.rf_SMOTETPhi,rf,SMOTETPhi,11,0.023869913625870584
DS15,mc.rf_SMOTETPhi,rf,SMOTETPhi,12,0.022297085816583743
DS15,mc.rf_SMOTETPhi,rf,SMOTETPhi,13,0.023409709643292385
DS15,mc.rf_SMOTETPhi,rf,SMOTETPhi,14,0.02555626742961185
DS15,mc.rf_SMOTETPhi,rf,SMOTETPhi,15,0.022558512293042836
DS15,mc.rf_SMOTETPhi,rf,SMOTETPhi,16,0.02389470886073103
DS15,mc.rf_SMOTETPhi,rf,SMOTETPhi,17,0.021508177586653007
DS15,mc.rf_SMOTETPhi,rf,SMOTETPhi,18,0.02320877415447182
DS15,mc.rf_SMOTETPhi,rf,SMOTETPhi,19,0.021683102516238683
DS15,mc.rf_SMOTETPhi,rf,SMOTETPhi,20,0.021172604595427556
DS15,mc.rf_SMOTETPhi,rf,SMOTETPhi,21,0.02014376231814979
DS15,mc.rf_SMOTETPhi,rf,SMOTETPhi,22,0.019049427047078103
DS15,mc.rf_SMOTETPhi,rf,SMOTETPhi,23,0.015865257513741852
DS15,mc.rf_SMOTETPhi,rf,SMOTETPhi,24,0.014063817028516772
DS15,mc.rf_SMOTETPhi,rf,SMOTETPhi,25,0.012328020426728072
DS15,mc.rf_SMOTETPhi,rf,SMOTETPhi,26,0.0128014668215513
DS15,mc.rf_SMOTETPhi,rf,SMOTETPhi,27,0.010568509736782944
DS15,mc.rf_SMOTETPhi,rf,SMOTETPhi,28,0.009875568394982564
DS15,mc.rf_SMOTETPhi,rf,SMOTETPhi,29,0.010085883052902624
DS15,mc.rf_SMOTETPhi,rf,SMOTETPhi,30,0.009265054576852644
DS15,mc.rf_SMOTETPhi,rf,SMOTETPhi,31,0.00988882007160659
DS15,mc.rf_SMOTETPhi,rf,SMOTETPhi,32,0.0073134805414646975
DS15,mc.rf_SMOTETPhi,rf,SMOTETPhi,33,0.008429175817850697
DS15,mc.rf_SMOTETPhi,rf,SMOTETPhi,34,0.0076172117096526964
DS15,mc.rf_SMOTETPhi,rf,SMOTETPhi,35,0.007975354812878678
DS15,mc.rf_SMOTETPhi,rf,SMOTETPhi,36,0.00860706398219635
DS15,mc.rf_SMOTETPhi,rf,SMOTETPhi,37,0.008458911157460131
DS15,mc.rf_SMOTETPhi,rf,SMOTETPhi,38,0.007867374563460353
DS15,mc.rf_SMOTETPhi,rf,SMOTETPhi,39,0.009128157142228224
DS15,mc.rf_SMOTETPhi,rf,SMOTETPhi,40,0.008914189000533954
DS15,mc.rf_SMOTETPhi,rf,SMOTETPhi,41,0.007299485528709219
DS15,mc.rf_SMOTETPhi,rf,SMOTETPhi,42,0.005453077843869793
DS15,mc.rf_SMOTETPhi,rf,SMOTETPhi,43,0.00613647753410267
DS15,mc.rf_SMOTETPhi,rf,SMOTETPhi,44,0.006283996224256408
DS15,mc.rf_SMOTETPhi,rf,SMOTETPhi,45,0.005610702582475283
DS15,mc.rf_SMOTETPhi,rf,SMOTETPhi,46,0.006311174198738561
DS15,mc.rf_SMOTETPhi,rf,SMOTETPhi,47,0.0058480471047737785
DS15,mc.rf_SMOTETPhi,rf,SMOTETPhi,48,0.004822126474594983
DS15,mc.rf_SMOTETPhi,rf,SMOTETPhi,49,0.005258506810967912
DS15,mc.rf_SMOTETPhi,rf,SMOTETPhi,50,0.006252184481738273
DS15,mc.rf_SMOTET,rf,SMOTET,1,0.023894024583807166
DS15,mc.rf_SMOTET,rf,SMOTET,2,0.021430843670411086
DS15,mc.rf_SMOTET,rf,SMOTET,3,0.02412886727439266
DS15,mc.rf_SMOTET,rf,SMOTET,4,0.027314011675965404
DS15,mc.rf_SMOTET,rf,SMOTET,5,0.023823138857808276
DS15,mc.rf_SMOTET,rf,SMOTET,6,0.018805348765451813
DS15,mc.rf_SMOTET,rf,SMOTET,7,0.026025417397925597
DS15,mc.rf_SMOTET,rf,SMOTET,8,0.029101957588038536
DS15,mc.rf_SMOTET,rf,SMOTET,9,0.026030467989615478
DS15,mc.rf_SMOTET,rf,SMOTET,10,0.026966239480573164
DS15,mc.rf_SMOTET,rf,SMOTET,11,0.022616305847379236
DS15,mc.rf_SMOTET,rf,SMOTET,12,0.024406792517306944
DS15,mc.rf_SMOTET,rf,SMOTET,13,0.023425711658472546
DS15,mc.rf_SMOTET,rf,SMOTET,14,0.0275295415461435
DS15,mc.rf_SMOTET,rf,SMOTET,15,0.024973492677741425
DS15,mc.rf_SMOTET,rf,SMOTET,16,0.02708381672720031
DS15,mc.rf_SMOTET,rf,SMOTET,17,0.023924065796471272
DS15,mc.rf_SMOTET,rf,SMOTET,18,0.0250723631308995
DS15,mc.rf_SMOTET,rf,SMOTET,19,0.022588313145810102
DS15,mc.rf_SMOTET,rf,SMOTET,20,0.019556923176982485
DS15,mc.rf_SMOTET,rf,SMOTET,21,0.01855530150290455
DS15,mc.rf_SMOTET,rf,SMOTET,22,0.017046306681263078
DS15,mc.rf_SMOTET,rf,SMOTET,23,0.014504994216916974
DS15,mc.rf_SMOTET,rf,SMOTET,24,0.01573680399577028
DS15,mc.rf_SMOTET,rf,SMOTET,25,0.011598208974510103
DS15,mc.rf_SMOTET,rf,SMOTET,26,0.012143309681681824
DS15,mc.rf_SMOTET,rf,SMOTET,27,0.00982238274360752
DS15,mc.rf_SMOTET,rf,SMOTET,28,0.010027861908065917
DS15,mc.rf_SMOTET,rf,SMOTET,29,0.009024415756277639
DS15,mc.rf_SMOTET,rf,SMOTET,30,0.009087440924906577
DS15,mc.rf_SMOTET,rf,SMOTET,31,0.007881362198393508
DS15,mc.rf_SMOTET,rf,SMOTET,32,0.007082192787540902
DS15,mc.rf_SMOTET,rf,SMOTET,33,0.007474633573347935
DS15,mc.rf_SMOTET,rf,SMOTET,34,0.008451829541733864
DS15,mc.rf_SMOTET,rf,SMOTET,35,0.007478660948164028
DS15,mc.rf_SMOTET,rf,SMOTET,36,0.007572267512994253
DS15,mc.rf_SMOTET,rf,SMOTET,37,0.008422056842599753
DS15,mc.rf_SMOTET,rf,SMOTET,38,0.00768418633201739
DS15,mc.rf_SMOTET,rf,SMOTET,39,0.00886345207946733
DS15,mc.rf_SMOTET,rf,SMOTET,40,0.007550904669762627
DS15,mc.rf_SMOTET,rf,SMOTET,41,0.006877182033714508
DS15,mc.rf_SMOTET,rf,SMOTET,42,0.005108038573484423
DS15,mc.rf_SMOTET,rf,SMOTET,43,0.005994328163618097
DS15,mc.rf_SMOTET,rf,SMOTET,44,0.004858929951698385
DS15,mc.rf_SMOTET,rf,SMOTET,45,0.0060174696268175554
DS15,mc.rf_SMOTET,rf,SMOTET,46,0.005535649655888136
DS15,mc.rf_SMOTET,rf,SMOTET,47,0.004287816803446666
DS15,mc.rf_SMOTET,rf,SMOTET,48,0.004159655797104185
DS15,mc.rf_SMOTET,rf,SMOTET,49,0.004606958650976591
DS15,mc.rf_SMOTET,rf,SMOTET,50,0.004127765368140369
DS15,mc.rf_UNDERB,rf,UNDERB,1,0.01648456708329918
DS15,mc.rf_UNDERB,rf,UNDERB,2,0.012894286221949863
DS15,mc.rf_UNDERB,rf,UNDERB,3,0.013180166882569776
DS15,mc.rf_UNDERB,rf,UNDERB,4,0.015275825692928086
DS15,mc.rf_UNDERB,rf,UNDERB,5,0.013926286779303222
DS15,mc.rf_UNDERB,rf,UNDERB,6,0.014602162191077038
DS15,mc.rf_UNDERB,rf,UNDERB,7,0.018559566201310832
DS15,mc.rf_UNDERB,rf,UNDERB,8,0.018390491181574736
DS15,mc.rf_UNDERB,rf,UNDERB,9,0.01842766461480494
DS15,mc.rf_UNDERB,rf,UNDERB,10,0.017513021925580165
DS15,mc.rf_UNDERB,rf,UNDERB,11,0.016946493516065923
DS15,mc.rf_UNDERB,rf,UNDERB,12,0.016798415610843345
DS15,mc.rf_UNDERB,rf,UNDERB,13,0.017025727333922887
DS15,mc.rf_UNDERB,rf,UNDERB,14,0.01669504415319938
DS15,mc.rf_UNDERB,rf,UNDERB,15,0.01720064698368885
DS15,mc.rf_UNDERB,rf,UNDERB,16,0.01736963418496669
DS15,mc.rf_UNDERB,rf,UNDERB,17,0.016579342394306043
DS15,mc.rf_UNDERB,rf,UNDERB,18,0.017469417862714727
DS15,mc.rf_UNDERB,rf,UNDERB,19,0.018220194792259232
DS15,mc.rf_UNDERB,rf,UNDERB,20,0.01606781867838763
DS15,mc.rf_UNDERB,rf,UNDERB,21,0.01615974514450889
DS15,mc.rf_UNDERB,rf,UNDERB,22,0.013355740426982184
DS15,mc.rf_UNDERB,rf,UNDERB,23,0.013337196733955482
DS15,mc.rf_UNDERB,rf,UNDERB,24,0.013510943889887196
DS15,mc.rf_UNDERB,rf,UNDERB,25,0.010527695620229444
DS15,mc.rf_UNDERB,rf,UNDERB,26,0.010240418878978648
DS15,mc.rf_UNDERB,rf,UNDERB,27,0.009506282019121882
DS15,mc.rf_UNDERB,rf,UNDERB,28,0.00792545854461901
DS15,mc.rf_UNDERB,rf,UNDERB,29,0.008809312465983765
DS15,mc.rf_UNDERB,rf,UNDERB,30,0.006152607091937528
DS15,mc.rf_UNDERB,rf,UNDERB,31,0.00591181354362475
DS15,mc.rf_UNDERB,rf,UNDERB,32,0.006439860329473604
DS15,mc.rf_UNDERB,rf,UNDERB,33,0.006873769338646078
DS15,mc.rf_UNDERB,rf,UNDERB,34,0.005950286802162307
DS15,mc.rf_UNDERB,rf,UNDERB,35,0.006485165876457175
DS15,mc.rf_UNDERB,rf,UNDERB,36,0.006383680327211653
DS15,mc.rf_UNDERB,rf,UNDERB,37,0.0063457249106780925
DS15,mc.rf_UNDERB,rf,UNDERB,38,0.006175573178652527
DS15,mc.rf_UNDERB,rf,UNDERB,39,0.006722516461522007
DS15,mc.rf_UNDERB,rf,UNDERB,40,0.0066384414894902505
DS15,mc.rf_UNDERB,rf,UNDERB,41,0.0064161739804571285
DS15,mc.rf_UNDERB,rf,UNDERB,42,0.004228906533639486
DS15,mc.rf_UNDERB,rf,UNDERB,43,0.004415610895996083
DS15,mc.rf_UNDERB,rf,UNDERB,44,0.004187584478029213
DS15,mc.rf_UNDERB,rf,UNDERB,45,0.00397091035351029
DS15,mc.rf_UNDERB,rf,UNDERB,46,0.0045984851108969195
DS15,mc.rf_UNDERB,rf,UNDERB,47,0.004232879744195861
DS15,mc.rf_UNDERB,rf,UNDERB,48,0.0035513226819444297
DS15,mc.rf_UNDERB,rf,UNDERB,49,0.0032952534694346207
DS15,mc.rf_UNDERB,rf,UNDERB,50,0.0034739349888776427
DS15,mc.rf_UNDERTPhi,rf,UNDERTPhi,1,0.015007758746349393
DS15,mc.rf_UNDERTPhi,rf,UNDERTPhi,2,0.018158789012767646
DS15,mc.rf_UNDERTPhi,rf,UNDERTPhi,3,0.015291598111013029
DS15,mc.rf_UNDERTPhi,rf,UNDERTPhi,4,0.013683135326809828
DS15,mc.rf_UNDERTPhi,rf,UNDERTPhi,5,0.013385675742849358
DS15,mc.rf_UNDERTPhi,rf,UNDERTPhi,6,0.014383905828722185
DS15,mc.rf_UNDERTPhi,rf,UNDERTPhi,7,0.018112023922003798
DS15,mc.rf_UNDERTPhi,rf,UNDERTPhi,8,0.018850938321681714
DS15,mc.rf_UNDERTPhi,rf,UNDERTPhi,9,0.018764823370773336
DS15,mc.rf_UNDERTPhi,rf,UNDERTPhi,10,0.016459196048768655
DS15,mc.rf_UNDERTPhi,rf,UNDERTPhi,11,0.015463072366619188
DS15,mc.rf_UNDERTPhi,rf,UNDERTPhi,12,0.016699402943034503
DS15,mc.rf_UNDERTPhi,rf,UNDERTPhi,13,0.015970960918225138
DS15,mc.rf_UNDERTPhi,rf,UNDERTPhi,14,0.01706980367411142
DS15,mc.rf_UNDERTPhi,rf,UNDERTPhi,15,0.016629454545620346
DS15,mc.rf_UNDERTPhi,rf,UNDERTPhi,16,0.016586815922947033
DS15,mc.rf_UNDERTPhi,rf,UNDERTPhi,17,0.017207131642286724
DS15,mc.rf_UNDERTPhi,rf,UNDERTPhi,18,0.017009180955283854
DS15,mc.rf_UNDERTPhi,rf,UNDERTPhi,19,0.01683336286808682
DS15,mc.rf_UNDERTPhi,rf,UNDERTPhi,20,0.016192946385940807
DS15,mc.rf_UNDERTPhi,rf,UNDERTPhi,21,0.01622648379895278
DS15,mc.rf_UNDERTPhi,rf,UNDERTPhi,22,0.013866553163784727
DS15,mc.rf_UNDERTPhi,rf,UNDERTPhi,23,0.013914200162266153
DS15,mc.rf_UNDERTPhi,rf,UNDERTPhi,24,0.0134370593456242
DS15,mc.rf_UNDERTPhi,rf,UNDERTPhi,25,0.008960806991666754
DS15,mc.rf_UNDERTPhi,rf,UNDERTPhi,26,0.010005440706447625
DS15,mc.rf_UNDERTPhi,rf,UNDERTPhi,27,0.009372346253615856
DS15,mc.rf_UNDERTPhi,rf,UNDERTPhi,28,0.009160081173221188
DS15,mc.rf_UNDERTPhi,rf,UNDERTPhi,29,0.008949580105991844
DS15,mc.rf_UNDERTPhi,rf,UNDERTPhi,30,0.007829419028307145
DS15,mc.rf_UNDERTPhi,rf,UNDERTPhi,31,0.007312603375170892
DS15,mc.rf_UNDERTPhi,rf,UNDERTPhi,32,0.007225600685063576
DS15,mc.rf_UNDERTPhi,rf,UNDERTPhi,33,0.007569411003600205
DS15,mc.rf_UNDERTPhi,rf,UNDERTPhi,34,0.006828249827076746
DS15,mc.rf_UNDERTPhi,rf,UNDERTPhi,35,0.0070929004947046645
DS15,mc.rf_UNDERTPhi,rf,UNDERTPhi,36,0.006541305800026768
DS15,mc.rf_UNDERTPhi,rf,UNDERTPhi,37,0.007360968525324441
DS15,mc.rf_UNDERTPhi,rf,UNDERTPhi,38,0.006604788287304472
DS15,mc.rf_UNDERTPhi,rf,UNDERTPhi,39,0.006983566630491248
DS15,mc.rf_UNDERTPhi,rf,UNDERTPhi,40,0.006827937932727292
DS15,mc.rf_UNDERTPhi,rf,UNDERTPhi,41,0.0058496040250038215
DS15,mc.rf_UNDERTPhi,rf,UNDERTPhi,42,0.00438084753857018
DS15,mc.rf_UNDERTPhi,rf,UNDERTPhi,43,0.004928970829714071
DS15,mc.rf_UNDERTPhi,rf,UNDERTPhi,44,0.004625595588645015
DS15,mc.rf_UNDERTPhi,rf,UNDERTPhi,45,0.004401204201742626
DS15,mc.rf_UNDERTPhi,rf,UNDERTPhi,46,0.004638637662988716
DS15,mc.rf_UNDERTPhi,rf,UNDERTPhi,47,0.004487939306992867
DS15,mc.rf_UNDERTPhi,rf,UNDERTPhi,48,0.004731223853249253
DS15,mc.rf_UNDERTPhi,rf,UNDERTPhi,49,0.004315740306310731
DS15,mc.rf_UNDERTPhi,rf,UNDERTPhi,50,0.004353362898448959
DS15,mc.rf_UNDERT,rf,UNDERT,1,0.015881100328010274
DS15,mc.rf_UNDERT,rf,UNDERT,2,0.014737030870644504
DS15,mc.rf_UNDERT,rf,UNDERT,3,0.014055488101579895
DS15,mc.rf_UNDERT,rf,UNDERT,4,0.012484204644813025
DS15,mc.rf_UNDERT,rf,UNDERT,5,0.014991004320802363
DS15,mc.rf_UNDERT,rf,UNDERT,6,0.013650235552526417
DS15,mc.rf_UNDERT,rf,UNDERT,7,0.01676206116843465
DS15,mc.rf_UNDERT,rf,UNDERT,8,0.01734141316492814
DS15,mc.rf_UNDERT,rf,UNDERT,9,0.017639405399564764
DS15,mc.rf_UNDERT,rf,UNDERT,10,0.017342283747226822
DS15,mc.rf_UNDERT,rf,UNDERT,11,0.01535696389819787
DS15,mc.rf_UNDERT,rf,UNDERT,12,0.016388893178487532
DS15,mc.rf_UNDERT,rf,UNDERT,13,0.017815018590482314
DS15,mc.rf_UNDERT,rf,UNDERT,14,0.015952920196531287
DS15,mc.rf_UNDERT,rf,UNDERT,15,0.01753046820505051
DS15,mc.rf_UNDERT,rf,UNDERT,16,0.017470308296811118
DS15,mc.rf_UNDERT,rf,UNDERT,17,0.016360425773726685
DS15,mc.rf_UNDERT,rf,UNDERT,18,0.016985369373194146
DS15,mc.rf_UNDERT,rf,UNDERT,19,0.017201138980529326
DS15,mc.rf_UNDERT,rf,UNDERT,20,0.015762625008745337
DS15,mc.rf_UNDERT,rf,UNDERT,21,0.016546706307979612
DS15,mc.rf_UNDERT,rf,UNDERT,22,0.013793646387670774
DS15,mc.rf_UNDERT,rf,UNDERT,23,0.012488127164522538
DS15,mc.rf_UNDERT,rf,UNDERT,24,0.012695912667491129
DS15,mc.rf_UNDERT,rf,UNDERT,25,0.009655455194615511
DS15,mc.rf_UNDERT,rf,UNDERT,26,0.009591516903700494
DS15,mc.rf_UNDERT,rf,UNDERT,27,0.009353604204722692
DS15,mc.rf_UNDERT,rf,UNDERT,28,0.009058631089351864
DS15,mc.rf_UNDERT,rf,UNDERT,29,0.008152923823090952
DS15,mc.rf_UNDERT,rf,UNDERT,30,0.006517729718007551
DS15,mc.rf_UNDERT,rf,UNDERT,31,0.006263110824297748
DS15,mc.rf_UNDERT,rf,UNDERT,32,0.006600517024492689
DS15,mc.rf_UNDERT,rf,UNDERT,33,0.006543188017650522
DS15,mc.rf_UNDERT,rf,UNDERT,34,0.006280881896319814
DS15,mc.rf_UNDERT,rf,UNDERT,35,0.005830424346063505
DS15,mc.rf_UNDERT,rf,UNDERT,36,0.006212920358949489
DS15,mc.rf_UNDERT,rf,UNDERT,37,0.005920694909474101
DS15,mc.rf_UNDERT,rf,UNDERT,38,0.006517927734468024
DS15,mc.rf_UNDERT,rf,UNDERT,39,0.004983939117722348
DS15,mc.rf_UNDERT,rf,UNDERT,40,0.0064433479958376574
DS15,mc.rf_UNDERT,rf,UNDERT,41,0.006329527249745551
DS15,mc.rf_UNDERT,rf,UNDERT,42,0.004190277707834922
DS15,mc.rf_UNDERT,rf,UNDERT,43,0.004222910648701771
DS15,mc.rf_UNDERT,rf,UNDERT,44,0.004125720436199427
DS15,mc.rf_UNDERT,rf,UNDERT,45,0.00423805896468836
DS15,mc.rf_UNDERT,rf,UNDERT,46,0.004635095702879569
DS15,mc.rf_UNDERT,rf,UNDERT,47,0.003998652457563473
DS15,mc.rf_UNDERT,rf,UNDERT,48,0.003670841564040623
DS15,mc.rf_UNDERT,rf,UNDERT,49,0.004193409575328633
DS15,mc.rf_UNDERT,rf,UNDERT,50,0.004199062752453646
DS15,mc.rf,rf,baseline,1,0.012788540059446837
DS15,mc.rf,rf,baseline,2,0.012558295169822084
DS15,mc.rf,rf,baseline,3,0.012204344858611525
DS15,mc.rf,rf,baseline,4,0.012624886371071568
DS15,mc.rf,rf,baseline,5,0.01232715392017101
DS15,mc.rf,rf,baseline,6,0.0127422966968775
DS15,mc.rf,rf,baseline,7,0.015171007620070816
DS15,mc.rf,rf,baseline,8,0.015768960600870935
DS15,mc.rf,rf,baseline,9,0.015643381606291695
DS15,mc.rf,rf,baseline,10,0.01677435198896104
DS15,mc.rf,rf,baseline,11,0.016898662556786133
DS15,mc.rf,rf,baseline,12,0.01733521917751845
DS15,mc.rf,rf,baseline,13,0.017773521297180815
DS15,mc.rf,rf,baseline,14,0.017697426968874212
DS15,mc.rf,rf,baseline,15,0.017400693012424636
DS15,mc.rf,rf,baseline,16,0.01780356096098814
DS15,mc.rf,rf,baseline,17,0.017300971545016038
DS15,mc.rf,rf,baseline,18,0.017436125687358608
DS15,mc.rf,rf,baseline,19,0.017178384574793492
DS15,mc.rf,rf,baseline,20,0.015417013903398873
DS15,mc.rf,rf,baseline,21,0.015377843947241307
DS15,mc.rf,rf,baseline,22,0.014419607062559287
DS15,mc.rf,rf,baseline,23,0.01344725420903256
DS15,mc.rf,rf,baseline,24,0.013477586904492387
DS15,mc.rf,rf,baseline,25,0.01050936480338238
DS15,mc.rf,rf,baseline,26,0.01026725025322894
DS15,mc.rf,rf,baseline,27,0.00916486753355221
DS15,mc.rf,rf,baseline,28,0.008789307049649222
DS15,mc.rf,rf,baseline,29,0.008839318912022767
DS15,mc.rf,rf,baseline,30,0.006581667978737332
DS15,mc.rf,rf,baseline,31,0.00657732752308633
DS15,mc.rf,rf,baseline,32,0.006507324122768993
DS15,mc.rf,rf,baseline,33,0.006716376195358368
DS15,mc.rf,rf,baseline,34,0.00606945318355725
DS15,mc.rf,rf,baseline,35,0.006081494954839159
DS15,mc.rf,rf,baseline,36,0.006304055897295086
DS15,mc.rf,rf,baseline,37,0.0063544050200809825
DS15,mc.rf,rf,baseline,38,0.006660769299769494
DS15,mc.rf,rf,baseline,39,0.006373996369024694
DS15,mc.rf,rf,baseline,40,0.006274035378618752
DS15,mc.rf,rf,baseline,41,0.006004703559028113
DS15,mc.rf,rf,baseline,42,0.004480717944891267
DS15,mc.rf,rf,baseline,43,0.004445734149056086
DS15,mc.rf,rf,baseline,44,0.004213258418692786
DS15,mc.rf,rf,baseline,45,0.0042447921967592615
DS15,mc.rf,rf,baseline,46,0.0041701826468600964
DS15,mc.rf,rf,baseline,47,0.004143064433160508
DS15,mc.rf,rf,baseline,48,0.003646044063152713
DS15,mc.rf,rf,baseline,49,0.0037282335101928065
DS15,mc.rf,rf,baseline,50,0.0036965681284253137
DS15,mc.rpart_OVERB,rpart,OVERB,1,0.012084132677701512
DS15,mc.rpart_OVERB,rpart,OVERB,2,0.01784015670759069
DS15,mc.rpart_OVERB,rpart,OVERB,3,0.0202919104776511
DS15,mc.rpart_OVERB,rpart,OVERB,4,0.013618510692105205
DS15,mc.rpart_OVERB,rpart,OVERB,5,0.021553731758149553
DS15,mc.rpart_OVERB,rpart,OVERB,6,0.020511188459195286
DS15,mc.rpart_OVERB,rpart,OVERB,7,0.021585584856022792
DS15,mc.rpart_OVERB,rpart,OVERB,8,0.015199263088908585
DS15,mc.rpart_OVERB,rpart,OVERB,9,0.025706788795726854
DS15,mc.rpart_OVERB,rpart,OVERB,10,0.019243805839981608
DS15,mc.rpart_OVERB,rpart,OVERB,11,0.02030875127649505
DS15,mc.rpart_OVERB,rpart,OVERB,12,0.021181351438973994
DS15,mc.rpart_OVERB,rpart,OVERB,13,0.016365292347064186
DS15,mc.rpart_OVERB,rpart,OVERB,14,0.020027478351888874
DS15,mc.rpart_OVERB,rpart,OVERB,15,0.02499673724444059
DS15,mc.rpart_OVERB,rpart,OVERB,16,0.025248576807944678
DS15,mc.rpart_OVERB,rpart,OVERB,17,0.021060301173696967
DS15,mc.rpart_OVERB,rpart,OVERB,18,0.022061331102881956
DS15,mc.rpart_OVERB,rpart,OVERB,19,0.019206365889548434
DS15,mc.rpart_OVERB,rpart,OVERB,20,0.018277004605675825
DS15,mc.rpart_OVERB,rpart,OVERB,21,0.01716744533657053
DS15,mc.rpart_OVERB,rpart,OVERB,22,0.01944406955705738
DS15,mc.rpart_OVERB,rpart,OVERB,23,0.015035915212075458
DS15,mc.rpart_OVERB,rpart,OVERB,24,0.008744432074404927
DS15,mc.rpart_OVERB,rpart,OVERB,25,0.012048963730329869
DS15,mc.rpart_OVERB,rpart,OVERB,26,0.014277144809693621
DS15,mc.rpart_OVERB,rpart,OVERB,27,0.007900805008914465
DS15,mc.rpart_OVERB,rpart,OVERB,28,0.011806234020866894
DS15,mc.rpart_OVERB,rpart,OVERB,29,0.010437254937238356
DS15,mc.rpart_OVERB,rpart,OVERB,30,0.008555136570165326
DS15,mc.rpart_OVERB,rpart,OVERB,31,0.00866757542529338
DS15,mc.rpart_OVERB,rpart,OVERB,32,0.007911457220805053
DS15,mc.rpart_OVERB,rpart,OVERB,33,0.00722390836634023
DS15,mc.rpart_OVERB,rpart,OVERB,34,0.006708533164797913
DS15,mc.rpart_OVERB,rpart,OVERB,35,0.010647128494971288
DS15,mc.rpart_OVERB,rpart,OVERB,36,0.007875240758900214
DS15,mc.rpart_OVERB,rpart,OVERB,37,0.007011265196837152
DS15,mc.rpart_OVERB,rpart,OVERB,38,0.009319549122754348
DS15,mc.rpart_OVERB,rpart,OVERB,39,0.007249924072305361
DS15,mc.rpart_OVERB,rpart,OVERB,40,0.007413378072566835
DS15,mc.rpart_OVERB,rpart,OVERB,41,0.008002207934880861
DS15,mc.rpart_OVERB,rpart,OVERB,42,0.004957076067727941
DS15,mc.rpart_OVERB,rpart,OVERB,43,0.004844380904047185
DS15,mc.rpart_OVERB,rpart,OVERB,44,0.004553478591562837
DS15,mc.rpart_OVERB,rpart,OVERB,45,0.005631338772738802
DS15,mc.rpart_OVERB,rpart,OVERB,46,0.005585560416834863
DS15,mc.rpart_OVERB,rpart,OVERB,47,0.005530280668420002
DS15,mc.rpart_OVERB,rpart,OVERB,48,0.0031614028274315155
DS15,mc.rpart_OVERB,rpart,OVERB,49,0.004714389974624519
DS15,mc.rpart_OVERB,rpart,OVERB,50,0.003669454620289143
DS15,mc.rpart_OVERTPhi,rpart,OVERTPhi,1,0.01976549805304561
DS15,mc.rpart_OVERTPhi,rpart,OVERTPhi,2,0.01732256369027816
DS15,mc.rpart_OVERTPhi,rpart,OVERTPhi,3,0.020122082266060538
DS15,mc.rpart_OVERTPhi,rpart,OVERTPhi,4,0.01785837757388921
DS15,mc.rpart_OVERTPhi,rpart,OVERTPhi,5,0.025808691243843666
DS15,mc.rpart_OVERTPhi,rpart,OVERTPhi,6,0.012649615202780792
DS15,mc.rpart_OVERTPhi,rpart,OVERTPhi,7,0.020148265438371768
DS15,mc.rpart_OVERTPhi,rpart,OVERTPhi,8,0.025388435337031893
DS15,mc.rpart_OVERTPhi,rpart,OVERTPhi,9,0.01583658984583903
DS15,mc.rpart_OVERTPhi,rpart,OVERTPhi,10,0.02127976618102829
DS15,mc.rpart_OVERTPhi,rpart,OVERTPhi,11,0.017246473468384996
DS15,mc.rpart_OVERTPhi,rpart,OVERTPhi,12,0.021338423018389438
DS15,mc.rpart_OVERTPhi,rpart,OVERTPhi,13,0.01808359791190535
DS15,mc.rpart_OVERTPhi,rpart,OVERTPhi,14,0.01907127870857881
DS15,mc.rpart_OVERTPhi,rpart,OVERTPhi,15,0.02035927679985186
DS15,mc.rpart_OVERTPhi,rpart,OVERTPhi,16,0.018884791853540427
DS15,mc.rpart_OVERTPhi,rpart,OVERTPhi,17,0.0177876583728546
DS15,mc.rpart_OVERTPhi,rpart,OVERTPhi,18,0.01512067789532084
DS15,mc.rpart_OVERTPhi,rpart,OVERTPhi,19,0.018612851598110675
DS15,mc.rpart_OVERTPhi,rpart,OVERTPhi,20,0.01822463913864176
DS15,mc.rpart_OVERTPhi,rpart,OVERTPhi,21,0.01615801290144835
DS15,mc.rpart_OVERTPhi,rpart,OVERTPhi,22,0.020864461579624488
DS15,mc.rpart_OVERTPhi,rpart,OVERTPhi,23,0.02294064558570661
DS15,mc.rpart_OVERTPhi,rpart,OVERTPhi,24,0.00931191009715336
DS15,mc.rpart_OVERTPhi,rpart,OVERTPhi,25,0.013835034027557088
DS15,mc.rpart_OVERTPhi,rpart,OVERTPhi,26,0.013933281338534605
DS15,mc.rpart_OVERTPhi,rpart,OVERTPhi,27,0.014522612082384291
DS15,mc.rpart_OVERTPhi,rpart,OVERTPhi,28,0.01647459332637786
DS15,mc.rpart_OVERTPhi,rpart,OVERTPhi,29,0.011281067620187811
DS15,mc.rpart_OVERTPhi,rpart,OVERTPhi,30,0.0076596404357876895
DS15,mc.rpart_OVERTPhi,rpart,OVERTPhi,31,0.00871381013917326
DS15,mc.rpart_OVERTPhi,rpart,OVERTPhi,32,0.007852452685161144
DS15,mc.rpart_OVERTPhi,rpart,OVERTPhi,33,0.011060572802519646
DS15,mc.rpart_OVERTPhi,rpart,OVERTPhi,34,0.008017698515412817
DS15,mc.rpart_OVERTPhi,rpart,OVERTPhi,35,0.0065030295481033375
DS15,mc.rpart_OVERTPhi,rpart,OVERTPhi,36,0.009515351095178431
DS15,mc.rpart_OVERTPhi,rpart,OVERTPhi,37,0.006721757004214068
DS15,mc.rpart_OVERTPhi,rpart,OVERTPhi,38,0.008550810258573675
DS15,mc.rpart_OVERTPhi,rpart,OVERTPhi,39,0.00839901247371509
DS15,mc.rpart_OVERTPhi,rpart,OVERTPhi,40,0.008277573831752833
DS15,mc.rpart_OVERTPhi,rpart,OVERTPhi,41,0.008543667103887605
DS15,mc.rpart_OVERTPhi,rpart,OVERTPhi,42,0.005567763234496437
DS15,mc.rpart_OVERTPhi,rpart,OVERTPhi,43,0.004621543823071691
DS15,mc.rpart_OVERTPhi,rpart,OVERTPhi,44,0.006113751860308537
DS15,mc.rpart_OVERTPhi,rpart,OVERTPhi,45,0.0038785064783863473
DS15,mc.rpart_OVERTPhi,rpart,OVERTPhi,46,0.005167286971015176
DS15,mc.rpart_OVERTPhi,rpart,OVERTPhi,47,0.005547042371676442
DS15,mc.rpart_OVERTPhi,rpart,OVERTPhi,48,0.003839483274572152
DS15,mc.rpart_OVERTPhi,rpart,OVERTPhi,49,0.006177844177958852
DS15,mc.rpart_OVERTPhi,rpart,OVERTPhi,50,0.004961289268501723
DS15,mc.rpart_OVERT,rpart,OVERT,1,0.016002180556303265
DS15,mc.rpart_OVERT,rpart,OVERT,2,0.017542859987092974
DS15,mc.rpart_OVERT,rpart,OVERT,3,0.020138763345877803
DS15,mc.rpart_OVERT,rpart,OVERT,4,0.019759615672323712
DS15,mc.rpart_OVERT,rpart,OVERT,5,0.025808818019143476
DS15,mc.rpart_OVERT,rpart,OVERT,6,0.015434832025350115
DS15,mc.rpart_OVERT,rpart,OVERT,7,0.023145900743772235
DS15,mc.rpart_OVERT,rpart,OVERT,8,0.017635764091709055
DS15,mc.rpart_OVERT,rpart,OVERT,9,0.016442225107777365
DS15,mc.rpart_OVERT,rpart,OVERT,10,0.01961308697719898
DS15,mc.rpart_OVERT,rpart,OVERT,11,0.018464933013118898
DS15,mc.rpart_OVERT,rpart,OVERT,12,0.022835335114516384
DS15,mc.rpart_OVERT,rpart,OVERT,13,0.01813548380586169
DS15,mc.rpart_OVERT,rpart,OVERT,14,0.018873032965824623
DS15,mc.rpart_OVERT,rpart,OVERT,15,0.02034266999629673
DS15,mc.rpart_OVERT,rpart,OVERT,16,0.017190974082277315
DS15,mc.rpart_OVERT,rpart,OVERT,17,0.022733325414087523
DS15,mc.rpart_OVERT,rpart,OVERT,18,0.0151353021727358
DS15,mc.rpart_OVERT,rpart,OVERT,19,0.01999253214359451
DS15,mc.rpart_OVERT,rpart,OVERT,20,0.018221101232437843
DS15,mc.rpart_OVERT,rpart,OVERT,21,0.01861688700433268
DS15,mc.rpart_OVERT,rpart,OVERT,22,0.02088509353210658
DS15,mc.rpart_OVERT,rpart,OVERT,23,0.014658154174538071
DS15,mc.rpart_OVERT,rpart,OVERT,24,0.016007691537580755
DS15,mc.rpart_OVERT,rpart,OVERT,25,0.013835058940506871
DS15,mc.rpart_OVERT,rpart,OVERT,26,0.011019972836627805
DS15,mc.rpart_OVERT,rpart,OVERT,27,0.011220429526443209
DS15,mc.rpart_OVERT,rpart,OVERT,28,0.01585799350373234
DS15,mc.rpart_OVERT,rpart,OVERT,29,0.011461492543317695
DS15,mc.rpart_OVERT,rpart,OVERT,30,0.008512624736578099
DS15,mc.rpart_OVERT,rpart,OVERT,31,0.00871381013917326
DS15,mc.rpart_OVERT,rpart,OVERT,32,0.007852731238135279
DS15,mc.rpart_OVERT,rpart,OVERT,33,0.013314547423090722
DS15,mc.rpart_OVERT,rpart,OVERT,34,0.00784800871676539
DS15,mc.rpart_OVERT,rpart,OVERT,35,0.0062831335638279615
DS15,mc.rpart_OVERT,rpart,OVERT,36,0.00962277385048368
DS15,mc.rpart_OVERT,rpart,OVERT,37,0.00790409919927883
DS15,mc.rpart_OVERT,rpart,OVERT,38,0.00831986420630261
DS15,mc.rpart_OVERT,rpart,OVERT,39,0.00839901742305936
DS15,mc.rpart_OVERT,rpart,OVERT,40,0.008277483714379195
DS15,mc.rpart_OVERT,rpart,OVERT,41,0.0085437678673966
DS15,mc.rpart_OVERT,rpart,OVERT,42,0.0046946907899225706
DS15,mc.rpart_OVERT,rpart,OVERT,43,0.004600142524836019
DS15,mc.rpart_OVERT,rpart,OVERT,44,0.006114073748630564
DS15,mc.rpart_OVERT,rpart,OVERT,45,0.0053998842866742475
DS15,mc.rpart_OVERT,rpart,OVERT,46,0.00516725291827301
DS15,mc.rpart_OVERT,rpart,OVERT,47,0.0046439379817031605
DS15,mc.rpart_OVERT,rpart,OVERT,48,0.004180325599482217
DS15,mc.rpart_OVERT,rpart,OVERT,49,0.005997437121161276
DS15,mc.rpart_OVERT,rpart,OVERT,50,0.004751571114191526
DS15,mc.rpart_SMOTEB,rpart,SMOTEB,1,0.023770771406313822
DS15,mc.rpart_SMOTEB,rpart,SMOTEB,2,0.02700517393199284
DS15,mc.rpart_SMOTEB,rpart,SMOTEB,3,0.031761107986189446
DS15,mc.rpart_SMOTEB,rpart,SMOTEB,4,0.025046133621010644
DS15,mc.rpart_SMOTEB,rpart,SMOTEB,5,0.033333066236858944
DS15,mc.rpart_SMOTEB,rpart,SMOTEB,6,0.04165428929790544
DS15,mc.rpart_SMOTEB,rpart,SMOTEB,7,0.03206468855300025
DS15,mc.rpart_SMOTEB,rpart,SMOTEB,8,0.039911006031413815
DS15,mc.rpart_SMOTEB,rpart,SMOTEB,9,0.02450445672510837
DS15,mc.rpart_SMOTEB,rpart,SMOTEB,10,0.026825113320859344
DS15,mc.rpart_SMOTEB,rpart,SMOTEB,11,0.030900103929391652
DS15,mc.rpart_SMOTEB,rpart,SMOTEB,12,0.02346380945132342
DS15,mc.rpart_SMOTEB,rpart,SMOTEB,13,0.02771633893850089
DS15,mc.rpart_SMOTEB,rpart,SMOTEB,14,0.02295798655626307
DS15,mc.rpart_SMOTEB,rpart,SMOTEB,15,0.026977970652912825
DS15,mc.rpart_SMOTEB,rpart,SMOTEB,16,0.027744827062882185
DS15,mc.rpart_SMOTEB,rpart,SMOTEB,17,0.03279576613557015
DS15,mc.rpart_SMOTEB,rpart,SMOTEB,18,0.03523895925169219
DS15,mc.rpart_SMOTEB,rpart,SMOTEB,19,0.025196241925063208
DS15,mc.rpart_SMOTEB,rpart,SMOTEB,20,0.025715389116315296
DS15,mc.rpart_SMOTEB,rpart,SMOTEB,21,0.029276550205038453
DS15,mc.rpart_SMOTEB,rpart,SMOTEB,22,0.01582790253183716
DS15,mc.rpart_SMOTEB,rpart,SMOTEB,23,0.020171574992798348
DS15,mc.rpart_SMOTEB,rpart,SMOTEB,24,0.024256377270792523
DS15,mc.rpart_SMOTEB,rpart,SMOTEB,25,0.013740342519801049
DS15,mc.rpart_SMOTEB,rpart,SMOTEB,26,0.018024960617613547
DS15,mc.rpart_SMOTEB,rpart,SMOTEB,27,0.01442731327264148
DS15,mc.rpart_SMOTEB,rpart,SMOTEB,28,0.014467974639310495
DS15,mc.rpart_SMOTEB,rpart,SMOTEB,29,0.013217376936269445
DS15,mc.rpart_SMOTEB,rpart,SMOTEB,30,0.008420657595759632
DS15,mc.rpart_SMOTEB,rpart,SMOTEB,31,0.009857931356539808
DS15,mc.rpart_SMOTEB,rpart,SMOTEB,32,0.009600856609539028
DS15,mc.rpart_SMOTEB,rpart,SMOTEB,33,0.015804988396183058
DS15,mc.rpart_SMOTEB,rpart,SMOTEB,34,0.011376545159975384
DS15,mc.rpart_SMOTEB,rpart,SMOTEB,35,0.012350756178017522
DS15,mc.rpart_SMOTEB,rpart,SMOTEB,36,0.011547023367850087
DS15,mc.rpart_SMOTEB,rpart,SMOTEB,37,0.00804817310746029
DS15,mc.rpart_SMOTEB,rpart,SMOTEB,38,0.011706716734678855
DS15,mc.rpart_SMOTEB,rpart,SMOTEB,39,0.014089856806701804
DS15,mc.rpart_SMOTEB,rpart,SMOTEB,40,0.013997972717312736
DS15,mc.rpart_SMOTEB,rpart,SMOTEB,41,0.01303776376493243
DS15,mc.rpart_SMOTEB,rpart,SMOTEB,42,0.006817711817754591
DS15,mc.rpart_SMOTEB,rpart,SMOTEB,43,0.00667657609266201
DS15,mc.rpart_SMOTEB,rpart,SMOTEB,44,0.009254669598040385
DS15,mc.rpart_SMOTEB,rpart,SMOTEB,45,0.011925916617883066
DS15,mc.rpart_SMOTEB,rpart,SMOTEB,46,0.006810823970652114
DS15,mc.rpart_SMOTEB,rpart,SMOTEB,47,0.007448228949246157
DS15,mc.rpart_SMOTEB,rpart,SMOTEB,48,0.006439622393175106
DS15,mc.rpart_SMOTEB,rpart,SMOTEB,49,0.00877228246106181
DS15,mc.rpart_SMOTEB,rpart,SMOTEB,50,0.010488718122370802
DS15,mc.rpart_SMOTETPhi,rpart,SMOTETPhi,1,0.02875050717560929
DS15,mc.rpart_SMOTETPhi,rpart,SMOTETPhi,2,0.03281442993613412
DS15,mc.rpart_SMOTETPhi,rpart,SMOTETPhi,3,0.03626756442547338
DS15,mc.rpart_SMOTETPhi,rpart,SMOTETPhi,4,0.04137901696667386
DS15,mc.rpart_SMOTETPhi,rpart,SMOTETPhi,5,0.034958204659691024
DS15,mc.rpart_SMOTETPhi,rpart,SMOTETPhi,6,0.04150214710719348
DS15,mc.rpart_SMOTETPhi,rpart,SMOTETPhi,7,0.0354015743351772
DS15,mc.rpart_SMOTETPhi,rpart,SMOTETPhi,8,0.03440837480604417
DS15,mc.rpart_SMOTETPhi,rpart,SMOTETPhi,9,0.03451023528908381
DS15,mc.rpart_SMOTETPhi,rpart,SMOTETPhi,10,0.03026730378966222
DS15,mc.rpart_SMOTETPhi,rpart,SMOTETPhi,11,0.040118397485578605
DS15,mc.rpart_SMOTETPhi,rpart,SMOTETPhi,12,0.029127794220444935
DS15,mc.rpart_SMOTETPhi,rpart,SMOTETPhi,13,0.030406756801669304
DS15,mc.rpart_SMOTETPhi,rpart,SMOTETPhi,14,0.04479533559718871
DS15,mc.rpart_SMOTETPhi,rpart,SMOTETPhi,15,0.03005386366610241
DS15,mc.rpart_SMOTETPhi,rpart,SMOTETPhi,16,0.040461728259561125
DS15,mc.rpart_SMOTETPhi,rpart,SMOTETPhi,17,0.024222837232835148
DS15,mc.rpart_SMOTETPhi,rpart,SMOTETPhi,18,0.03507481366566261
DS15,mc.rpart_SMOTETPhi,rpart,SMOTETPhi,19,0.03509710174205314
DS15,mc.rpart_SMOTETPhi,rpart,SMOTETPhi,20,0.028577294474269436
DS15,mc.rpart_SMOTETPhi,rpart,SMOTETPhi,21,0.029532111958469796
DS15,mc.rpart_SMOTETPhi,rpart,SMOTETPhi,22,0.024034395053108868
DS15,mc.rpart_SMOTETPhi,rpart,SMOTETPhi,23,0.024690948209492528
DS15,mc.rpart_SMOTETPhi,rpart,SMOTETPhi,24,0.019386403309476278
DS15,mc.rpart_SMOTETPhi,rpart,SMOTETPhi,25,0.01943286544120472
DS15,mc.rpart_SMOTETPhi,rpart,SMOTETPhi,26,0.021926128123772308
DS15,mc.rpart_SMOTETPhi,rpart,SMOTETPhi,27,0.014153908129865693
DS15,mc.rpart_SMOTETPhi,rpart,SMOTETPhi,28,0.015813975882303228
DS15,mc.rpart_SMOTETPhi,rpart,SMOTETPhi,29,0.01817459435375568
DS15,mc.rpart_SMOTETPhi,rpart,SMOTETPhi,30,0.014836378770022928
DS15,mc.rpart_SMOTETPhi,rpart,SMOTETPhi,31,0.015364737861072954
DS15,mc.rpart_SMOTETPhi,rpart,SMOTETPhi,32,0.00851961517618561
DS15,mc.rpart_SMOTETPhi,rpart,SMOTETPhi,33,0.012600725165932403
DS15,mc.rpart_SMOTETPhi,rpart,SMOTETPhi,34,0.010213059164177352
DS15,mc.rpart_SMOTETPhi,rpart,SMOTETPhi,35,0.01365374757032706
DS15,mc.rpart_SMOTETPhi,rpart,SMOTETPhi,36,0.015080827139459466
DS15,mc.rpart_SMOTETPhi,rpart,SMOTETPhi,37,0.011667232661395495
DS15,mc.rpart_SMOTETPhi,rpart,SMOTETPhi,38,0.011249230339136086
DS15,mc.rpart_SMOTETPhi,rpart,SMOTETPhi,39,0.012071011958542589
DS15,mc.rpart_SMOTETPhi,rpart,SMOTETPhi,40,0.016606147568987227
DS15,mc.rpart_SMOTETPhi,rpart,SMOTETPhi,41,0.00922627370618604
DS15,mc.rpart_SMOTETPhi,rpart,SMOTETPhi,42,0.008282764408039376
DS15,mc.rpart_SMOTETPhi,rpart,SMOTETPhi,43,0.007251245183262905
DS15,mc.rpart_SMOTETPhi,rpart,SMOTETPhi,44,0.011575409782295452
DS15,mc.rpart_SMOTETPhi,rpart,SMOTETPhi,45,0.007727391496432183
DS15,mc.rpart_SMOTETPhi,rpart,SMOTETPhi,46,0.012879363567581983
DS15,mc.rpart_SMOTETPhi,rpart,SMOTETPhi,47,0.008151529791891772
DS15,mc.rpart_SMOTETPhi,rpart,SMOTETPhi,48,0.007061358488905026
DS15,mc.rpart_SMOTETPhi,rpart,SMOTETPhi,49,0.007985980804861395
DS15,mc.rpart_SMOTETPhi,rpart,SMOTETPhi,50,0.010370530634291405
DS15,mc.rpart_SMOTET,rpart,SMOTET,1,0.031181727530464172
DS15,mc.rpart_SMOTET,rpart,SMOTET,2,0.02726096476423726
DS15,mc.rpart_SMOTET,rpart,SMOTET,3,0.032370835912915244
DS15,mc.rpart_SMOTET,rpart,SMOTET,4,0.03428503420558967
DS15,mc.rpart_SMOTET,rpart,SMOTET,5,0.034077992671944383
DS15,mc.rpart_SMOTET,rpart,SMOTET,6,0.02549970643866329
DS15,mc.rpart_SMOTET,rpart,SMOTET,7,0.030069167335923123
DS15,mc.rpart_SMOTET,rpart,SMOTET,8,0.0325823521296407
DS15,mc.rpart_SMOTET,rpart,SMOTET,9,0.027166566099410847
DS15,mc.rpart_SMOTET,rpart,SMOTET,10,0.039725632664217025
DS15,mc.rpart_SMOTET,rpart,SMOTET,11,0.02528855382898337
DS15,mc.rpart_SMOTET,rpart,SMOTET,12,0.03402433390873718
DS15,mc.rpart_SMOTET,rpart,SMOTET,13,0.023519851463108577
DS15,mc.rpart_SMOTET,rpart,SMOTET,14,0.04257464435736582
DS15,mc.rpart_SMOTET,rpart,SMOTET,15,0.027713925878415056
DS15,mc.rpart_SMOTET,rpart,SMOTET,16,0.03953460201945479
DS15,mc.rpart_SMOTET,rpart,SMOTET,17,0.032693198888518744
DS15,mc.rpart_SMOTET,rpart,SMOTET,18,0.0429624204121136
DS15,mc.rpart_SMOTET,rpart,SMOTET,19,0.03985389053743524
DS15,mc.rpart_SMOTET,rpart,SMOTET,20,0.02133643590226043
DS15,mc.rpart_SMOTET,rpart,SMOTET,21,0.03234936521413566
DS15,mc.rpart_SMOTET,rpart,SMOTET,22,0.021603209013699838
DS15,mc.rpart_SMOTET,rpart,SMOTET,23,0.024239793539332838
DS15,mc.rpart_SMOTET,rpart,SMOTET,24,0.02074740222548775
DS15,mc.rpart_SMOTET,rpart,SMOTET,25,0.013408969805181751
DS15,mc.rpart_SMOTET,rpart,SMOTET,26,0.015768008458137358
DS15,mc.rpart_SMOTET,rpart,SMOTET,27,0.020169754625596097
DS15,mc.rpart_SMOTET,rpart,SMOTET,28,0.01652222499170079
DS15,mc.rpart_SMOTET,rpart,SMOTET,29,0.015025214938281534
DS15,mc.rpart_SMOTET,rpart,SMOTET,30,0.012622133543280416
DS15,mc.rpart_SMOTET,rpart,SMOTET,31,0.011660351513408794
DS15,mc.rpart_SMOTET,rpart,SMOTET,32,0.008854397782338751
DS15,mc.rpart_SMOTET,rpart,SMOTET,33,0.010085788621737899
DS15,mc.rpart_SMOTET,rpart,SMOTET,34,0.011292279149863943
DS15,mc.rpart_SMOTET,rpart,SMOTET,35,0.011415748946323676
DS15,mc.rpart_SMOTET,rpart,SMOTET,36,0.012590395624455802
DS15,mc.rpart_SMOTET,rpart,SMOTET,37,0.01199879541029272
DS15,mc.rpart_SMOTET,rpart,SMOTET,38,0.007642871981144818
DS15,mc.rpart_SMOTET,rpart,SMOTET,39,0.013377758212934705
DS15,mc.rpart_SMOTET,rpart,SMOTET,40,0.013506949049846102
DS15,mc.rpart_SMOTET,rpart,SMOTET,41,0.00923904154096911
DS15,mc.rpart_SMOTET,rpart,SMOTET,42,0.007940140864154953
DS15,mc.rpart_SMOTET,rpart,SMOTET,43,0.009680738889957761
DS15,mc.rpart_SMOTET,rpart,SMOTET,44,0.007133134225537154
DS15,mc.rpart_SMOTET,rpart,SMOTET,45,0.01136363092474267
DS15,mc.rpart_SMOTET,rpart,SMOTET,46,0.00912400878815575
DS15,mc.rpart_SMOTET,rpart,SMOTET,47,0.003647099726342019
DS15,mc.rpart_SMOTET,rpart,SMOTET,48,0.006652902014598932
DS15,mc.rpart_SMOTET,rpart,SMOTET,49,0.008506629312339798
DS15,mc.rpart_SMOTET,rpart,SMOTET,50,0.009066393173522223
DS15,mc.rpart_UNDERB,rpart,UNDERB,1,0.030657367058225783
DS15,mc.rpart_UNDERB,rpart,UNDERB,2,0.016835609673649804
DS15,mc.rpart_UNDERB,rpart,UNDERB,3,0.020883506463704512
DS15,mc.rpart_UNDERB,rpart,UNDERB,4,0.024464426820672014
DS15,mc.rpart_UNDERB,rpart,UNDERB,5,0.0243482376634385
DS15,mc.rpart_UNDERB,rpart,UNDERB,6,0.01869600840323152
DS15,mc.rpart_UNDERB,rpart,UNDERB,7,0.028319659954640718
DS15,mc.rpart_UNDERB,rpart,UNDERB,8,0.03277467514291792
DS15,mc.rpart_UNDERB,rpart,UNDERB,9,0.03471952690619588
DS15,mc.rpart_UNDERB,rpart,UNDERB,10,0.022941211553079828
DS15,mc.rpart_UNDERB,rpart,UNDERB,11,0.025177574078778416
DS15,mc.rpart_UNDERB,rpart,UNDERB,12,0.0241473160370388
DS15,mc.rpart_UNDERB,rpart,UNDERB,13,0.02654535151393692
DS15,mc.rpart_UNDERB,rpart,UNDERB,14,0.022431014865944496
DS15,mc.rpart_UNDERB,rpart,UNDERB,15,0.01878623568308294
DS15,mc.rpart_UNDERB,rpart,UNDERB,16,0.015628866420993492
DS15,mc.rpart_UNDERB,rpart,UNDERB,17,0.021939262369242457
DS15,mc.rpart_UNDERB,rpart,UNDERB,18,0.024072800638358795
DS15,mc.rpart_UNDERB,rpart,UNDERB,19,0.03015206217850291
DS15,mc.rpart_UNDERB,rpart,UNDERB,20,0.018954081565548325
DS15,mc.rpart_UNDERB,rpart,UNDERB,21,0.025725102192605126
DS15,mc.rpart_UNDERB,rpart,UNDERB,22,0.018609249617283156
DS15,mc.rpart_UNDERB,rpart,UNDERB,23,0.025256557593930397
DS15,mc.rpart_UNDERB,rpart,UNDERB,24,0.01972469824098426
DS15,mc.rpart_UNDERB,rpart,UNDERB,25,0.015730760078187342
DS15,mc.rpart_UNDERB,rpart,UNDERB,26,0.01870006718101362
DS15,mc.rpart_UNDERB,rpart,UNDERB,27,0.012904134180062865
DS15,mc.rpart_UNDERB,rpart,UNDERB,28,0.013507514294489164
DS15,mc.rpart_UNDERB,rpart,UNDERB,29,0.012761043429917351
DS15,mc.rpart_UNDERB,rpart,UNDERB,30,0.01211584637323139
DS15,mc.rpart_UNDERB,rpart,UNDERB,31,0.013473322303245213
DS15,mc.rpart_UNDERB,rpart,UNDERB,32,0.012239649597706181
DS15,mc.rpart_UNDERB,rpart,UNDERB,33,0.009045177581324882
DS15,mc.rpart_UNDERB,rpart,UNDERB,34,0.009359209814780535
DS15,mc.rpart_UNDERB,rpart,UNDERB,35,0.008601197191099523
DS15,mc.rpart_UNDERB,rpart,UNDERB,36,0.01128171059451177
DS15,mc.rpart_UNDERB,rpart,UNDERB,37,0.007594582549723266
DS15,mc.rpart_UNDERB,rpart,UNDERB,38,0.009933211720755229
DS15,mc.rpart_UNDERB,rpart,UNDERB,39,0.013538635035785162
DS15,mc.rpart_UNDERB,rpart,UNDERB,40,0.00841487644485593
DS15,mc.rpart_UNDERB,rpart,UNDERB,41,0.014980086382015367
DS15,mc.rpart_UNDERB,rpart,UNDERB,42,0.008775419091532219
DS15,mc.rpart_UNDERB,rpart,UNDERB,43,0.007416408195903341
DS15,mc.rpart_UNDERB,rpart,UNDERB,44,0.0076031346525820016
DS15,mc.rpart_UNDERB,rpart,UNDERB,45,0.004949216832190767
DS15,mc.rpart_UNDERB,rpart,UNDERB,46,0.007976929502751813
DS15,mc.rpart_UNDERB,rpart,UNDERB,47,0.008311928855780602
DS15,mc.rpart_UNDERB,rpart,UNDERB,48,0.0068734401567915075
DS15,mc.rpart_UNDERB,rpart,UNDERB,49,0.005933673790294214
DS15,mc.rpart_UNDERB,rpart,UNDERB,50,0.006437266775911681
DS15,mc.rpart_UNDERTPhi,rpart,UNDERTPhi,1,0.03254867366766042
DS15,mc.rpart_UNDERTPhi,rpart,UNDERTPhi,2,0.01496779420886879
DS15,mc.rpart_UNDERTPhi,rpart,UNDERTPhi,3,0.029282903706601603
DS15,mc.rpart_UNDERTPhi,rpart,UNDERTPhi,4,0.01733353509863797
DS15,mc.rpart_UNDERTPhi,rpart,UNDERTPhi,5,0.021799430216365497
DS15,mc.rpart_UNDERTPhi,rpart,UNDERTPhi,6,0.02597202480355433
DS15,mc.rpart_UNDERTPhi,rpart,UNDERTPhi,7,0.024558770760343174
DS15,mc.rpart_UNDERTPhi,rpart,UNDERTPhi,8,0.028376868383047545
DS15,mc.rpart_UNDERTPhi,rpart,UNDERTPhi,9,0.0348670320432425
DS15,mc.rpart_UNDERTPhi,rpart,UNDERTPhi,10,0.022012023599211505
DS15,mc.rpart_UNDERTPhi,rpart,UNDERTPhi,11,0.02362006734432516
DS15,mc.rpart_UNDERTPhi,rpart,UNDERTPhi,12,0.02041578613016497
DS15,mc.rpart_UNDERTPhi,rpart,UNDERTPhi,13,0.02332258878138407
DS15,mc.rpart_UNDERTPhi,rpart,UNDERTPhi,14,0.021122727070870463
DS15,mc.rpart_UNDERTPhi,rpart,UNDERTPhi,15,0.023284908942854416
DS15,mc.rpart_UNDERTPhi,rpart,UNDERTPhi,16,0.0225060969793095
DS15,mc.rpart_UNDERTPhi,rpart,UNDERTPhi,17,0.02715416459510155
DS15,mc.rpart_UNDERTPhi,rpart,UNDERTPhi,18,0.01803533815456244
DS15,mc.rpart_UNDERTPhi,rpart,UNDERTPhi,19,0.02218474554502907
DS15,mc.rpart_UNDERTPhi,rpart,UNDERTPhi,20,0.023847334629211774
DS15,mc.rpart_UNDERTPhi,rpart,UNDERTPhi,21,0.020353776667818367
DS15,mc.rpart_UNDERTPhi,rpart,UNDERTPhi,22,0.022599746818461726
DS15,mc.rpart_UNDERTPhi,rpart,UNDERTPhi,23,0.02212180415557556
DS15,mc.rpart_UNDERTPhi,rpart,UNDERTPhi,24,0.01849759923185611
DS15,mc.rpart_UNDERTPhi,rpart,UNDERTPhi,25,0.015185187734780873
DS15,mc.rpart_UNDERTPhi,rpart,UNDERTPhi,26,0.011919284509838313
DS15,mc.rpart_UNDERTPhi,rpart,UNDERTPhi,27,0.01671227099029145
DS15,mc.rpart_UNDERTPhi,rpart,UNDERTPhi,28,0.01351116344213886
DS15,mc.rpart_UNDERTPhi,rpart,UNDERTPhi,29,0.01361873242977604
DS15,mc.rpart_UNDERTPhi,rpart,UNDERTPhi,30,0.012055735451941892
DS15,mc.rpart_UNDERTPhi,rpart,UNDERTPhi,31,0.00933490382441479
DS15,mc.rpart_UNDERTPhi,rpart,UNDERTPhi,32,0.013478503170259497
DS15,mc.rpart_UNDERTPhi,rpart,UNDERTPhi,33,0.01215124567122135
DS15,mc.rpart_UNDERTPhi,rpart,UNDERTPhi,34,0.012150048525648466
DS15,mc.rpart_UNDERTPhi,rpart,UNDERTPhi,35,0.012221340064179558
DS15,mc.rpart_UNDERTPhi,rpart,UNDERTPhi,36,0.01408683897862828
DS15,mc.rpart_UNDERTPhi,rpart,UNDERTPhi,37,0.01042962427329912
DS15,mc.rpart_UNDERTPhi,rpart,UNDERTPhi,38,0.01005008125817225
DS15,mc.rpart_UNDERTPhi,rpart,UNDERTPhi,39,0.013400755310275365
DS15,mc.rpart_UNDERTPhi,rpart,UNDERTPhi,40,0.009418518164409147
DS15,mc.rpart_UNDERTPhi,rpart,UNDERTPhi,41,0.011033426995252067
DS15,mc.rpart_UNDERTPhi,rpart,UNDERTPhi,42,0.005683093571867134
DS15,mc.rpart_UNDERTPhi,rpart,UNDERTPhi,43,0.00817838464873098
DS15,mc.rpart_UNDERTPhi,rpart,UNDERTPhi,44,0.006508986006648317
DS15,mc.rpart_UNDERTPhi,rpart,UNDERTPhi,45,0.008593679643190272
DS15,mc.rpart_UNDERTPhi,rpart,UNDERTPhi,46,0.009600752363978334
DS15,mc.rpart_UNDERTPhi,rpart,UNDERTPhi,47,0.009013551916934134
DS15,mc.rpart_UNDERTPhi,rpart,UNDERTPhi,48,0.008310376304513105
DS15,mc.rpart_UNDERTPhi,rpart,UNDERTPhi,49,0.008711736862854789
DS15,mc.rpart_UNDERTPhi,rpart,UNDERTPhi,50,0.010006314065278719
DS15,mc.rpart_UNDERT,rpart,UNDERT,1,0.022285923055198505
DS15,mc.rpart_UNDERT,rpart,UNDERT,2,0.026889999651598696
DS15,mc.rpart_UNDERT,rpart,UNDERT,3,0.026288576504045945
DS15,mc.rpart_UNDERT,rpart,UNDERT,4,0.013571595729675263
DS15,mc.rpart_UNDERT,rpart,UNDERT,5,0.020237546082343502
DS15,mc.rpart_UNDERT,rpart,UNDERT,6,0.02064884189724458
DS15,mc.rpart_UNDERT,rpart,UNDERT,7,0.01738970774122493
DS15,mc.rpart_UNDERT,rpart,UNDERT,8,0.026156599489840338
DS15,mc.rpart_UNDERT,rpart,UNDERT,9,0.023805408164973185
DS15,mc.rpart_UNDERT,rpart,UNDERT,10,0.028662398010334128
DS15,mc.rpart_UNDERT,rpart,UNDERT,11,0.023719372272361983
DS15,mc.rpart_UNDERT,rpart,UNDERT,12,0.023680932219672733
DS15,mc.rpart_UNDERT,rpart,UNDERT,13,0.021948702786938664
DS15,mc.rpart_UNDERT,rpart,UNDERT,14,0.015698352306486026
DS15,mc.rpart_UNDERT,rpart,UNDERT,15,0.02064991221114792
DS15,mc.rpart_UNDERT,rpart,UNDERT,16,0.027867085587999392
DS15,mc.rpart_UNDERT,rpart,UNDERT,17,0.028711457665969317
DS15,mc.rpart_UNDERT,rpart,UNDERT,18,0.029838199912510337
DS15,mc.rpart_UNDERT,rpart,UNDERT,19,0.017628112909105362
DS15,mc.rpart_UNDERT,rpart,UNDERT,20,0.022123930954080467
DS15,mc.rpart_UNDERT,rpart,UNDERT,21,0.020742073078857656
DS15,mc.rpart_UNDERT,rpart,UNDERT,22,0.015485702077603126
DS15,mc.rpart_UNDERT,rpart,UNDERT,23,0.024771123556499193
DS15,mc.rpart_UNDERT,rpart,UNDERT,24,0.013615139587680248
DS15,mc.rpart_UNDERT,rpart,UNDERT,25,0.018972973078097498
DS15,mc.rpart_UNDERT,rpart,UNDERT,26,0.017245781935225246
DS15,mc.rpart_UNDERT,rpart,UNDERT,27,0.015182652384558355
DS15,mc.rpart_UNDERT,rpart,UNDERT,28,0.01117780270158036
DS15,mc.rpart_UNDERT,rpart,UNDERT,29,0.013439156046904517
DS15,mc.rpart_UNDERT,rpart,UNDERT,30,0.010040783767962235
DS15,mc.rpart_UNDERT,rpart,UNDERT,31,0.013015063648205823
DS15,mc.rpart_UNDERT,rpart,UNDERT,32,0.009696365482415656
DS15,mc.rpart_UNDERT,rpart,UNDERT,33,0.012022905488972158
DS15,mc.rpart_UNDERT,rpart,UNDERT,34,0.00850635746576043
DS15,mc.rpart_UNDERT,rpart,UNDERT,35,0.006402344897049647
DS15,mc.rpart_UNDERT,rpart,UNDERT,36,0.01135653193001452
DS15,mc.rpart_UNDERT,rpart,UNDERT,37,0.007018434367293013
DS15,mc.rpart_UNDERT,rpart,UNDERT,38,0.006315485970579439
DS15,mc.rpart_UNDERT,rpart,UNDERT,39,0.006584856949862633
DS15,mc.rpart_UNDERT,rpart,UNDERT,40,0.0065854262461859615
DS15,mc.rpart_UNDERT,rpart,UNDERT,41,0.012787790756128719
DS15,mc.rpart_UNDERT,rpart,UNDERT,42,0.005917927653656994
DS15,mc.rpart_UNDERT,rpart,UNDERT,43,0.003530374798579008
DS15,mc.rpart_UNDERT,rpart,UNDERT,44,0.005337889500176427
DS15,mc.rpart_UNDERT,rpart,UNDERT,45,0.008417047404111979
DS15,mc.rpart_UNDERT,rpart,UNDERT,46,0.009473388340208111
DS15,mc.rpart_UNDERT,rpart,UNDERT,47,0.007159183606719069
DS15,mc.rpart_UNDERT,rpart,UNDERT,48,0.009023461669209736
DS15,mc.rpart_UNDERT,rpart,UNDERT,49,0.006055260735304387
DS15,mc.rpart_UNDERT,rpart,UNDERT,50,0.006099964956329126
DS15,mc.rpart,rpart,baseline,1,0.01451730586796278
DS15,mc.rpart,rpart,baseline,2,0.012028789882791973
DS15,mc.rpart,rpart,baseline,3,0.012990045227432065
DS15,mc.rpart,rpart,baseline,4,0.013881517519232084
DS15,mc.rpart,rpart,baseline,5,0.011920341678634368
DS15,mc.rpart,rpart,baseline,6,0.010456652835881272
DS15,mc.rpart,rpart,baseline,7,0.019168070706723574
DS15,mc.rpart,rpart,baseline,8,0.018954762932706235
DS15,mc.rpart,rpart,baseline,9,0.01956222245758036
DS15,mc.rpart,rpart,baseline,10,0.02000259333598414
DS15,mc.rpart,rpart,baseline,11,0.01641138192186661
DS15,mc.rpart,rpart,baseline,12,0.01787236397188749
DS15,mc.rpart,rpart,baseline,13,0.017911735167749496
DS15,mc.rpart,rpart,baseline,14,0.017814154909145924
DS15,mc.rpart,rpart,baseline,15,0.021476201709131747
DS15,mc.rpart,rpart,baseline,16,0.0163560044513803
DS15,mc.rpart,rpart,baseline,17,0.01629189788143391
DS15,mc.rpart,rpart,baseline,18,0.016205114048882446
DS15,mc.rpart,rpart,baseline,19,0.019086799677522037
DS15,mc.rpart,rpart,baseline,20,0.01616257099927671
DS15,mc.rpart,rpart,baseline,21,0.01616457966882316
DS15,mc.rpart,rpart,baseline,22,0.01834165673551772
DS15,mc.rpart,rpart,baseline,23,0.015664835235684165
DS15,mc.rpart,rpart,baseline,24,0.015568759203933663
DS15,mc.rpart,rpart,baseline,25,0.012985736675233514
DS15,mc.rpart,rpart,baseline,26,0.016549277171144395
DS15,mc.rpart,rpart,baseline,27,0.009667546882891533
DS15,mc.rpart,rpart,baseline,28,0.010307861224028018
DS15,mc.rpart,rpart,baseline,29,0.009149332860176199
DS15,mc.rpart,rpart,baseline,30,0.008418535453485351
DS15,mc.rpart,rpart,baseline,31,0.009227339941428297
DS15,mc.rpart,rpart,baseline,32,0.009274729660372912
DS15,mc.rpart,rpart,baseline,33,0.006457223214159267
DS15,mc.rpart,rpart,baseline,34,0.008186505994059852
DS15,mc.rpart,rpart,baseline,35,0.008526333961491056
DS15,mc.rpart,rpart,baseline,36,0.008562761797974154
DS15,mc.rpart,rpart,baseline,37,0.008519012367511085
DS15,mc.rpart,rpart,baseline,38,0.00867010437617708
DS15,mc.rpart,rpart,baseline,39,0.008819280988270346
DS15,mc.rpart,rpart,baseline,40,0.008649398141113953
DS15,mc.rpart,rpart,baseline,41,0.00799069525590081
DS15,mc.rpart,rpart,baseline,42,0.0058363239960381175
DS15,mc.rpart,rpart,baseline,43,0.005845643098105789
DS15,mc.rpart,rpart,baseline,44,0.006187199121443749
DS15,mc.rpart,rpart,baseline,45,0.006537558230242418
DS15,mc.rpart,rpart,baseline,46,0.006170504168085716
DS15,mc.rpart,rpart,baseline,47,0.005192158380021677
DS15,mc.rpart,rpart,baseline,48,0.004914694385559316
DS15,mc.rpart,rpart,baseline,49,0.0045457146173044595
DS15,mc.rpart,rpart,baseline,50,0.005264269921476967
DS15,mc.svm_OVERB,svm,OVERB,1,0.015549530532833042
DS15,mc.svm_OVERB,svm,OVERB,2,0.016642567639262605
DS15,mc.svm_OVERB,svm,OVERB,3,0.01646892713006939
DS15,mc.svm_OVERB,svm,OVERB,4,0.015225262050581726
DS15,mc.svm_OVERB,svm,OVERB,5,0.014871880288182029
DS15,mc.svm_OVERB,svm,OVERB,6,0.019385562687588773
DS15,mc.svm_OVERB,svm,OVERB,7,0.023957976123502638
DS15,mc.svm_OVERB,svm,OVERB,8,0.023009484936408732
DS15,mc.svm_OVERB,svm,OVERB,9,0.021947501439150363
DS15,mc.svm_OVERB,svm,OVERB,10,0.0231757334630208
DS15,mc.svm_OVERB,svm,OVERB,11,0.02383754193384454
DS15,mc.svm_OVERB,svm,OVERB,12,0.022198168444416053
DS15,mc.svm_OVERB,svm,OVERB,13,0.02266912654203417
DS15,mc.svm_OVERB,svm,OVERB,14,0.022417035621616833
DS15,mc.svm_OVERB,svm,OVERB,15,0.023417596923104203
DS15,mc.svm_OVERB,svm,OVERB,16,0.022123644250360515
DS15,mc.svm_OVERB,svm,OVERB,17,0.02320216776768907
DS15,mc.svm_OVERB,svm,OVERB,18,0.023563001328396782
DS15,mc.svm_OVERB,svm,OVERB,19,0.022146405541384875
DS15,mc.svm_OVERB,svm,OVERB,20,0.019514795616912314
DS15,mc.svm_OVERB,svm,OVERB,21,0.018572270883385558
DS15,mc.svm_OVERB,svm,OVERB,22,0.014769267016490867
DS15,mc.svm_OVERB,svm,OVERB,23,0.01552427855615881
DS15,mc.svm_OVERB,svm,OVERB,24,0.015190486985613844
DS15,mc.svm_OVERB,svm,OVERB,25,0.01431695017372172
DS15,mc.svm_OVERB,svm,OVERB,26,0.014467726031206794
DS15,mc.svm_OVERB,svm,OVERB,27,0.0070386674538526085
DS15,mc.svm_OVERB,svm,OVERB,28,0.008574573353267941
DS15,mc.svm_OVERB,svm,OVERB,29,0.008365484583587136
DS15,mc.svm_OVERB,svm,OVERB,30,0.007457381928621549
DS15,mc.svm_OVERB,svm,OVERB,31,0.006428163811789484
DS15,mc.svm_OVERB,svm,OVERB,32,0.006506368843352915
DS15,mc.svm_OVERB,svm,OVERB,33,0.007404323623145216
DS15,mc.svm_OVERB,svm,OVERB,34,0.006675064625849413
DS15,mc.svm_OVERB,svm,OVERB,35,0.006127249896756195
DS15,mc.svm_OVERB,svm,OVERB,36,0.00725906656886441
DS15,mc.svm_OVERB,svm,OVERB,37,0.0067775995721841885
DS15,mc.svm_OVERB,svm,OVERB,38,0.007062790387649611
DS15,mc.svm_OVERB,svm,OVERB,39,0.007325354499246274
DS15,mc.svm_OVERB,svm,OVERB,40,0.007042942292329376
DS15,mc.svm_OVERB,svm,OVERB,41,0.006767827920793681
DS15,mc.svm_OVERB,svm,OVERB,42,0.004831786394712969
DS15,mc.svm_OVERB,svm,OVERB,43,0.005060876702990763
DS15,mc.svm_OVERB,svm,OVERB,44,0.005049788000294528
DS15,mc.svm_OVERB,svm,OVERB,45,0.004938559218002035
DS15,mc.svm_OVERB,svm,OVERB,46,0.005093288221414671
DS15,mc.svm_OVERB,svm,OVERB,47,0.005033436589868738
DS15,mc.svm_OVERB,svm,OVERB,48,0.004328062699004645
DS15,mc.svm_OVERB,svm,OVERB,49,0.004536121900079753
DS15,mc.svm_OVERB,svm,OVERB,50,0.0042369673266504145
DS15,mc.svm_OVERTPhi,svm,OVERTPhi,1,0.01718822632925385
DS15,mc.svm_OVERTPhi,svm,OVERTPhi,2,0.017191670085792678
DS15,mc.svm_OVERTPhi,svm,OVERTPhi,3,0.016656280358804405
DS15,mc.svm_OVERTPhi,svm,OVERTPhi,4,0.016364612184585795
DS15,mc.svm_OVERTPhi,svm,OVERTPhi,5,0.0188943645255722
DS15,mc.svm_OVERTPhi,svm,OVERTPhi,6,0.018957812005128343
DS15,mc.svm_OVERTPhi,svm,OVERTPhi,7,0.02371678750943989
DS15,mc.svm_OVERTPhi,svm,OVERTPhi,8,0.02283006136115502
DS15,mc.svm_OVERTPhi,svm,OVERTPhi,9,0.019680103557343606
DS15,mc.svm_OVERTPhi,svm,OVERTPhi,10,0.021877659449833782
DS15,mc.svm_OVERTPhi,svm,OVERTPhi,11,0.02349232526876907
DS15,mc.svm_OVERTPhi,svm,OVERTPhi,12,0.02188977386722516
DS15,mc.svm_OVERTPhi,svm,OVERTPhi,13,0.020286222527840552
DS15,mc.svm_OVERTPhi,svm,OVERTPhi,14,0.02185776251222203
DS15,mc.svm_OVERTPhi,svm,OVERTPhi,15,0.021021392722696316
DS15,mc.svm_OVERTPhi,svm,OVERTPhi,16,0.021584054194892743
DS15,mc.svm_OVERTPhi,svm,OVERTPhi,17,0.021175984207137063
DS15,mc.svm_OVERTPhi,svm,OVERTPhi,18,0.020596211469285308
DS15,mc.svm_OVERTPhi,svm,OVERTPhi,19,0.02130108182724996
DS15,mc.svm_OVERTPhi,svm,OVERTPhi,20,0.02002263653135742
DS15,mc.svm_OVERTPhi,svm,OVERTPhi,21,0.021850453546854835
DS15,mc.svm_OVERTPhi,svm,OVERTPhi,22,0.01497634284026261
DS15,mc.svm_OVERTPhi,svm,OVERTPhi,23,0.016870377523515695
DS15,mc.svm_OVERTPhi,svm,OVERTPhi,24,0.012921072684258947
DS15,mc.svm_OVERTPhi,svm,OVERTPhi,25,0.014597272073446493
DS15,mc.svm_OVERTPhi,svm,OVERTPhi,26,0.011346442607391809
DS15,mc.svm_OVERTPhi,svm,OVERTPhi,27,0.007724196470682908
DS15,mc.svm_OVERTPhi,svm,OVERTPhi,28,0.007742393453265174
DS15,mc.svm_OVERTPhi,svm,OVERTPhi,29,0.007789543224420909
DS15,mc.svm_OVERTPhi,svm,OVERTPhi,30,0.007405551894147247
DS15,mc.svm_OVERTPhi,svm,OVERTPhi,31,0.007307476629623737
DS15,mc.svm_OVERTPhi,svm,OVERTPhi,32,0.007155772599106337
DS15,mc.svm_OVERTPhi,svm,OVERTPhi,33,0.0077951664591120115
DS15,mc.svm_OVERTPhi,svm,OVERTPhi,34,0.007081147761995973
DS15,mc.svm_OVERTPhi,svm,OVERTPhi,35,0.007192183867284104
DS15,mc.svm_OVERTPhi,svm,OVERTPhi,36,0.007798144463550242
DS15,mc.svm_OVERTPhi,svm,OVERTPhi,37,0.007425851786499864
DS15,mc.svm_OVERTPhi,svm,OVERTPhi,38,0.00792338973117731
DS15,mc.svm_OVERTPhi,svm,OVERTPhi,39,0.008178234747960127
DS15,mc.svm_OVERTPhi,svm,OVERTPhi,40,0.0073636168641272
DS15,mc.svm_OVERTPhi,svm,OVERTPhi,41,0.007386512516488393
DS15,mc.svm_OVERTPhi,svm,OVERTPhi,42,0.005006607213361564
DS15,mc.svm_OVERTPhi,svm,OVERTPhi,43,0.005246768531489957
DS15,mc.svm_OVERTPhi,svm,OVERTPhi,44,0.005290163239459047
DS15,mc.svm_OVERTPhi,svm,OVERTPhi,45,0.005089843158622487
DS15,mc.svm_OVERTPhi,svm,OVERTPhi,46,0.005080465970331678
DS15,mc.svm_OVERTPhi,svm,OVERTPhi,47,0.004674377197065982
DS15,mc.svm_OVERTPhi,svm,OVERTPhi,48,0.004844783141357173
DS15,mc.svm_OVERTPhi,svm,OVERTPhi,49,0.0047805955379321054
DS15,mc.svm_OVERTPhi,svm,OVERTPhi,50,0.004727049724884465
DS15,mc.svm_OVERT,svm,OVERT,1,0.016917931192365218
DS15,mc.svm_OVERT,svm,OVERT,2,0.01728863388851412
DS15,mc.svm_OVERT,svm,OVERT,3,0.016640923599211557
DS15,mc.svm_OVERT,svm,OVERT,4,0.016478003419163247
DS15,mc.svm_OVERT,svm,OVERT,5,0.018856733897472455
DS15,mc.svm_OVERT,svm,OVERT,6,0.019223016069372184
DS15,mc.svm_OVERT,svm,OVERT,7,0.021626262252739878
DS15,mc.svm_OVERT,svm,OVERT,8,0.023900116835047704
DS15,mc.svm_OVERT,svm,OVERT,9,0.019871434172403557
DS15,mc.svm_OVERT,svm,OVERT,10,0.02192287473041335
DS15,mc.svm_OVERT,svm,OVERT,11,0.02310071851748412
DS15,mc.svm_OVERT,svm,OVERT,12,0.021759883141667043
DS15,mc.svm_OVERT,svm,OVERT,13,0.02047469056980737
DS15,mc.svm_OVERT,svm,OVERT,14,0.021705385814275814
DS15,mc.svm_OVERT,svm,OVERT,15,0.02077793842084634
DS15,mc.svm_OVERT,svm,OVERT,16,0.021896832144235243
DS15,mc.svm_OVERT,svm,OVERT,17,0.0210380104716465
DS15,mc.svm_OVERT,svm,OVERT,18,0.020599821387851675
DS15,mc.svm_OVERT,svm,OVERT,19,0.021008028020004024
DS15,mc.svm_OVERT,svm,OVERT,20,0.02045311290044884
DS15,mc.svm_OVERT,svm,OVERT,21,0.022414543169159647
DS15,mc.svm_OVERT,svm,OVERT,22,0.014994299119372657
DS15,mc.svm_OVERT,svm,OVERT,23,0.017045341056251627
DS15,mc.svm_OVERT,svm,OVERT,24,0.012908433668540248
DS15,mc.svm_OVERT,svm,OVERT,25,0.014220466603426046
DS15,mc.svm_OVERT,svm,OVERT,26,0.011608645619598436
DS15,mc.svm_OVERT,svm,OVERT,27,0.007648526336840456
DS15,mc.svm_OVERT,svm,OVERT,28,0.0076659448752983035
DS15,mc.svm_OVERT,svm,OVERT,29,0.007949837610036217
DS15,mc.svm_OVERT,svm,OVERT,30,0.007371221217051957
DS15,mc.svm_OVERT,svm,OVERT,31,0.00734558838496235
DS15,mc.svm_OVERT,svm,OVERT,32,0.006966049957354449
DS15,mc.svm_OVERT,svm,OVERT,33,0.007799751191795223
DS15,mc.svm_OVERT,svm,OVERT,34,0.006929388511319453
DS15,mc.svm_OVERT,svm,OVERT,35,0.007266780673465731
DS15,mc.svm_OVERT,svm,OVERT,36,0.00794032403501898
DS15,mc.svm_OVERT,svm,OVERT,37,0.007436105169433429
DS15,mc.svm_OVERT,svm,OVERT,38,0.007873727082214827
DS15,mc.svm_OVERT,svm,OVERT,39,0.008182071079760692
DS15,mc.svm_OVERT,svm,OVERT,40,0.007379459358759521
DS15,mc.svm_OVERT,svm,OVERT,41,0.007258665836383054
DS15,mc.svm_OVERT,svm,OVERT,42,0.005019487914884516
DS15,mc.svm_OVERT,svm,OVERT,43,0.005423601695485648
DS15,mc.svm_OVERT,svm,OVERT,44,0.005271066242882292
DS15,mc.svm_OVERT,svm,OVERT,45,0.0051130783464086275
DS15,mc.svm_OVERT,svm,OVERT,46,0.005077480189725534
DS15,mc.svm_OVERT,svm,OVERT,47,0.004678484033707815
DS15,mc.svm_OVERT,svm,OVERT,48,0.004855636727556608
DS15,mc.svm_OVERT,svm,OVERT,49,0.004742219666550993
DS15,mc.svm_OVERT,svm,OVERT,50,0.004850555901681425
DS15,mc.svm_SMOTEB,svm,SMOTEB,1,0.019271123485165947
DS15,mc.svm_SMOTEB,svm,SMOTEB,2,0.01954025387976715
DS15,mc.svm_SMOTEB,svm,SMOTEB,3,0.020226019692943853
DS15,mc.svm_SMOTEB,svm,SMOTEB,4,0.02103648818847051
DS15,mc.svm_SMOTEB,svm,SMOTEB,5,0.026092920723017617
DS15,mc.svm_SMOTEB,svm,SMOTEB,6,0.023550015585681528
DS15,mc.svm_SMOTEB,svm,SMOTEB,7,0.02560978736372714
DS15,mc.svm_SMOTEB,svm,SMOTEB,8,0.026351544863828413
DS15,mc.svm_SMOTEB,svm,SMOTEB,9,0.02358328105907213
DS15,mc.svm_SMOTEB,svm,SMOTEB,10,0.025684429602684633
DS15,mc.svm_SMOTEB,svm,SMOTEB,11,0.02596958064657319
DS15,mc.svm_SMOTEB,svm,SMOTEB,12,0.0271142965076847
DS15,mc.svm_SMOTEB,svm,SMOTEB,13,0.023020959592359207
DS15,mc.svm_SMOTEB,svm,SMOTEB,14,0.02914542621905326
DS15,mc.svm_SMOTEB,svm,SMOTEB,15,0.027615507035965645
DS15,mc.svm_SMOTEB,svm,SMOTEB,16,0.026260617617613325
DS15,mc.svm_SMOTEB,svm,SMOTEB,17,0.02758243551057643
DS15,mc.svm_SMOTEB,svm,SMOTEB,18,0.027065606109742388
DS15,mc.svm_SMOTEB,svm,SMOTEB,19,0.026823354824491323
DS15,mc.svm_SMOTEB,svm,SMOTEB,20,0.022201085665847217
DS15,mc.svm_SMOTEB,svm,SMOTEB,21,0.018736582700238508
DS15,mc.svm_SMOTEB,svm,SMOTEB,22,0.020843455142782855
DS15,mc.svm_SMOTEB,svm,SMOTEB,23,0.015706604918760952
DS15,mc.svm_SMOTEB,svm,SMOTEB,24,0.01673272083843873
DS15,mc.svm_SMOTEB,svm,SMOTEB,25,0.020127959118685375
DS15,mc.svm_SMOTEB,svm,SMOTEB,26,0.01729565365225172
DS15,mc.svm_SMOTEB,svm,SMOTEB,27,0.011280252280697678
DS15,mc.svm_SMOTEB,svm,SMOTEB,28,0.008620689924682595
DS15,mc.svm_SMOTEB,svm,SMOTEB,29,0.009280077562456952
DS15,mc.svm_SMOTEB,svm,SMOTEB,30,0.011572061811674143
DS15,mc.svm_SMOTEB,svm,SMOTEB,31,0.00871162537818263
DS15,mc.svm_SMOTEB,svm,SMOTEB,32,0.00862501432871545
DS15,mc.svm_SMOTEB,svm,SMOTEB,33,0.011121281496894626
DS15,mc.svm_SMOTEB,svm,SMOTEB,34,0.010130117779371027
DS15,mc.svm_SMOTEB,svm,SMOTEB,35,0.010023500547388115
DS15,mc.svm_SMOTEB,svm,SMOTEB,36,0.010221596244738864
DS15,mc.svm_SMOTEB,svm,SMOTEB,37,0.008269776836017057
DS15,mc.svm_SMOTEB,svm,SMOTEB,38,0.009187153812383648
DS15,mc.svm_SMOTEB,svm,SMOTEB,39,0.009768043316001649
DS15,mc.svm_SMOTEB,svm,SMOTEB,40,0.008536212780266646
DS15,mc.svm_SMOTEB,svm,SMOTEB,41,0.009193655130908984
DS15,mc.svm_SMOTEB,svm,SMOTEB,42,0.005818085588047046
DS15,mc.svm_SMOTEB,svm,SMOTEB,43,0.005263257144152572
DS15,mc.svm_SMOTEB,svm,SMOTEB,44,0.0067533761942045285
DS15,mc.svm_SMOTEB,svm,SMOTEB,45,0.0063018222576702344
DS15,mc.svm_SMOTEB,svm,SMOTEB,46,0.005942909717821859
DS15,mc.svm_SMOTEB,svm,SMOTEB,47,0.006441865928097188
DS15,mc.svm_SMOTEB,svm,SMOTEB,48,0.005317379368556459
DS15,mc.svm_SMOTEB,svm,SMOTEB,49,0.0055785429749454895
DS15,mc.svm_SMOTEB,svm,SMOTEB,50,0.00546905321123771
DS15,mc.svm_SMOTETPhi,svm,SMOTETPhi,1,0.023048251559988596
DS15,mc.svm_SMOTETPhi,svm,SMOTETPhi,2,0.02044630307799873
DS15,mc.svm_SMOTETPhi,svm,SMOTETPhi,3,0.022649501668696295
DS15,mc.svm_SMOTETPhi,svm,SMOTETPhi,4,0.020536427287172657
DS15,mc.svm_SMOTETPhi,svm,SMOTETPhi,5,0.021318022763421877
DS15,mc.svm_SMOTETPhi,svm,SMOTETPhi,6,0.026093490383677462
DS15,mc.svm_SMOTETPhi,svm,SMOTETPhi,7,0.03521729281474952
DS15,mc.svm_SMOTETPhi,svm,SMOTETPhi,8,0.03924156287481864
DS15,mc.svm_SMOTETPhi,svm,SMOTETPhi,9,0.034063294511529854
DS15,mc.svm_SMOTETPhi,svm,SMOTETPhi,10,0.028697488300639798
DS15,mc.svm_SMOTETPhi,svm,SMOTETPhi,11,0.03370068272594591
DS15,mc.svm_SMOTETPhi,svm,SMOTETPhi,12,0.033172543195871144
DS15,mc.svm_SMOTETPhi,svm,SMOTETPhi,13,0.029857678760777957
DS15,mc.svm_SMOTETPhi,svm,SMOTETPhi,14,0.030456246801047707
DS15,mc.svm_SMOTETPhi,svm,SMOTETPhi,15,0.03264413353559849
DS15,mc.svm_SMOTETPhi,svm,SMOTETPhi,16,0.034378665574417294
DS15,mc.svm_SMOTETPhi,svm,SMOTETPhi,17,0.029096013633050023
DS15,mc.svm_SMOTETPhi,svm,SMOTETPhi,18,0.031028976477281183
DS15,mc.svm_SMOTETPhi,svm,SMOTETPhi,19,0.031849737470094446
DS15,mc.svm_SMOTETPhi,svm,SMOTETPhi,20,0.022658408856892687
DS15,mc.svm_SMOTETPhi,svm,SMOTETPhi,21,0.02543505696327092
DS15,mc.svm_SMOTETPhi,svm,SMOTETPhi,22,0.021376600380772683
DS15,mc.svm_SMOTETPhi,svm,SMOTETPhi,23,0.024690132706597125
DS15,mc.svm_SMOTETPhi,svm,SMOTETPhi,24,0.023670760392209375
DS15,mc.svm_SMOTETPhi,svm,SMOTETPhi,25,0.01839313407402532
DS15,mc.svm_SMOTETPhi,svm,SMOTETPhi,26,0.017810608652437988
DS15,mc.svm_SMOTETPhi,svm,SMOTETPhi,27,0.017478660842561493
DS15,mc.svm_SMOTETPhi,svm,SMOTETPhi,28,0.015246183664479683
DS15,mc.svm_SMOTETPhi,svm,SMOTETPhi,29,0.01583427624331089
DS15,mc.svm_SMOTETPhi,svm,SMOTETPhi,30,0.01097066984151978
DS15,mc.svm_SMOTETPhi,svm,SMOTETPhi,31,0.009391676755620942
DS15,mc.svm_SMOTETPhi,svm,SMOTETPhi,32,0.009326656453478542
DS15,mc.svm_SMOTETPhi,svm,SMOTETPhi,33,0.011678491356850746
DS15,mc.svm_SMOTETPhi,svm,SMOTETPhi,34,0.009483315125558939
DS15,mc.svm_SMOTETPhi,svm,SMOTETPhi,35,0.00890284147683446
DS15,mc.svm_SMOTETPhi,svm,SMOTETPhi,36,0.008880706533691135
DS15,mc.svm_SMOTETPhi,svm,SMOTETPhi,37,0.01069349207957459
DS15,mc.svm_SMOTETPhi,svm,SMOTETPhi,38,0.00916163792720846
DS15,mc.svm_SMOTETPhi,svm,SMOTETPhi,39,0.010019209430517484
DS15,mc.svm_SMOTETPhi,svm,SMOTETPhi,40,0.009959001951974734
DS15,mc.svm_SMOTETPhi,svm,SMOTETPhi,41,0.00942715637708767
DS15,mc.svm_SMOTETPhi,svm,SMOTETPhi,42,0.006970221760174771
DS15,mc.svm_SMOTETPhi,svm,SMOTETPhi,43,0.0073565394664070385
DS15,mc.svm_SMOTETPhi,svm,SMOTETPhi,44,0.007877213218820685
DS15,mc.svm_SMOTETPhi,svm,SMOTETPhi,45,0.006247204331643704
DS15,mc.svm_SMOTETPhi,svm,SMOTETPhi,46,0.006309106399362916
DS15,mc.svm_SMOTETPhi,svm,SMOTETPhi,47,0.0054675524967948246
DS15,mc.svm_SMOTETPhi,svm,SMOTETPhi,48,0.005100376707569644
DS15,mc.svm_SMOTETPhi,svm,SMOTETPhi,49,0.005734953470006604
DS15,mc.svm_SMOTETPhi,svm,SMOTETPhi,50,0.006290648100208915
DS15,mc.svm_SMOTET,svm,SMOTET,1,0.02221086479703619
DS15,mc.svm_SMOTET,svm,SMOTET,2,0.021278264408756367
DS15,mc.svm_SMOTET,svm,SMOTET,3,0.023029398198705673
DS15,mc.svm_SMOTET,svm,SMOTET,4,0.02507931902900318
DS15,mc.svm_SMOTET,svm,SMOTET,5,0.022171585945741056
DS15,mc.svm_SMOTET,svm,SMOTET,6,0.026813319199915496
DS15,mc.svm_SMOTET,svm,SMOTET,7,0.031170825892634656
DS15,mc.svm_SMOTET,svm,SMOTET,8,0.03949803348691385
DS15,mc.svm_SMOTET,svm,SMOTET,9,0.03386393734690615
DS15,mc.svm_SMOTET,svm,SMOTET,10,0.03270217932609529
DS15,mc.svm_SMOTET,svm,SMOTET,11,0.03924900238606866
DS15,mc.svm_SMOTET,svm,SMOTET,12,0.03331485090400925
DS15,mc.svm_SMOTET,svm,SMOTET,13,0.03174993501758141
DS15,mc.svm_SMOTET,svm,SMOTET,14,0.031499352617194845
DS15,mc.svm_SMOTET,svm,SMOTET,15,0.03360470113473327
DS15,mc.svm_SMOTET,svm,SMOTET,16,0.03688518702018946
DS15,mc.svm_SMOTET,svm,SMOTET,17,0.03413285388777376
DS15,mc.svm_SMOTET,svm,SMOTET,18,0.03593103793234385
DS15,mc.svm_SMOTET,svm,SMOTET,19,0.029032376321717752
DS15,mc.svm_SMOTET,svm,SMOTET,20,0.03125530140272612
DS15,mc.svm_SMOTET,svm,SMOTET,21,0.024869973646139885
DS15,mc.svm_SMOTET,svm,SMOTET,22,0.022910515775754967
DS15,mc.svm_SMOTET,svm,SMOTET,23,0.022710392716576475
DS15,mc.svm_SMOTET,svm,SMOTET,24,0.026551318275600533
DS15,mc.svm_SMOTET,svm,SMOTET,25,0.0172330096233142
DS15,mc.svm_SMOTET,svm,SMOTET,26,0.019490381754882973
DS15,mc.svm_SMOTET,svm,SMOTET,27,0.015660111550489967
DS15,mc.svm_SMOTET,svm,SMOTET,28,0.013799540429145425
DS15,mc.svm_SMOTET,svm,SMOTET,29,0.015169779203350489
DS15,mc.svm_SMOTET,svm,SMOTET,30,0.007701893263910523
DS15,mc.svm_SMOTET,svm,SMOTET,31,0.008961747989740022
DS15,mc.svm_SMOTET,svm,SMOTET,32,0.008682593890716399
DS15,mc.svm_SMOTET,svm,SMOTET,33,0.00939794183606296
DS15,mc.svm_SMOTET,svm,SMOTET,34,0.008523106289922408
DS15,mc.svm_SMOTET,svm,SMOTET,35,0.00850851180569637
DS15,mc.svm_SMOTET,svm,SMOTET,36,0.007758791934490056
DS15,mc.svm_SMOTET,svm,SMOTET,37,0.007763005838290286
DS15,mc.svm_SMOTET,svm,SMOTET,38,0.00899027952740213
DS15,mc.svm_SMOTET,svm,SMOTET,39,0.008295267358187749
DS15,mc.svm_SMOTET,svm,SMOTET,40,0.008774038357483104
DS15,mc.svm_SMOTET,svm,SMOTET,41,0.008560099981481557
DS15,mc.svm_SMOTET,svm,SMOTET,42,0.005860942108710994
DS15,mc.svm_SMOTET,svm,SMOTET,43,0.006783052097854378
DS15,mc.svm_SMOTET,svm,SMOTET,44,0.005839162609739597
DS15,mc.svm_SMOTET,svm,SMOTET,45,0.00662754979928293
DS15,mc.svm_SMOTET,svm,SMOTET,46,0.005923310847831509
DS15,mc.svm_SMOTET,svm,SMOTET,47,0.005511780338160049
DS15,mc.svm_SMOTET,svm,SMOTET,48,0.005064172581042979
DS15,mc.svm_SMOTET,svm,SMOTET,49,0.005731777446747353
DS15,mc.svm_SMOTET,svm,SMOTET,50,0.0050531812207735075
DS15,mc.svm_UNDERB,svm,UNDERB,1,0.018885062095948434
DS15,mc.svm_UNDERB,svm,UNDERB,2,0.014918300358701501
DS15,mc.svm_UNDERB,svm,UNDERB,3,0.013459092808791748
DS15,mc.svm_UNDERB,svm,UNDERB,4,0.013192465811638989
DS15,mc.svm_UNDERB,svm,UNDERB,5,0.01645366079876265
DS15,mc.svm_UNDERB,svm,UNDERB,6,0.018815329504875772
DS15,mc.svm_UNDERB,svm,UNDERB,7,0.02349680105111791
DS15,mc.svm_UNDERB,svm,UNDERB,8,0.025699334881711295
DS15,mc.svm_UNDERB,svm,UNDERB,9,0.023044846283706077
DS15,mc.svm_UNDERB,svm,UNDERB,10,0.02230831166641383
DS15,mc.svm_UNDERB,svm,UNDERB,11,0.021389112582242093
DS15,mc.svm_UNDERB,svm,UNDERB,12,0.022915870735104586
DS15,mc.svm_UNDERB,svm,UNDERB,13,0.02125430659731756
DS15,mc.svm_UNDERB,svm,UNDERB,14,0.02216114696753312
DS15,mc.svm_UNDERB,svm,UNDERB,15,0.032778966259238686
DS15,mc.svm_UNDERB,svm,UNDERB,16,0.02033186748671526
DS15,mc.svm_UNDERB,svm,UNDERB,17,0.018589730173985256
DS15,mc.svm_UNDERB,svm,UNDERB,18,0.02648740820203264
DS15,mc.svm_UNDERB,svm,UNDERB,19,0.0282644377882354
DS15,mc.svm_UNDERB,svm,UNDERB,20,0.021112961760003438
DS15,mc.svm_UNDERB,svm,UNDERB,21,0.02126995081227764
DS15,mc.svm_UNDERB,svm,UNDERB,22,0.01585016471648955
DS15,mc.svm_UNDERB,svm,UNDERB,23,0.012361227375838793
DS15,mc.svm_UNDERB,svm,UNDERB,24,0.013678086449072261
DS15,mc.svm_UNDERB,svm,UNDERB,25,0.013458933147097375
DS15,mc.svm_UNDERB,svm,UNDERB,26,0.012932894795873489
DS15,mc.svm_UNDERB,svm,UNDERB,27,0.013962739044583972
DS15,mc.svm_UNDERB,svm,UNDERB,28,0.009320220154906717
DS15,mc.svm_UNDERB,svm,UNDERB,29,0.010418364541368515
DS15,mc.svm_UNDERB,svm,UNDERB,30,0.0075165726941011845
DS15,mc.svm_UNDERB,svm,UNDERB,31,0.0061003839559321885
DS15,mc.svm_UNDERB,svm,UNDERB,32,0.008418632992558371
DS15,mc.svm_UNDERB,svm,UNDERB,33,0.007944687196254928
DS15,mc.svm_UNDERB,svm,UNDERB,34,0.005814385073556218
DS15,mc.svm_UNDERB,svm,UNDERB,35,0.006579287020016514
DS15,mc.svm_UNDERB,svm,UNDERB,36,0.008062913651134063
DS15,mc.svm_UNDERB,svm,UNDERB,37,0.0074992664994276426
DS15,mc.svm_UNDERB,svm,UNDERB,38,0.007200989764231722
DS15,mc.svm_UNDERB,svm,UNDERB,39,0.006307547484683084
DS15,mc.svm_UNDERB,svm,UNDERB,40,0.007075159100882482
DS15,mc.svm_UNDERB,svm,UNDERB,41,0.009356102796874512
DS15,mc.svm_UNDERB,svm,UNDERB,42,0.005306205970602015
DS15,mc.svm_UNDERB,svm,UNDERB,43,0.004345606646613339
DS15,mc.svm_UNDERB,svm,UNDERB,44,0.006361153720654591
DS15,mc.svm_UNDERB,svm,UNDERB,45,0.004402229096958391
DS15,mc.svm_UNDERB,svm,UNDERB,46,0.005101434100115854
DS15,mc.svm_UNDERB,svm,UNDERB,47,0.0063285629154349425
DS15,mc.svm_UNDERB,svm,UNDERB,48,0.004840065832500607
DS15,mc.svm_UNDERB,svm,UNDERB,49,0.006583452766457524
DS15,mc.svm_UNDERB,svm,UNDERB,50,0.004460742539431156
DS15,mc.svm_UNDERTPhi,svm,UNDERTPhi,1,0.017025221263273566
DS15,mc.svm_UNDERTPhi,svm,UNDERTPhi,2,0.017998115601975503
DS15,mc.svm_UNDERTPhi,svm,UNDERTPhi,3,0.02326525621711218
DS15,mc.svm_UNDERTPhi,svm,UNDERTPhi,4,0.021524727431141054
DS15,mc.svm_UNDERTPhi,svm,UNDERTPhi,5,0.012713953177717554
DS15,mc.svm_UNDERTPhi,svm,UNDERTPhi,6,0.02114557229555156
DS15,mc.svm_UNDERTPhi,svm,UNDERTPhi,7,0.022291840014149897
DS15,mc.svm_UNDERTPhi,svm,UNDERTPhi,8,0.02708213263625496
DS15,mc.svm_UNDERTPhi,svm,UNDERTPhi,9,0.02287434625626624
DS15,mc.svm_UNDERTPhi,svm,UNDERTPhi,10,0.023937126598978103
DS15,mc.svm_UNDERTPhi,svm,UNDERTPhi,11,0.02403130361182121
DS15,mc.svm_UNDERTPhi,svm,UNDERTPhi,12,0.02157700640761813
DS15,mc.svm_UNDERTPhi,svm,UNDERTPhi,13,0.02841931950868658
DS15,mc.svm_UNDERTPhi,svm,UNDERTPhi,14,0.02536817018229819
DS15,mc.svm_UNDERTPhi,svm,UNDERTPhi,15,0.025639093752155596
DS15,mc.svm_UNDERTPhi,svm,UNDERTPhi,16,0.018747689302787064
DS15,mc.svm_UNDERTPhi,svm,UNDERTPhi,17,0.025719965035619692
DS15,mc.svm_UNDERTPhi,svm,UNDERTPhi,18,0.0191088167418715
DS15,mc.svm_UNDERTPhi,svm,UNDERTPhi,19,0.021580052063505516
DS15,mc.svm_UNDERTPhi,svm,UNDERTPhi,20,0.025195688563408848
DS15,mc.svm_UNDERTPhi,svm,UNDERTPhi,21,0.02072234513732387
DS15,mc.svm_UNDERTPhi,svm,UNDERTPhi,22,0.021926637886622056
DS15,mc.svm_UNDERTPhi,svm,UNDERTPhi,23,0.020516675419528254
DS15,mc.svm_UNDERTPhi,svm,UNDERTPhi,24,0.013962336827565675
DS15,mc.svm_UNDERTPhi,svm,UNDERTPhi,25,0.011834244798988288
DS15,mc.svm_UNDERTPhi,svm,UNDERTPhi,26,0.010854415375000294
DS15,mc.svm_UNDERTPhi,svm,UNDERTPhi,27,0.008849511744626231
DS15,mc.svm_UNDERTPhi,svm,UNDERTPhi,28,0.011385016921308324
DS15,mc.svm_UNDERTPhi,svm,UNDERTPhi,29,0.012756118081324663
DS15,mc.svm_UNDERTPhi,svm,UNDERTPhi,30,0.00830692206256911
DS15,mc.svm_UNDERTPhi,svm,UNDERTPhi,31,0.007367350726503405
DS15,mc.svm_UNDERTPhi,svm,UNDERTPhi,32,0.008282052953438049
DS15,mc.svm_UNDERTPhi,svm,UNDERTPhi,33,0.009561889412572999
DS15,mc.svm_UNDERTPhi,svm,UNDERTPhi,34,0.007787522432402709
DS15,mc.svm_UNDERTPhi,svm,UNDERTPhi,35,0.006739398556264322
DS15,mc.svm_UNDERTPhi,svm,UNDERTPhi,36,0.008424738754640943
DS15,mc.svm_UNDERTPhi,svm,UNDERTPhi,37,0.007737374142462526
DS15,mc.svm_UNDERTPhi,svm,UNDERTPhi,38,0.009939056282678004
DS15,mc.svm_UNDERTPhi,svm,UNDERTPhi,39,0.00856660974595869
DS15,mc.svm_UNDERTPhi,svm,UNDERTPhi,40,0.007495225707846675
DS15,mc.svm_UNDERTPhi,svm,UNDERTPhi,41,0.0063606597164577155
DS15,mc.svm_UNDERTPhi,svm,UNDERTPhi,42,0.006188549378143879
DS15,mc.svm_UNDERTPhi,svm,UNDERTPhi,43,0.0054974205181999485
DS15,mc.svm_UNDERTPhi,svm,UNDERTPhi,44,0.006243290412573469
DS15,mc.svm_UNDERTPhi,svm,UNDERTPhi,45,0.0061685810628074695
DS15,mc.svm_UNDERTPhi,svm,UNDERTPhi,46,0.007432970313768345
DS15,mc.svm_UNDERTPhi,svm,UNDERTPhi,47,0.005738319716021272
DS15,mc.svm_UNDERTPhi,svm,UNDERTPhi,48,0.006434820122751787
DS15,mc.svm_UNDERTPhi,svm,UNDERTPhi,49,0.006918844697065625
DS15,mc.svm_UNDERTPhi,svm,UNDERTPhi,50,0.005770179617677732
DS15,mc.svm_UNDERT,svm,UNDERT,1,0.015018136644460972
DS15,mc.svm_UNDERT,svm,UNDERT,2,0.017081020947577873
DS15,mc.svm_UNDERT,svm,UNDERT,3,0.018715734170192115
DS15,mc.svm_UNDERT,svm,UNDERT,4,0.012599139071441282
DS15,mc.svm_UNDERT,svm,UNDERT,5,0.01913206494629555
DS15,mc.svm_UNDERT,svm,UNDERT,6,0.016339443013895852
DS15,mc.svm_UNDERT,svm,UNDERT,7,0.018325362683216273
DS15,mc.svm_UNDERT,svm,UNDERT,8,0.024211631159781963
DS15,mc.svm_UNDERT,svm,UNDERT,9,0.02314718636270946
DS15,mc.svm_UNDERT,svm,UNDERT,10,0.022131687164937762
DS15,mc.svm_UNDERT,svm,UNDERT,11,0.023531585584868425
DS15,mc.svm_UNDERT,svm,UNDERT,12,0.02520950262581373
DS15,mc.svm_UNDERT,svm,UNDERT,13,0.02921548659947362
DS15,mc.svm_UNDERT,svm,UNDERT,14,0.022447584214761975
DS15,mc.svm_UNDERT,svm,UNDERT,15,0.03282373804049276
DS15,mc.svm_UNDERT,svm,UNDERT,16,0.026718058335360957
DS15,mc.svm_UNDERT,svm,UNDERT,17,0.02978869730225908
DS15,mc.svm_UNDERT,svm,UNDERT,18,0.021442157435629574
DS15,mc.svm_UNDERT,svm,UNDERT,19,0.03224716515987164
DS15,mc.svm_UNDERT,svm,UNDERT,20,0.021665579059479776
DS15,mc.svm_UNDERT,svm,UNDERT,21,0.018519478472103064
DS15,mc.svm_UNDERT,svm,UNDERT,22,0.019283901892866565
DS15,mc.svm_UNDERT,svm,UNDERT,23,0.015774794509668382
DS15,mc.svm_UNDERT,svm,UNDERT,24,0.01597728939409549
DS15,mc.svm_UNDERT,svm,UNDERT,25,0.014948381299384212
DS15,mc.svm_UNDERT,svm,UNDERT,26,0.008421012682674232
DS15,mc.svm_UNDERT,svm,UNDERT,27,0.009936686604195773
DS15,mc.svm_UNDERT,svm,UNDERT,28,0.009269129290026929
DS15,mc.svm_UNDERT,svm,UNDERT,29,0.009006138585922543
DS15,mc.svm_UNDERT,svm,UNDERT,30,0.007240447784634907
DS15,mc.svm_UNDERT,svm,UNDERT,31,0.007414071889129797
DS15,mc.svm_UNDERT,svm,UNDERT,32,0.0071575594003498
DS15,mc.svm_UNDERT,svm,UNDERT,33,0.008164770509119929
DS15,mc.svm_UNDERT,svm,UNDERT,34,0.0069035256314320635
DS15,mc.svm_UNDERT,svm,UNDERT,35,0.0057320754568426
DS15,mc.svm_UNDERT,svm,UNDERT,36,0.007292263413078404
DS15,mc.svm_UNDERT,svm,UNDERT,37,0.007023901614809798
DS15,mc.svm_UNDERT,svm,UNDERT,38,0.0063123804288780306
DS15,mc.svm_UNDERT,svm,UNDERT,39,0.00753051959463473
DS15,mc.svm_UNDERT,svm,UNDERT,40,0.007288092786138928
DS15,mc.svm_UNDERT,svm,UNDERT,41,0.006177024685736897
DS15,mc.svm_UNDERT,svm,UNDERT,42,0.005394820598667435
DS15,mc.svm_UNDERT,svm,UNDERT,43,0.0044408676946052226
DS15,mc.svm_UNDERT,svm,UNDERT,44,0.005260256177286157
DS15,mc.svm_UNDERT,svm,UNDERT,45,0.004669069028271718
DS15,mc.svm_UNDERT,svm,UNDERT,46,0.005730981386044994
DS15,mc.svm_UNDERT,svm,UNDERT,47,0.003977353349119077
DS15,mc.svm_UNDERT,svm,UNDERT,48,0.004537524565992151
DS15,mc.svm_UNDERT,svm,UNDERT,49,0.004522574555603389
DS15,mc.svm_UNDERT,svm,UNDERT,50,0.003901996758129582
DS15,mc.svm,svm,baseline,1,0.013160940395988373
DS15,mc.svm,svm,baseline,2,0.013066925459848003
DS15,mc.svm,svm,baseline,3,0.012960992404597912
DS15,mc.svm,svm,baseline,4,0.013274358329631822
DS15,mc.svm,svm,baseline,5,0.013243746327705083
DS15,mc.svm,svm,baseline,6,0.013508132436320213
DS15,mc.svm,svm,baseline,7,0.015616817851962703
DS15,mc.svm,svm,baseline,8,0.01576160144661089
DS15,mc.svm,svm,baseline,9,0.015539741236582322
DS15,mc.svm,svm,baseline,10,0.01559266760954774
DS15,mc.svm,svm,baseline,11,0.01550221184584566
DS15,mc.svm,svm,baseline,12,0.01631499630069778
DS15,mc.svm,svm,baseline,13,0.016327960733702494
DS15,mc.svm,svm,baseline,14,0.016230313212165854
DS15,mc.svm,svm,baseline,15,0.01631749782174478
DS15,mc.svm,svm,baseline,16,0.016270918222202134
DS15,mc.svm,svm,baseline,17,0.016203069755369816
DS15,mc.svm,svm,baseline,18,0.016191727945411776
DS15,mc.svm,svm,baseline,19,0.016002420420753203
DS15,mc.svm,svm,baseline,20,0.01577854245720064
DS15,mc.svm,svm,baseline,21,0.01566847274744038
DS15,mc.svm,svm,baseline,22,0.013983982350440797
DS15,mc.svm,svm,baseline,23,0.013185619109856751
DS15,mc.svm,svm,baseline,24,0.013140713481718611
DS15,mc.svm,svm,baseline,25,0.00959390441308308
DS15,mc.svm,svm,baseline,26,0.00929124748782787
DS15,mc.svm,svm,baseline,27,0.006548464017868983
DS15,mc.svm,svm,baseline,28,0.006327277992404629
DS15,mc.svm,svm,baseline,29,0.0063136452852724494
DS15,mc.svm,svm,baseline,30,0.005522446818482384
DS15,mc.svm,svm,baseline,31,0.005476376722196413
DS15,mc.svm,svm,baseline,32,0.005292923169831445
DS15,mc.svm,svm,baseline,33,0.0056450149482649755
DS15,mc.svm,svm,baseline,34,0.005097198718421831
DS15,mc.svm,svm,baseline,35,0.005145940351501649
DS15,mc.svm,svm,baseline,36,0.005480906456195082
DS15,mc.svm,svm,baseline,37,0.005486607740862652
DS15,mc.svm,svm,baseline,38,0.005581421396013052
DS15,mc.svm,svm,baseline,39,0.005557410219205515
DS15,mc.svm,svm,baseline,40,0.005460074913928487
DS15,mc.svm,svm,baseline,41,0.0051495324740987725
DS15,mc.svm,svm,baseline,42,0.004105295945805546
DS15,mc.svm,svm,baseline,43,0.004104505108511893
DS15,mc.svm,svm,baseline,44,0.004011941480241333
DS15,mc.svm,svm,baseline,45,0.004022922061128851
DS15,mc.svm,svm,baseline,46,0.003993198214558716
DS15,mc.svm,svm,baseline,47,0.003915214469022994
DS15,mc.svm,svm,baseline,48,0.0035183014537283896
DS15,mc.svm,svm,baseline,49,0.003533034565683206
DS15,mc.svm,svm,baseline,50,0.003587389094485669
