dataset_id,workflow,model_family,strategy,iteration,sera
DS16,mc.BDES,BDES,baseline,1,0.013804909273434082
DS16,mc.BDES,BDES,baseline,2,0.013529883729823089
DS16,mc.BDES,BDES,baseline,3,0.014130160026032432
DS16,mc.BDES,BDES,baseline,4,0.014115755572407799
DS16,mc.BDES,BDES,baseline,5,0.013881503733081127
DS16,mc.BDES,BDES,baseline,6,0.014285908876925307
DS16,mc.BDES,BDES,baseline,7,0.014174111738977797
DS16,mc.BDES,BDES,baseline,8,0.014759331386455759
DS16,mc.BDES,BDES,baseline,9,0.01572183810565576
DS16,mc.BDES,BDES,baseline,10,0.015369135915892788
DS16,mc.BDES,BDES,baseline,11,0.015345910627248497
DS16,mc.BDES,BDES,baseline,12,0.014720364869610994
DS16,mc.BDES,BDES,baseline,13,0.014842790890590419
DS16,mc.BDES,BDES,baseline,14,0.014983516806853711
DS16,mc.BDES,BDES,baseline,15,0.014983947524465129
DS16,mc.BDES,BDES,baseline,16,0.015325345333013324
DS16,mc.BDES,BDES,baseline,17,0.015593876779673761
DS16,mc.BDES,BDES,baseline,18,0.015595574971055333
DS16,mc.BDES,BDES,baseline,19,0.015742711450318185
DS16,mc.BDES,BDES,baseline,20,0.015619816413507884
DS16,mc.BDES,BDES,baseline,21,0.015413127279552088
DS16,mc.BDES,BDES,baseline,22,0.014934699563098695
DS16,mc.BDES,BDES,baseline,23,0.013860240599437051
DS16,mc.BDES,BDES,baseline,24,0.013764450798563525
DS16,mc.BDES,BDES,baseline,25,0.010935699346542814
DS16,mc.BDES,BDES,baseline,26,0.010845235632233318
DS16,mc.BDES,BDES,baseline,27,0.009125761523197775
DS16,mc.BDES,BDES,baseline,28,0.008944755962352948
DS16,mc.BDES,BDES,baseline,29,0.008484725430270802
DS16,mc.BDES,BDES,baseline,30,0.00733068134198322
DS16,mc.BDES,BDES,baseline,31,0.007277651283376281
DS16,mc.BDES,BDES,baseline,32,0.007219318851285669
DS16,mc.BDES,BDES,baseline,33,0.007215494642781957
DS16,mc.BDES,BDES,baseline,34,0.007194171777614508
DS16,mc.BDES,BDES,baseline,35,0.007149387384778411
DS16,mc.BDES,BDES,baseline,36,0.007094132751442521
DS16,mc.BDES,BDES,baseline,37,0.007212511734060895
DS16,mc.BDES,BDES,baseline,38,0.007593559312259092
DS16,mc.BDES,BDES,baseline,39,0.007402698544909917
DS16,mc.BDES,BDES,baseline,40,0.007420345476660181
DS16,mc.BDES,BDES,baseline,41,0.00744342115981166
DS16,mc.BDES,BDES,baseline,42,0.00525774385449349
DS16,mc.BDES,BDES,baseline,43,0.0053438243062786
DS16,mc.BDES,BDES,baseline,44,0.005270623496486557
DS16,mc.BDES,BDES,baseline,45,0.005361502928027099
DS16,mc.BDES,BDES,baseline,46,0.005258580504419874
DS16,mc.BDES,BDES,baseline,47,0.005453608675616247
DS16,mc.BDES,BDES,baseline,48,0.005174441717215125
DS16,mc.BDES,BDES,baseline,49,0.005179151133973904
DS16,mc.BDES,BDES,baseline,50,0.005199526847755074
DS16,mc.arima,arima,baseline,1,0.013545566069393597
DS16,mc.arima,arima,baseline,2,0.013243570452055233
DS16,mc.arima,arima,baseline,3,0.01365201078170182
DS16,mc.arima,arima,baseline,4,0.013650770082259737
DS16,mc.arima,arima,baseline,5,0.014880788883259569
DS16,mc.arima,arima,baseline,6,0.01395192638569491
DS16,mc.arima,arima,baseline,7,0.014104026010843575
DS16,mc.arima,arima,baseline,8,0.015186761418279944
DS16,mc.arima,arima,baseline,9,0.01573048371063818
DS16,mc.arima,arima,baseline,10,0.01714559979534995
DS16,mc.arima,arima,baseline,11,0.016321520574165523
DS16,mc.arima,arima,baseline,12,0.015989605990604536
DS16,mc.arima,arima,baseline,13,0.016002716892066338
DS16,mc.arima,arima,baseline,14,0.01613122084462867
DS16,mc.arima,arima,baseline,15,0.01618042171253151
DS16,mc.arima,arima,baseline,16,0.0165873060595964
DS16,mc.arima,arima,baseline,17,0.01678709577677017
DS16,mc.arima,arima,baseline,18,0.017982652879767257
DS16,mc.arima,arima,baseline,19,0.017305133278906676
DS16,mc.arima,arima,baseline,20,0.016731090370010675
DS16,mc.arima,arima,baseline,21,0.016678906597028035
DS16,mc.arima,arima,baseline,22,0.01604349059499894
DS16,mc.arima,arima,baseline,23,0.014956900980760976
DS16,mc.arima,arima,baseline,24,0.015122445815582104
DS16,mc.arima,arima,baseline,25,0.012499130832180745
DS16,mc.arima,arima,baseline,26,0.012410948992613025
DS16,mc.arima,arima,baseline,27,0.010348940972965973
DS16,mc.arima,arima,baseline,28,0.009673498331616511
DS16,mc.arima,arima,baseline,29,0.009446826018322328
DS16,mc.arima,arima,baseline,30,0.009697840424317369
DS16,mc.arima,arima,baseline,31,0.008507634941265937
DS16,mc.arima,arima,baseline,32,0.00848008429530717
DS16,mc.arima,arima,baseline,33,0.008358330292053143
DS16,mc.arima,arima,baseline,34,0.00826105422558872
DS16,mc.arima,arima,baseline,35,0.008248022314600182
DS16,mc.arima,arima,baseline,36,0.008255199099866127
DS16,mc.arima,arima,baseline,37,0.00831106785734662
DS16,mc.arima,arima,baseline,38,0.008570535598048063
DS16,mc.arima,arima,baseline,39,0.008512065247506112
DS16,mc.arima,arima,baseline,40,0.008300945495366556
DS16,mc.arima,arima,baseline,41,0.008319985034094863
DS16,mc.arima,arima,baseline,42,0.006172543768224343
DS16,mc.arima,arima,baseline,43,0.006184402023473421
DS16,mc.arima,arima,baseline,44,0.005996951271354845
DS16,mc.arima,arima,baseline,45,0.006003851599110667
DS16,mc.arima,arima,baseline,46,0.005997526927600992
DS16,mc.arima,arima,baseline,47,0.006169821140346859
DS16,mc.arima,arima,baseline,48,0.005913244822712577
DS16,mc.arima,arima,baseline,49,0.005918195571063434
DS16,mc.arima,arima,baseline,50,0.005979663370450525
DS16,mc.lm_OVERB,lm,OVERB,1,0.016796262088470307
DS16,mc.lm_OVERB,lm,OVERB,2,0.015877412492006485
DS16,mc.lm_OVERB,lm,OVERB,3,0.01626349209223279
DS16,mc.lm_OVERB,lm,OVERB,4,0.01577810409232298
DS16,mc.lm_OVERB,lm,OVERB,5,0.016580255304465948
DS16,mc.lm_OVERB,lm,OVERB,6,0.017722529952215984
DS16,mc.lm_OVERB,lm,OVERB,7,0.018697971679595634
DS16,mc.lm_OVERB,lm,OVERB,8,0.02001496380422372
DS16,mc.lm_OVERB,lm,OVERB,9,0.019341589709827505
DS16,mc.lm_OVERB,lm,OVERB,10,0.019745540732604545
DS16,mc.lm_OVERB,lm,OVERB,11,0.020485176650773932
DS16,mc.lm_OVERB,lm,OVERB,12,0.019109007442082403
DS16,mc.lm_OVERB,lm,OVERB,13,0.020235088352546317
DS16,mc.lm_OVERB,lm,OVERB,14,0.020718048086722354
DS16,mc.lm_OVERB,lm,OVERB,15,0.020876979076649094
DS16,mc.lm_OVERB,lm,OVERB,16,0.021486143092218236
DS16,mc.lm_OVERB,lm,OVERB,17,0.021096003842128654
DS16,mc.lm_OVERB,lm,OVERB,18,0.02156186268007493
DS16,mc.lm_OVERB,lm,OVERB,19,0.025389067143649
DS16,mc.lm_OVERB,lm,OVERB,20,0.02397947066435672
DS16,mc.lm_OVERB,lm,OVERB,21,0.02463279022081906
DS16,mc.lm_OVERB,lm,OVERB,22,0.021907634521034086
DS16,mc.lm_OVERB,lm,OVERB,23,0.021594509496787432
DS16,mc.lm_OVERB,lm,OVERB,24,0.019697405963392506
DS16,mc.lm_OVERB,lm,OVERB,25,0.02205668115230233
DS16,mc.lm_OVERB,lm,OVERB,26,0.021017250571576086
DS16,mc.lm_OVERB,lm,OVERB,27,0.012698394510285758
DS16,mc.lm_OVERB,lm,OVERB,28,0.012882863526141645
DS16,mc.lm_OVERB,lm,OVERB,29,0.011938493426791529
DS16,mc.lm_OVERB,lm,OVERB,30,0.011754205249254324
DS16,mc.lm_OVERB,lm,OVERB,31,0.011169071242667278
DS16,mc.lm_OVERB,lm,OVERB,32,0.010815761152381479
DS16,mc.lm_OVERB,lm,OVERB,33,0.011512275500199835
DS16,mc.lm_OVERB,lm,OVERB,34,0.011181126994625746
DS16,mc.lm_OVERB,lm,OVERB,35,0.011965959741086623
DS16,mc.lm_OVERB,lm,OVERB,36,0.011862869104801811
DS16,mc.lm_OVERB,lm,OVERB,37,0.010591162138664893
DS16,mc.lm_OVERB,lm,OVERB,38,0.012469549130533825
DS16,mc.lm_OVERB,lm,OVERB,39,0.011616053847221905
DS16,mc.lm_OVERB,lm,OVERB,40,0.01147199554686575
DS16,mc.lm_OVERB,lm,OVERB,41,0.011294247482667205
DS16,mc.lm_OVERB,lm,OVERB,42,0.009361249508319722
DS16,mc.lm_OVERB,lm,OVERB,43,0.009268858781135347
DS16,mc.lm_OVERB,lm,OVERB,44,0.00875095066610157
DS16,mc.lm_OVERB,lm,OVERB,45,0.008533046206277213
DS16,mc.lm_OVERB,lm,OVERB,46,0.008749372743803892
DS16,mc.lm_OVERB,lm,OVERB,47,0.008454678431196311
DS16,mc.lm_OVERB,lm,OVERB,48,0.00823346215345135
DS16,mc.lm_OVERB,lm,OVERB,49,0.008516925621556147
DS16,mc.lm_OVERB,lm,OVERB,50,0.008578883193805575
DS16,mc.lm_OVERTPhi,lm,OVERTPhi,1,0.01755049877993032
DS16,mc.lm_OVERTPhi,lm,OVERTPhi,2,0.017349350212800305
DS16,mc.lm_OVERTPhi,lm,OVERTPhi,3,0.016257786081977477
DS16,mc.lm_OVERTPhi,lm,OVERTPhi,4,0.01653467266671957
DS16,mc.lm_OVERTPhi,lm,OVERTPhi,5,0.018348304824898045
DS16,mc.lm_OVERTPhi,lm,OVERTPhi,6,0.018426886051128934
DS16,mc.lm_OVERTPhi,lm,OVERTPhi,7,0.019041298256544003
DS16,mc.lm_OVERTPhi,lm,OVERTPhi,8,0.020908204678714504
DS16,mc.lm_OVERTPhi,lm,OVERTPhi,9,0.020163901677070523
DS16,mc.lm_OVERTPhi,lm,OVERTPhi,10,0.02118219980324972
DS16,mc.lm_OVERTPhi,lm,OVERTPhi,11,0.023121550283977534
DS16,mc.lm_OVERTPhi,lm,OVERTPhi,12,0.022768407907141762
DS16,mc.lm_OVERTPhi,lm,OVERTPhi,13,0.02301523453795444
DS16,mc.lm_OVERTPhi,lm,OVERTPhi,14,0.022437282360991035
DS16,mc.lm_OVERTPhi,lm,OVERTPhi,15,0.023755191353163074
DS16,mc.lm_OVERTPhi,lm,OVERTPhi,16,0.02308468615054254
DS16,mc.lm_OVERTPhi,lm,OVERTPhi,17,0.023885768779066344
DS16,mc.lm_OVERTPhi,lm,OVERTPhi,18,0.024931583730480517
DS16,mc.lm_OVERTPhi,lm,OVERTPhi,19,0.025493405844174533
DS16,mc.lm_OVERTPhi,lm,OVERTPhi,20,0.023961971159825086
DS16,mc.lm_OVERTPhi,lm,OVERTPhi,21,0.024812514076156946
DS16,mc.lm_OVERTPhi,lm,OVERTPhi,22,0.02027682430207077
DS16,mc.lm_OVERTPhi,lm,OVERTPhi,23,0.018972131056529378
DS16,mc.lm_OVERTPhi,lm,OVERTPhi,24,0.01794672129820498
DS16,mc.lm_OVERTPhi,lm,OVERTPhi,25,0.02248014179979649
DS16,mc.lm_OVERTPhi,lm,OVERTPhi,26,0.01949000517374198
DS16,mc.lm_OVERTPhi,lm,OVERTPhi,27,0.013818844243941817
DS16,mc.lm_OVERTPhi,lm,OVERTPhi,28,0.0123703642436527
DS16,mc.lm_OVERTPhi,lm,OVERTPhi,29,0.012809949963564961
DS16,mc.lm_OVERTPhi,lm,OVERTPhi,30,0.012537673086343473
DS16,mc.lm_OVERTPhi,lm,OVERTPhi,31,0.012610179064918965
DS16,mc.lm_OVERTPhi,lm,OVERTPhi,32,0.013343013189175267
DS16,mc.lm_OVERTPhi,lm,OVERTPhi,33,0.012437365822439374
DS16,mc.lm_OVERTPhi,lm,OVERTPhi,34,0.01244647921290835
DS16,mc.lm_OVERTPhi,lm,OVERTPhi,35,0.012552446992809496
DS16,mc.lm_OVERTPhi,lm,OVERTPhi,36,0.013082760771673679
DS16,mc.lm_OVERTPhi,lm,OVERTPhi,37,0.012804076352246934
DS16,mc.lm_OVERTPhi,lm,OVERTPhi,38,0.012919108967629912
DS16,mc.lm_OVERTPhi,lm,OVERTPhi,39,0.013734801984592565
DS16,mc.lm_OVERTPhi,lm,OVERTPhi,40,0.013352743854754118
DS16,mc.lm_OVERTPhi,lm,OVERTPhi,41,0.013706375031184001
DS16,mc.lm_OVERTPhi,lm,OVERTPhi,42,0.009816300719166997
DS16,mc.lm_OVERTPhi,lm,OVERTPhi,43,0.01006113511536091
DS16,mc.lm_OVERTPhi,lm,OVERTPhi,44,0.00911940341634417
DS16,mc.lm_OVERTPhi,lm,OVERTPhi,45,0.009472624294774948
DS16,mc.lm_OVERTPhi,lm,OVERTPhi,46,0.009191420714452402
DS16,mc.lm_OVERTPhi,lm,OVERTPhi,47,0.009674810786924212
DS16,mc.lm_OVERTPhi,lm,OVERTPhi,48,0.009333196999617788
DS16,mc.lm_OVERTPhi,lm,OVERTPhi,49,0.009446048642999512
DS16,mc.lm_OVERTPhi,lm,OVERTPhi,50,0.009791933523111106
DS16,mc.lm_OVERT,lm,OVERT,1,0.017656269326558546
DS16,mc.lm_OVERT,lm,OVERT,2,0.017299432565651418
DS16,mc.lm_OVERT,lm,OVERT,3,0.016282343457994487
DS16,mc.lm_OVERT,lm,OVERT,4,0.016536509536950194
DS16,mc.lm_OVERT,lm,OVERT,5,0.018212503274336878
DS16,mc.lm_OVERT,lm,OVERT,6,0.018158068560492544
DS16,mc.lm_OVERT,lm,OVERT,7,0.019057090844762238
DS16,mc.lm_OVERT,lm,OVERT,8,0.021013328629378186
DS16,mc.lm_OVERT,lm,OVERT,9,0.020047519914001114
DS16,mc.lm_OVERT,lm,OVERT,10,0.021213175903041417
DS16,mc.lm_OVERT,lm,OVERT,11,0.023127393046701295
DS16,mc.lm_OVERT,lm,OVERT,12,0.02250520573810113
DS16,mc.lm_OVERT,lm,OVERT,13,0.02294758834429748
DS16,mc.lm_OVERT,lm,OVERT,14,0.02247944501220355
DS16,mc.lm_OVERT,lm,OVERT,15,0.02340150001231029
DS16,mc.lm_OVERT,lm,OVERT,16,0.022892694224079246
DS16,mc.lm_OVERT,lm,OVERT,17,0.02353081137046388
DS16,mc.lm_OVERT,lm,OVERT,18,0.024827040803198964
DS16,mc.lm_OVERT,lm,OVERT,19,0.024985863222279223
DS16,mc.lm_OVERT,lm,OVERT,20,0.023971737218867632
DS16,mc.lm_OVERT,lm,OVERT,21,0.024637650055263836
DS16,mc.lm_OVERT,lm,OVERT,22,0.020359307190598065
DS16,mc.lm_OVERT,lm,OVERT,23,0.01906589003998194
DS16,mc.lm_OVERT,lm,OVERT,24,0.017927004037103164
DS16,mc.lm_OVERT,lm,OVERT,25,0.022239845512233306
DS16,mc.lm_OVERT,lm,OVERT,26,0.0192912851259033
DS16,mc.lm_OVERT,lm,OVERT,27,0.013837817589009638
DS16,mc.lm_OVERT,lm,OVERT,28,0.0123830464915783
DS16,mc.lm_OVERT,lm,OVERT,29,0.012663313929515363
DS16,mc.lm_OVERT,lm,OVERT,30,0.01238333929766246
DS16,mc.lm_OVERT,lm,OVERT,31,0.012573729554563023
DS16,mc.lm_OVERT,lm,OVERT,32,0.013396439901770625
DS16,mc.lm_OVERT,lm,OVERT,33,0.01243676444359083
DS16,mc.lm_OVERT,lm,OVERT,34,0.012428838486076527
DS16,mc.lm_OVERT,lm,OVERT,35,0.012651157281027597
DS16,mc.lm_OVERT,lm,OVERT,36,0.012909894269367731
DS16,mc.lm_OVERT,lm,OVERT,37,0.012629786157199632
DS16,mc.lm_OVERT,lm,OVERT,38,0.012841288851808769
DS16,mc.lm_OVERT,lm,OVERT,39,0.013707922216599912
DS16,mc.lm_OVERT,lm,OVERT,40,0.013434431208049949
DS16,mc.lm_OVERT,lm,OVERT,41,0.013623517705932222
DS16,mc.lm_OVERT,lm,OVERT,42,0.009862461387120299
DS16,mc.lm_OVERT,lm,OVERT,43,0.009991752353819723
DS16,mc.lm_OVERT,lm,OVERT,44,0.009178457229606543
DS16,mc.lm_OVERT,lm,OVERT,45,0.009410427185616268
DS16,mc.lm_OVERT,lm,OVERT,46,0.009231891736035003
DS16,mc.lm_OVERT,lm,OVERT,47,0.009634097579608873
DS16,mc.lm_OVERT,lm,OVERT,48,0.009330428034371945
DS16,mc.lm_OVERT,lm,OVERT,49,0.00931848306885142
DS16,mc.lm_OVERT,lm,OVERT,50,0.00969059136765071
DS16,mc.lm_SMOTEB,lm,SMOTEB,1,0.018610421898983848
DS16,mc.lm_SMOTEB,lm,SMOTEB,2,0.01722359368309545
DS16,mc.lm_SMOTEB,lm,SMOTEB,3,0.015881050691957943
DS16,mc.lm_SMOTEB,lm,SMOTEB,4,0.019210592813980104
DS16,mc.lm_SMOTEB,lm,SMOTEB,5,0.018460510540121794
DS16,mc.lm_SMOTEB,lm,SMOTEB,6,0.020916820241896315
DS16,mc.lm_SMOTEB,lm,SMOTEB,7,0.020522596578524118
DS16,mc.lm_SMOTEB,lm,SMOTEB,8,0.024322439437419633
DS16,mc.lm_SMOTEB,lm,SMOTEB,9,0.02248778721035267
DS16,mc.lm_SMOTEB,lm,SMOTEB,10,0.023965015839863487
DS16,mc.lm_SMOTEB,lm,SMOTEB,11,0.022858675905685286
DS16,mc.lm_SMOTEB,lm,SMOTEB,12,0.02380162316291357
DS16,mc.lm_SMOTEB,lm,SMOTEB,13,0.02352870407718203
DS16,mc.lm_SMOTEB,lm,SMOTEB,14,0.023892885278252254
DS16,mc.lm_SMOTEB,lm,SMOTEB,15,0.02438286230895802
DS16,mc.lm_SMOTEB,lm,SMOTEB,16,0.025063330900467033
DS16,mc.lm_SMOTEB,lm,SMOTEB,17,0.02419979984595179
DS16,mc.lm_SMOTEB,lm,SMOTEB,18,0.025989938080054117
DS16,mc.lm_SMOTEB,lm,SMOTEB,19,0.029299306467142763
DS16,mc.lm_SMOTEB,lm,SMOTEB,20,0.027066995049024174
DS16,mc.lm_SMOTEB,lm,SMOTEB,21,0.02771012336530868
DS16,mc.lm_SMOTEB,lm,SMOTEB,22,0.02328761156314124
DS16,mc.lm_SMOTEB,lm,SMOTEB,23,0.02297619204409876
DS16,mc.lm_SMOTEB,lm,SMOTEB,24,0.023959297081558844
DS16,mc.lm_SMOTEB,lm,SMOTEB,25,0.025933638514851264
DS16,mc.lm_SMOTEB,lm,SMOTEB,26,0.02456995697779031
DS16,mc.lm_SMOTEB,lm,SMOTEB,27,0.018771997469149156
DS16,mc.lm_SMOTEB,lm,SMOTEB,28,0.013808899905271163
DS16,mc.lm_SMOTEB,lm,SMOTEB,29,0.015632738754963585
DS16,mc.lm_SMOTEB,lm,SMOTEB,30,0.013035674819845737
DS16,mc.lm_SMOTEB,lm,SMOTEB,31,0.012864390877297958
DS16,mc.lm_SMOTEB,lm,SMOTEB,32,0.013742068150369581
DS16,mc.lm_SMOTEB,lm,SMOTEB,33,0.014152389807839273
DS16,mc.lm_SMOTEB,lm,SMOTEB,34,0.019000875061977368
DS16,mc.lm_SMOTEB,lm,SMOTEB,35,0.014592858956700667
DS16,mc.lm_SMOTEB,lm,SMOTEB,36,0.013211187972623994
DS16,mc.lm_SMOTEB,lm,SMOTEB,37,0.015356212120780659
DS16,mc.lm_SMOTEB,lm,SMOTEB,38,0.016383538138556454
DS16,mc.lm_SMOTEB,lm,SMOTEB,39,0.014886531288370784
DS16,mc.lm_SMOTEB,lm,SMOTEB,40,0.014616906209196479
DS16,mc.lm_SMOTEB,lm,SMOTEB,41,0.01387434779281213
DS16,mc.lm_SMOTEB,lm,SMOTEB,42,0.01079390005704816
DS16,mc.lm_SMOTEB,lm,SMOTEB,43,0.009989346096727565
DS16,mc.lm_SMOTEB,lm,SMOTEB,44,0.008826576195499907
DS16,mc.lm_SMOTEB,lm,SMOTEB,45,0.010683426555860126
DS16,mc.lm_SMOTEB,lm,SMOTEB,46,0.010315442305551007
DS16,mc.lm_SMOTEB,lm,SMOTEB,47,0.012806789021980366
DS16,mc.lm_SMOTEB,lm,SMOTEB,48,0.009392911589612831
DS16,mc.lm_SMOTEB,lm,SMOTEB,49,0.00929325694966187
DS16,mc.lm_SMOTEB,lm,SMOTEB,50,0.010084546800264056
DS16,mc.lm_SMOTETPhi,lm,SMOTETPhi,1,0.01752502563410438
DS16,mc.lm_SMOTETPhi,lm,SMOTETPhi,2,0.01888387829301949
DS16,mc.lm_SMOTETPhi,lm,SMOTETPhi,3,0.017961593094942475
DS16,mc.lm_SMOTETPhi,lm,SMOTETPhi,4,0.018916644806190666
DS16,mc.lm_SMOTETPhi,lm,SMOTETPhi,5,0.019944912620744472
DS16,mc.lm_SMOTETPhi,lm,SMOTETPhi,6,0.0206139390584656
DS16,mc.lm_SMOTETPhi,lm,SMOTETPhi,7,0.02287416800721005
DS16,mc.lm_SMOTETPhi,lm,SMOTETPhi,8,0.022075526694723832
DS16,mc.lm_SMOTETPhi,lm,SMOTETPhi,9,0.018639736584213997
DS16,mc.lm_SMOTETPhi,lm,SMOTETPhi,10,0.019056888144513024
DS16,mc.lm_SMOTETPhi,lm,SMOTETPhi,11,0.02188884176018677
DS16,mc.lm_SMOTETPhi,lm,SMOTETPhi,12,0.021276032508547184
DS16,mc.lm_SMOTETPhi,lm,SMOTETPhi,13,0.022816709676044038
DS16,mc.lm_SMOTETPhi,lm,SMOTETPhi,14,0.02369855978360465
DS16,mc.lm_SMOTETPhi,lm,SMOTETPhi,15,0.024775693489012512
DS16,mc.lm_SMOTETPhi,lm,SMOTETPhi,16,0.0243202021874699
DS16,mc.lm_SMOTETPhi,lm,SMOTETPhi,17,0.021685772646186156
DS16,mc.lm_SMOTETPhi,lm,SMOTETPhi,18,0.023596299679417652
DS16,mc.lm_SMOTETPhi,lm,SMOTETPhi,19,0.03318743928088897
DS16,mc.lm_SMOTETPhi,lm,SMOTETPhi,20,0.02937108989607904
DS16,mc.lm_SMOTETPhi,lm,SMOTETPhi,21,0.027545873572289197
DS16,mc.lm_SMOTETPhi,lm,SMOTETPhi,22,0.027796015533198878
DS16,mc.lm_SMOTETPhi,lm,SMOTETPhi,23,0.023617272053829432
DS16,mc.lm_SMOTETPhi,lm,SMOTETPhi,24,0.024612662434377677
DS16,mc.lm_SMOTETPhi,lm,SMOTETPhi,25,0.0304174356864704
DS16,mc.lm_SMOTETPhi,lm,SMOTETPhi,26,0.024073793326555987
DS16,mc.lm_SMOTETPhi,lm,SMOTETPhi,27,0.01641740373672015
DS16,mc.lm_SMOTETPhi,lm,SMOTETPhi,28,0.01791937241088488
DS16,mc.lm_SMOTETPhi,lm,SMOTETPhi,29,0.01614815389456163
DS16,mc.lm_SMOTETPhi,lm,SMOTETPhi,30,0.016393762721368853
DS16,mc.lm_SMOTETPhi,lm,SMOTETPhi,31,0.015266444287852633
DS16,mc.lm_SMOTETPhi,lm,SMOTETPhi,32,0.01916432291667055
DS16,mc.lm_SMOTETPhi,lm,SMOTETPhi,33,0.01757983348953327
DS16,mc.lm_SMOTETPhi,lm,SMOTETPhi,34,0.01566585856522339
DS16,mc.lm_SMOTETPhi,lm,SMOTETPhi,35,0.020190097370449155
DS16,mc.lm_SMOTETPhi,lm,SMOTETPhi,36,0.01756591827513675
DS16,mc.lm_SMOTETPhi,lm,SMOTETPhi,37,0.017872418052287252
DS16,mc.lm_SMOTETPhi,lm,SMOTETPhi,38,0.017038960913882413
DS16,mc.lm_SMOTETPhi,lm,SMOTETPhi,39,0.014012572505847812
DS16,mc.lm_SMOTETPhi,lm,SMOTETPhi,40,0.015353664749318319
DS16,mc.lm_SMOTETPhi,lm,SMOTETPhi,41,0.016918405286560252
DS16,mc.lm_SMOTETPhi,lm,SMOTETPhi,42,0.013853120984411773
DS16,mc.lm_SMOTETPhi,lm,SMOTETPhi,43,0.018741272433917627
DS16,mc.lm_SMOTETPhi,lm,SMOTETPhi,44,0.01088082332882839
DS16,mc.lm_SMOTETPhi,lm,SMOTETPhi,45,0.01136476663144052
DS16,mc.lm_SMOTETPhi,lm,SMOTETPhi,46,0.012772900963648685
DS16,mc.lm_SMOTETPhi,lm,SMOTETPhi,47,0.011541127818174195
DS16,mc.lm_SMOTETPhi,lm,SMOTETPhi,48,0.01079069362613208
DS16,mc.lm_SMOTETPhi,lm,SMOTETPhi,49,0.011211255520592062
DS16,mc.lm_SMOTETPhi,lm,SMOTETPhi,50,0.00986527380250142
DS16,mc.lm_SMOTET,lm,SMOTET,1,0.01995155444970104
DS16,mc.lm_SMOTET,lm,SMOTET,2,0.018032661395203542
DS16,mc.lm_SMOTET,lm,SMOTET,3,0.018342124256181685
DS16,mc.lm_SMOTET,lm,SMOTET,4,0.019191840648932902
DS16,mc.lm_SMOTET,lm,SMOTET,5,0.017695435926697714
DS16,mc.lm_SMOTET,lm,SMOTET,6,0.019317014458738957
DS16,mc.lm_SMOTET,lm,SMOTET,7,0.02103855150181272
DS16,mc.lm_SMOTET,lm,SMOTET,8,0.02225749104006467
DS16,mc.lm_SMOTET,lm,SMOTET,9,0.019157954864731493
DS16,mc.lm_SMOTET,lm,SMOTET,10,0.02114230808692032
DS16,mc.lm_SMOTET,lm,SMOTET,11,0.023529499255502472
DS16,mc.lm_SMOTET,lm,SMOTET,12,0.020081697633968533
DS16,mc.lm_SMOTET,lm,SMOTET,13,0.024282684095328067
DS16,mc.lm_SMOTET,lm,SMOTET,14,0.02157453149523909
DS16,mc.lm_SMOTET,lm,SMOTET,15,0.025198743126804358
DS16,mc.lm_SMOTET,lm,SMOTET,16,0.02367945059318444
DS16,mc.lm_SMOTET,lm,SMOTET,17,0.02155827338900895
DS16,mc.lm_SMOTET,lm,SMOTET,18,0.02340382704255356
DS16,mc.lm_SMOTET,lm,SMOTET,19,0.028552486374415573
DS16,mc.lm_SMOTET,lm,SMOTET,20,0.033865877976636476
DS16,mc.lm_SMOTET,lm,SMOTET,21,0.03092717213623739
DS16,mc.lm_SMOTET,lm,SMOTET,22,0.029120409209721688
DS16,mc.lm_SMOTET,lm,SMOTET,23,0.028243173569391287
DS16,mc.lm_SMOTET,lm,SMOTET,24,0.026102427298299258
DS16,mc.lm_SMOTET,lm,SMOTET,25,0.03388766632738133
DS16,mc.lm_SMOTET,lm,SMOTET,26,0.02863015617827712
DS16,mc.lm_SMOTET,lm,SMOTET,27,0.017599742608316545
DS16,mc.lm_SMOTET,lm,SMOTET,28,0.014779981950783031
DS16,mc.lm_SMOTET,lm,SMOTET,29,0.014269124788139602
DS16,mc.lm_SMOTET,lm,SMOTET,30,0.014863179970060442
DS16,mc.lm_SMOTET,lm,SMOTET,31,0.018160608555497053
DS16,mc.lm_SMOTET,lm,SMOTET,32,0.017775277265012712
DS16,mc.lm_SMOTET,lm,SMOTET,33,0.014220828575898289
DS16,mc.lm_SMOTET,lm,SMOTET,34,0.014592445255946189
DS16,mc.lm_SMOTET,lm,SMOTET,35,0.016461803237519515
DS16,mc.lm_SMOTET,lm,SMOTET,36,0.014800972740970276
DS16,mc.lm_SMOTET,lm,SMOTET,37,0.015074277024406658
DS16,mc.lm_SMOTET,lm,SMOTET,38,0.01472526753807521
DS16,mc.lm_SMOTET,lm,SMOTET,39,0.014320791692423934
DS16,mc.lm_SMOTET,lm,SMOTET,40,0.012974688994618924
DS16,mc.lm_SMOTET,lm,SMOTET,41,0.015430520844687028
DS16,mc.lm_SMOTET,lm,SMOTET,42,0.012281333145731068
DS16,mc.lm_SMOTET,lm,SMOTET,43,0.01353557713820447
DS16,mc.lm_SMOTET,lm,SMOTET,44,0.01187691256102676
DS16,mc.lm_SMOTET,lm,SMOTET,45,0.009455105589423226
DS16,mc.lm_SMOTET,lm,SMOTET,46,0.010573778614335297
DS16,mc.lm_SMOTET,lm,SMOTET,47,0.011488079141949986
DS16,mc.lm_SMOTET,lm,SMOTET,48,0.008289612113850138
DS16,mc.lm_SMOTET,lm,SMOTET,49,0.009449445979445966
DS16,mc.lm_SMOTET,lm,SMOTET,50,0.011134240210751076
DS16,mc.lm_UNDERB,lm,UNDERB,1,0.01817873963631307
DS16,mc.lm_UNDERB,lm,UNDERB,2,0.016064753209509737
DS16,mc.lm_UNDERB,lm,UNDERB,3,0.01396983498790385
DS16,mc.lm_UNDERB,lm,UNDERB,4,0.016902893319625214
DS16,mc.lm_UNDERB,lm,UNDERB,5,0.016337495568415884
DS16,mc.lm_UNDERB,lm,UNDERB,6,0.019344468043404065
DS16,mc.lm_UNDERB,lm,UNDERB,7,0.019068139242664425
DS16,mc.lm_UNDERB,lm,UNDERB,8,0.020859005392329093
DS16,mc.lm_UNDERB,lm,UNDERB,9,0.020129715496811636
DS16,mc.lm_UNDERB,lm,UNDERB,10,0.018848519369639914
DS16,mc.lm_UNDERB,lm,UNDERB,11,0.019580898153251623
DS16,mc.lm_UNDERB,lm,UNDERB,12,0.02296702811856034
DS16,mc.lm_UNDERB,lm,UNDERB,13,0.022401117787128482
DS16,mc.lm_UNDERB,lm,UNDERB,14,0.023268662399408932
DS16,mc.lm_UNDERB,lm,UNDERB,15,0.020982372768928885
DS16,mc.lm_UNDERB,lm,UNDERB,16,0.023130076843993833
DS16,mc.lm_UNDERB,lm,UNDERB,17,0.020452499357346398
DS16,mc.lm_UNDERB,lm,UNDERB,18,0.023492065206099068
DS16,mc.lm_UNDERB,lm,UNDERB,19,0.029282618135032037
DS16,mc.lm_UNDERB,lm,UNDERB,20,0.020696135145195246
DS16,mc.lm_UNDERB,lm,UNDERB,21,0.0272068308670773
DS16,mc.lm_UNDERB,lm,UNDERB,22,0.023101984745149583
DS16,mc.lm_UNDERB,lm,UNDERB,23,0.0234253255409117
DS16,mc.lm_UNDERB,lm,UNDERB,24,0.02539429596487136
DS16,mc.lm_UNDERB,lm,UNDERB,25,0.022650613076969202
DS16,mc.lm_UNDERB,lm,UNDERB,26,0.016165767135912657
DS16,mc.lm_UNDERB,lm,UNDERB,27,0.015013561090300618
DS16,mc.lm_UNDERB,lm,UNDERB,28,0.013729662867871556
DS16,mc.lm_UNDERB,lm,UNDERB,29,0.01497236400069906
DS16,mc.lm_UNDERB,lm,UNDERB,30,0.013930205330346815
DS16,mc.lm_UNDERB,lm,UNDERB,31,0.012927169623590761
DS16,mc.lm_UNDERB,lm,UNDERB,32,0.01385882632385245
DS16,mc.lm_UNDERB,lm,UNDERB,33,0.010461678189082585
DS16,mc.lm_UNDERB,lm,UNDERB,34,0.010772109354814135
DS16,mc.lm_UNDERB,lm,UNDERB,35,0.009918987281890087
DS16,mc.lm_UNDERB,lm,UNDERB,36,0.011939644666388433
DS16,mc.lm_UNDERB,lm,UNDERB,37,0.014242478975508087
DS16,mc.lm_UNDERB,lm,UNDERB,38,0.011403321898043538
DS16,mc.lm_UNDERB,lm,UNDERB,39,0.017033349710979365
DS16,mc.lm_UNDERB,lm,UNDERB,40,0.01261841571564671
DS16,mc.lm_UNDERB,lm,UNDERB,41,0.0162340494732766
DS16,mc.lm_UNDERB,lm,UNDERB,42,0.009971337398022268
DS16,mc.lm_UNDERB,lm,UNDERB,43,0.010215646201175257
DS16,mc.lm_UNDERB,lm,UNDERB,44,0.007854538255577637
DS16,mc.lm_UNDERB,lm,UNDERB,45,0.011406203419228112
DS16,mc.lm_UNDERB,lm,UNDERB,46,0.00828717710009921
DS16,mc.lm_UNDERB,lm,UNDERB,47,0.012358131029584628
DS16,mc.lm_UNDERB,lm,UNDERB,48,0.010467790722176525
DS16,mc.lm_UNDERB,lm,UNDERB,49,0.010563109246119775
DS16,mc.lm_UNDERB,lm,UNDERB,50,0.01404846591359912
DS16,mc.lm_UNDERTPhi,lm,UNDERTPhi,1,0.018217111085751112
DS16,mc.lm_UNDERTPhi,lm,UNDERTPhi,2,0.01760006428268284
DS16,mc.lm_UNDERTPhi,lm,UNDERTPhi,3,0.018480153943011272
DS16,mc.lm_UNDERTPhi,lm,UNDERTPhi,4,0.015517883838880569
DS16,mc.lm_UNDERTPhi,lm,UNDERTPhi,5,0.018298651810435163
DS16,mc.lm_UNDERTPhi,lm,UNDERTPhi,6,0.01765004999140591
DS16,mc.lm_UNDERTPhi,lm,UNDERTPhi,7,0.018408235140613734
DS16,mc.lm_UNDERTPhi,lm,UNDERTPhi,8,0.02534048917595283
DS16,mc.lm_UNDERTPhi,lm,UNDERTPhi,9,0.020803003224211004
DS16,mc.lm_UNDERTPhi,lm,UNDERTPhi,10,0.019417567878107046
DS16,mc.lm_UNDERTPhi,lm,UNDERTPhi,11,0.020359627335004803
DS16,mc.lm_UNDERTPhi,lm,UNDERTPhi,12,0.01898339682815979
DS16,mc.lm_UNDERTPhi,lm,UNDERTPhi,13,0.0241633247611376
DS16,mc.lm_UNDERTPhi,lm,UNDERTPhi,14,0.021572865446829098
DS16,mc.lm_UNDERTPhi,lm,UNDERTPhi,15,0.025590310016785616
DS16,mc.lm_UNDERTPhi,lm,UNDERTPhi,16,0.021482031540852778
DS16,mc.lm_UNDERTPhi,lm,UNDERTPhi,17,0.024872954159354265
DS16,mc.lm_UNDERTPhi,lm,UNDERTPhi,18,0.02419145180207681
DS16,mc.lm_UNDERTPhi,lm,UNDERTPhi,19,0.03194165109771652
DS16,mc.lm_UNDERTPhi,lm,UNDERTPhi,20,0.02803321357172164
DS16,mc.lm_UNDERTPhi,lm,UNDERTPhi,21,0.02450507281680036
DS16,mc.lm_UNDERTPhi,lm,UNDERTPhi,22,0.02611061429042056
DS16,mc.lm_UNDERTPhi,lm,UNDERTPhi,23,0.025611419581131875
DS16,mc.lm_UNDERTPhi,lm,UNDERTPhi,24,0.017741489751819894
DS16,mc.lm_UNDERTPhi,lm,UNDERTPhi,25,0.022403715875286476
DS16,mc.lm_UNDERTPhi,lm,UNDERTPhi,26,0.01861066858937601
DS16,mc.lm_UNDERTPhi,lm,UNDERTPhi,27,0.015377701033365887
DS16,mc.lm_UNDERTPhi,lm,UNDERTPhi,28,0.013664378882194798
DS16,mc.lm_UNDERTPhi,lm,UNDERTPhi,29,0.013269819124965453
DS16,mc.lm_UNDERTPhi,lm,UNDERTPhi,30,0.015561878348796172
DS16,mc.lm_UNDERTPhi,lm,UNDERTPhi,31,0.01639869625591918
DS16,mc.lm_UNDERTPhi,lm,UNDERTPhi,32,0.012645737231550498
DS16,mc.lm_UNDERTPhi,lm,UNDERTPhi,33,0.016006968982413376
DS16,mc.lm_UNDERTPhi,lm,UNDERTPhi,34,0.022944360433039872
DS16,mc.lm_UNDERTPhi,lm,UNDERTPhi,35,0.013155488291880797
DS16,mc.lm_UNDERTPhi,lm,UNDERTPhi,36,0.020312787271735133
DS16,mc.lm_UNDERTPhi,lm,UNDERTPhi,37,0.01986339311375067
DS16,mc.lm_UNDERTPhi,lm,UNDERTPhi,38,0.017840217281566588
DS16,mc.lm_UNDERTPhi,lm,UNDERTPhi,39,0.01552188232423069
DS16,mc.lm_UNDERTPhi,lm,UNDERTPhi,40,0.017456676819461475
DS16,mc.lm_UNDERTPhi,lm,UNDERTPhi,41,0.012346306087496796
DS16,mc.lm_UNDERTPhi,lm,UNDERTPhi,42,0.011628173102036668
DS16,mc.lm_UNDERTPhi,lm,UNDERTPhi,43,0.008980316319029485
DS16,mc.lm_UNDERTPhi,lm,UNDERTPhi,44,0.01184501087746101
DS16,mc.lm_UNDERTPhi,lm,UNDERTPhi,45,0.006749526173419318
DS16,mc.lm_UNDERTPhi,lm,UNDERTPhi,46,0.008681942801382816
DS16,mc.lm_UNDERTPhi,lm,UNDERTPhi,47,0.010639297789661616
DS16,mc.lm_UNDERTPhi,lm,UNDERTPhi,48,0.01055047225950746
DS16,mc.lm_UNDERTPhi,lm,UNDERTPhi,49,0.00883017779133483
DS16,mc.lm_UNDERTPhi,lm,UNDERTPhi,50,0.0103582047569835
DS16,mc.lm_UNDERT,lm,UNDERT,1,0.016615902163424578
DS16,mc.lm_UNDERT,lm,UNDERT,2,0.017091527079822463
DS16,mc.lm_UNDERT,lm,UNDERT,3,0.015798611356648014
DS16,mc.lm_UNDERT,lm,UNDERT,4,0.018025792149802506
DS16,mc.lm_UNDERT,lm,UNDERT,5,0.0181133917070037
DS16,mc.lm_UNDERT,lm,UNDERT,6,0.017556151058178454
DS16,mc.lm_UNDERT,lm,UNDERT,7,0.020129431569679054
DS16,mc.lm_UNDERT,lm,UNDERT,8,0.022792601963420055
DS16,mc.lm_UNDERT,lm,UNDERT,9,0.01971019856884461
DS16,mc.lm_UNDERT,lm,UNDERT,10,0.019357086293467593
DS16,mc.lm_UNDERT,lm,UNDERT,11,0.022214675577277333
DS16,mc.lm_UNDERT,lm,UNDERT,12,0.01914244686880011
DS16,mc.lm_UNDERT,lm,UNDERT,13,0.03279782831290991
DS16,mc.lm_UNDERT,lm,UNDERT,14,0.01925816498514385
DS16,mc.lm_UNDERT,lm,UNDERT,15,0.020522732821972575
DS16,mc.lm_UNDERT,lm,UNDERT,16,0.021091844750002815
DS16,mc.lm_UNDERT,lm,UNDERT,17,0.02336893917585446
DS16,mc.lm_UNDERT,lm,UNDERT,18,0.022494566152728074
DS16,mc.lm_UNDERT,lm,UNDERT,19,0.027710982022791483
DS16,mc.lm_UNDERT,lm,UNDERT,20,0.030886048290886186
DS16,mc.lm_UNDERT,lm,UNDERT,21,0.030366257225844105
DS16,mc.lm_UNDERT,lm,UNDERT,22,0.022974571524602694
DS16,mc.lm_UNDERT,lm,UNDERT,23,0.02265298500474956
DS16,mc.lm_UNDERT,lm,UNDERT,24,0.02268109788508958
DS16,mc.lm_UNDERT,lm,UNDERT,25,0.025629472992493248
DS16,mc.lm_UNDERT,lm,UNDERT,26,0.019122810451709552
DS16,mc.lm_UNDERT,lm,UNDERT,27,0.015446056880464284
DS16,mc.lm_UNDERT,lm,UNDERT,28,0.011520488834691017
DS16,mc.lm_UNDERT,lm,UNDERT,29,0.014572706436214188
DS16,mc.lm_UNDERT,lm,UNDERT,30,0.011749276487754583
DS16,mc.lm_UNDERT,lm,UNDERT,31,0.01686028886443528
DS16,mc.lm_UNDERT,lm,UNDERT,32,0.013004266599658936
DS16,mc.lm_UNDERT,lm,UNDERT,33,0.013759664097355637
DS16,mc.lm_UNDERT,lm,UNDERT,34,0.013730739198871415
DS16,mc.lm_UNDERT,lm,UNDERT,35,0.01565777592956617
DS16,mc.lm_UNDERT,lm,UNDERT,36,0.01629590072104428
DS16,mc.lm_UNDERT,lm,UNDERT,37,0.012471504825468426
DS16,mc.lm_UNDERT,lm,UNDERT,38,0.013852031778028925
DS16,mc.lm_UNDERT,lm,UNDERT,39,0.01238447919740945
DS16,mc.lm_UNDERT,lm,UNDERT,40,0.020880568110245072
DS16,mc.lm_UNDERT,lm,UNDERT,41,0.010478461291354772
DS16,mc.lm_UNDERT,lm,UNDERT,42,0.014554945304632957
DS16,mc.lm_UNDERT,lm,UNDERT,43,0.01106830275737231
DS16,mc.lm_UNDERT,lm,UNDERT,44,0.009894816581840861
DS16,mc.lm_UNDERT,lm,UNDERT,45,0.009442238115189974
DS16,mc.lm_UNDERT,lm,UNDERT,46,0.011780380201732076
DS16,mc.lm_UNDERT,lm,UNDERT,47,0.009185078165370543
DS16,mc.lm_UNDERT,lm,UNDERT,48,0.009600747380104056
DS16,mc.lm_UNDERT,lm,UNDERT,49,0.013993993632603952
DS16,mc.lm_UNDERT,lm,UNDERT,50,0.011801973122700767
DS16,mc.lm,lm,baseline,1,0.014670742019616743
DS16,mc.lm,lm,baseline,2,0.014507845217676119
DS16,mc.lm,lm,baseline,3,0.014832553485430944
DS16,mc.lm,lm,baseline,4,0.014812681382837676
DS16,mc.lm,lm,baseline,5,0.01484199182752553
DS16,mc.lm,lm,baseline,6,0.015280658876202651
DS16,mc.lm,lm,baseline,7,0.015393819720896837
DS16,mc.lm,lm,baseline,8,0.01608216248948183
DS16,mc.lm,lm,baseline,9,0.017100697461172685
DS16,mc.lm,lm,baseline,10,0.017084262846157827
DS16,mc.lm,lm,baseline,11,0.017628154970319828
DS16,mc.lm,lm,baseline,12,0.017439814408837885
DS16,mc.lm,lm,baseline,13,0.01755355425318056
DS16,mc.lm,lm,baseline,14,0.017370132337843434
DS16,mc.lm,lm,baseline,15,0.01746717640131224
DS16,mc.lm,lm,baseline,16,0.017568002127524015
DS16,mc.lm,lm,baseline,17,0.01772593536345177
DS16,mc.lm,lm,baseline,18,0.017703717545378368
DS16,mc.lm,lm,baseline,19,0.01810550656969211
DS16,mc.lm,lm,baseline,20,0.017523234722231742
DS16,mc.lm,lm,baseline,21,0.017068474827303986
DS16,mc.lm,lm,baseline,22,0.016045355241239616
DS16,mc.lm,lm,baseline,23,0.014786722380980222
DS16,mc.lm,lm,baseline,24,0.014822265088822305
DS16,mc.lm,lm,baseline,25,0.012439149458302962
DS16,mc.lm,lm,baseline,26,0.011982687184895152
DS16,mc.lm,lm,baseline,27,0.009757484191221695
DS16,mc.lm,lm,baseline,28,0.009378336131506747
DS16,mc.lm,lm,baseline,29,0.009352934869816696
DS16,mc.lm,lm,baseline,30,0.00846913120862247
DS16,mc.lm,lm,baseline,31,0.008438067901290003
DS16,mc.lm,lm,baseline,32,0.008310640062751035
DS16,mc.lm,lm,baseline,33,0.008253765865678078
DS16,mc.lm,lm,baseline,34,0.00809759288753858
DS16,mc.lm,lm,baseline,35,0.008090714141927953
DS16,mc.lm,lm,baseline,36,0.008123246400374687
DS16,mc.lm,lm,baseline,37,0.008178794077980662
DS16,mc.lm,lm,baseline,38,0.008451870881571788
DS16,mc.lm,lm,baseline,39,0.00835142955222955
DS16,mc.lm,lm,baseline,40,0.008206971602971716
DS16,mc.lm,lm,baseline,41,0.0081011386644523
DS16,mc.lm,lm,baseline,42,0.006185817883698812
DS16,mc.lm,lm,baseline,43,0.006222727644456451
DS16,mc.lm,lm,baseline,44,0.006078711434867429
DS16,mc.lm,lm,baseline,45,0.0060808054895025365
DS16,mc.lm,lm,baseline,46,0.0060667062119104725
DS16,mc.lm,lm,baseline,47,0.006127678316653738
DS16,mc.lm,lm,baseline,48,0.005837622968245464
DS16,mc.lm,lm,baseline,49,0.005855282830727155
DS16,mc.lm,lm,baseline,50,0.005922075199733041
DS16,mc.mars_OVERB,mars,OVERB,1,0.029440076682502862
DS16,mc.mars_OVERB,mars,OVERB,2,0.02962502293658513
DS16,mc.mars_OVERB,mars,OVERB,3,0.023589270174758863
DS16,mc.mars_OVERB,mars,OVERB,4,0.03628238613656917
DS16,mc.mars_OVERB,mars,OVERB,5,0.03218644978228825
DS16,mc.mars_OVERB,mars,OVERB,6,0.0204453311669634
DS16,mc.mars_OVERB,mars,OVERB,7,0.036727015760186166
DS16,mc.mars_OVERB,mars,OVERB,8,0.03553971604712066
DS16,mc.mars_OVERB,mars,OVERB,9,0.024509748577117515
DS16,mc.mars_OVERB,mars,OVERB,10,0.028366081319270483
DS16,mc.mars_OVERB,mars,OVERB,11,0.025902836576182788
DS16,mc.mars_OVERB,mars,OVERB,12,0.02627286882810195
DS16,mc.mars_OVERB,mars,OVERB,13,0.03763071050818337
DS16,mc.mars_OVERB,mars,OVERB,14,0.024968951610469282
DS16,mc.mars_OVERB,mars,OVERB,15,0.07674998102568137
DS16,mc.mars_OVERB,mars,OVERB,16,0.04398578237848162
DS16,mc.mars_OVERB,mars,OVERB,17,0.035895656703720365
DS16,mc.mars_OVERB,mars,OVERB,18,0.0423131360856646
DS16,mc.mars_OVERB,mars,OVERB,19,0.029820193415692708
DS16,mc.mars_OVERB,mars,OVERB,20,0.036557223257087594
DS16,mc.mars_OVERB,mars,OVERB,21,0.03735001225797017
DS16,mc.mars_OVERB,mars,OVERB,22,0.11221123622245589
DS16,mc.mars_OVERB,mars,OVERB,23,0.03091082701993723
DS16,mc.mars_OVERB,mars,OVERB,24,0.030206489189274394
DS16,mc.mars_OVERB,mars,OVERB,25,0.021868179285738257
DS16,mc.mars_OVERB,mars,OVERB,26,0.022281811340138326
DS16,mc.mars_OVERB,mars,OVERB,27,0.020872615706465196
DS16,mc.mars_OVERB,mars,OVERB,28,0.017453513464328566
DS16,mc.mars_OVERB,mars,OVERB,29,0.01808160054319892
DS16,mc.mars_OVERB,mars,OVERB,30,0.010688380955492488
DS16,mc.mars_OVERB,mars,OVERB,31,0.012775879121931318
DS16,mc.mars_OVERB,mars,OVERB,32,0.008548774235633386
DS16,mc.mars_OVERB,mars,OVERB,33,0.00899002954216804
DS16,mc.mars_OVERB,mars,OVERB,34,0.009832961869527014
DS16,mc.mars_OVERB,mars,OVERB,35,0.011559667969326367
DS16,mc.mars_OVERB,mars,OVERB,36,0.012300064728715698
DS16,mc.mars_OVERB,mars,OVERB,37,0.009881995016721228
DS16,mc.mars_OVERB,mars,OVERB,38,0.009376770328192955
DS16,mc.mars_OVERB,mars,OVERB,39,0.010344462284545499
DS16,mc.mars_OVERB,mars,OVERB,40,0.011555786811665962
DS16,mc.mars_OVERB,mars,OVERB,41,0.009638803613773506
DS16,mc.mars_OVERB,mars,OVERB,42,0.008496648511730733
DS16,mc.mars_OVERB,mars,OVERB,43,0.009491535123208519
DS16,mc.mars_OVERB,mars,OVERB,44,0.008494157673049112
DS16,mc.mars_OVERB,mars,OVERB,45,0.008398977902083198
DS16,mc.mars_OVERB,mars,OVERB,46,0.0074525048771971756
DS16,mc.mars_OVERB,mars,OVERB,47,0.008056443364675729
DS16,mc.mars_OVERB,mars,OVERB,48,0.007669944185705375
DS16,mc.mars_OVERB,mars,OVERB,49,0.008177952379080842
DS16,mc.mars_OVERB,mars,OVERB,50,0.007741296745786943
DS16,mc.mars_OVERTPhi,mars,OVERTPhi,1,0.021211460350321263
DS16,mc.mars_OVERTPhi,mars,OVERTPhi,2,0.021346853039569232
DS16,mc.mars_OVERTPhi,mars,OVERTPhi,3,0.01991067874943863
DS16,mc.mars_OVERTPhi,mars,OVERTPhi,4,0.02331348654332656
DS16,mc.mars_OVERTPhi,mars,OVERTPhi,5,0.016940188298622795
DS16,mc.mars_OVERTPhi,mars,OVERTPhi,6,0.03598236020665816
DS16,mc.mars_OVERTPhi,mars,OVERTPhi,7,0.016019437629390225
DS16,mc.mars_OVERTPhi,mars,OVERTPhi,8,0.02233309362585695
DS16,mc.mars_OVERTPhi,mars,OVERTPhi,9,0.03222839511332767
DS16,mc.mars_OVERTPhi,mars,OVERTPhi,10,0.02244495336281715
DS16,mc.mars_OVERTPhi,mars,OVERTPhi,11,0.03399245082645605
DS16,mc.mars_OVERTPhi,mars,OVERTPhi,12,0.03860025267368672
DS16,mc.mars_OVERTPhi,mars,OVERTPhi,13,0.038981484991247546
DS16,mc.mars_OVERTPhi,mars,OVERTPhi,14,0.02744704280351307
DS16,mc.mars_OVERTPhi,mars,OVERTPhi,15,0.037566204656333084
DS16,mc.mars_OVERTPhi,mars,OVERTPhi,16,0.03826118664338078
DS16,mc.mars_OVERTPhi,mars,OVERTPhi,17,0.03539295616449863
DS16,mc.mars_OVERTPhi,mars,OVERTPhi,18,0.037324793836923144
DS16,mc.mars_OVERTPhi,mars,OVERTPhi,19,0.03599914760757693
DS16,mc.mars_OVERTPhi,mars,OVERTPhi,20,0.03364846076007787
DS16,mc.mars_OVERTPhi,mars,OVERTPhi,21,0.038402900438798765
DS16,mc.mars_OVERTPhi,mars,OVERTPhi,22,0.024340835325138848
DS16,mc.mars_OVERTPhi,mars,OVERTPhi,23,0.018851186833105785
DS16,mc.mars_OVERTPhi,mars,OVERTPhi,24,0.03358838322142992
DS16,mc.mars_OVERTPhi,mars,OVERTPhi,25,0.018318034367548055
DS16,mc.mars_OVERTPhi,mars,OVERTPhi,26,0.017888702567256665
DS16,mc.mars_OVERTPhi,mars,OVERTPhi,27,0.02479081935905728
DS16,mc.mars_OVERTPhi,mars,OVERTPhi,28,0.012873473760315456
DS16,mc.mars_OVERTPhi,mars,OVERTPhi,29,0.013915899524572693
DS16,mc.mars_OVERTPhi,mars,OVERTPhi,30,0.008564550127032736
DS16,mc.mars_OVERTPhi,mars,OVERTPhi,31,0.01253097931271448
DS16,mc.mars_OVERTPhi,mars,OVERTPhi,32,0.009721001113399675
DS16,mc.mars_OVERTPhi,mars,OVERTPhi,33,0.009726415471938294
DS16,mc.mars_OVERTPhi,mars,OVERTPhi,34,0.00832218190479446
DS16,mc.mars_OVERTPhi,mars,OVERTPhi,35,0.008783919731772248
DS16,mc.mars_OVERTPhi,mars,OVERTPhi,36,0.010422102168448574
DS16,mc.mars_OVERTPhi,mars,OVERTPhi,37,0.008905718963212132
DS16,mc.mars_OVERTPhi,mars,OVERTPhi,38,0.008886911253980109
DS16,mc.mars_OVERTPhi,mars,OVERTPhi,39,0.01210697404177881
DS16,mc.mars_OVERTPhi,mars,OVERTPhi,40,0.012025901199726153
DS16,mc.mars_OVERTPhi,mars,OVERTPhi,41,0.012016622989021047
DS16,mc.mars_OVERTPhi,mars,OVERTPhi,42,0.007752951106879481
DS16,mc.mars_OVERTPhi,mars,OVERTPhi,43,0.00874821902824981
DS16,mc.mars_OVERTPhi,mars,OVERTPhi,44,0.008711267608888792
DS16,mc.mars_OVERTPhi,mars,OVERTPhi,45,0.008246731770014426
DS16,mc.mars_OVERTPhi,mars,OVERTPhi,46,0.006995947251659741
DS16,mc.mars_OVERTPhi,mars,OVERTPhi,47,0.008588588636112112
DS16,mc.mars_OVERTPhi,mars,OVERTPhi,48,0.007168178185515949
DS16,mc.mars_OVERTPhi,mars,OVERTPhi,49,0.008833303712010767
DS16,mc.mars_OVERTPhi,mars,OVERTPhi,50,0.008576258453028533
DS16,mc.mars_OVERT,mars,OVERT,1,0.023752397494203673
DS16,mc.mars_OVERT,mars,OVERT,2,0.021382311165010645
DS16,mc.mars_OVERT,mars,OVERT,3,0.0163791173961221
DS16,mc.mars_OVERT,mars,OVERT,4,0.03720278169385231
DS16,mc.mars_OVERT,mars,OVERT,5,0.01701041191436059
DS16,mc.mars_OVERT,mars,OVERT,6,0.03580786437726036
DS16,mc.mars_OVERT,mars,OVERT,7,0.01850688576190686
DS16,mc.mars_OVERT,mars,OVERT,8,0.02219832940376044
DS16,mc.mars_OVERT,mars,OVERT,9,0.03212876366836702
DS16,mc.mars_OVERT,mars,OVERT,10,0.022460256484040975
DS16,mc.mars_OVERT,mars,OVERT,11,0.03179791865433213
DS16,mc.mars_OVERT,mars,OVERT,12,0.03920311253045783
DS16,mc.mars_OVERT,mars,OVERT,13,0.03994646703511154
DS16,mc.mars_OVERT,mars,OVERT,14,0.027123018210812748
DS16,mc.mars_OVERT,mars,OVERT,15,0.03444068312701789
DS16,mc.mars_OVERT,mars,OVERT,16,0.039388814847800116
DS16,mc.mars_OVERT,mars,OVERT,17,0.03540259457649693
DS16,mc.mars_OVERT,mars,OVERT,18,0.03571721600830157
DS16,mc.mars_OVERT,mars,OVERT,19,0.03562429759009657
DS16,mc.mars_OVERT,mars,OVERT,20,0.03767796233828625
DS16,mc.mars_OVERT,mars,OVERT,21,0.03843810973261637
DS16,mc.mars_OVERT,mars,OVERT,22,0.02432837555511826
DS16,mc.mars_OVERT,mars,OVERT,23,0.018850443684178042
DS16,mc.mars_OVERT,mars,OVERT,24,0.022721089731292648
DS16,mc.mars_OVERT,mars,OVERT,25,0.01836907193328367
DS16,mc.mars_OVERT,mars,OVERT,26,0.01917215769290598
DS16,mc.mars_OVERT,mars,OVERT,27,0.01717745656234685
DS16,mc.mars_OVERT,mars,OVERT,28,0.012901965746908972
DS16,mc.mars_OVERT,mars,OVERT,29,0.013919535880490542
DS16,mc.mars_OVERT,mars,OVERT,30,0.012351672915507164
DS16,mc.mars_OVERT,mars,OVERT,31,0.009840103882805495
DS16,mc.mars_OVERT,mars,OVERT,32,0.009804237486088593
DS16,mc.mars_OVERT,mars,OVERT,33,0.009732578627507722
DS16,mc.mars_OVERT,mars,OVERT,34,0.008802486937436097
DS16,mc.mars_OVERT,mars,OVERT,35,0.008810618202972955
DS16,mc.mars_OVERT,mars,OVERT,36,0.01008619339179703
DS16,mc.mars_OVERT,mars,OVERT,37,0.009216123416491116
DS16,mc.mars_OVERT,mars,OVERT,38,0.009031451187795686
DS16,mc.mars_OVERT,mars,OVERT,39,0.010088771152864072
DS16,mc.mars_OVERT,mars,OVERT,40,0.012219387402827667
DS16,mc.mars_OVERT,mars,OVERT,41,0.011975816661929881
DS16,mc.mars_OVERT,mars,OVERT,42,0.007749632082255519
DS16,mc.mars_OVERT,mars,OVERT,43,0.008194275727993396
DS16,mc.mars_OVERT,mars,OVERT,44,0.00872943689516829
DS16,mc.mars_OVERT,mars,OVERT,45,0.008972984491352958
DS16,mc.mars_OVERT,mars,OVERT,46,0.007018382108910056
DS16,mc.mars_OVERT,mars,OVERT,47,0.008509681022994119
DS16,mc.mars_OVERT,mars,OVERT,48,0.0071968681569088335
DS16,mc.mars_OVERT,mars,OVERT,49,0.00806709862031502
DS16,mc.mars_OVERT,mars,OVERT,50,0.00851475669952157
DS16,mc.mars_SMOTEB,mars,SMOTEB,1,0.043370678416049815
DS16,mc.mars_SMOTEB,mars,SMOTEB,2,0.024937167012255748
DS16,mc.mars_SMOTEB,mars,SMOTEB,3,0.04901821605326248
DS16,mc.mars_SMOTEB,mars,SMOTEB,4,0.02339548858736253
DS16,mc.mars_SMOTEB,mars,SMOTEB,5,0.025017595825213637
DS16,mc.mars_SMOTEB,mars,SMOTEB,6,0.019608661789258075
DS16,mc.mars_SMOTEB,mars,SMOTEB,7,0.036760398679053403
DS16,mc.mars_SMOTEB,mars,SMOTEB,8,0.0289142059691245
DS16,mc.mars_SMOTEB,mars,SMOTEB,9,0.02670419724424656
DS16,mc.mars_SMOTEB,mars,SMOTEB,10,0.027928044288042127
DS16,mc.mars_SMOTEB,mars,SMOTEB,11,0.029440285435121484
DS16,mc.mars_SMOTEB,mars,SMOTEB,12,0.02497942217361355
DS16,mc.mars_SMOTEB,mars,SMOTEB,13,0.057427256510918755
DS16,mc.mars_SMOTEB,mars,SMOTEB,14,0.06772376391940632
DS16,mc.mars_SMOTEB,mars,SMOTEB,15,0.036060123940132846
DS16,mc.mars_SMOTEB,mars,SMOTEB,16,0.033903825135128976
DS16,mc.mars_SMOTEB,mars,SMOTEB,17,0.0309716260787464
DS16,mc.mars_SMOTEB,mars,SMOTEB,18,0.040438011560191986
DS16,mc.mars_SMOTEB,mars,SMOTEB,19,0.03985054135516494
DS16,mc.mars_SMOTEB,mars,SMOTEB,20,0.0435724063865952
DS16,mc.mars_SMOTEB,mars,SMOTEB,21,0.030062520273777274
DS16,mc.mars_SMOTEB,mars,SMOTEB,22,0.03347575126300247
DS16,mc.mars_SMOTEB,mars,SMOTEB,23,0.03534084301183113
DS16,mc.mars_SMOTEB,mars,SMOTEB,24,0.031254379521827136
DS16,mc.mars_SMOTEB,mars,SMOTEB,25,0.04050127994142779
DS16,mc.mars_SMOTEB,mars,SMOTEB,26,0.020293921687341412
DS16,mc.mars_SMOTEB,mars,SMOTEB,27,0.019050292851943817
DS16,mc.mars_SMOTEB,mars,SMOTEB,28,0.018736937847932112
DS16,mc.mars_SMOTEB,mars,SMOTEB,29,0.012396219769880264
DS16,mc.mars_SMOTEB,mars,SMOTEB,30,0.011890818998752325
DS16,mc.mars_SMOTEB,mars,SMOTEB,31,0.01136622191389635
DS16,mc.mars_SMOTEB,mars,SMOTEB,32,0.013441032049577892
DS16,mc.mars_SMOTEB,mars,SMOTEB,33,0.017118409325905692
DS16,mc.mars_SMOTEB,mars,SMOTEB,34,0.013119379150079411
DS16,mc.mars_SMOTEB,mars,SMOTEB,35,0.010897138368532705
DS16,mc.mars_SMOTEB,mars,SMOTEB,36,0.012757800235723938
DS16,mc.mars_SMOTEB,mars,SMOTEB,37,0.017931761765994002
DS16,mc.mars_SMOTEB,mars,SMOTEB,38,0.02235351465824328
DS16,mc.mars_SMOTEB,mars,SMOTEB,39,0.011782180670174535
DS16,mc.mars_SMOTEB,mars,SMOTEB,40,0.017429596594094144
DS16,mc.mars_SMOTEB,mars,SMOTEB,41,0.013285055655894013
DS16,mc.mars_SMOTEB,mars,SMOTEB,42,0.015333205714615083
DS16,mc.mars_SMOTEB,mars,SMOTEB,43,0.009909456969513439
DS16,mc.mars_SMOTEB,mars,SMOTEB,44,0.009672217965732201
DS16,mc.mars_SMOTEB,mars,SMOTEB,45,0.009144516142825396
DS16,mc.mars_SMOTEB,mars,SMOTEB,46,0.010605795782492189
DS16,mc.mars_SMOTEB,mars,SMOTEB,47,0.013271729458004655
DS16,mc.mars_SMOTEB,mars,SMOTEB,48,0.00844272041996673
DS16,mc.mars_SMOTEB,mars,SMOTEB,49,0.009673337315423282
DS16,mc.mars_SMOTEB,mars,SMOTEB,50,0.008262827297726892
DS16,mc.mars_SMOTETPhi,mars,SMOTETPhi,1,0.02267963204844705
DS16,mc.mars_SMOTETPhi,mars,SMOTETPhi,2,0.017891471496112053
DS16,mc.mars_SMOTETPhi,mars,SMOTETPhi,3,0.032269821086977096
DS16,mc.mars_SMOTETPhi,mars,SMOTETPhi,4,0.0484627836029307
DS16,mc.mars_SMOTETPhi,mars,SMOTETPhi,5,0.021199077821777258
DS16,mc.mars_SMOTETPhi,mars,SMOTETPhi,6,0.022638928621563578
DS16,mc.mars_SMOTETPhi,mars,SMOTETPhi,7,0.03999400214878646
DS16,mc.mars_SMOTETPhi,mars,SMOTETPhi,8,0.03754988131672541
DS16,mc.mars_SMOTETPhi,mars,SMOTETPhi,9,0.027320714689428142
DS16,mc.mars_SMOTETPhi,mars,SMOTETPhi,10,0.03286961296074358
DS16,mc.mars_SMOTETPhi,mars,SMOTETPhi,11,0.05663043312104847
DS16,mc.mars_SMOTETPhi,mars,SMOTETPhi,12,0.0400730888592998
DS16,mc.mars_SMOTETPhi,mars,SMOTETPhi,13,0.031153413518842005
DS16,mc.mars_SMOTETPhi,mars,SMOTETPhi,14,0.034709493138793075
DS16,mc.mars_SMOTETPhi,mars,SMOTETPhi,15,0.03714823537382761
DS16,mc.mars_SMOTETPhi,mars,SMOTETPhi,16,0.06180830638913498
DS16,mc.mars_SMOTETPhi,mars,SMOTETPhi,17,0.03926061804476684
DS16,mc.mars_SMOTETPhi,mars,SMOTETPhi,18,0.03403368728412709
DS16,mc.mars_SMOTETPhi,mars,SMOTETPhi,19,0.03866911217453133
DS16,mc.mars_SMOTETPhi,mars,SMOTETPhi,20,0.05181038125345729
DS16,mc.mars_SMOTETPhi,mars,SMOTETPhi,21,0.04729038279272148
DS16,mc.mars_SMOTETPhi,mars,SMOTETPhi,22,0.07720972312361345
DS16,mc.mars_SMOTETPhi,mars,SMOTETPhi,23,0.03708596396795128
DS16,mc.mars_SMOTETPhi,mars,SMOTETPhi,24,0.041894874234646745
DS16,mc.mars_SMOTETPhi,mars,SMOTETPhi,25,0.030217061631269717
DS16,mc.mars_SMOTETPhi,mars,SMOTETPhi,26,0.023413743470598342
DS16,mc.mars_SMOTETPhi,mars,SMOTETPhi,27,0.031032129354834497
DS16,mc.mars_SMOTETPhi,mars,SMOTETPhi,28,0.024479637849442574
DS16,mc.mars_SMOTETPhi,mars,SMOTETPhi,29,0.02372031037821416
DS16,mc.mars_SMOTETPhi,mars,SMOTETPhi,30,0.017740890955155256
DS16,mc.mars_SMOTETPhi,mars,SMOTETPhi,31,0.01656864581607974
DS16,mc.mars_SMOTETPhi,mars,SMOTETPhi,32,0.01497630417923183
DS16,mc.mars_SMOTETPhi,mars,SMOTETPhi,33,0.01807922247874446
DS16,mc.mars_SMOTETPhi,mars,SMOTETPhi,34,0.015586442364931943
DS16,mc.mars_SMOTETPhi,mars,SMOTETPhi,35,0.021214424087624195
DS16,mc.mars_SMOTETPhi,mars,SMOTETPhi,36,0.010948930946535115
DS16,mc.mars_SMOTETPhi,mars,SMOTETPhi,37,0.01589733994651428
DS16,mc.mars_SMOTETPhi,mars,SMOTETPhi,38,0.012702885684808058
DS16,mc.mars_SMOTETPhi,mars,SMOTETPhi,39,0.013663679480778873
DS16,mc.mars_SMOTETPhi,mars,SMOTETPhi,40,0.01339505314992014
DS16,mc.mars_SMOTETPhi,mars,SMOTETPhi,41,0.016240053347168895
DS16,mc.mars_SMOTETPhi,mars,SMOTETPhi,42,0.012996696713172346
DS16,mc.mars_SMOTETPhi,mars,SMOTETPhi,43,0.009753614786753267
DS16,mc.mars_SMOTETPhi,mars,SMOTETPhi,44,0.011045407631174921
DS16,mc.mars_SMOTETPhi,mars,SMOTETPhi,45,0.010739603044820334
DS16,mc.mars_SMOTETPhi,mars,SMOTETPhi,46,0.011775148544218333
DS16,mc.mars_SMOTETPhi,mars,SMOTETPhi,47,0.012754445093140403
DS16,mc.mars_SMOTETPhi,mars,SMOTETPhi,48,0.007808615049489568
DS16,mc.mars_SMOTETPhi,mars,SMOTETPhi,49,0.011305251239081555
DS16,mc.mars_SMOTETPhi,mars,SMOTETPhi,50,0.007006439519838698
DS16,mc.mars_SMOTET,mars,SMOTET,1,0.029179222982576254
DS16,mc.mars_SMOTET,mars,SMOTET,2,0.020533165309352026
DS16,mc.mars_SMOTET,mars,SMOTET,3,0.03305285379030266
DS16,mc.mars_SMOTET,mars,SMOTET,4,0.0300358009150758
DS16,mc.mars_SMOTET,mars,SMOTET,5,0.015591398020441256
DS16,mc.mars_SMOTET,mars,SMOTET,6,0.026749577791219968
DS16,mc.mars_SMOTET,mars,SMOTET,7,0.030426776518070832
DS16,mc.mars_SMOTET,mars,SMOTET,8,0.031876421140124116
DS16,mc.mars_SMOTET,mars,SMOTET,9,0.027982142604999972
DS16,mc.mars_SMOTET,mars,SMOTET,10,0.03909272935482485
DS16,mc.mars_SMOTET,mars,SMOTET,11,0.04743949349182583
DS16,mc.mars_SMOTET,mars,SMOTET,12,0.07197881098075677
DS16,mc.mars_SMOTET,mars,SMOTET,13,0.04275628189989861
DS16,mc.mars_SMOTET,mars,SMOTET,14,0.04804872907942695
DS16,mc.mars_SMOTET,mars,SMOTET,15,0.04399801403142251
DS16,mc.mars_SMOTET,mars,SMOTET,16,0.036812452090025885
DS16,mc.mars_SMOTET,mars,SMOTET,17,0.026704248109743752
DS16,mc.mars_SMOTET,mars,SMOTET,18,0.029787176021538894
DS16,mc.mars_SMOTET,mars,SMOTET,19,0.04657314444520118
DS16,mc.mars_SMOTET,mars,SMOTET,20,0.038606026029753084
DS16,mc.mars_SMOTET,mars,SMOTET,21,0.07565476515189856
DS16,mc.mars_SMOTET,mars,SMOTET,22,0.048257293483006884
DS16,mc.mars_SMOTET,mars,SMOTET,23,0.06124969200636611
DS16,mc.mars_SMOTET,mars,SMOTET,24,0.04242578234024881
DS16,mc.mars_SMOTET,mars,SMOTET,25,0.03579344380232724
DS16,mc.mars_SMOTET,mars,SMOTET,26,0.059130479041949006
DS16,mc.mars_SMOTET,mars,SMOTET,27,0.020038779141746968
DS16,mc.mars_SMOTET,mars,SMOTET,28,0.02049067145677866
DS16,mc.mars_SMOTET,mars,SMOTET,29,0.02538419373023474
DS16,mc.mars_SMOTET,mars,SMOTET,30,0.014207195058005731
DS16,mc.mars_SMOTET,mars,SMOTET,31,0.014181862846351641
DS16,mc.mars_SMOTET,mars,SMOTET,32,0.01608376471727776
DS16,mc.mars_SMOTET,mars,SMOTET,33,0.014367353028126938
DS16,mc.mars_SMOTET,mars,SMOTET,34,0.012913757933274199
DS16,mc.mars_SMOTET,mars,SMOTET,35,0.0112319523417202
DS16,mc.mars_SMOTET,mars,SMOTET,36,0.011080999370506174
DS16,mc.mars_SMOTET,mars,SMOTET,37,0.014813827734472818
DS16,mc.mars_SMOTET,mars,SMOTET,38,0.012519436293114467
DS16,mc.mars_SMOTET,mars,SMOTET,39,0.013773698782600164
DS16,mc.mars_SMOTET,mars,SMOTET,40,0.014569527671514015
DS16,mc.mars_SMOTET,mars,SMOTET,41,0.017193839375811478
DS16,mc.mars_SMOTET,mars,SMOTET,42,0.012038796708086861
DS16,mc.mars_SMOTET,mars,SMOTET,43,0.009687495285064338
DS16,mc.mars_SMOTET,mars,SMOTET,44,0.013645420614523035
DS16,mc.mars_SMOTET,mars,SMOTET,45,0.01120314092474303
DS16,mc.mars_SMOTET,mars,SMOTET,46,0.011520511836116484
DS16,mc.mars_SMOTET,mars,SMOTET,47,0.008631433687851402
DS16,mc.mars_SMOTET,mars,SMOTET,48,0.009721932503135786
DS16,mc.mars_SMOTET,mars,SMOTET,49,0.00824801066061772
DS16,mc.mars_SMOTET,mars,SMOTET,50,0.011391310484750745
DS16,mc.mars_UNDERB,mars,UNDERB,1,0.013571027681067771
DS16,mc.mars_UNDERB,mars,UNDERB,2,0.013250891453815784
DS16,mc.mars_UNDERB,mars,UNDERB,3,0.014811302368124661
DS16,mc.mars_UNDERB,mars,UNDERB,4,0.015165186531553305
DS16,mc.mars_UNDERB,mars,UNDERB,5,0.020218625010129623
DS16,mc.mars_UNDERB,mars,UNDERB,6,0.02225719275345741
DS16,mc.mars_UNDERB,mars,UNDERB,7,0.024548471126279846
DS16,mc.mars_UNDERB,mars,UNDERB,8,0.015947927634434172
DS16,mc.mars_UNDERB,mars,UNDERB,9,0.027313387288380918
DS16,mc.mars_UNDERB,mars,UNDERB,10,0.025225254396699714
DS16,mc.mars_UNDERB,mars,UNDERB,11,0.015816483852168155
DS16,mc.mars_UNDERB,mars,UNDERB,12,0.015596589517817843
DS16,mc.mars_UNDERB,mars,UNDERB,13,0.015768727282483148
DS16,mc.mars_UNDERB,mars,UNDERB,14,0.01560042194457024
DS16,mc.mars_UNDERB,mars,UNDERB,15,0.01577504681155656
DS16,mc.mars_UNDERB,mars,UNDERB,16,0.016562827270152864
DS16,mc.mars_UNDERB,mars,UNDERB,17,0.016554546502875626
DS16,mc.mars_UNDERB,mars,UNDERB,18,0.016634019871424002
DS16,mc.mars_UNDERB,mars,UNDERB,19,0.021857253561965422
DS16,mc.mars_UNDERB,mars,UNDERB,20,0.01650218504772189
DS16,mc.mars_UNDERB,mars,UNDERB,21,0.016651055146693274
DS16,mc.mars_UNDERB,mars,UNDERB,22,0.01718498120746905
DS16,mc.mars_UNDERB,mars,UNDERB,23,0.015389443195222863
DS16,mc.mars_UNDERB,mars,UNDERB,24,0.015441957966633345
DS16,mc.mars_UNDERB,mars,UNDERB,25,0.012478533236717404
DS16,mc.mars_UNDERB,mars,UNDERB,26,0.012462498737470762
DS16,mc.mars_UNDERB,mars,UNDERB,27,0.01177929202967811
DS16,mc.mars_UNDERB,mars,UNDERB,28,0.010949562251345895
DS16,mc.mars_UNDERB,mars,UNDERB,29,0.010681994765141783
DS16,mc.mars_UNDERB,mars,UNDERB,30,0.009001934003228585
DS16,mc.mars_UNDERB,mars,UNDERB,31,0.009922044011251102
DS16,mc.mars_UNDERB,mars,UNDERB,32,0.0099333680643953
DS16,mc.mars_UNDERB,mars,UNDERB,33,0.009076840024253397
DS16,mc.mars_UNDERB,mars,UNDERB,34,0.009615732479244816
DS16,mc.mars_UNDERB,mars,UNDERB,35,0.008810381130863394
DS16,mc.mars_UNDERB,mars,UNDERB,36,0.00901987409310824
DS16,mc.mars_UNDERB,mars,UNDERB,37,0.008892846239452242
DS16,mc.mars_UNDERB,mars,UNDERB,38,0.010061554865432712
DS16,mc.mars_UNDERB,mars,UNDERB,39,0.010766739430238858
DS16,mc.mars_UNDERB,mars,UNDERB,40,0.010423777789832122
DS16,mc.mars_UNDERB,mars,UNDERB,41,0.010567083864172523
DS16,mc.mars_UNDERB,mars,UNDERB,42,0.0066574790522347825
DS16,mc.mars_UNDERB,mars,UNDERB,43,0.007267693640965568
DS16,mc.mars_UNDERB,mars,UNDERB,44,0.00650736561912984
DS16,mc.mars_UNDERB,mars,UNDERB,45,0.006616913517045959
DS16,mc.mars_UNDERB,mars,UNDERB,46,0.006578933851746046
DS16,mc.mars_UNDERB,mars,UNDERB,47,0.00659206597610517
DS16,mc.mars_UNDERB,mars,UNDERB,48,0.0068132466043892
DS16,mc.mars_UNDERB,mars,UNDERB,49,0.006751469870808968
DS16,mc.mars_UNDERB,mars,UNDERB,50,0.007098054940986259
DS16,mc.mars_UNDERTPhi,mars,UNDERTPhi,1,0.013337200460384765
DS16,mc.mars_UNDERTPhi,mars,UNDERTPhi,2,0.019382668434389357
DS16,mc.mars_UNDERTPhi,mars,UNDERTPhi,3,0.013348392348178976
DS16,mc.mars_UNDERTPhi,mars,UNDERTPhi,4,0.01586981468682527
DS16,mc.mars_UNDERTPhi,mars,UNDERTPhi,5,0.020180215947071856
DS16,mc.mars_UNDERTPhi,mars,UNDERTPhi,6,0.017274550714798057
DS16,mc.mars_UNDERTPhi,mars,UNDERTPhi,7,0.01642453912672226
DS16,mc.mars_UNDERTPhi,mars,UNDERTPhi,8,0.01891155898261772
DS16,mc.mars_UNDERTPhi,mars,UNDERTPhi,9,0.021506816092481798
DS16,mc.mars_UNDERTPhi,mars,UNDERTPhi,10,0.02331029657221679
DS16,mc.mars_UNDERTPhi,mars,UNDERTPhi,11,0.015745293587561795
DS16,mc.mars_UNDERTPhi,mars,UNDERTPhi,12,0.019756314248498576
DS16,mc.mars_UNDERTPhi,mars,UNDERTPhi,13,0.015654460925531327
DS16,mc.mars_UNDERTPhi,mars,UNDERTPhi,14,0.015616519616505424
DS16,mc.mars_UNDERTPhi,mars,UNDERTPhi,15,0.015829713216469886
DS16,mc.mars_UNDERTPhi,mars,UNDERTPhi,16,0.016495632871316557
DS16,mc.mars_UNDERTPhi,mars,UNDERTPhi,17,0.01694598682050564
DS16,mc.mars_UNDERTPhi,mars,UNDERTPhi,18,0.01736905685571458
DS16,mc.mars_UNDERTPhi,mars,UNDERTPhi,19,0.020441289972185223
DS16,mc.mars_UNDERTPhi,mars,UNDERTPhi,20,0.017655699380058232
DS16,mc.mars_UNDERTPhi,mars,UNDERTPhi,21,0.017382743393909446
DS16,mc.mars_UNDERTPhi,mars,UNDERTPhi,22,0.01819524624469062
DS16,mc.mars_UNDERTPhi,mars,UNDERTPhi,23,0.015454367114299579
DS16,mc.mars_UNDERTPhi,mars,UNDERTPhi,24,0.01543405817142792
DS16,mc.mars_UNDERTPhi,mars,UNDERTPhi,25,0.012557727008041399
DS16,mc.mars_UNDERTPhi,mars,UNDERTPhi,26,0.012527430996124122
DS16,mc.mars_UNDERTPhi,mars,UNDERTPhi,27,0.012565899527910849
DS16,mc.mars_UNDERTPhi,mars,UNDERTPhi,28,0.012098472565633359
DS16,mc.mars_UNDERTPhi,mars,UNDERTPhi,29,0.010965602320591584
DS16,mc.mars_UNDERTPhi,mars,UNDERTPhi,30,0.010604441829982637
DS16,mc.mars_UNDERTPhi,mars,UNDERTPhi,31,0.00968218348713351
DS16,mc.mars_UNDERTPhi,mars,UNDERTPhi,32,0.0100606310037278
DS16,mc.mars_UNDERTPhi,mars,UNDERTPhi,33,0.009631182104860806
DS16,mc.mars_UNDERTPhi,mars,UNDERTPhi,34,0.008768973989499171
DS16,mc.mars_UNDERTPhi,mars,UNDERTPhi,35,0.009707113463303458
DS16,mc.mars_UNDERTPhi,mars,UNDERTPhi,36,0.00979076159493456
DS16,mc.mars_UNDERTPhi,mars,UNDERTPhi,37,0.009384609679831209
DS16,mc.mars_UNDERTPhi,mars,UNDERTPhi,38,0.009576234633777814
DS16,mc.mars_UNDERTPhi,mars,UNDERTPhi,39,0.00949835957297607
DS16,mc.mars_UNDERTPhi,mars,UNDERTPhi,40,0.009724819222874631
DS16,mc.mars_UNDERTPhi,mars,UNDERTPhi,41,0.00979932861047779
DS16,mc.mars_UNDERTPhi,mars,UNDERTPhi,42,0.006406254550297339
DS16,mc.mars_UNDERTPhi,mars,UNDERTPhi,43,0.006586939346082421
DS16,mc.mars_UNDERTPhi,mars,UNDERTPhi,44,0.006778004590419568
DS16,mc.mars_UNDERTPhi,mars,UNDERTPhi,45,0.006631732287737132
DS16,mc.mars_UNDERTPhi,mars,UNDERTPhi,46,0.006503039174848896
DS16,mc.mars_UNDERTPhi,mars,UNDERTPhi,47,0.0074691206747032205
DS16,mc.mars_UNDERTPhi,mars,UNDERTPhi,48,0.007146321669503864
DS16,mc.mars_UNDERTPhi,mars,UNDERTPhi,49,0.006197565335754659
DS16,mc.mars_UNDERTPhi,mars,UNDERTPhi,50,0.006808355034734042
DS16,mc.mars_UNDERT,mars,UNDERT,1,0.02025970445053856
DS16,mc.mars_UNDERT,mars,UNDERT,2,0.01951231648227423
DS16,mc.mars_UNDERT,mars,UNDERT,3,0.01982336772416521
DS16,mc.mars_UNDERT,mars,UNDERT,4,0.015047173588946658
DS16,mc.mars_UNDERT,mars,UNDERT,5,0.02008767284902344
DS16,mc.mars_UNDERT,mars,UNDERT,6,0.016246277033468138
DS16,mc.mars_UNDERT,mars,UNDERT,7,0.02017720342500345
DS16,mc.mars_UNDERT,mars,UNDERT,8,0.02001443758060015
DS16,mc.mars_UNDERT,mars,UNDERT,9,0.021726840698693347
DS16,mc.mars_UNDERT,mars,UNDERT,10,0.02116909345677089
DS16,mc.mars_UNDERT,mars,UNDERT,11,0.015719258666383237
DS16,mc.mars_UNDERT,mars,UNDERT,12,0.016010200359599106
DS16,mc.mars_UNDERT,mars,UNDERT,13,0.0157476299222077
DS16,mc.mars_UNDERT,mars,UNDERT,14,0.015596159824397594
DS16,mc.mars_UNDERT,mars,UNDERT,15,0.01578085775141659
DS16,mc.mars_UNDERT,mars,UNDERT,16,0.018120331312843033
DS16,mc.mars_UNDERT,mars,UNDERT,17,0.01675914519283481
DS16,mc.mars_UNDERT,mars,UNDERT,18,0.016696369948820736
DS16,mc.mars_UNDERT,mars,UNDERT,19,0.022527746571040428
DS16,mc.mars_UNDERT,mars,UNDERT,20,0.01925524166514338
DS16,mc.mars_UNDERT,mars,UNDERT,21,0.018560951048001834
DS16,mc.mars_UNDERT,mars,UNDERT,22,0.017305465990013053
DS16,mc.mars_UNDERT,mars,UNDERT,23,0.015574016340861915
DS16,mc.mars_UNDERT,mars,UNDERT,24,0.015616657404066179
DS16,mc.mars_UNDERT,mars,UNDERT,25,0.012476007421979357
DS16,mc.mars_UNDERT,mars,UNDERT,26,0.012598057205077694
DS16,mc.mars_UNDERT,mars,UNDERT,27,0.011838020410359341
DS16,mc.mars_UNDERT,mars,UNDERT,28,0.011557983385471156
DS16,mc.mars_UNDERT,mars,UNDERT,29,0.011214909689824491
DS16,mc.mars_UNDERT,mars,UNDERT,30,0.009583060656401554
DS16,mc.mars_UNDERT,mars,UNDERT,31,0.009540367786035155
DS16,mc.mars_UNDERT,mars,UNDERT,32,0.009476532881221151
DS16,mc.mars_UNDERT,mars,UNDERT,33,0.01000125710468066
DS16,mc.mars_UNDERT,mars,UNDERT,34,0.009762288197546255
DS16,mc.mars_UNDERT,mars,UNDERT,35,0.00920039104295533
DS16,mc.mars_UNDERT,mars,UNDERT,36,0.009611331970092426
DS16,mc.mars_UNDERT,mars,UNDERT,37,0.009395042706611206
DS16,mc.mars_UNDERT,mars,UNDERT,38,0.00982672832038874
DS16,mc.mars_UNDERT,mars,UNDERT,39,0.009349617124816832
DS16,mc.mars_UNDERT,mars,UNDERT,40,0.009269305004696447
DS16,mc.mars_UNDERT,mars,UNDERT,41,0.009709789003675017
DS16,mc.mars_UNDERT,mars,UNDERT,42,0.007878273986250038
DS16,mc.mars_UNDERT,mars,UNDERT,43,0.007106834826990405
DS16,mc.mars_UNDERT,mars,UNDERT,44,0.006567297830071327
DS16,mc.mars_UNDERT,mars,UNDERT,45,0.006803308979512895
DS16,mc.mars_UNDERT,mars,UNDERT,46,0.0069169328283990895
DS16,mc.mars_UNDERT,mars,UNDERT,47,0.006530815266388985
DS16,mc.mars_UNDERT,mars,UNDERT,48,0.006613648006941166
DS16,mc.mars_UNDERT,mars,UNDERT,49,0.006787040625207616
DS16,mc.mars_UNDERT,mars,UNDERT,50,0.006915766645304058
DS16,mc.mars,mars,baseline,1,0.014517552079417718
DS16,mc.mars,mars,baseline,2,0.014329064107441496
DS16,mc.mars,mars,baseline,3,0.01658384223392043
DS16,mc.mars,mars,baseline,4,0.016372550127712424
DS16,mc.mars,mars,baseline,5,0.016389373069207132
DS16,mc.mars,mars,baseline,6,0.016600216061380638
DS16,mc.mars,mars,baseline,7,0.016916315750617347
DS16,mc.mars,mars,baseline,8,0.020374674123072034
DS16,mc.mars,mars,baseline,9,0.02119616216261602
DS16,mc.mars,mars,baseline,10,0.0183376364541272
DS16,mc.mars,mars,baseline,11,0.016775013655910255
DS16,mc.mars,mars,baseline,12,0.016863373979286785
DS16,mc.mars,mars,baseline,13,0.015361271541221556
DS16,mc.mars,mars,baseline,14,0.015300101259374367
DS16,mc.mars,mars,baseline,15,0.017910176031217556
DS16,mc.mars,mars,baseline,16,0.020118086781154114
DS16,mc.mars,mars,baseline,17,0.02038633526911441
DS16,mc.mars,mars,baseline,18,0.016429661144160255
DS16,mc.mars,mars,baseline,19,0.016822119399454064
DS16,mc.mars,mars,baseline,20,0.016687438948998212
DS16,mc.mars,mars,baseline,21,0.01667770883382409
DS16,mc.mars,mars,baseline,22,0.03588120898820473
DS16,mc.mars,mars,baseline,23,0.01372330467948796
DS16,mc.mars,mars,baseline,24,0.01251154842644557
DS16,mc.mars,mars,baseline,25,0.010932069831284768
DS16,mc.mars,mars,baseline,26,0.011459658836313715
DS16,mc.mars,mars,baseline,27,0.011020386559997083
DS16,mc.mars,mars,baseline,28,0.010836779303488597
DS16,mc.mars,mars,baseline,29,0.010841510319869872
DS16,mc.mars,mars,baseline,30,0.00800900294339477
DS16,mc.mars,mars,baseline,31,0.007927362963476046
DS16,mc.mars,mars,baseline,32,0.007985234324074296
DS16,mc.mars,mars,baseline,33,0.008412529186142131
DS16,mc.mars,mars,baseline,34,0.007927445795910296
DS16,mc.mars,mars,baseline,35,0.007535940954802896
DS16,mc.mars,mars,baseline,36,0.007523227034165294
DS16,mc.mars,mars,baseline,37,0.008023156995446317
DS16,mc.mars,mars,baseline,38,0.007970143581757006
DS16,mc.mars,mars,baseline,39,0.007718503896730504
DS16,mc.mars,mars,baseline,40,0.007594394918105102
DS16,mc.mars,mars,baseline,41,0.007429050172277441
DS16,mc.mars,mars,baseline,42,0.00670831487384879
DS16,mc.mars,mars,baseline,43,0.006646788263145518
DS16,mc.mars,mars,baseline,44,0.007124296726603144
DS16,mc.mars,mars,baseline,45,0.006993755743845507
DS16,mc.mars,mars,baseline,46,0.0066923879341383476
DS16,mc.mars,mars,baseline,47,0.006613467133357521
DS16,mc.mars,mars,baseline,48,0.005800435619824789
DS16,mc.mars,mars,baseline,49,0.005880931579205972
DS16,mc.mars,mars,baseline,50,0.006058511897089579
DS16,mc.rf_OVERB,rf,OVERB,1,0.016388586925824407
DS16,mc.rf_OVERB,rf,OVERB,2,0.01685909620432236
DS16,mc.rf_OVERB,rf,OVERB,3,0.0169885185582703
DS16,mc.rf_OVERB,rf,OVERB,4,0.01805088265261811
DS16,mc.rf_OVERB,rf,OVERB,5,0.017617097804317902
DS16,mc.rf_OVERB,rf,OVERB,6,0.017363215441736666
DS16,mc.rf_OVERB,rf,OVERB,7,0.01739602241088226
DS16,mc.rf_OVERB,rf,OVERB,8,0.017822213112132314
DS16,mc.rf_OVERB,rf,OVERB,9,0.019946351427955256
DS16,mc.rf_OVERB,rf,OVERB,10,0.019678258088289494
DS16,mc.rf_OVERB,rf,OVERB,11,0.02016756275700014
DS16,mc.rf_OVERB,rf,OVERB,12,0.01883105282791729
DS16,mc.rf_OVERB,rf,OVERB,13,0.019993878708983333
DS16,mc.rf_OVERB,rf,OVERB,14,0.019245848383092946
DS16,mc.rf_OVERB,rf,OVERB,15,0.020193256623068558
DS16,mc.rf_OVERB,rf,OVERB,16,0.022289644144069386
DS16,mc.rf_OVERB,rf,OVERB,17,0.022552221950217156
DS16,mc.rf_OVERB,rf,OVERB,18,0.02029705435336117
DS16,mc.rf_OVERB,rf,OVERB,19,0.023683843207091382
DS16,mc.rf_OVERB,rf,OVERB,20,0.020894384006037808
DS16,mc.rf_OVERB,rf,OVERB,21,0.020659445031741514
DS16,mc.rf_OVERB,rf,OVERB,22,0.018470842626713915
DS16,mc.rf_OVERB,rf,OVERB,23,0.016519986876242836
DS16,mc.rf_OVERB,rf,OVERB,24,0.017240167107262474
DS16,mc.rf_OVERB,rf,OVERB,25,0.014914446609073206
DS16,mc.rf_OVERB,rf,OVERB,26,0.013597560919341738
DS16,mc.rf_OVERB,rf,OVERB,27,0.010468481323521392
DS16,mc.rf_OVERB,rf,OVERB,28,0.01148922782398764
DS16,mc.rf_OVERB,rf,OVERB,29,0.010787852705050598
DS16,mc.rf_OVERB,rf,OVERB,30,0.008882446437664119
DS16,mc.rf_OVERB,rf,OVERB,31,0.008170070911870959
DS16,mc.rf_OVERB,rf,OVERB,32,0.008096242585486468
DS16,mc.rf_OVERB,rf,OVERB,33,0.008826394188621002
DS16,mc.rf_OVERB,rf,OVERB,34,0.008980214315106885
DS16,mc.rf_OVERB,rf,OVERB,35,0.008688507367963064
DS16,mc.rf_OVERB,rf,OVERB,36,0.008970445209776506
DS16,mc.rf_OVERB,rf,OVERB,37,0.008924066074927755
DS16,mc.rf_OVERB,rf,OVERB,38,0.009337520483283485
DS16,mc.rf_OVERB,rf,OVERB,39,0.009344953614018107
DS16,mc.rf_OVERB,rf,OVERB,40,0.009310739126738335
DS16,mc.rf_OVERB,rf,OVERB,41,0.009165120574055934
DS16,mc.rf_OVERB,rf,OVERB,42,0.006948731175968817
DS16,mc.rf_OVERB,rf,OVERB,43,0.007025831398957915
DS16,mc.rf_OVERB,rf,OVERB,44,0.006942589980257837
DS16,mc.rf_OVERB,rf,OVERB,45,0.006816742143099113
DS16,mc.rf_OVERB,rf,OVERB,46,0.006823612858175459
DS16,mc.rf_OVERB,rf,OVERB,47,0.006406714420966218
DS16,mc.rf_OVERB,rf,OVERB,48,0.006059823640414056
DS16,mc.rf_OVERB,rf,OVERB,49,0.006622230005260736
DS16,mc.rf_OVERB,rf,OVERB,50,0.006424495840542269
DS16,mc.rf_OVERTPhi,rf,OVERTPhi,1,0.016296440493629456
DS16,mc.rf_OVERTPhi,rf,OVERTPhi,2,0.016107219786554067
DS16,mc.rf_OVERTPhi,rf,OVERTPhi,3,0.017276211103435263
DS16,mc.rf_OVERTPhi,rf,OVERTPhi,4,0.01736311335231486
DS16,mc.rf_OVERTPhi,rf,OVERTPhi,5,0.01725025909817659
DS16,mc.rf_OVERTPhi,rf,OVERTPhi,6,0.017030302221142914
DS16,mc.rf_OVERTPhi,rf,OVERTPhi,7,0.016793056470632263
DS16,mc.rf_OVERTPhi,rf,OVERTPhi,8,0.01901969674006648
DS16,mc.rf_OVERTPhi,rf,OVERTPhi,9,0.01927573902547454
DS16,mc.rf_OVERTPhi,rf,OVERTPhi,10,0.02037599510902055
DS16,mc.rf_OVERTPhi,rf,OVERTPhi,11,0.021896510435647075
DS16,mc.rf_OVERTPhi,rf,OVERTPhi,12,0.021070952243727167
DS16,mc.rf_OVERTPhi,rf,OVERTPhi,13,0.022478765783716666
DS16,mc.rf_OVERTPhi,rf,OVERTPhi,14,0.02136121514862613
DS16,mc.rf_OVERTPhi,rf,OVERTPhi,15,0.01936258661277698
DS16,mc.rf_OVERTPhi,rf,OVERTPhi,16,0.020236461801004486
DS16,mc.rf_OVERTPhi,rf,OVERTPhi,17,0.020250064023383214
DS16,mc.rf_OVERTPhi,rf,OVERTPhi,18,0.02069661281755745
DS16,mc.rf_OVERTPhi,rf,OVERTPhi,19,0.020609725855328952
DS16,mc.rf_OVERTPhi,rf,OVERTPhi,20,0.01911425381193152
DS16,mc.rf_OVERTPhi,rf,OVERTPhi,21,0.01999424880466179
DS16,mc.rf_OVERTPhi,rf,OVERTPhi,22,0.01734082347868323
DS16,mc.rf_OVERTPhi,rf,OVERTPhi,23,0.016015067241792694
DS16,mc.rf_OVERTPhi,rf,OVERTPhi,24,0.01560203708449085
DS16,mc.rf_OVERTPhi,rf,OVERTPhi,25,0.015133281160331701
DS16,mc.rf_OVERTPhi,rf,OVERTPhi,26,0.013236114776099608
DS16,mc.rf_OVERTPhi,rf,OVERTPhi,27,0.011439559129033888
DS16,mc.rf_OVERTPhi,rf,OVERTPhi,28,0.011813501787479926
DS16,mc.rf_OVERTPhi,rf,OVERTPhi,29,0.011601002973534016
DS16,mc.rf_OVERTPhi,rf,OVERTPhi,30,0.008654080526823633
DS16,mc.rf_OVERTPhi,rf,OVERTPhi,31,0.008559180537460818
DS16,mc.rf_OVERTPhi,rf,OVERTPhi,32,0.008693165775146195
DS16,mc.rf_OVERTPhi,rf,OVERTPhi,33,0.00870297715834779
DS16,mc.rf_OVERTPhi,rf,OVERTPhi,34,0.00860710093677524
DS16,mc.rf_OVERTPhi,rf,OVERTPhi,35,0.008649922720711904
DS16,mc.rf_OVERTPhi,rf,OVERTPhi,36,0.008869511204088595
DS16,mc.rf_OVERTPhi,rf,OVERTPhi,37,0.0088707364003201
DS16,mc.rf_OVERTPhi,rf,OVERTPhi,38,0.008931625165768918
DS16,mc.rf_OVERTPhi,rf,OVERTPhi,39,0.009167762654367395
DS16,mc.rf_OVERTPhi,rf,OVERTPhi,40,0.009333244339916471
DS16,mc.rf_OVERTPhi,rf,OVERTPhi,41,0.008984165286643822
DS16,mc.rf_OVERTPhi,rf,OVERTPhi,42,0.006419284286808726
DS16,mc.rf_OVERTPhi,rf,OVERTPhi,43,0.0064938884186361125
DS16,mc.rf_OVERTPhi,rf,OVERTPhi,44,0.006655624945024408
DS16,mc.rf_OVERTPhi,rf,OVERTPhi,45,0.006479971026536644
DS16,mc.rf_OVERTPhi,rf,OVERTPhi,46,0.0068001442836595274
DS16,mc.rf_OVERTPhi,rf,OVERTPhi,47,0.006249593991519223
DS16,mc.rf_OVERTPhi,rf,OVERTPhi,48,0.006040801161932071
DS16,mc.rf_OVERTPhi,rf,OVERTPhi,49,0.006108347524277314
DS16,mc.rf_OVERTPhi,rf,OVERTPhi,50,0.006229487281519735
DS16,mc.rf_OVERT,rf,OVERT,1,0.01687105958192156
DS16,mc.rf_OVERT,rf,OVERT,2,0.016740705686706554
DS16,mc.rf_OVERT,rf,OVERT,3,0.017589591263179386
DS16,mc.rf_OVERT,rf,OVERT,4,0.01755458689438162
DS16,mc.rf_OVERT,rf,OVERT,5,0.01705647172729085
DS16,mc.rf_OVERT,rf,OVERT,6,0.017328940285864083
DS16,mc.rf_OVERT,rf,OVERT,7,0.016732998738548534
DS16,mc.rf_OVERT,rf,OVERT,8,0.01877637949808792
DS16,mc.rf_OVERT,rf,OVERT,9,0.019376881001375232
DS16,mc.rf_OVERT,rf,OVERT,10,0.020896785016507824
DS16,mc.rf_OVERT,rf,OVERT,11,0.02216082760103462
DS16,mc.rf_OVERT,rf,OVERT,12,0.021301096017088506
DS16,mc.rf_OVERT,rf,OVERT,13,0.022092892466566042
DS16,mc.rf_OVERT,rf,OVERT,14,0.020038357980277043
DS16,mc.rf_OVERT,rf,OVERT,15,0.020232690052792737
DS16,mc.rf_OVERT,rf,OVERT,16,0.019675656788783
DS16,mc.rf_OVERT,rf,OVERT,17,0.020174066576559034
DS16,mc.rf_OVERT,rf,OVERT,18,0.02040398417331611
DS16,mc.rf_OVERT,rf,OVERT,19,0.02018590940558807
DS16,mc.rf_OVERT,rf,OVERT,20,0.019117119530052046
DS16,mc.rf_OVERT,rf,OVERT,21,0.02008767105453122
DS16,mc.rf_OVERT,rf,OVERT,22,0.017591662301830527
DS16,mc.rf_OVERT,rf,OVERT,23,0.015648450332229343
DS16,mc.rf_OVERT,rf,OVERT,24,0.015578290589750406
DS16,mc.rf_OVERT,rf,OVERT,25,0.01470809495956434
DS16,mc.rf_OVERT,rf,OVERT,26,0.013429024554195841
DS16,mc.rf_OVERT,rf,OVERT,27,0.011689530685440774
DS16,mc.rf_OVERT,rf,OVERT,28,0.012027036811379104
DS16,mc.rf_OVERT,rf,OVERT,29,0.011659560406824466
DS16,mc.rf_OVERT,rf,OVERT,30,0.00870263814929275
DS16,mc.rf_OVERT,rf,OVERT,31,0.00846499870167201
DS16,mc.rf_OVERT,rf,OVERT,32,0.00839228618382419
DS16,mc.rf_OVERT,rf,OVERT,33,0.008593576717044044
DS16,mc.rf_OVERT,rf,OVERT,34,0.008374037004654698
DS16,mc.rf_OVERT,rf,OVERT,35,0.008512787384286357
DS16,mc.rf_OVERT,rf,OVERT,36,0.009076332431405033
DS16,mc.rf_OVERT,rf,OVERT,37,0.00861918074102394
DS16,mc.rf_OVERT,rf,OVERT,38,0.009093194130908798
DS16,mc.rf_OVERT,rf,OVERT,39,0.009326098239421977
DS16,mc.rf_OVERT,rf,OVERT,40,0.00905163298399257
DS16,mc.rf_OVERT,rf,OVERT,41,0.009108027262593157
DS16,mc.rf_OVERT,rf,OVERT,42,0.006349705557502807
DS16,mc.rf_OVERT,rf,OVERT,43,0.006626139805188404
DS16,mc.rf_OVERT,rf,OVERT,44,0.006722050680001548
DS16,mc.rf_OVERT,rf,OVERT,45,0.006402720725994146
DS16,mc.rf_OVERT,rf,OVERT,46,0.006791411093071527
DS16,mc.rf_OVERT,rf,OVERT,47,0.006349616425605343
DS16,mc.rf_OVERT,rf,OVERT,48,0.006132290585514254
DS16,mc.rf_OVERT,rf,OVERT,49,0.005925925597298681
DS16,mc.rf_OVERT,rf,OVERT,50,0.006337782541172874
DS16,mc.rf_SMOTEB,rf,SMOTEB,1,0.01780789809239227
DS16,mc.rf_SMOTEB,rf,SMOTEB,2,0.016662624097547145
DS16,mc.rf_SMOTEB,rf,SMOTEB,3,0.019895372140373478
DS16,mc.rf_SMOTEB,rf,SMOTEB,4,0.01889933220434853
DS16,mc.rf_SMOTEB,rf,SMOTEB,5,0.016228686666752524
DS16,mc.rf_SMOTEB,rf,SMOTEB,6,0.017588799054419593
DS16,mc.rf_SMOTEB,rf,SMOTEB,7,0.0196703740434707
DS16,mc.rf_SMOTEB,rf,SMOTEB,8,0.02118985378579997
DS16,mc.rf_SMOTEB,rf,SMOTEB,9,0.023836810584883458
DS16,mc.rf_SMOTEB,rf,SMOTEB,10,0.021409011449410965
DS16,mc.rf_SMOTEB,rf,SMOTEB,11,0.023071187865454926
DS16,mc.rf_SMOTEB,rf,SMOTEB,12,0.02142622333460104
DS16,mc.rf_SMOTEB,rf,SMOTEB,13,0.02395471862096676
DS16,mc.rf_SMOTEB,rf,SMOTEB,14,0.02203880618082584
DS16,mc.rf_SMOTEB,rf,SMOTEB,15,0.021973752588307794
DS16,mc.rf_SMOTEB,rf,SMOTEB,16,0.02324965946678406
DS16,mc.rf_SMOTEB,rf,SMOTEB,17,0.02318620459102121
DS16,mc.rf_SMOTEB,rf,SMOTEB,18,0.019897078965178713
DS16,mc.rf_SMOTEB,rf,SMOTEB,19,0.02598493696739994
DS16,mc.rf_SMOTEB,rf,SMOTEB,20,0.02528085955003784
DS16,mc.rf_SMOTEB,rf,SMOTEB,21,0.021172162201592726
DS16,mc.rf_SMOTEB,rf,SMOTEB,22,0.01953824319320139
DS16,mc.rf_SMOTEB,rf,SMOTEB,23,0.01781164478832451
DS16,mc.rf_SMOTEB,rf,SMOTEB,24,0.018904229965880447
DS16,mc.rf_SMOTEB,rf,SMOTEB,25,0.01950467614825713
DS16,mc.rf_SMOTEB,rf,SMOTEB,26,0.016743765674944327
DS16,mc.rf_SMOTEB,rf,SMOTEB,27,0.012869091058928889
DS16,mc.rf_SMOTEB,rf,SMOTEB,28,0.013629001335812893
DS16,mc.rf_SMOTEB,rf,SMOTEB,29,0.012917617301421188
DS16,mc.rf_SMOTEB,rf,SMOTEB,30,0.010576632878170063
DS16,mc.rf_SMOTEB,rf,SMOTEB,31,0.010397244598103539
DS16,mc.rf_SMOTEB,rf,SMOTEB,32,0.01023828621970264
DS16,mc.rf_SMOTEB,rf,SMOTEB,33,0.010709533710222199
DS16,mc.rf_SMOTEB,rf,SMOTEB,34,0.009614549954309465
DS16,mc.rf_SMOTEB,rf,SMOTEB,35,0.009920964471538604
DS16,mc.rf_SMOTEB,rf,SMOTEB,36,0.009531988411231762
DS16,mc.rf_SMOTEB,rf,SMOTEB,37,0.009536265850759175
DS16,mc.rf_SMOTEB,rf,SMOTEB,38,0.01177836044817571
DS16,mc.rf_SMOTEB,rf,SMOTEB,39,0.010204141824973752
DS16,mc.rf_SMOTEB,rf,SMOTEB,40,0.008959578586914357
DS16,mc.rf_SMOTEB,rf,SMOTEB,41,0.008860376520621015
DS16,mc.rf_SMOTEB,rf,SMOTEB,42,0.008006163640710015
DS16,mc.rf_SMOTEB,rf,SMOTEB,43,0.006819296145280662
DS16,mc.rf_SMOTEB,rf,SMOTEB,44,0.008864587103462619
DS16,mc.rf_SMOTEB,rf,SMOTEB,45,0.007603701801352326
DS16,mc.rf_SMOTEB,rf,SMOTEB,46,0.007869851673765416
DS16,mc.rf_SMOTEB,rf,SMOTEB,47,0.00822165454663502
DS16,mc.rf_SMOTEB,rf,SMOTEB,48,0.00747893758820127
DS16,mc.rf_SMOTEB,rf,SMOTEB,49,0.006740240099232894
DS16,mc.rf_SMOTEB,rf,SMOTEB,50,0.008035262959854898
DS16,mc.rf_SMOTETPhi,rf,SMOTETPhi,1,0.01814317237257565
DS16,mc.rf_SMOTETPhi,rf,SMOTETPhi,2,0.02067294403581013
DS16,mc.rf_SMOTETPhi,rf,SMOTETPhi,3,0.018343873600548958
DS16,mc.rf_SMOTETPhi,rf,SMOTETPhi,4,0.021873823870863167
DS16,mc.rf_SMOTETPhi,rf,SMOTETPhi,5,0.017833737353680903
DS16,mc.rf_SMOTETPhi,rf,SMOTETPhi,6,0.018386433451828568
DS16,mc.rf_SMOTETPhi,rf,SMOTETPhi,7,0.018859198784918135
DS16,mc.rf_SMOTETPhi,rf,SMOTETPhi,8,0.019035081549115374
DS16,mc.rf_SMOTETPhi,rf,SMOTETPhi,9,0.024209066165749703
DS16,mc.rf_SMOTETPhi,rf,SMOTETPhi,10,0.02229066430929147
DS16,mc.rf_SMOTETPhi,rf,SMOTETPhi,11,0.020382972871358058
DS16,mc.rf_SMOTETPhi,rf,SMOTETPhi,12,0.020627710659780935
DS16,mc.rf_SMOTETPhi,rf,SMOTETPhi,13,0.01864693307322672
DS16,mc.rf_SMOTETPhi,rf,SMOTETPhi,14,0.020828474421698908
DS16,mc.rf_SMOTETPhi,rf,SMOTETPhi,15,0.02054068530615316
DS16,mc.rf_SMOTETPhi,rf,SMOTETPhi,16,0.020662371348107892
DS16,mc.rf_SMOTETPhi,rf,SMOTETPhi,17,0.0202648643363956
DS16,mc.rf_SMOTETPhi,rf,SMOTETPhi,18,0.02013684598068843
DS16,mc.rf_SMOTETPhi,rf,SMOTETPhi,19,0.023018277650294117
DS16,mc.rf_SMOTETPhi,rf,SMOTETPhi,20,0.02349310773196165
DS16,mc.rf_SMOTETPhi,rf,SMOTETPhi,21,0.02428675874054909
DS16,mc.rf_SMOTETPhi,rf,SMOTETPhi,22,0.022808082894170505
DS16,mc.rf_SMOTETPhi,rf,SMOTETPhi,23,0.017613554487382478
DS16,mc.rf_SMOTETPhi,rf,SMOTETPhi,24,0.016496447115492877
DS16,mc.rf_SMOTETPhi,rf,SMOTETPhi,25,0.019369385832694215
DS16,mc.rf_SMOTETPhi,rf,SMOTETPhi,26,0.016405932923920792
DS16,mc.rf_SMOTETPhi,rf,SMOTETPhi,27,0.013470253954854428
DS16,mc.rf_SMOTETPhi,rf,SMOTETPhi,28,0.012430473895489121
DS16,mc.rf_SMOTETPhi,rf,SMOTETPhi,29,0.012393565906756165
DS16,mc.rf_SMOTETPhi,rf,SMOTETPhi,30,0.012493804258030898
DS16,mc.rf_SMOTETPhi,rf,SMOTETPhi,31,0.013147081767719507
DS16,mc.rf_SMOTETPhi,rf,SMOTETPhi,32,0.011715334871334752
DS16,mc.rf_SMOTETPhi,rf,SMOTETPhi,33,0.010312564639367978
DS16,mc.rf_SMOTETPhi,rf,SMOTETPhi,34,0.010005804216878059
DS16,mc.rf_SMOTETPhi,rf,SMOTETPhi,35,0.010633694095692056
DS16,mc.rf_SMOTETPhi,rf,SMOTETPhi,36,0.01108489098046046
DS16,mc.rf_SMOTETPhi,rf,SMOTETPhi,37,0.011839358955921687
DS16,mc.rf_SMOTETPhi,rf,SMOTETPhi,38,0.01107897518649733
DS16,mc.rf_SMOTETPhi,rf,SMOTETPhi,39,0.011309088758355521
DS16,mc.rf_SMOTETPhi,rf,SMOTETPhi,40,0.011540125425834071
DS16,mc.rf_SMOTETPhi,rf,SMOTETPhi,41,0.011084517837545563
DS16,mc.rf_SMOTETPhi,rf,SMOTETPhi,42,0.009952060881561623
DS16,mc.rf_SMOTETPhi,rf,SMOTETPhi,43,0.009711407024193867
DS16,mc.rf_SMOTETPhi,rf,SMOTETPhi,44,0.00936344889019876
DS16,mc.rf_SMOTETPhi,rf,SMOTETPhi,45,0.008034568096513251
DS16,mc.rf_SMOTETPhi,rf,SMOTETPhi,46,0.009284045335110076
DS16,mc.rf_SMOTETPhi,rf,SMOTETPhi,47,0.00767227517966589
DS16,mc.rf_SMOTETPhi,rf,SMOTETPhi,48,0.0076609211450795
DS16,mc.rf_SMOTETPhi,rf,SMOTETPhi,49,0.008797308830956897
DS16,mc.rf_SMOTETPhi,rf,SMOTETPhi,50,0.007708941966285798
DS16,mc.rf_SMOTET,rf,SMOTET,1,0.019779981419146435
DS16,mc.rf_SMOTET,rf,SMOTET,2,0.019522439257687742
DS16,mc.rf_SMOTET,rf,SMOTET,3,0.017818839758139266
DS16,mc.rf_SMOTET,rf,SMOTET,4,0.020681734505946667
DS16,mc.rf_SMOTET,rf,SMOTET,5,0.01680240652013395
DS16,mc.rf_SMOTET,rf,SMOTET,6,0.02146131202101897
DS16,mc.rf_SMOTET,rf,SMOTET,7,0.018431530872509504
DS16,mc.rf_SMOTET,rf,SMOTET,8,0.02171789068445313
DS16,mc.rf_SMOTET,rf,SMOTET,9,0.023522589247318936
DS16,mc.rf_SMOTET,rf,SMOTET,10,0.023782077114169402
DS16,mc.rf_SMOTET,rf,SMOTET,11,0.019814791966206183
DS16,mc.rf_SMOTET,rf,SMOTET,12,0.02047970674854904
DS16,mc.rf_SMOTET,rf,SMOTET,13,0.021474790141427294
DS16,mc.rf_SMOTET,rf,SMOTET,14,0.023092743024825304
DS16,mc.rf_SMOTET,rf,SMOTET,15,0.022050670749865692
DS16,mc.rf_SMOTET,rf,SMOTET,16,0.019918321172302696
DS16,mc.rf_SMOTET,rf,SMOTET,17,0.020534279566204128
DS16,mc.rf_SMOTET,rf,SMOTET,18,0.022750452710788783
DS16,mc.rf_SMOTET,rf,SMOTET,19,0.023118483108720556
DS16,mc.rf_SMOTET,rf,SMOTET,20,0.023285792383392054
DS16,mc.rf_SMOTET,rf,SMOTET,21,0.02269802245853163
DS16,mc.rf_SMOTET,rf,SMOTET,22,0.0195711886790099
DS16,mc.rf_SMOTET,rf,SMOTET,23,0.018027714639494284
DS16,mc.rf_SMOTET,rf,SMOTET,24,0.017544301502551138
DS16,mc.rf_SMOTET,rf,SMOTET,25,0.021044926682889552
DS16,mc.rf_SMOTET,rf,SMOTET,26,0.01912622240988919
DS16,mc.rf_SMOTET,rf,SMOTET,27,0.011693816169916682
DS16,mc.rf_SMOTET,rf,SMOTET,28,0.012266234069743392
DS16,mc.rf_SMOTET,rf,SMOTET,29,0.011907034632509748
DS16,mc.rf_SMOTET,rf,SMOTET,30,0.011153936002624681
DS16,mc.rf_SMOTET,rf,SMOTET,31,0.012493038787648464
DS16,mc.rf_SMOTET,rf,SMOTET,32,0.012466642118332266
DS16,mc.rf_SMOTET,rf,SMOTET,33,0.009379821398503695
DS16,mc.rf_SMOTET,rf,SMOTET,34,0.010643853447192004
DS16,mc.rf_SMOTET,rf,SMOTET,35,0.010933075695154355
DS16,mc.rf_SMOTET,rf,SMOTET,36,0.008598212574721556
DS16,mc.rf_SMOTET,rf,SMOTET,37,0.010163439279999038
DS16,mc.rf_SMOTET,rf,SMOTET,38,0.011194422338131803
DS16,mc.rf_SMOTET,rf,SMOTET,39,0.010353080449140928
DS16,mc.rf_SMOTET,rf,SMOTET,40,0.01039404249645259
DS16,mc.rf_SMOTET,rf,SMOTET,41,0.010241590426049028
DS16,mc.rf_SMOTET,rf,SMOTET,42,0.008360342669400028
DS16,mc.rf_SMOTET,rf,SMOTET,43,0.008173468575137652
DS16,mc.rf_SMOTET,rf,SMOTET,44,0.00922060890644805
DS16,mc.rf_SMOTET,rf,SMOTET,45,0.007657315282822647
DS16,mc.rf_SMOTET,rf,SMOTET,46,0.00858024982219511
DS16,mc.rf_SMOTET,rf,SMOTET,47,0.00836741940079915
DS16,mc.rf_SMOTET,rf,SMOTET,48,0.007144509448129382
DS16,mc.rf_SMOTET,rf,SMOTET,49,0.0075862886522982675
DS16,mc.rf_SMOTET,rf,SMOTET,50,0.00775423691024249
DS16,mc.rf_UNDERB,rf,UNDERB,1,0.018504346281084383
DS16,mc.rf_UNDERB,rf,UNDERB,2,0.017657871709292543
DS16,mc.rf_UNDERB,rf,UNDERB,3,0.017349523019446752
DS16,mc.rf_UNDERB,rf,UNDERB,4,0.016951296323651468
DS16,mc.rf_UNDERB,rf,UNDERB,5,0.017103776021122966
DS16,mc.rf_UNDERB,rf,UNDERB,6,0.017814305989063042
DS16,mc.rf_UNDERB,rf,UNDERB,7,0.016544446367175572
DS16,mc.rf_UNDERB,rf,UNDERB,8,0.01938539095582039
DS16,mc.rf_UNDERB,rf,UNDERB,9,0.01928399410101198
DS16,mc.rf_UNDERB,rf,UNDERB,10,0.018845950031416852
DS16,mc.rf_UNDERB,rf,UNDERB,11,0.02213806462147884
DS16,mc.rf_UNDERB,rf,UNDERB,12,0.02150998845875491
DS16,mc.rf_UNDERB,rf,UNDERB,13,0.020843579084662764
DS16,mc.rf_UNDERB,rf,UNDERB,14,0.021158150796327362
DS16,mc.rf_UNDERB,rf,UNDERB,15,0.020127140179277192
DS16,mc.rf_UNDERB,rf,UNDERB,16,0.0219552329866595
DS16,mc.rf_UNDERB,rf,UNDERB,17,0.02092876210657394
DS16,mc.rf_UNDERB,rf,UNDERB,18,0.022803241437507404
DS16,mc.rf_UNDERB,rf,UNDERB,19,0.023944955246152734
DS16,mc.rf_UNDERB,rf,UNDERB,20,0.02040372864862036
DS16,mc.rf_UNDERB,rf,UNDERB,21,0.02225255094572641
DS16,mc.rf_UNDERB,rf,UNDERB,22,0.02102331078174183
DS16,mc.rf_UNDERB,rf,UNDERB,23,0.01828591312723506
DS16,mc.rf_UNDERB,rf,UNDERB,24,0.02028774485315622
DS16,mc.rf_UNDERB,rf,UNDERB,25,0.018347428158295338
DS16,mc.rf_UNDERB,rf,UNDERB,26,0.01400074541491447
DS16,mc.rf_UNDERB,rf,UNDERB,27,0.013531176980756758
DS16,mc.rf_UNDERB,rf,UNDERB,28,0.012321885299784554
DS16,mc.rf_UNDERB,rf,UNDERB,29,0.01156901861258745
DS16,mc.rf_UNDERB,rf,UNDERB,30,0.01062560251304696
DS16,mc.rf_UNDERB,rf,UNDERB,31,0.010586603053536403
DS16,mc.rf_UNDERB,rf,UNDERB,32,0.010172711410003869
DS16,mc.rf_UNDERB,rf,UNDERB,33,0.009855611848352316
DS16,mc.rf_UNDERB,rf,UNDERB,34,0.010734477295866157
DS16,mc.rf_UNDERB,rf,UNDERB,35,0.009945223895349777
DS16,mc.rf_UNDERB,rf,UNDERB,36,0.009826486814473165
DS16,mc.rf_UNDERB,rf,UNDERB,37,0.009847356684709964
DS16,mc.rf_UNDERB,rf,UNDERB,38,0.010569451772867808
DS16,mc.rf_UNDERB,rf,UNDERB,39,0.012247629617897049
DS16,mc.rf_UNDERB,rf,UNDERB,40,0.010226224996136058
DS16,mc.rf_UNDERB,rf,UNDERB,41,0.012204621397126919
DS16,mc.rf_UNDERB,rf,UNDERB,42,0.0075466232744989155
DS16,mc.rf_UNDERB,rf,UNDERB,43,0.008239685781355605
DS16,mc.rf_UNDERB,rf,UNDERB,44,0.0076381395581064295
DS16,mc.rf_UNDERB,rf,UNDERB,45,0.007360071522160247
DS16,mc.rf_UNDERB,rf,UNDERB,46,0.008135748031898152
DS16,mc.rf_UNDERB,rf,UNDERB,47,0.007835553205507014
DS16,mc.rf_UNDERB,rf,UNDERB,48,0.00712827445195457
DS16,mc.rf_UNDERB,rf,UNDERB,49,0.007686127272869372
DS16,mc.rf_UNDERB,rf,UNDERB,50,0.008470026916294105
DS16,mc.rf_UNDERTPhi,rf,UNDERTPhi,1,0.015951217422500025
DS16,mc.rf_UNDERTPhi,rf,UNDERTPhi,2,0.01635942349115497
DS16,mc.rf_UNDERTPhi,rf,UNDERTPhi,3,0.017254380664217916
DS16,mc.rf_UNDERTPhi,rf,UNDERTPhi,4,0.016715769759691856
DS16,mc.rf_UNDERTPhi,rf,UNDERTPhi,5,0.01658194415844953
DS16,mc.rf_UNDERTPhi,rf,UNDERTPhi,6,0.01752892804976517
DS16,mc.rf_UNDERTPhi,rf,UNDERTPhi,7,0.0171256626709286
DS16,mc.rf_UNDERTPhi,rf,UNDERTPhi,8,0.020101865085923404
DS16,mc.rf_UNDERTPhi,rf,UNDERTPhi,9,0.01997267889592176
DS16,mc.rf_UNDERTPhi,rf,UNDERTPhi,10,0.01924398415782003
DS16,mc.rf_UNDERTPhi,rf,UNDERTPhi,11,0.020093831005796356
DS16,mc.rf_UNDERTPhi,rf,UNDERTPhi,12,0.019804622292042016
DS16,mc.rf_UNDERTPhi,rf,UNDERTPhi,13,0.019437846512146213
DS16,mc.rf_UNDERTPhi,rf,UNDERTPhi,14,0.019790244641755467
DS16,mc.rf_UNDERTPhi,rf,UNDERTPhi,15,0.019905045205229167
DS16,mc.rf_UNDERTPhi,rf,UNDERTPhi,16,0.021637702062897453
DS16,mc.rf_UNDERTPhi,rf,UNDERTPhi,17,0.021147591044671173
DS16,mc.rf_UNDERTPhi,rf,UNDERTPhi,18,0.022889082462832392
DS16,mc.rf_UNDERTPhi,rf,UNDERTPhi,19,0.021888371439072362
DS16,mc.rf_UNDERTPhi,rf,UNDERTPhi,20,0.021714516845042563
DS16,mc.rf_UNDERTPhi,rf,UNDERTPhi,21,0.020663406147604712
DS16,mc.rf_UNDERTPhi,rf,UNDERTPhi,22,0.018786949967965767
DS16,mc.rf_UNDERTPhi,rf,UNDERTPhi,23,0.01794056159568315
DS16,mc.rf_UNDERTPhi,rf,UNDERTPhi,24,0.015909925828966248
DS16,mc.rf_UNDERTPhi,rf,UNDERTPhi,25,0.01651674671571731
DS16,mc.rf_UNDERTPhi,rf,UNDERTPhi,26,0.015038627975066029
DS16,mc.rf_UNDERTPhi,rf,UNDERTPhi,27,0.013302404207006999
DS16,mc.rf_UNDERTPhi,rf,UNDERTPhi,28,0.011174386044654403
DS16,mc.rf_UNDERTPhi,rf,UNDERTPhi,29,0.012225272794140336
DS16,mc.rf_UNDERTPhi,rf,UNDERTPhi,30,0.010729913950853494
DS16,mc.rf_UNDERTPhi,rf,UNDERTPhi,31,0.011694400574046637
DS16,mc.rf_UNDERTPhi,rf,UNDERTPhi,32,0.010269888699694012
DS16,mc.rf_UNDERTPhi,rf,UNDERTPhi,33,0.009865412606211009
DS16,mc.rf_UNDERTPhi,rf,UNDERTPhi,34,0.010437604382472392
DS16,mc.rf_UNDERTPhi,rf,UNDERTPhi,35,0.009860232340836793
DS16,mc.rf_UNDERTPhi,rf,UNDERTPhi,36,0.009724546213182285
DS16,mc.rf_UNDERTPhi,rf,UNDERTPhi,37,0.009931102626960392
DS16,mc.rf_UNDERTPhi,rf,UNDERTPhi,38,0.010353185787450949
DS16,mc.rf_UNDERTPhi,rf,UNDERTPhi,39,0.010224415458040346
DS16,mc.rf_UNDERTPhi,rf,UNDERTPhi,40,0.01084173932693403
DS16,mc.rf_UNDERTPhi,rf,UNDERTPhi,41,0.011422754986206082
DS16,mc.rf_UNDERTPhi,rf,UNDERTPhi,42,0.007818802283020444
DS16,mc.rf_UNDERTPhi,rf,UNDERTPhi,43,0.008311398004167895
DS16,mc.rf_UNDERTPhi,rf,UNDERTPhi,44,0.008706394494207848
DS16,mc.rf_UNDERTPhi,rf,UNDERTPhi,45,0.007632522116269715
DS16,mc.rf_UNDERTPhi,rf,UNDERTPhi,46,0.007792714405608357
DS16,mc.rf_UNDERTPhi,rf,UNDERTPhi,47,0.008816543752584474
DS16,mc.rf_UNDERTPhi,rf,UNDERTPhi,48,0.007802090584522329
DS16,mc.rf_UNDERTPhi,rf,UNDERTPhi,49,0.006096849993791631
DS16,mc.rf_UNDERTPhi,rf,UNDERTPhi,50,0.006288515708445613
DS16,mc.rf_UNDERT,rf,UNDERT,1,0.017536325355466655
DS16,mc.rf_UNDERT,rf,UNDERT,2,0.016807260328295395
DS16,mc.rf_UNDERT,rf,UNDERT,3,0.015606351115166634
DS16,mc.rf_UNDERT,rf,UNDERT,4,0.01703668147583947
DS16,mc.rf_UNDERT,rf,UNDERT,5,0.018649361239365954
DS16,mc.rf_UNDERT,rf,UNDERT,6,0.018777097201651605
DS16,mc.rf_UNDERT,rf,UNDERT,7,0.019536293420534548
DS16,mc.rf_UNDERT,rf,UNDERT,8,0.01947753453203544
DS16,mc.rf_UNDERT,rf,UNDERT,9,0.01910125117893034
DS16,mc.rf_UNDERT,rf,UNDERT,10,0.02006346474435221
DS16,mc.rf_UNDERT,rf,UNDERT,11,0.021497380679464637
DS16,mc.rf_UNDERT,rf,UNDERT,12,0.021023768902612042
DS16,mc.rf_UNDERT,rf,UNDERT,13,0.020985100661453253
DS16,mc.rf_UNDERT,rf,UNDERT,14,0.021383538882513917
DS16,mc.rf_UNDERT,rf,UNDERT,15,0.020568920551708985
DS16,mc.rf_UNDERT,rf,UNDERT,16,0.023105859121299397
DS16,mc.rf_UNDERT,rf,UNDERT,17,0.02285502821788704
DS16,mc.rf_UNDERT,rf,UNDERT,18,0.022457133559455025
DS16,mc.rf_UNDERT,rf,UNDERT,19,0.02154760609439406
DS16,mc.rf_UNDERT,rf,UNDERT,20,0.021830090150249698
DS16,mc.rf_UNDERT,rf,UNDERT,21,0.020455940511208033
DS16,mc.rf_UNDERT,rf,UNDERT,22,0.019937506520306018
DS16,mc.rf_UNDERT,rf,UNDERT,23,0.01928330889655415
DS16,mc.rf_UNDERT,rf,UNDERT,24,0.01958042617752083
DS16,mc.rf_UNDERT,rf,UNDERT,25,0.01844752349365899
DS16,mc.rf_UNDERT,rf,UNDERT,26,0.017319941234059014
DS16,mc.rf_UNDERT,rf,UNDERT,27,0.013025198330915432
DS16,mc.rf_UNDERT,rf,UNDERT,28,0.012281787098487994
DS16,mc.rf_UNDERT,rf,UNDERT,29,0.012900154445273763
DS16,mc.rf_UNDERT,rf,UNDERT,30,0.011171280638579813
DS16,mc.rf_UNDERT,rf,UNDERT,31,0.010553522414318969
DS16,mc.rf_UNDERT,rf,UNDERT,32,0.010250108779124682
DS16,mc.rf_UNDERT,rf,UNDERT,33,0.010080280268841509
DS16,mc.rf_UNDERT,rf,UNDERT,34,0.010542966990880724
DS16,mc.rf_UNDERT,rf,UNDERT,35,0.00957907312026648
DS16,mc.rf_UNDERT,rf,UNDERT,36,0.010372870474237652
DS16,mc.rf_UNDERT,rf,UNDERT,37,0.00951747486863805
DS16,mc.rf_UNDERT,rf,UNDERT,38,0.011212062245272283
DS16,mc.rf_UNDERT,rf,UNDERT,39,0.010127796580590692
DS16,mc.rf_UNDERT,rf,UNDERT,40,0.010462803332348145
DS16,mc.rf_UNDERT,rf,UNDERT,41,0.01063215019002052
DS16,mc.rf_UNDERT,rf,UNDERT,42,0.010482335019491952
DS16,mc.rf_UNDERT,rf,UNDERT,43,0.008292014826877758
DS16,mc.rf_UNDERT,rf,UNDERT,44,0.007614043863213537
DS16,mc.rf_UNDERT,rf,UNDERT,45,0.007793111525145637
DS16,mc.rf_UNDERT,rf,UNDERT,46,0.008782304387627135
DS16,mc.rf_UNDERT,rf,UNDERT,47,0.007697046500923697
DS16,mc.rf_UNDERT,rf,UNDERT,48,0.007436109861121027
DS16,mc.rf_UNDERT,rf,UNDERT,49,0.0075393802108156185
DS16,mc.rf_UNDERT,rf,UNDERT,50,0.007182874963352457
DS16,mc.rf,rf,baseline,1,0.015328537509772425
DS16,mc.rf,rf,baseline,2,0.01532703306702822
DS16,mc.rf,rf,baseline,3,0.015932495456246237
DS16,mc.rf,rf,baseline,4,0.015738113726857628
DS16,mc.rf,rf,baseline,5,0.0158772812799611
DS16,mc.rf,rf,baseline,6,0.015980008069775873
DS16,mc.rf,rf,baseline,7,0.01603292743386961
DS16,mc.rf,rf,baseline,8,0.01700203664995603
DS16,mc.rf,rf,baseline,9,0.017856932609298288
DS16,mc.rf,rf,baseline,10,0.017499704488539478
DS16,mc.rf,rf,baseline,11,0.019377097760483627
DS16,mc.rf,rf,baseline,12,0.018535894520854676
DS16,mc.rf,rf,baseline,13,0.018563028431945332
DS16,mc.rf,rf,baseline,14,0.01858565166284969
DS16,mc.rf,rf,baseline,15,0.018796302091455965
DS16,mc.rf,rf,baseline,16,0.0197685631464268
DS16,mc.rf,rf,baseline,17,0.01971814449981892
DS16,mc.rf,rf,baseline,18,0.019432347814197014
DS16,mc.rf,rf,baseline,19,0.01863778633939331
DS16,mc.rf,rf,baseline,20,0.017570613626250148
DS16,mc.rf,rf,baseline,21,0.017591585800088166
DS16,mc.rf,rf,baseline,22,0.01605181730586537
DS16,mc.rf,rf,baseline,23,0.014841485312100616
DS16,mc.rf,rf,baseline,24,0.015014022855653706
DS16,mc.rf,rf,baseline,25,0.012244839675276398
DS16,mc.rf,rf,baseline,26,0.012074328469371126
DS16,mc.rf,rf,baseline,27,0.010956045578713717
DS16,mc.rf,rf,baseline,28,0.010606810960147851
DS16,mc.rf,rf,baseline,29,0.010753814994095383
DS16,mc.rf,rf,baseline,30,0.00875257895897656
DS16,mc.rf,rf,baseline,31,0.008569311610559696
DS16,mc.rf,rf,baseline,32,0.008535623090918137
DS16,mc.rf,rf,baseline,33,0.00834696152951938
DS16,mc.rf,rf,baseline,34,0.008488547962530776
DS16,mc.rf,rf,baseline,35,0.008455623471312223
DS16,mc.rf,rf,baseline,36,0.008389845889089288
DS16,mc.rf,rf,baseline,37,0.008582752721721933
DS16,mc.rf,rf,baseline,38,0.009040562966766493
DS16,mc.rf,rf,baseline,39,0.00894961797282404
DS16,mc.rf,rf,baseline,40,0.008720714593680089
DS16,mc.rf,rf,baseline,41,0.00871960849480797
DS16,mc.rf,rf,baseline,42,0.00618670454776393
DS16,mc.rf,rf,baseline,43,0.006090432156542532
DS16,mc.rf,rf,baseline,44,0.006025778401676134
DS16,mc.rf,rf,baseline,45,0.006091500877043148
DS16,mc.rf,rf,baseline,46,0.005953631845131145
DS16,mc.rf,rf,baseline,47,0.00611456528415073
DS16,mc.rf,rf,baseline,48,0.005857016802075062
DS16,mc.rf,rf,baseline,49,0.005824918366080717
DS16,mc.rf,rf,baseline,50,0.005857282612241171
DS16,mc.rpart_OVERB,rpart,OVERB,1,0.02124310127509438
DS16,mc.rpart_OVERB,rpart,OVERB,2,0.022696994760077527
DS16,mc.rpart_OVERB,rpart,OVERB,3,0.020757657071706948
DS16,mc.rpart_OVERB,rpart,OVERB,4,0.01730179779351601
DS16,mc.rpart_OVERB,rpart,OVERB,5,0.020824283740545752
DS16,mc.rpart_OVERB,rpart,OVERB,6,0.023989307071005047
DS16,mc.rpart_OVERB,rpart,OVERB,7,0.020252374558160972
DS16,mc.rpart_OVERB,rpart,OVERB,8,0.01688272613462229
DS16,mc.rpart_OVERB,rpart,OVERB,9,0.02418302998158188
DS16,mc.rpart_OVERB,rpart,OVERB,10,0.025174816493249014
DS16,mc.rpart_OVERB,rpart,OVERB,11,0.026672156061637593
DS16,mc.rpart_OVERB,rpart,OVERB,12,0.020123105482537585
DS16,mc.rpart_OVERB,rpart,OVERB,13,0.019325397607934506
DS16,mc.rpart_OVERB,rpart,OVERB,14,0.023657843149257535
DS16,mc.rpart_OVERB,rpart,OVERB,15,0.020869554246433043
DS16,mc.rpart_OVERB,rpart,OVERB,16,0.026212415837543766
DS16,mc.rpart_OVERB,rpart,OVERB,17,0.024917916160642706
DS16,mc.rpart_OVERB,rpart,OVERB,18,0.028275600871751797
DS16,mc.rpart_OVERB,rpart,OVERB,19,0.031073104540759677
DS16,mc.rpart_OVERB,rpart,OVERB,20,0.02576402723435519
DS16,mc.rpart_OVERB,rpart,OVERB,21,0.0277626143858584
DS16,mc.rpart_OVERB,rpart,OVERB,22,0.01531558161753766
DS16,mc.rpart_OVERB,rpart,OVERB,23,0.021757180948500213
DS16,mc.rpart_OVERB,rpart,OVERB,24,0.02138334657333003
DS16,mc.rpart_OVERB,rpart,OVERB,25,0.018463336497263422
DS16,mc.rpart_OVERB,rpart,OVERB,26,0.016178774401729913
DS16,mc.rpart_OVERB,rpart,OVERB,27,0.012668434815159547
DS16,mc.rpart_OVERB,rpart,OVERB,28,0.011908592385107303
DS16,mc.rpart_OVERB,rpart,OVERB,29,0.012192168514578222
DS16,mc.rpart_OVERB,rpart,OVERB,30,0.012782308925272252
DS16,mc.rpart_OVERB,rpart,OVERB,31,0.011256280168738812
DS16,mc.rpart_OVERB,rpart,OVERB,32,0.011467178936082895
DS16,mc.rpart_OVERB,rpart,OVERB,33,0.009803321595991135
DS16,mc.rpart_OVERB,rpart,OVERB,34,0.010279416149908393
DS16,mc.rpart_OVERB,rpart,OVERB,35,0.011777688387876767
DS16,mc.rpart_OVERB,rpart,OVERB,36,0.01602494600847234
DS16,mc.rpart_OVERB,rpart,OVERB,37,0.01132682323768491
DS16,mc.rpart_OVERB,rpart,OVERB,38,0.010233379931417373
DS16,mc.rpart_OVERB,rpart,OVERB,39,0.010957336326084146
DS16,mc.rpart_OVERB,rpart,OVERB,40,0.011303885398178337
DS16,mc.rpart_OVERB,rpart,OVERB,41,0.010042378814684953
DS16,mc.rpart_OVERB,rpart,OVERB,42,0.0078163659219231
DS16,mc.rpart_OVERB,rpart,OVERB,43,0.007586873222465572
DS16,mc.rpart_OVERB,rpart,OVERB,44,0.009108118161636569
DS16,mc.rpart_OVERB,rpart,OVERB,45,0.009006853878116308
DS16,mc.rpart_OVERB,rpart,OVERB,46,0.006789060710997167
DS16,mc.rpart_OVERB,rpart,OVERB,47,0.00760547718657081
DS16,mc.rpart_OVERB,rpart,OVERB,48,0.006349405249623928
DS16,mc.rpart_OVERB,rpart,OVERB,49,0.007164676792976391
DS16,mc.rpart_OVERB,rpart,OVERB,50,0.007028780842299869
DS16,mc.rpart_OVERTPhi,rpart,OVERTPhi,1,0.023149396259458506
DS16,mc.rpart_OVERTPhi,rpart,OVERTPhi,2,0.021219415183576857
DS16,mc.rpart_OVERTPhi,rpart,OVERTPhi,3,0.020695569353096098
DS16,mc.rpart_OVERTPhi,rpart,OVERTPhi,4,0.020309733670725846
DS16,mc.rpart_OVERTPhi,rpart,OVERTPhi,5,0.024729981120692655
DS16,mc.rpart_OVERTPhi,rpart,OVERTPhi,6,0.022231039634009048
DS16,mc.rpart_OVERTPhi,rpart,OVERTPhi,7,0.0194296056632457
DS16,mc.rpart_OVERTPhi,rpart,OVERTPhi,8,0.02318243710657353
DS16,mc.rpart_OVERTPhi,rpart,OVERTPhi,9,0.02147919170484413
DS16,mc.rpart_OVERTPhi,rpart,OVERTPhi,10,0.026247532924347925
DS16,mc.rpart_OVERTPhi,rpart,OVERTPhi,11,0.02299588449869126
DS16,mc.rpart_OVERTPhi,rpart,OVERTPhi,12,0.02241967019431919
DS16,mc.rpart_OVERTPhi,rpart,OVERTPhi,13,0.021052511213860453
DS16,mc.rpart_OVERTPhi,rpart,OVERTPhi,14,0.025042604363348035
DS16,mc.rpart_OVERTPhi,rpart,OVERTPhi,15,0.024462963878473756
DS16,mc.rpart_OVERTPhi,rpart,OVERTPhi,16,0.020101156884337903
DS16,mc.rpart_OVERTPhi,rpart,OVERTPhi,17,0.021160189850558356
DS16,mc.rpart_OVERTPhi,rpart,OVERTPhi,18,0.019388705493672158
DS16,mc.rpart_OVERTPhi,rpart,OVERTPhi,19,0.017086688977916268
DS16,mc.rpart_OVERTPhi,rpart,OVERTPhi,20,0.018741227773256364
DS16,mc.rpart_OVERTPhi,rpart,OVERTPhi,21,0.025329358908845856
DS16,mc.rpart_OVERTPhi,rpart,OVERTPhi,22,0.019257301263431673
DS16,mc.rpart_OVERTPhi,rpart,OVERTPhi,23,0.021894186772847532
DS16,mc.rpart_OVERTPhi,rpart,OVERTPhi,24,0.01799405842702886
DS16,mc.rpart_OVERTPhi,rpart,OVERTPhi,25,0.022995196241779918
DS16,mc.rpart_OVERTPhi,rpart,OVERTPhi,26,0.014528909400322901
DS16,mc.rpart_OVERTPhi,rpart,OVERTPhi,27,0.01634729463344242
DS16,mc.rpart_OVERTPhi,rpart,OVERTPhi,28,0.013788592229327627
DS16,mc.rpart_OVERTPhi,rpart,OVERTPhi,29,0.01452496664271047
DS16,mc.rpart_OVERTPhi,rpart,OVERTPhi,30,0.009864615667583537
DS16,mc.rpart_OVERTPhi,rpart,OVERTPhi,31,0.01093984490104919
DS16,mc.rpart_OVERTPhi,rpart,OVERTPhi,32,0.010118891483543356
DS16,mc.rpart_OVERTPhi,rpart,OVERTPhi,33,0.01082442499897264
DS16,mc.rpart_OVERTPhi,rpart,OVERTPhi,34,0.010887920431759965
DS16,mc.rpart_OVERTPhi,rpart,OVERTPhi,35,0.008958913967252185
DS16,mc.rpart_OVERTPhi,rpart,OVERTPhi,36,0.011550725053865936
DS16,mc.rpart_OVERTPhi,rpart,OVERTPhi,37,0.01218009755614463
DS16,mc.rpart_OVERTPhi,rpart,OVERTPhi,38,0.012616098991531287
DS16,mc.rpart_OVERTPhi,rpart,OVERTPhi,39,0.01377592316269888
DS16,mc.rpart_OVERTPhi,rpart,OVERTPhi,40,0.010094987774863343
DS16,mc.rpart_OVERTPhi,rpart,OVERTPhi,41,0.010630539832413952
DS16,mc.rpart_OVERTPhi,rpart,OVERTPhi,42,0.005318711588443521
DS16,mc.rpart_OVERTPhi,rpart,OVERTPhi,43,0.005591452390690628
DS16,mc.rpart_OVERTPhi,rpart,OVERTPhi,44,0.0062718321697623975
DS16,mc.rpart_OVERTPhi,rpart,OVERTPhi,45,0.005149639486558591
DS16,mc.rpart_OVERTPhi,rpart,OVERTPhi,46,0.006942519406465345
DS16,mc.rpart_OVERTPhi,rpart,OVERTPhi,47,0.005421570105039677
DS16,mc.rpart_OVERTPhi,rpart,OVERTPhi,48,0.00589257550249412
DS16,mc.rpart_OVERTPhi,rpart,OVERTPhi,49,0.006984333547279753
DS16,mc.rpart_OVERTPhi,rpart,OVERTPhi,50,0.007201265935958276
DS16,mc.rpart_OVERT,rpart,OVERT,1,0.023288744329896246
DS16,mc.rpart_OVERT,rpart,OVERT,2,0.02322490405187782
DS16,mc.rpart_OVERT,rpart,OVERT,3,0.020726045361123033
DS16,mc.rpart_OVERT,rpart,OVERT,4,0.017151609238619806
DS16,mc.rpart_OVERT,rpart,OVERT,5,0.024717598344344026
DS16,mc.rpart_OVERT,rpart,OVERT,6,0.019387082592475815
DS16,mc.rpart_OVERT,rpart,OVERT,7,0.019436013556800774
DS16,mc.rpart_OVERT,rpart,OVERT,8,0.023400288347423397
DS16,mc.rpart_OVERT,rpart,OVERT,9,0.02147970850023908
DS16,mc.rpart_OVERT,rpart,OVERT,10,0.02667972696865071
DS16,mc.rpart_OVERT,rpart,OVERT,11,0.02299588449869126
DS16,mc.rpart_OVERT,rpart,OVERT,12,0.02241868923416839
DS16,mc.rpart_OVERT,rpart,OVERT,13,0.021054785341878997
DS16,mc.rpart_OVERT,rpart,OVERT,14,0.024326572968753096
DS16,mc.rpart_OVERT,rpart,OVERT,15,0.02227303073285358
DS16,mc.rpart_OVERT,rpart,OVERT,16,0.020090964748780648
DS16,mc.rpart_OVERT,rpart,OVERT,17,0.02104578365820125
DS16,mc.rpart_OVERT,rpart,OVERT,18,0.019384333787800048
DS16,mc.rpart_OVERT,rpart,OVERT,19,0.01851482490869192
DS16,mc.rpart_OVERT,rpart,OVERT,20,0.018740431082743883
DS16,mc.rpart_OVERT,rpart,OVERT,21,0.023496126406359626
DS16,mc.rpart_OVERT,rpart,OVERT,22,0.019257300144815876
DS16,mc.rpart_OVERT,rpart,OVERT,23,0.021894154327354847
DS16,mc.rpart_OVERT,rpart,OVERT,24,0.020748574731979243
DS16,mc.rpart_OVERT,rpart,OVERT,25,0.021615349596838442
DS16,mc.rpart_OVERT,rpart,OVERT,26,0.013984621806846969
DS16,mc.rpart_OVERT,rpart,OVERT,27,0.01676209729750472
DS16,mc.rpart_OVERT,rpart,OVERT,28,0.013788829437900559
DS16,mc.rpart_OVERT,rpart,OVERT,29,0.014519978417886867
DS16,mc.rpart_OVERT,rpart,OVERT,30,0.009892485119783492
DS16,mc.rpart_OVERT,rpart,OVERT,31,0.010106466201048816
DS16,mc.rpart_OVERT,rpart,OVERT,32,0.009947305742552221
DS16,mc.rpart_OVERT,rpart,OVERT,33,0.01081964465984402
DS16,mc.rpart_OVERT,rpart,OVERT,34,0.010887920431759965
DS16,mc.rpart_OVERT,rpart,OVERT,35,0.008957617954814333
DS16,mc.rpart_OVERT,rpart,OVERT,36,0.01067863932849564
DS16,mc.rpart_OVERT,rpart,OVERT,37,0.012179108137738922
DS16,mc.rpart_OVERT,rpart,OVERT,38,0.012577237163258521
DS16,mc.rpart_OVERT,rpart,OVERT,39,0.013745090607273996
DS16,mc.rpart_OVERT,rpart,OVERT,40,0.010095585332923727
DS16,mc.rpart_OVERT,rpart,OVERT,41,0.01064001074124206
DS16,mc.rpart_OVERT,rpart,OVERT,42,0.006088274900112904
DS16,mc.rpart_OVERT,rpart,OVERT,43,0.005591887349374949
DS16,mc.rpart_OVERT,rpart,OVERT,44,0.007510953768669899
DS16,mc.rpart_OVERT,rpart,OVERT,45,0.005152349756528093
DS16,mc.rpart_OVERT,rpart,OVERT,46,0.00864694208268896
DS16,mc.rpart_OVERT,rpart,OVERT,47,0.005422089010208136
DS16,mc.rpart_OVERT,rpart,OVERT,48,0.005654417389949896
DS16,mc.rpart_OVERT,rpart,OVERT,49,0.00696378819833589
DS16,mc.rpart_OVERT,rpart,OVERT,50,0.007201265935958276
DS16,mc.rpart_SMOTEB,rpart,SMOTEB,1,0.02277345355416152
DS16,mc.rpart_SMOTEB,rpart,SMOTEB,2,0.02168686636203245
DS16,mc.rpart_SMOTEB,rpart,SMOTEB,3,0.02531816462035956
DS16,mc.rpart_SMOTEB,rpart,SMOTEB,4,0.028015451092095175
DS16,mc.rpart_SMOTEB,rpart,SMOTEB,5,0.020838233041501845
DS16,mc.rpart_SMOTEB,rpart,SMOTEB,6,0.026418714608268164
DS16,mc.rpart_SMOTEB,rpart,SMOTEB,7,0.02904151174627708
DS16,mc.rpart_SMOTEB,rpart,SMOTEB,8,0.04225825302343527
DS16,mc.rpart_SMOTEB,rpart,SMOTEB,9,0.04165383656193892
DS16,mc.rpart_SMOTEB,rpart,SMOTEB,10,0.027029356644237154
DS16,mc.rpart_SMOTEB,rpart,SMOTEB,11,0.026781059342869902
DS16,mc.rpart_SMOTEB,rpart,SMOTEB,12,0.0234246649317678
DS16,mc.rpart_SMOTEB,rpart,SMOTEB,13,0.03032960442930666
DS16,mc.rpart_SMOTEB,rpart,SMOTEB,14,0.028735146666023337
DS16,mc.rpart_SMOTEB,rpart,SMOTEB,15,0.022045942012115745
DS16,mc.rpart_SMOTEB,rpart,SMOTEB,16,0.025269514442115473
DS16,mc.rpart_SMOTEB,rpart,SMOTEB,17,0.031031195498447538
DS16,mc.rpart_SMOTEB,rpart,SMOTEB,18,0.021808271569861804
DS16,mc.rpart_SMOTEB,rpart,SMOTEB,19,0.035834149882902754
DS16,mc.rpart_SMOTEB,rpart,SMOTEB,20,0.031603957936080306
DS16,mc.rpart_SMOTEB,rpart,SMOTEB,21,0.026406243580720298
DS16,mc.rpart_SMOTEB,rpart,SMOTEB,22,0.028515919999356962
DS16,mc.rpart_SMOTEB,rpart,SMOTEB,23,0.021999849800815426
DS16,mc.rpart_SMOTEB,rpart,SMOTEB,24,0.0228884623168466
DS16,mc.rpart_SMOTEB,rpart,SMOTEB,25,0.023293179864589297
DS16,mc.rpart_SMOTEB,rpart,SMOTEB,26,0.025502414552643383
DS16,mc.rpart_SMOTEB,rpart,SMOTEB,27,0.016913095411839458
DS16,mc.rpart_SMOTEB,rpart,SMOTEB,28,0.015623175857079412
DS16,mc.rpart_SMOTEB,rpart,SMOTEB,29,0.01778716052062141
DS16,mc.rpart_SMOTEB,rpart,SMOTEB,30,0.017179797241890074
DS16,mc.rpart_SMOTEB,rpart,SMOTEB,31,0.016426352624794683
DS16,mc.rpart_SMOTEB,rpart,SMOTEB,32,0.013966079458941174
DS16,mc.rpart_SMOTEB,rpart,SMOTEB,33,0.013375786291393979
DS16,mc.rpart_SMOTEB,rpart,SMOTEB,34,0.014187822180381962
DS16,mc.rpart_SMOTEB,rpart,SMOTEB,35,0.013323876973418056
DS16,mc.rpart_SMOTEB,rpart,SMOTEB,36,0.01643959823759822
DS16,mc.rpart_SMOTEB,rpart,SMOTEB,37,0.012751806249153147
DS16,mc.rpart_SMOTEB,rpart,SMOTEB,38,0.016579610994377967
DS16,mc.rpart_SMOTEB,rpart,SMOTEB,39,0.018535450682427533
DS16,mc.rpart_SMOTEB,rpart,SMOTEB,40,0.010023320453486962
DS16,mc.rpart_SMOTEB,rpart,SMOTEB,41,0.013752894998335184
DS16,mc.rpart_SMOTEB,rpart,SMOTEB,42,0.017270438658256955
DS16,mc.rpart_SMOTEB,rpart,SMOTEB,43,0.010735687637142319
DS16,mc.rpart_SMOTEB,rpart,SMOTEB,44,0.014098379515584396
DS16,mc.rpart_SMOTEB,rpart,SMOTEB,45,0.008442362393431603
DS16,mc.rpart_SMOTEB,rpart,SMOTEB,46,0.008415521479461813
DS16,mc.rpart_SMOTEB,rpart,SMOTEB,47,0.011641500446115172
DS16,mc.rpart_SMOTEB,rpart,SMOTEB,48,0.01133948247835561
DS16,mc.rpart_SMOTEB,rpart,SMOTEB,49,0.012108314814820529
DS16,mc.rpart_SMOTEB,rpart,SMOTEB,50,0.011877672401856262
DS16,mc.rpart_SMOTETPhi,rpart,SMOTETPhi,1,0.03412812012738141
DS16,mc.rpart_SMOTETPhi,rpart,SMOTETPhi,2,0.03238266305382817
DS16,mc.rpart_SMOTETPhi,rpart,SMOTETPhi,3,0.030045718445063548
DS16,mc.rpart_SMOTETPhi,rpart,SMOTETPhi,4,0.03039375080437701
DS16,mc.rpart_SMOTETPhi,rpart,SMOTETPhi,5,0.027160053576903737
DS16,mc.rpart_SMOTETPhi,rpart,SMOTETPhi,6,0.027966900376740437
DS16,mc.rpart_SMOTETPhi,rpart,SMOTETPhi,7,0.03846572467584149
DS16,mc.rpart_SMOTETPhi,rpart,SMOTETPhi,8,0.03541824364209804
DS16,mc.rpart_SMOTETPhi,rpart,SMOTETPhi,9,0.03093593363747081
DS16,mc.rpart_SMOTETPhi,rpart,SMOTETPhi,10,0.026664898958500008
DS16,mc.rpart_SMOTETPhi,rpart,SMOTETPhi,11,0.026325986287986495
DS16,mc.rpart_SMOTETPhi,rpart,SMOTETPhi,12,0.022390503320483875
DS16,mc.rpart_SMOTETPhi,rpart,SMOTETPhi,13,0.026125410919460208
DS16,mc.rpart_SMOTETPhi,rpart,SMOTETPhi,14,0.03136256916789699
DS16,mc.rpart_SMOTETPhi,rpart,SMOTETPhi,15,0.020931478957730468
DS16,mc.rpart_SMOTETPhi,rpart,SMOTETPhi,16,0.019243355214673217
DS16,mc.rpart_SMOTETPhi,rpart,SMOTETPhi,17,0.020071257725849022
DS16,mc.rpart_SMOTETPhi,rpart,SMOTETPhi,18,0.022288249779062082
DS16,mc.rpart_SMOTETPhi,rpart,SMOTETPhi,19,0.03711440672693248
DS16,mc.rpart_SMOTETPhi,rpart,SMOTETPhi,20,0.027509008339302695
DS16,mc.rpart_SMOTETPhi,rpart,SMOTETPhi,21,0.02719095670164428
DS16,mc.rpart_SMOTETPhi,rpart,SMOTETPhi,22,0.03140586094139395
DS16,mc.rpart_SMOTETPhi,rpart,SMOTETPhi,23,0.02491856137082298
DS16,mc.rpart_SMOTETPhi,rpart,SMOTETPhi,24,0.020771951128266065
DS16,mc.rpart_SMOTETPhi,rpart,SMOTETPhi,25,0.03303544336224256
DS16,mc.rpart_SMOTETPhi,rpart,SMOTETPhi,26,0.026701240421025743
DS16,mc.rpart_SMOTETPhi,rpart,SMOTETPhi,27,0.018442490419373975
DS16,mc.rpart_SMOTETPhi,rpart,SMOTETPhi,28,0.017922679922669712
DS16,mc.rpart_SMOTETPhi,rpart,SMOTETPhi,29,0.02053147310340763
DS16,mc.rpart_SMOTETPhi,rpart,SMOTETPhi,30,0.017588549447413938
DS16,mc.rpart_SMOTETPhi,rpart,SMOTETPhi,31,0.020360598605568523
DS16,mc.rpart_SMOTETPhi,rpart,SMOTETPhi,32,0.020546244647513603
DS16,mc.rpart_SMOTETPhi,rpart,SMOTETPhi,33,0.017708124119011667
DS16,mc.rpart_SMOTETPhi,rpart,SMOTETPhi,34,0.019470030588829134
DS16,mc.rpart_SMOTETPhi,rpart,SMOTETPhi,35,0.020772125239445532
DS16,mc.rpart_SMOTETPhi,rpart,SMOTETPhi,36,0.016024459418959212
DS16,mc.rpart_SMOTETPhi,rpart,SMOTETPhi,37,0.018727479565450185
DS16,mc.rpart_SMOTETPhi,rpart,SMOTETPhi,38,0.013150369082698326
DS16,mc.rpart_SMOTETPhi,rpart,SMOTETPhi,39,0.01568852751334927
DS16,mc.rpart_SMOTETPhi,rpart,SMOTETPhi,40,0.02212313793151996
DS16,mc.rpart_SMOTETPhi,rpart,SMOTETPhi,41,0.016182857809700937
DS16,mc.rpart_SMOTETPhi,rpart,SMOTETPhi,42,0.013433668552761069
DS16,mc.rpart_SMOTETPhi,rpart,SMOTETPhi,43,0.014701314682882403
DS16,mc.rpart_SMOTETPhi,rpart,SMOTETPhi,44,0.01569121822407795
DS16,mc.rpart_SMOTETPhi,rpart,SMOTETPhi,45,0.01261082869653629
DS16,mc.rpart_SMOTETPhi,rpart,SMOTETPhi,46,0.011282315863673672
DS16,mc.rpart_SMOTETPhi,rpart,SMOTETPhi,47,0.008664304378781663
DS16,mc.rpart_SMOTETPhi,rpart,SMOTETPhi,48,0.010629003046698077
DS16,mc.rpart_SMOTETPhi,rpart,SMOTETPhi,49,0.01109919469598077
DS16,mc.rpart_SMOTETPhi,rpart,SMOTETPhi,50,0.012417785759575887
DS16,mc.rpart_SMOTET,rpart,SMOTET,1,0.03006935604913593
DS16,mc.rpart_SMOTET,rpart,SMOTET,2,0.027851961052131127
DS16,mc.rpart_SMOTET,rpart,SMOTET,3,0.02391911899024811
DS16,mc.rpart_SMOTET,rpart,SMOTET,4,0.03684311489676685
DS16,mc.rpart_SMOTET,rpart,SMOTET,5,0.018610162050783717
DS16,mc.rpart_SMOTET,rpart,SMOTET,6,0.026010390074571853
DS16,mc.rpart_SMOTET,rpart,SMOTET,7,0.02888257646903959
DS16,mc.rpart_SMOTET,rpart,SMOTET,8,0.0318820824459168
DS16,mc.rpart_SMOTET,rpart,SMOTET,9,0.02882952997603403
DS16,mc.rpart_SMOTET,rpart,SMOTET,10,0.02182218264183615
DS16,mc.rpart_SMOTET,rpart,SMOTET,11,0.024741368890123357
DS16,mc.rpart_SMOTET,rpart,SMOTET,12,0.024689928203107107
DS16,mc.rpart_SMOTET,rpart,SMOTET,13,0.029734495109032175
DS16,mc.rpart_SMOTET,rpart,SMOTET,14,0.02990896565398906
DS16,mc.rpart_SMOTET,rpart,SMOTET,15,0.03650198835576003
DS16,mc.rpart_SMOTET,rpart,SMOTET,16,0.020670652854357846
DS16,mc.rpart_SMOTET,rpart,SMOTET,17,0.025990204453600542
DS16,mc.rpart_SMOTET,rpart,SMOTET,18,0.025218770621450132
DS16,mc.rpart_SMOTET,rpart,SMOTET,19,0.03473283691799248
DS16,mc.rpart_SMOTET,rpart,SMOTET,20,0.028284104337048567
DS16,mc.rpart_SMOTET,rpart,SMOTET,21,0.026837883375168025
DS16,mc.rpart_SMOTET,rpart,SMOTET,22,0.01920938397541099
DS16,mc.rpart_SMOTET,rpart,SMOTET,23,0.019703936287355058
DS16,mc.rpart_SMOTET,rpart,SMOTET,24,0.020733960914548197
DS16,mc.rpart_SMOTET,rpart,SMOTET,25,0.03147408374186736
DS16,mc.rpart_SMOTET,rpart,SMOTET,26,0.026230657712781717
DS16,mc.rpart_SMOTET,rpart,SMOTET,27,0.017492975717411156
DS16,mc.rpart_SMOTET,rpart,SMOTET,28,0.023267407422871127
DS16,mc.rpart_SMOTET,rpart,SMOTET,29,0.018670254123533715
DS16,mc.rpart_SMOTET,rpart,SMOTET,30,0.01473584361936588
DS16,mc.rpart_SMOTET,rpart,SMOTET,31,0.018598225001601378
DS16,mc.rpart_SMOTET,rpart,SMOTET,32,0.020092067839397636
DS16,mc.rpart_SMOTET,rpart,SMOTET,33,0.013196901389501808
DS16,mc.rpart_SMOTET,rpart,SMOTET,34,0.016232561060556316
DS16,mc.rpart_SMOTET,rpart,SMOTET,35,0.014542385935631124
DS16,mc.rpart_SMOTET,rpart,SMOTET,36,0.012174050518357508
DS16,mc.rpart_SMOTET,rpart,SMOTET,37,0.017427870687308077
DS16,mc.rpart_SMOTET,rpart,SMOTET,38,0.01512284888605062
DS16,mc.rpart_SMOTET,rpart,SMOTET,39,0.011428244054248148
DS16,mc.rpart_SMOTET,rpart,SMOTET,40,0.014756668380413505
DS16,mc.rpart_SMOTET,rpart,SMOTET,41,0.012582623142939023
DS16,mc.rpart_SMOTET,rpart,SMOTET,42,0.010132155517108686
DS16,mc.rpart_SMOTET,rpart,SMOTET,43,0.011567119688930507
DS16,mc.rpart_SMOTET,rpart,SMOTET,44,0.01162992307143556
DS16,mc.rpart_SMOTET,rpart,SMOTET,45,0.007433588997372877
DS16,mc.rpart_SMOTET,rpart,SMOTET,46,0.012855860561784664
DS16,mc.rpart_SMOTET,rpart,SMOTET,47,0.009428172388526324
DS16,mc.rpart_SMOTET,rpart,SMOTET,48,0.007358592645390337
DS16,mc.rpart_SMOTET,rpart,SMOTET,49,0.008811057909625247
DS16,mc.rpart_SMOTET,rpart,SMOTET,50,0.011091192388345494
DS16,mc.rpart_UNDERB,rpart,UNDERB,1,0.0332475651351274
DS16,mc.rpart_UNDERB,rpart,UNDERB,2,0.026599610409910095
DS16,mc.rpart_UNDERB,rpart,UNDERB,3,0.025102215926804783
DS16,mc.rpart_UNDERB,rpart,UNDERB,4,0.02558896660321187
DS16,mc.rpart_UNDERB,rpart,UNDERB,5,0.021905022555634292
DS16,mc.rpart_UNDERB,rpart,UNDERB,6,0.0228814765632251
DS16,mc.rpart_UNDERB,rpart,UNDERB,7,0.02206927779669138
DS16,mc.rpart_UNDERB,rpart,UNDERB,8,0.02981050696779047
DS16,mc.rpart_UNDERB,rpart,UNDERB,9,0.025166239532842256
DS16,mc.rpart_UNDERB,rpart,UNDERB,10,0.02754178835547362
DS16,mc.rpart_UNDERB,rpart,UNDERB,11,0.035684078296950944
DS16,mc.rpart_UNDERB,rpart,UNDERB,12,0.033433405995542745
DS16,mc.rpart_UNDERB,rpart,UNDERB,13,0.025011050229231297
DS16,mc.rpart_UNDERB,rpart,UNDERB,14,0.03614721639306983
DS16,mc.rpart_UNDERB,rpart,UNDERB,15,0.030925271915995003
DS16,mc.rpart_UNDERB,rpart,UNDERB,16,0.03370314648723551
DS16,mc.rpart_UNDERB,rpart,UNDERB,17,0.028752357977000764
DS16,mc.rpart_UNDERB,rpart,UNDERB,18,0.029406712166329296
DS16,mc.rpart_UNDERB,rpart,UNDERB,19,0.039589326736507224
DS16,mc.rpart_UNDERB,rpart,UNDERB,20,0.030236300609391503
DS16,mc.rpart_UNDERB,rpart,UNDERB,21,0.027865576531565645
DS16,mc.rpart_UNDERB,rpart,UNDERB,22,0.02356358176056519
DS16,mc.rpart_UNDERB,rpart,UNDERB,23,0.027252280480486533
DS16,mc.rpart_UNDERB,rpart,UNDERB,24,0.02578874359116332
DS16,mc.rpart_UNDERB,rpart,UNDERB,25,0.029581362630737473
DS16,mc.rpart_UNDERB,rpart,UNDERB,26,0.02098388177272142
DS16,mc.rpart_UNDERB,rpart,UNDERB,27,0.021319436936560528
DS16,mc.rpart_UNDERB,rpart,UNDERB,28,0.018032509112220235
DS16,mc.rpart_UNDERB,rpart,UNDERB,29,0.017165977381526226
DS16,mc.rpart_UNDERB,rpart,UNDERB,30,0.018362618280638274
DS16,mc.rpart_UNDERB,rpart,UNDERB,31,0.017080814216313106
DS16,mc.rpart_UNDERB,rpart,UNDERB,32,0.013465105580928435
DS16,mc.rpart_UNDERB,rpart,UNDERB,33,0.009506993036010394
DS16,mc.rpart_UNDERB,rpart,UNDERB,34,0.01711162117668255
DS16,mc.rpart_UNDERB,rpart,UNDERB,35,0.013963594747185233
DS16,mc.rpart_UNDERB,rpart,UNDERB,36,0.012122134097509509
DS16,mc.rpart_UNDERB,rpart,UNDERB,37,0.0151870309191533
DS16,mc.rpart_UNDERB,rpart,UNDERB,38,0.01284367404702465
DS16,mc.rpart_UNDERB,rpart,UNDERB,39,0.011408160972184792
DS16,mc.rpart_UNDERB,rpart,UNDERB,40,0.012944593884608481
DS16,mc.rpart_UNDERB,rpart,UNDERB,41,0.01911808389234712
DS16,mc.rpart_UNDERB,rpart,UNDERB,42,0.009632343735556367
DS16,mc.rpart_UNDERB,rpart,UNDERB,43,0.013832031003574358
DS16,mc.rpart_UNDERB,rpart,UNDERB,44,0.015736692237642014
DS16,mc.rpart_UNDERB,rpart,UNDERB,45,0.01130223093132753
DS16,mc.rpart_UNDERB,rpart,UNDERB,46,0.01311990630419121
DS16,mc.rpart_UNDERB,rpart,UNDERB,47,0.010160229469559169
DS16,mc.rpart_UNDERB,rpart,UNDERB,48,0.010892687477704235
DS16,mc.rpart_UNDERB,rpart,UNDERB,49,0.011560992967968859
DS16,mc.rpart_UNDERB,rpart,UNDERB,50,0.013469235100939565
DS16,mc.rpart_UNDERTPhi,rpart,UNDERTPhi,1,0.03128465832680067
DS16,mc.rpart_UNDERTPhi,rpart,UNDERTPhi,2,0.025302242955641964
DS16,mc.rpart_UNDERTPhi,rpart,UNDERTPhi,3,0.025801614621901715
DS16,mc.rpart_UNDERTPhi,rpart,UNDERTPhi,4,0.02619399259628847
DS16,mc.rpart_UNDERTPhi,rpart,UNDERTPhi,5,0.025039437596048146
DS16,mc.rpart_UNDERTPhi,rpart,UNDERTPhi,6,0.02708213944624138
DS16,mc.rpart_UNDERTPhi,rpart,UNDERTPhi,7,0.028974578775900324
DS16,mc.rpart_UNDERTPhi,rpart,UNDERTPhi,8,0.02746373933005067
DS16,mc.rpart_UNDERTPhi,rpart,UNDERTPhi,9,0.027701538823648203
DS16,mc.rpart_UNDERTPhi,rpart,UNDERTPhi,10,0.025225659909197513
DS16,mc.rpart_UNDERTPhi,rpart,UNDERTPhi,11,0.028036936730281816
DS16,mc.rpart_UNDERTPhi,rpart,UNDERTPhi,12,0.031733262316811436
DS16,mc.rpart_UNDERTPhi,rpart,UNDERTPhi,13,0.028500234659249814
DS16,mc.rpart_UNDERTPhi,rpart,UNDERTPhi,14,0.02767362511131244
DS16,mc.rpart_UNDERTPhi,rpart,UNDERTPhi,15,0.032169704271580515
DS16,mc.rpart_UNDERTPhi,rpart,UNDERTPhi,16,0.03468251596319732
DS16,mc.rpart_UNDERTPhi,rpart,UNDERTPhi,17,0.030471536563458315
DS16,mc.rpart_UNDERTPhi,rpart,UNDERTPhi,18,0.031864165561915334
DS16,mc.rpart_UNDERTPhi,rpart,UNDERTPhi,19,0.02593740599893507
DS16,mc.rpart_UNDERTPhi,rpart,UNDERTPhi,20,0.027796305056415952
DS16,mc.rpart_UNDERTPhi,rpart,UNDERTPhi,21,0.03302591707774091
DS16,mc.rpart_UNDERTPhi,rpart,UNDERTPhi,22,0.028588460607076673
DS16,mc.rpart_UNDERTPhi,rpart,UNDERTPhi,23,0.023270363379290036
DS16,mc.rpart_UNDERTPhi,rpart,UNDERTPhi,24,0.029764070633798753
DS16,mc.rpart_UNDERTPhi,rpart,UNDERTPhi,25,0.02424310794027709
DS16,mc.rpart_UNDERTPhi,rpart,UNDERTPhi,26,0.021600766106779627
DS16,mc.rpart_UNDERTPhi,rpart,UNDERTPhi,27,0.021317779872215836
DS16,mc.rpart_UNDERTPhi,rpart,UNDERTPhi,28,0.013569412469095427
DS16,mc.rpart_UNDERTPhi,rpart,UNDERTPhi,29,0.015536775236337865
DS16,mc.rpart_UNDERTPhi,rpart,UNDERTPhi,30,0.017650617857696428
DS16,mc.rpart_UNDERTPhi,rpart,UNDERTPhi,31,0.015820064631694112
DS16,mc.rpart_UNDERTPhi,rpart,UNDERTPhi,32,0.010158377431487224
DS16,mc.rpart_UNDERTPhi,rpart,UNDERTPhi,33,0.013905515682351627
DS16,mc.rpart_UNDERTPhi,rpart,UNDERTPhi,34,0.01912408761614889
DS16,mc.rpart_UNDERTPhi,rpart,UNDERTPhi,35,0.013131431590526266
DS16,mc.rpart_UNDERTPhi,rpart,UNDERTPhi,36,0.01316054064293564
DS16,mc.rpart_UNDERTPhi,rpart,UNDERTPhi,37,0.013667569578629893
DS16,mc.rpart_UNDERTPhi,rpart,UNDERTPhi,38,0.013412708438891262
DS16,mc.rpart_UNDERTPhi,rpart,UNDERTPhi,39,0.01786614830234079
DS16,mc.rpart_UNDERTPhi,rpart,UNDERTPhi,40,0.013728370247616799
DS16,mc.rpart_UNDERTPhi,rpart,UNDERTPhi,41,0.017446189460178972
DS16,mc.rpart_UNDERTPhi,rpart,UNDERTPhi,42,0.007643954939999829
DS16,mc.rpart_UNDERTPhi,rpart,UNDERTPhi,43,0.013591886431629261
DS16,mc.rpart_UNDERTPhi,rpart,UNDERTPhi,44,0.013693814057547916
DS16,mc.rpart_UNDERTPhi,rpart,UNDERTPhi,45,0.013132144207157793
DS16,mc.rpart_UNDERTPhi,rpart,UNDERTPhi,46,0.018069000913622624
DS16,mc.rpart_UNDERTPhi,rpart,UNDERTPhi,47,0.012338122278597902
DS16,mc.rpart_UNDERTPhi,rpart,UNDERTPhi,48,0.012219524228076845
DS16,mc.rpart_UNDERTPhi,rpart,UNDERTPhi,49,0.010125239480370328
DS16,mc.rpart_UNDERTPhi,rpart,UNDERTPhi,50,0.01871871408900249
DS16,mc.rpart_UNDERT,rpart,UNDERT,1,0.028018806890555168
DS16,mc.rpart_UNDERT,rpart,UNDERT,2,0.022645710322526547
DS16,mc.rpart_UNDERT,rpart,UNDERT,3,0.023032933075410916
DS16,mc.rpart_UNDERT,rpart,UNDERT,4,0.028323331256673415
DS16,mc.rpart_UNDERT,rpart,UNDERT,5,0.028000542673022884
DS16,mc.rpart_UNDERT,rpart,UNDERT,6,0.031927751429979286
DS16,mc.rpart_UNDERT,rpart,UNDERT,7,0.029366979530759705
DS16,mc.rpart_UNDERT,rpart,UNDERT,8,0.026122945152432967
DS16,mc.rpart_UNDERT,rpart,UNDERT,9,0.02361974930894394
DS16,mc.rpart_UNDERT,rpart,UNDERT,10,0.03168282340884329
DS16,mc.rpart_UNDERT,rpart,UNDERT,11,0.03548553330692351
DS16,mc.rpart_UNDERT,rpart,UNDERT,12,0.035609493171492555
DS16,mc.rpart_UNDERT,rpart,UNDERT,13,0.032631348103273956
DS16,mc.rpart_UNDERT,rpart,UNDERT,14,0.02722426021642205
DS16,mc.rpart_UNDERT,rpart,UNDERT,15,0.029935181530144555
DS16,mc.rpart_UNDERT,rpart,UNDERT,16,0.0302577558322892
DS16,mc.rpart_UNDERT,rpart,UNDERT,17,0.033402501480736035
DS16,mc.rpart_UNDERT,rpart,UNDERT,18,0.03560025623619389
DS16,mc.rpart_UNDERT,rpart,UNDERT,19,0.030042315716298625
DS16,mc.rpart_UNDERT,rpart,UNDERT,20,0.03477559479057972
DS16,mc.rpart_UNDERT,rpart,UNDERT,21,0.023512443316079597
DS16,mc.rpart_UNDERT,rpart,UNDERT,22,0.0338215122488315
DS16,mc.rpart_UNDERT,rpart,UNDERT,23,0.027184179712933933
DS16,mc.rpart_UNDERT,rpart,UNDERT,24,0.02649009493981487
DS16,mc.rpart_UNDERT,rpart,UNDERT,25,0.026607232530323238
DS16,mc.rpart_UNDERT,rpart,UNDERT,26,0.025366320453948297
DS16,mc.rpart_UNDERT,rpart,UNDERT,27,0.02506819103496517
DS16,mc.rpart_UNDERT,rpart,UNDERT,28,0.0249743381254429
DS16,mc.rpart_UNDERT,rpart,UNDERT,29,0.02291828115450599
DS16,mc.rpart_UNDERT,rpart,UNDERT,30,0.019543997527679463
DS16,mc.rpart_UNDERT,rpart,UNDERT,31,0.015414815633569386
DS16,mc.rpart_UNDERT,rpart,UNDERT,32,0.017682159907834012
DS16,mc.rpart_UNDERT,rpart,UNDERT,33,0.01536278221785228
DS16,mc.rpart_UNDERT,rpart,UNDERT,34,0.014739522941682213
DS16,mc.rpart_UNDERT,rpart,UNDERT,35,0.014311614826762381
DS16,mc.rpart_UNDERT,rpart,UNDERT,36,0.014360756662685648
DS16,mc.rpart_UNDERT,rpart,UNDERT,37,0.014062270347074324
DS16,mc.rpart_UNDERT,rpart,UNDERT,38,0.014196077100423844
DS16,mc.rpart_UNDERT,rpart,UNDERT,39,0.014022204287570103
DS16,mc.rpart_UNDERT,rpart,UNDERT,40,0.016941651008671933
DS16,mc.rpart_UNDERT,rpart,UNDERT,41,0.01570611784004589
DS16,mc.rpart_UNDERT,rpart,UNDERT,42,0.017102715598340007
DS16,mc.rpart_UNDERT,rpart,UNDERT,43,0.011312453781601913
DS16,mc.rpart_UNDERT,rpart,UNDERT,44,0.014877705556244451
DS16,mc.rpart_UNDERT,rpart,UNDERT,45,0.010047001078816419
DS16,mc.rpart_UNDERT,rpart,UNDERT,46,0.015505206948835776
DS16,mc.rpart_UNDERT,rpart,UNDERT,47,0.009661299403182427
DS16,mc.rpart_UNDERT,rpart,UNDERT,48,0.014182859382034327
DS16,mc.rpart_UNDERT,rpart,UNDERT,49,0.013616055277604355
DS16,mc.rpart_UNDERT,rpart,UNDERT,50,0.010271420035120465
DS16,mc.rpart,rpart,baseline,1,0.01825545208775381
DS16,mc.rpart,rpart,baseline,2,0.019153220048775337
DS16,mc.rpart,rpart,baseline,3,0.02044643179146544
DS16,mc.rpart,rpart,baseline,4,0.01723476644307101
DS16,mc.rpart,rpart,baseline,5,0.01885905604028739
DS16,mc.rpart,rpart,baseline,6,0.018943275995289638
DS16,mc.rpart,rpart,baseline,7,0.016128542043525564
DS16,mc.rpart,rpart,baseline,8,0.01728551071203239
DS16,mc.rpart,rpart,baseline,9,0.01891956144763477
DS16,mc.rpart,rpart,baseline,10,0.018788958941422927
DS16,mc.rpart,rpart,baseline,11,0.021137920446404883
DS16,mc.rpart,rpart,baseline,12,0.01981428063338197
DS16,mc.rpart,rpart,baseline,13,0.02004069167000936
DS16,mc.rpart,rpart,baseline,14,0.022462360535004472
DS16,mc.rpart,rpart,baseline,15,0.023835821533937974
DS16,mc.rpart,rpart,baseline,16,0.021389836772553843
DS16,mc.rpart,rpart,baseline,17,0.02102225045802205
DS16,mc.rpart,rpart,baseline,18,0.02109406820097172
DS16,mc.rpart,rpart,baseline,19,0.016851094210411238
DS16,mc.rpart,rpart,baseline,20,0.02034030827668238
DS16,mc.rpart,rpart,baseline,21,0.013644995883274691
DS16,mc.rpart,rpart,baseline,22,0.01996249663030142
DS16,mc.rpart,rpart,baseline,23,0.016788496027655246
DS16,mc.rpart,rpart,baseline,24,0.015015019477445402
DS16,mc.rpart,rpart,baseline,25,0.014382120791645699
DS16,mc.rpart,rpart,baseline,26,0.01741124453404365
DS16,mc.rpart,rpart,baseline,27,0.013683628573287584
DS16,mc.rpart,rpart,baseline,28,0.014432925480022282
DS16,mc.rpart,rpart,baseline,29,0.015708185595452614
DS16,mc.rpart,rpart,baseline,30,0.011240274704957778
DS16,mc.rpart,rpart,baseline,31,0.01063636582370069
DS16,mc.rpart,rpart,baseline,32,0.014712713799116643
DS16,mc.rpart,rpart,baseline,33,0.014676095748606784
DS16,mc.rpart,rpart,baseline,34,0.01113402890826739
DS16,mc.rpart,rpart,baseline,35,0.01147122934865941
DS16,mc.rpart,rpart,baseline,36,0.011205179804547924
DS16,mc.rpart,rpart,baseline,37,0.010957525369566744
DS16,mc.rpart,rpart,baseline,38,0.012667203178306495
DS16,mc.rpart,rpart,baseline,39,0.011365039257459098
DS16,mc.rpart,rpart,baseline,40,0.01159055027692758
DS16,mc.rpart,rpart,baseline,41,0.010393870803400151
DS16,mc.rpart,rpart,baseline,42,0.007206076226391751
DS16,mc.rpart,rpart,baseline,43,0.0055879973292126146
DS16,mc.rpart,rpart,baseline,44,0.007770969523497767
DS16,mc.rpart,rpart,baseline,45,0.007891166710922756
DS16,mc.rpart,rpart,baseline,46,0.007129532284967649
DS16,mc.rpart,rpart,baseline,47,0.007155197265853536
DS16,mc.rpart,rpart,baseline,48,0.005319474815658552
DS16,mc.rpart,rpart,baseline,49,0.00822081681780955
DS16,mc.rpart,rpart,baseline,50,0.007742034029998747
DS16,mc.svm_OVERB,svm,OVERB,1,0.018606997646119647
DS16,mc.svm_OVERB,svm,OVERB,2,0.016751130381552702
DS16,mc.svm_OVERB,svm,OVERB,3,0.016881040045839103
DS16,mc.svm_OVERB,svm,OVERB,4,0.016684337519897608
DS16,mc.svm_OVERB,svm,OVERB,5,0.01873090877043012
DS16,mc.svm_OVERB,svm,OVERB,6,0.018345404869091576
DS16,mc.svm_OVERB,svm,OVERB,7,0.019265212188548035
DS16,mc.svm_OVERB,svm,OVERB,8,0.021846461032200983
DS16,mc.svm_OVERB,svm,OVERB,9,0.020069858172617517
DS16,mc.svm_OVERB,svm,OVERB,10,0.0216860548198218
DS16,mc.svm_OVERB,svm,OVERB,11,0.02620060815027409
DS16,mc.svm_OVERB,svm,OVERB,12,0.024713071640651674
DS16,mc.svm_OVERB,svm,OVERB,13,0.0250107799721103
DS16,mc.svm_OVERB,svm,OVERB,14,0.026239369100312968
DS16,mc.svm_OVERB,svm,OVERB,15,0.02575606646511888
DS16,mc.svm_OVERB,svm,OVERB,16,0.028359269133044016
DS16,mc.svm_OVERB,svm,OVERB,17,0.02791038281202763
DS16,mc.svm_OVERB,svm,OVERB,18,0.027351343229151073
DS16,mc.svm_OVERB,svm,OVERB,19,0.028388039457471717
DS16,mc.svm_OVERB,svm,OVERB,20,0.02964329854949556
DS16,mc.svm_OVERB,svm,OVERB,21,0.029754339692354574
DS16,mc.svm_OVERB,svm,OVERB,22,0.026218527343272416
DS16,mc.svm_OVERB,svm,OVERB,23,0.02440071293601245
DS16,mc.svm_OVERB,svm,OVERB,24,0.023494598804214985
DS16,mc.svm_OVERB,svm,OVERB,25,0.025937633479214555
DS16,mc.svm_OVERB,svm,OVERB,26,0.022111535495516737
DS16,mc.svm_OVERB,svm,OVERB,27,0.014887033619626235
DS16,mc.svm_OVERB,svm,OVERB,28,0.01267650981194532
DS16,mc.svm_OVERB,svm,OVERB,29,0.012526447462037914
DS16,mc.svm_OVERB,svm,OVERB,30,0.011084849844435916
DS16,mc.svm_OVERB,svm,OVERB,31,0.010090651819112834
DS16,mc.svm_OVERB,svm,OVERB,32,0.009657472120669867
DS16,mc.svm_OVERB,svm,OVERB,33,0.010838820410075618
DS16,mc.svm_OVERB,svm,OVERB,34,0.010691619629919451
DS16,mc.svm_OVERB,svm,OVERB,35,0.011097091459646373
DS16,mc.svm_OVERB,svm,OVERB,36,0.011002494182464198
DS16,mc.svm_OVERB,svm,OVERB,37,0.01066472743501206
DS16,mc.svm_OVERB,svm,OVERB,38,0.01116612076539717
DS16,mc.svm_OVERB,svm,OVERB,39,0.010227464864859525
DS16,mc.svm_OVERB,svm,OVERB,40,0.010945848025290358
DS16,mc.svm_OVERB,svm,OVERB,41,0.010193168609556054
DS16,mc.svm_OVERB,svm,OVERB,42,0.007905426829578118
DS16,mc.svm_OVERB,svm,OVERB,43,0.00730159558966577
DS16,mc.svm_OVERB,svm,OVERB,44,0.007907681936090984
DS16,mc.svm_OVERB,svm,OVERB,45,0.007292625889641607
DS16,mc.svm_OVERB,svm,OVERB,46,0.007643173804732517
DS16,mc.svm_OVERB,svm,OVERB,47,0.006859923861084997
DS16,mc.svm_OVERB,svm,OVERB,48,0.006467860959602862
DS16,mc.svm_OVERB,svm,OVERB,49,0.006902723708903554
DS16,mc.svm_OVERB,svm,OVERB,50,0.007193691604767243
DS16,mc.svm_OVERTPhi,svm,OVERTPhi,1,0.019474148359443784
DS16,mc.svm_OVERTPhi,svm,OVERTPhi,2,0.020994700923535448
DS16,mc.svm_OVERTPhi,svm,OVERTPhi,3,0.01753121617114193
DS16,mc.svm_OVERTPhi,svm,OVERTPhi,4,0.017701452041638283
DS16,mc.svm_OVERTPhi,svm,OVERTPhi,5,0.021845004790292243
DS16,mc.svm_OVERTPhi,svm,OVERTPhi,6,0.022784820721448933
DS16,mc.svm_OVERTPhi,svm,OVERTPhi,7,0.021292729030878504
DS16,mc.svm_OVERTPhi,svm,OVERTPhi,8,0.023752848528726073
DS16,mc.svm_OVERTPhi,svm,OVERTPhi,9,0.025008749903642824
DS16,mc.svm_OVERTPhi,svm,OVERTPhi,10,0.023677878660372614
DS16,mc.svm_OVERTPhi,svm,OVERTPhi,11,0.02701709863601757
DS16,mc.svm_OVERTPhi,svm,OVERTPhi,12,0.026521435726249633
DS16,mc.svm_OVERTPhi,svm,OVERTPhi,13,0.026102532139888016
DS16,mc.svm_OVERTPhi,svm,OVERTPhi,14,0.027985011412947788
DS16,mc.svm_OVERTPhi,svm,OVERTPhi,15,0.02985671051565011
DS16,mc.svm_OVERTPhi,svm,OVERTPhi,16,0.02837883639939145
DS16,mc.svm_OVERTPhi,svm,OVERTPhi,17,0.030977054852489687
DS16,mc.svm_OVERTPhi,svm,OVERTPhi,18,0.0314056204128704
DS16,mc.svm_OVERTPhi,svm,OVERTPhi,19,0.03102119382448523
DS16,mc.svm_OVERTPhi,svm,OVERTPhi,20,0.0291897459252947
DS16,mc.svm_OVERTPhi,svm,OVERTPhi,21,0.028822251393301707
DS16,mc.svm_OVERTPhi,svm,OVERTPhi,22,0.02424111632564312
DS16,mc.svm_OVERTPhi,svm,OVERTPhi,23,0.023405190888549896
DS16,mc.svm_OVERTPhi,svm,OVERTPhi,24,0.02086552984006736
DS16,mc.svm_OVERTPhi,svm,OVERTPhi,25,0.024774048162045408
DS16,mc.svm_OVERTPhi,svm,OVERTPhi,26,0.021953658239708414
DS16,mc.svm_OVERTPhi,svm,OVERTPhi,27,0.013347754579635204
DS16,mc.svm_OVERTPhi,svm,OVERTPhi,28,0.0127127703008355
DS16,mc.svm_OVERTPhi,svm,OVERTPhi,29,0.011559532759879119
DS16,mc.svm_OVERTPhi,svm,OVERTPhi,30,0.010304245685267378
DS16,mc.svm_OVERTPhi,svm,OVERTPhi,31,0.009776564511036246
DS16,mc.svm_OVERTPhi,svm,OVERTPhi,32,0.010208147847280111
DS16,mc.svm_OVERTPhi,svm,OVERTPhi,33,0.009785012742818091
DS16,mc.svm_OVERTPhi,svm,OVERTPhi,34,0.009790652701996378
DS16,mc.svm_OVERTPhi,svm,OVERTPhi,35,0.009481101073920698
DS16,mc.svm_OVERTPhi,svm,OVERTPhi,36,0.009953601534365503
DS16,mc.svm_OVERTPhi,svm,OVERTPhi,37,0.010089774295145876
DS16,mc.svm_OVERTPhi,svm,OVERTPhi,38,0.010403210058713315
DS16,mc.svm_OVERTPhi,svm,OVERTPhi,39,0.010245888062726558
DS16,mc.svm_OVERTPhi,svm,OVERTPhi,40,0.009803147916994817
DS16,mc.svm_OVERTPhi,svm,OVERTPhi,41,0.01002550548589027
DS16,mc.svm_OVERTPhi,svm,OVERTPhi,42,0.007984828527325643
DS16,mc.svm_OVERTPhi,svm,OVERTPhi,43,0.008079364750927003
DS16,mc.svm_OVERTPhi,svm,OVERTPhi,44,0.008017495039037384
DS16,mc.svm_OVERTPhi,svm,OVERTPhi,45,0.00805479040814928
DS16,mc.svm_OVERTPhi,svm,OVERTPhi,46,0.007891914674392092
DS16,mc.svm_OVERTPhi,svm,OVERTPhi,47,0.008316561220156645
DS16,mc.svm_OVERTPhi,svm,OVERTPhi,48,0.007765039641507027
DS16,mc.svm_OVERTPhi,svm,OVERTPhi,49,0.0075531653267734205
DS16,mc.svm_OVERTPhi,svm,OVERTPhi,50,0.0075959945321185255
DS16,mc.svm_OVERT,svm,OVERT,1,0.019521718205177035
DS16,mc.svm_OVERT,svm,OVERT,2,0.021369888871756844
DS16,mc.svm_OVERT,svm,OVERT,3,0.01742103532455374
DS16,mc.svm_OVERT,svm,OVERT,4,0.01784516675110137
DS16,mc.svm_OVERT,svm,OVERT,5,0.02189645475956227
DS16,mc.svm_OVERT,svm,OVERT,6,0.02223839426767948
DS16,mc.svm_OVERT,svm,OVERT,7,0.021171976486625357
DS16,mc.svm_OVERT,svm,OVERT,8,0.02365100074382374
DS16,mc.svm_OVERT,svm,OVERT,9,0.024808434689090407
DS16,mc.svm_OVERT,svm,OVERT,10,0.024032319396117614
DS16,mc.svm_OVERT,svm,OVERT,11,0.026981850225556814
DS16,mc.svm_OVERT,svm,OVERT,12,0.02619811315907447
DS16,mc.svm_OVERT,svm,OVERT,13,0.02610119244117113
DS16,mc.svm_OVERT,svm,OVERT,14,0.02786688883596778
DS16,mc.svm_OVERT,svm,OVERT,15,0.02966977972216795
DS16,mc.svm_OVERT,svm,OVERT,16,0.0282026242398004
DS16,mc.svm_OVERT,svm,OVERT,17,0.030393442787743453
DS16,mc.svm_OVERT,svm,OVERT,18,0.03138578486753939
DS16,mc.svm_OVERT,svm,OVERT,19,0.030557971988450026
DS16,mc.svm_OVERT,svm,OVERT,20,0.028893579597372987
DS16,mc.svm_OVERT,svm,OVERT,21,0.028717667719114482
DS16,mc.svm_OVERT,svm,OVERT,22,0.024548455566096746
DS16,mc.svm_OVERT,svm,OVERT,23,0.023571268845392228
DS16,mc.svm_OVERT,svm,OVERT,24,0.020546307706147786
DS16,mc.svm_OVERT,svm,OVERT,25,0.024255725616944505
DS16,mc.svm_OVERT,svm,OVERT,26,0.021709132797143045
DS16,mc.svm_OVERT,svm,OVERT,27,0.013268944879955075
DS16,mc.svm_OVERT,svm,OVERT,28,0.012699171916080226
DS16,mc.svm_OVERT,svm,OVERT,29,0.011353340490769769
DS16,mc.svm_OVERT,svm,OVERT,30,0.010467329451547509
DS16,mc.svm_OVERT,svm,OVERT,31,0.009740923604876058
DS16,mc.svm_OVERT,svm,OVERT,32,0.010281062568668675
DS16,mc.svm_OVERT,svm,OVERT,33,0.009794242082745005
DS16,mc.svm_OVERT,svm,OVERT,34,0.009861892166611503
DS16,mc.svm_OVERT,svm,OVERT,35,0.009420171650919759
DS16,mc.svm_OVERT,svm,OVERT,36,0.009813085439877866
DS16,mc.svm_OVERT,svm,OVERT,37,0.010067412275168398
DS16,mc.svm_OVERT,svm,OVERT,38,0.010463396616510433
DS16,mc.svm_OVERT,svm,OVERT,39,0.010310287736833824
DS16,mc.svm_OVERT,svm,OVERT,40,0.009816238004175123
DS16,mc.svm_OVERT,svm,OVERT,41,0.00991784522977836
DS16,mc.svm_OVERT,svm,OVERT,42,0.008137219171608931
DS16,mc.svm_OVERT,svm,OVERT,43,0.00786660136697246
DS16,mc.svm_OVERT,svm,OVERT,44,0.008198853934275302
DS16,mc.svm_OVERT,svm,OVERT,45,0.008048439375777448
DS16,mc.svm_OVERT,svm,OVERT,46,0.007789671099040164
DS16,mc.svm_OVERT,svm,OVERT,47,0.008288825523662993
DS16,mc.svm_OVERT,svm,OVERT,48,0.007703289390175709
DS16,mc.svm_OVERT,svm,OVERT,49,0.007439718796998892
DS16,mc.svm_OVERT,svm,OVERT,50,0.007573191786945292
DS16,mc.svm_SMOTEB,svm,SMOTEB,1,0.023379709130112614
DS16,mc.svm_SMOTEB,svm,SMOTEB,2,0.018774302431382454
DS16,mc.svm_SMOTEB,svm,SMOTEB,3,0.018195962456918034
DS16,mc.svm_SMOTEB,svm,SMOTEB,4,0.02393292239386521
DS16,mc.svm_SMOTEB,svm,SMOTEB,5,0.02117096279890292
DS16,mc.svm_SMOTEB,svm,SMOTEB,6,0.022762663553039485
DS16,mc.svm_SMOTEB,svm,SMOTEB,7,0.022565815680059238
DS16,mc.svm_SMOTEB,svm,SMOTEB,8,0.028490950908083415
DS16,mc.svm_SMOTEB,svm,SMOTEB,9,0.02339313654161291
DS16,mc.svm_SMOTEB,svm,SMOTEB,10,0.026085171541809532
DS16,mc.svm_SMOTEB,svm,SMOTEB,11,0.026698029798764306
DS16,mc.svm_SMOTEB,svm,SMOTEB,12,0.02839387902575412
DS16,mc.svm_SMOTEB,svm,SMOTEB,13,0.028345987344471607
DS16,mc.svm_SMOTEB,svm,SMOTEB,14,0.033419455558241565
DS16,mc.svm_SMOTEB,svm,SMOTEB,15,0.030580238481690416
DS16,mc.svm_SMOTEB,svm,SMOTEB,16,0.02915114396896089
DS16,mc.svm_SMOTEB,svm,SMOTEB,17,0.029094864287232375
DS16,mc.svm_SMOTEB,svm,SMOTEB,18,0.035602265557148044
DS16,mc.svm_SMOTEB,svm,SMOTEB,19,0.03287050240467785
DS16,mc.svm_SMOTEB,svm,SMOTEB,20,0.02974368846936901
DS16,mc.svm_SMOTEB,svm,SMOTEB,21,0.029569347454996297
DS16,mc.svm_SMOTEB,svm,SMOTEB,22,0.027557596630081036
DS16,mc.svm_SMOTEB,svm,SMOTEB,23,0.023957852688818365
DS16,mc.svm_SMOTEB,svm,SMOTEB,24,0.02346633232477944
DS16,mc.svm_SMOTEB,svm,SMOTEB,25,0.02975587924620577
DS16,mc.svm_SMOTEB,svm,SMOTEB,26,0.031624356102712255
DS16,mc.svm_SMOTEB,svm,SMOTEB,27,0.021969622700274867
DS16,mc.svm_SMOTEB,svm,SMOTEB,28,0.01630003184640075
DS16,mc.svm_SMOTEB,svm,SMOTEB,29,0.015570121936166706
DS16,mc.svm_SMOTEB,svm,SMOTEB,30,0.01484591266744732
DS16,mc.svm_SMOTEB,svm,SMOTEB,31,0.012944792895544783
DS16,mc.svm_SMOTEB,svm,SMOTEB,32,0.01610106422931012
DS16,mc.svm_SMOTEB,svm,SMOTEB,33,0.017231847707240677
DS16,mc.svm_SMOTEB,svm,SMOTEB,34,0.020822150515334956
DS16,mc.svm_SMOTEB,svm,SMOTEB,35,0.01780639520489826
DS16,mc.svm_SMOTEB,svm,SMOTEB,36,0.01685531297246511
DS16,mc.svm_SMOTEB,svm,SMOTEB,37,0.01911317863641706
DS16,mc.svm_SMOTEB,svm,SMOTEB,38,0.019950752899891816
DS16,mc.svm_SMOTEB,svm,SMOTEB,39,0.018336548193655718
DS16,mc.svm_SMOTEB,svm,SMOTEB,40,0.016948025634586632
DS16,mc.svm_SMOTEB,svm,SMOTEB,41,0.016668650537581958
DS16,mc.svm_SMOTEB,svm,SMOTEB,42,0.010970173929586838
DS16,mc.svm_SMOTEB,svm,SMOTEB,43,0.00998687794684016
DS16,mc.svm_SMOTEB,svm,SMOTEB,44,0.008701241145962033
DS16,mc.svm_SMOTEB,svm,SMOTEB,45,0.009897482357086217
DS16,mc.svm_SMOTEB,svm,SMOTEB,46,0.009611404917506693
DS16,mc.svm_SMOTEB,svm,SMOTEB,47,0.010279613404861344
DS16,mc.svm_SMOTEB,svm,SMOTEB,48,0.007028691269054092
DS16,mc.svm_SMOTEB,svm,SMOTEB,49,0.008257960358309344
DS16,mc.svm_SMOTEB,svm,SMOTEB,50,0.009218274166460184
DS16,mc.svm_SMOTETPhi,svm,SMOTETPhi,1,0.017611559297488335
DS16,mc.svm_SMOTETPhi,svm,SMOTETPhi,2,0.018738140208517568
DS16,mc.svm_SMOTETPhi,svm,SMOTETPhi,3,0.018792603309692762
DS16,mc.svm_SMOTETPhi,svm,SMOTETPhi,4,0.0209718990743952
DS16,mc.svm_SMOTETPhi,svm,SMOTETPhi,5,0.020029810206594244
DS16,mc.svm_SMOTETPhi,svm,SMOTETPhi,6,0.019258427381845855
DS16,mc.svm_SMOTETPhi,svm,SMOTETPhi,7,0.024424536027185337
DS16,mc.svm_SMOTETPhi,svm,SMOTETPhi,8,0.02264926515036685
DS16,mc.svm_SMOTETPhi,svm,SMOTETPhi,9,0.019652679505467677
DS16,mc.svm_SMOTETPhi,svm,SMOTETPhi,10,0.022750817378822584
DS16,mc.svm_SMOTETPhi,svm,SMOTETPhi,11,0.026776312129831323
DS16,mc.svm_SMOTETPhi,svm,SMOTETPhi,12,0.022463544038821625
DS16,mc.svm_SMOTETPhi,svm,SMOTETPhi,13,0.026185566990612367
DS16,mc.svm_SMOTETPhi,svm,SMOTETPhi,14,0.029896629685994918
DS16,mc.svm_SMOTETPhi,svm,SMOTETPhi,15,0.029728310940344164
DS16,mc.svm_SMOTETPhi,svm,SMOTETPhi,16,0.02916302810802062
DS16,mc.svm_SMOTETPhi,svm,SMOTETPhi,17,0.03157369495671859
DS16,mc.svm_SMOTETPhi,svm,SMOTETPhi,18,0.026641330586448023
DS16,mc.svm_SMOTETPhi,svm,SMOTETPhi,19,0.036598903523740886
DS16,mc.svm_SMOTETPhi,svm,SMOTETPhi,20,0.036962421615415283
DS16,mc.svm_SMOTETPhi,svm,SMOTETPhi,21,0.03376128563913429
DS16,mc.svm_SMOTETPhi,svm,SMOTETPhi,22,0.03367336355727617
DS16,mc.svm_SMOTETPhi,svm,SMOTETPhi,23,0.026319769906487118
DS16,mc.svm_SMOTETPhi,svm,SMOTETPhi,24,0.025615074845839872
DS16,mc.svm_SMOTETPhi,svm,SMOTETPhi,25,0.040461386413918984
DS16,mc.svm_SMOTETPhi,svm,SMOTETPhi,26,0.02639724797822825
DS16,mc.svm_SMOTETPhi,svm,SMOTETPhi,27,0.01720883299069237
DS16,mc.svm_SMOTETPhi,svm,SMOTETPhi,28,0.017677939612645337
DS16,mc.svm_SMOTETPhi,svm,SMOTETPhi,29,0.016730289303269627
DS16,mc.svm_SMOTETPhi,svm,SMOTETPhi,30,0.018359834948221493
DS16,mc.svm_SMOTETPhi,svm,SMOTETPhi,31,0.018346821782104453
DS16,mc.svm_SMOTETPhi,svm,SMOTETPhi,32,0.022028170197242493
DS16,mc.svm_SMOTETPhi,svm,SMOTETPhi,33,0.02113320790747208
DS16,mc.svm_SMOTETPhi,svm,SMOTETPhi,34,0.018475706411758046
DS16,mc.svm_SMOTETPhi,svm,SMOTETPhi,35,0.024215816045474865
DS16,mc.svm_SMOTETPhi,svm,SMOTETPhi,36,0.02074987052723701
DS16,mc.svm_SMOTETPhi,svm,SMOTETPhi,37,0.021161362750101092
DS16,mc.svm_SMOTETPhi,svm,SMOTETPhi,38,0.019331510520979624
DS16,mc.svm_SMOTETPhi,svm,SMOTETPhi,39,0.0157624656375675
DS16,mc.svm_SMOTETPhi,svm,SMOTETPhi,40,0.01835872252240131
DS16,mc.svm_SMOTETPhi,svm,SMOTETPhi,41,0.02010195905855656
DS16,mc.svm_SMOTETPhi,svm,SMOTETPhi,42,0.013484309927508757
DS16,mc.svm_SMOTETPhi,svm,SMOTETPhi,43,0.01845034954361586
DS16,mc.svm_SMOTETPhi,svm,SMOTETPhi,44,0.010933354360698736
DS16,mc.svm_SMOTETPhi,svm,SMOTETPhi,45,0.01409300554266813
DS16,mc.svm_SMOTETPhi,svm,SMOTETPhi,46,0.014157574943641924
DS16,mc.svm_SMOTETPhi,svm,SMOTETPhi,47,0.012210769567181751
DS16,mc.svm_SMOTETPhi,svm,SMOTETPhi,48,0.012264666821517788
DS16,mc.svm_SMOTETPhi,svm,SMOTETPhi,49,0.011419922983470138
DS16,mc.svm_SMOTETPhi,svm,SMOTETPhi,50,0.010539637623512916
DS16,mc.svm_SMOTET,svm,SMOTET,1,0.021094275773886152
DS16,mc.svm_SMOTET,svm,SMOTET,2,0.01933106601444738
DS16,mc.svm_SMOTET,svm,SMOTET,3,0.020483470992733892
DS16,mc.svm_SMOTET,svm,SMOTET,4,0.020210765707253192
DS16,mc.svm_SMOTET,svm,SMOTET,5,0.01872772162144177
DS16,mc.svm_SMOTET,svm,SMOTET,6,0.018614234317692463
DS16,mc.svm_SMOTET,svm,SMOTET,7,0.02039282692855289
DS16,mc.svm_SMOTET,svm,SMOTET,8,0.023409153007520882
DS16,mc.svm_SMOTET,svm,SMOTET,9,0.020379054188727347
DS16,mc.svm_SMOTET,svm,SMOTET,10,0.021619426736412973
DS16,mc.svm_SMOTET,svm,SMOTET,11,0.027942713882121054
DS16,mc.svm_SMOTET,svm,SMOTET,12,0.024630968728097176
DS16,mc.svm_SMOTET,svm,SMOTET,13,0.030094524393967464
DS16,mc.svm_SMOTET,svm,SMOTET,14,0.028294749695348127
DS16,mc.svm_SMOTET,svm,SMOTET,15,0.030630547940415365
DS16,mc.svm_SMOTET,svm,SMOTET,16,0.02872129973090502
DS16,mc.svm_SMOTET,svm,SMOTET,17,0.03068755851620511
DS16,mc.svm_SMOTET,svm,SMOTET,18,0.03060109926129861
DS16,mc.svm_SMOTET,svm,SMOTET,19,0.036829616816940115
DS16,mc.svm_SMOTET,svm,SMOTET,20,0.03735768843553376
DS16,mc.svm_SMOTET,svm,SMOTET,21,0.03582016340585925
DS16,mc.svm_SMOTET,svm,SMOTET,22,0.03439415098313084
DS16,mc.svm_SMOTET,svm,SMOTET,23,0.028245331649127466
DS16,mc.svm_SMOTET,svm,SMOTET,24,0.02656949557819255
DS16,mc.svm_SMOTET,svm,SMOTET,25,0.03954856126439692
DS16,mc.svm_SMOTET,svm,SMOTET,26,0.03869508602149891
DS16,mc.svm_SMOTET,svm,SMOTET,27,0.017453904887900433
DS16,mc.svm_SMOTET,svm,SMOTET,28,0.013877063111222568
DS16,mc.svm_SMOTET,svm,SMOTET,29,0.013527239752087548
DS16,mc.svm_SMOTET,svm,SMOTET,30,0.01661855452166878
DS16,mc.svm_SMOTET,svm,SMOTET,31,0.018889653529160073
DS16,mc.svm_SMOTET,svm,SMOTET,32,0.01906054416903099
DS16,mc.svm_SMOTET,svm,SMOTET,33,0.016026400101536893
DS16,mc.svm_SMOTET,svm,SMOTET,34,0.015603195550606668
DS16,mc.svm_SMOTET,svm,SMOTET,35,0.01811991456271797
DS16,mc.svm_SMOTET,svm,SMOTET,36,0.017513181571662095
DS16,mc.svm_SMOTET,svm,SMOTET,37,0.016422452943479514
DS16,mc.svm_SMOTET,svm,SMOTET,38,0.01600778417527416
DS16,mc.svm_SMOTET,svm,SMOTET,39,0.014821972956189026
DS16,mc.svm_SMOTET,svm,SMOTET,40,0.014233008794646434
DS16,mc.svm_SMOTET,svm,SMOTET,41,0.016799677125163132
DS16,mc.svm_SMOTET,svm,SMOTET,42,0.012752674694593024
DS16,mc.svm_SMOTET,svm,SMOTET,43,0.012128221543883058
DS16,mc.svm_SMOTET,svm,SMOTET,44,0.010846883527035953
DS16,mc.svm_SMOTET,svm,SMOTET,45,0.01056861516993632
DS16,mc.svm_SMOTET,svm,SMOTET,46,0.009569874162367277
DS16,mc.svm_SMOTET,svm,SMOTET,47,0.011901132924772954
DS16,mc.svm_SMOTET,svm,SMOTET,48,0.008213492919300503
DS16,mc.svm_SMOTET,svm,SMOTET,49,0.010544227330536178
DS16,mc.svm_SMOTET,svm,SMOTET,50,0.01226306097472988
DS16,mc.svm_UNDERB,svm,UNDERB,1,0.020474032617180872
DS16,mc.svm_UNDERB,svm,UNDERB,2,0.018388412571242758
DS16,mc.svm_UNDERB,svm,UNDERB,3,0.016870457534478227
DS16,mc.svm_UNDERB,svm,UNDERB,4,0.019180729652628976
DS16,mc.svm_UNDERB,svm,UNDERB,5,0.01990043516332611
DS16,mc.svm_UNDERB,svm,UNDERB,6,0.02413745759299616
DS16,mc.svm_UNDERB,svm,UNDERB,7,0.02294667911503898
DS16,mc.svm_UNDERB,svm,UNDERB,8,0.02487459959266126
DS16,mc.svm_UNDERB,svm,UNDERB,9,0.022327351238111068
DS16,mc.svm_UNDERB,svm,UNDERB,10,0.020678569437314064
DS16,mc.svm_UNDERB,svm,UNDERB,11,0.02302697963013244
DS16,mc.svm_UNDERB,svm,UNDERB,12,0.022034272026589224
DS16,mc.svm_UNDERB,svm,UNDERB,13,0.030747049793069414
DS16,mc.svm_UNDERB,svm,UNDERB,14,0.028184177281783657
DS16,mc.svm_UNDERB,svm,UNDERB,15,0.02316847683137097
DS16,mc.svm_UNDERB,svm,UNDERB,16,0.02823946897729023
DS16,mc.svm_UNDERB,svm,UNDERB,17,0.02515137375911642
DS16,mc.svm_UNDERB,svm,UNDERB,18,0.025797539540293814
DS16,mc.svm_UNDERB,svm,UNDERB,19,0.026258604035949467
DS16,mc.svm_UNDERB,svm,UNDERB,20,0.02356397109680573
DS16,mc.svm_UNDERB,svm,UNDERB,21,0.029474656414219813
DS16,mc.svm_UNDERB,svm,UNDERB,22,0.023103934575276017
DS16,mc.svm_UNDERB,svm,UNDERB,23,0.022738935610480526
DS16,mc.svm_UNDERB,svm,UNDERB,24,0.02468437525479897
DS16,mc.svm_UNDERB,svm,UNDERB,25,0.02215521449186455
DS16,mc.svm_UNDERB,svm,UNDERB,26,0.01451478676574045
DS16,mc.svm_UNDERB,svm,UNDERB,27,0.015550311693252154
DS16,mc.svm_UNDERB,svm,UNDERB,28,0.01508597269498494
DS16,mc.svm_UNDERB,svm,UNDERB,29,0.015399480779975683
DS16,mc.svm_UNDERB,svm,UNDERB,30,0.013889549863043285
DS16,mc.svm_UNDERB,svm,UNDERB,31,0.012633505813649838
DS16,mc.svm_UNDERB,svm,UNDERB,32,0.012454844617123137
DS16,mc.svm_UNDERB,svm,UNDERB,33,0.010072898986984253
DS16,mc.svm_UNDERB,svm,UNDERB,34,0.010002484605014867
DS16,mc.svm_UNDERB,svm,UNDERB,35,0.009098491880821727
DS16,mc.svm_UNDERB,svm,UNDERB,36,0.011617843637630729
DS16,mc.svm_UNDERB,svm,UNDERB,37,0.0149547752762803
DS16,mc.svm_UNDERB,svm,UNDERB,38,0.010818859827275772
DS16,mc.svm_UNDERB,svm,UNDERB,39,0.015675189568001766
DS16,mc.svm_UNDERB,svm,UNDERB,40,0.0117500494297347
DS16,mc.svm_UNDERB,svm,UNDERB,41,0.013051947779046526
DS16,mc.svm_UNDERB,svm,UNDERB,42,0.010568191427756255
DS16,mc.svm_UNDERB,svm,UNDERB,43,0.010307920425511062
DS16,mc.svm_UNDERB,svm,UNDERB,44,0.0070768484698018955
DS16,mc.svm_UNDERB,svm,UNDERB,45,0.00885972169204342
DS16,mc.svm_UNDERB,svm,UNDERB,46,0.007688794194663395
DS16,mc.svm_UNDERB,svm,UNDERB,47,0.008445036354274807
DS16,mc.svm_UNDERB,svm,UNDERB,48,0.009712426271768066
DS16,mc.svm_UNDERB,svm,UNDERB,49,0.009476766567778794
DS16,mc.svm_UNDERB,svm,UNDERB,50,0.009202479153286054
DS16,mc.svm_UNDERTPhi,svm,UNDERTPhi,1,0.023606569533907676
DS16,mc.svm_UNDERTPhi,svm,UNDERTPhi,2,0.019582473978273833
DS16,mc.svm_UNDERTPhi,svm,UNDERTPhi,3,0.024712226525132112
DS16,mc.svm_UNDERTPhi,svm,UNDERTPhi,4,0.01865512597744456
DS16,mc.svm_UNDERTPhi,svm,UNDERTPhi,5,0.022851501867179092
DS16,mc.svm_UNDERTPhi,svm,UNDERTPhi,6,0.020749346730375075
DS16,mc.svm_UNDERTPhi,svm,UNDERTPhi,7,0.029939692668159896
DS16,mc.svm_UNDERTPhi,svm,UNDERTPhi,8,0.026512853358564528
DS16,mc.svm_UNDERTPhi,svm,UNDERTPhi,9,0.024357862613419837
DS16,mc.svm_UNDERTPhi,svm,UNDERTPhi,10,0.022695846413219097
DS16,mc.svm_UNDERTPhi,svm,UNDERTPhi,11,0.024383124678538284
DS16,mc.svm_UNDERTPhi,svm,UNDERTPhi,12,0.020069086769230176
DS16,mc.svm_UNDERTPhi,svm,UNDERTPhi,13,0.02773661827249969
DS16,mc.svm_UNDERTPhi,svm,UNDERTPhi,14,0.025412732514286916
DS16,mc.svm_UNDERTPhi,svm,UNDERTPhi,15,0.03000466389865268
DS16,mc.svm_UNDERTPhi,svm,UNDERTPhi,16,0.02490391355442925
DS16,mc.svm_UNDERTPhi,svm,UNDERTPhi,17,0.030213402998911846
DS16,mc.svm_UNDERTPhi,svm,UNDERTPhi,18,0.027525504505335325
DS16,mc.svm_UNDERTPhi,svm,UNDERTPhi,19,0.03486324592225887
DS16,mc.svm_UNDERTPhi,svm,UNDERTPhi,20,0.03132134034373411
DS16,mc.svm_UNDERTPhi,svm,UNDERTPhi,21,0.027052173039429354
DS16,mc.svm_UNDERTPhi,svm,UNDERTPhi,22,0.023416429559658534
DS16,mc.svm_UNDERTPhi,svm,UNDERTPhi,23,0.02732400888825305
DS16,mc.svm_UNDERTPhi,svm,UNDERTPhi,24,0.01831666581133941
DS16,mc.svm_UNDERTPhi,svm,UNDERTPhi,25,0.02119438650959105
DS16,mc.svm_UNDERTPhi,svm,UNDERTPhi,26,0.01869696219223018
DS16,mc.svm_UNDERTPhi,svm,UNDERTPhi,27,0.024783074625858065
DS16,mc.svm_UNDERTPhi,svm,UNDERTPhi,28,0.018395437676818886
DS16,mc.svm_UNDERTPhi,svm,UNDERTPhi,29,0.01276566080008279
DS16,mc.svm_UNDERTPhi,svm,UNDERTPhi,30,0.01667290553346392
DS16,mc.svm_UNDERTPhi,svm,UNDERTPhi,31,0.01591553014397789
DS16,mc.svm_UNDERTPhi,svm,UNDERTPhi,32,0.012059026212940199
DS16,mc.svm_UNDERTPhi,svm,UNDERTPhi,33,0.014873399507409332
DS16,mc.svm_UNDERTPhi,svm,UNDERTPhi,34,0.018170640763865008
DS16,mc.svm_UNDERTPhi,svm,UNDERTPhi,35,0.01252242860941021
DS16,mc.svm_UNDERTPhi,svm,UNDERTPhi,36,0.014332677400669548
DS16,mc.svm_UNDERTPhi,svm,UNDERTPhi,37,0.016398488350352153
DS16,mc.svm_UNDERTPhi,svm,UNDERTPhi,38,0.019835508294621995
DS16,mc.svm_UNDERTPhi,svm,UNDERTPhi,39,0.011653675369466085
DS16,mc.svm_UNDERTPhi,svm,UNDERTPhi,40,0.015635495126817153
DS16,mc.svm_UNDERTPhi,svm,UNDERTPhi,41,0.011579120621704238
DS16,mc.svm_UNDERTPhi,svm,UNDERTPhi,42,0.013787380001899215
DS16,mc.svm_UNDERTPhi,svm,UNDERTPhi,43,0.01161198040765337
DS16,mc.svm_UNDERTPhi,svm,UNDERTPhi,44,0.0118827840985243
DS16,mc.svm_UNDERTPhi,svm,UNDERTPhi,45,0.007529240160716532
DS16,mc.svm_UNDERTPhi,svm,UNDERTPhi,46,0.009863512401532406
DS16,mc.svm_UNDERTPhi,svm,UNDERTPhi,47,0.008157621115627484
DS16,mc.svm_UNDERTPhi,svm,UNDERTPhi,48,0.00978519806874691
DS16,mc.svm_UNDERTPhi,svm,UNDERTPhi,49,0.008525942088272835
DS16,mc.svm_UNDERTPhi,svm,UNDERTPhi,50,0.009917871930735452
DS16,mc.svm_UNDERT,svm,UNDERT,1,0.02336165169501315
DS16,mc.svm_UNDERT,svm,UNDERT,2,0.018463210215201836
DS16,mc.svm_UNDERT,svm,UNDERT,3,0.017155438502885458
DS16,mc.svm_UNDERT,svm,UNDERT,4,0.02273048843076292
DS16,mc.svm_UNDERT,svm,UNDERT,5,0.020688261614382766
DS16,mc.svm_UNDERT,svm,UNDERT,6,0.020098790289953327
DS16,mc.svm_UNDERT,svm,UNDERT,7,0.020573315253653
DS16,mc.svm_UNDERT,svm,UNDERT,8,0.024976906139362494
DS16,mc.svm_UNDERT,svm,UNDERT,9,0.021930316582668495
DS16,mc.svm_UNDERT,svm,UNDERT,10,0.022708426622062215
DS16,mc.svm_UNDERT,svm,UNDERT,11,0.02362277122688419
DS16,mc.svm_UNDERT,svm,UNDERT,12,0.020345224190280415
DS16,mc.svm_UNDERT,svm,UNDERT,13,0.029699590392205953
DS16,mc.svm_UNDERT,svm,UNDERT,14,0.02601179421663051
DS16,mc.svm_UNDERT,svm,UNDERT,15,0.02379807326766185
DS16,mc.svm_UNDERT,svm,UNDERT,16,0.025864268366524255
DS16,mc.svm_UNDERT,svm,UNDERT,17,0.033243855839284506
DS16,mc.svm_UNDERT,svm,UNDERT,18,0.027344982267267205
DS16,mc.svm_UNDERT,svm,UNDERT,19,0.026510150581189027
DS16,mc.svm_UNDERT,svm,UNDERT,20,0.03617429631232385
DS16,mc.svm_UNDERT,svm,UNDERT,21,0.02444895916263492
DS16,mc.svm_UNDERT,svm,UNDERT,22,0.02692240497516322
DS16,mc.svm_UNDERT,svm,UNDERT,23,0.021188114691074327
DS16,mc.svm_UNDERT,svm,UNDERT,24,0.020930750075967897
DS16,mc.svm_UNDERT,svm,UNDERT,25,0.028468019229720948
DS16,mc.svm_UNDERT,svm,UNDERT,26,0.02139647146265602
DS16,mc.svm_UNDERT,svm,UNDERT,27,0.017021199254657966
DS16,mc.svm_UNDERT,svm,UNDERT,28,0.014100265154305527
DS16,mc.svm_UNDERT,svm,UNDERT,29,0.018718904538071582
DS16,mc.svm_UNDERT,svm,UNDERT,30,0.012888515805999895
DS16,mc.svm_UNDERT,svm,UNDERT,31,0.012614527621680468
DS16,mc.svm_UNDERT,svm,UNDERT,32,0.014975964830083434
DS16,mc.svm_UNDERT,svm,UNDERT,33,0.011856360477146177
DS16,mc.svm_UNDERT,svm,UNDERT,34,0.012643048669797971
DS16,mc.svm_UNDERT,svm,UNDERT,35,0.011747458824167153
DS16,mc.svm_UNDERT,svm,UNDERT,36,0.014287056496492551
DS16,mc.svm_UNDERT,svm,UNDERT,37,0.009467479599632529
DS16,mc.svm_UNDERT,svm,UNDERT,38,0.011088150721449131
DS16,mc.svm_UNDERT,svm,UNDERT,39,0.0108489348206664
DS16,mc.svm_UNDERT,svm,UNDERT,40,0.015647894080449722
DS16,mc.svm_UNDERT,svm,UNDERT,41,0.009560414177857952
DS16,mc.svm_UNDERT,svm,UNDERT,42,0.014380036148374267
DS16,mc.svm_UNDERT,svm,UNDERT,43,0.010324425446693241
DS16,mc.svm_UNDERT,svm,UNDERT,44,0.011343269412722337
DS16,mc.svm_UNDERT,svm,UNDERT,45,0.007039800023631054
DS16,mc.svm_UNDERT,svm,UNDERT,46,0.01083009508958421
DS16,mc.svm_UNDERT,svm,UNDERT,47,0.010173836108491579
DS16,mc.svm_UNDERT,svm,UNDERT,48,0.009348814095558416
DS16,mc.svm_UNDERT,svm,UNDERT,49,0.009805912996810398
DS16,mc.svm_UNDERT,svm,UNDERT,50,0.009262384322001153
DS16,mc.svm,svm,baseline,1,0.01455403563890715
DS16,mc.svm,svm,baseline,2,0.01442368922316836
DS16,mc.svm,svm,baseline,3,0.014773752734696569
DS16,mc.svm,svm,baseline,4,0.014614241988871533
DS16,mc.svm,svm,baseline,5,0.014854959896124998
DS16,mc.svm,svm,baseline,6,0.01518900791329177
DS16,mc.svm,svm,baseline,7,0.015865786047704698
DS16,mc.svm,svm,baseline,8,0.016113055296531724
DS16,mc.svm,svm,baseline,9,0.01714121350732058
DS16,mc.svm,svm,baseline,10,0.01701437369003279
DS16,mc.svm,svm,baseline,11,0.017902233914503986
DS16,mc.svm,svm,baseline,12,0.01780506130422152
DS16,mc.svm,svm,baseline,13,0.017845634548561654
DS16,mc.svm,svm,baseline,14,0.01753909700794641
DS16,mc.svm,svm,baseline,15,0.017329356664136743
DS16,mc.svm,svm,baseline,16,0.017529260611727597
DS16,mc.svm,svm,baseline,17,0.01772528081529151
DS16,mc.svm,svm,baseline,18,0.01761944534574303
DS16,mc.svm,svm,baseline,19,0.01769065662693956
DS16,mc.svm,svm,baseline,20,0.017456867200337633
DS16,mc.svm,svm,baseline,21,0.017121506378410284
DS16,mc.svm,svm,baseline,22,0.015956146160054852
DS16,mc.svm,svm,baseline,23,0.014793396608683779
DS16,mc.svm,svm,baseline,24,0.014916532580113944
DS16,mc.svm,svm,baseline,25,0.01207021609993612
DS16,mc.svm,svm,baseline,26,0.011755841804173764
DS16,mc.svm,svm,baseline,27,0.009638765364861156
DS16,mc.svm,svm,baseline,28,0.009366656521725874
DS16,mc.svm,svm,baseline,29,0.009335381956580149
DS16,mc.svm,svm,baseline,30,0.00838495048631142
DS16,mc.svm,svm,baseline,31,0.008260931031404743
DS16,mc.svm,svm,baseline,32,0.008179031519207987
DS16,mc.svm,svm,baseline,33,0.008120726677739474
DS16,mc.svm,svm,baseline,34,0.00790016757367612
DS16,mc.svm,svm,baseline,35,0.007904156595667877
DS16,mc.svm,svm,baseline,36,0.007943583063857344
DS16,mc.svm,svm,baseline,37,0.007976309275830894
DS16,mc.svm,svm,baseline,38,0.008295387903124242
DS16,mc.svm,svm,baseline,39,0.00816342986003375
DS16,mc.svm,svm,baseline,40,0.008062170769475711
DS16,mc.svm,svm,baseline,41,0.007977816127798732
DS16,mc.svm,svm,baseline,42,0.00608417230531294
DS16,mc.svm,svm,baseline,43,0.0060987707566861876
DS16,mc.svm,svm,baseline,44,0.00600643134544974
DS16,mc.svm,svm,baseline,45,0.005962972576178846
DS16,mc.svm,svm,baseline,46,0.005919199473012511
DS16,mc.svm,svm,baseline,47,0.006041146141646545
DS16,mc.svm,svm,baseline,48,0.005757578590786738
DS16,mc.svm,svm,baseline,49,0.005774210877870592
DS16,mc.svm,svm,baseline,50,0.005822917733095755
