dataset_id,workflow,model_family,strategy,iteration,sera
DS19,mc.BDES,BDES,baseline,1,0.01755701404911015
DS19,mc.BDES,BDES,baseline,2,0.01702415815017997
DS19,mc.BDES,BDES,baseline,3,0.01735742526020933
DS19,mc.BDES,BDES,baseline,4,0.01710065399823501
DS19,mc.BDES,BDES,baseline,5,0.017134139783194585
DS19,mc.BDES,BDES,baseline,6,0.017393690062459288
DS19,mc.BDES,BDES,baseline,7,0.01760763211451371
DS19,mc.BDES,BDES,baseline,8,0.01820336871763775
DS19,mc.BDES,BDES,baseline,9,0.0189133339332671
DS19,mc.BDES,BDES,baseline,10,0.019174666605219444
DS19,mc.BDES,BDES,baseline,11,0.018999413584095102
DS19,mc.BDES,BDES,baseline,12,0.01876895328497013
DS19,mc.BDES,BDES,baseline,13,0.01889156786140559
DS19,mc.BDES,BDES,baseline,14,0.01875808296065569
DS19,mc.BDES,BDES,baseline,15,0.01900300893821886
DS19,mc.BDES,BDES,baseline,16,0.019424111477420306
DS19,mc.BDES,BDES,baseline,17,0.019093631044711
DS19,mc.BDES,BDES,baseline,18,0.018902539456974128
DS19,mc.BDES,BDES,baseline,19,0.01940544381771238
DS19,mc.BDES,BDES,baseline,20,0.009860005441845138
DS19,mc.BDES,BDES,baseline,21,0.00971889369418413
DS19,mc.BDES,BDES,baseline,22,0.009013276317606293
DS19,mc.BDES,BDES,baseline,23,0.0070874399226168155
DS19,mc.BDES,BDES,baseline,24,0.006915371870734615
DS19,mc.BDES,BDES,baseline,25,0.01120561075120152
DS19,mc.BDES,BDES,baseline,26,0.011386227743640715
DS19,mc.BDES,BDES,baseline,27,0.00942566712452373
DS19,mc.BDES,BDES,baseline,28,0.009054773753854179
DS19,mc.BDES,BDES,baseline,29,0.00892157280506636
DS19,mc.BDES,BDES,baseline,30,0.007259193504444006
DS19,mc.BDES,BDES,baseline,31,0.007246092288442322
DS19,mc.BDES,BDES,baseline,32,0.006868960539045567
DS19,mc.BDES,BDES,baseline,33,0.0068612014926065935
DS19,mc.BDES,BDES,baseline,34,0.006793753542323283
DS19,mc.BDES,BDES,baseline,35,0.00666188732257407
DS19,mc.BDES,BDES,baseline,36,0.006752674320501284
DS19,mc.BDES,BDES,baseline,37,0.006659062860506588
DS19,mc.BDES,BDES,baseline,38,0.006697827192108266
DS19,mc.BDES,BDES,baseline,39,0.0066554013049373514
DS19,mc.BDES,BDES,baseline,40,0.006432079005028614
DS19,mc.BDES,BDES,baseline,41,0.0064117305171824245
DS19,mc.BDES,BDES,baseline,42,0.004120167489871374
DS19,mc.BDES,BDES,baseline,43,0.004199189346023742
DS19,mc.BDES,BDES,baseline,44,0.004023598625999365
DS19,mc.BDES,BDES,baseline,45,0.0041310400325293385
DS19,mc.BDES,BDES,baseline,46,0.004083861941464161
DS19,mc.BDES,BDES,baseline,47,0.004037005174307306
DS19,mc.BDES,BDES,baseline,48,0.0037333785953578055
DS19,mc.BDES,BDES,baseline,49,0.003737699169253814
DS19,mc.BDES,BDES,baseline,50,0.0037336102811058288
DS19,mc.arima,arima,baseline,1,0.01803629750988591
DS19,mc.arima,arima,baseline,2,0.017333348542282766
DS19,mc.arima,arima,baseline,3,0.017569377712352355
DS19,mc.arima,arima,baseline,4,0.01756717983867792
DS19,mc.arima,arima,baseline,5,0.01755480859486772
DS19,mc.arima,arima,baseline,6,0.017597108213043895
DS19,mc.arima,arima,baseline,7,0.018016061633953178
DS19,mc.arima,arima,baseline,8,0.018704957858266542
DS19,mc.arima,arima,baseline,9,0.01914243584486139
DS19,mc.arima,arima,baseline,10,0.02129122346665125
DS19,mc.arima,arima,baseline,11,0.01975850049365812
DS19,mc.arima,arima,baseline,12,0.020688637430882506
DS19,mc.arima,arima,baseline,13,0.019793413933409852
DS19,mc.arima,arima,baseline,14,0.019802074019275986
DS19,mc.arima,arima,baseline,15,0.020197612116885977
DS19,mc.arima,arima,baseline,16,0.020446320843642327
DS19,mc.arima,arima,baseline,17,0.020233998599235147
DS19,mc.arima,arima,baseline,18,0.02037194583385037
DS19,mc.arima,arima,baseline,19,0.0202322085410222
DS19,mc.arima,arima,baseline,20,0.01201727769563687
DS19,mc.arima,arima,baseline,21,0.01207943161504766
DS19,mc.arima,arima,baseline,22,0.01094231657218099
DS19,mc.arima,arima,baseline,23,0.009059327941620765
DS19,mc.arima,arima,baseline,24,0.00879057077266616
DS19,mc.arima,arima,baseline,25,0.012205704631094457
DS19,mc.arima,arima,baseline,26,0.012172829081395562
DS19,mc.arima,arima,baseline,27,0.009470341358579291
DS19,mc.arima,arima,baseline,28,0.008786943442277168
DS19,mc.arima,arima,baseline,29,0.00859795802404139
DS19,mc.arima,arima,baseline,30,0.007707637174350941
DS19,mc.arima,arima,baseline,31,0.007924609302236436
DS19,mc.arima,arima,baseline,32,0.007364309759147975
DS19,mc.arima,arima,baseline,33,0.007625001367901102
DS19,mc.arima,arima,baseline,34,0.007277599229218362
DS19,mc.arima,arima,baseline,35,0.007204128337518051
DS19,mc.arima,arima,baseline,36,0.008122234005746689
DS19,mc.arima,arima,baseline,37,0.007789922151836412
DS19,mc.arima,arima,baseline,38,0.007189394178102474
DS19,mc.arima,arima,baseline,39,0.00714110205720705
DS19,mc.arima,arima,baseline,40,0.006997079039750755
DS19,mc.arima,arima,baseline,41,0.006997034467842162
DS19,mc.arima,arima,baseline,42,0.005634877409478348
DS19,mc.arima,arima,baseline,43,0.004854389767499586
DS19,mc.arima,arima,baseline,44,0.004629685237698154
DS19,mc.arima,arima,baseline,45,0.004650600595572451
DS19,mc.arima,arima,baseline,46,0.004593400502666297
DS19,mc.arima,arima,baseline,47,0.004679455165761397
DS19,mc.arima,arima,baseline,48,0.004311932264257065
DS19,mc.arima,arima,baseline,49,0.004328676191001238
DS19,mc.arima,arima,baseline,50,0.004250400348006142
DS19,mc.lm_OVERB,lm,OVERB,1,0.023254411032843727
DS19,mc.lm_OVERB,lm,OVERB,2,0.022825314967380383
DS19,mc.lm_OVERB,lm,OVERB,3,0.02164393393607527
DS19,mc.lm_OVERB,lm,OVERB,4,0.021177782788282
DS19,mc.lm_OVERB,lm,OVERB,5,0.022906956038397146
DS19,mc.lm_OVERB,lm,OVERB,6,0.02435005793003088
DS19,mc.lm_OVERB,lm,OVERB,7,0.022974631206183677
DS19,mc.lm_OVERB,lm,OVERB,8,0.02578892217045086
DS19,mc.lm_OVERB,lm,OVERB,9,0.02600932095389947
DS19,mc.lm_OVERB,lm,OVERB,10,0.02645569313866622
DS19,mc.lm_OVERB,lm,OVERB,11,0.020649544696403368
DS19,mc.lm_OVERB,lm,OVERB,12,0.021126955164110305
DS19,mc.lm_OVERB,lm,OVERB,13,0.022862913560462238
DS19,mc.lm_OVERB,lm,OVERB,14,0.02065748081554685
DS19,mc.lm_OVERB,lm,OVERB,15,0.02263563743835026
DS19,mc.lm_OVERB,lm,OVERB,16,0.020985050560945108
DS19,mc.lm_OVERB,lm,OVERB,17,0.020604337438598665
DS19,mc.lm_OVERB,lm,OVERB,18,0.021108179930314854
DS19,mc.lm_OVERB,lm,OVERB,19,0.021683377425687544
DS19,mc.lm_OVERB,lm,OVERB,20,0.005233897379782314
DS19,mc.lm_OVERB,lm,OVERB,21,0.005514154181246928
DS19,mc.lm_OVERB,lm,OVERB,22,0.00419099274643604
DS19,mc.lm_OVERB,lm,OVERB,23,0.004185952011300458
DS19,mc.lm_OVERB,lm,OVERB,24,0.003425437133998584
DS19,mc.lm_OVERB,lm,OVERB,25,0.016854928789850298
DS19,mc.lm_OVERB,lm,OVERB,26,0.015711793375130977
DS19,mc.lm_OVERB,lm,OVERB,27,0.012963656245209709
DS19,mc.lm_OVERB,lm,OVERB,28,0.011608768742345385
DS19,mc.lm_OVERB,lm,OVERB,29,0.011511192765104174
DS19,mc.lm_OVERB,lm,OVERB,30,0.009661669716906603
DS19,mc.lm_OVERB,lm,OVERB,31,0.010836918060145383
DS19,mc.lm_OVERB,lm,OVERB,32,0.010556030759167853
DS19,mc.lm_OVERB,lm,OVERB,33,0.010217984782705442
DS19,mc.lm_OVERB,lm,OVERB,34,0.009361519748576425
DS19,mc.lm_OVERB,lm,OVERB,35,0.009695694549339055
DS19,mc.lm_OVERB,lm,OVERB,36,0.00953804679895666
DS19,mc.lm_OVERB,lm,OVERB,37,0.009640543682121812
DS19,mc.lm_OVERB,lm,OVERB,38,0.010263616459816726
DS19,mc.lm_OVERB,lm,OVERB,39,0.01003243972389282
DS19,mc.lm_OVERB,lm,OVERB,40,0.009466473117512177
DS19,mc.lm_OVERB,lm,OVERB,41,0.009862633768018039
DS19,mc.lm_OVERB,lm,OVERB,42,0.007568691681164095
DS19,mc.lm_OVERB,lm,OVERB,43,0.007551592474306262
DS19,mc.lm_OVERB,lm,OVERB,44,0.007010574908684693
DS19,mc.lm_OVERB,lm,OVERB,45,0.006875521628597018
DS19,mc.lm_OVERB,lm,OVERB,46,0.007635212832169867
DS19,mc.lm_OVERB,lm,OVERB,47,0.007038697153163283
DS19,mc.lm_OVERB,lm,OVERB,48,0.00665124751279438
DS19,mc.lm_OVERB,lm,OVERB,49,0.006610315237732806
DS19,mc.lm_OVERB,lm,OVERB,50,0.0064899282941717805
DS19,mc.lm_OVERTPhi,lm,OVERTPhi,1,0.02322534452509745
DS19,mc.lm_OVERTPhi,lm,OVERTPhi,2,0.023369793410947616
DS19,mc.lm_OVERTPhi,lm,OVERTPhi,3,0.023614186963472818
DS19,mc.lm_OVERTPhi,lm,OVERTPhi,4,0.023288120283097888
DS19,mc.lm_OVERTPhi,lm,OVERTPhi,5,0.02327756241551663
DS19,mc.lm_OVERTPhi,lm,OVERTPhi,6,0.02207839065175267
DS19,mc.lm_OVERTPhi,lm,OVERTPhi,7,0.020106495949444532
DS19,mc.lm_OVERTPhi,lm,OVERTPhi,8,0.02217115592185375
DS19,mc.lm_OVERTPhi,lm,OVERTPhi,9,0.01987249751932877
DS19,mc.lm_OVERTPhi,lm,OVERTPhi,10,0.021290744904694608
DS19,mc.lm_OVERTPhi,lm,OVERTPhi,11,0.020568646676027157
DS19,mc.lm_OVERTPhi,lm,OVERTPhi,12,0.020240727329750685
DS19,mc.lm_OVERTPhi,lm,OVERTPhi,13,0.0210318513339013
DS19,mc.lm_OVERTPhi,lm,OVERTPhi,14,0.02072022576354588
DS19,mc.lm_OVERTPhi,lm,OVERTPhi,15,0.021237102076893246
DS19,mc.lm_OVERTPhi,lm,OVERTPhi,16,0.02076727999323215
DS19,mc.lm_OVERTPhi,lm,OVERTPhi,17,0.02078296948136215
DS19,mc.lm_OVERTPhi,lm,OVERTPhi,18,0.01946672651334542
DS19,mc.lm_OVERTPhi,lm,OVERTPhi,19,0.021898741658865344
DS19,mc.lm_OVERTPhi,lm,OVERTPhi,20,0.004801566557124872
DS19,mc.lm_OVERTPhi,lm,OVERTPhi,21,0.004721739128626428
DS19,mc.lm_OVERTPhi,lm,OVERTPhi,22,0.003829495556668177
DS19,mc.lm_OVERTPhi,lm,OVERTPhi,23,0.0039026333665109748
DS19,mc.lm_OVERTPhi,lm,OVERTPhi,24,0.003732295382107787
DS19,mc.lm_OVERTPhi,lm,OVERTPhi,25,0.021084242454702827
DS19,mc.lm_OVERTPhi,lm,OVERTPhi,26,0.02074894275684473
DS19,mc.lm_OVERTPhi,lm,OVERTPhi,27,0.012744018083718089
DS19,mc.lm_OVERTPhi,lm,OVERTPhi,28,0.01229744251608144
DS19,mc.lm_OVERTPhi,lm,OVERTPhi,29,0.011402456052043208
DS19,mc.lm_OVERTPhi,lm,OVERTPhi,30,0.011183995308793283
DS19,mc.lm_OVERTPhi,lm,OVERTPhi,31,0.010999590083752935
DS19,mc.lm_OVERTPhi,lm,OVERTPhi,32,0.011313161655348644
DS19,mc.lm_OVERTPhi,lm,OVERTPhi,33,0.011101935216462275
DS19,mc.lm_OVERTPhi,lm,OVERTPhi,34,0.010428986780556444
DS19,mc.lm_OVERTPhi,lm,OVERTPhi,35,0.010227914226193506
DS19,mc.lm_OVERTPhi,lm,OVERTPhi,36,0.01027194637073146
DS19,mc.lm_OVERTPhi,lm,OVERTPhi,37,0.010353740085576817
DS19,mc.lm_OVERTPhi,lm,OVERTPhi,38,0.010144787283292635
DS19,mc.lm_OVERTPhi,lm,OVERTPhi,39,0.01027667023298647
DS19,mc.lm_OVERTPhi,lm,OVERTPhi,40,0.009870881350422113
DS19,mc.lm_OVERTPhi,lm,OVERTPhi,41,0.010613516004053124
DS19,mc.lm_OVERTPhi,lm,OVERTPhi,42,0.007804358842797426
DS19,mc.lm_OVERTPhi,lm,OVERTPhi,43,0.007964631665426044
DS19,mc.lm_OVERTPhi,lm,OVERTPhi,44,0.007555402701954468
DS19,mc.lm_OVERTPhi,lm,OVERTPhi,45,0.007516862891704046
DS19,mc.lm_OVERTPhi,lm,OVERTPhi,46,0.0073080779483404735
DS19,mc.lm_OVERTPhi,lm,OVERTPhi,47,0.007187294257530955
DS19,mc.lm_OVERTPhi,lm,OVERTPhi,48,0.007090205642636488
DS19,mc.lm_OVERTPhi,lm,OVERTPhi,49,0.007067821923239506
DS19,mc.lm_OVERTPhi,lm,OVERTPhi,50,0.007300505770316223
DS19,mc.lm_OVERT,lm,OVERT,1,0.023160457594135406
DS19,mc.lm_OVERT,lm,OVERT,2,0.023383693807131647
DS19,mc.lm_OVERT,lm,OVERT,3,0.023218436079065055
DS19,mc.lm_OVERT,lm,OVERT,4,0.023457303270729733
DS19,mc.lm_OVERT,lm,OVERT,5,0.023301355533350134
DS19,mc.lm_OVERT,lm,OVERT,6,0.02208947426884511
DS19,mc.lm_OVERT,lm,OVERT,7,0.020074496817495513
DS19,mc.lm_OVERT,lm,OVERT,8,0.02193672533861956
DS19,mc.lm_OVERT,lm,OVERT,9,0.01950390160588293
DS19,mc.lm_OVERT,lm,OVERT,10,0.021212826054934117
DS19,mc.lm_OVERT,lm,OVERT,11,0.020611886087867473
DS19,mc.lm_OVERT,lm,OVERT,12,0.02033670204419618
DS19,mc.lm_OVERT,lm,OVERT,13,0.021032008006212112
DS19,mc.lm_OVERT,lm,OVERT,14,0.02061557437359522
DS19,mc.lm_OVERT,lm,OVERT,15,0.021110058343892287
DS19,mc.lm_OVERT,lm,OVERT,16,0.020611814282721713
DS19,mc.lm_OVERT,lm,OVERT,17,0.02078490829330538
DS19,mc.lm_OVERT,lm,OVERT,18,0.019393251913604546
DS19,mc.lm_OVERT,lm,OVERT,19,0.021830953002106752
DS19,mc.lm_OVERT,lm,OVERT,20,0.004979679558574602
DS19,mc.lm_OVERT,lm,OVERT,21,0.004745567915362204
DS19,mc.lm_OVERT,lm,OVERT,22,0.003867674643931586
DS19,mc.lm_OVERT,lm,OVERT,23,0.003851887485293882
DS19,mc.lm_OVERT,lm,OVERT,24,0.003698006851826377
DS19,mc.lm_OVERT,lm,OVERT,25,0.020761790864824634
DS19,mc.lm_OVERT,lm,OVERT,26,0.02081202103127641
DS19,mc.lm_OVERT,lm,OVERT,27,0.01278916744342578
DS19,mc.lm_OVERT,lm,OVERT,28,0.012204228610965434
DS19,mc.lm_OVERT,lm,OVERT,29,0.011358048237942219
DS19,mc.lm_OVERT,lm,OVERT,30,0.011075435153233702
DS19,mc.lm_OVERT,lm,OVERT,31,0.010969189807209092
DS19,mc.lm_OVERT,lm,OVERT,32,0.011089087076365065
DS19,mc.lm_OVERT,lm,OVERT,33,0.01121579733814981
DS19,mc.lm_OVERT,lm,OVERT,34,0.010476725839715371
DS19,mc.lm_OVERT,lm,OVERT,35,0.01029306369697646
DS19,mc.lm_OVERT,lm,OVERT,36,0.010454086386298066
DS19,mc.lm_OVERT,lm,OVERT,37,0.010235768766902088
DS19,mc.lm_OVERT,lm,OVERT,38,0.010116451522274712
DS19,mc.lm_OVERT,lm,OVERT,39,0.010367506593349495
DS19,mc.lm_OVERT,lm,OVERT,40,0.010047695049500458
DS19,mc.lm_OVERT,lm,OVERT,41,0.010602844191498009
DS19,mc.lm_OVERT,lm,OVERT,42,0.00778305436750993
DS19,mc.lm_OVERT,lm,OVERT,43,0.00792107265939581
DS19,mc.lm_OVERT,lm,OVERT,44,0.007567822741087504
DS19,mc.lm_OVERT,lm,OVERT,45,0.007456399670033694
DS19,mc.lm_OVERT,lm,OVERT,46,0.007425331920660678
DS19,mc.lm_OVERT,lm,OVERT,47,0.007108443099288845
DS19,mc.lm_OVERT,lm,OVERT,48,0.00705017372009599
DS19,mc.lm_OVERT,lm,OVERT,49,0.007129005065732241
DS19,mc.lm_OVERT,lm,OVERT,50,0.0071916762680075946
DS19,mc.lm_SMOTEB,lm,SMOTEB,1,0.025560222456061675
DS19,mc.lm_SMOTEB,lm,SMOTEB,2,0.02851634159976823
DS19,mc.lm_SMOTEB,lm,SMOTEB,3,0.028969798119168114
DS19,mc.lm_SMOTEB,lm,SMOTEB,4,0.030326243418612
DS19,mc.lm_SMOTEB,lm,SMOTEB,5,0.029271565920893958
DS19,mc.lm_SMOTEB,lm,SMOTEB,6,0.02636979508546236
DS19,mc.lm_SMOTEB,lm,SMOTEB,7,0.027303640169143384
DS19,mc.lm_SMOTEB,lm,SMOTEB,8,0.028368795762295593
DS19,mc.lm_SMOTEB,lm,SMOTEB,9,0.03310668115854697
DS19,mc.lm_SMOTEB,lm,SMOTEB,10,0.030765339748941436
DS19,mc.lm_SMOTEB,lm,SMOTEB,11,0.03062788564372878
DS19,mc.lm_SMOTEB,lm,SMOTEB,12,0.024940053837463644
DS19,mc.lm_SMOTEB,lm,SMOTEB,13,0.02500121426425699
DS19,mc.lm_SMOTEB,lm,SMOTEB,14,0.027617551752942816
DS19,mc.lm_SMOTEB,lm,SMOTEB,15,0.027471635989891025
DS19,mc.lm_SMOTEB,lm,SMOTEB,16,0.024808831589528325
DS19,mc.lm_SMOTEB,lm,SMOTEB,17,0.026823681180922123
DS19,mc.lm_SMOTEB,lm,SMOTEB,18,0.024911323058759052
DS19,mc.lm_SMOTEB,lm,SMOTEB,19,0.02533682346651045
DS19,mc.lm_SMOTEB,lm,SMOTEB,20,0.005833240163447136
DS19,mc.lm_SMOTEB,lm,SMOTEB,21,0.00546595428889949
DS19,mc.lm_SMOTEB,lm,SMOTEB,22,0.004868149412203784
DS19,mc.lm_SMOTEB,lm,SMOTEB,23,0.0034059787001543603
DS19,mc.lm_SMOTEB,lm,SMOTEB,24,0.0035403832330818405
DS19,mc.lm_SMOTEB,lm,SMOTEB,25,0.020030532618027487
DS19,mc.lm_SMOTEB,lm,SMOTEB,26,0.024645794964581108
DS19,mc.lm_SMOTEB,lm,SMOTEB,27,0.018183775258662837
DS19,mc.lm_SMOTEB,lm,SMOTEB,28,0.015015942463509874
DS19,mc.lm_SMOTEB,lm,SMOTEB,29,0.01390839777868391
DS19,mc.lm_SMOTEB,lm,SMOTEB,30,0.013502813516025277
DS19,mc.lm_SMOTEB,lm,SMOTEB,31,0.012107530836446383
DS19,mc.lm_SMOTEB,lm,SMOTEB,32,0.012629772978496899
DS19,mc.lm_SMOTEB,lm,SMOTEB,33,0.012605144585389274
DS19,mc.lm_SMOTEB,lm,SMOTEB,34,0.011401791383321728
DS19,mc.lm_SMOTEB,lm,SMOTEB,35,0.011440918586198697
DS19,mc.lm_SMOTEB,lm,SMOTEB,36,0.012652166451967916
DS19,mc.lm_SMOTEB,lm,SMOTEB,37,0.012575121864412305
DS19,mc.lm_SMOTEB,lm,SMOTEB,38,0.013126909073403796
DS19,mc.lm_SMOTEB,lm,SMOTEB,39,0.012132599350016305
DS19,mc.lm_SMOTEB,lm,SMOTEB,40,0.012106502549651059
DS19,mc.lm_SMOTEB,lm,SMOTEB,41,0.011907268858177718
DS19,mc.lm_SMOTEB,lm,SMOTEB,42,0.009899944819252134
DS19,mc.lm_SMOTEB,lm,SMOTEB,43,0.010578265172946928
DS19,mc.lm_SMOTEB,lm,SMOTEB,44,0.009683043230322461
DS19,mc.lm_SMOTEB,lm,SMOTEB,45,0.009204392151383632
DS19,mc.lm_SMOTEB,lm,SMOTEB,46,0.009238369936972808
DS19,mc.lm_SMOTEB,lm,SMOTEB,47,0.009814080796608095
DS19,mc.lm_SMOTEB,lm,SMOTEB,48,0.009299205988854791
DS19,mc.lm_SMOTEB,lm,SMOTEB,49,0.008978961911615874
DS19,mc.lm_SMOTEB,lm,SMOTEB,50,0.00836526585084224
DS19,mc.lm_SMOTETPhi,lm,SMOTETPhi,1,0.02630621937054236
DS19,mc.lm_SMOTETPhi,lm,SMOTETPhi,2,0.028277246582717915
DS19,mc.lm_SMOTETPhi,lm,SMOTETPhi,3,0.027117730288940028
DS19,mc.lm_SMOTETPhi,lm,SMOTETPhi,4,0.02558115447715594
DS19,mc.lm_SMOTETPhi,lm,SMOTETPhi,5,0.028195704482735486
DS19,mc.lm_SMOTETPhi,lm,SMOTETPhi,6,0.027922168031411256
DS19,mc.lm_SMOTETPhi,lm,SMOTETPhi,7,0.027991893133391853
DS19,mc.lm_SMOTETPhi,lm,SMOTETPhi,8,0.03366636760813131
DS19,mc.lm_SMOTETPhi,lm,SMOTETPhi,9,0.03424374226210658
DS19,mc.lm_SMOTETPhi,lm,SMOTETPhi,10,0.034229481925106685
DS19,mc.lm_SMOTETPhi,lm,SMOTETPhi,11,0.025599615128353046
DS19,mc.lm_SMOTETPhi,lm,SMOTETPhi,12,0.02786138439482643
DS19,mc.lm_SMOTETPhi,lm,SMOTETPhi,13,0.02782957735560576
DS19,mc.lm_SMOTETPhi,lm,SMOTETPhi,14,0.029819945066820307
DS19,mc.lm_SMOTETPhi,lm,SMOTETPhi,15,0.02685365911195648
DS19,mc.lm_SMOTETPhi,lm,SMOTETPhi,16,0.027920053302974934
DS19,mc.lm_SMOTETPhi,lm,SMOTETPhi,17,0.027570270374059715
DS19,mc.lm_SMOTETPhi,lm,SMOTETPhi,18,0.0254212073594129
DS19,mc.lm_SMOTETPhi,lm,SMOTETPhi,19,0.02688931564597681
DS19,mc.lm_SMOTETPhi,lm,SMOTETPhi,20,0.0033568010823256493
DS19,mc.lm_SMOTETPhi,lm,SMOTETPhi,21,0.004236419892855189
DS19,mc.lm_SMOTETPhi,lm,SMOTETPhi,22,0.003391593278969954
DS19,mc.lm_SMOTETPhi,lm,SMOTETPhi,23,0.004290191539309212
DS19,mc.lm_SMOTETPhi,lm,SMOTETPhi,24,0.00473262779445049
DS19,mc.lm_SMOTETPhi,lm,SMOTETPhi,25,0.019113210158866214
DS19,mc.lm_SMOTETPhi,lm,SMOTETPhi,26,0.021333570494687204
DS19,mc.lm_SMOTETPhi,lm,SMOTETPhi,27,0.017580184487544698
DS19,mc.lm_SMOTETPhi,lm,SMOTETPhi,28,0.01712597569537564
DS19,mc.lm_SMOTETPhi,lm,SMOTETPhi,29,0.01639597701963621
DS19,mc.lm_SMOTETPhi,lm,SMOTETPhi,30,0.015010309924296625
DS19,mc.lm_SMOTETPhi,lm,SMOTETPhi,31,0.013307934729217322
DS19,mc.lm_SMOTETPhi,lm,SMOTETPhi,32,0.015959747402113724
DS19,mc.lm_SMOTETPhi,lm,SMOTETPhi,33,0.016174307289199382
DS19,mc.lm_SMOTETPhi,lm,SMOTETPhi,34,0.01404139195480865
DS19,mc.lm_SMOTETPhi,lm,SMOTETPhi,35,0.01593237686155119
DS19,mc.lm_SMOTETPhi,lm,SMOTETPhi,36,0.013014981356366669
DS19,mc.lm_SMOTETPhi,lm,SMOTETPhi,37,0.014202583615174201
DS19,mc.lm_SMOTETPhi,lm,SMOTETPhi,38,0.015255427123924414
DS19,mc.lm_SMOTETPhi,lm,SMOTETPhi,39,0.014457320838225481
DS19,mc.lm_SMOTETPhi,lm,SMOTETPhi,40,0.013878916673435195
DS19,mc.lm_SMOTETPhi,lm,SMOTETPhi,41,0.014793711399867163
DS19,mc.lm_SMOTETPhi,lm,SMOTETPhi,42,0.011990893745005792
DS19,mc.lm_SMOTETPhi,lm,SMOTETPhi,43,0.012913958267588165
DS19,mc.lm_SMOTETPhi,lm,SMOTETPhi,44,0.009193583705225515
DS19,mc.lm_SMOTETPhi,lm,SMOTETPhi,45,0.009246489936689188
DS19,mc.lm_SMOTETPhi,lm,SMOTETPhi,46,0.011379522862041398
DS19,mc.lm_SMOTETPhi,lm,SMOTETPhi,47,0.009651378012566882
DS19,mc.lm_SMOTETPhi,lm,SMOTETPhi,48,0.009438098830477118
DS19,mc.lm_SMOTETPhi,lm,SMOTETPhi,49,0.00847341357441855
DS19,mc.lm_SMOTETPhi,lm,SMOTETPhi,50,0.010736418890543655
DS19,mc.lm_SMOTET,lm,SMOTET,1,0.02618443288765572
DS19,mc.lm_SMOTET,lm,SMOTET,2,0.028866381798913876
DS19,mc.lm_SMOTET,lm,SMOTET,3,0.025330722985186172
DS19,mc.lm_SMOTET,lm,SMOTET,4,0.025366236317763715
DS19,mc.lm_SMOTET,lm,SMOTET,5,0.031628702785374906
DS19,mc.lm_SMOTET,lm,SMOTET,6,0.027064372128844955
DS19,mc.lm_SMOTET,lm,SMOTET,7,0.026068532969938198
DS19,mc.lm_SMOTET,lm,SMOTET,8,0.03051422352167689
DS19,mc.lm_SMOTET,lm,SMOTET,9,0.033764869726148276
DS19,mc.lm_SMOTET,lm,SMOTET,10,0.03514066554226075
DS19,mc.lm_SMOTET,lm,SMOTET,11,0.02430971449417096
DS19,mc.lm_SMOTET,lm,SMOTET,12,0.0281430768985452
DS19,mc.lm_SMOTET,lm,SMOTET,13,0.025991026808607657
DS19,mc.lm_SMOTET,lm,SMOTET,14,0.025151111926262404
DS19,mc.lm_SMOTET,lm,SMOTET,15,0.024671404862270648
DS19,mc.lm_SMOTET,lm,SMOTET,16,0.025614079957425182
DS19,mc.lm_SMOTET,lm,SMOTET,17,0.026181669159650305
DS19,mc.lm_SMOTET,lm,SMOTET,18,0.026021454637560525
DS19,mc.lm_SMOTET,lm,SMOTET,19,0.025942156413915826
DS19,mc.lm_SMOTET,lm,SMOTET,20,0.009509489639462087
DS19,mc.lm_SMOTET,lm,SMOTET,21,0.008875669315003774
DS19,mc.lm_SMOTET,lm,SMOTET,22,0.005544808415115884
DS19,mc.lm_SMOTET,lm,SMOTET,23,0.0075274006922896285
DS19,mc.lm_SMOTET,lm,SMOTET,24,0.00808808707422274
DS19,mc.lm_SMOTET,lm,SMOTET,25,0.019561547496236353
DS19,mc.lm_SMOTET,lm,SMOTET,26,0.025230424340756633
DS19,mc.lm_SMOTET,lm,SMOTET,27,0.015781733948970145
DS19,mc.lm_SMOTET,lm,SMOTET,28,0.014626465621423017
DS19,mc.lm_SMOTET,lm,SMOTET,29,0.012517246146239006
DS19,mc.lm_SMOTET,lm,SMOTET,30,0.012621169449447463
DS19,mc.lm_SMOTET,lm,SMOTET,31,0.014253231674438127
DS19,mc.lm_SMOTET,lm,SMOTET,32,0.016300503627249073
DS19,mc.lm_SMOTET,lm,SMOTET,33,0.012066048964620373
DS19,mc.lm_SMOTET,lm,SMOTET,34,0.013936139919368883
DS19,mc.lm_SMOTET,lm,SMOTET,35,0.013102144999944465
DS19,mc.lm_SMOTET,lm,SMOTET,36,0.012185270506808437
DS19,mc.lm_SMOTET,lm,SMOTET,37,0.014043179714663376
DS19,mc.lm_SMOTET,lm,SMOTET,38,0.012424725944034749
DS19,mc.lm_SMOTET,lm,SMOTET,39,0.01390637219786113
DS19,mc.lm_SMOTET,lm,SMOTET,40,0.014102901538705978
DS19,mc.lm_SMOTET,lm,SMOTET,41,0.01366459472552568
DS19,mc.lm_SMOTET,lm,SMOTET,42,0.011843867080880654
DS19,mc.lm_SMOTET,lm,SMOTET,43,0.01197474596696574
DS19,mc.lm_SMOTET,lm,SMOTET,44,0.009445263387589713
DS19,mc.lm_SMOTET,lm,SMOTET,45,0.0095450460801568
DS19,mc.lm_SMOTET,lm,SMOTET,46,0.01076333726846411
DS19,mc.lm_SMOTET,lm,SMOTET,47,0.010279250643798048
DS19,mc.lm_SMOTET,lm,SMOTET,48,0.009987060995000354
DS19,mc.lm_SMOTET,lm,SMOTET,49,0.009124175211064834
DS19,mc.lm_SMOTET,lm,SMOTET,50,0.009020929198368631
DS19,mc.lm_UNDERB,lm,UNDERB,1,0.03053439375014308
DS19,mc.lm_UNDERB,lm,UNDERB,2,0.025177155381622088
DS19,mc.lm_UNDERB,lm,UNDERB,3,0.023644010853671606
DS19,mc.lm_UNDERB,lm,UNDERB,4,0.02527533001774951
DS19,mc.lm_UNDERB,lm,UNDERB,5,0.029222295825764483
DS19,mc.lm_UNDERB,lm,UNDERB,6,0.023130226991135597
DS19,mc.lm_UNDERB,lm,UNDERB,7,0.02227571108596009
DS19,mc.lm_UNDERB,lm,UNDERB,8,0.027786781519620496
DS19,mc.lm_UNDERB,lm,UNDERB,9,0.02928893185663962
DS19,mc.lm_UNDERB,lm,UNDERB,10,0.029760019968171694
DS19,mc.lm_UNDERB,lm,UNDERB,11,0.02454187543480274
DS19,mc.lm_UNDERB,lm,UNDERB,12,0.027464021397653804
DS19,mc.lm_UNDERB,lm,UNDERB,13,0.026053084053471277
DS19,mc.lm_UNDERB,lm,UNDERB,14,0.02044814406127822
DS19,mc.lm_UNDERB,lm,UNDERB,15,0.02371078381014601
DS19,mc.lm_UNDERB,lm,UNDERB,16,0.02643325132609366
DS19,mc.lm_UNDERB,lm,UNDERB,17,0.02714296044326488
DS19,mc.lm_UNDERB,lm,UNDERB,18,0.02395695226119956
DS19,mc.lm_UNDERB,lm,UNDERB,19,0.025123692956158912
DS19,mc.lm_UNDERB,lm,UNDERB,20,0.012022776450375972
DS19,mc.lm_UNDERB,lm,UNDERB,21,0.006311996878041912
DS19,mc.lm_UNDERB,lm,UNDERB,22,0.005731445158445269
DS19,mc.lm_UNDERB,lm,UNDERB,23,0.005070368014364444
DS19,mc.lm_UNDERB,lm,UNDERB,24,0.004761581817641749
DS19,mc.lm_UNDERB,lm,UNDERB,25,0.018716559788608554
DS19,mc.lm_UNDERB,lm,UNDERB,26,0.028619861559068198
DS19,mc.lm_UNDERB,lm,UNDERB,27,0.016417032083667352
DS19,mc.lm_UNDERB,lm,UNDERB,28,0.014854465980907968
DS19,mc.lm_UNDERB,lm,UNDERB,29,0.014412306945182633
DS19,mc.lm_UNDERB,lm,UNDERB,30,0.011242419962116685
DS19,mc.lm_UNDERB,lm,UNDERB,31,0.010206841975898655
DS19,mc.lm_UNDERB,lm,UNDERB,32,0.012053311625635098
DS19,mc.lm_UNDERB,lm,UNDERB,33,0.010981793344140471
DS19,mc.lm_UNDERB,lm,UNDERB,34,0.010551749036253492
DS19,mc.lm_UNDERB,lm,UNDERB,35,0.01232918696787071
DS19,mc.lm_UNDERB,lm,UNDERB,36,0.01106111106591593
DS19,mc.lm_UNDERB,lm,UNDERB,37,0.009084919864521084
DS19,mc.lm_UNDERB,lm,UNDERB,38,0.009599116361181114
DS19,mc.lm_UNDERB,lm,UNDERB,39,0.010023602676643059
DS19,mc.lm_UNDERB,lm,UNDERB,40,0.01016489566916937
DS19,mc.lm_UNDERB,lm,UNDERB,41,0.01072627090384843
DS19,mc.lm_UNDERB,lm,UNDERB,42,0.006669347222678489
DS19,mc.lm_UNDERB,lm,UNDERB,43,0.009833375475887945
DS19,mc.lm_UNDERB,lm,UNDERB,44,0.008333389099849306
DS19,mc.lm_UNDERB,lm,UNDERB,45,0.008451518994834787
DS19,mc.lm_UNDERB,lm,UNDERB,46,0.008457476126378368
DS19,mc.lm_UNDERB,lm,UNDERB,47,0.005970278521596473
DS19,mc.lm_UNDERB,lm,UNDERB,48,0.0060294986371766295
DS19,mc.lm_UNDERB,lm,UNDERB,49,0.00806238879054346
DS19,mc.lm_UNDERB,lm,UNDERB,50,0.006283843013159659
DS19,mc.lm_UNDERTPhi,lm,UNDERTPhi,1,0.02515718243734852
DS19,mc.lm_UNDERTPhi,lm,UNDERTPhi,2,0.025742745485216247
DS19,mc.lm_UNDERTPhi,lm,UNDERTPhi,3,0.02644707754363191
DS19,mc.lm_UNDERTPhi,lm,UNDERTPhi,4,0.025869540041236226
DS19,mc.lm_UNDERTPhi,lm,UNDERTPhi,5,0.02357609453186507
DS19,mc.lm_UNDERTPhi,lm,UNDERTPhi,6,0.024277466244514552
DS19,mc.lm_UNDERTPhi,lm,UNDERTPhi,7,0.027788191427166414
DS19,mc.lm_UNDERTPhi,lm,UNDERTPhi,8,0.028027079376589253
DS19,mc.lm_UNDERTPhi,lm,UNDERTPhi,9,0.0353116898900559
DS19,mc.lm_UNDERTPhi,lm,UNDERTPhi,10,0.03601367749479417
DS19,mc.lm_UNDERTPhi,lm,UNDERTPhi,11,0.023592582412515613
DS19,mc.lm_UNDERTPhi,lm,UNDERTPhi,12,0.028251169916703116
DS19,mc.lm_UNDERTPhi,lm,UNDERTPhi,13,0.0260629252497094
DS19,mc.lm_UNDERTPhi,lm,UNDERTPhi,14,0.0243479924547921
DS19,mc.lm_UNDERTPhi,lm,UNDERTPhi,15,0.0286155442971568
DS19,mc.lm_UNDERTPhi,lm,UNDERTPhi,16,0.024147413262400046
DS19,mc.lm_UNDERTPhi,lm,UNDERTPhi,17,0.023170220142342116
DS19,mc.lm_UNDERTPhi,lm,UNDERTPhi,18,0.025350797647927064
DS19,mc.lm_UNDERTPhi,lm,UNDERTPhi,19,0.030560928743355635
DS19,mc.lm_UNDERTPhi,lm,UNDERTPhi,20,0.003978992040631053
DS19,mc.lm_UNDERTPhi,lm,UNDERTPhi,21,0.006870719480862288
DS19,mc.lm_UNDERTPhi,lm,UNDERTPhi,22,0.0034226633271602193
DS19,mc.lm_UNDERTPhi,lm,UNDERTPhi,23,0.0043308332648231505
DS19,mc.lm_UNDERTPhi,lm,UNDERTPhi,24,0.005121367935818649
DS19,mc.lm_UNDERTPhi,lm,UNDERTPhi,25,0.02987621106174954
DS19,mc.lm_UNDERTPhi,lm,UNDERTPhi,26,0.02947160311584647
DS19,mc.lm_UNDERTPhi,lm,UNDERTPhi,27,0.014086074412875323
DS19,mc.lm_UNDERTPhi,lm,UNDERTPhi,28,0.01586115677656067
DS19,mc.lm_UNDERTPhi,lm,UNDERTPhi,29,0.01336917406067508
DS19,mc.lm_UNDERTPhi,lm,UNDERTPhi,30,0.010035229705341197
DS19,mc.lm_UNDERTPhi,lm,UNDERTPhi,31,0.012481151644051171
DS19,mc.lm_UNDERTPhi,lm,UNDERTPhi,32,0.013498488720227176
DS19,mc.lm_UNDERTPhi,lm,UNDERTPhi,33,0.01093906520018274
DS19,mc.lm_UNDERTPhi,lm,UNDERTPhi,34,0.010989352589340905
DS19,mc.lm_UNDERTPhi,lm,UNDERTPhi,35,0.011027829908527641
DS19,mc.lm_UNDERTPhi,lm,UNDERTPhi,36,0.008631000035405135
DS19,mc.lm_UNDERTPhi,lm,UNDERTPhi,37,0.010289125527345505
DS19,mc.lm_UNDERTPhi,lm,UNDERTPhi,38,0.013783957303766785
DS19,mc.lm_UNDERTPhi,lm,UNDERTPhi,39,0.010421609344552753
DS19,mc.lm_UNDERTPhi,lm,UNDERTPhi,40,0.01088390360839041
DS19,mc.lm_UNDERTPhi,lm,UNDERTPhi,41,0.011024592037414042
DS19,mc.lm_UNDERTPhi,lm,UNDERTPhi,42,0.008685380862479355
DS19,mc.lm_UNDERTPhi,lm,UNDERTPhi,43,0.012284958284355664
DS19,mc.lm_UNDERTPhi,lm,UNDERTPhi,44,0.0075711497665497726
DS19,mc.lm_UNDERTPhi,lm,UNDERTPhi,45,0.006999627101510876
DS19,mc.lm_UNDERTPhi,lm,UNDERTPhi,46,0.007303971698718993
DS19,mc.lm_UNDERTPhi,lm,UNDERTPhi,47,0.00783540864103851
DS19,mc.lm_UNDERTPhi,lm,UNDERTPhi,48,0.007747947203259166
DS19,mc.lm_UNDERTPhi,lm,UNDERTPhi,49,0.005420916206634326
DS19,mc.lm_UNDERTPhi,lm,UNDERTPhi,50,0.006864275070018163
DS19,mc.lm_UNDERT,lm,UNDERT,1,0.03277019827566425
DS19,mc.lm_UNDERT,lm,UNDERT,2,0.023523241075434707
DS19,mc.lm_UNDERT,lm,UNDERT,3,0.0318794499808929
DS19,mc.lm_UNDERT,lm,UNDERT,4,0.021847933716203725
DS19,mc.lm_UNDERT,lm,UNDERT,5,0.02416717515887778
DS19,mc.lm_UNDERT,lm,UNDERT,6,0.03174921791337692
DS19,mc.lm_UNDERT,lm,UNDERT,7,0.024474751152729998
DS19,mc.lm_UNDERT,lm,UNDERT,8,0.028672314145671347
DS19,mc.lm_UNDERT,lm,UNDERT,9,0.027147028048768743
DS19,mc.lm_UNDERT,lm,UNDERT,10,0.03146146734232602
DS19,mc.lm_UNDERT,lm,UNDERT,11,0.027724236920046715
DS19,mc.lm_UNDERT,lm,UNDERT,12,0.025657116570471792
DS19,mc.lm_UNDERT,lm,UNDERT,13,0.027932348197735973
DS19,mc.lm_UNDERT,lm,UNDERT,14,0.023577053496437267
DS19,mc.lm_UNDERT,lm,UNDERT,15,0.02458456476573622
DS19,mc.lm_UNDERT,lm,UNDERT,16,0.025571964164756232
DS19,mc.lm_UNDERT,lm,UNDERT,17,0.023234394186973185
DS19,mc.lm_UNDERT,lm,UNDERT,18,0.030770762595327565
DS19,mc.lm_UNDERT,lm,UNDERT,19,0.03521053106207206
DS19,mc.lm_UNDERT,lm,UNDERT,20,0.011473906275999233
DS19,mc.lm_UNDERT,lm,UNDERT,21,0.01311410901312735
DS19,mc.lm_UNDERT,lm,UNDERT,22,0.010146187439332231
DS19,mc.lm_UNDERT,lm,UNDERT,23,0.009905207795690561
DS19,mc.lm_UNDERT,lm,UNDERT,24,0.016836006145288827
DS19,mc.lm_UNDERT,lm,UNDERT,25,0.027945325876504355
DS19,mc.lm_UNDERT,lm,UNDERT,26,0.017169982060020798
DS19,mc.lm_UNDERT,lm,UNDERT,27,0.01464927042317192
DS19,mc.lm_UNDERT,lm,UNDERT,28,0.015197136199579448
DS19,mc.lm_UNDERT,lm,UNDERT,29,0.013283653534703463
DS19,mc.lm_UNDERT,lm,UNDERT,30,0.012966412666325363
DS19,mc.lm_UNDERT,lm,UNDERT,31,0.012326580445053196
DS19,mc.lm_UNDERT,lm,UNDERT,32,0.010538427025745702
DS19,mc.lm_UNDERT,lm,UNDERT,33,0.01128674951741853
DS19,mc.lm_UNDERT,lm,UNDERT,34,0.010916602102855194
DS19,mc.lm_UNDERT,lm,UNDERT,35,0.0104688912251529
DS19,mc.lm_UNDERT,lm,UNDERT,36,0.010677416988382649
DS19,mc.lm_UNDERT,lm,UNDERT,37,0.010944060567618187
DS19,mc.lm_UNDERT,lm,UNDERT,38,0.012134220189801606
DS19,mc.lm_UNDERT,lm,UNDERT,39,0.010635649353618899
DS19,mc.lm_UNDERT,lm,UNDERT,40,0.010383985788510231
DS19,mc.lm_UNDERT,lm,UNDERT,41,0.00972545781710938
DS19,mc.lm_UNDERT,lm,UNDERT,42,0.012485347252734626
DS19,mc.lm_UNDERT,lm,UNDERT,43,0.00942565162869254
DS19,mc.lm_UNDERT,lm,UNDERT,44,0.007866092858155191
DS19,mc.lm_UNDERT,lm,UNDERT,45,0.008030070294240226
DS19,mc.lm_UNDERT,lm,UNDERT,46,0.008606472816258356
DS19,mc.lm_UNDERT,lm,UNDERT,47,0.006936863908862746
DS19,mc.lm_UNDERT,lm,UNDERT,48,0.006423113486571767
DS19,mc.lm_UNDERT,lm,UNDERT,49,0.00672303860765896
DS19,mc.lm_UNDERT,lm,UNDERT,50,0.010146462022840863
DS19,mc.lm,lm,baseline,1,0.01896662909429883
DS19,mc.lm,lm,baseline,2,0.018342952166669715
DS19,mc.lm,lm,baseline,3,0.01844827908929641
DS19,mc.lm,lm,baseline,4,0.01844690972849256
DS19,mc.lm,lm,baseline,5,0.0184734541051569
DS19,mc.lm,lm,baseline,6,0.01857957478167887
DS19,mc.lm,lm,baseline,7,0.01884176514600786
DS19,mc.lm,lm,baseline,8,0.01995937322265392
DS19,mc.lm,lm,baseline,9,0.020076938214450224
DS19,mc.lm,lm,baseline,10,0.02065492989866818
DS19,mc.lm,lm,baseline,11,0.019872220394503187
DS19,mc.lm,lm,baseline,12,0.0200671817337515
DS19,mc.lm,lm,baseline,13,0.020091250508882424
DS19,mc.lm,lm,baseline,14,0.019854392430342684
DS19,mc.lm,lm,baseline,15,0.020232970470845723
DS19,mc.lm,lm,baseline,16,0.02034370885781656
DS19,mc.lm,lm,baseline,17,0.019878142618240682
DS19,mc.lm,lm,baseline,18,0.019829023022107546
DS19,mc.lm,lm,baseline,19,0.02021061947920539
DS19,mc.lm,lm,baseline,20,0.012377697695773873
DS19,mc.lm,lm,baseline,21,0.012101854878766478
DS19,mc.lm,lm,baseline,22,0.010569054674487842
DS19,mc.lm,lm,baseline,23,0.008883004311490687
DS19,mc.lm,lm,baseline,24,0.00862304792088222
DS19,mc.lm,lm,baseline,25,0.01226397295090848
DS19,mc.lm,lm,baseline,26,0.012027429368362675
DS19,mc.lm,lm,baseline,27,0.009204623828317248
DS19,mc.lm,lm,baseline,28,0.00880882950702294
DS19,mc.lm,lm,baseline,29,0.008779684462373202
DS19,mc.lm,lm,baseline,30,0.00789962053817532
DS19,mc.lm,lm,baseline,31,0.007869249493048
DS19,mc.lm,lm,baseline,32,0.007471854046637121
DS19,mc.lm,lm,baseline,33,0.007426143659731922
DS19,mc.lm,lm,baseline,34,0.007261104607617016
DS19,mc.lm,lm,baseline,35,0.007244857258685761
DS19,mc.lm,lm,baseline,36,0.00723215789752549
DS19,mc.lm,lm,baseline,37,0.0072042160059557995
DS19,mc.lm,lm,baseline,38,0.00722068247339752
DS19,mc.lm,lm,baseline,39,0.007168565366754759
DS19,mc.lm,lm,baseline,40,0.007019046190060304
DS19,mc.lm,lm,baseline,41,0.007011268917550644
DS19,mc.lm,lm,baseline,42,0.0048697151729218445
DS19,mc.lm,lm,baseline,43,0.0049187172713208984
DS19,mc.lm,lm,baseline,44,0.004769136910743153
DS19,mc.lm,lm,baseline,45,0.004754309168238576
DS19,mc.lm,lm,baseline,46,0.004729555966458299
DS19,mc.lm,lm,baseline,47,0.004712028765606668
DS19,mc.lm,lm,baseline,48,0.004408809616779625
DS19,mc.lm,lm,baseline,49,0.0044230247112840865
DS19,mc.lm,lm,baseline,50,0.0044235490798454225
DS19,mc.mars_OVERB,mars,OVERB,1,0.0344637619645172
DS19,mc.mars_OVERB,mars,OVERB,2,0.02215147183847164
DS19,mc.mars_OVERB,mars,OVERB,3,0.024652113907369076
DS19,mc.mars_OVERB,mars,OVERB,4,0.025130915132071194
DS19,mc.mars_OVERB,mars,OVERB,5,0.0315272444378878
DS19,mc.mars_OVERB,mars,OVERB,6,0.022678787061158372
DS19,mc.mars_OVERB,mars,OVERB,7,0.027427703236626848
DS19,mc.mars_OVERB,mars,OVERB,8,0.02364173111544236
DS19,mc.mars_OVERB,mars,OVERB,9,0.023017824320893037
DS19,mc.mars_OVERB,mars,OVERB,10,0.044126372995429854
DS19,mc.mars_OVERB,mars,OVERB,11,0.02948751211536649
DS19,mc.mars_OVERB,mars,OVERB,12,0.033322554517349695
DS19,mc.mars_OVERB,mars,OVERB,13,0.032281417120455666
DS19,mc.mars_OVERB,mars,OVERB,14,0.039468957651620895
DS19,mc.mars_OVERB,mars,OVERB,15,0.03554584536831227
DS19,mc.mars_OVERB,mars,OVERB,16,0.037101271529182196
DS19,mc.mars_OVERB,mars,OVERB,17,0.0534564719216897
DS19,mc.mars_OVERB,mars,OVERB,18,0.05198926747593725
DS19,mc.mars_OVERB,mars,OVERB,19,0.04080874280431481
DS19,mc.mars_OVERB,mars,OVERB,20,0.009046712140590335
DS19,mc.mars_OVERB,mars,OVERB,21,0.009746844563740684
DS19,mc.mars_OVERB,mars,OVERB,22,0.016767222697147956
DS19,mc.mars_OVERB,mars,OVERB,23,0.06918988034316566
DS19,mc.mars_OVERB,mars,OVERB,24,0.0655222845063496
DS19,mc.mars_OVERB,mars,OVERB,25,0.02033285331443458
DS19,mc.mars_OVERB,mars,OVERB,26,0.028010159165412756
DS19,mc.mars_OVERB,mars,OVERB,27,0.017296683702168893
DS19,mc.mars_OVERB,mars,OVERB,28,0.015151875092819685
DS19,mc.mars_OVERB,mars,OVERB,29,0.019725977391378623
DS19,mc.mars_OVERB,mars,OVERB,30,0.008905747624335145
DS19,mc.mars_OVERB,mars,OVERB,31,0.006852126507817132
DS19,mc.mars_OVERB,mars,OVERB,32,0.009584450705797928
DS19,mc.mars_OVERB,mars,OVERB,33,0.009747643986590237
DS19,mc.mars_OVERB,mars,OVERB,34,0.00786176292602857
DS19,mc.mars_OVERB,mars,OVERB,35,0.007824241674128669
DS19,mc.mars_OVERB,mars,OVERB,36,0.007415610208421115
DS19,mc.mars_OVERB,mars,OVERB,37,0.00730203723808852
DS19,mc.mars_OVERB,mars,OVERB,38,0.010770248125700821
DS19,mc.mars_OVERB,mars,OVERB,39,0.008421551240790503
DS19,mc.mars_OVERB,mars,OVERB,40,0.009577454963908858
DS19,mc.mars_OVERB,mars,OVERB,41,0.00732715669499063
DS19,mc.mars_OVERB,mars,OVERB,42,0.00577722160803592
DS19,mc.mars_OVERB,mars,OVERB,43,0.005101233045718603
DS19,mc.mars_OVERB,mars,OVERB,44,0.005638457760785934
DS19,mc.mars_OVERB,mars,OVERB,45,0.006243146865692604
DS19,mc.mars_OVERB,mars,OVERB,46,0.00654575967533592
DS19,mc.mars_OVERB,mars,OVERB,47,0.00510409985039317
DS19,mc.mars_OVERB,mars,OVERB,48,0.0068143908266562305
DS19,mc.mars_OVERB,mars,OVERB,49,0.005911401231606583
DS19,mc.mars_OVERB,mars,OVERB,50,0.005379066467433576
DS19,mc.mars_OVERTPhi,mars,OVERTPhi,1,0.06396928700427705
DS19,mc.mars_OVERTPhi,mars,OVERTPhi,2,0.02351977725043168
DS19,mc.mars_OVERTPhi,mars,OVERTPhi,3,0.04956542384414166
DS19,mc.mars_OVERTPhi,mars,OVERTPhi,4,0.07836224066639595
DS19,mc.mars_OVERTPhi,mars,OVERTPhi,5,0.0390363588165791
DS19,mc.mars_OVERTPhi,mars,OVERTPhi,6,0.018578852829906036
DS19,mc.mars_OVERTPhi,mars,OVERTPhi,7,0.028537523618236547
DS19,mc.mars_OVERTPhi,mars,OVERTPhi,8,0.034034266823471944
DS19,mc.mars_OVERTPhi,mars,OVERTPhi,9,0.03398232342422749
DS19,mc.mars_OVERTPhi,mars,OVERTPhi,10,0.024771724951882193
DS19,mc.mars_OVERTPhi,mars,OVERTPhi,11,0.027995854813822003
DS19,mc.mars_OVERTPhi,mars,OVERTPhi,12,0.03338968836798476
DS19,mc.mars_OVERTPhi,mars,OVERTPhi,13,0.02308111880650486
DS19,mc.mars_OVERTPhi,mars,OVERTPhi,14,0.04201087884025779
DS19,mc.mars_OVERTPhi,mars,OVERTPhi,15,0.03514607019362195
DS19,mc.mars_OVERTPhi,mars,OVERTPhi,16,0.04426712978216544
DS19,mc.mars_OVERTPhi,mars,OVERTPhi,17,0.03380431671076687
DS19,mc.mars_OVERTPhi,mars,OVERTPhi,18,0.052441022467622944
DS19,mc.mars_OVERTPhi,mars,OVERTPhi,19,0.039387034201084345
DS19,mc.mars_OVERTPhi,mars,OVERTPhi,20,0.005869845801707524
DS19,mc.mars_OVERTPhi,mars,OVERTPhi,21,0.0078692532726688
DS19,mc.mars_OVERTPhi,mars,OVERTPhi,22,0.010711181640338758
DS19,mc.mars_OVERTPhi,mars,OVERTPhi,23,0.011382466451136086
DS19,mc.mars_OVERTPhi,mars,OVERTPhi,24,0.007439214684681379
DS19,mc.mars_OVERTPhi,mars,OVERTPhi,25,0.04931022551347398
DS19,mc.mars_OVERTPhi,mars,OVERTPhi,26,0.04315525096289022
DS19,mc.mars_OVERTPhi,mars,OVERTPhi,27,0.01936178140709638
DS19,mc.mars_OVERTPhi,mars,OVERTPhi,28,0.020632331353437047
DS19,mc.mars_OVERTPhi,mars,OVERTPhi,29,0.01980062602234922
DS19,mc.mars_OVERTPhi,mars,OVERTPhi,30,0.0056038875284917505
DS19,mc.mars_OVERTPhi,mars,OVERTPhi,31,0.006912430402573966
DS19,mc.mars_OVERTPhi,mars,OVERTPhi,32,0.009666428296447174
DS19,mc.mars_OVERTPhi,mars,OVERTPhi,33,0.009367515511441885
DS19,mc.mars_OVERTPhi,mars,OVERTPhi,34,0.006394199660852371
DS19,mc.mars_OVERTPhi,mars,OVERTPhi,35,0.006636663220990699
DS19,mc.mars_OVERTPhi,mars,OVERTPhi,36,0.012197634305718755
DS19,mc.mars_OVERTPhi,mars,OVERTPhi,37,0.009949314894053873
DS19,mc.mars_OVERTPhi,mars,OVERTPhi,38,0.01036318927250387
DS19,mc.mars_OVERTPhi,mars,OVERTPhi,39,0.010080040095032468
DS19,mc.mars_OVERTPhi,mars,OVERTPhi,40,0.010095806557834038
DS19,mc.mars_OVERTPhi,mars,OVERTPhi,41,0.007188823385908871
DS19,mc.mars_OVERTPhi,mars,OVERTPhi,42,0.006721227874609913
DS19,mc.mars_OVERTPhi,mars,OVERTPhi,43,0.006821969887666271
DS19,mc.mars_OVERTPhi,mars,OVERTPhi,44,0.006865150639129439
DS19,mc.mars_OVERTPhi,mars,OVERTPhi,45,0.00692542540033503
DS19,mc.mars_OVERTPhi,mars,OVERTPhi,46,0.006678321980386272
DS19,mc.mars_OVERTPhi,mars,OVERTPhi,47,0.006850128275539177
DS19,mc.mars_OVERTPhi,mars,OVERTPhi,48,0.006138133154072024
DS19,mc.mars_OVERTPhi,mars,OVERTPhi,49,0.005749755827414685
DS19,mc.mars_OVERTPhi,mars,OVERTPhi,50,0.006553980626480856
DS19,mc.mars_OVERT,mars,OVERT,1,0.029095608468384306
DS19,mc.mars_OVERT,mars,OVERT,2,0.023496610719721613
DS19,mc.mars_OVERT,mars,OVERT,3,0.049773811259630825
DS19,mc.mars_OVERT,mars,OVERT,4,0.07899195177208887
DS19,mc.mars_OVERT,mars,OVERT,5,0.027979249687460826
DS19,mc.mars_OVERT,mars,OVERT,6,0.018421467291893978
DS19,mc.mars_OVERT,mars,OVERT,7,0.028576824335450394
DS19,mc.mars_OVERT,mars,OVERT,8,0.028637663343377587
DS19,mc.mars_OVERT,mars,OVERT,9,0.035922020474624505
DS19,mc.mars_OVERT,mars,OVERT,10,0.023627961337494723
DS19,mc.mars_OVERT,mars,OVERT,11,0.024175342149987546
DS19,mc.mars_OVERT,mars,OVERT,12,0.03376786055772864
DS19,mc.mars_OVERT,mars,OVERT,13,0.038283154917628404
DS19,mc.mars_OVERT,mars,OVERT,14,0.041466051140976026
DS19,mc.mars_OVERT,mars,OVERT,15,0.04022435000385911
DS19,mc.mars_OVERT,mars,OVERT,16,0.11873406338181208
DS19,mc.mars_OVERT,mars,OVERT,17,0.03378366921044609
DS19,mc.mars_OVERT,mars,OVERT,18,0.04592865997198905
DS19,mc.mars_OVERT,mars,OVERT,19,0.03937504471231447
DS19,mc.mars_OVERT,mars,OVERT,20,0.0067673320069642495
DS19,mc.mars_OVERT,mars,OVERT,21,0.007796076272851229
DS19,mc.mars_OVERT,mars,OVERT,22,0.025190486873094636
DS19,mc.mars_OVERT,mars,OVERT,23,0.00933595452188433
DS19,mc.mars_OVERT,mars,OVERT,24,0.007480700141885411
DS19,mc.mars_OVERT,mars,OVERT,25,0.04569918547948673
DS19,mc.mars_OVERT,mars,OVERT,26,0.021974880969720393
DS19,mc.mars_OVERT,mars,OVERT,27,0.01984162116170598
DS19,mc.mars_OVERT,mars,OVERT,28,0.020530906045762323
DS19,mc.mars_OVERT,mars,OVERT,29,0.013285838647987637
DS19,mc.mars_OVERT,mars,OVERT,30,0.007734909238071876
DS19,mc.mars_OVERT,mars,OVERT,31,0.0069043723050113154
DS19,mc.mars_OVERT,mars,OVERT,32,0.009955387572798347
DS19,mc.mars_OVERT,mars,OVERT,33,0.007261327552847348
DS19,mc.mars_OVERT,mars,OVERT,34,0.007849011445961384
DS19,mc.mars_OVERT,mars,OVERT,35,0.006605855274026805
DS19,mc.mars_OVERT,mars,OVERT,36,0.0093751333205738
DS19,mc.mars_OVERT,mars,OVERT,37,0.010091582003288663
DS19,mc.mars_OVERT,mars,OVERT,38,0.007039037199945605
DS19,mc.mars_OVERT,mars,OVERT,39,0.010172406170490722
DS19,mc.mars_OVERT,mars,OVERT,40,0.009204768725627465
DS19,mc.mars_OVERT,mars,OVERT,41,0.007177401421950363
DS19,mc.mars_OVERT,mars,OVERT,42,0.006805812392516121
DS19,mc.mars_OVERT,mars,OVERT,43,0.006733919739753032
DS19,mc.mars_OVERT,mars,OVERT,44,0.006571467742977351
DS19,mc.mars_OVERT,mars,OVERT,45,0.007128687085980292
DS19,mc.mars_OVERT,mars,OVERT,46,0.006554478449787051
DS19,mc.mars_OVERT,mars,OVERT,47,0.006840200246209696
DS19,mc.mars_OVERT,mars,OVERT,48,0.006334291597287912
DS19,mc.mars_OVERT,mars,OVERT,49,0.005785893252846207
DS19,mc.mars_OVERT,mars,OVERT,50,0.006825137144277538
DS19,mc.mars_SMOTEB,mars,SMOTEB,1,0.046906997089929875
DS19,mc.mars_SMOTEB,mars,SMOTEB,2,0.029487870833568314
DS19,mc.mars_SMOTEB,mars,SMOTEB,3,0.0745507053140181
DS19,mc.mars_SMOTEB,mars,SMOTEB,4,0.03277510943539589
DS19,mc.mars_SMOTEB,mars,SMOTEB,5,0.04637296429110818
DS19,mc.mars_SMOTEB,mars,SMOTEB,6,0.04357044633455936
DS19,mc.mars_SMOTEB,mars,SMOTEB,7,0.04029774790873906
DS19,mc.mars_SMOTEB,mars,SMOTEB,8,0.02442001793353303
DS19,mc.mars_SMOTEB,mars,SMOTEB,9,0.045876923285512676
DS19,mc.mars_SMOTEB,mars,SMOTEB,10,0.04188437341663305
DS19,mc.mars_SMOTEB,mars,SMOTEB,11,0.06602763302734149
DS19,mc.mars_SMOTEB,mars,SMOTEB,12,0.04353817733677207
DS19,mc.mars_SMOTEB,mars,SMOTEB,13,0.04155346885180869
DS19,mc.mars_SMOTEB,mars,SMOTEB,14,0.06351092912263105
DS19,mc.mars_SMOTEB,mars,SMOTEB,15,0.03009789451706761
DS19,mc.mars_SMOTEB,mars,SMOTEB,16,0.06375279984327838
DS19,mc.mars_SMOTEB,mars,SMOTEB,17,0.07994016496932521
DS19,mc.mars_SMOTEB,mars,SMOTEB,18,0.08042730785893257
DS19,mc.mars_SMOTEB,mars,SMOTEB,19,0.055844755203471735
DS19,mc.mars_SMOTEB,mars,SMOTEB,20,0.01686999157094356
DS19,mc.mars_SMOTEB,mars,SMOTEB,21,0.10191217074746889
DS19,mc.mars_SMOTEB,mars,SMOTEB,22,0.014924705636918358
DS19,mc.mars_SMOTEB,mars,SMOTEB,23,0.38644080047803386
DS19,mc.mars_SMOTEB,mars,SMOTEB,24,0.016485714912067927
DS19,mc.mars_SMOTEB,mars,SMOTEB,25,0.042480107925413305
DS19,mc.mars_SMOTEB,mars,SMOTEB,26,0.040842680939689464
DS19,mc.mars_SMOTEB,mars,SMOTEB,27,0.028533453814757526
DS19,mc.mars_SMOTEB,mars,SMOTEB,28,0.0416673511035547
DS19,mc.mars_SMOTEB,mars,SMOTEB,29,0.019625518076484896
DS19,mc.mars_SMOTEB,mars,SMOTEB,30,0.014548801954649793
DS19,mc.mars_SMOTEB,mars,SMOTEB,31,0.014078356682811597
DS19,mc.mars_SMOTEB,mars,SMOTEB,32,0.014614867106281315
DS19,mc.mars_SMOTEB,mars,SMOTEB,33,0.014935971990710614
DS19,mc.mars_SMOTEB,mars,SMOTEB,34,0.012535768987736578
DS19,mc.mars_SMOTEB,mars,SMOTEB,35,0.017173602034267474
DS19,mc.mars_SMOTEB,mars,SMOTEB,36,0.017163892644550965
DS19,mc.mars_SMOTEB,mars,SMOTEB,37,0.015510974099331103
DS19,mc.mars_SMOTEB,mars,SMOTEB,38,0.018129285535449853
DS19,mc.mars_SMOTEB,mars,SMOTEB,39,0.015423717033661723
DS19,mc.mars_SMOTEB,mars,SMOTEB,40,0.012215199351380962
DS19,mc.mars_SMOTEB,mars,SMOTEB,41,0.01160184051132609
DS19,mc.mars_SMOTEB,mars,SMOTEB,42,0.009955608564926381
DS19,mc.mars_SMOTEB,mars,SMOTEB,43,0.009994722635279507
DS19,mc.mars_SMOTEB,mars,SMOTEB,44,0.011734759258888446
DS19,mc.mars_SMOTEB,mars,SMOTEB,45,0.011692701883503727
DS19,mc.mars_SMOTEB,mars,SMOTEB,46,0.010395513447784697
DS19,mc.mars_SMOTEB,mars,SMOTEB,47,0.012111757548642743
DS19,mc.mars_SMOTEB,mars,SMOTEB,48,0.009844337480237619
DS19,mc.mars_SMOTEB,mars,SMOTEB,49,0.00783492287484567
DS19,mc.mars_SMOTEB,mars,SMOTEB,50,0.009173366844603886
DS19,mc.mars_SMOTETPhi,mars,SMOTETPhi,1,0.4732686542231255
DS19,mc.mars_SMOTETPhi,mars,SMOTETPhi,2,0.08611939603625651
DS19,mc.mars_SMOTETPhi,mars,SMOTETPhi,3,0.04910119002860402
DS19,mc.mars_SMOTETPhi,mars,SMOTETPhi,4,0.03554174194414934
DS19,mc.mars_SMOTETPhi,mars,SMOTETPhi,5,0.03354462029328369
DS19,mc.mars_SMOTETPhi,mars,SMOTETPhi,6,0.030465692885700724
DS19,mc.mars_SMOTETPhi,mars,SMOTETPhi,7,0.035309791940380586
DS19,mc.mars_SMOTETPhi,mars,SMOTETPhi,8,0.08232553471586951
DS19,mc.mars_SMOTETPhi,mars,SMOTETPhi,9,0.04976821386767479
DS19,mc.mars_SMOTETPhi,mars,SMOTETPhi,10,0.03163304751379537
DS19,mc.mars_SMOTETPhi,mars,SMOTETPhi,11,0.05916168319430649
DS19,mc.mars_SMOTETPhi,mars,SMOTETPhi,12,0.0871659135167639
DS19,mc.mars_SMOTETPhi,mars,SMOTETPhi,13,0.07612962042615418
DS19,mc.mars_SMOTETPhi,mars,SMOTETPhi,14,0.08103950793602906
DS19,mc.mars_SMOTETPhi,mars,SMOTETPhi,15,0.10024211653761592
DS19,mc.mars_SMOTETPhi,mars,SMOTETPhi,16,0.1964226962319831
DS19,mc.mars_SMOTETPhi,mars,SMOTETPhi,17,0.28531608124866686
DS19,mc.mars_SMOTETPhi,mars,SMOTETPhi,18,0.05861896471145734
DS19,mc.mars_SMOTETPhi,mars,SMOTETPhi,19,0.5360780288482706
DS19,mc.mars_SMOTETPhi,mars,SMOTETPhi,20,0.01830631848780781
DS19,mc.mars_SMOTETPhi,mars,SMOTETPhi,21,0.0036714659547173517
DS19,mc.mars_SMOTETPhi,mars,SMOTETPhi,22,0.00404517293238551
DS19,mc.mars_SMOTETPhi,mars,SMOTETPhi,23,0.012876977627687672
DS19,mc.mars_SMOTETPhi,mars,SMOTETPhi,24,0.007656226695857433
DS19,mc.mars_SMOTETPhi,mars,SMOTETPhi,25,0.03549023047832226
DS19,mc.mars_SMOTETPhi,mars,SMOTETPhi,26,0.04511908669029171
DS19,mc.mars_SMOTETPhi,mars,SMOTETPhi,27,0.023788479120427225
DS19,mc.mars_SMOTETPhi,mars,SMOTETPhi,28,0.02540569571545257
DS19,mc.mars_SMOTETPhi,mars,SMOTETPhi,29,0.0278502964608356
DS19,mc.mars_SMOTETPhi,mars,SMOTETPhi,30,0.021491754607961915
DS19,mc.mars_SMOTETPhi,mars,SMOTETPhi,31,0.01937532355426863
DS19,mc.mars_SMOTETPhi,mars,SMOTETPhi,32,0.016790082038211515
DS19,mc.mars_SMOTETPhi,mars,SMOTETPhi,33,0.014659433015737189
DS19,mc.mars_SMOTETPhi,mars,SMOTETPhi,34,0.016453252400036502
DS19,mc.mars_SMOTETPhi,mars,SMOTETPhi,35,0.01253018828376739
DS19,mc.mars_SMOTETPhi,mars,SMOTETPhi,36,0.013056757949144794
DS19,mc.mars_SMOTETPhi,mars,SMOTETPhi,37,0.016207812834083554
DS19,mc.mars_SMOTETPhi,mars,SMOTETPhi,38,0.012641687619404433
DS19,mc.mars_SMOTETPhi,mars,SMOTETPhi,39,0.01885293694684656
DS19,mc.mars_SMOTETPhi,mars,SMOTETPhi,40,0.01917192870025143
DS19,mc.mars_SMOTETPhi,mars,SMOTETPhi,41,0.01653775522345701
DS19,mc.mars_SMOTETPhi,mars,SMOTETPhi,42,0.010377797068012604
DS19,mc.mars_SMOTETPhi,mars,SMOTETPhi,43,0.009924968650735486
DS19,mc.mars_SMOTETPhi,mars,SMOTETPhi,44,0.011911864404903692
DS19,mc.mars_SMOTETPhi,mars,SMOTETPhi,45,0.009755526571935052
DS19,mc.mars_SMOTETPhi,mars,SMOTETPhi,46,0.012925525044553843
DS19,mc.mars_SMOTETPhi,mars,SMOTETPhi,47,0.010858918124528981
DS19,mc.mars_SMOTETPhi,mars,SMOTETPhi,48,0.011532430457050165
DS19,mc.mars_SMOTETPhi,mars,SMOTETPhi,49,0.010749311276258031
DS19,mc.mars_SMOTETPhi,mars,SMOTETPhi,50,0.01192954784432826
DS19,mc.mars_SMOTET,mars,SMOTET,1,0.05117730079855091
DS19,mc.mars_SMOTET,mars,SMOTET,2,0.04300195257427189
DS19,mc.mars_SMOTET,mars,SMOTET,3,0.03250667125041848
DS19,mc.mars_SMOTET,mars,SMOTET,4,0.024559526062581664
DS19,mc.mars_SMOTET,mars,SMOTET,5,0.028366090046363368
DS19,mc.mars_SMOTET,mars,SMOTET,6,0.04391344746731466
DS19,mc.mars_SMOTET,mars,SMOTET,7,0.033781238335184295
DS19,mc.mars_SMOTET,mars,SMOTET,8,0.047093894640869834
DS19,mc.mars_SMOTET,mars,SMOTET,9,0.05219000515572206
DS19,mc.mars_SMOTET,mars,SMOTET,10,0.04031950641490367
DS19,mc.mars_SMOTET,mars,SMOTET,11,0.2351078675128343
DS19,mc.mars_SMOTET,mars,SMOTET,12,0.0727579676203231
DS19,mc.mars_SMOTET,mars,SMOTET,13,0.05337423847277313
DS19,mc.mars_SMOTET,mars,SMOTET,14,0.036710158752418606
DS19,mc.mars_SMOTET,mars,SMOTET,15,0.058758746165179974
DS19,mc.mars_SMOTET,mars,SMOTET,16,0.048771879252518316
DS19,mc.mars_SMOTET,mars,SMOTET,17,0.12786538120955868
DS19,mc.mars_SMOTET,mars,SMOTET,18,0.06544269520877154
DS19,mc.mars_SMOTET,mars,SMOTET,19,0.11465103109921593
DS19,mc.mars_SMOTET,mars,SMOTET,20,0.019227625916546778
DS19,mc.mars_SMOTET,mars,SMOTET,21,0.028992661285770757
DS19,mc.mars_SMOTET,mars,SMOTET,22,0.04192445492279413
DS19,mc.mars_SMOTET,mars,SMOTET,23,0.015322112077279432
DS19,mc.mars_SMOTET,mars,SMOTET,24,0.01651615599158047
DS19,mc.mars_SMOTET,mars,SMOTET,25,0.02469211311447113
DS19,mc.mars_SMOTET,mars,SMOTET,26,0.035686715869392045
DS19,mc.mars_SMOTET,mars,SMOTET,27,0.026847380976880775
DS19,mc.mars_SMOTET,mars,SMOTET,28,0.03175448244903867
DS19,mc.mars_SMOTET,mars,SMOTET,29,0.02176634723350731
DS19,mc.mars_SMOTET,mars,SMOTET,30,0.0162865979286246
DS19,mc.mars_SMOTET,mars,SMOTET,31,0.015117033627951876
DS19,mc.mars_SMOTET,mars,SMOTET,32,0.015637944577758998
DS19,mc.mars_SMOTET,mars,SMOTET,33,0.011513629694074653
DS19,mc.mars_SMOTET,mars,SMOTET,34,0.020059607770514506
DS19,mc.mars_SMOTET,mars,SMOTET,35,0.01275640965083163
DS19,mc.mars_SMOTET,mars,SMOTET,36,0.017247722380411674
DS19,mc.mars_SMOTET,mars,SMOTET,37,0.016594171154883274
DS19,mc.mars_SMOTET,mars,SMOTET,38,0.013699860341025298
DS19,mc.mars_SMOTET,mars,SMOTET,39,0.011558100103298202
DS19,mc.mars_SMOTET,mars,SMOTET,40,0.015667466386376474
DS19,mc.mars_SMOTET,mars,SMOTET,41,0.018560015330960515
DS19,mc.mars_SMOTET,mars,SMOTET,42,0.010446454326779455
DS19,mc.mars_SMOTET,mars,SMOTET,43,0.009051706082004254
DS19,mc.mars_SMOTET,mars,SMOTET,44,0.009062818433612264
DS19,mc.mars_SMOTET,mars,SMOTET,45,0.011461843576235869
DS19,mc.mars_SMOTET,mars,SMOTET,46,0.009614320489524288
DS19,mc.mars_SMOTET,mars,SMOTET,47,0.009163193000421944
DS19,mc.mars_SMOTET,mars,SMOTET,48,0.010732382923801562
DS19,mc.mars_SMOTET,mars,SMOTET,49,0.008740119406412417
DS19,mc.mars_SMOTET,mars,SMOTET,50,0.015357946129765408
DS19,mc.mars_UNDERB,mars,UNDERB,1,0.025450346018373638
DS19,mc.mars_UNDERB,mars,UNDERB,2,0.029945956185649474
DS19,mc.mars_UNDERB,mars,UNDERB,3,0.018640349406599546
DS19,mc.mars_UNDERB,mars,UNDERB,4,0.023008751257761386
DS19,mc.mars_UNDERB,mars,UNDERB,5,0.023152392068370324
DS19,mc.mars_UNDERB,mars,UNDERB,6,0.019250052550040416
DS19,mc.mars_UNDERB,mars,UNDERB,7,0.019824867973176397
DS19,mc.mars_UNDERB,mars,UNDERB,8,0.025869707942344285
DS19,mc.mars_UNDERB,mars,UNDERB,9,0.01886493437184005
DS19,mc.mars_UNDERB,mars,UNDERB,10,0.027883961894004567
DS19,mc.mars_UNDERB,mars,UNDERB,11,0.019425285957725098
DS19,mc.mars_UNDERB,mars,UNDERB,12,0.01948010777245765
DS19,mc.mars_UNDERB,mars,UNDERB,13,0.019468072998393673
DS19,mc.mars_UNDERB,mars,UNDERB,14,0.019054470995500908
DS19,mc.mars_UNDERB,mars,UNDERB,15,0.01951640856327942
DS19,mc.mars_UNDERB,mars,UNDERB,16,0.019854728531990183
DS19,mc.mars_UNDERB,mars,UNDERB,17,0.019541129265889738
DS19,mc.mars_UNDERB,mars,UNDERB,18,0.01958101508836259
DS19,mc.mars_UNDERB,mars,UNDERB,19,0.01981408475253594
DS19,mc.mars_UNDERB,mars,UNDERB,20,0.0045526004706412555
DS19,mc.mars_UNDERB,mars,UNDERB,21,0.0042580915311519335
DS19,mc.mars_UNDERB,mars,UNDERB,22,0.0038755145644297846
DS19,mc.mars_UNDERB,mars,UNDERB,23,0.0034684267071721005
DS19,mc.mars_UNDERB,mars,UNDERB,24,0.003166010471719072
DS19,mc.mars_UNDERB,mars,UNDERB,25,0.012175307886274338
DS19,mc.mars_UNDERB,mars,UNDERB,26,0.012096557680395314
DS19,mc.mars_UNDERB,mars,UNDERB,27,0.010491887481336695
DS19,mc.mars_UNDERB,mars,UNDERB,28,0.009532838546824332
DS19,mc.mars_UNDERB,mars,UNDERB,29,0.009352047387439904
DS19,mc.mars_UNDERB,mars,UNDERB,30,0.007899205008763911
DS19,mc.mars_UNDERB,mars,UNDERB,31,0.00823536119875351
DS19,mc.mars_UNDERB,mars,UNDERB,32,0.00823591001057696
DS19,mc.mars_UNDERB,mars,UNDERB,33,0.007679882770701894
DS19,mc.mars_UNDERB,mars,UNDERB,34,0.008048771053416087
DS19,mc.mars_UNDERB,mars,UNDERB,35,0.007413410883028525
DS19,mc.mars_UNDERB,mars,UNDERB,36,0.00865362984366478
DS19,mc.mars_UNDERB,mars,UNDERB,37,0.007584972198656656
DS19,mc.mars_UNDERB,mars,UNDERB,38,0.008270241677880149
DS19,mc.mars_UNDERB,mars,UNDERB,39,0.00885574649215861
DS19,mc.mars_UNDERB,mars,UNDERB,40,0.008639349233818141
DS19,mc.mars_UNDERB,mars,UNDERB,41,0.008788215102370229
DS19,mc.mars_UNDERB,mars,UNDERB,42,0.005347497138079641
DS19,mc.mars_UNDERB,mars,UNDERB,43,0.005847956470615599
DS19,mc.mars_UNDERB,mars,UNDERB,44,0.008261759223111502
DS19,mc.mars_UNDERB,mars,UNDERB,45,0.005301095974213118
DS19,mc.mars_UNDERB,mars,UNDERB,46,0.00525535628721429
DS19,mc.mars_UNDERB,mars,UNDERB,47,0.004960705100189233
DS19,mc.mars_UNDERB,mars,UNDERB,48,0.004994072116465017
DS19,mc.mars_UNDERB,mars,UNDERB,49,0.0048336437186472965
DS19,mc.mars_UNDERB,mars,UNDERB,50,0.005321530208571457
DS19,mc.mars_UNDERTPhi,mars,UNDERTPhi,1,0.018002801354137055
DS19,mc.mars_UNDERTPhi,mars,UNDERTPhi,2,0.019276717805896997
DS19,mc.mars_UNDERTPhi,mars,UNDERTPhi,3,0.019408997147202667
DS19,mc.mars_UNDERTPhi,mars,UNDERTPhi,4,0.01977630001500715
DS19,mc.mars_UNDERTPhi,mars,UNDERTPhi,5,0.04095891483671178
DS19,mc.mars_UNDERTPhi,mars,UNDERTPhi,6,0.023248286901371824
DS19,mc.mars_UNDERTPhi,mars,UNDERTPhi,7,0.017777317425965625
DS19,mc.mars_UNDERTPhi,mars,UNDERTPhi,8,0.02245076196583232
DS19,mc.mars_UNDERTPhi,mars,UNDERTPhi,9,0.02346162900726339
DS19,mc.mars_UNDERTPhi,mars,UNDERTPhi,10,0.02090606762348684
DS19,mc.mars_UNDERTPhi,mars,UNDERTPhi,11,0.02729274887079324
DS19,mc.mars_UNDERTPhi,mars,UNDERTPhi,12,0.023807576769781978
DS19,mc.mars_UNDERTPhi,mars,UNDERTPhi,13,0.019110338179684716
DS19,mc.mars_UNDERTPhi,mars,UNDERTPhi,14,0.019207709511482554
DS19,mc.mars_UNDERTPhi,mars,UNDERTPhi,15,0.01966112018495309
DS19,mc.mars_UNDERTPhi,mars,UNDERTPhi,16,0.024674034358751085
DS19,mc.mars_UNDERTPhi,mars,UNDERTPhi,17,0.019745007509186722
DS19,mc.mars_UNDERTPhi,mars,UNDERTPhi,18,0.019663437459949865
DS19,mc.mars_UNDERTPhi,mars,UNDERTPhi,19,0.019702627840148867
DS19,mc.mars_UNDERTPhi,mars,UNDERTPhi,20,0.002778496068190512
DS19,mc.mars_UNDERTPhi,mars,UNDERTPhi,21,0.002793589716364982
DS19,mc.mars_UNDERTPhi,mars,UNDERTPhi,22,0.0027264205278608473
DS19,mc.mars_UNDERTPhi,mars,UNDERTPhi,23,0.0024120214101522267
DS19,mc.mars_UNDERTPhi,mars,UNDERTPhi,24,0.002754786218227598
DS19,mc.mars_UNDERTPhi,mars,UNDERTPhi,25,0.012140165895115325
DS19,mc.mars_UNDERTPhi,mars,UNDERTPhi,26,0.012123476877805284
DS19,mc.mars_UNDERTPhi,mars,UNDERTPhi,27,0.010719426451006004
DS19,mc.mars_UNDERTPhi,mars,UNDERTPhi,28,0.009879366644960547
DS19,mc.mars_UNDERTPhi,mars,UNDERTPhi,29,0.010905555991635573
DS19,mc.mars_UNDERTPhi,mars,UNDERTPhi,30,0.0090076206662907
DS19,mc.mars_UNDERTPhi,mars,UNDERTPhi,31,0.008127687864524096
DS19,mc.mars_UNDERTPhi,mars,UNDERTPhi,32,0.008149464722914695
DS19,mc.mars_UNDERTPhi,mars,UNDERTPhi,33,0.008380624867403128
DS19,mc.mars_UNDERTPhi,mars,UNDERTPhi,34,0.009549190968788927
DS19,mc.mars_UNDERTPhi,mars,UNDERTPhi,35,0.007423248896869726
DS19,mc.mars_UNDERTPhi,mars,UNDERTPhi,36,0.008824186223392138
DS19,mc.mars_UNDERTPhi,mars,UNDERTPhi,37,0.00796598857815026
DS19,mc.mars_UNDERTPhi,mars,UNDERTPhi,38,0.010373539419083496
DS19,mc.mars_UNDERTPhi,mars,UNDERTPhi,39,0.007926353106033662
DS19,mc.mars_UNDERTPhi,mars,UNDERTPhi,40,0.00863087849759863
DS19,mc.mars_UNDERTPhi,mars,UNDERTPhi,41,0.007573596659958637
DS19,mc.mars_UNDERTPhi,mars,UNDERTPhi,42,0.006115413341817621
DS19,mc.mars_UNDERTPhi,mars,UNDERTPhi,43,0.005260914063999692
DS19,mc.mars_UNDERTPhi,mars,UNDERTPhi,44,0.005598069930497891
DS19,mc.mars_UNDERTPhi,mars,UNDERTPhi,45,0.005414010717777844
DS19,mc.mars_UNDERTPhi,mars,UNDERTPhi,46,0.005113464531318335
DS19,mc.mars_UNDERTPhi,mars,UNDERTPhi,47,0.005088596068927118
DS19,mc.mars_UNDERTPhi,mars,UNDERTPhi,48,0.005499600693246347
DS19,mc.mars_UNDERTPhi,mars,UNDERTPhi,49,0.005614934229466833
DS19,mc.mars_UNDERTPhi,mars,UNDERTPhi,50,0.004891935153386737
DS19,mc.mars_UNDERT,mars,UNDERT,1,0.028592119656424855
DS19,mc.mars_UNDERT,mars,UNDERT,2,0.023868835321482824
DS19,mc.mars_UNDERT,mars,UNDERT,3,0.027091070642901588
DS19,mc.mars_UNDERT,mars,UNDERT,4,0.023156292543745752
DS19,mc.mars_UNDERT,mars,UNDERT,5,0.01987264154324111
DS19,mc.mars_UNDERT,mars,UNDERT,6,0.04418131877065737
DS19,mc.mars_UNDERT,mars,UNDERT,7,0.02109333683876853
DS19,mc.mars_UNDERT,mars,UNDERT,8,0.02134058065987776
DS19,mc.mars_UNDERT,mars,UNDERT,9,0.027103644281963803
DS19,mc.mars_UNDERT,mars,UNDERT,10,0.022120059375804253
DS19,mc.mars_UNDERT,mars,UNDERT,11,0.019335058183684604
DS19,mc.mars_UNDERT,mars,UNDERT,12,0.02002934464515227
DS19,mc.mars_UNDERT,mars,UNDERT,13,0.019445234944034027
DS19,mc.mars_UNDERT,mars,UNDERT,14,0.01907855901842323
DS19,mc.mars_UNDERT,mars,UNDERT,15,0.025283243409762377
DS19,mc.mars_UNDERT,mars,UNDERT,16,0.019813134266425274
DS19,mc.mars_UNDERT,mars,UNDERT,17,0.019545749470943834
DS19,mc.mars_UNDERT,mars,UNDERT,18,0.024435404120745623
DS19,mc.mars_UNDERT,mars,UNDERT,19,0.026544753992688207
DS19,mc.mars_UNDERT,mars,UNDERT,20,0.004521999016432263
DS19,mc.mars_UNDERT,mars,UNDERT,21,0.0038486036670968625
DS19,mc.mars_UNDERT,mars,UNDERT,22,0.003811974878102461
DS19,mc.mars_UNDERT,mars,UNDERT,23,0.0030061542381410503
DS19,mc.mars_UNDERT,mars,UNDERT,24,0.00355722202371451
DS19,mc.mars_UNDERT,mars,UNDERT,25,0.01214820693465753
DS19,mc.mars_UNDERT,mars,UNDERT,26,0.012097051704723744
DS19,mc.mars_UNDERT,mars,UNDERT,27,0.010581392347246484
DS19,mc.mars_UNDERT,mars,UNDERT,28,0.010252811372898973
DS19,mc.mars_UNDERT,mars,UNDERT,29,0.011094157905994051
DS19,mc.mars_UNDERT,mars,UNDERT,30,0.008808563436962707
DS19,mc.mars_UNDERT,mars,UNDERT,31,0.008419449138077604
DS19,mc.mars_UNDERT,mars,UNDERT,32,0.009485219374783804
DS19,mc.mars_UNDERT,mars,UNDERT,33,0.010190824238317896
DS19,mc.mars_UNDERT,mars,UNDERT,34,0.008559762190318537
DS19,mc.mars_UNDERT,mars,UNDERT,35,0.009206392039466254
DS19,mc.mars_UNDERT,mars,UNDERT,36,0.007998332569857653
DS19,mc.mars_UNDERT,mars,UNDERT,37,0.008203293981485076
DS19,mc.mars_UNDERT,mars,UNDERT,38,0.009424453968849021
DS19,mc.mars_UNDERT,mars,UNDERT,39,0.008173751562952254
DS19,mc.mars_UNDERT,mars,UNDERT,40,0.00786805989440508
DS19,mc.mars_UNDERT,mars,UNDERT,41,0.007598353256538755
DS19,mc.mars_UNDERT,mars,UNDERT,42,0.007006666646575059
DS19,mc.mars_UNDERT,mars,UNDERT,43,0.006634910677129164
DS19,mc.mars_UNDERT,mars,UNDERT,44,0.0065218356096630875
DS19,mc.mars_UNDERT,mars,UNDERT,45,0.0054645769710817615
DS19,mc.mars_UNDERT,mars,UNDERT,46,0.0054659241049341166
DS19,mc.mars_UNDERT,mars,UNDERT,47,0.004886120603855121
DS19,mc.mars_UNDERT,mars,UNDERT,48,0.004642516175617441
DS19,mc.mars_UNDERT,mars,UNDERT,49,0.0049796442879212945
DS19,mc.mars_UNDERT,mars,UNDERT,50,0.005246355706536603
DS19,mc.mars,mars,baseline,1,0.033038466565748666
DS19,mc.mars,mars,baseline,2,0.01912749805837601
DS19,mc.mars,mars,baseline,3,0.01923715479657572
DS19,mc.mars,mars,baseline,4,0.03202799190212291
DS19,mc.mars,mars,baseline,5,0.03217603007979167
DS19,mc.mars,mars,baseline,6,0.02681116925574165
DS19,mc.mars,mars,baseline,7,0.027207428253029936
DS19,mc.mars,mars,baseline,8,0.03437858808792097
DS19,mc.mars,mars,baseline,9,0.021918234440813585
DS19,mc.mars,mars,baseline,10,0.022138186230401653
DS19,mc.mars,mars,baseline,11,0.030127797772396065
DS19,mc.mars,mars,baseline,12,0.03212325646254274
DS19,mc.mars,mars,baseline,13,0.031182321763398753
DS19,mc.mars,mars,baseline,14,0.02716350935228509
DS19,mc.mars,mars,baseline,15,0.027649007116483795
DS19,mc.mars,mars,baseline,16,0.027749647242257428
DS19,mc.mars,mars,baseline,17,0.027405171870829387
DS19,mc.mars,mars,baseline,18,0.027506281024587673
DS19,mc.mars,mars,baseline,19,0.027777448764712186
DS19,mc.mars,mars,baseline,20,0.010641879863869733
DS19,mc.mars,mars,baseline,21,0.009857848525176016
DS19,mc.mars,mars,baseline,22,0.011037153075642701
DS19,mc.mars,mars,baseline,23,0.007565803003852742
DS19,mc.mars,mars,baseline,24,0.006863864909497426
DS19,mc.mars,mars,baseline,25,0.012792196038925813
DS19,mc.mars,mars,baseline,26,0.013494460175803151
DS19,mc.mars,mars,baseline,27,0.014804677083330218
DS19,mc.mars,mars,baseline,28,0.009128949035642719
DS19,mc.mars,mars,baseline,29,0.0143376712785542
DS19,mc.mars,mars,baseline,30,0.00790308364317329
DS19,mc.mars,mars,baseline,31,0.007725573254418696
DS19,mc.mars,mars,baseline,32,0.008050217508850113
DS19,mc.mars,mars,baseline,33,0.00799351237707757
DS19,mc.mars,mars,baseline,34,0.007529184087292275
DS19,mc.mars,mars,baseline,35,0.007251519111998776
DS19,mc.mars,mars,baseline,36,0.007253747547578448
DS19,mc.mars,mars,baseline,37,0.007336620276726963
DS19,mc.mars,mars,baseline,38,0.007201190413289744
DS19,mc.mars,mars,baseline,39,0.007203540042627611
DS19,mc.mars,mars,baseline,40,0.00718739151840993
DS19,mc.mars,mars,baseline,41,0.007342285204209502
DS19,mc.mars,mars,baseline,42,0.005314248652418889
DS19,mc.mars,mars,baseline,43,0.0054339597060949
DS19,mc.mars,mars,baseline,44,0.005036886262113381
DS19,mc.mars,mars,baseline,45,0.005140454825345674
DS19,mc.mars,mars,baseline,46,0.005003511283309713
DS19,mc.mars,mars,baseline,47,0.00497499604261042
DS19,mc.mars,mars,baseline,48,0.004532084332993941
DS19,mc.mars,mars,baseline,49,0.004713175674053268
DS19,mc.mars,mars,baseline,50,0.004555227518652884
DS19,mc.rf_OVERB,rf,OVERB,1,0.022500406828015768
DS19,mc.rf_OVERB,rf,OVERB,2,0.021089229714336036
DS19,mc.rf_OVERB,rf,OVERB,3,0.019539188530827124
DS19,mc.rf_OVERB,rf,OVERB,4,0.0192898954386795
DS19,mc.rf_OVERB,rf,OVERB,5,0.020320935721978958
DS19,mc.rf_OVERB,rf,OVERB,6,0.01690859762738495
DS19,mc.rf_OVERB,rf,OVERB,7,0.01925160925070129
DS19,mc.rf_OVERB,rf,OVERB,8,0.01929677975503586
DS19,mc.rf_OVERB,rf,OVERB,9,0.020302725835702577
DS19,mc.rf_OVERB,rf,OVERB,10,0.02226348739662177
DS19,mc.rf_OVERB,rf,OVERB,11,0.020641155469653852
DS19,mc.rf_OVERB,rf,OVERB,12,0.020345973985126983
DS19,mc.rf_OVERB,rf,OVERB,13,0.020575276156841352
DS19,mc.rf_OVERB,rf,OVERB,14,0.019870003202592388
DS19,mc.rf_OVERB,rf,OVERB,15,0.020675031639318164
DS19,mc.rf_OVERB,rf,OVERB,16,0.0211645501249201
DS19,mc.rf_OVERB,rf,OVERB,17,0.021145417451976373
DS19,mc.rf_OVERB,rf,OVERB,18,0.021528019144220478
DS19,mc.rf_OVERB,rf,OVERB,19,0.021793082795844014
DS19,mc.rf_OVERB,rf,OVERB,20,0.011635019201141133
DS19,mc.rf_OVERB,rf,OVERB,21,0.011565760174038181
DS19,mc.rf_OVERB,rf,OVERB,22,0.010575492073119546
DS19,mc.rf_OVERB,rf,OVERB,23,0.008827086971683013
DS19,mc.rf_OVERB,rf,OVERB,24,0.008212824072831764
DS19,mc.rf_OVERB,rf,OVERB,25,0.014171135254837706
DS19,mc.rf_OVERB,rf,OVERB,26,0.013987372146930266
DS19,mc.rf_OVERB,rf,OVERB,27,0.011242185524808582
DS19,mc.rf_OVERB,rf,OVERB,28,0.012518439397882428
DS19,mc.rf_OVERB,rf,OVERB,29,0.01156444591367249
DS19,mc.rf_OVERB,rf,OVERB,30,0.008704342307293042
DS19,mc.rf_OVERB,rf,OVERB,31,0.008273698276242384
DS19,mc.rf_OVERB,rf,OVERB,32,0.008319736013547442
DS19,mc.rf_OVERB,rf,OVERB,33,0.008633400572667852
DS19,mc.rf_OVERB,rf,OVERB,34,0.008342375770812292
DS19,mc.rf_OVERB,rf,OVERB,35,0.00824594719579886
DS19,mc.rf_OVERB,rf,OVERB,36,0.00851081171544872
DS19,mc.rf_OVERB,rf,OVERB,37,0.008677800735621844
DS19,mc.rf_OVERB,rf,OVERB,38,0.008270226680883053
DS19,mc.rf_OVERB,rf,OVERB,39,0.008721736486088828
DS19,mc.rf_OVERB,rf,OVERB,40,0.008048998189782665
DS19,mc.rf_OVERB,rf,OVERB,41,0.008310642027966931
DS19,mc.rf_OVERB,rf,OVERB,42,0.0048460509350666675
DS19,mc.rf_OVERB,rf,OVERB,43,0.004782756309180344
DS19,mc.rf_OVERB,rf,OVERB,44,0.004878889860016231
DS19,mc.rf_OVERB,rf,OVERB,45,0.004734909507272644
DS19,mc.rf_OVERB,rf,OVERB,46,0.004720724485294125
DS19,mc.rf_OVERB,rf,OVERB,47,0.005254251369803101
DS19,mc.rf_OVERB,rf,OVERB,48,0.004429933392237322
DS19,mc.rf_OVERB,rf,OVERB,49,0.004618161232150695
DS19,mc.rf_OVERB,rf,OVERB,50,0.004766381088597913
DS19,mc.rf_OVERTPhi,rf,OVERTPhi,1,0.0205659352716318
DS19,mc.rf_OVERTPhi,rf,OVERTPhi,2,0.01874800578197722
DS19,mc.rf_OVERTPhi,rf,OVERTPhi,3,0.020321322034927345
DS19,mc.rf_OVERTPhi,rf,OVERTPhi,4,0.019570676805566577
DS19,mc.rf_OVERTPhi,rf,OVERTPhi,5,0.01977386796683145
DS19,mc.rf_OVERTPhi,rf,OVERTPhi,6,0.018995245055952587
DS19,mc.rf_OVERTPhi,rf,OVERTPhi,7,0.020878955747337592
DS19,mc.rf_OVERTPhi,rf,OVERTPhi,8,0.0208111986252443
DS19,mc.rf_OVERTPhi,rf,OVERTPhi,9,0.02164917477968455
DS19,mc.rf_OVERTPhi,rf,OVERTPhi,10,0.022393689526877616
DS19,mc.rf_OVERTPhi,rf,OVERTPhi,11,0.019671983181281907
DS19,mc.rf_OVERTPhi,rf,OVERTPhi,12,0.022694978574821202
DS19,mc.rf_OVERTPhi,rf,OVERTPhi,13,0.021173609437597704
DS19,mc.rf_OVERTPhi,rf,OVERTPhi,14,0.022310708360895937
DS19,mc.rf_OVERTPhi,rf,OVERTPhi,15,0.0224377062478488
DS19,mc.rf_OVERTPhi,rf,OVERTPhi,16,0.02102272398461395
DS19,mc.rf_OVERTPhi,rf,OVERTPhi,17,0.021959248535246223
DS19,mc.rf_OVERTPhi,rf,OVERTPhi,18,0.021056308445176503
DS19,mc.rf_OVERTPhi,rf,OVERTPhi,19,0.022458609463395767
DS19,mc.rf_OVERTPhi,rf,OVERTPhi,20,0.010611486479270401
DS19,mc.rf_OVERTPhi,rf,OVERTPhi,21,0.010877682427195244
DS19,mc.rf_OVERTPhi,rf,OVERTPhi,22,0.009615183771841111
DS19,mc.rf_OVERTPhi,rf,OVERTPhi,23,0.008152141474827557
DS19,mc.rf_OVERTPhi,rf,OVERTPhi,24,0.00815386078875733
DS19,mc.rf_OVERTPhi,rf,OVERTPhi,25,0.013536786610123617
DS19,mc.rf_OVERTPhi,rf,OVERTPhi,26,0.01466342478697088
DS19,mc.rf_OVERTPhi,rf,OVERTPhi,27,0.011934920455989725
DS19,mc.rf_OVERTPhi,rf,OVERTPhi,28,0.012071705631138858
DS19,mc.rf_OVERTPhi,rf,OVERTPhi,29,0.01188870476042434
DS19,mc.rf_OVERTPhi,rf,OVERTPhi,30,0.009074463827281103
DS19,mc.rf_OVERTPhi,rf,OVERTPhi,31,0.009265770388472358
DS19,mc.rf_OVERTPhi,rf,OVERTPhi,32,0.009405737627127124
DS19,mc.rf_OVERTPhi,rf,OVERTPhi,33,0.008699152748752971
DS19,mc.rf_OVERTPhi,rf,OVERTPhi,34,0.008346998354709007
DS19,mc.rf_OVERTPhi,rf,OVERTPhi,35,0.0085695709638553
DS19,mc.rf_OVERTPhi,rf,OVERTPhi,36,0.009102028646432295
DS19,mc.rf_OVERTPhi,rf,OVERTPhi,37,0.008627762925947455
DS19,mc.rf_OVERTPhi,rf,OVERTPhi,38,0.008496547748923
DS19,mc.rf_OVERTPhi,rf,OVERTPhi,39,0.008925508190289828
DS19,mc.rf_OVERTPhi,rf,OVERTPhi,40,0.008929719241458113
DS19,mc.rf_OVERTPhi,rf,OVERTPhi,41,0.008450304838592559
DS19,mc.rf_OVERTPhi,rf,OVERTPhi,42,0.004832510396949055
DS19,mc.rf_OVERTPhi,rf,OVERTPhi,43,0.004843405220051434
DS19,mc.rf_OVERTPhi,rf,OVERTPhi,44,0.004448343200381261
DS19,mc.rf_OVERTPhi,rf,OVERTPhi,45,0.004721230268415991
DS19,mc.rf_OVERTPhi,rf,OVERTPhi,46,0.004526972810441671
DS19,mc.rf_OVERTPhi,rf,OVERTPhi,47,0.005173299223953636
DS19,mc.rf_OVERTPhi,rf,OVERTPhi,48,0.004719651662329063
DS19,mc.rf_OVERTPhi,rf,OVERTPhi,49,0.004822110176802683
DS19,mc.rf_OVERTPhi,rf,OVERTPhi,50,0.004945701059837175
DS19,mc.rf_OVERT,rf,OVERT,1,0.020479915484784852
DS19,mc.rf_OVERT,rf,OVERT,2,0.01884421456387438
DS19,mc.rf_OVERT,rf,OVERT,3,0.020374352514294012
DS19,mc.rf_OVERT,rf,OVERT,4,0.020233685870460722
DS19,mc.rf_OVERT,rf,OVERT,5,0.020078585197693146
DS19,mc.rf_OVERT,rf,OVERT,6,0.01924757313758635
DS19,mc.rf_OVERT,rf,OVERT,7,0.020767791036634
DS19,mc.rf_OVERT,rf,OVERT,8,0.020700078425689827
DS19,mc.rf_OVERT,rf,OVERT,9,0.02192937873472491
DS19,mc.rf_OVERT,rf,OVERT,10,0.02190111333467614
DS19,mc.rf_OVERT,rf,OVERT,11,0.01989165077517272
DS19,mc.rf_OVERT,rf,OVERT,12,0.020967603868933832
DS19,mc.rf_OVERT,rf,OVERT,13,0.020741739868373146
DS19,mc.rf_OVERT,rf,OVERT,14,0.02200013631115745
DS19,mc.rf_OVERT,rf,OVERT,15,0.02276929436723664
DS19,mc.rf_OVERT,rf,OVERT,16,0.02162389577270919
DS19,mc.rf_OVERT,rf,OVERT,17,0.021771244530233817
DS19,mc.rf_OVERT,rf,OVERT,18,0.02097924610670894
DS19,mc.rf_OVERT,rf,OVERT,19,0.02206217800324294
DS19,mc.rf_OVERT,rf,OVERT,20,0.010676345608588649
DS19,mc.rf_OVERT,rf,OVERT,21,0.010588139278127327
DS19,mc.rf_OVERT,rf,OVERT,22,0.009672150218832162
DS19,mc.rf_OVERT,rf,OVERT,23,0.00833772201028326
DS19,mc.rf_OVERT,rf,OVERT,24,0.008180110849749178
DS19,mc.rf_OVERT,rf,OVERT,25,0.01412148366451744
DS19,mc.rf_OVERT,rf,OVERT,26,0.014488168356047052
DS19,mc.rf_OVERT,rf,OVERT,27,0.012042789111036076
DS19,mc.rf_OVERT,rf,OVERT,28,0.012225297822898346
DS19,mc.rf_OVERT,rf,OVERT,29,0.011504898449507335
DS19,mc.rf_OVERT,rf,OVERT,30,0.009047868473412254
DS19,mc.rf_OVERT,rf,OVERT,31,0.009298635083311134
DS19,mc.rf_OVERT,rf,OVERT,32,0.009296602997831357
DS19,mc.rf_OVERT,rf,OVERT,33,0.008887960751945489
DS19,mc.rf_OVERT,rf,OVERT,34,0.008561442510774037
DS19,mc.rf_OVERT,rf,OVERT,35,0.00886314566950206
DS19,mc.rf_OVERT,rf,OVERT,36,0.008797137700060726
DS19,mc.rf_OVERT,rf,OVERT,37,0.008749996594514076
DS19,mc.rf_OVERT,rf,OVERT,38,0.008707706831881313
DS19,mc.rf_OVERT,rf,OVERT,39,0.00852686666411094
DS19,mc.rf_OVERT,rf,OVERT,40,0.008651958318142687
DS19,mc.rf_OVERT,rf,OVERT,41,0.008373212996035348
DS19,mc.rf_OVERT,rf,OVERT,42,0.004981918223609964
DS19,mc.rf_OVERT,rf,OVERT,43,0.004936800123646164
DS19,mc.rf_OVERT,rf,OVERT,44,0.004571919891711435
DS19,mc.rf_OVERT,rf,OVERT,45,0.004726366493016922
DS19,mc.rf_OVERT,rf,OVERT,46,0.0046040574484169
DS19,mc.rf_OVERT,rf,OVERT,47,0.0051075684530218
DS19,mc.rf_OVERT,rf,OVERT,48,0.004565485672344133
DS19,mc.rf_OVERT,rf,OVERT,49,0.004821795996289552
DS19,mc.rf_OVERT,rf,OVERT,50,0.004913739889584174
DS19,mc.rf_SMOTEB,rf,SMOTEB,1,0.02307540001271795
DS19,mc.rf_SMOTEB,rf,SMOTEB,2,0.024154397057967708
DS19,mc.rf_SMOTEB,rf,SMOTEB,3,0.02439199616569545
DS19,mc.rf_SMOTEB,rf,SMOTEB,4,0.021405621466008204
DS19,mc.rf_SMOTEB,rf,SMOTEB,5,0.0260343229219086
DS19,mc.rf_SMOTEB,rf,SMOTEB,6,0.023521102571825485
DS19,mc.rf_SMOTEB,rf,SMOTEB,7,0.02170832215682821
DS19,mc.rf_SMOTEB,rf,SMOTEB,8,0.02383714366702889
DS19,mc.rf_SMOTEB,rf,SMOTEB,9,0.02598049653021772
DS19,mc.rf_SMOTEB,rf,SMOTEB,10,0.0251440583152893
DS19,mc.rf_SMOTEB,rf,SMOTEB,11,0.02561682119074772
DS19,mc.rf_SMOTEB,rf,SMOTEB,12,0.02433064165413673
DS19,mc.rf_SMOTEB,rf,SMOTEB,13,0.02546712416513217
DS19,mc.rf_SMOTEB,rf,SMOTEB,14,0.02504076187063295
DS19,mc.rf_SMOTEB,rf,SMOTEB,15,0.0267789471067878
DS19,mc.rf_SMOTEB,rf,SMOTEB,16,0.02539880394412698
DS19,mc.rf_SMOTEB,rf,SMOTEB,17,0.025974135889818072
DS19,mc.rf_SMOTEB,rf,SMOTEB,18,0.02379264763819594
DS19,mc.rf_SMOTEB,rf,SMOTEB,19,0.025143540416297308
DS19,mc.rf_SMOTEB,rf,SMOTEB,20,0.010555742888343872
DS19,mc.rf_SMOTEB,rf,SMOTEB,21,0.008804416167308683
DS19,mc.rf_SMOTEB,rf,SMOTEB,22,0.008156425990734285
DS19,mc.rf_SMOTEB,rf,SMOTEB,23,0.007617790628179527
DS19,mc.rf_SMOTEB,rf,SMOTEB,24,0.007068699433778076
DS19,mc.rf_SMOTEB,rf,SMOTEB,25,0.01605584206098206
DS19,mc.rf_SMOTEB,rf,SMOTEB,26,0.01620080838930253
DS19,mc.rf_SMOTEB,rf,SMOTEB,27,0.015069900661602778
DS19,mc.rf_SMOTEB,rf,SMOTEB,28,0.014492369308143396
DS19,mc.rf_SMOTEB,rf,SMOTEB,29,0.015284377675245958
DS19,mc.rf_SMOTEB,rf,SMOTEB,30,0.009831292532245616
DS19,mc.rf_SMOTEB,rf,SMOTEB,31,0.01047557789775102
DS19,mc.rf_SMOTEB,rf,SMOTEB,32,0.011116699370187666
DS19,mc.rf_SMOTEB,rf,SMOTEB,33,0.01052595768324879
DS19,mc.rf_SMOTEB,rf,SMOTEB,34,0.01106789771316662
DS19,mc.rf_SMOTEB,rf,SMOTEB,35,0.009790174522987471
DS19,mc.rf_SMOTEB,rf,SMOTEB,36,0.009651705600389984
DS19,mc.rf_SMOTEB,rf,SMOTEB,37,0.009764136453108823
DS19,mc.rf_SMOTEB,rf,SMOTEB,38,0.011108746205005295
DS19,mc.rf_SMOTEB,rf,SMOTEB,39,0.010315973123000548
DS19,mc.rf_SMOTEB,rf,SMOTEB,40,0.010058988310667809
DS19,mc.rf_SMOTEB,rf,SMOTEB,41,0.010298350504228171
DS19,mc.rf_SMOTEB,rf,SMOTEB,42,0.007947335782149678
DS19,mc.rf_SMOTEB,rf,SMOTEB,43,0.006234749006523404
DS19,mc.rf_SMOTEB,rf,SMOTEB,44,0.007678660896105776
DS19,mc.rf_SMOTEB,rf,SMOTEB,45,0.005971357714439623
DS19,mc.rf_SMOTEB,rf,SMOTEB,46,0.006833305615201994
DS19,mc.rf_SMOTEB,rf,SMOTEB,47,0.006955558071729067
DS19,mc.rf_SMOTEB,rf,SMOTEB,48,0.005562321831080729
DS19,mc.rf_SMOTEB,rf,SMOTEB,49,0.00580825058141146
DS19,mc.rf_SMOTEB,rf,SMOTEB,50,0.006820085552193061
DS19,mc.rf_SMOTETPhi,rf,SMOTETPhi,1,0.023457995336244295
DS19,mc.rf_SMOTETPhi,rf,SMOTETPhi,2,0.024292819634633513
DS19,mc.rf_SMOTETPhi,rf,SMOTETPhi,3,0.0254717797483513
DS19,mc.rf_SMOTETPhi,rf,SMOTETPhi,4,0.023877815700855957
DS19,mc.rf_SMOTETPhi,rf,SMOTETPhi,5,0.024924774412006478
DS19,mc.rf_SMOTETPhi,rf,SMOTETPhi,6,0.02183770485652561
DS19,mc.rf_SMOTETPhi,rf,SMOTETPhi,7,0.025435422690308816
DS19,mc.rf_SMOTETPhi,rf,SMOTETPhi,8,0.027523434555569645
DS19,mc.rf_SMOTETPhi,rf,SMOTETPhi,9,0.027096495777787444
DS19,mc.rf_SMOTETPhi,rf,SMOTETPhi,10,0.02866240129384271
DS19,mc.rf_SMOTETPhi,rf,SMOTETPhi,11,0.02485894225274014
DS19,mc.rf_SMOTETPhi,rf,SMOTETPhi,12,0.027074338053101922
DS19,mc.rf_SMOTETPhi,rf,SMOTETPhi,13,0.023518460772759882
DS19,mc.rf_SMOTETPhi,rf,SMOTETPhi,14,0.02438914627311734
DS19,mc.rf_SMOTETPhi,rf,SMOTETPhi,15,0.025740841081294936
DS19,mc.rf_SMOTETPhi,rf,SMOTETPhi,16,0.02675929966655611
DS19,mc.rf_SMOTETPhi,rf,SMOTETPhi,17,0.024524700296405678
DS19,mc.rf_SMOTETPhi,rf,SMOTETPhi,18,0.02369737602236773
DS19,mc.rf_SMOTETPhi,rf,SMOTETPhi,19,0.025322181383511756
DS19,mc.rf_SMOTETPhi,rf,SMOTETPhi,20,0.003421496525109258
DS19,mc.rf_SMOTETPhi,rf,SMOTETPhi,21,0.0035907789343057267
DS19,mc.rf_SMOTETPhi,rf,SMOTETPhi,22,0.003409974415674049
DS19,mc.rf_SMOTETPhi,rf,SMOTETPhi,23,0.0031276223694065965
DS19,mc.rf_SMOTETPhi,rf,SMOTETPhi,24,0.0032580708448108485
DS19,mc.rf_SMOTETPhi,rf,SMOTETPhi,25,0.015219831996119095
DS19,mc.rf_SMOTETPhi,rf,SMOTETPhi,26,0.01381186703832975
DS19,mc.rf_SMOTETPhi,rf,SMOTETPhi,27,0.013617615616670742
DS19,mc.rf_SMOTETPhi,rf,SMOTETPhi,28,0.015716325310087903
DS19,mc.rf_SMOTETPhi,rf,SMOTETPhi,29,0.015126348539663707
DS19,mc.rf_SMOTETPhi,rf,SMOTETPhi,30,0.01305583686398563
DS19,mc.rf_SMOTETPhi,rf,SMOTETPhi,31,0.012229805026730968
DS19,mc.rf_SMOTETPhi,rf,SMOTETPhi,32,0.011176433746201196
DS19,mc.rf_SMOTETPhi,rf,SMOTETPhi,33,0.012878522522488483
DS19,mc.rf_SMOTETPhi,rf,SMOTETPhi,34,0.011424290112838787
DS19,mc.rf_SMOTETPhi,rf,SMOTETPhi,35,0.01138853849264056
DS19,mc.rf_SMOTETPhi,rf,SMOTETPhi,36,0.011221832304588016
DS19,mc.rf_SMOTETPhi,rf,SMOTETPhi,37,0.011540917769239413
DS19,mc.rf_SMOTETPhi,rf,SMOTETPhi,38,0.01138194925054921
DS19,mc.rf_SMOTETPhi,rf,SMOTETPhi,39,0.012560596213578282
DS19,mc.rf_SMOTETPhi,rf,SMOTETPhi,40,0.012164372332233954
DS19,mc.rf_SMOTETPhi,rf,SMOTETPhi,41,0.01310191630996022
DS19,mc.rf_SMOTETPhi,rf,SMOTETPhi,42,0.008007486406056322
DS19,mc.rf_SMOTETPhi,rf,SMOTETPhi,43,0.008173769354305756
DS19,mc.rf_SMOTETPhi,rf,SMOTETPhi,44,0.007193166425238371
DS19,mc.rf_SMOTETPhi,rf,SMOTETPhi,45,0.008029673440603522
DS19,mc.rf_SMOTETPhi,rf,SMOTETPhi,46,0.008487637172107777
DS19,mc.rf_SMOTETPhi,rf,SMOTETPhi,47,0.007573708419643429
DS19,mc.rf_SMOTETPhi,rf,SMOTETPhi,48,0.007203324884774531
DS19,mc.rf_SMOTETPhi,rf,SMOTETPhi,49,0.0072573124318985405
DS19,mc.rf_SMOTETPhi,rf,SMOTETPhi,50,0.0075872056528703095
DS19,mc.rf_SMOTET,rf,SMOTET,1,0.026110711776932673
DS19,mc.rf_SMOTET,rf,SMOTET,2,0.025428789755586847
DS19,mc.rf_SMOTET,rf,SMOTET,3,0.02501607113606672
DS19,mc.rf_SMOTET,rf,SMOTET,4,0.0227155930152692
DS19,mc.rf_SMOTET,rf,SMOTET,5,0.026298365054132352
DS19,mc.rf_SMOTET,rf,SMOTET,6,0.021596153480533797
DS19,mc.rf_SMOTET,rf,SMOTET,7,0.025118104859993808
DS19,mc.rf_SMOTET,rf,SMOTET,8,0.025963510546106475
DS19,mc.rf_SMOTET,rf,SMOTET,9,0.02621759019904387
DS19,mc.rf_SMOTET,rf,SMOTET,10,0.027546383855333964
DS19,mc.rf_SMOTET,rf,SMOTET,11,0.024162192562789796
DS19,mc.rf_SMOTET,rf,SMOTET,12,0.025718780259616894
DS19,mc.rf_SMOTET,rf,SMOTET,13,0.025845596245963665
DS19,mc.rf_SMOTET,rf,SMOTET,14,0.02486939004107546
DS19,mc.rf_SMOTET,rf,SMOTET,15,0.026726112214910905
DS19,mc.rf_SMOTET,rf,SMOTET,16,0.028408989677156413
DS19,mc.rf_SMOTET,rf,SMOTET,17,0.025750263469432478
DS19,mc.rf_SMOTET,rf,SMOTET,18,0.024003486026631625
DS19,mc.rf_SMOTET,rf,SMOTET,19,0.027144278005283014
DS19,mc.rf_SMOTET,rf,SMOTET,20,0.010276591296611761
DS19,mc.rf_SMOTET,rf,SMOTET,21,0.008734287215919106
DS19,mc.rf_SMOTET,rf,SMOTET,22,0.008050028166749337
DS19,mc.rf_SMOTET,rf,SMOTET,23,0.006943766904525853
DS19,mc.rf_SMOTET,rf,SMOTET,24,0.006607759775602958
DS19,mc.rf_SMOTET,rf,SMOTET,25,0.014822903826937501
DS19,mc.rf_SMOTET,rf,SMOTET,26,0.014633187512789534
DS19,mc.rf_SMOTET,rf,SMOTET,27,0.013850430637105162
DS19,mc.rf_SMOTET,rf,SMOTET,28,0.014240357240010167
DS19,mc.rf_SMOTET,rf,SMOTET,29,0.012579611075818918
DS19,mc.rf_SMOTET,rf,SMOTET,30,0.011947588900040973
DS19,mc.rf_SMOTET,rf,SMOTET,31,0.012498090088681621
DS19,mc.rf_SMOTET,rf,SMOTET,32,0.012290230624358998
DS19,mc.rf_SMOTET,rf,SMOTET,33,0.011657420062038666
DS19,mc.rf_SMOTET,rf,SMOTET,34,0.011721723774808452
DS19,mc.rf_SMOTET,rf,SMOTET,35,0.012846670080788703
DS19,mc.rf_SMOTET,rf,SMOTET,36,0.012882382529742265
DS19,mc.rf_SMOTET,rf,SMOTET,37,0.010250039817942442
DS19,mc.rf_SMOTET,rf,SMOTET,38,0.012737354858139534
DS19,mc.rf_SMOTET,rf,SMOTET,39,0.011023928140170822
DS19,mc.rf_SMOTET,rf,SMOTET,40,0.011826123780917987
DS19,mc.rf_SMOTET,rf,SMOTET,41,0.0119421292905681
DS19,mc.rf_SMOTET,rf,SMOTET,42,0.007949115855195473
DS19,mc.rf_SMOTET,rf,SMOTET,43,0.006964497154377404
DS19,mc.rf_SMOTET,rf,SMOTET,44,0.00682101491511879
DS19,mc.rf_SMOTET,rf,SMOTET,45,0.007128704150864541
DS19,mc.rf_SMOTET,rf,SMOTET,46,0.006817594849406243
DS19,mc.rf_SMOTET,rf,SMOTET,47,0.006555681562495741
DS19,mc.rf_SMOTET,rf,SMOTET,48,0.007399369863390026
DS19,mc.rf_SMOTET,rf,SMOTET,49,0.006991911890650612
DS19,mc.rf_SMOTET,rf,SMOTET,50,0.007021036114775116
DS19,mc.rf_UNDERB,rf,UNDERB,1,0.02333087119179338
DS19,mc.rf_UNDERB,rf,UNDERB,2,0.02220251129867038
DS19,mc.rf_UNDERB,rf,UNDERB,3,0.021452116608429692
DS19,mc.rf_UNDERB,rf,UNDERB,4,0.023339569706672378
DS19,mc.rf_UNDERB,rf,UNDERB,5,0.02455291147829414
DS19,mc.rf_UNDERB,rf,UNDERB,6,0.01995213271363232
DS19,mc.rf_UNDERB,rf,UNDERB,7,0.01930164585727042
DS19,mc.rf_UNDERB,rf,UNDERB,8,0.02314107139398036
DS19,mc.rf_UNDERB,rf,UNDERB,9,0.02544608629644031
DS19,mc.rf_UNDERB,rf,UNDERB,10,0.02434730984087399
DS19,mc.rf_UNDERB,rf,UNDERB,11,0.021453973036442253
DS19,mc.rf_UNDERB,rf,UNDERB,12,0.021756246007824567
DS19,mc.rf_UNDERB,rf,UNDERB,13,0.021459945385937103
DS19,mc.rf_UNDERB,rf,UNDERB,14,0.021480810952307354
DS19,mc.rf_UNDERB,rf,UNDERB,15,0.02137000933442586
DS19,mc.rf_UNDERB,rf,UNDERB,16,0.022432805923680313
DS19,mc.rf_UNDERB,rf,UNDERB,17,0.02074224855262094
DS19,mc.rf_UNDERB,rf,UNDERB,18,0.02262133164223077
DS19,mc.rf_UNDERB,rf,UNDERB,19,0.021023644098435053
DS19,mc.rf_UNDERB,rf,UNDERB,20,0.004579769886319611
DS19,mc.rf_UNDERB,rf,UNDERB,21,0.004356230684328943
DS19,mc.rf_UNDERB,rf,UNDERB,22,0.004674228265578826
DS19,mc.rf_UNDERB,rf,UNDERB,23,0.002750691552033383
DS19,mc.rf_UNDERB,rf,UNDERB,24,0.003131173900767977
DS19,mc.rf_UNDERB,rf,UNDERB,25,0.012300424427604595
DS19,mc.rf_UNDERB,rf,UNDERB,26,0.012557744045725579
DS19,mc.rf_UNDERB,rf,UNDERB,27,0.013043824199650153
DS19,mc.rf_UNDERB,rf,UNDERB,28,0.011768257755743599
DS19,mc.rf_UNDERB,rf,UNDERB,29,0.010494269104619055
DS19,mc.rf_UNDERB,rf,UNDERB,30,0.00940111506467479
DS19,mc.rf_UNDERB,rf,UNDERB,31,0.009338051367362512
DS19,mc.rf_UNDERB,rf,UNDERB,32,0.009649617928935109
DS19,mc.rf_UNDERB,rf,UNDERB,33,0.009897059979398163
DS19,mc.rf_UNDERB,rf,UNDERB,34,0.01080306241137671
DS19,mc.rf_UNDERB,rf,UNDERB,35,0.009748190754587924
DS19,mc.rf_UNDERB,rf,UNDERB,36,0.00983334189438341
DS19,mc.rf_UNDERB,rf,UNDERB,37,0.009799607554825429
DS19,mc.rf_UNDERB,rf,UNDERB,38,0.009891779523350134
DS19,mc.rf_UNDERB,rf,UNDERB,39,0.010774930410583517
DS19,mc.rf_UNDERB,rf,UNDERB,40,0.010529246181449216
DS19,mc.rf_UNDERB,rf,UNDERB,41,0.011153217501215892
DS19,mc.rf_UNDERB,rf,UNDERB,42,0.005661822169024996
DS19,mc.rf_UNDERB,rf,UNDERB,43,0.006804322754452763
DS19,mc.rf_UNDERB,rf,UNDERB,44,0.006059628765982589
DS19,mc.rf_UNDERB,rf,UNDERB,45,0.005379263085796964
DS19,mc.rf_UNDERB,rf,UNDERB,46,0.0053211943431699035
DS19,mc.rf_UNDERB,rf,UNDERB,47,0.005088052748556474
DS19,mc.rf_UNDERB,rf,UNDERB,48,0.005634036444879473
DS19,mc.rf_UNDERB,rf,UNDERB,49,0.006010275779396358
DS19,mc.rf_UNDERB,rf,UNDERB,50,0.005178900467304685
DS19,mc.rf_UNDERTPhi,rf,UNDERTPhi,1,0.02198491273166251
DS19,mc.rf_UNDERTPhi,rf,UNDERTPhi,2,0.01997264890309089
DS19,mc.rf_UNDERTPhi,rf,UNDERTPhi,3,0.020131530097988855
DS19,mc.rf_UNDERTPhi,rf,UNDERTPhi,4,0.021211443662794007
DS19,mc.rf_UNDERTPhi,rf,UNDERTPhi,5,0.023997168674232863
DS19,mc.rf_UNDERTPhi,rf,UNDERTPhi,6,0.024631554333304464
DS19,mc.rf_UNDERTPhi,rf,UNDERTPhi,7,0.020994242087405645
DS19,mc.rf_UNDERTPhi,rf,UNDERTPhi,8,0.024162798825407873
DS19,mc.rf_UNDERTPhi,rf,UNDERTPhi,9,0.0253892527399345
DS19,mc.rf_UNDERTPhi,rf,UNDERTPhi,10,0.024101347306408116
DS19,mc.rf_UNDERTPhi,rf,UNDERTPhi,11,0.02442215764596942
DS19,mc.rf_UNDERTPhi,rf,UNDERTPhi,12,0.020347210628972656
DS19,mc.rf_UNDERTPhi,rf,UNDERTPhi,13,0.020526551794533797
DS19,mc.rf_UNDERTPhi,rf,UNDERTPhi,14,0.019803927763641337
DS19,mc.rf_UNDERTPhi,rf,UNDERTPhi,15,0.021152877709309972
DS19,mc.rf_UNDERTPhi,rf,UNDERTPhi,16,0.02126321229008016
DS19,mc.rf_UNDERTPhi,rf,UNDERTPhi,17,0.020892186066762186
DS19,mc.rf_UNDERTPhi,rf,UNDERTPhi,18,0.022234473058279556
DS19,mc.rf_UNDERTPhi,rf,UNDERTPhi,19,0.021810802398828447
DS19,mc.rf_UNDERTPhi,rf,UNDERTPhi,20,0.002772182209464312
DS19,mc.rf_UNDERTPhi,rf,UNDERTPhi,21,0.002940715011824086
DS19,mc.rf_UNDERTPhi,rf,UNDERTPhi,22,0.002680637225912083
DS19,mc.rf_UNDERTPhi,rf,UNDERTPhi,23,0.0021614911944251025
DS19,mc.rf_UNDERTPhi,rf,UNDERTPhi,24,0.002369704265634468
DS19,mc.rf_UNDERTPhi,rf,UNDERTPhi,25,0.014453476615449216
DS19,mc.rf_UNDERTPhi,rf,UNDERTPhi,26,0.013241293507394891
DS19,mc.rf_UNDERTPhi,rf,UNDERTPhi,27,0.01231719127579238
DS19,mc.rf_UNDERTPhi,rf,UNDERTPhi,28,0.010953850949118287
DS19,mc.rf_UNDERTPhi,rf,UNDERTPhi,29,0.012342770352245508
DS19,mc.rf_UNDERTPhi,rf,UNDERTPhi,30,0.009552813790744186
DS19,mc.rf_UNDERTPhi,rf,UNDERTPhi,31,0.00940871800635518
DS19,mc.rf_UNDERTPhi,rf,UNDERTPhi,32,0.01063819163974718
DS19,mc.rf_UNDERTPhi,rf,UNDERTPhi,33,0.009354854128792802
DS19,mc.rf_UNDERTPhi,rf,UNDERTPhi,34,0.009928201468102324
DS19,mc.rf_UNDERTPhi,rf,UNDERTPhi,35,0.00981317861020517
DS19,mc.rf_UNDERTPhi,rf,UNDERTPhi,36,0.0087891937695499
DS19,mc.rf_UNDERTPhi,rf,UNDERTPhi,37,0.00937144357557201
DS19,mc.rf_UNDERTPhi,rf,UNDERTPhi,38,0.009267875499801695
DS19,mc.rf_UNDERTPhi,rf,UNDERTPhi,39,0.00938059164803573
DS19,mc.rf_UNDERTPhi,rf,UNDERTPhi,40,0.011101058361170209
DS19,mc.rf_UNDERTPhi,rf,UNDERTPhi,41,0.01018201798164994
DS19,mc.rf_UNDERTPhi,rf,UNDERTPhi,42,0.0076095589038632444
DS19,mc.rf_UNDERTPhi,rf,UNDERTPhi,43,0.007728496059573497
DS19,mc.rf_UNDERTPhi,rf,UNDERTPhi,44,0.006689170774411786
DS19,mc.rf_UNDERTPhi,rf,UNDERTPhi,45,0.006474084687251083
DS19,mc.rf_UNDERTPhi,rf,UNDERTPhi,46,0.005674005081415826
DS19,mc.rf_UNDERTPhi,rf,UNDERTPhi,47,0.006596250218441865
DS19,mc.rf_UNDERTPhi,rf,UNDERTPhi,48,0.005245700371904593
DS19,mc.rf_UNDERTPhi,rf,UNDERTPhi,49,0.006875069795770216
DS19,mc.rf_UNDERTPhi,rf,UNDERTPhi,50,0.007128080582392712
DS19,mc.rf_UNDERT,rf,UNDERT,1,0.023753003340549743
DS19,mc.rf_UNDERT,rf,UNDERT,2,0.021731277829467918
DS19,mc.rf_UNDERT,rf,UNDERT,3,0.022312259339469728
DS19,mc.rf_UNDERT,rf,UNDERT,4,0.021293671532923778
DS19,mc.rf_UNDERT,rf,UNDERT,5,0.020532323806885838
DS19,mc.rf_UNDERT,rf,UNDERT,6,0.024119650007157198
DS19,mc.rf_UNDERT,rf,UNDERT,7,0.022442398422470235
DS19,mc.rf_UNDERT,rf,UNDERT,8,0.02228778525807794
DS19,mc.rf_UNDERT,rf,UNDERT,9,0.024685868544208865
DS19,mc.rf_UNDERT,rf,UNDERT,10,0.026687784312535268
DS19,mc.rf_UNDERT,rf,UNDERT,11,0.0219282912069176
DS19,mc.rf_UNDERT,rf,UNDERT,12,0.022780102878563455
DS19,mc.rf_UNDERT,rf,UNDERT,13,0.020705625966498158
DS19,mc.rf_UNDERT,rf,UNDERT,14,0.02057817487439576
DS19,mc.rf_UNDERT,rf,UNDERT,15,0.02071228476763406
DS19,mc.rf_UNDERT,rf,UNDERT,16,0.02177244958036472
DS19,mc.rf_UNDERT,rf,UNDERT,17,0.021185202907646805
DS19,mc.rf_UNDERT,rf,UNDERT,18,0.02305351767948429
DS19,mc.rf_UNDERT,rf,UNDERT,19,0.021005819165880416
DS19,mc.rf_UNDERT,rf,UNDERT,20,0.004186400747350778
DS19,mc.rf_UNDERT,rf,UNDERT,21,0.0036758105583729597
DS19,mc.rf_UNDERT,rf,UNDERT,22,0.004119117998021062
DS19,mc.rf_UNDERT,rf,UNDERT,23,0.0024965388484807643
DS19,mc.rf_UNDERT,rf,UNDERT,24,0.004333500318488496
DS19,mc.rf_UNDERT,rf,UNDERT,25,0.013509184330636172
DS19,mc.rf_UNDERT,rf,UNDERT,26,0.013437442029997096
DS19,mc.rf_UNDERT,rf,UNDERT,27,0.013445808483772163
DS19,mc.rf_UNDERT,rf,UNDERT,28,0.011551795542891135
DS19,mc.rf_UNDERT,rf,UNDERT,29,0.011861824653603324
DS19,mc.rf_UNDERT,rf,UNDERT,30,0.010746442305830687
DS19,mc.rf_UNDERT,rf,UNDERT,31,0.009495990943991246
DS19,mc.rf_UNDERT,rf,UNDERT,32,0.009541869615772323
DS19,mc.rf_UNDERT,rf,UNDERT,33,0.012104724649655967
DS19,mc.rf_UNDERT,rf,UNDERT,34,0.009931146408957457
DS19,mc.rf_UNDERT,rf,UNDERT,35,0.010233388495382755
DS19,mc.rf_UNDERT,rf,UNDERT,36,0.009773186509838196
DS19,mc.rf_UNDERT,rf,UNDERT,37,0.009403232561019655
DS19,mc.rf_UNDERT,rf,UNDERT,38,0.008379728867335437
DS19,mc.rf_UNDERT,rf,UNDERT,39,0.010014697636173896
DS19,mc.rf_UNDERT,rf,UNDERT,40,0.010065816608752807
DS19,mc.rf_UNDERT,rf,UNDERT,41,0.008592904939700219
DS19,mc.rf_UNDERT,rf,UNDERT,42,0.005965295466017295
DS19,mc.rf_UNDERT,rf,UNDERT,43,0.006090620431558692
DS19,mc.rf_UNDERT,rf,UNDERT,44,0.0060700624084521985
DS19,mc.rf_UNDERT,rf,UNDERT,45,0.006479722954371437
DS19,mc.rf_UNDERT,rf,UNDERT,46,0.0063446854883502934
DS19,mc.rf_UNDERT,rf,UNDERT,47,0.005287737092399351
DS19,mc.rf_UNDERT,rf,UNDERT,48,0.004885872179224607
DS19,mc.rf_UNDERT,rf,UNDERT,49,0.00516149560462084
DS19,mc.rf_UNDERT,rf,UNDERT,50,0.006717705287715743
DS19,mc.rf,rf,baseline,1,0.019089811228758507
DS19,mc.rf,rf,baseline,2,0.017717884234862535
DS19,mc.rf,rf,baseline,3,0.018119606142565733
DS19,mc.rf,rf,baseline,4,0.018003883724731374
DS19,mc.rf,rf,baseline,5,0.0183758338536216
DS19,mc.rf,rf,baseline,6,0.01827557352063499
DS19,mc.rf,rf,baseline,7,0.018627067952226187
DS19,mc.rf,rf,baseline,8,0.019639543249337605
DS19,mc.rf,rf,baseline,9,0.020836405064525332
DS19,mc.rf,rf,baseline,10,0.02246682575543023
DS19,mc.rf,rf,baseline,11,0.02219473898481769
DS19,mc.rf,rf,baseline,12,0.022356343101240482
DS19,mc.rf,rf,baseline,13,0.02180242795149621
DS19,mc.rf,rf,baseline,14,0.02242599027165415
DS19,mc.rf,rf,baseline,15,0.022406836697405334
DS19,mc.rf,rf,baseline,16,0.023093457617828772
DS19,mc.rf,rf,baseline,17,0.022060222195532744
DS19,mc.rf,rf,baseline,18,0.02210092649396658
DS19,mc.rf,rf,baseline,19,0.022319361103041793
DS19,mc.rf,rf,baseline,20,0.01144027498111855
DS19,mc.rf,rf,baseline,21,0.011454237322920915
DS19,mc.rf,rf,baseline,22,0.009867865887400892
DS19,mc.rf,rf,baseline,23,0.008294329356009602
DS19,mc.rf,rf,baseline,24,0.007778685580514018
DS19,mc.rf,rf,baseline,25,0.0121804886288754
DS19,mc.rf,rf,baseline,26,0.011846579579455164
DS19,mc.rf,rf,baseline,27,0.01258607458022573
DS19,mc.rf,rf,baseline,28,0.012005725721653395
DS19,mc.rf,rf,baseline,29,0.011808822364317894
DS19,mc.rf,rf,baseline,30,0.008525898406082349
DS19,mc.rf,rf,baseline,31,0.008573477475466919
DS19,mc.rf,rf,baseline,32,0.008127853786791662
DS19,mc.rf,rf,baseline,33,0.008109719008031457
DS19,mc.rf,rf,baseline,34,0.00808238509607185
DS19,mc.rf,rf,baseline,35,0.008155750671808768
DS19,mc.rf,rf,baseline,36,0.008168546518197761
DS19,mc.rf,rf,baseline,37,0.008082438977708743
DS19,mc.rf,rf,baseline,38,0.00806717426445959
DS19,mc.rf,rf,baseline,39,0.007787643635417207
DS19,mc.rf,rf,baseline,40,0.007629487133899153
DS19,mc.rf,rf,baseline,41,0.0074835694492858314
DS19,mc.rf,rf,baseline,42,0.004657653017691675
DS19,mc.rf,rf,baseline,43,0.0047056087405158275
DS19,mc.rf,rf,baseline,44,0.0044685941022414
DS19,mc.rf,rf,baseline,45,0.004641506885751993
DS19,mc.rf,rf,baseline,46,0.004585269668734458
DS19,mc.rf,rf,baseline,47,0.0044961057804752645
DS19,mc.rf,rf,baseline,48,0.004242082694236458
DS19,mc.rf,rf,baseline,49,0.004306067498085271
DS19,mc.rf,rf,baseline,50,0.004297175870320455
DS19,mc.rpart_OVERB,rpart,OVERB,1,0.01898484717207206
DS19,mc.rpart_OVERB,rpart,OVERB,2,0.023779512891329017
DS19,mc.rpart_OVERB,rpart,OVERB,3,0.022080612403735884
DS19,mc.rpart_OVERB,rpart,OVERB,4,0.021783229721990958
DS19,mc.rpart_OVERB,rpart,OVERB,5,0.019353606877073583
DS19,mc.rpart_OVERB,rpart,OVERB,6,0.017719649126697067
DS19,mc.rpart_OVERB,rpart,OVERB,7,0.01699235989788827
DS19,mc.rpart_OVERB,rpart,OVERB,8,0.024299378801677186
DS19,mc.rpart_OVERB,rpart,OVERB,9,0.014996326287834115
DS19,mc.rpart_OVERB,rpart,OVERB,10,0.02464592301631764
DS19,mc.rpart_OVERB,rpart,OVERB,11,0.023797721619243983
DS19,mc.rpart_OVERB,rpart,OVERB,12,0.02631703982875743
DS19,mc.rpart_OVERB,rpart,OVERB,13,0.020888814099280673
DS19,mc.rpart_OVERB,rpart,OVERB,14,0.02279323176528223
DS19,mc.rpart_OVERB,rpart,OVERB,15,0.01813300772363581
DS19,mc.rpart_OVERB,rpart,OVERB,16,0.0233811252500601
DS19,mc.rpart_OVERB,rpart,OVERB,17,0.022788974938728813
DS19,mc.rpart_OVERB,rpart,OVERB,18,0.02203481392920362
DS19,mc.rpart_OVERB,rpart,OVERB,19,0.027137556537040943
DS19,mc.rpart_OVERB,rpart,OVERB,20,0.013458237928427187
DS19,mc.rpart_OVERB,rpart,OVERB,21,0.013748967943488507
DS19,mc.rpart_OVERB,rpart,OVERB,22,0.014528336680233555
DS19,mc.rpart_OVERB,rpart,OVERB,23,0.009343641361053015
DS19,mc.rpart_OVERB,rpart,OVERB,24,0.008129808524243718
DS19,mc.rpart_OVERB,rpart,OVERB,25,0.019696705437689296
DS19,mc.rpart_OVERB,rpart,OVERB,26,0.011987175102824302
DS19,mc.rpart_OVERB,rpart,OVERB,27,0.012790665280752504
DS19,mc.rpart_OVERB,rpart,OVERB,28,0.012339358102149946
DS19,mc.rpart_OVERB,rpart,OVERB,29,0.013281307387564188
DS19,mc.rpart_OVERB,rpart,OVERB,30,0.010889627390714177
DS19,mc.rpart_OVERB,rpart,OVERB,31,0.011243726931694236
DS19,mc.rpart_OVERB,rpart,OVERB,32,0.012148132048722081
DS19,mc.rpart_OVERB,rpart,OVERB,33,0.01334550698509826
DS19,mc.rpart_OVERB,rpart,OVERB,34,0.01085665740221438
DS19,mc.rpart_OVERB,rpart,OVERB,35,0.010749466691830202
DS19,mc.rpart_OVERB,rpart,OVERB,36,0.010281371541748033
DS19,mc.rpart_OVERB,rpart,OVERB,37,0.011000238550955267
DS19,mc.rpart_OVERB,rpart,OVERB,38,0.01222621724842274
DS19,mc.rpart_OVERB,rpart,OVERB,39,0.010470461053297714
DS19,mc.rpart_OVERB,rpart,OVERB,40,0.011227645007476927
DS19,mc.rpart_OVERB,rpart,OVERB,41,0.011068572367817456
DS19,mc.rpart_OVERB,rpart,OVERB,42,0.0060180891520923655
DS19,mc.rpart_OVERB,rpart,OVERB,43,0.005716099956318665
DS19,mc.rpart_OVERB,rpart,OVERB,44,0.007204018268114639
DS19,mc.rpart_OVERB,rpart,OVERB,45,0.004595465614949932
DS19,mc.rpart_OVERB,rpart,OVERB,46,0.003914280699346639
DS19,mc.rpart_OVERB,rpart,OVERB,47,0.00877581189643444
DS19,mc.rpart_OVERB,rpart,OVERB,48,0.005507816654915062
DS19,mc.rpart_OVERB,rpart,OVERB,49,0.004534825328138498
DS19,mc.rpart_OVERB,rpart,OVERB,50,0.007118386042410389
DS19,mc.rpart_OVERTPhi,rpart,OVERTPhi,1,0.019086748210294366
DS19,mc.rpart_OVERTPhi,rpart,OVERTPhi,2,0.01880501709071125
DS19,mc.rpart_OVERTPhi,rpart,OVERTPhi,3,0.014561441699266164
DS19,mc.rpart_OVERTPhi,rpart,OVERTPhi,4,0.019894366609056528
DS19,mc.rpart_OVERTPhi,rpart,OVERTPhi,5,0.022677597620130368
DS19,mc.rpart_OVERTPhi,rpart,OVERTPhi,6,0.025641143939484395
DS19,mc.rpart_OVERTPhi,rpart,OVERTPhi,7,0.027671621127284857
DS19,mc.rpart_OVERTPhi,rpart,OVERTPhi,8,0.02775764500012889
DS19,mc.rpart_OVERTPhi,rpart,OVERTPhi,9,0.026119773715649594
DS19,mc.rpart_OVERTPhi,rpart,OVERTPhi,10,0.02310650177688331
DS19,mc.rpart_OVERTPhi,rpart,OVERTPhi,11,0.024204013430812178
DS19,mc.rpart_OVERTPhi,rpart,OVERTPhi,12,0.021456546474975254
DS19,mc.rpart_OVERTPhi,rpart,OVERTPhi,13,0.021322165949331267
DS19,mc.rpart_OVERTPhi,rpart,OVERTPhi,14,0.024557502089932026
DS19,mc.rpart_OVERTPhi,rpart,OVERTPhi,15,0.02402802439809928
DS19,mc.rpart_OVERTPhi,rpart,OVERTPhi,16,0.02149480677024798
DS19,mc.rpart_OVERTPhi,rpart,OVERTPhi,17,0.030565522641456667
DS19,mc.rpart_OVERTPhi,rpart,OVERTPhi,18,0.031546169168854624
DS19,mc.rpart_OVERTPhi,rpart,OVERTPhi,19,0.02685618141624626
DS19,mc.rpart_OVERTPhi,rpart,OVERTPhi,20,0.010166754075379078
DS19,mc.rpart_OVERTPhi,rpart,OVERTPhi,21,0.014360626435241169
DS19,mc.rpart_OVERTPhi,rpart,OVERTPhi,22,0.009867011984079866
DS19,mc.rpart_OVERTPhi,rpart,OVERTPhi,23,0.009288133424809027
DS19,mc.rpart_OVERTPhi,rpart,OVERTPhi,24,0.007375059906184396
DS19,mc.rpart_OVERTPhi,rpart,OVERTPhi,25,0.011652035236759992
DS19,mc.rpart_OVERTPhi,rpart,OVERTPhi,26,0.015557888799316162
DS19,mc.rpart_OVERTPhi,rpart,OVERTPhi,27,0.014712842707772275
DS19,mc.rpart_OVERTPhi,rpart,OVERTPhi,28,0.013074009570101339
DS19,mc.rpart_OVERTPhi,rpart,OVERTPhi,29,0.011612142602872626
DS19,mc.rpart_OVERTPhi,rpart,OVERTPhi,30,0.00958710517795513
DS19,mc.rpart_OVERTPhi,rpart,OVERTPhi,31,0.011746169553955296
DS19,mc.rpart_OVERTPhi,rpart,OVERTPhi,32,0.011506827217324784
DS19,mc.rpart_OVERTPhi,rpart,OVERTPhi,33,0.011129258373096005
DS19,mc.rpart_OVERTPhi,rpart,OVERTPhi,34,0.008278405578162165
DS19,mc.rpart_OVERTPhi,rpart,OVERTPhi,35,0.011200096458692799
DS19,mc.rpart_OVERTPhi,rpart,OVERTPhi,36,0.009552274478032571
DS19,mc.rpart_OVERTPhi,rpart,OVERTPhi,37,0.009599929923341473
DS19,mc.rpart_OVERTPhi,rpart,OVERTPhi,38,0.013124956193432367
DS19,mc.rpart_OVERTPhi,rpart,OVERTPhi,39,0.00779519235200469
DS19,mc.rpart_OVERTPhi,rpart,OVERTPhi,40,0.011383167160089892
DS19,mc.rpart_OVERTPhi,rpart,OVERTPhi,41,0.012125936985251787
DS19,mc.rpart_OVERTPhi,rpart,OVERTPhi,42,0.00544567787340301
DS19,mc.rpart_OVERTPhi,rpart,OVERTPhi,43,0.006584347815344493
DS19,mc.rpart_OVERTPhi,rpart,OVERTPhi,44,0.004305464665304371
DS19,mc.rpart_OVERTPhi,rpart,OVERTPhi,45,0.003644757252889438
DS19,mc.rpart_OVERTPhi,rpart,OVERTPhi,46,0.0041314648031285876
DS19,mc.rpart_OVERTPhi,rpart,OVERTPhi,47,0.006435357774917594
DS19,mc.rpart_OVERTPhi,rpart,OVERTPhi,48,0.006404678372582597
DS19,mc.rpart_OVERTPhi,rpart,OVERTPhi,49,0.006945428193607999
DS19,mc.rpart_OVERTPhi,rpart,OVERTPhi,50,0.00418455417383896
DS19,mc.rpart_OVERT,rpart,OVERT,1,0.019040647155178114
DS19,mc.rpart_OVERT,rpart,OVERT,2,0.01912026641233517
DS19,mc.rpart_OVERT,rpart,OVERT,3,0.022847161084138472
DS19,mc.rpart_OVERT,rpart,OVERT,4,0.014995797350899136
DS19,mc.rpart_OVERT,rpart,OVERT,5,0.02254940326666487
DS19,mc.rpart_OVERT,rpart,OVERT,6,0.025639700304653814
DS19,mc.rpart_OVERT,rpart,OVERT,7,0.03146703628868211
DS19,mc.rpart_OVERT,rpart,OVERT,8,0.019199470698043918
DS19,mc.rpart_OVERT,rpart,OVERT,9,0.026323693931963002
DS19,mc.rpart_OVERT,rpart,OVERT,10,0.023106212036206726
DS19,mc.rpart_OVERT,rpart,OVERT,11,0.021578725800911077
DS19,mc.rpart_OVERT,rpart,OVERT,12,0.02163069022773504
DS19,mc.rpart_OVERT,rpart,OVERT,13,0.029186255682061672
DS19,mc.rpart_OVERT,rpart,OVERT,14,0.022602786773427336
DS19,mc.rpart_OVERT,rpart,OVERT,15,0.028875291832648357
DS19,mc.rpart_OVERT,rpart,OVERT,16,0.021505810720157458
DS19,mc.rpart_OVERT,rpart,OVERT,17,0.03056697206462321
DS19,mc.rpart_OVERT,rpart,OVERT,18,0.021879157594779836
DS19,mc.rpart_OVERT,rpart,OVERT,19,0.026873725506327308
DS19,mc.rpart_OVERT,rpart,OVERT,20,0.01008723560379112
DS19,mc.rpart_OVERT,rpart,OVERT,21,0.014360624127259707
DS19,mc.rpart_OVERT,rpart,OVERT,22,0.013271108458127602
DS19,mc.rpart_OVERT,rpart,OVERT,23,0.009288178543529202
DS19,mc.rpart_OVERT,rpart,OVERT,24,0.007375004693042477
DS19,mc.rpart_OVERT,rpart,OVERT,25,0.011626928209920845
DS19,mc.rpart_OVERT,rpart,OVERT,26,0.01196025949143705
DS19,mc.rpart_OVERT,rpart,OVERT,27,0.0140608859918201
DS19,mc.rpart_OVERT,rpart,OVERT,28,0.013066050246342772
DS19,mc.rpart_OVERT,rpart,OVERT,29,0.011611624411940406
DS19,mc.rpart_OVERT,rpart,OVERT,30,0.00958710517795513
DS19,mc.rpart_OVERT,rpart,OVERT,31,0.01134464408525011
DS19,mc.rpart_OVERT,rpart,OVERT,32,0.011506553949863878
DS19,mc.rpart_OVERT,rpart,OVERT,33,0.010120141657707735
DS19,mc.rpart_OVERT,rpart,OVERT,34,0.008294629938388542
DS19,mc.rpart_OVERT,rpart,OVERT,35,0.009421583751826857
DS19,mc.rpart_OVERT,rpart,OVERT,36,0.008880020249698233
DS19,mc.rpart_OVERT,rpart,OVERT,37,0.009813656985466879
DS19,mc.rpart_OVERT,rpart,OVERT,38,0.013129051314586663
DS19,mc.rpart_OVERT,rpart,OVERT,39,0.007795885950210293
DS19,mc.rpart_OVERT,rpart,OVERT,40,0.011384702987019244
DS19,mc.rpart_OVERT,rpart,OVERT,41,0.012477311390521438
DS19,mc.rpart_OVERT,rpart,OVERT,42,0.006319887917042386
DS19,mc.rpart_OVERT,rpart,OVERT,43,0.008256593102075254
DS19,mc.rpart_OVERT,rpart,OVERT,44,0.004306409680337063
DS19,mc.rpart_OVERT,rpart,OVERT,45,0.003644757252889438
DS19,mc.rpart_OVERT,rpart,OVERT,46,0.0035405695152545065
DS19,mc.rpart_OVERT,rpart,OVERT,47,0.006435357774917594
DS19,mc.rpart_OVERT,rpart,OVERT,48,0.006411956080996045
DS19,mc.rpart_OVERT,rpart,OVERT,49,0.0069585712051927874
DS19,mc.rpart_OVERT,rpart,OVERT,50,0.008052647783226705
DS19,mc.rpart_SMOTEB,rpart,SMOTEB,1,0.02760538132215024
DS19,mc.rpart_SMOTEB,rpart,SMOTEB,2,0.026681293886555563
DS19,mc.rpart_SMOTEB,rpart,SMOTEB,3,0.029156715399038156
DS19,mc.rpart_SMOTEB,rpart,SMOTEB,4,0.02943560236211599
DS19,mc.rpart_SMOTEB,rpart,SMOTEB,5,0.03231068948733205
DS19,mc.rpart_SMOTEB,rpart,SMOTEB,6,0.0266421713475211
DS19,mc.rpart_SMOTEB,rpart,SMOTEB,7,0.025392315927200718
DS19,mc.rpart_SMOTEB,rpart,SMOTEB,8,0.028998121923775304
DS19,mc.rpart_SMOTEB,rpart,SMOTEB,9,0.03188777526060875
DS19,mc.rpart_SMOTEB,rpart,SMOTEB,10,0.028067614992550678
DS19,mc.rpart_SMOTEB,rpart,SMOTEB,11,0.03209361131200102
DS19,mc.rpart_SMOTEB,rpart,SMOTEB,12,0.028544790129491383
DS19,mc.rpart_SMOTEB,rpart,SMOTEB,13,0.03359872987968221
DS19,mc.rpart_SMOTEB,rpart,SMOTEB,14,0.03046675352171669
DS19,mc.rpart_SMOTEB,rpart,SMOTEB,15,0.030798852530980053
DS19,mc.rpart_SMOTEB,rpart,SMOTEB,16,0.02856296965802562
DS19,mc.rpart_SMOTEB,rpart,SMOTEB,17,0.031293412029811424
DS19,mc.rpart_SMOTEB,rpart,SMOTEB,18,0.02830950334143066
DS19,mc.rpart_SMOTEB,rpart,SMOTEB,19,0.026496113808791497
DS19,mc.rpart_SMOTEB,rpart,SMOTEB,20,0.012917352443989498
DS19,mc.rpart_SMOTEB,rpart,SMOTEB,21,0.01082031047147335
DS19,mc.rpart_SMOTEB,rpart,SMOTEB,22,0.008823607919881411
DS19,mc.rpart_SMOTEB,rpart,SMOTEB,23,0.0081569700029627
DS19,mc.rpart_SMOTEB,rpart,SMOTEB,24,0.008888240683402923
DS19,mc.rpart_SMOTEB,rpart,SMOTEB,25,0.027052502419675217
DS19,mc.rpart_SMOTEB,rpart,SMOTEB,26,0.016360482470184706
DS19,mc.rpart_SMOTEB,rpart,SMOTEB,27,0.021731580423108996
DS19,mc.rpart_SMOTEB,rpart,SMOTEB,28,0.024948626365133307
DS19,mc.rpart_SMOTEB,rpart,SMOTEB,29,0.01977961181458098
DS19,mc.rpart_SMOTEB,rpart,SMOTEB,30,0.01412526142319823
DS19,mc.rpart_SMOTEB,rpart,SMOTEB,31,0.017218108040724843
DS19,mc.rpart_SMOTEB,rpart,SMOTEB,32,0.014207459103106567
DS19,mc.rpart_SMOTEB,rpart,SMOTEB,33,0.012140739653216966
DS19,mc.rpart_SMOTEB,rpart,SMOTEB,34,0.01445667084816473
DS19,mc.rpart_SMOTEB,rpart,SMOTEB,35,0.01601703938272336
DS19,mc.rpart_SMOTEB,rpart,SMOTEB,36,0.0154488550856427
DS19,mc.rpart_SMOTEB,rpart,SMOTEB,37,0.013671484512362683
DS19,mc.rpart_SMOTEB,rpart,SMOTEB,38,0.014053366035465753
DS19,mc.rpart_SMOTEB,rpart,SMOTEB,39,0.013872448568949789
DS19,mc.rpart_SMOTEB,rpart,SMOTEB,40,0.015744826486065476
DS19,mc.rpart_SMOTEB,rpart,SMOTEB,41,0.014348346225658743
DS19,mc.rpart_SMOTEB,rpart,SMOTEB,42,0.012927297435724376
DS19,mc.rpart_SMOTEB,rpart,SMOTEB,43,0.008217099810704651
DS19,mc.rpart_SMOTEB,rpart,SMOTEB,44,0.012180197886181379
DS19,mc.rpart_SMOTEB,rpart,SMOTEB,45,0.010337023305231577
DS19,mc.rpart_SMOTEB,rpart,SMOTEB,46,0.012006932567011443
DS19,mc.rpart_SMOTEB,rpart,SMOTEB,47,0.01330190615675238
DS19,mc.rpart_SMOTEB,rpart,SMOTEB,48,0.00874517558848875
DS19,mc.rpart_SMOTEB,rpart,SMOTEB,49,0.00881030617434049
DS19,mc.rpart_SMOTEB,rpart,SMOTEB,50,0.007920621618798918
DS19,mc.rpart_SMOTETPhi,rpart,SMOTETPhi,1,0.03001542877490091
DS19,mc.rpart_SMOTETPhi,rpart,SMOTETPhi,2,0.029334101380813327
DS19,mc.rpart_SMOTETPhi,rpart,SMOTETPhi,3,0.03703703922202998
DS19,mc.rpart_SMOTETPhi,rpart,SMOTETPhi,4,0.022207894896947578
DS19,mc.rpart_SMOTETPhi,rpart,SMOTETPhi,5,0.021942664790040887
DS19,mc.rpart_SMOTETPhi,rpart,SMOTETPhi,6,0.023587609149481575
DS19,mc.rpart_SMOTETPhi,rpart,SMOTETPhi,7,0.03560981748312767
DS19,mc.rpart_SMOTETPhi,rpart,SMOTETPhi,8,0.03218544387576755
DS19,mc.rpart_SMOTETPhi,rpart,SMOTETPhi,9,0.02699359966702503
DS19,mc.rpart_SMOTETPhi,rpart,SMOTETPhi,10,0.04465779315451871
DS19,mc.rpart_SMOTETPhi,rpart,SMOTETPhi,11,0.03598181969823758
DS19,mc.rpart_SMOTETPhi,rpart,SMOTETPhi,12,0.03703132900602943
DS19,mc.rpart_SMOTETPhi,rpart,SMOTETPhi,13,0.02482672077861321
DS19,mc.rpart_SMOTETPhi,rpart,SMOTETPhi,14,0.031158207410123442
DS19,mc.rpart_SMOTETPhi,rpart,SMOTETPhi,15,0.03052472872803785
DS19,mc.rpart_SMOTETPhi,rpart,SMOTETPhi,16,0.039079210944386863
DS19,mc.rpart_SMOTETPhi,rpart,SMOTETPhi,17,0.03263688533915793
DS19,mc.rpart_SMOTETPhi,rpart,SMOTETPhi,18,0.031641863921113414
DS19,mc.rpart_SMOTETPhi,rpart,SMOTETPhi,19,0.03204273749736002
DS19,mc.rpart_SMOTETPhi,rpart,SMOTETPhi,20,0.0038613541133449103
DS19,mc.rpart_SMOTETPhi,rpart,SMOTETPhi,21,0.0046298728972905025
DS19,mc.rpart_SMOTETPhi,rpart,SMOTETPhi,22,0.00520514311259355
DS19,mc.rpart_SMOTETPhi,rpart,SMOTETPhi,23,0.004103840856372697
DS19,mc.rpart_SMOTETPhi,rpart,SMOTETPhi,24,0.004867280282401183
DS19,mc.rpart_SMOTETPhi,rpart,SMOTETPhi,25,0.0226326250946672
DS19,mc.rpart_SMOTETPhi,rpart,SMOTETPhi,26,0.018888359925825438
DS19,mc.rpart_SMOTETPhi,rpart,SMOTETPhi,27,0.020432954906434066
DS19,mc.rpart_SMOTETPhi,rpart,SMOTETPhi,28,0.02133877274125128
DS19,mc.rpart_SMOTETPhi,rpart,SMOTETPhi,29,0.02138642067452771
DS19,mc.rpart_SMOTETPhi,rpart,SMOTETPhi,30,0.02109491449594445
DS19,mc.rpart_SMOTETPhi,rpart,SMOTETPhi,31,0.01327706825126599
DS19,mc.rpart_SMOTETPhi,rpart,SMOTETPhi,32,0.017762345653273056
DS19,mc.rpart_SMOTETPhi,rpart,SMOTETPhi,33,0.023474441443254203
DS19,mc.rpart_SMOTETPhi,rpart,SMOTETPhi,34,0.016392725475605767
DS19,mc.rpart_SMOTETPhi,rpart,SMOTETPhi,35,0.014751104824339733
DS19,mc.rpart_SMOTETPhi,rpart,SMOTETPhi,36,0.016216290394882857
DS19,mc.rpart_SMOTETPhi,rpart,SMOTETPhi,37,0.016439191584172407
DS19,mc.rpart_SMOTETPhi,rpart,SMOTETPhi,38,0.014822770441888745
DS19,mc.rpart_SMOTETPhi,rpart,SMOTETPhi,39,0.019280705371705526
DS19,mc.rpart_SMOTETPhi,rpart,SMOTETPhi,40,0.02157967275518216
DS19,mc.rpart_SMOTETPhi,rpart,SMOTETPhi,41,0.017840449942690358
DS19,mc.rpart_SMOTETPhi,rpart,SMOTETPhi,42,0.012867255092629011
DS19,mc.rpart_SMOTETPhi,rpart,SMOTETPhi,43,0.01361359108130544
DS19,mc.rpart_SMOTETPhi,rpart,SMOTETPhi,44,0.010109241416564748
DS19,mc.rpart_SMOTETPhi,rpart,SMOTETPhi,45,0.010990529099002194
DS19,mc.rpart_SMOTETPhi,rpart,SMOTETPhi,46,0.012719039677371691
DS19,mc.rpart_SMOTETPhi,rpart,SMOTETPhi,47,0.016562920839805276
DS19,mc.rpart_SMOTETPhi,rpart,SMOTETPhi,48,0.007046203868647056
DS19,mc.rpart_SMOTETPhi,rpart,SMOTETPhi,49,0.011959395391104837
DS19,mc.rpart_SMOTETPhi,rpart,SMOTETPhi,50,0.014960596636295382
DS19,mc.rpart_SMOTET,rpart,SMOTET,1,0.033781169106228935
DS19,mc.rpart_SMOTET,rpart,SMOTET,2,0.034541621097951024
DS19,mc.rpart_SMOTET,rpart,SMOTET,3,0.040497467099573664
DS19,mc.rpart_SMOTET,rpart,SMOTET,4,0.029946618890907196
DS19,mc.rpart_SMOTET,rpart,SMOTET,5,0.024312997608376807
DS19,mc.rpart_SMOTET,rpart,SMOTET,6,0.026712185913962516
DS19,mc.rpart_SMOTET,rpart,SMOTET,7,0.0365871596665078
DS19,mc.rpart_SMOTET,rpart,SMOTET,8,0.029236524311434288
DS19,mc.rpart_SMOTET,rpart,SMOTET,9,0.03296574396257307
DS19,mc.rpart_SMOTET,rpart,SMOTET,10,0.028051969101720343
DS19,mc.rpart_SMOTET,rpart,SMOTET,11,0.03032288879760184
DS19,mc.rpart_SMOTET,rpart,SMOTET,12,0.03751558154015407
DS19,mc.rpart_SMOTET,rpart,SMOTET,13,0.03258558670546344
DS19,mc.rpart_SMOTET,rpart,SMOTET,14,0.033028361421495844
DS19,mc.rpart_SMOTET,rpart,SMOTET,15,0.030309911013174692
DS19,mc.rpart_SMOTET,rpart,SMOTET,16,0.02995421757462474
DS19,mc.rpart_SMOTET,rpart,SMOTET,17,0.03625429084755136
DS19,mc.rpart_SMOTET,rpart,SMOTET,18,0.03603030668169873
DS19,mc.rpart_SMOTET,rpart,SMOTET,19,0.03550057437334554
DS19,mc.rpart_SMOTET,rpart,SMOTET,20,0.012681552596753565
DS19,mc.rpart_SMOTET,rpart,SMOTET,21,0.009043562789054337
DS19,mc.rpart_SMOTET,rpart,SMOTET,22,0.009876690756484771
DS19,mc.rpart_SMOTET,rpart,SMOTET,23,0.010980984947429145
DS19,mc.rpart_SMOTET,rpart,SMOTET,24,0.009440253392254553
DS19,mc.rpart_SMOTET,rpart,SMOTET,25,0.022141807782492934
DS19,mc.rpart_SMOTET,rpart,SMOTET,26,0.016962181321253253
DS19,mc.rpart_SMOTET,rpart,SMOTET,27,0.017852186156270083
DS19,mc.rpart_SMOTET,rpart,SMOTET,28,0.01717775521635128
DS19,mc.rpart_SMOTET,rpart,SMOTET,29,0.014234949795189295
DS19,mc.rpart_SMOTET,rpart,SMOTET,30,0.018386196508276158
DS19,mc.rpart_SMOTET,rpart,SMOTET,31,0.018368915251004883
DS19,mc.rpart_SMOTET,rpart,SMOTET,32,0.015685825006700273
DS19,mc.rpart_SMOTET,rpart,SMOTET,33,0.016611440582953507
DS19,mc.rpart_SMOTET,rpart,SMOTET,34,0.016004746615774883
DS19,mc.rpart_SMOTET,rpart,SMOTET,35,0.018275287183313886
DS19,mc.rpart_SMOTET,rpart,SMOTET,36,0.01464008501576216
DS19,mc.rpart_SMOTET,rpart,SMOTET,37,0.010914244344361368
DS19,mc.rpart_SMOTET,rpart,SMOTET,38,0.017258252253349163
DS19,mc.rpart_SMOTET,rpart,SMOTET,39,0.015161577657136197
DS19,mc.rpart_SMOTET,rpart,SMOTET,40,0.016593469355857874
DS19,mc.rpart_SMOTET,rpart,SMOTET,41,0.015237586372232988
DS19,mc.rpart_SMOTET,rpart,SMOTET,42,0.011974184278852674
DS19,mc.rpart_SMOTET,rpart,SMOTET,43,0.012366273148546141
DS19,mc.rpart_SMOTET,rpart,SMOTET,44,0.007694163811619258
DS19,mc.rpart_SMOTET,rpart,SMOTET,45,0.009262824896408398
DS19,mc.rpart_SMOTET,rpart,SMOTET,46,0.006667797086227728
DS19,mc.rpart_SMOTET,rpart,SMOTET,47,0.010732767910090372
DS19,mc.rpart_SMOTET,rpart,SMOTET,48,0.007988195140215149
DS19,mc.rpart_SMOTET,rpart,SMOTET,49,0.009034751426844043
DS19,mc.rpart_SMOTET,rpart,SMOTET,50,0.007866854677762275
DS19,mc.rpart_UNDERB,rpart,UNDERB,1,0.034738926992554514
DS19,mc.rpart_UNDERB,rpart,UNDERB,2,0.03046727686452578
DS19,mc.rpart_UNDERB,rpart,UNDERB,3,0.03461613125153617
DS19,mc.rpart_UNDERB,rpart,UNDERB,4,0.03324100216161756
DS19,mc.rpart_UNDERB,rpart,UNDERB,5,0.039118351829903815
DS19,mc.rpart_UNDERB,rpart,UNDERB,6,0.02401801319677531
DS19,mc.rpart_UNDERB,rpart,UNDERB,7,0.026194401911961294
DS19,mc.rpart_UNDERB,rpart,UNDERB,8,0.0422142539407176
DS19,mc.rpart_UNDERB,rpart,UNDERB,9,0.03505419615098403
DS19,mc.rpart_UNDERB,rpart,UNDERB,10,0.04328342240334654
DS19,mc.rpart_UNDERB,rpart,UNDERB,11,0.026915507053965684
DS19,mc.rpart_UNDERB,rpart,UNDERB,12,0.024767746202587322
DS19,mc.rpart_UNDERB,rpart,UNDERB,13,0.025448627529762295
DS19,mc.rpart_UNDERB,rpart,UNDERB,14,0.028227881278792097
DS19,mc.rpart_UNDERB,rpart,UNDERB,15,0.02797541729335294
DS19,mc.rpart_UNDERB,rpart,UNDERB,16,0.03999326796511792
DS19,mc.rpart_UNDERB,rpart,UNDERB,17,0.023692907659784112
DS19,mc.rpart_UNDERB,rpart,UNDERB,18,0.03272811769586738
DS19,mc.rpart_UNDERB,rpart,UNDERB,19,0.02263654611600815
DS19,mc.rpart_UNDERB,rpart,UNDERB,20,0.006639879398757366
DS19,mc.rpart_UNDERB,rpart,UNDERB,21,0.0066032169651105725
DS19,mc.rpart_UNDERB,rpart,UNDERB,22,0.007197239024045702
DS19,mc.rpart_UNDERB,rpart,UNDERB,23,0.0038279241221067326
DS19,mc.rpart_UNDERB,rpart,UNDERB,24,0.003219827140029135
DS19,mc.rpart_UNDERB,rpart,UNDERB,25,0.017326417873614733
DS19,mc.rpart_UNDERB,rpart,UNDERB,26,0.021648280872902544
DS19,mc.rpart_UNDERB,rpart,UNDERB,27,0.017921365226590887
DS19,mc.rpart_UNDERB,rpart,UNDERB,28,0.0172023464080157
DS19,mc.rpart_UNDERB,rpart,UNDERB,29,0.01869480638086126
DS19,mc.rpart_UNDERB,rpart,UNDERB,30,0.014480111018831053
DS19,mc.rpart_UNDERB,rpart,UNDERB,31,0.016244217900814432
DS19,mc.rpart_UNDERB,rpart,UNDERB,32,0.013691324562323371
DS19,mc.rpart_UNDERB,rpart,UNDERB,33,0.017548456486740235
DS19,mc.rpart_UNDERB,rpart,UNDERB,34,0.01729140651697114
DS19,mc.rpart_UNDERB,rpart,UNDERB,35,0.016119303038849595
DS19,mc.rpart_UNDERB,rpart,UNDERB,36,0.01521268504423277
DS19,mc.rpart_UNDERB,rpart,UNDERB,37,0.01838676551414954
DS19,mc.rpart_UNDERB,rpart,UNDERB,38,0.020818484844266294
DS19,mc.rpart_UNDERB,rpart,UNDERB,39,0.01749417493818629
DS19,mc.rpart_UNDERB,rpart,UNDERB,40,0.01680292968309891
DS19,mc.rpart_UNDERB,rpart,UNDERB,41,0.01988972776042662
DS19,mc.rpart_UNDERB,rpart,UNDERB,42,0.010818431398175796
DS19,mc.rpart_UNDERB,rpart,UNDERB,43,0.009134155225322366
DS19,mc.rpart_UNDERB,rpart,UNDERB,44,0.011200689195306575
DS19,mc.rpart_UNDERB,rpart,UNDERB,45,0.009224899452787415
DS19,mc.rpart_UNDERB,rpart,UNDERB,46,0.007024646982870161
DS19,mc.rpart_UNDERB,rpart,UNDERB,47,0.00966494806984991
DS19,mc.rpart_UNDERB,rpart,UNDERB,48,0.009010493712679351
DS19,mc.rpart_UNDERB,rpart,UNDERB,49,0.008622175766812918
DS19,mc.rpart_UNDERB,rpart,UNDERB,50,0.006882925349187663
DS19,mc.rpart_UNDERTPhi,rpart,UNDERTPhi,1,0.03346457017755721
DS19,mc.rpart_UNDERTPhi,rpart,UNDERTPhi,2,0.033033340219295
DS19,mc.rpart_UNDERTPhi,rpart,UNDERTPhi,3,0.03217709398118608
DS19,mc.rpart_UNDERTPhi,rpart,UNDERTPhi,4,0.032184670744416215
DS19,mc.rpart_UNDERTPhi,rpart,UNDERTPhi,5,0.03349657598288644
DS19,mc.rpart_UNDERTPhi,rpart,UNDERTPhi,6,0.03276213294317628
DS19,mc.rpart_UNDERTPhi,rpart,UNDERTPhi,7,0.02961165862352265
DS19,mc.rpart_UNDERTPhi,rpart,UNDERTPhi,8,0.03408112444553704
DS19,mc.rpart_UNDERTPhi,rpart,UNDERTPhi,9,0.03507432667456556
DS19,mc.rpart_UNDERTPhi,rpart,UNDERTPhi,10,0.023936261325128022
DS19,mc.rpart_UNDERTPhi,rpart,UNDERTPhi,11,0.03755306787672
DS19,mc.rpart_UNDERTPhi,rpart,UNDERTPhi,12,0.030713427973562482
DS19,mc.rpart_UNDERTPhi,rpart,UNDERTPhi,13,0.02723836822787714
DS19,mc.rpart_UNDERTPhi,rpart,UNDERTPhi,14,0.02793812141014325
DS19,mc.rpart_UNDERTPhi,rpart,UNDERTPhi,15,0.027759554849799105
DS19,mc.rpart_UNDERTPhi,rpart,UNDERTPhi,16,0.028441566222048076
DS19,mc.rpart_UNDERTPhi,rpart,UNDERTPhi,17,0.024748583461550996
DS19,mc.rpart_UNDERTPhi,rpart,UNDERTPhi,18,0.03797026406746329
DS19,mc.rpart_UNDERTPhi,rpart,UNDERTPhi,19,0.02912047185869395
DS19,mc.rpart_UNDERTPhi,rpart,UNDERTPhi,20,0.003078391906967968
DS19,mc.rpart_UNDERTPhi,rpart,UNDERTPhi,21,0.0037009220649814184
DS19,mc.rpart_UNDERTPhi,rpart,UNDERTPhi,22,0.0031528486006127242
DS19,mc.rpart_UNDERTPhi,rpart,UNDERTPhi,23,0.0024498343057306215
DS19,mc.rpart_UNDERTPhi,rpart,UNDERTPhi,24,0.002841755254900691
DS19,mc.rpart_UNDERTPhi,rpart,UNDERTPhi,25,0.02627577282685631
DS19,mc.rpart_UNDERTPhi,rpart,UNDERTPhi,26,0.019765610645408268
DS19,mc.rpart_UNDERTPhi,rpart,UNDERTPhi,27,0.016064595566353233
DS19,mc.rpart_UNDERTPhi,rpart,UNDERTPhi,28,0.01650172549989203
DS19,mc.rpart_UNDERTPhi,rpart,UNDERTPhi,29,0.023643749636161518
DS19,mc.rpart_UNDERTPhi,rpart,UNDERTPhi,30,0.013445660989364403
DS19,mc.rpart_UNDERTPhi,rpart,UNDERTPhi,31,0.013715803288286837
DS19,mc.rpart_UNDERTPhi,rpart,UNDERTPhi,32,0.020271188658740724
DS19,mc.rpart_UNDERTPhi,rpart,UNDERTPhi,33,0.014080265156125055
DS19,mc.rpart_UNDERTPhi,rpart,UNDERTPhi,34,0.01636870626293553
DS19,mc.rpart_UNDERTPhi,rpart,UNDERTPhi,35,0.016723699545748844
DS19,mc.rpart_UNDERTPhi,rpart,UNDERTPhi,36,0.013081572597851273
DS19,mc.rpart_UNDERTPhi,rpart,UNDERTPhi,37,0.012921259082341107
DS19,mc.rpart_UNDERTPhi,rpart,UNDERTPhi,38,0.01786255034172262
DS19,mc.rpart_UNDERTPhi,rpart,UNDERTPhi,39,0.012504379730821037
DS19,mc.rpart_UNDERTPhi,rpart,UNDERTPhi,40,0.01797950939199329
DS19,mc.rpart_UNDERTPhi,rpart,UNDERTPhi,41,0.01760127194298451
DS19,mc.rpart_UNDERTPhi,rpart,UNDERTPhi,42,0.011268675228240235
DS19,mc.rpart_UNDERTPhi,rpart,UNDERTPhi,43,0.011664101310609182
DS19,mc.rpart_UNDERTPhi,rpart,UNDERTPhi,44,0.011312113813654979
DS19,mc.rpart_UNDERTPhi,rpart,UNDERTPhi,45,0.01121682231204018
DS19,mc.rpart_UNDERTPhi,rpart,UNDERTPhi,46,0.00977523808621513
DS19,mc.rpart_UNDERTPhi,rpart,UNDERTPhi,47,0.011677429117629373
DS19,mc.rpart_UNDERTPhi,rpart,UNDERTPhi,48,0.00744418425496606
DS19,mc.rpart_UNDERTPhi,rpart,UNDERTPhi,49,0.007823913525450785
DS19,mc.rpart_UNDERTPhi,rpart,UNDERTPhi,50,0.014244251011506937
DS19,mc.rpart_UNDERT,rpart,UNDERT,1,0.03730123131516118
DS19,mc.rpart_UNDERT,rpart,UNDERT,2,0.03150057485691143
DS19,mc.rpart_UNDERT,rpart,UNDERT,3,0.031079779148755038
DS19,mc.rpart_UNDERT,rpart,UNDERT,4,0.03295194869393172
DS19,mc.rpart_UNDERT,rpart,UNDERT,5,0.023270035877478643
DS19,mc.rpart_UNDERT,rpart,UNDERT,6,0.03567121582012124
DS19,mc.rpart_UNDERT,rpart,UNDERT,7,0.0319068142011863
DS19,mc.rpart_UNDERT,rpart,UNDERT,8,0.02468332522703627
DS19,mc.rpart_UNDERT,rpart,UNDERT,9,0.0341620686949379
DS19,mc.rpart_UNDERT,rpart,UNDERT,10,0.03620587778838033
DS19,mc.rpart_UNDERT,rpart,UNDERT,11,0.031595726598024766
DS19,mc.rpart_UNDERT,rpart,UNDERT,12,0.032107071296152166
DS19,mc.rpart_UNDERT,rpart,UNDERT,13,0.027865032109213067
DS19,mc.rpart_UNDERT,rpart,UNDERT,14,0.031047467628183514
DS19,mc.rpart_UNDERT,rpart,UNDERT,15,0.03136979060345182
DS19,mc.rpart_UNDERT,rpart,UNDERT,16,0.03623713979225685
DS19,mc.rpart_UNDERT,rpart,UNDERT,17,0.02927070408356752
DS19,mc.rpart_UNDERT,rpart,UNDERT,18,0.031585837420379716
DS19,mc.rpart_UNDERT,rpart,UNDERT,19,0.03509074537917027
DS19,mc.rpart_UNDERT,rpart,UNDERT,20,0.007767425418503279
DS19,mc.rpart_UNDERT,rpart,UNDERT,21,0.007900500442819487
DS19,mc.rpart_UNDERT,rpart,UNDERT,22,0.004338455590008911
DS19,mc.rpart_UNDERT,rpart,UNDERT,23,0.003169394415218278
DS19,mc.rpart_UNDERT,rpart,UNDERT,24,0.005069537587564237
DS19,mc.rpart_UNDERT,rpart,UNDERT,25,0.02542425266451491
DS19,mc.rpart_UNDERT,rpart,UNDERT,26,0.02196735254237006
DS19,mc.rpart_UNDERT,rpart,UNDERT,27,0.018361807014280456
DS19,mc.rpart_UNDERT,rpart,UNDERT,28,0.013461573700537792
DS19,mc.rpart_UNDERT,rpart,UNDERT,29,0.018424690290540745
DS19,mc.rpart_UNDERT,rpart,UNDERT,30,0.01705771781692636
DS19,mc.rpart_UNDERT,rpart,UNDERT,31,0.01601541193274336
DS19,mc.rpart_UNDERT,rpart,UNDERT,32,0.01283534923418462
DS19,mc.rpart_UNDERT,rpart,UNDERT,33,0.019105297534934243
DS19,mc.rpart_UNDERT,rpart,UNDERT,34,0.013245883708926435
DS19,mc.rpart_UNDERT,rpart,UNDERT,35,0.016572475229534485
DS19,mc.rpart_UNDERT,rpart,UNDERT,36,0.01707617184300808
DS19,mc.rpart_UNDERT,rpart,UNDERT,37,0.012319031082837703
DS19,mc.rpart_UNDERT,rpart,UNDERT,38,0.014336753402319552
DS19,mc.rpart_UNDERT,rpart,UNDERT,39,0.018002720909739554
DS19,mc.rpart_UNDERT,rpart,UNDERT,40,0.01890787550152527
DS19,mc.rpart_UNDERT,rpart,UNDERT,41,0.015916708426582445
DS19,mc.rpart_UNDERT,rpart,UNDERT,42,0.0076411552222896036
DS19,mc.rpart_UNDERT,rpart,UNDERT,43,0.01289374136115706
DS19,mc.rpart_UNDERT,rpart,UNDERT,44,0.007996137856804562
DS19,mc.rpart_UNDERT,rpart,UNDERT,45,0.008301247437353255
DS19,mc.rpart_UNDERT,rpart,UNDERT,46,0.010945510068632988
DS19,mc.rpart_UNDERT,rpart,UNDERT,47,0.008831680487023364
DS19,mc.rpart_UNDERT,rpart,UNDERT,48,0.006609378324926204
DS19,mc.rpart_UNDERT,rpart,UNDERT,49,0.009970702846374106
DS19,mc.rpart_UNDERT,rpart,UNDERT,50,0.008633182743023687
DS19,mc.rpart,rpart,baseline,1,0.016028663622118567
DS19,mc.rpart,rpart,baseline,2,0.01659720840982391
DS19,mc.rpart,rpart,baseline,3,0.016546691767111342
DS19,mc.rpart,rpart,baseline,4,0.01619564955922438
DS19,mc.rpart,rpart,baseline,5,0.02584725935526162
DS19,mc.rpart,rpart,baseline,6,0.014456691628863627
DS19,mc.rpart,rpart,baseline,7,0.01830020725474581
DS19,mc.rpart,rpart,baseline,8,0.021058669670704487
DS19,mc.rpart,rpart,baseline,9,0.019041542685732982
DS19,mc.rpart,rpart,baseline,10,0.024858245992742695
DS19,mc.rpart,rpart,baseline,11,0.028904645470695125
DS19,mc.rpart,rpart,baseline,12,0.029044117615485296
DS19,mc.rpart,rpart,baseline,13,0.029125181254519534
DS19,mc.rpart,rpart,baseline,14,0.024552087373432452
DS19,mc.rpart,rpart,baseline,15,0.025189246941834772
DS19,mc.rpart,rpart,baseline,16,0.02919374037797917
DS19,mc.rpart,rpart,baseline,17,0.020753314950762245
DS19,mc.rpart,rpart,baseline,18,0.021000546075884134
DS19,mc.rpart,rpart,baseline,19,0.026665595150727958
DS19,mc.rpart,rpart,baseline,20,0.015058605551485587
DS19,mc.rpart,rpart,baseline,21,0.012019209339584211
DS19,mc.rpart,rpart,baseline,22,0.01030596787037372
DS19,mc.rpart,rpart,baseline,23,0.008574395618058176
DS19,mc.rpart,rpart,baseline,24,0.007931525280818552
DS19,mc.rpart,rpart,baseline,25,0.013463028479007436
DS19,mc.rpart,rpart,baseline,26,0.014977718778220296
DS19,mc.rpart,rpart,baseline,27,0.014965249607148828
DS19,mc.rpart,rpart,baseline,28,0.013459873308534247
DS19,mc.rpart,rpart,baseline,29,0.015015675890856981
DS19,mc.rpart,rpart,baseline,30,0.011489133413080157
DS19,mc.rpart,rpart,baseline,31,0.012782735575896872
DS19,mc.rpart,rpart,baseline,32,0.011959608491217057
DS19,mc.rpart,rpart,baseline,33,0.00996789691899719
DS19,mc.rpart,rpart,baseline,34,0.010673169014281336
DS19,mc.rpart,rpart,baseline,35,0.008940062733825213
DS19,mc.rpart,rpart,baseline,36,0.010589430938422541
DS19,mc.rpart,rpart,baseline,37,0.009289922792387093
DS19,mc.rpart,rpart,baseline,38,0.010311213701673098
DS19,mc.rpart,rpart,baseline,39,0.009849787395643867
DS19,mc.rpart,rpart,baseline,40,0.008735554103897501
DS19,mc.rpart,rpart,baseline,41,0.011077978648485544
DS19,mc.rpart,rpart,baseline,42,0.006047456628239852
DS19,mc.rpart,rpart,baseline,43,0.005663878088768585
DS19,mc.rpart,rpart,baseline,44,0.00391220840017386
DS19,mc.rpart,rpart,baseline,45,0.0051934636753333515
DS19,mc.rpart,rpart,baseline,46,0.004994877368117762
DS19,mc.rpart,rpart,baseline,47,0.005016211439629093
DS19,mc.rpart,rpart,baseline,48,0.005941057428800512
DS19,mc.rpart,rpart,baseline,49,0.0061286092588254786
DS19,mc.rpart,rpart,baseline,50,0.006170629744573513
DS19,mc.svm_OVERB,svm,OVERB,1,0.022090730985611387
DS19,mc.svm_OVERB,svm,OVERB,2,0.021387097908843695
DS19,mc.svm_OVERB,svm,OVERB,3,0.020714753186969113
DS19,mc.svm_OVERB,svm,OVERB,4,0.019728923759520806
DS19,mc.svm_OVERB,svm,OVERB,5,0.022438939684675866
DS19,mc.svm_OVERB,svm,OVERB,6,0.024799976992726815
DS19,mc.svm_OVERB,svm,OVERB,7,0.0230883600158147
DS19,mc.svm_OVERB,svm,OVERB,8,0.02592332120320744
DS19,mc.svm_OVERB,svm,OVERB,9,0.026395059792171317
DS19,mc.svm_OVERB,svm,OVERB,10,0.02698489361724424
DS19,mc.svm_OVERB,svm,OVERB,11,0.023016524408272836
DS19,mc.svm_OVERB,svm,OVERB,12,0.025382847583106445
DS19,mc.svm_OVERB,svm,OVERB,13,0.026234954078333376
DS19,mc.svm_OVERB,svm,OVERB,14,0.025198705785281297
DS19,mc.svm_OVERB,svm,OVERB,15,0.028061524695350698
DS19,mc.svm_OVERB,svm,OVERB,16,0.02688539192838887
DS19,mc.svm_OVERB,svm,OVERB,17,0.02706636274189251
DS19,mc.svm_OVERB,svm,OVERB,18,0.028923771374908855
DS19,mc.svm_OVERB,svm,OVERB,19,0.025874755612214584
DS19,mc.svm_OVERB,svm,OVERB,20,0.004342430666188969
DS19,mc.svm_OVERB,svm,OVERB,21,0.005312999378724282
DS19,mc.svm_OVERB,svm,OVERB,22,0.0050995190840980005
DS19,mc.svm_OVERB,svm,OVERB,23,0.004356567059807279
DS19,mc.svm_OVERB,svm,OVERB,24,0.003834312215421448
DS19,mc.svm_OVERB,svm,OVERB,25,0.025605900695610962
DS19,mc.svm_OVERB,svm,OVERB,26,0.02266966960324248
DS19,mc.svm_OVERB,svm,OVERB,27,0.014993288559387363
DS19,mc.svm_OVERB,svm,OVERB,28,0.01269614815480356
DS19,mc.svm_OVERB,svm,OVERB,29,0.012837571821186153
DS19,mc.svm_OVERB,svm,OVERB,30,0.009567739052607774
DS19,mc.svm_OVERB,svm,OVERB,31,0.010676657083193545
DS19,mc.svm_OVERB,svm,OVERB,32,0.010470126117904245
DS19,mc.svm_OVERB,svm,OVERB,33,0.010425342080857766
DS19,mc.svm_OVERB,svm,OVERB,34,0.009621660929161148
DS19,mc.svm_OVERB,svm,OVERB,35,0.009266389234542552
DS19,mc.svm_OVERB,svm,OVERB,36,0.00918003113027454
DS19,mc.svm_OVERB,svm,OVERB,37,0.009216472564868246
DS19,mc.svm_OVERB,svm,OVERB,38,0.009336821309154045
DS19,mc.svm_OVERB,svm,OVERB,39,0.009134960882147936
DS19,mc.svm_OVERB,svm,OVERB,40,0.008929815293964683
DS19,mc.svm_OVERB,svm,OVERB,41,0.009175932346103508
DS19,mc.svm_OVERB,svm,OVERB,42,0.006519696901735908
DS19,mc.svm_OVERB,svm,OVERB,43,0.006531900819683627
DS19,mc.svm_OVERB,svm,OVERB,44,0.006093399535300635
DS19,mc.svm_OVERB,svm,OVERB,45,0.006145053709605443
DS19,mc.svm_OVERB,svm,OVERB,46,0.007067393823385017
DS19,mc.svm_OVERB,svm,OVERB,47,0.006513490777097128
DS19,mc.svm_OVERB,svm,OVERB,48,0.006387071481346946
DS19,mc.svm_OVERB,svm,OVERB,49,0.00633211697190241
DS19,mc.svm_OVERB,svm,OVERB,50,0.006470197406586316
DS19,mc.svm_OVERTPhi,svm,OVERTPhi,1,0.02377851729776913
DS19,mc.svm_OVERTPhi,svm,OVERTPhi,2,0.02278587323677545
DS19,mc.svm_OVERTPhi,svm,OVERTPhi,3,0.023828957543132686
DS19,mc.svm_OVERTPhi,svm,OVERTPhi,4,0.023317223770580032
DS19,mc.svm_OVERTPhi,svm,OVERTPhi,5,0.023956264151227775
DS19,mc.svm_OVERTPhi,svm,OVERTPhi,6,0.022012174101150816
DS19,mc.svm_OVERTPhi,svm,OVERTPhi,7,0.019966382511361458
DS19,mc.svm_OVERTPhi,svm,OVERTPhi,8,0.024919092805684655
DS19,mc.svm_OVERTPhi,svm,OVERTPhi,9,0.021698392450732736
DS19,mc.svm_OVERTPhi,svm,OVERTPhi,10,0.023784604367200424
DS19,mc.svm_OVERTPhi,svm,OVERTPhi,11,0.025839395125362187
DS19,mc.svm_OVERTPhi,svm,OVERTPhi,12,0.024252880731113344
DS19,mc.svm_OVERTPhi,svm,OVERTPhi,13,0.026010425776372602
DS19,mc.svm_OVERTPhi,svm,OVERTPhi,14,0.025406493866220792
DS19,mc.svm_OVERTPhi,svm,OVERTPhi,15,0.02598570614940439
DS19,mc.svm_OVERTPhi,svm,OVERTPhi,16,0.028433788196775445
DS19,mc.svm_OVERTPhi,svm,OVERTPhi,17,0.028365855209529056
DS19,mc.svm_OVERTPhi,svm,OVERTPhi,18,0.02555662192413085
DS19,mc.svm_OVERTPhi,svm,OVERTPhi,19,0.029549148679534797
DS19,mc.svm_OVERTPhi,svm,OVERTPhi,20,0.00470869905356501
DS19,mc.svm_OVERTPhi,svm,OVERTPhi,21,0.004498390569811831
DS19,mc.svm_OVERTPhi,svm,OVERTPhi,22,0.006340164725322811
DS19,mc.svm_OVERTPhi,svm,OVERTPhi,23,0.0059587343713280476
DS19,mc.svm_OVERTPhi,svm,OVERTPhi,24,0.0060284530521422216
DS19,mc.svm_OVERTPhi,svm,OVERTPhi,25,0.025054025585021397
DS19,mc.svm_OVERTPhi,svm,OVERTPhi,26,0.0251737108200505
DS19,mc.svm_OVERTPhi,svm,OVERTPhi,27,0.012481284100581766
DS19,mc.svm_OVERTPhi,svm,OVERTPhi,28,0.014227112712102388
DS19,mc.svm_OVERTPhi,svm,OVERTPhi,29,0.012257707623848476
DS19,mc.svm_OVERTPhi,svm,OVERTPhi,30,0.010059935073999226
DS19,mc.svm_OVERTPhi,svm,OVERTPhi,31,0.010388535387840056
DS19,mc.svm_OVERTPhi,svm,OVERTPhi,32,0.009634626701246037
DS19,mc.svm_OVERTPhi,svm,OVERTPhi,33,0.009597571599328619
DS19,mc.svm_OVERTPhi,svm,OVERTPhi,34,0.01007358451861723
DS19,mc.svm_OVERTPhi,svm,OVERTPhi,35,0.009150347913267107
DS19,mc.svm_OVERTPhi,svm,OVERTPhi,36,0.009297895356867801
DS19,mc.svm_OVERTPhi,svm,OVERTPhi,37,0.0091446170231475
DS19,mc.svm_OVERTPhi,svm,OVERTPhi,38,0.00906711137157987
DS19,mc.svm_OVERTPhi,svm,OVERTPhi,39,0.008834997976508014
DS19,mc.svm_OVERTPhi,svm,OVERTPhi,40,0.00834917625024073
DS19,mc.svm_OVERTPhi,svm,OVERTPhi,41,0.0090320927972866
DS19,mc.svm_OVERTPhi,svm,OVERTPhi,42,0.006492777469570764
DS19,mc.svm_OVERTPhi,svm,OVERTPhi,43,0.006855403103947626
DS19,mc.svm_OVERTPhi,svm,OVERTPhi,44,0.006963262388980762
DS19,mc.svm_OVERTPhi,svm,OVERTPhi,45,0.006086403158745235
DS19,mc.svm_OVERTPhi,svm,OVERTPhi,46,0.006120547751975607
DS19,mc.svm_OVERTPhi,svm,OVERTPhi,47,0.00600518711764363
DS19,mc.svm_OVERTPhi,svm,OVERTPhi,48,0.00620722007607497
DS19,mc.svm_OVERTPhi,svm,OVERTPhi,49,0.006192546110471219
DS19,mc.svm_OVERTPhi,svm,OVERTPhi,50,0.006496117350224208
DS19,mc.svm_OVERT,svm,OVERT,1,0.023930447059206352
DS19,mc.svm_OVERT,svm,OVERT,2,0.02287609501843015
DS19,mc.svm_OVERT,svm,OVERT,3,0.023547153765448626
DS19,mc.svm_OVERT,svm,OVERT,4,0.023455464283479627
DS19,mc.svm_OVERT,svm,OVERT,5,0.023986418807616584
DS19,mc.svm_OVERT,svm,OVERT,6,0.02211884345092407
DS19,mc.svm_OVERT,svm,OVERT,7,0.020367434786954297
DS19,mc.svm_OVERT,svm,OVERT,8,0.024455359849892562
DS19,mc.svm_OVERT,svm,OVERT,9,0.021213302405134433
DS19,mc.svm_OVERT,svm,OVERT,10,0.024053170772865805
DS19,mc.svm_OVERT,svm,OVERT,11,0.025753693443632163
DS19,mc.svm_OVERT,svm,OVERT,12,0.024347154810841626
DS19,mc.svm_OVERT,svm,OVERT,13,0.026055077617536695
DS19,mc.svm_OVERT,svm,OVERT,14,0.024801480491383674
DS19,mc.svm_OVERT,svm,OVERT,15,0.025623193328656344
DS19,mc.svm_OVERT,svm,OVERT,16,0.02805513046974179
DS19,mc.svm_OVERT,svm,OVERT,17,0.028564505077352226
DS19,mc.svm_OVERT,svm,OVERT,18,0.0261815611964073
DS19,mc.svm_OVERT,svm,OVERT,19,0.029440436119116994
DS19,mc.svm_OVERT,svm,OVERT,20,0.005199936025257873
DS19,mc.svm_OVERT,svm,OVERT,21,0.004526633660862665
DS19,mc.svm_OVERT,svm,OVERT,22,0.006179321362164746
DS19,mc.svm_OVERT,svm,OVERT,23,0.005915575952801541
DS19,mc.svm_OVERT,svm,OVERT,24,0.0060002659471686095
DS19,mc.svm_OVERT,svm,OVERT,25,0.024044882521278527
DS19,mc.svm_OVERT,svm,OVERT,26,0.025654434525302694
DS19,mc.svm_OVERT,svm,OVERT,27,0.012680875075362147
DS19,mc.svm_OVERT,svm,OVERT,28,0.013726810737989214
DS19,mc.svm_OVERT,svm,OVERT,29,0.012243071886389335
DS19,mc.svm_OVERT,svm,OVERT,30,0.010030480303111981
DS19,mc.svm_OVERT,svm,OVERT,31,0.010432298215095661
DS19,mc.svm_OVERT,svm,OVERT,32,0.00951203705995933
DS19,mc.svm_OVERT,svm,OVERT,33,0.009842842624407225
DS19,mc.svm_OVERT,svm,OVERT,34,0.010255497593639225
DS19,mc.svm_OVERT,svm,OVERT,35,0.009341484805513537
DS19,mc.svm_OVERT,svm,OVERT,36,0.009560341611159675
DS19,mc.svm_OVERT,svm,OVERT,37,0.009114920261617449
DS19,mc.svm_OVERT,svm,OVERT,38,0.009099509474177283
DS19,mc.svm_OVERT,svm,OVERT,39,0.00902310286238883
DS19,mc.svm_OVERT,svm,OVERT,40,0.008660480255320124
DS19,mc.svm_OVERT,svm,OVERT,41,0.009172994336077808
DS19,mc.svm_OVERT,svm,OVERT,42,0.006692783639489027
DS19,mc.svm_OVERT,svm,OVERT,43,0.0068379572263345305
DS19,mc.svm_OVERT,svm,OVERT,44,0.0069441790181109355
DS19,mc.svm_OVERT,svm,OVERT,45,0.006063766350147172
DS19,mc.svm_OVERT,svm,OVERT,46,0.006274251444408246
DS19,mc.svm_OVERT,svm,OVERT,47,0.005975729025747239
DS19,mc.svm_OVERT,svm,OVERT,48,0.006230817249236032
DS19,mc.svm_OVERT,svm,OVERT,49,0.006148431155723394
DS19,mc.svm_OVERT,svm,OVERT,50,0.006347220490623815
DS19,mc.svm_SMOTEB,svm,SMOTEB,1,0.030070140340285115
DS19,mc.svm_SMOTEB,svm,SMOTEB,2,0.03526615377052381
DS19,mc.svm_SMOTEB,svm,SMOTEB,3,0.03265974486399729
DS19,mc.svm_SMOTEB,svm,SMOTEB,4,0.033961271731200816
DS19,mc.svm_SMOTEB,svm,SMOTEB,5,0.03252869390686164
DS19,mc.svm_SMOTEB,svm,SMOTEB,6,0.029249649249325632
DS19,mc.svm_SMOTEB,svm,SMOTEB,7,0.026898135373988087
DS19,mc.svm_SMOTEB,svm,SMOTEB,8,0.0346542677788423
DS19,mc.svm_SMOTEB,svm,SMOTEB,9,0.041827568236817866
DS19,mc.svm_SMOTEB,svm,SMOTEB,10,0.03532612420629841
DS19,mc.svm_SMOTEB,svm,SMOTEB,11,0.033966704847184184
DS19,mc.svm_SMOTEB,svm,SMOTEB,12,0.025047516160683098
DS19,mc.svm_SMOTEB,svm,SMOTEB,13,0.029900787326793438
DS19,mc.svm_SMOTEB,svm,SMOTEB,14,0.03405695560625866
DS19,mc.svm_SMOTEB,svm,SMOTEB,15,0.033538235031097055
DS19,mc.svm_SMOTEB,svm,SMOTEB,16,0.033563943109357584
DS19,mc.svm_SMOTEB,svm,SMOTEB,17,0.03660719292565582
DS19,mc.svm_SMOTEB,svm,SMOTEB,18,0.03319936113038756
DS19,mc.svm_SMOTEB,svm,SMOTEB,19,0.031322056893232544
DS19,mc.svm_SMOTEB,svm,SMOTEB,20,0.010253183571862718
DS19,mc.svm_SMOTEB,svm,SMOTEB,21,0.007403601148103381
DS19,mc.svm_SMOTEB,svm,SMOTEB,22,0.004767203269967096
DS19,mc.svm_SMOTEB,svm,SMOTEB,23,0.0033475441133092062
DS19,mc.svm_SMOTEB,svm,SMOTEB,24,0.005585941782309695
DS19,mc.svm_SMOTEB,svm,SMOTEB,25,0.033214290680796406
DS19,mc.svm_SMOTEB,svm,SMOTEB,26,0.03597415916921708
DS19,mc.svm_SMOTEB,svm,SMOTEB,27,0.028114452008219867
DS19,mc.svm_SMOTEB,svm,SMOTEB,28,0.023705541153938317
DS19,mc.svm_SMOTEB,svm,SMOTEB,29,0.01864415873484286
DS19,mc.svm_SMOTEB,svm,SMOTEB,30,0.016384047989926535
DS19,mc.svm_SMOTEB,svm,SMOTEB,31,0.01514519000141151
DS19,mc.svm_SMOTEB,svm,SMOTEB,32,0.018080469806456407
DS19,mc.svm_SMOTEB,svm,SMOTEB,33,0.017104167768193165
DS19,mc.svm_SMOTEB,svm,SMOTEB,34,0.014408044571643856
DS19,mc.svm_SMOTEB,svm,SMOTEB,35,0.0155528010318862
DS19,mc.svm_SMOTEB,svm,SMOTEB,36,0.017123797196142553
DS19,mc.svm_SMOTEB,svm,SMOTEB,37,0.015673113384193815
DS19,mc.svm_SMOTEB,svm,SMOTEB,38,0.015355538908980235
DS19,mc.svm_SMOTEB,svm,SMOTEB,39,0.01528879328219641
DS19,mc.svm_SMOTEB,svm,SMOTEB,40,0.01596685232608095
DS19,mc.svm_SMOTEB,svm,SMOTEB,41,0.012282777844706093
DS19,mc.svm_SMOTEB,svm,SMOTEB,42,0.009038150327091914
DS19,mc.svm_SMOTEB,svm,SMOTEB,43,0.01128237630196856
DS19,mc.svm_SMOTEB,svm,SMOTEB,44,0.009674611794772196
DS19,mc.svm_SMOTEB,svm,SMOTEB,45,0.008714664808829074
DS19,mc.svm_SMOTEB,svm,SMOTEB,46,0.008124602882139339
DS19,mc.svm_SMOTEB,svm,SMOTEB,47,0.009817262869917756
DS19,mc.svm_SMOTEB,svm,SMOTEB,48,0.009812743414555828
DS19,mc.svm_SMOTEB,svm,SMOTEB,49,0.008532182757350504
DS19,mc.svm_SMOTEB,svm,SMOTEB,50,0.008775036363368651
DS19,mc.svm_SMOTETPhi,svm,SMOTETPhi,1,0.026748065404758686
DS19,mc.svm_SMOTETPhi,svm,SMOTETPhi,2,0.028724498697005937
DS19,mc.svm_SMOTETPhi,svm,SMOTETPhi,3,0.030035541440117896
DS19,mc.svm_SMOTETPhi,svm,SMOTETPhi,4,0.026083160354169153
DS19,mc.svm_SMOTETPhi,svm,SMOTETPhi,5,0.027161236331043666
DS19,mc.svm_SMOTETPhi,svm,SMOTETPhi,6,0.03156528421007213
DS19,mc.svm_SMOTETPhi,svm,SMOTETPhi,7,0.03205255240631642
DS19,mc.svm_SMOTETPhi,svm,SMOTETPhi,8,0.03909467787061454
DS19,mc.svm_SMOTETPhi,svm,SMOTETPhi,9,0.03519566561319033
DS19,mc.svm_SMOTETPhi,svm,SMOTETPhi,10,0.036578765740734
DS19,mc.svm_SMOTETPhi,svm,SMOTETPhi,11,0.02610302816170357
DS19,mc.svm_SMOTETPhi,svm,SMOTETPhi,12,0.02953465613373316
DS19,mc.svm_SMOTETPhi,svm,SMOTETPhi,13,0.028004449021889637
DS19,mc.svm_SMOTETPhi,svm,SMOTETPhi,14,0.035186456284331064
DS19,mc.svm_SMOTETPhi,svm,SMOTETPhi,15,0.02853198095706925
DS19,mc.svm_SMOTETPhi,svm,SMOTETPhi,16,0.034172419577914184
DS19,mc.svm_SMOTETPhi,svm,SMOTETPhi,17,0.029452645306049192
DS19,mc.svm_SMOTETPhi,svm,SMOTETPhi,18,0.026683519313498064
DS19,mc.svm_SMOTETPhi,svm,SMOTETPhi,19,0.030917309490949507
DS19,mc.svm_SMOTETPhi,svm,SMOTETPhi,20,0.005009626430820634
DS19,mc.svm_SMOTETPhi,svm,SMOTETPhi,21,0.006398527287375577
DS19,mc.svm_SMOTETPhi,svm,SMOTETPhi,22,0.003369446976811295
DS19,mc.svm_SMOTETPhi,svm,SMOTETPhi,23,0.00632644901456948
DS19,mc.svm_SMOTETPhi,svm,SMOTETPhi,24,0.0059574060543288255
DS19,mc.svm_SMOTETPhi,svm,SMOTETPhi,25,0.029619157173100968
DS19,mc.svm_SMOTETPhi,svm,SMOTETPhi,26,0.0285191906974502
DS19,mc.svm_SMOTETPhi,svm,SMOTETPhi,27,0.022186166654247778
DS19,mc.svm_SMOTETPhi,svm,SMOTETPhi,28,0.02246399435588585
DS19,mc.svm_SMOTETPhi,svm,SMOTETPhi,29,0.021664593847127583
DS19,mc.svm_SMOTETPhi,svm,SMOTETPhi,30,0.017660123451472467
DS19,mc.svm_SMOTETPhi,svm,SMOTETPhi,31,0.014137056932434769
DS19,mc.svm_SMOTETPhi,svm,SMOTETPhi,32,0.017712638382135173
DS19,mc.svm_SMOTETPhi,svm,SMOTETPhi,33,0.019491268766204654
DS19,mc.svm_SMOTETPhi,svm,SMOTETPhi,34,0.017361566160004158
DS19,mc.svm_SMOTETPhi,svm,SMOTETPhi,35,0.01777856823261839
DS19,mc.svm_SMOTETPhi,svm,SMOTETPhi,36,0.015016834080844175
DS19,mc.svm_SMOTETPhi,svm,SMOTETPhi,37,0.015446844109694725
DS19,mc.svm_SMOTETPhi,svm,SMOTETPhi,38,0.0164384859602387
DS19,mc.svm_SMOTETPhi,svm,SMOTETPhi,39,0.01589758426010061
DS19,mc.svm_SMOTETPhi,svm,SMOTETPhi,40,0.016150687570690443
DS19,mc.svm_SMOTETPhi,svm,SMOTETPhi,41,0.01587582561414272
DS19,mc.svm_SMOTETPhi,svm,SMOTETPhi,42,0.011390435029098868
DS19,mc.svm_SMOTETPhi,svm,SMOTETPhi,43,0.013207695807481608
DS19,mc.svm_SMOTETPhi,svm,SMOTETPhi,44,0.00927678952684535
DS19,mc.svm_SMOTETPhi,svm,SMOTETPhi,45,0.010286658781465821
DS19,mc.svm_SMOTETPhi,svm,SMOTETPhi,46,0.011161406742481925
DS19,mc.svm_SMOTETPhi,svm,SMOTETPhi,47,0.010612387783790238
DS19,mc.svm_SMOTETPhi,svm,SMOTETPhi,48,0.010499663835483725
DS19,mc.svm_SMOTETPhi,svm,SMOTETPhi,49,0.009274406685470266
DS19,mc.svm_SMOTETPhi,svm,SMOTETPhi,50,0.010434845739673812
DS19,mc.svm_SMOTET,svm,SMOTET,1,0.023385903466447228
DS19,mc.svm_SMOTET,svm,SMOTET,2,0.028608285155856155
DS19,mc.svm_SMOTET,svm,SMOTET,3,0.025381067508736192
DS19,mc.svm_SMOTET,svm,SMOTET,4,0.02743013948331004
DS19,mc.svm_SMOTET,svm,SMOTET,5,0.03260111450212003
DS19,mc.svm_SMOTET,svm,SMOTET,6,0.03000361762945109
DS19,mc.svm_SMOTET,svm,SMOTET,7,0.02682608575140137
DS19,mc.svm_SMOTET,svm,SMOTET,8,0.03495812306615091
DS19,mc.svm_SMOTET,svm,SMOTET,9,0.03565454766525873
DS19,mc.svm_SMOTET,svm,SMOTET,10,0.037029376534446615
DS19,mc.svm_SMOTET,svm,SMOTET,11,0.030346077711446685
DS19,mc.svm_SMOTET,svm,SMOTET,12,0.02888889266107962
DS19,mc.svm_SMOTET,svm,SMOTET,13,0.02742520556247976
DS19,mc.svm_SMOTET,svm,SMOTET,14,0.031407396933616175
DS19,mc.svm_SMOTET,svm,SMOTET,15,0.028604120864605155
DS19,mc.svm_SMOTET,svm,SMOTET,16,0.030511401154530014
DS19,mc.svm_SMOTET,svm,SMOTET,17,0.03192593237707779
DS19,mc.svm_SMOTET,svm,SMOTET,18,0.032151434296351436
DS19,mc.svm_SMOTET,svm,SMOTET,19,0.030615266951952796
DS19,mc.svm_SMOTET,svm,SMOTET,20,0.01392593453352536
DS19,mc.svm_SMOTET,svm,SMOTET,21,0.010967008362917025
DS19,mc.svm_SMOTET,svm,SMOTET,22,0.006221847580562824
DS19,mc.svm_SMOTET,svm,SMOTET,23,0.011767754823237992
DS19,mc.svm_SMOTET,svm,SMOTET,24,0.01042212041858476
DS19,mc.svm_SMOTET,svm,SMOTET,25,0.027531839373073096
DS19,mc.svm_SMOTET,svm,SMOTET,26,0.03348022949972306
DS19,mc.svm_SMOTET,svm,SMOTET,27,0.022761362888967324
DS19,mc.svm_SMOTET,svm,SMOTET,28,0.019822660938761397
DS19,mc.svm_SMOTET,svm,SMOTET,29,0.016617382766288685
DS19,mc.svm_SMOTET,svm,SMOTET,30,0.014904563218638554
DS19,mc.svm_SMOTET,svm,SMOTET,31,0.015727973777699147
DS19,mc.svm_SMOTET,svm,SMOTET,32,0.02065890376553005
DS19,mc.svm_SMOTET,svm,SMOTET,33,0.014910372955569386
DS19,mc.svm_SMOTET,svm,SMOTET,34,0.016767848862653784
DS19,mc.svm_SMOTET,svm,SMOTET,35,0.015928297890491994
DS19,mc.svm_SMOTET,svm,SMOTET,36,0.013508918235525892
DS19,mc.svm_SMOTET,svm,SMOTET,37,0.01798235305910955
DS19,mc.svm_SMOTET,svm,SMOTET,38,0.014418629036038619
DS19,mc.svm_SMOTET,svm,SMOTET,39,0.01635706030735182
DS19,mc.svm_SMOTET,svm,SMOTET,40,0.015727493537535386
DS19,mc.svm_SMOTET,svm,SMOTET,41,0.016138539960576195
DS19,mc.svm_SMOTET,svm,SMOTET,42,0.012481374566550591
DS19,mc.svm_SMOTET,svm,SMOTET,43,0.011860369742419413
DS19,mc.svm_SMOTET,svm,SMOTET,44,0.010110715285738453
DS19,mc.svm_SMOTET,svm,SMOTET,45,0.010297217953311563
DS19,mc.svm_SMOTET,svm,SMOTET,46,0.009270168847627292
DS19,mc.svm_SMOTET,svm,SMOTET,47,0.010994720718765987
DS19,mc.svm_SMOTET,svm,SMOTET,48,0.010315970916781263
DS19,mc.svm_SMOTET,svm,SMOTET,49,0.007902549549731477
DS19,mc.svm_SMOTET,svm,SMOTET,50,0.00895108250648894
DS19,mc.svm_UNDERB,svm,UNDERB,1,0.0297644773076511
DS19,mc.svm_UNDERB,svm,UNDERB,2,0.024429384672354365
DS19,mc.svm_UNDERB,svm,UNDERB,3,0.01925079719825858
DS19,mc.svm_UNDERB,svm,UNDERB,4,0.023019463504399797
DS19,mc.svm_UNDERB,svm,UNDERB,5,0.02859055554569486
DS19,mc.svm_UNDERB,svm,UNDERB,6,0.020681659238629288
DS19,mc.svm_UNDERB,svm,UNDERB,7,0.02448939964858602
DS19,mc.svm_UNDERB,svm,UNDERB,8,0.027652774805701306
DS19,mc.svm_UNDERB,svm,UNDERB,9,0.029037623786970765
DS19,mc.svm_UNDERB,svm,UNDERB,10,0.03411222801835298
DS19,mc.svm_UNDERB,svm,UNDERB,11,0.026844659722278584
DS19,mc.svm_UNDERB,svm,UNDERB,12,0.03428759878469623
DS19,mc.svm_UNDERB,svm,UNDERB,13,0.028523659923407874
DS19,mc.svm_UNDERB,svm,UNDERB,14,0.022233572932573678
DS19,mc.svm_UNDERB,svm,UNDERB,15,0.02932672841247703
DS19,mc.svm_UNDERB,svm,UNDERB,16,0.029691232642173417
DS19,mc.svm_UNDERB,svm,UNDERB,17,0.0282722921205415
DS19,mc.svm_UNDERB,svm,UNDERB,18,0.026510465704374098
DS19,mc.svm_UNDERB,svm,UNDERB,19,0.027458535240848486
DS19,mc.svm_UNDERB,svm,UNDERB,20,0.007966141524273095
DS19,mc.svm_UNDERB,svm,UNDERB,21,0.0071691514118870665
DS19,mc.svm_UNDERB,svm,UNDERB,22,0.006769491723519291
DS19,mc.svm_UNDERB,svm,UNDERB,23,0.007226609046992294
DS19,mc.svm_UNDERB,svm,UNDERB,24,0.00448160292387293
DS19,mc.svm_UNDERB,svm,UNDERB,25,0.023923575492447804
DS19,mc.svm_UNDERB,svm,UNDERB,26,0.02144700797211004
DS19,mc.svm_UNDERB,svm,UNDERB,27,0.020435641318571254
DS19,mc.svm_UNDERB,svm,UNDERB,28,0.012903791852407264
DS19,mc.svm_UNDERB,svm,UNDERB,29,0.0178088126562254
DS19,mc.svm_UNDERB,svm,UNDERB,30,0.011233070689441536
DS19,mc.svm_UNDERB,svm,UNDERB,31,0.009659282809434348
DS19,mc.svm_UNDERB,svm,UNDERB,32,0.011875540536309508
DS19,mc.svm_UNDERB,svm,UNDERB,33,0.011131449003134276
DS19,mc.svm_UNDERB,svm,UNDERB,34,0.01007445220199471
DS19,mc.svm_UNDERB,svm,UNDERB,35,0.01149691861924171
DS19,mc.svm_UNDERB,svm,UNDERB,36,0.0108157566049508
DS19,mc.svm_UNDERB,svm,UNDERB,37,0.009959501394047148
DS19,mc.svm_UNDERB,svm,UNDERB,38,0.011000146293948873
DS19,mc.svm_UNDERB,svm,UNDERB,39,0.01255275010317106
DS19,mc.svm_UNDERB,svm,UNDERB,40,0.009392305940034124
DS19,mc.svm_UNDERB,svm,UNDERB,41,0.00956572393973125
DS19,mc.svm_UNDERB,svm,UNDERB,42,0.005326467897084165
DS19,mc.svm_UNDERB,svm,UNDERB,43,0.01030428369376481
DS19,mc.svm_UNDERB,svm,UNDERB,44,0.007647951488565655
DS19,mc.svm_UNDERB,svm,UNDERB,45,0.007623705751639465
DS19,mc.svm_UNDERB,svm,UNDERB,46,0.006285782596376745
DS19,mc.svm_UNDERB,svm,UNDERB,47,0.006265428676255683
DS19,mc.svm_UNDERB,svm,UNDERB,48,0.005763679064602977
DS19,mc.svm_UNDERB,svm,UNDERB,49,0.009377656656781478
DS19,mc.svm_UNDERB,svm,UNDERB,50,0.005648743713586061
DS19,mc.svm_UNDERTPhi,svm,UNDERTPhi,1,0.02556423214066623
DS19,mc.svm_UNDERTPhi,svm,UNDERTPhi,2,0.023975347682455368
DS19,mc.svm_UNDERTPhi,svm,UNDERTPhi,3,0.02316903253326534
DS19,mc.svm_UNDERTPhi,svm,UNDERTPhi,4,0.026448775802194017
DS19,mc.svm_UNDERTPhi,svm,UNDERTPhi,5,0.023549669265810307
DS19,mc.svm_UNDERTPhi,svm,UNDERTPhi,6,0.025083389709556963
DS19,mc.svm_UNDERTPhi,svm,UNDERTPhi,7,0.03130790416736081
DS19,mc.svm_UNDERTPhi,svm,UNDERTPhi,8,0.029402016004262507
DS19,mc.svm_UNDERTPhi,svm,UNDERTPhi,9,0.04009697841720966
DS19,mc.svm_UNDERTPhi,svm,UNDERTPhi,10,0.03884233089551686
DS19,mc.svm_UNDERTPhi,svm,UNDERTPhi,11,0.029928521408268034
DS19,mc.svm_UNDERTPhi,svm,UNDERTPhi,12,0.024024051818036646
DS19,mc.svm_UNDERTPhi,svm,UNDERTPhi,13,0.030853606575395362
DS19,mc.svm_UNDERTPhi,svm,UNDERTPhi,14,0.03088926955771717
DS19,mc.svm_UNDERTPhi,svm,UNDERTPhi,15,0.028223448391165806
DS19,mc.svm_UNDERTPhi,svm,UNDERTPhi,16,0.029888204100617103
DS19,mc.svm_UNDERTPhi,svm,UNDERTPhi,17,0.028629785262739696
DS19,mc.svm_UNDERTPhi,svm,UNDERTPhi,18,0.0367536054526918
DS19,mc.svm_UNDERTPhi,svm,UNDERTPhi,19,0.03305991935283904
DS19,mc.svm_UNDERTPhi,svm,UNDERTPhi,20,0.0030513046779457095
DS19,mc.svm_UNDERTPhi,svm,UNDERTPhi,21,0.0045650087833484735
DS19,mc.svm_UNDERTPhi,svm,UNDERTPhi,22,0.002884227851468702
DS19,mc.svm_UNDERTPhi,svm,UNDERTPhi,23,0.003591106587276209
DS19,mc.svm_UNDERTPhi,svm,UNDERTPhi,24,0.0029876737514238166
DS19,mc.svm_UNDERTPhi,svm,UNDERTPhi,25,0.030447182440583045
DS19,mc.svm_UNDERTPhi,svm,UNDERTPhi,26,0.029707172612812433
DS19,mc.svm_UNDERTPhi,svm,UNDERTPhi,27,0.01685087815871532
DS19,mc.svm_UNDERTPhi,svm,UNDERTPhi,28,0.016621244606344905
DS19,mc.svm_UNDERTPhi,svm,UNDERTPhi,29,0.018285373010467912
DS19,mc.svm_UNDERTPhi,svm,UNDERTPhi,30,0.012150141289558266
DS19,mc.svm_UNDERTPhi,svm,UNDERTPhi,31,0.012369960373352834
DS19,mc.svm_UNDERTPhi,svm,UNDERTPhi,32,0.013905832671165911
DS19,mc.svm_UNDERTPhi,svm,UNDERTPhi,33,0.012610705014518636
DS19,mc.svm_UNDERTPhi,svm,UNDERTPhi,34,0.01130075522792105
DS19,mc.svm_UNDERTPhi,svm,UNDERTPhi,35,0.010134620463146053
DS19,mc.svm_UNDERTPhi,svm,UNDERTPhi,36,0.009839634200058102
DS19,mc.svm_UNDERTPhi,svm,UNDERTPhi,37,0.011901176181494515
DS19,mc.svm_UNDERTPhi,svm,UNDERTPhi,38,0.011720012243735376
DS19,mc.svm_UNDERTPhi,svm,UNDERTPhi,39,0.010197068066796811
DS19,mc.svm_UNDERTPhi,svm,UNDERTPhi,40,0.011964916387700478
DS19,mc.svm_UNDERTPhi,svm,UNDERTPhi,41,0.011630390320518307
DS19,mc.svm_UNDERTPhi,svm,UNDERTPhi,42,0.011793053119964038
DS19,mc.svm_UNDERTPhi,svm,UNDERTPhi,43,0.01357514659664506
DS19,mc.svm_UNDERTPhi,svm,UNDERTPhi,44,0.009041544086898785
DS19,mc.svm_UNDERTPhi,svm,UNDERTPhi,45,0.006581146784424518
DS19,mc.svm_UNDERTPhi,svm,UNDERTPhi,46,0.008230163788521878
DS19,mc.svm_UNDERTPhi,svm,UNDERTPhi,47,0.008591130374234238
DS19,mc.svm_UNDERTPhi,svm,UNDERTPhi,48,0.008251046674895249
DS19,mc.svm_UNDERTPhi,svm,UNDERTPhi,49,0.005410005650591628
DS19,mc.svm_UNDERTPhi,svm,UNDERTPhi,50,0.007602217081070815
DS19,mc.svm_UNDERT,svm,UNDERT,1,0.02533551418735596
DS19,mc.svm_UNDERT,svm,UNDERT,2,0.022944806392994375
DS19,mc.svm_UNDERT,svm,UNDERT,3,0.023626589712742674
DS19,mc.svm_UNDERT,svm,UNDERT,4,0.020415402434313373
DS19,mc.svm_UNDERT,svm,UNDERT,5,0.020326148180119758
DS19,mc.svm_UNDERT,svm,UNDERT,6,0.03130720530916609
DS19,mc.svm_UNDERT,svm,UNDERT,7,0.025265135435760686
DS19,mc.svm_UNDERT,svm,UNDERT,8,0.02624191812237612
DS19,mc.svm_UNDERT,svm,UNDERT,9,0.02871557193181425
DS19,mc.svm_UNDERT,svm,UNDERT,10,0.03763780867454528
DS19,mc.svm_UNDERT,svm,UNDERT,11,0.025757889638742877
DS19,mc.svm_UNDERT,svm,UNDERT,12,0.026929411743869248
DS19,mc.svm_UNDERT,svm,UNDERT,13,0.027171601302176385
DS19,mc.svm_UNDERT,svm,UNDERT,14,0.030607202290228366
DS19,mc.svm_UNDERT,svm,UNDERT,15,0.027453719189692884
DS19,mc.svm_UNDERT,svm,UNDERT,16,0.028195459361628622
DS19,mc.svm_UNDERT,svm,UNDERT,17,0.029050491685994287
DS19,mc.svm_UNDERT,svm,UNDERT,18,0.030730608975101006
DS19,mc.svm_UNDERT,svm,UNDERT,19,0.03493520499841086
DS19,mc.svm_UNDERT,svm,UNDERT,20,0.008469319181966736
DS19,mc.svm_UNDERT,svm,UNDERT,21,0.010663556937798557
DS19,mc.svm_UNDERT,svm,UNDERT,22,0.006796998520967363
DS19,mc.svm_UNDERT,svm,UNDERT,23,0.00667784944537856
DS19,mc.svm_UNDERT,svm,UNDERT,24,0.013338826815044539
DS19,mc.svm_UNDERT,svm,UNDERT,25,0.026015256170387663
DS19,mc.svm_UNDERT,svm,UNDERT,26,0.01774326610833879
DS19,mc.svm_UNDERT,svm,UNDERT,27,0.017397700726083546
DS19,mc.svm_UNDERT,svm,UNDERT,28,0.014861019977065832
DS19,mc.svm_UNDERT,svm,UNDERT,29,0.017123599630425642
DS19,mc.svm_UNDERT,svm,UNDERT,30,0.01132131726122045
DS19,mc.svm_UNDERT,svm,UNDERT,31,0.014121300681562029
DS19,mc.svm_UNDERT,svm,UNDERT,32,0.010731795218649472
DS19,mc.svm_UNDERT,svm,UNDERT,33,0.012167043432464598
DS19,mc.svm_UNDERT,svm,UNDERT,34,0.009850614523511096
DS19,mc.svm_UNDERT,svm,UNDERT,35,0.008651526426284365
DS19,mc.svm_UNDERT,svm,UNDERT,36,0.010572319530447304
DS19,mc.svm_UNDERT,svm,UNDERT,37,0.01154030838652004
DS19,mc.svm_UNDERT,svm,UNDERT,38,0.01081008343037912
DS19,mc.svm_UNDERT,svm,UNDERT,39,0.010111102392042066
DS19,mc.svm_UNDERT,svm,UNDERT,40,0.0106799830298769
DS19,mc.svm_UNDERT,svm,UNDERT,41,0.010012985425685253
DS19,mc.svm_UNDERT,svm,UNDERT,42,0.012812943782549983
DS19,mc.svm_UNDERT,svm,UNDERT,43,0.00809729600967022
DS19,mc.svm_UNDERT,svm,UNDERT,44,0.008125231540079512
DS19,mc.svm_UNDERT,svm,UNDERT,45,0.008300334434126217
DS19,mc.svm_UNDERT,svm,UNDERT,46,0.00688809225517613
DS19,mc.svm_UNDERT,svm,UNDERT,47,0.007579466397506336
DS19,mc.svm_UNDERT,svm,UNDERT,48,0.007265758380269163
DS19,mc.svm_UNDERT,svm,UNDERT,49,0.00841366117914542
DS19,mc.svm_UNDERT,svm,UNDERT,50,0.009064250843055618
DS19,mc.svm,svm,baseline,1,0.019273390016326265
DS19,mc.svm,svm,baseline,2,0.01860612540357542
DS19,mc.svm,svm,baseline,3,0.018675627594842793
DS19,mc.svm,svm,baseline,4,0.018685787154773432
DS19,mc.svm,svm,baseline,5,0.01878171488840265
DS19,mc.svm,svm,baseline,6,0.018718225040827676
DS19,mc.svm,svm,baseline,7,0.019113337764256243
DS19,mc.svm,svm,baseline,8,0.019985526986183832
DS19,mc.svm,svm,baseline,9,0.02029623222686508
DS19,mc.svm,svm,baseline,10,0.02093637742421766
DS19,mc.svm,svm,baseline,11,0.020778422141295674
DS19,mc.svm,svm,baseline,12,0.021062602383146074
DS19,mc.svm,svm,baseline,13,0.021024885433896568
DS19,mc.svm,svm,baseline,14,0.0207503943259922
DS19,mc.svm,svm,baseline,15,0.02048504284168644
DS19,mc.svm,svm,baseline,16,0.020897917472592772
DS19,mc.svm,svm,baseline,17,0.0203093151587226
DS19,mc.svm,svm,baseline,18,0.020106606365436618
DS19,mc.svm,svm,baseline,19,0.02036554741166461
DS19,mc.svm,svm,baseline,20,0.013917005313165719
DS19,mc.svm,svm,baseline,21,0.013537452521158934
DS19,mc.svm,svm,baseline,22,0.013284268679377249
DS19,mc.svm,svm,baseline,23,0.010114338782534952
DS19,mc.svm,svm,baseline,24,0.009316949579944982
DS19,mc.svm,svm,baseline,25,0.011263318181631048
DS19,mc.svm,svm,baseline,26,0.011353876371971489
DS19,mc.svm,svm,baseline,27,0.008765390116730243
DS19,mc.svm,svm,baseline,28,0.008417962391843406
DS19,mc.svm,svm,baseline,29,0.008367158251367484
DS19,mc.svm,svm,baseline,30,0.007749575615460708
DS19,mc.svm,svm,baseline,31,0.007702510319428278
DS19,mc.svm,svm,baseline,32,0.007291844278165717
DS19,mc.svm,svm,baseline,33,0.007227106341219694
DS19,mc.svm,svm,baseline,34,0.007095880162824373
DS19,mc.svm,svm,baseline,35,0.00708116564149471
DS19,mc.svm,svm,baseline,36,0.0070951524804851685
DS19,mc.svm,svm,baseline,37,0.007061776253688997
DS19,mc.svm,svm,baseline,38,0.007091754697882627
DS19,mc.svm,svm,baseline,39,0.0070275386907587
DS19,mc.svm,svm,baseline,40,0.006871705373194233
DS19,mc.svm,svm,baseline,41,0.006863278664440451
DS19,mc.svm,svm,baseline,42,0.004766129973854898
DS19,mc.svm,svm,baseline,43,0.004794322394877424
DS19,mc.svm,svm,baseline,44,0.004672798530088798
DS19,mc.svm,svm,baseline,45,0.004637910695081904
DS19,mc.svm,svm,baseline,46,0.0045910341895741185
DS19,mc.svm,svm,baseline,47,0.004590468557056129
DS19,mc.svm,svm,baseline,48,0.004294454665218913
DS19,mc.svm,svm,baseline,49,0.0043042571045014254
DS19,mc.svm,svm,baseline,50,0.004267777123436354
