dataset_id,workflow,model_family,strategy,iteration,sera
DS20,mc.BDES,BDES,baseline,1,0.005174892036669695
DS20,mc.BDES,BDES,baseline,2,0.004700349917218736
DS20,mc.BDES,BDES,baseline,3,0.004204784279268448
DS20,mc.BDES,BDES,baseline,4,0.004186695396533472
DS20,mc.BDES,BDES,baseline,5,0.004180374853108142
DS20,mc.BDES,BDES,baseline,6,0.00460914864722503
DS20,mc.BDES,BDES,baseline,7,0.004676035309744484
DS20,mc.BDES,BDES,baseline,8,0.00473960473126871
DS20,mc.BDES,BDES,baseline,9,0.005369497877645331
DS20,mc.BDES,BDES,baseline,10,0.005299156463481172
DS20,mc.BDES,BDES,baseline,11,0.005809446777921172
DS20,mc.BDES,BDES,baseline,12,0.005890164876255985
DS20,mc.BDES,BDES,baseline,13,0.005801810866038109
DS20,mc.BDES,BDES,baseline,14,0.005764809711563516
DS20,mc.BDES,BDES,baseline,15,0.005757762494568481
DS20,mc.BDES,BDES,baseline,16,0.005630045010629204
DS20,mc.BDES,BDES,baseline,17,0.005651611735215231
DS20,mc.BDES,BDES,baseline,18,0.005642927289343272
DS20,mc.BDES,BDES,baseline,19,0.005801733123674032
DS20,mc.BDES,BDES,baseline,20,0.005546085130953189
DS20,mc.BDES,BDES,baseline,21,0.005658787879568224
DS20,mc.BDES,BDES,baseline,22,0.005452213481526429
DS20,mc.BDES,BDES,baseline,23,0.005397153390460041
DS20,mc.BDES,BDES,baseline,24,0.005331352122101617
DS20,mc.BDES,BDES,baseline,25,0.004719093884736393
DS20,mc.BDES,BDES,baseline,26,0.004769426131498373
DS20,mc.BDES,BDES,baseline,27,0.003302362339427547
DS20,mc.BDES,BDES,baseline,28,0.0025979047482849547
DS20,mc.BDES,BDES,baseline,29,0.002202160092672957
DS20,mc.BDES,BDES,baseline,30,0.0019038397648741348
DS20,mc.BDES,BDES,baseline,31,0.001964849028577548
DS20,mc.BDES,BDES,baseline,32,0.0019281321740364137
DS20,mc.BDES,BDES,baseline,33,0.00166809787718718
DS20,mc.BDES,BDES,baseline,34,0.0016798826907696357
DS20,mc.BDES,BDES,baseline,35,0.0016927413685545439
DS20,mc.BDES,BDES,baseline,36,0.0016884641531677764
DS20,mc.BDES,BDES,baseline,37,0.001688096992945709
DS20,mc.BDES,BDES,baseline,38,0.0017837660487752963
DS20,mc.BDES,BDES,baseline,39,0.0018248772950967803
DS20,mc.BDES,BDES,baseline,40,0.0017963457379205144
DS20,mc.BDES,BDES,baseline,41,0.0018555523525885626
DS20,mc.BDES,BDES,baseline,42,0.0013279026076199432
DS20,mc.BDES,BDES,baseline,43,0.0013111832290488802
DS20,mc.BDES,BDES,baseline,44,0.0013061025754369676
DS20,mc.BDES,BDES,baseline,45,0.0013428187974109619
DS20,mc.BDES,BDES,baseline,46,0.0013395063885581625
DS20,mc.BDES,BDES,baseline,47,0.0013470232581811769
DS20,mc.BDES,BDES,baseline,48,0.0013415974132353417
DS20,mc.BDES,BDES,baseline,49,0.001351047846952438
DS20,mc.BDES,BDES,baseline,50,0.00146170635898596
DS20,mc.arima,arima,baseline,1,0.00609488201574207
DS20,mc.arima,arima,baseline,2,0.00558086183262867
DS20,mc.arima,arima,baseline,3,0.004945443913934619
DS20,mc.arima,arima,baseline,4,0.0049501473738493475
DS20,mc.arima,arima,baseline,5,0.004932921759631502
DS20,mc.arima,arima,baseline,6,0.005595084826625966
DS20,mc.arima,arima,baseline,7,0.005609236390141528
DS20,mc.arima,arima,baseline,8,0.005669683900447267
DS20,mc.arima,arima,baseline,9,0.005928251040998135
DS20,mc.arima,arima,baseline,10,0.005901239731949395
DS20,mc.arima,arima,baseline,11,0.005772749276054476
DS20,mc.arima,arima,baseline,12,0.006145972693747952
DS20,mc.arima,arima,baseline,13,0.006154852178875735
DS20,mc.arima,arima,baseline,14,0.006123647510751155
DS20,mc.arima,arima,baseline,15,0.006110999764347262
DS20,mc.arima,arima,baseline,16,0.006128043309746251
DS20,mc.arima,arima,baseline,17,0.006133297277733122
DS20,mc.arima,arima,baseline,18,0.006457117387327517
DS20,mc.arima,arima,baseline,19,0.006043137606681574
DS20,mc.arima,arima,baseline,20,0.005927147869516219
DS20,mc.arima,arima,baseline,21,0.005985140114192885
DS20,mc.arima,arima,baseline,22,0.0058711038371867304
DS20,mc.arima,arima,baseline,23,0.005771852950828541
DS20,mc.arima,arima,baseline,24,0.005705600900606567
DS20,mc.arima,arima,baseline,25,0.004929887760563083
DS20,mc.arima,arima,baseline,26,0.004803158647464754
DS20,mc.arima,arima,baseline,27,0.003985601233631531
DS20,mc.arima,arima,baseline,28,0.002750708583442632
DS20,mc.arima,arima,baseline,29,0.002340676039847895
DS20,mc.arima,arima,baseline,30,0.0020336870328600868
DS20,mc.arima,arima,baseline,31,0.002021029163651257
DS20,mc.arima,arima,baseline,32,0.0020206419708404732
DS20,mc.arima,arima,baseline,33,0.0019144822238597319
DS20,mc.arima,arima,baseline,34,0.0018986971096808492
DS20,mc.arima,arima,baseline,35,0.0018757992413315939
DS20,mc.arima,arima,baseline,36,0.0018552681222847804
DS20,mc.arima,arima,baseline,37,0.0019101550054244016
DS20,mc.arima,arima,baseline,38,0.0020007810021642736
DS20,mc.arima,arima,baseline,39,0.001991335466904018
DS20,mc.arima,arima,baseline,40,0.0019807345970062878
DS20,mc.arima,arima,baseline,41,0.0019598349602508412
DS20,mc.arima,arima,baseline,42,0.001494693117068382
DS20,mc.arima,arima,baseline,43,0.0014918658426634076
DS20,mc.arima,arima,baseline,44,0.0014890056668776844
DS20,mc.arima,arima,baseline,45,0.0014683872299748137
DS20,mc.arima,arima,baseline,46,0.0014647061805049732
DS20,mc.arima,arima,baseline,47,0.0015105121929555152
DS20,mc.arima,arima,baseline,48,0.0014985021075214406
DS20,mc.arima,arima,baseline,49,0.0014993210224511276
DS20,mc.arima,arima,baseline,50,0.0016632794083067163
DS20,mc.lm_OVERB,lm,OVERB,1,0.005796114484468041
DS20,mc.lm_OVERB,lm,OVERB,2,0.005226249934299025
DS20,mc.lm_OVERB,lm,OVERB,3,0.005133687519749731
DS20,mc.lm_OVERB,lm,OVERB,4,0.005589124451897435
DS20,mc.lm_OVERB,lm,OVERB,5,0.005475414688989744
DS20,mc.lm_OVERB,lm,OVERB,6,0.005293079841033798
DS20,mc.lm_OVERB,lm,OVERB,7,0.005501776581054551
DS20,mc.lm_OVERB,lm,OVERB,8,0.006101204268946235
DS20,mc.lm_OVERB,lm,OVERB,9,0.007306255720754449
DS20,mc.lm_OVERB,lm,OVERB,10,0.006390253217902652
DS20,mc.lm_OVERB,lm,OVERB,11,0.006065841310179203
DS20,mc.lm_OVERB,lm,OVERB,12,0.00668521941549202
DS20,mc.lm_OVERB,lm,OVERB,13,0.005850069109876256
DS20,mc.lm_OVERB,lm,OVERB,14,0.00614194607685467
DS20,mc.lm_OVERB,lm,OVERB,15,0.006465136926494349
DS20,mc.lm_OVERB,lm,OVERB,16,0.006144527724607579
DS20,mc.lm_OVERB,lm,OVERB,17,0.006642752195774801
DS20,mc.lm_OVERB,lm,OVERB,18,0.006416243945896497
DS20,mc.lm_OVERB,lm,OVERB,19,0.006744080738484101
DS20,mc.lm_OVERB,lm,OVERB,20,0.0065112945702065165
DS20,mc.lm_OVERB,lm,OVERB,21,0.006055509860542327
DS20,mc.lm_OVERB,lm,OVERB,22,0.005454881067318678
DS20,mc.lm_OVERB,lm,OVERB,23,0.006062634832760954
DS20,mc.lm_OVERB,lm,OVERB,24,0.006185346535745527
DS20,mc.lm_OVERB,lm,OVERB,25,0.00476227360025311
DS20,mc.lm_OVERB,lm,OVERB,26,0.004511946429229259
DS20,mc.lm_OVERB,lm,OVERB,27,0.007056902606606206
DS20,mc.lm_OVERB,lm,OVERB,28,0.005281542786083461
DS20,mc.lm_OVERB,lm,OVERB,29,0.0029524166081920295
DS20,mc.lm_OVERB,lm,OVERB,30,0.0025047183213706943
DS20,mc.lm_OVERB,lm,OVERB,31,0.0022920978410008487
DS20,mc.lm_OVERB,lm,OVERB,32,0.002211876657979881
DS20,mc.lm_OVERB,lm,OVERB,33,0.002207206252672061
DS20,mc.lm_OVERB,lm,OVERB,34,0.00220036834973637
DS20,mc.lm_OVERB,lm,OVERB,35,0.0024568650717967148
DS20,mc.lm_OVERB,lm,OVERB,36,0.002236256218177623
DS20,mc.lm_OVERB,lm,OVERB,37,0.002246926029298534
DS20,mc.lm_OVERB,lm,OVERB,38,0.002242713994830536
DS20,mc.lm_OVERB,lm,OVERB,39,0.002265702829425962
DS20,mc.lm_OVERB,lm,OVERB,40,0.002140578901391473
DS20,mc.lm_OVERB,lm,OVERB,41,0.002131973230050618
DS20,mc.lm_OVERB,lm,OVERB,42,0.001570698985814337
DS20,mc.lm_OVERB,lm,OVERB,43,0.0015715990443447413
DS20,mc.lm_OVERB,lm,OVERB,44,0.0015346417777269586
DS20,mc.lm_OVERB,lm,OVERB,45,0.0015596380592657363
DS20,mc.lm_OVERB,lm,OVERB,46,0.0015694965656175364
DS20,mc.lm_OVERB,lm,OVERB,47,0.001578495497563967
DS20,mc.lm_OVERB,lm,OVERB,48,0.0015241113161311394
DS20,mc.lm_OVERB,lm,OVERB,49,0.001564747187907095
DS20,mc.lm_OVERB,lm,OVERB,50,0.0016159455421480813
DS20,mc.lm_OVERTPhi,lm,OVERTPhi,1,0.006132338788626855
DS20,mc.lm_OVERTPhi,lm,OVERTPhi,2,0.005481888104691477
DS20,mc.lm_OVERTPhi,lm,OVERTPhi,3,0.005343222992432511
DS20,mc.lm_OVERTPhi,lm,OVERTPhi,4,0.005358581005389947
DS20,mc.lm_OVERTPhi,lm,OVERTPhi,5,0.0055149344116201
DS20,mc.lm_OVERTPhi,lm,OVERTPhi,6,0.005451329059316222
DS20,mc.lm_OVERTPhi,lm,OVERTPhi,7,0.005384311960957718
DS20,mc.lm_OVERTPhi,lm,OVERTPhi,8,0.005576140012174718
DS20,mc.lm_OVERTPhi,lm,OVERTPhi,9,0.0060155630000538205
DS20,mc.lm_OVERTPhi,lm,OVERTPhi,10,0.006503451286036022
DS20,mc.lm_OVERTPhi,lm,OVERTPhi,11,0.006553652143678688
DS20,mc.lm_OVERTPhi,lm,OVERTPhi,12,0.0064458972677952356
DS20,mc.lm_OVERTPhi,lm,OVERTPhi,13,0.00671962371311975
DS20,mc.lm_OVERTPhi,lm,OVERTPhi,14,0.006250004156889082
DS20,mc.lm_OVERTPhi,lm,OVERTPhi,15,0.006691877010971751
DS20,mc.lm_OVERTPhi,lm,OVERTPhi,16,0.006471253685519986
DS20,mc.lm_OVERTPhi,lm,OVERTPhi,17,0.007125204767063793
DS20,mc.lm_OVERTPhi,lm,OVERTPhi,18,0.006941791129175278
DS20,mc.lm_OVERTPhi,lm,OVERTPhi,19,0.007147201801136207
DS20,mc.lm_OVERTPhi,lm,OVERTPhi,20,0.0072905002398747885
DS20,mc.lm_OVERTPhi,lm,OVERTPhi,21,0.006941212972806224
DS20,mc.lm_OVERTPhi,lm,OVERTPhi,22,0.0075683320385672255
DS20,mc.lm_OVERTPhi,lm,OVERTPhi,23,0.0068063033694186655
DS20,mc.lm_OVERTPhi,lm,OVERTPhi,24,0.007331608140827033
DS20,mc.lm_OVERTPhi,lm,OVERTPhi,25,0.005916638133149663
DS20,mc.lm_OVERTPhi,lm,OVERTPhi,26,0.005899725157082332
DS20,mc.lm_OVERTPhi,lm,OVERTPhi,27,0.006122389434081186
DS20,mc.lm_OVERTPhi,lm,OVERTPhi,28,0.004720293201591301
DS20,mc.lm_OVERTPhi,lm,OVERTPhi,29,0.0032675685270732446
DS20,mc.lm_OVERTPhi,lm,OVERTPhi,30,0.0024801837676782313
DS20,mc.lm_OVERTPhi,lm,OVERTPhi,31,0.0024021491237553646
DS20,mc.lm_OVERTPhi,lm,OVERTPhi,32,0.0023545574881554633
DS20,mc.lm_OVERTPhi,lm,OVERTPhi,33,0.0022762256063071805
DS20,mc.lm_OVERTPhi,lm,OVERTPhi,34,0.0022594171074318153
DS20,mc.lm_OVERTPhi,lm,OVERTPhi,35,0.0023703767100157745
DS20,mc.lm_OVERTPhi,lm,OVERTPhi,36,0.0023360044606643574
DS20,mc.lm_OVERTPhi,lm,OVERTPhi,37,0.0023143094445405047
DS20,mc.lm_OVERTPhi,lm,OVERTPhi,38,0.002240782403604016
DS20,mc.lm_OVERTPhi,lm,OVERTPhi,39,0.002200262702783518
DS20,mc.lm_OVERTPhi,lm,OVERTPhi,40,0.00222035391824511
DS20,mc.lm_OVERTPhi,lm,OVERTPhi,41,0.002106566480973825
DS20,mc.lm_OVERTPhi,lm,OVERTPhi,42,0.0015267630460455732
DS20,mc.lm_OVERTPhi,lm,OVERTPhi,43,0.0015777435594650584
DS20,mc.lm_OVERTPhi,lm,OVERTPhi,44,0.0015640738964213703
DS20,mc.lm_OVERTPhi,lm,OVERTPhi,45,0.0015116607623849921
DS20,mc.lm_OVERTPhi,lm,OVERTPhi,46,0.0015076515882543433
DS20,mc.lm_OVERTPhi,lm,OVERTPhi,47,0.0015249152743589591
DS20,mc.lm_OVERTPhi,lm,OVERTPhi,48,0.0015215828131913177
DS20,mc.lm_OVERTPhi,lm,OVERTPhi,49,0.001555819748178849
DS20,mc.lm_OVERTPhi,lm,OVERTPhi,50,0.0016652840379317807
DS20,mc.lm_OVERT,lm,OVERT,1,0.005989723102517592
DS20,mc.lm_OVERT,lm,OVERT,2,0.0054190240485057495
DS20,mc.lm_OVERT,lm,OVERT,3,0.005255714083538424
DS20,mc.lm_OVERT,lm,OVERT,4,0.005435323269802039
DS20,mc.lm_OVERT,lm,OVERT,5,0.005493429976777129
DS20,mc.lm_OVERT,lm,OVERT,6,0.005514809045442627
DS20,mc.lm_OVERT,lm,OVERT,7,0.005417066604655778
DS20,mc.lm_OVERT,lm,OVERT,8,0.0055375045895820875
DS20,mc.lm_OVERT,lm,OVERT,9,0.005994663347370537
DS20,mc.lm_OVERT,lm,OVERT,10,0.006403374787945142
DS20,mc.lm_OVERT,lm,OVERT,11,0.006557769577553828
DS20,mc.lm_OVERT,lm,OVERT,12,0.006484797108652406
DS20,mc.lm_OVERT,lm,OVERT,13,0.0067404142269885245
DS20,mc.lm_OVERT,lm,OVERT,14,0.006226976160990965
DS20,mc.lm_OVERT,lm,OVERT,15,0.006692126289870776
DS20,mc.lm_OVERT,lm,OVERT,16,0.006464665032740493
DS20,mc.lm_OVERT,lm,OVERT,17,0.007116415434376018
DS20,mc.lm_OVERT,lm,OVERT,18,0.0069422042328690006
DS20,mc.lm_OVERT,lm,OVERT,19,0.00717051309374453
DS20,mc.lm_OVERT,lm,OVERT,20,0.007207914526195529
DS20,mc.lm_OVERT,lm,OVERT,21,0.006973325269252479
DS20,mc.lm_OVERT,lm,OVERT,22,0.007520460766169993
DS20,mc.lm_OVERT,lm,OVERT,23,0.0068063033694186655
DS20,mc.lm_OVERT,lm,OVERT,24,0.00732327551285842
DS20,mc.lm_OVERT,lm,OVERT,25,0.005941950320868346
DS20,mc.lm_OVERT,lm,OVERT,26,0.006073447398900982
DS20,mc.lm_OVERT,lm,OVERT,27,0.006165319699961991
DS20,mc.lm_OVERT,lm,OVERT,28,0.00465648350277286
DS20,mc.lm_OVERT,lm,OVERT,29,0.003221119464082277
DS20,mc.lm_OVERT,lm,OVERT,30,0.002468835546142319
DS20,mc.lm_OVERT,lm,OVERT,31,0.0024042940493711933
DS20,mc.lm_OVERT,lm,OVERT,32,0.0023451707710278264
DS20,mc.lm_OVERT,lm,OVERT,33,0.002266230181594209
DS20,mc.lm_OVERT,lm,OVERT,34,0.002256851508226785
DS20,mc.lm_OVERT,lm,OVERT,35,0.002347091221347569
DS20,mc.lm_OVERT,lm,OVERT,36,0.002345924127338932
DS20,mc.lm_OVERT,lm,OVERT,37,0.00231374367478022
DS20,mc.lm_OVERT,lm,OVERT,38,0.0022315806228159316
DS20,mc.lm_OVERT,lm,OVERT,39,0.0021758353806692813
DS20,mc.lm_OVERT,lm,OVERT,40,0.0022343577305196857
DS20,mc.lm_OVERT,lm,OVERT,41,0.0020929721412662997
DS20,mc.lm_OVERT,lm,OVERT,42,0.0015234471542794462
DS20,mc.lm_OVERT,lm,OVERT,43,0.00158109810014396
DS20,mc.lm_OVERT,lm,OVERT,44,0.001564662325093219
DS20,mc.lm_OVERT,lm,OVERT,45,0.0015114604733924384
DS20,mc.lm_OVERT,lm,OVERT,46,0.0015079072821306103
DS20,mc.lm_OVERT,lm,OVERT,47,0.0015243359268976016
DS20,mc.lm_OVERT,lm,OVERT,48,0.0015209215119870957
DS20,mc.lm_OVERT,lm,OVERT,49,0.0015573305993629594
DS20,mc.lm_OVERT,lm,OVERT,50,0.0016607744331709625
DS20,mc.lm_SMOTEB,lm,SMOTEB,1,0.005924124977644114
DS20,mc.lm_SMOTEB,lm,SMOTEB,2,0.005070230889743586
DS20,mc.lm_SMOTEB,lm,SMOTEB,3,0.006006038721907405
DS20,mc.lm_SMOTEB,lm,SMOTEB,4,0.00595796113040548
DS20,mc.lm_SMOTEB,lm,SMOTEB,5,0.005626435639892846
DS20,mc.lm_SMOTEB,lm,SMOTEB,6,0.006903025622913017
DS20,mc.lm_SMOTEB,lm,SMOTEB,7,0.005738445619259387
DS20,mc.lm_SMOTEB,lm,SMOTEB,8,0.007637548157658782
DS20,mc.lm_SMOTEB,lm,SMOTEB,9,0.0075751309739868836
DS20,mc.lm_SMOTEB,lm,SMOTEB,10,0.006978410805759096
DS20,mc.lm_SMOTEB,lm,SMOTEB,11,0.00886840504719155
DS20,mc.lm_SMOTEB,lm,SMOTEB,12,0.008389912675711453
DS20,mc.lm_SMOTEB,lm,SMOTEB,13,0.0076099662864483235
DS20,mc.lm_SMOTEB,lm,SMOTEB,14,0.008879116587547265
DS20,mc.lm_SMOTEB,lm,SMOTEB,15,0.00877650485586854
DS20,mc.lm_SMOTEB,lm,SMOTEB,16,0.007183407223978957
DS20,mc.lm_SMOTEB,lm,SMOTEB,17,0.010128460397294278
DS20,mc.lm_SMOTEB,lm,SMOTEB,18,0.006589115371722419
DS20,mc.lm_SMOTEB,lm,SMOTEB,19,0.008828012343127398
DS20,mc.lm_SMOTEB,lm,SMOTEB,20,0.008630531003421087
DS20,mc.lm_SMOTEB,lm,SMOTEB,21,0.00898353987823795
DS20,mc.lm_SMOTEB,lm,SMOTEB,22,0.00828505220274088
DS20,mc.lm_SMOTEB,lm,SMOTEB,23,0.007957263573058256
DS20,mc.lm_SMOTEB,lm,SMOTEB,24,0.0064035849334666784
DS20,mc.lm_SMOTEB,lm,SMOTEB,25,0.005594924885743583
DS20,mc.lm_SMOTEB,lm,SMOTEB,26,0.00809628039808296
DS20,mc.lm_SMOTEB,lm,SMOTEB,27,0.0091985655935968
DS20,mc.lm_SMOTEB,lm,SMOTEB,28,0.007577749756064279
DS20,mc.lm_SMOTEB,lm,SMOTEB,29,0.005224494233182753
DS20,mc.lm_SMOTEB,lm,SMOTEB,30,0.0034312877532826254
DS20,mc.lm_SMOTEB,lm,SMOTEB,31,0.0031395358659977576
DS20,mc.lm_SMOTEB,lm,SMOTEB,32,0.0027808746708454985
DS20,mc.lm_SMOTEB,lm,SMOTEB,33,0.002860003789283573
DS20,mc.lm_SMOTEB,lm,SMOTEB,34,0.002506113295636379
DS20,mc.lm_SMOTEB,lm,SMOTEB,35,0.0032980821880077087
DS20,mc.lm_SMOTEB,lm,SMOTEB,36,0.002723907468927445
DS20,mc.lm_SMOTEB,lm,SMOTEB,37,0.002779127942017976
DS20,mc.lm_SMOTEB,lm,SMOTEB,38,0.0032479872890337188
DS20,mc.lm_SMOTEB,lm,SMOTEB,39,0.0033490762838340143
DS20,mc.lm_SMOTEB,lm,SMOTEB,40,0.0025125386745780236
DS20,mc.lm_SMOTEB,lm,SMOTEB,41,0.002613787756496224
DS20,mc.lm_SMOTEB,lm,SMOTEB,42,0.001970728684189125
DS20,mc.lm_SMOTEB,lm,SMOTEB,43,0.0021716764800672394
DS20,mc.lm_SMOTEB,lm,SMOTEB,44,0.002006731136613824
DS20,mc.lm_SMOTEB,lm,SMOTEB,45,0.0021575055456416053
DS20,mc.lm_SMOTEB,lm,SMOTEB,46,0.0022454663818282207
DS20,mc.lm_SMOTEB,lm,SMOTEB,47,0.002253990725807056
DS20,mc.lm_SMOTEB,lm,SMOTEB,48,0.0024100809474234815
DS20,mc.lm_SMOTEB,lm,SMOTEB,49,0.0017487540312529576
DS20,mc.lm_SMOTEB,lm,SMOTEB,50,0.002319545629428393
DS20,mc.lm_SMOTETPhi,lm,SMOTETPhi,1,0.005574984934231476
DS20,mc.lm_SMOTETPhi,lm,SMOTETPhi,2,0.006586951784390671
DS20,mc.lm_SMOTETPhi,lm,SMOTETPhi,3,0.006595518306456794
DS20,mc.lm_SMOTETPhi,lm,SMOTETPhi,4,0.00741791314132189
DS20,mc.lm_SMOTETPhi,lm,SMOTETPhi,5,0.00621496318543903
DS20,mc.lm_SMOTETPhi,lm,SMOTETPhi,6,0.006357878960144842
DS20,mc.lm_SMOTETPhi,lm,SMOTETPhi,7,0.0065303960288596585
DS20,mc.lm_SMOTETPhi,lm,SMOTETPhi,8,0.00795388808309512
DS20,mc.lm_SMOTETPhi,lm,SMOTETPhi,9,0.006533938955364578
DS20,mc.lm_SMOTETPhi,lm,SMOTETPhi,10,0.008053785093298012
DS20,mc.lm_SMOTETPhi,lm,SMOTETPhi,11,0.009220652067184285
DS20,mc.lm_SMOTETPhi,lm,SMOTETPhi,12,0.006791112004240362
DS20,mc.lm_SMOTETPhi,lm,SMOTETPhi,13,0.008818445926986298
DS20,mc.lm_SMOTETPhi,lm,SMOTETPhi,14,0.010848696104820095
DS20,mc.lm_SMOTETPhi,lm,SMOTETPhi,15,0.011899039159092116
DS20,mc.lm_SMOTETPhi,lm,SMOTETPhi,16,0.0077613820684834176
DS20,mc.lm_SMOTETPhi,lm,SMOTETPhi,17,0.00768288729477473
DS20,mc.lm_SMOTETPhi,lm,SMOTETPhi,18,0.007281566656538401
DS20,mc.lm_SMOTETPhi,lm,SMOTETPhi,19,0.012435688364128884
DS20,mc.lm_SMOTETPhi,lm,SMOTETPhi,20,0.009947382748180017
DS20,mc.lm_SMOTETPhi,lm,SMOTETPhi,21,0.008066481300993852
DS20,mc.lm_SMOTETPhi,lm,SMOTETPhi,22,0.00945946295965935
DS20,mc.lm_SMOTETPhi,lm,SMOTETPhi,23,0.00801663034550856
DS20,mc.lm_SMOTETPhi,lm,SMOTETPhi,24,0.008747083487440407
DS20,mc.lm_SMOTETPhi,lm,SMOTETPhi,25,0.007512694755656347
DS20,mc.lm_SMOTETPhi,lm,SMOTETPhi,26,0.010321999087940641
DS20,mc.lm_SMOTETPhi,lm,SMOTETPhi,27,0.01065481185279177
DS20,mc.lm_SMOTETPhi,lm,SMOTETPhi,28,0.00630547544457754
DS20,mc.lm_SMOTETPhi,lm,SMOTETPhi,29,0.006696971967549846
DS20,mc.lm_SMOTETPhi,lm,SMOTETPhi,30,0.004156489203513277
DS20,mc.lm_SMOTETPhi,lm,SMOTETPhi,31,0.0032378888634258304
DS20,mc.lm_SMOTETPhi,lm,SMOTETPhi,32,0.0031854992223086555
DS20,mc.lm_SMOTETPhi,lm,SMOTETPhi,33,0.002948379617785004
DS20,mc.lm_SMOTETPhi,lm,SMOTETPhi,34,0.0025252644337487775
DS20,mc.lm_SMOTETPhi,lm,SMOTETPhi,35,0.0028821933412500745
DS20,mc.lm_SMOTETPhi,lm,SMOTETPhi,36,0.0027466070613264126
DS20,mc.lm_SMOTETPhi,lm,SMOTETPhi,37,0.0030079428295528123
DS20,mc.lm_SMOTETPhi,lm,SMOTETPhi,38,0.003175127919232914
DS20,mc.lm_SMOTETPhi,lm,SMOTETPhi,39,0.0033823668860215156
DS20,mc.lm_SMOTETPhi,lm,SMOTETPhi,40,0.0033112479264394874
DS20,mc.lm_SMOTETPhi,lm,SMOTETPhi,41,0.003128474804140665
DS20,mc.lm_SMOTETPhi,lm,SMOTETPhi,42,0.0032770541013924437
DS20,mc.lm_SMOTETPhi,lm,SMOTETPhi,43,0.0025165326270279497
DS20,mc.lm_SMOTETPhi,lm,SMOTETPhi,44,0.002050650493163766
DS20,mc.lm_SMOTETPhi,lm,SMOTETPhi,45,0.0032882437653776533
DS20,mc.lm_SMOTETPhi,lm,SMOTETPhi,46,0.0021640129172319144
DS20,mc.lm_SMOTETPhi,lm,SMOTETPhi,47,0.0022422580718123603
DS20,mc.lm_SMOTETPhi,lm,SMOTETPhi,48,0.0024813515802487507
DS20,mc.lm_SMOTETPhi,lm,SMOTETPhi,49,0.002542717235959867
DS20,mc.lm_SMOTETPhi,lm,SMOTETPhi,50,0.0017702829035569764
DS20,mc.lm_SMOTET,lm,SMOTET,1,0.0063406321653301815
DS20,mc.lm_SMOTET,lm,SMOTET,2,0.005561883918656949
DS20,mc.lm_SMOTET,lm,SMOTET,3,0.0062323448817034055
DS20,mc.lm_SMOTET,lm,SMOTET,4,0.005646160566150851
DS20,mc.lm_SMOTET,lm,SMOTET,5,0.006029342298514801
DS20,mc.lm_SMOTET,lm,SMOTET,6,0.009450394113289646
DS20,mc.lm_SMOTET,lm,SMOTET,7,0.00818721420099957
DS20,mc.lm_SMOTET,lm,SMOTET,8,0.006593033118461625
DS20,mc.lm_SMOTET,lm,SMOTET,9,0.006387838753751548
DS20,mc.lm_SMOTET,lm,SMOTET,10,0.007624524574000619
DS20,mc.lm_SMOTET,lm,SMOTET,11,0.009974111701912992
DS20,mc.lm_SMOTET,lm,SMOTET,12,0.007267817034023942
DS20,mc.lm_SMOTET,lm,SMOTET,13,0.009248623684738817
DS20,mc.lm_SMOTET,lm,SMOTET,14,0.010644455412568497
DS20,mc.lm_SMOTET,lm,SMOTET,15,0.008451458330553963
DS20,mc.lm_SMOTET,lm,SMOTET,16,0.008650618124388441
DS20,mc.lm_SMOTET,lm,SMOTET,17,0.009045751536097928
DS20,mc.lm_SMOTET,lm,SMOTET,18,0.008344843779111006
DS20,mc.lm_SMOTET,lm,SMOTET,19,0.012048475828243636
DS20,mc.lm_SMOTET,lm,SMOTET,20,0.007194381175035208
DS20,mc.lm_SMOTET,lm,SMOTET,21,0.007658490608114785
DS20,mc.lm_SMOTET,lm,SMOTET,22,0.008790950180098503
DS20,mc.lm_SMOTET,lm,SMOTET,23,0.008705822057292681
DS20,mc.lm_SMOTET,lm,SMOTET,24,0.008700860745349226
DS20,mc.lm_SMOTET,lm,SMOTET,25,0.007552821946183641
DS20,mc.lm_SMOTET,lm,SMOTET,26,0.005745325026913403
DS20,mc.lm_SMOTET,lm,SMOTET,27,0.008037962805068063
DS20,mc.lm_SMOTET,lm,SMOTET,28,0.006196999327792079
DS20,mc.lm_SMOTET,lm,SMOTET,29,0.004825508982539344
DS20,mc.lm_SMOTET,lm,SMOTET,30,0.0038936029230399933
DS20,mc.lm_SMOTET,lm,SMOTET,31,0.004018938541384906
DS20,mc.lm_SMOTET,lm,SMOTET,32,0.0031899416655386506
DS20,mc.lm_SMOTET,lm,SMOTET,33,0.0025526301926906306
DS20,mc.lm_SMOTET,lm,SMOTET,34,0.0028278117319160525
DS20,mc.lm_SMOTET,lm,SMOTET,35,0.002932057735439164
DS20,mc.lm_SMOTET,lm,SMOTET,36,0.003220111041938127
DS20,mc.lm_SMOTET,lm,SMOTET,37,0.004004585334348719
DS20,mc.lm_SMOTET,lm,SMOTET,38,0.0025480238650550996
DS20,mc.lm_SMOTET,lm,SMOTET,39,0.0035857725903466198
DS20,mc.lm_SMOTET,lm,SMOTET,40,0.002538582123873799
DS20,mc.lm_SMOTET,lm,SMOTET,41,0.0026885726794786393
DS20,mc.lm_SMOTET,lm,SMOTET,42,0.002832015926500386
DS20,mc.lm_SMOTET,lm,SMOTET,43,0.0030735392093616224
DS20,mc.lm_SMOTET,lm,SMOTET,44,0.0025713731622030514
DS20,mc.lm_SMOTET,lm,SMOTET,45,0.002161846652389816
DS20,mc.lm_SMOTET,lm,SMOTET,46,0.0031542894771165357
DS20,mc.lm_SMOTET,lm,SMOTET,47,0.0024367459404928005
DS20,mc.lm_SMOTET,lm,SMOTET,48,0.002508246000633734
DS20,mc.lm_SMOTET,lm,SMOTET,49,0.0023544763552257727
DS20,mc.lm_SMOTET,lm,SMOTET,50,0.0017197455598655233
DS20,mc.lm_UNDERB,lm,UNDERB,1,0.010033603849271773
DS20,mc.lm_UNDERB,lm,UNDERB,2,0.005513526761526295
DS20,mc.lm_UNDERB,lm,UNDERB,3,0.007906565312100029
DS20,mc.lm_UNDERB,lm,UNDERB,4,0.0056323309688317705
DS20,mc.lm_UNDERB,lm,UNDERB,5,0.0047498689713178725
DS20,mc.lm_UNDERB,lm,UNDERB,6,0.005402579972401896
DS20,mc.lm_UNDERB,lm,UNDERB,7,0.004632999473717881
DS20,mc.lm_UNDERB,lm,UNDERB,8,0.0057237493665807295
DS20,mc.lm_UNDERB,lm,UNDERB,9,0.007675865572519698
DS20,mc.lm_UNDERB,lm,UNDERB,10,0.006602855653598159
DS20,mc.lm_UNDERB,lm,UNDERB,11,0.00835491484056757
DS20,mc.lm_UNDERB,lm,UNDERB,12,0.010368218818614829
DS20,mc.lm_UNDERB,lm,UNDERB,13,0.005767678111317954
DS20,mc.lm_UNDERB,lm,UNDERB,14,0.00609048441061257
DS20,mc.lm_UNDERB,lm,UNDERB,15,0.00860175115059291
DS20,mc.lm_UNDERB,lm,UNDERB,16,0.0076198940167475785
DS20,mc.lm_UNDERB,lm,UNDERB,17,0.008630378002468318
DS20,mc.lm_UNDERB,lm,UNDERB,18,0.007850464591053341
DS20,mc.lm_UNDERB,lm,UNDERB,19,0.007560054718704727
DS20,mc.lm_UNDERB,lm,UNDERB,20,0.007165946782597142
DS20,mc.lm_UNDERB,lm,UNDERB,21,0.006465864635489376
DS20,mc.lm_UNDERB,lm,UNDERB,22,0.006616951927983248
DS20,mc.lm_UNDERB,lm,UNDERB,23,0.006665831463327897
DS20,mc.lm_UNDERB,lm,UNDERB,24,0.006955888693278333
DS20,mc.lm_UNDERB,lm,UNDERB,25,0.005002932016385299
DS20,mc.lm_UNDERB,lm,UNDERB,26,0.005370590536227725
DS20,mc.lm_UNDERB,lm,UNDERB,27,0.010260077064082712
DS20,mc.lm_UNDERB,lm,UNDERB,28,0.010088344738629516
DS20,mc.lm_UNDERB,lm,UNDERB,29,0.003324085243786364
DS20,mc.lm_UNDERB,lm,UNDERB,30,0.0030630132852805716
DS20,mc.lm_UNDERB,lm,UNDERB,31,0.003591220753290329
DS20,mc.lm_UNDERB,lm,UNDERB,32,0.003763390935417697
DS20,mc.lm_UNDERB,lm,UNDERB,33,0.002469766690331269
DS20,mc.lm_UNDERB,lm,UNDERB,34,0.0019749035404524546
DS20,mc.lm_UNDERB,lm,UNDERB,35,0.0036718848908898955
DS20,mc.lm_UNDERB,lm,UNDERB,36,0.0029849859736619535
DS20,mc.lm_UNDERB,lm,UNDERB,37,0.003964087717658137
DS20,mc.lm_UNDERB,lm,UNDERB,38,0.0034736064102976424
DS20,mc.lm_UNDERB,lm,UNDERB,39,0.003672497419982105
DS20,mc.lm_UNDERB,lm,UNDERB,40,0.002379331849321547
DS20,mc.lm_UNDERB,lm,UNDERB,41,0.003245019310961907
DS20,mc.lm_UNDERB,lm,UNDERB,42,0.0027188365403909686
DS20,mc.lm_UNDERB,lm,UNDERB,43,0.004012525626942601
DS20,mc.lm_UNDERB,lm,UNDERB,44,0.0021607939946073733
DS20,mc.lm_UNDERB,lm,UNDERB,45,0.0023975935931630087
DS20,mc.lm_UNDERB,lm,UNDERB,46,0.001700430982016902
DS20,mc.lm_UNDERB,lm,UNDERB,47,0.002359117082304567
DS20,mc.lm_UNDERB,lm,UNDERB,48,0.0023728696641091857
DS20,mc.lm_UNDERB,lm,UNDERB,49,0.0016540093182303062
DS20,mc.lm_UNDERB,lm,UNDERB,50,0.0018681800878766538
DS20,mc.lm_UNDERTPhi,lm,UNDERTPhi,1,0.008254905344261352
DS20,mc.lm_UNDERTPhi,lm,UNDERTPhi,2,0.006744768382047152
DS20,mc.lm_UNDERTPhi,lm,UNDERTPhi,3,0.0061000600270800474
DS20,mc.lm_UNDERTPhi,lm,UNDERTPhi,4,0.006875204100665892
DS20,mc.lm_UNDERTPhi,lm,UNDERTPhi,5,0.005587330581888341
DS20,mc.lm_UNDERTPhi,lm,UNDERTPhi,6,0.006633350080363461
DS20,mc.lm_UNDERTPhi,lm,UNDERTPhi,7,0.0061807252297759385
DS20,mc.lm_UNDERTPhi,lm,UNDERTPhi,8,0.007838300662925462
DS20,mc.lm_UNDERTPhi,lm,UNDERTPhi,9,0.007525021179921725
DS20,mc.lm_UNDERTPhi,lm,UNDERTPhi,10,0.00798910039981249
DS20,mc.lm_UNDERTPhi,lm,UNDERTPhi,11,0.008434211990387954
DS20,mc.lm_UNDERTPhi,lm,UNDERTPhi,12,0.007335895527803016
DS20,mc.lm_UNDERTPhi,lm,UNDERTPhi,13,0.006477724777049398
DS20,mc.lm_UNDERTPhi,lm,UNDERTPhi,14,0.009819810559474201
DS20,mc.lm_UNDERTPhi,lm,UNDERTPhi,15,0.00770423255117484
DS20,mc.lm_UNDERTPhi,lm,UNDERTPhi,16,0.006760589107257045
DS20,mc.lm_UNDERTPhi,lm,UNDERTPhi,17,0.006573173907777071
DS20,mc.lm_UNDERTPhi,lm,UNDERTPhi,18,0.00682185045996203
DS20,mc.lm_UNDERTPhi,lm,UNDERTPhi,19,0.006430224359507123
DS20,mc.lm_UNDERTPhi,lm,UNDERTPhi,20,0.0063387486194474724
DS20,mc.lm_UNDERTPhi,lm,UNDERTPhi,21,0.008586205621480564
DS20,mc.lm_UNDERTPhi,lm,UNDERTPhi,22,0.009341931111160641
DS20,mc.lm_UNDERTPhi,lm,UNDERTPhi,23,0.006952604272408923
DS20,mc.lm_UNDERTPhi,lm,UNDERTPhi,24,0.0061498280801698234
DS20,mc.lm_UNDERTPhi,lm,UNDERTPhi,25,0.007374954577031743
DS20,mc.lm_UNDERTPhi,lm,UNDERTPhi,26,0.006802959879324857
DS20,mc.lm_UNDERTPhi,lm,UNDERTPhi,27,0.008369603514311557
DS20,mc.lm_UNDERTPhi,lm,UNDERTPhi,28,0.008368856479704359
DS20,mc.lm_UNDERTPhi,lm,UNDERTPhi,29,0.004095941291219763
DS20,mc.lm_UNDERTPhi,lm,UNDERTPhi,30,0.0034961547043549247
DS20,mc.lm_UNDERTPhi,lm,UNDERTPhi,31,0.004581565878998638
DS20,mc.lm_UNDERTPhi,lm,UNDERTPhi,32,0.0036678794484561548
DS20,mc.lm_UNDERTPhi,lm,UNDERTPhi,33,0.0041850928525806385
DS20,mc.lm_UNDERTPhi,lm,UNDERTPhi,34,0.004142635829256804
DS20,mc.lm_UNDERTPhi,lm,UNDERTPhi,35,0.0029306133270450086
DS20,mc.lm_UNDERTPhi,lm,UNDERTPhi,36,0.003403810830005885
DS20,mc.lm_UNDERTPhi,lm,UNDERTPhi,37,0.00359286643287997
DS20,mc.lm_UNDERTPhi,lm,UNDERTPhi,38,0.0033521964874440933
DS20,mc.lm_UNDERTPhi,lm,UNDERTPhi,39,0.005025968119270572
DS20,mc.lm_UNDERTPhi,lm,UNDERTPhi,40,0.0030178491289688508
DS20,mc.lm_UNDERTPhi,lm,UNDERTPhi,41,0.0027291962750401384
DS20,mc.lm_UNDERTPhi,lm,UNDERTPhi,42,0.003725745874208687
DS20,mc.lm_UNDERTPhi,lm,UNDERTPhi,43,0.003018336042818679
DS20,mc.lm_UNDERTPhi,lm,UNDERTPhi,44,0.004656387581327711
DS20,mc.lm_UNDERTPhi,lm,UNDERTPhi,45,0.002787946587902901
DS20,mc.lm_UNDERTPhi,lm,UNDERTPhi,46,0.0030421474483120084
DS20,mc.lm_UNDERTPhi,lm,UNDERTPhi,47,0.002614518091954648
DS20,mc.lm_UNDERTPhi,lm,UNDERTPhi,48,0.0029816925415470062
DS20,mc.lm_UNDERTPhi,lm,UNDERTPhi,49,0.0024667788838185203
DS20,mc.lm_UNDERTPhi,lm,UNDERTPhi,50,0.002189760140278927
DS20,mc.lm_UNDERT,lm,UNDERT,1,0.0070382713020816666
DS20,mc.lm_UNDERT,lm,UNDERT,2,0.005816980451328228
DS20,mc.lm_UNDERT,lm,UNDERT,3,0.007295155140359928
DS20,mc.lm_UNDERT,lm,UNDERT,4,0.005281236537917813
DS20,mc.lm_UNDERT,lm,UNDERT,5,0.006032023427845968
DS20,mc.lm_UNDERT,lm,UNDERT,6,0.005651629606959646
DS20,mc.lm_UNDERT,lm,UNDERT,7,0.006270406476263146
DS20,mc.lm_UNDERT,lm,UNDERT,8,0.00694161674656529
DS20,mc.lm_UNDERT,lm,UNDERT,9,0.00845277975243219
DS20,mc.lm_UNDERT,lm,UNDERT,10,0.009122581922617725
DS20,mc.lm_UNDERT,lm,UNDERT,11,0.007301542284171723
DS20,mc.lm_UNDERT,lm,UNDERT,12,0.008989778431302524
DS20,mc.lm_UNDERT,lm,UNDERT,13,0.00700376515372104
DS20,mc.lm_UNDERT,lm,UNDERT,14,0.006211738560860548
DS20,mc.lm_UNDERT,lm,UNDERT,15,0.009963133381832448
DS20,mc.lm_UNDERT,lm,UNDERT,16,0.0072317491881102635
DS20,mc.lm_UNDERT,lm,UNDERT,17,0.0063263571902829755
DS20,mc.lm_UNDERT,lm,UNDERT,18,0.00936462378703278
DS20,mc.lm_UNDERT,lm,UNDERT,19,0.010531546782678232
DS20,mc.lm_UNDERT,lm,UNDERT,20,0.0067962426722651785
DS20,mc.lm_UNDERT,lm,UNDERT,21,0.012544019761609128
DS20,mc.lm_UNDERT,lm,UNDERT,22,0.009108647759557232
DS20,mc.lm_UNDERT,lm,UNDERT,23,0.006949639119401602
DS20,mc.lm_UNDERT,lm,UNDERT,24,0.0071599475591540875
DS20,mc.lm_UNDERT,lm,UNDERT,25,0.0063928954057745025
DS20,mc.lm_UNDERT,lm,UNDERT,26,0.00482002268783596
DS20,mc.lm_UNDERT,lm,UNDERT,27,0.008365484583468209
DS20,mc.lm_UNDERT,lm,UNDERT,28,0.004567883870359619
DS20,mc.lm_UNDERT,lm,UNDERT,29,0.0025172579946268966
DS20,mc.lm_UNDERT,lm,UNDERT,30,0.005044274718230064
DS20,mc.lm_UNDERT,lm,UNDERT,31,0.0042871630165878015
DS20,mc.lm_UNDERT,lm,UNDERT,32,0.002510546936504555
DS20,mc.lm_UNDERT,lm,UNDERT,33,0.0022409384184690863
DS20,mc.lm_UNDERT,lm,UNDERT,34,0.002678909900195984
DS20,mc.lm_UNDERT,lm,UNDERT,35,0.0021161758575766456
DS20,mc.lm_UNDERT,lm,UNDERT,36,0.002872106420440129
DS20,mc.lm_UNDERT,lm,UNDERT,37,0.0029153503778500656
DS20,mc.lm_UNDERT,lm,UNDERT,38,0.002314083610006018
DS20,mc.lm_UNDERT,lm,UNDERT,39,0.005002737711555189
DS20,mc.lm_UNDERT,lm,UNDERT,40,0.0036913688592549706
DS20,mc.lm_UNDERT,lm,UNDERT,41,0.005473596523273674
DS20,mc.lm_UNDERT,lm,UNDERT,42,0.002739470598685597
DS20,mc.lm_UNDERT,lm,UNDERT,43,0.0019023054343143297
DS20,mc.lm_UNDERT,lm,UNDERT,44,0.0034660299193390136
DS20,mc.lm_UNDERT,lm,UNDERT,45,0.0018826561259395929
DS20,mc.lm_UNDERT,lm,UNDERT,46,0.002006069439411533
DS20,mc.lm_UNDERT,lm,UNDERT,47,0.0017750598542170134
DS20,mc.lm_UNDERT,lm,UNDERT,48,0.002302264243799294
DS20,mc.lm_UNDERT,lm,UNDERT,49,0.0025528740574734653
DS20,mc.lm_UNDERT,lm,UNDERT,50,0.0024411159916082623
DS20,mc.lm,lm,baseline,1,0.005835253163124101
DS20,mc.lm,lm,baseline,2,0.005319297786036471
DS20,mc.lm,lm,baseline,3,0.00479007922820126
DS20,mc.lm,lm,baseline,4,0.004783672585775598
DS20,mc.lm,lm,baseline,5,0.004794476204038791
DS20,mc.lm,lm,baseline,6,0.005479588769751657
DS20,mc.lm,lm,baseline,7,0.005413752881034216
DS20,mc.lm,lm,baseline,8,0.005448531415546411
DS20,mc.lm,lm,baseline,9,0.005927433974783505
DS20,mc.lm,lm,baseline,10,0.005964617378277966
DS20,mc.lm,lm,baseline,11,0.006152407870218296
DS20,mc.lm,lm,baseline,12,0.006150007745987663
DS20,mc.lm,lm,baseline,13,0.006102264538965155
DS20,mc.lm,lm,baseline,14,0.006084898003705123
DS20,mc.lm,lm,baseline,15,0.00610337887846395
DS20,mc.lm,lm,baseline,16,0.006213811808184328
DS20,mc.lm,lm,baseline,17,0.006223783002204391
DS20,mc.lm,lm,baseline,18,0.006291483497759075
DS20,mc.lm,lm,baseline,19,0.0062857117915075585
DS20,mc.lm,lm,baseline,20,0.0060925546342592484
DS20,mc.lm,lm,baseline,21,0.00611573659875151
DS20,mc.lm,lm,baseline,22,0.005860240066107094
DS20,mc.lm,lm,baseline,23,0.0057895167567856036
DS20,mc.lm,lm,baseline,24,0.005710075878806627
DS20,mc.lm,lm,baseline,25,0.005121351312497764
DS20,mc.lm,lm,baseline,26,0.005133500454915578
DS20,mc.lm,lm,baseline,27,0.0038258661285143986
DS20,mc.lm,lm,baseline,28,0.002743341000751235
DS20,mc.lm,lm,baseline,29,0.0022682780764417985
DS20,mc.lm,lm,baseline,30,0.002048174581953832
DS20,mc.lm,lm,baseline,31,0.0020214578054195704
DS20,mc.lm,lm,baseline,32,0.0020102588992700044
DS20,mc.lm,lm,baseline,33,0.0018542511841540198
DS20,mc.lm,lm,baseline,34,0.0018665550459633171
DS20,mc.lm,lm,baseline,35,0.0018638014050779731
DS20,mc.lm,lm,baseline,36,0.0018552324070409167
DS20,mc.lm,lm,baseline,37,0.0018563064069884666
DS20,mc.lm,lm,baseline,38,0.0019121266260835117
DS20,mc.lm,lm,baseline,39,0.0018929056030691613
DS20,mc.lm,lm,baseline,40,0.0018886864114640238
DS20,mc.lm,lm,baseline,41,0.0018928338526563511
DS20,mc.lm,lm,baseline,42,0.001404403547349265
DS20,mc.lm,lm,baseline,43,0.0014102979827715308
DS20,mc.lm,lm,baseline,44,0.0014039069386083802
DS20,mc.lm,lm,baseline,45,0.0014017524356447057
DS20,mc.lm,lm,baseline,46,0.0014007512808218575
DS20,mc.lm,lm,baseline,47,0.0014261695536155398
DS20,mc.lm,lm,baseline,48,0.0014075328402365131
DS20,mc.lm,lm,baseline,49,0.001410838273068595
DS20,mc.lm,lm,baseline,50,0.0015874043916878583
DS20,mc.mars_OVERB,mars,OVERB,1,0.0062777718269892
DS20,mc.mars_OVERB,mars,OVERB,2,0.00761926335174854
DS20,mc.mars_OVERB,mars,OVERB,3,0.00779327365520031
DS20,mc.mars_OVERB,mars,OVERB,4,0.008058294508009644
DS20,mc.mars_OVERB,mars,OVERB,5,0.005198940605378788
DS20,mc.mars_OVERB,mars,OVERB,6,0.009200600146777416
DS20,mc.mars_OVERB,mars,OVERB,7,0.007245909851341205
DS20,mc.mars_OVERB,mars,OVERB,8,0.007631397475266771
DS20,mc.mars_OVERB,mars,OVERB,9,0.008957250917984504
DS20,mc.mars_OVERB,mars,OVERB,10,0.009283096965323968
DS20,mc.mars_OVERB,mars,OVERB,11,0.008439289159969434
DS20,mc.mars_OVERB,mars,OVERB,12,0.0093528015377023
DS20,mc.mars_OVERB,mars,OVERB,13,0.010963165061394008
DS20,mc.mars_OVERB,mars,OVERB,14,0.008873783868791148
DS20,mc.mars_OVERB,mars,OVERB,15,0.01320920602075261
DS20,mc.mars_OVERB,mars,OVERB,16,0.008478152660027848
DS20,mc.mars_OVERB,mars,OVERB,17,0.009972059442138418
DS20,mc.mars_OVERB,mars,OVERB,18,0.008682738901274438
DS20,mc.mars_OVERB,mars,OVERB,19,0.010937155671053552
DS20,mc.mars_OVERB,mars,OVERB,20,0.008788419853612797
DS20,mc.mars_OVERB,mars,OVERB,21,0.009911130890608884
DS20,mc.mars_OVERB,mars,OVERB,22,0.010017083013206467
DS20,mc.mars_OVERB,mars,OVERB,23,0.0065441160590953154
DS20,mc.mars_OVERB,mars,OVERB,24,0.006344250905727808
DS20,mc.mars_OVERB,mars,OVERB,25,0.01330655164252372
DS20,mc.mars_OVERB,mars,OVERB,26,0.005983094375539005
DS20,mc.mars_OVERB,mars,OVERB,27,0.0065399622881617695
DS20,mc.mars_OVERB,mars,OVERB,28,0.004672904321491072
DS20,mc.mars_OVERB,mars,OVERB,29,0.0037085501634382843
DS20,mc.mars_OVERB,mars,OVERB,30,0.0035201656036162655
DS20,mc.mars_OVERB,mars,OVERB,31,0.003762242691522117
DS20,mc.mars_OVERB,mars,OVERB,32,0.002976391985746
DS20,mc.mars_OVERB,mars,OVERB,33,0.0032246214482533992
DS20,mc.mars_OVERB,mars,OVERB,34,0.002541333507816404
DS20,mc.mars_OVERB,mars,OVERB,35,0.0024288524553303897
DS20,mc.mars_OVERB,mars,OVERB,36,0.0024540626046268307
DS20,mc.mars_OVERB,mars,OVERB,37,0.002494109559592789
DS20,mc.mars_OVERB,mars,OVERB,38,0.0026866296702749105
DS20,mc.mars_OVERB,mars,OVERB,39,0.002732767378445451
DS20,mc.mars_OVERB,mars,OVERB,40,0.0027156573287401226
DS20,mc.mars_OVERB,mars,OVERB,41,0.002797382573790543
DS20,mc.mars_OVERB,mars,OVERB,42,0.002023598591473566
DS20,mc.mars_OVERB,mars,OVERB,43,0.0021123719659149544
DS20,mc.mars_OVERB,mars,OVERB,44,0.002012711320333006
DS20,mc.mars_OVERB,mars,OVERB,45,0.0020864056417421433
DS20,mc.mars_OVERB,mars,OVERB,46,0.002127135497466569
DS20,mc.mars_OVERB,mars,OVERB,47,0.0020158703184982372
DS20,mc.mars_OVERB,mars,OVERB,48,0.001835163829451015
DS20,mc.mars_OVERB,mars,OVERB,49,0.0020324149100256848
DS20,mc.mars_OVERB,mars,OVERB,50,0.001957369519652367
DS20,mc.mars_OVERTPhi,mars,OVERTPhi,1,0.007838662136822038
DS20,mc.mars_OVERTPhi,mars,OVERTPhi,2,0.006828229664844835
DS20,mc.mars_OVERTPhi,mars,OVERTPhi,3,0.005919487884711604
DS20,mc.mars_OVERTPhi,mars,OVERTPhi,4,0.006427719601969315
DS20,mc.mars_OVERTPhi,mars,OVERTPhi,5,0.006605572120477796
DS20,mc.mars_OVERTPhi,mars,OVERTPhi,6,0.010301337276410163
DS20,mc.mars_OVERTPhi,mars,OVERTPhi,7,0.009938435861162491
DS20,mc.mars_OVERTPhi,mars,OVERTPhi,8,0.008902254586311413
DS20,mc.mars_OVERTPhi,mars,OVERTPhi,9,0.011723199510012515
DS20,mc.mars_OVERTPhi,mars,OVERTPhi,10,0.00915813108041807
DS20,mc.mars_OVERTPhi,mars,OVERTPhi,11,0.011576462576490688
DS20,mc.mars_OVERTPhi,mars,OVERTPhi,12,0.008895132701667212
DS20,mc.mars_OVERTPhi,mars,OVERTPhi,13,0.008059141219269459
DS20,mc.mars_OVERTPhi,mars,OVERTPhi,14,0.008548653349808047
DS20,mc.mars_OVERTPhi,mars,OVERTPhi,15,0.01190557353150525
DS20,mc.mars_OVERTPhi,mars,OVERTPhi,16,0.008450373966263762
DS20,mc.mars_OVERTPhi,mars,OVERTPhi,17,0.008255506999725453
DS20,mc.mars_OVERTPhi,mars,OVERTPhi,18,0.01441633345190044
DS20,mc.mars_OVERTPhi,mars,OVERTPhi,19,0.006976406791578488
DS20,mc.mars_OVERTPhi,mars,OVERTPhi,20,0.010673715082770967
DS20,mc.mars_OVERTPhi,mars,OVERTPhi,21,0.012328648430189743
DS20,mc.mars_OVERTPhi,mars,OVERTPhi,22,0.00708494686558575
DS20,mc.mars_OVERTPhi,mars,OVERTPhi,23,0.007155935289845035
DS20,mc.mars_OVERTPhi,mars,OVERTPhi,24,0.0076846711952492635
DS20,mc.mars_OVERTPhi,mars,OVERTPhi,25,0.008182147874321586
DS20,mc.mars_OVERTPhi,mars,OVERTPhi,26,0.007026300309240082
DS20,mc.mars_OVERTPhi,mars,OVERTPhi,27,0.004633685408296373
DS20,mc.mars_OVERTPhi,mars,OVERTPhi,28,0.004448323788382554
DS20,mc.mars_OVERTPhi,mars,OVERTPhi,29,0.004006742943739103
DS20,mc.mars_OVERTPhi,mars,OVERTPhi,30,0.0036330169754807645
DS20,mc.mars_OVERTPhi,mars,OVERTPhi,31,0.002508170759137383
DS20,mc.mars_OVERTPhi,mars,OVERTPhi,32,0.003148865103293314
DS20,mc.mars_OVERTPhi,mars,OVERTPhi,33,0.0024402214719138077
DS20,mc.mars_OVERTPhi,mars,OVERTPhi,34,0.0025024697008925972
DS20,mc.mars_OVERTPhi,mars,OVERTPhi,35,0.002462493192458156
DS20,mc.mars_OVERTPhi,mars,OVERTPhi,36,0.0021196351456289238
DS20,mc.mars_OVERTPhi,mars,OVERTPhi,37,0.0026756905284368243
DS20,mc.mars_OVERTPhi,mars,OVERTPhi,38,0.002694612729549522
DS20,mc.mars_OVERTPhi,mars,OVERTPhi,39,0.00224533275361624
DS20,mc.mars_OVERTPhi,mars,OVERTPhi,40,0.0022692792877748733
DS20,mc.mars_OVERTPhi,mars,OVERTPhi,41,0.0024209496618051783
DS20,mc.mars_OVERTPhi,mars,OVERTPhi,42,0.0020042366073995
DS20,mc.mars_OVERTPhi,mars,OVERTPhi,43,0.0019890852331782578
DS20,mc.mars_OVERTPhi,mars,OVERTPhi,44,0.0024286068575251644
DS20,mc.mars_OVERTPhi,mars,OVERTPhi,45,0.0018431702125702835
DS20,mc.mars_OVERTPhi,mars,OVERTPhi,46,0.0021516058193608895
DS20,mc.mars_OVERTPhi,mars,OVERTPhi,47,0.0019774921292634072
DS20,mc.mars_OVERTPhi,mars,OVERTPhi,48,0.0018382839033229703
DS20,mc.mars_OVERTPhi,mars,OVERTPhi,49,0.001980426515704517
DS20,mc.mars_OVERTPhi,mars,OVERTPhi,50,0.0030696090340425744
DS20,mc.mars_OVERT,mars,OVERT,1,0.008009952669629576
DS20,mc.mars_OVERT,mars,OVERT,2,0.00804901383319076
DS20,mc.mars_OVERT,mars,OVERT,3,0.006244436745571269
DS20,mc.mars_OVERT,mars,OVERT,4,0.006185145660285896
DS20,mc.mars_OVERT,mars,OVERT,5,0.005696834057627076
DS20,mc.mars_OVERT,mars,OVERT,6,0.010502755790323596
DS20,mc.mars_OVERT,mars,OVERT,7,0.009049382861876221
DS20,mc.mars_OVERT,mars,OVERT,8,0.010526800025205774
DS20,mc.mars_OVERT,mars,OVERT,9,0.011512943608552621
DS20,mc.mars_OVERT,mars,OVERT,10,0.011927244685227364
DS20,mc.mars_OVERT,mars,OVERT,11,0.009424425829320923
DS20,mc.mars_OVERT,mars,OVERT,12,0.008820687394503363
DS20,mc.mars_OVERT,mars,OVERT,13,0.008058684993160458
DS20,mc.mars_OVERT,mars,OVERT,14,0.008895617225745408
DS20,mc.mars_OVERT,mars,OVERT,15,0.012160396106142581
DS20,mc.mars_OVERT,mars,OVERT,16,0.008235776761717882
DS20,mc.mars_OVERT,mars,OVERT,17,0.008239168105467161
DS20,mc.mars_OVERT,mars,OVERT,18,0.008718764434977079
DS20,mc.mars_OVERT,mars,OVERT,19,0.008120626675266135
DS20,mc.mars_OVERT,mars,OVERT,20,0.010944568682960728
DS20,mc.mars_OVERT,mars,OVERT,21,0.011679060936678793
DS20,mc.mars_OVERT,mars,OVERT,22,0.009518339102405939
DS20,mc.mars_OVERT,mars,OVERT,23,0.007155935289845035
DS20,mc.mars_OVERT,mars,OVERT,24,0.007252975325644055
DS20,mc.mars_OVERT,mars,OVERT,25,0.00821083515007158
DS20,mc.mars_OVERT,mars,OVERT,26,0.006169727407753422
DS20,mc.mars_OVERT,mars,OVERT,27,0.004659249689698507
DS20,mc.mars_OVERT,mars,OVERT,28,0.004527004671567142
DS20,mc.mars_OVERT,mars,OVERT,29,0.003647788867758499
DS20,mc.mars_OVERT,mars,OVERT,30,0.003145450227822891
DS20,mc.mars_OVERT,mars,OVERT,31,0.0024800215369623433
DS20,mc.mars_OVERT,mars,OVERT,32,0.0031149680971763313
DS20,mc.mars_OVERT,mars,OVERT,33,0.002448235800015686
DS20,mc.mars_OVERT,mars,OVERT,34,0.0024838647141843893
DS20,mc.mars_OVERT,mars,OVERT,35,0.0024616948234520947
DS20,mc.mars_OVERT,mars,OVERT,36,0.0021391226885806545
DS20,mc.mars_OVERT,mars,OVERT,37,0.0026941598430655885
DS20,mc.mars_OVERT,mars,OVERT,38,0.0026866020677882335
DS20,mc.mars_OVERT,mars,OVERT,39,0.0022513308940414166
DS20,mc.mars_OVERT,mars,OVERT,40,0.002628236537908216
DS20,mc.mars_OVERT,mars,OVERT,41,0.002466538811355612
DS20,mc.mars_OVERT,mars,OVERT,42,0.0019977501585250316
DS20,mc.mars_OVERT,mars,OVERT,43,0.0018708259115491988
DS20,mc.mars_OVERT,mars,OVERT,44,0.0022083294482271075
DS20,mc.mars_OVERT,mars,OVERT,45,0.00198898321128735
DS20,mc.mars_OVERT,mars,OVERT,46,0.0019296393633910166
DS20,mc.mars_OVERT,mars,OVERT,47,0.001933026929030105
DS20,mc.mars_OVERT,mars,OVERT,48,0.0019519024838173145
DS20,mc.mars_OVERT,mars,OVERT,49,0.001983520526971258
DS20,mc.mars_OVERT,mars,OVERT,50,0.002912007141601583
DS20,mc.mars_SMOTEB,mars,SMOTEB,1,0.0090538221116634
DS20,mc.mars_SMOTEB,mars,SMOTEB,2,0.011363619994694098
DS20,mc.mars_SMOTEB,mars,SMOTEB,3,0.010281266467008707
DS20,mc.mars_SMOTEB,mars,SMOTEB,4,0.007051420008092095
DS20,mc.mars_SMOTEB,mars,SMOTEB,5,0.00899618653946391
DS20,mc.mars_SMOTEB,mars,SMOTEB,6,0.017001377174846587
DS20,mc.mars_SMOTEB,mars,SMOTEB,7,0.009978550774314018
DS20,mc.mars_SMOTEB,mars,SMOTEB,8,0.013099884469513486
DS20,mc.mars_SMOTEB,mars,SMOTEB,9,0.012725150216786881
DS20,mc.mars_SMOTEB,mars,SMOTEB,10,0.01170927408630708
DS20,mc.mars_SMOTEB,mars,SMOTEB,11,0.010229433918038407
DS20,mc.mars_SMOTEB,mars,SMOTEB,12,0.014937411126588558
DS20,mc.mars_SMOTEB,mars,SMOTEB,13,0.012209597981802293
DS20,mc.mars_SMOTEB,mars,SMOTEB,14,0.017139002377417327
DS20,mc.mars_SMOTEB,mars,SMOTEB,15,0.013984715813578748
DS20,mc.mars_SMOTEB,mars,SMOTEB,16,0.013165264234519122
DS20,mc.mars_SMOTEB,mars,SMOTEB,17,0.011634886868667019
DS20,mc.mars_SMOTEB,mars,SMOTEB,18,0.01734377236898571
DS20,mc.mars_SMOTEB,mars,SMOTEB,19,0.01480503471795472
DS20,mc.mars_SMOTEB,mars,SMOTEB,20,0.017386656098740245
DS20,mc.mars_SMOTEB,mars,SMOTEB,21,0.013404661806206954
DS20,mc.mars_SMOTEB,mars,SMOTEB,22,0.018441803967932064
DS20,mc.mars_SMOTEB,mars,SMOTEB,23,0.00790541730298579
DS20,mc.mars_SMOTEB,mars,SMOTEB,24,0.011907157276245608
DS20,mc.mars_SMOTEB,mars,SMOTEB,25,0.01098810330560921
DS20,mc.mars_SMOTEB,mars,SMOTEB,26,0.017741201518270692
DS20,mc.mars_SMOTEB,mars,SMOTEB,27,0.01065995944531464
DS20,mc.mars_SMOTEB,mars,SMOTEB,28,0.012501161705652141
DS20,mc.mars_SMOTEB,mars,SMOTEB,29,0.007862472331399199
DS20,mc.mars_SMOTEB,mars,SMOTEB,30,0.005294191482104536
DS20,mc.mars_SMOTEB,mars,SMOTEB,31,0.004385984924912696
DS20,mc.mars_SMOTEB,mars,SMOTEB,32,0.0032004658958759806
DS20,mc.mars_SMOTEB,mars,SMOTEB,33,0.0030229551379152854
DS20,mc.mars_SMOTEB,mars,SMOTEB,34,0.0036886700043581183
DS20,mc.mars_SMOTEB,mars,SMOTEB,35,0.003970542518816927
DS20,mc.mars_SMOTEB,mars,SMOTEB,36,0.004742080852243969
DS20,mc.mars_SMOTEB,mars,SMOTEB,37,0.004380072583350334
DS20,mc.mars_SMOTEB,mars,SMOTEB,38,0.0037818101087661302
DS20,mc.mars_SMOTEB,mars,SMOTEB,39,0.005399965201556273
DS20,mc.mars_SMOTEB,mars,SMOTEB,40,0.004791629898663691
DS20,mc.mars_SMOTEB,mars,SMOTEB,41,0.004081569039185667
DS20,mc.mars_SMOTEB,mars,SMOTEB,42,0.0027958166482778997
DS20,mc.mars_SMOTEB,mars,SMOTEB,43,0.0026184234823629746
DS20,mc.mars_SMOTEB,mars,SMOTEB,44,0.0030945353528052553
DS20,mc.mars_SMOTEB,mars,SMOTEB,45,0.003065946770292933
DS20,mc.mars_SMOTEB,mars,SMOTEB,46,0.003273938555135596
DS20,mc.mars_SMOTEB,mars,SMOTEB,47,0.0033534594229794497
DS20,mc.mars_SMOTEB,mars,SMOTEB,48,0.004230523610900289
DS20,mc.mars_SMOTEB,mars,SMOTEB,49,0.002847864081873562
DS20,mc.mars_SMOTEB,mars,SMOTEB,50,0.0028415123688476603
DS20,mc.mars_SMOTETPhi,mars,SMOTETPhi,1,0.01653310620814888
DS20,mc.mars_SMOTETPhi,mars,SMOTETPhi,2,0.008060293848138615
DS20,mc.mars_SMOTETPhi,mars,SMOTETPhi,3,0.010099022692069252
DS20,mc.mars_SMOTETPhi,mars,SMOTETPhi,4,0.01840406210916299
DS20,mc.mars_SMOTETPhi,mars,SMOTETPhi,5,0.011380022805370336
DS20,mc.mars_SMOTETPhi,mars,SMOTETPhi,6,0.009334138664834655
DS20,mc.mars_SMOTETPhi,mars,SMOTETPhi,7,0.005765704332210732
DS20,mc.mars_SMOTETPhi,mars,SMOTETPhi,8,0.009351084857021111
DS20,mc.mars_SMOTETPhi,mars,SMOTETPhi,9,0.017880992227922103
DS20,mc.mars_SMOTETPhi,mars,SMOTETPhi,10,0.012202163725055254
DS20,mc.mars_SMOTETPhi,mars,SMOTETPhi,11,0.011239807210030404
DS20,mc.mars_SMOTETPhi,mars,SMOTETPhi,12,0.014554158487342232
DS20,mc.mars_SMOTETPhi,mars,SMOTETPhi,13,0.012288447968565758
DS20,mc.mars_SMOTETPhi,mars,SMOTETPhi,14,0.013675415046714778
DS20,mc.mars_SMOTETPhi,mars,SMOTETPhi,15,0.0111812227175576
DS20,mc.mars_SMOTETPhi,mars,SMOTETPhi,16,0.009163878446412947
DS20,mc.mars_SMOTETPhi,mars,SMOTETPhi,17,0.01087173897956669
DS20,mc.mars_SMOTETPhi,mars,SMOTETPhi,18,0.0134857526145223
DS20,mc.mars_SMOTETPhi,mars,SMOTETPhi,19,0.023312211850503944
DS20,mc.mars_SMOTETPhi,mars,SMOTETPhi,20,0.022617412104539165
DS20,mc.mars_SMOTETPhi,mars,SMOTETPhi,21,0.02001947510269322
DS20,mc.mars_SMOTETPhi,mars,SMOTETPhi,22,0.010603237369065146
DS20,mc.mars_SMOTETPhi,mars,SMOTETPhi,23,0.012318534222368421
DS20,mc.mars_SMOTETPhi,mars,SMOTETPhi,24,0.011842385080369049
DS20,mc.mars_SMOTETPhi,mars,SMOTETPhi,25,0.010189167023207978
DS20,mc.mars_SMOTETPhi,mars,SMOTETPhi,26,0.023056842403815205
DS20,mc.mars_SMOTETPhi,mars,SMOTETPhi,27,0.013327001919973666
DS20,mc.mars_SMOTETPhi,mars,SMOTETPhi,28,0.01906945224311409
DS20,mc.mars_SMOTETPhi,mars,SMOTETPhi,29,0.01712562546737726
DS20,mc.mars_SMOTETPhi,mars,SMOTETPhi,30,0.004870954270901138
DS20,mc.mars_SMOTETPhi,mars,SMOTETPhi,31,0.0049997071015075575
DS20,mc.mars_SMOTETPhi,mars,SMOTETPhi,32,0.005307095897372379
DS20,mc.mars_SMOTETPhi,mars,SMOTETPhi,33,0.0030940190985823198
DS20,mc.mars_SMOTETPhi,mars,SMOTETPhi,34,0.00552379811306352
DS20,mc.mars_SMOTETPhi,mars,SMOTETPhi,35,0.003849872191755546
DS20,mc.mars_SMOTETPhi,mars,SMOTETPhi,36,0.0025388975541692535
DS20,mc.mars_SMOTETPhi,mars,SMOTETPhi,37,0.0034355330465281166
DS20,mc.mars_SMOTETPhi,mars,SMOTETPhi,38,0.005785215899701651
DS20,mc.mars_SMOTETPhi,mars,SMOTETPhi,39,0.004384412571166455
DS20,mc.mars_SMOTETPhi,mars,SMOTETPhi,40,0.005307062269142639
DS20,mc.mars_SMOTETPhi,mars,SMOTETPhi,41,0.004794651592275461
DS20,mc.mars_SMOTETPhi,mars,SMOTETPhi,42,0.003855720935186006
DS20,mc.mars_SMOTETPhi,mars,SMOTETPhi,43,0.0034185853201451795
DS20,mc.mars_SMOTETPhi,mars,SMOTETPhi,44,0.002445129646929593
DS20,mc.mars_SMOTETPhi,mars,SMOTETPhi,45,0.005393674652927719
DS20,mc.mars_SMOTETPhi,mars,SMOTETPhi,46,0.003073575746724599
DS20,mc.mars_SMOTETPhi,mars,SMOTETPhi,47,0.0035193234151527464
DS20,mc.mars_SMOTETPhi,mars,SMOTETPhi,48,0.004313845242053824
DS20,mc.mars_SMOTETPhi,mars,SMOTETPhi,49,0.002851110605071796
DS20,mc.mars_SMOTETPhi,mars,SMOTETPhi,50,0.0025626244144495293
DS20,mc.mars_SMOTET,mars,SMOTET,1,0.006183409801389285
DS20,mc.mars_SMOTET,mars,SMOTET,2,0.009636539835984507
DS20,mc.mars_SMOTET,mars,SMOTET,3,0.009747972842950859
DS20,mc.mars_SMOTET,mars,SMOTET,4,0.009912438111347177
DS20,mc.mars_SMOTET,mars,SMOTET,5,0.015708121650595763
DS20,mc.mars_SMOTET,mars,SMOTET,6,0.014630622137212949
DS20,mc.mars_SMOTET,mars,SMOTET,7,0.01801680395096478
DS20,mc.mars_SMOTET,mars,SMOTET,8,0.00615442946647961
DS20,mc.mars_SMOTET,mars,SMOTET,9,0.013205817793267433
DS20,mc.mars_SMOTET,mars,SMOTET,10,0.013136975655586969
DS20,mc.mars_SMOTET,mars,SMOTET,11,0.009477222216273973
DS20,mc.mars_SMOTET,mars,SMOTET,12,0.010679053145582118
DS20,mc.mars_SMOTET,mars,SMOTET,13,0.016183752348636324
DS20,mc.mars_SMOTET,mars,SMOTET,14,0.012599834036365023
DS20,mc.mars_SMOTET,mars,SMOTET,15,0.015126368088956666
DS20,mc.mars_SMOTET,mars,SMOTET,16,0.02313262875126403
DS20,mc.mars_SMOTET,mars,SMOTET,17,0.0725778966896343
DS20,mc.mars_SMOTET,mars,SMOTET,18,0.02103415424028388
DS20,mc.mars_SMOTET,mars,SMOTET,19,0.014204563023083488
DS20,mc.mars_SMOTET,mars,SMOTET,20,0.011871709228416833
DS20,mc.mars_SMOTET,mars,SMOTET,21,0.013440085344615969
DS20,mc.mars_SMOTET,mars,SMOTET,22,0.015608085055996604
DS20,mc.mars_SMOTET,mars,SMOTET,23,0.010040803396763954
DS20,mc.mars_SMOTET,mars,SMOTET,24,0.010052599276726717
DS20,mc.mars_SMOTET,mars,SMOTET,25,0.058392027472529695
DS20,mc.mars_SMOTET,mars,SMOTET,26,0.042684082715859294
DS20,mc.mars_SMOTET,mars,SMOTET,27,0.00851181134453101
DS20,mc.mars_SMOTET,mars,SMOTET,28,0.004785627574697509
DS20,mc.mars_SMOTET,mars,SMOTET,29,0.0053768573878664174
DS20,mc.mars_SMOTET,mars,SMOTET,30,0.00418059574662508
DS20,mc.mars_SMOTET,mars,SMOTET,31,0.009094239868905556
DS20,mc.mars_SMOTET,mars,SMOTET,32,0.005018381486477816
DS20,mc.mars_SMOTET,mars,SMOTET,33,0.003831538998445845
DS20,mc.mars_SMOTET,mars,SMOTET,34,0.004150869414499709
DS20,mc.mars_SMOTET,mars,SMOTET,35,0.0031060420881042204
DS20,mc.mars_SMOTET,mars,SMOTET,36,0.0033808869757057727
DS20,mc.mars_SMOTET,mars,SMOTET,37,0.00330407378074958
DS20,mc.mars_SMOTET,mars,SMOTET,38,0.004454534664880824
DS20,mc.mars_SMOTET,mars,SMOTET,39,0.0037402070870424273
DS20,mc.mars_SMOTET,mars,SMOTET,40,0.00438484238574378
DS20,mc.mars_SMOTET,mars,SMOTET,41,0.0038809413516504897
DS20,mc.mars_SMOTET,mars,SMOTET,42,0.004075600791518133
DS20,mc.mars_SMOTET,mars,SMOTET,43,0.0026099551968847747
DS20,mc.mars_SMOTET,mars,SMOTET,44,0.0022784713240678444
DS20,mc.mars_SMOTET,mars,SMOTET,45,0.002494539331569242
DS20,mc.mars_SMOTET,mars,SMOTET,46,0.002847297782634942
DS20,mc.mars_SMOTET,mars,SMOTET,47,0.0025269051299543826
DS20,mc.mars_SMOTET,mars,SMOTET,48,0.00449294533001607
DS20,mc.mars_SMOTET,mars,SMOTET,49,0.003199822775587107
DS20,mc.mars_SMOTET,mars,SMOTET,50,0.003399701373366637
DS20,mc.mars_UNDERB,mars,UNDERB,1,0.007630603337628722
DS20,mc.mars_UNDERB,mars,UNDERB,2,0.006888875669949832
DS20,mc.mars_UNDERB,mars,UNDERB,3,0.005793447906624834
DS20,mc.mars_UNDERB,mars,UNDERB,4,0.005711359655866776
DS20,mc.mars_UNDERB,mars,UNDERB,5,0.005227713759887266
DS20,mc.mars_UNDERB,mars,UNDERB,6,0.005640044573049797
DS20,mc.mars_UNDERB,mars,UNDERB,7,0.005883970875176566
DS20,mc.mars_UNDERB,mars,UNDERB,8,0.005826047750161299
DS20,mc.mars_UNDERB,mars,UNDERB,9,0.005889390054096892
DS20,mc.mars_UNDERB,mars,UNDERB,10,0.006599777630600555
DS20,mc.mars_UNDERB,mars,UNDERB,11,0.006711370611879347
DS20,mc.mars_UNDERB,mars,UNDERB,12,0.006037816476678204
DS20,mc.mars_UNDERB,mars,UNDERB,13,0.006843452805196608
DS20,mc.mars_UNDERB,mars,UNDERB,14,0.005724551637881149
DS20,mc.mars_UNDERB,mars,UNDERB,15,0.006841488481973394
DS20,mc.mars_UNDERB,mars,UNDERB,16,0.0064907213603797856
DS20,mc.mars_UNDERB,mars,UNDERB,17,0.006025328428598932
DS20,mc.mars_UNDERB,mars,UNDERB,18,0.006332777435750397
DS20,mc.mars_UNDERB,mars,UNDERB,19,0.0065687167750064545
DS20,mc.mars_UNDERB,mars,UNDERB,20,0.006027689742997939
DS20,mc.mars_UNDERB,mars,UNDERB,21,0.006086964369189349
DS20,mc.mars_UNDERB,mars,UNDERB,22,0.005708650788310854
DS20,mc.mars_UNDERB,mars,UNDERB,23,0.005713023147393211
DS20,mc.mars_UNDERB,mars,UNDERB,24,0.005582270987767132
DS20,mc.mars_UNDERB,mars,UNDERB,25,0.005349459332454649
DS20,mc.mars_UNDERB,mars,UNDERB,26,0.005553602039525168
DS20,mc.mars_UNDERB,mars,UNDERB,27,0.0038057200369379612
DS20,mc.mars_UNDERB,mars,UNDERB,28,0.003188365435540331
DS20,mc.mars_UNDERB,mars,UNDERB,29,0.00241946378802562
DS20,mc.mars_UNDERB,mars,UNDERB,30,0.0021064967698354057
DS20,mc.mars_UNDERB,mars,UNDERB,31,0.002104928136475793
DS20,mc.mars_UNDERB,mars,UNDERB,32,0.002187854015225898
DS20,mc.mars_UNDERB,mars,UNDERB,33,0.0019319910052713848
DS20,mc.mars_UNDERB,mars,UNDERB,34,0.0020627623633018757
DS20,mc.mars_UNDERB,mars,UNDERB,35,0.0023421156339880115
DS20,mc.mars_UNDERB,mars,UNDERB,36,0.0019367934447380236
DS20,mc.mars_UNDERB,mars,UNDERB,37,0.0019764793883173836
DS20,mc.mars_UNDERB,mars,UNDERB,38,0.002114562366062914
DS20,mc.mars_UNDERB,mars,UNDERB,39,0.002355696071548174
DS20,mc.mars_UNDERB,mars,UNDERB,40,0.0023585535271725007
DS20,mc.mars_UNDERB,mars,UNDERB,41,0.0026428426592039014
DS20,mc.mars_UNDERB,mars,UNDERB,42,0.0016925342616740825
DS20,mc.mars_UNDERB,mars,UNDERB,43,0.0017939927768372702
DS20,mc.mars_UNDERB,mars,UNDERB,44,0.001848576571655073
DS20,mc.mars_UNDERB,mars,UNDERB,45,0.0018615736748106796
DS20,mc.mars_UNDERB,mars,UNDERB,46,0.001712120288062884
DS20,mc.mars_UNDERB,mars,UNDERB,47,0.0017011586646801945
DS20,mc.mars_UNDERB,mars,UNDERB,48,0.001888855190652914
DS20,mc.mars_UNDERB,mars,UNDERB,49,0.0017712828240880854
DS20,mc.mars_UNDERB,mars,UNDERB,50,0.0020523281356663436
DS20,mc.mars_UNDERTPhi,mars,UNDERTPhi,1,0.008084736210645885
DS20,mc.mars_UNDERTPhi,mars,UNDERTPhi,2,0.005830421676136026
DS20,mc.mars_UNDERTPhi,mars,UNDERTPhi,3,0.005819714496169675
DS20,mc.mars_UNDERTPhi,mars,UNDERTPhi,4,0.005653967975314622
DS20,mc.mars_UNDERTPhi,mars,UNDERTPhi,5,0.005729125910905384
DS20,mc.mars_UNDERTPhi,mars,UNDERTPhi,6,0.005571142923228737
DS20,mc.mars_UNDERTPhi,mars,UNDERTPhi,7,0.005639133921523898
DS20,mc.mars_UNDERTPhi,mars,UNDERTPhi,8,0.005519331563035866
DS20,mc.mars_UNDERTPhi,mars,UNDERTPhi,9,0.006336162488193077
DS20,mc.mars_UNDERTPhi,mars,UNDERTPhi,10,0.006339031249870359
DS20,mc.mars_UNDERTPhi,mars,UNDERTPhi,11,0.00637598762496584
DS20,mc.mars_UNDERTPhi,mars,UNDERTPhi,12,0.0066121300489851665
DS20,mc.mars_UNDERTPhi,mars,UNDERTPhi,13,0.006738329681946816
DS20,mc.mars_UNDERTPhi,mars,UNDERTPhi,14,0.006895961320068031
DS20,mc.mars_UNDERTPhi,mars,UNDERTPhi,15,0.006101750780183845
DS20,mc.mars_UNDERTPhi,mars,UNDERTPhi,16,0.006208661783309534
DS20,mc.mars_UNDERTPhi,mars,UNDERTPhi,17,0.006259490630041192
DS20,mc.mars_UNDERTPhi,mars,UNDERTPhi,18,0.00663029099301186
DS20,mc.mars_UNDERTPhi,mars,UNDERTPhi,19,0.006420063211661147
DS20,mc.mars_UNDERTPhi,mars,UNDERTPhi,20,0.005913837916531827
DS20,mc.mars_UNDERTPhi,mars,UNDERTPhi,21,0.009772270049214165
DS20,mc.mars_UNDERTPhi,mars,UNDERTPhi,22,0.005804538367603732
DS20,mc.mars_UNDERTPhi,mars,UNDERTPhi,23,0.00565365814534496
DS20,mc.mars_UNDERTPhi,mars,UNDERTPhi,24,0.005700928898383761
DS20,mc.mars_UNDERTPhi,mars,UNDERTPhi,25,0.006001561320418323
DS20,mc.mars_UNDERTPhi,mars,UNDERTPhi,26,0.004840557760510056
DS20,mc.mars_UNDERTPhi,mars,UNDERTPhi,27,0.0038122452691792324
DS20,mc.mars_UNDERTPhi,mars,UNDERTPhi,28,0.003519004708950067
DS20,mc.mars_UNDERTPhi,mars,UNDERTPhi,29,0.003096852315890241
DS20,mc.mars_UNDERTPhi,mars,UNDERTPhi,30,0.0020984684650982148
DS20,mc.mars_UNDERTPhi,mars,UNDERTPhi,31,0.002079146709364983
DS20,mc.mars_UNDERTPhi,mars,UNDERTPhi,32,0.002224426863433651
DS20,mc.mars_UNDERTPhi,mars,UNDERTPhi,33,0.0035532912100671994
DS20,mc.mars_UNDERTPhi,mars,UNDERTPhi,34,0.0025753757827360127
DS20,mc.mars_UNDERTPhi,mars,UNDERTPhi,35,0.0019315008276165864
DS20,mc.mars_UNDERTPhi,mars,UNDERTPhi,36,0.0020909765001884003
DS20,mc.mars_UNDERTPhi,mars,UNDERTPhi,37,0.0022098486723938784
DS20,mc.mars_UNDERTPhi,mars,UNDERTPhi,38,0.0025204242229159165
DS20,mc.mars_UNDERTPhi,mars,UNDERTPhi,39,0.0020421820139333
DS20,mc.mars_UNDERTPhi,mars,UNDERTPhi,40,0.0023390876106933038
DS20,mc.mars_UNDERTPhi,mars,UNDERTPhi,41,0.002175727767258577
DS20,mc.mars_UNDERTPhi,mars,UNDERTPhi,42,0.0025915605951278547
DS20,mc.mars_UNDERTPhi,mars,UNDERTPhi,43,0.0018680885630351274
DS20,mc.mars_UNDERTPhi,mars,UNDERTPhi,44,0.0018145628446713381
DS20,mc.mars_UNDERTPhi,mars,UNDERTPhi,45,0.0017265516260724194
DS20,mc.mars_UNDERTPhi,mars,UNDERTPhi,46,0.00203261012302172
DS20,mc.mars_UNDERTPhi,mars,UNDERTPhi,47,0.0021055799097525977
DS20,mc.mars_UNDERTPhi,mars,UNDERTPhi,48,0.0031780334867812536
DS20,mc.mars_UNDERTPhi,mars,UNDERTPhi,49,0.0018505976025526968
DS20,mc.mars_UNDERTPhi,mars,UNDERTPhi,50,0.001875672471428683
DS20,mc.mars_UNDERT,mars,UNDERT,1,0.0066186168336665775
DS20,mc.mars_UNDERT,mars,UNDERT,2,0.006306604859530407
DS20,mc.mars_UNDERT,mars,UNDERT,3,0.005852615702320508
DS20,mc.mars_UNDERT,mars,UNDERT,4,0.005505578567656491
DS20,mc.mars_UNDERT,mars,UNDERT,5,0.007292024400649825
DS20,mc.mars_UNDERT,mars,UNDERT,6,0.006058774329354887
DS20,mc.mars_UNDERT,mars,UNDERT,7,0.006150139324188654
DS20,mc.mars_UNDERT,mars,UNDERT,8,0.006206109101569896
DS20,mc.mars_UNDERT,mars,UNDERT,9,0.006172595333533106
DS20,mc.mars_UNDERT,mars,UNDERT,10,0.005764523355904647
DS20,mc.mars_UNDERT,mars,UNDERT,11,0.006604165133128783
DS20,mc.mars_UNDERT,mars,UNDERT,12,0.007475005265734026
DS20,mc.mars_UNDERT,mars,UNDERT,13,0.006890918973420575
DS20,mc.mars_UNDERT,mars,UNDERT,14,0.006511413406461029
DS20,mc.mars_UNDERT,mars,UNDERT,15,0.006387952474925069
DS20,mc.mars_UNDERT,mars,UNDERT,16,0.006703019158716292
DS20,mc.mars_UNDERT,mars,UNDERT,17,0.006646602346114639
DS20,mc.mars_UNDERT,mars,UNDERT,18,0.006730466066314584
DS20,mc.mars_UNDERT,mars,UNDERT,19,0.007295041828951891
DS20,mc.mars_UNDERT,mars,UNDERT,20,0.006336993814198763
DS20,mc.mars_UNDERT,mars,UNDERT,21,0.006053215911958001
DS20,mc.mars_UNDERT,mars,UNDERT,22,0.005747556072245904
DS20,mc.mars_UNDERT,mars,UNDERT,23,0.00565441817036173
DS20,mc.mars_UNDERT,mars,UNDERT,24,0.005652457735453488
DS20,mc.mars_UNDERT,mars,UNDERT,25,0.005504079465027052
DS20,mc.mars_UNDERT,mars,UNDERT,26,0.005267959098980482
DS20,mc.mars_UNDERT,mars,UNDERT,27,0.0037955678565472512
DS20,mc.mars_UNDERT,mars,UNDERT,28,0.0028686888588817403
DS20,mc.mars_UNDERT,mars,UNDERT,29,0.002406207955716328
DS20,mc.mars_UNDERT,mars,UNDERT,30,0.00291410547820088
DS20,mc.mars_UNDERT,mars,UNDERT,31,0.002097969122464612
DS20,mc.mars_UNDERT,mars,UNDERT,32,0.0021022588346080694
DS20,mc.mars_UNDERT,mars,UNDERT,33,0.002137426115531864
DS20,mc.mars_UNDERT,mars,UNDERT,34,0.002980065865544068
DS20,mc.mars_UNDERT,mars,UNDERT,35,0.0019525438754679238
DS20,mc.mars_UNDERT,mars,UNDERT,36,0.0020711397870952536
DS20,mc.mars_UNDERT,mars,UNDERT,37,0.0020824114966634098
DS20,mc.mars_UNDERT,mars,UNDERT,38,0.0021247486598904
DS20,mc.mars_UNDERT,mars,UNDERT,39,0.002171125680884509
DS20,mc.mars_UNDERT,mars,UNDERT,40,0.002033606106181489
DS20,mc.mars_UNDERT,mars,UNDERT,41,0.002094448953133644
DS20,mc.mars_UNDERT,mars,UNDERT,42,0.002199421114571492
DS20,mc.mars_UNDERT,mars,UNDERT,43,0.00183762755546928
DS20,mc.mars_UNDERT,mars,UNDERT,44,0.002001248573956501
DS20,mc.mars_UNDERT,mars,UNDERT,45,0.0016383816532325828
DS20,mc.mars_UNDERT,mars,UNDERT,46,0.001873522206487942
DS20,mc.mars_UNDERT,mars,UNDERT,47,0.0016868100198929575
DS20,mc.mars_UNDERT,mars,UNDERT,48,0.00186328051243484
DS20,mc.mars_UNDERT,mars,UNDERT,49,0.0019072909681766954
DS20,mc.mars_UNDERT,mars,UNDERT,50,0.0019576048877066733
DS20,mc.mars,mars,baseline,1,0.00606405709147904
DS20,mc.mars,mars,baseline,2,0.005557589100522135
DS20,mc.mars,mars,baseline,3,0.004890904653284498
DS20,mc.mars,mars,baseline,4,0.004815129016512204
DS20,mc.mars,mars,baseline,5,0.0048972590539327465
DS20,mc.mars,mars,baseline,6,0.0055643612784915895
DS20,mc.mars,mars,baseline,7,0.005618344646180118
DS20,mc.mars,mars,baseline,8,0.005708233438457415
DS20,mc.mars,mars,baseline,9,0.005961109242549178
DS20,mc.mars,mars,baseline,10,0.006434256846354086
DS20,mc.mars,mars,baseline,11,0.006463616198459494
DS20,mc.mars,mars,baseline,12,0.006473594678615894
DS20,mc.mars,mars,baseline,13,0.006429860507684737
DS20,mc.mars,mars,baseline,14,0.0063883062275886535
DS20,mc.mars,mars,baseline,15,0.00642317290794828
DS20,mc.mars,mars,baseline,16,0.007026185284605948
DS20,mc.mars,mars,baseline,17,0.007037438422299368
DS20,mc.mars,mars,baseline,18,0.007089799894377631
DS20,mc.mars,mars,baseline,19,0.006653287513367928
DS20,mc.mars,mars,baseline,20,0.008021284867129436
DS20,mc.mars,mars,baseline,21,0.005323271943990872
DS20,mc.mars,mars,baseline,22,0.005391888929921093
DS20,mc.mars,mars,baseline,23,0.005308357472472069
DS20,mc.mars,mars,baseline,24,0.0052266834007030204
DS20,mc.mars,mars,baseline,25,0.00621304825760528
DS20,mc.mars,mars,baseline,26,0.00611299090274485
DS20,mc.mars,mars,baseline,27,0.003616088005482713
DS20,mc.mars,mars,baseline,28,0.002526516609476928
DS20,mc.mars,mars,baseline,29,0.0024886446986282012
DS20,mc.mars,mars,baseline,30,0.002184305583155587
DS20,mc.mars,mars,baseline,31,0.002386592786869253
DS20,mc.mars,mars,baseline,32,0.0021540118892411225
DS20,mc.mars,mars,baseline,33,0.001919267535113375
DS20,mc.mars,mars,baseline,34,0.0019495859747014623
DS20,mc.mars,mars,baseline,35,0.0019240619761548418
DS20,mc.mars,mars,baseline,36,0.0019201041337817057
DS20,mc.mars,mars,baseline,37,0.0019710694793884493
DS20,mc.mars,mars,baseline,38,0.002005101983863392
DS20,mc.mars,mars,baseline,39,0.001997219972357737
DS20,mc.mars,mars,baseline,40,0.0019825648123574843
DS20,mc.mars,mars,baseline,41,0.0020863120396777306
DS20,mc.mars,mars,baseline,42,0.0015847657111790576
DS20,mc.mars,mars,baseline,43,0.0016057336357297846
DS20,mc.mars,mars,baseline,44,0.0016138124705583278
DS20,mc.mars,mars,baseline,45,0.0016125769249314198
DS20,mc.mars,mars,baseline,46,0.001587221392290434
DS20,mc.mars,mars,baseline,47,0.0016300327850060565
DS20,mc.mars,mars,baseline,48,0.0016168467134414666
DS20,mc.mars,mars,baseline,49,0.001606315299886494
DS20,mc.mars,mars,baseline,50,0.0017596222888162283
DS20,mc.rf_OVERB,rf,OVERB,1,0.005960979567594357
DS20,mc.rf_OVERB,rf,OVERB,2,0.005286091311048496
DS20,mc.rf_OVERB,rf,OVERB,3,0.004877395957583748
DS20,mc.rf_OVERB,rf,OVERB,4,0.004867304333094881
DS20,mc.rf_OVERB,rf,OVERB,5,0.005117400099069
DS20,mc.rf_OVERB,rf,OVERB,6,0.00544156673300889
DS20,mc.rf_OVERB,rf,OVERB,7,0.005773635501498241
DS20,mc.rf_OVERB,rf,OVERB,8,0.0058534687121802095
DS20,mc.rf_OVERB,rf,OVERB,9,0.006160551695900395
DS20,mc.rf_OVERB,rf,OVERB,10,0.006358118538860739
DS20,mc.rf_OVERB,rf,OVERB,11,0.007534737339473441
DS20,mc.rf_OVERB,rf,OVERB,12,0.0070295809529171
DS20,mc.rf_OVERB,rf,OVERB,13,0.006718605088112149
DS20,mc.rf_OVERB,rf,OVERB,14,0.006906257508316765
DS20,mc.rf_OVERB,rf,OVERB,15,0.006984937943263493
DS20,mc.rf_OVERB,rf,OVERB,16,0.00737590587538795
DS20,mc.rf_OVERB,rf,OVERB,17,0.00730107304674977
DS20,mc.rf_OVERB,rf,OVERB,18,0.006741254164194517
DS20,mc.rf_OVERB,rf,OVERB,19,0.00690807293858649
DS20,mc.rf_OVERB,rf,OVERB,20,0.006986275419607872
DS20,mc.rf_OVERB,rf,OVERB,21,0.006561331423717572
DS20,mc.rf_OVERB,rf,OVERB,22,0.005966420493985811
DS20,mc.rf_OVERB,rf,OVERB,23,0.005607229852357433
DS20,mc.rf_OVERB,rf,OVERB,24,0.00541290932109459
DS20,mc.rf_OVERB,rf,OVERB,25,0.0052942663824543275
DS20,mc.rf_OVERB,rf,OVERB,26,0.004990669565478908
DS20,mc.rf_OVERB,rf,OVERB,27,0.003882844838248799
DS20,mc.rf_OVERB,rf,OVERB,28,0.0028168346274070042
DS20,mc.rf_OVERB,rf,OVERB,29,0.002605965708954086
DS20,mc.rf_OVERB,rf,OVERB,30,0.002206293670701932
DS20,mc.rf_OVERB,rf,OVERB,31,0.0022730262224131235
DS20,mc.rf_OVERB,rf,OVERB,32,0.0021939279260942794
DS20,mc.rf_OVERB,rf,OVERB,33,0.001889329171728451
DS20,mc.rf_OVERB,rf,OVERB,34,0.0019645124336531983
DS20,mc.rf_OVERB,rf,OVERB,35,0.001935462777370177
DS20,mc.rf_OVERB,rf,OVERB,36,0.0019205210614323496
DS20,mc.rf_OVERB,rf,OVERB,37,0.001919372652720862
DS20,mc.rf_OVERB,rf,OVERB,38,0.0018876230191741442
DS20,mc.rf_OVERB,rf,OVERB,39,0.001884854703597335
DS20,mc.rf_OVERB,rf,OVERB,40,0.0019363110451125212
DS20,mc.rf_OVERB,rf,OVERB,41,0.0020603427334144205
DS20,mc.rf_OVERB,rf,OVERB,42,0.001547770181776399
DS20,mc.rf_OVERB,rf,OVERB,43,0.0015559077310937548
DS20,mc.rf_OVERB,rf,OVERB,44,0.0015994428168168307
DS20,mc.rf_OVERB,rf,OVERB,45,0.0015790327676117625
DS20,mc.rf_OVERB,rf,OVERB,46,0.001531215819096732
DS20,mc.rf_OVERB,rf,OVERB,47,0.00160209633862302
DS20,mc.rf_OVERB,rf,OVERB,48,0.0015929165072649978
DS20,mc.rf_OVERB,rf,OVERB,49,0.0015796117521098604
DS20,mc.rf_OVERB,rf,OVERB,50,0.0017200028928498375
DS20,mc.rf_OVERTPhi,rf,OVERTPhi,1,0.006521779720628198
DS20,mc.rf_OVERTPhi,rf,OVERTPhi,2,0.005675765996354051
DS20,mc.rf_OVERTPhi,rf,OVERTPhi,3,0.004577353777345583
DS20,mc.rf_OVERTPhi,rf,OVERTPhi,4,0.004633086899496361
DS20,mc.rf_OVERTPhi,rf,OVERTPhi,5,0.004608395658335984
DS20,mc.rf_OVERTPhi,rf,OVERTPhi,6,0.005517766615627289
DS20,mc.rf_OVERTPhi,rf,OVERTPhi,7,0.005571735342064857
DS20,mc.rf_OVERTPhi,rf,OVERTPhi,8,0.00563365254478224
DS20,mc.rf_OVERTPhi,rf,OVERTPhi,9,0.005937991577700364
DS20,mc.rf_OVERTPhi,rf,OVERTPhi,10,0.006246837085458583
DS20,mc.rf_OVERTPhi,rf,OVERTPhi,11,0.006625230755839577
DS20,mc.rf_OVERTPhi,rf,OVERTPhi,12,0.007052946991319689
DS20,mc.rf_OVERTPhi,rf,OVERTPhi,13,0.006623445894380709
DS20,mc.rf_OVERTPhi,rf,OVERTPhi,14,0.00659310678617039
DS20,mc.rf_OVERTPhi,rf,OVERTPhi,15,0.006610116902339514
DS20,mc.rf_OVERTPhi,rf,OVERTPhi,16,0.006780443672274623
DS20,mc.rf_OVERTPhi,rf,OVERTPhi,17,0.006411261334495593
DS20,mc.rf_OVERTPhi,rf,OVERTPhi,18,0.006568096694653362
DS20,mc.rf_OVERTPhi,rf,OVERTPhi,19,0.006366134212780521
DS20,mc.rf_OVERTPhi,rf,OVERTPhi,20,0.006831401480813535
DS20,mc.rf_OVERTPhi,rf,OVERTPhi,21,0.0065744019848238775
DS20,mc.rf_OVERTPhi,rf,OVERTPhi,22,0.005934662312416551
DS20,mc.rf_OVERTPhi,rf,OVERTPhi,23,0.005723396306687807
DS20,mc.rf_OVERTPhi,rf,OVERTPhi,24,0.005750720782767786
DS20,mc.rf_OVERTPhi,rf,OVERTPhi,25,0.005433349588134819
DS20,mc.rf_OVERTPhi,rf,OVERTPhi,26,0.0052814043817994115
DS20,mc.rf_OVERTPhi,rf,OVERTPhi,27,0.003365686707392106
DS20,mc.rf_OVERTPhi,rf,OVERTPhi,28,0.0028837931082346213
DS20,mc.rf_OVERTPhi,rf,OVERTPhi,29,0.0024149571856246803
DS20,mc.rf_OVERTPhi,rf,OVERTPhi,30,0.002163914194384453
DS20,mc.rf_OVERTPhi,rf,OVERTPhi,31,0.00210602406412399
DS20,mc.rf_OVERTPhi,rf,OVERTPhi,32,0.002073481213618081
DS20,mc.rf_OVERTPhi,rf,OVERTPhi,33,0.001858472008825376
DS20,mc.rf_OVERTPhi,rf,OVERTPhi,34,0.0019051058935750113
DS20,mc.rf_OVERTPhi,rf,OVERTPhi,35,0.0018451465096799486
DS20,mc.rf_OVERTPhi,rf,OVERTPhi,36,0.0018512382726380108
DS20,mc.rf_OVERTPhi,rf,OVERTPhi,37,0.0018439345224971833
DS20,mc.rf_OVERTPhi,rf,OVERTPhi,38,0.001829406549482333
DS20,mc.rf_OVERTPhi,rf,OVERTPhi,39,0.0018475183329605253
DS20,mc.rf_OVERTPhi,rf,OVERTPhi,40,0.001940642837341639
DS20,mc.rf_OVERTPhi,rf,OVERTPhi,41,0.001985667770502144
DS20,mc.rf_OVERTPhi,rf,OVERTPhi,42,0.0016013465109102985
DS20,mc.rf_OVERTPhi,rf,OVERTPhi,43,0.0015969583147487636
DS20,mc.rf_OVERTPhi,rf,OVERTPhi,44,0.00163055681362979
DS20,mc.rf_OVERTPhi,rf,OVERTPhi,45,0.0016427288737786566
DS20,mc.rf_OVERTPhi,rf,OVERTPhi,46,0.0016536785250679657
DS20,mc.rf_OVERTPhi,rf,OVERTPhi,47,0.0016142092538828099
DS20,mc.rf_OVERTPhi,rf,OVERTPhi,48,0.001598851218599092
DS20,mc.rf_OVERTPhi,rf,OVERTPhi,49,0.0017744440605703786
DS20,mc.rf_OVERTPhi,rf,OVERTPhi,50,0.0018817630226094415
DS20,mc.rf_OVERT,rf,OVERT,1,0.006502215034368375
DS20,mc.rf_OVERT,rf,OVERT,2,0.00544820372129493
DS20,mc.rf_OVERT,rf,OVERT,3,0.00458411246007932
DS20,mc.rf_OVERT,rf,OVERT,4,0.004451113047706648
DS20,mc.rf_OVERT,rf,OVERT,5,0.0046135676857814775
DS20,mc.rf_OVERT,rf,OVERT,6,0.005435940391775226
DS20,mc.rf_OVERT,rf,OVERT,7,0.00560473940340259
DS20,mc.rf_OVERT,rf,OVERT,8,0.0056355993354716815
DS20,mc.rf_OVERT,rf,OVERT,9,0.006069105759297259
DS20,mc.rf_OVERT,rf,OVERT,10,0.006048097563563519
DS20,mc.rf_OVERT,rf,OVERT,11,0.006606758180138898
DS20,mc.rf_OVERT,rf,OVERT,12,0.006975976400955748
DS20,mc.rf_OVERT,rf,OVERT,13,0.00656206875925396
DS20,mc.rf_OVERT,rf,OVERT,14,0.006341884206330398
DS20,mc.rf_OVERT,rf,OVERT,15,0.006788491250603342
DS20,mc.rf_OVERT,rf,OVERT,16,0.006703730665549122
DS20,mc.rf_OVERT,rf,OVERT,17,0.00649767422274584
DS20,mc.rf_OVERT,rf,OVERT,18,0.006764157476330735
DS20,mc.rf_OVERT,rf,OVERT,19,0.0062271968878286395
DS20,mc.rf_OVERT,rf,OVERT,20,0.006798952223360244
DS20,mc.rf_OVERT,rf,OVERT,21,0.0063917725710653985
DS20,mc.rf_OVERT,rf,OVERT,22,0.00585256247078284
DS20,mc.rf_OVERT,rf,OVERT,23,0.005723396306687807
DS20,mc.rf_OVERT,rf,OVERT,24,0.005862486219392689
DS20,mc.rf_OVERT,rf,OVERT,25,0.00529833277443873
DS20,mc.rf_OVERT,rf,OVERT,26,0.005499161932777809
DS20,mc.rf_OVERT,rf,OVERT,27,0.003478354612720875
DS20,mc.rf_OVERT,rf,OVERT,28,0.0028174725219021006
DS20,mc.rf_OVERT,rf,OVERT,29,0.0023933538318654567
DS20,mc.rf_OVERT,rf,OVERT,30,0.002127194225549686
DS20,mc.rf_OVERT,rf,OVERT,31,0.002088260185479841
DS20,mc.rf_OVERT,rf,OVERT,32,0.00210573277338916
DS20,mc.rf_OVERT,rf,OVERT,33,0.0018562685694311922
DS20,mc.rf_OVERT,rf,OVERT,34,0.0018552549101195617
DS20,mc.rf_OVERT,rf,OVERT,35,0.0018570845275591612
DS20,mc.rf_OVERT,rf,OVERT,36,0.001867749387837413
DS20,mc.rf_OVERT,rf,OVERT,37,0.001886304794888783
DS20,mc.rf_OVERT,rf,OVERT,38,0.001811504467248675
DS20,mc.rf_OVERT,rf,OVERT,39,0.001849252370770833
DS20,mc.rf_OVERT,rf,OVERT,40,0.0019468974310248223
DS20,mc.rf_OVERT,rf,OVERT,41,0.0019277526949969819
DS20,mc.rf_OVERT,rf,OVERT,42,0.0015190757411091957
DS20,mc.rf_OVERT,rf,OVERT,43,0.0015964526651695982
DS20,mc.rf_OVERT,rf,OVERT,44,0.0016202137286822418
DS20,mc.rf_OVERT,rf,OVERT,45,0.0017016332032387233
DS20,mc.rf_OVERT,rf,OVERT,46,0.0016282964359167439
DS20,mc.rf_OVERT,rf,OVERT,47,0.0016749897662194518
DS20,mc.rf_OVERT,rf,OVERT,48,0.0016495230802380675
DS20,mc.rf_OVERT,rf,OVERT,49,0.0016174177682318264
DS20,mc.rf_OVERT,rf,OVERT,50,0.0017717900861330509
DS20,mc.rf_SMOTEB,rf,SMOTEB,1,0.007517144307227958
DS20,mc.rf_SMOTEB,rf,SMOTEB,2,0.006611351873344802
DS20,mc.rf_SMOTEB,rf,SMOTEB,3,0.007132104005198837
DS20,mc.rf_SMOTEB,rf,SMOTEB,4,0.006321737151974692
DS20,mc.rf_SMOTEB,rf,SMOTEB,5,0.006780069875370753
DS20,mc.rf_SMOTEB,rf,SMOTEB,6,0.007398142816304872
DS20,mc.rf_SMOTEB,rf,SMOTEB,7,0.009067650907465528
DS20,mc.rf_SMOTEB,rf,SMOTEB,8,0.008353177423641132
DS20,mc.rf_SMOTEB,rf,SMOTEB,9,0.00915668989724908
DS20,mc.rf_SMOTEB,rf,SMOTEB,10,0.00841594598730646
DS20,mc.rf_SMOTEB,rf,SMOTEB,11,0.009224988729585768
DS20,mc.rf_SMOTEB,rf,SMOTEB,12,0.009035607330503603
DS20,mc.rf_SMOTEB,rf,SMOTEB,13,0.00840538874698487
DS20,mc.rf_SMOTEB,rf,SMOTEB,14,0.009272269180905483
DS20,mc.rf_SMOTEB,rf,SMOTEB,15,0.00893586088784134
DS20,mc.rf_SMOTEB,rf,SMOTEB,16,0.008930847348359847
DS20,mc.rf_SMOTEB,rf,SMOTEB,17,0.008298166975328118
DS20,mc.rf_SMOTEB,rf,SMOTEB,18,0.008521505340314012
DS20,mc.rf_SMOTEB,rf,SMOTEB,19,0.009431074802160261
DS20,mc.rf_SMOTEB,rf,SMOTEB,20,0.008375376097880256
DS20,mc.rf_SMOTEB,rf,SMOTEB,21,0.008589505630605595
DS20,mc.rf_SMOTEB,rf,SMOTEB,22,0.0076900339141118
DS20,mc.rf_SMOTEB,rf,SMOTEB,23,0.007345306089758693
DS20,mc.rf_SMOTEB,rf,SMOTEB,24,0.0073944338946369415
DS20,mc.rf_SMOTEB,rf,SMOTEB,25,0.006235679399022881
DS20,mc.rf_SMOTEB,rf,SMOTEB,26,0.006790668030868544
DS20,mc.rf_SMOTEB,rf,SMOTEB,27,0.0058893559386722265
DS20,mc.rf_SMOTEB,rf,SMOTEB,28,0.00359321671699591
DS20,mc.rf_SMOTEB,rf,SMOTEB,29,0.003150353111667537
DS20,mc.rf_SMOTEB,rf,SMOTEB,30,0.0030911741518341814
DS20,mc.rf_SMOTEB,rf,SMOTEB,31,0.0027119952706622283
DS20,mc.rf_SMOTEB,rf,SMOTEB,32,0.0021850185021987634
DS20,mc.rf_SMOTEB,rf,SMOTEB,33,0.002602678149711862
DS20,mc.rf_SMOTEB,rf,SMOTEB,34,0.002622913591886744
DS20,mc.rf_SMOTEB,rf,SMOTEB,35,0.002176138354921456
DS20,mc.rf_SMOTEB,rf,SMOTEB,36,0.002365469897968681
DS20,mc.rf_SMOTEB,rf,SMOTEB,37,0.0021943928115731506
DS20,mc.rf_SMOTEB,rf,SMOTEB,38,0.0025477448466419616
DS20,mc.rf_SMOTEB,rf,SMOTEB,39,0.002461700061726982
DS20,mc.rf_SMOTEB,rf,SMOTEB,40,0.0029525178652719678
DS20,mc.rf_SMOTEB,rf,SMOTEB,41,0.0021229282355782093
DS20,mc.rf_SMOTEB,rf,SMOTEB,42,0.0018639771458951334
DS20,mc.rf_SMOTEB,rf,SMOTEB,43,0.0020231409071044468
DS20,mc.rf_SMOTEB,rf,SMOTEB,44,0.001733701841568518
DS20,mc.rf_SMOTEB,rf,SMOTEB,45,0.0022862564380458183
DS20,mc.rf_SMOTEB,rf,SMOTEB,46,0.0021525862123950128
DS20,mc.rf_SMOTEB,rf,SMOTEB,47,0.0021114299763173323
DS20,mc.rf_SMOTEB,rf,SMOTEB,48,0.001954839900486037
DS20,mc.rf_SMOTEB,rf,SMOTEB,49,0.0020088227428591617
DS20,mc.rf_SMOTEB,rf,SMOTEB,50,0.0017981035863851515
DS20,mc.rf_SMOTETPhi,rf,SMOTETPhi,1,0.0067957950809421405
DS20,mc.rf_SMOTETPhi,rf,SMOTETPhi,2,0.0076314186369136165
DS20,mc.rf_SMOTETPhi,rf,SMOTETPhi,3,0.00656435117594132
DS20,mc.rf_SMOTETPhi,rf,SMOTETPhi,4,0.006671834019657165
DS20,mc.rf_SMOTETPhi,rf,SMOTETPhi,5,0.006926589633001688
DS20,mc.rf_SMOTETPhi,rf,SMOTETPhi,6,0.007048682105563504
DS20,mc.rf_SMOTETPhi,rf,SMOTETPhi,7,0.007459626357863015
DS20,mc.rf_SMOTETPhi,rf,SMOTETPhi,8,0.00761039972102413
DS20,mc.rf_SMOTETPhi,rf,SMOTETPhi,9,0.008393138979558684
DS20,mc.rf_SMOTETPhi,rf,SMOTETPhi,10,0.00804506217418945
DS20,mc.rf_SMOTETPhi,rf,SMOTETPhi,11,0.0071932660369505245
DS20,mc.rf_SMOTETPhi,rf,SMOTETPhi,12,0.008179004909112837
DS20,mc.rf_SMOTETPhi,rf,SMOTETPhi,13,0.007688140485694998
DS20,mc.rf_SMOTETPhi,rf,SMOTETPhi,14,0.007995020790274998
DS20,mc.rf_SMOTETPhi,rf,SMOTETPhi,15,0.007511045510480548
DS20,mc.rf_SMOTETPhi,rf,SMOTETPhi,16,0.008846142948542026
DS20,mc.rf_SMOTETPhi,rf,SMOTETPhi,17,0.008280865894619193
DS20,mc.rf_SMOTETPhi,rf,SMOTETPhi,18,0.00905592179831994
DS20,mc.rf_SMOTETPhi,rf,SMOTETPhi,19,0.01007043365878857
DS20,mc.rf_SMOTETPhi,rf,SMOTETPhi,20,0.007970279456973818
DS20,mc.rf_SMOTETPhi,rf,SMOTETPhi,21,0.008035764977121426
DS20,mc.rf_SMOTETPhi,rf,SMOTETPhi,22,0.008052021998220058
DS20,mc.rf_SMOTETPhi,rf,SMOTETPhi,23,0.007902271577961015
DS20,mc.rf_SMOTETPhi,rf,SMOTETPhi,24,0.007496279393672167
DS20,mc.rf_SMOTETPhi,rf,SMOTETPhi,25,0.007174806285132523
DS20,mc.rf_SMOTETPhi,rf,SMOTETPhi,26,0.006714576715475723
DS20,mc.rf_SMOTETPhi,rf,SMOTETPhi,27,0.004212548717270582
DS20,mc.rf_SMOTETPhi,rf,SMOTETPhi,28,0.0030138166065464653
DS20,mc.rf_SMOTETPhi,rf,SMOTETPhi,29,0.00329516222963289
DS20,mc.rf_SMOTETPhi,rf,SMOTETPhi,30,0.0031644278465811472
DS20,mc.rf_SMOTETPhi,rf,SMOTETPhi,31,0.003207374292686332
DS20,mc.rf_SMOTETPhi,rf,SMOTETPhi,32,0.0031208063598499917
DS20,mc.rf_SMOTETPhi,rf,SMOTETPhi,33,0.002335629834584511
DS20,mc.rf_SMOTETPhi,rf,SMOTETPhi,34,0.002823220899488332
DS20,mc.rf_SMOTETPhi,rf,SMOTETPhi,35,0.002363944341222851
DS20,mc.rf_SMOTETPhi,rf,SMOTETPhi,36,0.0024325517026238517
DS20,mc.rf_SMOTETPhi,rf,SMOTETPhi,37,0.002241845050474816
DS20,mc.rf_SMOTETPhi,rf,SMOTETPhi,38,0.0028065007259260918
DS20,mc.rf_SMOTETPhi,rf,SMOTETPhi,39,0.002945599136668676
DS20,mc.rf_SMOTETPhi,rf,SMOTETPhi,40,0.002598146106542825
DS20,mc.rf_SMOTETPhi,rf,SMOTETPhi,41,0.0028929286646611854
DS20,mc.rf_SMOTETPhi,rf,SMOTETPhi,42,0.0018326439775077693
DS20,mc.rf_SMOTETPhi,rf,SMOTETPhi,43,0.001807056758363019
DS20,mc.rf_SMOTETPhi,rf,SMOTETPhi,44,0.0017891160879264486
DS20,mc.rf_SMOTETPhi,rf,SMOTETPhi,45,0.0020826216824400426
DS20,mc.rf_SMOTETPhi,rf,SMOTETPhi,46,0.001820869444698746
DS20,mc.rf_SMOTETPhi,rf,SMOTETPhi,47,0.0018107379430357291
DS20,mc.rf_SMOTETPhi,rf,SMOTETPhi,48,0.0022360839270760572
DS20,mc.rf_SMOTETPhi,rf,SMOTETPhi,49,0.0019528191953285536
DS20,mc.rf_SMOTETPhi,rf,SMOTETPhi,50,0.0018671586021490735
DS20,mc.rf_SMOTET,rf,SMOTET,1,0.00760456321003259
DS20,mc.rf_SMOTET,rf,SMOTET,2,0.00753839943547906
DS20,mc.rf_SMOTET,rf,SMOTET,3,0.007186071578513583
DS20,mc.rf_SMOTET,rf,SMOTET,4,0.006496247380902762
DS20,mc.rf_SMOTET,rf,SMOTET,5,0.007894714012092095
DS20,mc.rf_SMOTET,rf,SMOTET,6,0.008843129661057055
DS20,mc.rf_SMOTET,rf,SMOTET,7,0.007441295470339787
DS20,mc.rf_SMOTET,rf,SMOTET,8,0.008783006405488321
DS20,mc.rf_SMOTET,rf,SMOTET,9,0.007133416129414208
DS20,mc.rf_SMOTET,rf,SMOTET,10,0.008165939858288741
DS20,mc.rf_SMOTET,rf,SMOTET,11,0.00813638171421338
DS20,mc.rf_SMOTET,rf,SMOTET,12,0.008962072379440912
DS20,mc.rf_SMOTET,rf,SMOTET,13,0.008210479701397193
DS20,mc.rf_SMOTET,rf,SMOTET,14,0.0086440502407895
DS20,mc.rf_SMOTET,rf,SMOTET,15,0.00901298118631195
DS20,mc.rf_SMOTET,rf,SMOTET,16,0.00911565676469608
DS20,mc.rf_SMOTET,rf,SMOTET,17,0.009315141855507041
DS20,mc.rf_SMOTET,rf,SMOTET,18,0.008890564747099731
DS20,mc.rf_SMOTET,rf,SMOTET,19,0.009192933125617173
DS20,mc.rf_SMOTET,rf,SMOTET,20,0.007978814834197821
DS20,mc.rf_SMOTET,rf,SMOTET,21,0.008530018736133842
DS20,mc.rf_SMOTET,rf,SMOTET,22,0.008480228428910977
DS20,mc.rf_SMOTET,rf,SMOTET,23,0.006770347520667614
DS20,mc.rf_SMOTET,rf,SMOTET,24,0.007223661877807426
DS20,mc.rf_SMOTET,rf,SMOTET,25,0.006703284340550284
DS20,mc.rf_SMOTET,rf,SMOTET,26,0.00603680225240908
DS20,mc.rf_SMOTET,rf,SMOTET,27,0.0049077405525437745
DS20,mc.rf_SMOTET,rf,SMOTET,28,0.0035169186885069784
DS20,mc.rf_SMOTET,rf,SMOTET,29,0.003102148682179071
DS20,mc.rf_SMOTET,rf,SMOTET,30,0.0028967811672499406
DS20,mc.rf_SMOTET,rf,SMOTET,31,0.003210958056384537
DS20,mc.rf_SMOTET,rf,SMOTET,32,0.002944381735981041
DS20,mc.rf_SMOTET,rf,SMOTET,33,0.002260872199528715
DS20,mc.rf_SMOTET,rf,SMOTET,34,0.00231524807753104
DS20,mc.rf_SMOTET,rf,SMOTET,35,0.0023478294375784015
DS20,mc.rf_SMOTET,rf,SMOTET,36,0.002556879342219325
DS20,mc.rf_SMOTET,rf,SMOTET,37,0.0022428690768837123
DS20,mc.rf_SMOTET,rf,SMOTET,38,0.0026545567353294325
DS20,mc.rf_SMOTET,rf,SMOTET,39,0.002651331157104097
DS20,mc.rf_SMOTET,rf,SMOTET,40,0.0029120208679654113
DS20,mc.rf_SMOTET,rf,SMOTET,41,0.002635124118982581
DS20,mc.rf_SMOTET,rf,SMOTET,42,0.002048353713899555
DS20,mc.rf_SMOTET,rf,SMOTET,43,0.0022516865529826078
DS20,mc.rf_SMOTET,rf,SMOTET,44,0.001686391712020278
DS20,mc.rf_SMOTET,rf,SMOTET,45,0.0016201271406341932
DS20,mc.rf_SMOTET,rf,SMOTET,46,0.001837843921078178
DS20,mc.rf_SMOTET,rf,SMOTET,47,0.0016956428965964956
DS20,mc.rf_SMOTET,rf,SMOTET,48,0.0022088459289407473
DS20,mc.rf_SMOTET,rf,SMOTET,49,0.0019930146759125312
DS20,mc.rf_SMOTET,rf,SMOTET,50,0.001764698639698725
DS20,mc.rf_UNDERB,rf,UNDERB,1,0.007372012810503487
DS20,mc.rf_UNDERB,rf,UNDERB,2,0.006472823400942684
DS20,mc.rf_UNDERB,rf,UNDERB,3,0.0066777834002982005
DS20,mc.rf_UNDERB,rf,UNDERB,4,0.006437520968791763
DS20,mc.rf_UNDERB,rf,UNDERB,5,0.0070281977662546916
DS20,mc.rf_UNDERB,rf,UNDERB,6,0.006149001474667379
DS20,mc.rf_UNDERB,rf,UNDERB,7,0.005974872022428204
DS20,mc.rf_UNDERB,rf,UNDERB,8,0.0064127274579643566
DS20,mc.rf_UNDERB,rf,UNDERB,9,0.006857839695645615
DS20,mc.rf_UNDERB,rf,UNDERB,10,0.007463716980824628
DS20,mc.rf_UNDERB,rf,UNDERB,11,0.008529401262560401
DS20,mc.rf_UNDERB,rf,UNDERB,12,0.008348032221802732
DS20,mc.rf_UNDERB,rf,UNDERB,13,0.007164184193790391
DS20,mc.rf_UNDERB,rf,UNDERB,14,0.0072482455614951025
DS20,mc.rf_UNDERB,rf,UNDERB,15,0.007152901253422235
DS20,mc.rf_UNDERB,rf,UNDERB,16,0.007709725630952388
DS20,mc.rf_UNDERB,rf,UNDERB,17,0.007284151534723024
DS20,mc.rf_UNDERB,rf,UNDERB,18,0.007606310813871077
DS20,mc.rf_UNDERB,rf,UNDERB,19,0.008104976583723271
DS20,mc.rf_UNDERB,rf,UNDERB,20,0.007174623008803808
DS20,mc.rf_UNDERB,rf,UNDERB,21,0.007274632158048428
DS20,mc.rf_UNDERB,rf,UNDERB,22,0.006428081780072956
DS20,mc.rf_UNDERB,rf,UNDERB,23,0.006387483103660955
DS20,mc.rf_UNDERB,rf,UNDERB,24,0.006296340453673874
DS20,mc.rf_UNDERB,rf,UNDERB,25,0.006176622696273848
DS20,mc.rf_UNDERB,rf,UNDERB,26,0.005607368537835224
DS20,mc.rf_UNDERB,rf,UNDERB,27,0.0053004199360986584
DS20,mc.rf_UNDERB,rf,UNDERB,28,0.003385696814943067
DS20,mc.rf_UNDERB,rf,UNDERB,29,0.0028721073352362438
DS20,mc.rf_UNDERB,rf,UNDERB,30,0.002586378820580743
DS20,mc.rf_UNDERB,rf,UNDERB,31,0.002608235944686884
DS20,mc.rf_UNDERB,rf,UNDERB,32,0.0022718196655774465
DS20,mc.rf_UNDERB,rf,UNDERB,33,0.0018889317780600566
DS20,mc.rf_UNDERB,rf,UNDERB,34,0.0023751162287684977
DS20,mc.rf_UNDERB,rf,UNDERB,35,0.0023407288768685507
DS20,mc.rf_UNDERB,rf,UNDERB,36,0.0021182904611209887
DS20,mc.rf_UNDERB,rf,UNDERB,37,0.002441775882601148
DS20,mc.rf_UNDERB,rf,UNDERB,38,0.0022155781938043113
DS20,mc.rf_UNDERB,rf,UNDERB,39,0.00290054537033173
DS20,mc.rf_UNDERB,rf,UNDERB,40,0.0025682662562502337
DS20,mc.rf_UNDERB,rf,UNDERB,41,0.0036518200815432006
DS20,mc.rf_UNDERB,rf,UNDERB,42,0.00218011550701653
DS20,mc.rf_UNDERB,rf,UNDERB,43,0.002050195745320192
DS20,mc.rf_UNDERB,rf,UNDERB,44,0.002152051092289623
DS20,mc.rf_UNDERB,rf,UNDERB,45,0.0023693745160084374
DS20,mc.rf_UNDERB,rf,UNDERB,46,0.0015896940122418484
DS20,mc.rf_UNDERB,rf,UNDERB,47,0.002262352685341424
DS20,mc.rf_UNDERB,rf,UNDERB,48,0.003189796441730893
DS20,mc.rf_UNDERB,rf,UNDERB,49,0.0023617312176600074
DS20,mc.rf_UNDERB,rf,UNDERB,50,0.002206455619101195
DS20,mc.rf_UNDERTPhi,rf,UNDERTPhi,1,0.007876475953750699
DS20,mc.rf_UNDERTPhi,rf,UNDERTPhi,2,0.006919112153993132
DS20,mc.rf_UNDERTPhi,rf,UNDERTPhi,3,0.005741599085687861
DS20,mc.rf_UNDERTPhi,rf,UNDERTPhi,4,0.006307483782690446
DS20,mc.rf_UNDERTPhi,rf,UNDERTPhi,5,0.006492370479812857
DS20,mc.rf_UNDERTPhi,rf,UNDERTPhi,6,0.0058036638218456425
DS20,mc.rf_UNDERTPhi,rf,UNDERTPhi,7,0.005934470649795114
DS20,mc.rf_UNDERTPhi,rf,UNDERTPhi,8,0.006348327633402412
DS20,mc.rf_UNDERTPhi,rf,UNDERTPhi,9,0.006931380367507802
DS20,mc.rf_UNDERTPhi,rf,UNDERTPhi,10,0.007519942081127531
DS20,mc.rf_UNDERTPhi,rf,UNDERTPhi,11,0.006857763759584902
DS20,mc.rf_UNDERTPhi,rf,UNDERTPhi,12,0.007859970454692645
DS20,mc.rf_UNDERTPhi,rf,UNDERTPhi,13,0.0071773735341189035
DS20,mc.rf_UNDERTPhi,rf,UNDERTPhi,14,0.007597512493409703
DS20,mc.rf_UNDERTPhi,rf,UNDERTPhi,15,0.00781195452516391
DS20,mc.rf_UNDERTPhi,rf,UNDERTPhi,16,0.007671433719452551
DS20,mc.rf_UNDERTPhi,rf,UNDERTPhi,17,0.007304298728491206
DS20,mc.rf_UNDERTPhi,rf,UNDERTPhi,18,0.0074947487770745955
DS20,mc.rf_UNDERTPhi,rf,UNDERTPhi,19,0.007716118778348305
DS20,mc.rf_UNDERTPhi,rf,UNDERTPhi,20,0.007492671595893059
DS20,mc.rf_UNDERTPhi,rf,UNDERTPhi,21,0.007662308068422523
DS20,mc.rf_UNDERTPhi,rf,UNDERTPhi,22,0.0069473118478220654
DS20,mc.rf_UNDERTPhi,rf,UNDERTPhi,23,0.0059380363630853975
DS20,mc.rf_UNDERTPhi,rf,UNDERTPhi,24,0.006884686368105603
DS20,mc.rf_UNDERTPhi,rf,UNDERTPhi,25,0.006143343016441453
DS20,mc.rf_UNDERTPhi,rf,UNDERTPhi,26,0.0060933522244073935
DS20,mc.rf_UNDERTPhi,rf,UNDERTPhi,27,0.005060339916353411
DS20,mc.rf_UNDERTPhi,rf,UNDERTPhi,28,0.0036982738482079507
DS20,mc.rf_UNDERTPhi,rf,UNDERTPhi,29,0.002798514886147262
DS20,mc.rf_UNDERTPhi,rf,UNDERTPhi,30,0.0025696024752180887
DS20,mc.rf_UNDERTPhi,rf,UNDERTPhi,31,0.0026190918653114697
DS20,mc.rf_UNDERTPhi,rf,UNDERTPhi,32,0.0028096501974452215
DS20,mc.rf_UNDERTPhi,rf,UNDERTPhi,33,0.0034731221321400493
DS20,mc.rf_UNDERTPhi,rf,UNDERTPhi,34,0.0035156274275109085
DS20,mc.rf_UNDERTPhi,rf,UNDERTPhi,35,0.0022177247520055307
DS20,mc.rf_UNDERTPhi,rf,UNDERTPhi,36,0.0029266376992647244
DS20,mc.rf_UNDERTPhi,rf,UNDERTPhi,37,0.0026973803702871058
DS20,mc.rf_UNDERTPhi,rf,UNDERTPhi,38,0.0029005605206659773
DS20,mc.rf_UNDERTPhi,rf,UNDERTPhi,39,0.002244730508318563
DS20,mc.rf_UNDERTPhi,rf,UNDERTPhi,40,0.0032397086339126277
DS20,mc.rf_UNDERTPhi,rf,UNDERTPhi,41,0.0025141140728004298
DS20,mc.rf_UNDERTPhi,rf,UNDERTPhi,42,0.0032134715838714823
DS20,mc.rf_UNDERTPhi,rf,UNDERTPhi,43,0.0025459801447466172
DS20,mc.rf_UNDERTPhi,rf,UNDERTPhi,44,0.0023226289564419926
DS20,mc.rf_UNDERTPhi,rf,UNDERTPhi,45,0.002226978098128804
DS20,mc.rf_UNDERTPhi,rf,UNDERTPhi,46,0.002964986519662544
DS20,mc.rf_UNDERTPhi,rf,UNDERTPhi,47,0.00223700975630417
DS20,mc.rf_UNDERTPhi,rf,UNDERTPhi,48,0.0027200059156578522
DS20,mc.rf_UNDERTPhi,rf,UNDERTPhi,49,0.0023063349293614235
DS20,mc.rf_UNDERTPhi,rf,UNDERTPhi,50,0.002056047526388736
DS20,mc.rf_UNDERT,rf,UNDERT,1,0.005859741157178537
DS20,mc.rf_UNDERT,rf,UNDERT,2,0.006804503148993961
DS20,mc.rf_UNDERT,rf,UNDERT,3,0.0066590460408715215
DS20,mc.rf_UNDERT,rf,UNDERT,4,0.006194247194828434
DS20,mc.rf_UNDERT,rf,UNDERT,5,0.0066581321502068745
DS20,mc.rf_UNDERT,rf,UNDERT,6,0.006681994981447108
DS20,mc.rf_UNDERT,rf,UNDERT,7,0.007575240256446786
DS20,mc.rf_UNDERT,rf,UNDERT,8,0.007918744153431018
DS20,mc.rf_UNDERT,rf,UNDERT,9,0.007912357153697749
DS20,mc.rf_UNDERT,rf,UNDERT,10,0.007344299609928596
DS20,mc.rf_UNDERT,rf,UNDERT,11,0.007147717985038171
DS20,mc.rf_UNDERT,rf,UNDERT,12,0.00842202603162201
DS20,mc.rf_UNDERT,rf,UNDERT,13,0.00809183170240862
DS20,mc.rf_UNDERT,rf,UNDERT,14,0.006886285700196664
DS20,mc.rf_UNDERT,rf,UNDERT,15,0.007325983059149333
DS20,mc.rf_UNDERT,rf,UNDERT,16,0.008141061029029378
DS20,mc.rf_UNDERT,rf,UNDERT,17,0.007546154577527206
DS20,mc.rf_UNDERT,rf,UNDERT,18,0.008238798485229447
DS20,mc.rf_UNDERT,rf,UNDERT,19,0.009277117363506306
DS20,mc.rf_UNDERT,rf,UNDERT,20,0.007547523703095267
DS20,mc.rf_UNDERT,rf,UNDERT,21,0.00732283401891539
DS20,mc.rf_UNDERT,rf,UNDERT,22,0.0069851784931997795
DS20,mc.rf_UNDERT,rf,UNDERT,23,0.006932723523122342
DS20,mc.rf_UNDERT,rf,UNDERT,24,0.006213814273169886
DS20,mc.rf_UNDERT,rf,UNDERT,25,0.006881741334302919
DS20,mc.rf_UNDERT,rf,UNDERT,26,0.005776015293903116
DS20,mc.rf_UNDERT,rf,UNDERT,27,0.005278972953647402
DS20,mc.rf_UNDERT,rf,UNDERT,28,0.0034136172693758405
DS20,mc.rf_UNDERT,rf,UNDERT,29,0.002531505092899441
DS20,mc.rf_UNDERT,rf,UNDERT,30,0.0028242582699298685
DS20,mc.rf_UNDERT,rf,UNDERT,31,0.002608795591211322
DS20,mc.rf_UNDERT,rf,UNDERT,32,0.0022815869213164684
DS20,mc.rf_UNDERT,rf,UNDERT,33,0.0023648018297021487
DS20,mc.rf_UNDERT,rf,UNDERT,34,0.0030028420383057504
DS20,mc.rf_UNDERT,rf,UNDERT,35,0.0018782721072554609
DS20,mc.rf_UNDERT,rf,UNDERT,36,0.002705065613287049
DS20,mc.rf_UNDERT,rf,UNDERT,37,0.002450725705537434
DS20,mc.rf_UNDERT,rf,UNDERT,38,0.002065056160599579
DS20,mc.rf_UNDERT,rf,UNDERT,39,0.0025827663040265854
DS20,mc.rf_UNDERT,rf,UNDERT,40,0.0023417857508761827
DS20,mc.rf_UNDERT,rf,UNDERT,41,0.002178175220101921
DS20,mc.rf_UNDERT,rf,UNDERT,42,0.002751491727325126
DS20,mc.rf_UNDERT,rf,UNDERT,43,0.0022308498099673146
DS20,mc.rf_UNDERT,rf,UNDERT,44,0.0024554802191068207
DS20,mc.rf_UNDERT,rf,UNDERT,45,0.0016783338390145312
DS20,mc.rf_UNDERT,rf,UNDERT,46,0.0021482896899000965
DS20,mc.rf_UNDERT,rf,UNDERT,47,0.002517488699544431
DS20,mc.rf_UNDERT,rf,UNDERT,48,0.0028986689378369557
DS20,mc.rf_UNDERT,rf,UNDERT,49,0.00218839023214508
DS20,mc.rf_UNDERT,rf,UNDERT,50,0.0022968340016148157
DS20,mc.rf,rf,baseline,1,0.0061163880733368795
DS20,mc.rf,rf,baseline,2,0.0055800930770030024
DS20,mc.rf,rf,baseline,3,0.004867621031233827
DS20,mc.rf,rf,baseline,4,0.004875306521503116
DS20,mc.rf,rf,baseline,5,0.004700842479900233
DS20,mc.rf,rf,baseline,6,0.00544753438552363
DS20,mc.rf,rf,baseline,7,0.005538345576266102
DS20,mc.rf,rf,baseline,8,0.005542334084811905
DS20,mc.rf,rf,baseline,9,0.006496778560328604
DS20,mc.rf,rf,baseline,10,0.0066501234424599315
DS20,mc.rf,rf,baseline,11,0.007277095554765224
DS20,mc.rf,rf,baseline,12,0.007080023170562489
DS20,mc.rf,rf,baseline,13,0.007255518707599329
DS20,mc.rf,rf,baseline,14,0.007175422775150367
DS20,mc.rf,rf,baseline,15,0.007347458154629993
DS20,mc.rf,rf,baseline,16,0.006940236908926587
DS20,mc.rf,rf,baseline,17,0.007287781752583031
DS20,mc.rf,rf,baseline,18,0.007308111300289467
DS20,mc.rf,rf,baseline,19,0.007078288034437777
DS20,mc.rf,rf,baseline,20,0.006337921524647662
DS20,mc.rf,rf,baseline,21,0.0063834489225461765
DS20,mc.rf,rf,baseline,22,0.005801881156412395
DS20,mc.rf,rf,baseline,23,0.00563694486593866
DS20,mc.rf,rf,baseline,24,0.0056008354898284835
DS20,mc.rf,rf,baseline,25,0.0051243969977835405
DS20,mc.rf,rf,baseline,26,0.005068047791579023
DS20,mc.rf,rf,baseline,27,0.0037275557706837074
DS20,mc.rf,rf,baseline,28,0.002648640162946766
DS20,mc.rf,rf,baseline,29,0.0022946490555830652
DS20,mc.rf,rf,baseline,30,0.0020557255194678346
DS20,mc.rf,rf,baseline,31,0.0020345712726369835
DS20,mc.rf,rf,baseline,32,0.001997706087553105
DS20,mc.rf,rf,baseline,33,0.0017306534887062764
DS20,mc.rf,rf,baseline,34,0.0017754389721900674
DS20,mc.rf,rf,baseline,35,0.0017649800822201783
DS20,mc.rf,rf,baseline,36,0.00174149187446123
DS20,mc.rf,rf,baseline,37,0.0017314840718083164
DS20,mc.rf,rf,baseline,38,0.0017998116168984498
DS20,mc.rf,rf,baseline,39,0.0018076778106018948
DS20,mc.rf,rf,baseline,40,0.0018140436460269307
DS20,mc.rf,rf,baseline,41,0.0018266768428299213
DS20,mc.rf,rf,baseline,42,0.0014945083568463386
DS20,mc.rf,rf,baseline,43,0.001480227160721611
DS20,mc.rf,rf,baseline,44,0.0014816930048240178
DS20,mc.rf,rf,baseline,45,0.001484697497990686
DS20,mc.rf,rf,baseline,46,0.0014776686285223203
DS20,mc.rf,rf,baseline,47,0.001504695908914533
DS20,mc.rf,rf,baseline,48,0.0015139496838372088
DS20,mc.rf,rf,baseline,49,0.0015246110965816224
DS20,mc.rf,rf,baseline,50,0.0017011554142645376
DS20,mc.rpart_OVERB,rpart,OVERB,1,0.007900278997521853
DS20,mc.rpart_OVERB,rpart,OVERB,2,0.007235892726728054
DS20,mc.rpart_OVERB,rpart,OVERB,3,0.005804871424526804
DS20,mc.rpart_OVERB,rpart,OVERB,4,0.00539839199901037
DS20,mc.rpart_OVERB,rpart,OVERB,5,0.005222761180765541
DS20,mc.rpart_OVERB,rpart,OVERB,6,0.00849795743693618
DS20,mc.rpart_OVERB,rpart,OVERB,7,0.009750911100384733
DS20,mc.rpart_OVERB,rpart,OVERB,8,0.007205790685956326
DS20,mc.rpart_OVERB,rpart,OVERB,9,0.006907405506251333
DS20,mc.rpart_OVERB,rpart,OVERB,10,0.007367893064153377
DS20,mc.rpart_OVERB,rpart,OVERB,11,0.011147198370720698
DS20,mc.rpart_OVERB,rpart,OVERB,12,0.008307408509857901
DS20,mc.rpart_OVERB,rpart,OVERB,13,0.008107830707569616
DS20,mc.rpart_OVERB,rpart,OVERB,14,0.01049280881994086
DS20,mc.rpart_OVERB,rpart,OVERB,15,0.01015505268403686
DS20,mc.rpart_OVERB,rpart,OVERB,16,0.010767127795492841
DS20,mc.rpart_OVERB,rpart,OVERB,17,0.010173664303745465
DS20,mc.rpart_OVERB,rpart,OVERB,18,0.010567445504947844
DS20,mc.rpart_OVERB,rpart,OVERB,19,0.009033315245653404
DS20,mc.rpart_OVERB,rpart,OVERB,20,0.009555043552229574
DS20,mc.rpart_OVERB,rpart,OVERB,21,0.010481717000547744
DS20,mc.rpart_OVERB,rpart,OVERB,22,0.006124259550547032
DS20,mc.rpart_OVERB,rpart,OVERB,23,0.005820751564788436
DS20,mc.rpart_OVERB,rpart,OVERB,24,0.005522391090122661
DS20,mc.rpart_OVERB,rpart,OVERB,25,0.0046659921647583934
DS20,mc.rpart_OVERB,rpart,OVERB,26,0.006660234162321506
DS20,mc.rpart_OVERB,rpart,OVERB,27,0.0041445307238312514
DS20,mc.rpart_OVERB,rpart,OVERB,28,0.004369258379498425
DS20,mc.rpart_OVERB,rpart,OVERB,29,0.004109073605621798
DS20,mc.rpart_OVERB,rpart,OVERB,30,0.0030241057603322017
DS20,mc.rpart_OVERB,rpart,OVERB,31,0.0027549645539509085
DS20,mc.rpart_OVERB,rpart,OVERB,32,0.0035400844852635288
DS20,mc.rpart_OVERB,rpart,OVERB,33,0.0022607544841740466
DS20,mc.rpart_OVERB,rpart,OVERB,34,0.0019949300899611594
DS20,mc.rpart_OVERB,rpart,OVERB,35,0.002616790238481079
DS20,mc.rpart_OVERB,rpart,OVERB,36,0.0025066602058523286
DS20,mc.rpart_OVERB,rpart,OVERB,37,0.00213779096702544
DS20,mc.rpart_OVERB,rpart,OVERB,38,0.0021873960059016996
DS20,mc.rpart_OVERB,rpart,OVERB,39,0.0020005366313555193
DS20,mc.rpart_OVERB,rpart,OVERB,40,0.002831195936217177
DS20,mc.rpart_OVERB,rpart,OVERB,41,0.0023834885037669565
DS20,mc.rpart_OVERB,rpart,OVERB,42,0.0016243858332259335
DS20,mc.rpart_OVERB,rpart,OVERB,43,0.001813300148750538
DS20,mc.rpart_OVERB,rpart,OVERB,44,0.002623800746321252
DS20,mc.rpart_OVERB,rpart,OVERB,45,0.001771052369922541
DS20,mc.rpart_OVERB,rpart,OVERB,46,0.001950226498150667
DS20,mc.rpart_OVERB,rpart,OVERB,47,0.002088670570063079
DS20,mc.rpart_OVERB,rpart,OVERB,48,0.0016857668034081313
DS20,mc.rpart_OVERB,rpart,OVERB,49,0.0022820193062545045
DS20,mc.rpart_OVERB,rpart,OVERB,50,0.0024425787361583625
DS20,mc.rpart_OVERTPhi,rpart,OVERTPhi,1,0.010411771819959812
DS20,mc.rpart_OVERTPhi,rpart,OVERTPhi,2,0.007333378605129325
DS20,mc.rpart_OVERTPhi,rpart,OVERTPhi,3,0.006656399791711779
DS20,mc.rpart_OVERTPhi,rpart,OVERTPhi,4,0.007405772343874498
DS20,mc.rpart_OVERTPhi,rpart,OVERTPhi,5,0.006530296777303726
DS20,mc.rpart_OVERTPhi,rpart,OVERTPhi,6,0.0063733475751754955
DS20,mc.rpart_OVERTPhi,rpart,OVERTPhi,7,0.006245616327671297
DS20,mc.rpart_OVERTPhi,rpart,OVERTPhi,8,0.006930020580280228
DS20,mc.rpart_OVERTPhi,rpart,OVERTPhi,9,0.006481521054402124
DS20,mc.rpart_OVERTPhi,rpart,OVERTPhi,10,0.0057059812139410295
DS20,mc.rpart_OVERTPhi,rpart,OVERTPhi,11,0.005943981032227472
DS20,mc.rpart_OVERTPhi,rpart,OVERTPhi,12,0.0071597852089891455
DS20,mc.rpart_OVERTPhi,rpart,OVERTPhi,13,0.01082695549150381
DS20,mc.rpart_OVERTPhi,rpart,OVERTPhi,14,0.005191871453269838
DS20,mc.rpart_OVERTPhi,rpart,OVERTPhi,15,0.007427598957148198
DS20,mc.rpart_OVERTPhi,rpart,OVERTPhi,16,0.007096301824195042
DS20,mc.rpart_OVERTPhi,rpart,OVERTPhi,17,0.008017427352408332
DS20,mc.rpart_OVERTPhi,rpart,OVERTPhi,18,0.008337433737166387
DS20,mc.rpart_OVERTPhi,rpart,OVERTPhi,19,0.006829218955519444
DS20,mc.rpart_OVERTPhi,rpart,OVERTPhi,20,0.007668065717977552
DS20,mc.rpart_OVERTPhi,rpart,OVERTPhi,21,0.007384838591504751
DS20,mc.rpart_OVERTPhi,rpart,OVERTPhi,22,0.006571818009205047
DS20,mc.rpart_OVERTPhi,rpart,OVERTPhi,23,0.007546713186373723
DS20,mc.rpart_OVERTPhi,rpart,OVERTPhi,24,0.0069008225203216825
DS20,mc.rpart_OVERTPhi,rpart,OVERTPhi,25,0.005311178189396092
DS20,mc.rpart_OVERTPhi,rpart,OVERTPhi,26,0.006485494610983401
DS20,mc.rpart_OVERTPhi,rpart,OVERTPhi,27,0.004367066188200055
DS20,mc.rpart_OVERTPhi,rpart,OVERTPhi,28,0.004491844945923446
DS20,mc.rpart_OVERTPhi,rpart,OVERTPhi,29,0.0031236386959126415
DS20,mc.rpart_OVERTPhi,rpart,OVERTPhi,30,0.0028918699302486212
DS20,mc.rpart_OVERTPhi,rpart,OVERTPhi,31,0.0019475598760346872
DS20,mc.rpart_OVERTPhi,rpart,OVERTPhi,32,0.002283702396523823
DS20,mc.rpart_OVERTPhi,rpart,OVERTPhi,33,0.001838707683324451
DS20,mc.rpart_OVERTPhi,rpart,OVERTPhi,34,0.0023722894508870574
DS20,mc.rpart_OVERTPhi,rpart,OVERTPhi,35,0.0022635174214617297
DS20,mc.rpart_OVERTPhi,rpart,OVERTPhi,36,0.0023977155363993493
DS20,mc.rpart_OVERTPhi,rpart,OVERTPhi,37,0.0021260653346191743
DS20,mc.rpart_OVERTPhi,rpart,OVERTPhi,38,0.0027077536987066904
DS20,mc.rpart_OVERTPhi,rpart,OVERTPhi,39,0.002097031107019237
DS20,mc.rpart_OVERTPhi,rpart,OVERTPhi,40,0.0019902455765699397
DS20,mc.rpart_OVERTPhi,rpart,OVERTPhi,41,0.002061226685758009
DS20,mc.rpart_OVERTPhi,rpart,OVERTPhi,42,0.002332968084100438
DS20,mc.rpart_OVERTPhi,rpart,OVERTPhi,43,0.002779831248915042
DS20,mc.rpart_OVERTPhi,rpart,OVERTPhi,44,0.0028482689405577542
DS20,mc.rpart_OVERTPhi,rpart,OVERTPhi,45,0.0029723073261382522
DS20,mc.rpart_OVERTPhi,rpart,OVERTPhi,46,0.002339358569110495
DS20,mc.rpart_OVERTPhi,rpart,OVERTPhi,47,0.001962041723639357
DS20,mc.rpart_OVERTPhi,rpart,OVERTPhi,48,0.0028722800907024664
DS20,mc.rpart_OVERTPhi,rpart,OVERTPhi,49,0.0026783732912403525
DS20,mc.rpart_OVERTPhi,rpart,OVERTPhi,50,0.001966696768037835
DS20,mc.rpart_OVERT,rpart,OVERT,1,0.007391322422155119
DS20,mc.rpart_OVERT,rpart,OVERT,2,0.007332819307907034
DS20,mc.rpart_OVERT,rpart,OVERT,3,0.0065921977887487375
DS20,mc.rpart_OVERT,rpart,OVERT,4,0.0058388510132934114
DS20,mc.rpart_OVERT,rpart,OVERT,5,0.005689919172899666
DS20,mc.rpart_OVERT,rpart,OVERT,6,0.007424074933135592
DS20,mc.rpart_OVERT,rpart,OVERT,7,0.0064177393514685205
DS20,mc.rpart_OVERT,rpart,OVERT,8,0.006865395501146297
DS20,mc.rpart_OVERT,rpart,OVERT,9,0.010088822689313787
DS20,mc.rpart_OVERT,rpart,OVERT,10,0.00863689838100884
DS20,mc.rpart_OVERT,rpart,OVERT,11,0.005944819223635774
DS20,mc.rpart_OVERT,rpart,OVERT,12,0.009316605888426041
DS20,mc.rpart_OVERT,rpart,OVERT,13,0.010827482051183295
DS20,mc.rpart_OVERT,rpart,OVERT,14,0.0052827724960028575
DS20,mc.rpart_OVERT,rpart,OVERT,15,0.007421293426878063
DS20,mc.rpart_OVERT,rpart,OVERT,16,0.007095065122070371
DS20,mc.rpart_OVERT,rpart,OVERT,17,0.00802998840781523
DS20,mc.rpart_OVERT,rpart,OVERT,18,0.008848520738199304
DS20,mc.rpart_OVERT,rpart,OVERT,19,0.0068292860417269174
DS20,mc.rpart_OVERT,rpart,OVERT,20,0.00682514098436171
DS20,mc.rpart_OVERT,rpart,OVERT,21,0.0073839188782547326
DS20,mc.rpart_OVERT,rpart,OVERT,22,0.006689800165776205
DS20,mc.rpart_OVERT,rpart,OVERT,23,0.007546713186373723
DS20,mc.rpart_OVERT,rpart,OVERT,24,0.00690156725453079
DS20,mc.rpart_OVERT,rpart,OVERT,25,0.005325865184414201
DS20,mc.rpart_OVERT,rpart,OVERT,26,0.006424391627176888
DS20,mc.rpart_OVERT,rpart,OVERT,27,0.004366866737197086
DS20,mc.rpart_OVERT,rpart,OVERT,28,0.004492010079318726
DS20,mc.rpart_OVERT,rpart,OVERT,29,0.0036945289652114033
DS20,mc.rpart_OVERT,rpart,OVERT,30,0.0030506245098283783
DS20,mc.rpart_OVERT,rpart,OVERT,31,0.0013605756512095044
DS20,mc.rpart_OVERT,rpart,OVERT,32,0.002746087169412439
DS20,mc.rpart_OVERT,rpart,OVERT,33,0.001838707683324451
DS20,mc.rpart_OVERT,rpart,OVERT,34,0.0021507144703082764
DS20,mc.rpart_OVERT,rpart,OVERT,35,0.002495383437174195
DS20,mc.rpart_OVERT,rpart,OVERT,36,0.0025354629328348402
DS20,mc.rpart_OVERT,rpart,OVERT,37,0.0021263145902881025
DS20,mc.rpart_OVERT,rpart,OVERT,38,0.002707805622946745
DS20,mc.rpart_OVERT,rpart,OVERT,39,0.002106034470442788
DS20,mc.rpart_OVERT,rpart,OVERT,40,0.00199040718222269
DS20,mc.rpart_OVERT,rpart,OVERT,41,0.0020852744612178953
DS20,mc.rpart_OVERT,rpart,OVERT,42,0.002333278112083156
DS20,mc.rpart_OVERT,rpart,OVERT,43,0.002779831248915042
DS20,mc.rpart_OVERT,rpart,OVERT,44,0.002818919594006616
DS20,mc.rpart_OVERT,rpart,OVERT,45,0.00293021149760121
DS20,mc.rpart_OVERT,rpart,OVERT,46,0.0023454264746391082
DS20,mc.rpart_OVERT,rpart,OVERT,47,0.001962553652590586
DS20,mc.rpart_OVERT,rpart,OVERT,48,0.0028727903875229678
DS20,mc.rpart_OVERT,rpart,OVERT,49,0.0026786509583314466
DS20,mc.rpart_OVERT,rpart,OVERT,50,0.0017476937304984348
DS20,mc.rpart_SMOTEB,rpart,SMOTEB,1,0.013874969119747387
DS20,mc.rpart_SMOTEB,rpart,SMOTEB,2,0.007971358343736376
DS20,mc.rpart_SMOTEB,rpart,SMOTEB,3,0.010840111595695211
DS20,mc.rpart_SMOTEB,rpart,SMOTEB,4,0.008627056050676592
DS20,mc.rpart_SMOTEB,rpart,SMOTEB,5,0.009344604998242247
DS20,mc.rpart_SMOTEB,rpart,SMOTEB,6,0.007122988707316406
DS20,mc.rpart_SMOTEB,rpart,SMOTEB,7,0.012296863947799561
DS20,mc.rpart_SMOTEB,rpart,SMOTEB,8,0.014063752813236168
DS20,mc.rpart_SMOTEB,rpart,SMOTEB,9,0.013074944908092833
DS20,mc.rpart_SMOTEB,rpart,SMOTEB,10,0.013099284638512577
DS20,mc.rpart_SMOTEB,rpart,SMOTEB,11,0.013161656886276312
DS20,mc.rpart_SMOTEB,rpart,SMOTEB,12,0.019245805015266407
DS20,mc.rpart_SMOTEB,rpart,SMOTEB,13,0.010161085260561049
DS20,mc.rpart_SMOTEB,rpart,SMOTEB,14,0.014720825958131747
DS20,mc.rpart_SMOTEB,rpart,SMOTEB,15,0.010999093024088217
DS20,mc.rpart_SMOTEB,rpart,SMOTEB,16,0.012056523190350058
DS20,mc.rpart_SMOTEB,rpart,SMOTEB,17,0.011355568646305438
DS20,mc.rpart_SMOTEB,rpart,SMOTEB,18,0.017283142113131113
DS20,mc.rpart_SMOTEB,rpart,SMOTEB,19,0.017682986350307774
DS20,mc.rpart_SMOTEB,rpart,SMOTEB,20,0.008793998765929985
DS20,mc.rpart_SMOTEB,rpart,SMOTEB,21,0.009298677496607115
DS20,mc.rpart_SMOTEB,rpart,SMOTEB,22,0.016513155596739906
DS20,mc.rpart_SMOTEB,rpart,SMOTEB,23,0.008788464384867859
DS20,mc.rpart_SMOTEB,rpart,SMOTEB,24,0.01184291892379399
DS20,mc.rpart_SMOTEB,rpart,SMOTEB,25,0.007702691517275061
DS20,mc.rpart_SMOTEB,rpart,SMOTEB,26,0.006868239282588338
DS20,mc.rpart_SMOTEB,rpart,SMOTEB,27,0.006211891838637571
DS20,mc.rpart_SMOTEB,rpart,SMOTEB,28,0.005701125605639287
DS20,mc.rpart_SMOTEB,rpart,SMOTEB,29,0.005040189463778055
DS20,mc.rpart_SMOTEB,rpart,SMOTEB,30,0.004105609512801812
DS20,mc.rpart_SMOTEB,rpart,SMOTEB,31,0.00521377976550845
DS20,mc.rpart_SMOTEB,rpart,SMOTEB,32,0.0025386224154690185
DS20,mc.rpart_SMOTEB,rpart,SMOTEB,33,0.005563013198472215
DS20,mc.rpart_SMOTEB,rpart,SMOTEB,34,0.00427135115445573
DS20,mc.rpart_SMOTEB,rpart,SMOTEB,35,0.0033381525966590135
DS20,mc.rpart_SMOTEB,rpart,SMOTEB,36,0.004275703273581035
DS20,mc.rpart_SMOTEB,rpart,SMOTEB,37,0.002450550859652175
DS20,mc.rpart_SMOTEB,rpart,SMOTEB,38,0.0028838468744589213
DS20,mc.rpart_SMOTEB,rpart,SMOTEB,39,0.003606174554984299
DS20,mc.rpart_SMOTEB,rpart,SMOTEB,40,0.003226166116129031
DS20,mc.rpart_SMOTEB,rpart,SMOTEB,41,0.0036329519446893365
DS20,mc.rpart_SMOTEB,rpart,SMOTEB,42,0.0024454367829145063
DS20,mc.rpart_SMOTEB,rpart,SMOTEB,43,0.0031051056794338776
DS20,mc.rpart_SMOTEB,rpart,SMOTEB,44,0.002075331181408813
DS20,mc.rpart_SMOTEB,rpart,SMOTEB,45,0.0027575671144185136
DS20,mc.rpart_SMOTEB,rpart,SMOTEB,46,0.003066228774635262
DS20,mc.rpart_SMOTEB,rpart,SMOTEB,47,0.0028369264755284318
DS20,mc.rpart_SMOTEB,rpart,SMOTEB,48,0.0021779617160000092
DS20,mc.rpart_SMOTEB,rpart,SMOTEB,49,0.00339831668555317
DS20,mc.rpart_SMOTEB,rpart,SMOTEB,50,0.002813858880574197
DS20,mc.rpart_SMOTETPhi,rpart,SMOTETPhi,1,0.017160096471389483
DS20,mc.rpart_SMOTETPhi,rpart,SMOTETPhi,2,0.013378680974729225
DS20,mc.rpart_SMOTETPhi,rpart,SMOTETPhi,3,0.010199268339694659
DS20,mc.rpart_SMOTETPhi,rpart,SMOTETPhi,4,0.01265197554067992
DS20,mc.rpart_SMOTETPhi,rpart,SMOTETPhi,5,0.010217970621746935
DS20,mc.rpart_SMOTETPhi,rpart,SMOTETPhi,6,0.008718075379961584
DS20,mc.rpart_SMOTETPhi,rpart,SMOTETPhi,7,0.014934746137996873
DS20,mc.rpart_SMOTETPhi,rpart,SMOTETPhi,8,0.01029016849127944
DS20,mc.rpart_SMOTETPhi,rpart,SMOTETPhi,9,0.010674291909965753
DS20,mc.rpart_SMOTETPhi,rpart,SMOTETPhi,10,0.01747058177708836
DS20,mc.rpart_SMOTETPhi,rpart,SMOTETPhi,11,0.008528085632543132
DS20,mc.rpart_SMOTETPhi,rpart,SMOTETPhi,12,0.014360481618284736
DS20,mc.rpart_SMOTETPhi,rpart,SMOTETPhi,13,0.009694050399185453
DS20,mc.rpart_SMOTETPhi,rpart,SMOTETPhi,14,0.01186646278121547
DS20,mc.rpart_SMOTETPhi,rpart,SMOTETPhi,15,0.011195487515632605
DS20,mc.rpart_SMOTETPhi,rpart,SMOTETPhi,16,0.013590663866372688
DS20,mc.rpart_SMOTETPhi,rpart,SMOTETPhi,17,0.017187122715722515
DS20,mc.rpart_SMOTETPhi,rpart,SMOTETPhi,18,0.015714206564076894
DS20,mc.rpart_SMOTETPhi,rpart,SMOTETPhi,19,0.013143721878426752
DS20,mc.rpart_SMOTETPhi,rpart,SMOTETPhi,20,0.011609687767418615
DS20,mc.rpart_SMOTETPhi,rpart,SMOTETPhi,21,0.008990324609752055
DS20,mc.rpart_SMOTETPhi,rpart,SMOTETPhi,22,0.00927593066375506
DS20,mc.rpart_SMOTETPhi,rpart,SMOTETPhi,23,0.012927585834029033
DS20,mc.rpart_SMOTETPhi,rpart,SMOTETPhi,24,0.011373690346572686
DS20,mc.rpart_SMOTETPhi,rpart,SMOTETPhi,25,0.010837429022213704
DS20,mc.rpart_SMOTETPhi,rpart,SMOTETPhi,26,0.009590568517331565
DS20,mc.rpart_SMOTETPhi,rpart,SMOTETPhi,27,0.008747151526863275
DS20,mc.rpart_SMOTETPhi,rpart,SMOTETPhi,28,0.0047059403559723155
DS20,mc.rpart_SMOTETPhi,rpart,SMOTETPhi,29,0.004387544844190987
DS20,mc.rpart_SMOTETPhi,rpart,SMOTETPhi,30,0.004376606363006625
DS20,mc.rpart_SMOTETPhi,rpart,SMOTETPhi,31,0.004189263813218589
DS20,mc.rpart_SMOTETPhi,rpart,SMOTETPhi,32,0.004512576398841027
DS20,mc.rpart_SMOTETPhi,rpart,SMOTETPhi,33,0.0038340966915164387
DS20,mc.rpart_SMOTETPhi,rpart,SMOTETPhi,34,0.006484600532377731
DS20,mc.rpart_SMOTETPhi,rpart,SMOTETPhi,35,0.005616105532775174
DS20,mc.rpart_SMOTETPhi,rpart,SMOTETPhi,36,0.005982974563250355
DS20,mc.rpart_SMOTETPhi,rpart,SMOTETPhi,37,0.0031180085446850456
DS20,mc.rpart_SMOTETPhi,rpart,SMOTETPhi,38,0.004563794775759861
DS20,mc.rpart_SMOTETPhi,rpart,SMOTETPhi,39,0.00419872511393796
DS20,mc.rpart_SMOTETPhi,rpart,SMOTETPhi,40,0.004541502593096833
DS20,mc.rpart_SMOTETPhi,rpart,SMOTETPhi,41,0.004808409357188195
DS20,mc.rpart_SMOTETPhi,rpart,SMOTETPhi,42,0.0027156822091784954
DS20,mc.rpart_SMOTETPhi,rpart,SMOTETPhi,43,0.0036130507940087243
DS20,mc.rpart_SMOTETPhi,rpart,SMOTETPhi,44,0.0034371603054583894
DS20,mc.rpart_SMOTETPhi,rpart,SMOTETPhi,45,0.0025507276827121555
DS20,mc.rpart_SMOTETPhi,rpart,SMOTETPhi,46,0.0029146243158891722
DS20,mc.rpart_SMOTETPhi,rpart,SMOTETPhi,47,0.0034479874513170536
DS20,mc.rpart_SMOTETPhi,rpart,SMOTETPhi,48,0.002664679826141111
DS20,mc.rpart_SMOTETPhi,rpart,SMOTETPhi,49,0.0028609300526104245
DS20,mc.rpart_SMOTETPhi,rpart,SMOTETPhi,50,0.0029329960238966696
DS20,mc.rpart_SMOTET,rpart,SMOTET,1,0.008260496675378709
DS20,mc.rpart_SMOTET,rpart,SMOTET,2,0.009491069965160514
DS20,mc.rpart_SMOTET,rpart,SMOTET,3,0.015072518479748845
DS20,mc.rpart_SMOTET,rpart,SMOTET,4,0.010936561624913788
DS20,mc.rpart_SMOTET,rpart,SMOTET,5,0.010611210504679114
DS20,mc.rpart_SMOTET,rpart,SMOTET,6,0.009793530265850394
DS20,mc.rpart_SMOTET,rpart,SMOTET,7,0.01227804677913188
DS20,mc.rpart_SMOTET,rpart,SMOTET,8,0.011502682673310836
DS20,mc.rpart_SMOTET,rpart,SMOTET,9,0.0063648722623680905
DS20,mc.rpart_SMOTET,rpart,SMOTET,10,0.012716430003683889
DS20,mc.rpart_SMOTET,rpart,SMOTET,11,0.014463417339465432
DS20,mc.rpart_SMOTET,rpart,SMOTET,12,0.013165280877244464
DS20,mc.rpart_SMOTET,rpart,SMOTET,13,0.010663707519534932
DS20,mc.rpart_SMOTET,rpart,SMOTET,14,0.015222555569310832
DS20,mc.rpart_SMOTET,rpart,SMOTET,15,0.013949670772439467
DS20,mc.rpart_SMOTET,rpart,SMOTET,16,0.01204931229221497
DS20,mc.rpart_SMOTET,rpart,SMOTET,17,0.012075154559857727
DS20,mc.rpart_SMOTET,rpart,SMOTET,18,0.013192604757330889
DS20,mc.rpart_SMOTET,rpart,SMOTET,19,0.01189296406311879
DS20,mc.rpart_SMOTET,rpart,SMOTET,20,0.014931951314040485
DS20,mc.rpart_SMOTET,rpart,SMOTET,21,0.009893796731223784
DS20,mc.rpart_SMOTET,rpart,SMOTET,22,0.013388133101167012
DS20,mc.rpart_SMOTET,rpart,SMOTET,23,0.006384151394960528
DS20,mc.rpart_SMOTET,rpart,SMOTET,24,0.007347909794682001
DS20,mc.rpart_SMOTET,rpart,SMOTET,25,0.008249525862987587
DS20,mc.rpart_SMOTET,rpart,SMOTET,26,0.007076579966155298
DS20,mc.rpart_SMOTET,rpart,SMOTET,27,0.008153106988263433
DS20,mc.rpart_SMOTET,rpart,SMOTET,28,0.004293261591460663
DS20,mc.rpart_SMOTET,rpart,SMOTET,29,0.00469498668308572
DS20,mc.rpart_SMOTET,rpart,SMOTET,30,0.00620666765545647
DS20,mc.rpart_SMOTET,rpart,SMOTET,31,0.004379823049145398
DS20,mc.rpart_SMOTET,rpart,SMOTET,32,0.003924745607084868
DS20,mc.rpart_SMOTET,rpart,SMOTET,33,0.003023932201883956
DS20,mc.rpart_SMOTET,rpart,SMOTET,34,0.0030441261338782317
DS20,mc.rpart_SMOTET,rpart,SMOTET,35,0.002423118018423249
DS20,mc.rpart_SMOTET,rpart,SMOTET,36,0.0030885724650475807
DS20,mc.rpart_SMOTET,rpart,SMOTET,37,0.002904416310100143
DS20,mc.rpart_SMOTET,rpart,SMOTET,38,0.0029786339014647644
DS20,mc.rpart_SMOTET,rpart,SMOTET,39,0.0030022805176177763
DS20,mc.rpart_SMOTET,rpart,SMOTET,40,0.0035969907664751256
DS20,mc.rpart_SMOTET,rpart,SMOTET,41,0.0034367581588130567
DS20,mc.rpart_SMOTET,rpart,SMOTET,42,0.0025639670279272884
DS20,mc.rpart_SMOTET,rpart,SMOTET,43,0.002644315308974448
DS20,mc.rpart_SMOTET,rpart,SMOTET,44,0.00357032291595668
DS20,mc.rpart_SMOTET,rpart,SMOTET,45,0.0023835006928712875
DS20,mc.rpart_SMOTET,rpart,SMOTET,46,0.002668600074962488
DS20,mc.rpart_SMOTET,rpart,SMOTET,47,0.002258050203348437
DS20,mc.rpart_SMOTET,rpart,SMOTET,48,0.003438682736838553
DS20,mc.rpart_SMOTET,rpart,SMOTET,49,0.002591124875370047
DS20,mc.rpart_SMOTET,rpart,SMOTET,50,0.0029883748621329755
DS20,mc.rpart_UNDERB,rpart,UNDERB,1,0.01427143022638738
DS20,mc.rpart_UNDERB,rpart,UNDERB,2,0.011062762012960267
DS20,mc.rpart_UNDERB,rpart,UNDERB,3,0.011254295475247169
DS20,mc.rpart_UNDERB,rpart,UNDERB,4,0.012624371465033882
DS20,mc.rpart_UNDERB,rpart,UNDERB,5,0.01153344401781535
DS20,mc.rpart_UNDERB,rpart,UNDERB,6,0.0142565833388889
DS20,mc.rpart_UNDERB,rpart,UNDERB,7,0.012431814476380247
DS20,mc.rpart_UNDERB,rpart,UNDERB,8,0.011013231884910749
DS20,mc.rpart_UNDERB,rpart,UNDERB,9,0.010177312105802645
DS20,mc.rpart_UNDERB,rpart,UNDERB,10,0.012176995559519456
DS20,mc.rpart_UNDERB,rpart,UNDERB,11,0.013057550744185398
DS20,mc.rpart_UNDERB,rpart,UNDERB,12,0.011766680274899508
DS20,mc.rpart_UNDERB,rpart,UNDERB,13,0.01407859253271184
DS20,mc.rpart_UNDERB,rpart,UNDERB,14,0.013083549617124796
DS20,mc.rpart_UNDERB,rpart,UNDERB,15,0.013683796316312946
DS20,mc.rpart_UNDERB,rpart,UNDERB,16,0.011631574770902306
DS20,mc.rpart_UNDERB,rpart,UNDERB,17,0.013750186639879352
DS20,mc.rpart_UNDERB,rpart,UNDERB,18,0.012767215247176054
DS20,mc.rpart_UNDERB,rpart,UNDERB,19,0.013354670369945981
DS20,mc.rpart_UNDERB,rpart,UNDERB,20,0.011443940390137925
DS20,mc.rpart_UNDERB,rpart,UNDERB,21,0.011745263953250686
DS20,mc.rpart_UNDERB,rpart,UNDERB,22,0.008424595048046043
DS20,mc.rpart_UNDERB,rpart,UNDERB,23,0.010433329392640517
DS20,mc.rpart_UNDERB,rpart,UNDERB,24,0.009856025858684602
DS20,mc.rpart_UNDERB,rpart,UNDERB,25,0.009530224377071999
DS20,mc.rpart_UNDERB,rpart,UNDERB,26,0.011194733115676628
DS20,mc.rpart_UNDERB,rpart,UNDERB,27,0.009713448765849324
DS20,mc.rpart_UNDERB,rpart,UNDERB,28,0.007875835928299234
DS20,mc.rpart_UNDERB,rpart,UNDERB,29,0.009691925421211703
DS20,mc.rpart_UNDERB,rpart,UNDERB,30,0.0032623746174239316
DS20,mc.rpart_UNDERB,rpart,UNDERB,31,0.0036606135220978915
DS20,mc.rpart_UNDERB,rpart,UNDERB,32,0.005671420806830249
DS20,mc.rpart_UNDERB,rpart,UNDERB,33,0.005201561594177544
DS20,mc.rpart_UNDERB,rpart,UNDERB,34,0.006097175556059341
DS20,mc.rpart_UNDERB,rpart,UNDERB,35,0.003456380278730483
DS20,mc.rpart_UNDERB,rpart,UNDERB,36,0.004040324215699181
DS20,mc.rpart_UNDERB,rpart,UNDERB,37,0.002554516905802778
DS20,mc.rpart_UNDERB,rpart,UNDERB,38,0.00364276135334301
DS20,mc.rpart_UNDERB,rpart,UNDERB,39,0.0024428136360173515
DS20,mc.rpart_UNDERB,rpart,UNDERB,40,0.0036630860326975164
DS20,mc.rpart_UNDERB,rpart,UNDERB,41,0.0056517857428685725
DS20,mc.rpart_UNDERB,rpart,UNDERB,42,0.0031492536537457315
DS20,mc.rpart_UNDERB,rpart,UNDERB,43,0.0036846449378560345
DS20,mc.rpart_UNDERB,rpart,UNDERB,44,0.0031340723349448313
DS20,mc.rpart_UNDERB,rpart,UNDERB,45,0.002557025901170271
DS20,mc.rpart_UNDERB,rpart,UNDERB,46,0.0022126110652246392
DS20,mc.rpart_UNDERB,rpart,UNDERB,47,0.004462936071642554
DS20,mc.rpart_UNDERB,rpart,UNDERB,48,0.003906954060687146
DS20,mc.rpart_UNDERB,rpart,UNDERB,49,0.0037438376682196895
DS20,mc.rpart_UNDERB,rpart,UNDERB,50,0.003472310652757603
DS20,mc.rpart_UNDERTPhi,rpart,UNDERTPhi,1,0.014006856958205879
DS20,mc.rpart_UNDERTPhi,rpart,UNDERTPhi,2,0.008097398628852575
DS20,mc.rpart_UNDERTPhi,rpart,UNDERTPhi,3,0.009178198971587236
DS20,mc.rpart_UNDERTPhi,rpart,UNDERTPhi,4,0.009231912790566982
DS20,mc.rpart_UNDERTPhi,rpart,UNDERTPhi,5,0.010237451159208695
DS20,mc.rpart_UNDERTPhi,rpart,UNDERTPhi,6,0.009454697037068313
DS20,mc.rpart_UNDERTPhi,rpart,UNDERTPhi,7,0.01131413971000954
DS20,mc.rpart_UNDERTPhi,rpart,UNDERTPhi,8,0.011723480834684786
DS20,mc.rpart_UNDERTPhi,rpart,UNDERTPhi,9,0.009348789264462967
DS20,mc.rpart_UNDERTPhi,rpart,UNDERTPhi,10,0.012464300293453167
DS20,mc.rpart_UNDERTPhi,rpart,UNDERTPhi,11,0.009567860138633514
DS20,mc.rpart_UNDERTPhi,rpart,UNDERTPhi,12,0.01566366933140805
DS20,mc.rpart_UNDERTPhi,rpart,UNDERTPhi,13,0.011241222140207055
DS20,mc.rpart_UNDERTPhi,rpart,UNDERTPhi,14,0.01039994534297619
DS20,mc.rpart_UNDERTPhi,rpart,UNDERTPhi,15,0.012734334678392434
DS20,mc.rpart_UNDERTPhi,rpart,UNDERTPhi,16,0.01280754046375279
DS20,mc.rpart_UNDERTPhi,rpart,UNDERTPhi,17,0.009011422012607396
DS20,mc.rpart_UNDERTPhi,rpart,UNDERTPhi,18,0.01279606119392656
DS20,mc.rpart_UNDERTPhi,rpart,UNDERTPhi,19,0.011696685106290456
DS20,mc.rpart_UNDERTPhi,rpart,UNDERTPhi,20,0.010085608830514554
DS20,mc.rpart_UNDERTPhi,rpart,UNDERTPhi,21,0.013132767387961692
DS20,mc.rpart_UNDERTPhi,rpart,UNDERTPhi,22,0.01366323783770042
DS20,mc.rpart_UNDERTPhi,rpart,UNDERTPhi,23,0.008718891262657817
DS20,mc.rpart_UNDERTPhi,rpart,UNDERTPhi,24,0.013830025882743855
DS20,mc.rpart_UNDERTPhi,rpart,UNDERTPhi,25,0.009528275824092717
DS20,mc.rpart_UNDERTPhi,rpart,UNDERTPhi,26,0.01232060602593609
DS20,mc.rpart_UNDERTPhi,rpart,UNDERTPhi,27,0.008949467806444896
DS20,mc.rpart_UNDERTPhi,rpart,UNDERTPhi,28,0.007536452092644558
DS20,mc.rpart_UNDERTPhi,rpart,UNDERTPhi,29,0.006830764237161249
DS20,mc.rpart_UNDERTPhi,rpart,UNDERTPhi,30,0.0043802028771661675
DS20,mc.rpart_UNDERTPhi,rpart,UNDERTPhi,31,0.007103982753333255
DS20,mc.rpart_UNDERTPhi,rpart,UNDERTPhi,32,0.005882933860817709
DS20,mc.rpart_UNDERTPhi,rpart,UNDERTPhi,33,0.005424543479837298
DS20,mc.rpart_UNDERTPhi,rpart,UNDERTPhi,34,0.004159326620012753
DS20,mc.rpart_UNDERTPhi,rpart,UNDERTPhi,35,0.006846839502179027
DS20,mc.rpart_UNDERTPhi,rpart,UNDERTPhi,36,0.005511385402365508
DS20,mc.rpart_UNDERTPhi,rpart,UNDERTPhi,37,0.002626039653121471
DS20,mc.rpart_UNDERTPhi,rpart,UNDERTPhi,38,0.005615081703596108
DS20,mc.rpart_UNDERTPhi,rpart,UNDERTPhi,39,0.004760736984181959
DS20,mc.rpart_UNDERTPhi,rpart,UNDERTPhi,40,0.0031161433891465436
DS20,mc.rpart_UNDERTPhi,rpart,UNDERTPhi,41,0.003361957862042675
DS20,mc.rpart_UNDERTPhi,rpart,UNDERTPhi,42,0.004800307872817416
DS20,mc.rpart_UNDERTPhi,rpart,UNDERTPhi,43,0.006497395235018123
DS20,mc.rpart_UNDERTPhi,rpart,UNDERTPhi,44,0.004154486307584729
DS20,mc.rpart_UNDERTPhi,rpart,UNDERTPhi,45,0.003996220954566573
DS20,mc.rpart_UNDERTPhi,rpart,UNDERTPhi,46,0.005017517772969132
DS20,mc.rpart_UNDERTPhi,rpart,UNDERTPhi,47,0.003950025039743826
DS20,mc.rpart_UNDERTPhi,rpart,UNDERTPhi,48,0.002344054165918924
DS20,mc.rpart_UNDERTPhi,rpart,UNDERTPhi,49,0.002643370005450727
DS20,mc.rpart_UNDERTPhi,rpart,UNDERTPhi,50,0.0029894914686876797
DS20,mc.rpart_UNDERT,rpart,UNDERT,1,0.010742294544005184
DS20,mc.rpart_UNDERT,rpart,UNDERT,2,0.010583571594398829
DS20,mc.rpart_UNDERT,rpart,UNDERT,3,0.00806482600356757
DS20,mc.rpart_UNDERT,rpart,UNDERT,4,0.011543003049283261
DS20,mc.rpart_UNDERT,rpart,UNDERT,5,0.008300065790832221
DS20,mc.rpart_UNDERT,rpart,UNDERT,6,0.00769407620696925
DS20,mc.rpart_UNDERT,rpart,UNDERT,7,0.014055557682108578
DS20,mc.rpart_UNDERT,rpart,UNDERT,8,0.011496883498588649
DS20,mc.rpart_UNDERT,rpart,UNDERT,9,0.013433988564333867
DS20,mc.rpart_UNDERT,rpart,UNDERT,10,0.015333913499186776
DS20,mc.rpart_UNDERT,rpart,UNDERT,11,0.012564424618582327
DS20,mc.rpart_UNDERT,rpart,UNDERT,12,0.014016155181994804
DS20,mc.rpart_UNDERT,rpart,UNDERT,13,0.013943417605607885
DS20,mc.rpart_UNDERT,rpart,UNDERT,14,0.011716619302277418
DS20,mc.rpart_UNDERT,rpart,UNDERT,15,0.011259579382943889
DS20,mc.rpart_UNDERT,rpart,UNDERT,16,0.009603663125958605
DS20,mc.rpart_UNDERT,rpart,UNDERT,17,0.011572120007303925
DS20,mc.rpart_UNDERT,rpart,UNDERT,18,0.013505788356545258
DS20,mc.rpart_UNDERT,rpart,UNDERT,19,0.013510882886337486
DS20,mc.rpart_UNDERT,rpart,UNDERT,20,0.009750876269399671
DS20,mc.rpart_UNDERT,rpart,UNDERT,21,0.008906025112959924
DS20,mc.rpart_UNDERT,rpart,UNDERT,22,0.010816772217735946
DS20,mc.rpart_UNDERT,rpart,UNDERT,23,0.009542279969218012
DS20,mc.rpart_UNDERT,rpart,UNDERT,24,0.01118500776002977
DS20,mc.rpart_UNDERT,rpart,UNDERT,25,0.011211826589240066
DS20,mc.rpart_UNDERT,rpart,UNDERT,26,0.006855957427580436
DS20,mc.rpart_UNDERT,rpart,UNDERT,27,0.006460407216732361
DS20,mc.rpart_UNDERT,rpart,UNDERT,28,0.005060933798180755
DS20,mc.rpart_UNDERT,rpart,UNDERT,29,0.0042074706864555795
DS20,mc.rpart_UNDERT,rpart,UNDERT,30,0.004629474026062448
DS20,mc.rpart_UNDERT,rpart,UNDERT,31,0.0038609333251838135
DS20,mc.rpart_UNDERT,rpart,UNDERT,32,0.0038309943402496235
DS20,mc.rpart_UNDERT,rpart,UNDERT,33,0.0043785620160184625
DS20,mc.rpart_UNDERT,rpart,UNDERT,34,0.0044309165142677395
DS20,mc.rpart_UNDERT,rpart,UNDERT,35,0.002866877112633843
DS20,mc.rpart_UNDERT,rpart,UNDERT,36,0.0049008910231121295
DS20,mc.rpart_UNDERT,rpart,UNDERT,37,0.006465717415030849
DS20,mc.rpart_UNDERT,rpart,UNDERT,38,0.003322221682901221
DS20,mc.rpart_UNDERT,rpart,UNDERT,39,0.004558609867165992
DS20,mc.rpart_UNDERT,rpart,UNDERT,40,0.0050836645571832074
DS20,mc.rpart_UNDERT,rpart,UNDERT,41,0.0036889926581757586
DS20,mc.rpart_UNDERT,rpart,UNDERT,42,0.004711728370276824
DS20,mc.rpart_UNDERT,rpart,UNDERT,43,0.003037275736908058
DS20,mc.rpart_UNDERT,rpart,UNDERT,44,0.003773433109783326
DS20,mc.rpart_UNDERT,rpart,UNDERT,45,0.00409963195397948
DS20,mc.rpart_UNDERT,rpart,UNDERT,46,0.003373543716417437
DS20,mc.rpart_UNDERT,rpart,UNDERT,47,0.003896507845728662
DS20,mc.rpart_UNDERT,rpart,UNDERT,48,0.002742350309608916
DS20,mc.rpart_UNDERT,rpart,UNDERT,49,0.004497293784008635
DS20,mc.rpart_UNDERT,rpart,UNDERT,50,0.004523882617284959
DS20,mc.rpart,rpart,baseline,1,0.0064843764807856665
DS20,mc.rpart,rpart,baseline,2,0.006161538998853116
DS20,mc.rpart,rpart,baseline,3,0.005716751170329082
DS20,mc.rpart,rpart,baseline,4,0.00548379980235006
DS20,mc.rpart,rpart,baseline,5,0.006672743912510805
DS20,mc.rpart,rpart,baseline,6,0.007602021630773225
DS20,mc.rpart,rpart,baseline,7,0.007227512702518534
DS20,mc.rpart,rpart,baseline,8,0.0067460904123389075
DS20,mc.rpart,rpart,baseline,9,0.008611696640660737
DS20,mc.rpart,rpart,baseline,10,0.008172643933256098
DS20,mc.rpart,rpart,baseline,11,0.007580091501147239
DS20,mc.rpart,rpart,baseline,12,0.007584070206513931
DS20,mc.rpart,rpart,baseline,13,0.008031155093063087
DS20,mc.rpart,rpart,baseline,14,0.007820567616455625
DS20,mc.rpart,rpart,baseline,15,0.00733862564133685
DS20,mc.rpart,rpart,baseline,16,0.007699349973415818
DS20,mc.rpart,rpart,baseline,17,0.007873111513168185
DS20,mc.rpart,rpart,baseline,18,0.007059958767567038
DS20,mc.rpart,rpart,baseline,19,0.007909561591614461
DS20,mc.rpart,rpart,baseline,20,0.00827530116064932
DS20,mc.rpart,rpart,baseline,21,0.008135588062412925
DS20,mc.rpart,rpart,baseline,22,0.007244588731850587
DS20,mc.rpart,rpart,baseline,23,0.008312797782013447
DS20,mc.rpart,rpart,baseline,24,0.006385418247050296
DS20,mc.rpart,rpart,baseline,25,0.006121761097598305
DS20,mc.rpart,rpart,baseline,26,0.005589435104110964
DS20,mc.rpart,rpart,baseline,27,0.0040167843204310626
DS20,mc.rpart,rpart,baseline,28,0.0030050795538302693
DS20,mc.rpart,rpart,baseline,29,0.003467915835630343
DS20,mc.rpart,rpart,baseline,30,0.002961534050055273
DS20,mc.rpart,rpart,baseline,31,0.0026932996081735655
DS20,mc.rpart,rpart,baseline,32,0.00271767584106761
DS20,mc.rpart,rpart,baseline,33,0.00216183049706154
DS20,mc.rpart,rpart,baseline,34,0.0018247584523008403
DS20,mc.rpart,rpart,baseline,35,0.0022394876815483955
DS20,mc.rpart,rpart,baseline,36,0.0023307196825802594
DS20,mc.rpart,rpart,baseline,37,0.0022742540581974805
DS20,mc.rpart,rpart,baseline,38,0.0014122403093992687
DS20,mc.rpart,rpart,baseline,39,0.0014717476751203622
DS20,mc.rpart,rpart,baseline,40,0.0020328016608410896
DS20,mc.rpart,rpart,baseline,41,0.0026145160032052944
DS20,mc.rpart,rpart,baseline,42,0.0022113656143928385
DS20,mc.rpart,rpart,baseline,43,0.0022080208844690256
DS20,mc.rpart,rpart,baseline,44,0.0026599346439664046
DS20,mc.rpart,rpart,baseline,45,0.002658339014370345
DS20,mc.rpart,rpart,baseline,46,0.0026457424055896968
DS20,mc.rpart,rpart,baseline,47,0.0018673933185231124
DS20,mc.rpart,rpart,baseline,48,0.002545423139382521
DS20,mc.rpart,rpart,baseline,49,0.002589847679668207
DS20,mc.rpart,rpart,baseline,50,0.0020390197935429475
DS20,mc.svm_OVERB,svm,OVERB,1,0.006136947005197245
DS20,mc.svm_OVERB,svm,OVERB,2,0.006248224517820069
DS20,mc.svm_OVERB,svm,OVERB,3,0.006743452223749043
DS20,mc.svm_OVERB,svm,OVERB,4,0.0068060120707731245
DS20,mc.svm_OVERB,svm,OVERB,5,0.006748428381659203
DS20,mc.svm_OVERB,svm,OVERB,6,0.007391953171944433
DS20,mc.svm_OVERB,svm,OVERB,7,0.006716978584520106
DS20,mc.svm_OVERB,svm,OVERB,8,0.007694263863394205
DS20,mc.svm_OVERB,svm,OVERB,9,0.010115084236744606
DS20,mc.svm_OVERB,svm,OVERB,10,0.009590796698793428
DS20,mc.svm_OVERB,svm,OVERB,11,0.011182219626082941
DS20,mc.svm_OVERB,svm,OVERB,12,0.010794183534452067
DS20,mc.svm_OVERB,svm,OVERB,13,0.008173969275668018
DS20,mc.svm_OVERB,svm,OVERB,14,0.010846087031007897
DS20,mc.svm_OVERB,svm,OVERB,15,0.010560123887094177
DS20,mc.svm_OVERB,svm,OVERB,16,0.009487618662943129
DS20,mc.svm_OVERB,svm,OVERB,17,0.010069850402874215
DS20,mc.svm_OVERB,svm,OVERB,18,0.010287858093669352
DS20,mc.svm_OVERB,svm,OVERB,19,0.008665839648458924
DS20,mc.svm_OVERB,svm,OVERB,20,0.010558022304174021
DS20,mc.svm_OVERB,svm,OVERB,21,0.008198594157458158
DS20,mc.svm_OVERB,svm,OVERB,22,0.0084833067248608
DS20,mc.svm_OVERB,svm,OVERB,23,0.00997119507041274
DS20,mc.svm_OVERB,svm,OVERB,24,0.010336538186316387
DS20,mc.svm_OVERB,svm,OVERB,25,0.007316446880142681
DS20,mc.svm_OVERB,svm,OVERB,26,0.008256722465407085
DS20,mc.svm_OVERB,svm,OVERB,27,0.012780688539065915
DS20,mc.svm_OVERB,svm,OVERB,28,0.010739366114349152
DS20,mc.svm_OVERB,svm,OVERB,29,0.004885096039726414
DS20,mc.svm_OVERB,svm,OVERB,30,0.0029465751667248946
DS20,mc.svm_OVERB,svm,OVERB,31,0.0025262167662807697
DS20,mc.svm_OVERB,svm,OVERB,32,0.002496916824626042
DS20,mc.svm_OVERB,svm,OVERB,33,0.0024635504465872087
DS20,mc.svm_OVERB,svm,OVERB,34,0.002529300971344818
DS20,mc.svm_OVERB,svm,OVERB,35,0.0028603743142703434
DS20,mc.svm_OVERB,svm,OVERB,36,0.0025604996023006824
DS20,mc.svm_OVERB,svm,OVERB,37,0.002491173978772413
DS20,mc.svm_OVERB,svm,OVERB,38,0.0031081878773676665
DS20,mc.svm_OVERB,svm,OVERB,39,0.0030796756754772133
DS20,mc.svm_OVERB,svm,OVERB,40,0.002962834491897449
DS20,mc.svm_OVERB,svm,OVERB,41,0.0026322198795128843
DS20,mc.svm_OVERB,svm,OVERB,42,0.0019885468147494236
DS20,mc.svm_OVERB,svm,OVERB,43,0.0020358091745988345
DS20,mc.svm_OVERB,svm,OVERB,44,0.0017796595905050353
DS20,mc.svm_OVERB,svm,OVERB,45,0.0019887248281452922
DS20,mc.svm_OVERB,svm,OVERB,46,0.0019957293956635253
DS20,mc.svm_OVERB,svm,OVERB,47,0.001877778317258901
DS20,mc.svm_OVERB,svm,OVERB,48,0.00183790705804642
DS20,mc.svm_OVERB,svm,OVERB,49,0.0020358627729975586
DS20,mc.svm_OVERB,svm,OVERB,50,0.0016782068901485946
DS20,mc.svm_OVERTPhi,svm,OVERTPhi,1,0.007696867308035255
DS20,mc.svm_OVERTPhi,svm,OVERTPhi,2,0.0071950837277091825
DS20,mc.svm_OVERTPhi,svm,OVERTPhi,3,0.007056928332972803
DS20,mc.svm_OVERTPhi,svm,OVERTPhi,4,0.00656709576258123
DS20,mc.svm_OVERTPhi,svm,OVERTPhi,5,0.00703681991002468
DS20,mc.svm_OVERTPhi,svm,OVERTPhi,6,0.008244502886326225
DS20,mc.svm_OVERTPhi,svm,OVERTPhi,7,0.00710773634062329
DS20,mc.svm_OVERTPhi,svm,OVERTPhi,8,0.00912519554758531
DS20,mc.svm_OVERTPhi,svm,OVERTPhi,9,0.009447744933256886
DS20,mc.svm_OVERTPhi,svm,OVERTPhi,10,0.010375917442669342
DS20,mc.svm_OVERTPhi,svm,OVERTPhi,11,0.011691716796635578
DS20,mc.svm_OVERTPhi,svm,OVERTPhi,12,0.011027231649078205
DS20,mc.svm_OVERTPhi,svm,OVERTPhi,13,0.011728344591000897
DS20,mc.svm_OVERTPhi,svm,OVERTPhi,14,0.011143879242283411
DS20,mc.svm_OVERTPhi,svm,OVERTPhi,15,0.011469379922958546
DS20,mc.svm_OVERTPhi,svm,OVERTPhi,16,0.011527832386925662
DS20,mc.svm_OVERTPhi,svm,OVERTPhi,17,0.012795789648378889
DS20,mc.svm_OVERTPhi,svm,OVERTPhi,18,0.013376127281944193
DS20,mc.svm_OVERTPhi,svm,OVERTPhi,19,0.013273721195427305
DS20,mc.svm_OVERTPhi,svm,OVERTPhi,20,0.011701559500050331
DS20,mc.svm_OVERTPhi,svm,OVERTPhi,21,0.011596938339532474
DS20,mc.svm_OVERTPhi,svm,OVERTPhi,22,0.01271937378464225
DS20,mc.svm_OVERTPhi,svm,OVERTPhi,23,0.011766830155876437
DS20,mc.svm_OVERTPhi,svm,OVERTPhi,24,0.014320981305148936
DS20,mc.svm_OVERTPhi,svm,OVERTPhi,25,0.013016743701464313
DS20,mc.svm_OVERTPhi,svm,OVERTPhi,26,0.01098224161170627
DS20,mc.svm_OVERTPhi,svm,OVERTPhi,27,0.009624435521326122
DS20,mc.svm_OVERTPhi,svm,OVERTPhi,28,0.00817598338557472
DS20,mc.svm_OVERTPhi,svm,OVERTPhi,29,0.005268760305561874
DS20,mc.svm_OVERTPhi,svm,OVERTPhi,30,0.0025850503151482874
DS20,mc.svm_OVERTPhi,svm,OVERTPhi,31,0.0025518481396959443
DS20,mc.svm_OVERTPhi,svm,OVERTPhi,32,0.0024209324966480332
DS20,mc.svm_OVERTPhi,svm,OVERTPhi,33,0.0024564796124690487
DS20,mc.svm_OVERTPhi,svm,OVERTPhi,34,0.0023522554257109423
DS20,mc.svm_OVERTPhi,svm,OVERTPhi,35,0.002479418461147055
DS20,mc.svm_OVERTPhi,svm,OVERTPhi,36,0.0024440560939158157
DS20,mc.svm_OVERTPhi,svm,OVERTPhi,37,0.002445345677943788
DS20,mc.svm_OVERTPhi,svm,OVERTPhi,38,0.002758335717072445
DS20,mc.svm_OVERTPhi,svm,OVERTPhi,39,0.002492527175262132
DS20,mc.svm_OVERTPhi,svm,OVERTPhi,40,0.0024355682378138553
DS20,mc.svm_OVERTPhi,svm,OVERTPhi,41,0.0022289534613253665
DS20,mc.svm_OVERTPhi,svm,OVERTPhi,42,0.0017178953689127214
DS20,mc.svm_OVERTPhi,svm,OVERTPhi,43,0.0017710314498187068
DS20,mc.svm_OVERTPhi,svm,OVERTPhi,44,0.0017226851507946902
DS20,mc.svm_OVERTPhi,svm,OVERTPhi,45,0.0016180175318496939
DS20,mc.svm_OVERTPhi,svm,OVERTPhi,46,0.0016533608427964877
DS20,mc.svm_OVERTPhi,svm,OVERTPhi,47,0.001649172541674488
DS20,mc.svm_OVERTPhi,svm,OVERTPhi,48,0.0015853217371539852
DS20,mc.svm_OVERTPhi,svm,OVERTPhi,49,0.0017083726854248858
DS20,mc.svm_OVERTPhi,svm,OVERTPhi,50,0.001651592382328892
DS20,mc.svm_OVERT,svm,OVERT,1,0.0073156825000881
DS20,mc.svm_OVERT,svm,OVERT,2,0.006992653804188242
DS20,mc.svm_OVERT,svm,OVERT,3,0.006579296048091267
DS20,mc.svm_OVERT,svm,OVERT,4,0.006857455550198078
DS20,mc.svm_OVERT,svm,OVERT,5,0.007030362777262883
DS20,mc.svm_OVERT,svm,OVERT,6,0.008300770967034722
DS20,mc.svm_OVERT,svm,OVERT,7,0.007397993103444548
DS20,mc.svm_OVERT,svm,OVERT,8,0.008958372460039374
DS20,mc.svm_OVERT,svm,OVERT,9,0.009132411540733864
DS20,mc.svm_OVERT,svm,OVERT,10,0.011915025537506082
DS20,mc.svm_OVERT,svm,OVERT,11,0.011861022104578917
DS20,mc.svm_OVERT,svm,OVERT,12,0.011134460882074653
DS20,mc.svm_OVERT,svm,OVERT,13,0.011685992295732197
DS20,mc.svm_OVERT,svm,OVERT,14,0.010667551465847833
DS20,mc.svm_OVERT,svm,OVERT,15,0.011175306660194305
DS20,mc.svm_OVERT,svm,OVERT,16,0.011270193905194643
DS20,mc.svm_OVERT,svm,OVERT,17,0.012736524783810734
DS20,mc.svm_OVERT,svm,OVERT,18,0.013463223632959383
DS20,mc.svm_OVERT,svm,OVERT,19,0.013261672768432362
DS20,mc.svm_OVERT,svm,OVERT,20,0.011637113973369986
DS20,mc.svm_OVERT,svm,OVERT,21,0.011833746329216915
DS20,mc.svm_OVERT,svm,OVERT,22,0.012988000800119172
DS20,mc.svm_OVERT,svm,OVERT,23,0.011766830155876437
DS20,mc.svm_OVERT,svm,OVERT,24,0.014404681337604069
DS20,mc.svm_OVERT,svm,OVERT,25,0.0129447384480328
DS20,mc.svm_OVERT,svm,OVERT,26,0.011411255678251119
DS20,mc.svm_OVERT,svm,OVERT,27,0.01008178510354616
DS20,mc.svm_OVERT,svm,OVERT,28,0.007555884010362051
DS20,mc.svm_OVERT,svm,OVERT,29,0.005191259067467202
DS20,mc.svm_OVERT,svm,OVERT,30,0.002553331446217052
DS20,mc.svm_OVERT,svm,OVERT,31,0.002548575140728567
DS20,mc.svm_OVERT,svm,OVERT,32,0.0024069600650801493
DS20,mc.svm_OVERT,svm,OVERT,33,0.00238108802756542
DS20,mc.svm_OVERT,svm,OVERT,34,0.002307652159622819
DS20,mc.svm_OVERT,svm,OVERT,35,0.002369225340369678
DS20,mc.svm_OVERT,svm,OVERT,36,0.0024634118136089953
DS20,mc.svm_OVERT,svm,OVERT,37,0.002423038204832418
DS20,mc.svm_OVERT,svm,OVERT,38,0.002754936159285358
DS20,mc.svm_OVERT,svm,OVERT,39,0.0025236963934018525
DS20,mc.svm_OVERT,svm,OVERT,40,0.00242743570779112
DS20,mc.svm_OVERT,svm,OVERT,41,0.002204677737281492
DS20,mc.svm_OVERT,svm,OVERT,42,0.0017234230500827049
DS20,mc.svm_OVERT,svm,OVERT,43,0.0017708908982248142
DS20,mc.svm_OVERT,svm,OVERT,44,0.0017248452730675445
DS20,mc.svm_OVERT,svm,OVERT,45,0.0016688838947821014
DS20,mc.svm_OVERT,svm,OVERT,46,0.001681077207222773
DS20,mc.svm_OVERT,svm,OVERT,47,0.0016636568899402104
DS20,mc.svm_OVERT,svm,OVERT,48,0.0015774488145399081
DS20,mc.svm_OVERT,svm,OVERT,49,0.0016992052381801341
DS20,mc.svm_OVERT,svm,OVERT,50,0.0016436579170437619
DS20,mc.svm_SMOTEB,svm,SMOTEB,1,0.00676861339798602
DS20,mc.svm_SMOTEB,svm,SMOTEB,2,0.0062296403090436455
DS20,mc.svm_SMOTEB,svm,SMOTEB,3,0.007519729505781543
DS20,mc.svm_SMOTEB,svm,SMOTEB,4,0.007939622648501569
DS20,mc.svm_SMOTEB,svm,SMOTEB,5,0.006770135070241556
DS20,mc.svm_SMOTEB,svm,SMOTEB,6,0.011271509686192173
DS20,mc.svm_SMOTEB,svm,SMOTEB,7,0.009389731414661368
DS20,mc.svm_SMOTEB,svm,SMOTEB,8,0.012693932532665075
DS20,mc.svm_SMOTEB,svm,SMOTEB,9,0.013512158273174523
DS20,mc.svm_SMOTEB,svm,SMOTEB,10,0.012321224159278414
DS20,mc.svm_SMOTEB,svm,SMOTEB,11,0.017422253314370483
DS20,mc.svm_SMOTEB,svm,SMOTEB,12,0.017440549298531942
DS20,mc.svm_SMOTEB,svm,SMOTEB,13,0.015536563521809427
DS20,mc.svm_SMOTEB,svm,SMOTEB,14,0.018387739201677945
DS20,mc.svm_SMOTEB,svm,SMOTEB,15,0.015571576581855411
DS20,mc.svm_SMOTEB,svm,SMOTEB,16,0.014612984969035191
DS20,mc.svm_SMOTEB,svm,SMOTEB,17,0.018281046634633147
DS20,mc.svm_SMOTEB,svm,SMOTEB,18,0.013790429638480508
DS20,mc.svm_SMOTEB,svm,SMOTEB,19,0.016171259993825723
DS20,mc.svm_SMOTEB,svm,SMOTEB,20,0.017076868088295276
DS20,mc.svm_SMOTEB,svm,SMOTEB,21,0.017363838065575007
DS20,mc.svm_SMOTEB,svm,SMOTEB,22,0.01526509444845267
DS20,mc.svm_SMOTEB,svm,SMOTEB,23,0.014979586981464685
DS20,mc.svm_SMOTEB,svm,SMOTEB,24,0.013750731341272988
DS20,mc.svm_SMOTEB,svm,SMOTEB,25,0.01423601995910767
DS20,mc.svm_SMOTEB,svm,SMOTEB,26,0.014483837623467067
DS20,mc.svm_SMOTEB,svm,SMOTEB,27,0.01413126986766772
DS20,mc.svm_SMOTEB,svm,SMOTEB,28,0.01323018658071851
DS20,mc.svm_SMOTEB,svm,SMOTEB,29,0.012000991159117506
DS20,mc.svm_SMOTEB,svm,SMOTEB,30,0.005236143720144474
DS20,mc.svm_SMOTEB,svm,SMOTEB,31,0.005212174384093561
DS20,mc.svm_SMOTEB,svm,SMOTEB,32,0.0034755266775567785
DS20,mc.svm_SMOTEB,svm,SMOTEB,33,0.003661169432319281
DS20,mc.svm_SMOTEB,svm,SMOTEB,34,0.003300074902701838
DS20,mc.svm_SMOTEB,svm,SMOTEB,35,0.0035376933626999176
DS20,mc.svm_SMOTEB,svm,SMOTEB,36,0.0034747838436998543
DS20,mc.svm_SMOTEB,svm,SMOTEB,37,0.0037288350218689626
DS20,mc.svm_SMOTEB,svm,SMOTEB,38,0.004337157584723016
DS20,mc.svm_SMOTEB,svm,SMOTEB,39,0.0048814783044932985
DS20,mc.svm_SMOTEB,svm,SMOTEB,40,0.0033727297489614485
DS20,mc.svm_SMOTEB,svm,SMOTEB,41,0.0036704118833670446
DS20,mc.svm_SMOTEB,svm,SMOTEB,42,0.0028229572989846735
DS20,mc.svm_SMOTEB,svm,SMOTEB,43,0.002905723702926199
DS20,mc.svm_SMOTEB,svm,SMOTEB,44,0.0034763276225561746
DS20,mc.svm_SMOTEB,svm,SMOTEB,45,0.00369974583090679
DS20,mc.svm_SMOTEB,svm,SMOTEB,46,0.003769343773624478
DS20,mc.svm_SMOTEB,svm,SMOTEB,47,0.0038716376578538745
DS20,mc.svm_SMOTEB,svm,SMOTEB,48,0.003519417701622737
DS20,mc.svm_SMOTEB,svm,SMOTEB,49,0.0021243513445685846
DS20,mc.svm_SMOTEB,svm,SMOTEB,50,0.002844274655544818
DS20,mc.svm_SMOTETPhi,svm,SMOTETPhi,1,0.006029657272290333
DS20,mc.svm_SMOTETPhi,svm,SMOTETPhi,2,0.006555824706047231
DS20,mc.svm_SMOTETPhi,svm,SMOTETPhi,3,0.006590053821445326
DS20,mc.svm_SMOTETPhi,svm,SMOTETPhi,4,0.008461957375542617
DS20,mc.svm_SMOTETPhi,svm,SMOTETPhi,5,0.005584811470840443
DS20,mc.svm_SMOTETPhi,svm,SMOTETPhi,6,0.007507029452542715
DS20,mc.svm_SMOTETPhi,svm,SMOTETPhi,7,0.007017519188370154
DS20,mc.svm_SMOTETPhi,svm,SMOTETPhi,8,0.010625948496046318
DS20,mc.svm_SMOTETPhi,svm,SMOTETPhi,9,0.007523913170767018
DS20,mc.svm_SMOTETPhi,svm,SMOTETPhi,10,0.010721143569097978
DS20,mc.svm_SMOTETPhi,svm,SMOTETPhi,11,0.010544228936140133
DS20,mc.svm_SMOTETPhi,svm,SMOTETPhi,12,0.007313360506944375
DS20,mc.svm_SMOTETPhi,svm,SMOTETPhi,13,0.00901004222300168
DS20,mc.svm_SMOTETPhi,svm,SMOTETPhi,14,0.014024666678469286
DS20,mc.svm_SMOTETPhi,svm,SMOTETPhi,15,0.012567160298599472
DS20,mc.svm_SMOTETPhi,svm,SMOTETPhi,16,0.00856604429512306
DS20,mc.svm_SMOTETPhi,svm,SMOTETPhi,17,0.01038895194436456
DS20,mc.svm_SMOTETPhi,svm,SMOTETPhi,18,0.008761548816732476
DS20,mc.svm_SMOTETPhi,svm,SMOTETPhi,19,0.012801465328215026
DS20,mc.svm_SMOTETPhi,svm,SMOTETPhi,20,0.010110111654716047
DS20,mc.svm_SMOTETPhi,svm,SMOTETPhi,21,0.008399270585136728
DS20,mc.svm_SMOTETPhi,svm,SMOTETPhi,22,0.012810615460733346
DS20,mc.svm_SMOTETPhi,svm,SMOTETPhi,23,0.011290304897043787
DS20,mc.svm_SMOTETPhi,svm,SMOTETPhi,24,0.011403680691981515
DS20,mc.svm_SMOTETPhi,svm,SMOTETPhi,25,0.011173894251576829
DS20,mc.svm_SMOTETPhi,svm,SMOTETPhi,26,0.011751368300152604
DS20,mc.svm_SMOTETPhi,svm,SMOTETPhi,27,0.013276174563752921
DS20,mc.svm_SMOTETPhi,svm,SMOTETPhi,28,0.010465011747735882
DS20,mc.svm_SMOTETPhi,svm,SMOTETPhi,29,0.010828376265197318
DS20,mc.svm_SMOTETPhi,svm,SMOTETPhi,30,0.005937449791533888
DS20,mc.svm_SMOTETPhi,svm,SMOTETPhi,31,0.004195341416431479
DS20,mc.svm_SMOTETPhi,svm,SMOTETPhi,32,0.004005502218728497
DS20,mc.svm_SMOTETPhi,svm,SMOTETPhi,33,0.003807347069810587
DS20,mc.svm_SMOTETPhi,svm,SMOTETPhi,34,0.0034206599216712705
DS20,mc.svm_SMOTETPhi,svm,SMOTETPhi,35,0.003465895381088927
DS20,mc.svm_SMOTETPhi,svm,SMOTETPhi,36,0.0034712927758771698
DS20,mc.svm_SMOTETPhi,svm,SMOTETPhi,37,0.004079283493383238
DS20,mc.svm_SMOTETPhi,svm,SMOTETPhi,38,0.004619409329063905
DS20,mc.svm_SMOTETPhi,svm,SMOTETPhi,39,0.005012017539600969
DS20,mc.svm_SMOTETPhi,svm,SMOTETPhi,40,0.005623220369767541
DS20,mc.svm_SMOTETPhi,svm,SMOTETPhi,41,0.00433352712023085
DS20,mc.svm_SMOTETPhi,svm,SMOTETPhi,42,0.004615801068487132
DS20,mc.svm_SMOTETPhi,svm,SMOTETPhi,43,0.0046211265812331325
DS20,mc.svm_SMOTETPhi,svm,SMOTETPhi,44,0.003645790584569538
DS20,mc.svm_SMOTETPhi,svm,SMOTETPhi,45,0.005568000396126918
DS20,mc.svm_SMOTETPhi,svm,SMOTETPhi,46,0.0035008351700211954
DS20,mc.svm_SMOTETPhi,svm,SMOTETPhi,47,0.003973321447113104
DS20,mc.svm_SMOTETPhi,svm,SMOTETPhi,48,0.004667725027354737
DS20,mc.svm_SMOTETPhi,svm,SMOTETPhi,49,0.0038579030491313936
DS20,mc.svm_SMOTETPhi,svm,SMOTETPhi,50,0.0021994567471503405
DS20,mc.svm_SMOTET,svm,SMOTET,1,0.005722368910114548
DS20,mc.svm_SMOTET,svm,SMOTET,2,0.006032275541582755
DS20,mc.svm_SMOTET,svm,SMOTET,3,0.0072922619335714645
DS20,mc.svm_SMOTET,svm,SMOTET,4,0.006899311997071356
DS20,mc.svm_SMOTET,svm,SMOTET,5,0.006568308000197829
DS20,mc.svm_SMOTET,svm,SMOTET,6,0.010129164486465113
DS20,mc.svm_SMOTET,svm,SMOTET,7,0.008973270100739355
DS20,mc.svm_SMOTET,svm,SMOTET,8,0.009582425346773246
DS20,mc.svm_SMOTET,svm,SMOTET,9,0.009563717464016916
DS20,mc.svm_SMOTET,svm,SMOTET,10,0.009297198496600195
DS20,mc.svm_SMOTET,svm,SMOTET,11,0.016547382780371704
DS20,mc.svm_SMOTET,svm,SMOTET,12,0.009295730415204595
DS20,mc.svm_SMOTET,svm,SMOTET,13,0.01172312240625254
DS20,mc.svm_SMOTET,svm,SMOTET,14,0.0166928720891493
DS20,mc.svm_SMOTET,svm,SMOTET,15,0.010542409444984092
DS20,mc.svm_SMOTET,svm,SMOTET,16,0.01068170832260661
DS20,mc.svm_SMOTET,svm,SMOTET,17,0.011134474386282267
DS20,mc.svm_SMOTET,svm,SMOTET,18,0.010870161346911194
DS20,mc.svm_SMOTET,svm,SMOTET,19,0.012055086612529457
DS20,mc.svm_SMOTET,svm,SMOTET,20,0.00867013205044997
DS20,mc.svm_SMOTET,svm,SMOTET,21,0.007568994610709253
DS20,mc.svm_SMOTET,svm,SMOTET,22,0.00975701425042976
DS20,mc.svm_SMOTET,svm,SMOTET,23,0.009081836889704218
DS20,mc.svm_SMOTET,svm,SMOTET,24,0.009422115651385864
DS20,mc.svm_SMOTET,svm,SMOTET,25,0.011179896714793672
DS20,mc.svm_SMOTET,svm,SMOTET,26,0.01108217201404257
DS20,mc.svm_SMOTET,svm,SMOTET,27,0.013859174160786589
DS20,mc.svm_SMOTET,svm,SMOTET,28,0.010314342598457262
DS20,mc.svm_SMOTET,svm,SMOTET,29,0.008764518150286954
DS20,mc.svm_SMOTET,svm,SMOTET,30,0.004577603244892563
DS20,mc.svm_SMOTET,svm,SMOTET,31,0.005168820834463248
DS20,mc.svm_SMOTET,svm,SMOTET,32,0.0038162054341683064
DS20,mc.svm_SMOTET,svm,SMOTET,33,0.0033312012395315246
DS20,mc.svm_SMOTET,svm,SMOTET,34,0.0035358287473553664
DS20,mc.svm_SMOTET,svm,SMOTET,35,0.003577759408399402
DS20,mc.svm_SMOTET,svm,SMOTET,36,0.0035780434704582582
DS20,mc.svm_SMOTET,svm,SMOTET,37,0.005167594364307822
DS20,mc.svm_SMOTET,svm,SMOTET,38,0.004478219145103251
DS20,mc.svm_SMOTET,svm,SMOTET,39,0.0052044888628942215
DS20,mc.svm_SMOTET,svm,SMOTET,40,0.003445005101744646
DS20,mc.svm_SMOTET,svm,SMOTET,41,0.003954219937664643
DS20,mc.svm_SMOTET,svm,SMOTET,42,0.004033014528550384
DS20,mc.svm_SMOTET,svm,SMOTET,43,0.004499689122286689
DS20,mc.svm_SMOTET,svm,SMOTET,44,0.0034163746010809834
DS20,mc.svm_SMOTET,svm,SMOTET,45,0.0031907697712640582
DS20,mc.svm_SMOTET,svm,SMOTET,46,0.004655959955787067
DS20,mc.svm_SMOTET,svm,SMOTET,47,0.003148521999854266
DS20,mc.svm_SMOTET,svm,SMOTET,48,0.0039142578726071905
DS20,mc.svm_SMOTET,svm,SMOTET,49,0.004040767278718884
DS20,mc.svm_SMOTET,svm,SMOTET,50,0.0019315148657880117
DS20,mc.svm_UNDERB,svm,UNDERB,1,0.009662811770005521
DS20,mc.svm_UNDERB,svm,UNDERB,2,0.0062426096154199855
DS20,mc.svm_UNDERB,svm,UNDERB,3,0.009351072456851201
DS20,mc.svm_UNDERB,svm,UNDERB,4,0.007995475650394058
DS20,mc.svm_UNDERB,svm,UNDERB,5,0.007204956278713897
DS20,mc.svm_UNDERB,svm,UNDERB,6,0.00700214789507025
DS20,mc.svm_UNDERB,svm,UNDERB,7,0.0058486145727486985
DS20,mc.svm_UNDERB,svm,UNDERB,8,0.005800682846235121
DS20,mc.svm_UNDERB,svm,UNDERB,9,0.008585769680180044
DS20,mc.svm_UNDERB,svm,UNDERB,10,0.009555288474723735
DS20,mc.svm_UNDERB,svm,UNDERB,11,0.009125421391061263
DS20,mc.svm_UNDERB,svm,UNDERB,12,0.01390131830088192
DS20,mc.svm_UNDERB,svm,UNDERB,13,0.010834540129271715
DS20,mc.svm_UNDERB,svm,UNDERB,14,0.008595814177973076
DS20,mc.svm_UNDERB,svm,UNDERB,15,0.010598459697382915
DS20,mc.svm_UNDERB,svm,UNDERB,16,0.011075698179572222
DS20,mc.svm_UNDERB,svm,UNDERB,17,0.009573067919463872
DS20,mc.svm_UNDERB,svm,UNDERB,18,0.008163632874085305
DS20,mc.svm_UNDERB,svm,UNDERB,19,0.007876925677091095
DS20,mc.svm_UNDERB,svm,UNDERB,20,0.00783570444338934
DS20,mc.svm_UNDERB,svm,UNDERB,21,0.0060188099153925265
DS20,mc.svm_UNDERB,svm,UNDERB,22,0.009352919405265251
DS20,mc.svm_UNDERB,svm,UNDERB,23,0.006259806475379646
DS20,mc.svm_UNDERB,svm,UNDERB,24,0.009846637870382589
DS20,mc.svm_UNDERB,svm,UNDERB,25,0.005488876504099416
DS20,mc.svm_UNDERB,svm,UNDERB,26,0.007616232775183727
DS20,mc.svm_UNDERB,svm,UNDERB,27,0.010801813348647596
DS20,mc.svm_UNDERB,svm,UNDERB,28,0.011751649123002968
DS20,mc.svm_UNDERB,svm,UNDERB,29,0.003843503408311342
DS20,mc.svm_UNDERB,svm,UNDERB,30,0.0034076741112603606
DS20,mc.svm_UNDERB,svm,UNDERB,31,0.0036888374889133125
DS20,mc.svm_UNDERB,svm,UNDERB,32,0.0034389846588267895
DS20,mc.svm_UNDERB,svm,UNDERB,33,0.0021873763413794286
DS20,mc.svm_UNDERB,svm,UNDERB,34,0.002048161973055061
DS20,mc.svm_UNDERB,svm,UNDERB,35,0.003406988772235074
DS20,mc.svm_UNDERB,svm,UNDERB,36,0.0026669383707936234
DS20,mc.svm_UNDERB,svm,UNDERB,37,0.0035565855923587754
DS20,mc.svm_UNDERB,svm,UNDERB,38,0.0030217750440261833
DS20,mc.svm_UNDERB,svm,UNDERB,39,0.003995390492132306
DS20,mc.svm_UNDERB,svm,UNDERB,40,0.0036580992989988146
DS20,mc.svm_UNDERB,svm,UNDERB,41,0.0035820133481795843
DS20,mc.svm_UNDERB,svm,UNDERB,42,0.003040511806897279
DS20,mc.svm_UNDERB,svm,UNDERB,43,0.0033292715661276274
DS20,mc.svm_UNDERB,svm,UNDERB,44,0.0021719926948025824
DS20,mc.svm_UNDERB,svm,UNDERB,45,0.0019171282580461046
DS20,mc.svm_UNDERB,svm,UNDERB,46,0.0022991939164952293
DS20,mc.svm_UNDERB,svm,UNDERB,47,0.0025315731809890177
DS20,mc.svm_UNDERB,svm,UNDERB,48,0.0030478209765411914
DS20,mc.svm_UNDERB,svm,UNDERB,49,0.0018648786444798214
DS20,mc.svm_UNDERB,svm,UNDERB,50,0.001989209090630192
DS20,mc.svm_UNDERTPhi,svm,UNDERTPhi,1,0.00827548420003462
DS20,mc.svm_UNDERTPhi,svm,UNDERTPhi,2,0.010654651742022132
DS20,mc.svm_UNDERTPhi,svm,UNDERTPhi,3,0.0065959841533534454
DS20,mc.svm_UNDERTPhi,svm,UNDERTPhi,4,0.006821709468576367
DS20,mc.svm_UNDERTPhi,svm,UNDERTPhi,5,0.006479020405957036
DS20,mc.svm_UNDERTPhi,svm,UNDERTPhi,6,0.010043509776093772
DS20,mc.svm_UNDERTPhi,svm,UNDERTPhi,7,0.008569792570241925
DS20,mc.svm_UNDERTPhi,svm,UNDERTPhi,8,0.01048412362130375
DS20,mc.svm_UNDERTPhi,svm,UNDERTPhi,9,0.009294912884321471
DS20,mc.svm_UNDERTPhi,svm,UNDERTPhi,10,0.008915447763652865
DS20,mc.svm_UNDERTPhi,svm,UNDERTPhi,11,0.013671815972745064
DS20,mc.svm_UNDERTPhi,svm,UNDERTPhi,12,0.011259635805074362
DS20,mc.svm_UNDERTPhi,svm,UNDERTPhi,13,0.007015813380917385
DS20,mc.svm_UNDERTPhi,svm,UNDERTPhi,14,0.013274619744067245
DS20,mc.svm_UNDERTPhi,svm,UNDERTPhi,15,0.01298891824941123
DS20,mc.svm_UNDERTPhi,svm,UNDERTPhi,16,0.00680896960593563
DS20,mc.svm_UNDERTPhi,svm,UNDERTPhi,17,0.00894545644407724
DS20,mc.svm_UNDERTPhi,svm,UNDERTPhi,18,0.008788789054803323
DS20,mc.svm_UNDERTPhi,svm,UNDERTPhi,19,0.00811190849801566
DS20,mc.svm_UNDERTPhi,svm,UNDERTPhi,20,0.0088098090034496
DS20,mc.svm_UNDERTPhi,svm,UNDERTPhi,21,0.012696603689682374
DS20,mc.svm_UNDERTPhi,svm,UNDERTPhi,22,0.010829829814602848
DS20,mc.svm_UNDERTPhi,svm,UNDERTPhi,23,0.005363328827433213
DS20,mc.svm_UNDERTPhi,svm,UNDERTPhi,24,0.007153561291082262
DS20,mc.svm_UNDERTPhi,svm,UNDERTPhi,25,0.007757330860450689
DS20,mc.svm_UNDERTPhi,svm,UNDERTPhi,26,0.008149134416999194
DS20,mc.svm_UNDERTPhi,svm,UNDERTPhi,27,0.010598887986718259
DS20,mc.svm_UNDERTPhi,svm,UNDERTPhi,28,0.014107477473832758
DS20,mc.svm_UNDERTPhi,svm,UNDERTPhi,29,0.004522384260015759
DS20,mc.svm_UNDERTPhi,svm,UNDERTPhi,30,0.00494279680801068
DS20,mc.svm_UNDERTPhi,svm,UNDERTPhi,31,0.003040151221238982
DS20,mc.svm_UNDERTPhi,svm,UNDERTPhi,32,0.003553217616713685
DS20,mc.svm_UNDERTPhi,svm,UNDERTPhi,33,0.003933485924322994
DS20,mc.svm_UNDERTPhi,svm,UNDERTPhi,34,0.004271452040514635
DS20,mc.svm_UNDERTPhi,svm,UNDERTPhi,35,0.0025966993248657884
DS20,mc.svm_UNDERTPhi,svm,UNDERTPhi,36,0.003393798157253214
DS20,mc.svm_UNDERTPhi,svm,UNDERTPhi,37,0.0038464722534567756
DS20,mc.svm_UNDERTPhi,svm,UNDERTPhi,38,0.0037086254946484837
DS20,mc.svm_UNDERTPhi,svm,UNDERTPhi,39,0.004653428632902204
DS20,mc.svm_UNDERTPhi,svm,UNDERTPhi,40,0.003401451008825113
DS20,mc.svm_UNDERTPhi,svm,UNDERTPhi,41,0.002548495273220896
DS20,mc.svm_UNDERTPhi,svm,UNDERTPhi,42,0.004724222508520513
DS20,mc.svm_UNDERTPhi,svm,UNDERTPhi,43,0.0026802703661468544
DS20,mc.svm_UNDERTPhi,svm,UNDERTPhi,44,0.002542648088091555
DS20,mc.svm_UNDERTPhi,svm,UNDERTPhi,45,0.003271797229546963
DS20,mc.svm_UNDERTPhi,svm,UNDERTPhi,46,0.0024166381413065685
DS20,mc.svm_UNDERTPhi,svm,UNDERTPhi,47,0.0022596131549618504
DS20,mc.svm_UNDERTPhi,svm,UNDERTPhi,48,0.0035979651407344582
DS20,mc.svm_UNDERTPhi,svm,UNDERTPhi,49,0.002886393263352377
DS20,mc.svm_UNDERTPhi,svm,UNDERTPhi,50,0.0020173672230786896
DS20,mc.svm_UNDERT,svm,UNDERT,1,0.0077658420092495285
DS20,mc.svm_UNDERT,svm,UNDERT,2,0.006736633373617323
DS20,mc.svm_UNDERT,svm,UNDERT,3,0.006675441973769234
DS20,mc.svm_UNDERT,svm,UNDERT,4,0.006500666258027475
DS20,mc.svm_UNDERT,svm,UNDERT,5,0.0060550851379535834
DS20,mc.svm_UNDERT,svm,UNDERT,6,0.005744668777158254
DS20,mc.svm_UNDERT,svm,UNDERT,7,0.009423074436739126
DS20,mc.svm_UNDERT,svm,UNDERT,8,0.008460519865302695
DS20,mc.svm_UNDERT,svm,UNDERT,9,0.012048152575558165
DS20,mc.svm_UNDERT,svm,UNDERT,10,0.011607370467585037
DS20,mc.svm_UNDERT,svm,UNDERT,11,0.007211546182840644
DS20,mc.svm_UNDERT,svm,UNDERT,12,0.010670785275289637
DS20,mc.svm_UNDERT,svm,UNDERT,13,0.006661419147244045
DS20,mc.svm_UNDERT,svm,UNDERT,14,0.009623436264173217
DS20,mc.svm_UNDERT,svm,UNDERT,15,0.011194445553817078
DS20,mc.svm_UNDERT,svm,UNDERT,16,0.008079538378679965
DS20,mc.svm_UNDERT,svm,UNDERT,17,0.007692415545196303
DS20,mc.svm_UNDERT,svm,UNDERT,18,0.012148199130157267
DS20,mc.svm_UNDERT,svm,UNDERT,19,0.014663627928764519
DS20,mc.svm_UNDERT,svm,UNDERT,20,0.008554227919676088
DS20,mc.svm_UNDERT,svm,UNDERT,21,0.015494784666257005
DS20,mc.svm_UNDERT,svm,UNDERT,22,0.015217405233361408
DS20,mc.svm_UNDERT,svm,UNDERT,23,0.009146343672649437
DS20,mc.svm_UNDERT,svm,UNDERT,24,0.008310194073043788
DS20,mc.svm_UNDERT,svm,UNDERT,25,0.008531447915434342
DS20,mc.svm_UNDERT,svm,UNDERT,26,0.007209306412589753
DS20,mc.svm_UNDERT,svm,UNDERT,27,0.008944499139292345
DS20,mc.svm_UNDERT,svm,UNDERT,28,0.005426076125470704
DS20,mc.svm_UNDERT,svm,UNDERT,29,0.003493013771115525
DS20,mc.svm_UNDERT,svm,UNDERT,30,0.003352957847096035
DS20,mc.svm_UNDERT,svm,UNDERT,31,0.004456709040405252
DS20,mc.svm_UNDERT,svm,UNDERT,32,0.002559957575002072
DS20,mc.svm_UNDERT,svm,UNDERT,33,0.0025877331410349294
DS20,mc.svm_UNDERT,svm,UNDERT,34,0.002745108756307478
DS20,mc.svm_UNDERT,svm,UNDERT,35,0.0018826015961469047
DS20,mc.svm_UNDERT,svm,UNDERT,36,0.003532661478681021
DS20,mc.svm_UNDERT,svm,UNDERT,37,0.003697971421188336
DS20,mc.svm_UNDERT,svm,UNDERT,38,0.0023555334336562463
DS20,mc.svm_UNDERT,svm,UNDERT,39,0.004329879349344418
DS20,mc.svm_UNDERT,svm,UNDERT,40,0.0030302925426283875
DS20,mc.svm_UNDERT,svm,UNDERT,41,0.004611089202845304
DS20,mc.svm_UNDERT,svm,UNDERT,42,0.0019681695278983744
DS20,mc.svm_UNDERT,svm,UNDERT,43,0.002050596638266567
DS20,mc.svm_UNDERT,svm,UNDERT,44,0.00370655324195952
DS20,mc.svm_UNDERT,svm,UNDERT,45,0.0020299600391984127
DS20,mc.svm_UNDERT,svm,UNDERT,46,0.0035953230397107313
DS20,mc.svm_UNDERT,svm,UNDERT,47,0.001600733817000116
DS20,mc.svm_UNDERT,svm,UNDERT,48,0.0024368349900730987
DS20,mc.svm_UNDERT,svm,UNDERT,49,0.0028244714470801935
DS20,mc.svm_UNDERT,svm,UNDERT,50,0.0023291702481094937
DS20,mc.svm,svm,baseline,1,0.006397243286888298
DS20,mc.svm,svm,baseline,2,0.005811289062847014
DS20,mc.svm,svm,baseline,3,0.005278686708289921
DS20,mc.svm,svm,baseline,4,0.005167839325812634
DS20,mc.svm,svm,baseline,5,0.00525866543824722
DS20,mc.svm,svm,baseline,6,0.006057743469637984
DS20,mc.svm,svm,baseline,7,0.005915063451020229
DS20,mc.svm,svm,baseline,8,0.005994344699577121
DS20,mc.svm,svm,baseline,9,0.006311699368631382
DS20,mc.svm,svm,baseline,10,0.0065946728368034965
DS20,mc.svm,svm,baseline,11,0.006779240542991087
DS20,mc.svm,svm,baseline,12,0.006786429521406874
DS20,mc.svm,svm,baseline,13,0.006697310409357409
DS20,mc.svm,svm,baseline,14,0.0067494746953424235
DS20,mc.svm,svm,baseline,15,0.00672267302226175
DS20,mc.svm,svm,baseline,16,0.006759671198554822
DS20,mc.svm,svm,baseline,17,0.0067070488182152535
DS20,mc.svm,svm,baseline,18,0.006791002884530833
DS20,mc.svm,svm,baseline,19,0.006650756215667796
DS20,mc.svm,svm,baseline,20,0.006366343601582087
DS20,mc.svm,svm,baseline,21,0.006428117617221222
DS20,mc.svm,svm,baseline,22,0.00613034986498931
DS20,mc.svm,svm,baseline,23,0.0060914406293087215
DS20,mc.svm,svm,baseline,24,0.006020305217768579
DS20,mc.svm,svm,baseline,25,0.005398690178212767
DS20,mc.svm,svm,baseline,26,0.005301180821619445
DS20,mc.svm,svm,baseline,27,0.004010859798176683
DS20,mc.svm,svm,baseline,28,0.0027453242640097593
DS20,mc.svm,svm,baseline,29,0.002395138739607032
DS20,mc.svm,svm,baseline,30,0.00220042200085833
DS20,mc.svm,svm,baseline,31,0.0021562975700242164
DS20,mc.svm,svm,baseline,32,0.0021295050119710178
DS20,mc.svm,svm,baseline,33,0.0018460588681769178
DS20,mc.svm,svm,baseline,34,0.0018701782432165462
DS20,mc.svm,svm,baseline,35,0.001865073361137952
DS20,mc.svm,svm,baseline,36,0.0018572103461528093
DS20,mc.svm,svm,baseline,37,0.001854057568510871
DS20,mc.svm,svm,baseline,38,0.0019033311578048155
DS20,mc.svm,svm,baseline,39,0.0018814119494534817
DS20,mc.svm,svm,baseline,40,0.0018977482791495506
DS20,mc.svm,svm,baseline,41,0.0018986883225667543
DS20,mc.svm,svm,baseline,42,0.0014469373380279116
DS20,mc.svm,svm,baseline,43,0.0014474266163930485
DS20,mc.svm,svm,baseline,44,0.0014446403344610561
DS20,mc.svm,svm,baseline,45,0.0014352500083208435
DS20,mc.svm,svm,baseline,46,0.0014407932150807385
DS20,mc.svm,svm,baseline,47,0.0014621590538547152
DS20,mc.svm,svm,baseline,48,0.0014331020975041947
DS20,mc.svm,svm,baseline,49,0.001415143863014915
DS20,mc.svm,svm,baseline,50,0.0016041749539296626
