dataset_id,workflow,model_family,strategy,iteration,rmse
DS03,mc.BDES,BDES,baseline,1,0.06798020824227603
DS03,mc.BDES,BDES,baseline,2,0.0685715653188508
DS03,mc.BDES,BDES,baseline,3,0.06755413748737349
DS03,mc.BDES,BDES,baseline,4,0.06651685240732141
DS03,mc.BDES,BDES,baseline,5,0.06363552502394272
DS03,mc.BDES,BDES,baseline,6,0.06314987201332985
DS03,mc.BDES,BDES,baseline,7,0.0622612666832786
DS03,mc.BDES,BDES,baseline,8,0.06293386706397637
DS03,mc.BDES,BDES,baseline,9,0.06281585351838605
DS03,mc.BDES,BDES,baseline,10,0.06287630584582746
DS03,mc.BDES,BDES,baseline,11,0.06329050724230768
DS03,mc.BDES,BDES,baseline,12,0.06320797839681995
DS03,mc.BDES,BDES,baseline,13,0.06302969667653975
DS03,mc.BDES,BDES,baseline,14,0.06221330092962695
DS03,mc.BDES,BDES,baseline,15,0.06231386130696081
DS03,mc.BDES,BDES,baseline,16,0.06011495831033632
DS03,mc.BDES,BDES,baseline,17,0.05981201986024254
DS03,mc.BDES,BDES,baseline,18,0.061188574545915426
DS03,mc.BDES,BDES,baseline,19,0.06346148834292309
DS03,mc.BDES,BDES,baseline,20,0.06369577030456479
DS03,mc.BDES,BDES,baseline,21,0.06339448694574541
DS03,mc.BDES,BDES,baseline,22,0.06258660598686658
DS03,mc.BDES,BDES,baseline,23,0.06176495651260717
DS03,mc.BDES,BDES,baseline,24,0.06314751090169399
DS03,mc.BDES,BDES,baseline,25,0.06217217562326258
DS03,mc.BDES,BDES,baseline,26,0.06233293094691503
DS03,mc.BDES,BDES,baseline,27,0.06244979839938911
DS03,mc.BDES,BDES,baseline,28,0.0614404758429954
DS03,mc.BDES,BDES,baseline,29,0.060575304554638415
DS03,mc.BDES,BDES,baseline,30,0.05853276161164577
DS03,mc.BDES,BDES,baseline,31,0.058499430772790906
DS03,mc.BDES,BDES,baseline,32,0.058529604283661656
DS03,mc.BDES,BDES,baseline,33,0.06026538596942306
DS03,mc.BDES,BDES,baseline,34,0.06045470730588488
DS03,mc.BDES,BDES,baseline,35,0.06043024252807197
DS03,mc.BDES,BDES,baseline,36,0.06182593561933713
DS03,mc.BDES,BDES,baseline,37,0.06198521846454614
DS03,mc.BDES,BDES,baseline,38,0.06229113894133372
DS03,mc.BDES,BDES,baseline,39,0.06250672302486299
DS03,mc.BDES,BDES,baseline,40,0.061700996753454085
DS03,mc.BDES,BDES,baseline,41,0.06167673864356363
DS03,mc.BDES,BDES,baseline,42,0.06190385261777807
DS03,mc.BDES,BDES,baseline,43,0.06202377489293796
DS03,mc.BDES,BDES,baseline,44,0.06627071002820403
DS03,mc.BDES,BDES,baseline,45,0.06611508232530958
DS03,mc.BDES,BDES,baseline,46,0.06628552991967775
DS03,mc.BDES,BDES,baseline,47,0.06681455165923594
DS03,mc.BDES,BDES,baseline,48,0.06703933657941911
DS03,mc.BDES,BDES,baseline,49,0.06910952333108752
DS03,mc.BDES,BDES,baseline,50,0.07035728558913562
DS03,mc.arima,arima,baseline,1,0.07596719058033621
DS03,mc.arima,arima,baseline,2,0.07389155159737971
DS03,mc.arima,arima,baseline,3,0.07348437512276612
DS03,mc.arima,arima,baseline,4,0.0698831347203723
DS03,mc.arima,arima,baseline,5,0.06852692257749333
DS03,mc.arima,arima,baseline,6,0.06835079774918036
DS03,mc.arima,arima,baseline,7,0.06661655365416301
DS03,mc.arima,arima,baseline,8,0.0668050781760291
DS03,mc.arima,arima,baseline,9,0.06760051275236595
DS03,mc.arima,arima,baseline,10,0.0664636338212184
DS03,mc.arima,arima,baseline,11,0.06640239219955424
DS03,mc.arima,arima,baseline,12,0.06659073933851027
DS03,mc.arima,arima,baseline,13,0.06717055944099881
DS03,mc.arima,arima,baseline,14,0.06565179535890169
DS03,mc.arima,arima,baseline,15,0.06555605303766278
DS03,mc.arima,arima,baseline,16,0.06243956673318355
DS03,mc.arima,arima,baseline,17,0.06274993668658185
DS03,mc.arima,arima,baseline,18,0.06271747705792445
DS03,mc.arima,arima,baseline,19,0.06445741988558212
DS03,mc.arima,arima,baseline,20,0.0648346747218296
DS03,mc.arima,arima,baseline,21,0.06259408718628147
DS03,mc.arima,arima,baseline,22,0.061591844839190474
DS03,mc.arima,arima,baseline,23,0.06183549115986929
DS03,mc.arima,arima,baseline,24,0.06162209074649437
DS03,mc.arima,arima,baseline,25,0.06144844345794885
DS03,mc.arima,arima,baseline,26,0.06141491916046741
DS03,mc.arima,arima,baseline,27,0.061329320712372945
DS03,mc.arima,arima,baseline,28,0.06154080064917256
DS03,mc.arima,arima,baseline,29,0.06094510840392413
DS03,mc.arima,arima,baseline,30,0.05955704746179115
DS03,mc.arima,arima,baseline,31,0.0592836818799282
DS03,mc.arima,arima,baseline,32,0.05955487993809362
DS03,mc.arima,arima,baseline,33,0.06173581446384347
DS03,mc.arima,arima,baseline,34,0.062153582204081896
DS03,mc.arima,arima,baseline,35,0.0616359016526602
DS03,mc.arima,arima,baseline,36,0.06487124761459313
DS03,mc.arima,arima,baseline,37,0.06317364423507138
DS03,mc.arima,arima,baseline,38,0.06290640477933035
DS03,mc.arima,arima,baseline,39,0.06411606750092744
DS03,mc.arima,arima,baseline,40,0.06308594622705424
DS03,mc.arima,arima,baseline,41,0.06315276702230588
DS03,mc.arima,arima,baseline,42,0.06277997005898991
DS03,mc.arima,arima,baseline,43,0.06381406849751552
DS03,mc.arima,arima,baseline,44,0.06551153435573656
DS03,mc.arima,arima,baseline,45,0.06641741322045235
DS03,mc.arima,arima,baseline,46,0.06595185897404607
DS03,mc.arima,arima,baseline,47,0.06730235027545214
DS03,mc.arima,arima,baseline,48,0.06737127090833019
DS03,mc.arima,arima,baseline,49,0.06943972775710487
DS03,mc.arima,arima,baseline,50,0.06994295756579728
DS03,mc.lm_OVERB,lm,OVERB,1,0.10225271008522067
DS03,mc.lm_OVERB,lm,OVERB,2,0.10392548797076141
DS03,mc.lm_OVERB,lm,OVERB,3,0.1033711853410418
DS03,mc.lm_OVERB,lm,OVERB,4,0.10101443966390555
DS03,mc.lm_OVERB,lm,OVERB,5,0.09548580743852259
DS03,mc.lm_OVERB,lm,OVERB,6,0.09606868384876409
DS03,mc.lm_OVERB,lm,OVERB,7,0.09017499190893388
DS03,mc.lm_OVERB,lm,OVERB,8,0.09004448902377786
DS03,mc.lm_OVERB,lm,OVERB,9,0.0905025258974763
DS03,mc.lm_OVERB,lm,OVERB,10,0.09143403947664448
DS03,mc.lm_OVERB,lm,OVERB,11,0.09038856822370836
DS03,mc.lm_OVERB,lm,OVERB,12,0.09083696772097444
DS03,mc.lm_OVERB,lm,OVERB,13,0.09246639056405129
DS03,mc.lm_OVERB,lm,OVERB,14,0.09132948591968436
DS03,mc.lm_OVERB,lm,OVERB,15,0.09072798272670007
DS03,mc.lm_OVERB,lm,OVERB,16,0.08730128431180809
DS03,mc.lm_OVERB,lm,OVERB,17,0.08596140300994923
DS03,mc.lm_OVERB,lm,OVERB,18,0.08369263394125187
DS03,mc.lm_OVERB,lm,OVERB,19,0.08154724780680134
DS03,mc.lm_OVERB,lm,OVERB,20,0.08262738065566796
DS03,mc.lm_OVERB,lm,OVERB,21,0.07911362743674948
DS03,mc.lm_OVERB,lm,OVERB,22,0.07818127829154806
DS03,mc.lm_OVERB,lm,OVERB,23,0.08008474556994521
DS03,mc.lm_OVERB,lm,OVERB,24,0.080796466984992
DS03,mc.lm_OVERB,lm,OVERB,25,0.0792435934593354
DS03,mc.lm_OVERB,lm,OVERB,26,0.08001301599196083
DS03,mc.lm_OVERB,lm,OVERB,27,0.07912022444655945
DS03,mc.lm_OVERB,lm,OVERB,28,0.0802265293509666
DS03,mc.lm_OVERB,lm,OVERB,29,0.07950712556824102
DS03,mc.lm_OVERB,lm,OVERB,30,0.08037956455811933
DS03,mc.lm_OVERB,lm,OVERB,31,0.07774252714278086
DS03,mc.lm_OVERB,lm,OVERB,32,0.07824107937505118
DS03,mc.lm_OVERB,lm,OVERB,33,0.08025983643488772
DS03,mc.lm_OVERB,lm,OVERB,34,0.08053654764796751
DS03,mc.lm_OVERB,lm,OVERB,35,0.07973557874049078
DS03,mc.lm_OVERB,lm,OVERB,36,0.08109544194751447
DS03,mc.lm_OVERB,lm,OVERB,37,0.08247156927482592
DS03,mc.lm_OVERB,lm,OVERB,38,0.08043264255674978
DS03,mc.lm_OVERB,lm,OVERB,39,0.08110392073921795
DS03,mc.lm_OVERB,lm,OVERB,40,0.07854377253328881
DS03,mc.lm_OVERB,lm,OVERB,41,0.08023729454779344
DS03,mc.lm_OVERB,lm,OVERB,42,0.080985863538146
DS03,mc.lm_OVERB,lm,OVERB,43,0.08127005783868126
DS03,mc.lm_OVERB,lm,OVERB,44,0.08463249990041269
DS03,mc.lm_OVERB,lm,OVERB,45,0.08424650793349818
DS03,mc.lm_OVERB,lm,OVERB,46,0.08640544058105412
DS03,mc.lm_OVERB,lm,OVERB,47,0.08729851538551908
DS03,mc.lm_OVERB,lm,OVERB,48,0.08763697856327997
DS03,mc.lm_OVERB,lm,OVERB,49,0.08822678450360898
DS03,mc.lm_OVERB,lm,OVERB,50,0.08746175083088359
DS03,mc.lm_OVERTPhi,lm,OVERTPhi,1,0.10318512687525656
DS03,mc.lm_OVERTPhi,lm,OVERTPhi,2,0.1018022939507378
DS03,mc.lm_OVERTPhi,lm,OVERTPhi,3,0.10303322246760123
DS03,mc.lm_OVERTPhi,lm,OVERTPhi,4,0.09913570737052456
DS03,mc.lm_OVERTPhi,lm,OVERTPhi,5,0.09391603149655872
DS03,mc.lm_OVERTPhi,lm,OVERTPhi,6,0.09395683503435225
DS03,mc.lm_OVERTPhi,lm,OVERTPhi,7,0.08995454472846537
DS03,mc.lm_OVERTPhi,lm,OVERTPhi,8,0.09137656034065256
DS03,mc.lm_OVERTPhi,lm,OVERTPhi,9,0.09042319914860276
DS03,mc.lm_OVERTPhi,lm,OVERTPhi,10,0.09062641386804442
DS03,mc.lm_OVERTPhi,lm,OVERTPhi,11,0.0905958149829012
DS03,mc.lm_OVERTPhi,lm,OVERTPhi,12,0.09155171641346489
DS03,mc.lm_OVERTPhi,lm,OVERTPhi,13,0.09251714160635902
DS03,mc.lm_OVERTPhi,lm,OVERTPhi,14,0.0910402346835547
DS03,mc.lm_OVERTPhi,lm,OVERTPhi,15,0.08954217665103598
DS03,mc.lm_OVERTPhi,lm,OVERTPhi,16,0.08791761215644703
DS03,mc.lm_OVERTPhi,lm,OVERTPhi,17,0.08608023600558631
DS03,mc.lm_OVERTPhi,lm,OVERTPhi,18,0.08384654919938281
DS03,mc.lm_OVERTPhi,lm,OVERTPhi,19,0.08156342382936407
DS03,mc.lm_OVERTPhi,lm,OVERTPhi,20,0.08259407685324206
DS03,mc.lm_OVERTPhi,lm,OVERTPhi,21,0.0795553472541012
DS03,mc.lm_OVERTPhi,lm,OVERTPhi,22,0.07844751836322589
DS03,mc.lm_OVERTPhi,lm,OVERTPhi,23,0.08061003005955185
DS03,mc.lm_OVERTPhi,lm,OVERTPhi,24,0.07962893054983909
DS03,mc.lm_OVERTPhi,lm,OVERTPhi,25,0.07977291337221543
DS03,mc.lm_OVERTPhi,lm,OVERTPhi,26,0.07957875460317665
DS03,mc.lm_OVERTPhi,lm,OVERTPhi,27,0.07873073475262338
DS03,mc.lm_OVERTPhi,lm,OVERTPhi,28,0.07690579657500081
DS03,mc.lm_OVERTPhi,lm,OVERTPhi,29,0.0782591009752805
DS03,mc.lm_OVERTPhi,lm,OVERTPhi,30,0.076750237122867
DS03,mc.lm_OVERTPhi,lm,OVERTPhi,31,0.07713109292554168
DS03,mc.lm_OVERTPhi,lm,OVERTPhi,32,0.07698084542595698
DS03,mc.lm_OVERTPhi,lm,OVERTPhi,33,0.07941701836267571
DS03,mc.lm_OVERTPhi,lm,OVERTPhi,34,0.07864305906677757
DS03,mc.lm_OVERTPhi,lm,OVERTPhi,35,0.07835922021602804
DS03,mc.lm_OVERTPhi,lm,OVERTPhi,36,0.07906354509134739
DS03,mc.lm_OVERTPhi,lm,OVERTPhi,37,0.0800220368885182
DS03,mc.lm_OVERTPhi,lm,OVERTPhi,38,0.08059604280609879
DS03,mc.lm_OVERTPhi,lm,OVERTPhi,39,0.0805480183829512
DS03,mc.lm_OVERTPhi,lm,OVERTPhi,40,0.0767728352362792
DS03,mc.lm_OVERTPhi,lm,OVERTPhi,41,0.07751342541655039
DS03,mc.lm_OVERTPhi,lm,OVERTPhi,42,0.07835251029716868
DS03,mc.lm_OVERTPhi,lm,OVERTPhi,43,0.07878562773526786
DS03,mc.lm_OVERTPhi,lm,OVERTPhi,44,0.08191080456648342
DS03,mc.lm_OVERTPhi,lm,OVERTPhi,45,0.08153042402382518
DS03,mc.lm_OVERTPhi,lm,OVERTPhi,46,0.08464765125433246
DS03,mc.lm_OVERTPhi,lm,OVERTPhi,47,0.08578200216931388
DS03,mc.lm_OVERTPhi,lm,OVERTPhi,48,0.08635318941149722
DS03,mc.lm_OVERTPhi,lm,OVERTPhi,49,0.08513320790192974
DS03,mc.lm_OVERTPhi,lm,OVERTPhi,50,0.08537580614130952
DS03,mc.lm_OVERT,lm,OVERT,1,0.10287900338443264
DS03,mc.lm_OVERT,lm,OVERT,2,0.10151445095161903
DS03,mc.lm_OVERT,lm,OVERT,3,0.10266002193765436
DS03,mc.lm_OVERT,lm,OVERT,4,0.09877592367259326
DS03,mc.lm_OVERT,lm,OVERT,5,0.093776954280451
DS03,mc.lm_OVERT,lm,OVERT,6,0.09381552221328666
DS03,mc.lm_OVERT,lm,OVERT,7,0.08987972767780773
DS03,mc.lm_OVERT,lm,OVERT,8,0.09133402336761219
DS03,mc.lm_OVERT,lm,OVERT,9,0.09050640732980311
DS03,mc.lm_OVERT,lm,OVERT,10,0.09028319381646616
DS03,mc.lm_OVERT,lm,OVERT,11,0.09058582491946782
DS03,mc.lm_OVERT,lm,OVERT,12,0.09149902041978406
DS03,mc.lm_OVERT,lm,OVERT,13,0.09247427684916056
DS03,mc.lm_OVERT,lm,OVERT,14,0.09107781297200272
DS03,mc.lm_OVERT,lm,OVERT,15,0.08935800094380565
DS03,mc.lm_OVERT,lm,OVERT,16,0.0875906595975116
DS03,mc.lm_OVERT,lm,OVERT,17,0.08615478193652908
DS03,mc.lm_OVERT,lm,OVERT,18,0.08372765980472362
DS03,mc.lm_OVERT,lm,OVERT,19,0.0814805424518992
DS03,mc.lm_OVERT,lm,OVERT,20,0.0821958984836866
DS03,mc.lm_OVERT,lm,OVERT,21,0.08001045059580429
DS03,mc.lm_OVERT,lm,OVERT,22,0.07873981506151911
DS03,mc.lm_OVERT,lm,OVERT,23,0.08063488873681736
DS03,mc.lm_OVERT,lm,OVERT,24,0.07967474691774218
DS03,mc.lm_OVERT,lm,OVERT,25,0.07988045659184183
DS03,mc.lm_OVERT,lm,OVERT,26,0.0797012407513382
DS03,mc.lm_OVERT,lm,OVERT,27,0.0790142734711567
DS03,mc.lm_OVERT,lm,OVERT,28,0.07680165432272651
DS03,mc.lm_OVERT,lm,OVERT,29,0.07852285333835039
DS03,mc.lm_OVERT,lm,OVERT,30,0.07678338990794148
DS03,mc.lm_OVERT,lm,OVERT,31,0.07699082872175471
DS03,mc.lm_OVERT,lm,OVERT,32,0.07711594899490896
DS03,mc.lm_OVERT,lm,OVERT,33,0.07929491093166605
DS03,mc.lm_OVERT,lm,OVERT,34,0.07871541351496733
DS03,mc.lm_OVERT,lm,OVERT,35,0.07825843474027146
DS03,mc.lm_OVERT,lm,OVERT,36,0.0791555159951638
DS03,mc.lm_OVERT,lm,OVERT,37,0.07995429623625337
DS03,mc.lm_OVERT,lm,OVERT,38,0.08039285590682214
DS03,mc.lm_OVERT,lm,OVERT,39,0.08062266587976823
DS03,mc.lm_OVERT,lm,OVERT,40,0.07692367028487218
DS03,mc.lm_OVERT,lm,OVERT,41,0.07770401454835887
DS03,mc.lm_OVERT,lm,OVERT,42,0.07839108792418625
DS03,mc.lm_OVERT,lm,OVERT,43,0.07874711471267913
DS03,mc.lm_OVERT,lm,OVERT,44,0.08090814988502032
DS03,mc.lm_OVERT,lm,OVERT,45,0.080880234972586
DS03,mc.lm_OVERT,lm,OVERT,46,0.08444262795370733
DS03,mc.lm_OVERT,lm,OVERT,47,0.08556861803569851
DS03,mc.lm_OVERT,lm,OVERT,48,0.08613786631832783
DS03,mc.lm_OVERT,lm,OVERT,49,0.08535919198839334
DS03,mc.lm_OVERT,lm,OVERT,50,0.08527529720240438
DS03,mc.lm_SMOTEB,lm,SMOTEB,1,0.11237618416319554
DS03,mc.lm_SMOTEB,lm,SMOTEB,2,0.10822978922959113
DS03,mc.lm_SMOTEB,lm,SMOTEB,3,0.1147364330514266
DS03,mc.lm_SMOTEB,lm,SMOTEB,4,0.11515121301898454
DS03,mc.lm_SMOTEB,lm,SMOTEB,5,0.10191757471373902
DS03,mc.lm_SMOTEB,lm,SMOTEB,6,0.11219918841723825
DS03,mc.lm_SMOTEB,lm,SMOTEB,7,0.09850687253221302
DS03,mc.lm_SMOTEB,lm,SMOTEB,8,0.1003031981465278
DS03,mc.lm_SMOTEB,lm,SMOTEB,9,0.10002942776111878
DS03,mc.lm_SMOTEB,lm,SMOTEB,10,0.10054202165137047
DS03,mc.lm_SMOTEB,lm,SMOTEB,11,0.09953656146128832
DS03,mc.lm_SMOTEB,lm,SMOTEB,12,0.0997532216485074
DS03,mc.lm_SMOTEB,lm,SMOTEB,13,0.0981498124031144
DS03,mc.lm_SMOTEB,lm,SMOTEB,14,0.10061445104003296
DS03,mc.lm_SMOTEB,lm,SMOTEB,15,0.09761929337176199
DS03,mc.lm_SMOTEB,lm,SMOTEB,16,0.10410459511175092
DS03,mc.lm_SMOTEB,lm,SMOTEB,17,0.09988577418723489
DS03,mc.lm_SMOTEB,lm,SMOTEB,18,0.09762727966031393
DS03,mc.lm_SMOTEB,lm,SMOTEB,19,0.09107069188464972
DS03,mc.lm_SMOTEB,lm,SMOTEB,20,0.09290198015885659
DS03,mc.lm_SMOTEB,lm,SMOTEB,21,0.09207363845983844
DS03,mc.lm_SMOTEB,lm,SMOTEB,22,0.09222767431935794
DS03,mc.lm_SMOTEB,lm,SMOTEB,23,0.08773617879036415
DS03,mc.lm_SMOTEB,lm,SMOTEB,24,0.09576965700634628
DS03,mc.lm_SMOTEB,lm,SMOTEB,25,0.09782896972801784
DS03,mc.lm_SMOTEB,lm,SMOTEB,26,0.10698176393128994
DS03,mc.lm_SMOTEB,lm,SMOTEB,27,0.0954960037988198
DS03,mc.lm_SMOTEB,lm,SMOTEB,28,0.09329069702577396
DS03,mc.lm_SMOTEB,lm,SMOTEB,29,0.09041248115918193
DS03,mc.lm_SMOTEB,lm,SMOTEB,30,0.09157260377461836
DS03,mc.lm_SMOTEB,lm,SMOTEB,31,0.09116999841714091
DS03,mc.lm_SMOTEB,lm,SMOTEB,32,0.09215923564986948
DS03,mc.lm_SMOTEB,lm,SMOTEB,33,0.09635822292109489
DS03,mc.lm_SMOTEB,lm,SMOTEB,34,0.08947164896727924
DS03,mc.lm_SMOTEB,lm,SMOTEB,35,0.09053472372497762
DS03,mc.lm_SMOTEB,lm,SMOTEB,36,0.09990775070431585
DS03,mc.lm_SMOTEB,lm,SMOTEB,37,0.09670045231355322
DS03,mc.lm_SMOTEB,lm,SMOTEB,38,0.10004559956404625
DS03,mc.lm_SMOTEB,lm,SMOTEB,39,0.0909250648408646
DS03,mc.lm_SMOTEB,lm,SMOTEB,40,0.09654945504257344
DS03,mc.lm_SMOTEB,lm,SMOTEB,41,0.09602191566766084
DS03,mc.lm_SMOTEB,lm,SMOTEB,42,0.0931793294039779
DS03,mc.lm_SMOTEB,lm,SMOTEB,43,0.09992394665485821
DS03,mc.lm_SMOTEB,lm,SMOTEB,44,0.09504840896698044
DS03,mc.lm_SMOTEB,lm,SMOTEB,45,0.09812137818921256
DS03,mc.lm_SMOTEB,lm,SMOTEB,46,0.1074319211646938
DS03,mc.lm_SMOTEB,lm,SMOTEB,47,0.1045310486955582
DS03,mc.lm_SMOTEB,lm,SMOTEB,48,0.10502558445911314
DS03,mc.lm_SMOTEB,lm,SMOTEB,49,0.10912116493617018
DS03,mc.lm_SMOTEB,lm,SMOTEB,50,0.11599513892096608
DS03,mc.lm_SMOTETPhi,lm,SMOTETPhi,1,0.1278344061358764
DS03,mc.lm_SMOTETPhi,lm,SMOTETPhi,2,0.1344672142317534
DS03,mc.lm_SMOTETPhi,lm,SMOTETPhi,3,0.12994029957555076
DS03,mc.lm_SMOTETPhi,lm,SMOTETPhi,4,0.12925473146604344
DS03,mc.lm_SMOTETPhi,lm,SMOTETPhi,5,0.11274978575900231
DS03,mc.lm_SMOTETPhi,lm,SMOTETPhi,6,0.12424211892374389
DS03,mc.lm_SMOTETPhi,lm,SMOTETPhi,7,0.1077361492737591
DS03,mc.lm_SMOTETPhi,lm,SMOTETPhi,8,0.10704551206258628
DS03,mc.lm_SMOTETPhi,lm,SMOTETPhi,9,0.10233383470155173
DS03,mc.lm_SMOTETPhi,lm,SMOTETPhi,10,0.10628358879321452
DS03,mc.lm_SMOTETPhi,lm,SMOTETPhi,11,0.10708356201383774
DS03,mc.lm_SMOTETPhi,lm,SMOTETPhi,12,0.10461923931652312
DS03,mc.lm_SMOTETPhi,lm,SMOTETPhi,13,0.11703317082015259
DS03,mc.lm_SMOTETPhi,lm,SMOTETPhi,14,0.10598180120891419
DS03,mc.lm_SMOTETPhi,lm,SMOTETPhi,15,0.10530302951803357
DS03,mc.lm_SMOTETPhi,lm,SMOTETPhi,16,0.1014916501107819
DS03,mc.lm_SMOTETPhi,lm,SMOTETPhi,17,0.11028324902004742
DS03,mc.lm_SMOTETPhi,lm,SMOTETPhi,18,0.1039159905717979
DS03,mc.lm_SMOTETPhi,lm,SMOTETPhi,19,0.10366692555852336
DS03,mc.lm_SMOTETPhi,lm,SMOTETPhi,20,0.10289835413900585
DS03,mc.lm_SMOTETPhi,lm,SMOTETPhi,21,0.1066610698949461
DS03,mc.lm_SMOTETPhi,lm,SMOTETPhi,22,0.10676100632852835
DS03,mc.lm_SMOTETPhi,lm,SMOTETPhi,23,0.10675223036061594
DS03,mc.lm_SMOTETPhi,lm,SMOTETPhi,24,0.11006879661692821
DS03,mc.lm_SMOTETPhi,lm,SMOTETPhi,25,0.10889471137512441
DS03,mc.lm_SMOTETPhi,lm,SMOTETPhi,26,0.10628910526270917
DS03,mc.lm_SMOTETPhi,lm,SMOTETPhi,27,0.11301908573112335
DS03,mc.lm_SMOTETPhi,lm,SMOTETPhi,28,0.10072645264500767
DS03,mc.lm_SMOTETPhi,lm,SMOTETPhi,29,0.0972518929296979
DS03,mc.lm_SMOTETPhi,lm,SMOTETPhi,30,0.09238925217880156
DS03,mc.lm_SMOTETPhi,lm,SMOTETPhi,31,0.09059428909138426
DS03,mc.lm_SMOTETPhi,lm,SMOTETPhi,32,0.09248983062443962
DS03,mc.lm_SMOTETPhi,lm,SMOTETPhi,33,0.09810921862596444
DS03,mc.lm_SMOTETPhi,lm,SMOTETPhi,34,0.0938970869933664
DS03,mc.lm_SMOTETPhi,lm,SMOTETPhi,35,0.09538784994873427
DS03,mc.lm_SMOTETPhi,lm,SMOTETPhi,36,0.09635373904003436
DS03,mc.lm_SMOTETPhi,lm,SMOTETPhi,37,0.09633891343016314
DS03,mc.lm_SMOTETPhi,lm,SMOTETPhi,38,0.09256256536801054
DS03,mc.lm_SMOTETPhi,lm,SMOTETPhi,39,0.09892553347240123
DS03,mc.lm_SMOTETPhi,lm,SMOTETPhi,40,0.09925991639678153
DS03,mc.lm_SMOTETPhi,lm,SMOTETPhi,41,0.10013164952494708
DS03,mc.lm_SMOTETPhi,lm,SMOTETPhi,42,0.10671220400967969
DS03,mc.lm_SMOTETPhi,lm,SMOTETPhi,43,0.10106874332533489
DS03,mc.lm_SMOTETPhi,lm,SMOTETPhi,44,0.11227827150046275
DS03,mc.lm_SMOTETPhi,lm,SMOTETPhi,45,0.10503282988166614
DS03,mc.lm_SMOTETPhi,lm,SMOTETPhi,46,0.11436488795818102
DS03,mc.lm_SMOTETPhi,lm,SMOTETPhi,47,0.11240644097789668
DS03,mc.lm_SMOTETPhi,lm,SMOTETPhi,48,0.10782408163821001
DS03,mc.lm_SMOTETPhi,lm,SMOTETPhi,49,0.10602321463160204
DS03,mc.lm_SMOTETPhi,lm,SMOTETPhi,50,0.11233982070293462
DS03,mc.lm_SMOTET,lm,SMOTET,1,0.11868811949428387
DS03,mc.lm_SMOTET,lm,SMOTET,2,0.11372523407230539
DS03,mc.lm_SMOTET,lm,SMOTET,3,0.12491743726919294
DS03,mc.lm_SMOTET,lm,SMOTET,4,0.11346293830493108
DS03,mc.lm_SMOTET,lm,SMOTET,5,0.10404905153454126
DS03,mc.lm_SMOTET,lm,SMOTET,6,0.10821616496593284
DS03,mc.lm_SMOTET,lm,SMOTET,7,0.10048725493342865
DS03,mc.lm_SMOTET,lm,SMOTET,8,0.10306166075672718
DS03,mc.lm_SMOTET,lm,SMOTET,9,0.10132713637661156
DS03,mc.lm_SMOTET,lm,SMOTET,10,0.10244150726963375
DS03,mc.lm_SMOTET,lm,SMOTET,11,0.10313866909366712
DS03,mc.lm_SMOTET,lm,SMOTET,12,0.1045930916435989
DS03,mc.lm_SMOTET,lm,SMOTET,13,0.10258625517924415
DS03,mc.lm_SMOTET,lm,SMOTET,14,0.10164437561497758
DS03,mc.lm_SMOTET,lm,SMOTET,15,0.09923931530488898
DS03,mc.lm_SMOTET,lm,SMOTET,16,0.0964011986416233
DS03,mc.lm_SMOTET,lm,SMOTET,17,0.09745870894215251
DS03,mc.lm_SMOTET,lm,SMOTET,18,0.09729067598438448
DS03,mc.lm_SMOTET,lm,SMOTET,19,0.09304998845225533
DS03,mc.lm_SMOTET,lm,SMOTET,20,0.08994026076347993
DS03,mc.lm_SMOTET,lm,SMOTET,21,0.09676726203294334
DS03,mc.lm_SMOTET,lm,SMOTET,22,0.0945649520729083
DS03,mc.lm_SMOTET,lm,SMOTET,23,0.09650139418396336
DS03,mc.lm_SMOTET,lm,SMOTET,24,0.10281821034024184
DS03,mc.lm_SMOTET,lm,SMOTET,25,0.09952235380221203
DS03,mc.lm_SMOTET,lm,SMOTET,26,0.09897304450228868
DS03,mc.lm_SMOTET,lm,SMOTET,27,0.10124610189512814
DS03,mc.lm_SMOTET,lm,SMOTET,28,0.09496557981997697
DS03,mc.lm_SMOTET,lm,SMOTET,29,0.09640815898608503
DS03,mc.lm_SMOTET,lm,SMOTET,30,0.09092265702633673
DS03,mc.lm_SMOTET,lm,SMOTET,31,0.09014466151490036
DS03,mc.lm_SMOTET,lm,SMOTET,32,0.08770264582893857
DS03,mc.lm_SMOTET,lm,SMOTET,33,0.09509148216413167
DS03,mc.lm_SMOTET,lm,SMOTET,34,0.09297488901655261
DS03,mc.lm_SMOTET,lm,SMOTET,35,0.09238147726604702
DS03,mc.lm_SMOTET,lm,SMOTET,36,0.09039603498888572
DS03,mc.lm_SMOTET,lm,SMOTET,37,0.0945531214240358
DS03,mc.lm_SMOTET,lm,SMOTET,38,0.09327467768842722
DS03,mc.lm_SMOTET,lm,SMOTET,39,0.09026624174997974
DS03,mc.lm_SMOTET,lm,SMOTET,40,0.10010186840987916
DS03,mc.lm_SMOTET,lm,SMOTET,41,0.09895378595904879
DS03,mc.lm_SMOTET,lm,SMOTET,42,0.0993920423266476
DS03,mc.lm_SMOTET,lm,SMOTET,43,0.09658545434198125
DS03,mc.lm_SMOTET,lm,SMOTET,44,0.10169229178085082
DS03,mc.lm_SMOTET,lm,SMOTET,45,0.09788556896264147
DS03,mc.lm_SMOTET,lm,SMOTET,46,0.09862021714391324
DS03,mc.lm_SMOTET,lm,SMOTET,47,0.10106258027231847
DS03,mc.lm_SMOTET,lm,SMOTET,48,0.10177150803730613
DS03,mc.lm_SMOTET,lm,SMOTET,49,0.10653115591904737
DS03,mc.lm_SMOTET,lm,SMOTET,50,0.10662433913450062
DS03,mc.lm_UNDERB,lm,UNDERB,1,0.11011821161577803
DS03,mc.lm_UNDERB,lm,UNDERB,2,0.10871904710205249
DS03,mc.lm_UNDERB,lm,UNDERB,3,0.11183359614749377
DS03,mc.lm_UNDERB,lm,UNDERB,4,0.10483756878501445
DS03,mc.lm_UNDERB,lm,UNDERB,5,0.09899172435449118
DS03,mc.lm_UNDERB,lm,UNDERB,6,0.10119320260935065
DS03,mc.lm_UNDERB,lm,UNDERB,7,0.09345283688784073
DS03,mc.lm_UNDERB,lm,UNDERB,8,0.10590923748416263
DS03,mc.lm_UNDERB,lm,UNDERB,9,0.10289756242484478
DS03,mc.lm_UNDERB,lm,UNDERB,10,0.0967432524504012
DS03,mc.lm_UNDERB,lm,UNDERB,11,0.09928573544264739
DS03,mc.lm_UNDERB,lm,UNDERB,12,0.09447322530019261
DS03,mc.lm_UNDERB,lm,UNDERB,13,0.09346059369970977
DS03,mc.lm_UNDERB,lm,UNDERB,14,0.09825068985994626
DS03,mc.lm_UNDERB,lm,UNDERB,15,0.0997303401367689
DS03,mc.lm_UNDERB,lm,UNDERB,16,0.097161541936395
DS03,mc.lm_UNDERB,lm,UNDERB,17,0.09695207848600824
DS03,mc.lm_UNDERB,lm,UNDERB,18,0.08726052269190346
DS03,mc.lm_UNDERB,lm,UNDERB,19,0.08573519376500766
DS03,mc.lm_UNDERB,lm,UNDERB,20,0.09100408786107135
DS03,mc.lm_UNDERB,lm,UNDERB,21,0.08649620347516325
DS03,mc.lm_UNDERB,lm,UNDERB,22,0.07653396254418447
DS03,mc.lm_UNDERB,lm,UNDERB,23,0.08158418831227211
DS03,mc.lm_UNDERB,lm,UNDERB,24,0.07772429350193381
DS03,mc.lm_UNDERB,lm,UNDERB,25,0.0794747673182092
DS03,mc.lm_UNDERB,lm,UNDERB,26,0.08539783575693201
DS03,mc.lm_UNDERB,lm,UNDERB,27,0.08852737782201098
DS03,mc.lm_UNDERB,lm,UNDERB,28,0.09342616639419747
DS03,mc.lm_UNDERB,lm,UNDERB,29,0.0817357272493489
DS03,mc.lm_UNDERB,lm,UNDERB,30,0.07971804960537418
DS03,mc.lm_UNDERB,lm,UNDERB,31,0.0799326396919945
DS03,mc.lm_UNDERB,lm,UNDERB,32,0.08181928635926515
DS03,mc.lm_UNDERB,lm,UNDERB,33,0.08793475145654495
DS03,mc.lm_UNDERB,lm,UNDERB,34,0.08833437167097619
DS03,mc.lm_UNDERB,lm,UNDERB,35,0.08269133131604531
DS03,mc.lm_UNDERB,lm,UNDERB,36,0.08970916120090922
DS03,mc.lm_UNDERB,lm,UNDERB,37,0.08060234214094068
DS03,mc.lm_UNDERB,lm,UNDERB,38,0.08836784014162588
DS03,mc.lm_UNDERB,lm,UNDERB,39,0.08660517129122952
DS03,mc.lm_UNDERB,lm,UNDERB,40,0.0799482771512417
DS03,mc.lm_UNDERB,lm,UNDERB,41,0.08872706897044981
DS03,mc.lm_UNDERB,lm,UNDERB,42,0.08149622671178382
DS03,mc.lm_UNDERB,lm,UNDERB,43,0.10094886088103158
DS03,mc.lm_UNDERB,lm,UNDERB,44,0.08631820678102681
DS03,mc.lm_UNDERB,lm,UNDERB,45,0.09388738580070898
DS03,mc.lm_UNDERB,lm,UNDERB,46,0.0965904716261298
DS03,mc.lm_UNDERB,lm,UNDERB,47,0.0848060666922528
DS03,mc.lm_UNDERB,lm,UNDERB,48,0.08425769458473456
DS03,mc.lm_UNDERB,lm,UNDERB,49,0.08826213978029995
DS03,mc.lm_UNDERB,lm,UNDERB,50,0.10226616159142721
DS03,mc.lm_UNDERTPhi,lm,UNDERTPhi,1,0.1269854371911903
DS03,mc.lm_UNDERTPhi,lm,UNDERTPhi,2,0.12419496615373196
DS03,mc.lm_UNDERTPhi,lm,UNDERTPhi,3,0.12114539966489764
DS03,mc.lm_UNDERTPhi,lm,UNDERTPhi,4,0.11684904033553468
DS03,mc.lm_UNDERTPhi,lm,UNDERTPhi,5,0.11106384017592458
DS03,mc.lm_UNDERTPhi,lm,UNDERTPhi,6,0.11658220550506225
DS03,mc.lm_UNDERTPhi,lm,UNDERTPhi,7,0.10531729292563224
DS03,mc.lm_UNDERTPhi,lm,UNDERTPhi,8,0.09977518780923289
DS03,mc.lm_UNDERTPhi,lm,UNDERTPhi,9,0.10105711223256478
DS03,mc.lm_UNDERTPhi,lm,UNDERTPhi,10,0.09910558260532687
DS03,mc.lm_UNDERTPhi,lm,UNDERTPhi,11,0.09564601743469263
DS03,mc.lm_UNDERTPhi,lm,UNDERTPhi,12,0.09677956988916175
DS03,mc.lm_UNDERTPhi,lm,UNDERTPhi,13,0.1222109387265026
DS03,mc.lm_UNDERTPhi,lm,UNDERTPhi,14,0.1134210171932814
DS03,mc.lm_UNDERTPhi,lm,UNDERTPhi,15,0.11163209735268692
DS03,mc.lm_UNDERTPhi,lm,UNDERTPhi,16,0.09757613555460025
DS03,mc.lm_UNDERTPhi,lm,UNDERTPhi,17,0.09439608554323875
DS03,mc.lm_UNDERTPhi,lm,UNDERTPhi,18,0.10927301583327605
DS03,mc.lm_UNDERTPhi,lm,UNDERTPhi,19,0.09258314781308505
DS03,mc.lm_UNDERTPhi,lm,UNDERTPhi,20,0.09525610920955938
DS03,mc.lm_UNDERTPhi,lm,UNDERTPhi,21,0.09561479816457101
DS03,mc.lm_UNDERTPhi,lm,UNDERTPhi,22,0.09901933532825988
DS03,mc.lm_UNDERTPhi,lm,UNDERTPhi,23,0.10226780715220793
DS03,mc.lm_UNDERTPhi,lm,UNDERTPhi,24,0.10224957630779428
DS03,mc.lm_UNDERTPhi,lm,UNDERTPhi,25,0.08665010797456672
DS03,mc.lm_UNDERTPhi,lm,UNDERTPhi,26,0.09981187836999053
DS03,mc.lm_UNDERTPhi,lm,UNDERTPhi,27,0.09355324581074397
DS03,mc.lm_UNDERTPhi,lm,UNDERTPhi,28,0.08459651870412237
DS03,mc.lm_UNDERTPhi,lm,UNDERTPhi,29,0.09340734689861577
DS03,mc.lm_UNDERTPhi,lm,UNDERTPhi,30,0.0986742950339897
DS03,mc.lm_UNDERTPhi,lm,UNDERTPhi,31,0.08724359654447801
DS03,mc.lm_UNDERTPhi,lm,UNDERTPhi,32,0.09173781701120941
DS03,mc.lm_UNDERTPhi,lm,UNDERTPhi,33,0.083037378061716
DS03,mc.lm_UNDERTPhi,lm,UNDERTPhi,34,0.08743395436707106
DS03,mc.lm_UNDERTPhi,lm,UNDERTPhi,35,0.08241153564996113
DS03,mc.lm_UNDERTPhi,lm,UNDERTPhi,36,0.08772492036698022
DS03,mc.lm_UNDERTPhi,lm,UNDERTPhi,37,0.09759532904987354
DS03,mc.lm_UNDERTPhi,lm,UNDERTPhi,38,0.08656438430400405
DS03,mc.lm_UNDERTPhi,lm,UNDERTPhi,39,0.09249486432007695
DS03,mc.lm_UNDERTPhi,lm,UNDERTPhi,40,0.09842649275663722
DS03,mc.lm_UNDERTPhi,lm,UNDERTPhi,41,0.09283116041214512
DS03,mc.lm_UNDERTPhi,lm,UNDERTPhi,42,0.08423077877703139
DS03,mc.lm_UNDERTPhi,lm,UNDERTPhi,43,0.09210432250301528
DS03,mc.lm_UNDERTPhi,lm,UNDERTPhi,44,0.10356435207919013
DS03,mc.lm_UNDERTPhi,lm,UNDERTPhi,45,0.10513507855298153
DS03,mc.lm_UNDERTPhi,lm,UNDERTPhi,46,0.11112770092388591
DS03,mc.lm_UNDERTPhi,lm,UNDERTPhi,47,0.10961093402398008
DS03,mc.lm_UNDERTPhi,lm,UNDERTPhi,48,0.09806005650313629
DS03,mc.lm_UNDERTPhi,lm,UNDERTPhi,49,0.10921621754407757
DS03,mc.lm_UNDERTPhi,lm,UNDERTPhi,50,0.10297264165659226
DS03,mc.lm_UNDERT,lm,UNDERT,1,0.10845017403259079
DS03,mc.lm_UNDERT,lm,UNDERT,2,0.0971269307972748
DS03,mc.lm_UNDERT,lm,UNDERT,3,0.1133166911784613
DS03,mc.lm_UNDERT,lm,UNDERT,4,0.10086948635680461
DS03,mc.lm_UNDERT,lm,UNDERT,5,0.09770472033098081
DS03,mc.lm_UNDERT,lm,UNDERT,6,0.10089205585206355
DS03,mc.lm_UNDERT,lm,UNDERT,7,0.09412472903668465
DS03,mc.lm_UNDERT,lm,UNDERT,8,0.09744102407156333
DS03,mc.lm_UNDERT,lm,UNDERT,9,0.10287266074802469
DS03,mc.lm_UNDERT,lm,UNDERT,10,0.0950234788190785
DS03,mc.lm_UNDERT,lm,UNDERT,11,0.09508315963097984
DS03,mc.lm_UNDERT,lm,UNDERT,12,0.09182705968339708
DS03,mc.lm_UNDERT,lm,UNDERT,13,0.099081232803369
DS03,mc.lm_UNDERT,lm,UNDERT,14,0.09527154660807266
DS03,mc.lm_UNDERT,lm,UNDERT,15,0.10074932506128857
DS03,mc.lm_UNDERT,lm,UNDERT,16,0.09478976033392116
DS03,mc.lm_UNDERT,lm,UNDERT,17,0.08260792430203548
DS03,mc.lm_UNDERT,lm,UNDERT,18,0.08618773237030201
DS03,mc.lm_UNDERT,lm,UNDERT,19,0.07787248682925556
DS03,mc.lm_UNDERT,lm,UNDERT,20,0.08415357732498686
DS03,mc.lm_UNDERT,lm,UNDERT,21,0.08518434190082096
DS03,mc.lm_UNDERT,lm,UNDERT,22,0.07345729820781004
DS03,mc.lm_UNDERT,lm,UNDERT,23,0.07983758785326993
DS03,mc.lm_UNDERT,lm,UNDERT,24,0.07926759810802844
DS03,mc.lm_UNDERT,lm,UNDERT,25,0.08430949092917499
DS03,mc.lm_UNDERT,lm,UNDERT,26,0.08032836631391221
DS03,mc.lm_UNDERT,lm,UNDERT,27,0.08307421523764255
DS03,mc.lm_UNDERT,lm,UNDERT,28,0.08770527500106633
DS03,mc.lm_UNDERT,lm,UNDERT,29,0.0810110774907128
DS03,mc.lm_UNDERT,lm,UNDERT,30,0.07372443233231074
DS03,mc.lm_UNDERT,lm,UNDERT,31,0.08021410865669483
DS03,mc.lm_UNDERT,lm,UNDERT,32,0.07617145917654956
DS03,mc.lm_UNDERT,lm,UNDERT,33,0.0768352252010033
DS03,mc.lm_UNDERT,lm,UNDERT,34,0.08449250625085186
DS03,mc.lm_UNDERT,lm,UNDERT,35,0.0843852728187924
DS03,mc.lm_UNDERT,lm,UNDERT,36,0.07255571944980121
DS03,mc.lm_UNDERT,lm,UNDERT,37,0.08920183324396633
DS03,mc.lm_UNDERT,lm,UNDERT,38,0.08358211493673254
DS03,mc.lm_UNDERT,lm,UNDERT,39,0.08671053483873477
DS03,mc.lm_UNDERT,lm,UNDERT,40,0.07421776533350281
DS03,mc.lm_UNDERT,lm,UNDERT,41,0.07875717487027026
DS03,mc.lm_UNDERT,lm,UNDERT,42,0.08346914523479051
DS03,mc.lm_UNDERT,lm,UNDERT,43,0.09078842335822086
DS03,mc.lm_UNDERT,lm,UNDERT,44,0.08377458706564851
DS03,mc.lm_UNDERT,lm,UNDERT,45,0.08584544641112106
DS03,mc.lm_UNDERT,lm,UNDERT,46,0.09252203591881615
DS03,mc.lm_UNDERT,lm,UNDERT,47,0.09907917507426309
DS03,mc.lm_UNDERT,lm,UNDERT,48,0.08889758897635229
DS03,mc.lm_UNDERT,lm,UNDERT,49,0.09052032521703415
DS03,mc.lm_UNDERT,lm,UNDERT,50,0.09669831124331822
DS03,mc.lm,lm,baseline,1,0.07879613187667121
DS03,mc.lm,lm,baseline,2,0.0791261013947008
DS03,mc.lm,lm,baseline,3,0.07830278752320555
DS03,mc.lm,lm,baseline,4,0.07484249604437758
DS03,mc.lm,lm,baseline,5,0.07250481965954031
DS03,mc.lm,lm,baseline,6,0.07235457889155275
DS03,mc.lm,lm,baseline,7,0.06999393001695552
DS03,mc.lm,lm,baseline,8,0.07028801781510144
DS03,mc.lm,lm,baseline,9,0.0701841521718962
DS03,mc.lm,lm,baseline,10,0.0700272747643256
DS03,mc.lm,lm,baseline,11,0.07010336291566661
DS03,mc.lm,lm,baseline,12,0.07023322094049969
DS03,mc.lm,lm,baseline,13,0.07036519568680064
DS03,mc.lm,lm,baseline,14,0.06933341101644767
DS03,mc.lm,lm,baseline,15,0.06855729812291655
DS03,mc.lm,lm,baseline,16,0.06575598924531312
DS03,mc.lm,lm,baseline,17,0.06551370317436064
DS03,mc.lm,lm,baseline,18,0.06508591130024499
DS03,mc.lm,lm,baseline,19,0.06688473688149521
DS03,mc.lm,lm,baseline,20,0.06683827116172247
DS03,mc.lm,lm,baseline,21,0.06455270763137952
DS03,mc.lm,lm,baseline,22,0.06290866015238133
DS03,mc.lm,lm,baseline,23,0.06349703771228991
DS03,mc.lm,lm,baseline,24,0.06391603897933378
DS03,mc.lm,lm,baseline,25,0.06347671822106377
DS03,mc.lm,lm,baseline,26,0.06376369187095357
DS03,mc.lm,lm,baseline,27,0.06380737162193262
DS03,mc.lm,lm,baseline,28,0.06366460183158312
DS03,mc.lm,lm,baseline,29,0.0635294742079537
DS03,mc.lm,lm,baseline,30,0.061873165717709844
DS03,mc.lm,lm,baseline,31,0.0616298510882132
DS03,mc.lm,lm,baseline,32,0.062046527495417905
DS03,mc.lm,lm,baseline,33,0.06428290691902937
DS03,mc.lm,lm,baseline,34,0.06461002522822226
DS03,mc.lm,lm,baseline,35,0.06400131934689121
DS03,mc.lm,lm,baseline,36,0.06500513973704994
DS03,mc.lm,lm,baseline,37,0.06485787756075231
DS03,mc.lm,lm,baseline,38,0.0646372418356568
DS03,mc.lm,lm,baseline,39,0.06552997265023144
DS03,mc.lm,lm,baseline,40,0.06490343150554559
DS03,mc.lm,lm,baseline,41,0.06483401838737915
DS03,mc.lm,lm,baseline,42,0.06501254072769327
DS03,mc.lm,lm,baseline,43,0.06549840167724658
DS03,mc.lm,lm,baseline,44,0.06806511329677631
DS03,mc.lm,lm,baseline,45,0.06818263313861407
DS03,mc.lm,lm,baseline,46,0.06800264092843995
DS03,mc.lm,lm,baseline,47,0.0697694812969651
DS03,mc.lm,lm,baseline,48,0.0696164079220861
DS03,mc.lm,lm,baseline,49,0.07219600176959633
DS03,mc.lm,lm,baseline,50,0.07238251879024887
DS03,mc.mars_OVERB,mars,OVERB,1,0.10338986006313275
DS03,mc.mars_OVERB,mars,OVERB,2,0.10134218242538993
DS03,mc.mars_OVERB,mars,OVERB,3,0.10427460827262221
DS03,mc.mars_OVERB,mars,OVERB,4,0.10204419815884223
DS03,mc.mars_OVERB,mars,OVERB,5,0.10091910811836655
DS03,mc.mars_OVERB,mars,OVERB,6,0.09645000406471393
DS03,mc.mars_OVERB,mars,OVERB,7,0.09554615255794695
DS03,mc.mars_OVERB,mars,OVERB,8,0.09075000816014903
DS03,mc.mars_OVERB,mars,OVERB,9,0.09941470762397099
DS03,mc.mars_OVERB,mars,OVERB,10,0.10108489235749081
DS03,mc.mars_OVERB,mars,OVERB,11,0.09083342964585449
DS03,mc.mars_OVERB,mars,OVERB,12,0.09263623212790785
DS03,mc.mars_OVERB,mars,OVERB,13,0.08758315133406386
DS03,mc.mars_OVERB,mars,OVERB,14,0.09464360776473303
DS03,mc.mars_OVERB,mars,OVERB,15,0.09307935407992345
DS03,mc.mars_OVERB,mars,OVERB,16,0.08489344617324496
DS03,mc.mars_OVERB,mars,OVERB,17,0.08502683040551895
DS03,mc.mars_OVERB,mars,OVERB,18,0.08687250303172153
DS03,mc.mars_OVERB,mars,OVERB,19,0.08693945325092442
DS03,mc.mars_OVERB,mars,OVERB,20,0.0945255155049956
DS03,mc.mars_OVERB,mars,OVERB,21,0.08792776935205346
DS03,mc.mars_OVERB,mars,OVERB,22,0.08846404554995195
DS03,mc.mars_OVERB,mars,OVERB,23,0.09098901663759998
DS03,mc.mars_OVERB,mars,OVERB,24,0.09170055377744077
DS03,mc.mars_OVERB,mars,OVERB,25,0.08705606539419784
DS03,mc.mars_OVERB,mars,OVERB,26,0.09240332838730768
DS03,mc.mars_OVERB,mars,OVERB,27,0.09817539934655413
DS03,mc.mars_OVERB,mars,OVERB,28,0.09490952152044788
DS03,mc.mars_OVERB,mars,OVERB,29,0.08530776795259917
DS03,mc.mars_OVERB,mars,OVERB,30,0.08846847038624245
DS03,mc.mars_OVERB,mars,OVERB,31,0.08339277379352145
DS03,mc.mars_OVERB,mars,OVERB,32,0.09449142839979126
DS03,mc.mars_OVERB,mars,OVERB,33,0.09325830440692498
DS03,mc.mars_OVERB,mars,OVERB,34,0.09873568637375012
DS03,mc.mars_OVERB,mars,OVERB,35,0.08898998380458972
DS03,mc.mars_OVERB,mars,OVERB,36,0.08815382905798233
DS03,mc.mars_OVERB,mars,OVERB,37,0.08814719570110802
DS03,mc.mars_OVERB,mars,OVERB,38,0.08542310533069919
DS03,mc.mars_OVERB,mars,OVERB,39,0.09393192797298133
DS03,mc.mars_OVERB,mars,OVERB,40,0.09234132871073535
DS03,mc.mars_OVERB,mars,OVERB,41,0.08336813600677628
DS03,mc.mars_OVERB,mars,OVERB,42,0.08945896745757144
DS03,mc.mars_OVERB,mars,OVERB,43,0.09736002515522213
DS03,mc.mars_OVERB,mars,OVERB,44,0.09918648975046557
DS03,mc.mars_OVERB,mars,OVERB,45,0.09059367307914364
DS03,mc.mars_OVERB,mars,OVERB,46,0.1008665062806742
DS03,mc.mars_OVERB,mars,OVERB,47,0.10922891654621526
DS03,mc.mars_OVERB,mars,OVERB,48,0.10155779419033381
DS03,mc.mars_OVERB,mars,OVERB,49,0.10088040437773578
DS03,mc.mars_OVERB,mars,OVERB,50,0.09334263592258214
DS03,mc.mars_OVERTPhi,mars,OVERTPhi,1,0.1030665518093026
DS03,mc.mars_OVERTPhi,mars,OVERTPhi,2,0.10570120503121472
DS03,mc.mars_OVERTPhi,mars,OVERTPhi,3,0.10136115063219986
DS03,mc.mars_OVERTPhi,mars,OVERTPhi,4,0.10275253590313961
DS03,mc.mars_OVERTPhi,mars,OVERTPhi,5,0.10313113768851846
DS03,mc.mars_OVERTPhi,mars,OVERTPhi,6,0.10217318316331325
DS03,mc.mars_OVERTPhi,mars,OVERTPhi,7,0.0966133724877542
DS03,mc.mars_OVERTPhi,mars,OVERTPhi,8,0.10529069659122064
DS03,mc.mars_OVERTPhi,mars,OVERTPhi,9,0.09867457902436677
DS03,mc.mars_OVERTPhi,mars,OVERTPhi,10,0.09316318987855332
DS03,mc.mars_OVERTPhi,mars,OVERTPhi,11,0.08999732896165427
DS03,mc.mars_OVERTPhi,mars,OVERTPhi,12,0.09348782096247446
DS03,mc.mars_OVERTPhi,mars,OVERTPhi,13,0.09210759851534965
DS03,mc.mars_OVERTPhi,mars,OVERTPhi,14,0.09653906925948257
DS03,mc.mars_OVERTPhi,mars,OVERTPhi,15,0.09456221911374821
DS03,mc.mars_OVERTPhi,mars,OVERTPhi,16,0.09365573962258142
DS03,mc.mars_OVERTPhi,mars,OVERTPhi,17,0.0871068705060658
DS03,mc.mars_OVERTPhi,mars,OVERTPhi,18,0.08851247125109547
DS03,mc.mars_OVERTPhi,mars,OVERTPhi,19,0.0914280868807073
DS03,mc.mars_OVERTPhi,mars,OVERTPhi,20,0.09227067422630493
DS03,mc.mars_OVERTPhi,mars,OVERTPhi,21,0.09248477499729824
DS03,mc.mars_OVERTPhi,mars,OVERTPhi,22,0.09189349555620355
DS03,mc.mars_OVERTPhi,mars,OVERTPhi,23,0.093702497940941
DS03,mc.mars_OVERTPhi,mars,OVERTPhi,24,0.08864478150953135
DS03,mc.mars_OVERTPhi,mars,OVERTPhi,25,0.08788943612824635
DS03,mc.mars_OVERTPhi,mars,OVERTPhi,26,0.0967254458112799
DS03,mc.mars_OVERTPhi,mars,OVERTPhi,27,0.08643288235834909
DS03,mc.mars_OVERTPhi,mars,OVERTPhi,28,0.09320839929135173
DS03,mc.mars_OVERTPhi,mars,OVERTPhi,29,0.0916860759260326
DS03,mc.mars_OVERTPhi,mars,OVERTPhi,30,0.08929081064300803
DS03,mc.mars_OVERTPhi,mars,OVERTPhi,31,0.08323774520637531
DS03,mc.mars_OVERTPhi,mars,OVERTPhi,32,0.08362523129486958
DS03,mc.mars_OVERTPhi,mars,OVERTPhi,33,0.08518776870632733
DS03,mc.mars_OVERTPhi,mars,OVERTPhi,34,0.08556374371543199
DS03,mc.mars_OVERTPhi,mars,OVERTPhi,35,0.09273725345861927
DS03,mc.mars_OVERTPhi,mars,OVERTPhi,36,0.09213935714254362
DS03,mc.mars_OVERTPhi,mars,OVERTPhi,37,0.08300439339996248
DS03,mc.mars_OVERTPhi,mars,OVERTPhi,38,0.09143929544128009
DS03,mc.mars_OVERTPhi,mars,OVERTPhi,39,0.08441584556681293
DS03,mc.mars_OVERTPhi,mars,OVERTPhi,40,0.09098910972132328
DS03,mc.mars_OVERTPhi,mars,OVERTPhi,41,0.08524683165067411
DS03,mc.mars_OVERTPhi,mars,OVERTPhi,42,0.08625556455694014
DS03,mc.mars_OVERTPhi,mars,OVERTPhi,43,0.08378045760562473
DS03,mc.mars_OVERTPhi,mars,OVERTPhi,44,0.08728634923576323
DS03,mc.mars_OVERTPhi,mars,OVERTPhi,45,0.0899848554739435
DS03,mc.mars_OVERTPhi,mars,OVERTPhi,46,0.09218097601491418
DS03,mc.mars_OVERTPhi,mars,OVERTPhi,47,0.1035971165529833
DS03,mc.mars_OVERTPhi,mars,OVERTPhi,48,0.10697539305771456
DS03,mc.mars_OVERTPhi,mars,OVERTPhi,49,0.11137079826387736
DS03,mc.mars_OVERTPhi,mars,OVERTPhi,50,0.09455046643708138
DS03,mc.mars_OVERT,mars,OVERT,1,0.10316419560079006
DS03,mc.mars_OVERT,mars,OVERT,2,0.10542593954772399
DS03,mc.mars_OVERT,mars,OVERT,3,0.1009932003208247
DS03,mc.mars_OVERT,mars,OVERT,4,0.10254567712727966
DS03,mc.mars_OVERT,mars,OVERT,5,0.10314451103397367
DS03,mc.mars_OVERT,mars,OVERT,6,0.10178476134167166
DS03,mc.mars_OVERT,mars,OVERT,7,0.09650566123855939
DS03,mc.mars_OVERT,mars,OVERT,8,0.0886357025730817
DS03,mc.mars_OVERT,mars,OVERT,9,0.09867116784357258
DS03,mc.mars_OVERT,mars,OVERT,10,0.09639047774315969
DS03,mc.mars_OVERT,mars,OVERT,11,0.09047224542756198
DS03,mc.mars_OVERT,mars,OVERT,12,0.0942231438363949
DS03,mc.mars_OVERT,mars,OVERT,13,0.09162274864970223
DS03,mc.mars_OVERT,mars,OVERT,14,0.0968737899148072
DS03,mc.mars_OVERT,mars,OVERT,15,0.09237307920256478
DS03,mc.mars_OVERT,mars,OVERT,16,0.08686207452592148
DS03,mc.mars_OVERT,mars,OVERT,17,0.08957625128399489
DS03,mc.mars_OVERT,mars,OVERT,18,0.08552608997884002
DS03,mc.mars_OVERT,mars,OVERT,19,0.09030089488813194
DS03,mc.mars_OVERT,mars,OVERT,20,0.09158860199825568
DS03,mc.mars_OVERT,mars,OVERT,21,0.09230613170952136
DS03,mc.mars_OVERT,mars,OVERT,22,0.09189177586974623
DS03,mc.mars_OVERT,mars,OVERT,23,0.08899635793987089
DS03,mc.mars_OVERT,mars,OVERT,24,0.08993052491205228
DS03,mc.mars_OVERT,mars,OVERT,25,0.08880145549289593
DS03,mc.mars_OVERT,mars,OVERT,26,0.095735566525287
DS03,mc.mars_OVERT,mars,OVERT,27,0.0946035910402851
DS03,mc.mars_OVERT,mars,OVERT,28,0.09385255000532669
DS03,mc.mars_OVERT,mars,OVERT,29,0.08703922929978
DS03,mc.mars_OVERT,mars,OVERT,30,0.08928545429670748
DS03,mc.mars_OVERT,mars,OVERT,31,0.08109956263970114
DS03,mc.mars_OVERT,mars,OVERT,32,0.0836489775902934
DS03,mc.mars_OVERT,mars,OVERT,33,0.08749619139403435
DS03,mc.mars_OVERT,mars,OVERT,34,0.08230117033163793
DS03,mc.mars_OVERT,mars,OVERT,35,0.0859170584130295
DS03,mc.mars_OVERT,mars,OVERT,36,0.09148832098221066
DS03,mc.mars_OVERT,mars,OVERT,37,0.08302887950067356
DS03,mc.mars_OVERT,mars,OVERT,38,0.09107989751780438
DS03,mc.mars_OVERT,mars,OVERT,39,0.0846367848403586
DS03,mc.mars_OVERT,mars,OVERT,40,0.09032973887286208
DS03,mc.mars_OVERT,mars,OVERT,41,0.08214110986134628
DS03,mc.mars_OVERT,mars,OVERT,42,0.08789591257525624
DS03,mc.mars_OVERT,mars,OVERT,43,0.0843795913000703
DS03,mc.mars_OVERT,mars,OVERT,44,0.08760791704748945
DS03,mc.mars_OVERT,mars,OVERT,45,0.08698203083511809
DS03,mc.mars_OVERT,mars,OVERT,46,0.0917289514036675
DS03,mc.mars_OVERT,mars,OVERT,47,0.09512962685588025
DS03,mc.mars_OVERT,mars,OVERT,48,0.1010872895756967
DS03,mc.mars_OVERT,mars,OVERT,49,0.11304241334218885
DS03,mc.mars_OVERT,mars,OVERT,50,0.09787720965239739
DS03,mc.mars_SMOTEB,mars,SMOTEB,1,0.1203492776736225
DS03,mc.mars_SMOTEB,mars,SMOTEB,2,0.11966926882923197
DS03,mc.mars_SMOTEB,mars,SMOTEB,3,0.12399118703382019
DS03,mc.mars_SMOTEB,mars,SMOTEB,4,0.11178658292306212
DS03,mc.mars_SMOTEB,mars,SMOTEB,5,0.10488773485520324
DS03,mc.mars_SMOTEB,mars,SMOTEB,6,0.12448935868372266
DS03,mc.mars_SMOTEB,mars,SMOTEB,7,0.09984902443414446
DS03,mc.mars_SMOTEB,mars,SMOTEB,8,0.10295386266296323
DS03,mc.mars_SMOTEB,mars,SMOTEB,9,0.10867652562563142
DS03,mc.mars_SMOTEB,mars,SMOTEB,10,0.11278558885283389
DS03,mc.mars_SMOTEB,mars,SMOTEB,11,0.10374545871854987
DS03,mc.mars_SMOTEB,mars,SMOTEB,12,0.11455900921276527
DS03,mc.mars_SMOTEB,mars,SMOTEB,13,0.10128270734896935
DS03,mc.mars_SMOTEB,mars,SMOTEB,14,0.12044294201579361
DS03,mc.mars_SMOTEB,mars,SMOTEB,15,0.10013076714401217
DS03,mc.mars_SMOTEB,mars,SMOTEB,16,0.10107696460335693
DS03,mc.mars_SMOTEB,mars,SMOTEB,17,0.0990477320276904
DS03,mc.mars_SMOTEB,mars,SMOTEB,18,0.09994239902245598
DS03,mc.mars_SMOTEB,mars,SMOTEB,19,0.11509453167026353
DS03,mc.mars_SMOTEB,mars,SMOTEB,20,0.10766402967595999
DS03,mc.mars_SMOTEB,mars,SMOTEB,21,0.10722735844321103
DS03,mc.mars_SMOTEB,mars,SMOTEB,22,0.10744408774832805
DS03,mc.mars_SMOTEB,mars,SMOTEB,23,0.10026663270138408
DS03,mc.mars_SMOTEB,mars,SMOTEB,24,0.10601705108644167
DS03,mc.mars_SMOTEB,mars,SMOTEB,25,0.10162111475128607
DS03,mc.mars_SMOTEB,mars,SMOTEB,26,0.1128353991241015
DS03,mc.mars_SMOTEB,mars,SMOTEB,27,0.10449041993748354
DS03,mc.mars_SMOTEB,mars,SMOTEB,28,0.09702858708493152
DS03,mc.mars_SMOTEB,mars,SMOTEB,29,0.10603337676761589
DS03,mc.mars_SMOTEB,mars,SMOTEB,30,0.10563329223415201
DS03,mc.mars_SMOTEB,mars,SMOTEB,31,0.11340672732511303
DS03,mc.mars_SMOTEB,mars,SMOTEB,32,0.10329463517208082
DS03,mc.mars_SMOTEB,mars,SMOTEB,33,0.1082565502382854
DS03,mc.mars_SMOTEB,mars,SMOTEB,34,0.10348452090932549
DS03,mc.mars_SMOTEB,mars,SMOTEB,35,0.10290807036385588
DS03,mc.mars_SMOTEB,mars,SMOTEB,36,0.10850216774227064
DS03,mc.mars_SMOTEB,mars,SMOTEB,37,0.10642769777871067
DS03,mc.mars_SMOTEB,mars,SMOTEB,38,0.10909997720226967
DS03,mc.mars_SMOTEB,mars,SMOTEB,39,0.09483171835564874
DS03,mc.mars_SMOTEB,mars,SMOTEB,40,0.10891610757713815
DS03,mc.mars_SMOTEB,mars,SMOTEB,41,0.10272532755826155
DS03,mc.mars_SMOTEB,mars,SMOTEB,42,0.10859971229437064
DS03,mc.mars_SMOTEB,mars,SMOTEB,43,0.10712683338531873
DS03,mc.mars_SMOTEB,mars,SMOTEB,44,0.11410792351830204
DS03,mc.mars_SMOTEB,mars,SMOTEB,45,0.1280094505137339
DS03,mc.mars_SMOTEB,mars,SMOTEB,46,0.13484032656678904
DS03,mc.mars_SMOTEB,mars,SMOTEB,47,0.1181633017940828
DS03,mc.mars_SMOTEB,mars,SMOTEB,48,0.14133353971079657
DS03,mc.mars_SMOTEB,mars,SMOTEB,49,0.11513091614316316
DS03,mc.mars_SMOTEB,mars,SMOTEB,50,0.1374276576332022
DS03,mc.mars_SMOTETPhi,mars,SMOTETPhi,1,0.13006881964331224
DS03,mc.mars_SMOTETPhi,mars,SMOTETPhi,2,0.1326107628322894
DS03,mc.mars_SMOTETPhi,mars,SMOTETPhi,3,0.14187357158457464
DS03,mc.mars_SMOTETPhi,mars,SMOTETPhi,4,0.11643050922093028
DS03,mc.mars_SMOTETPhi,mars,SMOTETPhi,5,0.11759601421037644
DS03,mc.mars_SMOTETPhi,mars,SMOTETPhi,6,0.12168969152411606
DS03,mc.mars_SMOTETPhi,mars,SMOTETPhi,7,0.11219590796664099
DS03,mc.mars_SMOTETPhi,mars,SMOTETPhi,8,0.109458263482265
DS03,mc.mars_SMOTETPhi,mars,SMOTETPhi,9,0.13035356499348535
DS03,mc.mars_SMOTETPhi,mars,SMOTETPhi,10,0.10340112100321687
DS03,mc.mars_SMOTETPhi,mars,SMOTETPhi,11,0.1037861267443267
DS03,mc.mars_SMOTETPhi,mars,SMOTETPhi,12,0.09878153924862658
DS03,mc.mars_SMOTETPhi,mars,SMOTETPhi,13,0.10334962829237729
DS03,mc.mars_SMOTETPhi,mars,SMOTETPhi,14,0.1084295053813491
DS03,mc.mars_SMOTETPhi,mars,SMOTETPhi,15,0.10625555985667497
DS03,mc.mars_SMOTETPhi,mars,SMOTETPhi,16,0.10680275555865745
DS03,mc.mars_SMOTETPhi,mars,SMOTETPhi,17,0.12229553161554
DS03,mc.mars_SMOTETPhi,mars,SMOTETPhi,18,0.11814569941675669
DS03,mc.mars_SMOTETPhi,mars,SMOTETPhi,19,0.11744437702346922
DS03,mc.mars_SMOTETPhi,mars,SMOTETPhi,20,0.10897900699151183
DS03,mc.mars_SMOTETPhi,mars,SMOTETPhi,21,0.11720408808874758
DS03,mc.mars_SMOTETPhi,mars,SMOTETPhi,22,0.12712218263475109
DS03,mc.mars_SMOTETPhi,mars,SMOTETPhi,23,0.12041127339443115
DS03,mc.mars_SMOTETPhi,mars,SMOTETPhi,24,0.11918338312541701
DS03,mc.mars_SMOTETPhi,mars,SMOTETPhi,25,0.11425430844641152
DS03,mc.mars_SMOTETPhi,mars,SMOTETPhi,26,0.11300782926600018
DS03,mc.mars_SMOTETPhi,mars,SMOTETPhi,27,0.11974790089699881
DS03,mc.mars_SMOTETPhi,mars,SMOTETPhi,28,0.11621065130987995
DS03,mc.mars_SMOTETPhi,mars,SMOTETPhi,29,0.10442385087518292
DS03,mc.mars_SMOTETPhi,mars,SMOTETPhi,30,0.10543344966092501
DS03,mc.mars_SMOTETPhi,mars,SMOTETPhi,31,0.10926695792888251
DS03,mc.mars_SMOTETPhi,mars,SMOTETPhi,32,0.10029547762719826
DS03,mc.mars_SMOTETPhi,mars,SMOTETPhi,33,0.11913797550170163
DS03,mc.mars_SMOTETPhi,mars,SMOTETPhi,34,0.10236885164539834
DS03,mc.mars_SMOTETPhi,mars,SMOTETPhi,35,0.11393266629447928
DS03,mc.mars_SMOTETPhi,mars,SMOTETPhi,36,0.10541779671501082
DS03,mc.mars_SMOTETPhi,mars,SMOTETPhi,37,0.11426613418918218
DS03,mc.mars_SMOTETPhi,mars,SMOTETPhi,38,0.09857004078508665
DS03,mc.mars_SMOTETPhi,mars,SMOTETPhi,39,0.11775134929752065
DS03,mc.mars_SMOTETPhi,mars,SMOTETPhi,40,0.10574008497836598
DS03,mc.mars_SMOTETPhi,mars,SMOTETPhi,41,0.11334592675842205
DS03,mc.mars_SMOTETPhi,mars,SMOTETPhi,42,0.10718513001527838
DS03,mc.mars_SMOTETPhi,mars,SMOTETPhi,43,0.11428450402341668
DS03,mc.mars_SMOTETPhi,mars,SMOTETPhi,44,0.11470706310228018
DS03,mc.mars_SMOTETPhi,mars,SMOTETPhi,45,0.12235208054050085
DS03,mc.mars_SMOTETPhi,mars,SMOTETPhi,46,0.11055300394681015
DS03,mc.mars_SMOTETPhi,mars,SMOTETPhi,47,0.11778451740901756
DS03,mc.mars_SMOTETPhi,mars,SMOTETPhi,48,0.1143745333812393
DS03,mc.mars_SMOTETPhi,mars,SMOTETPhi,49,0.11184108050631615
DS03,mc.mars_SMOTETPhi,mars,SMOTETPhi,50,0.11771353639138263
DS03,mc.mars_SMOTET,mars,SMOTET,1,0.13524796446029164
DS03,mc.mars_SMOTET,mars,SMOTET,2,0.12239363551180159
DS03,mc.mars_SMOTET,mars,SMOTET,3,0.12583086238301497
DS03,mc.mars_SMOTET,mars,SMOTET,4,0.114772739580384
DS03,mc.mars_SMOTET,mars,SMOTET,5,0.1043638127297991
DS03,mc.mars_SMOTET,mars,SMOTET,6,0.10885884316964733
DS03,mc.mars_SMOTET,mars,SMOTET,7,0.10922845597719993
DS03,mc.mars_SMOTET,mars,SMOTET,8,0.09483642984448497
DS03,mc.mars_SMOTET,mars,SMOTET,9,0.10623804269230248
DS03,mc.mars_SMOTET,mars,SMOTET,10,0.1021882301576869
DS03,mc.mars_SMOTET,mars,SMOTET,11,0.09672147446007244
DS03,mc.mars_SMOTET,mars,SMOTET,12,0.10003899964748095
DS03,mc.mars_SMOTET,mars,SMOTET,13,0.10580530523695882
DS03,mc.mars_SMOTET,mars,SMOTET,14,0.1015635254625509
DS03,mc.mars_SMOTET,mars,SMOTET,15,0.10561233862575789
DS03,mc.mars_SMOTET,mars,SMOTET,16,0.10354254680916031
DS03,mc.mars_SMOTET,mars,SMOTET,17,0.10168400359372497
DS03,mc.mars_SMOTET,mars,SMOTET,18,0.09645392365501308
DS03,mc.mars_SMOTET,mars,SMOTET,19,0.10644796989300517
DS03,mc.mars_SMOTET,mars,SMOTET,20,0.1136743718428201
DS03,mc.mars_SMOTET,mars,SMOTET,21,0.1165324619877431
DS03,mc.mars_SMOTET,mars,SMOTET,22,0.11319259532798155
DS03,mc.mars_SMOTET,mars,SMOTET,23,0.09788560046887831
DS03,mc.mars_SMOTET,mars,SMOTET,24,0.1202973518598201
DS03,mc.mars_SMOTET,mars,SMOTET,25,0.10576692508444162
DS03,mc.mars_SMOTET,mars,SMOTET,26,0.10481952495308543
DS03,mc.mars_SMOTET,mars,SMOTET,27,0.11365711839822218
DS03,mc.mars_SMOTET,mars,SMOTET,28,0.0994978238577905
DS03,mc.mars_SMOTET,mars,SMOTET,29,0.10178309112444031
DS03,mc.mars_SMOTET,mars,SMOTET,30,0.09698512796754459
DS03,mc.mars_SMOTET,mars,SMOTET,31,0.10616621979666385
DS03,mc.mars_SMOTET,mars,SMOTET,32,0.117983754823718
DS03,mc.mars_SMOTET,mars,SMOTET,33,0.12071642381143362
DS03,mc.mars_SMOTET,mars,SMOTET,34,0.10452222935192225
DS03,mc.mars_SMOTET,mars,SMOTET,35,0.11835987073479157
DS03,mc.mars_SMOTET,mars,SMOTET,36,0.09660879285693139
DS03,mc.mars_SMOTET,mars,SMOTET,37,0.10171791258221483
DS03,mc.mars_SMOTET,mars,SMOTET,38,0.10599598779554696
DS03,mc.mars_SMOTET,mars,SMOTET,39,0.1043893871070919
DS03,mc.mars_SMOTET,mars,SMOTET,40,0.10442004409906551
DS03,mc.mars_SMOTET,mars,SMOTET,41,0.11538863236628935
DS03,mc.mars_SMOTET,mars,SMOTET,42,0.10850277309439267
DS03,mc.mars_SMOTET,mars,SMOTET,43,0.11341934868335568
DS03,mc.mars_SMOTET,mars,SMOTET,44,0.11282159413656498
DS03,mc.mars_SMOTET,mars,SMOTET,45,0.10384420204828282
DS03,mc.mars_SMOTET,mars,SMOTET,46,0.11942136840958202
DS03,mc.mars_SMOTET,mars,SMOTET,47,0.13018153892777656
DS03,mc.mars_SMOTET,mars,SMOTET,48,0.1020573094492724
DS03,mc.mars_SMOTET,mars,SMOTET,49,0.11823142574668072
DS03,mc.mars_SMOTET,mars,SMOTET,50,0.11813710005702009
DS03,mc.mars_UNDERB,mars,UNDERB,1,0.11720623019837921
DS03,mc.mars_UNDERB,mars,UNDERB,2,0.12342663658269648
DS03,mc.mars_UNDERB,mars,UNDERB,3,0.12561840366324611
DS03,mc.mars_UNDERB,mars,UNDERB,4,0.1277798224438696
DS03,mc.mars_UNDERB,mars,UNDERB,5,0.11326694343555153
DS03,mc.mars_UNDERB,mars,UNDERB,6,0.10222512150511624
DS03,mc.mars_UNDERB,mars,UNDERB,7,0.10460873232991447
DS03,mc.mars_UNDERB,mars,UNDERB,8,0.19117953361935813
DS03,mc.mars_UNDERB,mars,UNDERB,9,0.09898788117180446
DS03,mc.mars_UNDERB,mars,UNDERB,10,0.09253781044671386
DS03,mc.mars_UNDERB,mars,UNDERB,11,0.1152505500538047
DS03,mc.mars_UNDERB,mars,UNDERB,12,0.09078305022628474
DS03,mc.mars_UNDERB,mars,UNDERB,13,0.08821268071331094
DS03,mc.mars_UNDERB,mars,UNDERB,14,0.09749120763903249
DS03,mc.mars_UNDERB,mars,UNDERB,15,0.10676024768871831
DS03,mc.mars_UNDERB,mars,UNDERB,16,0.10910612033881764
DS03,mc.mars_UNDERB,mars,UNDERB,17,0.0983993077318025
DS03,mc.mars_UNDERB,mars,UNDERB,18,0.08823939174658403
DS03,mc.mars_UNDERB,mars,UNDERB,19,0.1198969190370167
DS03,mc.mars_UNDERB,mars,UNDERB,20,0.09832231847757664
DS03,mc.mars_UNDERB,mars,UNDERB,21,0.09717113591486269
DS03,mc.mars_UNDERB,mars,UNDERB,22,0.09903825090492087
DS03,mc.mars_UNDERB,mars,UNDERB,23,0.08414270726576539
DS03,mc.mars_UNDERB,mars,UNDERB,24,0.09535928905449204
DS03,mc.mars_UNDERB,mars,UNDERB,25,0.09744610538202185
DS03,mc.mars_UNDERB,mars,UNDERB,26,0.11285624229831998
DS03,mc.mars_UNDERB,mars,UNDERB,27,0.08965024148330267
DS03,mc.mars_UNDERB,mars,UNDERB,28,0.09372260672886013
DS03,mc.mars_UNDERB,mars,UNDERB,29,0.09589186547603282
DS03,mc.mars_UNDERB,mars,UNDERB,30,0.0890360421715375
DS03,mc.mars_UNDERB,mars,UNDERB,31,0.08552991005989272
DS03,mc.mars_UNDERB,mars,UNDERB,32,0.08552819886244345
DS03,mc.mars_UNDERB,mars,UNDERB,33,0.09426736734618393
DS03,mc.mars_UNDERB,mars,UNDERB,34,0.09647152831146574
DS03,mc.mars_UNDERB,mars,UNDERB,35,0.10161482477926556
DS03,mc.mars_UNDERB,mars,UNDERB,36,0.0855141285727723
DS03,mc.mars_UNDERB,mars,UNDERB,37,0.09060566161305647
DS03,mc.mars_UNDERB,mars,UNDERB,38,0.09572998238288133
DS03,mc.mars_UNDERB,mars,UNDERB,39,0.08947737310426407
DS03,mc.mars_UNDERB,mars,UNDERB,40,0.09077630979226259
DS03,mc.mars_UNDERB,mars,UNDERB,41,0.09807075226854875
DS03,mc.mars_UNDERB,mars,UNDERB,42,0.09277918469587572
DS03,mc.mars_UNDERB,mars,UNDERB,43,0.10083971199905695
DS03,mc.mars_UNDERB,mars,UNDERB,44,0.09615951863123044
DS03,mc.mars_UNDERB,mars,UNDERB,45,0.10527504696753784
DS03,mc.mars_UNDERB,mars,UNDERB,46,0.09704602072071873
DS03,mc.mars_UNDERB,mars,UNDERB,47,0.10605244464554321
DS03,mc.mars_UNDERB,mars,UNDERB,48,0.09571119097290191
DS03,mc.mars_UNDERB,mars,UNDERB,49,0.10224251584130328
DS03,mc.mars_UNDERB,mars,UNDERB,50,0.1172589758332939
DS03,mc.mars_UNDERTPhi,mars,UNDERTPhi,1,0.112518825469262
DS03,mc.mars_UNDERTPhi,mars,UNDERTPhi,2,0.12816804075943478
DS03,mc.mars_UNDERTPhi,mars,UNDERTPhi,3,0.12574980526449342
DS03,mc.mars_UNDERTPhi,mars,UNDERTPhi,4,0.11502032415779107
DS03,mc.mars_UNDERTPhi,mars,UNDERTPhi,5,0.11590231888288326
DS03,mc.mars_UNDERTPhi,mars,UNDERTPhi,6,0.11806185164817583
DS03,mc.mars_UNDERTPhi,mars,UNDERTPhi,7,0.10343518378504536
DS03,mc.mars_UNDERTPhi,mars,UNDERTPhi,8,0.10750576606937282
DS03,mc.mars_UNDERTPhi,mars,UNDERTPhi,9,0.10247141897123017
DS03,mc.mars_UNDERTPhi,mars,UNDERTPhi,10,0.09138925111379434
DS03,mc.mars_UNDERTPhi,mars,UNDERTPhi,11,0.09821144020028445
DS03,mc.mars_UNDERTPhi,mars,UNDERTPhi,12,0.10952296752394912
DS03,mc.mars_UNDERTPhi,mars,UNDERTPhi,13,0.12705476547774167
DS03,mc.mars_UNDERTPhi,mars,UNDERTPhi,14,0.11155473125912214
DS03,mc.mars_UNDERTPhi,mars,UNDERTPhi,15,0.09547175844099091
DS03,mc.mars_UNDERTPhi,mars,UNDERTPhi,16,0.13204237159907076
DS03,mc.mars_UNDERTPhi,mars,UNDERTPhi,17,0.1024725641710815
DS03,mc.mars_UNDERTPhi,mars,UNDERTPhi,18,0.12406050575623137
DS03,mc.mars_UNDERTPhi,mars,UNDERTPhi,19,0.10763511276977045
DS03,mc.mars_UNDERTPhi,mars,UNDERTPhi,20,0.1098468167061959
DS03,mc.mars_UNDERTPhi,mars,UNDERTPhi,21,0.09714118814287469
DS03,mc.mars_UNDERTPhi,mars,UNDERTPhi,22,0.09878175418782842
DS03,mc.mars_UNDERTPhi,mars,UNDERTPhi,23,0.09990000739758174
DS03,mc.mars_UNDERTPhi,mars,UNDERTPhi,24,0.14234226650972837
DS03,mc.mars_UNDERTPhi,mars,UNDERTPhi,25,0.1111428733458867
DS03,mc.mars_UNDERTPhi,mars,UNDERTPhi,26,0.10091338923725547
DS03,mc.mars_UNDERTPhi,mars,UNDERTPhi,27,0.08849564593747891
DS03,mc.mars_UNDERTPhi,mars,UNDERTPhi,28,0.09199108265901149
DS03,mc.mars_UNDERTPhi,mars,UNDERTPhi,29,0.14326472762423773
DS03,mc.mars_UNDERTPhi,mars,UNDERTPhi,30,0.09037578365037585
DS03,mc.mars_UNDERTPhi,mars,UNDERTPhi,31,0.08811002469372836
DS03,mc.mars_UNDERTPhi,mars,UNDERTPhi,32,0.08680059042246317
DS03,mc.mars_UNDERTPhi,mars,UNDERTPhi,33,0.08933430695960243
DS03,mc.mars_UNDERTPhi,mars,UNDERTPhi,34,0.094035446716996
DS03,mc.mars_UNDERTPhi,mars,UNDERTPhi,35,0.10803278088339179
DS03,mc.mars_UNDERTPhi,mars,UNDERTPhi,36,0.1182068649191532
DS03,mc.mars_UNDERTPhi,mars,UNDERTPhi,37,0.1070325128742856
DS03,mc.mars_UNDERTPhi,mars,UNDERTPhi,38,0.09009683422344605
DS03,mc.mars_UNDERTPhi,mars,UNDERTPhi,39,0.09503088087268884
DS03,mc.mars_UNDERTPhi,mars,UNDERTPhi,40,0.09378486984268514
DS03,mc.mars_UNDERTPhi,mars,UNDERTPhi,41,0.10338925133467994
DS03,mc.mars_UNDERTPhi,mars,UNDERTPhi,42,0.10063672665279334
DS03,mc.mars_UNDERTPhi,mars,UNDERTPhi,43,0.09962238206665669
DS03,mc.mars_UNDERTPhi,mars,UNDERTPhi,44,0.10194821576903292
DS03,mc.mars_UNDERTPhi,mars,UNDERTPhi,45,0.12563201306361346
DS03,mc.mars_UNDERTPhi,mars,UNDERTPhi,46,0.14293719467051305
DS03,mc.mars_UNDERTPhi,mars,UNDERTPhi,47,0.11426556916741397
DS03,mc.mars_UNDERTPhi,mars,UNDERTPhi,48,0.10692021957559861
DS03,mc.mars_UNDERTPhi,mars,UNDERTPhi,49,0.11161552619993692
DS03,mc.mars_UNDERTPhi,mars,UNDERTPhi,50,0.10651564930168603
DS03,mc.mars_UNDERT,mars,UNDERT,1,0.10871534358764758
DS03,mc.mars_UNDERT,mars,UNDERT,2,0.10947824748645052
DS03,mc.mars_UNDERT,mars,UNDERT,3,0.12152575780607333
DS03,mc.mars_UNDERT,mars,UNDERT,4,0.10616284063497318
DS03,mc.mars_UNDERT,mars,UNDERT,5,0.10749206244521194
DS03,mc.mars_UNDERT,mars,UNDERT,6,0.13191035091337125
DS03,mc.mars_UNDERT,mars,UNDERT,7,0.12547582357042458
DS03,mc.mars_UNDERT,mars,UNDERT,8,0.1436471493655105
DS03,mc.mars_UNDERT,mars,UNDERT,9,0.10870423550611558
DS03,mc.mars_UNDERT,mars,UNDERT,10,0.0988804431068645
DS03,mc.mars_UNDERT,mars,UNDERT,11,0.09728327289931468
DS03,mc.mars_UNDERT,mars,UNDERT,12,0.09693525450776273
DS03,mc.mars_UNDERT,mars,UNDERT,13,0.10428154836070798
DS03,mc.mars_UNDERT,mars,UNDERT,14,0.10648112330588487
DS03,mc.mars_UNDERT,mars,UNDERT,15,0.10515887438480027
DS03,mc.mars_UNDERT,mars,UNDERT,16,0.09455885814471045
DS03,mc.mars_UNDERT,mars,UNDERT,17,0.13553030943199193
DS03,mc.mars_UNDERT,mars,UNDERT,18,0.10023030720333788
DS03,mc.mars_UNDERT,mars,UNDERT,19,0.09465236490100691
DS03,mc.mars_UNDERT,mars,UNDERT,20,0.08708429952768573
DS03,mc.mars_UNDERT,mars,UNDERT,21,0.09436922968808978
DS03,mc.mars_UNDERT,mars,UNDERT,22,0.08664472961580683
DS03,mc.mars_UNDERT,mars,UNDERT,23,0.09167984784414636
DS03,mc.mars_UNDERT,mars,UNDERT,24,0.0928952764904728
DS03,mc.mars_UNDERT,mars,UNDERT,25,0.09324810087538085
DS03,mc.mars_UNDERT,mars,UNDERT,26,0.08953193259511541
DS03,mc.mars_UNDERT,mars,UNDERT,27,0.09444759202694512
DS03,mc.mars_UNDERT,mars,UNDERT,28,0.09854571130471043
DS03,mc.mars_UNDERT,mars,UNDERT,29,0.08447345701303087
DS03,mc.mars_UNDERT,mars,UNDERT,30,0.08753532027934642
DS03,mc.mars_UNDERT,mars,UNDERT,31,0.08134163272593989
DS03,mc.mars_UNDERT,mars,UNDERT,32,0.0747403637688182
DS03,mc.mars_UNDERT,mars,UNDERT,33,0.09179686471583004
DS03,mc.mars_UNDERT,mars,UNDERT,34,0.09406826026143875
DS03,mc.mars_UNDERT,mars,UNDERT,35,0.09488010059650895
DS03,mc.mars_UNDERT,mars,UNDERT,36,0.09441706106932063
DS03,mc.mars_UNDERT,mars,UNDERT,37,0.09423717217522835
DS03,mc.mars_UNDERT,mars,UNDERT,38,0.09180790912262701
DS03,mc.mars_UNDERT,mars,UNDERT,39,0.09266366379280341
DS03,mc.mars_UNDERT,mars,UNDERT,40,0.09512455876459729
DS03,mc.mars_UNDERT,mars,UNDERT,41,0.09369686170069802
DS03,mc.mars_UNDERT,mars,UNDERT,42,0.08770801794504479
DS03,mc.mars_UNDERT,mars,UNDERT,43,0.09764324115629847
DS03,mc.mars_UNDERT,mars,UNDERT,44,0.10171411305152134
DS03,mc.mars_UNDERT,mars,UNDERT,45,0.09640216588560077
DS03,mc.mars_UNDERT,mars,UNDERT,46,0.11936494315490807
DS03,mc.mars_UNDERT,mars,UNDERT,47,0.10328238900998943
DS03,mc.mars_UNDERT,mars,UNDERT,48,0.09818425287755116
DS03,mc.mars_UNDERT,mars,UNDERT,49,0.10186072318592239
DS03,mc.mars_UNDERT,mars,UNDERT,50,0.1155221826354757
DS03,mc.mars,mars,baseline,1,0.0802682510544288
DS03,mc.mars,mars,baseline,2,0.08171944432752073
DS03,mc.mars,mars,baseline,3,0.08066201841898264
DS03,mc.mars,mars,baseline,4,0.08168746789262211
DS03,mc.mars,mars,baseline,5,0.07253417894900575
DS03,mc.mars,mars,baseline,6,0.07260634763314976
DS03,mc.mars,mars,baseline,7,0.07246477204760655
DS03,mc.mars,mars,baseline,8,0.07162595710224318
DS03,mc.mars,mars,baseline,9,0.07375143044442471
DS03,mc.mars,mars,baseline,10,0.07032394402844129
DS03,mc.mars,mars,baseline,11,0.07013601558133563
DS03,mc.mars,mars,baseline,12,0.07005995167833491
DS03,mc.mars,mars,baseline,13,0.07040946356800931
DS03,mc.mars,mars,baseline,14,0.07068298341385787
DS03,mc.mars,mars,baseline,15,0.07117584149965728
DS03,mc.mars,mars,baseline,16,0.06965445809331301
DS03,mc.mars,mars,baseline,17,0.06883613961971854
DS03,mc.mars,mars,baseline,18,0.07176112563182548
DS03,mc.mars,mars,baseline,19,0.07239297169353433
DS03,mc.mars,mars,baseline,20,0.07494230708508694
DS03,mc.mars,mars,baseline,21,0.07380770626521306
DS03,mc.mars,mars,baseline,22,0.06918956666166674
DS03,mc.mars,mars,baseline,23,0.07082684092434693
DS03,mc.mars,mars,baseline,24,0.0698274406920595
DS03,mc.mars,mars,baseline,25,0.0692981590888865
DS03,mc.mars,mars,baseline,26,0.06829225053168303
DS03,mc.mars,mars,baseline,27,0.06837986021978226
DS03,mc.mars,mars,baseline,28,0.06936095792809979
DS03,mc.mars,mars,baseline,29,0.06784430968777158
DS03,mc.mars,mars,baseline,30,0.0644271301617376
DS03,mc.mars,mars,baseline,31,0.06429141180685731
DS03,mc.mars,mars,baseline,32,0.06463604387790424
DS03,mc.mars,mars,baseline,33,0.06739663661287189
DS03,mc.mars,mars,baseline,34,0.06762345456079955
DS03,mc.mars,mars,baseline,35,0.06719070279469828
DS03,mc.mars,mars,baseline,36,0.06824450901045735
DS03,mc.mars,mars,baseline,37,0.06767967475843958
DS03,mc.mars,mars,baseline,38,0.06760646120386489
DS03,mc.mars,mars,baseline,39,0.06862111138187484
DS03,mc.mars,mars,baseline,40,0.06749754694992377
DS03,mc.mars,mars,baseline,41,0.06785113484721622
DS03,mc.mars,mars,baseline,42,0.06717847270942884
DS03,mc.mars,mars,baseline,43,0.06704056925851369
DS03,mc.mars,mars,baseline,44,0.07203419051653434
DS03,mc.mars,mars,baseline,45,0.07209868691902593
DS03,mc.mars,mars,baseline,46,0.07142739243966581
DS03,mc.mars,mars,baseline,47,0.0733676954751398
DS03,mc.mars,mars,baseline,48,0.07339253667299325
DS03,mc.mars,mars,baseline,49,0.07725416563553036
DS03,mc.mars,mars,baseline,50,0.07683288938890373
DS03,mc.rf_OVERB,rf,OVERB,1,0.08397704012714517
DS03,mc.rf_OVERB,rf,OVERB,2,0.08157382605555692
DS03,mc.rf_OVERB,rf,OVERB,3,0.08239886361152818
DS03,mc.rf_OVERB,rf,OVERB,4,0.07738671773117367
DS03,mc.rf_OVERB,rf,OVERB,5,0.07692387591456373
DS03,mc.rf_OVERB,rf,OVERB,6,0.0777331838251193
DS03,mc.rf_OVERB,rf,OVERB,7,0.07446888408536252
DS03,mc.rf_OVERB,rf,OVERB,8,0.07372974409369938
DS03,mc.rf_OVERB,rf,OVERB,9,0.0736580032273308
DS03,mc.rf_OVERB,rf,OVERB,10,0.07344789893318186
DS03,mc.rf_OVERB,rf,OVERB,11,0.07316932026059846
DS03,mc.rf_OVERB,rf,OVERB,12,0.07352463257733156
DS03,mc.rf_OVERB,rf,OVERB,13,0.07569694634270026
DS03,mc.rf_OVERB,rf,OVERB,14,0.0739772044476176
DS03,mc.rf_OVERB,rf,OVERB,15,0.07282887052276622
DS03,mc.rf_OVERB,rf,OVERB,16,0.06813703662191484
DS03,mc.rf_OVERB,rf,OVERB,17,0.0672454243915083
DS03,mc.rf_OVERB,rf,OVERB,18,0.07065950965080864
DS03,mc.rf_OVERB,rf,OVERB,19,0.07101974674917656
DS03,mc.rf_OVERB,rf,OVERB,20,0.07182768590007751
DS03,mc.rf_OVERB,rf,OVERB,21,0.07191011911825539
DS03,mc.rf_OVERB,rf,OVERB,22,0.07178525429457862
DS03,mc.rf_OVERB,rf,OVERB,23,0.07223327472951542
DS03,mc.rf_OVERB,rf,OVERB,24,0.07267418250686172
DS03,mc.rf_OVERB,rf,OVERB,25,0.07150436956851439
DS03,mc.rf_OVERB,rf,OVERB,26,0.07232217484184834
DS03,mc.rf_OVERB,rf,OVERB,27,0.07278056726365187
DS03,mc.rf_OVERB,rf,OVERB,28,0.07200116634701703
DS03,mc.rf_OVERB,rf,OVERB,29,0.07435286794291782
DS03,mc.rf_OVERB,rf,OVERB,30,0.07077313030417168
DS03,mc.rf_OVERB,rf,OVERB,31,0.07085948780772564
DS03,mc.rf_OVERB,rf,OVERB,32,0.07020349031259704
DS03,mc.rf_OVERB,rf,OVERB,33,0.0725843698750471
DS03,mc.rf_OVERB,rf,OVERB,34,0.07260460675701334
DS03,mc.rf_OVERB,rf,OVERB,35,0.07279883290669967
DS03,mc.rf_OVERB,rf,OVERB,36,0.07458161774636766
DS03,mc.rf_OVERB,rf,OVERB,37,0.074478741019144
DS03,mc.rf_OVERB,rf,OVERB,38,0.07341125817089807
DS03,mc.rf_OVERB,rf,OVERB,39,0.07343104857382161
DS03,mc.rf_OVERB,rf,OVERB,40,0.07390925909861158
DS03,mc.rf_OVERB,rf,OVERB,41,0.07441760033806126
DS03,mc.rf_OVERB,rf,OVERB,42,0.07427717529587531
DS03,mc.rf_OVERB,rf,OVERB,43,0.07655254696820883
DS03,mc.rf_OVERB,rf,OVERB,44,0.07898231911709756
DS03,mc.rf_OVERB,rf,OVERB,45,0.07987816415639896
DS03,mc.rf_OVERB,rf,OVERB,46,0.07600140924810486
DS03,mc.rf_OVERB,rf,OVERB,47,0.07650970610849606
DS03,mc.rf_OVERB,rf,OVERB,48,0.07707020034620513
DS03,mc.rf_OVERB,rf,OVERB,49,0.08409011849364317
DS03,mc.rf_OVERB,rf,OVERB,50,0.08463554934281077
DS03,mc.rf_OVERTPhi,rf,OVERTPhi,1,0.0813624378873133
DS03,mc.rf_OVERTPhi,rf,OVERTPhi,2,0.08150788299097159
DS03,mc.rf_OVERTPhi,rf,OVERTPhi,3,0.08315223846214244
DS03,mc.rf_OVERTPhi,rf,OVERTPhi,4,0.07917958925525746
DS03,mc.rf_OVERTPhi,rf,OVERTPhi,5,0.0775157415264591
DS03,mc.rf_OVERTPhi,rf,OVERTPhi,6,0.07909966579548988
DS03,mc.rf_OVERTPhi,rf,OVERTPhi,7,0.075582107077137
DS03,mc.rf_OVERTPhi,rf,OVERTPhi,8,0.07373366416511937
DS03,mc.rf_OVERTPhi,rf,OVERTPhi,9,0.07620352152373665
DS03,mc.rf_OVERTPhi,rf,OVERTPhi,10,0.07780393409349327
DS03,mc.rf_OVERTPhi,rf,OVERTPhi,11,0.07502369910205833
DS03,mc.rf_OVERTPhi,rf,OVERTPhi,12,0.07539662418834281
DS03,mc.rf_OVERTPhi,rf,OVERTPhi,13,0.07584522044142049
DS03,mc.rf_OVERTPhi,rf,OVERTPhi,14,0.07515264821872389
DS03,mc.rf_OVERTPhi,rf,OVERTPhi,15,0.07371295528583341
DS03,mc.rf_OVERTPhi,rf,OVERTPhi,16,0.07045226064485745
DS03,mc.rf_OVERTPhi,rf,OVERTPhi,17,0.07022306985789327
DS03,mc.rf_OVERTPhi,rf,OVERTPhi,18,0.07218185533419477
DS03,mc.rf_OVERTPhi,rf,OVERTPhi,19,0.0727227717957705
DS03,mc.rf_OVERTPhi,rf,OVERTPhi,20,0.07276447861278715
DS03,mc.rf_OVERTPhi,rf,OVERTPhi,21,0.07426263633625838
DS03,mc.rf_OVERTPhi,rf,OVERTPhi,22,0.07289219120928736
DS03,mc.rf_OVERTPhi,rf,OVERTPhi,23,0.07137679807962176
DS03,mc.rf_OVERTPhi,rf,OVERTPhi,24,0.07281816476747822
DS03,mc.rf_OVERTPhi,rf,OVERTPhi,25,0.07065048609069027
DS03,mc.rf_OVERTPhi,rf,OVERTPhi,26,0.07075777190058098
DS03,mc.rf_OVERTPhi,rf,OVERTPhi,27,0.07294017570377226
DS03,mc.rf_OVERTPhi,rf,OVERTPhi,28,0.07193030549791378
DS03,mc.rf_OVERTPhi,rf,OVERTPhi,29,0.07182232794984947
DS03,mc.rf_OVERTPhi,rf,OVERTPhi,30,0.06855477573730857
DS03,mc.rf_OVERTPhi,rf,OVERTPhi,31,0.06985550813492374
DS03,mc.rf_OVERTPhi,rf,OVERTPhi,32,0.07039119014211796
DS03,mc.rf_OVERTPhi,rf,OVERTPhi,33,0.06985117365301274
DS03,mc.rf_OVERTPhi,rf,OVERTPhi,34,0.07022735816510298
DS03,mc.rf_OVERTPhi,rf,OVERTPhi,35,0.06955003450744211
DS03,mc.rf_OVERTPhi,rf,OVERTPhi,36,0.07113053527175722
DS03,mc.rf_OVERTPhi,rf,OVERTPhi,37,0.07404777132799188
DS03,mc.rf_OVERTPhi,rf,OVERTPhi,38,0.07223621409007275
DS03,mc.rf_OVERTPhi,rf,OVERTPhi,39,0.0737025434206886
DS03,mc.rf_OVERTPhi,rf,OVERTPhi,40,0.07253251672935628
DS03,mc.rf_OVERTPhi,rf,OVERTPhi,41,0.07463416637093566
DS03,mc.rf_OVERTPhi,rf,OVERTPhi,42,0.07426544497374865
DS03,mc.rf_OVERTPhi,rf,OVERTPhi,43,0.0752562855729061
DS03,mc.rf_OVERTPhi,rf,OVERTPhi,44,0.08065252909447627
DS03,mc.rf_OVERTPhi,rf,OVERTPhi,45,0.0803893749322252
DS03,mc.rf_OVERTPhi,rf,OVERTPhi,46,0.07687776983933804
DS03,mc.rf_OVERTPhi,rf,OVERTPhi,47,0.07757565021848
DS03,mc.rf_OVERTPhi,rf,OVERTPhi,48,0.0772312079645402
DS03,mc.rf_OVERTPhi,rf,OVERTPhi,49,0.08290399955961446
DS03,mc.rf_OVERTPhi,rf,OVERTPhi,50,0.08251608318414311
DS03,mc.rf_OVERT,rf,OVERT,1,0.08193082411818361
DS03,mc.rf_OVERT,rf,OVERT,2,0.08217796487092517
DS03,mc.rf_OVERT,rf,OVERT,3,0.08281872959972594
DS03,mc.rf_OVERT,rf,OVERT,4,0.07961074698138433
DS03,mc.rf_OVERT,rf,OVERT,5,0.07780443423783834
DS03,mc.rf_OVERT,rf,OVERT,6,0.07900541921144946
DS03,mc.rf_OVERT,rf,OVERT,7,0.07567031024174106
DS03,mc.rf_OVERT,rf,OVERT,8,0.0742011993048846
DS03,mc.rf_OVERT,rf,OVERT,9,0.07538745805141783
DS03,mc.rf_OVERT,rf,OVERT,10,0.07740534994432884
DS03,mc.rf_OVERT,rf,OVERT,11,0.07557172100578205
DS03,mc.rf_OVERT,rf,OVERT,12,0.07495563118913673
DS03,mc.rf_OVERT,rf,OVERT,13,0.07572653458821127
DS03,mc.rf_OVERT,rf,OVERT,14,0.07407742173879743
DS03,mc.rf_OVERT,rf,OVERT,15,0.07358156698838418
DS03,mc.rf_OVERT,rf,OVERT,16,0.07086869628226261
DS03,mc.rf_OVERT,rf,OVERT,17,0.07071514579098372
DS03,mc.rf_OVERT,rf,OVERT,18,0.07175840479797149
DS03,mc.rf_OVERT,rf,OVERT,19,0.07373688615703107
DS03,mc.rf_OVERT,rf,OVERT,20,0.07348790655311714
DS03,mc.rf_OVERT,rf,OVERT,21,0.07307210957849672
DS03,mc.rf_OVERT,rf,OVERT,22,0.07247573634748694
DS03,mc.rf_OVERT,rf,OVERT,23,0.07204006182980656
DS03,mc.rf_OVERT,rf,OVERT,24,0.07234009695523479
DS03,mc.rf_OVERT,rf,OVERT,25,0.07115559800012433
DS03,mc.rf_OVERT,rf,OVERT,26,0.06997604391149509
DS03,mc.rf_OVERT,rf,OVERT,27,0.07229148321911653
DS03,mc.rf_OVERT,rf,OVERT,28,0.07177178882672784
DS03,mc.rf_OVERT,rf,OVERT,29,0.07115569581921717
DS03,mc.rf_OVERT,rf,OVERT,30,0.06811833234760332
DS03,mc.rf_OVERT,rf,OVERT,31,0.0708241103529694
DS03,mc.rf_OVERT,rf,OVERT,32,0.06970572565708119
DS03,mc.rf_OVERT,rf,OVERT,33,0.0702654709077066
DS03,mc.rf_OVERT,rf,OVERT,34,0.07005105779049384
DS03,mc.rf_OVERT,rf,OVERT,35,0.06951706224049445
DS03,mc.rf_OVERT,rf,OVERT,36,0.07142697761462591
DS03,mc.rf_OVERT,rf,OVERT,37,0.07363359906916221
DS03,mc.rf_OVERT,rf,OVERT,38,0.07275611939012232
DS03,mc.rf_OVERT,rf,OVERT,39,0.07346263788945093
DS03,mc.rf_OVERT,rf,OVERT,40,0.0735091009629971
DS03,mc.rf_OVERT,rf,OVERT,41,0.0744521523121054
DS03,mc.rf_OVERT,rf,OVERT,42,0.07423285244053114
DS03,mc.rf_OVERT,rf,OVERT,43,0.07472365163615088
DS03,mc.rf_OVERT,rf,OVERT,44,0.08032213515708374
DS03,mc.rf_OVERT,rf,OVERT,45,0.08024787999138243
DS03,mc.rf_OVERT,rf,OVERT,46,0.07651463836626904
DS03,mc.rf_OVERT,rf,OVERT,47,0.07677183756810509
DS03,mc.rf_OVERT,rf,OVERT,48,0.07742621830108283
DS03,mc.rf_OVERT,rf,OVERT,49,0.08340433898292092
DS03,mc.rf_OVERT,rf,OVERT,50,0.08475909585391524
DS03,mc.rf_SMOTEB,rf,SMOTEB,1,0.09090399245524584
DS03,mc.rf_SMOTEB,rf,SMOTEB,2,0.09192763723238426
DS03,mc.rf_SMOTEB,rf,SMOTEB,3,0.09684853823244798
DS03,mc.rf_SMOTEB,rf,SMOTEB,4,0.09548430532038639
DS03,mc.rf_SMOTEB,rf,SMOTEB,5,0.08671709527171993
DS03,mc.rf_SMOTEB,rf,SMOTEB,6,0.08936162103565078
DS03,mc.rf_SMOTEB,rf,SMOTEB,7,0.09040427762463955
DS03,mc.rf_SMOTEB,rf,SMOTEB,8,0.09151952497189991
DS03,mc.rf_SMOTEB,rf,SMOTEB,9,0.09441480620132622
DS03,mc.rf_SMOTEB,rf,SMOTEB,10,0.08831429262904306
DS03,mc.rf_SMOTEB,rf,SMOTEB,11,0.08724456998315677
DS03,mc.rf_SMOTEB,rf,SMOTEB,12,0.0889253223304702
DS03,mc.rf_SMOTEB,rf,SMOTEB,13,0.08590548632649395
DS03,mc.rf_SMOTEB,rf,SMOTEB,14,0.09656057001017722
DS03,mc.rf_SMOTEB,rf,SMOTEB,15,0.08861719819459611
DS03,mc.rf_SMOTEB,rf,SMOTEB,16,0.08566496445179132
DS03,mc.rf_SMOTEB,rf,SMOTEB,17,0.08246083955908667
DS03,mc.rf_SMOTEB,rf,SMOTEB,18,0.08873386124682918
DS03,mc.rf_SMOTEB,rf,SMOTEB,19,0.08329625167232937
DS03,mc.rf_SMOTEB,rf,SMOTEB,20,0.08703587550902021
DS03,mc.rf_SMOTEB,rf,SMOTEB,21,0.09285770033804999
DS03,mc.rf_SMOTEB,rf,SMOTEB,22,0.0897287214536965
DS03,mc.rf_SMOTEB,rf,SMOTEB,23,0.0905303885662537
DS03,mc.rf_SMOTEB,rf,SMOTEB,24,0.08982056909893298
DS03,mc.rf_SMOTEB,rf,SMOTEB,25,0.08997343354414812
DS03,mc.rf_SMOTEB,rf,SMOTEB,26,0.09419609153350422
DS03,mc.rf_SMOTEB,rf,SMOTEB,27,0.09050499443423282
DS03,mc.rf_SMOTEB,rf,SMOTEB,28,0.09632791931484128
DS03,mc.rf_SMOTEB,rf,SMOTEB,29,0.09488064037389943
DS03,mc.rf_SMOTEB,rf,SMOTEB,30,0.0955696634737556
DS03,mc.rf_SMOTEB,rf,SMOTEB,31,0.09536588361477326
DS03,mc.rf_SMOTEB,rf,SMOTEB,32,0.09205843006366908
DS03,mc.rf_SMOTEB,rf,SMOTEB,33,0.09722373791397405
DS03,mc.rf_SMOTEB,rf,SMOTEB,34,0.08894645550711437
DS03,mc.rf_SMOTEB,rf,SMOTEB,35,0.09650415051729044
DS03,mc.rf_SMOTEB,rf,SMOTEB,36,0.0972359182306807
DS03,mc.rf_SMOTEB,rf,SMOTEB,37,0.10302784339856001
DS03,mc.rf_SMOTEB,rf,SMOTEB,38,0.09998168860591479
DS03,mc.rf_SMOTEB,rf,SMOTEB,39,0.09219733453625915
DS03,mc.rf_SMOTEB,rf,SMOTEB,40,0.09691552601148584
DS03,mc.rf_SMOTEB,rf,SMOTEB,41,0.09293675540750819
DS03,mc.rf_SMOTEB,rf,SMOTEB,42,0.09766055198324185
DS03,mc.rf_SMOTEB,rf,SMOTEB,43,0.09496827225263144
DS03,mc.rf_SMOTEB,rf,SMOTEB,44,0.10109287040351074
DS03,mc.rf_SMOTEB,rf,SMOTEB,45,0.10468354361749
DS03,mc.rf_SMOTEB,rf,SMOTEB,46,0.09542358543630991
DS03,mc.rf_SMOTEB,rf,SMOTEB,47,0.0934327849273763
DS03,mc.rf_SMOTEB,rf,SMOTEB,48,0.09300576652764068
DS03,mc.rf_SMOTEB,rf,SMOTEB,49,0.09875256573766147
DS03,mc.rf_SMOTEB,rf,SMOTEB,50,0.10140805054802818
DS03,mc.rf_SMOTETPhi,rf,SMOTETPhi,1,0.09730748657584189
DS03,mc.rf_SMOTETPhi,rf,SMOTETPhi,2,0.0994000457195892
DS03,mc.rf_SMOTETPhi,rf,SMOTETPhi,3,0.09844445549293011
DS03,mc.rf_SMOTETPhi,rf,SMOTETPhi,4,0.10116032570142489
DS03,mc.rf_SMOTETPhi,rf,SMOTETPhi,5,0.10106148681058065
DS03,mc.rf_SMOTETPhi,rf,SMOTETPhi,6,0.10289919628460711
DS03,mc.rf_SMOTETPhi,rf,SMOTETPhi,7,0.09915700505825074
DS03,mc.rf_SMOTETPhi,rf,SMOTETPhi,8,0.092234967526705
DS03,mc.rf_SMOTETPhi,rf,SMOTETPhi,9,0.11409898696732744
DS03,mc.rf_SMOTETPhi,rf,SMOTETPhi,10,0.10105636752879435
DS03,mc.rf_SMOTETPhi,rf,SMOTETPhi,11,0.10070547486529528
DS03,mc.rf_SMOTETPhi,rf,SMOTETPhi,12,0.10325497225813607
DS03,mc.rf_SMOTETPhi,rf,SMOTETPhi,13,0.10294578154421571
DS03,mc.rf_SMOTETPhi,rf,SMOTETPhi,14,0.10144668592589859
DS03,mc.rf_SMOTETPhi,rf,SMOTETPhi,15,0.09678997986211414
DS03,mc.rf_SMOTETPhi,rf,SMOTETPhi,16,0.10200550771873095
DS03,mc.rf_SMOTETPhi,rf,SMOTETPhi,17,0.10759524674127252
DS03,mc.rf_SMOTETPhi,rf,SMOTETPhi,18,0.0932449030993603
DS03,mc.rf_SMOTETPhi,rf,SMOTETPhi,19,0.10416142665899182
DS03,mc.rf_SMOTETPhi,rf,SMOTETPhi,20,0.11248710503626107
DS03,mc.rf_SMOTETPhi,rf,SMOTETPhi,21,0.11401951168704708
DS03,mc.rf_SMOTETPhi,rf,SMOTETPhi,22,0.10665049260764245
DS03,mc.rf_SMOTETPhi,rf,SMOTETPhi,23,0.11231658453859038
DS03,mc.rf_SMOTETPhi,rf,SMOTETPhi,24,0.11924936859234608
DS03,mc.rf_SMOTETPhi,rf,SMOTETPhi,25,0.10197797969720285
DS03,mc.rf_SMOTETPhi,rf,SMOTETPhi,26,0.10975131743109837
DS03,mc.rf_SMOTETPhi,rf,SMOTETPhi,27,0.11086406469063764
DS03,mc.rf_SMOTETPhi,rf,SMOTETPhi,28,0.11204959301590839
DS03,mc.rf_SMOTETPhi,rf,SMOTETPhi,29,0.10717687868072218
DS03,mc.rf_SMOTETPhi,rf,SMOTETPhi,30,0.11391165426551188
DS03,mc.rf_SMOTETPhi,rf,SMOTETPhi,31,0.1121416574757276
DS03,mc.rf_SMOTETPhi,rf,SMOTETPhi,32,0.10595233066843485
DS03,mc.rf_SMOTETPhi,rf,SMOTETPhi,33,0.11308154368160411
DS03,mc.rf_SMOTETPhi,rf,SMOTETPhi,34,0.11444803621299941
DS03,mc.rf_SMOTETPhi,rf,SMOTETPhi,35,0.10683252337729611
DS03,mc.rf_SMOTETPhi,rf,SMOTETPhi,36,0.09724142946959397
DS03,mc.rf_SMOTETPhi,rf,SMOTETPhi,37,0.10701378942017513
DS03,mc.rf_SMOTETPhi,rf,SMOTETPhi,38,0.10688091927475106
DS03,mc.rf_SMOTETPhi,rf,SMOTETPhi,39,0.1193876937114035
DS03,mc.rf_SMOTETPhi,rf,SMOTETPhi,40,0.10025646985430219
DS03,mc.rf_SMOTETPhi,rf,SMOTETPhi,41,0.0947724577800167
DS03,mc.rf_SMOTETPhi,rf,SMOTETPhi,42,0.10326596883250394
DS03,mc.rf_SMOTETPhi,rf,SMOTETPhi,43,0.10154681878160923
DS03,mc.rf_SMOTETPhi,rf,SMOTETPhi,44,0.10555703186373866
DS03,mc.rf_SMOTETPhi,rf,SMOTETPhi,45,0.10475335599688676
DS03,mc.rf_SMOTETPhi,rf,SMOTETPhi,46,0.09983549742974472
DS03,mc.rf_SMOTETPhi,rf,SMOTETPhi,47,0.10398048827446539
DS03,mc.rf_SMOTETPhi,rf,SMOTETPhi,48,0.09717948010138562
DS03,mc.rf_SMOTETPhi,rf,SMOTETPhi,49,0.10729562622414965
DS03,mc.rf_SMOTETPhi,rf,SMOTETPhi,50,0.10548269592957901
DS03,mc.rf_SMOTET,rf,SMOTET,1,0.09419731371651544
DS03,mc.rf_SMOTET,rf,SMOTET,2,0.0922267215825376
DS03,mc.rf_SMOTET,rf,SMOTET,3,0.09558150766114192
DS03,mc.rf_SMOTET,rf,SMOTET,4,0.10249520722945127
DS03,mc.rf_SMOTET,rf,SMOTET,5,0.09414749354829412
DS03,mc.rf_SMOTET,rf,SMOTET,6,0.09462970183347717
DS03,mc.rf_SMOTET,rf,SMOTET,7,0.09560725692071265
DS03,mc.rf_SMOTET,rf,SMOTET,8,0.09420416511242966
DS03,mc.rf_SMOTET,rf,SMOTET,9,0.09405641461693195
DS03,mc.rf_SMOTET,rf,SMOTET,10,0.09505960850072381
DS03,mc.rf_SMOTET,rf,SMOTET,11,0.09180797798882985
DS03,mc.rf_SMOTET,rf,SMOTET,12,0.09060219981563815
DS03,mc.rf_SMOTET,rf,SMOTET,13,0.09431182550969494
DS03,mc.rf_SMOTET,rf,SMOTET,14,0.09634954376635421
DS03,mc.rf_SMOTET,rf,SMOTET,15,0.08839622377970097
DS03,mc.rf_SMOTET,rf,SMOTET,16,0.0938584561191212
DS03,mc.rf_SMOTET,rf,SMOTET,17,0.09539938547890509
DS03,mc.rf_SMOTET,rf,SMOTET,18,0.08791711505452435
DS03,mc.rf_SMOTET,rf,SMOTET,19,0.09949378089320597
DS03,mc.rf_SMOTET,rf,SMOTET,20,0.09148337062211458
DS03,mc.rf_SMOTET,rf,SMOTET,21,0.10225792100626023
DS03,mc.rf_SMOTET,rf,SMOTET,22,0.09685449585188
DS03,mc.rf_SMOTET,rf,SMOTET,23,0.09249245856553806
DS03,mc.rf_SMOTET,rf,SMOTET,24,0.1078081865429243
DS03,mc.rf_SMOTET,rf,SMOTET,25,0.09991725225067097
DS03,mc.rf_SMOTET,rf,SMOTET,26,0.10139091692105176
DS03,mc.rf_SMOTET,rf,SMOTET,27,0.10453383406883017
DS03,mc.rf_SMOTET,rf,SMOTET,28,0.10117597247327534
DS03,mc.rf_SMOTET,rf,SMOTET,29,0.09832824157453915
DS03,mc.rf_SMOTET,rf,SMOTET,30,0.10159292308588211
DS03,mc.rf_SMOTET,rf,SMOTET,31,0.09720090183391995
DS03,mc.rf_SMOTET,rf,SMOTET,32,0.10484120885112168
DS03,mc.rf_SMOTET,rf,SMOTET,33,0.10844838384565779
DS03,mc.rf_SMOTET,rf,SMOTET,34,0.10868556361054142
DS03,mc.rf_SMOTET,rf,SMOTET,35,0.10603807376607136
DS03,mc.rf_SMOTET,rf,SMOTET,36,0.0987726967943776
DS03,mc.rf_SMOTET,rf,SMOTET,37,0.10279536597111287
DS03,mc.rf_SMOTET,rf,SMOTET,38,0.10642554347881808
DS03,mc.rf_SMOTET,rf,SMOTET,39,0.10654111323820015
DS03,mc.rf_SMOTET,rf,SMOTET,40,0.10214537526438189
DS03,mc.rf_SMOTET,rf,SMOTET,41,0.10096579032017551
DS03,mc.rf_SMOTET,rf,SMOTET,42,0.09920851199385496
DS03,mc.rf_SMOTET,rf,SMOTET,43,0.09692674623967291
DS03,mc.rf_SMOTET,rf,SMOTET,44,0.10228327232071305
DS03,mc.rf_SMOTET,rf,SMOTET,45,0.10016784056279134
DS03,mc.rf_SMOTET,rf,SMOTET,46,0.0926545745089381
DS03,mc.rf_SMOTET,rf,SMOTET,47,0.09251522580613908
DS03,mc.rf_SMOTET,rf,SMOTET,48,0.09507934901673427
DS03,mc.rf_SMOTET,rf,SMOTET,49,0.10109668186030506
DS03,mc.rf_SMOTET,rf,SMOTET,50,0.09837972356565747
DS03,mc.rf_UNDERB,rf,UNDERB,1,0.09109375975846389
DS03,mc.rf_UNDERB,rf,UNDERB,2,0.09347977973980867
DS03,mc.rf_UNDERB,rf,UNDERB,3,0.09723022100807407
DS03,mc.rf_UNDERB,rf,UNDERB,4,0.09064870439767245
DS03,mc.rf_UNDERB,rf,UNDERB,5,0.09220500965647974
DS03,mc.rf_UNDERB,rf,UNDERB,6,0.08246924015739382
DS03,mc.rf_UNDERB,rf,UNDERB,7,0.0797616639510593
DS03,mc.rf_UNDERB,rf,UNDERB,8,0.08865192133675977
DS03,mc.rf_UNDERB,rf,UNDERB,9,0.08834208714094888
DS03,mc.rf_UNDERB,rf,UNDERB,10,0.08855582443880315
DS03,mc.rf_UNDERB,rf,UNDERB,11,0.09236973518553006
DS03,mc.rf_UNDERB,rf,UNDERB,12,0.08764072401040225
DS03,mc.rf_UNDERB,rf,UNDERB,13,0.0820916563406454
DS03,mc.rf_UNDERB,rf,UNDERB,14,0.08102716191939015
DS03,mc.rf_UNDERB,rf,UNDERB,15,0.09876856083826509
DS03,mc.rf_UNDERB,rf,UNDERB,16,0.09333307269774635
DS03,mc.rf_UNDERB,rf,UNDERB,17,0.08419420287891835
DS03,mc.rf_UNDERB,rf,UNDERB,18,0.09096579917079618
DS03,mc.rf_UNDERB,rf,UNDERB,19,0.0895535724244297
DS03,mc.rf_UNDERB,rf,UNDERB,20,0.09066877842819139
DS03,mc.rf_UNDERB,rf,UNDERB,21,0.08969750680389531
DS03,mc.rf_UNDERB,rf,UNDERB,22,0.07914041704393025
DS03,mc.rf_UNDERB,rf,UNDERB,23,0.07865825002890266
DS03,mc.rf_UNDERB,rf,UNDERB,24,0.08141381476205943
DS03,mc.rf_UNDERB,rf,UNDERB,25,0.08648060960001987
DS03,mc.rf_UNDERB,rf,UNDERB,26,0.08896388030080365
DS03,mc.rf_UNDERB,rf,UNDERB,27,0.081384673136413
DS03,mc.rf_UNDERB,rf,UNDERB,28,0.08972015892655841
DS03,mc.rf_UNDERB,rf,UNDERB,29,0.07931886680710988
DS03,mc.rf_UNDERB,rf,UNDERB,30,0.09035703351472092
DS03,mc.rf_UNDERB,rf,UNDERB,31,0.07922651958194972
DS03,mc.rf_UNDERB,rf,UNDERB,32,0.07939224091704439
DS03,mc.rf_UNDERB,rf,UNDERB,33,0.08311401811978865
DS03,mc.rf_UNDERB,rf,UNDERB,34,0.08411351165755182
DS03,mc.rf_UNDERB,rf,UNDERB,35,0.08706530482813868
DS03,mc.rf_UNDERB,rf,UNDERB,36,0.08645573664403308
DS03,mc.rf_UNDERB,rf,UNDERB,37,0.0889684535478079
DS03,mc.rf_UNDERB,rf,UNDERB,38,0.09100614967946259
DS03,mc.rf_UNDERB,rf,UNDERB,39,0.08287481873663806
DS03,mc.rf_UNDERB,rf,UNDERB,40,0.08728713237169383
DS03,mc.rf_UNDERB,rf,UNDERB,41,0.08890023444729281
DS03,mc.rf_UNDERB,rf,UNDERB,42,0.08743536154105384
DS03,mc.rf_UNDERB,rf,UNDERB,43,0.09230118331012382
DS03,mc.rf_UNDERB,rf,UNDERB,44,0.09453034572756552
DS03,mc.rf_UNDERB,rf,UNDERB,45,0.08811920225479031
DS03,mc.rf_UNDERB,rf,UNDERB,46,0.08184149921699668
DS03,mc.rf_UNDERB,rf,UNDERB,47,0.08801442597617141
DS03,mc.rf_UNDERB,rf,UNDERB,48,0.08495132796313958
DS03,mc.rf_UNDERB,rf,UNDERB,49,0.09632074378400594
DS03,mc.rf_UNDERB,rf,UNDERB,50,0.09460181301122758
DS03,mc.rf_UNDERTPhi,rf,UNDERTPhi,1,0.09732079518273244
DS03,mc.rf_UNDERTPhi,rf,UNDERTPhi,2,0.09630706891545786
DS03,mc.rf_UNDERTPhi,rf,UNDERTPhi,3,0.10286581874607391
DS03,mc.rf_UNDERTPhi,rf,UNDERTPhi,4,0.09990388560974886
DS03,mc.rf_UNDERTPhi,rf,UNDERTPhi,5,0.08797834165521239
DS03,mc.rf_UNDERTPhi,rf,UNDERTPhi,6,0.10812130099837877
DS03,mc.rf_UNDERTPhi,rf,UNDERTPhi,7,0.09326464798402155
DS03,mc.rf_UNDERTPhi,rf,UNDERTPhi,8,0.10196414396336814
DS03,mc.rf_UNDERTPhi,rf,UNDERTPhi,9,0.09856648564721014
DS03,mc.rf_UNDERTPhi,rf,UNDERTPhi,10,0.09191045735362567
DS03,mc.rf_UNDERTPhi,rf,UNDERTPhi,11,0.08793775623700108
DS03,mc.rf_UNDERTPhi,rf,UNDERTPhi,12,0.08481631147913495
DS03,mc.rf_UNDERTPhi,rf,UNDERTPhi,13,0.0857704722734293
DS03,mc.rf_UNDERTPhi,rf,UNDERTPhi,14,0.09642848630054952
DS03,mc.rf_UNDERTPhi,rf,UNDERTPhi,15,0.09391002513142085
DS03,mc.rf_UNDERTPhi,rf,UNDERTPhi,16,0.08983710331565818
DS03,mc.rf_UNDERTPhi,rf,UNDERTPhi,17,0.09344578698571265
DS03,mc.rf_UNDERTPhi,rf,UNDERTPhi,18,0.10213626865006623
DS03,mc.rf_UNDERTPhi,rf,UNDERTPhi,19,0.08946609877408672
DS03,mc.rf_UNDERTPhi,rf,UNDERTPhi,20,0.09783471452744458
DS03,mc.rf_UNDERTPhi,rf,UNDERTPhi,21,0.09006653605495284
DS03,mc.rf_UNDERTPhi,rf,UNDERTPhi,22,0.10851889629624925
DS03,mc.rf_UNDERTPhi,rf,UNDERTPhi,23,0.10086950077905979
DS03,mc.rf_UNDERTPhi,rf,UNDERTPhi,24,0.09964675152692005
DS03,mc.rf_UNDERTPhi,rf,UNDERTPhi,25,0.09746371150929711
DS03,mc.rf_UNDERTPhi,rf,UNDERTPhi,26,0.1023322023223704
DS03,mc.rf_UNDERTPhi,rf,UNDERTPhi,27,0.08849589198269821
DS03,mc.rf_UNDERTPhi,rf,UNDERTPhi,28,0.08859962829100021
DS03,mc.rf_UNDERTPhi,rf,UNDERTPhi,29,0.09900209802467912
DS03,mc.rf_UNDERTPhi,rf,UNDERTPhi,30,0.08467291030905477
DS03,mc.rf_UNDERTPhi,rf,UNDERTPhi,31,0.09440214992883182
DS03,mc.rf_UNDERTPhi,rf,UNDERTPhi,32,0.09063368685180218
DS03,mc.rf_UNDERTPhi,rf,UNDERTPhi,33,0.09456579575545215
DS03,mc.rf_UNDERTPhi,rf,UNDERTPhi,34,0.09093021659972207
DS03,mc.rf_UNDERTPhi,rf,UNDERTPhi,35,0.08561984596129357
DS03,mc.rf_UNDERTPhi,rf,UNDERTPhi,36,0.0862277172168485
DS03,mc.rf_UNDERTPhi,rf,UNDERTPhi,37,0.10334517551586497
DS03,mc.rf_UNDERTPhi,rf,UNDERTPhi,38,0.08308030473419722
DS03,mc.rf_UNDERTPhi,rf,UNDERTPhi,39,0.0914732324613685
DS03,mc.rf_UNDERTPhi,rf,UNDERTPhi,40,0.09109316181544078
DS03,mc.rf_UNDERTPhi,rf,UNDERTPhi,41,0.08915294668829847
DS03,mc.rf_UNDERTPhi,rf,UNDERTPhi,42,0.07728693583174753
DS03,mc.rf_UNDERTPhi,rf,UNDERTPhi,43,0.08930550973783342
DS03,mc.rf_UNDERTPhi,rf,UNDERTPhi,44,0.09433611356389834
DS03,mc.rf_UNDERTPhi,rf,UNDERTPhi,45,0.10736577218149787
DS03,mc.rf_UNDERTPhi,rf,UNDERTPhi,46,0.09872173477472897
DS03,mc.rf_UNDERTPhi,rf,UNDERTPhi,47,0.10389571943579462
DS03,mc.rf_UNDERTPhi,rf,UNDERTPhi,48,0.09227665140483043
DS03,mc.rf_UNDERTPhi,rf,UNDERTPhi,49,0.10219536973125662
DS03,mc.rf_UNDERTPhi,rf,UNDERTPhi,50,0.10007226762277639
DS03,mc.rf_UNDERT,rf,UNDERT,1,0.09419305973722245
DS03,mc.rf_UNDERT,rf,UNDERT,2,0.09707428187657564
DS03,mc.rf_UNDERT,rf,UNDERT,3,0.09241660530040251
DS03,mc.rf_UNDERT,rf,UNDERT,4,0.08587029158307077
DS03,mc.rf_UNDERT,rf,UNDERT,5,0.08928649668121086
DS03,mc.rf_UNDERT,rf,UNDERT,6,0.09415245790859456
DS03,mc.rf_UNDERT,rf,UNDERT,7,0.08645357918958751
DS03,mc.rf_UNDERT,rf,UNDERT,8,0.09614876402813687
DS03,mc.rf_UNDERT,rf,UNDERT,9,0.12027665017102764
DS03,mc.rf_UNDERT,rf,UNDERT,10,0.09585394410383151
DS03,mc.rf_UNDERT,rf,UNDERT,11,0.0959866260681747
DS03,mc.rf_UNDERT,rf,UNDERT,12,0.08858329131776102
DS03,mc.rf_UNDERT,rf,UNDERT,13,0.09841905379814328
DS03,mc.rf_UNDERT,rf,UNDERT,14,0.08298553882807799
DS03,mc.rf_UNDERT,rf,UNDERT,15,0.08906822208110929
DS03,mc.rf_UNDERT,rf,UNDERT,16,0.09081002779155177
DS03,mc.rf_UNDERT,rf,UNDERT,17,0.078698007017673
DS03,mc.rf_UNDERT,rf,UNDERT,18,0.08032773345709919
DS03,mc.rf_UNDERT,rf,UNDERT,19,0.08282009995094604
DS03,mc.rf_UNDERT,rf,UNDERT,20,0.0812835039503949
DS03,mc.rf_UNDERT,rf,UNDERT,21,0.08401191270103765
DS03,mc.rf_UNDERT,rf,UNDERT,22,0.08349533343074737
DS03,mc.rf_UNDERT,rf,UNDERT,23,0.0845650349904473
DS03,mc.rf_UNDERT,rf,UNDERT,24,0.09064872259414647
DS03,mc.rf_UNDERT,rf,UNDERT,25,0.07948892103829142
DS03,mc.rf_UNDERT,rf,UNDERT,26,0.07993712585102188
DS03,mc.rf_UNDERT,rf,UNDERT,27,0.08642360215296249
DS03,mc.rf_UNDERT,rf,UNDERT,28,0.0808836566495217
DS03,mc.rf_UNDERT,rf,UNDERT,29,0.08270263033050247
DS03,mc.rf_UNDERT,rf,UNDERT,30,0.08308673763706834
DS03,mc.rf_UNDERT,rf,UNDERT,31,0.08570502854408947
DS03,mc.rf_UNDERT,rf,UNDERT,32,0.08460506594075297
DS03,mc.rf_UNDERT,rf,UNDERT,33,0.09807853343873502
DS03,mc.rf_UNDERT,rf,UNDERT,34,0.09223303928982766
DS03,mc.rf_UNDERT,rf,UNDERT,35,0.08848442068311335
DS03,mc.rf_UNDERT,rf,UNDERT,36,0.07995798304698164
DS03,mc.rf_UNDERT,rf,UNDERT,37,0.08793888415364186
DS03,mc.rf_UNDERT,rf,UNDERT,38,0.08853904378402681
DS03,mc.rf_UNDERT,rf,UNDERT,39,0.08890016039889843
DS03,mc.rf_UNDERT,rf,UNDERT,40,0.08697843644717222
DS03,mc.rf_UNDERT,rf,UNDERT,41,0.08471747165456264
DS03,mc.rf_UNDERT,rf,UNDERT,42,0.09031454839126671
DS03,mc.rf_UNDERT,rf,UNDERT,43,0.08407318757840053
DS03,mc.rf_UNDERT,rf,UNDERT,44,0.09454782321892749
DS03,mc.rf_UNDERT,rf,UNDERT,45,0.09828266860472322
DS03,mc.rf_UNDERT,rf,UNDERT,46,0.08745359342634346
DS03,mc.rf_UNDERT,rf,UNDERT,47,0.0872716762091361
DS03,mc.rf_UNDERT,rf,UNDERT,48,0.08755607155228702
DS03,mc.rf_UNDERT,rf,UNDERT,49,0.09913800975879389
DS03,mc.rf_UNDERT,rf,UNDERT,50,0.09286175031657068
DS03,mc.rf,rf,baseline,1,0.08131998003277846
DS03,mc.rf,rf,baseline,2,0.08191876401147566
DS03,mc.rf,rf,baseline,3,0.08048155145017269
DS03,mc.rf,rf,baseline,4,0.07748851424374367
DS03,mc.rf,rf,baseline,5,0.07607276807092149
DS03,mc.rf,rf,baseline,6,0.0753363049972005
DS03,mc.rf,rf,baseline,7,0.07409391845564843
DS03,mc.rf,rf,baseline,8,0.07371277479193757
DS03,mc.rf,rf,baseline,9,0.07388191695670722
DS03,mc.rf,rf,baseline,10,0.0745715020581773
DS03,mc.rf,rf,baseline,11,0.07436601420091468
DS03,mc.rf,rf,baseline,12,0.07405594601235141
DS03,mc.rf,rf,baseline,13,0.07441366819871036
DS03,mc.rf,rf,baseline,14,0.0727872566153187
DS03,mc.rf,rf,baseline,15,0.07314229008916653
DS03,mc.rf,rf,baseline,16,0.06969692683766077
DS03,mc.rf,rf,baseline,17,0.06897246333890317
DS03,mc.rf,rf,baseline,18,0.07106797508552734
DS03,mc.rf,rf,baseline,19,0.07327861842592108
DS03,mc.rf,rf,baseline,20,0.07331048250607966
DS03,mc.rf,rf,baseline,21,0.07166715378343945
DS03,mc.rf,rf,baseline,22,0.06867008378945892
DS03,mc.rf,rf,baseline,23,0.06910104628847336
DS03,mc.rf,rf,baseline,24,0.07016650676040376
DS03,mc.rf,rf,baseline,25,0.0699560516397835
DS03,mc.rf,rf,baseline,26,0.06923037008305004
DS03,mc.rf,rf,baseline,27,0.06947746351642671
DS03,mc.rf,rf,baseline,28,0.06893124410804019
DS03,mc.rf,rf,baseline,29,0.06910887301051626
DS03,mc.rf,rf,baseline,30,0.06776372271949457
DS03,mc.rf,rf,baseline,31,0.06698165962730594
DS03,mc.rf,rf,baseline,32,0.06774681612690085
DS03,mc.rf,rf,baseline,33,0.06992276245152401
DS03,mc.rf,rf,baseline,34,0.06978148990032165
DS03,mc.rf,rf,baseline,35,0.06933977465730191
DS03,mc.rf,rf,baseline,36,0.07067819474045518
DS03,mc.rf,rf,baseline,37,0.07104179783864162
DS03,mc.rf,rf,baseline,38,0.07071164177014654
DS03,mc.rf,rf,baseline,39,0.07147321272303797
DS03,mc.rf,rf,baseline,40,0.07118782673335938
DS03,mc.rf,rf,baseline,41,0.070844326986192
DS03,mc.rf,rf,baseline,42,0.07083165194327827
DS03,mc.rf,rf,baseline,43,0.07054747331589965
DS03,mc.rf,rf,baseline,44,0.07484415933107373
DS03,mc.rf,rf,baseline,45,0.07508864205428747
DS03,mc.rf,rf,baseline,46,0.0762022782443629
DS03,mc.rf,rf,baseline,47,0.07798728689500135
DS03,mc.rf,rf,baseline,48,0.07714723653717626
DS03,mc.rf,rf,baseline,49,0.07996626734772601
DS03,mc.rf,rf,baseline,50,0.08045250482796468
DS03,mc.rpart_OVERB,rpart,OVERB,1,0.10934930305538715
DS03,mc.rpart_OVERB,rpart,OVERB,2,0.09967378413037428
DS03,mc.rpart_OVERB,rpart,OVERB,3,0.11217423856267136
DS03,mc.rpart_OVERB,rpart,OVERB,4,0.10005888789267271
DS03,mc.rpart_OVERB,rpart,OVERB,5,0.09871391573791488
DS03,mc.rpart_OVERB,rpart,OVERB,6,0.08879504264248764
DS03,mc.rpart_OVERB,rpart,OVERB,7,0.09309665795606022
DS03,mc.rpart_OVERB,rpart,OVERB,8,0.09133110469163554
DS03,mc.rpart_OVERB,rpart,OVERB,9,0.097407732597109
DS03,mc.rpart_OVERB,rpart,OVERB,10,0.08754357963098634
DS03,mc.rpart_OVERB,rpart,OVERB,11,0.09546377141260935
DS03,mc.rpart_OVERB,rpart,OVERB,12,0.09582134249943221
DS03,mc.rpart_OVERB,rpart,OVERB,13,0.0918083848482938
DS03,mc.rpart_OVERB,rpart,OVERB,14,0.09075368606297003
DS03,mc.rpart_OVERB,rpart,OVERB,15,0.08851508481101526
DS03,mc.rpart_OVERB,rpart,OVERB,16,0.08513568900940988
DS03,mc.rpart_OVERB,rpart,OVERB,17,0.0818684263141477
DS03,mc.rpart_OVERB,rpart,OVERB,18,0.08542185675504801
DS03,mc.rpart_OVERB,rpart,OVERB,19,0.08336699634385422
DS03,mc.rpart_OVERB,rpart,OVERB,20,0.08724903968884273
DS03,mc.rpart_OVERB,rpart,OVERB,21,0.09345747643556608
DS03,mc.rpart_OVERB,rpart,OVERB,22,0.09572556637239235
DS03,mc.rpart_OVERB,rpart,OVERB,23,0.09542146426968076
DS03,mc.rpart_OVERB,rpart,OVERB,24,0.09696652689018936
DS03,mc.rpart_OVERB,rpart,OVERB,25,0.09301280122058984
DS03,mc.rpart_OVERB,rpart,OVERB,26,0.09409489365566691
DS03,mc.rpart_OVERB,rpart,OVERB,27,0.09470463033465477
DS03,mc.rpart_OVERB,rpart,OVERB,28,0.08927229291279405
DS03,mc.rpart_OVERB,rpart,OVERB,29,0.09587685128188599
DS03,mc.rpart_OVERB,rpart,OVERB,30,0.09862440517335305
DS03,mc.rpart_OVERB,rpart,OVERB,31,0.09461368006009307
DS03,mc.rpart_OVERB,rpart,OVERB,32,0.10457556242033703
DS03,mc.rpart_OVERB,rpart,OVERB,33,0.10317420428475968
DS03,mc.rpart_OVERB,rpart,OVERB,34,0.09505586915889118
DS03,mc.rpart_OVERB,rpart,OVERB,35,0.0964175001901936
DS03,mc.rpart_OVERB,rpart,OVERB,36,0.09715830244614039
DS03,mc.rpart_OVERB,rpart,OVERB,37,0.09385359628353244
DS03,mc.rpart_OVERB,rpart,OVERB,38,0.09443341695408056
DS03,mc.rpart_OVERB,rpart,OVERB,39,0.09646292317897599
DS03,mc.rpart_OVERB,rpart,OVERB,40,0.09368728887132609
DS03,mc.rpart_OVERB,rpart,OVERB,41,0.09245126286871651
DS03,mc.rpart_OVERB,rpart,OVERB,42,0.0901941643705022
DS03,mc.rpart_OVERB,rpart,OVERB,43,0.09905090308429801
DS03,mc.rpart_OVERB,rpart,OVERB,44,0.10654037346038249
DS03,mc.rpart_OVERB,rpart,OVERB,45,0.1025921026210523
DS03,mc.rpart_OVERB,rpart,OVERB,46,0.09047723815833243
DS03,mc.rpart_OVERB,rpart,OVERB,47,0.09701690379125996
DS03,mc.rpart_OVERB,rpart,OVERB,48,0.10292269213585364
DS03,mc.rpart_OVERB,rpart,OVERB,49,0.10925779603689406
DS03,mc.rpart_OVERB,rpart,OVERB,50,0.10963669137753858
DS03,mc.rpart_OVERTPhi,rpart,OVERTPhi,1,0.09816206321073653
DS03,mc.rpart_OVERTPhi,rpart,OVERTPhi,2,0.0993822954630125
DS03,mc.rpart_OVERTPhi,rpart,OVERTPhi,3,0.09585426472808355
DS03,mc.rpart_OVERTPhi,rpart,OVERTPhi,4,0.09838154338687853
DS03,mc.rpart_OVERTPhi,rpart,OVERTPhi,5,0.09415351225863765
DS03,mc.rpart_OVERTPhi,rpart,OVERTPhi,6,0.09253342443923916
DS03,mc.rpart_OVERTPhi,rpart,OVERTPhi,7,0.09180995827150809
DS03,mc.rpart_OVERTPhi,rpart,OVERTPhi,8,0.08712575731814183
DS03,mc.rpart_OVERTPhi,rpart,OVERTPhi,9,0.09630038450537153
DS03,mc.rpart_OVERTPhi,rpart,OVERTPhi,10,0.09543000277832721
DS03,mc.rpart_OVERTPhi,rpart,OVERTPhi,11,0.10155647857827965
DS03,mc.rpart_OVERTPhi,rpart,OVERTPhi,12,0.0976336397090692
DS03,mc.rpart_OVERTPhi,rpart,OVERTPhi,13,0.09595077242971399
DS03,mc.rpart_OVERTPhi,rpart,OVERTPhi,14,0.1020486611759363
DS03,mc.rpart_OVERTPhi,rpart,OVERTPhi,15,0.09838111123149686
DS03,mc.rpart_OVERTPhi,rpart,OVERTPhi,16,0.09629549451831136
DS03,mc.rpart_OVERTPhi,rpart,OVERTPhi,17,0.09984575965004411
DS03,mc.rpart_OVERTPhi,rpart,OVERTPhi,18,0.08921826123005164
DS03,mc.rpart_OVERTPhi,rpart,OVERTPhi,19,0.09610451247430943
DS03,mc.rpart_OVERTPhi,rpart,OVERTPhi,20,0.09989260199198491
DS03,mc.rpart_OVERTPhi,rpart,OVERTPhi,21,0.0952324369731497
DS03,mc.rpart_OVERTPhi,rpart,OVERTPhi,22,0.09397578336324325
DS03,mc.rpart_OVERTPhi,rpart,OVERTPhi,23,0.09899364789122743
DS03,mc.rpart_OVERTPhi,rpart,OVERTPhi,24,0.1066848591076928
DS03,mc.rpart_OVERTPhi,rpart,OVERTPhi,25,0.09418653114024486
DS03,mc.rpart_OVERTPhi,rpart,OVERTPhi,26,0.08868761974350858
DS03,mc.rpart_OVERTPhi,rpart,OVERTPhi,27,0.09409522214780695
DS03,mc.rpart_OVERTPhi,rpart,OVERTPhi,28,0.09416955973620869
DS03,mc.rpart_OVERTPhi,rpart,OVERTPhi,29,0.09398963440383133
DS03,mc.rpart_OVERTPhi,rpart,OVERTPhi,30,0.09089278303122071
DS03,mc.rpart_OVERTPhi,rpart,OVERTPhi,31,0.10186331728623482
DS03,mc.rpart_OVERTPhi,rpart,OVERTPhi,32,0.10174342333980083
DS03,mc.rpart_OVERTPhi,rpart,OVERTPhi,33,0.1098990526561672
DS03,mc.rpart_OVERTPhi,rpart,OVERTPhi,34,0.08987104918868982
DS03,mc.rpart_OVERTPhi,rpart,OVERTPhi,35,0.11128706513691072
DS03,mc.rpart_OVERTPhi,rpart,OVERTPhi,36,0.10072842807025735
DS03,mc.rpart_OVERTPhi,rpart,OVERTPhi,37,0.09674770170238996
DS03,mc.rpart_OVERTPhi,rpart,OVERTPhi,38,0.1040418382925644
DS03,mc.rpart_OVERTPhi,rpart,OVERTPhi,39,0.10042635669673336
DS03,mc.rpart_OVERTPhi,rpart,OVERTPhi,40,0.09734525264978769
DS03,mc.rpart_OVERTPhi,rpart,OVERTPhi,41,0.10736370412320516
DS03,mc.rpart_OVERTPhi,rpart,OVERTPhi,42,0.10196838283693553
DS03,mc.rpart_OVERTPhi,rpart,OVERTPhi,43,0.09990724321240677
DS03,mc.rpart_OVERTPhi,rpart,OVERTPhi,44,0.10331038942282843
DS03,mc.rpart_OVERTPhi,rpart,OVERTPhi,45,0.10156763113518312
DS03,mc.rpart_OVERTPhi,rpart,OVERTPhi,46,0.10488736785253229
DS03,mc.rpart_OVERTPhi,rpart,OVERTPhi,47,0.09694492381379781
DS03,mc.rpart_OVERTPhi,rpart,OVERTPhi,48,0.10199108199870131
DS03,mc.rpart_OVERTPhi,rpart,OVERTPhi,49,0.10445831957995087
DS03,mc.rpart_OVERTPhi,rpart,OVERTPhi,50,0.11140061822620859
DS03,mc.rpart_OVERT,rpart,OVERT,1,0.09842913457699758
DS03,mc.rpart_OVERT,rpart,OVERT,2,0.09625239408871791
DS03,mc.rpart_OVERT,rpart,OVERT,3,0.09585253507852999
DS03,mc.rpart_OVERT,rpart,OVERT,4,0.09706293287008927
DS03,mc.rpart_OVERT,rpart,OVERT,5,0.10575638532484342
DS03,mc.rpart_OVERT,rpart,OVERT,6,0.0920040609096671
DS03,mc.rpart_OVERT,rpart,OVERT,7,0.09457727417422093
DS03,mc.rpart_OVERT,rpart,OVERT,8,0.09781430064128423
DS03,mc.rpart_OVERT,rpart,OVERT,9,0.09355176806549387
DS03,mc.rpart_OVERT,rpart,OVERT,10,0.09506207831028024
DS03,mc.rpart_OVERT,rpart,OVERT,11,0.10850633881808758
DS03,mc.rpart_OVERT,rpart,OVERT,12,0.09832767545491233
DS03,mc.rpart_OVERT,rpart,OVERT,13,0.0959213185999938
DS03,mc.rpart_OVERT,rpart,OVERT,14,0.10204012989616972
DS03,mc.rpart_OVERT,rpart,OVERT,15,0.1035435469534237
DS03,mc.rpart_OVERT,rpart,OVERT,16,0.09708967417216952
DS03,mc.rpart_OVERT,rpart,OVERT,17,0.09831274040112632
DS03,mc.rpart_OVERT,rpart,OVERT,18,0.09027010112680442
DS03,mc.rpart_OVERT,rpart,OVERT,19,0.09216584149885905
DS03,mc.rpart_OVERT,rpart,OVERT,20,0.09854671350715086
DS03,mc.rpart_OVERT,rpart,OVERT,21,0.09835072105628767
DS03,mc.rpart_OVERT,rpart,OVERT,22,0.09669979746899907
DS03,mc.rpart_OVERT,rpart,OVERT,23,0.09640071227407455
DS03,mc.rpart_OVERT,rpart,OVERT,24,0.10659066124846205
DS03,mc.rpart_OVERT,rpart,OVERT,25,0.09645315292282945
DS03,mc.rpart_OVERT,rpart,OVERT,26,0.08869585665165713
DS03,mc.rpart_OVERT,rpart,OVERT,27,0.08685156974611959
DS03,mc.rpart_OVERT,rpart,OVERT,28,0.0951337146915491
DS03,mc.rpart_OVERT,rpart,OVERT,29,0.09757402733467631
DS03,mc.rpart_OVERT,rpart,OVERT,30,0.08787275029628344
DS03,mc.rpart_OVERT,rpart,OVERT,31,0.09824677596347502
DS03,mc.rpart_OVERT,rpart,OVERT,32,0.10084081743826041
DS03,mc.rpart_OVERT,rpart,OVERT,33,0.08949928156558218
DS03,mc.rpart_OVERT,rpart,OVERT,34,0.10469903663317204
DS03,mc.rpart_OVERT,rpart,OVERT,35,0.11231406362536513
DS03,mc.rpart_OVERT,rpart,OVERT,36,0.10026418455761286
DS03,mc.rpart_OVERT,rpart,OVERT,37,0.09674931144274057
DS03,mc.rpart_OVERT,rpart,OVERT,38,0.09757097158416103
DS03,mc.rpart_OVERT,rpart,OVERT,39,0.09766030399764229
DS03,mc.rpart_OVERT,rpart,OVERT,40,0.10781996048025509
DS03,mc.rpart_OVERT,rpart,OVERT,41,0.10872895563847966
DS03,mc.rpart_OVERT,rpart,OVERT,42,0.09690689484322652
DS03,mc.rpart_OVERT,rpart,OVERT,43,0.0998796730137673
DS03,mc.rpart_OVERT,rpart,OVERT,44,0.10631370584967761
DS03,mc.rpart_OVERT,rpart,OVERT,45,0.10485832105978764
DS03,mc.rpart_OVERT,rpart,OVERT,46,0.10492210320304315
DS03,mc.rpart_OVERT,rpart,OVERT,47,0.09722126984073516
DS03,mc.rpart_OVERT,rpart,OVERT,48,0.10198339251636336
DS03,mc.rpart_OVERT,rpart,OVERT,49,0.1034985015123621
DS03,mc.rpart_OVERT,rpart,OVERT,50,0.10726346248283808
DS03,mc.rpart_SMOTEB,rpart,SMOTEB,1,0.12933283091451972
DS03,mc.rpart_SMOTEB,rpart,SMOTEB,2,0.1308035058166677
DS03,mc.rpart_SMOTEB,rpart,SMOTEB,3,0.13468602583671094
DS03,mc.rpart_SMOTEB,rpart,SMOTEB,4,0.1253705280949136
DS03,mc.rpart_SMOTEB,rpart,SMOTEB,5,0.11966928499062425
DS03,mc.rpart_SMOTEB,rpart,SMOTEB,6,0.13496579084964946
DS03,mc.rpart_SMOTEB,rpart,SMOTEB,7,0.12179845567505657
DS03,mc.rpart_SMOTEB,rpart,SMOTEB,8,0.12054627450161261
DS03,mc.rpart_SMOTEB,rpart,SMOTEB,9,0.12742421438736057
DS03,mc.rpart_SMOTEB,rpart,SMOTEB,10,0.12945759067638166
DS03,mc.rpart_SMOTEB,rpart,SMOTEB,11,0.12774635092329414
DS03,mc.rpart_SMOTEB,rpart,SMOTEB,12,0.12009621587186281
DS03,mc.rpart_SMOTEB,rpart,SMOTEB,13,0.11992444390636262
DS03,mc.rpart_SMOTEB,rpart,SMOTEB,14,0.14026544742058386
DS03,mc.rpart_SMOTEB,rpart,SMOTEB,15,0.11819939576113012
DS03,mc.rpart_SMOTEB,rpart,SMOTEB,16,0.1178716112838332
DS03,mc.rpart_SMOTEB,rpart,SMOTEB,17,0.1044857449748359
DS03,mc.rpart_SMOTEB,rpart,SMOTEB,18,0.12026297710491173
DS03,mc.rpart_SMOTEB,rpart,SMOTEB,19,0.11375430030711958
DS03,mc.rpart_SMOTEB,rpart,SMOTEB,20,0.13152300895051253
DS03,mc.rpart_SMOTEB,rpart,SMOTEB,21,0.12565129250160928
DS03,mc.rpart_SMOTEB,rpart,SMOTEB,22,0.13444419416106834
DS03,mc.rpart_SMOTEB,rpart,SMOTEB,23,0.12362864716102581
DS03,mc.rpart_SMOTEB,rpart,SMOTEB,24,0.12747240771182092
DS03,mc.rpart_SMOTEB,rpart,SMOTEB,25,0.13115760434646218
DS03,mc.rpart_SMOTEB,rpart,SMOTEB,26,0.12348936724275131
DS03,mc.rpart_SMOTEB,rpart,SMOTEB,27,0.11481615740402512
DS03,mc.rpart_SMOTEB,rpart,SMOTEB,28,0.14164530693082436
DS03,mc.rpart_SMOTEB,rpart,SMOTEB,29,0.12597083177504456
DS03,mc.rpart_SMOTEB,rpart,SMOTEB,30,0.12795953979675398
DS03,mc.rpart_SMOTEB,rpart,SMOTEB,31,0.12935547173594328
DS03,mc.rpart_SMOTEB,rpart,SMOTEB,32,0.12659362004397995
DS03,mc.rpart_SMOTEB,rpart,SMOTEB,33,0.12399213134677119
DS03,mc.rpart_SMOTEB,rpart,SMOTEB,34,0.12120770006727925
DS03,mc.rpart_SMOTEB,rpart,SMOTEB,35,0.13188520159715347
DS03,mc.rpart_SMOTEB,rpart,SMOTEB,36,0.11962569808617049
DS03,mc.rpart_SMOTEB,rpart,SMOTEB,37,0.1419120843155985
DS03,mc.rpart_SMOTEB,rpart,SMOTEB,38,0.13316433841825362
DS03,mc.rpart_SMOTEB,rpart,SMOTEB,39,0.11860059505424138
DS03,mc.rpart_SMOTEB,rpart,SMOTEB,40,0.13189441829930126
DS03,mc.rpart_SMOTEB,rpart,SMOTEB,41,0.11601482770159215
DS03,mc.rpart_SMOTEB,rpart,SMOTEB,42,0.127329518201179
DS03,mc.rpart_SMOTEB,rpart,SMOTEB,43,0.11894168197525784
DS03,mc.rpart_SMOTEB,rpart,SMOTEB,44,0.13023402152075383
DS03,mc.rpart_SMOTEB,rpart,SMOTEB,45,0.12818001830324638
DS03,mc.rpart_SMOTEB,rpart,SMOTEB,46,0.14005233121413918
DS03,mc.rpart_SMOTEB,rpart,SMOTEB,47,0.13155320507671023
DS03,mc.rpart_SMOTEB,rpart,SMOTEB,48,0.1394435808338411
DS03,mc.rpart_SMOTEB,rpart,SMOTEB,49,0.12584762461002164
DS03,mc.rpart_SMOTEB,rpart,SMOTEB,50,0.13514833911738763
DS03,mc.rpart_SMOTETPhi,rpart,SMOTETPhi,1,0.14452910831009064
DS03,mc.rpart_SMOTETPhi,rpart,SMOTETPhi,2,0.1420306439814496
DS03,mc.rpart_SMOTETPhi,rpart,SMOTETPhi,3,0.1527944000210991
DS03,mc.rpart_SMOTETPhi,rpart,SMOTETPhi,4,0.1495624250658197
DS03,mc.rpart_SMOTETPhi,rpart,SMOTETPhi,5,0.1495600249757399
DS03,mc.rpart_SMOTETPhi,rpart,SMOTETPhi,6,0.1595270719130118
DS03,mc.rpart_SMOTETPhi,rpart,SMOTETPhi,7,0.1459007064339055
DS03,mc.rpart_SMOTETPhi,rpart,SMOTETPhi,8,0.14413619747152512
DS03,mc.rpart_SMOTETPhi,rpart,SMOTETPhi,9,0.1547383500495742
DS03,mc.rpart_SMOTETPhi,rpart,SMOTETPhi,10,0.155871615790293
DS03,mc.rpart_SMOTETPhi,rpart,SMOTETPhi,11,0.14049931530343443
DS03,mc.rpart_SMOTETPhi,rpart,SMOTETPhi,12,0.14111310637492075
DS03,mc.rpart_SMOTETPhi,rpart,SMOTETPhi,13,0.14098192197075232
DS03,mc.rpart_SMOTETPhi,rpart,SMOTETPhi,14,0.1495597172040893
DS03,mc.rpart_SMOTETPhi,rpart,SMOTETPhi,15,0.1391147129985367
DS03,mc.rpart_SMOTETPhi,rpart,SMOTETPhi,16,0.14181300915183306
DS03,mc.rpart_SMOTETPhi,rpart,SMOTETPhi,17,0.13765648465155955
DS03,mc.rpart_SMOTETPhi,rpart,SMOTETPhi,18,0.12484002440358231
DS03,mc.rpart_SMOTETPhi,rpart,SMOTETPhi,19,0.14164448588875456
DS03,mc.rpart_SMOTETPhi,rpart,SMOTETPhi,20,0.14945215677747456
DS03,mc.rpart_SMOTETPhi,rpart,SMOTETPhi,21,0.15274785050437256
DS03,mc.rpart_SMOTETPhi,rpart,SMOTETPhi,22,0.14475297241228394
DS03,mc.rpart_SMOTETPhi,rpart,SMOTETPhi,23,0.1590065730218838
DS03,mc.rpart_SMOTETPhi,rpart,SMOTETPhi,24,0.15919388350402924
DS03,mc.rpart_SMOTETPhi,rpart,SMOTETPhi,25,0.14954652341924338
DS03,mc.rpart_SMOTETPhi,rpart,SMOTETPhi,26,0.1497823666511
DS03,mc.rpart_SMOTETPhi,rpart,SMOTETPhi,27,0.15242520717676034
DS03,mc.rpart_SMOTETPhi,rpart,SMOTETPhi,28,0.14430168611176858
DS03,mc.rpart_SMOTETPhi,rpart,SMOTETPhi,29,0.14141999518516732
DS03,mc.rpart_SMOTETPhi,rpart,SMOTETPhi,30,0.15632713762287417
DS03,mc.rpart_SMOTETPhi,rpart,SMOTETPhi,31,0.14691128742056742
DS03,mc.rpart_SMOTETPhi,rpart,SMOTETPhi,32,0.1512723879826365
DS03,mc.rpart_SMOTETPhi,rpart,SMOTETPhi,33,0.15024390360070433
DS03,mc.rpart_SMOTETPhi,rpart,SMOTETPhi,34,0.16431916316673562
DS03,mc.rpart_SMOTETPhi,rpart,SMOTETPhi,35,0.1473527730163781
DS03,mc.rpart_SMOTETPhi,rpart,SMOTETPhi,36,0.1403099322588607
DS03,mc.rpart_SMOTETPhi,rpart,SMOTETPhi,37,0.14208362279830783
DS03,mc.rpart_SMOTETPhi,rpart,SMOTETPhi,38,0.15081243865239158
DS03,mc.rpart_SMOTETPhi,rpart,SMOTETPhi,39,0.14043507883879558
DS03,mc.rpart_SMOTETPhi,rpart,SMOTETPhi,40,0.13985841327836332
DS03,mc.rpart_SMOTETPhi,rpart,SMOTETPhi,41,0.12786608458873308
DS03,mc.rpart_SMOTETPhi,rpart,SMOTETPhi,42,0.14238544899920136
DS03,mc.rpart_SMOTETPhi,rpart,SMOTETPhi,43,0.14711571206914204
DS03,mc.rpart_SMOTETPhi,rpart,SMOTETPhi,44,0.14962765956858212
DS03,mc.rpart_SMOTETPhi,rpart,SMOTETPhi,45,0.14905300988777712
DS03,mc.rpart_SMOTETPhi,rpart,SMOTETPhi,46,0.158216105005666
DS03,mc.rpart_SMOTETPhi,rpart,SMOTETPhi,47,0.1605819588532462
DS03,mc.rpart_SMOTETPhi,rpart,SMOTETPhi,48,0.14369519690304575
DS03,mc.rpart_SMOTETPhi,rpart,SMOTETPhi,49,0.14718550470732109
DS03,mc.rpart_SMOTETPhi,rpart,SMOTETPhi,50,0.15979018683430565
DS03,mc.rpart_SMOTET,rpart,SMOTET,1,0.13352462938299323
DS03,mc.rpart_SMOTET,rpart,SMOTET,2,0.12450751390457115
DS03,mc.rpart_SMOTET,rpart,SMOTET,3,0.13955825490563536
DS03,mc.rpart_SMOTET,rpart,SMOTET,4,0.13139708366584724
DS03,mc.rpart_SMOTET,rpart,SMOTET,5,0.12431874882032921
DS03,mc.rpart_SMOTET,rpart,SMOTET,6,0.13233879690580067
DS03,mc.rpart_SMOTET,rpart,SMOTET,7,0.1337964071856429
DS03,mc.rpart_SMOTET,rpart,SMOTET,8,0.12573808257021482
DS03,mc.rpart_SMOTET,rpart,SMOTET,9,0.12570415615195268
DS03,mc.rpart_SMOTET,rpart,SMOTET,10,0.13323020667496083
DS03,mc.rpart_SMOTET,rpart,SMOTET,11,0.12644146060274514
DS03,mc.rpart_SMOTET,rpart,SMOTET,12,0.12671064472262486
DS03,mc.rpart_SMOTET,rpart,SMOTET,13,0.12695479114288646
DS03,mc.rpart_SMOTET,rpart,SMOTET,14,0.13828611175002845
DS03,mc.rpart_SMOTET,rpart,SMOTET,15,0.12544975098605932
DS03,mc.rpart_SMOTET,rpart,SMOTET,16,0.1304707486155543
DS03,mc.rpart_SMOTET,rpart,SMOTET,17,0.11589450933243912
DS03,mc.rpart_SMOTET,rpart,SMOTET,18,0.12377886519750801
DS03,mc.rpart_SMOTET,rpart,SMOTET,19,0.13909370408059524
DS03,mc.rpart_SMOTET,rpart,SMOTET,20,0.1238848675343763
DS03,mc.rpart_SMOTET,rpart,SMOTET,21,0.1422564141321901
DS03,mc.rpart_SMOTET,rpart,SMOTET,22,0.15052765412668193
DS03,mc.rpart_SMOTET,rpart,SMOTET,23,0.12817088772756305
DS03,mc.rpart_SMOTET,rpart,SMOTET,24,0.13724309352284278
DS03,mc.rpart_SMOTET,rpart,SMOTET,25,0.13494377745479377
DS03,mc.rpart_SMOTET,rpart,SMOTET,26,0.12901361805320352
DS03,mc.rpart_SMOTET,rpart,SMOTET,27,0.14908251274402876
DS03,mc.rpart_SMOTET,rpart,SMOTET,28,0.13671653153015964
DS03,mc.rpart_SMOTET,rpart,SMOTET,29,0.13213331186910726
DS03,mc.rpart_SMOTET,rpart,SMOTET,30,0.1318340985923573
DS03,mc.rpart_SMOTET,rpart,SMOTET,31,0.12605749158330312
DS03,mc.rpart_SMOTET,rpart,SMOTET,32,0.14210724273922004
DS03,mc.rpart_SMOTET,rpart,SMOTET,33,0.13959544832009838
DS03,mc.rpart_SMOTET,rpart,SMOTET,34,0.14245055857237646
DS03,mc.rpart_SMOTET,rpart,SMOTET,35,0.13055033205906952
DS03,mc.rpart_SMOTET,rpart,SMOTET,36,0.1329347337283105
DS03,mc.rpart_SMOTET,rpart,SMOTET,37,0.1303799189906687
DS03,mc.rpart_SMOTET,rpart,SMOTET,38,0.1516286318988932
DS03,mc.rpart_SMOTET,rpart,SMOTET,39,0.14297213271737197
DS03,mc.rpart_SMOTET,rpart,SMOTET,40,0.13975337720827563
DS03,mc.rpart_SMOTET,rpart,SMOTET,41,0.12290903309564619
DS03,mc.rpart_SMOTET,rpart,SMOTET,42,0.134723781530359
DS03,mc.rpart_SMOTET,rpart,SMOTET,43,0.12720371255047758
DS03,mc.rpart_SMOTET,rpart,SMOTET,44,0.12745848264237236
DS03,mc.rpart_SMOTET,rpart,SMOTET,45,0.1305580332426032
DS03,mc.rpart_SMOTET,rpart,SMOTET,46,0.13110721523137317
DS03,mc.rpart_SMOTET,rpart,SMOTET,47,0.12885600386552634
DS03,mc.rpart_SMOTET,rpart,SMOTET,48,0.11710824851617326
DS03,mc.rpart_SMOTET,rpart,SMOTET,49,0.1429444062755503
DS03,mc.rpart_SMOTET,rpart,SMOTET,50,0.1405049883845798
DS03,mc.rpart_UNDERB,rpart,UNDERB,1,0.1481760189013345
DS03,mc.rpart_UNDERB,rpart,UNDERB,2,0.13747156728835427
DS03,mc.rpart_UNDERB,rpart,UNDERB,3,0.1450107438656534
DS03,mc.rpart_UNDERB,rpart,UNDERB,4,0.15217254708312342
DS03,mc.rpart_UNDERB,rpart,UNDERB,5,0.14017783963800562
DS03,mc.rpart_UNDERB,rpart,UNDERB,6,0.14626654884432055
DS03,mc.rpart_UNDERB,rpart,UNDERB,7,0.11560977809492323
DS03,mc.rpart_UNDERB,rpart,UNDERB,8,0.11550486208169049
DS03,mc.rpart_UNDERB,rpart,UNDERB,9,0.13855118976106862
DS03,mc.rpart_UNDERB,rpart,UNDERB,10,0.12562627327371167
DS03,mc.rpart_UNDERB,rpart,UNDERB,11,0.11552186895551023
DS03,mc.rpart_UNDERB,rpart,UNDERB,12,0.12551426622319606
DS03,mc.rpart_UNDERB,rpart,UNDERB,13,0.11891709287448278
DS03,mc.rpart_UNDERB,rpart,UNDERB,14,0.13785083920884744
DS03,mc.rpart_UNDERB,rpart,UNDERB,15,0.13024813682698322
DS03,mc.rpart_UNDERB,rpart,UNDERB,16,0.1437866530754186
DS03,mc.rpart_UNDERB,rpart,UNDERB,17,0.12628865922989158
DS03,mc.rpart_UNDERB,rpart,UNDERB,18,0.14587889995457853
DS03,mc.rpart_UNDERB,rpart,UNDERB,19,0.14201690545887205
DS03,mc.rpart_UNDERB,rpart,UNDERB,20,0.12193685715692962
DS03,mc.rpart_UNDERB,rpart,UNDERB,21,0.11775302696177452
DS03,mc.rpart_UNDERB,rpart,UNDERB,22,0.11044941912965849
DS03,mc.rpart_UNDERB,rpart,UNDERB,23,0.10516627595334485
DS03,mc.rpart_UNDERB,rpart,UNDERB,24,0.11555923923503457
DS03,mc.rpart_UNDERB,rpart,UNDERB,25,0.11943576035648194
DS03,mc.rpart_UNDERB,rpart,UNDERB,26,0.13314693728402455
DS03,mc.rpart_UNDERB,rpart,UNDERB,27,0.12404401451577271
DS03,mc.rpart_UNDERB,rpart,UNDERB,28,0.13114547960762638
DS03,mc.rpart_UNDERB,rpart,UNDERB,29,0.12005052567597695
DS03,mc.rpart_UNDERB,rpart,UNDERB,30,0.13248913554723893
DS03,mc.rpart_UNDERB,rpart,UNDERB,31,0.10894634658136208
DS03,mc.rpart_UNDERB,rpart,UNDERB,32,0.11048900139046287
DS03,mc.rpart_UNDERB,rpart,UNDERB,33,0.1213019340290414
DS03,mc.rpart_UNDERB,rpart,UNDERB,34,0.12188188230404465
DS03,mc.rpart_UNDERB,rpart,UNDERB,35,0.11737880946701379
DS03,mc.rpart_UNDERB,rpart,UNDERB,36,0.13078510009943647
DS03,mc.rpart_UNDERB,rpart,UNDERB,37,0.11880706132761053
DS03,mc.rpart_UNDERB,rpart,UNDERB,38,0.15318323869456987
DS03,mc.rpart_UNDERB,rpart,UNDERB,39,0.13443473631489267
DS03,mc.rpart_UNDERB,rpart,UNDERB,40,0.11896923914507529
DS03,mc.rpart_UNDERB,rpart,UNDERB,41,0.11962795852870617
DS03,mc.rpart_UNDERB,rpart,UNDERB,42,0.13229746864187808
DS03,mc.rpart_UNDERB,rpart,UNDERB,43,0.12717273515176156
DS03,mc.rpart_UNDERB,rpart,UNDERB,44,0.13546065694253115
DS03,mc.rpart_UNDERB,rpart,UNDERB,45,0.10403001062364846
DS03,mc.rpart_UNDERB,rpart,UNDERB,46,0.14228028723130545
DS03,mc.rpart_UNDERB,rpart,UNDERB,47,0.12265507535305496
DS03,mc.rpart_UNDERB,rpart,UNDERB,48,0.13470551528774835
DS03,mc.rpart_UNDERB,rpart,UNDERB,49,0.1395459923528916
DS03,mc.rpart_UNDERB,rpart,UNDERB,50,0.14552958000533445
DS03,mc.rpart_UNDERTPhi,rpart,UNDERTPhi,1,0.12326341845905783
DS03,mc.rpart_UNDERTPhi,rpart,UNDERTPhi,2,0.1455874500375926
DS03,mc.rpart_UNDERTPhi,rpart,UNDERTPhi,3,0.1432936709637293
DS03,mc.rpart_UNDERTPhi,rpart,UNDERTPhi,4,0.14664627468673755
DS03,mc.rpart_UNDERTPhi,rpart,UNDERTPhi,5,0.1512480935428982
DS03,mc.rpart_UNDERTPhi,rpart,UNDERTPhi,6,0.152983773169113
DS03,mc.rpart_UNDERTPhi,rpart,UNDERTPhi,7,0.14041374684208563
DS03,mc.rpart_UNDERTPhi,rpart,UNDERTPhi,8,0.1368794477863866
DS03,mc.rpart_UNDERTPhi,rpart,UNDERTPhi,9,0.13370740819219443
DS03,mc.rpart_UNDERTPhi,rpart,UNDERTPhi,10,0.1364567329064428
DS03,mc.rpart_UNDERTPhi,rpart,UNDERTPhi,11,0.1364717356590561
DS03,mc.rpart_UNDERTPhi,rpart,UNDERTPhi,12,0.1380762879327496
DS03,mc.rpart_UNDERTPhi,rpart,UNDERTPhi,13,0.12831808673130254
DS03,mc.rpart_UNDERTPhi,rpart,UNDERTPhi,14,0.13237140079872986
DS03,mc.rpart_UNDERTPhi,rpart,UNDERTPhi,15,0.12591550602281285
DS03,mc.rpart_UNDERTPhi,rpart,UNDERTPhi,16,0.13906045750440788
DS03,mc.rpart_UNDERTPhi,rpart,UNDERTPhi,17,0.13983830649657636
DS03,mc.rpart_UNDERTPhi,rpart,UNDERTPhi,18,0.14668868003129232
DS03,mc.rpart_UNDERTPhi,rpart,UNDERTPhi,19,0.14695197218680095
DS03,mc.rpart_UNDERTPhi,rpart,UNDERTPhi,20,0.1451405850299339
DS03,mc.rpart_UNDERTPhi,rpart,UNDERTPhi,21,0.12549281774854643
DS03,mc.rpart_UNDERTPhi,rpart,UNDERTPhi,22,0.13996027616034454
DS03,mc.rpart_UNDERTPhi,rpart,UNDERTPhi,23,0.1314373543667095
DS03,mc.rpart_UNDERTPhi,rpart,UNDERTPhi,24,0.151760226413804
DS03,mc.rpart_UNDERTPhi,rpart,UNDERTPhi,25,0.1285129327525658
DS03,mc.rpart_UNDERTPhi,rpart,UNDERTPhi,26,0.12286575877000189
DS03,mc.rpart_UNDERTPhi,rpart,UNDERTPhi,27,0.14342893676040092
DS03,mc.rpart_UNDERTPhi,rpart,UNDERTPhi,28,0.14956592701795904
DS03,mc.rpart_UNDERTPhi,rpart,UNDERTPhi,29,0.12917447163050993
DS03,mc.rpart_UNDERTPhi,rpart,UNDERTPhi,30,0.14495594099978118
DS03,mc.rpart_UNDERTPhi,rpart,UNDERTPhi,31,0.146609319587909
DS03,mc.rpart_UNDERTPhi,rpart,UNDERTPhi,32,0.122557348501186
DS03,mc.rpart_UNDERTPhi,rpart,UNDERTPhi,33,0.12024489009329332
DS03,mc.rpart_UNDERTPhi,rpart,UNDERTPhi,34,0.14652758809778146
DS03,mc.rpart_UNDERTPhi,rpart,UNDERTPhi,35,0.14270061193277042
DS03,mc.rpart_UNDERTPhi,rpart,UNDERTPhi,36,0.15086091635686388
DS03,mc.rpart_UNDERTPhi,rpart,UNDERTPhi,37,0.1444063247403364
DS03,mc.rpart_UNDERTPhi,rpart,UNDERTPhi,38,0.1359556903403001
DS03,mc.rpart_UNDERTPhi,rpart,UNDERTPhi,39,0.1445044139253427
DS03,mc.rpart_UNDERTPhi,rpart,UNDERTPhi,40,0.12840611507314278
DS03,mc.rpart_UNDERTPhi,rpart,UNDERTPhi,41,0.14138232574511989
DS03,mc.rpart_UNDERTPhi,rpart,UNDERTPhi,42,0.13818528417781245
DS03,mc.rpart_UNDERTPhi,rpart,UNDERTPhi,43,0.14920569283682703
DS03,mc.rpart_UNDERTPhi,rpart,UNDERTPhi,44,0.12613356308276474
DS03,mc.rpart_UNDERTPhi,rpart,UNDERTPhi,45,0.14649192374418676
DS03,mc.rpart_UNDERTPhi,rpart,UNDERTPhi,46,0.16087162817510786
DS03,mc.rpart_UNDERTPhi,rpart,UNDERTPhi,47,0.15036778969888437
DS03,mc.rpart_UNDERTPhi,rpart,UNDERTPhi,48,0.1570271187861091
DS03,mc.rpart_UNDERTPhi,rpart,UNDERTPhi,49,0.1518313951072491
DS03,mc.rpart_UNDERTPhi,rpart,UNDERTPhi,50,0.1381282916560377
DS03,mc.rpart_UNDERT,rpart,UNDERT,1,0.1515850175246173
DS03,mc.rpart_UNDERT,rpart,UNDERT,2,0.15429944027835218
DS03,mc.rpart_UNDERT,rpart,UNDERT,3,0.13196444819479677
DS03,mc.rpart_UNDERT,rpart,UNDERT,4,0.12652954979317055
DS03,mc.rpart_UNDERT,rpart,UNDERT,5,0.12943049735765327
DS03,mc.rpart_UNDERT,rpart,UNDERT,6,0.1472033649262769
DS03,mc.rpart_UNDERT,rpart,UNDERT,7,0.13538076571879176
DS03,mc.rpart_UNDERT,rpart,UNDERT,8,0.1415413278192755
DS03,mc.rpart_UNDERT,rpart,UNDERT,9,0.15454041492043438
DS03,mc.rpart_UNDERT,rpart,UNDERT,10,0.14243550834060287
DS03,mc.rpart_UNDERT,rpart,UNDERT,11,0.14686768646752182
DS03,mc.rpart_UNDERT,rpart,UNDERT,12,0.13243276737504522
DS03,mc.rpart_UNDERT,rpart,UNDERT,13,0.14081291787762862
DS03,mc.rpart_UNDERT,rpart,UNDERT,14,0.1267721705873435
DS03,mc.rpart_UNDERT,rpart,UNDERT,15,0.12225469571757981
DS03,mc.rpart_UNDERT,rpart,UNDERT,16,0.12711288457780784
DS03,mc.rpart_UNDERT,rpart,UNDERT,17,0.12506259657501329
DS03,mc.rpart_UNDERT,rpart,UNDERT,18,0.12454605554927992
DS03,mc.rpart_UNDERT,rpart,UNDERT,19,0.11358828346414689
DS03,mc.rpart_UNDERT,rpart,UNDERT,20,0.12428804840151345
DS03,mc.rpart_UNDERT,rpart,UNDERT,21,0.1261515831127547
DS03,mc.rpart_UNDERT,rpart,UNDERT,22,0.1332070602599175
DS03,mc.rpart_UNDERT,rpart,UNDERT,23,0.127852177133298
DS03,mc.rpart_UNDERT,rpart,UNDERT,24,0.10790217351670263
DS03,mc.rpart_UNDERT,rpart,UNDERT,25,0.1263055929817764
DS03,mc.rpart_UNDERT,rpart,UNDERT,26,0.12279728990928164
DS03,mc.rpart_UNDERT,rpart,UNDERT,27,0.11929820317062818
DS03,mc.rpart_UNDERT,rpart,UNDERT,28,0.11314404810665726
DS03,mc.rpart_UNDERT,rpart,UNDERT,29,0.11942710172014633
DS03,mc.rpart_UNDERT,rpart,UNDERT,30,0.10781028048899886
DS03,mc.rpart_UNDERT,rpart,UNDERT,31,0.12488217686392668
DS03,mc.rpart_UNDERT,rpart,UNDERT,32,0.1369103182429642
DS03,mc.rpart_UNDERT,rpart,UNDERT,33,0.13057679540300798
DS03,mc.rpart_UNDERT,rpart,UNDERT,34,0.1218318283999762
DS03,mc.rpart_UNDERT,rpart,UNDERT,35,0.1379992819185551
DS03,mc.rpart_UNDERT,rpart,UNDERT,36,0.12813040195488587
DS03,mc.rpart_UNDERT,rpart,UNDERT,37,0.12430075496681071
DS03,mc.rpart_UNDERT,rpart,UNDERT,38,0.1270422344000478
DS03,mc.rpart_UNDERT,rpart,UNDERT,39,0.13200145336990113
DS03,mc.rpart_UNDERT,rpart,UNDERT,40,0.12953113743809666
DS03,mc.rpart_UNDERT,rpart,UNDERT,41,0.13423755814188373
DS03,mc.rpart_UNDERT,rpart,UNDERT,42,0.14344160791480576
DS03,mc.rpart_UNDERT,rpart,UNDERT,43,0.13342054242404439
DS03,mc.rpart_UNDERT,rpart,UNDERT,44,0.14199795833971954
DS03,mc.rpart_UNDERT,rpart,UNDERT,45,0.1394447934800875
DS03,mc.rpart_UNDERT,rpart,UNDERT,46,0.13714702391169492
DS03,mc.rpart_UNDERT,rpart,UNDERT,47,0.14840157332385623
DS03,mc.rpart_UNDERT,rpart,UNDERT,48,0.12346656138566019
DS03,mc.rpart_UNDERT,rpart,UNDERT,49,0.12055636783574496
DS03,mc.rpart_UNDERT,rpart,UNDERT,50,0.15664364118191743
DS03,mc.rpart,rpart,baseline,1,0.10203079839956705
DS03,mc.rpart,rpart,baseline,2,0.10691140979549518
DS03,mc.rpart,rpart,baseline,3,0.09788472295841755
DS03,mc.rpart,rpart,baseline,4,0.1000607727280826
DS03,mc.rpart,rpart,baseline,5,0.099455945287794
DS03,mc.rpart,rpart,baseline,6,0.09859301620117779
DS03,mc.rpart,rpart,baseline,7,0.093973402343093
DS03,mc.rpart,rpart,baseline,8,0.09141812399411807
DS03,mc.rpart,rpart,baseline,9,0.09234558965484951
DS03,mc.rpart,rpart,baseline,10,0.09435844759547221
DS03,mc.rpart,rpart,baseline,11,0.09382788339224025
DS03,mc.rpart,rpart,baseline,12,0.0937520904733374
DS03,mc.rpart,rpart,baseline,13,0.09526226343056939
DS03,mc.rpart,rpart,baseline,14,0.09265073570609668
DS03,mc.rpart,rpart,baseline,15,0.09358595437132695
DS03,mc.rpart,rpart,baseline,16,0.0928030605864259
DS03,mc.rpart,rpart,baseline,17,0.08978350818512684
DS03,mc.rpart,rpart,baseline,18,0.09223112589736701
DS03,mc.rpart,rpart,baseline,19,0.0920554497409408
DS03,mc.rpart,rpart,baseline,20,0.09407361065691157
DS03,mc.rpart,rpart,baseline,21,0.09186413174881779
DS03,mc.rpart,rpart,baseline,22,0.09099994568361118
DS03,mc.rpart,rpart,baseline,23,0.09136992435045418
DS03,mc.rpart,rpart,baseline,24,0.09594292202544723
DS03,mc.rpart,rpart,baseline,25,0.09136477152403223
DS03,mc.rpart,rpart,baseline,26,0.10353099409075796
DS03,mc.rpart,rpart,baseline,27,0.10214548015795133
DS03,mc.rpart,rpart,baseline,28,0.09292272520668549
DS03,mc.rpart,rpart,baseline,29,0.0948112390484706
DS03,mc.rpart,rpart,baseline,30,0.09739697597542589
DS03,mc.rpart,rpart,baseline,31,0.09767704169324834
DS03,mc.rpart,rpart,baseline,32,0.09632102788086254
DS03,mc.rpart,rpart,baseline,33,0.08485096437949105
DS03,mc.rpart,rpart,baseline,34,0.08575266938306524
DS03,mc.rpart,rpart,baseline,35,0.08529711095628509
DS03,mc.rpart,rpart,baseline,36,0.09866400747871083
DS03,mc.rpart,rpart,baseline,37,0.09865274209943713
DS03,mc.rpart,rpart,baseline,38,0.09513521556125783
DS03,mc.rpart,rpart,baseline,39,0.09334960147701463
DS03,mc.rpart,rpart,baseline,40,0.09866030931988533
DS03,mc.rpart,rpart,baseline,41,0.09765404231606653
DS03,mc.rpart,rpart,baseline,42,0.10027791124041735
DS03,mc.rpart,rpart,baseline,43,0.10075794206579239
DS03,mc.rpart,rpart,baseline,44,0.10187755366217018
DS03,mc.rpart,rpart,baseline,45,0.10025783408662414
DS03,mc.rpart,rpart,baseline,46,0.10310036930782451
DS03,mc.rpart,rpart,baseline,47,0.10175907741693535
DS03,mc.rpart,rpart,baseline,48,0.10269507086635221
DS03,mc.rpart,rpart,baseline,49,0.10657278160002298
DS03,mc.rpart,rpart,baseline,50,0.10700788703331256
DS03,mc.svm_OVERB,svm,OVERB,1,0.10974381064561972
DS03,mc.svm_OVERB,svm,OVERB,2,0.10932401829905947
DS03,mc.svm_OVERB,svm,OVERB,3,0.11270406697766969
DS03,mc.svm_OVERB,svm,OVERB,4,0.10667617278765489
DS03,mc.svm_OVERB,svm,OVERB,5,0.10043337940117596
DS03,mc.svm_OVERB,svm,OVERB,6,0.09944523654750279
DS03,mc.svm_OVERB,svm,OVERB,7,0.09445833995607593
DS03,mc.svm_OVERB,svm,OVERB,8,0.09053760070741698
DS03,mc.svm_OVERB,svm,OVERB,9,0.09163990198935192
DS03,mc.svm_OVERB,svm,OVERB,10,0.09299034087958816
DS03,mc.svm_OVERB,svm,OVERB,11,0.09375423070926724
DS03,mc.svm_OVERB,svm,OVERB,12,0.09323621835616303
DS03,mc.svm_OVERB,svm,OVERB,13,0.09458099094784413
DS03,mc.svm_OVERB,svm,OVERB,14,0.09384473851864387
DS03,mc.svm_OVERB,svm,OVERB,15,0.09643640428399393
DS03,mc.svm_OVERB,svm,OVERB,16,0.09304103253650467
DS03,mc.svm_OVERB,svm,OVERB,17,0.09092757439718435
DS03,mc.svm_OVERB,svm,OVERB,18,0.09146216802586585
DS03,mc.svm_OVERB,svm,OVERB,19,0.08739288731966371
DS03,mc.svm_OVERB,svm,OVERB,20,0.08975104352127913
DS03,mc.svm_OVERB,svm,OVERB,21,0.08655164251670996
DS03,mc.svm_OVERB,svm,OVERB,22,0.08463945715003447
DS03,mc.svm_OVERB,svm,OVERB,23,0.09000522080916666
DS03,mc.svm_OVERB,svm,OVERB,24,0.08919146076274403
DS03,mc.svm_OVERB,svm,OVERB,25,0.08789533507267962
DS03,mc.svm_OVERB,svm,OVERB,26,0.0849037200707824
DS03,mc.svm_OVERB,svm,OVERB,27,0.08608677243421328
DS03,mc.svm_OVERB,svm,OVERB,28,0.08696992785935423
DS03,mc.svm_OVERB,svm,OVERB,29,0.08636556156951987
DS03,mc.svm_OVERB,svm,OVERB,30,0.08674456022967943
DS03,mc.svm_OVERB,svm,OVERB,31,0.08668622237685732
DS03,mc.svm_OVERB,svm,OVERB,32,0.08544404530943751
DS03,mc.svm_OVERB,svm,OVERB,33,0.08890591817068455
DS03,mc.svm_OVERB,svm,OVERB,34,0.08901002304179441
DS03,mc.svm_OVERB,svm,OVERB,35,0.08924759548210265
DS03,mc.svm_OVERB,svm,OVERB,36,0.08834839924904402
DS03,mc.svm_OVERB,svm,OVERB,37,0.09213618007791988
DS03,mc.svm_OVERB,svm,OVERB,38,0.08763626334973769
DS03,mc.svm_OVERB,svm,OVERB,39,0.090245105445744
DS03,mc.svm_OVERB,svm,OVERB,40,0.087996318350362
DS03,mc.svm_OVERB,svm,OVERB,41,0.0884512628019868
DS03,mc.svm_OVERB,svm,OVERB,42,0.09089205278477978
DS03,mc.svm_OVERB,svm,OVERB,43,0.08868776991795502
DS03,mc.svm_OVERB,svm,OVERB,44,0.0943652869126552
DS03,mc.svm_OVERB,svm,OVERB,45,0.09465198510714527
DS03,mc.svm_OVERB,svm,OVERB,46,0.09048795625292604
DS03,mc.svm_OVERB,svm,OVERB,47,0.09350318373642928
DS03,mc.svm_OVERB,svm,OVERB,48,0.09428922598210761
DS03,mc.svm_OVERB,svm,OVERB,49,0.09730085285497105
DS03,mc.svm_OVERB,svm,OVERB,50,0.09631872602250019
DS03,mc.svm_OVERTPhi,svm,OVERTPhi,1,0.10628190601094786
DS03,mc.svm_OVERTPhi,svm,OVERTPhi,2,0.10449756264570846
DS03,mc.svm_OVERTPhi,svm,OVERTPhi,3,0.1052539592116001
DS03,mc.svm_OVERTPhi,svm,OVERTPhi,4,0.10094775864025152
DS03,mc.svm_OVERTPhi,svm,OVERTPhi,5,0.09796520695711981
DS03,mc.svm_OVERTPhi,svm,OVERTPhi,6,0.09565564137971275
DS03,mc.svm_OVERTPhi,svm,OVERTPhi,7,0.09368040300051572
DS03,mc.svm_OVERTPhi,svm,OVERTPhi,8,0.0952286059540728
DS03,mc.svm_OVERTPhi,svm,OVERTPhi,9,0.09363737646469893
DS03,mc.svm_OVERTPhi,svm,OVERTPhi,10,0.09419197977214087
DS03,mc.svm_OVERTPhi,svm,OVERTPhi,11,0.09117240473453288
DS03,mc.svm_OVERTPhi,svm,OVERTPhi,12,0.09486898243453781
DS03,mc.svm_OVERTPhi,svm,OVERTPhi,13,0.09567860570145319
DS03,mc.svm_OVERTPhi,svm,OVERTPhi,14,0.09528845366147126
DS03,mc.svm_OVERTPhi,svm,OVERTPhi,15,0.09900358651731392
DS03,mc.svm_OVERTPhi,svm,OVERTPhi,16,0.09396244681550042
DS03,mc.svm_OVERTPhi,svm,OVERTPhi,17,0.09331014869478546
DS03,mc.svm_OVERTPhi,svm,OVERTPhi,18,0.08891847299535083
DS03,mc.svm_OVERTPhi,svm,OVERTPhi,19,0.08813586753482525
DS03,mc.svm_OVERTPhi,svm,OVERTPhi,20,0.08872213363457952
DS03,mc.svm_OVERTPhi,svm,OVERTPhi,21,0.08757232849130467
DS03,mc.svm_OVERTPhi,svm,OVERTPhi,22,0.08961889112227514
DS03,mc.svm_OVERTPhi,svm,OVERTPhi,23,0.09273837910376963
DS03,mc.svm_OVERTPhi,svm,OVERTPhi,24,0.09279816749811465
DS03,mc.svm_OVERTPhi,svm,OVERTPhi,25,0.08912776290081541
DS03,mc.svm_OVERTPhi,svm,OVERTPhi,26,0.08826500290759383
DS03,mc.svm_OVERTPhi,svm,OVERTPhi,27,0.0906127540282478
DS03,mc.svm_OVERTPhi,svm,OVERTPhi,28,0.08919969694923749
DS03,mc.svm_OVERTPhi,svm,OVERTPhi,29,0.08978032377763105
DS03,mc.svm_OVERTPhi,svm,OVERTPhi,30,0.08680462210556936
DS03,mc.svm_OVERTPhi,svm,OVERTPhi,31,0.08601323518218332
DS03,mc.svm_OVERTPhi,svm,OVERTPhi,32,0.08705335840460954
DS03,mc.svm_OVERTPhi,svm,OVERTPhi,33,0.09100707972133032
DS03,mc.svm_OVERTPhi,svm,OVERTPhi,34,0.0883059562401852
DS03,mc.svm_OVERTPhi,svm,OVERTPhi,35,0.09042206469831623
DS03,mc.svm_OVERTPhi,svm,OVERTPhi,36,0.09039917756158829
DS03,mc.svm_OVERTPhi,svm,OVERTPhi,37,0.09056532860985203
DS03,mc.svm_OVERTPhi,svm,OVERTPhi,38,0.09048238532156329
DS03,mc.svm_OVERTPhi,svm,OVERTPhi,39,0.09082102927098015
DS03,mc.svm_OVERTPhi,svm,OVERTPhi,40,0.08629586647209231
DS03,mc.svm_OVERTPhi,svm,OVERTPhi,41,0.08379542060089178
DS03,mc.svm_OVERTPhi,svm,OVERTPhi,42,0.088627582940366
DS03,mc.svm_OVERTPhi,svm,OVERTPhi,43,0.08747817134894095
DS03,mc.svm_OVERTPhi,svm,OVERTPhi,44,0.09244826248997763
DS03,mc.svm_OVERTPhi,svm,OVERTPhi,45,0.09236472938741862
DS03,mc.svm_OVERTPhi,svm,OVERTPhi,46,0.08894166898345382
DS03,mc.svm_OVERTPhi,svm,OVERTPhi,47,0.09111584057164702
DS03,mc.svm_OVERTPhi,svm,OVERTPhi,48,0.09148651170521599
DS03,mc.svm_OVERTPhi,svm,OVERTPhi,49,0.09298518513255571
DS03,mc.svm_OVERTPhi,svm,OVERTPhi,50,0.0958609971720601
DS03,mc.svm_OVERT,svm,OVERT,1,0.10623517857736717
DS03,mc.svm_OVERT,svm,OVERT,2,0.10454398062987408
DS03,mc.svm_OVERT,svm,OVERT,3,0.10505431234250874
DS03,mc.svm_OVERT,svm,OVERT,4,0.1003693060535273
DS03,mc.svm_OVERT,svm,OVERT,5,0.09695610137259043
DS03,mc.svm_OVERT,svm,OVERT,6,0.09548237897198546
DS03,mc.svm_OVERT,svm,OVERT,7,0.09358927885975
DS03,mc.svm_OVERT,svm,OVERT,8,0.09443197238954733
DS03,mc.svm_OVERT,svm,OVERT,9,0.09396706681501306
DS03,mc.svm_OVERT,svm,OVERT,10,0.09440707187138392
DS03,mc.svm_OVERT,svm,OVERT,11,0.09144427975913166
DS03,mc.svm_OVERT,svm,OVERT,12,0.09460784315195636
DS03,mc.svm_OVERT,svm,OVERT,13,0.09596288092885628
DS03,mc.svm_OVERT,svm,OVERT,14,0.0955326115182054
DS03,mc.svm_OVERT,svm,OVERT,15,0.0988303955054873
DS03,mc.svm_OVERT,svm,OVERT,16,0.09373376481322689
DS03,mc.svm_OVERT,svm,OVERT,17,0.09379750665449724
DS03,mc.svm_OVERT,svm,OVERT,18,0.08903651250278802
DS03,mc.svm_OVERT,svm,OVERT,19,0.08827835354789798
DS03,mc.svm_OVERT,svm,OVERT,20,0.08874769134368105
DS03,mc.svm_OVERT,svm,OVERT,21,0.08762875186023668
DS03,mc.svm_OVERT,svm,OVERT,22,0.08958994419680001
DS03,mc.svm_OVERT,svm,OVERT,23,0.09323067597970154
DS03,mc.svm_OVERT,svm,OVERT,24,0.09231377964558447
DS03,mc.svm_OVERT,svm,OVERT,25,0.08951131164641775
DS03,mc.svm_OVERT,svm,OVERT,26,0.0882302644592351
DS03,mc.svm_OVERT,svm,OVERT,27,0.09033278211494153
DS03,mc.svm_OVERT,svm,OVERT,28,0.0896031655571505
DS03,mc.svm_OVERT,svm,OVERT,29,0.08994549814290707
DS03,mc.svm_OVERT,svm,OVERT,30,0.08727854456568217
DS03,mc.svm_OVERT,svm,OVERT,31,0.08611779063412413
DS03,mc.svm_OVERT,svm,OVERT,32,0.08650150487051693
DS03,mc.svm_OVERT,svm,OVERT,33,0.09058770555623191
DS03,mc.svm_OVERT,svm,OVERT,34,0.08850575728010687
DS03,mc.svm_OVERT,svm,OVERT,35,0.08999277525015159
DS03,mc.svm_OVERT,svm,OVERT,36,0.0902863664900252
DS03,mc.svm_OVERT,svm,OVERT,37,0.09012467513014147
DS03,mc.svm_OVERT,svm,OVERT,38,0.08989019033423015
DS03,mc.svm_OVERT,svm,OVERT,39,0.09058586871171391
DS03,mc.svm_OVERT,svm,OVERT,40,0.08631869571357477
DS03,mc.svm_OVERT,svm,OVERT,41,0.08474457942560758
DS03,mc.svm_OVERT,svm,OVERT,42,0.08877695430080755
DS03,mc.svm_OVERT,svm,OVERT,43,0.08844474670667747
DS03,mc.svm_OVERT,svm,OVERT,44,0.09079008857022994
DS03,mc.svm_OVERT,svm,OVERT,45,0.09189861045739717
DS03,mc.svm_OVERT,svm,OVERT,46,0.0892469649807975
DS03,mc.svm_OVERT,svm,OVERT,47,0.09117914158032679
DS03,mc.svm_OVERT,svm,OVERT,48,0.0918923263841498
DS03,mc.svm_OVERT,svm,OVERT,49,0.09260907925886308
DS03,mc.svm_OVERT,svm,OVERT,50,0.0965942346326706
DS03,mc.svm_SMOTEB,svm,SMOTEB,1,0.11643250382339353
DS03,mc.svm_SMOTEB,svm,SMOTEB,2,0.1094832422990739
DS03,mc.svm_SMOTEB,svm,SMOTEB,3,0.11890936361720163
DS03,mc.svm_SMOTEB,svm,SMOTEB,4,0.11451003328000907
DS03,mc.svm_SMOTEB,svm,SMOTEB,5,0.10603377909454997
DS03,mc.svm_SMOTEB,svm,SMOTEB,6,0.11166868863624582
DS03,mc.svm_SMOTEB,svm,SMOTEB,7,0.10018217462539095
DS03,mc.svm_SMOTEB,svm,SMOTEB,8,0.0997173778390869
DS03,mc.svm_SMOTEB,svm,SMOTEB,9,0.10213120461863022
DS03,mc.svm_SMOTEB,svm,SMOTEB,10,0.103971774319072
DS03,mc.svm_SMOTEB,svm,SMOTEB,11,0.10463177307043242
DS03,mc.svm_SMOTEB,svm,SMOTEB,12,0.10198344136839246
DS03,mc.svm_SMOTEB,svm,SMOTEB,13,0.10188155242880939
DS03,mc.svm_SMOTEB,svm,SMOTEB,14,0.10947354028639569
DS03,mc.svm_SMOTEB,svm,SMOTEB,15,0.10664560080501263
DS03,mc.svm_SMOTEB,svm,SMOTEB,16,0.1032180198165008
DS03,mc.svm_SMOTEB,svm,SMOTEB,17,0.10461087789196025
DS03,mc.svm_SMOTEB,svm,SMOTEB,18,0.10140831960486704
DS03,mc.svm_SMOTEB,svm,SMOTEB,19,0.09969766660971259
DS03,mc.svm_SMOTEB,svm,SMOTEB,20,0.10267286165358577
DS03,mc.svm_SMOTEB,svm,SMOTEB,21,0.10067270221090172
DS03,mc.svm_SMOTEB,svm,SMOTEB,22,0.10200713019887045
DS03,mc.svm_SMOTEB,svm,SMOTEB,23,0.10179980487591449
DS03,mc.svm_SMOTEB,svm,SMOTEB,24,0.10255338159754339
DS03,mc.svm_SMOTEB,svm,SMOTEB,25,0.1069972004686402
DS03,mc.svm_SMOTEB,svm,SMOTEB,26,0.11340893580767053
DS03,mc.svm_SMOTEB,svm,SMOTEB,27,0.09839686411494467
DS03,mc.svm_SMOTEB,svm,SMOTEB,28,0.09775938942077647
DS03,mc.svm_SMOTEB,svm,SMOTEB,29,0.09826551918404008
DS03,mc.svm_SMOTEB,svm,SMOTEB,30,0.09853802042388439
DS03,mc.svm_SMOTEB,svm,SMOTEB,31,0.09800524369189308
DS03,mc.svm_SMOTEB,svm,SMOTEB,32,0.10012030713918832
DS03,mc.svm_SMOTEB,svm,SMOTEB,33,0.10276009466789249
DS03,mc.svm_SMOTEB,svm,SMOTEB,34,0.09898144565176846
DS03,mc.svm_SMOTEB,svm,SMOTEB,35,0.10464510089983028
DS03,mc.svm_SMOTEB,svm,SMOTEB,36,0.10212273661548216
DS03,mc.svm_SMOTEB,svm,SMOTEB,37,0.10514052541823612
DS03,mc.svm_SMOTEB,svm,SMOTEB,38,0.10779211934625964
DS03,mc.svm_SMOTEB,svm,SMOTEB,39,0.1020549633747551
DS03,mc.svm_SMOTEB,svm,SMOTEB,40,0.10617243561407669
DS03,mc.svm_SMOTEB,svm,SMOTEB,41,0.1058577784722039
DS03,mc.svm_SMOTEB,svm,SMOTEB,42,0.10117502888533159
DS03,mc.svm_SMOTEB,svm,SMOTEB,43,0.10616210794709031
DS03,mc.svm_SMOTEB,svm,SMOTEB,44,0.10503331941013408
DS03,mc.svm_SMOTEB,svm,SMOTEB,45,0.10485962035780336
DS03,mc.svm_SMOTEB,svm,SMOTEB,46,0.1194488408409103
DS03,mc.svm_SMOTEB,svm,SMOTEB,47,0.11713946139246896
DS03,mc.svm_SMOTEB,svm,SMOTEB,48,0.11583187391209761
DS03,mc.svm_SMOTEB,svm,SMOTEB,49,0.11163291032789437
DS03,mc.svm_SMOTEB,svm,SMOTEB,50,0.1217985973457767
DS03,mc.svm_SMOTETPhi,svm,SMOTETPhi,1,0.1324674872147761
DS03,mc.svm_SMOTETPhi,svm,SMOTETPhi,2,0.14494061065703803
DS03,mc.svm_SMOTETPhi,svm,SMOTETPhi,3,0.13822485847388244
DS03,mc.svm_SMOTETPhi,svm,SMOTETPhi,4,0.13131048376436943
DS03,mc.svm_SMOTETPhi,svm,SMOTETPhi,5,0.11567797451005699
DS03,mc.svm_SMOTETPhi,svm,SMOTETPhi,6,0.12735742443645054
DS03,mc.svm_SMOTETPhi,svm,SMOTETPhi,7,0.10614278111905753
DS03,mc.svm_SMOTETPhi,svm,SMOTETPhi,8,0.1062728605467039
DS03,mc.svm_SMOTETPhi,svm,SMOTETPhi,9,0.10275928854994769
DS03,mc.svm_SMOTETPhi,svm,SMOTETPhi,10,0.10618149907271018
DS03,mc.svm_SMOTETPhi,svm,SMOTETPhi,11,0.10792184939837984
DS03,mc.svm_SMOTETPhi,svm,SMOTETPhi,12,0.1075044186025605
DS03,mc.svm_SMOTETPhi,svm,SMOTETPhi,13,0.118232806709998
DS03,mc.svm_SMOTETPhi,svm,SMOTETPhi,14,0.10822009168950493
DS03,mc.svm_SMOTETPhi,svm,SMOTETPhi,15,0.10706908262562574
DS03,mc.svm_SMOTETPhi,svm,SMOTETPhi,16,0.10199531211395721
DS03,mc.svm_SMOTETPhi,svm,SMOTETPhi,17,0.10834772741781594
DS03,mc.svm_SMOTETPhi,svm,SMOTETPhi,18,0.1005848925372169
DS03,mc.svm_SMOTETPhi,svm,SMOTETPhi,19,0.10314313886264956
DS03,mc.svm_SMOTETPhi,svm,SMOTETPhi,20,0.10354544144538194
DS03,mc.svm_SMOTETPhi,svm,SMOTETPhi,21,0.10821434361049613
DS03,mc.svm_SMOTETPhi,svm,SMOTETPhi,22,0.11000135846657283
DS03,mc.svm_SMOTETPhi,svm,SMOTETPhi,23,0.10991470007566971
DS03,mc.svm_SMOTETPhi,svm,SMOTETPhi,24,0.1100644232838929
DS03,mc.svm_SMOTETPhi,svm,SMOTETPhi,25,0.11122899916397304
DS03,mc.svm_SMOTETPhi,svm,SMOTETPhi,26,0.11068621002034766
DS03,mc.svm_SMOTETPhi,svm,SMOTETPhi,27,0.11628172958497217
DS03,mc.svm_SMOTETPhi,svm,SMOTETPhi,28,0.11037387614270634
DS03,mc.svm_SMOTETPhi,svm,SMOTETPhi,29,0.10645642799416245
DS03,mc.svm_SMOTETPhi,svm,SMOTETPhi,30,0.09922121890585453
DS03,mc.svm_SMOTETPhi,svm,SMOTETPhi,31,0.0976908987898791
DS03,mc.svm_SMOTETPhi,svm,SMOTETPhi,32,0.09314060689184381
DS03,mc.svm_SMOTETPhi,svm,SMOTETPhi,33,0.1034019990917929
DS03,mc.svm_SMOTETPhi,svm,SMOTETPhi,34,0.09742675532675989
DS03,mc.svm_SMOTETPhi,svm,SMOTETPhi,35,0.10100274728779429
DS03,mc.svm_SMOTETPhi,svm,SMOTETPhi,36,0.10215844924023675
DS03,mc.svm_SMOTETPhi,svm,SMOTETPhi,37,0.09978802456939695
DS03,mc.svm_SMOTETPhi,svm,SMOTETPhi,38,0.09639162589773576
DS03,mc.svm_SMOTETPhi,svm,SMOTETPhi,39,0.10547235746125967
DS03,mc.svm_SMOTETPhi,svm,SMOTETPhi,40,0.10167698921290652
DS03,mc.svm_SMOTETPhi,svm,SMOTETPhi,41,0.1078273086921494
DS03,mc.svm_SMOTETPhi,svm,SMOTETPhi,42,0.10640167098387951
DS03,mc.svm_SMOTETPhi,svm,SMOTETPhi,43,0.1010658003502227
DS03,mc.svm_SMOTETPhi,svm,SMOTETPhi,44,0.11236154246626771
DS03,mc.svm_SMOTETPhi,svm,SMOTETPhi,45,0.10957795605202666
DS03,mc.svm_SMOTETPhi,svm,SMOTETPhi,46,0.12243836528990124
DS03,mc.svm_SMOTETPhi,svm,SMOTETPhi,47,0.11652330348204741
DS03,mc.svm_SMOTETPhi,svm,SMOTETPhi,48,0.11532161804272716
DS03,mc.svm_SMOTETPhi,svm,SMOTETPhi,49,0.11616458506682882
DS03,mc.svm_SMOTETPhi,svm,SMOTETPhi,50,0.11777381531336191
DS03,mc.svm_SMOTET,svm,SMOTET,1,0.12696997767590884
DS03,mc.svm_SMOTET,svm,SMOTET,2,0.1309075457067883
DS03,mc.svm_SMOTET,svm,SMOTET,3,0.1352531180797472
DS03,mc.svm_SMOTET,svm,SMOTET,4,0.11469836382189891
DS03,mc.svm_SMOTET,svm,SMOTET,5,0.10515314609503984
DS03,mc.svm_SMOTET,svm,SMOTET,6,0.1113047247799257
DS03,mc.svm_SMOTET,svm,SMOTET,7,0.09975311157282248
DS03,mc.svm_SMOTET,svm,SMOTET,8,0.09891482284533948
DS03,mc.svm_SMOTET,svm,SMOTET,9,0.10500932824714619
DS03,mc.svm_SMOTET,svm,SMOTET,10,0.10293513869249542
DS03,mc.svm_SMOTET,svm,SMOTET,11,0.10576608144420432
DS03,mc.svm_SMOTET,svm,SMOTET,12,0.10873730351470029
DS03,mc.svm_SMOTET,svm,SMOTET,13,0.10792736591665864
DS03,mc.svm_SMOTET,svm,SMOTET,14,0.10200012707947491
DS03,mc.svm_SMOTET,svm,SMOTET,15,0.10312777695118319
DS03,mc.svm_SMOTET,svm,SMOTET,16,0.10009828454306657
DS03,mc.svm_SMOTET,svm,SMOTET,17,0.09935976849517943
DS03,mc.svm_SMOTET,svm,SMOTET,18,0.09674216484517927
DS03,mc.svm_SMOTET,svm,SMOTET,19,0.09472951006822422
DS03,mc.svm_SMOTET,svm,SMOTET,20,0.09584165359818403
DS03,mc.svm_SMOTET,svm,SMOTET,21,0.1018123164211759
DS03,mc.svm_SMOTET,svm,SMOTET,22,0.10175478681928427
DS03,mc.svm_SMOTET,svm,SMOTET,23,0.10292739945612811
DS03,mc.svm_SMOTET,svm,SMOTET,24,0.10602682044561638
DS03,mc.svm_SMOTET,svm,SMOTET,25,0.10178306082955042
DS03,mc.svm_SMOTET,svm,SMOTET,26,0.10529825940987604
DS03,mc.svm_SMOTET,svm,SMOTET,27,0.10687723598060887
DS03,mc.svm_SMOTET,svm,SMOTET,28,0.10225887732381321
DS03,mc.svm_SMOTET,svm,SMOTET,29,0.10079389096470631
DS03,mc.svm_SMOTET,svm,SMOTET,30,0.09347065112544671
DS03,mc.svm_SMOTET,svm,SMOTET,31,0.09730338031941538
DS03,mc.svm_SMOTET,svm,SMOTET,32,0.09239059064949945
DS03,mc.svm_SMOTET,svm,SMOTET,33,0.10032994969150004
DS03,mc.svm_SMOTET,svm,SMOTET,34,0.09915308815285855
DS03,mc.svm_SMOTET,svm,SMOTET,35,0.09832406114305219
DS03,mc.svm_SMOTET,svm,SMOTET,36,0.09756261963492562
DS03,mc.svm_SMOTET,svm,SMOTET,37,0.10268515032441067
DS03,mc.svm_SMOTET,svm,SMOTET,38,0.09866698970001636
DS03,mc.svm_SMOTET,svm,SMOTET,39,0.09831103078565719
DS03,mc.svm_SMOTET,svm,SMOTET,40,0.10279310693083742
DS03,mc.svm_SMOTET,svm,SMOTET,41,0.10441749557550416
DS03,mc.svm_SMOTET,svm,SMOTET,42,0.10493981870077186
DS03,mc.svm_SMOTET,svm,SMOTET,43,0.10269251894324093
DS03,mc.svm_SMOTET,svm,SMOTET,44,0.10436502029723026
DS03,mc.svm_SMOTET,svm,SMOTET,45,0.10356576757859196
DS03,mc.svm_SMOTET,svm,SMOTET,46,0.10512811574688784
DS03,mc.svm_SMOTET,svm,SMOTET,47,0.10906818442620711
DS03,mc.svm_SMOTET,svm,SMOTET,48,0.10364178642346997
DS03,mc.svm_SMOTET,svm,SMOTET,49,0.11943789022741536
DS03,mc.svm_SMOTET,svm,SMOTET,50,0.11075420668140223
DS03,mc.svm_UNDERB,svm,UNDERB,1,0.11142289761329613
DS03,mc.svm_UNDERB,svm,UNDERB,2,0.09921170394274129
DS03,mc.svm_UNDERB,svm,UNDERB,3,0.10410832977198085
DS03,mc.svm_UNDERB,svm,UNDERB,4,0.09776864015260679
DS03,mc.svm_UNDERB,svm,UNDERB,5,0.09756408245913988
DS03,mc.svm_UNDERB,svm,UNDERB,6,0.10025949975905583
DS03,mc.svm_UNDERB,svm,UNDERB,7,0.0860020410595148
DS03,mc.svm_UNDERB,svm,UNDERB,8,0.10041194004027046
DS03,mc.svm_UNDERB,svm,UNDERB,9,0.09318461940148796
DS03,mc.svm_UNDERB,svm,UNDERB,10,0.09322435199288788
DS03,mc.svm_UNDERB,svm,UNDERB,11,0.09657008708550317
DS03,mc.svm_UNDERB,svm,UNDERB,12,0.08756952634766024
DS03,mc.svm_UNDERB,svm,UNDERB,13,0.08824912177592413
DS03,mc.svm_UNDERB,svm,UNDERB,14,0.09233041092773887
DS03,mc.svm_UNDERB,svm,UNDERB,15,0.10207604626588827
DS03,mc.svm_UNDERB,svm,UNDERB,16,0.09130645050967445
DS03,mc.svm_UNDERB,svm,UNDERB,17,0.09702467463684888
DS03,mc.svm_UNDERB,svm,UNDERB,18,0.08764987530189298
DS03,mc.svm_UNDERB,svm,UNDERB,19,0.08473149880989624
DS03,mc.svm_UNDERB,svm,UNDERB,20,0.09301477431545958
DS03,mc.svm_UNDERB,svm,UNDERB,21,0.0891285514875377
DS03,mc.svm_UNDERB,svm,UNDERB,22,0.0733215522344098
DS03,mc.svm_UNDERB,svm,UNDERB,23,0.08184862732240498
DS03,mc.svm_UNDERB,svm,UNDERB,24,0.07851985801980045
DS03,mc.svm_UNDERB,svm,UNDERB,25,0.08421035583125298
DS03,mc.svm_UNDERB,svm,UNDERB,26,0.08053920187790299
DS03,mc.svm_UNDERB,svm,UNDERB,27,0.08650901727105038
DS03,mc.svm_UNDERB,svm,UNDERB,28,0.10407623748105897
DS03,mc.svm_UNDERB,svm,UNDERB,29,0.07872514808180789
DS03,mc.svm_UNDERB,svm,UNDERB,30,0.07847513308095226
DS03,mc.svm_UNDERB,svm,UNDERB,31,0.07671309388200818
DS03,mc.svm_UNDERB,svm,UNDERB,32,0.08248745480655223
DS03,mc.svm_UNDERB,svm,UNDERB,33,0.08427614256542423
DS03,mc.svm_UNDERB,svm,UNDERB,34,0.09321730745521174
DS03,mc.svm_UNDERB,svm,UNDERB,35,0.08420595734477455
DS03,mc.svm_UNDERB,svm,UNDERB,36,0.09235826998504093
DS03,mc.svm_UNDERB,svm,UNDERB,37,0.07973464273293229
DS03,mc.svm_UNDERB,svm,UNDERB,38,0.09258247344290628
DS03,mc.svm_UNDERB,svm,UNDERB,39,0.0836974969563911
DS03,mc.svm_UNDERB,svm,UNDERB,40,0.0780458120051235
DS03,mc.svm_UNDERB,svm,UNDERB,41,0.08399219203675398
DS03,mc.svm_UNDERB,svm,UNDERB,42,0.08079098624423765
DS03,mc.svm_UNDERB,svm,UNDERB,43,0.09558657585303657
DS03,mc.svm_UNDERB,svm,UNDERB,44,0.08346587194040671
DS03,mc.svm_UNDERB,svm,UNDERB,45,0.09169108494766588
DS03,mc.svm_UNDERB,svm,UNDERB,46,0.09067144134574938
DS03,mc.svm_UNDERB,svm,UNDERB,47,0.08965680663105434
DS03,mc.svm_UNDERB,svm,UNDERB,48,0.08110130394913906
DS03,mc.svm_UNDERB,svm,UNDERB,49,0.08945817685955901
DS03,mc.svm_UNDERB,svm,UNDERB,50,0.10687019287574473
DS03,mc.svm_UNDERTPhi,svm,UNDERTPhi,1,0.11436561825561216
DS03,mc.svm_UNDERTPhi,svm,UNDERTPhi,2,0.10712223939071754
DS03,mc.svm_UNDERTPhi,svm,UNDERTPhi,3,0.11155998880320003
DS03,mc.svm_UNDERTPhi,svm,UNDERTPhi,4,0.11105545065445445
DS03,mc.svm_UNDERTPhi,svm,UNDERTPhi,5,0.11016147487224218
DS03,mc.svm_UNDERTPhi,svm,UNDERTPhi,6,0.10324288886679893
DS03,mc.svm_UNDERTPhi,svm,UNDERTPhi,7,0.10906251720813233
DS03,mc.svm_UNDERTPhi,svm,UNDERTPhi,8,0.10347609775614129
DS03,mc.svm_UNDERTPhi,svm,UNDERTPhi,9,0.10194776798815218
DS03,mc.svm_UNDERTPhi,svm,UNDERTPhi,10,0.1022342086724483
DS03,mc.svm_UNDERTPhi,svm,UNDERTPhi,11,0.08669189933528955
DS03,mc.svm_UNDERTPhi,svm,UNDERTPhi,12,0.09819121867835985
DS03,mc.svm_UNDERTPhi,svm,UNDERTPhi,13,0.12217740876816753
DS03,mc.svm_UNDERTPhi,svm,UNDERTPhi,14,0.11254891874775168
DS03,mc.svm_UNDERTPhi,svm,UNDERTPhi,15,0.10129206222587524
DS03,mc.svm_UNDERTPhi,svm,UNDERTPhi,16,0.10083391855577138
DS03,mc.svm_UNDERTPhi,svm,UNDERTPhi,17,0.09201632665156563
DS03,mc.svm_UNDERTPhi,svm,UNDERTPhi,18,0.1048233298327389
DS03,mc.svm_UNDERTPhi,svm,UNDERTPhi,19,0.09046928543096402
DS03,mc.svm_UNDERTPhi,svm,UNDERTPhi,20,0.09123749931432637
DS03,mc.svm_UNDERTPhi,svm,UNDERTPhi,21,0.09399367192665581
DS03,mc.svm_UNDERTPhi,svm,UNDERTPhi,22,0.09683499382266324
DS03,mc.svm_UNDERTPhi,svm,UNDERTPhi,23,0.10305182362769724
DS03,mc.svm_UNDERTPhi,svm,UNDERTPhi,24,0.1057586213457791
DS03,mc.svm_UNDERTPhi,svm,UNDERTPhi,25,0.08218754575479398
DS03,mc.svm_UNDERTPhi,svm,UNDERTPhi,26,0.10516756194481532
DS03,mc.svm_UNDERTPhi,svm,UNDERTPhi,27,0.09874705343771552
DS03,mc.svm_UNDERTPhi,svm,UNDERTPhi,28,0.09333447853483136
DS03,mc.svm_UNDERTPhi,svm,UNDERTPhi,29,0.09977484157646517
DS03,mc.svm_UNDERTPhi,svm,UNDERTPhi,30,0.09798606087871588
DS03,mc.svm_UNDERTPhi,svm,UNDERTPhi,31,0.090080234029544
DS03,mc.svm_UNDERTPhi,svm,UNDERTPhi,32,0.0936023993551775
DS03,mc.svm_UNDERTPhi,svm,UNDERTPhi,33,0.08998642027219328
DS03,mc.svm_UNDERTPhi,svm,UNDERTPhi,34,0.09179624042662803
DS03,mc.svm_UNDERTPhi,svm,UNDERTPhi,35,0.08938783287350964
DS03,mc.svm_UNDERTPhi,svm,UNDERTPhi,36,0.0853810824406078
DS03,mc.svm_UNDERTPhi,svm,UNDERTPhi,37,0.1034819390146661
DS03,mc.svm_UNDERTPhi,svm,UNDERTPhi,38,0.09156289007153064
DS03,mc.svm_UNDERTPhi,svm,UNDERTPhi,39,0.10212512455462631
DS03,mc.svm_UNDERTPhi,svm,UNDERTPhi,40,0.10505767323169732
DS03,mc.svm_UNDERTPhi,svm,UNDERTPhi,41,0.0914372085170872
DS03,mc.svm_UNDERTPhi,svm,UNDERTPhi,42,0.08925284841632918
DS03,mc.svm_UNDERTPhi,svm,UNDERTPhi,43,0.09656972432023664
DS03,mc.svm_UNDERTPhi,svm,UNDERTPhi,44,0.1127855769514941
DS03,mc.svm_UNDERTPhi,svm,UNDERTPhi,45,0.11615056174817723
DS03,mc.svm_UNDERTPhi,svm,UNDERTPhi,46,0.11799414119905435
DS03,mc.svm_UNDERTPhi,svm,UNDERTPhi,47,0.10989564851397897
DS03,mc.svm_UNDERTPhi,svm,UNDERTPhi,48,0.09558664510933967
DS03,mc.svm_UNDERTPhi,svm,UNDERTPhi,49,0.11113597756420587
DS03,mc.svm_UNDERTPhi,svm,UNDERTPhi,50,0.11084745023947185
DS03,mc.svm_UNDERT,svm,UNDERT,1,0.10555481552523462
DS03,mc.svm_UNDERT,svm,UNDERT,2,0.09849965993246307
DS03,mc.svm_UNDERT,svm,UNDERT,3,0.10749215114602538
DS03,mc.svm_UNDERT,svm,UNDERT,4,0.09212553258060363
DS03,mc.svm_UNDERT,svm,UNDERT,5,0.0951950544632138
DS03,mc.svm_UNDERT,svm,UNDERT,6,0.09936580428644974
DS03,mc.svm_UNDERT,svm,UNDERT,7,0.09764320575019778
DS03,mc.svm_UNDERT,svm,UNDERT,8,0.09405075238108195
DS03,mc.svm_UNDERT,svm,UNDERT,9,0.11217663311335742
DS03,mc.svm_UNDERT,svm,UNDERT,10,0.09247868163562291
DS03,mc.svm_UNDERT,svm,UNDERT,11,0.09543423886262464
DS03,mc.svm_UNDERT,svm,UNDERT,12,0.0878464648555691
DS03,mc.svm_UNDERT,svm,UNDERT,13,0.09064259325604415
DS03,mc.svm_UNDERT,svm,UNDERT,14,0.09212560174676938
DS03,mc.svm_UNDERT,svm,UNDERT,15,0.092060115272938
DS03,mc.svm_UNDERT,svm,UNDERT,16,0.10176786511323468
DS03,mc.svm_UNDERT,svm,UNDERT,17,0.08604661923277271
DS03,mc.svm_UNDERT,svm,UNDERT,18,0.0831727625425792
DS03,mc.svm_UNDERT,svm,UNDERT,19,0.07987523142016677
DS03,mc.svm_UNDERT,svm,UNDERT,20,0.08402908188816252
DS03,mc.svm_UNDERT,svm,UNDERT,21,0.08472576697965647
DS03,mc.svm_UNDERT,svm,UNDERT,22,0.07472522799718076
DS03,mc.svm_UNDERT,svm,UNDERT,23,0.08941423884144942
DS03,mc.svm_UNDERT,svm,UNDERT,24,0.07565609158403155
DS03,mc.svm_UNDERT,svm,UNDERT,25,0.08470835347257856
DS03,mc.svm_UNDERT,svm,UNDERT,26,0.0869605353338147
DS03,mc.svm_UNDERT,svm,UNDERT,27,0.09120653197536603
DS03,mc.svm_UNDERT,svm,UNDERT,28,0.09543986909274571
DS03,mc.svm_UNDERT,svm,UNDERT,29,0.08278882112071989
DS03,mc.svm_UNDERT,svm,UNDERT,30,0.07508896101025075
DS03,mc.svm_UNDERT,svm,UNDERT,31,0.08634795479350896
DS03,mc.svm_UNDERT,svm,UNDERT,32,0.07879823859975146
DS03,mc.svm_UNDERT,svm,UNDERT,33,0.07926691958167892
DS03,mc.svm_UNDERT,svm,UNDERT,34,0.08907797812974247
DS03,mc.svm_UNDERT,svm,UNDERT,35,0.09379669354231279
DS03,mc.svm_UNDERT,svm,UNDERT,36,0.0741614428643814
DS03,mc.svm_UNDERT,svm,UNDERT,37,0.09341435565685491
DS03,mc.svm_UNDERT,svm,UNDERT,38,0.08039702691565087
DS03,mc.svm_UNDERT,svm,UNDERT,39,0.09875315505393505
DS03,mc.svm_UNDERT,svm,UNDERT,40,0.07409632570351203
DS03,mc.svm_UNDERT,svm,UNDERT,41,0.078697662321765
DS03,mc.svm_UNDERT,svm,UNDERT,42,0.0996976263724618
DS03,mc.svm_UNDERT,svm,UNDERT,43,0.09035205326395654
DS03,mc.svm_UNDERT,svm,UNDERT,44,0.08080626393806636
DS03,mc.svm_UNDERT,svm,UNDERT,45,0.0834861886897859
DS03,mc.svm_UNDERT,svm,UNDERT,46,0.09264781903841623
DS03,mc.svm_UNDERT,svm,UNDERT,47,0.09089088494944993
DS03,mc.svm_UNDERT,svm,UNDERT,48,0.0938562188233527
DS03,mc.svm_UNDERT,svm,UNDERT,49,0.08990302516566277
DS03,mc.svm_UNDERT,svm,UNDERT,50,0.09826655516842611
DS03,mc.svm,svm,baseline,1,0.07708538948004558
DS03,mc.svm,svm,baseline,2,0.07733053333109179
DS03,mc.svm,svm,baseline,3,0.07687504265312349
DS03,mc.svm,svm,baseline,4,0.07299377732794544
DS03,mc.svm,svm,baseline,5,0.07107388736394188
DS03,mc.svm,svm,baseline,6,0.07101918930720835
DS03,mc.svm,svm,baseline,7,0.06884832823161197
DS03,mc.svm,svm,baseline,8,0.06928373307873023
DS03,mc.svm,svm,baseline,9,0.0690804748783429
DS03,mc.svm,svm,baseline,10,0.06936983422718497
DS03,mc.svm,svm,baseline,11,0.06921487923593135
DS03,mc.svm,svm,baseline,12,0.06916764900501371
DS03,mc.svm,svm,baseline,13,0.0692277993647525
DS03,mc.svm,svm,baseline,14,0.06849790966824011
DS03,mc.svm,svm,baseline,15,0.06793851188396897
DS03,mc.svm,svm,baseline,16,0.0647693203758812
DS03,mc.svm,svm,baseline,17,0.06487161869902924
DS03,mc.svm,svm,baseline,18,0.06492619115172103
DS03,mc.svm,svm,baseline,19,0.06715740071769426
DS03,mc.svm,svm,baseline,20,0.06698925514722137
DS03,mc.svm,svm,baseline,21,0.06510758669502725
DS03,mc.svm,svm,baseline,22,0.06332309460704488
DS03,mc.svm,svm,baseline,23,0.06379559345375757
DS03,mc.svm,svm,baseline,24,0.06469867858613468
DS03,mc.svm,svm,baseline,25,0.06411226918885718
DS03,mc.svm,svm,baseline,26,0.06444613094787266
DS03,mc.svm,svm,baseline,27,0.06424583190719495
DS03,mc.svm,svm,baseline,28,0.06445204974682688
DS03,mc.svm,svm,baseline,29,0.06388598841761498
DS03,mc.svm,svm,baseline,30,0.06232490420397947
DS03,mc.svm,svm,baseline,31,0.061913441175234486
DS03,mc.svm,svm,baseline,32,0.06234581492689155
DS03,mc.svm,svm,baseline,33,0.06483145489511945
DS03,mc.svm,svm,baseline,34,0.06535778350932903
DS03,mc.svm,svm,baseline,35,0.06422510217108825
DS03,mc.svm,svm,baseline,36,0.06520086529566896
DS03,mc.svm,svm,baseline,37,0.0650617384261411
DS03,mc.svm,svm,baseline,38,0.0648299074723337
DS03,mc.svm,svm,baseline,39,0.06617939100786586
DS03,mc.svm,svm,baseline,40,0.06565315566791378
DS03,mc.svm,svm,baseline,41,0.06551487545575946
DS03,mc.svm,svm,baseline,42,0.06537965686956033
DS03,mc.svm,svm,baseline,43,0.06574498233473378
DS03,mc.svm,svm,baseline,44,0.06933068941762148
DS03,mc.svm,svm,baseline,45,0.06909289086306035
DS03,mc.svm,svm,baseline,46,0.06879200589871365
DS03,mc.svm,svm,baseline,47,0.07063680195557183
DS03,mc.svm,svm,baseline,48,0.07058543652606741
DS03,mc.svm,svm,baseline,49,0.07365182295657954
DS03,mc.svm,svm,baseline,50,0.07388498555004891
