dataset_id,workflow,model_family,strategy,iteration,rmse
DS07,mc.BDES,BDES,baseline,1,0.07894857726082682
DS07,mc.BDES,BDES,baseline,2,0.07906001056513297
DS07,mc.BDES,BDES,baseline,3,0.07909747723984996
DS07,mc.BDES,BDES,baseline,4,0.07908127537456233
DS07,mc.BDES,BDES,baseline,5,0.08004162281348567
DS07,mc.BDES,BDES,baseline,6,0.08018465033127377
DS07,mc.BDES,BDES,baseline,7,0.0802097008192134
DS07,mc.BDES,BDES,baseline,8,0.08048456433282264
DS07,mc.BDES,BDES,baseline,9,0.08028103597103922
DS07,mc.BDES,BDES,baseline,10,0.08023550964214217
DS07,mc.BDES,BDES,baseline,11,0.08004817610670958
DS07,mc.BDES,BDES,baseline,12,0.08016839262928362
DS07,mc.BDES,BDES,baseline,13,0.08014979624452333
DS07,mc.BDES,BDES,baseline,14,0.07989181517732566
DS07,mc.BDES,BDES,baseline,15,0.07996841627941392
DS07,mc.BDES,BDES,baseline,16,0.08006302368920581
DS07,mc.BDES,BDES,baseline,17,0.07999256449057977
DS07,mc.BDES,BDES,baseline,18,0.08009857885642713
DS07,mc.BDES,BDES,baseline,19,0.08028526359126839
DS07,mc.BDES,BDES,baseline,20,0.07916265498745248
DS07,mc.BDES,BDES,baseline,21,0.07788398756806501
DS07,mc.BDES,BDES,baseline,22,0.07762280266766629
DS07,mc.BDES,BDES,baseline,23,0.07765333985731644
DS07,mc.BDES,BDES,baseline,24,0.07738310310581564
DS07,mc.BDES,BDES,baseline,25,0.07733299291544918
DS07,mc.BDES,BDES,baseline,26,0.07685485812617915
DS07,mc.BDES,BDES,baseline,27,0.07753684453960215
DS07,mc.BDES,BDES,baseline,28,0.07762645733624299
DS07,mc.BDES,BDES,baseline,29,0.07792059427867923
DS07,mc.BDES,BDES,baseline,30,0.07733620087879
DS07,mc.BDES,BDES,baseline,31,0.07665044833474312
DS07,mc.BDES,BDES,baseline,32,0.07640950111088268
DS07,mc.BDES,BDES,baseline,33,0.07523388732276941
DS07,mc.BDES,BDES,baseline,34,0.07535368933973804
DS07,mc.BDES,BDES,baseline,35,0.07489594491192797
DS07,mc.BDES,BDES,baseline,36,0.07484510098124654
DS07,mc.BDES,BDES,baseline,37,0.07450029971410735
DS07,mc.BDES,BDES,baseline,38,0.07441731751881656
DS07,mc.BDES,BDES,baseline,39,0.07438523427673745
DS07,mc.BDES,BDES,baseline,40,0.07486439850968314
DS07,mc.BDES,BDES,baseline,41,0.07504354385188573
DS07,mc.BDES,BDES,baseline,42,0.07488710719022662
DS07,mc.BDES,BDES,baseline,43,0.07421867634663204
DS07,mc.BDES,BDES,baseline,44,0.07404654547490637
DS07,mc.BDES,BDES,baseline,45,0.07379984647788815
DS07,mc.BDES,BDES,baseline,46,0.0738459476751709
DS07,mc.BDES,BDES,baseline,47,0.07380767138930282
DS07,mc.BDES,BDES,baseline,48,0.07403771475050867
DS07,mc.BDES,BDES,baseline,49,0.07407664205862512
DS07,mc.BDES,BDES,baseline,50,0.07507457208182644
DS07,mc.arima,arima,baseline,1,0.08025600051529054
DS07,mc.arima,arima,baseline,2,0.08027347372174874
DS07,mc.arima,arima,baseline,3,0.08011421630970117
DS07,mc.arima,arima,baseline,4,0.08015819694865556
DS07,mc.arima,arima,baseline,5,0.08101536030596569
DS07,mc.arima,arima,baseline,6,0.08242174622245663
DS07,mc.arima,arima,baseline,7,0.0809897995722801
DS07,mc.arima,arima,baseline,8,0.08133285615072218
DS07,mc.arima,arima,baseline,9,0.08112389669136412
DS07,mc.arima,arima,baseline,10,0.08246344240241098
DS07,mc.arima,arima,baseline,11,0.08114778464191158
DS07,mc.arima,arima,baseline,12,0.08123800791086405
DS07,mc.arima,arima,baseline,13,0.08248183535984221
DS07,mc.arima,arima,baseline,14,0.08090988005595899
DS07,mc.arima,arima,baseline,15,0.08099767765565508
DS07,mc.arima,arima,baseline,16,0.08095680279432363
DS07,mc.arima,arima,baseline,17,0.08086692665977797
DS07,mc.arima,arima,baseline,18,0.08088842226698172
DS07,mc.arima,arima,baseline,19,0.08108543836005237
DS07,mc.arima,arima,baseline,20,0.0798893210865617
DS07,mc.arima,arima,baseline,21,0.07875299624990278
DS07,mc.arima,arima,baseline,22,0.07859668475284706
DS07,mc.arima,arima,baseline,23,0.07861172526768669
DS07,mc.arima,arima,baseline,24,0.07840220393200348
DS07,mc.arima,arima,baseline,25,0.07844171188207155
DS07,mc.arima,arima,baseline,26,0.07781851710811089
DS07,mc.arima,arima,baseline,27,0.07852703745685428
DS07,mc.arima,arima,baseline,28,0.07859003459088815
DS07,mc.arima,arima,baseline,29,0.07889011310358553
DS07,mc.arima,arima,baseline,30,0.07843195248509222
DS07,mc.arima,arima,baseline,31,0.07931186713581598
DS07,mc.arima,arima,baseline,32,0.07777464226282886
DS07,mc.arima,arima,baseline,33,0.07664641069415978
DS07,mc.arima,arima,baseline,34,0.07809495321756542
DS07,mc.arima,arima,baseline,35,0.07628558894654226
DS07,mc.arima,arima,baseline,36,0.0763503264587751
DS07,mc.arima,arima,baseline,37,0.07730512246698054
DS07,mc.arima,arima,baseline,38,0.0759060961471862
DS07,mc.arima,arima,baseline,39,0.07576900327886593
DS07,mc.arima,arima,baseline,40,0.0763546315260929
DS07,mc.arima,arima,baseline,41,0.07654652984096542
DS07,mc.arima,arima,baseline,42,0.07632424392739232
DS07,mc.arima,arima,baseline,43,0.07739189472713019
DS07,mc.arima,arima,baseline,44,0.07572555550028079
DS07,mc.arima,arima,baseline,45,0.07532029839568694
DS07,mc.arima,arima,baseline,46,0.07703083337704957
DS07,mc.arima,arima,baseline,47,0.07533765229651032
DS07,mc.arima,arima,baseline,48,0.07732948840353199
DS07,mc.arima,arima,baseline,49,0.07566842784457399
DS07,mc.arima,arima,baseline,50,0.07645407490995622
DS07,mc.lm_OVERB,lm,OVERB,1,0.08856030666428992
DS07,mc.lm_OVERB,lm,OVERB,2,0.0877606629550203
DS07,mc.lm_OVERB,lm,OVERB,3,0.0880794791513122
DS07,mc.lm_OVERB,lm,OVERB,4,0.08804144307471869
DS07,mc.lm_OVERB,lm,OVERB,5,0.08840718577744212
DS07,mc.lm_OVERB,lm,OVERB,6,0.08838920231182121
DS07,mc.lm_OVERB,lm,OVERB,7,0.08836153884178298
DS07,mc.lm_OVERB,lm,OVERB,8,0.08828583278820314
DS07,mc.lm_OVERB,lm,OVERB,9,0.08831890111269831
DS07,mc.lm_OVERB,lm,OVERB,10,0.0880851546835598
DS07,mc.lm_OVERB,lm,OVERB,11,0.08792874480734154
DS07,mc.lm_OVERB,lm,OVERB,12,0.08819679298039783
DS07,mc.lm_OVERB,lm,OVERB,13,0.08778195685871516
DS07,mc.lm_OVERB,lm,OVERB,14,0.08716696424654545
DS07,mc.lm_OVERB,lm,OVERB,15,0.08775708024219966
DS07,mc.lm_OVERB,lm,OVERB,16,0.08760825501390657
DS07,mc.lm_OVERB,lm,OVERB,17,0.0868811552196827
DS07,mc.lm_OVERB,lm,OVERB,18,0.08672122408230586
DS07,mc.lm_OVERB,lm,OVERB,19,0.08710433334646214
DS07,mc.lm_OVERB,lm,OVERB,20,0.08501302055303314
DS07,mc.lm_OVERB,lm,OVERB,21,0.08428162830619562
DS07,mc.lm_OVERB,lm,OVERB,22,0.08402119237891331
DS07,mc.lm_OVERB,lm,OVERB,23,0.08396881717331448
DS07,mc.lm_OVERB,lm,OVERB,24,0.08315282066005776
DS07,mc.lm_OVERB,lm,OVERB,25,0.0831787581034894
DS07,mc.lm_OVERB,lm,OVERB,26,0.08191064174576819
DS07,mc.lm_OVERB,lm,OVERB,27,0.08380610825975603
DS07,mc.lm_OVERB,lm,OVERB,28,0.08372126921199083
DS07,mc.lm_OVERB,lm,OVERB,29,0.08377558089014078
DS07,mc.lm_OVERB,lm,OVERB,30,0.08306261922592989
DS07,mc.lm_OVERB,lm,OVERB,31,0.08246607934110733
DS07,mc.lm_OVERB,lm,OVERB,32,0.08261299551225006
DS07,mc.lm_OVERB,lm,OVERB,33,0.08204009103958919
DS07,mc.lm_OVERB,lm,OVERB,34,0.08195741942313196
DS07,mc.lm_OVERB,lm,OVERB,35,0.0817335934185929
DS07,mc.lm_OVERB,lm,OVERB,36,0.08132312716269062
DS07,mc.lm_OVERB,lm,OVERB,37,0.08111857265510407
DS07,mc.lm_OVERB,lm,OVERB,38,0.08121223400241252
DS07,mc.lm_OVERB,lm,OVERB,39,0.08126954234612663
DS07,mc.lm_OVERB,lm,OVERB,40,0.08136718196974937
DS07,mc.lm_OVERB,lm,OVERB,41,0.08153148735846719
DS07,mc.lm_OVERB,lm,OVERB,42,0.08168307451419769
DS07,mc.lm_OVERB,lm,OVERB,43,0.08100164534402754
DS07,mc.lm_OVERB,lm,OVERB,44,0.08051514081093629
DS07,mc.lm_OVERB,lm,OVERB,45,0.08002517280503724
DS07,mc.lm_OVERB,lm,OVERB,46,0.08012866502133381
DS07,mc.lm_OVERB,lm,OVERB,47,0.08044174793156585
DS07,mc.lm_OVERB,lm,OVERB,48,0.08017357387793021
DS07,mc.lm_OVERB,lm,OVERB,49,0.08068302362485355
DS07,mc.lm_OVERB,lm,OVERB,50,0.08056058262057444
DS07,mc.lm_OVERTPhi,lm,OVERTPhi,1,0.08867350046542456
DS07,mc.lm_OVERTPhi,lm,OVERTPhi,2,0.08893197311348001
DS07,mc.lm_OVERTPhi,lm,OVERTPhi,3,0.08862103786298425
DS07,mc.lm_OVERTPhi,lm,OVERTPhi,4,0.08850317806584904
DS07,mc.lm_OVERTPhi,lm,OVERTPhi,5,0.08904694179667978
DS07,mc.lm_OVERTPhi,lm,OVERTPhi,6,0.08920353233184844
DS07,mc.lm_OVERTPhi,lm,OVERTPhi,7,0.08904107943873912
DS07,mc.lm_OVERTPhi,lm,OVERTPhi,8,0.08869853841999373
DS07,mc.lm_OVERTPhi,lm,OVERTPhi,9,0.08816986499385258
DS07,mc.lm_OVERTPhi,lm,OVERTPhi,10,0.08768964412952958
DS07,mc.lm_OVERTPhi,lm,OVERTPhi,11,0.0874901106794927
DS07,mc.lm_OVERTPhi,lm,OVERTPhi,12,0.08774999674014888
DS07,mc.lm_OVERTPhi,lm,OVERTPhi,13,0.08756177054076139
DS07,mc.lm_OVERTPhi,lm,OVERTPhi,14,0.08721218467166601
DS07,mc.lm_OVERTPhi,lm,OVERTPhi,15,0.08689181394756884
DS07,mc.lm_OVERTPhi,lm,OVERTPhi,16,0.086751340739716
DS07,mc.lm_OVERTPhi,lm,OVERTPhi,17,0.08654192917796123
DS07,mc.lm_OVERTPhi,lm,OVERTPhi,18,0.08638286749885461
DS07,mc.lm_OVERTPhi,lm,OVERTPhi,19,0.08648237305697348
DS07,mc.lm_OVERTPhi,lm,OVERTPhi,20,0.08486658156603495
DS07,mc.lm_OVERTPhi,lm,OVERTPhi,21,0.08359302093232183
DS07,mc.lm_OVERTPhi,lm,OVERTPhi,22,0.0835392346622988
DS07,mc.lm_OVERTPhi,lm,OVERTPhi,23,0.08299650322921905
DS07,mc.lm_OVERTPhi,lm,OVERTPhi,24,0.08293821089874286
DS07,mc.lm_OVERTPhi,lm,OVERTPhi,25,0.08312743548603335
DS07,mc.lm_OVERTPhi,lm,OVERTPhi,26,0.08184194154201593
DS07,mc.lm_OVERTPhi,lm,OVERTPhi,27,0.08251916967863063
DS07,mc.lm_OVERTPhi,lm,OVERTPhi,28,0.08257314600659138
DS07,mc.lm_OVERTPhi,lm,OVERTPhi,29,0.08287132851066963
DS07,mc.lm_OVERTPhi,lm,OVERTPhi,30,0.08254679585384926
DS07,mc.lm_OVERTPhi,lm,OVERTPhi,31,0.08215297294807365
DS07,mc.lm_OVERTPhi,lm,OVERTPhi,32,0.08231026023557343
DS07,mc.lm_OVERTPhi,lm,OVERTPhi,33,0.08146717644433711
DS07,mc.lm_OVERTPhi,lm,OVERTPhi,34,0.08162969131085336
DS07,mc.lm_OVERTPhi,lm,OVERTPhi,35,0.08135414568714384
DS07,mc.lm_OVERTPhi,lm,OVERTPhi,36,0.08145342789394308
DS07,mc.lm_OVERTPhi,lm,OVERTPhi,37,0.08055415903294941
DS07,mc.lm_OVERTPhi,lm,OVERTPhi,38,0.08091267463386806
DS07,mc.lm_OVERTPhi,lm,OVERTPhi,39,0.08095632718229194
DS07,mc.lm_OVERTPhi,lm,OVERTPhi,40,0.08155658420217662
DS07,mc.lm_OVERTPhi,lm,OVERTPhi,41,0.0816480106317921
DS07,mc.lm_OVERTPhi,lm,OVERTPhi,42,0.08047714575737654
DS07,mc.lm_OVERTPhi,lm,OVERTPhi,43,0.08052282879818576
DS07,mc.lm_OVERTPhi,lm,OVERTPhi,44,0.08036449951088417
DS07,mc.lm_OVERTPhi,lm,OVERTPhi,45,0.08065588050492913
DS07,mc.lm_OVERTPhi,lm,OVERTPhi,46,0.08002515606574931
DS07,mc.lm_OVERTPhi,lm,OVERTPhi,47,0.08004308505217117
DS07,mc.lm_OVERTPhi,lm,OVERTPhi,48,0.08044755316410541
DS07,mc.lm_OVERTPhi,lm,OVERTPhi,49,0.08035989267102189
DS07,mc.lm_OVERTPhi,lm,OVERTPhi,50,0.08105441557443258
DS07,mc.lm_OVERT,lm,OVERT,1,0.08873854632463622
DS07,mc.lm_OVERT,lm,OVERT,2,0.08905715626643888
DS07,mc.lm_OVERT,lm,OVERT,3,0.08828772693178136
DS07,mc.lm_OVERT,lm,OVERT,4,0.08828853467298277
DS07,mc.lm_OVERT,lm,OVERT,5,0.08865684272301583
DS07,mc.lm_OVERT,lm,OVERT,6,0.08905266768054047
DS07,mc.lm_OVERT,lm,OVERT,7,0.08900352690053884
DS07,mc.lm_OVERT,lm,OVERT,8,0.08860348508452902
DS07,mc.lm_OVERT,lm,OVERT,9,0.08811407372076024
DS07,mc.lm_OVERT,lm,OVERT,10,0.0872054923355864
DS07,mc.lm_OVERT,lm,OVERT,11,0.08763247758969606
DS07,mc.lm_OVERT,lm,OVERT,12,0.08739505381472916
DS07,mc.lm_OVERT,lm,OVERT,13,0.08766255687819777
DS07,mc.lm_OVERT,lm,OVERT,14,0.08702847889042778
DS07,mc.lm_OVERT,lm,OVERT,15,0.08687325131778599
DS07,mc.lm_OVERT,lm,OVERT,16,0.08638118847912724
DS07,mc.lm_OVERT,lm,OVERT,17,0.08631916656353211
DS07,mc.lm_OVERT,lm,OVERT,18,0.08633951537059344
DS07,mc.lm_OVERT,lm,OVERT,19,0.08616014351167783
DS07,mc.lm_OVERT,lm,OVERT,20,0.08445658582433287
DS07,mc.lm_OVERT,lm,OVERT,21,0.08326037691831224
DS07,mc.lm_OVERT,lm,OVERT,22,0.08347616636212128
DS07,mc.lm_OVERT,lm,OVERT,23,0.08294704162827997
DS07,mc.lm_OVERT,lm,OVERT,24,0.08286572317146788
DS07,mc.lm_OVERT,lm,OVERT,25,0.08261656508674076
DS07,mc.lm_OVERT,lm,OVERT,26,0.08161506461988517
DS07,mc.lm_OVERT,lm,OVERT,27,0.0824018168718064
DS07,mc.lm_OVERT,lm,OVERT,28,0.08260389193188351
DS07,mc.lm_OVERT,lm,OVERT,29,0.08263128974553785
DS07,mc.lm_OVERT,lm,OVERT,30,0.08250010694530892
DS07,mc.lm_OVERT,lm,OVERT,31,0.08187185028922034
DS07,mc.lm_OVERT,lm,OVERT,32,0.08212930841630203
DS07,mc.lm_OVERT,lm,OVERT,33,0.0818890976152951
DS07,mc.lm_OVERT,lm,OVERT,34,0.08175870064434765
DS07,mc.lm_OVERT,lm,OVERT,35,0.08109341503502186
DS07,mc.lm_OVERT,lm,OVERT,36,0.08105991741966015
DS07,mc.lm_OVERT,lm,OVERT,37,0.08037346012633516
DS07,mc.lm_OVERT,lm,OVERT,38,0.08065019385292896
DS07,mc.lm_OVERT,lm,OVERT,39,0.08073541511026426
DS07,mc.lm_OVERT,lm,OVERT,40,0.08130405759958301
DS07,mc.lm_OVERT,lm,OVERT,41,0.08167579684150957
DS07,mc.lm_OVERT,lm,OVERT,42,0.08050146128102408
DS07,mc.lm_OVERT,lm,OVERT,43,0.08039417909133093
DS07,mc.lm_OVERT,lm,OVERT,44,0.08027279650857877
DS07,mc.lm_OVERT,lm,OVERT,45,0.0804421292369386
DS07,mc.lm_OVERT,lm,OVERT,46,0.0801287608286576
DS07,mc.lm_OVERT,lm,OVERT,47,0.07991182700608225
DS07,mc.lm_OVERT,lm,OVERT,48,0.08043353572177812
DS07,mc.lm_OVERT,lm,OVERT,49,0.08052139587197084
DS07,mc.lm_OVERT,lm,OVERT,50,0.08071593816186147
DS07,mc.lm_SMOTEB,lm,SMOTEB,1,0.0939366812684288
DS07,mc.lm_SMOTEB,lm,SMOTEB,2,0.0945390994243776
DS07,mc.lm_SMOTEB,lm,SMOTEB,3,0.09453719821046076
DS07,mc.lm_SMOTEB,lm,SMOTEB,4,0.09433667992686866
DS07,mc.lm_SMOTEB,lm,SMOTEB,5,0.0941048338931414
DS07,mc.lm_SMOTEB,lm,SMOTEB,6,0.09440925495022469
DS07,mc.lm_SMOTEB,lm,SMOTEB,7,0.09492833720057806
DS07,mc.lm_SMOTEB,lm,SMOTEB,8,0.09458782020922497
DS07,mc.lm_SMOTEB,lm,SMOTEB,9,0.09414979690857854
DS07,mc.lm_SMOTEB,lm,SMOTEB,10,0.09377503699512349
DS07,mc.lm_SMOTEB,lm,SMOTEB,11,0.0932538091868677
DS07,mc.lm_SMOTEB,lm,SMOTEB,12,0.09353427875172009
DS07,mc.lm_SMOTEB,lm,SMOTEB,13,0.09353840566740908
DS07,mc.lm_SMOTEB,lm,SMOTEB,14,0.09308207858063743
DS07,mc.lm_SMOTEB,lm,SMOTEB,15,0.09261624662707543
DS07,mc.lm_SMOTEB,lm,SMOTEB,16,0.09256038697022867
DS07,mc.lm_SMOTEB,lm,SMOTEB,17,0.09143726809233467
DS07,mc.lm_SMOTEB,lm,SMOTEB,18,0.09204586102603653
DS07,mc.lm_SMOTEB,lm,SMOTEB,19,0.09191636014021
DS07,mc.lm_SMOTEB,lm,SMOTEB,20,0.09029195455946389
DS07,mc.lm_SMOTEB,lm,SMOTEB,21,0.08887812561079778
DS07,mc.lm_SMOTEB,lm,SMOTEB,22,0.08954642015704017
DS07,mc.lm_SMOTEB,lm,SMOTEB,23,0.0882166953578749
DS07,mc.lm_SMOTEB,lm,SMOTEB,24,0.0881757793668414
DS07,mc.lm_SMOTEB,lm,SMOTEB,25,0.08868591729740238
DS07,mc.lm_SMOTEB,lm,SMOTEB,26,0.08703940990047622
DS07,mc.lm_SMOTEB,lm,SMOTEB,27,0.08816347648067172
DS07,mc.lm_SMOTEB,lm,SMOTEB,28,0.08789841770502851
DS07,mc.lm_SMOTEB,lm,SMOTEB,29,0.08891570212891278
DS07,mc.lm_SMOTEB,lm,SMOTEB,30,0.0878064082882836
DS07,mc.lm_SMOTEB,lm,SMOTEB,31,0.08754588573989515
DS07,mc.lm_SMOTEB,lm,SMOTEB,32,0.08772189556237214
DS07,mc.lm_SMOTEB,lm,SMOTEB,33,0.08730139575772777
DS07,mc.lm_SMOTEB,lm,SMOTEB,34,0.08680659130820667
DS07,mc.lm_SMOTEB,lm,SMOTEB,35,0.08609787909366684
DS07,mc.lm_SMOTEB,lm,SMOTEB,36,0.08586252725603377
DS07,mc.lm_SMOTEB,lm,SMOTEB,37,0.08656622093186433
DS07,mc.lm_SMOTEB,lm,SMOTEB,38,0.08593259388726589
DS07,mc.lm_SMOTEB,lm,SMOTEB,39,0.0856427464333683
DS07,mc.lm_SMOTEB,lm,SMOTEB,40,0.08667462793506833
DS07,mc.lm_SMOTEB,lm,SMOTEB,41,0.08686982777258999
DS07,mc.lm_SMOTEB,lm,SMOTEB,42,0.08617355184394772
DS07,mc.lm_SMOTEB,lm,SMOTEB,43,0.08494411454781822
DS07,mc.lm_SMOTEB,lm,SMOTEB,44,0.08506819561945365
DS07,mc.lm_SMOTEB,lm,SMOTEB,45,0.08456802786974912
DS07,mc.lm_SMOTEB,lm,SMOTEB,46,0.0847538294181276
DS07,mc.lm_SMOTEB,lm,SMOTEB,47,0.0846830701365559
DS07,mc.lm_SMOTEB,lm,SMOTEB,48,0.08531097978928893
DS07,mc.lm_SMOTEB,lm,SMOTEB,49,0.08506120661108198
DS07,mc.lm_SMOTEB,lm,SMOTEB,50,0.08512825943833326
DS07,mc.lm_SMOTETPhi,lm,SMOTETPhi,1,0.10162250626175959
DS07,mc.lm_SMOTETPhi,lm,SMOTETPhi,2,0.0996999861060461
DS07,mc.lm_SMOTETPhi,lm,SMOTETPhi,3,0.10028595021633847
DS07,mc.lm_SMOTETPhi,lm,SMOTETPhi,4,0.10084737070398825
DS07,mc.lm_SMOTETPhi,lm,SMOTETPhi,5,0.09935937456813916
DS07,mc.lm_SMOTETPhi,lm,SMOTETPhi,6,0.10075479900093381
DS07,mc.lm_SMOTETPhi,lm,SMOTETPhi,7,0.10073516407065954
DS07,mc.lm_SMOTETPhi,lm,SMOTETPhi,8,0.1006295001712299
DS07,mc.lm_SMOTETPhi,lm,SMOTETPhi,9,0.09973411731491796
DS07,mc.lm_SMOTETPhi,lm,SMOTETPhi,10,0.09901845924132116
DS07,mc.lm_SMOTETPhi,lm,SMOTETPhi,11,0.09854958484821849
DS07,mc.lm_SMOTETPhi,lm,SMOTETPhi,12,0.09818244889880887
DS07,mc.lm_SMOTETPhi,lm,SMOTETPhi,13,0.09847777377734052
DS07,mc.lm_SMOTETPhi,lm,SMOTETPhi,14,0.09850621866705808
DS07,mc.lm_SMOTETPhi,lm,SMOTETPhi,15,0.09817839882617364
DS07,mc.lm_SMOTETPhi,lm,SMOTETPhi,16,0.09780446123785554
DS07,mc.lm_SMOTETPhi,lm,SMOTETPhi,17,0.0975011427144258
DS07,mc.lm_SMOTETPhi,lm,SMOTETPhi,18,0.09644967407484895
DS07,mc.lm_SMOTETPhi,lm,SMOTETPhi,19,0.09692413083268363
DS07,mc.lm_SMOTETPhi,lm,SMOTETPhi,20,0.09403014029710051
DS07,mc.lm_SMOTETPhi,lm,SMOTETPhi,21,0.09180400279677162
DS07,mc.lm_SMOTETPhi,lm,SMOTETPhi,22,0.09306630631581127
DS07,mc.lm_SMOTETPhi,lm,SMOTETPhi,23,0.09222321060903028
DS07,mc.lm_SMOTETPhi,lm,SMOTETPhi,24,0.09190370801623936
DS07,mc.lm_SMOTETPhi,lm,SMOTETPhi,25,0.09373663181391417
DS07,mc.lm_SMOTETPhi,lm,SMOTETPhi,26,0.08989681579959832
DS07,mc.lm_SMOTETPhi,lm,SMOTETPhi,27,0.0903633714003001
DS07,mc.lm_SMOTETPhi,lm,SMOTETPhi,28,0.09075159841611566
DS07,mc.lm_SMOTETPhi,lm,SMOTETPhi,29,0.09119306764680407
DS07,mc.lm_SMOTETPhi,lm,SMOTETPhi,30,0.09102009442286801
DS07,mc.lm_SMOTETPhi,lm,SMOTETPhi,31,0.09071300560584951
DS07,mc.lm_SMOTETPhi,lm,SMOTETPhi,32,0.09004344281907449
DS07,mc.lm_SMOTETPhi,lm,SMOTETPhi,33,0.08984611755942289
DS07,mc.lm_SMOTETPhi,lm,SMOTETPhi,34,0.0902098090887028
DS07,mc.lm_SMOTETPhi,lm,SMOTETPhi,35,0.0892298801399171
DS07,mc.lm_SMOTETPhi,lm,SMOTETPhi,36,0.09042639535410527
DS07,mc.lm_SMOTETPhi,lm,SMOTETPhi,37,0.09039831711234898
DS07,mc.lm_SMOTETPhi,lm,SMOTETPhi,38,0.08964548274196646
DS07,mc.lm_SMOTETPhi,lm,SMOTETPhi,39,0.08927024705444958
DS07,mc.lm_SMOTETPhi,lm,SMOTETPhi,40,0.09012495436241706
DS07,mc.lm_SMOTETPhi,lm,SMOTETPhi,41,0.0911874782785529
DS07,mc.lm_SMOTETPhi,lm,SMOTETPhi,42,0.09111272797820404
DS07,mc.lm_SMOTETPhi,lm,SMOTETPhi,43,0.09061193899554588
DS07,mc.lm_SMOTETPhi,lm,SMOTETPhi,44,0.0887172695372824
DS07,mc.lm_SMOTETPhi,lm,SMOTETPhi,45,0.09052595252165373
DS07,mc.lm_SMOTETPhi,lm,SMOTETPhi,46,0.08841880025035034
DS07,mc.lm_SMOTETPhi,lm,SMOTETPhi,47,0.08892660749303968
DS07,mc.lm_SMOTETPhi,lm,SMOTETPhi,48,0.09089005171506015
DS07,mc.lm_SMOTETPhi,lm,SMOTETPhi,49,0.09030913087310732
DS07,mc.lm_SMOTETPhi,lm,SMOTETPhi,50,0.08852084215091842
DS07,mc.lm_SMOTET,lm,SMOTET,1,0.09936489844917165
DS07,mc.lm_SMOTET,lm,SMOTET,2,0.0981082192969529
DS07,mc.lm_SMOTET,lm,SMOTET,3,0.09893145103321753
DS07,mc.lm_SMOTET,lm,SMOTET,4,0.09875109099256214
DS07,mc.lm_SMOTET,lm,SMOTET,5,0.09694912086305454
DS07,mc.lm_SMOTET,lm,SMOTET,6,0.09980219436837665
DS07,mc.lm_SMOTET,lm,SMOTET,7,0.09832564190774058
DS07,mc.lm_SMOTET,lm,SMOTET,8,0.09810522223353653
DS07,mc.lm_SMOTET,lm,SMOTET,9,0.09706086241689758
DS07,mc.lm_SMOTET,lm,SMOTET,10,0.09721607875002215
DS07,mc.lm_SMOTET,lm,SMOTET,11,0.09648069028730274
DS07,mc.lm_SMOTET,lm,SMOTET,12,0.09639086679171376
DS07,mc.lm_SMOTET,lm,SMOTET,13,0.09685867220143174
DS07,mc.lm_SMOTET,lm,SMOTET,14,0.0975713569403585
DS07,mc.lm_SMOTET,lm,SMOTET,15,0.0966436344669511
DS07,mc.lm_SMOTET,lm,SMOTET,16,0.09568549760726205
DS07,mc.lm_SMOTET,lm,SMOTET,17,0.09619990585725281
DS07,mc.lm_SMOTET,lm,SMOTET,18,0.0949725091719838
DS07,mc.lm_SMOTET,lm,SMOTET,19,0.09509853869054717
DS07,mc.lm_SMOTET,lm,SMOTET,20,0.09336380087682088
DS07,mc.lm_SMOTET,lm,SMOTET,21,0.0907101975136901
DS07,mc.lm_SMOTET,lm,SMOTET,22,0.09160544453111491
DS07,mc.lm_SMOTET,lm,SMOTET,23,0.09109367171031142
DS07,mc.lm_SMOTET,lm,SMOTET,24,0.09073088019283114
DS07,mc.lm_SMOTET,lm,SMOTET,25,0.09154070357073119
DS07,mc.lm_SMOTET,lm,SMOTET,26,0.08874529523913273
DS07,mc.lm_SMOTET,lm,SMOTET,27,0.08885798294502116
DS07,mc.lm_SMOTET,lm,SMOTET,28,0.0894246179616986
DS07,mc.lm_SMOTET,lm,SMOTET,29,0.08980740538259804
DS07,mc.lm_SMOTET,lm,SMOTET,30,0.09057584538630664
DS07,mc.lm_SMOTET,lm,SMOTET,31,0.08938011341364535
DS07,mc.lm_SMOTET,lm,SMOTET,32,0.08924976520966126
DS07,mc.lm_SMOTET,lm,SMOTET,33,0.08862978350762395
DS07,mc.lm_SMOTET,lm,SMOTET,34,0.08874108661150068
DS07,mc.lm_SMOTET,lm,SMOTET,35,0.08880570395391353
DS07,mc.lm_SMOTET,lm,SMOTET,36,0.08917238066225738
DS07,mc.lm_SMOTET,lm,SMOTET,37,0.08927652361982297
DS07,mc.lm_SMOTET,lm,SMOTET,38,0.08850650888026079
DS07,mc.lm_SMOTET,lm,SMOTET,39,0.08812596030188911
DS07,mc.lm_SMOTET,lm,SMOTET,40,0.0897628984257771
DS07,mc.lm_SMOTET,lm,SMOTET,41,0.0894462063214333
DS07,mc.lm_SMOTET,lm,SMOTET,42,0.09019835133451072
DS07,mc.lm_SMOTET,lm,SMOTET,43,0.08951418826865319
DS07,mc.lm_SMOTET,lm,SMOTET,44,0.0885475968571964
DS07,mc.lm_SMOTET,lm,SMOTET,45,0.08950661790715235
DS07,mc.lm_SMOTET,lm,SMOTET,46,0.08787720998772443
DS07,mc.lm_SMOTET,lm,SMOTET,47,0.08780636097774891
DS07,mc.lm_SMOTET,lm,SMOTET,48,0.0893697207565086
DS07,mc.lm_SMOTET,lm,SMOTET,49,0.08975231271520664
DS07,mc.lm_SMOTET,lm,SMOTET,50,0.08778039726545557
DS07,mc.lm_UNDERB,lm,UNDERB,1,0.08698309394306891
DS07,mc.lm_UNDERB,lm,UNDERB,2,0.08795248517890043
DS07,mc.lm_UNDERB,lm,UNDERB,3,0.08677713459233295
DS07,mc.lm_UNDERB,lm,UNDERB,4,0.08752119207722364
DS07,mc.lm_UNDERB,lm,UNDERB,5,0.08847246662833828
DS07,mc.lm_UNDERB,lm,UNDERB,6,0.08720370971886891
DS07,mc.lm_UNDERB,lm,UNDERB,7,0.0877418239649661
DS07,mc.lm_UNDERB,lm,UNDERB,8,0.08824194654419434
DS07,mc.lm_UNDERB,lm,UNDERB,9,0.08758782572894921
DS07,mc.lm_UNDERB,lm,UNDERB,10,0.08700664811516401
DS07,mc.lm_UNDERB,lm,UNDERB,11,0.08697617118111003
DS07,mc.lm_UNDERB,lm,UNDERB,12,0.08736393038614441
DS07,mc.lm_UNDERB,lm,UNDERB,13,0.08675037086414071
DS07,mc.lm_UNDERB,lm,UNDERB,14,0.08677717460959453
DS07,mc.lm_UNDERB,lm,UNDERB,15,0.0870753834395963
DS07,mc.lm_UNDERB,lm,UNDERB,16,0.08665040967298959
DS07,mc.lm_UNDERB,lm,UNDERB,17,0.0866172895031776
DS07,mc.lm_UNDERB,lm,UNDERB,18,0.08630817544589146
DS07,mc.lm_UNDERB,lm,UNDERB,19,0.08627331338599475
DS07,mc.lm_UNDERB,lm,UNDERB,20,0.08472128099485944
DS07,mc.lm_UNDERB,lm,UNDERB,21,0.08362500415383946
DS07,mc.lm_UNDERB,lm,UNDERB,22,0.08386283789686551
DS07,mc.lm_UNDERB,lm,UNDERB,23,0.08334891948963145
DS07,mc.lm_UNDERB,lm,UNDERB,24,0.08309257618513569
DS07,mc.lm_UNDERB,lm,UNDERB,25,0.08282811974498398
DS07,mc.lm_UNDERB,lm,UNDERB,26,0.08204391814652538
DS07,mc.lm_UNDERB,lm,UNDERB,27,0.08308440575515488
DS07,mc.lm_UNDERB,lm,UNDERB,28,0.0829331548923969
DS07,mc.lm_UNDERB,lm,UNDERB,29,0.08343596147596774
DS07,mc.lm_UNDERB,lm,UNDERB,30,0.08276480994170818
DS07,mc.lm_UNDERB,lm,UNDERB,31,0.08242287970852648
DS07,mc.lm_UNDERB,lm,UNDERB,32,0.08196115831310563
DS07,mc.lm_UNDERB,lm,UNDERB,33,0.08132751355041185
DS07,mc.lm_UNDERB,lm,UNDERB,34,0.08142214288615811
DS07,mc.lm_UNDERB,lm,UNDERB,35,0.08110182747029204
DS07,mc.lm_UNDERB,lm,UNDERB,36,0.08095243677342417
DS07,mc.lm_UNDERB,lm,UNDERB,37,0.08045133675555895
DS07,mc.lm_UNDERB,lm,UNDERB,38,0.08115869095256616
DS07,mc.lm_UNDERB,lm,UNDERB,39,0.08041588480006706
DS07,mc.lm_UNDERB,lm,UNDERB,40,0.08123317887061555
DS07,mc.lm_UNDERB,lm,UNDERB,41,0.08096371996900259
DS07,mc.lm_UNDERB,lm,UNDERB,42,0.08163750717199944
DS07,mc.lm_UNDERB,lm,UNDERB,43,0.0798823076795455
DS07,mc.lm_UNDERB,lm,UNDERB,44,0.08019677458172647
DS07,mc.lm_UNDERB,lm,UNDERB,45,0.07933383629231133
DS07,mc.lm_UNDERB,lm,UNDERB,46,0.07990802986217534
DS07,mc.lm_UNDERB,lm,UNDERB,47,0.07962272963029333
DS07,mc.lm_UNDERB,lm,UNDERB,48,0.08003258595589845
DS07,mc.lm_UNDERB,lm,UNDERB,49,0.08016795499857002
DS07,mc.lm_UNDERB,lm,UNDERB,50,0.08008053383616628
DS07,mc.lm_UNDERTPhi,lm,UNDERTPhi,1,0.08980388567838636
DS07,mc.lm_UNDERTPhi,lm,UNDERTPhi,2,0.08898093266381643
DS07,mc.lm_UNDERTPhi,lm,UNDERTPhi,3,0.08953638596074155
DS07,mc.lm_UNDERTPhi,lm,UNDERTPhi,4,0.0902176610413676
DS07,mc.lm_UNDERTPhi,lm,UNDERTPhi,5,0.09003924416357256
DS07,mc.lm_UNDERTPhi,lm,UNDERTPhi,6,0.08953114624913505
DS07,mc.lm_UNDERTPhi,lm,UNDERTPhi,7,0.08965003133701466
DS07,mc.lm_UNDERTPhi,lm,UNDERTPhi,8,0.08931621911787209
DS07,mc.lm_UNDERTPhi,lm,UNDERTPhi,9,0.08985692661171972
DS07,mc.lm_UNDERTPhi,lm,UNDERTPhi,10,0.08988558376878132
DS07,mc.lm_UNDERTPhi,lm,UNDERTPhi,11,0.08846306839049792
DS07,mc.lm_UNDERTPhi,lm,UNDERTPhi,12,0.08924465868003154
DS07,mc.lm_UNDERTPhi,lm,UNDERTPhi,13,0.08857401920055555
DS07,mc.lm_UNDERTPhi,lm,UNDERTPhi,14,0.08876785853364941
DS07,mc.lm_UNDERTPhi,lm,UNDERTPhi,15,0.08847053138977003
DS07,mc.lm_UNDERTPhi,lm,UNDERTPhi,16,0.08850434396932678
DS07,mc.lm_UNDERTPhi,lm,UNDERTPhi,17,0.08792687090921787
DS07,mc.lm_UNDERTPhi,lm,UNDERTPhi,18,0.08782023923224398
DS07,mc.lm_UNDERTPhi,lm,UNDERTPhi,19,0.08709253450494983
DS07,mc.lm_UNDERTPhi,lm,UNDERTPhi,20,0.08536759161474773
DS07,mc.lm_UNDERTPhi,lm,UNDERTPhi,21,0.08506088002868888
DS07,mc.lm_UNDERTPhi,lm,UNDERTPhi,22,0.08505276623702214
DS07,mc.lm_UNDERTPhi,lm,UNDERTPhi,23,0.0845928125784708
DS07,mc.lm_UNDERTPhi,lm,UNDERTPhi,24,0.08503034042915414
DS07,mc.lm_UNDERTPhi,lm,UNDERTPhi,25,0.0842786647561934
DS07,mc.lm_UNDERTPhi,lm,UNDERTPhi,26,0.0831831578512231
DS07,mc.lm_UNDERTPhi,lm,UNDERTPhi,27,0.08425186690034935
DS07,mc.lm_UNDERTPhi,lm,UNDERTPhi,28,0.08396033558833875
DS07,mc.lm_UNDERTPhi,lm,UNDERTPhi,29,0.08430643519340829
DS07,mc.lm_UNDERTPhi,lm,UNDERTPhi,30,0.08395297613178897
DS07,mc.lm_UNDERTPhi,lm,UNDERTPhi,31,0.08335207066486948
DS07,mc.lm_UNDERTPhi,lm,UNDERTPhi,32,0.08302576228481012
DS07,mc.lm_UNDERTPhi,lm,UNDERTPhi,33,0.08247859588145984
DS07,mc.lm_UNDERTPhi,lm,UNDERTPhi,34,0.08301942934384075
DS07,mc.lm_UNDERTPhi,lm,UNDERTPhi,35,0.08236015512046146
DS07,mc.lm_UNDERTPhi,lm,UNDERTPhi,36,0.08202850258582953
DS07,mc.lm_UNDERTPhi,lm,UNDERTPhi,37,0.08151288332858328
DS07,mc.lm_UNDERTPhi,lm,UNDERTPhi,38,0.08172380864079865
DS07,mc.lm_UNDERTPhi,lm,UNDERTPhi,39,0.08174519076161364
DS07,mc.lm_UNDERTPhi,lm,UNDERTPhi,40,0.08213024986277372
DS07,mc.lm_UNDERTPhi,lm,UNDERTPhi,41,0.08220557762500885
DS07,mc.lm_UNDERTPhi,lm,UNDERTPhi,42,0.08189802004774346
DS07,mc.lm_UNDERTPhi,lm,UNDERTPhi,43,0.08108092266690878
DS07,mc.lm_UNDERTPhi,lm,UNDERTPhi,44,0.08117155745776956
DS07,mc.lm_UNDERTPhi,lm,UNDERTPhi,45,0.08072756553228205
DS07,mc.lm_UNDERTPhi,lm,UNDERTPhi,46,0.08009809469263009
DS07,mc.lm_UNDERTPhi,lm,UNDERTPhi,47,0.08087184229401846
DS07,mc.lm_UNDERTPhi,lm,UNDERTPhi,48,0.08158685176895236
DS07,mc.lm_UNDERTPhi,lm,UNDERTPhi,49,0.08123701744076181
DS07,mc.lm_UNDERTPhi,lm,UNDERTPhi,50,0.0814713846124713
DS07,mc.lm_UNDERT,lm,UNDERT,1,0.08750948393578106
DS07,mc.lm_UNDERT,lm,UNDERT,2,0.08728930365081661
DS07,mc.lm_UNDERT,lm,UNDERT,3,0.08767929798199711
DS07,mc.lm_UNDERT,lm,UNDERT,4,0.08811489105564137
DS07,mc.lm_UNDERT,lm,UNDERT,5,0.0877939332577552
DS07,mc.lm_UNDERT,lm,UNDERT,6,0.08823347646908444
DS07,mc.lm_UNDERT,lm,UNDERT,7,0.08783961285333511
DS07,mc.lm_UNDERT,lm,UNDERT,8,0.08782840375197577
DS07,mc.lm_UNDERT,lm,UNDERT,9,0.08789282976057627
DS07,mc.lm_UNDERT,lm,UNDERT,10,0.08781428459523746
DS07,mc.lm_UNDERT,lm,UNDERT,11,0.08742472140460802
DS07,mc.lm_UNDERT,lm,UNDERT,12,0.0871737698821793
DS07,mc.lm_UNDERT,lm,UNDERT,13,0.08776399697578384
DS07,mc.lm_UNDERT,lm,UNDERT,14,0.08675766855944902
DS07,mc.lm_UNDERT,lm,UNDERT,15,0.0867771240293558
DS07,mc.lm_UNDERT,lm,UNDERT,16,0.08685689503390105
DS07,mc.lm_UNDERT,lm,UNDERT,17,0.08651073876875795
DS07,mc.lm_UNDERT,lm,UNDERT,18,0.0867416677958062
DS07,mc.lm_UNDERT,lm,UNDERT,19,0.08639332226067571
DS07,mc.lm_UNDERT,lm,UNDERT,20,0.08471631412336267
DS07,mc.lm_UNDERT,lm,UNDERT,21,0.08341315542671283
DS07,mc.lm_UNDERT,lm,UNDERT,22,0.08370354172195718
DS07,mc.lm_UNDERT,lm,UNDERT,23,0.083198608555235
DS07,mc.lm_UNDERT,lm,UNDERT,24,0.08327236579563116
DS07,mc.lm_UNDERT,lm,UNDERT,25,0.08304256851991938
DS07,mc.lm_UNDERT,lm,UNDERT,26,0.08198670152339434
DS07,mc.lm_UNDERT,lm,UNDERT,27,0.08293702288406093
DS07,mc.lm_UNDERT,lm,UNDERT,28,0.08335242450779916
DS07,mc.lm_UNDERT,lm,UNDERT,29,0.08334328695138549
DS07,mc.lm_UNDERT,lm,UNDERT,30,0.08299829829260436
DS07,mc.lm_UNDERT,lm,UNDERT,31,0.08175760584969882
DS07,mc.lm_UNDERT,lm,UNDERT,32,0.0824311301614228
DS07,mc.lm_UNDERT,lm,UNDERT,33,0.08149720401618725
DS07,mc.lm_UNDERT,lm,UNDERT,34,0.08189459509674268
DS07,mc.lm_UNDERT,lm,UNDERT,35,0.08076120815181007
DS07,mc.lm_UNDERT,lm,UNDERT,36,0.08089028846766103
DS07,mc.lm_UNDERT,lm,UNDERT,37,0.08044292522163421
DS07,mc.lm_UNDERT,lm,UNDERT,38,0.08033227179972235
DS07,mc.lm_UNDERT,lm,UNDERT,39,0.08004690674209654
DS07,mc.lm_UNDERT,lm,UNDERT,40,0.08128873612777533
DS07,mc.lm_UNDERT,lm,UNDERT,41,0.08110512823414871
DS07,mc.lm_UNDERT,lm,UNDERT,42,0.08088770713323334
DS07,mc.lm_UNDERT,lm,UNDERT,43,0.08013708324664977
DS07,mc.lm_UNDERT,lm,UNDERT,44,0.07940444913451049
DS07,mc.lm_UNDERT,lm,UNDERT,45,0.0797244915426372
DS07,mc.lm_UNDERT,lm,UNDERT,46,0.07951983566800104
DS07,mc.lm_UNDERT,lm,UNDERT,47,0.07993281098495411
DS07,mc.lm_UNDERT,lm,UNDERT,48,0.0798953749780794
DS07,mc.lm_UNDERT,lm,UNDERT,49,0.07981988998855273
DS07,mc.lm_UNDERT,lm,UNDERT,50,0.07998044140398612
DS07,mc.lm,lm,baseline,1,0.08194975401029864
DS07,mc.lm,lm,baseline,2,0.0819466664426507
DS07,mc.lm,lm,baseline,3,0.08185933920804342
DS07,mc.lm,lm,baseline,4,0.08189519067694989
DS07,mc.lm,lm,baseline,5,0.08275783775070188
DS07,mc.lm,lm,baseline,6,0.08275010967959599
DS07,mc.lm,lm,baseline,7,0.08268254540062075
DS07,mc.lm,lm,baseline,8,0.08300075302260075
DS07,mc.lm,lm,baseline,9,0.08282711319259427
DS07,mc.lm,lm,baseline,10,0.08275267661192749
DS07,mc.lm,lm,baseline,11,0.08283934289181713
DS07,mc.lm,lm,baseline,12,0.08293224743809016
DS07,mc.lm,lm,baseline,13,0.08286261189373258
DS07,mc.lm,lm,baseline,14,0.08264402263605485
DS07,mc.lm,lm,baseline,15,0.08265963008157598
DS07,mc.lm,lm,baseline,16,0.08266353754752712
DS07,mc.lm,lm,baseline,17,0.08255695321747841
DS07,mc.lm,lm,baseline,18,0.08251050948407619
DS07,mc.lm,lm,baseline,19,0.0826934510796894
DS07,mc.lm,lm,baseline,20,0.08153232977080377
DS07,mc.lm,lm,baseline,21,0.08030246145072015
DS07,mc.lm,lm,baseline,22,0.0800679909711402
DS07,mc.lm,lm,baseline,23,0.08007477643176306
DS07,mc.lm,lm,baseline,24,0.07991040120817411
DS07,mc.lm,lm,baseline,25,0.0798076649335729
DS07,mc.lm,lm,baseline,26,0.07936155909952158
DS07,mc.lm,lm,baseline,27,0.08008656629203095
DS07,mc.lm,lm,baseline,28,0.08016561842602442
DS07,mc.lm,lm,baseline,29,0.08048206213257492
DS07,mc.lm,lm,baseline,30,0.08002067009072265
DS07,mc.lm,lm,baseline,31,0.07935960774149264
DS07,mc.lm,lm,baseline,32,0.07906290928892831
DS07,mc.lm,lm,baseline,33,0.07807876898204641
DS07,mc.lm,lm,baseline,34,0.0780819611026766
DS07,mc.lm,lm,baseline,35,0.0777355732748252
DS07,mc.lm,lm,baseline,36,0.07770554241700023
DS07,mc.lm,lm,baseline,37,0.07722902098165742
DS07,mc.lm,lm,baseline,38,0.077216708583617
DS07,mc.lm,lm,baseline,39,0.07712183275058931
DS07,mc.lm,lm,baseline,40,0.07762122239994283
DS07,mc.lm,lm,baseline,41,0.07784355016642788
DS07,mc.lm,lm,baseline,42,0.07767784996417137
DS07,mc.lm,lm,baseline,43,0.0770032868148334
DS07,mc.lm,lm,baseline,44,0.07675944101575946
DS07,mc.lm,lm,baseline,45,0.07651190583541131
DS07,mc.lm,lm,baseline,46,0.07648085501488612
DS07,mc.lm,lm,baseline,47,0.07650887532336625
DS07,mc.lm,lm,baseline,48,0.07680700146991987
DS07,mc.lm,lm,baseline,49,0.07685128443622892
DS07,mc.lm,lm,baseline,50,0.07749756181707586
DS07,mc.mars_OVERB,mars,OVERB,1,0.08881802658960208
DS07,mc.mars_OVERB,mars,OVERB,2,0.08918605244061037
DS07,mc.mars_OVERB,mars,OVERB,3,0.08894580015579208
DS07,mc.mars_OVERB,mars,OVERB,4,0.08866853086279257
DS07,mc.mars_OVERB,mars,OVERB,5,0.0887242406464756
DS07,mc.mars_OVERB,mars,OVERB,6,0.08938955760588363
DS07,mc.mars_OVERB,mars,OVERB,7,0.08956063118014523
DS07,mc.mars_OVERB,mars,OVERB,8,0.08923354117181258
DS07,mc.mars_OVERB,mars,OVERB,9,0.08977400480734095
DS07,mc.mars_OVERB,mars,OVERB,10,0.08918109217981861
DS07,mc.mars_OVERB,mars,OVERB,11,0.08888874369445561
DS07,mc.mars_OVERB,mars,OVERB,12,0.0897737306259937
DS07,mc.mars_OVERB,mars,OVERB,13,0.08954161964724358
DS07,mc.mars_OVERB,mars,OVERB,14,0.08848037196854057
DS07,mc.mars_OVERB,mars,OVERB,15,0.08870647015352508
DS07,mc.mars_OVERB,mars,OVERB,16,0.08799394557036327
DS07,mc.mars_OVERB,mars,OVERB,17,0.08805016449282063
DS07,mc.mars_OVERB,mars,OVERB,18,0.0877189384844833
DS07,mc.mars_OVERB,mars,OVERB,19,0.0875349499465747
DS07,mc.mars_OVERB,mars,OVERB,20,0.08644687920527318
DS07,mc.mars_OVERB,mars,OVERB,21,0.08523476832564515
DS07,mc.mars_OVERB,mars,OVERB,22,0.08539327867987356
DS07,mc.mars_OVERB,mars,OVERB,23,0.08493536610697174
DS07,mc.mars_OVERB,mars,OVERB,24,0.08381795202536899
DS07,mc.mars_OVERB,mars,OVERB,25,0.08370113414726427
DS07,mc.mars_OVERB,mars,OVERB,26,0.08311592652591593
DS07,mc.mars_OVERB,mars,OVERB,27,0.08414373711282526
DS07,mc.mars_OVERB,mars,OVERB,28,0.08401233478243042
DS07,mc.mars_OVERB,mars,OVERB,29,0.0852564980214214
DS07,mc.mars_OVERB,mars,OVERB,30,0.08427624525720433
DS07,mc.mars_OVERB,mars,OVERB,31,0.08339834055024198
DS07,mc.mars_OVERB,mars,OVERB,32,0.08309306179511024
DS07,mc.mars_OVERB,mars,OVERB,33,0.08282913733250673
DS07,mc.mars_OVERB,mars,OVERB,34,0.08290894974335768
DS07,mc.mars_OVERB,mars,OVERB,35,0.0828292697078012
DS07,mc.mars_OVERB,mars,OVERB,36,0.0825182548047863
DS07,mc.mars_OVERB,mars,OVERB,37,0.08221401049903326
DS07,mc.mars_OVERB,mars,OVERB,38,0.08233172919520948
DS07,mc.mars_OVERB,mars,OVERB,39,0.08259833345826421
DS07,mc.mars_OVERB,mars,OVERB,40,0.08184922262368054
DS07,mc.mars_OVERB,mars,OVERB,41,0.08220745703262215
DS07,mc.mars_OVERB,mars,OVERB,42,0.0828332774743632
DS07,mc.mars_OVERB,mars,OVERB,43,0.0821601730164912
DS07,mc.mars_OVERB,mars,OVERB,44,0.08181021915723152
DS07,mc.mars_OVERB,mars,OVERB,45,0.08106876838936779
DS07,mc.mars_OVERB,mars,OVERB,46,0.08163782406868268
DS07,mc.mars_OVERB,mars,OVERB,47,0.08151341193478066
DS07,mc.mars_OVERB,mars,OVERB,48,0.08189083220746818
DS07,mc.mars_OVERB,mars,OVERB,49,0.08178957996687686
DS07,mc.mars_OVERB,mars,OVERB,50,0.08179447262547822
DS07,mc.mars_OVERTPhi,mars,OVERTPhi,1,0.089476797151961
DS07,mc.mars_OVERTPhi,mars,OVERTPhi,2,0.08982762109204236
DS07,mc.mars_OVERTPhi,mars,OVERTPhi,3,0.08966178001297281
DS07,mc.mars_OVERTPhi,mars,OVERTPhi,4,0.0890740078954076
DS07,mc.mars_OVERTPhi,mars,OVERTPhi,5,0.08940244772342133
DS07,mc.mars_OVERTPhi,mars,OVERTPhi,6,0.08940900978221238
DS07,mc.mars_OVERTPhi,mars,OVERTPhi,7,0.08924349476404593
DS07,mc.mars_OVERTPhi,mars,OVERTPhi,8,0.08884055816818646
DS07,mc.mars_OVERTPhi,mars,OVERTPhi,9,0.08912042013598459
DS07,mc.mars_OVERTPhi,mars,OVERTPhi,10,0.08805834566414433
DS07,mc.mars_OVERTPhi,mars,OVERTPhi,11,0.08941573852048454
DS07,mc.mars_OVERTPhi,mars,OVERTPhi,12,0.08869022664188257
DS07,mc.mars_OVERTPhi,mars,OVERTPhi,13,0.08935361255391178
DS07,mc.mars_OVERTPhi,mars,OVERTPhi,14,0.08836127553572633
DS07,mc.mars_OVERTPhi,mars,OVERTPhi,15,0.08919183738468499
DS07,mc.mars_OVERTPhi,mars,OVERTPhi,16,0.08852612596916717
DS07,mc.mars_OVERTPhi,mars,OVERTPhi,17,0.0882627714473338
DS07,mc.mars_OVERTPhi,mars,OVERTPhi,18,0.08864385301554364
DS07,mc.mars_OVERTPhi,mars,OVERTPhi,19,0.08839677154586181
DS07,mc.mars_OVERTPhi,mars,OVERTPhi,20,0.08631419985221968
DS07,mc.mars_OVERTPhi,mars,OVERTPhi,21,0.08450073624399847
DS07,mc.mars_OVERTPhi,mars,OVERTPhi,22,0.08492289922664147
DS07,mc.mars_OVERTPhi,mars,OVERTPhi,23,0.08431856952956326
DS07,mc.mars_OVERTPhi,mars,OVERTPhi,24,0.08436792769952772
DS07,mc.mars_OVERTPhi,mars,OVERTPhi,25,0.08453129890151286
DS07,mc.mars_OVERTPhi,mars,OVERTPhi,26,0.08349645596466157
DS07,mc.mars_OVERTPhi,mars,OVERTPhi,27,0.0843059652679752
DS07,mc.mars_OVERTPhi,mars,OVERTPhi,28,0.0845065524985272
DS07,mc.mars_OVERTPhi,mars,OVERTPhi,29,0.08485643120698624
DS07,mc.mars_OVERTPhi,mars,OVERTPhi,30,0.08470276331348463
DS07,mc.mars_OVERTPhi,mars,OVERTPhi,31,0.084145742004126
DS07,mc.mars_OVERTPhi,mars,OVERTPhi,32,0.08381844412751618
DS07,mc.mars_OVERTPhi,mars,OVERTPhi,33,0.08311967175458737
DS07,mc.mars_OVERTPhi,mars,OVERTPhi,34,0.08342678296599018
DS07,mc.mars_OVERTPhi,mars,OVERTPhi,35,0.0832244085879747
DS07,mc.mars_OVERTPhi,mars,OVERTPhi,36,0.08293527621551318
DS07,mc.mars_OVERTPhi,mars,OVERTPhi,37,0.08236004699884561
DS07,mc.mars_OVERTPhi,mars,OVERTPhi,38,0.0824979735441504
DS07,mc.mars_OVERTPhi,mars,OVERTPhi,39,0.08197682333081557
DS07,mc.mars_OVERTPhi,mars,OVERTPhi,40,0.08285257185625372
DS07,mc.mars_OVERTPhi,mars,OVERTPhi,41,0.08292362900753222
DS07,mc.mars_OVERTPhi,mars,OVERTPhi,42,0.08193183722156454
DS07,mc.mars_OVERTPhi,mars,OVERTPhi,43,0.082309757117117
DS07,mc.mars_OVERTPhi,mars,OVERTPhi,44,0.08233193234200963
DS07,mc.mars_OVERTPhi,mars,OVERTPhi,45,0.08207832449687452
DS07,mc.mars_OVERTPhi,mars,OVERTPhi,46,0.08141771171583503
DS07,mc.mars_OVERTPhi,mars,OVERTPhi,47,0.08175390612058053
DS07,mc.mars_OVERTPhi,mars,OVERTPhi,48,0.0819159382269078
DS07,mc.mars_OVERTPhi,mars,OVERTPhi,49,0.08196457641606811
DS07,mc.mars_OVERTPhi,mars,OVERTPhi,50,0.08224065254855695
DS07,mc.mars_OVERT,mars,OVERT,1,0.08878686853884277
DS07,mc.mars_OVERT,mars,OVERT,2,0.09090935910831935
DS07,mc.mars_OVERT,mars,OVERT,3,0.08994433878884267
DS07,mc.mars_OVERT,mars,OVERT,4,0.08921016251795585
DS07,mc.mars_OVERT,mars,OVERT,5,0.0894093947842609
DS07,mc.mars_OVERT,mars,OVERT,6,0.08935500105391601
DS07,mc.mars_OVERT,mars,OVERT,7,0.08941701281014378
DS07,mc.mars_OVERT,mars,OVERT,8,0.08912992344484189
DS07,mc.mars_OVERT,mars,OVERT,9,0.088907880942972
DS07,mc.mars_OVERT,mars,OVERT,10,0.08829812925761504
DS07,mc.mars_OVERT,mars,OVERT,11,0.08993249213925915
DS07,mc.mars_OVERT,mars,OVERT,12,0.08899108654725064
DS07,mc.mars_OVERT,mars,OVERT,13,0.08924711680195122
DS07,mc.mars_OVERT,mars,OVERT,14,0.08829061221771116
DS07,mc.mars_OVERT,mars,OVERT,15,0.08927285559840233
DS07,mc.mars_OVERT,mars,OVERT,16,0.08838302403296674
DS07,mc.mars_OVERT,mars,OVERT,17,0.08748812772128475
DS07,mc.mars_OVERT,mars,OVERT,18,0.08795504868443006
DS07,mc.mars_OVERT,mars,OVERT,19,0.0878301181836227
DS07,mc.mars_OVERT,mars,OVERT,20,0.08597297484804245
DS07,mc.mars_OVERT,mars,OVERT,21,0.08403541528328806
DS07,mc.mars_OVERT,mars,OVERT,22,0.08471689947146538
DS07,mc.mars_OVERT,mars,OVERT,23,0.08437976739208242
DS07,mc.mars_OVERT,mars,OVERT,24,0.08412546853612506
DS07,mc.mars_OVERT,mars,OVERT,25,0.0838616890568098
DS07,mc.mars_OVERT,mars,OVERT,26,0.08354932158402725
DS07,mc.mars_OVERT,mars,OVERT,27,0.08416942804741545
DS07,mc.mars_OVERT,mars,OVERT,28,0.08451045431876737
DS07,mc.mars_OVERT,mars,OVERT,29,0.08479651216479767
DS07,mc.mars_OVERT,mars,OVERT,30,0.0846222858273139
DS07,mc.mars_OVERT,mars,OVERT,31,0.08344183292221058
DS07,mc.mars_OVERT,mars,OVERT,32,0.08377954415268452
DS07,mc.mars_OVERT,mars,OVERT,33,0.08345147586207584
DS07,mc.mars_OVERT,mars,OVERT,34,0.0837044501654815
DS07,mc.mars_OVERT,mars,OVERT,35,0.08275871157546154
DS07,mc.mars_OVERT,mars,OVERT,36,0.0822122385655232
DS07,mc.mars_OVERT,mars,OVERT,37,0.08200052150761405
DS07,mc.mars_OVERT,mars,OVERT,38,0.08181571965551636
DS07,mc.mars_OVERT,mars,OVERT,39,0.08162061157289813
DS07,mc.mars_OVERT,mars,OVERT,40,0.08224896701127944
DS07,mc.mars_OVERT,mars,OVERT,41,0.08329509153792419
DS07,mc.mars_OVERT,mars,OVERT,42,0.08214458562694518
DS07,mc.mars_OVERT,mars,OVERT,43,0.08231929476057978
DS07,mc.mars_OVERT,mars,OVERT,44,0.08205093643941415
DS07,mc.mars_OVERT,mars,OVERT,45,0.08173358305684637
DS07,mc.mars_OVERT,mars,OVERT,46,0.08101245353762168
DS07,mc.mars_OVERT,mars,OVERT,47,0.08149603475851704
DS07,mc.mars_OVERT,mars,OVERT,48,0.0820384010192377
DS07,mc.mars_OVERT,mars,OVERT,49,0.08198701301387112
DS07,mc.mars_OVERT,mars,OVERT,50,0.08209856719937465
DS07,mc.mars_SMOTEB,mars,SMOTEB,1,0.095019456039179
DS07,mc.mars_SMOTEB,mars,SMOTEB,2,0.0955566566631657
DS07,mc.mars_SMOTEB,mars,SMOTEB,3,0.09576170934382357
DS07,mc.mars_SMOTEB,mars,SMOTEB,4,0.09587929403311504
DS07,mc.mars_SMOTEB,mars,SMOTEB,5,0.0953589406282173
DS07,mc.mars_SMOTEB,mars,SMOTEB,6,0.09522912842459902
DS07,mc.mars_SMOTEB,mars,SMOTEB,7,0.09652468797201355
DS07,mc.mars_SMOTEB,mars,SMOTEB,8,0.09531087499145736
DS07,mc.mars_SMOTEB,mars,SMOTEB,9,0.09555830724493533
DS07,mc.mars_SMOTEB,mars,SMOTEB,10,0.09488451222044977
DS07,mc.mars_SMOTEB,mars,SMOTEB,11,0.09546388090946556
DS07,mc.mars_SMOTEB,mars,SMOTEB,12,0.0962386350762852
DS07,mc.mars_SMOTEB,mars,SMOTEB,13,0.09574903263250327
DS07,mc.mars_SMOTEB,mars,SMOTEB,14,0.09591264404511768
DS07,mc.mars_SMOTEB,mars,SMOTEB,15,0.09373974797307387
DS07,mc.mars_SMOTEB,mars,SMOTEB,16,0.09437088361214532
DS07,mc.mars_SMOTEB,mars,SMOTEB,17,0.09417718393872697
DS07,mc.mars_SMOTEB,mars,SMOTEB,18,0.0954280768593239
DS07,mc.mars_SMOTEB,mars,SMOTEB,19,0.09386066623509579
DS07,mc.mars_SMOTEB,mars,SMOTEB,20,0.09088875521113329
DS07,mc.mars_SMOTEB,mars,SMOTEB,21,0.08935700091959127
DS07,mc.mars_SMOTEB,mars,SMOTEB,22,0.08990516148055128
DS07,mc.mars_SMOTEB,mars,SMOTEB,23,0.08856136314167946
DS07,mc.mars_SMOTEB,mars,SMOTEB,24,0.08902010577786397
DS07,mc.mars_SMOTEB,mars,SMOTEB,25,0.0894097161640533
DS07,mc.mars_SMOTEB,mars,SMOTEB,26,0.08889911336446688
DS07,mc.mars_SMOTEB,mars,SMOTEB,27,0.08971491611505333
DS07,mc.mars_SMOTEB,mars,SMOTEB,28,0.08911389914897058
DS07,mc.mars_SMOTEB,mars,SMOTEB,29,0.09048760025010139
DS07,mc.mars_SMOTEB,mars,SMOTEB,30,0.08891667557226592
DS07,mc.mars_SMOTEB,mars,SMOTEB,31,0.088670014373196
DS07,mc.mars_SMOTEB,mars,SMOTEB,32,0.08803012521358619
DS07,mc.mars_SMOTEB,mars,SMOTEB,33,0.08795734012434334
DS07,mc.mars_SMOTEB,mars,SMOTEB,34,0.0874516364034576
DS07,mc.mars_SMOTEB,mars,SMOTEB,35,0.08661099062181905
DS07,mc.mars_SMOTEB,mars,SMOTEB,36,0.08678170634917072
DS07,mc.mars_SMOTEB,mars,SMOTEB,37,0.08828097303306645
DS07,mc.mars_SMOTEB,mars,SMOTEB,38,0.08732810246324446
DS07,mc.mars_SMOTEB,mars,SMOTEB,39,0.08616985385554181
DS07,mc.mars_SMOTEB,mars,SMOTEB,40,0.08719363682992991
DS07,mc.mars_SMOTEB,mars,SMOTEB,41,0.087941747447289
DS07,mc.mars_SMOTEB,mars,SMOTEB,42,0.0882382151458635
DS07,mc.mars_SMOTEB,mars,SMOTEB,43,0.08606882711441277
DS07,mc.mars_SMOTEB,mars,SMOTEB,44,0.0864055004341604
DS07,mc.mars_SMOTEB,mars,SMOTEB,45,0.0861398745188612
DS07,mc.mars_SMOTEB,mars,SMOTEB,46,0.08595259945814675
DS07,mc.mars_SMOTEB,mars,SMOTEB,47,0.08581988179416736
DS07,mc.mars_SMOTEB,mars,SMOTEB,48,0.08667329281084779
DS07,mc.mars_SMOTEB,mars,SMOTEB,49,0.08671365880211017
DS07,mc.mars_SMOTEB,mars,SMOTEB,50,0.08665999399679766
DS07,mc.mars_SMOTETPhi,mars,SMOTETPhi,1,0.10178911889516412
DS07,mc.mars_SMOTETPhi,mars,SMOTETPhi,2,0.10102974628342382
DS07,mc.mars_SMOTETPhi,mars,SMOTETPhi,3,0.10058807130331003
DS07,mc.mars_SMOTETPhi,mars,SMOTETPhi,4,0.10375779149630103
DS07,mc.mars_SMOTETPhi,mars,SMOTETPhi,5,0.10002527451135584
DS07,mc.mars_SMOTETPhi,mars,SMOTETPhi,6,0.1008527044859922
DS07,mc.mars_SMOTETPhi,mars,SMOTETPhi,7,0.10251241346210963
DS07,mc.mars_SMOTETPhi,mars,SMOTETPhi,8,0.10120331996936388
DS07,mc.mars_SMOTETPhi,mars,SMOTETPhi,9,0.1009355871006746
DS07,mc.mars_SMOTETPhi,mars,SMOTETPhi,10,0.10242386960190206
DS07,mc.mars_SMOTETPhi,mars,SMOTETPhi,11,0.09952744981967403
DS07,mc.mars_SMOTETPhi,mars,SMOTETPhi,12,0.10187017983038914
DS07,mc.mars_SMOTETPhi,mars,SMOTETPhi,13,0.09880531171776877
DS07,mc.mars_SMOTETPhi,mars,SMOTETPhi,14,0.09841051650110935
DS07,mc.mars_SMOTETPhi,mars,SMOTETPhi,15,0.09966361419617502
DS07,mc.mars_SMOTETPhi,mars,SMOTETPhi,16,0.09848469107815154
DS07,mc.mars_SMOTETPhi,mars,SMOTETPhi,17,0.10011832904162954
DS07,mc.mars_SMOTETPhi,mars,SMOTETPhi,18,0.09816753621802729
DS07,mc.mars_SMOTETPhi,mars,SMOTETPhi,19,0.0995604961368903
DS07,mc.mars_SMOTETPhi,mars,SMOTETPhi,20,0.0968411225947056
DS07,mc.mars_SMOTETPhi,mars,SMOTETPhi,21,0.0945032868128893
DS07,mc.mars_SMOTETPhi,mars,SMOTETPhi,22,0.09445923350137504
DS07,mc.mars_SMOTETPhi,mars,SMOTETPhi,23,0.09495335107583658
DS07,mc.mars_SMOTETPhi,mars,SMOTETPhi,24,0.09531305563896071
DS07,mc.mars_SMOTETPhi,mars,SMOTETPhi,25,0.0961577939364586
DS07,mc.mars_SMOTETPhi,mars,SMOTETPhi,26,0.09419370531793181
DS07,mc.mars_SMOTETPhi,mars,SMOTETPhi,27,0.09425333824731068
DS07,mc.mars_SMOTETPhi,mars,SMOTETPhi,28,0.0944962297206962
DS07,mc.mars_SMOTETPhi,mars,SMOTETPhi,29,0.09583792757673991
DS07,mc.mars_SMOTETPhi,mars,SMOTETPhi,30,0.09308720412489853
DS07,mc.mars_SMOTETPhi,mars,SMOTETPhi,31,0.09483819198022911
DS07,mc.mars_SMOTETPhi,mars,SMOTETPhi,32,0.0930920779179601
DS07,mc.mars_SMOTETPhi,mars,SMOTETPhi,33,0.09392864312209925
DS07,mc.mars_SMOTETPhi,mars,SMOTETPhi,34,0.09263021416911163
DS07,mc.mars_SMOTETPhi,mars,SMOTETPhi,35,0.09336145403780227
DS07,mc.mars_SMOTETPhi,mars,SMOTETPhi,36,0.09426638251565596
DS07,mc.mars_SMOTETPhi,mars,SMOTETPhi,37,0.09441146819846358
DS07,mc.mars_SMOTETPhi,mars,SMOTETPhi,38,0.09365158464336647
DS07,mc.mars_SMOTETPhi,mars,SMOTETPhi,39,0.09342680461805179
DS07,mc.mars_SMOTETPhi,mars,SMOTETPhi,40,0.09404863637125997
DS07,mc.mars_SMOTETPhi,mars,SMOTETPhi,41,0.09741424890659386
DS07,mc.mars_SMOTETPhi,mars,SMOTETPhi,42,0.09447701623280938
DS07,mc.mars_SMOTETPhi,mars,SMOTETPhi,43,0.09438654032959055
DS07,mc.mars_SMOTETPhi,mars,SMOTETPhi,44,0.09266375541871864
DS07,mc.mars_SMOTETPhi,mars,SMOTETPhi,45,0.09378133307124055
DS07,mc.mars_SMOTETPhi,mars,SMOTETPhi,46,0.09264136513140181
DS07,mc.mars_SMOTETPhi,mars,SMOTETPhi,47,0.0915451730139406
DS07,mc.mars_SMOTETPhi,mars,SMOTETPhi,48,0.09380604702283858
DS07,mc.mars_SMOTETPhi,mars,SMOTETPhi,49,0.09367631090714419
DS07,mc.mars_SMOTETPhi,mars,SMOTETPhi,50,0.09162676302740107
DS07,mc.mars_SMOTET,mars,SMOTET,1,0.10067302445960916
DS07,mc.mars_SMOTET,mars,SMOTET,2,0.0990044405541911
DS07,mc.mars_SMOTET,mars,SMOTET,3,0.10001103926099933
DS07,mc.mars_SMOTET,mars,SMOTET,4,0.10131992600280139
DS07,mc.mars_SMOTET,mars,SMOTET,5,0.09909450996060441
DS07,mc.mars_SMOTET,mars,SMOTET,6,0.10036431712925795
DS07,mc.mars_SMOTET,mars,SMOTET,7,0.09918486066465809
DS07,mc.mars_SMOTET,mars,SMOTET,8,0.09813889292262018
DS07,mc.mars_SMOTET,mars,SMOTET,9,0.09821843622197417
DS07,mc.mars_SMOTET,mars,SMOTET,10,0.09861370993681647
DS07,mc.mars_SMOTET,mars,SMOTET,11,0.09781114444447998
DS07,mc.mars_SMOTET,mars,SMOTET,12,0.09968013557925434
DS07,mc.mars_SMOTET,mars,SMOTET,13,0.09705367358837308
DS07,mc.mars_SMOTET,mars,SMOTET,14,0.09902435837429602
DS07,mc.mars_SMOTET,mars,SMOTET,15,0.09752626189845236
DS07,mc.mars_SMOTET,mars,SMOTET,16,0.09778042307287442
DS07,mc.mars_SMOTET,mars,SMOTET,17,0.09698984775792531
DS07,mc.mars_SMOTET,mars,SMOTET,18,0.09558261467353389
DS07,mc.mars_SMOTET,mars,SMOTET,19,0.09707199315216482
DS07,mc.mars_SMOTET,mars,SMOTET,20,0.09636329391758901
DS07,mc.mars_SMOTET,mars,SMOTET,21,0.09330994864287721
DS07,mc.mars_SMOTET,mars,SMOTET,22,0.09249038960400055
DS07,mc.mars_SMOTET,mars,SMOTET,23,0.09313701510441565
DS07,mc.mars_SMOTET,mars,SMOTET,24,0.0938569273146918
DS07,mc.mars_SMOTET,mars,SMOTET,25,0.09371470186751987
DS07,mc.mars_SMOTET,mars,SMOTET,26,0.09202412149278845
DS07,mc.mars_SMOTET,mars,SMOTET,27,0.09316113423964732
DS07,mc.mars_SMOTET,mars,SMOTET,28,0.09206948332274549
DS07,mc.mars_SMOTET,mars,SMOTET,29,0.09365213239365457
DS07,mc.mars_SMOTET,mars,SMOTET,30,0.09286742129471677
DS07,mc.mars_SMOTET,mars,SMOTET,31,0.09364898370168631
DS07,mc.mars_SMOTET,mars,SMOTET,32,0.09213195666464973
DS07,mc.mars_SMOTET,mars,SMOTET,33,0.0928026157989668
DS07,mc.mars_SMOTET,mars,SMOTET,34,0.09148420263081197
DS07,mc.mars_SMOTET,mars,SMOTET,35,0.09375634488312422
DS07,mc.mars_SMOTET,mars,SMOTET,36,0.09274883399601727
DS07,mc.mars_SMOTET,mars,SMOTET,37,0.0938589589570014
DS07,mc.mars_SMOTET,mars,SMOTET,38,0.09400458248683581
DS07,mc.mars_SMOTET,mars,SMOTET,39,0.09182857771292428
DS07,mc.mars_SMOTET,mars,SMOTET,40,0.09389564971735215
DS07,mc.mars_SMOTET,mars,SMOTET,41,0.0947630416833674
DS07,mc.mars_SMOTET,mars,SMOTET,42,0.09435773280355927
DS07,mc.mars_SMOTET,mars,SMOTET,43,0.09312016606884646
DS07,mc.mars_SMOTET,mars,SMOTET,44,0.09221451038422644
DS07,mc.mars_SMOTET,mars,SMOTET,45,0.09227682190760017
DS07,mc.mars_SMOTET,mars,SMOTET,46,0.09181332627515204
DS07,mc.mars_SMOTET,mars,SMOTET,47,0.09107424635401228
DS07,mc.mars_SMOTET,mars,SMOTET,48,0.09217811918068444
DS07,mc.mars_SMOTET,mars,SMOTET,49,0.09194427107210806
DS07,mc.mars_SMOTET,mars,SMOTET,50,0.09062256972397563
DS07,mc.mars_UNDERB,mars,UNDERB,1,0.09001320321208114
DS07,mc.mars_UNDERB,mars,UNDERB,2,0.089122281167114
DS07,mc.mars_UNDERB,mars,UNDERB,3,0.08878688803974767
DS07,mc.mars_UNDERB,mars,UNDERB,4,0.0896423572296796
DS07,mc.mars_UNDERB,mars,UNDERB,5,0.09055174075045865
DS07,mc.mars_UNDERB,mars,UNDERB,6,0.08765646906874744
DS07,mc.mars_UNDERB,mars,UNDERB,7,0.08849735630004489
DS07,mc.mars_UNDERB,mars,UNDERB,8,0.09027208193497535
DS07,mc.mars_UNDERB,mars,UNDERB,9,0.08939436286851156
DS07,mc.mars_UNDERB,mars,UNDERB,10,0.08869856068856898
DS07,mc.mars_UNDERB,mars,UNDERB,11,0.08757501003485071
DS07,mc.mars_UNDERB,mars,UNDERB,12,0.08883554152610211
DS07,mc.mars_UNDERB,mars,UNDERB,13,0.08956056063297924
DS07,mc.mars_UNDERB,mars,UNDERB,14,0.08875434004430255
DS07,mc.mars_UNDERB,mars,UNDERB,15,0.08732161923190801
DS07,mc.mars_UNDERB,mars,UNDERB,16,0.08939692620790392
DS07,mc.mars_UNDERB,mars,UNDERB,17,0.08799330188156579
DS07,mc.mars_UNDERB,mars,UNDERB,18,0.08772651137488215
DS07,mc.mars_UNDERB,mars,UNDERB,19,0.08692740501303999
DS07,mc.mars_UNDERB,mars,UNDERB,20,0.0854906302992304
DS07,mc.mars_UNDERB,mars,UNDERB,21,0.08429074925319371
DS07,mc.mars_UNDERB,mars,UNDERB,22,0.0841987410250389
DS07,mc.mars_UNDERB,mars,UNDERB,23,0.08395131576493568
DS07,mc.mars_UNDERB,mars,UNDERB,24,0.08385219962634649
DS07,mc.mars_UNDERB,mars,UNDERB,25,0.08381552279340054
DS07,mc.mars_UNDERB,mars,UNDERB,26,0.08282481466254317
DS07,mc.mars_UNDERB,mars,UNDERB,27,0.08376819170236167
DS07,mc.mars_UNDERB,mars,UNDERB,28,0.08406505576045384
DS07,mc.mars_UNDERB,mars,UNDERB,29,0.08444136764865753
DS07,mc.mars_UNDERB,mars,UNDERB,30,0.08367179732050557
DS07,mc.mars_UNDERB,mars,UNDERB,31,0.0833166103343383
DS07,mc.mars_UNDERB,mars,UNDERB,32,0.08282319623896703
DS07,mc.mars_UNDERB,mars,UNDERB,33,0.08190652230335696
DS07,mc.mars_UNDERB,mars,UNDERB,34,0.08182938078472943
DS07,mc.mars_UNDERB,mars,UNDERB,35,0.08296063207009993
DS07,mc.mars_UNDERB,mars,UNDERB,36,0.08315611842087953
DS07,mc.mars_UNDERB,mars,UNDERB,37,0.08065369202764898
DS07,mc.mars_UNDERB,mars,UNDERB,38,0.08150123604594703
DS07,mc.mars_UNDERB,mars,UNDERB,39,0.08116559309431405
DS07,mc.mars_UNDERB,mars,UNDERB,40,0.08262987723947592
DS07,mc.mars_UNDERB,mars,UNDERB,41,0.0817747263118878
DS07,mc.mars_UNDERB,mars,UNDERB,42,0.08257190952636549
DS07,mc.mars_UNDERB,mars,UNDERB,43,0.08059915684605153
DS07,mc.mars_UNDERB,mars,UNDERB,44,0.0813000947860497
DS07,mc.mars_UNDERB,mars,UNDERB,45,0.08014742747291023
DS07,mc.mars_UNDERB,mars,UNDERB,46,0.0815785053256024
DS07,mc.mars_UNDERB,mars,UNDERB,47,0.08048193895321279
DS07,mc.mars_UNDERB,mars,UNDERB,48,0.08176481425479806
DS07,mc.mars_UNDERB,mars,UNDERB,49,0.08111825011936259
DS07,mc.mars_UNDERB,mars,UNDERB,50,0.08236286971824915
DS07,mc.mars_UNDERTPhi,mars,UNDERTPhi,1,0.09031232934997827
DS07,mc.mars_UNDERTPhi,mars,UNDERTPhi,2,0.08998739295310773
DS07,mc.mars_UNDERTPhi,mars,UNDERTPhi,3,0.09012706309151963
DS07,mc.mars_UNDERTPhi,mars,UNDERTPhi,4,0.09144537214650197
DS07,mc.mars_UNDERTPhi,mars,UNDERTPhi,5,0.09089205484026218
DS07,mc.mars_UNDERTPhi,mars,UNDERTPhi,6,0.08998457578583013
DS07,mc.mars_UNDERTPhi,mars,UNDERTPhi,7,0.09211572655724114
DS07,mc.mars_UNDERTPhi,mars,UNDERTPhi,8,0.08986292050084842
DS07,mc.mars_UNDERTPhi,mars,UNDERTPhi,9,0.09012155261993987
DS07,mc.mars_UNDERTPhi,mars,UNDERTPhi,10,0.09098188993271278
DS07,mc.mars_UNDERTPhi,mars,UNDERTPhi,11,0.08978174066478833
DS07,mc.mars_UNDERTPhi,mars,UNDERTPhi,12,0.09052591987571906
DS07,mc.mars_UNDERTPhi,mars,UNDERTPhi,13,0.09050932567169133
DS07,mc.mars_UNDERTPhi,mars,UNDERTPhi,14,0.0898202151518606
DS07,mc.mars_UNDERTPhi,mars,UNDERTPhi,15,0.08964447029687056
DS07,mc.mars_UNDERTPhi,mars,UNDERTPhi,16,0.09001779758128896
DS07,mc.mars_UNDERTPhi,mars,UNDERTPhi,17,0.09036085455515766
DS07,mc.mars_UNDERTPhi,mars,UNDERTPhi,18,0.08976150588298204
DS07,mc.mars_UNDERTPhi,mars,UNDERTPhi,19,0.0887955368852934
DS07,mc.mars_UNDERTPhi,mars,UNDERTPhi,20,0.08650444807062456
DS07,mc.mars_UNDERTPhi,mars,UNDERTPhi,21,0.08638916130820544
DS07,mc.mars_UNDERTPhi,mars,UNDERTPhi,22,0.08590820994213663
DS07,mc.mars_UNDERTPhi,mars,UNDERTPhi,23,0.08548040731109738
DS07,mc.mars_UNDERTPhi,mars,UNDERTPhi,24,0.08524269499638887
DS07,mc.mars_UNDERTPhi,mars,UNDERTPhi,25,0.08478821600833755
DS07,mc.mars_UNDERTPhi,mars,UNDERTPhi,26,0.08442075082697235
DS07,mc.mars_UNDERTPhi,mars,UNDERTPhi,27,0.08630157672477047
DS07,mc.mars_UNDERTPhi,mars,UNDERTPhi,28,0.08540555310322513
DS07,mc.mars_UNDERTPhi,mars,UNDERTPhi,29,0.08569631573148467
DS07,mc.mars_UNDERTPhi,mars,UNDERTPhi,30,0.08487179600940802
DS07,mc.mars_UNDERTPhi,mars,UNDERTPhi,31,0.08479199160516113
DS07,mc.mars_UNDERTPhi,mars,UNDERTPhi,32,0.0840550981020769
DS07,mc.mars_UNDERTPhi,mars,UNDERTPhi,33,0.08248171744623727
DS07,mc.mars_UNDERTPhi,mars,UNDERTPhi,34,0.08306252558509733
DS07,mc.mars_UNDERTPhi,mars,UNDERTPhi,35,0.08333436552907546
DS07,mc.mars_UNDERTPhi,mars,UNDERTPhi,36,0.08264154078744729
DS07,mc.mars_UNDERTPhi,mars,UNDERTPhi,37,0.08283555275765346
DS07,mc.mars_UNDERTPhi,mars,UNDERTPhi,38,0.08227618638244347
DS07,mc.mars_UNDERTPhi,mars,UNDERTPhi,39,0.0830696944462787
DS07,mc.mars_UNDERTPhi,mars,UNDERTPhi,40,0.08286994894408199
DS07,mc.mars_UNDERTPhi,mars,UNDERTPhi,41,0.08413485014262188
DS07,mc.mars_UNDERTPhi,mars,UNDERTPhi,42,0.08314938957550652
DS07,mc.mars_UNDERTPhi,mars,UNDERTPhi,43,0.08347760673661389
DS07,mc.mars_UNDERTPhi,mars,UNDERTPhi,44,0.08234391727965763
DS07,mc.mars_UNDERTPhi,mars,UNDERTPhi,45,0.0812901293935849
DS07,mc.mars_UNDERTPhi,mars,UNDERTPhi,46,0.0809032134364105
DS07,mc.mars_UNDERTPhi,mars,UNDERTPhi,47,0.08232995416635541
DS07,mc.mars_UNDERTPhi,mars,UNDERTPhi,48,0.0836121887071525
DS07,mc.mars_UNDERTPhi,mars,UNDERTPhi,49,0.08214292146820311
DS07,mc.mars_UNDERTPhi,mars,UNDERTPhi,50,0.08232227967280854
DS07,mc.mars_UNDERT,mars,UNDERT,1,0.08881434527106667
DS07,mc.mars_UNDERT,mars,UNDERT,2,0.08875781162776138
DS07,mc.mars_UNDERT,mars,UNDERT,3,0.08827246259143982
DS07,mc.mars_UNDERT,mars,UNDERT,4,0.08908213174550579
DS07,mc.mars_UNDERT,mars,UNDERT,5,0.0881692471543634
DS07,mc.mars_UNDERT,mars,UNDERT,6,0.0897164956950497
DS07,mc.mars_UNDERT,mars,UNDERT,7,0.0890957200592261
DS07,mc.mars_UNDERT,mars,UNDERT,8,0.0890430443602495
DS07,mc.mars_UNDERT,mars,UNDERT,9,0.08962597931102137
DS07,mc.mars_UNDERT,mars,UNDERT,10,0.08969837950094367
DS07,mc.mars_UNDERT,mars,UNDERT,11,0.08900851864976554
DS07,mc.mars_UNDERT,mars,UNDERT,12,0.08767744588504929
DS07,mc.mars_UNDERT,mars,UNDERT,13,0.08910922770549674
DS07,mc.mars_UNDERT,mars,UNDERT,14,0.08780205269354682
DS07,mc.mars_UNDERT,mars,UNDERT,15,0.08951603853102467
DS07,mc.mars_UNDERT,mars,UNDERT,16,0.08926780261948344
DS07,mc.mars_UNDERT,mars,UNDERT,17,0.08740499342050209
DS07,mc.mars_UNDERT,mars,UNDERT,18,0.08783080070586372
DS07,mc.mars_UNDERT,mars,UNDERT,19,0.08806607128842013
DS07,mc.mars_UNDERT,mars,UNDERT,20,0.08607867393033497
DS07,mc.mars_UNDERT,mars,UNDERT,21,0.08511822547930749
DS07,mc.mars_UNDERT,mars,UNDERT,22,0.08477491690665602
DS07,mc.mars_UNDERT,mars,UNDERT,23,0.08524634327989945
DS07,mc.mars_UNDERT,mars,UNDERT,24,0.08483099350021875
DS07,mc.mars_UNDERT,mars,UNDERT,25,0.08372968980676175
DS07,mc.mars_UNDERT,mars,UNDERT,26,0.08273396187584757
DS07,mc.mars_UNDERT,mars,UNDERT,27,0.08419795106778268
DS07,mc.mars_UNDERT,mars,UNDERT,28,0.08416749852345969
DS07,mc.mars_UNDERT,mars,UNDERT,29,0.0841168181293884
DS07,mc.mars_UNDERT,mars,UNDERT,30,0.08401966251011436
DS07,mc.mars_UNDERT,mars,UNDERT,31,0.08286959872235013
DS07,mc.mars_UNDERT,mars,UNDERT,32,0.08330443286313402
DS07,mc.mars_UNDERT,mars,UNDERT,33,0.0814777751585976
DS07,mc.mars_UNDERT,mars,UNDERT,34,0.08286225496699447
DS07,mc.mars_UNDERT,mars,UNDERT,35,0.0814430914210192
DS07,mc.mars_UNDERT,mars,UNDERT,36,0.08206811092862627
DS07,mc.mars_UNDERT,mars,UNDERT,37,0.08167529959572944
DS07,mc.mars_UNDERT,mars,UNDERT,38,0.08219225324176678
DS07,mc.mars_UNDERT,mars,UNDERT,39,0.0817118798558599
DS07,mc.mars_UNDERT,mars,UNDERT,40,0.08255080477050114
DS07,mc.mars_UNDERT,mars,UNDERT,41,0.08186247732934854
DS07,mc.mars_UNDERT,mars,UNDERT,42,0.08245727141874876
DS07,mc.mars_UNDERT,mars,UNDERT,43,0.08260414680431157
DS07,mc.mars_UNDERT,mars,UNDERT,44,0.08057748011068311
DS07,mc.mars_UNDERT,mars,UNDERT,45,0.08061920873982109
DS07,mc.mars_UNDERT,mars,UNDERT,46,0.0814344650065818
DS07,mc.mars_UNDERT,mars,UNDERT,47,0.08073191847477836
DS07,mc.mars_UNDERT,mars,UNDERT,48,0.08155404768322523
DS07,mc.mars_UNDERT,mars,UNDERT,49,0.08105616771633507
DS07,mc.mars_UNDERT,mars,UNDERT,50,0.08033690779513615
DS07,mc.mars,mars,baseline,1,0.08230355383762496
DS07,mc.mars,mars,baseline,2,0.08229591590577101
DS07,mc.mars,mars,baseline,3,0.08200197769785168
DS07,mc.mars,mars,baseline,4,0.08203200027554369
DS07,mc.mars,mars,baseline,5,0.08319960715060412
DS07,mc.mars,mars,baseline,6,0.08301325248339916
DS07,mc.mars,mars,baseline,7,0.0829477264317133
DS07,mc.mars,mars,baseline,8,0.08329040483672433
DS07,mc.mars,mars,baseline,9,0.0831233323506727
DS07,mc.mars,mars,baseline,10,0.08288677711081822
DS07,mc.mars,mars,baseline,11,0.08272750055832058
DS07,mc.mars,mars,baseline,12,0.08282284298703041
DS07,mc.mars,mars,baseline,13,0.08276258222938922
DS07,mc.mars,mars,baseline,14,0.08249112375441824
DS07,mc.mars,mars,baseline,15,0.08251486888334403
DS07,mc.mars,mars,baseline,16,0.08254760044356521
DS07,mc.mars,mars,baseline,17,0.08393822952768813
DS07,mc.mars,mars,baseline,18,0.08231871179143765
DS07,mc.mars,mars,baseline,19,0.08385370340613074
DS07,mc.mars,mars,baseline,20,0.08165841811563089
DS07,mc.mars,mars,baseline,21,0.08029153644431193
DS07,mc.mars,mars,baseline,22,0.08061534653666222
DS07,mc.mars,mars,baseline,23,0.08057951325572901
DS07,mc.mars,mars,baseline,24,0.08033301102222377
DS07,mc.mars,mars,baseline,25,0.0802808435748678
DS07,mc.mars,mars,baseline,26,0.0797715209471183
DS07,mc.mars,mars,baseline,27,0.08064557049380973
DS07,mc.mars,mars,baseline,28,0.08071606497999011
DS07,mc.mars,mars,baseline,29,0.08088708705021498
DS07,mc.mars,mars,baseline,30,0.08025514473845327
DS07,mc.mars,mars,baseline,31,0.07985684856604587
DS07,mc.mars,mars,baseline,32,0.0795174333011165
DS07,mc.mars,mars,baseline,33,0.07816474767304141
DS07,mc.mars,mars,baseline,34,0.0781625101911775
DS07,mc.mars,mars,baseline,35,0.0778850094002826
DS07,mc.mars,mars,baseline,36,0.07775472693355731
DS07,mc.mars,mars,baseline,37,0.0773073174955418
DS07,mc.mars,mars,baseline,38,0.07729496801248197
DS07,mc.mars,mars,baseline,39,0.07719436629290591
DS07,mc.mars,mars,baseline,40,0.07772590376773919
DS07,mc.mars,mars,baseline,41,0.07800337504648047
DS07,mc.mars,mars,baseline,42,0.07791244800780787
DS07,mc.mars,mars,baseline,43,0.07694623085919454
DS07,mc.mars,mars,baseline,44,0.0768300838289096
DS07,mc.mars,mars,baseline,45,0.07656245451197832
DS07,mc.mars,mars,baseline,46,0.07646361357942459
DS07,mc.mars,mars,baseline,47,0.07656429698523697
DS07,mc.mars,mars,baseline,48,0.07687275794363291
DS07,mc.mars,mars,baseline,49,0.07691349235310005
DS07,mc.mars,mars,baseline,50,0.07760252736943728
DS07,mc.rf_OVERB,rf,OVERB,1,0.0848807906172717
DS07,mc.rf_OVERB,rf,OVERB,2,0.08449476942408328
DS07,mc.rf_OVERB,rf,OVERB,3,0.08429044767356324
DS07,mc.rf_OVERB,rf,OVERB,4,0.08410685958160194
DS07,mc.rf_OVERB,rf,OVERB,5,0.08501588128547675
DS07,mc.rf_OVERB,rf,OVERB,6,0.08502389624102878
DS07,mc.rf_OVERB,rf,OVERB,7,0.08529478149273197
DS07,mc.rf_OVERB,rf,OVERB,8,0.0849521211364094
DS07,mc.rf_OVERB,rf,OVERB,9,0.08483908044121934
DS07,mc.rf_OVERB,rf,OVERB,10,0.08489738052087573
DS07,mc.rf_OVERB,rf,OVERB,11,0.08490204844429622
DS07,mc.rf_OVERB,rf,OVERB,12,0.08488721554563045
DS07,mc.rf_OVERB,rf,OVERB,13,0.08509790806805742
DS07,mc.rf_OVERB,rf,OVERB,14,0.08513295062326648
DS07,mc.rf_OVERB,rf,OVERB,15,0.08520647496853685
DS07,mc.rf_OVERB,rf,OVERB,16,0.08501938494493333
DS07,mc.rf_OVERB,rf,OVERB,17,0.08500216804057546
DS07,mc.rf_OVERB,rf,OVERB,18,0.08510451774642545
DS07,mc.rf_OVERB,rf,OVERB,19,0.08510806356373382
DS07,mc.rf_OVERB,rf,OVERB,20,0.08432526064508002
DS07,mc.rf_OVERB,rf,OVERB,21,0.08369281459622412
DS07,mc.rf_OVERB,rf,OVERB,22,0.08348690371298996
DS07,mc.rf_OVERB,rf,OVERB,23,0.0835856487943107
DS07,mc.rf_OVERB,rf,OVERB,24,0.08313942760312244
DS07,mc.rf_OVERB,rf,OVERB,25,0.08316000465194119
DS07,mc.rf_OVERB,rf,OVERB,26,0.08251582889783327
DS07,mc.rf_OVERB,rf,OVERB,27,0.08296259767292374
DS07,mc.rf_OVERB,rf,OVERB,28,0.08306250867802725
DS07,mc.rf_OVERB,rf,OVERB,29,0.08325096717071319
DS07,mc.rf_OVERB,rf,OVERB,30,0.0830163081193711
DS07,mc.rf_OVERB,rf,OVERB,31,0.08224918955040232
DS07,mc.rf_OVERB,rf,OVERB,32,0.08191407532016795
DS07,mc.rf_OVERB,rf,OVERB,33,0.08057935359372234
DS07,mc.rf_OVERB,rf,OVERB,34,0.08087658466820181
DS07,mc.rf_OVERB,rf,OVERB,35,0.08062689632727078
DS07,mc.rf_OVERB,rf,OVERB,36,0.08085105812873947
DS07,mc.rf_OVERB,rf,OVERB,37,0.0798860335834751
DS07,mc.rf_OVERB,rf,OVERB,38,0.07993981002016322
DS07,mc.rf_OVERB,rf,OVERB,39,0.07967981077892632
DS07,mc.rf_OVERB,rf,OVERB,40,0.08073957620697647
DS07,mc.rf_OVERB,rf,OVERB,41,0.08057694033612783
DS07,mc.rf_OVERB,rf,OVERB,42,0.08061114861265725
DS07,mc.rf_OVERB,rf,OVERB,43,0.08037597118462385
DS07,mc.rf_OVERB,rf,OVERB,44,0.07992778845906559
DS07,mc.rf_OVERB,rf,OVERB,45,0.07906544585479175
DS07,mc.rf_OVERB,rf,OVERB,46,0.07902713174514768
DS07,mc.rf_OVERB,rf,OVERB,47,0.0792839579847834
DS07,mc.rf_OVERB,rf,OVERB,48,0.07927643055694443
DS07,mc.rf_OVERB,rf,OVERB,49,0.07945650458317713
DS07,mc.rf_OVERB,rf,OVERB,50,0.07987500362002779
DS07,mc.rf_OVERTPhi,rf,OVERTPhi,1,0.08422418651729516
DS07,mc.rf_OVERTPhi,rf,OVERTPhi,2,0.08417225289280664
DS07,mc.rf_OVERTPhi,rf,OVERTPhi,3,0.08423564484272836
DS07,mc.rf_OVERTPhi,rf,OVERTPhi,4,0.08419847256244418
DS07,mc.rf_OVERTPhi,rf,OVERTPhi,5,0.08515294181527622
DS07,mc.rf_OVERTPhi,rf,OVERTPhi,6,0.08583134486838456
DS07,mc.rf_OVERTPhi,rf,OVERTPhi,7,0.08488424616421501
DS07,mc.rf_OVERTPhi,rf,OVERTPhi,8,0.08516077794622115
DS07,mc.rf_OVERTPhi,rf,OVERTPhi,9,0.08509697489691101
DS07,mc.rf_OVERTPhi,rf,OVERTPhi,10,0.08493609866655498
DS07,mc.rf_OVERTPhi,rf,OVERTPhi,11,0.08479988842846521
DS07,mc.rf_OVERTPhi,rf,OVERTPhi,12,0.08511007856992912
DS07,mc.rf_OVERTPhi,rf,OVERTPhi,13,0.08495767830919035
DS07,mc.rf_OVERTPhi,rf,OVERTPhi,14,0.08462181222982094
DS07,mc.rf_OVERTPhi,rf,OVERTPhi,15,0.08509016727249112
DS07,mc.rf_OVERTPhi,rf,OVERTPhi,16,0.08488181392165903
DS07,mc.rf_OVERTPhi,rf,OVERTPhi,17,0.08503699888006946
DS07,mc.rf_OVERTPhi,rf,OVERTPhi,18,0.08486178098638025
DS07,mc.rf_OVERTPhi,rf,OVERTPhi,19,0.085211383632933
DS07,mc.rf_OVERTPhi,rf,OVERTPhi,20,0.08387439191495868
DS07,mc.rf_OVERTPhi,rf,OVERTPhi,21,0.0836866519723581
DS07,mc.rf_OVERTPhi,rf,OVERTPhi,22,0.08342135699203593
DS07,mc.rf_OVERTPhi,rf,OVERTPhi,23,0.08326802966258287
DS07,mc.rf_OVERTPhi,rf,OVERTPhi,24,0.08267022262312394
DS07,mc.rf_OVERTPhi,rf,OVERTPhi,25,0.08263110497407213
DS07,mc.rf_OVERTPhi,rf,OVERTPhi,26,0.08210003776418992
DS07,mc.rf_OVERTPhi,rf,OVERTPhi,27,0.08280521225073915
DS07,mc.rf_OVERTPhi,rf,OVERTPhi,28,0.08348109043215471
DS07,mc.rf_OVERTPhi,rf,OVERTPhi,29,0.0829165993944971
DS07,mc.rf_OVERTPhi,rf,OVERTPhi,30,0.08293963431859624
DS07,mc.rf_OVERTPhi,rf,OVERTPhi,31,0.08224158611177725
DS07,mc.rf_OVERTPhi,rf,OVERTPhi,32,0.0821621900057395
DS07,mc.rf_OVERTPhi,rf,OVERTPhi,33,0.0807168613101474
DS07,mc.rf_OVERTPhi,rf,OVERTPhi,34,0.08061193155633475
DS07,mc.rf_OVERTPhi,rf,OVERTPhi,35,0.07980427117071236
DS07,mc.rf_OVERTPhi,rf,OVERTPhi,36,0.07958955915664521
DS07,mc.rf_OVERTPhi,rf,OVERTPhi,37,0.07973089059536786
DS07,mc.rf_OVERTPhi,rf,OVERTPhi,38,0.07927958503423338
DS07,mc.rf_OVERTPhi,rf,OVERTPhi,39,0.07924864821543816
DS07,mc.rf_OVERTPhi,rf,OVERTPhi,40,0.08037892785426616
DS07,mc.rf_OVERTPhi,rf,OVERTPhi,41,0.08033215670008925
DS07,mc.rf_OVERTPhi,rf,OVERTPhi,42,0.07974798101842541
DS07,mc.rf_OVERTPhi,rf,OVERTPhi,43,0.07913204291659884
DS07,mc.rf_OVERTPhi,rf,OVERTPhi,44,0.0797129082281258
DS07,mc.rf_OVERTPhi,rf,OVERTPhi,45,0.07878423247476532
DS07,mc.rf_OVERTPhi,rf,OVERTPhi,46,0.07894821714557622
DS07,mc.rf_OVERTPhi,rf,OVERTPhi,47,0.07899204869833178
DS07,mc.rf_OVERTPhi,rf,OVERTPhi,48,0.07902349027145443
DS07,mc.rf_OVERTPhi,rf,OVERTPhi,49,0.07945665290419499
DS07,mc.rf_OVERTPhi,rf,OVERTPhi,50,0.07953962483543901
DS07,mc.rf_OVERT,rf,OVERT,1,0.08420789046826001
DS07,mc.rf_OVERT,rf,OVERT,2,0.08395629707574
DS07,mc.rf_OVERT,rf,OVERT,3,0.08407360564907364
DS07,mc.rf_OVERT,rf,OVERT,4,0.08377015886228702
DS07,mc.rf_OVERT,rf,OVERT,5,0.08552616905882256
DS07,mc.rf_OVERT,rf,OVERT,6,0.08551581783221633
DS07,mc.rf_OVERT,rf,OVERT,7,0.08486105924389413
DS07,mc.rf_OVERT,rf,OVERT,8,0.0851634047563143
DS07,mc.rf_OVERT,rf,OVERT,9,0.08497616367060477
DS07,mc.rf_OVERT,rf,OVERT,10,0.08504595683295875
DS07,mc.rf_OVERT,rf,OVERT,11,0.08490826041778922
DS07,mc.rf_OVERT,rf,OVERT,12,0.08492984885055624
DS07,mc.rf_OVERT,rf,OVERT,13,0.08493577050949899
DS07,mc.rf_OVERT,rf,OVERT,14,0.08471524978241117
DS07,mc.rf_OVERT,rf,OVERT,15,0.08499469523856032
DS07,mc.rf_OVERT,rf,OVERT,16,0.08478540769957554
DS07,mc.rf_OVERT,rf,OVERT,17,0.08491910564021558
DS07,mc.rf_OVERT,rf,OVERT,18,0.08478594298527833
DS07,mc.rf_OVERT,rf,OVERT,19,0.08524303417852394
DS07,mc.rf_OVERT,rf,OVERT,20,0.08381318235629201
DS07,mc.rf_OVERT,rf,OVERT,21,0.08326326807482137
DS07,mc.rf_OVERT,rf,OVERT,22,0.08306044530767928
DS07,mc.rf_OVERT,rf,OVERT,23,0.08306411628124734
DS07,mc.rf_OVERT,rf,OVERT,24,0.08252618987632136
DS07,mc.rf_OVERT,rf,OVERT,25,0.08274067692184532
DS07,mc.rf_OVERT,rf,OVERT,26,0.08239954543178547
DS07,mc.rf_OVERT,rf,OVERT,27,0.08279017442546845
DS07,mc.rf_OVERT,rf,OVERT,28,0.08342463973774923
DS07,mc.rf_OVERT,rf,OVERT,29,0.08300657513014009
DS07,mc.rf_OVERT,rf,OVERT,30,0.08308113125429482
DS07,mc.rf_OVERT,rf,OVERT,31,0.08230500585620668
DS07,mc.rf_OVERT,rf,OVERT,32,0.08234782579888038
DS07,mc.rf_OVERT,rf,OVERT,33,0.08075267413197558
DS07,mc.rf_OVERT,rf,OVERT,34,0.08060354147015475
DS07,mc.rf_OVERT,rf,OVERT,35,0.08013889070386912
DS07,mc.rf_OVERT,rf,OVERT,36,0.07967775877727169
DS07,mc.rf_OVERT,rf,OVERT,37,0.07997925409504054
DS07,mc.rf_OVERT,rf,OVERT,38,0.07945711325379887
DS07,mc.rf_OVERT,rf,OVERT,39,0.07954893006490131
DS07,mc.rf_OVERT,rf,OVERT,40,0.07991645514280038
DS07,mc.rf_OVERT,rf,OVERT,41,0.08045783501157658
DS07,mc.rf_OVERT,rf,OVERT,42,0.07971696763296468
DS07,mc.rf_OVERT,rf,OVERT,43,0.07936035165556242
DS07,mc.rf_OVERT,rf,OVERT,44,0.07930008955030869
DS07,mc.rf_OVERT,rf,OVERT,45,0.07912184755001354
DS07,mc.rf_OVERT,rf,OVERT,46,0.07885038321533047
DS07,mc.rf_OVERT,rf,OVERT,47,0.07916283514908937
DS07,mc.rf_OVERT,rf,OVERT,48,0.07921642041210022
DS07,mc.rf_OVERT,rf,OVERT,49,0.07934376616002277
DS07,mc.rf_OVERT,rf,OVERT,50,0.07955307312516771
DS07,mc.rf_SMOTEB,rf,SMOTEB,1,0.09204099619888177
DS07,mc.rf_SMOTEB,rf,SMOTEB,2,0.09235074278393499
DS07,mc.rf_SMOTEB,rf,SMOTEB,3,0.09304258778758205
DS07,mc.rf_SMOTEB,rf,SMOTEB,4,0.09144986864428159
DS07,mc.rf_SMOTEB,rf,SMOTEB,5,0.09298927440555164
DS07,mc.rf_SMOTEB,rf,SMOTEB,6,0.09203289286719686
DS07,mc.rf_SMOTEB,rf,SMOTEB,7,0.09289957638702867
DS07,mc.rf_SMOTEB,rf,SMOTEB,8,0.09232481136026091
DS07,mc.rf_SMOTEB,rf,SMOTEB,9,0.0924885952801339
DS07,mc.rf_SMOTEB,rf,SMOTEB,10,0.09214618899991452
DS07,mc.rf_SMOTEB,rf,SMOTEB,11,0.09223544831125705
DS07,mc.rf_SMOTEB,rf,SMOTEB,12,0.0922539707658223
DS07,mc.rf_SMOTEB,rf,SMOTEB,13,0.09252128880772138
DS07,mc.rf_SMOTEB,rf,SMOTEB,14,0.09224915613508886
DS07,mc.rf_SMOTEB,rf,SMOTEB,15,0.09271954295403824
DS07,mc.rf_SMOTEB,rf,SMOTEB,16,0.09243230738214643
DS07,mc.rf_SMOTEB,rf,SMOTEB,17,0.09195086822620065
DS07,mc.rf_SMOTEB,rf,SMOTEB,18,0.09219144238152104
DS07,mc.rf_SMOTEB,rf,SMOTEB,19,0.09177040268248816
DS07,mc.rf_SMOTEB,rf,SMOTEB,20,0.09000016720758788
DS07,mc.rf_SMOTEB,rf,SMOTEB,21,0.08955095398221743
DS07,mc.rf_SMOTEB,rf,SMOTEB,22,0.0900777560271182
DS07,mc.rf_SMOTEB,rf,SMOTEB,23,0.09018970726937156
DS07,mc.rf_SMOTEB,rf,SMOTEB,24,0.0896627232161868
DS07,mc.rf_SMOTEB,rf,SMOTEB,25,0.08985560363464773
DS07,mc.rf_SMOTEB,rf,SMOTEB,26,0.08894147767124141
DS07,mc.rf_SMOTEB,rf,SMOTEB,27,0.08979688774390711
DS07,mc.rf_SMOTEB,rf,SMOTEB,28,0.090099314018511
DS07,mc.rf_SMOTEB,rf,SMOTEB,29,0.08976996752873696
DS07,mc.rf_SMOTEB,rf,SMOTEB,30,0.08951592135159002
DS07,mc.rf_SMOTEB,rf,SMOTEB,31,0.08896944258824299
DS07,mc.rf_SMOTEB,rf,SMOTEB,32,0.08921526259378665
DS07,mc.rf_SMOTEB,rf,SMOTEB,33,0.08763101690720464
DS07,mc.rf_SMOTEB,rf,SMOTEB,34,0.08810577924917402
DS07,mc.rf_SMOTEB,rf,SMOTEB,35,0.08777467755885156
DS07,mc.rf_SMOTEB,rf,SMOTEB,36,0.0866644104587395
DS07,mc.rf_SMOTEB,rf,SMOTEB,37,0.08670142006950884
DS07,mc.rf_SMOTEB,rf,SMOTEB,38,0.08641703131563458
DS07,mc.rf_SMOTEB,rf,SMOTEB,39,0.08446363596517882
DS07,mc.rf_SMOTEB,rf,SMOTEB,40,0.08693279988674252
DS07,mc.rf_SMOTEB,rf,SMOTEB,41,0.08732136887594269
DS07,mc.rf_SMOTEB,rf,SMOTEB,42,0.08611566341639776
DS07,mc.rf_SMOTEB,rf,SMOTEB,43,0.08595153159042519
DS07,mc.rf_SMOTEB,rf,SMOTEB,44,0.08618804501143719
DS07,mc.rf_SMOTEB,rf,SMOTEB,45,0.08632860373644362
DS07,mc.rf_SMOTEB,rf,SMOTEB,46,0.08440597766505575
DS07,mc.rf_SMOTEB,rf,SMOTEB,47,0.08494017010048013
DS07,mc.rf_SMOTEB,rf,SMOTEB,48,0.08549194384242571
DS07,mc.rf_SMOTEB,rf,SMOTEB,49,0.08517218913402376
DS07,mc.rf_SMOTEB,rf,SMOTEB,50,0.08675025680545335
DS07,mc.rf_SMOTETPhi,rf,SMOTETPhi,1,0.09819914453087637
DS07,mc.rf_SMOTETPhi,rf,SMOTETPhi,2,0.09787506886676657
DS07,mc.rf_SMOTETPhi,rf,SMOTETPhi,3,0.09793441572797877
DS07,mc.rf_SMOTETPhi,rf,SMOTETPhi,4,0.09747686409646213
DS07,mc.rf_SMOTETPhi,rf,SMOTETPhi,5,0.09744609430105576
DS07,mc.rf_SMOTETPhi,rf,SMOTETPhi,6,0.09787968453703125
DS07,mc.rf_SMOTETPhi,rf,SMOTETPhi,7,0.09853921529713985
DS07,mc.rf_SMOTETPhi,rf,SMOTETPhi,8,0.0989065112063948
DS07,mc.rf_SMOTETPhi,rf,SMOTETPhi,9,0.09734437841006492
DS07,mc.rf_SMOTETPhi,rf,SMOTETPhi,10,0.09781040770962741
DS07,mc.rf_SMOTETPhi,rf,SMOTETPhi,11,0.0960880931713351
DS07,mc.rf_SMOTETPhi,rf,SMOTETPhi,12,0.09700531406233341
DS07,mc.rf_SMOTETPhi,rf,SMOTETPhi,13,0.09696603944790866
DS07,mc.rf_SMOTETPhi,rf,SMOTETPhi,14,0.0965261022785446
DS07,mc.rf_SMOTETPhi,rf,SMOTETPhi,15,0.09793349602159684
DS07,mc.rf_SMOTETPhi,rf,SMOTETPhi,16,0.09702874841333557
DS07,mc.rf_SMOTETPhi,rf,SMOTETPhi,17,0.0960914782913961
DS07,mc.rf_SMOTETPhi,rf,SMOTETPhi,18,0.096537534484679
DS07,mc.rf_SMOTETPhi,rf,SMOTETPhi,19,0.09612158248539936
DS07,mc.rf_SMOTETPhi,rf,SMOTETPhi,20,0.09434184416209974
DS07,mc.rf_SMOTETPhi,rf,SMOTETPhi,21,0.09349403421812652
DS07,mc.rf_SMOTETPhi,rf,SMOTETPhi,22,0.09405213616422231
DS07,mc.rf_SMOTETPhi,rf,SMOTETPhi,23,0.09355392614865317
DS07,mc.rf_SMOTETPhi,rf,SMOTETPhi,24,0.0931334241613539
DS07,mc.rf_SMOTETPhi,rf,SMOTETPhi,25,0.09525265701766046
DS07,mc.rf_SMOTETPhi,rf,SMOTETPhi,26,0.09214460976791043
DS07,mc.rf_SMOTETPhi,rf,SMOTETPhi,27,0.09278296647284118
DS07,mc.rf_SMOTETPhi,rf,SMOTETPhi,28,0.09317628021420139
DS07,mc.rf_SMOTETPhi,rf,SMOTETPhi,29,0.09338092339082343
DS07,mc.rf_SMOTETPhi,rf,SMOTETPhi,30,0.09354634857234834
DS07,mc.rf_SMOTETPhi,rf,SMOTETPhi,31,0.09138331980398094
DS07,mc.rf_SMOTETPhi,rf,SMOTETPhi,32,0.09231623989055768
DS07,mc.rf_SMOTETPhi,rf,SMOTETPhi,33,0.09042167574139638
DS07,mc.rf_SMOTETPhi,rf,SMOTETPhi,34,0.0928473252105794
DS07,mc.rf_SMOTETPhi,rf,SMOTETPhi,35,0.09119611094512711
DS07,mc.rf_SMOTETPhi,rf,SMOTETPhi,36,0.08978439310571122
DS07,mc.rf_SMOTETPhi,rf,SMOTETPhi,37,0.09225096905272655
DS07,mc.rf_SMOTETPhi,rf,SMOTETPhi,38,0.09258158610683881
DS07,mc.rf_SMOTETPhi,rf,SMOTETPhi,39,0.09014813029548864
DS07,mc.rf_SMOTETPhi,rf,SMOTETPhi,40,0.09148170852605479
DS07,mc.rf_SMOTETPhi,rf,SMOTETPhi,41,0.09130197620983531
DS07,mc.rf_SMOTETPhi,rf,SMOTETPhi,42,0.09021230902264525
DS07,mc.rf_SMOTETPhi,rf,SMOTETPhi,43,0.09073526875511709
DS07,mc.rf_SMOTETPhi,rf,SMOTETPhi,44,0.08992792155053596
DS07,mc.rf_SMOTETPhi,rf,SMOTETPhi,45,0.08991818907873615
DS07,mc.rf_SMOTETPhi,rf,SMOTETPhi,46,0.091007898252333
DS07,mc.rf_SMOTETPhi,rf,SMOTETPhi,47,0.09018469297191388
DS07,mc.rf_SMOTETPhi,rf,SMOTETPhi,48,0.08992652487321282
DS07,mc.rf_SMOTETPhi,rf,SMOTETPhi,49,0.09073878838909842
DS07,mc.rf_SMOTETPhi,rf,SMOTETPhi,50,0.09033956136290362
DS07,mc.rf_SMOTET,rf,SMOTET,1,0.09460673032206082
DS07,mc.rf_SMOTET,rf,SMOTET,2,0.09454273395869912
DS07,mc.rf_SMOTET,rf,SMOTET,3,0.09433395683993723
DS07,mc.rf_SMOTET,rf,SMOTET,4,0.09459425590733021
DS07,mc.rf_SMOTET,rf,SMOTET,5,0.09418060449047018
DS07,mc.rf_SMOTET,rf,SMOTET,6,0.09387818071308657
DS07,mc.rf_SMOTET,rf,SMOTET,7,0.09450308138706041
DS07,mc.rf_SMOTET,rf,SMOTET,8,0.09380136393601671
DS07,mc.rf_SMOTET,rf,SMOTET,9,0.09324129566720715
DS07,mc.rf_SMOTET,rf,SMOTET,10,0.09359856100721196
DS07,mc.rf_SMOTET,rf,SMOTET,11,0.09232593879109326
DS07,mc.rf_SMOTET,rf,SMOTET,12,0.0925758685979717
DS07,mc.rf_SMOTET,rf,SMOTET,13,0.0930250500241809
DS07,mc.rf_SMOTET,rf,SMOTET,14,0.09288268977856286
DS07,mc.rf_SMOTET,rf,SMOTET,15,0.0934737617977852
DS07,mc.rf_SMOTET,rf,SMOTET,16,0.09292516555791099
DS07,mc.rf_SMOTET,rf,SMOTET,17,0.09286783431679597
DS07,mc.rf_SMOTET,rf,SMOTET,18,0.09294015626234176
DS07,mc.rf_SMOTET,rf,SMOTET,19,0.0932995841534318
DS07,mc.rf_SMOTET,rf,SMOTET,20,0.08985954189178934
DS07,mc.rf_SMOTET,rf,SMOTET,21,0.09025386446530631
DS07,mc.rf_SMOTET,rf,SMOTET,22,0.08877532914927519
DS07,mc.rf_SMOTET,rf,SMOTET,23,0.09060590387692952
DS07,mc.rf_SMOTET,rf,SMOTET,24,0.089512374936284
DS07,mc.rf_SMOTET,rf,SMOTET,25,0.09054222307024193
DS07,mc.rf_SMOTET,rf,SMOTET,26,0.08913854551524222
DS07,mc.rf_SMOTET,rf,SMOTET,27,0.08964441579962829
DS07,mc.rf_SMOTET,rf,SMOTET,28,0.08937413112773564
DS07,mc.rf_SMOTET,rf,SMOTET,29,0.08906849345554589
DS07,mc.rf_SMOTET,rf,SMOTET,30,0.088652652887844
DS07,mc.rf_SMOTET,rf,SMOTET,31,0.08765553745512007
DS07,mc.rf_SMOTET,rf,SMOTET,32,0.08853426218534281
DS07,mc.rf_SMOTET,rf,SMOTET,33,0.08654085901429566
DS07,mc.rf_SMOTET,rf,SMOTET,34,0.08831688554327156
DS07,mc.rf_SMOTET,rf,SMOTET,35,0.08784938807637496
DS07,mc.rf_SMOTET,rf,SMOTET,36,0.0866483973158097
DS07,mc.rf_SMOTET,rf,SMOTET,37,0.08832178949631384
DS07,mc.rf_SMOTET,rf,SMOTET,38,0.08789788126317094
DS07,mc.rf_SMOTET,rf,SMOTET,39,0.0863203991502682
DS07,mc.rf_SMOTET,rf,SMOTET,40,0.08771095011746255
DS07,mc.rf_SMOTET,rf,SMOTET,41,0.08710287547747572
DS07,mc.rf_SMOTET,rf,SMOTET,42,0.0859284140401788
DS07,mc.rf_SMOTET,rf,SMOTET,43,0.08716219131479058
DS07,mc.rf_SMOTET,rf,SMOTET,44,0.08604578236040508
DS07,mc.rf_SMOTET,rf,SMOTET,45,0.08603604325775095
DS07,mc.rf_SMOTET,rf,SMOTET,46,0.08696471919334142
DS07,mc.rf_SMOTET,rf,SMOTET,47,0.08639848552270527
DS07,mc.rf_SMOTET,rf,SMOTET,48,0.08544903170406698
DS07,mc.rf_SMOTET,rf,SMOTET,49,0.08700514234903348
DS07,mc.rf_SMOTET,rf,SMOTET,50,0.08744304347081373
DS07,mc.rf_UNDERB,rf,UNDERB,1,0.08858828936643562
DS07,mc.rf_UNDERB,rf,UNDERB,2,0.0895573235926999
DS07,mc.rf_UNDERB,rf,UNDERB,3,0.0887364116273208
DS07,mc.rf_UNDERB,rf,UNDERB,4,0.0897985817287352
DS07,mc.rf_UNDERB,rf,UNDERB,5,0.09009906516539351
DS07,mc.rf_UNDERB,rf,UNDERB,6,0.08940648564423188
DS07,mc.rf_UNDERB,rf,UNDERB,7,0.09084722758527454
DS07,mc.rf_UNDERB,rf,UNDERB,8,0.09006050909078976
DS07,mc.rf_UNDERB,rf,UNDERB,9,0.08903470348849371
DS07,mc.rf_UNDERB,rf,UNDERB,10,0.08903976022626263
DS07,mc.rf_UNDERB,rf,UNDERB,11,0.09000150698717863
DS07,mc.rf_UNDERB,rf,UNDERB,12,0.09002255747916217
DS07,mc.rf_UNDERB,rf,UNDERB,13,0.08940727661582348
DS07,mc.rf_UNDERB,rf,UNDERB,14,0.08949604393924825
DS07,mc.rf_UNDERB,rf,UNDERB,15,0.0887725222363538
DS07,mc.rf_UNDERB,rf,UNDERB,16,0.08953292600804254
DS07,mc.rf_UNDERB,rf,UNDERB,17,0.08908805521500712
DS07,mc.rf_UNDERB,rf,UNDERB,18,0.08937283409583867
DS07,mc.rf_UNDERB,rf,UNDERB,19,0.0893315542193208
DS07,mc.rf_UNDERB,rf,UNDERB,20,0.08775305604097683
DS07,mc.rf_UNDERB,rf,UNDERB,21,0.08817013321695985
DS07,mc.rf_UNDERB,rf,UNDERB,22,0.08800859005873125
DS07,mc.rf_UNDERB,rf,UNDERB,23,0.08675153486645132
DS07,mc.rf_UNDERB,rf,UNDERB,24,0.08650580321396316
DS07,mc.rf_UNDERB,rf,UNDERB,25,0.08630134289655282
DS07,mc.rf_UNDERB,rf,UNDERB,26,0.08691649305126374
DS07,mc.rf_UNDERB,rf,UNDERB,27,0.08646241437497404
DS07,mc.rf_UNDERB,rf,UNDERB,28,0.0858031294154789
DS07,mc.rf_UNDERB,rf,UNDERB,29,0.08606854052374281
DS07,mc.rf_UNDERB,rf,UNDERB,30,0.08646087770011193
DS07,mc.rf_UNDERB,rf,UNDERB,31,0.08602533779209735
DS07,mc.rf_UNDERB,rf,UNDERB,32,0.08609415851031008
DS07,mc.rf_UNDERB,rf,UNDERB,33,0.08487720794543888
DS07,mc.rf_UNDERB,rf,UNDERB,34,0.08550021186655199
DS07,mc.rf_UNDERB,rf,UNDERB,35,0.08475033337568456
DS07,mc.rf_UNDERB,rf,UNDERB,36,0.08477134932494935
DS07,mc.rf_UNDERB,rf,UNDERB,37,0.08380730360519857
DS07,mc.rf_UNDERB,rf,UNDERB,38,0.08346920225687139
DS07,mc.rf_UNDERB,rf,UNDERB,39,0.08385540422947636
DS07,mc.rf_UNDERB,rf,UNDERB,40,0.08482435357133815
DS07,mc.rf_UNDERB,rf,UNDERB,41,0.08487446947315025
DS07,mc.rf_UNDERB,rf,UNDERB,42,0.0847144835748194
DS07,mc.rf_UNDERB,rf,UNDERB,43,0.08333352456121491
DS07,mc.rf_UNDERB,rf,UNDERB,44,0.08390750354366644
DS07,mc.rf_UNDERB,rf,UNDERB,45,0.08329885610624989
DS07,mc.rf_UNDERB,rf,UNDERB,46,0.08339722412164624
DS07,mc.rf_UNDERB,rf,UNDERB,47,0.08255443171284853
DS07,mc.rf_UNDERB,rf,UNDERB,48,0.08304424877835237
DS07,mc.rf_UNDERB,rf,UNDERB,49,0.08272694862905898
DS07,mc.rf_UNDERB,rf,UNDERB,50,0.08431433774446329
DS07,mc.rf_UNDERTPhi,rf,UNDERTPhi,1,0.09146657633465113
DS07,mc.rf_UNDERTPhi,rf,UNDERTPhi,2,0.0908744363140958
DS07,mc.rf_UNDERTPhi,rf,UNDERTPhi,3,0.091860252900502
DS07,mc.rf_UNDERTPhi,rf,UNDERTPhi,4,0.09196847737541813
DS07,mc.rf_UNDERTPhi,rf,UNDERTPhi,5,0.09267085147956242
DS07,mc.rf_UNDERTPhi,rf,UNDERTPhi,6,0.0926095323665153
DS07,mc.rf_UNDERTPhi,rf,UNDERTPhi,7,0.09201589988137918
DS07,mc.rf_UNDERTPhi,rf,UNDERTPhi,8,0.09179822699350892
DS07,mc.rf_UNDERTPhi,rf,UNDERTPhi,9,0.09191425648627713
DS07,mc.rf_UNDERTPhi,rf,UNDERTPhi,10,0.09160658006353505
DS07,mc.rf_UNDERTPhi,rf,UNDERTPhi,11,0.09108574608161946
DS07,mc.rf_UNDERTPhi,rf,UNDERTPhi,12,0.09165406815668296
DS07,mc.rf_UNDERTPhi,rf,UNDERTPhi,13,0.09115204112732818
DS07,mc.rf_UNDERTPhi,rf,UNDERTPhi,14,0.09214768652585223
DS07,mc.rf_UNDERTPhi,rf,UNDERTPhi,15,0.09130433960532125
DS07,mc.rf_UNDERTPhi,rf,UNDERTPhi,16,0.09146665293097023
DS07,mc.rf_UNDERTPhi,rf,UNDERTPhi,17,0.09149254682892428
DS07,mc.rf_UNDERTPhi,rf,UNDERTPhi,18,0.09069642533634727
DS07,mc.rf_UNDERTPhi,rf,UNDERTPhi,19,0.09159813591449488
DS07,mc.rf_UNDERTPhi,rf,UNDERTPhi,20,0.0898701630958509
DS07,mc.rf_UNDERTPhi,rf,UNDERTPhi,21,0.08979248300920149
DS07,mc.rf_UNDERTPhi,rf,UNDERTPhi,22,0.0901234660636413
DS07,mc.rf_UNDERTPhi,rf,UNDERTPhi,23,0.0894447091567567
DS07,mc.rf_UNDERTPhi,rf,UNDERTPhi,24,0.08814240507266392
DS07,mc.rf_UNDERTPhi,rf,UNDERTPhi,25,0.088734694144506
DS07,mc.rf_UNDERTPhi,rf,UNDERTPhi,26,0.08800820074010969
DS07,mc.rf_UNDERTPhi,rf,UNDERTPhi,27,0.08829375929565907
DS07,mc.rf_UNDERTPhi,rf,UNDERTPhi,28,0.08896353603410025
DS07,mc.rf_UNDERTPhi,rf,UNDERTPhi,29,0.08960047128342778
DS07,mc.rf_UNDERTPhi,rf,UNDERTPhi,30,0.08778818600914154
DS07,mc.rf_UNDERTPhi,rf,UNDERTPhi,31,0.0875106420884472
DS07,mc.rf_UNDERTPhi,rf,UNDERTPhi,32,0.08785812188950007
DS07,mc.rf_UNDERTPhi,rf,UNDERTPhi,33,0.08693165036694371
DS07,mc.rf_UNDERTPhi,rf,UNDERTPhi,34,0.08665429911257096
DS07,mc.rf_UNDERTPhi,rf,UNDERTPhi,35,0.08735083389631056
DS07,mc.rf_UNDERTPhi,rf,UNDERTPhi,36,0.08578965002626784
DS07,mc.rf_UNDERTPhi,rf,UNDERTPhi,37,0.08614357666604751
DS07,mc.rf_UNDERTPhi,rf,UNDERTPhi,38,0.08550256052266915
DS07,mc.rf_UNDERTPhi,rf,UNDERTPhi,39,0.08617202433626528
DS07,mc.rf_UNDERTPhi,rf,UNDERTPhi,40,0.08679936778683418
DS07,mc.rf_UNDERTPhi,rf,UNDERTPhi,41,0.08689390579536063
DS07,mc.rf_UNDERTPhi,rf,UNDERTPhi,42,0.0861110062852558
DS07,mc.rf_UNDERTPhi,rf,UNDERTPhi,43,0.08536138747351135
DS07,mc.rf_UNDERTPhi,rf,UNDERTPhi,44,0.0857327026811324
DS07,mc.rf_UNDERTPhi,rf,UNDERTPhi,45,0.0851747662872009
DS07,mc.rf_UNDERTPhi,rf,UNDERTPhi,46,0.08504077329832704
DS07,mc.rf_UNDERTPhi,rf,UNDERTPhi,47,0.08552245910255447
DS07,mc.rf_UNDERTPhi,rf,UNDERTPhi,48,0.08635099196414606
DS07,mc.rf_UNDERTPhi,rf,UNDERTPhi,49,0.08519239450308878
DS07,mc.rf_UNDERTPhi,rf,UNDERTPhi,50,0.08695589257339655
DS07,mc.rf_UNDERT,rf,UNDERT,1,0.08869384750089854
DS07,mc.rf_UNDERT,rf,UNDERT,2,0.08899818997115974
DS07,mc.rf_UNDERT,rf,UNDERT,3,0.08885069368330424
DS07,mc.rf_UNDERT,rf,UNDERT,4,0.08987590886073922
DS07,mc.rf_UNDERT,rf,UNDERT,5,0.08950246306735075
DS07,mc.rf_UNDERT,rf,UNDERT,6,0.08928179700047832
DS07,mc.rf_UNDERT,rf,UNDERT,7,0.08992697626895257
DS07,mc.rf_UNDERT,rf,UNDERT,8,0.09055720984362489
DS07,mc.rf_UNDERT,rf,UNDERT,9,0.08923294709832355
DS07,mc.rf_UNDERT,rf,UNDERT,10,0.08936373179294659
DS07,mc.rf_UNDERT,rf,UNDERT,11,0.08936579862829196
DS07,mc.rf_UNDERT,rf,UNDERT,12,0.08906723838198194
DS07,mc.rf_UNDERT,rf,UNDERT,13,0.09001636420952905
DS07,mc.rf_UNDERT,rf,UNDERT,14,0.08890320682761656
DS07,mc.rf_UNDERT,rf,UNDERT,15,0.08895067664828203
DS07,mc.rf_UNDERT,rf,UNDERT,16,0.08872430099005664
DS07,mc.rf_UNDERT,rf,UNDERT,17,0.08934858728313853
DS07,mc.rf_UNDERT,rf,UNDERT,18,0.08943014635339173
DS07,mc.rf_UNDERT,rf,UNDERT,19,0.08978199666881573
DS07,mc.rf_UNDERT,rf,UNDERT,20,0.08757678308672318
DS07,mc.rf_UNDERT,rf,UNDERT,21,0.0877469067649018
DS07,mc.rf_UNDERT,rf,UNDERT,22,0.08727485910055435
DS07,mc.rf_UNDERT,rf,UNDERT,23,0.0872896281239178
DS07,mc.rf_UNDERT,rf,UNDERT,24,0.0866977361048405
DS07,mc.rf_UNDERT,rf,UNDERT,25,0.08678771904113658
DS07,mc.rf_UNDERT,rf,UNDERT,26,0.08561645669365162
DS07,mc.rf_UNDERT,rf,UNDERT,27,0.08662044794428723
DS07,mc.rf_UNDERT,rf,UNDERT,28,0.08733145872020523
DS07,mc.rf_UNDERT,rf,UNDERT,29,0.08750624396477576
DS07,mc.rf_UNDERT,rf,UNDERT,30,0.08679008584412304
DS07,mc.rf_UNDERT,rf,UNDERT,31,0.08634020616853254
DS07,mc.rf_UNDERT,rf,UNDERT,32,0.08604225685589818
DS07,mc.rf_UNDERT,rf,UNDERT,33,0.08474122821124126
DS07,mc.rf_UNDERT,rf,UNDERT,34,0.08574046147447822
DS07,mc.rf_UNDERT,rf,UNDERT,35,0.08411385676510699
DS07,mc.rf_UNDERT,rf,UNDERT,36,0.08418649612206415
DS07,mc.rf_UNDERT,rf,UNDERT,37,0.08358583815544329
DS07,mc.rf_UNDERT,rf,UNDERT,38,0.08372282338735534
DS07,mc.rf_UNDERT,rf,UNDERT,39,0.0828759417515471
DS07,mc.rf_UNDERT,rf,UNDERT,40,0.0841319385850974
DS07,mc.rf_UNDERT,rf,UNDERT,41,0.0846089133661011
DS07,mc.rf_UNDERT,rf,UNDERT,42,0.08352020162750044
DS07,mc.rf_UNDERT,rf,UNDERT,43,0.08343615943814599
DS07,mc.rf_UNDERT,rf,UNDERT,44,0.08315152346996209
DS07,mc.rf_UNDERT,rf,UNDERT,45,0.08215329646921407
DS07,mc.rf_UNDERT,rf,UNDERT,46,0.08297264570746979
DS07,mc.rf_UNDERT,rf,UNDERT,47,0.08314975744666128
DS07,mc.rf_UNDERT,rf,UNDERT,48,0.08357962400781299
DS07,mc.rf_UNDERT,rf,UNDERT,49,0.08312563377944357
DS07,mc.rf_UNDERT,rf,UNDERT,50,0.08441460449239796
DS07,mc.rf,rf,baseline,1,0.08202556235005033
DS07,mc.rf,rf,baseline,2,0.08204409998063958
DS07,mc.rf,rf,baseline,3,0.08199092250867884
DS07,mc.rf,rf,baseline,4,0.08202013556146256
DS07,mc.rf,rf,baseline,5,0.08300172992046169
DS07,mc.rf,rf,baseline,6,0.08295677234066187
DS07,mc.rf,rf,baseline,7,0.08299319362880832
DS07,mc.rf,rf,baseline,8,0.08314158133952008
DS07,mc.rf,rf,baseline,9,0.08292942680927591
DS07,mc.rf,rf,baseline,10,0.08303713934166043
DS07,mc.rf,rf,baseline,11,0.08281812001654731
DS07,mc.rf,rf,baseline,12,0.08305430862959808
DS07,mc.rf,rf,baseline,13,0.08309934081236121
DS07,mc.rf,rf,baseline,14,0.0828848852214612
DS07,mc.rf,rf,baseline,15,0.08298865506152563
DS07,mc.rf,rf,baseline,16,0.08291853957500203
DS07,mc.rf,rf,baseline,17,0.08291599593117316
DS07,mc.rf,rf,baseline,18,0.08276578782631626
DS07,mc.rf,rf,baseline,19,0.08317816695988602
DS07,mc.rf,rf,baseline,20,0.08207530618266043
DS07,mc.rf,rf,baseline,21,0.08138462682001416
DS07,mc.rf,rf,baseline,22,0.08120285852642611
DS07,mc.rf,rf,baseline,23,0.08127365244099115
DS07,mc.rf,rf,baseline,24,0.08097479880462828
DS07,mc.rf,rf,baseline,25,0.08101846235638815
DS07,mc.rf,rf,baseline,26,0.08041993125710657
DS07,mc.rf,rf,baseline,27,0.08124698685177804
DS07,mc.rf,rf,baseline,28,0.08130609747591204
DS07,mc.rf,rf,baseline,29,0.08163022440350952
DS07,mc.rf,rf,baseline,30,0.08112263681592798
DS07,mc.rf,rf,baseline,31,0.08044009992345305
DS07,mc.rf,rf,baseline,32,0.08019326070454255
DS07,mc.rf,rf,baseline,33,0.07903799415806714
DS07,mc.rf,rf,baseline,34,0.07905009436429203
DS07,mc.rf,rf,baseline,35,0.07844808205822949
DS07,mc.rf,rf,baseline,36,0.07835414380687275
DS07,mc.rf,rf,baseline,37,0.07790712914473355
DS07,mc.rf,rf,baseline,38,0.07776886535355251
DS07,mc.rf,rf,baseline,39,0.0777663916879965
DS07,mc.rf,rf,baseline,40,0.07827367688797825
DS07,mc.rf,rf,baseline,41,0.078453148137721
DS07,mc.rf,rf,baseline,42,0.07832708479066403
DS07,mc.rf,rf,baseline,43,0.07766853947573614
DS07,mc.rf,rf,baseline,44,0.07740913943112519
DS07,mc.rf,rf,baseline,45,0.077167231619578
DS07,mc.rf,rf,baseline,46,0.07728013434904737
DS07,mc.rf,rf,baseline,47,0.07733350521275942
DS07,mc.rf,rf,baseline,48,0.07746976174672246
DS07,mc.rf,rf,baseline,49,0.07743419357294673
DS07,mc.rf,rf,baseline,50,0.07808523819173042
DS07,mc.rpart_OVERB,rpart,OVERB,1,0.10855502137003566
DS07,mc.rpart_OVERB,rpart,OVERB,2,0.11112901103997501
DS07,mc.rpart_OVERB,rpart,OVERB,3,0.1097794810381364
DS07,mc.rpart_OVERB,rpart,OVERB,4,0.11148826070215674
DS07,mc.rpart_OVERB,rpart,OVERB,5,0.11183261310063329
DS07,mc.rpart_OVERB,rpart,OVERB,6,0.11294447907186615
DS07,mc.rpart_OVERB,rpart,OVERB,7,0.11065812544866283
DS07,mc.rpart_OVERB,rpart,OVERB,8,0.11254028272147856
DS07,mc.rpart_OVERB,rpart,OVERB,9,0.10947414703829707
DS07,mc.rpart_OVERB,rpart,OVERB,10,0.11031674453807958
DS07,mc.rpart_OVERB,rpart,OVERB,11,0.11164576894664666
DS07,mc.rpart_OVERB,rpart,OVERB,12,0.11287557168563475
DS07,mc.rpart_OVERB,rpart,OVERB,13,0.10950685334238916
DS07,mc.rpart_OVERB,rpart,OVERB,14,0.1108331390588555
DS07,mc.rpart_OVERB,rpart,OVERB,15,0.10945167306465318
DS07,mc.rpart_OVERB,rpart,OVERB,16,0.10766575103652372
DS07,mc.rpart_OVERB,rpart,OVERB,17,0.10804323870631373
DS07,mc.rpart_OVERB,rpart,OVERB,18,0.10460781163908267
DS07,mc.rpart_OVERB,rpart,OVERB,19,0.10689781131154596
DS07,mc.rpart_OVERB,rpart,OVERB,20,0.11125286022290437
DS07,mc.rpart_OVERB,rpart,OVERB,21,0.10848657762564888
DS07,mc.rpart_OVERB,rpart,OVERB,22,0.10717601481507177
DS07,mc.rpart_OVERB,rpart,OVERB,23,0.11000974149568682
DS07,mc.rpart_OVERB,rpart,OVERB,24,0.1076850591927933
DS07,mc.rpart_OVERB,rpart,OVERB,25,0.11138489953750498
DS07,mc.rpart_OVERB,rpart,OVERB,26,0.1101910925508477
DS07,mc.rpart_OVERB,rpart,OVERB,27,0.10807531501255378
DS07,mc.rpart_OVERB,rpart,OVERB,28,0.10820551383151802
DS07,mc.rpart_OVERB,rpart,OVERB,29,0.10632260515247507
DS07,mc.rpart_OVERB,rpart,OVERB,30,0.1070270102872243
DS07,mc.rpart_OVERB,rpart,OVERB,31,0.10731045370967321
DS07,mc.rpart_OVERB,rpart,OVERB,32,0.10700505436128888
DS07,mc.rpart_OVERB,rpart,OVERB,33,0.10522348311203271
DS07,mc.rpart_OVERB,rpart,OVERB,34,0.10747469639316738
DS07,mc.rpart_OVERB,rpart,OVERB,35,0.1058095251310483
DS07,mc.rpart_OVERB,rpart,OVERB,36,0.10844154243924768
DS07,mc.rpart_OVERB,rpart,OVERB,37,0.10532599549663764
DS07,mc.rpart_OVERB,rpart,OVERB,38,0.10726261069455686
DS07,mc.rpart_OVERB,rpart,OVERB,39,0.10251388175261955
DS07,mc.rpart_OVERB,rpart,OVERB,40,0.10600771407268493
DS07,mc.rpart_OVERB,rpart,OVERB,41,0.10587594577685898
DS07,mc.rpart_OVERB,rpart,OVERB,42,0.10321925544121326
DS07,mc.rpart_OVERB,rpart,OVERB,43,0.1057109435902461
DS07,mc.rpart_OVERB,rpart,OVERB,44,0.09788866929918827
DS07,mc.rpart_OVERB,rpart,OVERB,45,0.10215640395749523
DS07,mc.rpart_OVERB,rpart,OVERB,46,0.10555739943053372
DS07,mc.rpart_OVERB,rpart,OVERB,47,0.10349040727748318
DS07,mc.rpart_OVERB,rpart,OVERB,48,0.10378482659794494
DS07,mc.rpart_OVERB,rpart,OVERB,49,0.09866411537686662
DS07,mc.rpart_OVERB,rpart,OVERB,50,0.09876207750782237
DS07,mc.rpart_OVERTPhi,rpart,OVERTPhi,1,0.10896979533455506
DS07,mc.rpart_OVERTPhi,rpart,OVERTPhi,2,0.10789127212012561
DS07,mc.rpart_OVERTPhi,rpart,OVERTPhi,3,0.11315788270241565
DS07,mc.rpart_OVERTPhi,rpart,OVERTPhi,4,0.11190385651654527
DS07,mc.rpart_OVERTPhi,rpart,OVERTPhi,5,0.10984534002967156
DS07,mc.rpart_OVERTPhi,rpart,OVERTPhi,6,0.11157340212954245
DS07,mc.rpart_OVERTPhi,rpart,OVERTPhi,7,0.10959660823758749
DS07,mc.rpart_OVERTPhi,rpart,OVERTPhi,8,0.10938965625504393
DS07,mc.rpart_OVERTPhi,rpart,OVERTPhi,9,0.1082872482150324
DS07,mc.rpart_OVERTPhi,rpart,OVERTPhi,10,0.10836010325053574
DS07,mc.rpart_OVERTPhi,rpart,OVERTPhi,11,0.10935731877276318
DS07,mc.rpart_OVERTPhi,rpart,OVERTPhi,12,0.11007084750980442
DS07,mc.rpart_OVERTPhi,rpart,OVERTPhi,13,0.10980408216891617
DS07,mc.rpart_OVERTPhi,rpart,OVERTPhi,14,0.10946655151620135
DS07,mc.rpart_OVERTPhi,rpart,OVERTPhi,15,0.10203523119458269
DS07,mc.rpart_OVERTPhi,rpart,OVERTPhi,16,0.10405837878606879
DS07,mc.rpart_OVERTPhi,rpart,OVERTPhi,17,0.10189677534050147
DS07,mc.rpart_OVERTPhi,rpart,OVERTPhi,18,0.09977509480491348
DS07,mc.rpart_OVERTPhi,rpart,OVERTPhi,19,0.10506524664145328
DS07,mc.rpart_OVERTPhi,rpart,OVERTPhi,20,0.10931480856991928
DS07,mc.rpart_OVERTPhi,rpart,OVERTPhi,21,0.1072084891169084
DS07,mc.rpart_OVERTPhi,rpart,OVERTPhi,22,0.10922678444655798
DS07,mc.rpart_OVERTPhi,rpart,OVERTPhi,23,0.10649166516152123
DS07,mc.rpart_OVERTPhi,rpart,OVERTPhi,24,0.1087907996304082
DS07,mc.rpart_OVERTPhi,rpart,OVERTPhi,25,0.1077425787055697
DS07,mc.rpart_OVERTPhi,rpart,OVERTPhi,26,0.1063983664198707
DS07,mc.rpart_OVERTPhi,rpart,OVERTPhi,27,0.10791780257801765
DS07,mc.rpart_OVERTPhi,rpart,OVERTPhi,28,0.10705483234880549
DS07,mc.rpart_OVERTPhi,rpart,OVERTPhi,29,0.10637103805758094
DS07,mc.rpart_OVERTPhi,rpart,OVERTPhi,30,0.10799334787820843
DS07,mc.rpart_OVERTPhi,rpart,OVERTPhi,31,0.09906603752804143
DS07,mc.rpart_OVERTPhi,rpart,OVERTPhi,32,0.10545742090475778
DS07,mc.rpart_OVERTPhi,rpart,OVERTPhi,33,0.10357728088693754
DS07,mc.rpart_OVERTPhi,rpart,OVERTPhi,34,0.1049719385450007
DS07,mc.rpart_OVERTPhi,rpart,OVERTPhi,35,0.09764412575489297
DS07,mc.rpart_OVERTPhi,rpart,OVERTPhi,36,0.1048946025469817
DS07,mc.rpart_OVERTPhi,rpart,OVERTPhi,37,0.10313096417045113
DS07,mc.rpart_OVERTPhi,rpart,OVERTPhi,38,0.10183959491703422
DS07,mc.rpart_OVERTPhi,rpart,OVERTPhi,39,0.10654798055512008
DS07,mc.rpart_OVERTPhi,rpart,OVERTPhi,40,0.10287459475131364
DS07,mc.rpart_OVERTPhi,rpart,OVERTPhi,41,0.10382940611203628
DS07,mc.rpart_OVERTPhi,rpart,OVERTPhi,42,0.10364896207306147
DS07,mc.rpart_OVERTPhi,rpart,OVERTPhi,43,0.10680726223675835
DS07,mc.rpart_OVERTPhi,rpart,OVERTPhi,44,0.10446181531735158
DS07,mc.rpart_OVERTPhi,rpart,OVERTPhi,45,0.1006481223389816
DS07,mc.rpart_OVERTPhi,rpart,OVERTPhi,46,0.10042585983611026
DS07,mc.rpart_OVERTPhi,rpart,OVERTPhi,47,0.10343460047769565
DS07,mc.rpart_OVERTPhi,rpart,OVERTPhi,48,0.10265002738938765
DS07,mc.rpart_OVERTPhi,rpart,OVERTPhi,49,0.10285959424477106
DS07,mc.rpart_OVERTPhi,rpart,OVERTPhi,50,0.10174289631853103
DS07,mc.rpart_OVERT,rpart,OVERT,1,0.10977338499444472
DS07,mc.rpart_OVERT,rpart,OVERT,2,0.10946305564474987
DS07,mc.rpart_OVERT,rpart,OVERT,3,0.10939387884000558
DS07,mc.rpart_OVERT,rpart,OVERT,4,0.10860635346060328
DS07,mc.rpart_OVERT,rpart,OVERT,5,0.11053040563381479
DS07,mc.rpart_OVERT,rpart,OVERT,6,0.11205304590317096
DS07,mc.rpart_OVERT,rpart,OVERT,7,0.1082158369998045
DS07,mc.rpart_OVERT,rpart,OVERT,8,0.11164903114607479
DS07,mc.rpart_OVERT,rpart,OVERT,9,0.10917396159765788
DS07,mc.rpart_OVERT,rpart,OVERT,10,0.11137164766377414
DS07,mc.rpart_OVERT,rpart,OVERT,11,0.11349226046502331
DS07,mc.rpart_OVERT,rpart,OVERT,12,0.10945245573054109
DS07,mc.rpart_OVERT,rpart,OVERT,13,0.11088661804767261
DS07,mc.rpart_OVERT,rpart,OVERT,14,0.1104858082309746
DS07,mc.rpart_OVERT,rpart,OVERT,15,0.10221503656712697
DS07,mc.rpart_OVERT,rpart,OVERT,16,0.10736047274247316
DS07,mc.rpart_OVERT,rpart,OVERT,17,0.10875895764862338
DS07,mc.rpart_OVERT,rpart,OVERT,18,0.10286733014536807
DS07,mc.rpart_OVERT,rpart,OVERT,19,0.10598822712423299
DS07,mc.rpart_OVERT,rpart,OVERT,20,0.10759429483618484
DS07,mc.rpart_OVERT,rpart,OVERT,21,0.10395760018292508
DS07,mc.rpart_OVERT,rpart,OVERT,22,0.11012076113308257
DS07,mc.rpart_OVERT,rpart,OVERT,23,0.10602582627859237
DS07,mc.rpart_OVERT,rpart,OVERT,24,0.10934922800297595
DS07,mc.rpart_OVERT,rpart,OVERT,25,0.10958853380944385
DS07,mc.rpart_OVERT,rpart,OVERT,26,0.10688135364952744
DS07,mc.rpart_OVERT,rpart,OVERT,27,0.10820962278495368
DS07,mc.rpart_OVERT,rpart,OVERT,28,0.10627378965468529
DS07,mc.rpart_OVERT,rpart,OVERT,29,0.10786094346397163
DS07,mc.rpart_OVERT,rpart,OVERT,30,0.1080223797230868
DS07,mc.rpart_OVERT,rpart,OVERT,31,0.10661529319507423
DS07,mc.rpart_OVERT,rpart,OVERT,32,0.1054503314753016
DS07,mc.rpart_OVERT,rpart,OVERT,33,0.10554819129078674
DS07,mc.rpart_OVERT,rpart,OVERT,34,0.1056923321011905
DS07,mc.rpart_OVERT,rpart,OVERT,35,0.10366878097670325
DS07,mc.rpart_OVERT,rpart,OVERT,36,0.10188895695478503
DS07,mc.rpart_OVERT,rpart,OVERT,37,0.10370858592185508
DS07,mc.rpart_OVERT,rpart,OVERT,38,0.10589496040804276
DS07,mc.rpart_OVERT,rpart,OVERT,39,0.1036670662813474
DS07,mc.rpart_OVERT,rpart,OVERT,40,0.10178304598366385
DS07,mc.rpart_OVERT,rpart,OVERT,41,0.10266607852735823
DS07,mc.rpart_OVERT,rpart,OVERT,42,0.10475010366235402
DS07,mc.rpart_OVERT,rpart,OVERT,43,0.1009453840094711
DS07,mc.rpart_OVERT,rpart,OVERT,44,0.10345335145803919
DS07,mc.rpart_OVERT,rpart,OVERT,45,0.10108576818711434
DS07,mc.rpart_OVERT,rpart,OVERT,46,0.10012463447030873
DS07,mc.rpart_OVERT,rpart,OVERT,47,0.10441901165644975
DS07,mc.rpart_OVERT,rpart,OVERT,48,0.1019911739151227
DS07,mc.rpart_OVERT,rpart,OVERT,49,0.10029363484204995
DS07,mc.rpart_OVERT,rpart,OVERT,50,0.10122217980425077
DS07,mc.rpart_SMOTEB,rpart,SMOTEB,1,0.11678403328275859
DS07,mc.rpart_SMOTEB,rpart,SMOTEB,2,0.11791543713403237
DS07,mc.rpart_SMOTEB,rpart,SMOTEB,3,0.11983107253450145
DS07,mc.rpart_SMOTEB,rpart,SMOTEB,4,0.11974324585495356
DS07,mc.rpart_SMOTEB,rpart,SMOTEB,5,0.12233722711646983
DS07,mc.rpart_SMOTEB,rpart,SMOTEB,6,0.11932602882070195
DS07,mc.rpart_SMOTEB,rpart,SMOTEB,7,0.12019758332971013
DS07,mc.rpart_SMOTEB,rpart,SMOTEB,8,0.11834975671684272
DS07,mc.rpart_SMOTEB,rpart,SMOTEB,9,0.12192055772928151
DS07,mc.rpart_SMOTEB,rpart,SMOTEB,10,0.11893956284452682
DS07,mc.rpart_SMOTEB,rpart,SMOTEB,11,0.11993007222674934
DS07,mc.rpart_SMOTEB,rpart,SMOTEB,12,0.11914649520968976
DS07,mc.rpart_SMOTEB,rpart,SMOTEB,13,0.1188666141129644
DS07,mc.rpart_SMOTEB,rpart,SMOTEB,14,0.11991193339854399
DS07,mc.rpart_SMOTEB,rpart,SMOTEB,15,0.11757071129595587
DS07,mc.rpart_SMOTEB,rpart,SMOTEB,16,0.1177939716335434
DS07,mc.rpart_SMOTEB,rpart,SMOTEB,17,0.11834797130933324
DS07,mc.rpart_SMOTEB,rpart,SMOTEB,18,0.12102357787573968
DS07,mc.rpart_SMOTEB,rpart,SMOTEB,19,0.11949930267518043
DS07,mc.rpart_SMOTEB,rpart,SMOTEB,20,0.11718321928341648
DS07,mc.rpart_SMOTEB,rpart,SMOTEB,21,0.11880249291935442
DS07,mc.rpart_SMOTEB,rpart,SMOTEB,22,0.11828915464932727
DS07,mc.rpart_SMOTEB,rpart,SMOTEB,23,0.12122360845975681
DS07,mc.rpart_SMOTEB,rpart,SMOTEB,24,0.11992048272030534
DS07,mc.rpart_SMOTEB,rpart,SMOTEB,25,0.12050493496347887
DS07,mc.rpart_SMOTEB,rpart,SMOTEB,26,0.11632125428811729
DS07,mc.rpart_SMOTEB,rpart,SMOTEB,27,0.11722406876441832
DS07,mc.rpart_SMOTEB,rpart,SMOTEB,28,0.11776743749285933
DS07,mc.rpart_SMOTEB,rpart,SMOTEB,29,0.11838987395311258
DS07,mc.rpart_SMOTEB,rpart,SMOTEB,30,0.11789501658444868
DS07,mc.rpart_SMOTEB,rpart,SMOTEB,31,0.11831411387825391
DS07,mc.rpart_SMOTEB,rpart,SMOTEB,32,0.11622420159207937
DS07,mc.rpart_SMOTEB,rpart,SMOTEB,33,0.1172879712717865
DS07,mc.rpart_SMOTEB,rpart,SMOTEB,34,0.11978452867429412
DS07,mc.rpart_SMOTEB,rpart,SMOTEB,35,0.11345277729659951
DS07,mc.rpart_SMOTEB,rpart,SMOTEB,36,0.11524524277980941
DS07,mc.rpart_SMOTEB,rpart,SMOTEB,37,0.1144830296984263
DS07,mc.rpart_SMOTEB,rpart,SMOTEB,38,0.11607451810075613
DS07,mc.rpart_SMOTEB,rpart,SMOTEB,39,0.11316489556500861
DS07,mc.rpart_SMOTEB,rpart,SMOTEB,40,0.11824796645188075
DS07,mc.rpart_SMOTEB,rpart,SMOTEB,41,0.11344445032081435
DS07,mc.rpart_SMOTEB,rpart,SMOTEB,42,0.11363415693298853
DS07,mc.rpart_SMOTEB,rpart,SMOTEB,43,0.1136144234679439
DS07,mc.rpart_SMOTEB,rpart,SMOTEB,44,0.11661335503536259
DS07,mc.rpart_SMOTEB,rpart,SMOTEB,45,0.11590487611825702
DS07,mc.rpart_SMOTEB,rpart,SMOTEB,46,0.11358331182341376
DS07,mc.rpart_SMOTEB,rpart,SMOTEB,47,0.113383699129875
DS07,mc.rpart_SMOTEB,rpart,SMOTEB,48,0.11235466964943665
DS07,mc.rpart_SMOTEB,rpart,SMOTEB,49,0.11509616286279951
DS07,mc.rpart_SMOTEB,rpart,SMOTEB,50,0.1143024650645213
DS07,mc.rpart_SMOTETPhi,rpart,SMOTETPhi,1,0.12391375552032763
DS07,mc.rpart_SMOTETPhi,rpart,SMOTETPhi,2,0.12396093146340428
DS07,mc.rpart_SMOTETPhi,rpart,SMOTETPhi,3,0.12514986775037454
DS07,mc.rpart_SMOTETPhi,rpart,SMOTETPhi,4,0.12125595210122728
DS07,mc.rpart_SMOTETPhi,rpart,SMOTETPhi,5,0.12698325852206693
DS07,mc.rpart_SMOTETPhi,rpart,SMOTETPhi,6,0.12314333562458972
DS07,mc.rpart_SMOTETPhi,rpart,SMOTETPhi,7,0.12665333624953337
DS07,mc.rpart_SMOTETPhi,rpart,SMOTETPhi,8,0.12529591961041292
DS07,mc.rpart_SMOTETPhi,rpart,SMOTETPhi,9,0.1251266020550434
DS07,mc.rpart_SMOTETPhi,rpart,SMOTETPhi,10,0.12455451249006501
DS07,mc.rpart_SMOTETPhi,rpart,SMOTETPhi,11,0.1223331163685019
DS07,mc.rpart_SMOTETPhi,rpart,SMOTETPhi,12,0.1250491527006585
DS07,mc.rpart_SMOTETPhi,rpart,SMOTETPhi,13,0.12451183287309302
DS07,mc.rpart_SMOTETPhi,rpart,SMOTETPhi,14,0.12293724572659886
DS07,mc.rpart_SMOTETPhi,rpart,SMOTETPhi,15,0.1243979289433342
DS07,mc.rpart_SMOTETPhi,rpart,SMOTETPhi,16,0.123773348764787
DS07,mc.rpart_SMOTETPhi,rpart,SMOTETPhi,17,0.12376881916297396
DS07,mc.rpart_SMOTETPhi,rpart,SMOTETPhi,18,0.12556137495603703
DS07,mc.rpart_SMOTETPhi,rpart,SMOTETPhi,19,0.1261557356336997
DS07,mc.rpart_SMOTETPhi,rpart,SMOTETPhi,20,0.12410543423653157
DS07,mc.rpart_SMOTETPhi,rpart,SMOTETPhi,21,0.12426241471376574
DS07,mc.rpart_SMOTETPhi,rpart,SMOTETPhi,22,0.12559893192184163
DS07,mc.rpart_SMOTETPhi,rpart,SMOTETPhi,23,0.12437156726066706
DS07,mc.rpart_SMOTETPhi,rpart,SMOTETPhi,24,0.1241122415119331
DS07,mc.rpart_SMOTETPhi,rpart,SMOTETPhi,25,0.1263315930836953
DS07,mc.rpart_SMOTETPhi,rpart,SMOTETPhi,26,0.12380207178244786
DS07,mc.rpart_SMOTETPhi,rpart,SMOTETPhi,27,0.12386331547651962
DS07,mc.rpart_SMOTETPhi,rpart,SMOTETPhi,28,0.12351356972776639
DS07,mc.rpart_SMOTETPhi,rpart,SMOTETPhi,29,0.12147324625547185
DS07,mc.rpart_SMOTETPhi,rpart,SMOTETPhi,30,0.12301434281237712
DS07,mc.rpart_SMOTETPhi,rpart,SMOTETPhi,31,0.12350159188137252
DS07,mc.rpart_SMOTETPhi,rpart,SMOTETPhi,32,0.1224096191928148
DS07,mc.rpart_SMOTETPhi,rpart,SMOTETPhi,33,0.11999202627132684
DS07,mc.rpart_SMOTETPhi,rpart,SMOTETPhi,34,0.12374561762326977
DS07,mc.rpart_SMOTETPhi,rpart,SMOTETPhi,35,0.11840500046812653
DS07,mc.rpart_SMOTETPhi,rpart,SMOTETPhi,36,0.11902208530082171
DS07,mc.rpart_SMOTETPhi,rpart,SMOTETPhi,37,0.12328998673048865
DS07,mc.rpart_SMOTETPhi,rpart,SMOTETPhi,38,0.12159983715930153
DS07,mc.rpart_SMOTETPhi,rpart,SMOTETPhi,39,0.11798748654184352
DS07,mc.rpart_SMOTETPhi,rpart,SMOTETPhi,40,0.11995879198401584
DS07,mc.rpart_SMOTETPhi,rpart,SMOTETPhi,41,0.11972902163563869
DS07,mc.rpart_SMOTETPhi,rpart,SMOTETPhi,42,0.11821142966170264
DS07,mc.rpart_SMOTETPhi,rpart,SMOTETPhi,43,0.12118237802413626
DS07,mc.rpart_SMOTETPhi,rpart,SMOTETPhi,44,0.11737493337399818
DS07,mc.rpart_SMOTETPhi,rpart,SMOTETPhi,45,0.11737688723704777
DS07,mc.rpart_SMOTETPhi,rpart,SMOTETPhi,46,0.12098456404727428
DS07,mc.rpart_SMOTETPhi,rpart,SMOTETPhi,47,0.11803212128489403
DS07,mc.rpart_SMOTETPhi,rpart,SMOTETPhi,48,0.11876464334951285
DS07,mc.rpart_SMOTETPhi,rpart,SMOTETPhi,49,0.12015398320990303
DS07,mc.rpart_SMOTETPhi,rpart,SMOTETPhi,50,0.12071216043858425
DS07,mc.rpart_SMOTET,rpart,SMOTET,1,0.12072285707730278
DS07,mc.rpart_SMOTET,rpart,SMOTET,2,0.11856694242832036
DS07,mc.rpart_SMOTET,rpart,SMOTET,3,0.11919712269048628
DS07,mc.rpart_SMOTET,rpart,SMOTET,4,0.11880951040207577
DS07,mc.rpart_SMOTET,rpart,SMOTET,5,0.12029361024099279
DS07,mc.rpart_SMOTET,rpart,SMOTET,6,0.11660147998607524
DS07,mc.rpart_SMOTET,rpart,SMOTET,7,0.12066810609580868
DS07,mc.rpart_SMOTET,rpart,SMOTET,8,0.11589867369547861
DS07,mc.rpart_SMOTET,rpart,SMOTET,9,0.11714765066940097
DS07,mc.rpart_SMOTET,rpart,SMOTET,10,0.11743767642248507
DS07,mc.rpart_SMOTET,rpart,SMOTET,11,0.11959976004703449
DS07,mc.rpart_SMOTET,rpart,SMOTET,12,0.12085965483686074
DS07,mc.rpart_SMOTET,rpart,SMOTET,13,0.1176679424157711
DS07,mc.rpart_SMOTET,rpart,SMOTET,14,0.11702715267329662
DS07,mc.rpart_SMOTET,rpart,SMOTET,15,0.11937123930215443
DS07,mc.rpart_SMOTET,rpart,SMOTET,16,0.11886147415530013
DS07,mc.rpart_SMOTET,rpart,SMOTET,17,0.11603333499522782
DS07,mc.rpart_SMOTET,rpart,SMOTET,18,0.1190895365311053
DS07,mc.rpart_SMOTET,rpart,SMOTET,19,0.12044976029394845
DS07,mc.rpart_SMOTET,rpart,SMOTET,20,0.11579410724580043
DS07,mc.rpart_SMOTET,rpart,SMOTET,21,0.11615482289964589
DS07,mc.rpart_SMOTET,rpart,SMOTET,22,0.11497543569719444
DS07,mc.rpart_SMOTET,rpart,SMOTET,23,0.11601203821975088
DS07,mc.rpart_SMOTET,rpart,SMOTET,24,0.11329910859740634
DS07,mc.rpart_SMOTET,rpart,SMOTET,25,0.1159042552807312
DS07,mc.rpart_SMOTET,rpart,SMOTET,26,0.11561975391141951
DS07,mc.rpart_SMOTET,rpart,SMOTET,27,0.11621660994862094
DS07,mc.rpart_SMOTET,rpart,SMOTET,28,0.11709420431805076
DS07,mc.rpart_SMOTET,rpart,SMOTET,29,0.11485334655437826
DS07,mc.rpart_SMOTET,rpart,SMOTET,30,0.11589575907060956
DS07,mc.rpart_SMOTET,rpart,SMOTET,31,0.11785835642345663
DS07,mc.rpart_SMOTET,rpart,SMOTET,32,0.11654463951719773
DS07,mc.rpart_SMOTET,rpart,SMOTET,33,0.11260145912853109
DS07,mc.rpart_SMOTET,rpart,SMOTET,34,0.11339840827942185
DS07,mc.rpart_SMOTET,rpart,SMOTET,35,0.11243879587563835
DS07,mc.rpart_SMOTET,rpart,SMOTET,36,0.1126561448484946
DS07,mc.rpart_SMOTET,rpart,SMOTET,37,0.11507866767142019
DS07,mc.rpart_SMOTET,rpart,SMOTET,38,0.11557031032588705
DS07,mc.rpart_SMOTET,rpart,SMOTET,39,0.11553975163668853
DS07,mc.rpart_SMOTET,rpart,SMOTET,40,0.11326642258118293
DS07,mc.rpart_SMOTET,rpart,SMOTET,41,0.1161101389125905
DS07,mc.rpart_SMOTET,rpart,SMOTET,42,0.11551489554807186
DS07,mc.rpart_SMOTET,rpart,SMOTET,43,0.11382295149100201
DS07,mc.rpart_SMOTET,rpart,SMOTET,44,0.1121220034298659
DS07,mc.rpart_SMOTET,rpart,SMOTET,45,0.1079897641991779
DS07,mc.rpart_SMOTET,rpart,SMOTET,46,0.11513243061775631
DS07,mc.rpart_SMOTET,rpart,SMOTET,47,0.11396027829673362
DS07,mc.rpart_SMOTET,rpart,SMOTET,48,0.10941642275063328
DS07,mc.rpart_SMOTET,rpart,SMOTET,49,0.11011889154827163
DS07,mc.rpart_SMOTET,rpart,SMOTET,50,0.11244890944145944
DS07,mc.rpart_UNDERB,rpart,UNDERB,1,0.1204554547079096
DS07,mc.rpart_UNDERB,rpart,UNDERB,2,0.1223036462754203
DS07,mc.rpart_UNDERB,rpart,UNDERB,3,0.12199040170405923
DS07,mc.rpart_UNDERB,rpart,UNDERB,4,0.11994298123998767
DS07,mc.rpart_UNDERB,rpart,UNDERB,5,0.12279112816324744
DS07,mc.rpart_UNDERB,rpart,UNDERB,6,0.12411202967271613
DS07,mc.rpart_UNDERB,rpart,UNDERB,7,0.12646699372709894
DS07,mc.rpart_UNDERB,rpart,UNDERB,8,0.12363777809852075
DS07,mc.rpart_UNDERB,rpart,UNDERB,9,0.12096576098673287
DS07,mc.rpart_UNDERB,rpart,UNDERB,10,0.12129472848874956
DS07,mc.rpart_UNDERB,rpart,UNDERB,11,0.12381371624015203
DS07,mc.rpart_UNDERB,rpart,UNDERB,12,0.12060326647383929
DS07,mc.rpart_UNDERB,rpart,UNDERB,13,0.12206664882368189
DS07,mc.rpart_UNDERB,rpart,UNDERB,14,0.12037852060231831
DS07,mc.rpart_UNDERB,rpart,UNDERB,15,0.12419522662590984
DS07,mc.rpart_UNDERB,rpart,UNDERB,16,0.12198632614242336
DS07,mc.rpart_UNDERB,rpart,UNDERB,17,0.12183619477093326
DS07,mc.rpart_UNDERB,rpart,UNDERB,18,0.12114187447222619
DS07,mc.rpart_UNDERB,rpart,UNDERB,19,0.1225769096152269
DS07,mc.rpart_UNDERB,rpart,UNDERB,20,0.11805856381042358
DS07,mc.rpart_UNDERB,rpart,UNDERB,21,0.11854227547472583
DS07,mc.rpart_UNDERB,rpart,UNDERB,22,0.1196115023776517
DS07,mc.rpart_UNDERB,rpart,UNDERB,23,0.11625126021255049
DS07,mc.rpart_UNDERB,rpart,UNDERB,24,0.11682749086628556
DS07,mc.rpart_UNDERB,rpart,UNDERB,25,0.11530863382425263
DS07,mc.rpart_UNDERB,rpart,UNDERB,26,0.11962301482454626
DS07,mc.rpart_UNDERB,rpart,UNDERB,27,0.11665928072763068
DS07,mc.rpart_UNDERB,rpart,UNDERB,28,0.11522492488672893
DS07,mc.rpart_UNDERB,rpart,UNDERB,29,0.123969658609875
DS07,mc.rpart_UNDERB,rpart,UNDERB,30,0.12040302782370114
DS07,mc.rpart_UNDERB,rpart,UNDERB,31,0.11942724020714268
DS07,mc.rpart_UNDERB,rpart,UNDERB,32,0.11884829300959614
DS07,mc.rpart_UNDERB,rpart,UNDERB,33,0.11789831480680782
DS07,mc.rpart_UNDERB,rpart,UNDERB,34,0.11638154663578064
DS07,mc.rpart_UNDERB,rpart,UNDERB,35,0.11720807669807858
DS07,mc.rpart_UNDERB,rpart,UNDERB,36,0.11492938184558159
DS07,mc.rpart_UNDERB,rpart,UNDERB,37,0.11353445202226924
DS07,mc.rpart_UNDERB,rpart,UNDERB,38,0.11713153277911623
DS07,mc.rpart_UNDERB,rpart,UNDERB,39,0.11864227393637726
DS07,mc.rpart_UNDERB,rpart,UNDERB,40,0.1185792966717049
DS07,mc.rpart_UNDERB,rpart,UNDERB,41,0.11699356300987689
DS07,mc.rpart_UNDERB,rpart,UNDERB,42,0.11763601110128537
DS07,mc.rpart_UNDERB,rpart,UNDERB,43,0.11561140725701276
DS07,mc.rpart_UNDERB,rpart,UNDERB,44,0.11362049480793432
DS07,mc.rpart_UNDERB,rpart,UNDERB,45,0.11615438985772548
DS07,mc.rpart_UNDERB,rpart,UNDERB,46,0.11733928537883007
DS07,mc.rpart_UNDERB,rpart,UNDERB,47,0.11568438637276546
DS07,mc.rpart_UNDERB,rpart,UNDERB,48,0.11659654135743203
DS07,mc.rpart_UNDERB,rpart,UNDERB,49,0.11646238459543624
DS07,mc.rpart_UNDERB,rpart,UNDERB,50,0.11673114740259577
DS07,mc.rpart_UNDERTPhi,rpart,UNDERTPhi,1,0.12531620414291966
DS07,mc.rpart_UNDERTPhi,rpart,UNDERTPhi,2,0.1175235436173115
DS07,mc.rpart_UNDERTPhi,rpart,UNDERTPhi,3,0.12300765108650778
DS07,mc.rpart_UNDERTPhi,rpart,UNDERTPhi,4,0.12568989365239924
DS07,mc.rpart_UNDERTPhi,rpart,UNDERTPhi,5,0.12613548456860232
DS07,mc.rpart_UNDERTPhi,rpart,UNDERTPhi,6,0.12705024689451966
DS07,mc.rpart_UNDERTPhi,rpart,UNDERTPhi,7,0.12930122769361171
DS07,mc.rpart_UNDERTPhi,rpart,UNDERTPhi,8,0.12645622413021565
DS07,mc.rpart_UNDERTPhi,rpart,UNDERTPhi,9,0.1267666862967567
DS07,mc.rpart_UNDERTPhi,rpart,UNDERTPhi,10,0.12782174070879668
DS07,mc.rpart_UNDERTPhi,rpart,UNDERTPhi,11,0.1254639940065341
DS07,mc.rpart_UNDERTPhi,rpart,UNDERTPhi,12,0.12337344479169232
DS07,mc.rpart_UNDERTPhi,rpart,UNDERTPhi,13,0.1259454048649694
DS07,mc.rpart_UNDERTPhi,rpart,UNDERTPhi,14,0.12799699525588493
DS07,mc.rpart_UNDERTPhi,rpart,UNDERTPhi,15,0.12476922560376998
DS07,mc.rpart_UNDERTPhi,rpart,UNDERTPhi,16,0.12396941159490871
DS07,mc.rpart_UNDERTPhi,rpart,UNDERTPhi,17,0.12711975448352503
DS07,mc.rpart_UNDERTPhi,rpart,UNDERTPhi,18,0.12381874768585274
DS07,mc.rpart_UNDERTPhi,rpart,UNDERTPhi,19,0.1254629745746611
DS07,mc.rpart_UNDERTPhi,rpart,UNDERTPhi,20,0.1260266719833796
DS07,mc.rpart_UNDERTPhi,rpart,UNDERTPhi,21,0.12803677422496218
DS07,mc.rpart_UNDERTPhi,rpart,UNDERTPhi,22,0.12426110345647695
DS07,mc.rpart_UNDERTPhi,rpart,UNDERTPhi,23,0.12405379529652483
DS07,mc.rpart_UNDERTPhi,rpart,UNDERTPhi,24,0.12157777996011222
DS07,mc.rpart_UNDERTPhi,rpart,UNDERTPhi,25,0.12476665022932168
DS07,mc.rpart_UNDERTPhi,rpart,UNDERTPhi,26,0.12436248068725347
DS07,mc.rpart_UNDERTPhi,rpart,UNDERTPhi,27,0.12534464086663838
DS07,mc.rpart_UNDERTPhi,rpart,UNDERTPhi,28,0.125588598959615
DS07,mc.rpart_UNDERTPhi,rpart,UNDERTPhi,29,0.12556824216636514
DS07,mc.rpart_UNDERTPhi,rpart,UNDERTPhi,30,0.12277109903963986
DS07,mc.rpart_UNDERTPhi,rpart,UNDERTPhi,31,0.12356895866771977
DS07,mc.rpart_UNDERTPhi,rpart,UNDERTPhi,32,0.12379516424416605
DS07,mc.rpart_UNDERTPhi,rpart,UNDERTPhi,33,0.12290190978336885
DS07,mc.rpart_UNDERTPhi,rpart,UNDERTPhi,34,0.12327160701274581
DS07,mc.rpart_UNDERTPhi,rpart,UNDERTPhi,35,0.12520598241115516
DS07,mc.rpart_UNDERTPhi,rpart,UNDERTPhi,36,0.12195071177909902
DS07,mc.rpart_UNDERTPhi,rpart,UNDERTPhi,37,0.11774703181901475
DS07,mc.rpart_UNDERTPhi,rpart,UNDERTPhi,38,0.12226780475523855
DS07,mc.rpart_UNDERTPhi,rpart,UNDERTPhi,39,0.12239835253480817
DS07,mc.rpart_UNDERTPhi,rpart,UNDERTPhi,40,0.12063248770930121
DS07,mc.rpart_UNDERTPhi,rpart,UNDERTPhi,41,0.12518572820836815
DS07,mc.rpart_UNDERTPhi,rpart,UNDERTPhi,42,0.12368223346834946
DS07,mc.rpart_UNDERTPhi,rpart,UNDERTPhi,43,0.12356150093669376
DS07,mc.rpart_UNDERTPhi,rpart,UNDERTPhi,44,0.12140234561976254
DS07,mc.rpart_UNDERTPhi,rpart,UNDERTPhi,45,0.12114107937225693
DS07,mc.rpart_UNDERTPhi,rpart,UNDERTPhi,46,0.12169115228404853
DS07,mc.rpart_UNDERTPhi,rpart,UNDERTPhi,47,0.12241269888171216
DS07,mc.rpart_UNDERTPhi,rpart,UNDERTPhi,48,0.11795886070909299
DS07,mc.rpart_UNDERTPhi,rpart,UNDERTPhi,49,0.11509489475293593
DS07,mc.rpart_UNDERTPhi,rpart,UNDERTPhi,50,0.12487077432091473
DS07,mc.rpart_UNDERT,rpart,UNDERT,1,0.1218666778278061
DS07,mc.rpart_UNDERT,rpart,UNDERT,2,0.12536357416537733
DS07,mc.rpart_UNDERT,rpart,UNDERT,3,0.12178946587544777
DS07,mc.rpart_UNDERT,rpart,UNDERT,4,0.12365999925925122
DS07,mc.rpart_UNDERT,rpart,UNDERT,5,0.12078463365390162
DS07,mc.rpart_UNDERT,rpart,UNDERT,6,0.11762524345555096
DS07,mc.rpart_UNDERT,rpart,UNDERT,7,0.12179938714050695
DS07,mc.rpart_UNDERT,rpart,UNDERT,8,0.12056428640795215
DS07,mc.rpart_UNDERT,rpart,UNDERT,9,0.11989273632098973
DS07,mc.rpart_UNDERT,rpart,UNDERT,10,0.12065524926787399
DS07,mc.rpart_UNDERT,rpart,UNDERT,11,0.123994029966039
DS07,mc.rpart_UNDERT,rpart,UNDERT,12,0.12118845913089682
DS07,mc.rpart_UNDERT,rpart,UNDERT,13,0.12194261458699417
DS07,mc.rpart_UNDERT,rpart,UNDERT,14,0.11794250622400797
DS07,mc.rpart_UNDERT,rpart,UNDERT,15,0.12307762445563172
DS07,mc.rpart_UNDERT,rpart,UNDERT,16,0.11796514788878584
DS07,mc.rpart_UNDERT,rpart,UNDERT,17,0.12200213997223397
DS07,mc.rpart_UNDERT,rpart,UNDERT,18,0.12332120815175332
DS07,mc.rpart_UNDERT,rpart,UNDERT,19,0.12202232187488007
DS07,mc.rpart_UNDERT,rpart,UNDERT,20,0.12116734277133528
DS07,mc.rpart_UNDERT,rpart,UNDERT,21,0.11928156743537476
DS07,mc.rpart_UNDERT,rpart,UNDERT,22,0.12220543423856832
DS07,mc.rpart_UNDERT,rpart,UNDERT,23,0.12007705759351119
DS07,mc.rpart_UNDERT,rpart,UNDERT,24,0.1211742366186598
DS07,mc.rpart_UNDERT,rpart,UNDERT,25,0.1199449755644868
DS07,mc.rpart_UNDERT,rpart,UNDERT,26,0.12079453586062334
DS07,mc.rpart_UNDERT,rpart,UNDERT,27,0.12070340774170649
DS07,mc.rpart_UNDERT,rpart,UNDERT,28,0.12042210026167985
DS07,mc.rpart_UNDERT,rpart,UNDERT,29,0.11573505273104101
DS07,mc.rpart_UNDERT,rpart,UNDERT,30,0.12083484791415569
DS07,mc.rpart_UNDERT,rpart,UNDERT,31,0.12050497229394058
DS07,mc.rpart_UNDERT,rpart,UNDERT,32,0.12064392726774699
DS07,mc.rpart_UNDERT,rpart,UNDERT,33,0.1175611368006583
DS07,mc.rpart_UNDERT,rpart,UNDERT,34,0.11820505486683004
DS07,mc.rpart_UNDERT,rpart,UNDERT,35,0.11502080043353705
DS07,mc.rpart_UNDERT,rpart,UNDERT,36,0.11783261325979975
DS07,mc.rpart_UNDERT,rpart,UNDERT,37,0.11419288602875326
DS07,mc.rpart_UNDERT,rpart,UNDERT,38,0.11634779713166968
DS07,mc.rpart_UNDERT,rpart,UNDERT,39,0.11202240413297038
DS07,mc.rpart_UNDERT,rpart,UNDERT,40,0.11697766827368138
DS07,mc.rpart_UNDERT,rpart,UNDERT,41,0.11666916865204088
DS07,mc.rpart_UNDERT,rpart,UNDERT,42,0.11691069515145519
DS07,mc.rpart_UNDERT,rpart,UNDERT,43,0.1152725762316359
DS07,mc.rpart_UNDERT,rpart,UNDERT,44,0.11853578283454307
DS07,mc.rpart_UNDERT,rpart,UNDERT,45,0.11728847618544233
DS07,mc.rpart_UNDERT,rpart,UNDERT,46,0.11771535699072268
DS07,mc.rpart_UNDERT,rpart,UNDERT,47,0.11641113128993869
DS07,mc.rpart_UNDERT,rpart,UNDERT,48,0.1153727445597158
DS07,mc.rpart_UNDERT,rpart,UNDERT,49,0.11782686604751486
DS07,mc.rpart_UNDERT,rpart,UNDERT,50,0.11849033006304446
DS07,mc.rpart,rpart,baseline,1,0.08284990486221779
DS07,mc.rpart,rpart,baseline,2,0.08267740625158174
DS07,mc.rpart,rpart,baseline,3,0.08284864010562826
DS07,mc.rpart,rpart,baseline,4,0.08282989241110339
DS07,mc.rpart,rpart,baseline,5,0.0848786965858722
DS07,mc.rpart,rpart,baseline,6,0.08417589349594008
DS07,mc.rpart,rpart,baseline,7,0.08424047413853722
DS07,mc.rpart,rpart,baseline,8,0.0843600970854103
DS07,mc.rpart,rpart,baseline,9,0.08438866733107711
DS07,mc.rpart,rpart,baseline,10,0.08395414744812439
DS07,mc.rpart,rpart,baseline,11,0.08476573440093495
DS07,mc.rpart,rpart,baseline,12,0.08436272566308724
DS07,mc.rpart,rpart,baseline,13,0.08493521268831747
DS07,mc.rpart,rpart,baseline,14,0.08531849669961461
DS07,mc.rpart,rpart,baseline,15,0.08428977191298849
DS07,mc.rpart,rpart,baseline,16,0.08431824837152162
DS07,mc.rpart,rpart,baseline,17,0.08489271656196005
DS07,mc.rpart,rpart,baseline,18,0.08488755719708357
DS07,mc.rpart,rpart,baseline,19,0.08413275117117676
DS07,mc.rpart,rpart,baseline,20,0.08302551854725296
DS07,mc.rpart,rpart,baseline,21,0.08320446046546988
DS07,mc.rpart,rpart,baseline,22,0.08278466112118843
DS07,mc.rpart,rpart,baseline,23,0.08280219185971528
DS07,mc.rpart,rpart,baseline,24,0.08216738763388687
DS07,mc.rpart,rpart,baseline,25,0.08201002640807661
DS07,mc.rpart,rpart,baseline,26,0.080826078334103
DS07,mc.rpart,rpart,baseline,27,0.08220240368892905
DS07,mc.rpart,rpart,baseline,28,0.08218463794132676
DS07,mc.rpart,rpart,baseline,29,0.08233158137202069
DS07,mc.rpart,rpart,baseline,30,0.08192455847283321
DS07,mc.rpart,rpart,baseline,31,0.08070342605569371
DS07,mc.rpart,rpart,baseline,32,0.08068573015830768
DS07,mc.rpart,rpart,baseline,33,0.07939439834304954
DS07,mc.rpart,rpart,baseline,34,0.0793903053274824
DS07,mc.rpart,rpart,baseline,35,0.07917810684604608
DS07,mc.rpart,rpart,baseline,36,0.0790942559079354
DS07,mc.rpart,rpart,baseline,37,0.07867909042174992
DS07,mc.rpart,rpart,baseline,38,0.07855587413309251
DS07,mc.rpart,rpart,baseline,39,0.07849740090263241
DS07,mc.rpart,rpart,baseline,40,0.07906996557487941
DS07,mc.rpart,rpart,baseline,41,0.07920799571832439
DS07,mc.rpart,rpart,baseline,42,0.0789078970772842
DS07,mc.rpart,rpart,baseline,43,0.07915619044559005
DS07,mc.rpart,rpart,baseline,44,0.0787429963251478
DS07,mc.rpart,rpart,baseline,45,0.07806759474278462
DS07,mc.rpart,rpart,baseline,46,0.07780618037673993
DS07,mc.rpart,rpart,baseline,47,0.07801880595431182
DS07,mc.rpart,rpart,baseline,48,0.07840119958083164
DS07,mc.rpart,rpart,baseline,49,0.07843206711122043
DS07,mc.rpart,rpart,baseline,50,0.07952742668575888
DS07,mc.svm_OVERB,svm,OVERB,1,0.10543095419447183
DS07,mc.svm_OVERB,svm,OVERB,2,0.10249151271242708
DS07,mc.svm_OVERB,svm,OVERB,3,0.10538914979019338
DS07,mc.svm_OVERB,svm,OVERB,4,0.10530683625197919
DS07,mc.svm_OVERB,svm,OVERB,5,0.10499400256426018
DS07,mc.svm_OVERB,svm,OVERB,6,0.10350229347808475
DS07,mc.svm_OVERB,svm,OVERB,7,0.10537991607148371
DS07,mc.svm_OVERB,svm,OVERB,8,0.10450224928351967
DS07,mc.svm_OVERB,svm,OVERB,9,0.10323258076095475
DS07,mc.svm_OVERB,svm,OVERB,10,0.10434221853126988
DS07,mc.svm_OVERB,svm,OVERB,11,0.10319242737525469
DS07,mc.svm_OVERB,svm,OVERB,12,0.10410054390250778
DS07,mc.svm_OVERB,svm,OVERB,13,0.10299700580731154
DS07,mc.svm_OVERB,svm,OVERB,14,0.10246590357134402
DS07,mc.svm_OVERB,svm,OVERB,15,0.10274761471292995
DS07,mc.svm_OVERB,svm,OVERB,16,0.10350784346330918
DS07,mc.svm_OVERB,svm,OVERB,17,0.10341844237242238
DS07,mc.svm_OVERB,svm,OVERB,18,0.10071023297913084
DS07,mc.svm_OVERB,svm,OVERB,19,0.10188879024537874
DS07,mc.svm_OVERB,svm,OVERB,20,0.09738622118425624
DS07,mc.svm_OVERB,svm,OVERB,21,0.09628814772978639
DS07,mc.svm_OVERB,svm,OVERB,22,0.09607825085586282
DS07,mc.svm_OVERB,svm,OVERB,23,0.09712359272813392
DS07,mc.svm_OVERB,svm,OVERB,24,0.09555906427822435
DS07,mc.svm_OVERB,svm,OVERB,25,0.095040720894615
DS07,mc.svm_OVERB,svm,OVERB,26,0.09470957740939756
DS07,mc.svm_OVERB,svm,OVERB,27,0.09621718763599704
DS07,mc.svm_OVERB,svm,OVERB,28,0.09772778542333754
DS07,mc.svm_OVERB,svm,OVERB,29,0.09869838937373974
DS07,mc.svm_OVERB,svm,OVERB,30,0.09593817968867567
DS07,mc.svm_OVERB,svm,OVERB,31,0.09529040708973466
DS07,mc.svm_OVERB,svm,OVERB,32,0.09566820812512021
DS07,mc.svm_OVERB,svm,OVERB,33,0.09488926931479841
DS07,mc.svm_OVERB,svm,OVERB,34,0.09493482038278901
DS07,mc.svm_OVERB,svm,OVERB,35,0.09468742246200211
DS07,mc.svm_OVERB,svm,OVERB,36,0.09327636229444407
DS07,mc.svm_OVERB,svm,OVERB,37,0.09412640032896964
DS07,mc.svm_OVERB,svm,OVERB,38,0.094866660339513
DS07,mc.svm_OVERB,svm,OVERB,39,0.0938258844772912
DS07,mc.svm_OVERB,svm,OVERB,40,0.09399788431721996
DS07,mc.svm_OVERB,svm,OVERB,41,0.09443250432088623
DS07,mc.svm_OVERB,svm,OVERB,42,0.09421169002335354
DS07,mc.svm_OVERB,svm,OVERB,43,0.09369329200988473
DS07,mc.svm_OVERB,svm,OVERB,44,0.09368626193186536
DS07,mc.svm_OVERB,svm,OVERB,45,0.09310010849431466
DS07,mc.svm_OVERB,svm,OVERB,46,0.0938050471162547
DS07,mc.svm_OVERB,svm,OVERB,47,0.09473221097525959
DS07,mc.svm_OVERB,svm,OVERB,48,0.0932176407880751
DS07,mc.svm_OVERB,svm,OVERB,49,0.09392110156880747
DS07,mc.svm_OVERB,svm,OVERB,50,0.09457793838510414
DS07,mc.svm_OVERTPhi,svm,OVERTPhi,1,0.1082491918461649
DS07,mc.svm_OVERTPhi,svm,OVERTPhi,2,0.10553303991943183
DS07,mc.svm_OVERTPhi,svm,OVERTPhi,3,0.10571477615749987
DS07,mc.svm_OVERTPhi,svm,OVERTPhi,4,0.10867971614631641
DS07,mc.svm_OVERTPhi,svm,OVERTPhi,5,0.1074003783949658
DS07,mc.svm_OVERTPhi,svm,OVERTPhi,6,0.10690662298604416
DS07,mc.svm_OVERTPhi,svm,OVERTPhi,7,0.10646916773661161
DS07,mc.svm_OVERTPhi,svm,OVERTPhi,8,0.10616808280795324
DS07,mc.svm_OVERTPhi,svm,OVERTPhi,9,0.10709983215759583
DS07,mc.svm_OVERTPhi,svm,OVERTPhi,10,0.10688666068322455
DS07,mc.svm_OVERTPhi,svm,OVERTPhi,11,0.10422608434384643
DS07,mc.svm_OVERTPhi,svm,OVERTPhi,12,0.10413148604758558
DS07,mc.svm_OVERTPhi,svm,OVERTPhi,13,0.10348412653172527
DS07,mc.svm_OVERTPhi,svm,OVERTPhi,14,0.10422089505719924
DS07,mc.svm_OVERTPhi,svm,OVERTPhi,15,0.10406768680435562
DS07,mc.svm_OVERTPhi,svm,OVERTPhi,16,0.10278608050024232
DS07,mc.svm_OVERTPhi,svm,OVERTPhi,17,0.10068006327027378
DS07,mc.svm_OVERTPhi,svm,OVERTPhi,18,0.10323421593885855
DS07,mc.svm_OVERTPhi,svm,OVERTPhi,19,0.10413023263462917
DS07,mc.svm_OVERTPhi,svm,OVERTPhi,20,0.09961666999742813
DS07,mc.svm_OVERTPhi,svm,OVERTPhi,21,0.09750679873113802
DS07,mc.svm_OVERTPhi,svm,OVERTPhi,22,0.0965314052243555
DS07,mc.svm_OVERTPhi,svm,OVERTPhi,23,0.09898415699994968
DS07,mc.svm_OVERTPhi,svm,OVERTPhi,24,0.09700679464629103
DS07,mc.svm_OVERTPhi,svm,OVERTPhi,25,0.09876205359538538
DS07,mc.svm_OVERTPhi,svm,OVERTPhi,26,0.09557282829837868
DS07,mc.svm_OVERTPhi,svm,OVERTPhi,27,0.09631389236492
DS07,mc.svm_OVERTPhi,svm,OVERTPhi,28,0.09681784648215298
DS07,mc.svm_OVERTPhi,svm,OVERTPhi,29,0.09751353916831988
DS07,mc.svm_OVERTPhi,svm,OVERTPhi,30,0.0957623939455702
DS07,mc.svm_OVERTPhi,svm,OVERTPhi,31,0.09518512582612959
DS07,mc.svm_OVERTPhi,svm,OVERTPhi,32,0.09674335441100175
DS07,mc.svm_OVERTPhi,svm,OVERTPhi,33,0.09574282253981821
DS07,mc.svm_OVERTPhi,svm,OVERTPhi,34,0.094570956059877
DS07,mc.svm_OVERTPhi,svm,OVERTPhi,35,0.09558243331424024
DS07,mc.svm_OVERTPhi,svm,OVERTPhi,36,0.0941068408145471
DS07,mc.svm_OVERTPhi,svm,OVERTPhi,37,0.09382516772252147
DS07,mc.svm_OVERTPhi,svm,OVERTPhi,38,0.0947686968689907
DS07,mc.svm_OVERTPhi,svm,OVERTPhi,39,0.0938594742051083
DS07,mc.svm_OVERTPhi,svm,OVERTPhi,40,0.09533469434628768
DS07,mc.svm_OVERTPhi,svm,OVERTPhi,41,0.09477939082499723
DS07,mc.svm_OVERTPhi,svm,OVERTPhi,42,0.09433662831898863
DS07,mc.svm_OVERTPhi,svm,OVERTPhi,43,0.09552696738869376
DS07,mc.svm_OVERTPhi,svm,OVERTPhi,44,0.09444747798186377
DS07,mc.svm_OVERTPhi,svm,OVERTPhi,45,0.09628407141643362
DS07,mc.svm_OVERTPhi,svm,OVERTPhi,46,0.09418874455268465
DS07,mc.svm_OVERTPhi,svm,OVERTPhi,47,0.09486441735525104
DS07,mc.svm_OVERTPhi,svm,OVERTPhi,48,0.09811890325059895
DS07,mc.svm_OVERTPhi,svm,OVERTPhi,49,0.09576831211122827
DS07,mc.svm_OVERTPhi,svm,OVERTPhi,50,0.09657929745371888
DS07,mc.svm_OVERT,svm,OVERT,1,0.10800744596390525
DS07,mc.svm_OVERT,svm,OVERT,2,0.1056796883213397
DS07,mc.svm_OVERT,svm,OVERT,3,0.10595937119608362
DS07,mc.svm_OVERT,svm,OVERT,4,0.10804695374873166
DS07,mc.svm_OVERT,svm,OVERT,5,0.10782859399611934
DS07,mc.svm_OVERT,svm,OVERT,6,0.10822322180304257
DS07,mc.svm_OVERT,svm,OVERT,7,0.10724102419808514
DS07,mc.svm_OVERT,svm,OVERT,8,0.10718388437381604
DS07,mc.svm_OVERT,svm,OVERT,9,0.10649885316488167
DS07,mc.svm_OVERT,svm,OVERT,10,0.10509843086506404
DS07,mc.svm_OVERT,svm,OVERT,11,0.10378522161014057
DS07,mc.svm_OVERT,svm,OVERT,12,0.10197669539554431
DS07,mc.svm_OVERT,svm,OVERT,13,0.10422616908139205
DS07,mc.svm_OVERT,svm,OVERT,14,0.10357132644798737
DS07,mc.svm_OVERT,svm,OVERT,15,0.10435704238450422
DS07,mc.svm_OVERT,svm,OVERT,16,0.10286075401710813
DS07,mc.svm_OVERT,svm,OVERT,17,0.10143527868105576
DS07,mc.svm_OVERT,svm,OVERT,18,0.10195054251947605
DS07,mc.svm_OVERT,svm,OVERT,19,0.10283952357528788
DS07,mc.svm_OVERT,svm,OVERT,20,0.09815058745728689
DS07,mc.svm_OVERT,svm,OVERT,21,0.0967135488865667
DS07,mc.svm_OVERT,svm,OVERT,22,0.09667059817109812
DS07,mc.svm_OVERT,svm,OVERT,23,0.09724890831880204
DS07,mc.svm_OVERT,svm,OVERT,24,0.09825009012035305
DS07,mc.svm_OVERT,svm,OVERT,25,0.09749857917211369
DS07,mc.svm_OVERT,svm,OVERT,26,0.09591973577663124
DS07,mc.svm_OVERT,svm,OVERT,27,0.09589840618266665
DS07,mc.svm_OVERT,svm,OVERT,28,0.09553715178611345
DS07,mc.svm_OVERT,svm,OVERT,29,0.09750490554625829
DS07,mc.svm_OVERT,svm,OVERT,30,0.0956844236010102
DS07,mc.svm_OVERT,svm,OVERT,31,0.09459733122867982
DS07,mc.svm_OVERT,svm,OVERT,32,0.09521743512927701
DS07,mc.svm_OVERT,svm,OVERT,33,0.09630406027353848
DS07,mc.svm_OVERT,svm,OVERT,34,0.09449880920057538
DS07,mc.svm_OVERT,svm,OVERT,35,0.09523890298749785
DS07,mc.svm_OVERT,svm,OVERT,36,0.09317341381909398
DS07,mc.svm_OVERT,svm,OVERT,37,0.0935594395414282
DS07,mc.svm_OVERT,svm,OVERT,38,0.09349925411822427
DS07,mc.svm_OVERT,svm,OVERT,39,0.09311345872395338
DS07,mc.svm_OVERT,svm,OVERT,40,0.09439628745497679
DS07,mc.svm_OVERT,svm,OVERT,41,0.0954406513464777
DS07,mc.svm_OVERT,svm,OVERT,42,0.09373240823471438
DS07,mc.svm_OVERT,svm,OVERT,43,0.09607794397195157
DS07,mc.svm_OVERT,svm,OVERT,44,0.09349649557886586
DS07,mc.svm_OVERT,svm,OVERT,45,0.09544115138691227
DS07,mc.svm_OVERT,svm,OVERT,46,0.09295053949601273
DS07,mc.svm_OVERT,svm,OVERT,47,0.09427433642729288
DS07,mc.svm_OVERT,svm,OVERT,48,0.09646206966140458
DS07,mc.svm_OVERT,svm,OVERT,49,0.09611486440469291
DS07,mc.svm_OVERT,svm,OVERT,50,0.09470747952365319
DS07,mc.svm_SMOTEB,svm,SMOTEB,1,0.10191837293291657
DS07,mc.svm_SMOTEB,svm,SMOTEB,2,0.10269438878394738
DS07,mc.svm_SMOTEB,svm,SMOTEB,3,0.10336527381688485
DS07,mc.svm_SMOTEB,svm,SMOTEB,4,0.10202840638235337
DS07,mc.svm_SMOTEB,svm,SMOTEB,5,0.10316038070049341
DS07,mc.svm_SMOTEB,svm,SMOTEB,6,0.10240071904960571
DS07,mc.svm_SMOTEB,svm,SMOTEB,7,0.10311461077479717
DS07,mc.svm_SMOTEB,svm,SMOTEB,8,0.10266186933266477
DS07,mc.svm_SMOTEB,svm,SMOTEB,9,0.1020433802964274
DS07,mc.svm_SMOTEB,svm,SMOTEB,10,0.10209819446697645
DS07,mc.svm_SMOTEB,svm,SMOTEB,11,0.10112037223105
DS07,mc.svm_SMOTEB,svm,SMOTEB,12,0.10168596441383793
DS07,mc.svm_SMOTEB,svm,SMOTEB,13,0.10013371635091575
DS07,mc.svm_SMOTEB,svm,SMOTEB,14,0.10074416489516944
DS07,mc.svm_SMOTEB,svm,SMOTEB,15,0.09977136084558197
DS07,mc.svm_SMOTEB,svm,SMOTEB,16,0.10081201527590597
DS07,mc.svm_SMOTEB,svm,SMOTEB,17,0.09968994469091043
DS07,mc.svm_SMOTEB,svm,SMOTEB,18,0.09938908390318557
DS07,mc.svm_SMOTEB,svm,SMOTEB,19,0.09955261143353329
DS07,mc.svm_SMOTEB,svm,SMOTEB,20,0.09729693519629301
DS07,mc.svm_SMOTEB,svm,SMOTEB,21,0.09594744596915897
DS07,mc.svm_SMOTEB,svm,SMOTEB,22,0.09614931020364804
DS07,mc.svm_SMOTEB,svm,SMOTEB,23,0.0958371164115412
DS07,mc.svm_SMOTEB,svm,SMOTEB,24,0.09648825130347756
DS07,mc.svm_SMOTEB,svm,SMOTEB,25,0.09656622177589193
DS07,mc.svm_SMOTEB,svm,SMOTEB,26,0.09533186197554461
DS07,mc.svm_SMOTEB,svm,SMOTEB,27,0.09622268358700385
DS07,mc.svm_SMOTEB,svm,SMOTEB,28,0.09634051277802583
DS07,mc.svm_SMOTEB,svm,SMOTEB,29,0.09659277775013726
DS07,mc.svm_SMOTEB,svm,SMOTEB,30,0.09686898782937355
DS07,mc.svm_SMOTEB,svm,SMOTEB,31,0.09577970141311937
DS07,mc.svm_SMOTEB,svm,SMOTEB,32,0.09591848393954838
DS07,mc.svm_SMOTEB,svm,SMOTEB,33,0.09416185113106948
DS07,mc.svm_SMOTEB,svm,SMOTEB,34,0.0939197864047636
DS07,mc.svm_SMOTEB,svm,SMOTEB,35,0.09354194268078177
DS07,mc.svm_SMOTEB,svm,SMOTEB,36,0.09282015416602415
DS07,mc.svm_SMOTEB,svm,SMOTEB,37,0.09484893785646215
DS07,mc.svm_SMOTEB,svm,SMOTEB,38,0.09372598661182382
DS07,mc.svm_SMOTEB,svm,SMOTEB,39,0.09335904964117733
DS07,mc.svm_SMOTEB,svm,SMOTEB,40,0.09420202727521489
DS07,mc.svm_SMOTEB,svm,SMOTEB,41,0.09485479259236479
DS07,mc.svm_SMOTEB,svm,SMOTEB,42,0.0935801075144812
DS07,mc.svm_SMOTEB,svm,SMOTEB,43,0.09215649767803814
DS07,mc.svm_SMOTEB,svm,SMOTEB,44,0.09256226035438134
DS07,mc.svm_SMOTEB,svm,SMOTEB,45,0.09097561712771282
DS07,mc.svm_SMOTEB,svm,SMOTEB,46,0.09186100269371346
DS07,mc.svm_SMOTEB,svm,SMOTEB,47,0.09223218469039875
DS07,mc.svm_SMOTEB,svm,SMOTEB,48,0.09206025290152087
DS07,mc.svm_SMOTEB,svm,SMOTEB,49,0.09277568758677307
DS07,mc.svm_SMOTEB,svm,SMOTEB,50,0.09189070777447046
DS07,mc.svm_SMOTETPhi,svm,SMOTETPhi,1,0.1100007172668958
DS07,mc.svm_SMOTETPhi,svm,SMOTETPhi,2,0.1093620337176142
DS07,mc.svm_SMOTETPhi,svm,SMOTETPhi,3,0.10906055533571955
DS07,mc.svm_SMOTETPhi,svm,SMOTETPhi,4,0.11001983255819607
DS07,mc.svm_SMOTETPhi,svm,SMOTETPhi,5,0.10750090116241193
DS07,mc.svm_SMOTETPhi,svm,SMOTETPhi,6,0.1106497163932196
DS07,mc.svm_SMOTETPhi,svm,SMOTETPhi,7,0.10954963456676313
DS07,mc.svm_SMOTETPhi,svm,SMOTETPhi,8,0.10843483224459798
DS07,mc.svm_SMOTETPhi,svm,SMOTETPhi,9,0.1101750637336852
DS07,mc.svm_SMOTETPhi,svm,SMOTETPhi,10,0.10767791055368911
DS07,mc.svm_SMOTETPhi,svm,SMOTETPhi,11,0.10962323840274152
DS07,mc.svm_SMOTETPhi,svm,SMOTETPhi,12,0.10698672595722922
DS07,mc.svm_SMOTETPhi,svm,SMOTETPhi,13,0.10756482920845338
DS07,mc.svm_SMOTETPhi,svm,SMOTETPhi,14,0.10800521627801171
DS07,mc.svm_SMOTETPhi,svm,SMOTETPhi,15,0.10814997604668987
DS07,mc.svm_SMOTETPhi,svm,SMOTETPhi,16,0.10717149667520602
DS07,mc.svm_SMOTETPhi,svm,SMOTETPhi,17,0.10658035348677636
DS07,mc.svm_SMOTETPhi,svm,SMOTETPhi,18,0.10643187830249339
DS07,mc.svm_SMOTETPhi,svm,SMOTETPhi,19,0.10581464029915612
DS07,mc.svm_SMOTETPhi,svm,SMOTETPhi,20,0.10219200989948785
DS07,mc.svm_SMOTETPhi,svm,SMOTETPhi,21,0.1025923298630838
DS07,mc.svm_SMOTETPhi,svm,SMOTETPhi,22,0.10211047519478324
DS07,mc.svm_SMOTETPhi,svm,SMOTETPhi,23,0.1018574370454219
DS07,mc.svm_SMOTETPhi,svm,SMOTETPhi,24,0.10278982714844194
DS07,mc.svm_SMOTETPhi,svm,SMOTETPhi,25,0.1021791509690017
DS07,mc.svm_SMOTETPhi,svm,SMOTETPhi,26,0.10133105014658675
DS07,mc.svm_SMOTETPhi,svm,SMOTETPhi,27,0.1023114832711231
DS07,mc.svm_SMOTETPhi,svm,SMOTETPhi,28,0.10017095504246548
DS07,mc.svm_SMOTETPhi,svm,SMOTETPhi,29,0.10094610154283104
DS07,mc.svm_SMOTETPhi,svm,SMOTETPhi,30,0.10191659822893166
DS07,mc.svm_SMOTETPhi,svm,SMOTETPhi,31,0.09970588367063518
DS07,mc.svm_SMOTETPhi,svm,SMOTETPhi,32,0.10007647933395693
DS07,mc.svm_SMOTETPhi,svm,SMOTETPhi,33,0.10065117596684833
DS07,mc.svm_SMOTETPhi,svm,SMOTETPhi,34,0.10171498193332115
DS07,mc.svm_SMOTETPhi,svm,SMOTETPhi,35,0.10155679819654795
DS07,mc.svm_SMOTETPhi,svm,SMOTETPhi,36,0.10060005170439984
DS07,mc.svm_SMOTETPhi,svm,SMOTETPhi,37,0.1006859831356217
DS07,mc.svm_SMOTETPhi,svm,SMOTETPhi,38,0.09907508139259946
DS07,mc.svm_SMOTETPhi,svm,SMOTETPhi,39,0.10031997491015442
DS07,mc.svm_SMOTETPhi,svm,SMOTETPhi,40,0.10124644468412625
DS07,mc.svm_SMOTETPhi,svm,SMOTETPhi,41,0.10134191015307821
DS07,mc.svm_SMOTETPhi,svm,SMOTETPhi,42,0.09891620176277068
DS07,mc.svm_SMOTETPhi,svm,SMOTETPhi,43,0.1001616724715564
DS07,mc.svm_SMOTETPhi,svm,SMOTETPhi,44,0.0986889677279864
DS07,mc.svm_SMOTETPhi,svm,SMOTETPhi,45,0.09936843857561373
DS07,mc.svm_SMOTETPhi,svm,SMOTETPhi,46,0.0992235536757504
DS07,mc.svm_SMOTETPhi,svm,SMOTETPhi,47,0.098398673083644
DS07,mc.svm_SMOTETPhi,svm,SMOTETPhi,48,0.09971820929815324
DS07,mc.svm_SMOTETPhi,svm,SMOTETPhi,49,0.09994190126998508
DS07,mc.svm_SMOTETPhi,svm,SMOTETPhi,50,0.09843432106661336
DS07,mc.svm_SMOTET,svm,SMOTET,1,0.10661083518063375
DS07,mc.svm_SMOTET,svm,SMOTET,2,0.10606311932260529
DS07,mc.svm_SMOTET,svm,SMOTET,3,0.10523516261928217
DS07,mc.svm_SMOTET,svm,SMOTET,4,0.10589768434005949
DS07,mc.svm_SMOTET,svm,SMOTET,5,0.10431404315978095
DS07,mc.svm_SMOTET,svm,SMOTET,6,0.1078426016786478
DS07,mc.svm_SMOTET,svm,SMOTET,7,0.10565527406067438
DS07,mc.svm_SMOTET,svm,SMOTET,8,0.10429661034023556
DS07,mc.svm_SMOTET,svm,SMOTET,9,0.10638276796407653
DS07,mc.svm_SMOTET,svm,SMOTET,10,0.10482270705638631
DS07,mc.svm_SMOTET,svm,SMOTET,11,0.10557300291466486
DS07,mc.svm_SMOTET,svm,SMOTET,12,0.10397854287147582
DS07,mc.svm_SMOTET,svm,SMOTET,13,0.10551676535654697
DS07,mc.svm_SMOTET,svm,SMOTET,14,0.10484064549371792
DS07,mc.svm_SMOTET,svm,SMOTET,15,0.1060638505392965
DS07,mc.svm_SMOTET,svm,SMOTET,16,0.10333041566664837
DS07,mc.svm_SMOTET,svm,SMOTET,17,0.1030258985639846
DS07,mc.svm_SMOTET,svm,SMOTET,18,0.10233763986168391
DS07,mc.svm_SMOTET,svm,SMOTET,19,0.10249926674711794
DS07,mc.svm_SMOTET,svm,SMOTET,20,0.10022253817505479
DS07,mc.svm_SMOTET,svm,SMOTET,21,0.09869349868717121
DS07,mc.svm_SMOTET,svm,SMOTET,22,0.09701577779219958
DS07,mc.svm_SMOTET,svm,SMOTET,23,0.09897456302001774
DS07,mc.svm_SMOTET,svm,SMOTET,24,0.10063867305824335
DS07,mc.svm_SMOTET,svm,SMOTET,25,0.09950770986414702
DS07,mc.svm_SMOTET,svm,SMOTET,26,0.09800722368409207
DS07,mc.svm_SMOTET,svm,SMOTET,27,0.0977338174333607
DS07,mc.svm_SMOTET,svm,SMOTET,28,0.09647964683987055
DS07,mc.svm_SMOTET,svm,SMOTET,29,0.09807616342874813
DS07,mc.svm_SMOTET,svm,SMOTET,30,0.09861724946416586
DS07,mc.svm_SMOTET,svm,SMOTET,31,0.0968687709721703
DS07,mc.svm_SMOTET,svm,SMOTET,32,0.096605135524915
DS07,mc.svm_SMOTET,svm,SMOTET,33,0.09760925228783825
DS07,mc.svm_SMOTET,svm,SMOTET,34,0.09733413697896967
DS07,mc.svm_SMOTET,svm,SMOTET,35,0.09789640804389525
DS07,mc.svm_SMOTET,svm,SMOTET,36,0.09727919558615962
DS07,mc.svm_SMOTET,svm,SMOTET,37,0.0974619068075343
DS07,mc.svm_SMOTET,svm,SMOTET,38,0.09594924989349733
DS07,mc.svm_SMOTET,svm,SMOTET,39,0.09713710672224074
DS07,mc.svm_SMOTET,svm,SMOTET,40,0.098377486418126
DS07,mc.svm_SMOTET,svm,SMOTET,41,0.09713123222174024
DS07,mc.svm_SMOTET,svm,SMOTET,42,0.09620263023825312
DS07,mc.svm_SMOTET,svm,SMOTET,43,0.09745270676170564
DS07,mc.svm_SMOTET,svm,SMOTET,44,0.09572674288411864
DS07,mc.svm_SMOTET,svm,SMOTET,45,0.09550086664183542
DS07,mc.svm_SMOTET,svm,SMOTET,46,0.09628301693957184
DS07,mc.svm_SMOTET,svm,SMOTET,47,0.09523072237847169
DS07,mc.svm_SMOTET,svm,SMOTET,48,0.09606380560148417
DS07,mc.svm_SMOTET,svm,SMOTET,49,0.09621487356671629
DS07,mc.svm_SMOTET,svm,SMOTET,50,0.09427737617719259
DS07,mc.svm_UNDERB,svm,UNDERB,1,0.08988720220979031
DS07,mc.svm_UNDERB,svm,UNDERB,2,0.09039390017906772
DS07,mc.svm_UNDERB,svm,UNDERB,3,0.08980489219547365
DS07,mc.svm_UNDERB,svm,UNDERB,4,0.0903694257392678
DS07,mc.svm_UNDERB,svm,UNDERB,5,0.09149437878535456
DS07,mc.svm_UNDERB,svm,UNDERB,6,0.08988507673733685
DS07,mc.svm_UNDERB,svm,UNDERB,7,0.09019736991424727
DS07,mc.svm_UNDERB,svm,UNDERB,8,0.09068105923714173
DS07,mc.svm_UNDERB,svm,UNDERB,9,0.09054888558174215
DS07,mc.svm_UNDERB,svm,UNDERB,10,0.08971980970221405
DS07,mc.svm_UNDERB,svm,UNDERB,11,0.09081498264706657
DS07,mc.svm_UNDERB,svm,UNDERB,12,0.08951558192300456
DS07,mc.svm_UNDERB,svm,UNDERB,13,0.0896647837908252
DS07,mc.svm_UNDERB,svm,UNDERB,14,0.08925952768987708
DS07,mc.svm_UNDERB,svm,UNDERB,15,0.08895336050799849
DS07,mc.svm_UNDERB,svm,UNDERB,16,0.0890008284546219
DS07,mc.svm_UNDERB,svm,UNDERB,17,0.08951310913160838
DS07,mc.svm_UNDERB,svm,UNDERB,18,0.08888824125735108
DS07,mc.svm_UNDERB,svm,UNDERB,19,0.08823989155627689
DS07,mc.svm_UNDERB,svm,UNDERB,20,0.08684990217126104
DS07,mc.svm_UNDERB,svm,UNDERB,21,0.08563091143202081
DS07,mc.svm_UNDERB,svm,UNDERB,22,0.08549452445197006
DS07,mc.svm_UNDERB,svm,UNDERB,23,0.08572783414514094
DS07,mc.svm_UNDERB,svm,UNDERB,24,0.08554253279725323
DS07,mc.svm_UNDERB,svm,UNDERB,25,0.08519997486016644
DS07,mc.svm_UNDERB,svm,UNDERB,26,0.08492563896619194
DS07,mc.svm_UNDERB,svm,UNDERB,27,0.0859762429529976
DS07,mc.svm_UNDERB,svm,UNDERB,28,0.08531416158486997
DS07,mc.svm_UNDERB,svm,UNDERB,29,0.0860648212927106
DS07,mc.svm_UNDERB,svm,UNDERB,30,0.08507917935597267
DS07,mc.svm_UNDERB,svm,UNDERB,31,0.08477521984522861
DS07,mc.svm_UNDERB,svm,UNDERB,32,0.08440982593431115
DS07,mc.svm_UNDERB,svm,UNDERB,33,0.0845367476624017
DS07,mc.svm_UNDERB,svm,UNDERB,34,0.08399933389198756
DS07,mc.svm_UNDERB,svm,UNDERB,35,0.08316856405965119
DS07,mc.svm_UNDERB,svm,UNDERB,36,0.08375771046620256
DS07,mc.svm_UNDERB,svm,UNDERB,37,0.08291217371984273
DS07,mc.svm_UNDERB,svm,UNDERB,38,0.08362092900561603
DS07,mc.svm_UNDERB,svm,UNDERB,39,0.0823441627074197
DS07,mc.svm_UNDERB,svm,UNDERB,40,0.08370339960524201
DS07,mc.svm_UNDERB,svm,UNDERB,41,0.08319404062751205
DS07,mc.svm_UNDERB,svm,UNDERB,42,0.08468737956173902
DS07,mc.svm_UNDERB,svm,UNDERB,43,0.08181953424755894
DS07,mc.svm_UNDERB,svm,UNDERB,44,0.08286775915321841
DS07,mc.svm_UNDERB,svm,UNDERB,45,0.0813946062113088
DS07,mc.svm_UNDERB,svm,UNDERB,46,0.08222891580133486
DS07,mc.svm_UNDERB,svm,UNDERB,47,0.08166186232505744
DS07,mc.svm_UNDERB,svm,UNDERB,48,0.08238936738753913
DS07,mc.svm_UNDERB,svm,UNDERB,49,0.082832551386437
DS07,mc.svm_UNDERB,svm,UNDERB,50,0.08233841335589732
DS07,mc.svm_UNDERTPhi,svm,UNDERTPhi,1,0.0962807392894612
DS07,mc.svm_UNDERTPhi,svm,UNDERTPhi,2,0.09416719002506045
DS07,mc.svm_UNDERTPhi,svm,UNDERTPhi,3,0.09554813141263671
DS07,mc.svm_UNDERTPhi,svm,UNDERTPhi,4,0.09658674774954816
DS07,mc.svm_UNDERTPhi,svm,UNDERTPhi,5,0.09586708413533038
DS07,mc.svm_UNDERTPhi,svm,UNDERTPhi,6,0.09482397802906245
DS07,mc.svm_UNDERTPhi,svm,UNDERTPhi,7,0.095498387411925
DS07,mc.svm_UNDERTPhi,svm,UNDERTPhi,8,0.09505305575311268
DS07,mc.svm_UNDERTPhi,svm,UNDERTPhi,9,0.09600803616794479
DS07,mc.svm_UNDERTPhi,svm,UNDERTPhi,10,0.09605157535770298
DS07,mc.svm_UNDERTPhi,svm,UNDERTPhi,11,0.09354635592963824
DS07,mc.svm_UNDERTPhi,svm,UNDERTPhi,12,0.0947313499332516
DS07,mc.svm_UNDERTPhi,svm,UNDERTPhi,13,0.09459137041454378
DS07,mc.svm_UNDERTPhi,svm,UNDERTPhi,14,0.09438318678453073
DS07,mc.svm_UNDERTPhi,svm,UNDERTPhi,15,0.09414433299065497
DS07,mc.svm_UNDERTPhi,svm,UNDERTPhi,16,0.09369026852286957
DS07,mc.svm_UNDERTPhi,svm,UNDERTPhi,17,0.0935926783540802
DS07,mc.svm_UNDERTPhi,svm,UNDERTPhi,18,0.09272786236206394
DS07,mc.svm_UNDERTPhi,svm,UNDERTPhi,19,0.09248301188396289
DS07,mc.svm_UNDERTPhi,svm,UNDERTPhi,20,0.0909679330039867
DS07,mc.svm_UNDERTPhi,svm,UNDERTPhi,21,0.09002922176669502
DS07,mc.svm_UNDERTPhi,svm,UNDERTPhi,22,0.09028719690343029
DS07,mc.svm_UNDERTPhi,svm,UNDERTPhi,23,0.0905774277913331
DS07,mc.svm_UNDERTPhi,svm,UNDERTPhi,24,0.09071409258771329
DS07,mc.svm_UNDERTPhi,svm,UNDERTPhi,25,0.08947031569930325
DS07,mc.svm_UNDERTPhi,svm,UNDERTPhi,26,0.08913776334318033
DS07,mc.svm_UNDERTPhi,svm,UNDERTPhi,27,0.09003473895855878
DS07,mc.svm_UNDERTPhi,svm,UNDERTPhi,28,0.08902099465198438
DS07,mc.svm_UNDERTPhi,svm,UNDERTPhi,29,0.0901190404542655
DS07,mc.svm_UNDERTPhi,svm,UNDERTPhi,30,0.08916430498792927
DS07,mc.svm_UNDERTPhi,svm,UNDERTPhi,31,0.08864936494745433
DS07,mc.svm_UNDERTPhi,svm,UNDERTPhi,32,0.08805744770695204
DS07,mc.svm_UNDERTPhi,svm,UNDERTPhi,33,0.08813842076482462
DS07,mc.svm_UNDERTPhi,svm,UNDERTPhi,34,0.08863457688013361
DS07,mc.svm_UNDERTPhi,svm,UNDERTPhi,35,0.08742932577907837
DS07,mc.svm_UNDERTPhi,svm,UNDERTPhi,36,0.08751709243904791
DS07,mc.svm_UNDERTPhi,svm,UNDERTPhi,37,0.08689498442525632
DS07,mc.svm_UNDERTPhi,svm,UNDERTPhi,38,0.08689840324218433
DS07,mc.svm_UNDERTPhi,svm,UNDERTPhi,39,0.08672116467559138
DS07,mc.svm_UNDERTPhi,svm,UNDERTPhi,40,0.08788881738449138
DS07,mc.svm_UNDERTPhi,svm,UNDERTPhi,41,0.0878398793431754
DS07,mc.svm_UNDERTPhi,svm,UNDERTPhi,42,0.08736845771441754
DS07,mc.svm_UNDERTPhi,svm,UNDERTPhi,43,0.08614675625010283
DS07,mc.svm_UNDERTPhi,svm,UNDERTPhi,44,0.08695504989568593
DS07,mc.svm_UNDERTPhi,svm,UNDERTPhi,45,0.08578103190338551
DS07,mc.svm_UNDERTPhi,svm,UNDERTPhi,46,0.08579659193491916
DS07,mc.svm_UNDERTPhi,svm,UNDERTPhi,47,0.08627879140572475
DS07,mc.svm_UNDERTPhi,svm,UNDERTPhi,48,0.0875052286715327
DS07,mc.svm_UNDERTPhi,svm,UNDERTPhi,49,0.08738191839491483
DS07,mc.svm_UNDERTPhi,svm,UNDERTPhi,50,0.08689635201746784
DS07,mc.svm_UNDERT,svm,UNDERT,1,0.09127402711359016
DS07,mc.svm_UNDERT,svm,UNDERT,2,0.09012595519041555
DS07,mc.svm_UNDERT,svm,UNDERT,3,0.0903153358202743
DS07,mc.svm_UNDERT,svm,UNDERT,4,0.09055590764714247
DS07,mc.svm_UNDERT,svm,UNDERT,5,0.09070397607831415
DS07,mc.svm_UNDERT,svm,UNDERT,6,0.09149126558212893
DS07,mc.svm_UNDERT,svm,UNDERT,7,0.0899947070618594
DS07,mc.svm_UNDERT,svm,UNDERT,8,0.09065295147390733
DS07,mc.svm_UNDERT,svm,UNDERT,9,0.09120555968567697
DS07,mc.svm_UNDERT,svm,UNDERT,10,0.09019217309716651
DS07,mc.svm_UNDERT,svm,UNDERT,11,0.090391239809279
DS07,mc.svm_UNDERT,svm,UNDERT,12,0.08943575372865131
DS07,mc.svm_UNDERT,svm,UNDERT,13,0.09078784863204456
DS07,mc.svm_UNDERT,svm,UNDERT,14,0.08885664642969088
DS07,mc.svm_UNDERT,svm,UNDERT,15,0.08904723498051496
DS07,mc.svm_UNDERT,svm,UNDERT,16,0.08948482203743824
DS07,mc.svm_UNDERT,svm,UNDERT,17,0.08875164985333714
DS07,mc.svm_UNDERT,svm,UNDERT,18,0.08913902315415381
DS07,mc.svm_UNDERT,svm,UNDERT,19,0.08872101841032519
DS07,mc.svm_UNDERT,svm,UNDERT,20,0.08719738688883996
DS07,mc.svm_UNDERT,svm,UNDERT,21,0.0858378169779991
DS07,mc.svm_UNDERT,svm,UNDERT,22,0.0854560250686496
DS07,mc.svm_UNDERT,svm,UNDERT,23,0.08588208641585414
DS07,mc.svm_UNDERT,svm,UNDERT,24,0.08548353184690204
DS07,mc.svm_UNDERT,svm,UNDERT,25,0.08564933053601505
DS07,mc.svm_UNDERT,svm,UNDERT,26,0.08421721923463248
DS07,mc.svm_UNDERT,svm,UNDERT,27,0.08581964570554595
DS07,mc.svm_UNDERT,svm,UNDERT,28,0.08641093069022865
DS07,mc.svm_UNDERT,svm,UNDERT,29,0.08673603822014563
DS07,mc.svm_UNDERT,svm,UNDERT,30,0.08587930221481979
DS07,mc.svm_UNDERT,svm,UNDERT,31,0.08425426696657538
DS07,mc.svm_UNDERT,svm,UNDERT,32,0.08466254657520868
DS07,mc.svm_UNDERT,svm,UNDERT,33,0.08402621998297874
DS07,mc.svm_UNDERT,svm,UNDERT,34,0.08452198627279883
DS07,mc.svm_UNDERT,svm,UNDERT,35,0.08447156113423297
DS07,mc.svm_UNDERT,svm,UNDERT,36,0.0829476905640443
DS07,mc.svm_UNDERT,svm,UNDERT,37,0.08225285652892196
DS07,mc.svm_UNDERT,svm,UNDERT,38,0.08235509580697223
DS07,mc.svm_UNDERT,svm,UNDERT,39,0.08202080728765633
DS07,mc.svm_UNDERT,svm,UNDERT,40,0.08393271833040117
DS07,mc.svm_UNDERT,svm,UNDERT,41,0.08361405092254366
DS07,mc.svm_UNDERT,svm,UNDERT,42,0.08296279324653193
DS07,mc.svm_UNDERT,svm,UNDERT,43,0.08232806012064377
DS07,mc.svm_UNDERT,svm,UNDERT,44,0.08193721979583415
DS07,mc.svm_UNDERT,svm,UNDERT,45,0.08090481825375635
DS07,mc.svm_UNDERT,svm,UNDERT,46,0.08170201702996382
DS07,mc.svm_UNDERT,svm,UNDERT,47,0.08246269700966866
DS07,mc.svm_UNDERT,svm,UNDERT,48,0.08251027792963835
DS07,mc.svm_UNDERT,svm,UNDERT,49,0.08287890118042017
DS07,mc.svm_UNDERT,svm,UNDERT,50,0.08249105212813351
DS07,mc.svm,svm,baseline,1,0.08248810873035028
DS07,mc.svm,svm,baseline,2,0.08247719759003774
DS07,mc.svm,svm,baseline,3,0.08247340447806206
DS07,mc.svm,svm,baseline,4,0.08244692400011487
DS07,mc.svm,svm,baseline,5,0.08346061886115025
DS07,mc.svm,svm,baseline,6,0.08348538941548862
DS07,mc.svm,svm,baseline,7,0.08342240114956248
DS07,mc.svm,svm,baseline,8,0.08375794294198526
DS07,mc.svm,svm,baseline,9,0.08357992566373942
DS07,mc.svm,svm,baseline,10,0.0835287528269981
DS07,mc.svm,svm,baseline,11,0.0836239384919516
DS07,mc.svm,svm,baseline,12,0.08368512449738583
DS07,mc.svm,svm,baseline,13,0.08363704056828591
DS07,mc.svm,svm,baseline,14,0.08340832024877853
DS07,mc.svm,svm,baseline,15,0.08345274020994951
DS07,mc.svm,svm,baseline,16,0.08346792855885732
DS07,mc.svm,svm,baseline,17,0.08344366327273722
DS07,mc.svm,svm,baseline,18,0.08343211724471027
DS07,mc.svm,svm,baseline,19,0.0836661548408486
DS07,mc.svm,svm,baseline,20,0.08247907074537034
DS07,mc.svm,svm,baseline,21,0.08131595393396969
DS07,mc.svm,svm,baseline,22,0.08095840773323064
DS07,mc.svm,svm,baseline,23,0.08114015337398613
DS07,mc.svm,svm,baseline,24,0.08097554535544935
DS07,mc.svm,svm,baseline,25,0.08088709271999178
DS07,mc.svm,svm,baseline,26,0.08052840116232866
DS07,mc.svm,svm,baseline,27,0.08120245881827914
DS07,mc.svm,svm,baseline,28,0.08126394549783542
DS07,mc.svm,svm,baseline,29,0.0815834905402243
DS07,mc.svm,svm,baseline,30,0.08111298826966407
DS07,mc.svm,svm,baseline,31,0.08042697104090098
DS07,mc.svm,svm,baseline,32,0.08015617270311307
DS07,mc.svm,svm,baseline,33,0.07893088559300285
DS07,mc.svm,svm,baseline,34,0.07889969484551747
DS07,mc.svm,svm,baseline,35,0.07844474321243365
DS07,mc.svm,svm,baseline,36,0.07845279151549224
DS07,mc.svm,svm,baseline,37,0.07795524017892098
DS07,mc.svm,svm,baseline,38,0.07795282541716034
DS07,mc.svm,svm,baseline,39,0.0778460676574935
DS07,mc.svm,svm,baseline,40,0.07829910362997976
DS07,mc.svm,svm,baseline,41,0.07852398976565632
DS07,mc.svm,svm,baseline,42,0.07843425838139348
DS07,mc.svm,svm,baseline,43,0.07780357482049292
DS07,mc.svm,svm,baseline,44,0.07762098306181497
DS07,mc.svm,svm,baseline,45,0.07737965718466602
DS07,mc.svm,svm,baseline,46,0.07743590476543434
DS07,mc.svm,svm,baseline,47,0.07742868298134237
DS07,mc.svm,svm,baseline,48,0.07766803052674442
DS07,mc.svm,svm,baseline,49,0.07771690752342812
DS07,mc.svm,svm,baseline,50,0.07855947924672602
