dataset_id,workflow,model_family,strategy,iteration,rmse
DS10,mc.BDES,BDES,baseline,1,2.1933243866898082
DS10,mc.BDES,BDES,baseline,2,2.1961765759807137
DS10,mc.BDES,BDES,baseline,3,2.2117821326392635
DS10,mc.BDES,BDES,baseline,4,2.2100992892041647
DS10,mc.BDES,BDES,baseline,5,2.212127465359326
DS10,mc.BDES,BDES,baseline,6,2.239656078224519
DS10,mc.BDES,BDES,baseline,7,2.2375133029414744
DS10,mc.BDES,BDES,baseline,8,2.2470652417467414
DS10,mc.BDES,BDES,baseline,9,2.240137735187985
DS10,mc.BDES,BDES,baseline,10,2.2391516931886724
DS10,mc.BDES,BDES,baseline,11,2.252068974527591
DS10,mc.BDES,BDES,baseline,12,2.242832587850281
DS10,mc.BDES,BDES,baseline,13,2.2265256272693215
DS10,mc.BDES,BDES,baseline,14,2.232899912899997
DS10,mc.BDES,BDES,baseline,15,2.249404487157105
DS10,mc.BDES,BDES,baseline,16,2.2527920189172734
DS10,mc.BDES,BDES,baseline,17,2.244708574783339
DS10,mc.BDES,BDES,baseline,18,2.256155381694557
DS10,mc.BDES,BDES,baseline,19,2.261527942279725
DS10,mc.BDES,BDES,baseline,20,2.2589928299459263
DS10,mc.BDES,BDES,baseline,21,2.248131297936225
DS10,mc.BDES,BDES,baseline,22,2.2385604237409455
DS10,mc.BDES,BDES,baseline,23,2.237634603834681
DS10,mc.BDES,BDES,baseline,24,2.2153770437875346
DS10,mc.BDES,BDES,baseline,25,2.2211736236183817
DS10,mc.BDES,BDES,baseline,26,2.2420494102517257
DS10,mc.BDES,BDES,baseline,27,2.270558211563971
DS10,mc.BDES,BDES,baseline,28,2.2471895339728927
DS10,mc.BDES,BDES,baseline,29,2.251892427771958
DS10,mc.BDES,BDES,baseline,30,2.248825602503825
DS10,mc.BDES,BDES,baseline,31,2.2528319158002885
DS10,mc.BDES,BDES,baseline,32,2.2606948484590754
DS10,mc.BDES,BDES,baseline,33,2.248768032013358
DS10,mc.BDES,BDES,baseline,34,2.26524272029373
DS10,mc.BDES,BDES,baseline,35,2.2676286259877667
DS10,mc.BDES,BDES,baseline,36,2.2761924223307863
DS10,mc.BDES,BDES,baseline,37,2.258873095414012
DS10,mc.BDES,BDES,baseline,38,2.2607500856017095
DS10,mc.BDES,BDES,baseline,39,2.205399418731705
DS10,mc.BDES,BDES,baseline,40,2.2018226156467016
DS10,mc.BDES,BDES,baseline,41,2.1763858226863046
DS10,mc.BDES,BDES,baseline,42,2.1825811956916414
DS10,mc.BDES,BDES,baseline,43,2.184304506651695
DS10,mc.BDES,BDES,baseline,44,2.217290306653598
DS10,mc.BDES,BDES,baseline,45,2.1689737355290357
DS10,mc.BDES,BDES,baseline,46,2.1716344151433975
DS10,mc.BDES,BDES,baseline,47,2.1620348879502704
DS10,mc.BDES,BDES,baseline,48,2.164750489584002
DS10,mc.BDES,BDES,baseline,49,2.199531314472073
DS10,mc.BDES,BDES,baseline,50,2.1967363468082444
DS10,mc.arima,arima,baseline,1,2.1857600070507597
DS10,mc.arima,arima,baseline,2,2.189429515093372
DS10,mc.arima,arima,baseline,3,2.220282626881326
DS10,mc.arima,arima,baseline,4,2.2137709120654625
DS10,mc.arima,arima,baseline,5,2.2208158366455586
DS10,mc.arima,arima,baseline,6,2.245444088769488
DS10,mc.arima,arima,baseline,7,2.2547075769305245
DS10,mc.arima,arima,baseline,8,2.2587364183501495
DS10,mc.arima,arima,baseline,9,2.248688915341911
DS10,mc.arima,arima,baseline,10,2.2450524846730535
DS10,mc.arima,arima,baseline,11,2.261842684394979
DS10,mc.arima,arima,baseline,12,2.256649490073802
DS10,mc.arima,arima,baseline,13,2.241672535222932
DS10,mc.arima,arima,baseline,14,2.2484228135457354
DS10,mc.arima,arima,baseline,15,2.262824414780527
DS10,mc.arima,arima,baseline,16,2.258909552202956
DS10,mc.arima,arima,baseline,17,2.2686262643691437
DS10,mc.arima,arima,baseline,18,2.269805360068038
DS10,mc.arima,arima,baseline,19,2.2602890238058397
DS10,mc.arima,arima,baseline,20,2.263635955981706
DS10,mc.arima,arima,baseline,21,2.252578214968847
DS10,mc.arima,arima,baseline,22,2.2466062744642685
DS10,mc.arima,arima,baseline,23,2.2474553271059374
DS10,mc.arima,arima,baseline,24,2.2339759400080594
DS10,mc.arima,arima,baseline,25,2.251997430896262
DS10,mc.arima,arima,baseline,26,2.2750146647039218
DS10,mc.arima,arima,baseline,27,2.2967852775440254
DS10,mc.arima,arima,baseline,28,2.2993393688708226
DS10,mc.arima,arima,baseline,29,2.3011767113634125
DS10,mc.arima,arima,baseline,30,2.292921626857158
DS10,mc.arima,arima,baseline,31,2.2921754189355865
DS10,mc.arima,arima,baseline,32,2.2917344566982045
DS10,mc.arima,arima,baseline,33,2.2801901597937557
DS10,mc.arima,arima,baseline,34,2.298215379761892
DS10,mc.arima,arima,baseline,35,2.303891861000075
DS10,mc.arima,arima,baseline,36,2.314492764911922
DS10,mc.arima,arima,baseline,37,2.298499827420536
DS10,mc.arima,arima,baseline,38,2.2952508987369926
DS10,mc.arima,arima,baseline,39,2.2509097617661946
DS10,mc.arima,arima,baseline,40,2.250276999198816
DS10,mc.arima,arima,baseline,41,2.2327190278449076
DS10,mc.arima,arima,baseline,42,2.242928190424654
DS10,mc.arima,arima,baseline,43,2.24251842876284
DS10,mc.arima,arima,baseline,44,2.269725568936042
DS10,mc.arima,arima,baseline,45,2.2471279039165837
DS10,mc.arima,arima,baseline,46,2.273851603386799
DS10,mc.arima,arima,baseline,47,2.251384242988089
DS10,mc.arima,arima,baseline,48,2.260902506187543
DS10,mc.arima,arima,baseline,49,2.2909878857387644
DS10,mc.arima,arima,baseline,50,2.2866619986203545
DS10,mc.lm_OVERB,lm,OVERB,1,3.4110534660564125
DS10,mc.lm_OVERB,lm,OVERB,2,3.4116359594595473
DS10,mc.lm_OVERB,lm,OVERB,3,3.445070426710232
DS10,mc.lm_OVERB,lm,OVERB,4,3.450720011859599
DS10,mc.lm_OVERB,lm,OVERB,5,3.443285384677133
DS10,mc.lm_OVERB,lm,OVERB,6,3.4654295946351024
DS10,mc.lm_OVERB,lm,OVERB,7,3.4213078429147155
DS10,mc.lm_OVERB,lm,OVERB,8,3.458823400614156
DS10,mc.lm_OVERB,lm,OVERB,9,3.412677903861219
DS10,mc.lm_OVERB,lm,OVERB,10,3.4113207699327974
DS10,mc.lm_OVERB,lm,OVERB,11,3.4189206531977594
DS10,mc.lm_OVERB,lm,OVERB,12,3.372585674434296
DS10,mc.lm_OVERB,lm,OVERB,13,3.3631106930697072
DS10,mc.lm_OVERB,lm,OVERB,14,3.380598064088778
DS10,mc.lm_OVERB,lm,OVERB,15,3.388288583516122
DS10,mc.lm_OVERB,lm,OVERB,16,3.4308330050011735
DS10,mc.lm_OVERB,lm,OVERB,17,3.4006303777667286
DS10,mc.lm_OVERB,lm,OVERB,18,3.416667587615145
DS10,mc.lm_OVERB,lm,OVERB,19,3.4178903472821105
DS10,mc.lm_OVERB,lm,OVERB,20,3.3694435147059734
DS10,mc.lm_OVERB,lm,OVERB,21,3.3949206323431094
DS10,mc.lm_OVERB,lm,OVERB,22,3.381657632674423
DS10,mc.lm_OVERB,lm,OVERB,23,3.382385715893701
DS10,mc.lm_OVERB,lm,OVERB,24,3.3794011152723535
DS10,mc.lm_OVERB,lm,OVERB,25,3.321183743064008
DS10,mc.lm_OVERB,lm,OVERB,26,3.396407196674616
DS10,mc.lm_OVERB,lm,OVERB,27,3.3389792754649235
DS10,mc.lm_OVERB,lm,OVERB,28,3.4350935128140687
DS10,mc.lm_OVERB,lm,OVERB,29,3.3594372700855035
DS10,mc.lm_OVERB,lm,OVERB,30,3.3498260826140522
DS10,mc.lm_OVERB,lm,OVERB,31,3.4280019143203613
DS10,mc.lm_OVERB,lm,OVERB,32,3.41940545660002
DS10,mc.lm_OVERB,lm,OVERB,33,3.417258099333298
DS10,mc.lm_OVERB,lm,OVERB,34,3.4105395264396616
DS10,mc.lm_OVERB,lm,OVERB,35,3.4013480791406985
DS10,mc.lm_OVERB,lm,OVERB,36,3.417918062797166
DS10,mc.lm_OVERB,lm,OVERB,37,3.3975016944662157
DS10,mc.lm_OVERB,lm,OVERB,38,3.407826533650971
DS10,mc.lm_OVERB,lm,OVERB,39,3.311156722474209
DS10,mc.lm_OVERB,lm,OVERB,40,3.3278731056391107
DS10,mc.lm_OVERB,lm,OVERB,41,3.2520558419109626
DS10,mc.lm_OVERB,lm,OVERB,42,3.313963344769604
DS10,mc.lm_OVERB,lm,OVERB,43,3.3277238024019655
DS10,mc.lm_OVERB,lm,OVERB,44,3.324790711054817
DS10,mc.lm_OVERB,lm,OVERB,45,3.3705442778162595
DS10,mc.lm_OVERB,lm,OVERB,46,3.392348213430309
DS10,mc.lm_OVERB,lm,OVERB,47,3.3625225840012405
DS10,mc.lm_OVERB,lm,OVERB,48,3.380910920255471
DS10,mc.lm_OVERB,lm,OVERB,49,3.4451316738313427
DS10,mc.lm_OVERB,lm,OVERB,50,3.4441493764960134
DS10,mc.lm_OVERTPhi,lm,OVERTPhi,1,3.1192960010241295
DS10,mc.lm_OVERTPhi,lm,OVERTPhi,2,3.1696815771311413
DS10,mc.lm_OVERTPhi,lm,OVERTPhi,3,3.1689168897535245
DS10,mc.lm_OVERTPhi,lm,OVERTPhi,4,3.2276166919161677
DS10,mc.lm_OVERTPhi,lm,OVERTPhi,5,3.3004016286112234
DS10,mc.lm_OVERTPhi,lm,OVERTPhi,6,3.2747777550338153
DS10,mc.lm_OVERTPhi,lm,OVERTPhi,7,3.3320815675410485
DS10,mc.lm_OVERTPhi,lm,OVERTPhi,8,3.3290692911254016
DS10,mc.lm_OVERTPhi,lm,OVERTPhi,9,3.25555983710062
DS10,mc.lm_OVERTPhi,lm,OVERTPhi,10,3.2805680144559743
DS10,mc.lm_OVERTPhi,lm,OVERTPhi,11,3.3314776128244334
DS10,mc.lm_OVERTPhi,lm,OVERTPhi,12,3.2691668536572207
DS10,mc.lm_OVERTPhi,lm,OVERTPhi,13,3.2821361773194235
DS10,mc.lm_OVERTPhi,lm,OVERTPhi,14,3.331510902710534
DS10,mc.lm_OVERTPhi,lm,OVERTPhi,15,3.340325312767298
DS10,mc.lm_OVERTPhi,lm,OVERTPhi,16,3.368353886505741
DS10,mc.lm_OVERTPhi,lm,OVERTPhi,17,3.355371049862152
DS10,mc.lm_OVERTPhi,lm,OVERTPhi,18,3.341080084556176
DS10,mc.lm_OVERTPhi,lm,OVERTPhi,19,3.362504803196991
DS10,mc.lm_OVERTPhi,lm,OVERTPhi,20,3.337247059068106
DS10,mc.lm_OVERTPhi,lm,OVERTPhi,21,3.3868636384462967
DS10,mc.lm_OVERTPhi,lm,OVERTPhi,22,3.3284004533344955
DS10,mc.lm_OVERTPhi,lm,OVERTPhi,23,3.326194471663203
DS10,mc.lm_OVERTPhi,lm,OVERTPhi,24,3.325516170696477
DS10,mc.lm_OVERTPhi,lm,OVERTPhi,25,3.3518536531737726
DS10,mc.lm_OVERTPhi,lm,OVERTPhi,26,3.3531156935908535
DS10,mc.lm_OVERTPhi,lm,OVERTPhi,27,3.4022447273294754
DS10,mc.lm_OVERTPhi,lm,OVERTPhi,28,3.42011122943122
DS10,mc.lm_OVERTPhi,lm,OVERTPhi,29,3.378144315832067
DS10,mc.lm_OVERTPhi,lm,OVERTPhi,30,3.415021943894338
DS10,mc.lm_OVERTPhi,lm,OVERTPhi,31,3.4152243864434837
DS10,mc.lm_OVERTPhi,lm,OVERTPhi,32,3.4078701738430124
DS10,mc.lm_OVERTPhi,lm,OVERTPhi,33,3.3765536222376693
DS10,mc.lm_OVERTPhi,lm,OVERTPhi,34,3.409729165759089
DS10,mc.lm_OVERTPhi,lm,OVERTPhi,35,3.4277701677140557
DS10,mc.lm_OVERTPhi,lm,OVERTPhi,36,3.3244578747821114
DS10,mc.lm_OVERTPhi,lm,OVERTPhi,37,3.358097302674907
DS10,mc.lm_OVERTPhi,lm,OVERTPhi,38,3.416905366201926
DS10,mc.lm_OVERTPhi,lm,OVERTPhi,39,3.236327176800583
DS10,mc.lm_OVERTPhi,lm,OVERTPhi,40,3.2366681813707165
DS10,mc.lm_OVERTPhi,lm,OVERTPhi,41,3.2181196697769194
DS10,mc.lm_OVERTPhi,lm,OVERTPhi,42,3.219226012153127
DS10,mc.lm_OVERTPhi,lm,OVERTPhi,43,3.2998657245591327
DS10,mc.lm_OVERTPhi,lm,OVERTPhi,44,3.2578193709768923
DS10,mc.lm_OVERTPhi,lm,OVERTPhi,45,3.3426500258300624
DS10,mc.lm_OVERTPhi,lm,OVERTPhi,46,3.3838031524035235
DS10,mc.lm_OVERTPhi,lm,OVERTPhi,47,3.3182972067151373
DS10,mc.lm_OVERTPhi,lm,OVERTPhi,48,3.350946153801508
DS10,mc.lm_OVERTPhi,lm,OVERTPhi,49,3.4420650308406104
DS10,mc.lm_OVERTPhi,lm,OVERTPhi,50,3.429069885426961
DS10,mc.lm_OVERT,lm,OVERT,1,3.1192960010241295
DS10,mc.lm_OVERT,lm,OVERT,2,3.1696815771311413
DS10,mc.lm_OVERT,lm,OVERT,3,3.1689168897535245
DS10,mc.lm_OVERT,lm,OVERT,4,3.2276166919161677
DS10,mc.lm_OVERT,lm,OVERT,5,3.3004016286112234
DS10,mc.lm_OVERT,lm,OVERT,6,3.2747777550338153
DS10,mc.lm_OVERT,lm,OVERT,7,3.3320815675410485
DS10,mc.lm_OVERT,lm,OVERT,8,3.3290692911254016
DS10,mc.lm_OVERT,lm,OVERT,9,3.25555983710062
DS10,mc.lm_OVERT,lm,OVERT,10,3.2805680144559743
DS10,mc.lm_OVERT,lm,OVERT,11,3.3314776128244334
DS10,mc.lm_OVERT,lm,OVERT,12,3.2691668536572207
DS10,mc.lm_OVERT,lm,OVERT,13,3.2821361773194235
DS10,mc.lm_OVERT,lm,OVERT,14,3.331510902710534
DS10,mc.lm_OVERT,lm,OVERT,15,3.340325312767298
DS10,mc.lm_OVERT,lm,OVERT,16,3.368353886505741
DS10,mc.lm_OVERT,lm,OVERT,17,3.355371049862152
DS10,mc.lm_OVERT,lm,OVERT,18,3.341080084556176
DS10,mc.lm_OVERT,lm,OVERT,19,3.362504803196991
DS10,mc.lm_OVERT,lm,OVERT,20,3.337247059068106
DS10,mc.lm_OVERT,lm,OVERT,21,3.3868636384462967
DS10,mc.lm_OVERT,lm,OVERT,22,3.3284004533344955
DS10,mc.lm_OVERT,lm,OVERT,23,3.326194471663203
DS10,mc.lm_OVERT,lm,OVERT,24,3.325516170696477
DS10,mc.lm_OVERT,lm,OVERT,25,3.3518536531737726
DS10,mc.lm_OVERT,lm,OVERT,26,3.3531156935908535
DS10,mc.lm_OVERT,lm,OVERT,27,3.4022447273294754
DS10,mc.lm_OVERT,lm,OVERT,28,3.42011122943122
DS10,mc.lm_OVERT,lm,OVERT,29,3.378144315832067
DS10,mc.lm_OVERT,lm,OVERT,30,3.415021943894338
DS10,mc.lm_OVERT,lm,OVERT,31,3.4152243864434837
DS10,mc.lm_OVERT,lm,OVERT,32,3.4078701738430124
DS10,mc.lm_OVERT,lm,OVERT,33,3.3765536222376693
DS10,mc.lm_OVERT,lm,OVERT,34,3.409729165759089
DS10,mc.lm_OVERT,lm,OVERT,35,3.4277701677140557
DS10,mc.lm_OVERT,lm,OVERT,36,3.3244578747821114
DS10,mc.lm_OVERT,lm,OVERT,37,3.358097302674907
DS10,mc.lm_OVERT,lm,OVERT,38,3.416905366201926
DS10,mc.lm_OVERT,lm,OVERT,39,3.236327176800583
DS10,mc.lm_OVERT,lm,OVERT,40,3.2366681813707165
DS10,mc.lm_OVERT,lm,OVERT,41,3.2181196697769194
DS10,mc.lm_OVERT,lm,OVERT,42,3.219226012153127
DS10,mc.lm_OVERT,lm,OVERT,43,3.2998657245591327
DS10,mc.lm_OVERT,lm,OVERT,44,3.2578193709768923
DS10,mc.lm_OVERT,lm,OVERT,45,3.3426500258300624
DS10,mc.lm_OVERT,lm,OVERT,46,3.3838031524035235
DS10,mc.lm_OVERT,lm,OVERT,47,3.3182972067151373
DS10,mc.lm_OVERT,lm,OVERT,48,3.350946153801508
DS10,mc.lm_OVERT,lm,OVERT,49,3.4420650308406104
DS10,mc.lm_OVERT,lm,OVERT,50,3.429069885426961
DS10,mc.lm_SMOTEB,lm,SMOTEB,1,3.383724355777478
DS10,mc.lm_SMOTEB,lm,SMOTEB,2,3.39810357393722
DS10,mc.lm_SMOTEB,lm,SMOTEB,3,3.4960161932662155
DS10,mc.lm_SMOTEB,lm,SMOTEB,4,3.3844041515608425
DS10,mc.lm_SMOTEB,lm,SMOTEB,5,3.449150693689161
DS10,mc.lm_SMOTEB,lm,SMOTEB,6,3.5041727282105732
DS10,mc.lm_SMOTEB,lm,SMOTEB,7,3.428737094111498
DS10,mc.lm_SMOTEB,lm,SMOTEB,8,3.5097359376378896
DS10,mc.lm_SMOTEB,lm,SMOTEB,9,3.426850916015538
DS10,mc.lm_SMOTEB,lm,SMOTEB,10,3.3420035380674693
DS10,mc.lm_SMOTEB,lm,SMOTEB,11,3.378556516199782
DS10,mc.lm_SMOTEB,lm,SMOTEB,12,3.4110753973957118
DS10,mc.lm_SMOTEB,lm,SMOTEB,13,3.3897714060132387
DS10,mc.lm_SMOTEB,lm,SMOTEB,14,3.418473570429826
DS10,mc.lm_SMOTEB,lm,SMOTEB,15,3.418294699362193
DS10,mc.lm_SMOTEB,lm,SMOTEB,16,3.4299050404938156
DS10,mc.lm_SMOTEB,lm,SMOTEB,17,3.4273021986489565
DS10,mc.lm_SMOTEB,lm,SMOTEB,18,3.448118920098055
DS10,mc.lm_SMOTEB,lm,SMOTEB,19,3.345866197374456
DS10,mc.lm_SMOTEB,lm,SMOTEB,20,3.3864906464640536
DS10,mc.lm_SMOTEB,lm,SMOTEB,21,3.4691830424645516
DS10,mc.lm_SMOTEB,lm,SMOTEB,22,3.43063142105994
DS10,mc.lm_SMOTEB,lm,SMOTEB,23,3.241853800061686
DS10,mc.lm_SMOTEB,lm,SMOTEB,24,3.3810994989024206
DS10,mc.lm_SMOTEB,lm,SMOTEB,25,3.3273898355302505
DS10,mc.lm_SMOTEB,lm,SMOTEB,26,3.3988648027377932
DS10,mc.lm_SMOTEB,lm,SMOTEB,27,3.2342246434501427
DS10,mc.lm_SMOTEB,lm,SMOTEB,28,3.367287255408468
DS10,mc.lm_SMOTEB,lm,SMOTEB,29,3.3142465025262506
DS10,mc.lm_SMOTEB,lm,SMOTEB,30,3.3813245545466057
DS10,mc.lm_SMOTEB,lm,SMOTEB,31,3.3741457524582263
DS10,mc.lm_SMOTEB,lm,SMOTEB,32,3.412532078341002
DS10,mc.lm_SMOTEB,lm,SMOTEB,33,3.3816407790497434
DS10,mc.lm_SMOTEB,lm,SMOTEB,34,3.3674178238268455
DS10,mc.lm_SMOTEB,lm,SMOTEB,35,3.512816155041305
DS10,mc.lm_SMOTEB,lm,SMOTEB,36,3.4440235771637826
DS10,mc.lm_SMOTEB,lm,SMOTEB,37,3.445964271876031
DS10,mc.lm_SMOTEB,lm,SMOTEB,38,3.4934853524006697
DS10,mc.lm_SMOTEB,lm,SMOTEB,39,3.379147430673962
DS10,mc.lm_SMOTEB,lm,SMOTEB,40,3.3312252538975256
DS10,mc.lm_SMOTEB,lm,SMOTEB,41,3.2821234100900445
DS10,mc.lm_SMOTEB,lm,SMOTEB,42,3.3446711445851656
DS10,mc.lm_SMOTEB,lm,SMOTEB,43,3.351513207655475
DS10,mc.lm_SMOTEB,lm,SMOTEB,44,3.367049611751391
DS10,mc.lm_SMOTEB,lm,SMOTEB,45,3.3746639782074865
DS10,mc.lm_SMOTEB,lm,SMOTEB,46,3.341522929159817
DS10,mc.lm_SMOTEB,lm,SMOTEB,47,3.343083577911601
DS10,mc.lm_SMOTEB,lm,SMOTEB,48,3.393903072893479
DS10,mc.lm_SMOTEB,lm,SMOTEB,49,3.3708190040933284
DS10,mc.lm_SMOTEB,lm,SMOTEB,50,3.4121752286314377
DS10,mc.lm_SMOTETPhi,lm,SMOTETPhi,1,5.134029638364652
DS10,mc.lm_SMOTETPhi,lm,SMOTETPhi,2,5.124712065267085
DS10,mc.lm_SMOTETPhi,lm,SMOTETPhi,3,5.0544339317093065
DS10,mc.lm_SMOTETPhi,lm,SMOTETPhi,4,4.96925146923283
DS10,mc.lm_SMOTETPhi,lm,SMOTETPhi,5,4.886903650450891
DS10,mc.lm_SMOTETPhi,lm,SMOTETPhi,6,4.950096147133819
DS10,mc.lm_SMOTETPhi,lm,SMOTETPhi,7,4.883138255194964
DS10,mc.lm_SMOTETPhi,lm,SMOTETPhi,8,4.8862414408834
DS10,mc.lm_SMOTETPhi,lm,SMOTETPhi,9,4.798629567746162
DS10,mc.lm_SMOTETPhi,lm,SMOTETPhi,10,4.863298282734559
DS10,mc.lm_SMOTETPhi,lm,SMOTETPhi,11,4.851389955024651
DS10,mc.lm_SMOTETPhi,lm,SMOTETPhi,12,4.823599837594482
DS10,mc.lm_SMOTETPhi,lm,SMOTETPhi,13,4.870495975723746
DS10,mc.lm_SMOTETPhi,lm,SMOTETPhi,14,4.977552991486561
DS10,mc.lm_SMOTETPhi,lm,SMOTETPhi,15,4.78412934616505
DS10,mc.lm_SMOTETPhi,lm,SMOTETPhi,16,4.867293658366321
DS10,mc.lm_SMOTETPhi,lm,SMOTETPhi,17,4.782653669800327
DS10,mc.lm_SMOTETPhi,lm,SMOTETPhi,18,4.884187291087019
DS10,mc.lm_SMOTETPhi,lm,SMOTETPhi,19,4.859378275458382
DS10,mc.lm_SMOTETPhi,lm,SMOTETPhi,20,4.846987659586142
DS10,mc.lm_SMOTETPhi,lm,SMOTETPhi,21,4.738600996347538
DS10,mc.lm_SMOTETPhi,lm,SMOTETPhi,22,4.64663073481893
DS10,mc.lm_SMOTETPhi,lm,SMOTETPhi,23,4.737856412442101
DS10,mc.lm_SMOTETPhi,lm,SMOTETPhi,24,4.564611007118187
DS10,mc.lm_SMOTETPhi,lm,SMOTETPhi,25,4.52653409056844
DS10,mc.lm_SMOTETPhi,lm,SMOTETPhi,26,4.544927770441269
DS10,mc.lm_SMOTETPhi,lm,SMOTETPhi,27,4.588791716993379
DS10,mc.lm_SMOTETPhi,lm,SMOTETPhi,28,4.647771028967092
DS10,mc.lm_SMOTETPhi,lm,SMOTETPhi,29,4.574967659574539
DS10,mc.lm_SMOTETPhi,lm,SMOTETPhi,30,4.583942848037788
DS10,mc.lm_SMOTETPhi,lm,SMOTETPhi,31,4.6061353119986785
DS10,mc.lm_SMOTETPhi,lm,SMOTETPhi,32,4.659470101119971
DS10,mc.lm_SMOTETPhi,lm,SMOTETPhi,33,4.7073312147456985
DS10,mc.lm_SMOTETPhi,lm,SMOTETPhi,34,4.741761222565868
DS10,mc.lm_SMOTETPhi,lm,SMOTETPhi,35,4.660934759279539
DS10,mc.lm_SMOTETPhi,lm,SMOTETPhi,36,4.667149253506338
DS10,mc.lm_SMOTETPhi,lm,SMOTETPhi,37,4.620781849630436
DS10,mc.lm_SMOTETPhi,lm,SMOTETPhi,38,4.676467789298443
DS10,mc.lm_SMOTETPhi,lm,SMOTETPhi,39,4.555992747693815
DS10,mc.lm_SMOTETPhi,lm,SMOTETPhi,40,4.404557784573093
DS10,mc.lm_SMOTETPhi,lm,SMOTETPhi,41,4.527972060448634
DS10,mc.lm_SMOTETPhi,lm,SMOTETPhi,42,4.449899298098088
DS10,mc.lm_SMOTETPhi,lm,SMOTETPhi,43,4.529390479233598
DS10,mc.lm_SMOTETPhi,lm,SMOTETPhi,44,4.534614716252383
DS10,mc.lm_SMOTETPhi,lm,SMOTETPhi,45,4.304772095186228
DS10,mc.lm_SMOTETPhi,lm,SMOTETPhi,46,4.405686454377755
DS10,mc.lm_SMOTETPhi,lm,SMOTETPhi,47,4.087586294200574
DS10,mc.lm_SMOTETPhi,lm,SMOTETPhi,48,4.169150626339131
DS10,mc.lm_SMOTETPhi,lm,SMOTETPhi,49,4.309672609159002
DS10,mc.lm_SMOTETPhi,lm,SMOTETPhi,50,4.225931070378764
DS10,mc.lm_SMOTET,lm,SMOTET,1,3.5678609365347
DS10,mc.lm_SMOTET,lm,SMOTET,2,3.682687539437734
DS10,mc.lm_SMOTET,lm,SMOTET,3,3.6622452813894877
DS10,mc.lm_SMOTET,lm,SMOTET,4,3.5506059595578927
DS10,mc.lm_SMOTET,lm,SMOTET,5,3.666365429446214
DS10,mc.lm_SMOTET,lm,SMOTET,6,3.6443869041959602
DS10,mc.lm_SMOTET,lm,SMOTET,7,3.6116912215599437
DS10,mc.lm_SMOTET,lm,SMOTET,8,3.651839469380088
DS10,mc.lm_SMOTET,lm,SMOTET,9,3.6673604553562917
DS10,mc.lm_SMOTET,lm,SMOTET,10,3.56466568072552
DS10,mc.lm_SMOTET,lm,SMOTET,11,3.635215837638343
DS10,mc.lm_SMOTET,lm,SMOTET,12,3.545619058848634
DS10,mc.lm_SMOTET,lm,SMOTET,13,3.6418291634660305
DS10,mc.lm_SMOTET,lm,SMOTET,14,3.5544459717921213
DS10,mc.lm_SMOTET,lm,SMOTET,15,3.60685199586387
DS10,mc.lm_SMOTET,lm,SMOTET,16,3.647559081527128
DS10,mc.lm_SMOTET,lm,SMOTET,17,3.6228860263465914
DS10,mc.lm_SMOTET,lm,SMOTET,18,3.599016008267839
DS10,mc.lm_SMOTET,lm,SMOTET,19,3.7120463074455956
DS10,mc.lm_SMOTET,lm,SMOTET,20,3.6803844243253314
DS10,mc.lm_SMOTET,lm,SMOTET,21,3.6286176441371385
DS10,mc.lm_SMOTET,lm,SMOTET,22,3.528910528571912
DS10,mc.lm_SMOTET,lm,SMOTET,23,3.6099724198742256
DS10,mc.lm_SMOTET,lm,SMOTET,24,3.5122312286563675
DS10,mc.lm_SMOTET,lm,SMOTET,25,3.5361266845669976
DS10,mc.lm_SMOTET,lm,SMOTET,26,3.5505892105170216
DS10,mc.lm_SMOTET,lm,SMOTET,27,3.487782986652715
DS10,mc.lm_SMOTET,lm,SMOTET,28,3.742214652407678
DS10,mc.lm_SMOTET,lm,SMOTET,29,3.651039709956762
DS10,mc.lm_SMOTET,lm,SMOTET,30,3.7595043560235277
DS10,mc.lm_SMOTET,lm,SMOTET,31,3.6818196687052183
DS10,mc.lm_SMOTET,lm,SMOTET,32,3.724342888456166
DS10,mc.lm_SMOTET,lm,SMOTET,33,3.759658019959119
DS10,mc.lm_SMOTET,lm,SMOTET,34,3.7227592658133823
DS10,mc.lm_SMOTET,lm,SMOTET,35,3.8151509778859998
DS10,mc.lm_SMOTET,lm,SMOTET,36,3.6964930411897936
DS10,mc.lm_SMOTET,lm,SMOTET,37,3.705664495787715
DS10,mc.lm_SMOTET,lm,SMOTET,38,3.7654349698342595
DS10,mc.lm_SMOTET,lm,SMOTET,39,3.3928406407551654
DS10,mc.lm_SMOTET,lm,SMOTET,40,3.3616203071599533
DS10,mc.lm_SMOTET,lm,SMOTET,41,3.4579553634229594
DS10,mc.lm_SMOTET,lm,SMOTET,42,3.5543203873390374
DS10,mc.lm_SMOTET,lm,SMOTET,43,3.587602357493152
DS10,mc.lm_SMOTET,lm,SMOTET,44,3.5943962824903646
DS10,mc.lm_SMOTET,lm,SMOTET,45,3.468027831486295
DS10,mc.lm_SMOTET,lm,SMOTET,46,3.6185842199736453
DS10,mc.lm_SMOTET,lm,SMOTET,47,3.576256122102811
DS10,mc.lm_SMOTET,lm,SMOTET,48,3.4564725277572315
DS10,mc.lm_SMOTET,lm,SMOTET,49,3.451552884704505
DS10,mc.lm_SMOTET,lm,SMOTET,50,3.586921288891133
DS10,mc.lm_UNDERB,lm,UNDERB,1,4.363502794485051
DS10,mc.lm_UNDERB,lm,UNDERB,2,3.684768855873536
DS10,mc.lm_UNDERB,lm,UNDERB,3,3.9083305859797686
DS10,mc.lm_UNDERB,lm,UNDERB,4,3.7325698732608497
DS10,mc.lm_UNDERB,lm,UNDERB,5,4.170764582309486
DS10,mc.lm_UNDERB,lm,UNDERB,6,4.193842774725913
DS10,mc.lm_UNDERB,lm,UNDERB,7,3.7493653248983034
DS10,mc.lm_UNDERB,lm,UNDERB,8,3.98289313498952
DS10,mc.lm_UNDERB,lm,UNDERB,9,3.8258008466546793
DS10,mc.lm_UNDERB,lm,UNDERB,10,4.282540485529051
DS10,mc.lm_UNDERB,lm,UNDERB,11,3.4214954127493873
DS10,mc.lm_UNDERB,lm,UNDERB,12,3.6349978018958957
DS10,mc.lm_UNDERB,lm,UNDERB,13,3.893019840597495
DS10,mc.lm_UNDERB,lm,UNDERB,14,3.7690060344264444
DS10,mc.lm_UNDERB,lm,UNDERB,15,3.906881267174621
DS10,mc.lm_UNDERB,lm,UNDERB,16,3.5997119390994343
DS10,mc.lm_UNDERB,lm,UNDERB,17,3.8467084723753144
DS10,mc.lm_UNDERB,lm,UNDERB,18,3.959792469004331
DS10,mc.lm_UNDERB,lm,UNDERB,19,3.4661336543457564
DS10,mc.lm_UNDERB,lm,UNDERB,20,3.87401243653015
DS10,mc.lm_UNDERB,lm,UNDERB,21,3.9109768756060728
DS10,mc.lm_UNDERB,lm,UNDERB,22,3.4317103673936247
DS10,mc.lm_UNDERB,lm,UNDERB,23,3.5616715658002547
DS10,mc.lm_UNDERB,lm,UNDERB,24,3.544345106608633
DS10,mc.lm_UNDERB,lm,UNDERB,25,3.6246391638765534
DS10,mc.lm_UNDERB,lm,UNDERB,26,3.924922111266219
DS10,mc.lm_UNDERB,lm,UNDERB,27,3.5849257370309178
DS10,mc.lm_UNDERB,lm,UNDERB,28,3.3901604671979735
DS10,mc.lm_UNDERB,lm,UNDERB,29,3.4999979998113666
DS10,mc.lm_UNDERB,lm,UNDERB,30,3.7458905515467196
DS10,mc.lm_UNDERB,lm,UNDERB,31,3.70036252996102
DS10,mc.lm_UNDERB,lm,UNDERB,32,3.9479718175101217
DS10,mc.lm_UNDERB,lm,UNDERB,33,3.7640048083428734
DS10,mc.lm_UNDERB,lm,UNDERB,34,3.6548760948569394
DS10,mc.lm_UNDERB,lm,UNDERB,35,3.5088088440275316
DS10,mc.lm_UNDERB,lm,UNDERB,36,3.6475788563391185
DS10,mc.lm_UNDERB,lm,UNDERB,37,3.7565168432891234
DS10,mc.lm_UNDERB,lm,UNDERB,38,3.8086037999552547
DS10,mc.lm_UNDERB,lm,UNDERB,39,3.4078002110494214
DS10,mc.lm_UNDERB,lm,UNDERB,40,3.5317618434904623
DS10,mc.lm_UNDERB,lm,UNDERB,41,3.6770673636151328
DS10,mc.lm_UNDERB,lm,UNDERB,42,3.7476683632129353
DS10,mc.lm_UNDERB,lm,UNDERB,43,3.777303477210021
DS10,mc.lm_UNDERB,lm,UNDERB,44,3.5968922932760736
DS10,mc.lm_UNDERB,lm,UNDERB,45,3.5654757251489224
DS10,mc.lm_UNDERB,lm,UNDERB,46,3.5965974382189834
DS10,mc.lm_UNDERB,lm,UNDERB,47,3.844373600440871
DS10,mc.lm_UNDERB,lm,UNDERB,48,3.698857239344792
DS10,mc.lm_UNDERB,lm,UNDERB,49,3.7517136878628103
DS10,mc.lm_UNDERB,lm,UNDERB,50,3.893309930286445
DS10,mc.lm_UNDERTPhi,lm,UNDERTPhi,1,5.071552517621892
DS10,mc.lm_UNDERTPhi,lm,UNDERTPhi,2,5.233369099639901
DS10,mc.lm_UNDERTPhi,lm,UNDERTPhi,3,5.32001080358931
DS10,mc.lm_UNDERTPhi,lm,UNDERTPhi,4,4.923805185835183
DS10,mc.lm_UNDERTPhi,lm,UNDERTPhi,5,5.042218172578922
DS10,mc.lm_UNDERTPhi,lm,UNDERTPhi,6,4.673727899061976
DS10,mc.lm_UNDERTPhi,lm,UNDERTPhi,7,4.907648772243367
DS10,mc.lm_UNDERTPhi,lm,UNDERTPhi,8,5.372358121540108
DS10,mc.lm_UNDERTPhi,lm,UNDERTPhi,9,4.500664764098928
DS10,mc.lm_UNDERTPhi,lm,UNDERTPhi,10,5.443684043940573
DS10,mc.lm_UNDERTPhi,lm,UNDERTPhi,11,4.913455991910019
DS10,mc.lm_UNDERTPhi,lm,UNDERTPhi,12,4.7416788530457215
DS10,mc.lm_UNDERTPhi,lm,UNDERTPhi,13,4.756801197965095
DS10,mc.lm_UNDERTPhi,lm,UNDERTPhi,14,5.267810183027271
DS10,mc.lm_UNDERTPhi,lm,UNDERTPhi,15,4.881447090867113
DS10,mc.lm_UNDERTPhi,lm,UNDERTPhi,16,4.90887774072256
DS10,mc.lm_UNDERTPhi,lm,UNDERTPhi,17,4.867614564752836
DS10,mc.lm_UNDERTPhi,lm,UNDERTPhi,18,5.0091081069295464
DS10,mc.lm_UNDERTPhi,lm,UNDERTPhi,19,4.844204677810017
DS10,mc.lm_UNDERTPhi,lm,UNDERTPhi,20,4.600933853662585
DS10,mc.lm_UNDERTPhi,lm,UNDERTPhi,21,5.095540460519001
DS10,mc.lm_UNDERTPhi,lm,UNDERTPhi,22,5.304728165572095
DS10,mc.lm_UNDERTPhi,lm,UNDERTPhi,23,5.360190279685918
DS10,mc.lm_UNDERTPhi,lm,UNDERTPhi,24,4.747014194825139
DS10,mc.lm_UNDERTPhi,lm,UNDERTPhi,25,4.6953206396117
DS10,mc.lm_UNDERTPhi,lm,UNDERTPhi,26,4.979428680642292
DS10,mc.lm_UNDERTPhi,lm,UNDERTPhi,27,4.962200739645711
DS10,mc.lm_UNDERTPhi,lm,UNDERTPhi,28,4.59740094995846
DS10,mc.lm_UNDERTPhi,lm,UNDERTPhi,29,4.625074049386578
DS10,mc.lm_UNDERTPhi,lm,UNDERTPhi,30,4.589813845488164
DS10,mc.lm_UNDERTPhi,lm,UNDERTPhi,31,4.664621104105774
DS10,mc.lm_UNDERTPhi,lm,UNDERTPhi,32,4.551181090210754
DS10,mc.lm_UNDERTPhi,lm,UNDERTPhi,33,4.618533025649817
DS10,mc.lm_UNDERTPhi,lm,UNDERTPhi,34,4.5090825480288395
DS10,mc.lm_UNDERTPhi,lm,UNDERTPhi,35,4.564853586217909
DS10,mc.lm_UNDERTPhi,lm,UNDERTPhi,36,4.613011946710701
DS10,mc.lm_UNDERTPhi,lm,UNDERTPhi,37,4.704692443260652
DS10,mc.lm_UNDERTPhi,lm,UNDERTPhi,38,4.625954834960242
DS10,mc.lm_UNDERTPhi,lm,UNDERTPhi,39,4.432551530903764
DS10,mc.lm_UNDERTPhi,lm,UNDERTPhi,40,4.378040592260493
DS10,mc.lm_UNDERTPhi,lm,UNDERTPhi,41,4.504455413804884
DS10,mc.lm_UNDERTPhi,lm,UNDERTPhi,42,4.4947754609081745
DS10,mc.lm_UNDERTPhi,lm,UNDERTPhi,43,4.471579312957641
DS10,mc.lm_UNDERTPhi,lm,UNDERTPhi,44,4.505641672594171
DS10,mc.lm_UNDERTPhi,lm,UNDERTPhi,45,4.451853333484395
DS10,mc.lm_UNDERTPhi,lm,UNDERTPhi,46,4.681205666296129
DS10,mc.lm_UNDERTPhi,lm,UNDERTPhi,47,4.548050093790511
DS10,mc.lm_UNDERTPhi,lm,UNDERTPhi,48,4.256593421722534
DS10,mc.lm_UNDERTPhi,lm,UNDERTPhi,49,4.298242332100858
DS10,mc.lm_UNDERTPhi,lm,UNDERTPhi,50,4.3776093088693715
DS10,mc.lm_UNDERT,lm,UNDERT,1,3.638286185487182
DS10,mc.lm_UNDERT,lm,UNDERT,2,3.927672978585307
DS10,mc.lm_UNDERT,lm,UNDERT,3,3.5051048633882504
DS10,mc.lm_UNDERT,lm,UNDERT,4,4.337783490505876
DS10,mc.lm_UNDERT,lm,UNDERT,5,3.8621444170271033
DS10,mc.lm_UNDERT,lm,UNDERT,6,4.220137800542898
DS10,mc.lm_UNDERT,lm,UNDERT,7,3.6206611667637048
DS10,mc.lm_UNDERT,lm,UNDERT,8,3.6760735438651664
DS10,mc.lm_UNDERT,lm,UNDERT,9,3.429117972030883
DS10,mc.lm_UNDERT,lm,UNDERT,10,3.581227629572717
DS10,mc.lm_UNDERT,lm,UNDERT,11,3.8530168230045465
DS10,mc.lm_UNDERT,lm,UNDERT,12,4.287770165903627
DS10,mc.lm_UNDERT,lm,UNDERT,13,3.74328876067944
DS10,mc.lm_UNDERT,lm,UNDERT,14,3.6369602757950563
DS10,mc.lm_UNDERT,lm,UNDERT,15,3.6417954488857927
DS10,mc.lm_UNDERT,lm,UNDERT,16,3.853673390320759
DS10,mc.lm_UNDERT,lm,UNDERT,17,3.8051372961151815
DS10,mc.lm_UNDERT,lm,UNDERT,18,3.978211527049287
DS10,mc.lm_UNDERT,lm,UNDERT,19,3.4406265745331734
DS10,mc.lm_UNDERT,lm,UNDERT,20,4.073227194059858
DS10,mc.lm_UNDERT,lm,UNDERT,21,3.6157222953687
DS10,mc.lm_UNDERT,lm,UNDERT,22,3.5656841435016733
DS10,mc.lm_UNDERT,lm,UNDERT,23,3.8329859239758477
DS10,mc.lm_UNDERT,lm,UNDERT,24,3.6894130919083588
DS10,mc.lm_UNDERT,lm,UNDERT,25,3.67421820026496
DS10,mc.lm_UNDERT,lm,UNDERT,26,3.743625031119407
DS10,mc.lm_UNDERT,lm,UNDERT,27,3.84745467638847
DS10,mc.lm_UNDERT,lm,UNDERT,28,3.9973797555269543
DS10,mc.lm_UNDERT,lm,UNDERT,29,3.7608156251602196
DS10,mc.lm_UNDERT,lm,UNDERT,30,3.707947149394536
DS10,mc.lm_UNDERT,lm,UNDERT,31,3.761007356511842
DS10,mc.lm_UNDERT,lm,UNDERT,32,3.72710061396693
DS10,mc.lm_UNDERT,lm,UNDERT,33,3.8256279003258715
DS10,mc.lm_UNDERT,lm,UNDERT,34,3.646538694660658
DS10,mc.lm_UNDERT,lm,UNDERT,35,3.824691090843702
DS10,mc.lm_UNDERT,lm,UNDERT,36,3.9657472727017176
DS10,mc.lm_UNDERT,lm,UNDERT,37,3.7816653375358014
DS10,mc.lm_UNDERT,lm,UNDERT,38,3.7722213415820334
DS10,mc.lm_UNDERT,lm,UNDERT,39,3.142556989024668
DS10,mc.lm_UNDERT,lm,UNDERT,40,3.571057603841813
DS10,mc.lm_UNDERT,lm,UNDERT,41,3.758689396906239
DS10,mc.lm_UNDERT,lm,UNDERT,42,3.56342172486457
DS10,mc.lm_UNDERT,lm,UNDERT,43,3.6725396752234474
DS10,mc.lm_UNDERT,lm,UNDERT,44,3.583910889543151
DS10,mc.lm_UNDERT,lm,UNDERT,45,3.442792574311235
DS10,mc.lm_UNDERT,lm,UNDERT,46,3.493283818124703
DS10,mc.lm_UNDERT,lm,UNDERT,47,3.820075287341188
DS10,mc.lm_UNDERT,lm,UNDERT,48,3.734635413394914
DS10,mc.lm_UNDERT,lm,UNDERT,49,3.6013443330927277
DS10,mc.lm_UNDERT,lm,UNDERT,50,3.6468826870874174
DS10,mc.lm,lm,baseline,1,2.213018703811121
DS10,mc.lm,lm,baseline,2,2.247419137794588
DS10,mc.lm,lm,baseline,3,2.2631140851977762
DS10,mc.lm,lm,baseline,4,2.251561846374305
DS10,mc.lm,lm,baseline,5,2.2610513421695813
DS10,mc.lm,lm,baseline,6,2.2884564141821935
DS10,mc.lm,lm,baseline,7,2.302500328504116
DS10,mc.lm,lm,baseline,8,2.3118454089411524
DS10,mc.lm,lm,baseline,9,2.293648059837599
DS10,mc.lm,lm,baseline,10,2.295863574483488
DS10,mc.lm,lm,baseline,11,2.31414822593342
DS10,mc.lm,lm,baseline,12,2.3086481081488612
DS10,mc.lm,lm,baseline,13,2.2987190913897497
DS10,mc.lm,lm,baseline,14,2.305127581574042
DS10,mc.lm,lm,baseline,15,2.3207831359168534
DS10,mc.lm,lm,baseline,16,2.31760987291363
DS10,mc.lm,lm,baseline,17,2.323740437744584
DS10,mc.lm,lm,baseline,18,2.3260506675591186
DS10,mc.lm,lm,baseline,19,2.321812503327649
DS10,mc.lm,lm,baseline,20,2.3254993747123147
DS10,mc.lm,lm,baseline,21,2.314579664466483
DS10,mc.lm,lm,baseline,22,2.3027999982803005
DS10,mc.lm,lm,baseline,23,2.297585919528929
DS10,mc.lm,lm,baseline,24,2.2777806497167576
DS10,mc.lm,lm,baseline,25,2.3019054817022067
DS10,mc.lm,lm,baseline,26,2.31658639516526
DS10,mc.lm,lm,baseline,27,2.339470117617723
DS10,mc.lm,lm,baseline,28,2.3360985945143606
DS10,mc.lm,lm,baseline,29,2.339047784657074
DS10,mc.lm,lm,baseline,30,2.337298682511416
DS10,mc.lm,lm,baseline,31,2.3374131334609407
DS10,mc.lm,lm,baseline,32,2.335203657882116
DS10,mc.lm,lm,baseline,33,2.3243581364068957
DS10,mc.lm,lm,baseline,34,2.332543895943557
DS10,mc.lm,lm,baseline,35,2.341771474643701
DS10,mc.lm,lm,baseline,36,2.350390748237744
DS10,mc.lm,lm,baseline,37,2.336759097047927
DS10,mc.lm,lm,baseline,38,2.3341052605385832
DS10,mc.lm,lm,baseline,39,2.2919913752250314
DS10,mc.lm,lm,baseline,40,2.291184084090659
DS10,mc.lm,lm,baseline,41,2.2754087239993983
DS10,mc.lm,lm,baseline,42,2.2857618067407346
DS10,mc.lm,lm,baseline,43,2.2943751424620458
DS10,mc.lm,lm,baseline,44,2.317044170214019
DS10,mc.lm,lm,baseline,45,2.2904155441863057
DS10,mc.lm,lm,baseline,46,2.3006830031373924
DS10,mc.lm,lm,baseline,47,2.2856570813668844
DS10,mc.lm,lm,baseline,48,2.2873278097197542
DS10,mc.lm,lm,baseline,49,2.312313116862542
DS10,mc.lm,lm,baseline,50,2.314344731215785
DS10,mc.mars_OVERB,mars,OVERB,1,3.786915666087932
DS10,mc.mars_OVERB,mars,OVERB,2,3.7214650204639788
DS10,mc.mars_OVERB,mars,OVERB,3,3.973512000874815
DS10,mc.mars_OVERB,mars,OVERB,4,4.073531743399642
DS10,mc.mars_OVERB,mars,OVERB,5,3.6730849631829763
DS10,mc.mars_OVERB,mars,OVERB,6,4.189581464221418
DS10,mc.mars_OVERB,mars,OVERB,7,3.4785602357474117
DS10,mc.mars_OVERB,mars,OVERB,8,3.62721541476945
DS10,mc.mars_OVERB,mars,OVERB,9,3.908952730457648
DS10,mc.mars_OVERB,mars,OVERB,10,3.4798842129288436
DS10,mc.mars_OVERB,mars,OVERB,11,3.907259093621272
DS10,mc.mars_OVERB,mars,OVERB,12,3.9218968025282717
DS10,mc.mars_OVERB,mars,OVERB,13,3.4553660907045787
DS10,mc.mars_OVERB,mars,OVERB,14,3.82208360355432
DS10,mc.mars_OVERB,mars,OVERB,15,3.927958087546537
DS10,mc.mars_OVERB,mars,OVERB,16,3.521911558674933
DS10,mc.mars_OVERB,mars,OVERB,17,3.3916228692796277
DS10,mc.mars_OVERB,mars,OVERB,18,3.7088583899690533
DS10,mc.mars_OVERB,mars,OVERB,19,3.706775373784405
DS10,mc.mars_OVERB,mars,OVERB,20,3.7578613662792892
DS10,mc.mars_OVERB,mars,OVERB,21,3.5717120739138837
DS10,mc.mars_OVERB,mars,OVERB,22,3.5645622375838286
DS10,mc.mars_OVERB,mars,OVERB,23,3.4576190264335596
DS10,mc.mars_OVERB,mars,OVERB,24,3.4665641611244586
DS10,mc.mars_OVERB,mars,OVERB,25,3.476478225897168
DS10,mc.mars_OVERB,mars,OVERB,26,3.4394140894626246
DS10,mc.mars_OVERB,mars,OVERB,27,3.4665612860297963
DS10,mc.mars_OVERB,mars,OVERB,28,3.5991866340153114
DS10,mc.mars_OVERB,mars,OVERB,29,3.5696826720236223
DS10,mc.mars_OVERB,mars,OVERB,30,3.4643801645381553
DS10,mc.mars_OVERB,mars,OVERB,31,3.517889129240565
DS10,mc.mars_OVERB,mars,OVERB,32,3.58973867823983
DS10,mc.mars_OVERB,mars,OVERB,33,3.584948143506594
DS10,mc.mars_OVERB,mars,OVERB,34,3.5683369524314466
DS10,mc.mars_OVERB,mars,OVERB,35,3.546747268250531
DS10,mc.mars_OVERB,mars,OVERB,36,3.67520018026992
DS10,mc.mars_OVERB,mars,OVERB,37,3.748776068936673
DS10,mc.mars_OVERB,mars,OVERB,38,3.5081790765656566
DS10,mc.mars_OVERB,mars,OVERB,39,3.6339934788339656
DS10,mc.mars_OVERB,mars,OVERB,40,3.3875258556868575
DS10,mc.mars_OVERB,mars,OVERB,41,3.3676468573781984
DS10,mc.mars_OVERB,mars,OVERB,42,3.403676433506727
DS10,mc.mars_OVERB,mars,OVERB,43,3.256166350235143
DS10,mc.mars_OVERB,mars,OVERB,44,3.360332673932989
DS10,mc.mars_OVERB,mars,OVERB,45,3.4536981271957528
DS10,mc.mars_OVERB,mars,OVERB,46,3.3452364268673334
DS10,mc.mars_OVERB,mars,OVERB,47,3.257420902359602
DS10,mc.mars_OVERB,mars,OVERB,48,3.2518117277877034
DS10,mc.mars_OVERB,mars,OVERB,49,3.0789631259202794
DS10,mc.mars_OVERB,mars,OVERB,50,3.329882798837497
DS10,mc.mars_OVERTPhi,mars,OVERTPhi,1,3.6229988436966862
DS10,mc.mars_OVERTPhi,mars,OVERTPhi,2,3.3044283772053205
DS10,mc.mars_OVERTPhi,mars,OVERTPhi,3,3.6125992552037873
DS10,mc.mars_OVERTPhi,mars,OVERTPhi,4,3.213770082136106
DS10,mc.mars_OVERTPhi,mars,OVERTPhi,5,3.544305438649049
DS10,mc.mars_OVERTPhi,mars,OVERTPhi,6,3.527308187992224
DS10,mc.mars_OVERTPhi,mars,OVERTPhi,7,3.5647415218639886
DS10,mc.mars_OVERTPhi,mars,OVERTPhi,8,3.423701824524952
DS10,mc.mars_OVERTPhi,mars,OVERTPhi,9,3.569238432857929
DS10,mc.mars_OVERTPhi,mars,OVERTPhi,10,3.192073921876204
DS10,mc.mars_OVERTPhi,mars,OVERTPhi,11,3.3389309922453214
DS10,mc.mars_OVERTPhi,mars,OVERTPhi,12,3.3485101143703324
DS10,mc.mars_OVERTPhi,mars,OVERTPhi,13,3.283684068164111
DS10,mc.mars_OVERTPhi,mars,OVERTPhi,14,3.306300921569343
DS10,mc.mars_OVERTPhi,mars,OVERTPhi,15,3.3050654701012783
DS10,mc.mars_OVERTPhi,mars,OVERTPhi,16,3.351017778710591
DS10,mc.mars_OVERTPhi,mars,OVERTPhi,17,3.3551053860392446
DS10,mc.mars_OVERTPhi,mars,OVERTPhi,18,3.211421567578335
DS10,mc.mars_OVERTPhi,mars,OVERTPhi,19,3.313304339226768
DS10,mc.mars_OVERTPhi,mars,OVERTPhi,20,3.5666532926477137
DS10,mc.mars_OVERTPhi,mars,OVERTPhi,21,3.1889058051059873
DS10,mc.mars_OVERTPhi,mars,OVERTPhi,22,3.159418982387641
DS10,mc.mars_OVERTPhi,mars,OVERTPhi,23,3.170638791400851
DS10,mc.mars_OVERTPhi,mars,OVERTPhi,24,3.17248730332558
DS10,mc.mars_OVERTPhi,mars,OVERTPhi,25,3.2084381690413233
DS10,mc.mars_OVERTPhi,mars,OVERTPhi,26,3.1511878488547627
DS10,mc.mars_OVERTPhi,mars,OVERTPhi,27,3.2966776500510715
DS10,mc.mars_OVERTPhi,mars,OVERTPhi,28,3.3254937792273673
DS10,mc.mars_OVERTPhi,mars,OVERTPhi,29,3.308935355245171
DS10,mc.mars_OVERTPhi,mars,OVERTPhi,30,3.136776329275424
DS10,mc.mars_OVERTPhi,mars,OVERTPhi,31,3.1537274813283998
DS10,mc.mars_OVERTPhi,mars,OVERTPhi,32,3.2674112010678353
DS10,mc.mars_OVERTPhi,mars,OVERTPhi,33,3.3415852204158387
DS10,mc.mars_OVERTPhi,mars,OVERTPhi,34,3.3381967525366263
DS10,mc.mars_OVERTPhi,mars,OVERTPhi,35,3.384886560730073
DS10,mc.mars_OVERTPhi,mars,OVERTPhi,36,3.3182164834634644
DS10,mc.mars_OVERTPhi,mars,OVERTPhi,37,3.266503330130563
DS10,mc.mars_OVERTPhi,mars,OVERTPhi,38,3.3401363721584105
DS10,mc.mars_OVERTPhi,mars,OVERTPhi,39,3.3045763562287322
DS10,mc.mars_OVERTPhi,mars,OVERTPhi,40,3.505876957808168
DS10,mc.mars_OVERTPhi,mars,OVERTPhi,41,2.9978838232506364
DS10,mc.mars_OVERTPhi,mars,OVERTPhi,42,3.259346479745255
DS10,mc.mars_OVERTPhi,mars,OVERTPhi,43,3.351945530493563
DS10,mc.mars_OVERTPhi,mars,OVERTPhi,44,3.497520255862573
DS10,mc.mars_OVERTPhi,mars,OVERTPhi,45,3.320430408388768
DS10,mc.mars_OVERTPhi,mars,OVERTPhi,46,3.151869855601427
DS10,mc.mars_OVERTPhi,mars,OVERTPhi,47,3.082539344061843
DS10,mc.mars_OVERTPhi,mars,OVERTPhi,48,3.023686005332202
DS10,mc.mars_OVERTPhi,mars,OVERTPhi,49,3.2132780046319978
DS10,mc.mars_OVERTPhi,mars,OVERTPhi,50,3.309613746937391
DS10,mc.mars_OVERT,mars,OVERT,1,3.6229988436966862
DS10,mc.mars_OVERT,mars,OVERT,2,3.3044283772053205
DS10,mc.mars_OVERT,mars,OVERT,3,3.6125992552037873
DS10,mc.mars_OVERT,mars,OVERT,4,3.213770082136106
DS10,mc.mars_OVERT,mars,OVERT,5,3.544305438649049
DS10,mc.mars_OVERT,mars,OVERT,6,3.527308187992224
DS10,mc.mars_OVERT,mars,OVERT,7,3.5647415218639886
DS10,mc.mars_OVERT,mars,OVERT,8,3.423701824524952
DS10,mc.mars_OVERT,mars,OVERT,9,3.569238432857929
DS10,mc.mars_OVERT,mars,OVERT,10,3.192073921876204
DS10,mc.mars_OVERT,mars,OVERT,11,3.3389309922453214
DS10,mc.mars_OVERT,mars,OVERT,12,3.3485101143703324
DS10,mc.mars_OVERT,mars,OVERT,13,3.283684068164111
DS10,mc.mars_OVERT,mars,OVERT,14,3.306300921569343
DS10,mc.mars_OVERT,mars,OVERT,15,3.3050654701012783
DS10,mc.mars_OVERT,mars,OVERT,16,3.351017778710591
DS10,mc.mars_OVERT,mars,OVERT,17,3.3551053860392446
DS10,mc.mars_OVERT,mars,OVERT,18,3.211421567578335
DS10,mc.mars_OVERT,mars,OVERT,19,3.313304339226768
DS10,mc.mars_OVERT,mars,OVERT,20,3.5666532926477137
DS10,mc.mars_OVERT,mars,OVERT,21,3.1889058051059873
DS10,mc.mars_OVERT,mars,OVERT,22,3.159418982387641
DS10,mc.mars_OVERT,mars,OVERT,23,3.170638791400851
DS10,mc.mars_OVERT,mars,OVERT,24,3.17248730332558
DS10,mc.mars_OVERT,mars,OVERT,25,3.2084381690413233
DS10,mc.mars_OVERT,mars,OVERT,26,3.1511878488547627
DS10,mc.mars_OVERT,mars,OVERT,27,3.2966776500510715
DS10,mc.mars_OVERT,mars,OVERT,28,3.3254937792273673
DS10,mc.mars_OVERT,mars,OVERT,29,3.308935355245171
DS10,mc.mars_OVERT,mars,OVERT,30,3.136776329275424
DS10,mc.mars_OVERT,mars,OVERT,31,3.1537274813283998
DS10,mc.mars_OVERT,mars,OVERT,32,3.2674112010678353
DS10,mc.mars_OVERT,mars,OVERT,33,3.3415852204158387
DS10,mc.mars_OVERT,mars,OVERT,34,3.3381967525366263
DS10,mc.mars_OVERT,mars,OVERT,35,3.384886560730073
DS10,mc.mars_OVERT,mars,OVERT,36,3.3182164834634644
DS10,mc.mars_OVERT,mars,OVERT,37,3.266503330130563
DS10,mc.mars_OVERT,mars,OVERT,38,3.3401363721584105
DS10,mc.mars_OVERT,mars,OVERT,39,3.3045763562287322
DS10,mc.mars_OVERT,mars,OVERT,40,3.505876957808168
DS10,mc.mars_OVERT,mars,OVERT,41,2.9978838232506364
DS10,mc.mars_OVERT,mars,OVERT,42,3.259346479745255
DS10,mc.mars_OVERT,mars,OVERT,43,3.351945530493563
DS10,mc.mars_OVERT,mars,OVERT,44,3.497520255862573
DS10,mc.mars_OVERT,mars,OVERT,45,3.320430408388768
DS10,mc.mars_OVERT,mars,OVERT,46,3.151869855601427
DS10,mc.mars_OVERT,mars,OVERT,47,3.082539344061843
DS10,mc.mars_OVERT,mars,OVERT,48,3.023686005332202
DS10,mc.mars_OVERT,mars,OVERT,49,3.2132780046319978
DS10,mc.mars_OVERT,mars,OVERT,50,3.309613746937391
DS10,mc.mars_SMOTEB,mars,SMOTEB,1,3.8811669742826225
DS10,mc.mars_SMOTEB,mars,SMOTEB,2,3.5821515690292127
DS10,mc.mars_SMOTEB,mars,SMOTEB,3,4.13225133992735
DS10,mc.mars_SMOTEB,mars,SMOTEB,4,3.6585825542984094
DS10,mc.mars_SMOTEB,mars,SMOTEB,5,3.6858169668420864
DS10,mc.mars_SMOTEB,mars,SMOTEB,6,3.7557091795924125
DS10,mc.mars_SMOTEB,mars,SMOTEB,7,3.7832938861425953
DS10,mc.mars_SMOTEB,mars,SMOTEB,8,3.679135128688207
DS10,mc.mars_SMOTEB,mars,SMOTEB,9,3.9244826331682994
DS10,mc.mars_SMOTEB,mars,SMOTEB,10,3.902743056536786
DS10,mc.mars_SMOTEB,mars,SMOTEB,11,3.611643584780599
DS10,mc.mars_SMOTEB,mars,SMOTEB,12,3.379446314853033
DS10,mc.mars_SMOTEB,mars,SMOTEB,13,3.7996152836906867
DS10,mc.mars_SMOTEB,mars,SMOTEB,14,3.9811652557855854
DS10,mc.mars_SMOTEB,mars,SMOTEB,15,4.050552507521637
DS10,mc.mars_SMOTEB,mars,SMOTEB,16,3.565639147156458
DS10,mc.mars_SMOTEB,mars,SMOTEB,17,3.6323172151230825
DS10,mc.mars_SMOTEB,mars,SMOTEB,18,3.3844391163454377
DS10,mc.mars_SMOTEB,mars,SMOTEB,19,3.5574815329140703
DS10,mc.mars_SMOTEB,mars,SMOTEB,20,3.4003123820616885
DS10,mc.mars_SMOTEB,mars,SMOTEB,21,3.594900649984889
DS10,mc.mars_SMOTEB,mars,SMOTEB,22,3.8659862975639356
DS10,mc.mars_SMOTEB,mars,SMOTEB,23,3.5957575501433925
DS10,mc.mars_SMOTEB,mars,SMOTEB,24,3.766279817963296
DS10,mc.mars_SMOTEB,mars,SMOTEB,25,3.9966372589737214
DS10,mc.mars_SMOTEB,mars,SMOTEB,26,3.621928526079141
DS10,mc.mars_SMOTEB,mars,SMOTEB,27,3.568820396433747
DS10,mc.mars_SMOTEB,mars,SMOTEB,28,3.8054866039371933
DS10,mc.mars_SMOTEB,mars,SMOTEB,29,3.8869709583466343
DS10,mc.mars_SMOTEB,mars,SMOTEB,30,3.485453488222621
DS10,mc.mars_SMOTEB,mars,SMOTEB,31,3.7854139169226704
DS10,mc.mars_SMOTEB,mars,SMOTEB,32,3.6229486487571116
DS10,mc.mars_SMOTEB,mars,SMOTEB,33,3.624564551953685
DS10,mc.mars_SMOTEB,mars,SMOTEB,34,3.5285972190734456
DS10,mc.mars_SMOTEB,mars,SMOTEB,35,3.8713168644990916
DS10,mc.mars_SMOTEB,mars,SMOTEB,36,3.7330256509389255
DS10,mc.mars_SMOTEB,mars,SMOTEB,37,3.815096559707107
DS10,mc.mars_SMOTEB,mars,SMOTEB,38,3.4649888187399336
DS10,mc.mars_SMOTEB,mars,SMOTEB,39,3.4340532160295747
DS10,mc.mars_SMOTEB,mars,SMOTEB,40,3.397113497590938
DS10,mc.mars_SMOTEB,mars,SMOTEB,41,3.1663381842782594
DS10,mc.mars_SMOTEB,mars,SMOTEB,42,3.4024490114389563
DS10,mc.mars_SMOTEB,mars,SMOTEB,43,3.4555225725065535
DS10,mc.mars_SMOTEB,mars,SMOTEB,44,3.6393022388574123
DS10,mc.mars_SMOTEB,mars,SMOTEB,45,3.75738390262099
DS10,mc.mars_SMOTEB,mars,SMOTEB,46,3.543335869206408
DS10,mc.mars_SMOTEB,mars,SMOTEB,47,3.5119347818601017
DS10,mc.mars_SMOTEB,mars,SMOTEB,48,3.299321884548826
DS10,mc.mars_SMOTEB,mars,SMOTEB,49,3.5923939485148435
DS10,mc.mars_SMOTEB,mars,SMOTEB,50,3.4678858782213866
DS10,mc.mars_SMOTETPhi,mars,SMOTETPhi,1,4.737233450977513
DS10,mc.mars_SMOTETPhi,mars,SMOTETPhi,2,4.736349035286274
DS10,mc.mars_SMOTETPhi,mars,SMOTETPhi,3,4.887325297269299
DS10,mc.mars_SMOTETPhi,mars,SMOTETPhi,4,6.1569232076625875
DS10,mc.mars_SMOTETPhi,mars,SMOTETPhi,5,4.919406172240796
DS10,mc.mars_SMOTETPhi,mars,SMOTETPhi,6,7.348958694007021
DS10,mc.mars_SMOTETPhi,mars,SMOTETPhi,7,4.623632197427605
DS10,mc.mars_SMOTETPhi,mars,SMOTETPhi,8,4.908775382001204
DS10,mc.mars_SMOTETPhi,mars,SMOTETPhi,9,6.739827092969864
DS10,mc.mars_SMOTETPhi,mars,SMOTETPhi,10,4.688397622109421
DS10,mc.mars_SMOTETPhi,mars,SMOTETPhi,11,5.037902239524635
DS10,mc.mars_SMOTETPhi,mars,SMOTETPhi,12,4.884007575223741
DS10,mc.mars_SMOTETPhi,mars,SMOTETPhi,13,4.877075533637558
DS10,mc.mars_SMOTETPhi,mars,SMOTETPhi,14,5.035276917750912
DS10,mc.mars_SMOTETPhi,mars,SMOTETPhi,15,4.964458865839892
DS10,mc.mars_SMOTETPhi,mars,SMOTETPhi,16,5.725050056344095
DS10,mc.mars_SMOTETPhi,mars,SMOTETPhi,17,5.01417064870827
DS10,mc.mars_SMOTETPhi,mars,SMOTETPhi,18,4.94652466331673
DS10,mc.mars_SMOTETPhi,mars,SMOTETPhi,19,4.839850718119055
DS10,mc.mars_SMOTETPhi,mars,SMOTETPhi,20,4.998873033041635
DS10,mc.mars_SMOTETPhi,mars,SMOTETPhi,21,4.896860421253153
DS10,mc.mars_SMOTETPhi,mars,SMOTETPhi,22,4.587847501745086
DS10,mc.mars_SMOTETPhi,mars,SMOTETPhi,23,4.83650822487995
DS10,mc.mars_SMOTETPhi,mars,SMOTETPhi,24,4.577142488058133
DS10,mc.mars_SMOTETPhi,mars,SMOTETPhi,25,4.84286666646912
DS10,mc.mars_SMOTETPhi,mars,SMOTETPhi,26,4.84394819004975
DS10,mc.mars_SMOTETPhi,mars,SMOTETPhi,27,4.673986156158907
DS10,mc.mars_SMOTETPhi,mars,SMOTETPhi,28,4.626178574826233
DS10,mc.mars_SMOTETPhi,mars,SMOTETPhi,29,4.518237755209678
DS10,mc.mars_SMOTETPhi,mars,SMOTETPhi,30,4.620900064375343
DS10,mc.mars_SMOTETPhi,mars,SMOTETPhi,31,4.49486181960014
DS10,mc.mars_SMOTETPhi,mars,SMOTETPhi,32,4.811786469123043
DS10,mc.mars_SMOTETPhi,mars,SMOTETPhi,33,4.419844096029065
DS10,mc.mars_SMOTETPhi,mars,SMOTETPhi,34,4.489143955872503
DS10,mc.mars_SMOTETPhi,mars,SMOTETPhi,35,4.46931430858871
DS10,mc.mars_SMOTETPhi,mars,SMOTETPhi,36,4.665170315213893
DS10,mc.mars_SMOTETPhi,mars,SMOTETPhi,37,4.517925126342484
DS10,mc.mars_SMOTETPhi,mars,SMOTETPhi,38,4.7071465003321125
DS10,mc.mars_SMOTETPhi,mars,SMOTETPhi,39,4.609875209356885
DS10,mc.mars_SMOTETPhi,mars,SMOTETPhi,40,4.468665564911236
DS10,mc.mars_SMOTETPhi,mars,SMOTETPhi,41,5.907598079555075
DS10,mc.mars_SMOTETPhi,mars,SMOTETPhi,42,4.500796069037172
DS10,mc.mars_SMOTETPhi,mars,SMOTETPhi,43,4.492111981427002
DS10,mc.mars_SMOTETPhi,mars,SMOTETPhi,44,4.390293943682013
DS10,mc.mars_SMOTETPhi,mars,SMOTETPhi,45,4.42628170197925
DS10,mc.mars_SMOTETPhi,mars,SMOTETPhi,46,4.673320544341156
DS10,mc.mars_SMOTETPhi,mars,SMOTETPhi,47,4.22173857915986
DS10,mc.mars_SMOTETPhi,mars,SMOTETPhi,48,4.3913676344511
DS10,mc.mars_SMOTETPhi,mars,SMOTETPhi,49,4.385313371390235
DS10,mc.mars_SMOTETPhi,mars,SMOTETPhi,50,4.300636182841217
DS10,mc.mars_SMOTET,mars,SMOTET,1,3.7652610264869177
DS10,mc.mars_SMOTET,mars,SMOTET,2,4.072221160094505
DS10,mc.mars_SMOTET,mars,SMOTET,3,3.8381838023346746
DS10,mc.mars_SMOTET,mars,SMOTET,4,3.6707166027332727
DS10,mc.mars_SMOTET,mars,SMOTET,5,3.7876263578261837
DS10,mc.mars_SMOTET,mars,SMOTET,6,3.7989867114589715
DS10,mc.mars_SMOTET,mars,SMOTET,7,3.7020523515795096
DS10,mc.mars_SMOTET,mars,SMOTET,8,3.800925574597347
DS10,mc.mars_SMOTET,mars,SMOTET,9,3.6123114730183326
DS10,mc.mars_SMOTET,mars,SMOTET,10,4.287265887333031
DS10,mc.mars_SMOTET,mars,SMOTET,11,3.8802633367010606
DS10,mc.mars_SMOTET,mars,SMOTET,12,3.7870281736034612
DS10,mc.mars_SMOTET,mars,SMOTET,13,3.9879927735708667
DS10,mc.mars_SMOTET,mars,SMOTET,14,3.845750134114338
DS10,mc.mars_SMOTET,mars,SMOTET,15,3.728992378630154
DS10,mc.mars_SMOTET,mars,SMOTET,16,3.73257534153609
DS10,mc.mars_SMOTET,mars,SMOTET,17,3.845231076109356
DS10,mc.mars_SMOTET,mars,SMOTET,18,4.019013515371444
DS10,mc.mars_SMOTET,mars,SMOTET,19,3.6807279649221183
DS10,mc.mars_SMOTET,mars,SMOTET,20,3.6752409253566607
DS10,mc.mars_SMOTET,mars,SMOTET,21,3.7785386578644
DS10,mc.mars_SMOTET,mars,SMOTET,22,3.620128833140166
DS10,mc.mars_SMOTET,mars,SMOTET,23,4.822598184382956
DS10,mc.mars_SMOTET,mars,SMOTET,24,3.453365914075435
DS10,mc.mars_SMOTET,mars,SMOTET,25,3.9881652972397745
DS10,mc.mars_SMOTET,mars,SMOTET,26,4.208712842933651
DS10,mc.mars_SMOTET,mars,SMOTET,27,3.7678215165684863
DS10,mc.mars_SMOTET,mars,SMOTET,28,3.8256323802052354
DS10,mc.mars_SMOTET,mars,SMOTET,29,3.5909720285710636
DS10,mc.mars_SMOTET,mars,SMOTET,30,3.7033184634996528
DS10,mc.mars_SMOTET,mars,SMOTET,31,3.679888851269001
DS10,mc.mars_SMOTET,mars,SMOTET,32,3.5601515342787846
DS10,mc.mars_SMOTET,mars,SMOTET,33,3.9380292341887384
DS10,mc.mars_SMOTET,mars,SMOTET,34,3.830831852031596
DS10,mc.mars_SMOTET,mars,SMOTET,35,3.8192037031877124
DS10,mc.mars_SMOTET,mars,SMOTET,36,5.3000871338297415
DS10,mc.mars_SMOTET,mars,SMOTET,37,3.7642252818925916
DS10,mc.mars_SMOTET,mars,SMOTET,38,3.7443568713505515
DS10,mc.mars_SMOTET,mars,SMOTET,39,3.725210214014007
DS10,mc.mars_SMOTET,mars,SMOTET,40,3.5752672309807387
DS10,mc.mars_SMOTET,mars,SMOTET,41,3.34681005084179
DS10,mc.mars_SMOTET,mars,SMOTET,42,4.057847536394079
DS10,mc.mars_SMOTET,mars,SMOTET,43,3.4832978683988243
DS10,mc.mars_SMOTET,mars,SMOTET,44,3.7546021175649833
DS10,mc.mars_SMOTET,mars,SMOTET,45,3.5318032827838515
DS10,mc.mars_SMOTET,mars,SMOTET,46,3.704803193500716
DS10,mc.mars_SMOTET,mars,SMOTET,47,3.5564586435231442
DS10,mc.mars_SMOTET,mars,SMOTET,48,3.7017476767630795
DS10,mc.mars_SMOTET,mars,SMOTET,49,3.408571814251561
DS10,mc.mars_SMOTET,mars,SMOTET,50,3.6108023495130848
DS10,mc.mars_UNDERB,mars,UNDERB,1,7.465950361850031
DS10,mc.mars_UNDERB,mars,UNDERB,2,4.069922263123104
DS10,mc.mars_UNDERB,mars,UNDERB,3,4.079199347916915
DS10,mc.mars_UNDERB,mars,UNDERB,4,3.8123662131368645
DS10,mc.mars_UNDERB,mars,UNDERB,5,5.1951815870679
DS10,mc.mars_UNDERB,mars,UNDERB,6,4.758978077987535
DS10,mc.mars_UNDERB,mars,UNDERB,7,5.2514337661517345
DS10,mc.mars_UNDERB,mars,UNDERB,8,4.687027248364872
DS10,mc.mars_UNDERB,mars,UNDERB,9,5.225926996731291
DS10,mc.mars_UNDERB,mars,UNDERB,10,4.08880895485468
DS10,mc.mars_UNDERB,mars,UNDERB,11,4.271432557633303
DS10,mc.mars_UNDERB,mars,UNDERB,12,4.190959217654944
DS10,mc.mars_UNDERB,mars,UNDERB,13,4.272423633132522
DS10,mc.mars_UNDERB,mars,UNDERB,14,4.238991971835326
DS10,mc.mars_UNDERB,mars,UNDERB,15,4.412015764279959
DS10,mc.mars_UNDERB,mars,UNDERB,16,5.350442032910046
DS10,mc.mars_UNDERB,mars,UNDERB,17,4.911475574924919
DS10,mc.mars_UNDERB,mars,UNDERB,18,4.421555877611931
DS10,mc.mars_UNDERB,mars,UNDERB,19,3.633969683872408
DS10,mc.mars_UNDERB,mars,UNDERB,20,4.796714840569341
DS10,mc.mars_UNDERB,mars,UNDERB,21,5.727456097013433
DS10,mc.mars_UNDERB,mars,UNDERB,22,3.5108346546884
DS10,mc.mars_UNDERB,mars,UNDERB,23,5.76684600142838
DS10,mc.mars_UNDERB,mars,UNDERB,24,5.562103798785573
DS10,mc.mars_UNDERB,mars,UNDERB,25,5.416535752639011
DS10,mc.mars_UNDERB,mars,UNDERB,26,4.562401446848615
DS10,mc.mars_UNDERB,mars,UNDERB,27,5.001948734496498
DS10,mc.mars_UNDERB,mars,UNDERB,28,3.698844308862445
DS10,mc.mars_UNDERB,mars,UNDERB,29,3.8067381365346153
DS10,mc.mars_UNDERB,mars,UNDERB,30,3.6548626240018836
DS10,mc.mars_UNDERB,mars,UNDERB,31,3.678219941834302
DS10,mc.mars_UNDERB,mars,UNDERB,32,4.549544933070406
DS10,mc.mars_UNDERB,mars,UNDERB,33,5.641598361787724
DS10,mc.mars_UNDERB,mars,UNDERB,34,3.8894876368823015
DS10,mc.mars_UNDERB,mars,UNDERB,35,3.948697489410643
DS10,mc.mars_UNDERB,mars,UNDERB,36,4.437849703852239
DS10,mc.mars_UNDERB,mars,UNDERB,37,7.1931228104780205
DS10,mc.mars_UNDERB,mars,UNDERB,38,3.867971331089549
DS10,mc.mars_UNDERB,mars,UNDERB,39,4.848518433095157
DS10,mc.mars_UNDERB,mars,UNDERB,40,3.841647906735656
DS10,mc.mars_UNDERB,mars,UNDERB,41,3.892942553523228
DS10,mc.mars_UNDERB,mars,UNDERB,42,4.60863119739078
DS10,mc.mars_UNDERB,mars,UNDERB,43,4.847056583871675
DS10,mc.mars_UNDERB,mars,UNDERB,44,4.9602306415912345
DS10,mc.mars_UNDERB,mars,UNDERB,45,4.063827478029666
DS10,mc.mars_UNDERB,mars,UNDERB,46,3.5272139428847624
DS10,mc.mars_UNDERB,mars,UNDERB,47,4.338915158806351
DS10,mc.mars_UNDERB,mars,UNDERB,48,4.78604783258721
DS10,mc.mars_UNDERB,mars,UNDERB,49,3.5358707939442784
DS10,mc.mars_UNDERB,mars,UNDERB,50,4.830679053212049
DS10,mc.mars_UNDERTPhi,mars,UNDERTPhi,1,4.834414876666783
DS10,mc.mars_UNDERTPhi,mars,UNDERTPhi,2,5.07413262959176
DS10,mc.mars_UNDERTPhi,mars,UNDERTPhi,3,5.458557796506319
DS10,mc.mars_UNDERTPhi,mars,UNDERTPhi,4,5.851551038302888
DS10,mc.mars_UNDERTPhi,mars,UNDERTPhi,5,6.678612683709896
DS10,mc.mars_UNDERTPhi,mars,UNDERTPhi,6,5.0058318099201475
DS10,mc.mars_UNDERTPhi,mars,UNDERTPhi,7,5.431773479736428
DS10,mc.mars_UNDERTPhi,mars,UNDERTPhi,8,4.950874455981764
DS10,mc.mars_UNDERTPhi,mars,UNDERTPhi,9,4.922071147351443
DS10,mc.mars_UNDERTPhi,mars,UNDERTPhi,10,5.143896895448118
DS10,mc.mars_UNDERTPhi,mars,UNDERTPhi,11,5.713905265105048
DS10,mc.mars_UNDERTPhi,mars,UNDERTPhi,12,5.527387970523267
DS10,mc.mars_UNDERTPhi,mars,UNDERTPhi,13,5.0798221928259295
DS10,mc.mars_UNDERTPhi,mars,UNDERTPhi,14,5.412037069938272
DS10,mc.mars_UNDERTPhi,mars,UNDERTPhi,15,5.096552090400019
DS10,mc.mars_UNDERTPhi,mars,UNDERTPhi,16,4.890355060005862
DS10,mc.mars_UNDERTPhi,mars,UNDERTPhi,17,5.883783535257462
DS10,mc.mars_UNDERTPhi,mars,UNDERTPhi,18,5.144645230142736
DS10,mc.mars_UNDERTPhi,mars,UNDERTPhi,19,5.679382770835153
DS10,mc.mars_UNDERTPhi,mars,UNDERTPhi,20,5.129186696237378
DS10,mc.mars_UNDERTPhi,mars,UNDERTPhi,21,5.402183676686523
DS10,mc.mars_UNDERTPhi,mars,UNDERTPhi,22,5.2820572532274355
DS10,mc.mars_UNDERTPhi,mars,UNDERTPhi,23,5.3342063456360655
DS10,mc.mars_UNDERTPhi,mars,UNDERTPhi,24,5.186737297027858
DS10,mc.mars_UNDERTPhi,mars,UNDERTPhi,25,4.988132242231501
DS10,mc.mars_UNDERTPhi,mars,UNDERTPhi,26,5.1736608927974785
DS10,mc.mars_UNDERTPhi,mars,UNDERTPhi,27,4.876887610044345
DS10,mc.mars_UNDERTPhi,mars,UNDERTPhi,28,4.811882740122686
DS10,mc.mars_UNDERTPhi,mars,UNDERTPhi,29,5.079222783614536
DS10,mc.mars_UNDERTPhi,mars,UNDERTPhi,30,5.0286190910913895
DS10,mc.mars_UNDERTPhi,mars,UNDERTPhi,31,5.198996377169383
DS10,mc.mars_UNDERTPhi,mars,UNDERTPhi,32,5.285444262072436
DS10,mc.mars_UNDERTPhi,mars,UNDERTPhi,33,5.275374505438949
DS10,mc.mars_UNDERTPhi,mars,UNDERTPhi,34,4.774096132674675
DS10,mc.mars_UNDERTPhi,mars,UNDERTPhi,35,4.705515170018511
DS10,mc.mars_UNDERTPhi,mars,UNDERTPhi,36,5.310353650019989
DS10,mc.mars_UNDERTPhi,mars,UNDERTPhi,37,5.478865584618928
DS10,mc.mars_UNDERTPhi,mars,UNDERTPhi,38,4.939448719022995
DS10,mc.mars_UNDERTPhi,mars,UNDERTPhi,39,4.918964793223688
DS10,mc.mars_UNDERTPhi,mars,UNDERTPhi,40,5.065093235379702
DS10,mc.mars_UNDERTPhi,mars,UNDERTPhi,41,5.0722102763969765
DS10,mc.mars_UNDERTPhi,mars,UNDERTPhi,42,4.895516765428951
DS10,mc.mars_UNDERTPhi,mars,UNDERTPhi,43,5.315700809462701
DS10,mc.mars_UNDERTPhi,mars,UNDERTPhi,44,4.834805461802732
DS10,mc.mars_UNDERTPhi,mars,UNDERTPhi,45,4.791424262767165
DS10,mc.mars_UNDERTPhi,mars,UNDERTPhi,46,4.867463420488192
DS10,mc.mars_UNDERTPhi,mars,UNDERTPhi,47,5.273434036082669
DS10,mc.mars_UNDERTPhi,mars,UNDERTPhi,48,4.809874776345096
DS10,mc.mars_UNDERTPhi,mars,UNDERTPhi,49,4.776647842667365
DS10,mc.mars_UNDERTPhi,mars,UNDERTPhi,50,4.872330077408156
DS10,mc.mars_UNDERT,mars,UNDERT,1,3.7494197117922026
DS10,mc.mars_UNDERT,mars,UNDERT,2,4.240903316965396
DS10,mc.mars_UNDERT,mars,UNDERT,3,4.752758003051206
DS10,mc.mars_UNDERT,mars,UNDERT,4,3.9218921489318093
DS10,mc.mars_UNDERT,mars,UNDERT,5,4.336196713409769
DS10,mc.mars_UNDERT,mars,UNDERT,6,4.905597202464678
DS10,mc.mars_UNDERT,mars,UNDERT,7,3.696694205162857
DS10,mc.mars_UNDERT,mars,UNDERT,8,4.650489402419615
DS10,mc.mars_UNDERT,mars,UNDERT,9,4.852916457751219
DS10,mc.mars_UNDERT,mars,UNDERT,10,4.2629240299660545
DS10,mc.mars_UNDERT,mars,UNDERT,11,4.7404903652538675
DS10,mc.mars_UNDERT,mars,UNDERT,12,4.8400487392522
DS10,mc.mars_UNDERT,mars,UNDERT,13,4.502922250073074
DS10,mc.mars_UNDERT,mars,UNDERT,14,3.517074629413032
DS10,mc.mars_UNDERT,mars,UNDERT,15,5.699026764301158
DS10,mc.mars_UNDERT,mars,UNDERT,16,4.7094877516686955
DS10,mc.mars_UNDERT,mars,UNDERT,17,3.815561663165552
DS10,mc.mars_UNDERT,mars,UNDERT,18,5.533401009796303
DS10,mc.mars_UNDERT,mars,UNDERT,19,3.7586313949575367
DS10,mc.mars_UNDERT,mars,UNDERT,20,5.800048953739722
DS10,mc.mars_UNDERT,mars,UNDERT,21,3.962566581595732
DS10,mc.mars_UNDERT,mars,UNDERT,22,5.059733509247738
DS10,mc.mars_UNDERT,mars,UNDERT,23,5.3194447544861045
DS10,mc.mars_UNDERT,mars,UNDERT,24,4.195022940027523
DS10,mc.mars_UNDERT,mars,UNDERT,25,4.068140415210856
DS10,mc.mars_UNDERT,mars,UNDERT,26,4.04793174401575
DS10,mc.mars_UNDERT,mars,UNDERT,27,4.49196350149077
DS10,mc.mars_UNDERT,mars,UNDERT,28,4.317287913249823
DS10,mc.mars_UNDERT,mars,UNDERT,29,4.1045496788396605
DS10,mc.mars_UNDERT,mars,UNDERT,30,4.4826192022645
DS10,mc.mars_UNDERT,mars,UNDERT,31,3.846081490713555
DS10,mc.mars_UNDERT,mars,UNDERT,32,6.3082217140263115
DS10,mc.mars_UNDERT,mars,UNDERT,33,5.355893887368134
DS10,mc.mars_UNDERT,mars,UNDERT,34,5.911806131552756
DS10,mc.mars_UNDERT,mars,UNDERT,35,4.479632644846382
DS10,mc.mars_UNDERT,mars,UNDERT,36,3.839638466594174
DS10,mc.mars_UNDERT,mars,UNDERT,37,3.6257567439503062
DS10,mc.mars_UNDERT,mars,UNDERT,38,4.4534078175206435
DS10,mc.mars_UNDERT,mars,UNDERT,39,4.135396875408616
DS10,mc.mars_UNDERT,mars,UNDERT,40,4.042501716091975
DS10,mc.mars_UNDERT,mars,UNDERT,41,4.0646718784405165
DS10,mc.mars_UNDERT,mars,UNDERT,42,6.212642465619055
DS10,mc.mars_UNDERT,mars,UNDERT,43,4.395374942723267
DS10,mc.mars_UNDERT,mars,UNDERT,44,3.842545790753467
DS10,mc.mars_UNDERT,mars,UNDERT,45,3.885572228616209
DS10,mc.mars_UNDERT,mars,UNDERT,46,4.3311466880511205
DS10,mc.mars_UNDERT,mars,UNDERT,47,4.523643008802963
DS10,mc.mars_UNDERT,mars,UNDERT,48,3.9089002345852304
DS10,mc.mars_UNDERT,mars,UNDERT,49,3.4592304175823703
DS10,mc.mars_UNDERT,mars,UNDERT,50,3.6933003202284604
DS10,mc.mars,mars,baseline,1,2.3462219601640886
DS10,mc.mars,mars,baseline,2,2.2933067560214764
DS10,mc.mars,mars,baseline,3,2.3089466941673935
DS10,mc.mars,mars,baseline,4,2.303507722184815
DS10,mc.mars,mars,baseline,5,2.3008547534921076
DS10,mc.mars,mars,baseline,6,2.3523115511098447
DS10,mc.mars,mars,baseline,7,2.3807318562581616
DS10,mc.mars,mars,baseline,8,2.399904648923605
DS10,mc.mars,mars,baseline,9,2.364757892606884
DS10,mc.mars,mars,baseline,10,2.3354667776468316
DS10,mc.mars,mars,baseline,11,2.3473937318549534
DS10,mc.mars,mars,baseline,12,2.354899348531922
DS10,mc.mars,mars,baseline,13,2.367391195137678
DS10,mc.mars,mars,baseline,14,2.3391381391483534
DS10,mc.mars,mars,baseline,15,2.3742114978503275
DS10,mc.mars,mars,baseline,16,2.3535555237600527
DS10,mc.mars,mars,baseline,17,2.425996157471839
DS10,mc.mars,mars,baseline,18,2.4262759723609815
DS10,mc.mars,mars,baseline,19,2.3685935672642917
DS10,mc.mars,mars,baseline,20,2.3632242191233406
DS10,mc.mars,mars,baseline,21,2.35630017685797
DS10,mc.mars,mars,baseline,22,2.3371732046255005
DS10,mc.mars,mars,baseline,23,2.3322849431084562
DS10,mc.mars,mars,baseline,24,2.3564088595976953
DS10,mc.mars,mars,baseline,25,2.382329608837327
DS10,mc.mars,mars,baseline,26,2.397725088918624
DS10,mc.mars,mars,baseline,27,2.4261159276429454
DS10,mc.mars,mars,baseline,28,2.4334826721301432
DS10,mc.mars,mars,baseline,29,2.4364846440066152
DS10,mc.mars,mars,baseline,30,2.4341971166897123
DS10,mc.mars,mars,baseline,31,2.435431690908378
DS10,mc.mars,mars,baseline,32,2.466800052416102
DS10,mc.mars,mars,baseline,33,2.4233272395532235
DS10,mc.mars,mars,baseline,34,2.463879671338535
DS10,mc.mars,mars,baseline,35,2.476060428022681
DS10,mc.mars,mars,baseline,36,2.4794370121420943
DS10,mc.mars,mars,baseline,37,2.438479752953202
DS10,mc.mars,mars,baseline,38,2.4331365087354353
DS10,mc.mars,mars,baseline,39,2.3930943421912545
DS10,mc.mars,mars,baseline,40,2.3930958067418175
DS10,mc.mars,mars,baseline,41,2.3458615366411144
DS10,mc.mars,mars,baseline,42,2.3578408707827845
DS10,mc.mars,mars,baseline,43,2.3576079584600587
DS10,mc.mars,mars,baseline,44,2.45481864537059
DS10,mc.mars,mars,baseline,45,2.3746514137366286
DS10,mc.mars,mars,baseline,46,2.357319717411039
DS10,mc.mars,mars,baseline,47,2.3180727443203604
DS10,mc.mars,mars,baseline,48,2.329074985564658
DS10,mc.mars,mars,baseline,49,2.374583438672155
DS10,mc.mars,mars,baseline,50,2.3443766822058154
DS10,mc.rf_OVERB,rf,OVERB,1,2.411838754772225
DS10,mc.rf_OVERB,rf,OVERB,2,2.40420123439241
DS10,mc.rf_OVERB,rf,OVERB,3,2.42954609313558
DS10,mc.rf_OVERB,rf,OVERB,4,2.4318455408050985
DS10,mc.rf_OVERB,rf,OVERB,5,2.4352250969211595
DS10,mc.rf_OVERB,rf,OVERB,6,2.481436344661486
DS10,mc.rf_OVERB,rf,OVERB,7,2.4517156024029734
DS10,mc.rf_OVERB,rf,OVERB,8,2.4518677088124066
DS10,mc.rf_OVERB,rf,OVERB,9,2.428163376747897
DS10,mc.rf_OVERB,rf,OVERB,10,2.4278677895491585
DS10,mc.rf_OVERB,rf,OVERB,11,2.453766602825408
DS10,mc.rf_OVERB,rf,OVERB,12,2.446635733896611
DS10,mc.rf_OVERB,rf,OVERB,13,2.4245227091581882
DS10,mc.rf_OVERB,rf,OVERB,14,2.4442535165990975
DS10,mc.rf_OVERB,rf,OVERB,15,2.4347795877283662
DS10,mc.rf_OVERB,rf,OVERB,16,2.4399118404867606
DS10,mc.rf_OVERB,rf,OVERB,17,2.438481220863126
DS10,mc.rf_OVERB,rf,OVERB,18,2.4401854561976575
DS10,mc.rf_OVERB,rf,OVERB,19,2.452188238739383
DS10,mc.rf_OVERB,rf,OVERB,20,2.46780740944483
DS10,mc.rf_OVERB,rf,OVERB,21,2.4442007963828547
DS10,mc.rf_OVERB,rf,OVERB,22,2.4193041964622815
DS10,mc.rf_OVERB,rf,OVERB,23,2.4151840670607148
DS10,mc.rf_OVERB,rf,OVERB,24,2.367264435082858
DS10,mc.rf_OVERB,rf,OVERB,25,2.3953198233993347
DS10,mc.rf_OVERB,rf,OVERB,26,2.46801815673127
DS10,mc.rf_OVERB,rf,OVERB,27,2.413953284072714
DS10,mc.rf_OVERB,rf,OVERB,28,2.4016579741913984
DS10,mc.rf_OVERB,rf,OVERB,29,2.3924432814451784
DS10,mc.rf_OVERB,rf,OVERB,30,2.385800861388813
DS10,mc.rf_OVERB,rf,OVERB,31,2.4121330607208185
DS10,mc.rf_OVERB,rf,OVERB,32,2.40729775847769
DS10,mc.rf_OVERB,rf,OVERB,33,2.4186672756060568
DS10,mc.rf_OVERB,rf,OVERB,34,2.405860041725347
DS10,mc.rf_OVERB,rf,OVERB,35,2.4260353872869747
DS10,mc.rf_OVERB,rf,OVERB,36,2.4370167606338886
DS10,mc.rf_OVERB,rf,OVERB,37,2.4368800218643853
DS10,mc.rf_OVERB,rf,OVERB,38,2.4775428802392363
DS10,mc.rf_OVERB,rf,OVERB,39,2.4084768806890775
DS10,mc.rf_OVERB,rf,OVERB,40,2.4288860412918263
DS10,mc.rf_OVERB,rf,OVERB,41,2.438919553050316
DS10,mc.rf_OVERB,rf,OVERB,42,2.4361316693776596
DS10,mc.rf_OVERB,rf,OVERB,43,2.454664261654161
DS10,mc.rf_OVERB,rf,OVERB,44,2.4334580061112465
DS10,mc.rf_OVERB,rf,OVERB,45,2.402387273214346
DS10,mc.rf_OVERB,rf,OVERB,46,2.3816975207347237
DS10,mc.rf_OVERB,rf,OVERB,47,2.4252718907831423
DS10,mc.rf_OVERB,rf,OVERB,48,2.4400768031074547
DS10,mc.rf_OVERB,rf,OVERB,49,2.3769335422148172
DS10,mc.rf_OVERB,rf,OVERB,50,2.3928511785131024
DS10,mc.rf_OVERTPhi,rf,OVERTPhi,1,2.394555839039002
DS10,mc.rf_OVERTPhi,rf,OVERTPhi,2,2.4140411339546315
DS10,mc.rf_OVERTPhi,rf,OVERTPhi,3,2.405030075579382
DS10,mc.rf_OVERTPhi,rf,OVERTPhi,4,2.41235686722054
DS10,mc.rf_OVERTPhi,rf,OVERTPhi,5,2.4126790435356082
DS10,mc.rf_OVERTPhi,rf,OVERTPhi,6,2.424276178106729
DS10,mc.rf_OVERTPhi,rf,OVERTPhi,7,2.4308096996954713
DS10,mc.rf_OVERTPhi,rf,OVERTPhi,8,2.436415229816113
DS10,mc.rf_OVERTPhi,rf,OVERTPhi,9,2.414009620258487
DS10,mc.rf_OVERTPhi,rf,OVERTPhi,10,2.452099740742255
DS10,mc.rf_OVERTPhi,rf,OVERTPhi,11,2.42261068298409
DS10,mc.rf_OVERTPhi,rf,OVERTPhi,12,2.402536880264502
DS10,mc.rf_OVERTPhi,rf,OVERTPhi,13,2.395247458911069
DS10,mc.rf_OVERTPhi,rf,OVERTPhi,14,2.3963067184749285
DS10,mc.rf_OVERTPhi,rf,OVERTPhi,15,2.4227766783087272
DS10,mc.rf_OVERTPhi,rf,OVERTPhi,16,2.403546316632562
DS10,mc.rf_OVERTPhi,rf,OVERTPhi,17,2.4206946967605374
DS10,mc.rf_OVERTPhi,rf,OVERTPhi,18,2.4186077717566774
DS10,mc.rf_OVERTPhi,rf,OVERTPhi,19,2.3858045297990254
DS10,mc.rf_OVERTPhi,rf,OVERTPhi,20,2.408060144298634
DS10,mc.rf_OVERTPhi,rf,OVERTPhi,21,2.421197433538331
DS10,mc.rf_OVERTPhi,rf,OVERTPhi,22,2.3961604945307364
DS10,mc.rf_OVERTPhi,rf,OVERTPhi,23,2.409317576843706
DS10,mc.rf_OVERTPhi,rf,OVERTPhi,24,2.327645067965106
DS10,mc.rf_OVERTPhi,rf,OVERTPhi,25,2.370883561090529
DS10,mc.rf_OVERTPhi,rf,OVERTPhi,26,2.3914724583749662
DS10,mc.rf_OVERTPhi,rf,OVERTPhi,27,2.437795762599257
DS10,mc.rf_OVERTPhi,rf,OVERTPhi,28,2.3904230572620517
DS10,mc.rf_OVERTPhi,rf,OVERTPhi,29,2.405419232388584
DS10,mc.rf_OVERTPhi,rf,OVERTPhi,30,2.4037266910649797
DS10,mc.rf_OVERTPhi,rf,OVERTPhi,31,2.4210934306700884
DS10,mc.rf_OVERTPhi,rf,OVERTPhi,32,2.408469964224563
DS10,mc.rf_OVERTPhi,rf,OVERTPhi,33,2.417478800840789
DS10,mc.rf_OVERTPhi,rf,OVERTPhi,34,2.426238717056313
DS10,mc.rf_OVERTPhi,rf,OVERTPhi,35,2.428703497990203
DS10,mc.rf_OVERTPhi,rf,OVERTPhi,36,2.4333974255178874
DS10,mc.rf_OVERTPhi,rf,OVERTPhi,37,2.450946682807213
DS10,mc.rf_OVERTPhi,rf,OVERTPhi,38,2.4339096596869387
DS10,mc.rf_OVERTPhi,rf,OVERTPhi,39,2.3511201923782896
DS10,mc.rf_OVERTPhi,rf,OVERTPhi,40,2.34204550349075
DS10,mc.rf_OVERTPhi,rf,OVERTPhi,41,2.328252823438465
DS10,mc.rf_OVERTPhi,rf,OVERTPhi,42,2.3440030697361713
DS10,mc.rf_OVERTPhi,rf,OVERTPhi,43,2.3283878737080945
DS10,mc.rf_OVERTPhi,rf,OVERTPhi,44,2.3544875480421608
DS10,mc.rf_OVERTPhi,rf,OVERTPhi,45,2.393830883422979
DS10,mc.rf_OVERTPhi,rf,OVERTPhi,46,2.36241299323027
DS10,mc.rf_OVERTPhi,rf,OVERTPhi,47,2.3237439762349754
DS10,mc.rf_OVERTPhi,rf,OVERTPhi,48,2.353503842119063
DS10,mc.rf_OVERTPhi,rf,OVERTPhi,49,2.374086285736837
DS10,mc.rf_OVERTPhi,rf,OVERTPhi,50,2.360555117585898
DS10,mc.rf_OVERT,rf,OVERT,1,2.394555839039002
DS10,mc.rf_OVERT,rf,OVERT,2,2.4140411339546315
DS10,mc.rf_OVERT,rf,OVERT,3,2.405030075579382
DS10,mc.rf_OVERT,rf,OVERT,4,2.41235686722054
DS10,mc.rf_OVERT,rf,OVERT,5,2.4126790435356082
DS10,mc.rf_OVERT,rf,OVERT,6,2.424276178106729
DS10,mc.rf_OVERT,rf,OVERT,7,2.4308096996954713
DS10,mc.rf_OVERT,rf,OVERT,8,2.436415229816113
DS10,mc.rf_OVERT,rf,OVERT,9,2.414009620258487
DS10,mc.rf_OVERT,rf,OVERT,10,2.452099740742255
DS10,mc.rf_OVERT,rf,OVERT,11,2.42261068298409
DS10,mc.rf_OVERT,rf,OVERT,12,2.402536880264502
DS10,mc.rf_OVERT,rf,OVERT,13,2.395247458911069
DS10,mc.rf_OVERT,rf,OVERT,14,2.3963067184749285
DS10,mc.rf_OVERT,rf,OVERT,15,2.4227766783087272
DS10,mc.rf_OVERT,rf,OVERT,16,2.403546316632562
DS10,mc.rf_OVERT,rf,OVERT,17,2.4206946967605374
DS10,mc.rf_OVERT,rf,OVERT,18,2.4186077717566774
DS10,mc.rf_OVERT,rf,OVERT,19,2.3858045297990254
DS10,mc.rf_OVERT,rf,OVERT,20,2.408060144298634
DS10,mc.rf_OVERT,rf,OVERT,21,2.421197433538331
DS10,mc.rf_OVERT,rf,OVERT,22,2.3961604945307364
DS10,mc.rf_OVERT,rf,OVERT,23,2.409317576843706
DS10,mc.rf_OVERT,rf,OVERT,24,2.327645067965106
DS10,mc.rf_OVERT,rf,OVERT,25,2.370883561090529
DS10,mc.rf_OVERT,rf,OVERT,26,2.3914724583749662
DS10,mc.rf_OVERT,rf,OVERT,27,2.437795762599257
DS10,mc.rf_OVERT,rf,OVERT,28,2.3904230572620517
DS10,mc.rf_OVERT,rf,OVERT,29,2.405419232388584
DS10,mc.rf_OVERT,rf,OVERT,30,2.4037266910649797
DS10,mc.rf_OVERT,rf,OVERT,31,2.4210934306700884
DS10,mc.rf_OVERT,rf,OVERT,32,2.408469964224563
DS10,mc.rf_OVERT,rf,OVERT,33,2.417478800840789
DS10,mc.rf_OVERT,rf,OVERT,34,2.426238717056313
DS10,mc.rf_OVERT,rf,OVERT,35,2.428703497990203
DS10,mc.rf_OVERT,rf,OVERT,36,2.4333974255178874
DS10,mc.rf_OVERT,rf,OVERT,37,2.450946682807213
DS10,mc.rf_OVERT,rf,OVERT,38,2.4339096596869387
DS10,mc.rf_OVERT,rf,OVERT,39,2.3511201923782896
DS10,mc.rf_OVERT,rf,OVERT,40,2.34204550349075
DS10,mc.rf_OVERT,rf,OVERT,41,2.328252823438465
DS10,mc.rf_OVERT,rf,OVERT,42,2.3440030697361713
DS10,mc.rf_OVERT,rf,OVERT,43,2.3283878737080945
DS10,mc.rf_OVERT,rf,OVERT,44,2.3544875480421608
DS10,mc.rf_OVERT,rf,OVERT,45,2.393830883422979
DS10,mc.rf_OVERT,rf,OVERT,46,2.36241299323027
DS10,mc.rf_OVERT,rf,OVERT,47,2.3237439762349754
DS10,mc.rf_OVERT,rf,OVERT,48,2.353503842119063
DS10,mc.rf_OVERT,rf,OVERT,49,2.374086285736837
DS10,mc.rf_OVERT,rf,OVERT,50,2.360555117585898
DS10,mc.rf_SMOTEB,rf,SMOTEB,1,2.6923188850754185
DS10,mc.rf_SMOTEB,rf,SMOTEB,2,2.591143740104802
DS10,mc.rf_SMOTEB,rf,SMOTEB,3,2.715135158056791
DS10,mc.rf_SMOTEB,rf,SMOTEB,4,2.736057648171774
DS10,mc.rf_SMOTEB,rf,SMOTEB,5,2.6836191457227234
DS10,mc.rf_SMOTEB,rf,SMOTEB,6,2.7179740119617986
DS10,mc.rf_SMOTEB,rf,SMOTEB,7,2.6209212504914468
DS10,mc.rf_SMOTEB,rf,SMOTEB,8,2.6017350760843914
DS10,mc.rf_SMOTEB,rf,SMOTEB,9,2.6204715404212617
DS10,mc.rf_SMOTEB,rf,SMOTEB,10,2.613185613402197
DS10,mc.rf_SMOTEB,rf,SMOTEB,11,2.6345479248252293
DS10,mc.rf_SMOTEB,rf,SMOTEB,12,2.601980158452771
DS10,mc.rf_SMOTEB,rf,SMOTEB,13,2.5943426941040313
DS10,mc.rf_SMOTEB,rf,SMOTEB,14,2.555933335361456
DS10,mc.rf_SMOTEB,rf,SMOTEB,15,2.7249397082662266
DS10,mc.rf_SMOTEB,rf,SMOTEB,16,2.5599056511183624
DS10,mc.rf_SMOTEB,rf,SMOTEB,17,2.6138611866629153
DS10,mc.rf_SMOTEB,rf,SMOTEB,18,2.603977000033424
DS10,mc.rf_SMOTEB,rf,SMOTEB,19,2.651195503279253
DS10,mc.rf_SMOTEB,rf,SMOTEB,20,2.651497499953645
DS10,mc.rf_SMOTEB,rf,SMOTEB,21,2.6869146487312983
DS10,mc.rf_SMOTEB,rf,SMOTEB,22,2.740700911500072
DS10,mc.rf_SMOTEB,rf,SMOTEB,23,2.668076485140971
DS10,mc.rf_SMOTEB,rf,SMOTEB,24,2.687523535322876
DS10,mc.rf_SMOTEB,rf,SMOTEB,25,2.6247403025110376
DS10,mc.rf_SMOTEB,rf,SMOTEB,26,2.769538464425127
DS10,mc.rf_SMOTEB,rf,SMOTEB,27,2.696626888273142
DS10,mc.rf_SMOTEB,rf,SMOTEB,28,2.542465544256304
DS10,mc.rf_SMOTEB,rf,SMOTEB,29,2.625159398586429
DS10,mc.rf_SMOTEB,rf,SMOTEB,30,2.6198007470884788
DS10,mc.rf_SMOTEB,rf,SMOTEB,31,2.653171065121178
DS10,mc.rf_SMOTEB,rf,SMOTEB,32,2.637914919257254
DS10,mc.rf_SMOTEB,rf,SMOTEB,33,2.549285129442597
DS10,mc.rf_SMOTEB,rf,SMOTEB,34,2.522694270047394
DS10,mc.rf_SMOTEB,rf,SMOTEB,35,2.646953687145361
DS10,mc.rf_SMOTEB,rf,SMOTEB,36,2.619585619131354
DS10,mc.rf_SMOTEB,rf,SMOTEB,37,2.606272085229831
DS10,mc.rf_SMOTEB,rf,SMOTEB,38,2.6763125145857845
DS10,mc.rf_SMOTEB,rf,SMOTEB,39,2.6622275830415916
DS10,mc.rf_SMOTEB,rf,SMOTEB,40,2.646210147564942
DS10,mc.rf_SMOTEB,rf,SMOTEB,41,2.580388644653884
DS10,mc.rf_SMOTEB,rf,SMOTEB,42,2.5203231193595843
DS10,mc.rf_SMOTEB,rf,SMOTEB,43,2.679959468704844
DS10,mc.rf_SMOTEB,rf,SMOTEB,44,2.6067651199303996
DS10,mc.rf_SMOTEB,rf,SMOTEB,45,2.555272169204452
DS10,mc.rf_SMOTEB,rf,SMOTEB,46,2.6327831979910434
DS10,mc.rf_SMOTEB,rf,SMOTEB,47,2.562814447283202
DS10,mc.rf_SMOTEB,rf,SMOTEB,48,2.527586946811171
DS10,mc.rf_SMOTEB,rf,SMOTEB,49,2.65308750413004
DS10,mc.rf_SMOTEB,rf,SMOTEB,50,2.6119911991630627
DS10,mc.rf_SMOTETPhi,rf,SMOTETPhi,1,4.1191167441589105
DS10,mc.rf_SMOTETPhi,rf,SMOTETPhi,2,4.151694978951338
DS10,mc.rf_SMOTETPhi,rf,SMOTETPhi,3,4.063290031639782
DS10,mc.rf_SMOTETPhi,rf,SMOTETPhi,4,4.028686575965673
DS10,mc.rf_SMOTETPhi,rf,SMOTETPhi,5,3.9989395461098836
DS10,mc.rf_SMOTETPhi,rf,SMOTETPhi,6,4.039614099795023
DS10,mc.rf_SMOTETPhi,rf,SMOTETPhi,7,4.137389500340491
DS10,mc.rf_SMOTETPhi,rf,SMOTETPhi,8,4.041924876432433
DS10,mc.rf_SMOTETPhi,rf,SMOTETPhi,9,4.0612274247531905
DS10,mc.rf_SMOTETPhi,rf,SMOTETPhi,10,4.097091616819869
DS10,mc.rf_SMOTETPhi,rf,SMOTETPhi,11,4.172437923178832
DS10,mc.rf_SMOTETPhi,rf,SMOTETPhi,12,4.062735362948997
DS10,mc.rf_SMOTETPhi,rf,SMOTETPhi,13,4.04897578125825
DS10,mc.rf_SMOTETPhi,rf,SMOTETPhi,14,4.11701889492701
DS10,mc.rf_SMOTETPhi,rf,SMOTETPhi,15,4.152436024289642
DS10,mc.rf_SMOTETPhi,rf,SMOTETPhi,16,4.092215067723209
DS10,mc.rf_SMOTETPhi,rf,SMOTETPhi,17,4.118098730683826
DS10,mc.rf_SMOTETPhi,rf,SMOTETPhi,18,4.189821425525748
DS10,mc.rf_SMOTETPhi,rf,SMOTETPhi,19,4.143010843935831
DS10,mc.rf_SMOTETPhi,rf,SMOTETPhi,20,4.16716707584247
DS10,mc.rf_SMOTETPhi,rf,SMOTETPhi,21,4.179781134677493
DS10,mc.rf_SMOTETPhi,rf,SMOTETPhi,22,4.192090080013489
DS10,mc.rf_SMOTETPhi,rf,SMOTETPhi,23,4.135506191767733
DS10,mc.rf_SMOTETPhi,rf,SMOTETPhi,24,4.038464698540831
DS10,mc.rf_SMOTETPhi,rf,SMOTETPhi,25,4.103221352155833
DS10,mc.rf_SMOTETPhi,rf,SMOTETPhi,26,4.158737107715645
DS10,mc.rf_SMOTETPhi,rf,SMOTETPhi,27,4.264678383342212
DS10,mc.rf_SMOTETPhi,rf,SMOTETPhi,28,4.077428541108124
DS10,mc.rf_SMOTETPhi,rf,SMOTETPhi,29,4.072333506058081
DS10,mc.rf_SMOTETPhi,rf,SMOTETPhi,30,4.0446462301595725
DS10,mc.rf_SMOTETPhi,rf,SMOTETPhi,31,4.1296474815142306
DS10,mc.rf_SMOTETPhi,rf,SMOTETPhi,32,4.067224824604328
DS10,mc.rf_SMOTETPhi,rf,SMOTETPhi,33,4.127808527813157
DS10,mc.rf_SMOTETPhi,rf,SMOTETPhi,34,4.285128436492389
DS10,mc.rf_SMOTETPhi,rf,SMOTETPhi,35,4.131701123046941
DS10,mc.rf_SMOTETPhi,rf,SMOTETPhi,36,4.174759263037423
DS10,mc.rf_SMOTETPhi,rf,SMOTETPhi,37,4.237413802363837
DS10,mc.rf_SMOTETPhi,rf,SMOTETPhi,38,4.17044939466548
DS10,mc.rf_SMOTETPhi,rf,SMOTETPhi,39,4.126383433077578
DS10,mc.rf_SMOTETPhi,rf,SMOTETPhi,40,4.1169907007288495
DS10,mc.rf_SMOTETPhi,rf,SMOTETPhi,41,4.006613302723309
DS10,mc.rf_SMOTETPhi,rf,SMOTETPhi,42,4.047920741789937
DS10,mc.rf_SMOTETPhi,rf,SMOTETPhi,43,4.133784247026888
DS10,mc.rf_SMOTETPhi,rf,SMOTETPhi,44,4.061643302893473
DS10,mc.rf_SMOTETPhi,rf,SMOTETPhi,45,4.072663357003529
DS10,mc.rf_SMOTETPhi,rf,SMOTETPhi,46,4.045601820400083
DS10,mc.rf_SMOTETPhi,rf,SMOTETPhi,47,4.011262395729873
DS10,mc.rf_SMOTETPhi,rf,SMOTETPhi,48,3.966745956088142
DS10,mc.rf_SMOTETPhi,rf,SMOTETPhi,49,3.987044870995833
DS10,mc.rf_SMOTETPhi,rf,SMOTETPhi,50,3.9020610442757078
DS10,mc.rf_SMOTET,rf,SMOTET,1,2.5619005608453853
DS10,mc.rf_SMOTET,rf,SMOTET,2,2.7517230059902
DS10,mc.rf_SMOTET,rf,SMOTET,3,2.7336196333190883
DS10,mc.rf_SMOTET,rf,SMOTET,4,2.5352878640195473
DS10,mc.rf_SMOTET,rf,SMOTET,5,2.664525721065324
DS10,mc.rf_SMOTET,rf,SMOTET,6,2.6567261740549473
DS10,mc.rf_SMOTET,rf,SMOTET,7,2.719734746107273
DS10,mc.rf_SMOTET,rf,SMOTET,8,2.793968825182407
DS10,mc.rf_SMOTET,rf,SMOTET,9,2.6282812851637223
DS10,mc.rf_SMOTET,rf,SMOTET,10,2.9410945203897167
DS10,mc.rf_SMOTET,rf,SMOTET,11,2.5971209796545014
DS10,mc.rf_SMOTET,rf,SMOTET,12,2.6664779971836063
DS10,mc.rf_SMOTET,rf,SMOTET,13,2.6522514457369475
DS10,mc.rf_SMOTET,rf,SMOTET,14,2.5520510064690467
DS10,mc.rf_SMOTET,rf,SMOTET,15,2.7614722649660193
DS10,mc.rf_SMOTET,rf,SMOTET,16,2.670773146051093
DS10,mc.rf_SMOTET,rf,SMOTET,17,2.674210722262595
DS10,mc.rf_SMOTET,rf,SMOTET,18,2.7028812258032207
DS10,mc.rf_SMOTET,rf,SMOTET,19,2.72300284531743
DS10,mc.rf_SMOTET,rf,SMOTET,20,2.7488579156274895
DS10,mc.rf_SMOTET,rf,SMOTET,21,2.747962014525798
DS10,mc.rf_SMOTET,rf,SMOTET,22,2.674541363197641
DS10,mc.rf_SMOTET,rf,SMOTET,23,2.618630640644762
DS10,mc.rf_SMOTET,rf,SMOTET,24,2.640125590970216
DS10,mc.rf_SMOTET,rf,SMOTET,25,2.727845316918051
DS10,mc.rf_SMOTET,rf,SMOTET,26,2.808346488452976
DS10,mc.rf_SMOTET,rf,SMOTET,27,2.8305859937962587
DS10,mc.rf_SMOTET,rf,SMOTET,28,2.6208970066014534
DS10,mc.rf_SMOTET,rf,SMOTET,29,2.613728774162767
DS10,mc.rf_SMOTET,rf,SMOTET,30,2.5759684964372958
DS10,mc.rf_SMOTET,rf,SMOTET,31,2.6556966656053187
DS10,mc.rf_SMOTET,rf,SMOTET,32,2.611712959470508
DS10,mc.rf_SMOTET,rf,SMOTET,33,2.59208169687051
DS10,mc.rf_SMOTET,rf,SMOTET,34,2.5856066409299103
DS10,mc.rf_SMOTET,rf,SMOTET,35,2.9829635886394295
DS10,mc.rf_SMOTET,rf,SMOTET,36,2.6579233747346884
DS10,mc.rf_SMOTET,rf,SMOTET,37,2.748926640318117
DS10,mc.rf_SMOTET,rf,SMOTET,38,2.657748587744385
DS10,mc.rf_SMOTET,rf,SMOTET,39,2.7071838520790115
DS10,mc.rf_SMOTET,rf,SMOTET,40,2.5638296147086903
DS10,mc.rf_SMOTET,rf,SMOTET,41,2.6581780009990608
DS10,mc.rf_SMOTET,rf,SMOTET,42,2.6750086329745475
DS10,mc.rf_SMOTET,rf,SMOTET,43,2.707838580549255
DS10,mc.rf_SMOTET,rf,SMOTET,44,2.733613512751086
DS10,mc.rf_SMOTET,rf,SMOTET,45,2.634681025511928
DS10,mc.rf_SMOTET,rf,SMOTET,46,2.739202609409041
DS10,mc.rf_SMOTET,rf,SMOTET,47,2.5271118850421757
DS10,mc.rf_SMOTET,rf,SMOTET,48,2.7249056756926007
DS10,mc.rf_SMOTET,rf,SMOTET,49,2.593725183265465
DS10,mc.rf_SMOTET,rf,SMOTET,50,2.5242833245219685
DS10,mc.rf_UNDERB,rf,UNDERB,1,4.019278597901621
DS10,mc.rf_UNDERB,rf,UNDERB,2,3.7285543983756844
DS10,mc.rf_UNDERB,rf,UNDERB,3,3.9206524551811848
DS10,mc.rf_UNDERB,rf,UNDERB,4,3.693539487288339
DS10,mc.rf_UNDERB,rf,UNDERB,5,4.225127936162477
DS10,mc.rf_UNDERB,rf,UNDERB,6,4.1110393980846105
DS10,mc.rf_UNDERB,rf,UNDERB,7,3.934562905500132
DS10,mc.rf_UNDERB,rf,UNDERB,8,3.6965776281054104
DS10,mc.rf_UNDERB,rf,UNDERB,9,3.6563124463483203
DS10,mc.rf_UNDERB,rf,UNDERB,10,3.9938309331792365
DS10,mc.rf_UNDERB,rf,UNDERB,11,3.3607366996512664
DS10,mc.rf_UNDERB,rf,UNDERB,12,3.773960766324369
DS10,mc.rf_UNDERB,rf,UNDERB,13,4.114895612260407
DS10,mc.rf_UNDERB,rf,UNDERB,14,3.6404555058238306
DS10,mc.rf_UNDERB,rf,UNDERB,15,3.836416203845985
DS10,mc.rf_UNDERB,rf,UNDERB,16,3.649153525942311
DS10,mc.rf_UNDERB,rf,UNDERB,17,4.012429761744906
DS10,mc.rf_UNDERB,rf,UNDERB,18,3.8993078563737544
DS10,mc.rf_UNDERB,rf,UNDERB,19,3.7452433089454935
DS10,mc.rf_UNDERB,rf,UNDERB,20,3.7424761252793086
DS10,mc.rf_UNDERB,rf,UNDERB,21,3.6581196777292186
DS10,mc.rf_UNDERB,rf,UNDERB,22,3.5273380488024384
DS10,mc.rf_UNDERB,rf,UNDERB,23,3.8975059276914075
DS10,mc.rf_UNDERB,rf,UNDERB,24,3.6358587408052836
DS10,mc.rf_UNDERB,rf,UNDERB,25,3.7705970020075292
DS10,mc.rf_UNDERB,rf,UNDERB,26,3.8993859781910403
DS10,mc.rf_UNDERB,rf,UNDERB,27,3.70057973131104
DS10,mc.rf_UNDERB,rf,UNDERB,28,3.5543936925341604
DS10,mc.rf_UNDERB,rf,UNDERB,29,3.7032217818133732
DS10,mc.rf_UNDERB,rf,UNDERB,30,3.873889061489291
DS10,mc.rf_UNDERB,rf,UNDERB,31,3.5566361884557343
DS10,mc.rf_UNDERB,rf,UNDERB,32,4.027871464279585
DS10,mc.rf_UNDERB,rf,UNDERB,33,3.6409939447660893
DS10,mc.rf_UNDERB,rf,UNDERB,34,3.5038124193196176
DS10,mc.rf_UNDERB,rf,UNDERB,35,3.623283626522653
DS10,mc.rf_UNDERB,rf,UNDERB,36,3.862204816391151
DS10,mc.rf_UNDERB,rf,UNDERB,37,3.686348579993831
DS10,mc.rf_UNDERB,rf,UNDERB,38,3.675633759929221
DS10,mc.rf_UNDERB,rf,UNDERB,39,3.6154116145379858
DS10,mc.rf_UNDERB,rf,UNDERB,40,3.4253938016385037
DS10,mc.rf_UNDERB,rf,UNDERB,41,3.7246207914723044
DS10,mc.rf_UNDERB,rf,UNDERB,42,3.8921049352490287
DS10,mc.rf_UNDERB,rf,UNDERB,43,3.7453159847334847
DS10,mc.rf_UNDERB,rf,UNDERB,44,3.6604858843912567
DS10,mc.rf_UNDERB,rf,UNDERB,45,3.6426934801215487
DS10,mc.rf_UNDERB,rf,UNDERB,46,3.3184915480238817
DS10,mc.rf_UNDERB,rf,UNDERB,47,3.874437158662341
DS10,mc.rf_UNDERB,rf,UNDERB,48,3.585672946821797
DS10,mc.rf_UNDERB,rf,UNDERB,49,3.432939393809584
DS10,mc.rf_UNDERB,rf,UNDERB,50,3.4621017384685455
DS10,mc.rf_UNDERTPhi,rf,UNDERTPhi,1,4.996166481762515
DS10,mc.rf_UNDERTPhi,rf,UNDERTPhi,2,5.181279615155684
DS10,mc.rf_UNDERTPhi,rf,UNDERTPhi,3,4.98438807454166
DS10,mc.rf_UNDERTPhi,rf,UNDERTPhi,4,4.966236394167589
DS10,mc.rf_UNDERTPhi,rf,UNDERTPhi,5,5.179285722014639
DS10,mc.rf_UNDERTPhi,rf,UNDERTPhi,6,4.907936594373661
DS10,mc.rf_UNDERTPhi,rf,UNDERTPhi,7,4.985411362514353
DS10,mc.rf_UNDERTPhi,rf,UNDERTPhi,8,5.036094597914573
DS10,mc.rf_UNDERTPhi,rf,UNDERTPhi,9,4.673376191040971
DS10,mc.rf_UNDERTPhi,rf,UNDERTPhi,10,5.259283643390743
DS10,mc.rf_UNDERTPhi,rf,UNDERTPhi,11,5.0446320098757536
DS10,mc.rf_UNDERTPhi,rf,UNDERTPhi,12,4.964702393434161
DS10,mc.rf_UNDERTPhi,rf,UNDERTPhi,13,4.7589679209772076
DS10,mc.rf_UNDERTPhi,rf,UNDERTPhi,14,5.250248226955622
DS10,mc.rf_UNDERTPhi,rf,UNDERTPhi,15,4.9001583731646905
DS10,mc.rf_UNDERTPhi,rf,UNDERTPhi,16,4.854783222593454
DS10,mc.rf_UNDERTPhi,rf,UNDERTPhi,17,4.894048225503914
DS10,mc.rf_UNDERTPhi,rf,UNDERTPhi,18,5.096838367948355
DS10,mc.rf_UNDERTPhi,rf,UNDERTPhi,19,5.089303353712527
DS10,mc.rf_UNDERTPhi,rf,UNDERTPhi,20,4.915440046495271
DS10,mc.rf_UNDERTPhi,rf,UNDERTPhi,21,5.1351226046121115
DS10,mc.rf_UNDERTPhi,rf,UNDERTPhi,22,5.364084933371995
DS10,mc.rf_UNDERTPhi,rf,UNDERTPhi,23,5.046008746292236
DS10,mc.rf_UNDERTPhi,rf,UNDERTPhi,24,4.986018061637222
DS10,mc.rf_UNDERTPhi,rf,UNDERTPhi,25,4.964823179873422
DS10,mc.rf_UNDERTPhi,rf,UNDERTPhi,26,5.1308670135164185
DS10,mc.rf_UNDERTPhi,rf,UNDERTPhi,27,5.210172508598018
DS10,mc.rf_UNDERTPhi,rf,UNDERTPhi,28,4.7050261154640936
DS10,mc.rf_UNDERTPhi,rf,UNDERTPhi,29,4.824932445551612
DS10,mc.rf_UNDERTPhi,rf,UNDERTPhi,30,4.946987390616106
DS10,mc.rf_UNDERTPhi,rf,UNDERTPhi,31,4.802354911446146
DS10,mc.rf_UNDERTPhi,rf,UNDERTPhi,32,4.82061291708131
DS10,mc.rf_UNDERTPhi,rf,UNDERTPhi,33,4.911532912295887
DS10,mc.rf_UNDERTPhi,rf,UNDERTPhi,34,4.824358240567047
DS10,mc.rf_UNDERTPhi,rf,UNDERTPhi,35,4.850990806937961
DS10,mc.rf_UNDERTPhi,rf,UNDERTPhi,36,4.9011000065142
DS10,mc.rf_UNDERTPhi,rf,UNDERTPhi,37,4.977721113584612
DS10,mc.rf_UNDERTPhi,rf,UNDERTPhi,38,4.786275755022675
DS10,mc.rf_UNDERTPhi,rf,UNDERTPhi,39,4.765715453363904
DS10,mc.rf_UNDERTPhi,rf,UNDERTPhi,40,4.954383096174186
DS10,mc.rf_UNDERTPhi,rf,UNDERTPhi,41,4.856850989194265
DS10,mc.rf_UNDERTPhi,rf,UNDERTPhi,42,4.805213254456065
DS10,mc.rf_UNDERTPhi,rf,UNDERTPhi,43,4.833911513974354
DS10,mc.rf_UNDERTPhi,rf,UNDERTPhi,44,4.66478037125707
DS10,mc.rf_UNDERTPhi,rf,UNDERTPhi,45,4.699938551452232
DS10,mc.rf_UNDERTPhi,rf,UNDERTPhi,46,4.831651308971244
DS10,mc.rf_UNDERTPhi,rf,UNDERTPhi,47,5.051772437052343
DS10,mc.rf_UNDERTPhi,rf,UNDERTPhi,48,4.66295030379218
DS10,mc.rf_UNDERTPhi,rf,UNDERTPhi,49,4.593002327468976
DS10,mc.rf_UNDERTPhi,rf,UNDERTPhi,50,4.7007393906981605
DS10,mc.rf_UNDERT,rf,UNDERT,1,3.6698546204634623
DS10,mc.rf_UNDERT,rf,UNDERT,2,3.772445581640905
DS10,mc.rf_UNDERT,rf,UNDERT,3,3.374999582970005
DS10,mc.rf_UNDERT,rf,UNDERT,4,3.946489256161696
DS10,mc.rf_UNDERT,rf,UNDERT,5,4.026750062498611
DS10,mc.rf_UNDERT,rf,UNDERT,6,4.226381581748133
DS10,mc.rf_UNDERT,rf,UNDERT,7,3.6698159150466028
DS10,mc.rf_UNDERT,rf,UNDERT,8,4.043890147200518
DS10,mc.rf_UNDERT,rf,UNDERT,9,3.37559130719223
DS10,mc.rf_UNDERT,rf,UNDERT,10,3.9827449646317397
DS10,mc.rf_UNDERT,rf,UNDERT,11,3.991243125175385
DS10,mc.rf_UNDERT,rf,UNDERT,12,4.118791067032015
DS10,mc.rf_UNDERT,rf,UNDERT,13,3.6691737701066347
DS10,mc.rf_UNDERT,rf,UNDERT,14,3.481860505419887
DS10,mc.rf_UNDERT,rf,UNDERT,15,3.6732939941687466
DS10,mc.rf_UNDERT,rf,UNDERT,16,3.7607056920788944
DS10,mc.rf_UNDERT,rf,UNDERT,17,3.891624530132669
DS10,mc.rf_UNDERT,rf,UNDERT,18,3.833346738761337
DS10,mc.rf_UNDERT,rf,UNDERT,19,3.900115697104414
DS10,mc.rf_UNDERT,rf,UNDERT,20,3.56627331463466
DS10,mc.rf_UNDERT,rf,UNDERT,21,3.930670439997888
DS10,mc.rf_UNDERT,rf,UNDERT,22,3.571029085215437
DS10,mc.rf_UNDERT,rf,UNDERT,23,4.224670467330879
DS10,mc.rf_UNDERT,rf,UNDERT,24,3.5846555545746734
DS10,mc.rf_UNDERT,rf,UNDERT,25,4.046210818145593
DS10,mc.rf_UNDERT,rf,UNDERT,26,3.73473268177582
DS10,mc.rf_UNDERT,rf,UNDERT,27,3.691077244914904
DS10,mc.rf_UNDERT,rf,UNDERT,28,3.9413439815966433
DS10,mc.rf_UNDERT,rf,UNDERT,29,3.770125257468939
DS10,mc.rf_UNDERT,rf,UNDERT,30,4.043372496639849
DS10,mc.rf_UNDERT,rf,UNDERT,31,3.877331622453791
DS10,mc.rf_UNDERT,rf,UNDERT,32,3.656275944260586
DS10,mc.rf_UNDERT,rf,UNDERT,33,3.702652246548468
DS10,mc.rf_UNDERT,rf,UNDERT,34,3.6751218006771214
DS10,mc.rf_UNDERT,rf,UNDERT,35,3.6708760301775345
DS10,mc.rf_UNDERT,rf,UNDERT,36,3.62844529428975
DS10,mc.rf_UNDERT,rf,UNDERT,37,3.554973341068741
DS10,mc.rf_UNDERT,rf,UNDERT,38,3.5057715599596233
DS10,mc.rf_UNDERT,rf,UNDERT,39,3.4410809287328084
DS10,mc.rf_UNDERT,rf,UNDERT,40,3.6485721101343342
DS10,mc.rf_UNDERT,rf,UNDERT,41,3.6617643603701744
DS10,mc.rf_UNDERT,rf,UNDERT,42,3.594234573914273
DS10,mc.rf_UNDERT,rf,UNDERT,43,3.9474595571147955
DS10,mc.rf_UNDERT,rf,UNDERT,44,3.7266534912547464
DS10,mc.rf_UNDERT,rf,UNDERT,45,3.5475924892016315
DS10,mc.rf_UNDERT,rf,UNDERT,46,3.5484594628342974
DS10,mc.rf_UNDERT,rf,UNDERT,47,3.5393776874305627
DS10,mc.rf_UNDERT,rf,UNDERT,48,3.539124621499438
DS10,mc.rf_UNDERT,rf,UNDERT,49,3.276479261608611
DS10,mc.rf_UNDERT,rf,UNDERT,50,3.6261287741453883
DS10,mc.rf,rf,baseline,1,2.3485926176561485
DS10,mc.rf,rf,baseline,2,2.377274259321379
DS10,mc.rf,rf,baseline,3,2.3789681162650336
DS10,mc.rf,rf,baseline,4,2.376532513876824
DS10,mc.rf,rf,baseline,5,2.365532553842843
DS10,mc.rf,rf,baseline,6,2.3772762144482646
DS10,mc.rf,rf,baseline,7,2.3868222083730677
DS10,mc.rf,rf,baseline,8,2.4217170049013275
DS10,mc.rf,rf,baseline,9,2.3876469634614765
DS10,mc.rf,rf,baseline,10,2.3811250507682544
DS10,mc.rf,rf,baseline,11,2.401956159348935
DS10,mc.rf,rf,baseline,12,2.384257610238263
DS10,mc.rf,rf,baseline,13,2.372666882295716
DS10,mc.rf,rf,baseline,14,2.378362835357168
DS10,mc.rf,rf,baseline,15,2.38069119854413
DS10,mc.rf,rf,baseline,16,2.367444045861748
DS10,mc.rf,rf,baseline,17,2.380606193013498
DS10,mc.rf,rf,baseline,18,2.3932791963767595
DS10,mc.rf,rf,baseline,19,2.3828863983030337
DS10,mc.rf,rf,baseline,20,2.3747941371219596
DS10,mc.rf,rf,baseline,21,2.3686837260070024
DS10,mc.rf,rf,baseline,22,2.3454313181573427
DS10,mc.rf,rf,baseline,23,2.3419776015500013
DS10,mc.rf,rf,baseline,24,2.316936884466651
DS10,mc.rf,rf,baseline,25,2.3386901432044866
DS10,mc.rf,rf,baseline,26,2.3442427417780762
DS10,mc.rf,rf,baseline,27,2.3829761923542536
DS10,mc.rf,rf,baseline,28,2.3744711630180535
DS10,mc.rf,rf,baseline,29,2.3746672225522376
DS10,mc.rf,rf,baseline,30,2.3644757819709716
DS10,mc.rf,rf,baseline,31,2.3646491550598125
DS10,mc.rf,rf,baseline,32,2.367819872425867
DS10,mc.rf,rf,baseline,33,2.3639090771741196
DS10,mc.rf,rf,baseline,34,2.3807613389142084
DS10,mc.rf,rf,baseline,35,2.386378183917834
DS10,mc.rf,rf,baseline,36,2.4094771261947883
DS10,mc.rf,rf,baseline,37,2.383453076147888
DS10,mc.rf,rf,baseline,38,2.37365000069097
DS10,mc.rf,rf,baseline,39,2.331158563070579
DS10,mc.rf,rf,baseline,40,2.3338145148661535
DS10,mc.rf,rf,baseline,41,2.320358960220414
DS10,mc.rf,rf,baseline,42,2.3259402616371796
DS10,mc.rf,rf,baseline,43,2.341880150477337
DS10,mc.rf,rf,baseline,44,2.3687798608708803
DS10,mc.rf,rf,baseline,45,2.3403147919224154
DS10,mc.rf,rf,baseline,46,2.327535862772704
DS10,mc.rf,rf,baseline,47,2.3075513325009283
DS10,mc.rf,rf,baseline,48,2.305319445210574
DS10,mc.rf,rf,baseline,49,2.3265016628357675
DS10,mc.rf,rf,baseline,50,2.3346003119675465
DS10,mc.rpart_OVERB,rpart,OVERB,1,2.722423913136536
DS10,mc.rpart_OVERB,rpart,OVERB,2,2.779477437046824
DS10,mc.rpart_OVERB,rpart,OVERB,3,2.8285274657312973
DS10,mc.rpart_OVERB,rpart,OVERB,4,2.8489037212784214
DS10,mc.rpart_OVERB,rpart,OVERB,5,2.8949412104082186
DS10,mc.rpart_OVERB,rpart,OVERB,6,2.7149200199769816
DS10,mc.rpart_OVERB,rpart,OVERB,7,2.9114626821982053
DS10,mc.rpart_OVERB,rpart,OVERB,8,2.8946164278665485
DS10,mc.rpart_OVERB,rpart,OVERB,9,2.8436046915916426
DS10,mc.rpart_OVERB,rpart,OVERB,10,2.8013290671113746
DS10,mc.rpart_OVERB,rpart,OVERB,11,2.921453193038313
DS10,mc.rpart_OVERB,rpart,OVERB,12,2.864606930764915
DS10,mc.rpart_OVERB,rpart,OVERB,13,3.1369772641907527
DS10,mc.rpart_OVERB,rpart,OVERB,14,3.1010236311890003
DS10,mc.rpart_OVERB,rpart,OVERB,15,2.886348643462426
DS10,mc.rpart_OVERB,rpart,OVERB,16,2.8771804374983745
DS10,mc.rpart_OVERB,rpart,OVERB,17,2.6357854931248355
DS10,mc.rpart_OVERB,rpart,OVERB,18,2.7630528705642803
DS10,mc.rpart_OVERB,rpart,OVERB,19,2.8512291550541633
DS10,mc.rpart_OVERB,rpart,OVERB,20,2.9768975372013626
DS10,mc.rpart_OVERB,rpart,OVERB,21,2.866161033030224
DS10,mc.rpart_OVERB,rpart,OVERB,22,2.7964885835893503
DS10,mc.rpart_OVERB,rpart,OVERB,23,2.8703257380142904
DS10,mc.rpart_OVERB,rpart,OVERB,24,2.8218373862431916
DS10,mc.rpart_OVERB,rpart,OVERB,25,2.9460180004937686
DS10,mc.rpart_OVERB,rpart,OVERB,26,2.8302223238974475
DS10,mc.rpart_OVERB,rpart,OVERB,27,2.964778891586815
DS10,mc.rpart_OVERB,rpart,OVERB,28,2.9770082220281844
DS10,mc.rpart_OVERB,rpart,OVERB,29,3.0842140193481224
DS10,mc.rpart_OVERB,rpart,OVERB,30,2.8805277598931087
DS10,mc.rpart_OVERB,rpart,OVERB,31,2.7261473031167496
DS10,mc.rpart_OVERB,rpart,OVERB,32,2.8910463661741335
DS10,mc.rpart_OVERB,rpart,OVERB,33,2.921313851663478
DS10,mc.rpart_OVERB,rpart,OVERB,34,2.740870647120237
DS10,mc.rpart_OVERB,rpart,OVERB,35,2.795834696447701
DS10,mc.rpart_OVERB,rpart,OVERB,36,2.9468956322166755
DS10,mc.rpart_OVERB,rpart,OVERB,37,2.9105864909735923
DS10,mc.rpart_OVERB,rpart,OVERB,38,3.0530082865443133
DS10,mc.rpart_OVERB,rpart,OVERB,39,3.0254320395885843
DS10,mc.rpart_OVERB,rpart,OVERB,40,2.977067873339616
DS10,mc.rpart_OVERB,rpart,OVERB,41,2.9587411659211384
DS10,mc.rpart_OVERB,rpart,OVERB,42,3.269139819973187
DS10,mc.rpart_OVERB,rpart,OVERB,43,2.965403667445803
DS10,mc.rpart_OVERB,rpart,OVERB,44,3.0563701214693038
DS10,mc.rpart_OVERB,rpart,OVERB,45,2.7269813180237192
DS10,mc.rpart_OVERB,rpart,OVERB,46,2.9173068152277124
DS10,mc.rpart_OVERB,rpart,OVERB,47,2.9603375877241085
DS10,mc.rpart_OVERB,rpart,OVERB,48,3.0146090182464547
DS10,mc.rpart_OVERB,rpart,OVERB,49,2.766668460706887
DS10,mc.rpart_OVERB,rpart,OVERB,50,2.854801429700853
DS10,mc.rpart_OVERTPhi,rpart,OVERTPhi,1,2.733172952411044
DS10,mc.rpart_OVERTPhi,rpart,OVERTPhi,2,2.8604450094546343
DS10,mc.rpart_OVERTPhi,rpart,OVERTPhi,3,2.6994034939830027
DS10,mc.rpart_OVERTPhi,rpart,OVERTPhi,4,2.7528262146723392
DS10,mc.rpart_OVERTPhi,rpart,OVERTPhi,5,2.8854180908270934
DS10,mc.rpart_OVERTPhi,rpart,OVERTPhi,6,2.786592038204232
DS10,mc.rpart_OVERTPhi,rpart,OVERTPhi,7,2.9181275721480673
DS10,mc.rpart_OVERTPhi,rpart,OVERTPhi,8,2.705801523696511
DS10,mc.rpart_OVERTPhi,rpart,OVERTPhi,9,2.8106321343663527
DS10,mc.rpart_OVERTPhi,rpart,OVERTPhi,10,2.9714181131350736
DS10,mc.rpart_OVERTPhi,rpart,OVERTPhi,11,2.8057461918093107
DS10,mc.rpart_OVERTPhi,rpart,OVERTPhi,12,2.9041852835262905
DS10,mc.rpart_OVERTPhi,rpart,OVERTPhi,13,2.8105264467932263
DS10,mc.rpart_OVERTPhi,rpart,OVERTPhi,14,2.732103771660153
DS10,mc.rpart_OVERTPhi,rpart,OVERTPhi,15,3.044722871122165
DS10,mc.rpart_OVERTPhi,rpart,OVERTPhi,16,2.873890747497392
DS10,mc.rpart_OVERTPhi,rpart,OVERTPhi,17,2.775179282392309
DS10,mc.rpart_OVERTPhi,rpart,OVERTPhi,18,2.8547732158298986
DS10,mc.rpart_OVERTPhi,rpart,OVERTPhi,19,2.7550057604367693
DS10,mc.rpart_OVERTPhi,rpart,OVERTPhi,20,2.801763912205709
DS10,mc.rpart_OVERTPhi,rpart,OVERTPhi,21,2.7711090876440796
DS10,mc.rpart_OVERTPhi,rpart,OVERTPhi,22,2.736573626302738
DS10,mc.rpart_OVERTPhi,rpart,OVERTPhi,23,2.7422455302776365
DS10,mc.rpart_OVERTPhi,rpart,OVERTPhi,24,2.855826255478827
DS10,mc.rpart_OVERTPhi,rpart,OVERTPhi,25,2.806179489409798
DS10,mc.rpart_OVERTPhi,rpart,OVERTPhi,26,2.9386759845807884
DS10,mc.rpart_OVERTPhi,rpart,OVERTPhi,27,2.8778528681855207
DS10,mc.rpart_OVERTPhi,rpart,OVERTPhi,28,2.7370325281428323
DS10,mc.rpart_OVERTPhi,rpart,OVERTPhi,29,2.7308360259188107
DS10,mc.rpart_OVERTPhi,rpart,OVERTPhi,30,2.8201065836925063
DS10,mc.rpart_OVERTPhi,rpart,OVERTPhi,31,3.031231442102278
DS10,mc.rpart_OVERTPhi,rpart,OVERTPhi,32,2.934409916023186
DS10,mc.rpart_OVERTPhi,rpart,OVERTPhi,33,2.7822701086668626
DS10,mc.rpart_OVERTPhi,rpart,OVERTPhi,34,2.9428616123754936
DS10,mc.rpart_OVERTPhi,rpart,OVERTPhi,35,3.062925424027923
DS10,mc.rpart_OVERTPhi,rpart,OVERTPhi,36,2.9587856155964904
DS10,mc.rpart_OVERTPhi,rpart,OVERTPhi,37,2.843949578291443
DS10,mc.rpart_OVERTPhi,rpart,OVERTPhi,38,2.851345239946939
DS10,mc.rpart_OVERTPhi,rpart,OVERTPhi,39,2.898426593401812
DS10,mc.rpart_OVERTPhi,rpart,OVERTPhi,40,2.8754565285695657
DS10,mc.rpart_OVERTPhi,rpart,OVERTPhi,41,2.7969137178272794
DS10,mc.rpart_OVERTPhi,rpart,OVERTPhi,42,2.8011138581081374
DS10,mc.rpart_OVERTPhi,rpart,OVERTPhi,43,2.8152733222570823
DS10,mc.rpart_OVERTPhi,rpart,OVERTPhi,44,2.739388000643179
DS10,mc.rpart_OVERTPhi,rpart,OVERTPhi,45,2.9359569453330354
DS10,mc.rpart_OVERTPhi,rpart,OVERTPhi,46,2.753775904901412
DS10,mc.rpart_OVERTPhi,rpart,OVERTPhi,47,2.725219378204569
DS10,mc.rpart_OVERTPhi,rpart,OVERTPhi,48,2.6207816989030976
DS10,mc.rpart_OVERTPhi,rpart,OVERTPhi,49,2.8850707402170825
DS10,mc.rpart_OVERTPhi,rpart,OVERTPhi,50,2.633459029978885
DS10,mc.rpart_OVERT,rpart,OVERT,1,2.733172952411044
DS10,mc.rpart_OVERT,rpart,OVERT,2,2.8604450094546343
DS10,mc.rpart_OVERT,rpart,OVERT,3,2.6994034939830027
DS10,mc.rpart_OVERT,rpart,OVERT,4,2.7528262146723392
DS10,mc.rpart_OVERT,rpart,OVERT,5,2.8854180908270934
DS10,mc.rpart_OVERT,rpart,OVERT,6,2.786592038204232
DS10,mc.rpart_OVERT,rpart,OVERT,7,2.9181275721480673
DS10,mc.rpart_OVERT,rpart,OVERT,8,2.705801523696511
DS10,mc.rpart_OVERT,rpart,OVERT,9,2.8106321343663527
DS10,mc.rpart_OVERT,rpart,OVERT,10,2.9714181131350736
DS10,mc.rpart_OVERT,rpart,OVERT,11,2.8057461918093107
DS10,mc.rpart_OVERT,rpart,OVERT,12,2.9041852835262905
DS10,mc.rpart_OVERT,rpart,OVERT,13,2.8105264467932263
DS10,mc.rpart_OVERT,rpart,OVERT,14,2.732103771660153
DS10,mc.rpart_OVERT,rpart,OVERT,15,3.044722871122165
DS10,mc.rpart_OVERT,rpart,OVERT,16,2.873890747497392
DS10,mc.rpart_OVERT,rpart,OVERT,17,2.775179282392309
DS10,mc.rpart_OVERT,rpart,OVERT,18,2.8547732158298986
DS10,mc.rpart_OVERT,rpart,OVERT,19,2.7550057604367693
DS10,mc.rpart_OVERT,rpart,OVERT,20,2.801763912205709
DS10,mc.rpart_OVERT,rpart,OVERT,21,2.7711090876440796
DS10,mc.rpart_OVERT,rpart,OVERT,22,2.736573626302738
DS10,mc.rpart_OVERT,rpart,OVERT,23,2.7422455302776365
DS10,mc.rpart_OVERT,rpart,OVERT,24,2.855826255478827
DS10,mc.rpart_OVERT,rpart,OVERT,25,2.806179489409798
DS10,mc.rpart_OVERT,rpart,OVERT,26,2.9386759845807884
DS10,mc.rpart_OVERT,rpart,OVERT,27,2.8778528681855207
DS10,mc.rpart_OVERT,rpart,OVERT,28,2.7370325281428323
DS10,mc.rpart_OVERT,rpart,OVERT,29,2.7308360259188107
DS10,mc.rpart_OVERT,rpart,OVERT,30,2.8201065836925063
DS10,mc.rpart_OVERT,rpart,OVERT,31,3.031231442102278
DS10,mc.rpart_OVERT,rpart,OVERT,32,2.934409916023186
DS10,mc.rpart_OVERT,rpart,OVERT,33,2.7822701086668626
DS10,mc.rpart_OVERT,rpart,OVERT,34,2.9428616123754936
DS10,mc.rpart_OVERT,rpart,OVERT,35,3.062925424027923
DS10,mc.rpart_OVERT,rpart,OVERT,36,2.9587856155964904
DS10,mc.rpart_OVERT,rpart,OVERT,37,2.843949578291443
DS10,mc.rpart_OVERT,rpart,OVERT,38,2.851345239946939
DS10,mc.rpart_OVERT,rpart,OVERT,39,2.898426593401812
DS10,mc.rpart_OVERT,rpart,OVERT,40,2.8754565285695657
DS10,mc.rpart_OVERT,rpart,OVERT,41,2.7969137178272794
DS10,mc.rpart_OVERT,rpart,OVERT,42,2.8011138581081374
DS10,mc.rpart_OVERT,rpart,OVERT,43,2.8152733222570823
DS10,mc.rpart_OVERT,rpart,OVERT,44,2.739388000643179
DS10,mc.rpart_OVERT,rpart,OVERT,45,2.9359569453330354
DS10,mc.rpart_OVERT,rpart,OVERT,46,2.753775904901412
DS10,mc.rpart_OVERT,rpart,OVERT,47,2.725219378204569
DS10,mc.rpart_OVERT,rpart,OVERT,48,2.6207816989030976
DS10,mc.rpart_OVERT,rpart,OVERT,49,2.8850707402170825
DS10,mc.rpart_OVERT,rpart,OVERT,50,2.633459029978885
DS10,mc.rpart_SMOTEB,rpart,SMOTEB,1,3.396818804563091
DS10,mc.rpart_SMOTEB,rpart,SMOTEB,2,3.20875424751048
DS10,mc.rpart_SMOTEB,rpart,SMOTEB,3,3.444881891695418
DS10,mc.rpart_SMOTEB,rpart,SMOTEB,4,3.487051603598167
DS10,mc.rpart_SMOTEB,rpart,SMOTEB,5,3.4434914136378123
DS10,mc.rpart_SMOTEB,rpart,SMOTEB,6,3.5043259651834044
DS10,mc.rpart_SMOTEB,rpart,SMOTEB,7,3.277412642801591
DS10,mc.rpart_SMOTEB,rpart,SMOTEB,8,3.53400501592355
DS10,mc.rpart_SMOTEB,rpart,SMOTEB,9,3.436070151371985
DS10,mc.rpart_SMOTEB,rpart,SMOTEB,10,3.4137272038505055
DS10,mc.rpart_SMOTEB,rpart,SMOTEB,11,3.5835325432985705
DS10,mc.rpart_SMOTEB,rpart,SMOTEB,12,3.7059855684200835
DS10,mc.rpart_SMOTEB,rpart,SMOTEB,13,3.4485536027358443
DS10,mc.rpart_SMOTEB,rpart,SMOTEB,14,3.299303538544047
DS10,mc.rpart_SMOTEB,rpart,SMOTEB,15,3.5544206256455158
DS10,mc.rpart_SMOTEB,rpart,SMOTEB,16,3.099131381734161
DS10,mc.rpart_SMOTEB,rpart,SMOTEB,17,3.1037996831032584
DS10,mc.rpart_SMOTEB,rpart,SMOTEB,18,3.3470394627849256
DS10,mc.rpart_SMOTEB,rpart,SMOTEB,19,3.4804393474692588
DS10,mc.rpart_SMOTEB,rpart,SMOTEB,20,3.605480967971418
DS10,mc.rpart_SMOTEB,rpart,SMOTEB,21,3.3095793811466194
DS10,mc.rpart_SMOTEB,rpart,SMOTEB,22,3.516187018174414
DS10,mc.rpart_SMOTEB,rpart,SMOTEB,23,3.211904539703721
DS10,mc.rpart_SMOTEB,rpart,SMOTEB,24,3.38034191176915
DS10,mc.rpart_SMOTEB,rpart,SMOTEB,25,3.3838553099979447
DS10,mc.rpart_SMOTEB,rpart,SMOTEB,26,3.487964164144982
DS10,mc.rpart_SMOTEB,rpart,SMOTEB,27,3.3804391478011753
DS10,mc.rpart_SMOTEB,rpart,SMOTEB,28,3.6279387154915033
DS10,mc.rpart_SMOTEB,rpart,SMOTEB,29,3.498067074377165
DS10,mc.rpart_SMOTEB,rpart,SMOTEB,30,3.3444379679916874
DS10,mc.rpart_SMOTEB,rpart,SMOTEB,31,3.2186244826647603
DS10,mc.rpart_SMOTEB,rpart,SMOTEB,32,3.360760078421089
DS10,mc.rpart_SMOTEB,rpart,SMOTEB,33,3.5325800929085203
DS10,mc.rpart_SMOTEB,rpart,SMOTEB,34,3.116126679810118
DS10,mc.rpart_SMOTEB,rpart,SMOTEB,35,3.367150247450703
DS10,mc.rpart_SMOTEB,rpart,SMOTEB,36,3.525002507553484
DS10,mc.rpart_SMOTEB,rpart,SMOTEB,37,2.9940881074819834
DS10,mc.rpart_SMOTEB,rpart,SMOTEB,38,3.2021467551259692
DS10,mc.rpart_SMOTEB,rpart,SMOTEB,39,3.516660051507656
DS10,mc.rpart_SMOTEB,rpart,SMOTEB,40,3.250796717060379
DS10,mc.rpart_SMOTEB,rpart,SMOTEB,41,3.171983444024992
DS10,mc.rpart_SMOTEB,rpart,SMOTEB,42,3.3955629529303515
DS10,mc.rpart_SMOTEB,rpart,SMOTEB,43,3.3934516882359724
DS10,mc.rpart_SMOTEB,rpart,SMOTEB,44,3.430616577786513
DS10,mc.rpart_SMOTEB,rpart,SMOTEB,45,3.2833541919053597
DS10,mc.rpart_SMOTEB,rpart,SMOTEB,46,3.574682787017884
DS10,mc.rpart_SMOTEB,rpart,SMOTEB,47,3.2993623143757245
DS10,mc.rpart_SMOTEB,rpart,SMOTEB,48,3.2377941085722037
DS10,mc.rpart_SMOTEB,rpart,SMOTEB,49,3.2528644439743752
DS10,mc.rpart_SMOTEB,rpart,SMOTEB,50,3.3844873879720048
DS10,mc.rpart_SMOTETPhi,rpart,SMOTETPhi,1,4.25455010627624
DS10,mc.rpart_SMOTETPhi,rpart,SMOTETPhi,2,4.633392313266847
DS10,mc.rpart_SMOTETPhi,rpart,SMOTETPhi,3,4.417599520359223
DS10,mc.rpart_SMOTETPhi,rpart,SMOTETPhi,4,4.135993837448812
DS10,mc.rpart_SMOTETPhi,rpart,SMOTETPhi,5,4.208383524042503
DS10,mc.rpart_SMOTETPhi,rpart,SMOTETPhi,6,4.291068555900554
DS10,mc.rpart_SMOTETPhi,rpart,SMOTETPhi,7,4.25624406772334
DS10,mc.rpart_SMOTETPhi,rpart,SMOTETPhi,8,4.200284447917596
DS10,mc.rpart_SMOTETPhi,rpart,SMOTETPhi,9,4.226264437130794
DS10,mc.rpart_SMOTETPhi,rpart,SMOTETPhi,10,4.290627940254981
DS10,mc.rpart_SMOTETPhi,rpart,SMOTETPhi,11,4.456245631717626
DS10,mc.rpart_SMOTETPhi,rpart,SMOTETPhi,12,4.3563248215098405
DS10,mc.rpart_SMOTETPhi,rpart,SMOTETPhi,13,4.211863706145129
DS10,mc.rpart_SMOTETPhi,rpart,SMOTETPhi,14,4.292888727390412
DS10,mc.rpart_SMOTETPhi,rpart,SMOTETPhi,15,4.358678212045492
DS10,mc.rpart_SMOTETPhi,rpart,SMOTETPhi,16,4.316834233131003
DS10,mc.rpart_SMOTETPhi,rpart,SMOTETPhi,17,4.2802775100580845
DS10,mc.rpart_SMOTETPhi,rpart,SMOTETPhi,18,4.487111614347775
DS10,mc.rpart_SMOTETPhi,rpart,SMOTETPhi,19,4.398781832801823
DS10,mc.rpart_SMOTETPhi,rpart,SMOTETPhi,20,4.328793084985335
DS10,mc.rpart_SMOTETPhi,rpart,SMOTETPhi,21,4.44976978642264
DS10,mc.rpart_SMOTETPhi,rpart,SMOTETPhi,22,4.510907047879421
DS10,mc.rpart_SMOTETPhi,rpart,SMOTETPhi,23,4.333233008197452
DS10,mc.rpart_SMOTETPhi,rpart,SMOTETPhi,24,4.360652987379841
DS10,mc.rpart_SMOTETPhi,rpart,SMOTETPhi,25,4.380404010806407
DS10,mc.rpart_SMOTETPhi,rpart,SMOTETPhi,26,4.352334943289122
DS10,mc.rpart_SMOTETPhi,rpart,SMOTETPhi,27,4.305385967417726
DS10,mc.rpart_SMOTETPhi,rpart,SMOTETPhi,28,4.083578293162861
DS10,mc.rpart_SMOTETPhi,rpart,SMOTETPhi,29,4.2650098228435125
DS10,mc.rpart_SMOTETPhi,rpart,SMOTETPhi,30,4.2485712011099315
DS10,mc.rpart_SMOTETPhi,rpart,SMOTETPhi,31,4.450089211710054
DS10,mc.rpart_SMOTETPhi,rpart,SMOTETPhi,32,4.035555824449865
DS10,mc.rpart_SMOTETPhi,rpart,SMOTETPhi,33,4.256058378164414
DS10,mc.rpart_SMOTETPhi,rpart,SMOTETPhi,34,4.487119197644411
DS10,mc.rpart_SMOTETPhi,rpart,SMOTETPhi,35,4.162115117615169
DS10,mc.rpart_SMOTETPhi,rpart,SMOTETPhi,36,4.243319548998677
DS10,mc.rpart_SMOTETPhi,rpart,SMOTETPhi,37,4.572967216716315
DS10,mc.rpart_SMOTETPhi,rpart,SMOTETPhi,38,4.311907364786891
DS10,mc.rpart_SMOTETPhi,rpart,SMOTETPhi,39,4.369902098142332
DS10,mc.rpart_SMOTETPhi,rpart,SMOTETPhi,40,4.341099443307085
DS10,mc.rpart_SMOTETPhi,rpart,SMOTETPhi,41,4.0004205741775225
DS10,mc.rpart_SMOTETPhi,rpart,SMOTETPhi,42,4.0672992216647055
DS10,mc.rpart_SMOTETPhi,rpart,SMOTETPhi,43,4.312966947077178
DS10,mc.rpart_SMOTETPhi,rpart,SMOTETPhi,44,4.239237198112147
DS10,mc.rpart_SMOTETPhi,rpart,SMOTETPhi,45,4.3736809026682355
DS10,mc.rpart_SMOTETPhi,rpart,SMOTETPhi,46,3.938173143622348
DS10,mc.rpart_SMOTETPhi,rpart,SMOTETPhi,47,4.199982899462841
DS10,mc.rpart_SMOTETPhi,rpart,SMOTETPhi,48,4.150911401655141
DS10,mc.rpart_SMOTETPhi,rpart,SMOTETPhi,49,4.238763895019973
DS10,mc.rpart_SMOTETPhi,rpart,SMOTETPhi,50,4.018507509250971
DS10,mc.rpart_SMOTET,rpart,SMOTET,1,3.4356485341717096
DS10,mc.rpart_SMOTET,rpart,SMOTET,2,3.4320364128624523
DS10,mc.rpart_SMOTET,rpart,SMOTET,3,3.4701798699256168
DS10,mc.rpart_SMOTET,rpart,SMOTET,4,3.309210808930524
DS10,mc.rpart_SMOTET,rpart,SMOTET,5,3.4048819862754294
DS10,mc.rpart_SMOTET,rpart,SMOTET,6,3.5093695604804687
DS10,mc.rpart_SMOTET,rpart,SMOTET,7,3.383386926623805
DS10,mc.rpart_SMOTET,rpart,SMOTET,8,3.6063883997361526
DS10,mc.rpart_SMOTET,rpart,SMOTET,9,3.71683235170284
DS10,mc.rpart_SMOTET,rpart,SMOTET,10,3.8962916333732056
DS10,mc.rpart_SMOTET,rpart,SMOTET,11,3.3509094159543347
DS10,mc.rpart_SMOTET,rpart,SMOTET,12,3.31405252812776
DS10,mc.rpart_SMOTET,rpart,SMOTET,13,3.6772846636621934
DS10,mc.rpart_SMOTET,rpart,SMOTET,14,3.446095335596509
DS10,mc.rpart_SMOTET,rpart,SMOTET,15,3.534850790532141
DS10,mc.rpart_SMOTET,rpart,SMOTET,16,3.443765054246708
DS10,mc.rpart_SMOTET,rpart,SMOTET,17,3.6722054326801348
DS10,mc.rpart_SMOTET,rpart,SMOTET,18,3.5288914115832686
DS10,mc.rpart_SMOTET,rpart,SMOTET,19,3.219157296099714
DS10,mc.rpart_SMOTET,rpart,SMOTET,20,3.4709683166579386
DS10,mc.rpart_SMOTET,rpart,SMOTET,21,3.210956445393797
DS10,mc.rpart_SMOTET,rpart,SMOTET,22,3.538669601701444
DS10,mc.rpart_SMOTET,rpart,SMOTET,23,3.4276051743368012
DS10,mc.rpart_SMOTET,rpart,SMOTET,24,3.459066128728097
DS10,mc.rpart_SMOTET,rpart,SMOTET,25,3.431446275397743
DS10,mc.rpart_SMOTET,rpart,SMOTET,26,3.467161847077515
DS10,mc.rpart_SMOTET,rpart,SMOTET,27,3.4303095570751108
DS10,mc.rpart_SMOTET,rpart,SMOTET,28,3.3435932748772923
DS10,mc.rpart_SMOTET,rpart,SMOTET,29,3.2838717536170967
DS10,mc.rpart_SMOTET,rpart,SMOTET,30,3.243083980702605
DS10,mc.rpart_SMOTET,rpart,SMOTET,31,3.297118713465724
DS10,mc.rpart_SMOTET,rpart,SMOTET,32,3.477987927740023
DS10,mc.rpart_SMOTET,rpart,SMOTET,33,3.228541773514002
DS10,mc.rpart_SMOTET,rpart,SMOTET,34,3.4560724636922484
DS10,mc.rpart_SMOTET,rpart,SMOTET,35,3.7805600034122486
DS10,mc.rpart_SMOTET,rpart,SMOTET,36,3.401431854665032
DS10,mc.rpart_SMOTET,rpart,SMOTET,37,3.2919845836499766
DS10,mc.rpart_SMOTET,rpart,SMOTET,38,3.464509848699991
DS10,mc.rpart_SMOTET,rpart,SMOTET,39,3.688963717521899
DS10,mc.rpart_SMOTET,rpart,SMOTET,40,3.352340070508789
DS10,mc.rpart_SMOTET,rpart,SMOTET,41,3.3757235263264733
DS10,mc.rpart_SMOTET,rpart,SMOTET,42,3.257094152194695
DS10,mc.rpart_SMOTET,rpart,SMOTET,43,3.5800839834191818
DS10,mc.rpart_SMOTET,rpart,SMOTET,44,3.14061085056416
DS10,mc.rpart_SMOTET,rpart,SMOTET,45,3.524341094912555
DS10,mc.rpart_SMOTET,rpart,SMOTET,46,3.461066796303424
DS10,mc.rpart_SMOTET,rpart,SMOTET,47,3.316875931411254
DS10,mc.rpart_SMOTET,rpart,SMOTET,48,3.440072029386862
DS10,mc.rpart_SMOTET,rpart,SMOTET,49,3.325202461485875
DS10,mc.rpart_SMOTET,rpart,SMOTET,50,3.389436250773454
DS10,mc.rpart_UNDERB,rpart,UNDERB,1,4.657192107599852
DS10,mc.rpart_UNDERB,rpart,UNDERB,2,4.5898375834116845
DS10,mc.rpart_UNDERB,rpart,UNDERB,3,5.229226146781456
DS10,mc.rpart_UNDERB,rpart,UNDERB,4,4.795018914788127
DS10,mc.rpart_UNDERB,rpart,UNDERB,5,4.621905261624867
DS10,mc.rpart_UNDERB,rpart,UNDERB,6,4.678928584181663
DS10,mc.rpart_UNDERB,rpart,UNDERB,7,4.525356673487738
DS10,mc.rpart_UNDERB,rpart,UNDERB,8,4.297320334429493
DS10,mc.rpart_UNDERB,rpart,UNDERB,9,4.182315162877934
DS10,mc.rpart_UNDERB,rpart,UNDERB,10,5.531605471828333
DS10,mc.rpart_UNDERB,rpart,UNDERB,11,3.980226910085781
DS10,mc.rpart_UNDERB,rpart,UNDERB,12,4.134593947867555
DS10,mc.rpart_UNDERB,rpart,UNDERB,13,4.274327212948745
DS10,mc.rpart_UNDERB,rpart,UNDERB,14,4.071910692179414
DS10,mc.rpart_UNDERB,rpart,UNDERB,15,4.424371007194577
DS10,mc.rpart_UNDERB,rpart,UNDERB,16,3.920078943817397
DS10,mc.rpart_UNDERB,rpart,UNDERB,17,4.590255786702344
DS10,mc.rpart_UNDERB,rpart,UNDERB,18,4.6201436576905675
DS10,mc.rpart_UNDERB,rpart,UNDERB,19,4.671185969396711
DS10,mc.rpart_UNDERB,rpart,UNDERB,20,5.05469455001559
DS10,mc.rpart_UNDERB,rpart,UNDERB,21,4.482288985709883
DS10,mc.rpart_UNDERB,rpart,UNDERB,22,4.34925651675561
DS10,mc.rpart_UNDERB,rpart,UNDERB,23,4.2036586524056165
DS10,mc.rpart_UNDERB,rpart,UNDERB,24,4.283370302810369
DS10,mc.rpart_UNDERB,rpart,UNDERB,25,4.052264546302027
DS10,mc.rpart_UNDERB,rpart,UNDERB,26,4.085650308331537
DS10,mc.rpart_UNDERB,rpart,UNDERB,27,4.297809182381704
DS10,mc.rpart_UNDERB,rpart,UNDERB,28,4.479736379386089
DS10,mc.rpart_UNDERB,rpart,UNDERB,29,4.358147402838669
DS10,mc.rpart_UNDERB,rpart,UNDERB,30,4.549859965338896
DS10,mc.rpart_UNDERB,rpart,UNDERB,31,4.290392869522242
DS10,mc.rpart_UNDERB,rpart,UNDERB,32,4.562894605587219
DS10,mc.rpart_UNDERB,rpart,UNDERB,33,4.306078032020745
DS10,mc.rpart_UNDERB,rpart,UNDERB,34,4.346198132069892
DS10,mc.rpart_UNDERB,rpart,UNDERB,35,4.78846199391403
DS10,mc.rpart_UNDERB,rpart,UNDERB,36,4.460740059482112
DS10,mc.rpart_UNDERB,rpart,UNDERB,37,4.284429966779944
DS10,mc.rpart_UNDERB,rpart,UNDERB,38,4.455418883980523
DS10,mc.rpart_UNDERB,rpart,UNDERB,39,4.76325057654164
DS10,mc.rpart_UNDERB,rpart,UNDERB,40,4.051642538148419
DS10,mc.rpart_UNDERB,rpart,UNDERB,41,4.72252066435128
DS10,mc.rpart_UNDERB,rpart,UNDERB,42,4.367442413785318
DS10,mc.rpart_UNDERB,rpart,UNDERB,43,4.405505908114803
DS10,mc.rpart_UNDERB,rpart,UNDERB,44,4.165010121642407
DS10,mc.rpart_UNDERB,rpart,UNDERB,45,4.230544376469648
DS10,mc.rpart_UNDERB,rpart,UNDERB,46,4.276778492180349
DS10,mc.rpart_UNDERB,rpart,UNDERB,47,4.609754940373476
DS10,mc.rpart_UNDERB,rpart,UNDERB,48,3.970383531825391
DS10,mc.rpart_UNDERB,rpart,UNDERB,49,4.075104490462439
DS10,mc.rpart_UNDERB,rpart,UNDERB,50,3.821385218005482
DS10,mc.rpart_UNDERTPhi,rpart,UNDERTPhi,1,5.0774455822161775
DS10,mc.rpart_UNDERTPhi,rpart,UNDERTPhi,2,5.104640945986533
DS10,mc.rpart_UNDERTPhi,rpart,UNDERTPhi,3,5.155554269499533
DS10,mc.rpart_UNDERTPhi,rpart,UNDERTPhi,4,5.059238965404385
DS10,mc.rpart_UNDERTPhi,rpart,UNDERTPhi,5,5.34284744037127
DS10,mc.rpart_UNDERTPhi,rpart,UNDERTPhi,6,4.835051505422342
DS10,mc.rpart_UNDERTPhi,rpart,UNDERTPhi,7,4.968958840589507
DS10,mc.rpart_UNDERTPhi,rpart,UNDERTPhi,8,5.285484610965906
DS10,mc.rpart_UNDERTPhi,rpart,UNDERTPhi,9,4.813514565901563
DS10,mc.rpart_UNDERTPhi,rpart,UNDERTPhi,10,5.092549844547081
DS10,mc.rpart_UNDERTPhi,rpart,UNDERTPhi,11,5.179757584226583
DS10,mc.rpart_UNDERTPhi,rpart,UNDERTPhi,12,4.497277316685114
DS10,mc.rpart_UNDERTPhi,rpart,UNDERTPhi,13,4.6645895489531695
DS10,mc.rpart_UNDERTPhi,rpart,UNDERTPhi,14,5.567289177761447
DS10,mc.rpart_UNDERTPhi,rpart,UNDERTPhi,15,4.9213546697636374
DS10,mc.rpart_UNDERTPhi,rpart,UNDERTPhi,16,5.324391690372439
DS10,mc.rpart_UNDERTPhi,rpart,UNDERTPhi,17,5.1778506680872995
DS10,mc.rpart_UNDERTPhi,rpart,UNDERTPhi,18,5.171332274737756
DS10,mc.rpart_UNDERTPhi,rpart,UNDERTPhi,19,5.203452318553843
DS10,mc.rpart_UNDERTPhi,rpart,UNDERTPhi,20,4.957607069200713
DS10,mc.rpart_UNDERTPhi,rpart,UNDERTPhi,21,5.271099928841587
DS10,mc.rpart_UNDERTPhi,rpart,UNDERTPhi,22,6.159522451939722
DS10,mc.rpart_UNDERTPhi,rpart,UNDERTPhi,23,5.187144119466641
DS10,mc.rpart_UNDERTPhi,rpart,UNDERTPhi,24,4.9247255642136025
DS10,mc.rpart_UNDERTPhi,rpart,UNDERTPhi,25,5.0444338003514675
DS10,mc.rpart_UNDERTPhi,rpart,UNDERTPhi,26,5.076610030047331
DS10,mc.rpart_UNDERTPhi,rpart,UNDERTPhi,27,5.544884452518708
DS10,mc.rpart_UNDERTPhi,rpart,UNDERTPhi,28,4.6665208319706775
DS10,mc.rpart_UNDERTPhi,rpart,UNDERTPhi,29,4.857034018657124
DS10,mc.rpart_UNDERTPhi,rpart,UNDERTPhi,30,5.283940438946408
DS10,mc.rpart_UNDERTPhi,rpart,UNDERTPhi,31,5.046965531515138
DS10,mc.rpart_UNDERTPhi,rpart,UNDERTPhi,32,5.18415147563291
DS10,mc.rpart_UNDERTPhi,rpart,UNDERTPhi,33,4.9320868485514335
DS10,mc.rpart_UNDERTPhi,rpart,UNDERTPhi,34,4.787719110469202
DS10,mc.rpart_UNDERTPhi,rpart,UNDERTPhi,35,4.795516063057099
DS10,mc.rpart_UNDERTPhi,rpart,UNDERTPhi,36,5.0493644628566425
DS10,mc.rpart_UNDERTPhi,rpart,UNDERTPhi,37,5.177507447778971
DS10,mc.rpart_UNDERTPhi,rpart,UNDERTPhi,38,5.307730471224482
DS10,mc.rpart_UNDERTPhi,rpart,UNDERTPhi,39,4.992319418913994
DS10,mc.rpart_UNDERTPhi,rpart,UNDERTPhi,40,5.190893016259156
DS10,mc.rpart_UNDERTPhi,rpart,UNDERTPhi,41,5.1746781890087625
DS10,mc.rpart_UNDERTPhi,rpart,UNDERTPhi,42,5.163678192984192
DS10,mc.rpart_UNDERTPhi,rpart,UNDERTPhi,43,5.270241779687393
DS10,mc.rpart_UNDERTPhi,rpart,UNDERTPhi,44,5.304855384548153
DS10,mc.rpart_UNDERTPhi,rpart,UNDERTPhi,45,5.125339361479329
DS10,mc.rpart_UNDERTPhi,rpart,UNDERTPhi,46,4.92386932727486
DS10,mc.rpart_UNDERTPhi,rpart,UNDERTPhi,47,5.04458798972403
DS10,mc.rpart_UNDERTPhi,rpart,UNDERTPhi,48,4.99136966445137
DS10,mc.rpart_UNDERTPhi,rpart,UNDERTPhi,49,5.392854076633725
DS10,mc.rpart_UNDERTPhi,rpart,UNDERTPhi,50,5.070045375615816
DS10,mc.rpart_UNDERT,rpart,UNDERT,1,3.875312827339137
DS10,mc.rpart_UNDERT,rpart,UNDERT,2,4.566141737109912
DS10,mc.rpart_UNDERT,rpart,UNDERT,3,3.675986486169866
DS10,mc.rpart_UNDERT,rpart,UNDERT,4,4.271109736518404
DS10,mc.rpart_UNDERT,rpart,UNDERT,5,4.532488778195603
DS10,mc.rpart_UNDERT,rpart,UNDERT,6,4.550296568863168
DS10,mc.rpart_UNDERT,rpart,UNDERT,7,4.014356079166482
DS10,mc.rpart_UNDERT,rpart,UNDERT,8,4.154839354112206
DS10,mc.rpart_UNDERT,rpart,UNDERT,9,4.753677079676237
DS10,mc.rpart_UNDERT,rpart,UNDERT,10,4.316556741940711
DS10,mc.rpart_UNDERT,rpart,UNDERT,11,4.384282023630208
DS10,mc.rpart_UNDERT,rpart,UNDERT,12,4.510755199773477
DS10,mc.rpart_UNDERT,rpart,UNDERT,13,4.755118953132569
DS10,mc.rpart_UNDERT,rpart,UNDERT,14,4.257528749658717
DS10,mc.rpart_UNDERT,rpart,UNDERT,15,4.041220600196666
DS10,mc.rpart_UNDERT,rpart,UNDERT,16,4.4555221012735045
DS10,mc.rpart_UNDERT,rpart,UNDERT,17,4.658051884869864
DS10,mc.rpart_UNDERT,rpart,UNDERT,18,4.744711056550965
DS10,mc.rpart_UNDERT,rpart,UNDERT,19,4.687638373868155
DS10,mc.rpart_UNDERT,rpart,UNDERT,20,4.465979838505167
DS10,mc.rpart_UNDERT,rpart,UNDERT,21,4.423944921192318
DS10,mc.rpart_UNDERT,rpart,UNDERT,22,4.109879515872667
DS10,mc.rpart_UNDERT,rpart,UNDERT,23,4.575732586931421
DS10,mc.rpart_UNDERT,rpart,UNDERT,24,4.577770904858772
DS10,mc.rpart_UNDERT,rpart,UNDERT,25,4.486262202925845
DS10,mc.rpart_UNDERT,rpart,UNDERT,26,4.618674269561586
DS10,mc.rpart_UNDERT,rpart,UNDERT,27,4.26587840935127
DS10,mc.rpart_UNDERT,rpart,UNDERT,28,4.541901678770591
DS10,mc.rpart_UNDERT,rpart,UNDERT,29,4.150085196795201
DS10,mc.rpart_UNDERT,rpart,UNDERT,30,4.724034146464756
DS10,mc.rpart_UNDERT,rpart,UNDERT,31,4.415313355424395
DS10,mc.rpart_UNDERT,rpart,UNDERT,32,4.662453528489151
DS10,mc.rpart_UNDERT,rpart,UNDERT,33,4.757737445740675
DS10,mc.rpart_UNDERT,rpart,UNDERT,34,4.367042117474784
DS10,mc.rpart_UNDERT,rpart,UNDERT,35,4.605205872744833
DS10,mc.rpart_UNDERT,rpart,UNDERT,36,4.254461170673054
DS10,mc.rpart_UNDERT,rpart,UNDERT,37,4.088203402582276
DS10,mc.rpart_UNDERT,rpart,UNDERT,38,4.414292267027903
DS10,mc.rpart_UNDERT,rpart,UNDERT,39,4.675981545902666
DS10,mc.rpart_UNDERT,rpart,UNDERT,40,4.111339249303705
DS10,mc.rpart_UNDERT,rpart,UNDERT,41,4.530188713795692
DS10,mc.rpart_UNDERT,rpart,UNDERT,42,4.734925530826146
DS10,mc.rpart_UNDERT,rpart,UNDERT,43,4.037426552477923
DS10,mc.rpart_UNDERT,rpart,UNDERT,44,4.16589748827369
DS10,mc.rpart_UNDERT,rpart,UNDERT,45,4.123574396668869
DS10,mc.rpart_UNDERT,rpart,UNDERT,46,4.437963334492581
DS10,mc.rpart_UNDERT,rpart,UNDERT,47,4.0920148633327225
DS10,mc.rpart_UNDERT,rpart,UNDERT,48,3.9316511269612637
DS10,mc.rpart_UNDERT,rpart,UNDERT,49,4.585080544577168
DS10,mc.rpart_UNDERT,rpart,UNDERT,50,4.148312399708233
DS10,mc.rpart,rpart,baseline,1,2.6490369098135145
DS10,mc.rpart,rpart,baseline,2,3.076588753751509
DS10,mc.rpart,rpart,baseline,3,2.857462996554189
DS10,mc.rpart,rpart,baseline,4,2.7819860040031683
DS10,mc.rpart,rpart,baseline,5,2.7121730004317643
DS10,mc.rpart,rpart,baseline,6,2.7742802808039384
DS10,mc.rpart,rpart,baseline,7,2.8247662171159007
DS10,mc.rpart,rpart,baseline,8,2.9034664040270712
DS10,mc.rpart,rpart,baseline,9,2.876834923059166
DS10,mc.rpart,rpart,baseline,10,2.991144873923234
DS10,mc.rpart,rpart,baseline,11,2.906158330236398
DS10,mc.rpart,rpart,baseline,12,2.9821248686570945
DS10,mc.rpart,rpart,baseline,13,2.97148976959706
DS10,mc.rpart,rpart,baseline,14,2.9110872717410934
DS10,mc.rpart,rpart,baseline,15,2.794696180976624
DS10,mc.rpart,rpart,baseline,16,2.8465183277938246
DS10,mc.rpart,rpart,baseline,17,2.985662687672038
DS10,mc.rpart,rpart,baseline,18,2.9722731491058005
DS10,mc.rpart,rpart,baseline,19,2.961752756556246
DS10,mc.rpart,rpart,baseline,20,2.966616323268898
DS10,mc.rpart,rpart,baseline,21,2.8878882453032766
DS10,mc.rpart,rpart,baseline,22,2.8873369650660194
DS10,mc.rpart,rpart,baseline,23,2.9083859358614514
DS10,mc.rpart,rpart,baseline,24,3.0353788089984812
DS10,mc.rpart,rpart,baseline,25,3.0788430378145106
DS10,mc.rpart,rpart,baseline,26,2.827533418704404
DS10,mc.rpart,rpart,baseline,27,2.910276101648855
DS10,mc.rpart,rpart,baseline,28,2.820217950952016
DS10,mc.rpart,rpart,baseline,29,2.8105500147047215
DS10,mc.rpart,rpart,baseline,30,2.8915833825885717
DS10,mc.rpart,rpart,baseline,31,2.878397957479032
DS10,mc.rpart,rpart,baseline,32,2.8876935914743376
DS10,mc.rpart,rpart,baseline,33,2.848866999425381
DS10,mc.rpart,rpart,baseline,34,2.86017199391852
DS10,mc.rpart,rpart,baseline,35,2.7781878810778102
DS10,mc.rpart,rpart,baseline,36,2.8143930453486297
DS10,mc.rpart,rpart,baseline,37,2.7569743393199526
DS10,mc.rpart,rpart,baseline,38,2.964927274770619
DS10,mc.rpart,rpart,baseline,39,2.7807699685739142
DS10,mc.rpart,rpart,baseline,40,2.8073075863544057
DS10,mc.rpart,rpart,baseline,41,2.7368687445660855
DS10,mc.rpart,rpart,baseline,42,2.785384569320228
DS10,mc.rpart,rpart,baseline,43,2.759595472468958
DS10,mc.rpart,rpart,baseline,44,2.889198547056484
DS10,mc.rpart,rpart,baseline,45,2.8627143094870418
DS10,mc.rpart,rpart,baseline,46,2.8254526043666957
DS10,mc.rpart,rpart,baseline,47,2.7752536081374304
DS10,mc.rpart,rpart,baseline,48,2.768830404271281
DS10,mc.rpart,rpart,baseline,49,2.945815083605112
DS10,mc.rpart,rpart,baseline,50,2.9295051057366215
DS10,mc.svm_OVERB,svm,OVERB,1,3.6968344000769764
DS10,mc.svm_OVERB,svm,OVERB,2,3.771981201779856
DS10,mc.svm_OVERB,svm,OVERB,3,3.7157701519879485
DS10,mc.svm_OVERB,svm,OVERB,4,3.8349406336747562
DS10,mc.svm_OVERB,svm,OVERB,5,3.7841604035234506
DS10,mc.svm_OVERB,svm,OVERB,6,3.7793742485660866
DS10,mc.svm_OVERB,svm,OVERB,7,3.7069937675117353
DS10,mc.svm_OVERB,svm,OVERB,8,3.745764619107468
DS10,mc.svm_OVERB,svm,OVERB,9,3.6640666328625677
DS10,mc.svm_OVERB,svm,OVERB,10,3.751730097081007
DS10,mc.svm_OVERB,svm,OVERB,11,3.6620899725053304
DS10,mc.svm_OVERB,svm,OVERB,12,3.5378059642059796
DS10,mc.svm_OVERB,svm,OVERB,13,3.52444935066171
DS10,mc.svm_OVERB,svm,OVERB,14,3.542980339623823
DS10,mc.svm_OVERB,svm,OVERB,15,3.6614117967306425
DS10,mc.svm_OVERB,svm,OVERB,16,3.681891810200477
DS10,mc.svm_OVERB,svm,OVERB,17,3.584533992466434
DS10,mc.svm_OVERB,svm,OVERB,18,3.601189332768795
DS10,mc.svm_OVERB,svm,OVERB,19,3.71860239963012
DS10,mc.svm_OVERB,svm,OVERB,20,3.5522089018011753
DS10,mc.svm_OVERB,svm,OVERB,21,3.793773361767062
DS10,mc.svm_OVERB,svm,OVERB,22,3.685273685607617
DS10,mc.svm_OVERB,svm,OVERB,23,3.675725065704666
DS10,mc.svm_OVERB,svm,OVERB,24,3.709275982467994
DS10,mc.svm_OVERB,svm,OVERB,25,3.5385001034135684
DS10,mc.svm_OVERB,svm,OVERB,26,3.6950845294032586
DS10,mc.svm_OVERB,svm,OVERB,27,3.71054299651597
DS10,mc.svm_OVERB,svm,OVERB,28,3.762812449819476
DS10,mc.svm_OVERB,svm,OVERB,29,3.7521823013998765
DS10,mc.svm_OVERB,svm,OVERB,30,3.6879065033222522
DS10,mc.svm_OVERB,svm,OVERB,31,3.7260419815947046
DS10,mc.svm_OVERB,svm,OVERB,32,3.771694632635795
DS10,mc.svm_OVERB,svm,OVERB,33,3.797354631362978
DS10,mc.svm_OVERB,svm,OVERB,34,3.7179426417363115
DS10,mc.svm_OVERB,svm,OVERB,35,3.7247851156682223
DS10,mc.svm_OVERB,svm,OVERB,36,3.7881418261072586
DS10,mc.svm_OVERB,svm,OVERB,37,3.7130925287774224
DS10,mc.svm_OVERB,svm,OVERB,38,3.722198550009298
DS10,mc.svm_OVERB,svm,OVERB,39,3.5845024260706846
DS10,mc.svm_OVERB,svm,OVERB,40,3.56484487381621
DS10,mc.svm_OVERB,svm,OVERB,41,3.503986038054445
DS10,mc.svm_OVERB,svm,OVERB,42,3.5377039940363826
DS10,mc.svm_OVERB,svm,OVERB,43,3.5904718338619297
DS10,mc.svm_OVERB,svm,OVERB,44,3.6466651536506114
DS10,mc.svm_OVERB,svm,OVERB,45,3.626661367354944
DS10,mc.svm_OVERB,svm,OVERB,46,3.6896631273464155
DS10,mc.svm_OVERB,svm,OVERB,47,3.538789697602236
DS10,mc.svm_OVERB,svm,OVERB,48,3.594418746824955
DS10,mc.svm_OVERB,svm,OVERB,49,3.613224362344803
DS10,mc.svm_OVERB,svm,OVERB,50,3.6983610504647504
DS10,mc.svm_OVERTPhi,svm,OVERTPhi,1,3.3461565408655054
DS10,mc.svm_OVERTPhi,svm,OVERTPhi,2,3.2929832121846756
DS10,mc.svm_OVERTPhi,svm,OVERTPhi,3,3.3202627898922983
DS10,mc.svm_OVERTPhi,svm,OVERTPhi,4,3.319219590676617
DS10,mc.svm_OVERTPhi,svm,OVERTPhi,5,3.5598847723567757
DS10,mc.svm_OVERTPhi,svm,OVERTPhi,6,3.515008606773409
DS10,mc.svm_OVERTPhi,svm,OVERTPhi,7,3.571751823240592
DS10,mc.svm_OVERTPhi,svm,OVERTPhi,8,3.450451260870815
DS10,mc.svm_OVERTPhi,svm,OVERTPhi,9,3.484098056598778
DS10,mc.svm_OVERTPhi,svm,OVERTPhi,10,3.3610701311745355
DS10,mc.svm_OVERTPhi,svm,OVERTPhi,11,3.5422016463813963
DS10,mc.svm_OVERTPhi,svm,OVERTPhi,12,3.5544501009847584
DS10,mc.svm_OVERTPhi,svm,OVERTPhi,13,3.4881927768986216
DS10,mc.svm_OVERTPhi,svm,OVERTPhi,14,3.565679956116902
DS10,mc.svm_OVERTPhi,svm,OVERTPhi,15,3.5561099504746596
DS10,mc.svm_OVERTPhi,svm,OVERTPhi,16,3.5466152478387487
DS10,mc.svm_OVERTPhi,svm,OVERTPhi,17,3.5471863815113434
DS10,mc.svm_OVERTPhi,svm,OVERTPhi,18,3.582315165335648
DS10,mc.svm_OVERTPhi,svm,OVERTPhi,19,3.5780564723069443
DS10,mc.svm_OVERTPhi,svm,OVERTPhi,20,3.5594694443156834
DS10,mc.svm_OVERTPhi,svm,OVERTPhi,21,3.6584728281623295
DS10,mc.svm_OVERTPhi,svm,OVERTPhi,22,3.576353761111874
DS10,mc.svm_OVERTPhi,svm,OVERTPhi,23,3.601570430748849
DS10,mc.svm_OVERTPhi,svm,OVERTPhi,24,3.6283517560867624
DS10,mc.svm_OVERTPhi,svm,OVERTPhi,25,3.634018207726785
DS10,mc.svm_OVERTPhi,svm,OVERTPhi,26,3.698148897395433
DS10,mc.svm_OVERTPhi,svm,OVERTPhi,27,3.7649701459201776
DS10,mc.svm_OVERTPhi,svm,OVERTPhi,28,3.636205860215838
DS10,mc.svm_OVERTPhi,svm,OVERTPhi,29,3.7191226094541667
DS10,mc.svm_OVERTPhi,svm,OVERTPhi,30,3.661239267965416
DS10,mc.svm_OVERTPhi,svm,OVERTPhi,31,3.6522186537409804
DS10,mc.svm_OVERTPhi,svm,OVERTPhi,32,3.6711641999926816
DS10,mc.svm_OVERTPhi,svm,OVERTPhi,33,3.654443994943773
DS10,mc.svm_OVERTPhi,svm,OVERTPhi,34,3.698000670298568
DS10,mc.svm_OVERTPhi,svm,OVERTPhi,35,3.6790971574205256
DS10,mc.svm_OVERTPhi,svm,OVERTPhi,36,3.6637605983140937
DS10,mc.svm_OVERTPhi,svm,OVERTPhi,37,3.6705541896167326
DS10,mc.svm_OVERTPhi,svm,OVERTPhi,38,3.6303524646807115
DS10,mc.svm_OVERTPhi,svm,OVERTPhi,39,3.4809584160736273
DS10,mc.svm_OVERTPhi,svm,OVERTPhi,40,3.5143145747986018
DS10,mc.svm_OVERTPhi,svm,OVERTPhi,41,3.4697388969046976
DS10,mc.svm_OVERTPhi,svm,OVERTPhi,42,3.502871198931053
DS10,mc.svm_OVERTPhi,svm,OVERTPhi,43,3.528763301823617
DS10,mc.svm_OVERTPhi,svm,OVERTPhi,44,3.5439750656258053
DS10,mc.svm_OVERTPhi,svm,OVERTPhi,45,3.5994898192155347
DS10,mc.svm_OVERTPhi,svm,OVERTPhi,46,3.5918753345029613
DS10,mc.svm_OVERTPhi,svm,OVERTPhi,47,3.542046345336799
DS10,mc.svm_OVERTPhi,svm,OVERTPhi,48,3.501692930577905
DS10,mc.svm_OVERTPhi,svm,OVERTPhi,49,3.6078381077997914
DS10,mc.svm_OVERTPhi,svm,OVERTPhi,50,3.563068108038068
DS10,mc.svm_OVERT,svm,OVERT,1,3.3461565408655054
DS10,mc.svm_OVERT,svm,OVERT,2,3.2929832121846756
DS10,mc.svm_OVERT,svm,OVERT,3,3.3202627898922983
DS10,mc.svm_OVERT,svm,OVERT,4,3.319219590676617
DS10,mc.svm_OVERT,svm,OVERT,5,3.5598847723567757
DS10,mc.svm_OVERT,svm,OVERT,6,3.515008606773409
DS10,mc.svm_OVERT,svm,OVERT,7,3.571751823240592
DS10,mc.svm_OVERT,svm,OVERT,8,3.450451260870815
DS10,mc.svm_OVERT,svm,OVERT,9,3.484098056598778
DS10,mc.svm_OVERT,svm,OVERT,10,3.3610701311745355
DS10,mc.svm_OVERT,svm,OVERT,11,3.5422016463813963
DS10,mc.svm_OVERT,svm,OVERT,12,3.5544501009847584
DS10,mc.svm_OVERT,svm,OVERT,13,3.4881927768986216
DS10,mc.svm_OVERT,svm,OVERT,14,3.565679956116902
DS10,mc.svm_OVERT,svm,OVERT,15,3.5561099504746596
DS10,mc.svm_OVERT,svm,OVERT,16,3.5466152478387487
DS10,mc.svm_OVERT,svm,OVERT,17,3.5471863815113434
DS10,mc.svm_OVERT,svm,OVERT,18,3.582315165335648
DS10,mc.svm_OVERT,svm,OVERT,19,3.5780564723069443
DS10,mc.svm_OVERT,svm,OVERT,20,3.5594694443156834
DS10,mc.svm_OVERT,svm,OVERT,21,3.6584728281623295
DS10,mc.svm_OVERT,svm,OVERT,22,3.576353761111874
DS10,mc.svm_OVERT,svm,OVERT,23,3.601570430748849
DS10,mc.svm_OVERT,svm,OVERT,24,3.6283517560867624
DS10,mc.svm_OVERT,svm,OVERT,25,3.634018207726785
DS10,mc.svm_OVERT,svm,OVERT,26,3.698148897395433
DS10,mc.svm_OVERT,svm,OVERT,27,3.7649701459201776
DS10,mc.svm_OVERT,svm,OVERT,28,3.636205860215838
DS10,mc.svm_OVERT,svm,OVERT,29,3.7191226094541667
DS10,mc.svm_OVERT,svm,OVERT,30,3.661239267965416
DS10,mc.svm_OVERT,svm,OVERT,31,3.6522186537409804
DS10,mc.svm_OVERT,svm,OVERT,32,3.6711641999926816
DS10,mc.svm_OVERT,svm,OVERT,33,3.654443994943773
DS10,mc.svm_OVERT,svm,OVERT,34,3.698000670298568
DS10,mc.svm_OVERT,svm,OVERT,35,3.6790971574205256
DS10,mc.svm_OVERT,svm,OVERT,36,3.6637605983140937
DS10,mc.svm_OVERT,svm,OVERT,37,3.6705541896167326
DS10,mc.svm_OVERT,svm,OVERT,38,3.6303524646807115
DS10,mc.svm_OVERT,svm,OVERT,39,3.4809584160736273
DS10,mc.svm_OVERT,svm,OVERT,40,3.5143145747986018
DS10,mc.svm_OVERT,svm,OVERT,41,3.4697388969046976
DS10,mc.svm_OVERT,svm,OVERT,42,3.502871198931053
DS10,mc.svm_OVERT,svm,OVERT,43,3.528763301823617
DS10,mc.svm_OVERT,svm,OVERT,44,3.5439750656258053
DS10,mc.svm_OVERT,svm,OVERT,45,3.5994898192155347
DS10,mc.svm_OVERT,svm,OVERT,46,3.5918753345029613
DS10,mc.svm_OVERT,svm,OVERT,47,3.542046345336799
DS10,mc.svm_OVERT,svm,OVERT,48,3.501692930577905
DS10,mc.svm_OVERT,svm,OVERT,49,3.6078381077997914
DS10,mc.svm_OVERT,svm,OVERT,50,3.563068108038068
DS10,mc.svm_SMOTEB,svm,SMOTEB,1,3.8214407029346136
DS10,mc.svm_SMOTEB,svm,SMOTEB,2,3.618062647754688
DS10,mc.svm_SMOTEB,svm,SMOTEB,3,3.95752303698588
DS10,mc.svm_SMOTEB,svm,SMOTEB,4,3.774504989093567
DS10,mc.svm_SMOTEB,svm,SMOTEB,5,3.965012652719214
DS10,mc.svm_SMOTEB,svm,SMOTEB,6,3.853138798599327
DS10,mc.svm_SMOTEB,svm,SMOTEB,7,3.7556192901190415
DS10,mc.svm_SMOTEB,svm,SMOTEB,8,3.891106973393973
DS10,mc.svm_SMOTEB,svm,SMOTEB,9,3.709022631818899
DS10,mc.svm_SMOTEB,svm,SMOTEB,10,3.646927349151683
DS10,mc.svm_SMOTEB,svm,SMOTEB,11,3.643310541908767
DS10,mc.svm_SMOTEB,svm,SMOTEB,12,3.6345324580177585
DS10,mc.svm_SMOTEB,svm,SMOTEB,13,3.5733022726727635
DS10,mc.svm_SMOTEB,svm,SMOTEB,14,3.6483706628512054
DS10,mc.svm_SMOTEB,svm,SMOTEB,15,3.7820028578567633
DS10,mc.svm_SMOTEB,svm,SMOTEB,16,3.530698708990619
DS10,mc.svm_SMOTEB,svm,SMOTEB,17,3.611196766935714
DS10,mc.svm_SMOTEB,svm,SMOTEB,18,3.707652644518312
DS10,mc.svm_SMOTEB,svm,SMOTEB,19,3.6435986408918537
DS10,mc.svm_SMOTEB,svm,SMOTEB,20,3.7529033159054306
DS10,mc.svm_SMOTEB,svm,SMOTEB,21,3.627397633706073
DS10,mc.svm_SMOTEB,svm,SMOTEB,22,3.641630958283894
DS10,mc.svm_SMOTEB,svm,SMOTEB,23,3.5812041477313934
DS10,mc.svm_SMOTEB,svm,SMOTEB,24,3.675472459805739
DS10,mc.svm_SMOTEB,svm,SMOTEB,25,3.64593283702811
DS10,mc.svm_SMOTEB,svm,SMOTEB,26,3.6630195881793775
DS10,mc.svm_SMOTEB,svm,SMOTEB,27,3.607349061916226
DS10,mc.svm_SMOTEB,svm,SMOTEB,28,3.6251890229056136
DS10,mc.svm_SMOTEB,svm,SMOTEB,29,3.63315621176224
DS10,mc.svm_SMOTEB,svm,SMOTEB,30,3.6955821513189107
DS10,mc.svm_SMOTEB,svm,SMOTEB,31,3.6090527851089798
DS10,mc.svm_SMOTEB,svm,SMOTEB,32,3.7287094337488056
DS10,mc.svm_SMOTEB,svm,SMOTEB,33,3.795682380629317
DS10,mc.svm_SMOTEB,svm,SMOTEB,34,3.748846393966187
DS10,mc.svm_SMOTEB,svm,SMOTEB,35,3.9071680807910236
DS10,mc.svm_SMOTEB,svm,SMOTEB,36,3.697495933544566
DS10,mc.svm_SMOTEB,svm,SMOTEB,37,3.6523515039674153
DS10,mc.svm_SMOTEB,svm,SMOTEB,38,3.738923905062071
DS10,mc.svm_SMOTEB,svm,SMOTEB,39,3.6045620674981955
DS10,mc.svm_SMOTEB,svm,SMOTEB,40,3.588880305930535
DS10,mc.svm_SMOTEB,svm,SMOTEB,41,3.5762755012862497
DS10,mc.svm_SMOTEB,svm,SMOTEB,42,3.606720807160399
DS10,mc.svm_SMOTEB,svm,SMOTEB,43,3.6524269749496674
DS10,mc.svm_SMOTEB,svm,SMOTEB,44,3.566170118295813
DS10,mc.svm_SMOTEB,svm,SMOTEB,45,3.620128270607931
DS10,mc.svm_SMOTEB,svm,SMOTEB,46,3.5955547101785226
DS10,mc.svm_SMOTEB,svm,SMOTEB,47,3.7129709229698
DS10,mc.svm_SMOTEB,svm,SMOTEB,48,3.6876968602911098
DS10,mc.svm_SMOTEB,svm,SMOTEB,49,3.6822956564193303
DS10,mc.svm_SMOTEB,svm,SMOTEB,50,3.7080957471617584
DS10,mc.svm_SMOTETPhi,svm,SMOTETPhi,1,5.141009514412133
DS10,mc.svm_SMOTETPhi,svm,SMOTETPhi,2,5.154957820383571
DS10,mc.svm_SMOTETPhi,svm,SMOTETPhi,3,5.028382873879449
DS10,mc.svm_SMOTETPhi,svm,SMOTETPhi,4,4.870969463011411
DS10,mc.svm_SMOTETPhi,svm,SMOTETPhi,5,4.96539532059831
DS10,mc.svm_SMOTETPhi,svm,SMOTETPhi,6,5.007986370908817
DS10,mc.svm_SMOTETPhi,svm,SMOTETPhi,7,5.034399092800659
DS10,mc.svm_SMOTETPhi,svm,SMOTETPhi,8,4.926400522355494
DS10,mc.svm_SMOTETPhi,svm,SMOTETPhi,9,4.9816518473121425
DS10,mc.svm_SMOTETPhi,svm,SMOTETPhi,10,4.925221013761979
DS10,mc.svm_SMOTETPhi,svm,SMOTETPhi,11,4.819557245467892
DS10,mc.svm_SMOTETPhi,svm,SMOTETPhi,12,5.032232197587016
DS10,mc.svm_SMOTETPhi,svm,SMOTETPhi,13,4.9536075940834
DS10,mc.svm_SMOTETPhi,svm,SMOTETPhi,14,4.974081205188162
DS10,mc.svm_SMOTETPhi,svm,SMOTETPhi,15,4.837436001594552
DS10,mc.svm_SMOTETPhi,svm,SMOTETPhi,16,4.9196424409375465
DS10,mc.svm_SMOTETPhi,svm,SMOTETPhi,17,4.794616410979639
DS10,mc.svm_SMOTETPhi,svm,SMOTETPhi,18,5.036665068276121
DS10,mc.svm_SMOTETPhi,svm,SMOTETPhi,19,5.069236512480021
DS10,mc.svm_SMOTETPhi,svm,SMOTETPhi,20,5.073620063775899
DS10,mc.svm_SMOTETPhi,svm,SMOTETPhi,21,4.828832886547332
DS10,mc.svm_SMOTETPhi,svm,SMOTETPhi,22,4.730309118688404
DS10,mc.svm_SMOTETPhi,svm,SMOTETPhi,23,4.923119146452748
DS10,mc.svm_SMOTETPhi,svm,SMOTETPhi,24,4.504591214218012
DS10,mc.svm_SMOTETPhi,svm,SMOTETPhi,25,4.421495367349978
DS10,mc.svm_SMOTETPhi,svm,SMOTETPhi,26,4.496701746191601
DS10,mc.svm_SMOTETPhi,svm,SMOTETPhi,27,4.556004329996163
DS10,mc.svm_SMOTETPhi,svm,SMOTETPhi,28,4.738365053634788
DS10,mc.svm_SMOTETPhi,svm,SMOTETPhi,29,4.7558616408290995
DS10,mc.svm_SMOTETPhi,svm,SMOTETPhi,30,4.763546920523222
DS10,mc.svm_SMOTETPhi,svm,SMOTETPhi,31,4.674155489972945
DS10,mc.svm_SMOTETPhi,svm,SMOTETPhi,32,4.823942045386318
DS10,mc.svm_SMOTETPhi,svm,SMOTETPhi,33,4.863622712009431
DS10,mc.svm_SMOTETPhi,svm,SMOTETPhi,34,4.801943093457666
DS10,mc.svm_SMOTETPhi,svm,SMOTETPhi,35,4.739820616685819
DS10,mc.svm_SMOTETPhi,svm,SMOTETPhi,36,4.684249029074774
DS10,mc.svm_SMOTETPhi,svm,SMOTETPhi,37,4.726223300230246
DS10,mc.svm_SMOTETPhi,svm,SMOTETPhi,38,4.752994474080201
DS10,mc.svm_SMOTETPhi,svm,SMOTETPhi,39,4.590645798357146
DS10,mc.svm_SMOTETPhi,svm,SMOTETPhi,40,4.511371279490664
DS10,mc.svm_SMOTETPhi,svm,SMOTETPhi,41,4.512441198972033
DS10,mc.svm_SMOTETPhi,svm,SMOTETPhi,42,4.484142856299789
DS10,mc.svm_SMOTETPhi,svm,SMOTETPhi,43,4.5574635684155265
DS10,mc.svm_SMOTETPhi,svm,SMOTETPhi,44,4.568974092695295
DS10,mc.svm_SMOTETPhi,svm,SMOTETPhi,45,4.208928435348815
DS10,mc.svm_SMOTETPhi,svm,SMOTETPhi,46,4.40997483285463
DS10,mc.svm_SMOTETPhi,svm,SMOTETPhi,47,4.149421025352563
DS10,mc.svm_SMOTETPhi,svm,SMOTETPhi,48,4.241471154848415
DS10,mc.svm_SMOTETPhi,svm,SMOTETPhi,49,4.2676401294637385
DS10,mc.svm_SMOTETPhi,svm,SMOTETPhi,50,4.229788268048941
DS10,mc.svm_SMOTET,svm,SMOTET,1,4.075623113859457
DS10,mc.svm_SMOTET,svm,SMOTET,2,4.151768236777906
DS10,mc.svm_SMOTET,svm,SMOTET,3,4.163409618986786
DS10,mc.svm_SMOTET,svm,SMOTET,4,3.960798030914404
DS10,mc.svm_SMOTET,svm,SMOTET,5,4.061199925389575
DS10,mc.svm_SMOTET,svm,SMOTET,6,4.092303499048358
DS10,mc.svm_SMOTET,svm,SMOTET,7,4.1362724877938435
DS10,mc.svm_SMOTET,svm,SMOTET,8,4.085497304013363
DS10,mc.svm_SMOTET,svm,SMOTET,9,4.155745570904193
DS10,mc.svm_SMOTET,svm,SMOTET,10,4.222180150203589
DS10,mc.svm_SMOTET,svm,SMOTET,11,3.7953172662319417
DS10,mc.svm_SMOTET,svm,SMOTET,12,3.8122114161888043
DS10,mc.svm_SMOTET,svm,SMOTET,13,3.9021949986672704
DS10,mc.svm_SMOTET,svm,SMOTET,14,3.774323837380697
DS10,mc.svm_SMOTET,svm,SMOTET,15,3.7956433215473213
DS10,mc.svm_SMOTET,svm,SMOTET,16,3.9187567766890905
DS10,mc.svm_SMOTET,svm,SMOTET,17,3.8880544403629256
DS10,mc.svm_SMOTET,svm,SMOTET,18,3.9689553879805963
DS10,mc.svm_SMOTET,svm,SMOTET,19,3.930931434812989
DS10,mc.svm_SMOTET,svm,SMOTET,20,3.970801560005561
DS10,mc.svm_SMOTET,svm,SMOTET,21,3.806333773293868
DS10,mc.svm_SMOTET,svm,SMOTET,22,3.6096461727790987
DS10,mc.svm_SMOTET,svm,SMOTET,23,3.7711784432333353
DS10,mc.svm_SMOTET,svm,SMOTET,24,3.6558182383042883
DS10,mc.svm_SMOTET,svm,SMOTET,25,3.71848108168033
DS10,mc.svm_SMOTET,svm,SMOTET,26,3.641056475296039
DS10,mc.svm_SMOTET,svm,SMOTET,27,3.628189047247435
DS10,mc.svm_SMOTET,svm,SMOTET,28,3.997407837470387
DS10,mc.svm_SMOTET,svm,SMOTET,29,3.9510807324835597
DS10,mc.svm_SMOTET,svm,SMOTET,30,3.9702834820682877
DS10,mc.svm_SMOTET,svm,SMOTET,31,3.8587633172035067
DS10,mc.svm_SMOTET,svm,SMOTET,32,3.9665881996619823
DS10,mc.svm_SMOTET,svm,SMOTET,33,4.092105523514651
DS10,mc.svm_SMOTET,svm,SMOTET,34,4.0699219465711645
DS10,mc.svm_SMOTET,svm,SMOTET,35,4.049429969145688
DS10,mc.svm_SMOTET,svm,SMOTET,36,4.073529011727657
DS10,mc.svm_SMOTET,svm,SMOTET,37,3.8492571101111532
DS10,mc.svm_SMOTET,svm,SMOTET,38,3.936076080430199
DS10,mc.svm_SMOTET,svm,SMOTET,39,3.5062433173988943
DS10,mc.svm_SMOTET,svm,SMOTET,40,3.7638657218744678
DS10,mc.svm_SMOTET,svm,SMOTET,41,3.5409098352403157
DS10,mc.svm_SMOTET,svm,SMOTET,42,3.696390613529681
DS10,mc.svm_SMOTET,svm,SMOTET,43,3.8302720280945772
DS10,mc.svm_SMOTET,svm,SMOTET,44,3.7306579457455977
DS10,mc.svm_SMOTET,svm,SMOTET,45,3.5421828048336716
DS10,mc.svm_SMOTET,svm,SMOTET,46,3.612364154274901
DS10,mc.svm_SMOTET,svm,SMOTET,47,3.663380934866918
DS10,mc.svm_SMOTET,svm,SMOTET,48,3.5844328760371473
DS10,mc.svm_SMOTET,svm,SMOTET,49,3.7203467331102966
DS10,mc.svm_SMOTET,svm,SMOTET,50,3.756020035417619
DS10,mc.svm_UNDERB,svm,UNDERB,1,4.911604491097976
DS10,mc.svm_UNDERB,svm,UNDERB,2,4.080349905093567
DS10,mc.svm_UNDERB,svm,UNDERB,3,4.738908146372001
DS10,mc.svm_UNDERB,svm,UNDERB,4,4.42512523371476
DS10,mc.svm_UNDERB,svm,UNDERB,5,4.325141914056823
DS10,mc.svm_UNDERB,svm,UNDERB,6,4.592915430588799
DS10,mc.svm_UNDERB,svm,UNDERB,7,4.061134800746552
DS10,mc.svm_UNDERB,svm,UNDERB,8,3.889953341351762
DS10,mc.svm_UNDERB,svm,UNDERB,9,4.759242870401487
DS10,mc.svm_UNDERB,svm,UNDERB,10,4.8086285958263035
DS10,mc.svm_UNDERB,svm,UNDERB,11,3.792175689638085
DS10,mc.svm_UNDERB,svm,UNDERB,12,4.154913583123404
DS10,mc.svm_UNDERB,svm,UNDERB,13,4.220552983110655
DS10,mc.svm_UNDERB,svm,UNDERB,14,4.023311313214903
DS10,mc.svm_UNDERB,svm,UNDERB,15,4.043701233751839
DS10,mc.svm_UNDERB,svm,UNDERB,16,3.9383481724432383
DS10,mc.svm_UNDERB,svm,UNDERB,17,3.911094764927028
DS10,mc.svm_UNDERB,svm,UNDERB,18,3.849753045907497
DS10,mc.svm_UNDERB,svm,UNDERB,19,3.847776985329865
DS10,mc.svm_UNDERB,svm,UNDERB,20,4.102594111164187
DS10,mc.svm_UNDERB,svm,UNDERB,21,4.014716302993705
DS10,mc.svm_UNDERB,svm,UNDERB,22,3.5147368453225485
DS10,mc.svm_UNDERB,svm,UNDERB,23,3.4923882429378197
DS10,mc.svm_UNDERB,svm,UNDERB,24,3.9713231047537736
DS10,mc.svm_UNDERB,svm,UNDERB,25,3.940401216164327
DS10,mc.svm_UNDERB,svm,UNDERB,26,3.9657108623212705
DS10,mc.svm_UNDERB,svm,UNDERB,27,3.9452684245897887
DS10,mc.svm_UNDERB,svm,UNDERB,28,3.3373929445444213
DS10,mc.svm_UNDERB,svm,UNDERB,29,3.8419936678941426
DS10,mc.svm_UNDERB,svm,UNDERB,30,3.7510339695255754
DS10,mc.svm_UNDERB,svm,UNDERB,31,3.816161118907074
DS10,mc.svm_UNDERB,svm,UNDERB,32,4.251568529378395
DS10,mc.svm_UNDERB,svm,UNDERB,33,3.7553324909580397
DS10,mc.svm_UNDERB,svm,UNDERB,34,4.163872444711846
DS10,mc.svm_UNDERB,svm,UNDERB,35,4.034978187237055
DS10,mc.svm_UNDERB,svm,UNDERB,36,3.8476765083163413
DS10,mc.svm_UNDERB,svm,UNDERB,37,3.8859557375456415
DS10,mc.svm_UNDERB,svm,UNDERB,38,4.081609737482606
DS10,mc.svm_UNDERB,svm,UNDERB,39,3.6574137167063285
DS10,mc.svm_UNDERB,svm,UNDERB,40,3.686809213016359
DS10,mc.svm_UNDERB,svm,UNDERB,41,3.8860820474933564
DS10,mc.svm_UNDERB,svm,UNDERB,42,4.022653013940833
DS10,mc.svm_UNDERB,svm,UNDERB,43,4.003342909400344
DS10,mc.svm_UNDERB,svm,UNDERB,44,3.758580409185314
DS10,mc.svm_UNDERB,svm,UNDERB,45,3.757853663823607
DS10,mc.svm_UNDERB,svm,UNDERB,46,3.715650481848848
DS10,mc.svm_UNDERB,svm,UNDERB,47,3.852553669660639
DS10,mc.svm_UNDERB,svm,UNDERB,48,3.876373058958531
DS10,mc.svm_UNDERB,svm,UNDERB,49,3.8576731839898817
DS10,mc.svm_UNDERB,svm,UNDERB,50,3.7910849494640937
DS10,mc.svm_UNDERTPhi,svm,UNDERTPhi,1,4.94810573560678
DS10,mc.svm_UNDERTPhi,svm,UNDERTPhi,2,5.188321880350125
DS10,mc.svm_UNDERTPhi,svm,UNDERTPhi,3,5.297552796282358
DS10,mc.svm_UNDERTPhi,svm,UNDERTPhi,4,5.033827584209567
DS10,mc.svm_UNDERTPhi,svm,UNDERTPhi,5,5.2311000170176944
DS10,mc.svm_UNDERTPhi,svm,UNDERTPhi,6,4.76365878474171
DS10,mc.svm_UNDERTPhi,svm,UNDERTPhi,7,5.041718618815323
DS10,mc.svm_UNDERTPhi,svm,UNDERTPhi,8,5.6144556045797165
DS10,mc.svm_UNDERTPhi,svm,UNDERTPhi,9,4.613835403207429
DS10,mc.svm_UNDERTPhi,svm,UNDERTPhi,10,5.242225193107648
DS10,mc.svm_UNDERTPhi,svm,UNDERTPhi,11,4.82457880139187
DS10,mc.svm_UNDERTPhi,svm,UNDERTPhi,12,4.783831929128468
DS10,mc.svm_UNDERTPhi,svm,UNDERTPhi,13,5.0910506520826955
DS10,mc.svm_UNDERTPhi,svm,UNDERTPhi,14,5.162119442677684
DS10,mc.svm_UNDERTPhi,svm,UNDERTPhi,15,5.195698124008353
DS10,mc.svm_UNDERTPhi,svm,UNDERTPhi,16,4.857313732483882
DS10,mc.svm_UNDERTPhi,svm,UNDERTPhi,17,4.971784994268102
DS10,mc.svm_UNDERTPhi,svm,UNDERTPhi,18,5.002899258658968
DS10,mc.svm_UNDERTPhi,svm,UNDERTPhi,19,4.686061006418654
DS10,mc.svm_UNDERTPhi,svm,UNDERTPhi,20,4.6576500922492166
DS10,mc.svm_UNDERTPhi,svm,UNDERTPhi,21,5.036848621974835
DS10,mc.svm_UNDERTPhi,svm,UNDERTPhi,22,5.378591219436062
DS10,mc.svm_UNDERTPhi,svm,UNDERTPhi,23,5.3863561638116275
DS10,mc.svm_UNDERTPhi,svm,UNDERTPhi,24,4.385041753171239
DS10,mc.svm_UNDERTPhi,svm,UNDERTPhi,25,4.475050531547181
DS10,mc.svm_UNDERTPhi,svm,UNDERTPhi,26,4.8191576152519975
DS10,mc.svm_UNDERTPhi,svm,UNDERTPhi,27,5.119856988521278
DS10,mc.svm_UNDERTPhi,svm,UNDERTPhi,28,4.8142251639658316
DS10,mc.svm_UNDERTPhi,svm,UNDERTPhi,29,4.575209315520657
DS10,mc.svm_UNDERTPhi,svm,UNDERTPhi,30,4.803628923656553
DS10,mc.svm_UNDERTPhi,svm,UNDERTPhi,31,5.060298937003882
DS10,mc.svm_UNDERTPhi,svm,UNDERTPhi,32,4.605346073810934
DS10,mc.svm_UNDERTPhi,svm,UNDERTPhi,33,4.613404865273317
DS10,mc.svm_UNDERTPhi,svm,UNDERTPhi,34,4.442079453158673
DS10,mc.svm_UNDERTPhi,svm,UNDERTPhi,35,4.583911288151516
DS10,mc.svm_UNDERTPhi,svm,UNDERTPhi,36,4.853738904974272
DS10,mc.svm_UNDERTPhi,svm,UNDERTPhi,37,4.865164100287136
DS10,mc.svm_UNDERTPhi,svm,UNDERTPhi,38,4.746469405738786
DS10,mc.svm_UNDERTPhi,svm,UNDERTPhi,39,4.434803130159649
DS10,mc.svm_UNDERTPhi,svm,UNDERTPhi,40,4.594223283776913
DS10,mc.svm_UNDERTPhi,svm,UNDERTPhi,41,4.607662865781462
DS10,mc.svm_UNDERTPhi,svm,UNDERTPhi,42,4.91022266644893
DS10,mc.svm_UNDERTPhi,svm,UNDERTPhi,43,4.382619282764975
DS10,mc.svm_UNDERTPhi,svm,UNDERTPhi,44,4.641807631450338
DS10,mc.svm_UNDERTPhi,svm,UNDERTPhi,45,4.659796141924827
DS10,mc.svm_UNDERTPhi,svm,UNDERTPhi,46,4.575153691128721
DS10,mc.svm_UNDERTPhi,svm,UNDERTPhi,47,4.663803826887609
DS10,mc.svm_UNDERTPhi,svm,UNDERTPhi,48,4.699473996857648
DS10,mc.svm_UNDERTPhi,svm,UNDERTPhi,49,4.618845678684461
DS10,mc.svm_UNDERTPhi,svm,UNDERTPhi,50,4.452122308907829
DS10,mc.svm_UNDERT,svm,UNDERT,1,4.176177444154071
DS10,mc.svm_UNDERT,svm,UNDERT,2,4.242268283680366
DS10,mc.svm_UNDERT,svm,UNDERT,3,3.5702629473685015
DS10,mc.svm_UNDERT,svm,UNDERT,4,4.479589432396661
DS10,mc.svm_UNDERT,svm,UNDERT,5,4.287259638984821
DS10,mc.svm_UNDERT,svm,UNDERT,6,4.486075661488908
DS10,mc.svm_UNDERT,svm,UNDERT,7,4.128240196682782
DS10,mc.svm_UNDERT,svm,UNDERT,8,3.6699607063127333
DS10,mc.svm_UNDERT,svm,UNDERT,9,3.349718358461199
DS10,mc.svm_UNDERT,svm,UNDERT,10,3.620055843672485
DS10,mc.svm_UNDERT,svm,UNDERT,11,4.389662366661112
DS10,mc.svm_UNDERT,svm,UNDERT,12,4.403492989200017
DS10,mc.svm_UNDERT,svm,UNDERT,13,3.9206359415699548
DS10,mc.svm_UNDERT,svm,UNDERT,14,4.331661558689206
DS10,mc.svm_UNDERT,svm,UNDERT,15,3.6340644207190276
DS10,mc.svm_UNDERT,svm,UNDERT,16,3.8017360367730477
DS10,mc.svm_UNDERT,svm,UNDERT,17,3.9119281367018943
DS10,mc.svm_UNDERT,svm,UNDERT,18,4.024709328888566
DS10,mc.svm_UNDERT,svm,UNDERT,19,3.0263719240343923
DS10,mc.svm_UNDERT,svm,UNDERT,20,4.150923973654132
DS10,mc.svm_UNDERT,svm,UNDERT,21,3.5533815417730503
DS10,mc.svm_UNDERT,svm,UNDERT,22,3.8166468116384236
DS10,mc.svm_UNDERT,svm,UNDERT,23,4.558205892806426
DS10,mc.svm_UNDERT,svm,UNDERT,24,3.682079579509133
DS10,mc.svm_UNDERT,svm,UNDERT,25,3.746952857827425
DS10,mc.svm_UNDERT,svm,UNDERT,26,3.8402536575057673
DS10,mc.svm_UNDERT,svm,UNDERT,27,3.694396295161442
DS10,mc.svm_UNDERT,svm,UNDERT,28,3.970193140415362
DS10,mc.svm_UNDERT,svm,UNDERT,29,3.910084370449273
DS10,mc.svm_UNDERT,svm,UNDERT,30,3.9176634490527507
DS10,mc.svm_UNDERT,svm,UNDERT,31,4.043978059053028
DS10,mc.svm_UNDERT,svm,UNDERT,32,3.802316417742599
DS10,mc.svm_UNDERT,svm,UNDERT,33,3.955674669381852
DS10,mc.svm_UNDERT,svm,UNDERT,34,3.869610636428958
DS10,mc.svm_UNDERT,svm,UNDERT,35,3.694341146339978
DS10,mc.svm_UNDERT,svm,UNDERT,36,3.7401933002852044
DS10,mc.svm_UNDERT,svm,UNDERT,37,3.7116384316776574
DS10,mc.svm_UNDERT,svm,UNDERT,38,3.7723508377541854
DS10,mc.svm_UNDERT,svm,UNDERT,39,3.1733886183996702
DS10,mc.svm_UNDERT,svm,UNDERT,40,3.6414908450985046
DS10,mc.svm_UNDERT,svm,UNDERT,41,3.617724782066086
DS10,mc.svm_UNDERT,svm,UNDERT,42,3.6096632879374533
DS10,mc.svm_UNDERT,svm,UNDERT,43,3.6347450758887017
DS10,mc.svm_UNDERT,svm,UNDERT,44,3.8484993736223774
DS10,mc.svm_UNDERT,svm,UNDERT,45,3.606125063351019
DS10,mc.svm_UNDERT,svm,UNDERT,46,3.5564968113513373
DS10,mc.svm_UNDERT,svm,UNDERT,47,3.8535608588018104
DS10,mc.svm_UNDERT,svm,UNDERT,48,4.059911354439315
DS10,mc.svm_UNDERT,svm,UNDERT,49,3.5266711439237044
DS10,mc.svm_UNDERT,svm,UNDERT,50,3.668672041882124
DS10,mc.svm,svm,baseline,1,2.2157086231216128
DS10,mc.svm,svm,baseline,2,2.2619086654467635
DS10,mc.svm,svm,baseline,3,2.2806899460338372
DS10,mc.svm,svm,baseline,4,2.26739225869707
DS10,mc.svm,svm,baseline,5,2.26767659247839
DS10,mc.svm,svm,baseline,6,2.292417627974418
DS10,mc.svm,svm,baseline,7,2.3046575331249173
DS10,mc.svm,svm,baseline,8,2.3059998641424073
DS10,mc.svm,svm,baseline,9,2.29154727656108
DS10,mc.svm,svm,baseline,10,2.2977778071221375
DS10,mc.svm,svm,baseline,11,2.3149679648588872
DS10,mc.svm,svm,baseline,12,2.308393457111747
DS10,mc.svm,svm,baseline,13,2.2942475838015124
DS10,mc.svm,svm,baseline,14,2.303749292446978
DS10,mc.svm,svm,baseline,15,2.3163596615298556
DS10,mc.svm,svm,baseline,16,2.314356809069846
DS10,mc.svm,svm,baseline,17,2.3226873653696836
DS10,mc.svm,svm,baseline,18,2.325646332079236
DS10,mc.svm,svm,baseline,19,2.3190840428150783
DS10,mc.svm,svm,baseline,20,2.3245418954185086
DS10,mc.svm,svm,baseline,21,2.312202872366563
DS10,mc.svm,svm,baseline,22,2.304450647015524
DS10,mc.svm,svm,baseline,23,2.2957595046263686
DS10,mc.svm,svm,baseline,24,2.283366742762322
DS10,mc.svm,svm,baseline,25,2.2990688830398196
DS10,mc.svm,svm,baseline,26,2.313812142630919
DS10,mc.svm,svm,baseline,27,2.354070615776735
DS10,mc.svm,svm,baseline,28,2.3434883157416726
DS10,mc.svm,svm,baseline,29,2.348130795807494
DS10,mc.svm,svm,baseline,30,2.34277824842566
DS10,mc.svm,svm,baseline,31,2.3439462854897597
DS10,mc.svm,svm,baseline,32,2.342267064579864
DS10,mc.svm,svm,baseline,33,2.3328355964930982
DS10,mc.svm,svm,baseline,34,2.3423885009779566
DS10,mc.svm,svm,baseline,35,2.3520257701865495
DS10,mc.svm,svm,baseline,36,2.3563600908696642
DS10,mc.svm,svm,baseline,37,2.3512107842468324
DS10,mc.svm,svm,baseline,38,2.345582858358408
DS10,mc.svm,svm,baseline,39,2.3046376349160944
DS10,mc.svm,svm,baseline,40,2.303460346117992
DS10,mc.svm,svm,baseline,41,2.2898241809773032
DS10,mc.svm,svm,baseline,42,2.299448499987893
DS10,mc.svm,svm,baseline,43,2.307331746397858
DS10,mc.svm,svm,baseline,44,2.3344861523436053
DS10,mc.svm,svm,baseline,45,2.297347168977366
DS10,mc.svm,svm,baseline,46,2.3034577157651612
DS10,mc.svm,svm,baseline,47,2.29436889888211
DS10,mc.svm,svm,baseline,48,2.2934183360519356
DS10,mc.svm,svm,baseline,49,2.3111163551874845
DS10,mc.svm,svm,baseline,50,2.3155146161113755
