dataset_id,workflow,model_family,strategy,iteration,rmse
DS13,mc.BDES,BDES,baseline,1,9.566602490839188
DS13,mc.BDES,BDES,baseline,2,9.577819271996756
DS13,mc.BDES,BDES,baseline,3,9.978653350393003
DS13,mc.BDES,BDES,baseline,4,10.248630562782068
DS13,mc.BDES,BDES,baseline,5,10.257454503646938
DS13,mc.BDES,BDES,baseline,6,10.337611641980718
DS13,mc.BDES,BDES,baseline,7,10.319933065060237
DS13,mc.BDES,BDES,baseline,8,10.345128004638903
DS13,mc.BDES,BDES,baseline,9,10.492950225782772
DS13,mc.BDES,BDES,baseline,10,10.527026096871435
DS13,mc.BDES,BDES,baseline,11,10.59255630161924
DS13,mc.BDES,BDES,baseline,12,10.815523858412163
DS13,mc.BDES,BDES,baseline,13,10.817712838829598
DS13,mc.BDES,BDES,baseline,14,11.132313574860293
DS13,mc.BDES,BDES,baseline,15,11.392659756571828
DS13,mc.BDES,BDES,baseline,16,11.412473567517415
DS13,mc.BDES,BDES,baseline,17,11.500499897794747
DS13,mc.BDES,BDES,baseline,18,11.917312412418973
DS13,mc.BDES,BDES,baseline,19,12.318538339770342
DS13,mc.BDES,BDES,baseline,20,12.500695998228709
DS13,mc.BDES,BDES,baseline,21,12.467563944229603
DS13,mc.BDES,BDES,baseline,22,12.461608737478125
DS13,mc.BDES,BDES,baseline,23,12.778319746864055
DS13,mc.BDES,BDES,baseline,24,12.840430141729906
DS13,mc.BDES,BDES,baseline,25,12.841834742156623
DS13,mc.BDES,BDES,baseline,26,13.002448882320083
DS13,mc.BDES,BDES,baseline,27,12.946071030030044
DS13,mc.BDES,BDES,baseline,28,12.774474434172927
DS13,mc.BDES,BDES,baseline,29,12.842714362269893
DS13,mc.BDES,BDES,baseline,30,12.727907473091049
DS13,mc.BDES,BDES,baseline,31,12.694083824552411
DS13,mc.BDES,BDES,baseline,32,12.705897591016424
DS13,mc.BDES,BDES,baseline,33,13.065089279363782
DS13,mc.BDES,BDES,baseline,34,13.117030380852357
DS13,mc.BDES,BDES,baseline,35,13.181157919198998
DS13,mc.BDES,BDES,baseline,36,13.278465680924247
DS13,mc.BDES,BDES,baseline,37,13.273535863662337
DS13,mc.BDES,BDES,baseline,38,13.264524495202691
DS13,mc.BDES,BDES,baseline,39,13.376796360640911
DS13,mc.BDES,BDES,baseline,40,13.107793982017627
DS13,mc.BDES,BDES,baseline,41,13.126650136640842
DS13,mc.BDES,BDES,baseline,42,13.134679952861246
DS13,mc.BDES,BDES,baseline,43,13.213224414060129
DS13,mc.BDES,BDES,baseline,44,13.134830866186892
DS13,mc.BDES,BDES,baseline,45,13.174140691692283
DS13,mc.BDES,BDES,baseline,46,13.344335743599434
DS13,mc.BDES,BDES,baseline,47,13.234176904661243
DS13,mc.BDES,BDES,baseline,48,13.27814417968527
DS13,mc.BDES,BDES,baseline,49,13.069756852871999
DS13,mc.BDES,BDES,baseline,50,13.105742227009424
DS13,mc.arima,arima,baseline,1,10.15349755516989
DS13,mc.arima,arima,baseline,2,10.176394913427368
DS13,mc.arima,arima,baseline,3,10.46139373057143
DS13,mc.arima,arima,baseline,4,10.917122705526895
DS13,mc.arima,arima,baseline,5,10.87685344092563
DS13,mc.arima,arima,baseline,6,10.95658379890575
DS13,mc.arima,arima,baseline,7,10.99579203892182
DS13,mc.arima,arima,baseline,8,10.998726583860911
DS13,mc.arima,arima,baseline,9,11.099736313887343
DS13,mc.arima,arima,baseline,10,11.12657705925853
DS13,mc.arima,arima,baseline,11,11.23948704284014
DS13,mc.arima,arima,baseline,12,11.49340427975032
DS13,mc.arima,arima,baseline,13,11.508701250370974
DS13,mc.arima,arima,baseline,14,11.78006846861329
DS13,mc.arima,arima,baseline,15,11.915876679254511
DS13,mc.arima,arima,baseline,16,11.994341297645107
DS13,mc.arima,arima,baseline,17,12.009336036814112
DS13,mc.arima,arima,baseline,18,12.847720530598362
DS13,mc.arima,arima,baseline,19,13.12710576072744
DS13,mc.arima,arima,baseline,20,13.187143214382022
DS13,mc.arima,arima,baseline,21,13.19560914495522
DS13,mc.arima,arima,baseline,22,13.151727030388354
DS13,mc.arima,arima,baseline,23,13.310470849249882
DS13,mc.arima,arima,baseline,24,13.411657660075871
DS13,mc.arima,arima,baseline,25,13.480555904845492
DS13,mc.arima,arima,baseline,26,13.6346855837374
DS13,mc.arima,arima,baseline,27,13.584101953939077
DS13,mc.arima,arima,baseline,28,13.52566062049671
DS13,mc.arima,arima,baseline,29,13.609805925078359
DS13,mc.arima,arima,baseline,30,13.482870193565777
DS13,mc.arima,arima,baseline,31,13.509808199856126
DS13,mc.arima,arima,baseline,32,13.498204086862238
DS13,mc.arima,arima,baseline,33,13.725752107714053
DS13,mc.arima,arima,baseline,34,13.780038996062544
DS13,mc.arima,arima,baseline,35,13.768360767927629
DS13,mc.arima,arima,baseline,36,13.820727125968148
DS13,mc.arima,arima,baseline,37,13.979199873224632
DS13,mc.arima,arima,baseline,38,13.825321505535065
DS13,mc.arima,arima,baseline,39,13.827525421449282
DS13,mc.arima,arima,baseline,40,13.905375280344346
DS13,mc.arima,arima,baseline,41,13.9799386862837
DS13,mc.arima,arima,baseline,42,13.983525318233301
DS13,mc.arima,arima,baseline,43,13.991283664704593
DS13,mc.arima,arima,baseline,44,13.991619015031482
DS13,mc.arima,arima,baseline,45,13.975725535001363
DS13,mc.arima,arima,baseline,46,13.973046552812129
DS13,mc.arima,arima,baseline,47,13.824449520056474
DS13,mc.arima,arima,baseline,48,14.033667359732323
DS13,mc.arima,arima,baseline,49,13.745144169963865
DS13,mc.arima,arima,baseline,50,13.775674751666394
DS13,mc.lm_OVERB,lm,OVERB,1,13.596808230037515
DS13,mc.lm_OVERB,lm,OVERB,2,13.516233713838009
DS13,mc.lm_OVERB,lm,OVERB,3,14.03814361672364
DS13,mc.lm_OVERB,lm,OVERB,4,14.052893997726674
DS13,mc.lm_OVERB,lm,OVERB,5,14.360636460406724
DS13,mc.lm_OVERB,lm,OVERB,6,14.091742585351568
DS13,mc.lm_OVERB,lm,OVERB,7,14.325116133704245
DS13,mc.lm_OVERB,lm,OVERB,8,13.520298170953236
DS13,mc.lm_OVERB,lm,OVERB,9,13.006828442483048
DS13,mc.lm_OVERB,lm,OVERB,10,13.081439842108702
DS13,mc.lm_OVERB,lm,OVERB,11,13.18381838835713
DS13,mc.lm_OVERB,lm,OVERB,12,13.568979300100764
DS13,mc.lm_OVERB,lm,OVERB,13,13.41932825040379
DS13,mc.lm_OVERB,lm,OVERB,14,14.026347370182114
DS13,mc.lm_OVERB,lm,OVERB,15,13.969216322910832
DS13,mc.lm_OVERB,lm,OVERB,16,14.19337597445009
DS13,mc.lm_OVERB,lm,OVERB,17,14.2036262030132
DS13,mc.lm_OVERB,lm,OVERB,18,14.894727812854967
DS13,mc.lm_OVERB,lm,OVERB,19,15.67580884974702
DS13,mc.lm_OVERB,lm,OVERB,20,15.793258176650113
DS13,mc.lm_OVERB,lm,OVERB,21,15.679483142398993
DS13,mc.lm_OVERB,lm,OVERB,22,15.808831284725391
DS13,mc.lm_OVERB,lm,OVERB,23,15.84830210706801
DS13,mc.lm_OVERB,lm,OVERB,24,16.06966965485895
DS13,mc.lm_OVERB,lm,OVERB,25,15.788258068092333
DS13,mc.lm_OVERB,lm,OVERB,26,16.308152355360058
DS13,mc.lm_OVERB,lm,OVERB,27,15.636318713578133
DS13,mc.lm_OVERB,lm,OVERB,28,15.827442030268873
DS13,mc.lm_OVERB,lm,OVERB,29,15.876656675813848
DS13,mc.lm_OVERB,lm,OVERB,30,15.747998660650149
DS13,mc.lm_OVERB,lm,OVERB,31,15.78859938410211
DS13,mc.lm_OVERB,lm,OVERB,32,15.779001534530309
DS13,mc.lm_OVERB,lm,OVERB,33,15.667638027511941
DS13,mc.lm_OVERB,lm,OVERB,34,15.829131331579513
DS13,mc.lm_OVERB,lm,OVERB,35,15.923086985101012
DS13,mc.lm_OVERB,lm,OVERB,36,16.085078106270597
DS13,mc.lm_OVERB,lm,OVERB,37,15.868947043359698
DS13,mc.lm_OVERB,lm,OVERB,38,15.801299835617712
DS13,mc.lm_OVERB,lm,OVERB,39,16.01882381886088
DS13,mc.lm_OVERB,lm,OVERB,40,16.116455639264736
DS13,mc.lm_OVERB,lm,OVERB,41,15.999491276519425
DS13,mc.lm_OVERB,lm,OVERB,42,16.05422426799419
DS13,mc.lm_OVERB,lm,OVERB,43,16.00899314667588
DS13,mc.lm_OVERB,lm,OVERB,44,15.83956389495428
DS13,mc.lm_OVERB,lm,OVERB,45,15.886050735332777
DS13,mc.lm_OVERB,lm,OVERB,46,15.493038145752276
DS13,mc.lm_OVERB,lm,OVERB,47,15.715401853945119
DS13,mc.lm_OVERB,lm,OVERB,48,15.704484620611751
DS13,mc.lm_OVERB,lm,OVERB,49,15.508766292950636
DS13,mc.lm_OVERB,lm,OVERB,50,15.770565054207815
DS13,mc.lm_OVERTPhi,lm,OVERTPhi,1,13.134848673761207
DS13,mc.lm_OVERTPhi,lm,OVERTPhi,2,12.904283656810325
DS13,mc.lm_OVERTPhi,lm,OVERTPhi,3,13.034251075710028
DS13,mc.lm_OVERTPhi,lm,OVERTPhi,4,13.273519289708968
DS13,mc.lm_OVERTPhi,lm,OVERTPhi,5,13.201327019560775
DS13,mc.lm_OVERTPhi,lm,OVERTPhi,6,13.162743731902404
DS13,mc.lm_OVERTPhi,lm,OVERTPhi,7,13.306232669613525
DS13,mc.lm_OVERTPhi,lm,OVERTPhi,8,13.257838719536323
DS13,mc.lm_OVERTPhi,lm,OVERTPhi,9,12.87703776014684
DS13,mc.lm_OVERTPhi,lm,OVERTPhi,10,13.006771865174725
DS13,mc.lm_OVERTPhi,lm,OVERTPhi,11,13.380907971941427
DS13,mc.lm_OVERTPhi,lm,OVERTPhi,12,13.448239866471422
DS13,mc.lm_OVERTPhi,lm,OVERTPhi,13,13.44021198704032
DS13,mc.lm_OVERTPhi,lm,OVERTPhi,14,14.042306307830613
DS13,mc.lm_OVERTPhi,lm,OVERTPhi,15,14.287019725931614
DS13,mc.lm_OVERTPhi,lm,OVERTPhi,16,14.38740845894979
DS13,mc.lm_OVERTPhi,lm,OVERTPhi,17,14.305553309276284
DS13,mc.lm_OVERTPhi,lm,OVERTPhi,18,15.089896912899814
DS13,mc.lm_OVERTPhi,lm,OVERTPhi,19,15.25788359351164
DS13,mc.lm_OVERTPhi,lm,OVERTPhi,20,15.372450339968857
DS13,mc.lm_OVERTPhi,lm,OVERTPhi,21,15.722402345156961
DS13,mc.lm_OVERTPhi,lm,OVERTPhi,22,15.588256889433199
DS13,mc.lm_OVERTPhi,lm,OVERTPhi,23,15.738824334051303
DS13,mc.lm_OVERTPhi,lm,OVERTPhi,24,16.08812116180071
DS13,mc.lm_OVERTPhi,lm,OVERTPhi,25,16.095923462107482
DS13,mc.lm_OVERTPhi,lm,OVERTPhi,26,15.927193827128603
DS13,mc.lm_OVERTPhi,lm,OVERTPhi,27,15.92739595402812
DS13,mc.lm_OVERTPhi,lm,OVERTPhi,28,15.832403667323929
DS13,mc.lm_OVERTPhi,lm,OVERTPhi,29,15.859392766743007
DS13,mc.lm_OVERTPhi,lm,OVERTPhi,30,15.680031422126506
DS13,mc.lm_OVERTPhi,lm,OVERTPhi,31,15.60339992561843
DS13,mc.lm_OVERTPhi,lm,OVERTPhi,32,15.382720444794975
DS13,mc.lm_OVERTPhi,lm,OVERTPhi,33,15.865021406987974
DS13,mc.lm_OVERTPhi,lm,OVERTPhi,34,15.817493575890454
DS13,mc.lm_OVERTPhi,lm,OVERTPhi,35,15.59182568669761
DS13,mc.lm_OVERTPhi,lm,OVERTPhi,36,16.032138364582668
DS13,mc.lm_OVERTPhi,lm,OVERTPhi,37,15.650109912175331
DS13,mc.lm_OVERTPhi,lm,OVERTPhi,38,15.739190568496015
DS13,mc.lm_OVERTPhi,lm,OVERTPhi,39,16.097293500410185
DS13,mc.lm_OVERTPhi,lm,OVERTPhi,40,16.106228539841023
DS13,mc.lm_OVERTPhi,lm,OVERTPhi,41,16.270904156067996
DS13,mc.lm_OVERTPhi,lm,OVERTPhi,42,16.455923739715715
DS13,mc.lm_OVERTPhi,lm,OVERTPhi,43,16.18519842666979
DS13,mc.lm_OVERTPhi,lm,OVERTPhi,44,16.116575138653616
DS13,mc.lm_OVERTPhi,lm,OVERTPhi,45,16.017686829437128
DS13,mc.lm_OVERTPhi,lm,OVERTPhi,46,15.933959492860795
DS13,mc.lm_OVERTPhi,lm,OVERTPhi,47,15.668709785466449
DS13,mc.lm_OVERTPhi,lm,OVERTPhi,48,16.137212623028976
DS13,mc.lm_OVERTPhi,lm,OVERTPhi,49,16.0658906854323
DS13,mc.lm_OVERTPhi,lm,OVERTPhi,50,16.12082769504095
DS13,mc.lm_OVERT,lm,OVERT,1,13.042827135817616
DS13,mc.lm_OVERT,lm,OVERT,2,12.874569372582188
DS13,mc.lm_OVERT,lm,OVERT,3,13.063825768505644
DS13,mc.lm_OVERT,lm,OVERT,4,13.302834509500359
DS13,mc.lm_OVERT,lm,OVERT,5,13.207725547426733
DS13,mc.lm_OVERT,lm,OVERT,6,13.111404548669766
DS13,mc.lm_OVERT,lm,OVERT,7,13.252448167544916
DS13,mc.lm_OVERT,lm,OVERT,8,13.147216525434915
DS13,mc.lm_OVERT,lm,OVERT,9,12.829563632498783
DS13,mc.lm_OVERT,lm,OVERT,10,12.97460618806753
DS13,mc.lm_OVERT,lm,OVERT,11,13.431599977890077
DS13,mc.lm_OVERT,lm,OVERT,12,13.46989044234162
DS13,mc.lm_OVERT,lm,OVERT,13,13.503575694690573
DS13,mc.lm_OVERT,lm,OVERT,14,13.977913934570546
DS13,mc.lm_OVERT,lm,OVERT,15,14.301985215162452
DS13,mc.lm_OVERT,lm,OVERT,16,14.410502738132932
DS13,mc.lm_OVERT,lm,OVERT,17,14.383505897550986
DS13,mc.lm_OVERT,lm,OVERT,18,15.073399106899164
DS13,mc.lm_OVERT,lm,OVERT,19,15.262302567077828
DS13,mc.lm_OVERT,lm,OVERT,20,15.396002634673446
DS13,mc.lm_OVERT,lm,OVERT,21,15.707683216919678
DS13,mc.lm_OVERT,lm,OVERT,22,15.492949766109154
DS13,mc.lm_OVERT,lm,OVERT,23,15.786183604956678
DS13,mc.lm_OVERT,lm,OVERT,24,16.042519947269177
DS13,mc.lm_OVERT,lm,OVERT,25,16.109969154790857
DS13,mc.lm_OVERT,lm,OVERT,26,15.974431727185676
DS13,mc.lm_OVERT,lm,OVERT,27,15.944086653194711
DS13,mc.lm_OVERT,lm,OVERT,28,15.82988889793759
DS13,mc.lm_OVERT,lm,OVERT,29,15.924682293040643
DS13,mc.lm_OVERT,lm,OVERT,30,15.661281275459348
DS13,mc.lm_OVERT,lm,OVERT,31,15.545906189104576
DS13,mc.lm_OVERT,lm,OVERT,32,15.407985790838456
DS13,mc.lm_OVERT,lm,OVERT,33,15.968060803858826
DS13,mc.lm_OVERT,lm,OVERT,34,15.781511243303655
DS13,mc.lm_OVERT,lm,OVERT,35,15.552400471967843
DS13,mc.lm_OVERT,lm,OVERT,36,16.02235102465228
DS13,mc.lm_OVERT,lm,OVERT,37,15.645834215014132
DS13,mc.lm_OVERT,lm,OVERT,38,15.727414399152638
DS13,mc.lm_OVERT,lm,OVERT,39,16.087066911191975
DS13,mc.lm_OVERT,lm,OVERT,40,16.10861434596491
DS13,mc.lm_OVERT,lm,OVERT,41,16.158756025762518
DS13,mc.lm_OVERT,lm,OVERT,42,16.41277546091615
DS13,mc.lm_OVERT,lm,OVERT,43,16.19492087425979
DS13,mc.lm_OVERT,lm,OVERT,44,16.111147744152007
DS13,mc.lm_OVERT,lm,OVERT,45,15.971051332854985
DS13,mc.lm_OVERT,lm,OVERT,46,15.959529077853917
DS13,mc.lm_OVERT,lm,OVERT,47,15.658296256707226
DS13,mc.lm_OVERT,lm,OVERT,48,16.13528244045856
DS13,mc.lm_OVERT,lm,OVERT,49,16.054785435434106
DS13,mc.lm_OVERT,lm,OVERT,50,16.13026040366129
DS13,mc.lm_SMOTEB,lm,SMOTEB,1,15.89313340351217
DS13,mc.lm_SMOTEB,lm,SMOTEB,2,15.826117693848198
DS13,mc.lm_SMOTEB,lm,SMOTEB,3,15.373133308000604
DS13,mc.lm_SMOTEB,lm,SMOTEB,4,16.72925987648342
DS13,mc.lm_SMOTEB,lm,SMOTEB,5,15.676177266876898
DS13,mc.lm_SMOTEB,lm,SMOTEB,6,16.816622402347814
DS13,mc.lm_SMOTEB,lm,SMOTEB,7,16.567266160642358
DS13,mc.lm_SMOTEB,lm,SMOTEB,8,14.786615759871399
DS13,mc.lm_SMOTEB,lm,SMOTEB,9,14.330057603048395
DS13,mc.lm_SMOTEB,lm,SMOTEB,10,15.288296377853381
DS13,mc.lm_SMOTEB,lm,SMOTEB,11,14.928577605360392
DS13,mc.lm_SMOTEB,lm,SMOTEB,12,15.617576186814233
DS13,mc.lm_SMOTEB,lm,SMOTEB,13,15.992995991806103
DS13,mc.lm_SMOTEB,lm,SMOTEB,14,15.787985431458848
DS13,mc.lm_SMOTEB,lm,SMOTEB,15,15.680421162225349
DS13,mc.lm_SMOTEB,lm,SMOTEB,16,15.780451025544854
DS13,mc.lm_SMOTEB,lm,SMOTEB,17,16.475050543735108
DS13,mc.lm_SMOTEB,lm,SMOTEB,18,17.721746908030337
DS13,mc.lm_SMOTEB,lm,SMOTEB,19,18.068899009323623
DS13,mc.lm_SMOTEB,lm,SMOTEB,20,17.68282839613373
DS13,mc.lm_SMOTEB,lm,SMOTEB,21,18.057615610604415
DS13,mc.lm_SMOTEB,lm,SMOTEB,22,18.4778356539905
DS13,mc.lm_SMOTEB,lm,SMOTEB,23,18.282404062072075
DS13,mc.lm_SMOTEB,lm,SMOTEB,24,18.181201777502043
DS13,mc.lm_SMOTEB,lm,SMOTEB,25,18.67612051636136
DS13,mc.lm_SMOTEB,lm,SMOTEB,26,18.50678783636427
DS13,mc.lm_SMOTEB,lm,SMOTEB,27,18.10716663157773
DS13,mc.lm_SMOTEB,lm,SMOTEB,28,18.337563265725674
DS13,mc.lm_SMOTEB,lm,SMOTEB,29,19.13544510161231
DS13,mc.lm_SMOTEB,lm,SMOTEB,30,17.557481396431044
DS13,mc.lm_SMOTEB,lm,SMOTEB,31,17.818603830221917
DS13,mc.lm_SMOTEB,lm,SMOTEB,32,18.284716184293803
DS13,mc.lm_SMOTEB,lm,SMOTEB,33,18.52885621708565
DS13,mc.lm_SMOTEB,lm,SMOTEB,34,17.298151261168453
DS13,mc.lm_SMOTEB,lm,SMOTEB,35,19.20386505513103
DS13,mc.lm_SMOTEB,lm,SMOTEB,36,18.3787787122876
DS13,mc.lm_SMOTEB,lm,SMOTEB,37,17.989210794326738
DS13,mc.lm_SMOTEB,lm,SMOTEB,38,18.12467735038561
DS13,mc.lm_SMOTEB,lm,SMOTEB,39,18.747387048669825
DS13,mc.lm_SMOTEB,lm,SMOTEB,40,17.931492702244135
DS13,mc.lm_SMOTEB,lm,SMOTEB,41,17.842619766574593
DS13,mc.lm_SMOTEB,lm,SMOTEB,42,18.27859876680867
DS13,mc.lm_SMOTEB,lm,SMOTEB,43,18.03887801404815
DS13,mc.lm_SMOTEB,lm,SMOTEB,44,18.523505665367455
DS13,mc.lm_SMOTEB,lm,SMOTEB,45,18.134005289727444
DS13,mc.lm_SMOTEB,lm,SMOTEB,46,18.122178820239796
DS13,mc.lm_SMOTEB,lm,SMOTEB,47,17.507945870123603
DS13,mc.lm_SMOTEB,lm,SMOTEB,48,18.973474474826542
DS13,mc.lm_SMOTEB,lm,SMOTEB,49,18.736124029570263
DS13,mc.lm_SMOTEB,lm,SMOTEB,50,18.41978131353523
DS13,mc.lm_SMOTETPhi,lm,SMOTETPhi,1,16.52909647853209
DS13,mc.lm_SMOTETPhi,lm,SMOTETPhi,2,17.686565597802307
DS13,mc.lm_SMOTETPhi,lm,SMOTETPhi,3,17.539643796416147
DS13,mc.lm_SMOTETPhi,lm,SMOTETPhi,4,17.221512788755895
DS13,mc.lm_SMOTETPhi,lm,SMOTETPhi,5,17.61407344121656
DS13,mc.lm_SMOTETPhi,lm,SMOTETPhi,6,17.800182931157316
DS13,mc.lm_SMOTETPhi,lm,SMOTETPhi,7,17.934790575838832
DS13,mc.lm_SMOTETPhi,lm,SMOTETPhi,8,16.296106446273637
DS13,mc.lm_SMOTETPhi,lm,SMOTETPhi,9,15.323619826353474
DS13,mc.lm_SMOTETPhi,lm,SMOTETPhi,10,15.999472927911935
DS13,mc.lm_SMOTETPhi,lm,SMOTETPhi,11,16.142115240677093
DS13,mc.lm_SMOTETPhi,lm,SMOTETPhi,12,17.490993257996625
DS13,mc.lm_SMOTETPhi,lm,SMOTETPhi,13,17.523918018416094
DS13,mc.lm_SMOTETPhi,lm,SMOTETPhi,14,17.47234002910388
DS13,mc.lm_SMOTETPhi,lm,SMOTETPhi,15,17.659217957312173
DS13,mc.lm_SMOTETPhi,lm,SMOTETPhi,16,18.60731153809906
DS13,mc.lm_SMOTETPhi,lm,SMOTETPhi,17,17.877269656379294
DS13,mc.lm_SMOTETPhi,lm,SMOTETPhi,18,18.102974012944564
DS13,mc.lm_SMOTETPhi,lm,SMOTETPhi,19,18.14097361664364
DS13,mc.lm_SMOTETPhi,lm,SMOTETPhi,20,18.642242297096423
DS13,mc.lm_SMOTETPhi,lm,SMOTETPhi,21,18.72789333327427
DS13,mc.lm_SMOTETPhi,lm,SMOTETPhi,22,19.04718415843377
DS13,mc.lm_SMOTETPhi,lm,SMOTETPhi,23,19.134450265993884
DS13,mc.lm_SMOTETPhi,lm,SMOTETPhi,24,19.905890369438715
DS13,mc.lm_SMOTETPhi,lm,SMOTETPhi,25,19.548537758397064
DS13,mc.lm_SMOTETPhi,lm,SMOTETPhi,26,19.648240430666664
DS13,mc.lm_SMOTETPhi,lm,SMOTETPhi,27,19.83360670195241
DS13,mc.lm_SMOTETPhi,lm,SMOTETPhi,28,19.68421229946703
DS13,mc.lm_SMOTETPhi,lm,SMOTETPhi,29,19.84048084356779
DS13,mc.lm_SMOTETPhi,lm,SMOTETPhi,30,18.837025291530328
DS13,mc.lm_SMOTETPhi,lm,SMOTETPhi,31,18.770166120975205
DS13,mc.lm_SMOTETPhi,lm,SMOTETPhi,32,18.974287115511967
DS13,mc.lm_SMOTETPhi,lm,SMOTETPhi,33,19.68693468740845
DS13,mc.lm_SMOTETPhi,lm,SMOTETPhi,34,20.225985509664532
DS13,mc.lm_SMOTETPhi,lm,SMOTETPhi,35,20.126071069069187
DS13,mc.lm_SMOTETPhi,lm,SMOTETPhi,36,20.220788412612187
DS13,mc.lm_SMOTETPhi,lm,SMOTETPhi,37,20.05541020837987
DS13,mc.lm_SMOTETPhi,lm,SMOTETPhi,38,21.01636152831301
DS13,mc.lm_SMOTETPhi,lm,SMOTETPhi,39,19.500481735514136
DS13,mc.lm_SMOTETPhi,lm,SMOTETPhi,40,19.81061902845712
DS13,mc.lm_SMOTETPhi,lm,SMOTETPhi,41,20.43656949857697
DS13,mc.lm_SMOTETPhi,lm,SMOTETPhi,42,20.144943671734847
DS13,mc.lm_SMOTETPhi,lm,SMOTETPhi,43,19.73258299610077
DS13,mc.lm_SMOTETPhi,lm,SMOTETPhi,44,19.96363390541787
DS13,mc.lm_SMOTETPhi,lm,SMOTETPhi,45,19.70153363438811
DS13,mc.lm_SMOTETPhi,lm,SMOTETPhi,46,20.043898016542688
DS13,mc.lm_SMOTETPhi,lm,SMOTETPhi,47,20.203835489369318
DS13,mc.lm_SMOTETPhi,lm,SMOTETPhi,48,20.01006337731605
DS13,mc.lm_SMOTETPhi,lm,SMOTETPhi,49,20.824278508873267
DS13,mc.lm_SMOTETPhi,lm,SMOTETPhi,50,20.178869513741287
DS13,mc.lm_SMOTET,lm,SMOTET,1,15.990945641485254
DS13,mc.lm_SMOTET,lm,SMOTET,2,16.907307119894003
DS13,mc.lm_SMOTET,lm,SMOTET,3,17.2380449974584
DS13,mc.lm_SMOTET,lm,SMOTET,4,16.889147683165948
DS13,mc.lm_SMOTET,lm,SMOTET,5,16.6039584134924
DS13,mc.lm_SMOTET,lm,SMOTET,6,17.178721409751088
DS13,mc.lm_SMOTET,lm,SMOTET,7,18.012376478615163
DS13,mc.lm_SMOTET,lm,SMOTET,8,15.980126634187746
DS13,mc.lm_SMOTET,lm,SMOTET,9,14.958695602678093
DS13,mc.lm_SMOTET,lm,SMOTET,10,15.47921372347951
DS13,mc.lm_SMOTET,lm,SMOTET,11,16.463630375114846
DS13,mc.lm_SMOTET,lm,SMOTET,12,16.095856810974244
DS13,mc.lm_SMOTET,lm,SMOTET,13,16.421089823381536
DS13,mc.lm_SMOTET,lm,SMOTET,14,17.07546907168144
DS13,mc.lm_SMOTET,lm,SMOTET,15,16.678183183050578
DS13,mc.lm_SMOTET,lm,SMOTET,16,17.007887581749966
DS13,mc.lm_SMOTET,lm,SMOTET,17,16.62299767843816
DS13,mc.lm_SMOTET,lm,SMOTET,18,17.252716153817826
DS13,mc.lm_SMOTET,lm,SMOTET,19,17.627578833025627
DS13,mc.lm_SMOTET,lm,SMOTET,20,18.752696835006887
DS13,mc.lm_SMOTET,lm,SMOTET,21,17.73993975826598
DS13,mc.lm_SMOTET,lm,SMOTET,22,18.18418159737564
DS13,mc.lm_SMOTET,lm,SMOTET,23,18.389492647194004
DS13,mc.lm_SMOTET,lm,SMOTET,24,19.217673983137093
DS13,mc.lm_SMOTET,lm,SMOTET,25,18.904327102733227
DS13,mc.lm_SMOTET,lm,SMOTET,26,19.334941127144745
DS13,mc.lm_SMOTET,lm,SMOTET,27,19.378966413194764
DS13,mc.lm_SMOTET,lm,SMOTET,28,19.701038667221088
DS13,mc.lm_SMOTET,lm,SMOTET,29,19.13574772383431
DS13,mc.lm_SMOTET,lm,SMOTET,30,18.520582975352617
DS13,mc.lm_SMOTET,lm,SMOTET,31,18.516049299847683
DS13,mc.lm_SMOTET,lm,SMOTET,32,19.25604664064765
DS13,mc.lm_SMOTET,lm,SMOTET,33,18.6604043310568
DS13,mc.lm_SMOTET,lm,SMOTET,34,19.79295196974565
DS13,mc.lm_SMOTET,lm,SMOTET,35,18.90381288148185
DS13,mc.lm_SMOTET,lm,SMOTET,36,19.37000951153713
DS13,mc.lm_SMOTET,lm,SMOTET,37,19.303995942856332
DS13,mc.lm_SMOTET,lm,SMOTET,38,20.427874192928765
DS13,mc.lm_SMOTET,lm,SMOTET,39,19.317248244852824
DS13,mc.lm_SMOTET,lm,SMOTET,40,19.74593966393305
DS13,mc.lm_SMOTET,lm,SMOTET,41,20.160556512645165
DS13,mc.lm_SMOTET,lm,SMOTET,42,19.73375335726029
DS13,mc.lm_SMOTET,lm,SMOTET,43,19.1795322334292
DS13,mc.lm_SMOTET,lm,SMOTET,44,19.48607827712314
DS13,mc.lm_SMOTET,lm,SMOTET,45,19.18413556776896
DS13,mc.lm_SMOTET,lm,SMOTET,46,19.726625453242267
DS13,mc.lm_SMOTET,lm,SMOTET,47,18.677667464805044
DS13,mc.lm_SMOTET,lm,SMOTET,48,19.31391876349979
DS13,mc.lm_SMOTET,lm,SMOTET,49,19.74752827625966
DS13,mc.lm_SMOTET,lm,SMOTET,50,19.960678959154734
DS13,mc.lm_UNDERB,lm,UNDERB,1,14.462340055546802
DS13,mc.lm_UNDERB,lm,UNDERB,2,12.202962573346316
DS13,mc.lm_UNDERB,lm,UNDERB,3,13.369991837087571
DS13,mc.lm_UNDERB,lm,UNDERB,4,14.882315644499112
DS13,mc.lm_UNDERB,lm,UNDERB,5,15.010532762733794
DS13,mc.lm_UNDERB,lm,UNDERB,6,14.038912318871978
DS13,mc.lm_UNDERB,lm,UNDERB,7,13.726183208628392
DS13,mc.lm_UNDERB,lm,UNDERB,8,14.014802984142916
DS13,mc.lm_UNDERB,lm,UNDERB,9,13.442367039144619
DS13,mc.lm_UNDERB,lm,UNDERB,10,12.673995061961307
DS13,mc.lm_UNDERB,lm,UNDERB,11,13.281681801556541
DS13,mc.lm_UNDERB,lm,UNDERB,12,13.848491613593703
DS13,mc.lm_UNDERB,lm,UNDERB,13,14.000585486568857
DS13,mc.lm_UNDERB,lm,UNDERB,14,14.206174727933877
DS13,mc.lm_UNDERB,lm,UNDERB,15,13.640687382696965
DS13,mc.lm_UNDERB,lm,UNDERB,16,13.771669258794367
DS13,mc.lm_UNDERB,lm,UNDERB,17,12.940635001914583
DS13,mc.lm_UNDERB,lm,UNDERB,18,15.920641395627579
DS13,mc.lm_UNDERB,lm,UNDERB,19,15.530493372930797
DS13,mc.lm_UNDERB,lm,UNDERB,20,15.696507219556556
DS13,mc.lm_UNDERB,lm,UNDERB,21,15.470514871332869
DS13,mc.lm_UNDERB,lm,UNDERB,22,15.519187904494324
DS13,mc.lm_UNDERB,lm,UNDERB,23,16.126284400730697
DS13,mc.lm_UNDERB,lm,UNDERB,24,16.46819764940561
DS13,mc.lm_UNDERB,lm,UNDERB,25,15.869656798699951
DS13,mc.lm_UNDERB,lm,UNDERB,26,15.86234677309513
DS13,mc.lm_UNDERB,lm,UNDERB,27,15.413378998178311
DS13,mc.lm_UNDERB,lm,UNDERB,28,15.665952227717646
DS13,mc.lm_UNDERB,lm,UNDERB,29,16.859651503005672
DS13,mc.lm_UNDERB,lm,UNDERB,30,15.46888452704058
DS13,mc.lm_UNDERB,lm,UNDERB,31,14.671401723266941
DS13,mc.lm_UNDERB,lm,UNDERB,32,15.718139314577298
DS13,mc.lm_UNDERB,lm,UNDERB,33,15.792740255607189
DS13,mc.lm_UNDERB,lm,UNDERB,34,16.175736002942347
DS13,mc.lm_UNDERB,lm,UNDERB,35,15.175844277326892
DS13,mc.lm_UNDERB,lm,UNDERB,36,16.208337236805253
DS13,mc.lm_UNDERB,lm,UNDERB,37,15.671747473461915
DS13,mc.lm_UNDERB,lm,UNDERB,38,16.96718240851236
DS13,mc.lm_UNDERB,lm,UNDERB,39,16.360943880610865
DS13,mc.lm_UNDERB,lm,UNDERB,40,16.38850021188955
DS13,mc.lm_UNDERB,lm,UNDERB,41,15.976949863457184
DS13,mc.lm_UNDERB,lm,UNDERB,42,16.080277891967857
DS13,mc.lm_UNDERB,lm,UNDERB,43,16.417520959506344
DS13,mc.lm_UNDERB,lm,UNDERB,44,15.056003204364478
DS13,mc.lm_UNDERB,lm,UNDERB,45,16.039924045774267
DS13,mc.lm_UNDERB,lm,UNDERB,46,15.963744005472856
DS13,mc.lm_UNDERB,lm,UNDERB,47,15.18660791210697
DS13,mc.lm_UNDERB,lm,UNDERB,48,16.36187972246004
DS13,mc.lm_UNDERB,lm,UNDERB,49,15.202750217769804
DS13,mc.lm_UNDERB,lm,UNDERB,50,15.603910337125953
DS13,mc.lm_UNDERTPhi,lm,UNDERTPhi,1,13.031186782578667
DS13,mc.lm_UNDERTPhi,lm,UNDERTPhi,2,13.766428045445195
DS13,mc.lm_UNDERTPhi,lm,UNDERTPhi,3,14.7790102382208
DS13,mc.lm_UNDERTPhi,lm,UNDERTPhi,4,14.310040278750657
DS13,mc.lm_UNDERTPhi,lm,UNDERTPhi,5,15.922236918024096
DS13,mc.lm_UNDERTPhi,lm,UNDERTPhi,6,16.070756083019845
DS13,mc.lm_UNDERTPhi,lm,UNDERTPhi,7,13.77577878659017
DS13,mc.lm_UNDERTPhi,lm,UNDERTPhi,8,15.034701306946607
DS13,mc.lm_UNDERTPhi,lm,UNDERTPhi,9,13.405838477562073
DS13,mc.lm_UNDERTPhi,lm,UNDERTPhi,10,13.342413161540675
DS13,mc.lm_UNDERTPhi,lm,UNDERTPhi,11,13.825932769841117
DS13,mc.lm_UNDERTPhi,lm,UNDERTPhi,12,13.034156461253978
DS13,mc.lm_UNDERTPhi,lm,UNDERTPhi,13,15.037784922410811
DS13,mc.lm_UNDERTPhi,lm,UNDERTPhi,14,14.171438643846239
DS13,mc.lm_UNDERTPhi,lm,UNDERTPhi,15,15.900444362168907
DS13,mc.lm_UNDERTPhi,lm,UNDERTPhi,16,13.978169302135091
DS13,mc.lm_UNDERTPhi,lm,UNDERTPhi,17,15.277873735735138
DS13,mc.lm_UNDERTPhi,lm,UNDERTPhi,18,16.107014678398123
DS13,mc.lm_UNDERTPhi,lm,UNDERTPhi,19,16.482246421070418
DS13,mc.lm_UNDERTPhi,lm,UNDERTPhi,20,15.798519448408728
DS13,mc.lm_UNDERTPhi,lm,UNDERTPhi,21,15.998427275830561
DS13,mc.lm_UNDERTPhi,lm,UNDERTPhi,22,17.078972770444267
DS13,mc.lm_UNDERTPhi,lm,UNDERTPhi,23,16.102018310706413
DS13,mc.lm_UNDERTPhi,lm,UNDERTPhi,24,17.16800521135964
DS13,mc.lm_UNDERTPhi,lm,UNDERTPhi,25,17.856243021581907
DS13,mc.lm_UNDERTPhi,lm,UNDERTPhi,26,16.549026028876597
DS13,mc.lm_UNDERTPhi,lm,UNDERTPhi,27,17.83856802803023
DS13,mc.lm_UNDERTPhi,lm,UNDERTPhi,28,16.854528722327476
DS13,mc.lm_UNDERTPhi,lm,UNDERTPhi,29,16.66781426567997
DS13,mc.lm_UNDERTPhi,lm,UNDERTPhi,30,16.7613141552459
DS13,mc.lm_UNDERTPhi,lm,UNDERTPhi,31,15.881402221590937
DS13,mc.lm_UNDERTPhi,lm,UNDERTPhi,32,16.05921461524097
DS13,mc.lm_UNDERTPhi,lm,UNDERTPhi,33,17.356872423505724
DS13,mc.lm_UNDERTPhi,lm,UNDERTPhi,34,16.439448259701553
DS13,mc.lm_UNDERTPhi,lm,UNDERTPhi,35,16.035633833706726
DS13,mc.lm_UNDERTPhi,lm,UNDERTPhi,36,16.436416874650998
DS13,mc.lm_UNDERTPhi,lm,UNDERTPhi,37,15.668378741943492
DS13,mc.lm_UNDERTPhi,lm,UNDERTPhi,38,16.55404951080918
DS13,mc.lm_UNDERTPhi,lm,UNDERTPhi,39,16.746710226285547
DS13,mc.lm_UNDERTPhi,lm,UNDERTPhi,40,16.985614779225287
DS13,mc.lm_UNDERTPhi,lm,UNDERTPhi,41,17.456905380123555
DS13,mc.lm_UNDERTPhi,lm,UNDERTPhi,42,16.72998708568375
DS13,mc.lm_UNDERTPhi,lm,UNDERTPhi,43,16.796164525250013
DS13,mc.lm_UNDERTPhi,lm,UNDERTPhi,44,17.577525426581538
DS13,mc.lm_UNDERTPhi,lm,UNDERTPhi,45,16.643053222135272
DS13,mc.lm_UNDERTPhi,lm,UNDERTPhi,46,16.41283206776773
DS13,mc.lm_UNDERTPhi,lm,UNDERTPhi,47,15.782957128057637
DS13,mc.lm_UNDERTPhi,lm,UNDERTPhi,48,17.848945852961307
DS13,mc.lm_UNDERTPhi,lm,UNDERTPhi,49,16.559267078652184
DS13,mc.lm_UNDERTPhi,lm,UNDERTPhi,50,17.607306640774773
DS13,mc.lm_UNDERT,lm,UNDERT,1,13.622948191544516
DS13,mc.lm_UNDERT,lm,UNDERT,2,13.376449198248507
DS13,mc.lm_UNDERT,lm,UNDERT,3,14.984690011999401
DS13,mc.lm_UNDERT,lm,UNDERT,4,14.323869964754207
DS13,mc.lm_UNDERT,lm,UNDERT,5,13.920271749740472
DS13,mc.lm_UNDERT,lm,UNDERT,6,14.069450023774
DS13,mc.lm_UNDERT,lm,UNDERT,7,14.417339682762131
DS13,mc.lm_UNDERT,lm,UNDERT,8,13.111021892820203
DS13,mc.lm_UNDERT,lm,UNDERT,9,13.843456997934956
DS13,mc.lm_UNDERT,lm,UNDERT,10,13.422385492996387
DS13,mc.lm_UNDERT,lm,UNDERT,11,13.460921025081843
DS13,mc.lm_UNDERT,lm,UNDERT,12,13.139452255563958
DS13,mc.lm_UNDERT,lm,UNDERT,13,14.341675776532732
DS13,mc.lm_UNDERT,lm,UNDERT,14,14.165452356149988
DS13,mc.lm_UNDERT,lm,UNDERT,15,13.782179846926137
DS13,mc.lm_UNDERT,lm,UNDERT,16,13.801266350220157
DS13,mc.lm_UNDERT,lm,UNDERT,17,14.027819675653566
DS13,mc.lm_UNDERT,lm,UNDERT,18,14.737474067179065
DS13,mc.lm_UNDERT,lm,UNDERT,19,16.795816520540203
DS13,mc.lm_UNDERT,lm,UNDERT,20,15.424163842260423
DS13,mc.lm_UNDERT,lm,UNDERT,21,15.97262650632841
DS13,mc.lm_UNDERT,lm,UNDERT,22,15.372653286039954
DS13,mc.lm_UNDERT,lm,UNDERT,23,18.020352826289958
DS13,mc.lm_UNDERT,lm,UNDERT,24,15.657708672344269
DS13,mc.lm_UNDERT,lm,UNDERT,25,16.347963434498844
DS13,mc.lm_UNDERT,lm,UNDERT,26,16.225674361241403
DS13,mc.lm_UNDERT,lm,UNDERT,27,16.041532351246403
DS13,mc.lm_UNDERT,lm,UNDERT,28,16.725397038769437
DS13,mc.lm_UNDERT,lm,UNDERT,29,16.46162485149412
DS13,mc.lm_UNDERT,lm,UNDERT,30,15.331974447428307
DS13,mc.lm_UNDERT,lm,UNDERT,31,15.74218361394306
DS13,mc.lm_UNDERT,lm,UNDERT,32,15.613966949588328
DS13,mc.lm_UNDERT,lm,UNDERT,33,14.924468979979116
DS13,mc.lm_UNDERT,lm,UNDERT,34,15.740311562471797
DS13,mc.lm_UNDERT,lm,UNDERT,35,15.644235368324823
DS13,mc.lm_UNDERT,lm,UNDERT,36,16.457792483412838
DS13,mc.lm_UNDERT,lm,UNDERT,37,15.91628460612196
DS13,mc.lm_UNDERT,lm,UNDERT,38,16.569560077155337
DS13,mc.lm_UNDERT,lm,UNDERT,39,16.71519157553199
DS13,mc.lm_UNDERT,lm,UNDERT,40,16.689615914153322
DS13,mc.lm_UNDERT,lm,UNDERT,41,16.700777841943818
DS13,mc.lm_UNDERT,lm,UNDERT,42,16.249178196915256
DS13,mc.lm_UNDERT,lm,UNDERT,43,16.078153453973325
DS13,mc.lm_UNDERT,lm,UNDERT,44,16.813643414666572
DS13,mc.lm_UNDERT,lm,UNDERT,45,16.485209358358876
DS13,mc.lm_UNDERT,lm,UNDERT,46,15.869168796572758
DS13,mc.lm_UNDERT,lm,UNDERT,47,16.515635347653667
DS13,mc.lm_UNDERT,lm,UNDERT,48,16.316713392052364
DS13,mc.lm_UNDERT,lm,UNDERT,49,16.502209415081616
DS13,mc.lm_UNDERT,lm,UNDERT,50,15.37482864984468
DS13,mc.lm,lm,baseline,1,10.22693763278402
DS13,mc.lm,lm,baseline,2,10.222485313245242
DS13,mc.lm,lm,baseline,3,10.560045635704594
DS13,mc.lm,lm,baseline,4,11.036046287755738
DS13,mc.lm,lm,baseline,5,11.036431038669917
DS13,mc.lm,lm,baseline,6,11.098267844449557
DS13,mc.lm,lm,baseline,7,11.1013980900749
DS13,mc.lm,lm,baseline,8,11.129963026535755
DS13,mc.lm,lm,baseline,9,11.165731311628441
DS13,mc.lm,lm,baseline,10,11.218246588882185
DS13,mc.lm,lm,baseline,11,11.40764199427076
DS13,mc.lm,lm,baseline,12,11.542783678623994
DS13,mc.lm,lm,baseline,13,11.578808327045007
DS13,mc.lm,lm,baseline,14,11.827551332048651
DS13,mc.lm,lm,baseline,15,11.998021123688916
DS13,mc.lm,lm,baseline,16,12.104181206936271
DS13,mc.lm,lm,baseline,17,12.137002136934159
DS13,mc.lm,lm,baseline,18,12.857139323426086
DS13,mc.lm,lm,baseline,19,13.078753935006619
DS13,mc.lm,lm,baseline,20,13.180123902271664
DS13,mc.lm,lm,baseline,21,13.220585631033428
DS13,mc.lm,lm,baseline,22,13.192286535877725
DS13,mc.lm,lm,baseline,23,13.347156500018873
DS13,mc.lm,lm,baseline,24,13.453705877897425
DS13,mc.lm,lm,baseline,25,13.51507260267906
DS13,mc.lm,lm,baseline,26,13.580402362845785
DS13,mc.lm,lm,baseline,27,13.46426549012029
DS13,mc.lm,lm,baseline,28,13.402876161712285
DS13,mc.lm,lm,baseline,29,13.426564662568504
DS13,mc.lm,lm,baseline,30,13.340986050096971
DS13,mc.lm,lm,baseline,31,13.31157849300335
DS13,mc.lm,lm,baseline,32,13.330268945705193
DS13,mc.lm,lm,baseline,33,13.587350233453824
DS13,mc.lm,lm,baseline,34,13.657112226629375
DS13,mc.lm,lm,baseline,35,13.655501467912472
DS13,mc.lm,lm,baseline,36,13.747475746662394
DS13,mc.lm,lm,baseline,37,13.765652168547694
DS13,mc.lm,lm,baseline,38,13.749191865241192
DS13,mc.lm,lm,baseline,39,13.758604663877705
DS13,mc.lm,lm,baseline,40,13.800795431501575
DS13,mc.lm,lm,baseline,41,13.818274562183133
DS13,mc.lm,lm,baseline,42,13.812564970379995
DS13,mc.lm,lm,baseline,43,13.802719658131176
DS13,mc.lm,lm,baseline,44,13.805764172097788
DS13,mc.lm,lm,baseline,45,13.817927482154003
DS13,mc.lm,lm,baseline,46,13.791866362107818
DS13,mc.lm,lm,baseline,47,13.647239230851918
DS13,mc.lm,lm,baseline,48,13.663969935488721
DS13,mc.lm,lm,baseline,49,13.634986465968993
DS13,mc.lm,lm,baseline,50,13.624949632399831
DS13,mc.mars_OVERB,mars,OVERB,1,14.388430382804199
DS13,mc.mars_OVERB,mars,OVERB,2,14.39875789244104
DS13,mc.mars_OVERB,mars,OVERB,3,13.889897034293991
DS13,mc.mars_OVERB,mars,OVERB,4,14.607741158617966
DS13,mc.mars_OVERB,mars,OVERB,5,14.240105794902082
DS13,mc.mars_OVERB,mars,OVERB,6,14.985338182179671
DS13,mc.mars_OVERB,mars,OVERB,7,14.792782602575336
DS13,mc.mars_OVERB,mars,OVERB,8,13.280563081625628
DS13,mc.mars_OVERB,mars,OVERB,9,13.158009013482063
DS13,mc.mars_OVERB,mars,OVERB,10,12.98474169655046
DS13,mc.mars_OVERB,mars,OVERB,11,13.758951003444812
DS13,mc.mars_OVERB,mars,OVERB,12,13.945248119968365
DS13,mc.mars_OVERB,mars,OVERB,13,14.522638979493415
DS13,mc.mars_OVERB,mars,OVERB,14,14.332153679305318
DS13,mc.mars_OVERB,mars,OVERB,15,15.173975934212434
DS13,mc.mars_OVERB,mars,OVERB,16,15.40239226721052
DS13,mc.mars_OVERB,mars,OVERB,17,16.86204570684415
DS13,mc.mars_OVERB,mars,OVERB,18,16.02950146772769
DS13,mc.mars_OVERB,mars,OVERB,19,19.45635673582045
DS13,mc.mars_OVERB,mars,OVERB,20,17.729356444938695
DS13,mc.mars_OVERB,mars,OVERB,21,18.300830176943688
DS13,mc.mars_OVERB,mars,OVERB,22,19.339093846177537
DS13,mc.mars_OVERB,mars,OVERB,23,20.15696394441015
DS13,mc.mars_OVERB,mars,OVERB,24,20.05794751323535
DS13,mc.mars_OVERB,mars,OVERB,25,17.60268913943987
DS13,mc.mars_OVERB,mars,OVERB,26,19.059746412733894
DS13,mc.mars_OVERB,mars,OVERB,27,19.451227941599214
DS13,mc.mars_OVERB,mars,OVERB,28,17.818657245464152
DS13,mc.mars_OVERB,mars,OVERB,29,22.72677815001355
DS13,mc.mars_OVERB,mars,OVERB,30,18.937648453007686
DS13,mc.mars_OVERB,mars,OVERB,31,19.74774761486037
DS13,mc.mars_OVERB,mars,OVERB,32,18.050500193482268
DS13,mc.mars_OVERB,mars,OVERB,33,17.003153793247275
DS13,mc.mars_OVERB,mars,OVERB,34,16.49184725934135
DS13,mc.mars_OVERB,mars,OVERB,35,20.713968070465953
DS13,mc.mars_OVERB,mars,OVERB,36,20.02877556543589
DS13,mc.mars_OVERB,mars,OVERB,37,17.018197367049225
DS13,mc.mars_OVERB,mars,OVERB,38,19.136771875457733
DS13,mc.mars_OVERB,mars,OVERB,39,17.64608024411932
DS13,mc.mars_OVERB,mars,OVERB,40,18.065315749392035
DS13,mc.mars_OVERB,mars,OVERB,41,28.888803699570385
DS13,mc.mars_OVERB,mars,OVERB,42,16.851973787033874
DS13,mc.mars_OVERB,mars,OVERB,43,19.22619332206592
DS13,mc.mars_OVERB,mars,OVERB,44,17.235505717744758
DS13,mc.mars_OVERB,mars,OVERB,45,19.506486214067113
DS13,mc.mars_OVERB,mars,OVERB,46,18.754097540509672
DS13,mc.mars_OVERB,mars,OVERB,47,21.73464928343169
DS13,mc.mars_OVERB,mars,OVERB,48,25.392727303850393
DS13,mc.mars_OVERB,mars,OVERB,49,16.929186892540876
DS13,mc.mars_OVERB,mars,OVERB,50,24.027187566628115
DS13,mc.mars_OVERTPhi,mars,OVERTPhi,1,13.979455047699743
DS13,mc.mars_OVERTPhi,mars,OVERTPhi,2,13.901869129757184
DS13,mc.mars_OVERTPhi,mars,OVERTPhi,3,13.883253986546332
DS13,mc.mars_OVERTPhi,mars,OVERTPhi,4,14.419547497629503
DS13,mc.mars_OVERTPhi,mars,OVERTPhi,5,14.000403232344068
DS13,mc.mars_OVERTPhi,mars,OVERTPhi,6,13.736386833380505
DS13,mc.mars_OVERTPhi,mars,OVERTPhi,7,14.465064370993739
DS13,mc.mars_OVERTPhi,mars,OVERTPhi,8,13.850298079134575
DS13,mc.mars_OVERTPhi,mars,OVERTPhi,9,13.900404967228376
DS13,mc.mars_OVERTPhi,mars,OVERTPhi,10,14.02248229652917
DS13,mc.mars_OVERTPhi,mars,OVERTPhi,11,13.888032893247585
DS13,mc.mars_OVERTPhi,mars,OVERTPhi,12,13.773301638922902
DS13,mc.mars_OVERTPhi,mars,OVERTPhi,13,14.905642879823676
DS13,mc.mars_OVERTPhi,mars,OVERTPhi,14,14.71442659925325
DS13,mc.mars_OVERTPhi,mars,OVERTPhi,15,15.370583510005886
DS13,mc.mars_OVERTPhi,mars,OVERTPhi,16,15.031332825357554
DS13,mc.mars_OVERTPhi,mars,OVERTPhi,17,15.917056236045697
DS13,mc.mars_OVERTPhi,mars,OVERTPhi,18,15.715603916505897
DS13,mc.mars_OVERTPhi,mars,OVERTPhi,19,17.31418766751931
DS13,mc.mars_OVERTPhi,mars,OVERTPhi,20,18.562910968318977
DS13,mc.mars_OVERTPhi,mars,OVERTPhi,21,17.84395001732992
DS13,mc.mars_OVERTPhi,mars,OVERTPhi,22,16.86690576907566
DS13,mc.mars_OVERTPhi,mars,OVERTPhi,23,18.40840445822527
DS13,mc.mars_OVERTPhi,mars,OVERTPhi,24,17.372537550316995
DS13,mc.mars_OVERTPhi,mars,OVERTPhi,25,17.713525926950954
DS13,mc.mars_OVERTPhi,mars,OVERTPhi,26,18.557587811416006
DS13,mc.mars_OVERTPhi,mars,OVERTPhi,27,17.38345599566418
DS13,mc.mars_OVERTPhi,mars,OVERTPhi,28,18.12573478503801
DS13,mc.mars_OVERTPhi,mars,OVERTPhi,29,22.04695797220334
DS13,mc.mars_OVERTPhi,mars,OVERTPhi,30,17.62320593482165
DS13,mc.mars_OVERTPhi,mars,OVERTPhi,31,17.203997409875065
DS13,mc.mars_OVERTPhi,mars,OVERTPhi,32,19.235302180581108
DS13,mc.mars_OVERTPhi,mars,OVERTPhi,33,22.140131542425696
DS13,mc.mars_OVERTPhi,mars,OVERTPhi,34,17.342867972302802
DS13,mc.mars_OVERTPhi,mars,OVERTPhi,35,19.45802623338787
DS13,mc.mars_OVERTPhi,mars,OVERTPhi,36,18.881049200595573
DS13,mc.mars_OVERTPhi,mars,OVERTPhi,37,18.97274380878906
DS13,mc.mars_OVERTPhi,mars,OVERTPhi,38,17.075892204642376
DS13,mc.mars_OVERTPhi,mars,OVERTPhi,39,17.513208067218105
DS13,mc.mars_OVERTPhi,mars,OVERTPhi,40,18.922367120715315
DS13,mc.mars_OVERTPhi,mars,OVERTPhi,41,21.307613408141986
DS13,mc.mars_OVERTPhi,mars,OVERTPhi,42,18.117545184290144
DS13,mc.mars_OVERTPhi,mars,OVERTPhi,43,17.75304491399433
DS13,mc.mars_OVERTPhi,mars,OVERTPhi,44,22.2453245444202
DS13,mc.mars_OVERTPhi,mars,OVERTPhi,45,20.9046966345009
DS13,mc.mars_OVERTPhi,mars,OVERTPhi,46,21.41704310863867
DS13,mc.mars_OVERTPhi,mars,OVERTPhi,47,29.57160196126505
DS13,mc.mars_OVERTPhi,mars,OVERTPhi,48,17.983783188482853
DS13,mc.mars_OVERTPhi,mars,OVERTPhi,49,17.41834118859311
DS13,mc.mars_OVERTPhi,mars,OVERTPhi,50,22.093696050907635
DS13,mc.mars_OVERT,mars,OVERT,1,13.664686028122704
DS13,mc.mars_OVERT,mars,OVERT,2,14.27359524019038
DS13,mc.mars_OVERT,mars,OVERT,3,13.99153782830726
DS13,mc.mars_OVERT,mars,OVERT,4,14.276744988110673
DS13,mc.mars_OVERT,mars,OVERT,5,14.275269812152521
DS13,mc.mars_OVERT,mars,OVERT,6,13.722185146894601
DS13,mc.mars_OVERT,mars,OVERT,7,14.185588601132912
DS13,mc.mars_OVERT,mars,OVERT,8,13.553377125197967
DS13,mc.mars_OVERT,mars,OVERT,9,14.130950380513209
DS13,mc.mars_OVERT,mars,OVERT,10,14.242513102327894
DS13,mc.mars_OVERT,mars,OVERT,11,13.887261472518322
DS13,mc.mars_OVERT,mars,OVERT,12,13.780474046636566
DS13,mc.mars_OVERT,mars,OVERT,13,14.696796716562913
DS13,mc.mars_OVERT,mars,OVERT,14,14.724602244153914
DS13,mc.mars_OVERT,mars,OVERT,15,15.387560229964794
DS13,mc.mars_OVERT,mars,OVERT,16,15.040481409170873
DS13,mc.mars_OVERT,mars,OVERT,17,16.504478709251437
DS13,mc.mars_OVERT,mars,OVERT,18,15.440149433505228
DS13,mc.mars_OVERT,mars,OVERT,19,17.587612821890243
DS13,mc.mars_OVERT,mars,OVERT,20,18.04721389805448
DS13,mc.mars_OVERT,mars,OVERT,21,17.444466089084546
DS13,mc.mars_OVERT,mars,OVERT,22,16.881365636626384
DS13,mc.mars_OVERT,mars,OVERT,23,18.359743271038663
DS13,mc.mars_OVERT,mars,OVERT,24,17.729091678310898
DS13,mc.mars_OVERT,mars,OVERT,25,17.18287670226753
DS13,mc.mars_OVERT,mars,OVERT,26,18.56652143189098
DS13,mc.mars_OVERT,mars,OVERT,27,17.321377809079202
DS13,mc.mars_OVERT,mars,OVERT,28,18.25943317260555
DS13,mc.mars_OVERT,mars,OVERT,29,19.785917363481616
DS13,mc.mars_OVERT,mars,OVERT,30,17.520668918499005
DS13,mc.mars_OVERT,mars,OVERT,31,16.69214286817474
DS13,mc.mars_OVERT,mars,OVERT,32,17.42388724195803
DS13,mc.mars_OVERT,mars,OVERT,33,20.195623799272155
DS13,mc.mars_OVERT,mars,OVERT,34,19.29897175445463
DS13,mc.mars_OVERT,mars,OVERT,35,17.72959824461038
DS13,mc.mars_OVERT,mars,OVERT,36,21.170860332095824
DS13,mc.mars_OVERT,mars,OVERT,37,17.831417023683063
DS13,mc.mars_OVERT,mars,OVERT,38,17.13634389514852
DS13,mc.mars_OVERT,mars,OVERT,39,16.91540223248047
DS13,mc.mars_OVERT,mars,OVERT,40,17.67149576379924
DS13,mc.mars_OVERT,mars,OVERT,41,18.319364245180793
DS13,mc.mars_OVERT,mars,OVERT,42,18.10397239644297
DS13,mc.mars_OVERT,mars,OVERT,43,22.201112290417097
DS13,mc.mars_OVERT,mars,OVERT,44,22.153518496454414
DS13,mc.mars_OVERT,mars,OVERT,45,22.86146360116262
DS13,mc.mars_OVERT,mars,OVERT,46,21.34269172149313
DS13,mc.mars_OVERT,mars,OVERT,47,29.40861210217705
DS13,mc.mars_OVERT,mars,OVERT,48,18.01409103883637
DS13,mc.mars_OVERT,mars,OVERT,49,17.41986441852236
DS13,mc.mars_OVERT,mars,OVERT,50,22.10205131906204
DS13,mc.mars_SMOTEB,mars,SMOTEB,1,17.486389594236357
DS13,mc.mars_SMOTEB,mars,SMOTEB,2,17.35178875999046
DS13,mc.mars_SMOTEB,mars,SMOTEB,3,16.50097739142026
DS13,mc.mars_SMOTEB,mars,SMOTEB,4,17.26325194708896
DS13,mc.mars_SMOTEB,mars,SMOTEB,5,18.58438190670145
DS13,mc.mars_SMOTEB,mars,SMOTEB,6,18.12996562679327
DS13,mc.mars_SMOTEB,mars,SMOTEB,7,17.41788579342045
DS13,mc.mars_SMOTEB,mars,SMOTEB,8,14.783193499117111
DS13,mc.mars_SMOTEB,mars,SMOTEB,9,16.724780949933518
DS13,mc.mars_SMOTEB,mars,SMOTEB,10,16.69968490914178
DS13,mc.mars_SMOTEB,mars,SMOTEB,11,16.510956803093332
DS13,mc.mars_SMOTEB,mars,SMOTEB,12,17.484528540969787
DS13,mc.mars_SMOTEB,mars,SMOTEB,13,17.781410529259237
DS13,mc.mars_SMOTEB,mars,SMOTEB,14,19.168468758756582
DS13,mc.mars_SMOTEB,mars,SMOTEB,15,18.272557994002735
DS13,mc.mars_SMOTEB,mars,SMOTEB,16,19.20013539852299
DS13,mc.mars_SMOTEB,mars,SMOTEB,17,17.584381722108795
DS13,mc.mars_SMOTEB,mars,SMOTEB,18,20.11388123760423
DS13,mc.mars_SMOTEB,mars,SMOTEB,19,23.40636977932298
DS13,mc.mars_SMOTEB,mars,SMOTEB,20,21.860388446245295
DS13,mc.mars_SMOTEB,mars,SMOTEB,21,31.1712204845679
DS13,mc.mars_SMOTEB,mars,SMOTEB,22,21.979215401892418
DS13,mc.mars_SMOTEB,mars,SMOTEB,23,20.515465222250967
DS13,mc.mars_SMOTEB,mars,SMOTEB,24,19.84020248882413
DS13,mc.mars_SMOTEB,mars,SMOTEB,25,22.996368249005226
DS13,mc.mars_SMOTEB,mars,SMOTEB,26,21.300354153339637
DS13,mc.mars_SMOTEB,mars,SMOTEB,27,19.447573059397975
DS13,mc.mars_SMOTEB,mars,SMOTEB,28,20.92985460299188
DS13,mc.mars_SMOTEB,mars,SMOTEB,29,18.833897067383273
DS13,mc.mars_SMOTEB,mars,SMOTEB,30,25.070528686371613
DS13,mc.mars_SMOTEB,mars,SMOTEB,31,20.527645879467503
DS13,mc.mars_SMOTEB,mars,SMOTEB,32,19.05532599382319
DS13,mc.mars_SMOTEB,mars,SMOTEB,33,21.49729907624112
DS13,mc.mars_SMOTEB,mars,SMOTEB,34,19.792931057172613
DS13,mc.mars_SMOTEB,mars,SMOTEB,35,19.415406542539028
DS13,mc.mars_SMOTEB,mars,SMOTEB,36,22.0347481706204
DS13,mc.mars_SMOTEB,mars,SMOTEB,37,19.51041495404736
DS13,mc.mars_SMOTEB,mars,SMOTEB,38,22.01212355761808
DS13,mc.mars_SMOTEB,mars,SMOTEB,39,23.706165115339036
DS13,mc.mars_SMOTEB,mars,SMOTEB,40,19.822673100858776
DS13,mc.mars_SMOTEB,mars,SMOTEB,41,21.766340950499934
DS13,mc.mars_SMOTEB,mars,SMOTEB,42,19.25340719729809
DS13,mc.mars_SMOTEB,mars,SMOTEB,43,19.86477359762079
DS13,mc.mars_SMOTEB,mars,SMOTEB,44,20.655328344130165
DS13,mc.mars_SMOTEB,mars,SMOTEB,45,24.5260278123274
DS13,mc.mars_SMOTEB,mars,SMOTEB,46,20.690456169918725
DS13,mc.mars_SMOTEB,mars,SMOTEB,47,21.275830893312232
DS13,mc.mars_SMOTEB,mars,SMOTEB,48,20.779219436874172
DS13,mc.mars_SMOTEB,mars,SMOTEB,49,26.371692999610172
DS13,mc.mars_SMOTEB,mars,SMOTEB,50,22.547271859661592
DS13,mc.mars_SMOTETPhi,mars,SMOTETPhi,1,17.38422645079297
DS13,mc.mars_SMOTETPhi,mars,SMOTETPhi,2,19.411806057610818
DS13,mc.mars_SMOTETPhi,mars,SMOTETPhi,3,19.18648594531887
DS13,mc.mars_SMOTETPhi,mars,SMOTETPhi,4,18.374900188554722
DS13,mc.mars_SMOTETPhi,mars,SMOTETPhi,5,18.556805481120083
DS13,mc.mars_SMOTETPhi,mars,SMOTETPhi,6,19.818546255464973
DS13,mc.mars_SMOTETPhi,mars,SMOTETPhi,7,19.992900051856388
DS13,mc.mars_SMOTETPhi,mars,SMOTETPhi,8,18.301489450260373
DS13,mc.mars_SMOTETPhi,mars,SMOTETPhi,9,16.321161666669393
DS13,mc.mars_SMOTETPhi,mars,SMOTETPhi,10,17.56699146336815
DS13,mc.mars_SMOTETPhi,mars,SMOTETPhi,11,18.358224336027533
DS13,mc.mars_SMOTETPhi,mars,SMOTETPhi,12,19.234890960269734
DS13,mc.mars_SMOTETPhi,mars,SMOTETPhi,13,19.601765431622287
DS13,mc.mars_SMOTETPhi,mars,SMOTETPhi,14,18.49224193605726
DS13,mc.mars_SMOTETPhi,mars,SMOTETPhi,15,19.317226863118226
DS13,mc.mars_SMOTETPhi,mars,SMOTETPhi,16,19.420033229077884
DS13,mc.mars_SMOTETPhi,mars,SMOTETPhi,17,19.08665665129501
DS13,mc.mars_SMOTETPhi,mars,SMOTETPhi,18,20.183790304027823
DS13,mc.mars_SMOTETPhi,mars,SMOTETPhi,19,19.570880407368364
DS13,mc.mars_SMOTETPhi,mars,SMOTETPhi,20,22.83041625765735
DS13,mc.mars_SMOTETPhi,mars,SMOTETPhi,21,20.380884646244663
DS13,mc.mars_SMOTETPhi,mars,SMOTETPhi,22,21.64771179111858
DS13,mc.mars_SMOTETPhi,mars,SMOTETPhi,23,20.529481140216998
DS13,mc.mars_SMOTETPhi,mars,SMOTETPhi,24,26.688617145477238
DS13,mc.mars_SMOTETPhi,mars,SMOTETPhi,25,21.047015960122657
DS13,mc.mars_SMOTETPhi,mars,SMOTETPhi,26,23.192944310359323
DS13,mc.mars_SMOTETPhi,mars,SMOTETPhi,27,20.43879669467601
DS13,mc.mars_SMOTETPhi,mars,SMOTETPhi,28,23.219476573079863
DS13,mc.mars_SMOTETPhi,mars,SMOTETPhi,29,22.19926562372551
DS13,mc.mars_SMOTETPhi,mars,SMOTETPhi,30,20.457707406126175
DS13,mc.mars_SMOTETPhi,mars,SMOTETPhi,31,20.55242123825367
DS13,mc.mars_SMOTETPhi,mars,SMOTETPhi,32,19.590157496833854
DS13,mc.mars_SMOTETPhi,mars,SMOTETPhi,33,19.691620955741286
DS13,mc.mars_SMOTETPhi,mars,SMOTETPhi,34,20.784060580290024
DS13,mc.mars_SMOTETPhi,mars,SMOTETPhi,35,20.98973195809324
DS13,mc.mars_SMOTETPhi,mars,SMOTETPhi,36,20.125689213292073
DS13,mc.mars_SMOTETPhi,mars,SMOTETPhi,37,23.22450426172046
DS13,mc.mars_SMOTETPhi,mars,SMOTETPhi,38,22.930083854181508
DS13,mc.mars_SMOTETPhi,mars,SMOTETPhi,39,22.48784698790459
DS13,mc.mars_SMOTETPhi,mars,SMOTETPhi,40,26.430136319108883
DS13,mc.mars_SMOTETPhi,mars,SMOTETPhi,41,22.622021456766745
DS13,mc.mars_SMOTETPhi,mars,SMOTETPhi,42,22.56188990991446
DS13,mc.mars_SMOTETPhi,mars,SMOTETPhi,43,24.007994410000027
DS13,mc.mars_SMOTETPhi,mars,SMOTETPhi,44,24.051099111043044
DS13,mc.mars_SMOTETPhi,mars,SMOTETPhi,45,23.06985494148748
DS13,mc.mars_SMOTETPhi,mars,SMOTETPhi,46,22.935611974406317
DS13,mc.mars_SMOTETPhi,mars,SMOTETPhi,47,26.73017984710045
DS13,mc.mars_SMOTETPhi,mars,SMOTETPhi,48,22.652018543915442
DS13,mc.mars_SMOTETPhi,mars,SMOTETPhi,49,21.678535268728165
DS13,mc.mars_SMOTETPhi,mars,SMOTETPhi,50,23.87772484012307
DS13,mc.mars_SMOTET,mars,SMOTET,1,16.31664350298767
DS13,mc.mars_SMOTET,mars,SMOTET,2,16.204044715722723
DS13,mc.mars_SMOTET,mars,SMOTET,3,17.172575653051364
DS13,mc.mars_SMOTET,mars,SMOTET,4,16.23782236202636
DS13,mc.mars_SMOTET,mars,SMOTET,5,17.227629718330704
DS13,mc.mars_SMOTET,mars,SMOTET,6,16.830339850772717
DS13,mc.mars_SMOTET,mars,SMOTET,7,22.225031049323608
DS13,mc.mars_SMOTET,mars,SMOTET,8,17.516209608113066
DS13,mc.mars_SMOTET,mars,SMOTET,9,17.747658689970095
DS13,mc.mars_SMOTET,mars,SMOTET,10,16.3546285281169
DS13,mc.mars_SMOTET,mars,SMOTET,11,18.02797328699381
DS13,mc.mars_SMOTET,mars,SMOTET,12,17.68811665498911
DS13,mc.mars_SMOTET,mars,SMOTET,13,21.200885556891905
DS13,mc.mars_SMOTET,mars,SMOTET,14,18.20562183894415
DS13,mc.mars_SMOTET,mars,SMOTET,15,18.49276911795784
DS13,mc.mars_SMOTET,mars,SMOTET,16,20.116805007666997
DS13,mc.mars_SMOTET,mars,SMOTET,17,18.754969124431227
DS13,mc.mars_SMOTET,mars,SMOTET,18,18.47007292614921
DS13,mc.mars_SMOTET,mars,SMOTET,19,22.92111255327117
DS13,mc.mars_SMOTET,mars,SMOTET,20,18.8369970012657
DS13,mc.mars_SMOTET,mars,SMOTET,21,21.550720413778194
DS13,mc.mars_SMOTET,mars,SMOTET,22,29.799875770790738
DS13,mc.mars_SMOTET,mars,SMOTET,23,20.88593580168129
DS13,mc.mars_SMOTET,mars,SMOTET,24,31.91631526062295
DS13,mc.mars_SMOTET,mars,SMOTET,25,22.393428262749552
DS13,mc.mars_SMOTET,mars,SMOTET,26,21.86117838399194
DS13,mc.mars_SMOTET,mars,SMOTET,27,20.7379614838261
DS13,mc.mars_SMOTET,mars,SMOTET,28,20.320350716889525
DS13,mc.mars_SMOTET,mars,SMOTET,29,19.168611557852664
DS13,mc.mars_SMOTET,mars,SMOTET,30,21.977201043187424
DS13,mc.mars_SMOTET,mars,SMOTET,31,21.286589478077044
DS13,mc.mars_SMOTET,mars,SMOTET,32,23.151211883245896
DS13,mc.mars_SMOTET,mars,SMOTET,33,19.815622204880615
DS13,mc.mars_SMOTET,mars,SMOTET,34,21.53334992922253
DS13,mc.mars_SMOTET,mars,SMOTET,35,19.303267296626473
DS13,mc.mars_SMOTET,mars,SMOTET,36,22.242773636391874
DS13,mc.mars_SMOTET,mars,SMOTET,37,22.14525459279978
DS13,mc.mars_SMOTET,mars,SMOTET,38,21.399895293516874
DS13,mc.mars_SMOTET,mars,SMOTET,39,21.33663459567948
DS13,mc.mars_SMOTET,mars,SMOTET,40,22.800826252037336
DS13,mc.mars_SMOTET,mars,SMOTET,41,22.078275469274757
DS13,mc.mars_SMOTET,mars,SMOTET,42,22.295261162878816
DS13,mc.mars_SMOTET,mars,SMOTET,43,22.27446550845144
DS13,mc.mars_SMOTET,mars,SMOTET,44,20.90650919331374
DS13,mc.mars_SMOTET,mars,SMOTET,45,21.89516688571735
DS13,mc.mars_SMOTET,mars,SMOTET,46,21.27091801212207
DS13,mc.mars_SMOTET,mars,SMOTET,47,23.440413841131466
DS13,mc.mars_SMOTET,mars,SMOTET,48,20.657381820179175
DS13,mc.mars_SMOTET,mars,SMOTET,49,23.61899150665573
DS13,mc.mars_SMOTET,mars,SMOTET,50,21.298016056790278
DS13,mc.mars_UNDERB,mars,UNDERB,1,15.263534525995718
DS13,mc.mars_UNDERB,mars,UNDERB,2,12.523192006634911
DS13,mc.mars_UNDERB,mars,UNDERB,3,14.629669092300034
DS13,mc.mars_UNDERB,mars,UNDERB,4,16.711522659945455
DS13,mc.mars_UNDERB,mars,UNDERB,5,16.436607667845887
DS13,mc.mars_UNDERB,mars,UNDERB,6,15.754466167961498
DS13,mc.mars_UNDERB,mars,UNDERB,7,17.098764235791222
DS13,mc.mars_UNDERB,mars,UNDERB,8,15.085313263827429
DS13,mc.mars_UNDERB,mars,UNDERB,9,15.381305974137305
DS13,mc.mars_UNDERB,mars,UNDERB,10,14.482614878955692
DS13,mc.mars_UNDERB,mars,UNDERB,11,18.211018939762535
DS13,mc.mars_UNDERB,mars,UNDERB,12,16.52446233150553
DS13,mc.mars_UNDERB,mars,UNDERB,13,17.0016604211804
DS13,mc.mars_UNDERB,mars,UNDERB,14,15.132910024460964
DS13,mc.mars_UNDERB,mars,UNDERB,15,15.13341691678248
DS13,mc.mars_UNDERB,mars,UNDERB,16,15.582450636178027
DS13,mc.mars_UNDERB,mars,UNDERB,17,16.224134274659793
DS13,mc.mars_UNDERB,mars,UNDERB,18,19.65424001487195
DS13,mc.mars_UNDERB,mars,UNDERB,19,17.600182323676243
DS13,mc.mars_UNDERB,mars,UNDERB,20,17.247602280902687
DS13,mc.mars_UNDERB,mars,UNDERB,21,25.258915183084206
DS13,mc.mars_UNDERB,mars,UNDERB,22,22.106559343633883
DS13,mc.mars_UNDERB,mars,UNDERB,23,26.76674595738644
DS13,mc.mars_UNDERB,mars,UNDERB,24,18.492472841015946
DS13,mc.mars_UNDERB,mars,UNDERB,25,17.949989306012817
DS13,mc.mars_UNDERB,mars,UNDERB,26,18.566515866366345
DS13,mc.mars_UNDERB,mars,UNDERB,27,21.59684331999307
DS13,mc.mars_UNDERB,mars,UNDERB,28,22.197459967622148
DS13,mc.mars_UNDERB,mars,UNDERB,29,17.8150742943095
DS13,mc.mars_UNDERB,mars,UNDERB,30,17.266830912763293
DS13,mc.mars_UNDERB,mars,UNDERB,31,17.188891022918426
DS13,mc.mars_UNDERB,mars,UNDERB,32,21.841864988067975
DS13,mc.mars_UNDERB,mars,UNDERB,33,17.036900782746205
DS13,mc.mars_UNDERB,mars,UNDERB,34,22.70828441556139
DS13,mc.mars_UNDERB,mars,UNDERB,35,17.82687073896739
DS13,mc.mars_UNDERB,mars,UNDERB,36,18.583748323039128
DS13,mc.mars_UNDERB,mars,UNDERB,37,16.983513558594804
DS13,mc.mars_UNDERB,mars,UNDERB,38,20.635530196980753
DS13,mc.mars_UNDERB,mars,UNDERB,39,20.938923661716306
DS13,mc.mars_UNDERB,mars,UNDERB,40,21.186088435951977
DS13,mc.mars_UNDERB,mars,UNDERB,41,17.165491182366168
DS13,mc.mars_UNDERB,mars,UNDERB,42,19.96004813745741
DS13,mc.mars_UNDERB,mars,UNDERB,43,20.667834508598776
DS13,mc.mars_UNDERB,mars,UNDERB,44,21.729145477113104
DS13,mc.mars_UNDERB,mars,UNDERB,45,17.452729908957586
DS13,mc.mars_UNDERB,mars,UNDERB,46,18.588206372246038
DS13,mc.mars_UNDERB,mars,UNDERB,47,23.057404443922724
DS13,mc.mars_UNDERB,mars,UNDERB,48,19.365125771205303
DS13,mc.mars_UNDERB,mars,UNDERB,49,20.519585047774477
DS13,mc.mars_UNDERB,mars,UNDERB,50,21.743920696756582
DS13,mc.mars_UNDERTPhi,mars,UNDERTPhi,1,15.002549113191433
DS13,mc.mars_UNDERTPhi,mars,UNDERTPhi,2,16.363871790833684
DS13,mc.mars_UNDERTPhi,mars,UNDERTPhi,3,16.50226147775254
DS13,mc.mars_UNDERTPhi,mars,UNDERTPhi,4,16.007096778432476
DS13,mc.mars_UNDERTPhi,mars,UNDERTPhi,5,16.717998641703694
DS13,mc.mars_UNDERTPhi,mars,UNDERTPhi,6,16.68793547508908
DS13,mc.mars_UNDERTPhi,mars,UNDERTPhi,7,16.236290219354544
DS13,mc.mars_UNDERTPhi,mars,UNDERTPhi,8,17.278540402866636
DS13,mc.mars_UNDERTPhi,mars,UNDERTPhi,9,16.1036018713797
DS13,mc.mars_UNDERTPhi,mars,UNDERTPhi,10,15.493529571227665
DS13,mc.mars_UNDERTPhi,mars,UNDERTPhi,11,14.77164283311087
DS13,mc.mars_UNDERTPhi,mars,UNDERTPhi,12,20.533548188153187
DS13,mc.mars_UNDERTPhi,mars,UNDERTPhi,13,18.66744305377384
DS13,mc.mars_UNDERTPhi,mars,UNDERTPhi,14,16.957765503755994
DS13,mc.mars_UNDERTPhi,mars,UNDERTPhi,15,17.83901181395733
DS13,mc.mars_UNDERTPhi,mars,UNDERTPhi,16,18.96368543457285
DS13,mc.mars_UNDERTPhi,mars,UNDERTPhi,17,18.157283135625732
DS13,mc.mars_UNDERTPhi,mars,UNDERTPhi,18,18.859927809807967
DS13,mc.mars_UNDERTPhi,mars,UNDERTPhi,19,22.123361615413984
DS13,mc.mars_UNDERTPhi,mars,UNDERTPhi,20,29.342644375252206
DS13,mc.mars_UNDERTPhi,mars,UNDERTPhi,21,19.28224496184983
DS13,mc.mars_UNDERTPhi,mars,UNDERTPhi,22,23.48058964891635
DS13,mc.mars_UNDERTPhi,mars,UNDERTPhi,23,21.499699827068238
DS13,mc.mars_UNDERTPhi,mars,UNDERTPhi,24,19.453977525246092
DS13,mc.mars_UNDERTPhi,mars,UNDERTPhi,25,18.680877592622906
DS13,mc.mars_UNDERTPhi,mars,UNDERTPhi,26,17.59715510923819
DS13,mc.mars_UNDERTPhi,mars,UNDERTPhi,27,19.310847354851308
DS13,mc.mars_UNDERTPhi,mars,UNDERTPhi,28,22.22487383964175
DS13,mc.mars_UNDERTPhi,mars,UNDERTPhi,29,18.193245453694875
DS13,mc.mars_UNDERTPhi,mars,UNDERTPhi,30,29.749523207335518
DS13,mc.mars_UNDERTPhi,mars,UNDERTPhi,31,20.52791252661478
DS13,mc.mars_UNDERTPhi,mars,UNDERTPhi,32,18.930348056878447
DS13,mc.mars_UNDERTPhi,mars,UNDERTPhi,33,19.297731927110245
DS13,mc.mars_UNDERTPhi,mars,UNDERTPhi,34,18.1715527383003
DS13,mc.mars_UNDERTPhi,mars,UNDERTPhi,35,21.277754498564015
DS13,mc.mars_UNDERTPhi,mars,UNDERTPhi,36,21.555070193424605
DS13,mc.mars_UNDERTPhi,mars,UNDERTPhi,37,20.05696528618822
DS13,mc.mars_UNDERTPhi,mars,UNDERTPhi,38,17.14219787397425
DS13,mc.mars_UNDERTPhi,mars,UNDERTPhi,39,17.672241587412838
DS13,mc.mars_UNDERTPhi,mars,UNDERTPhi,40,22.171787628490527
DS13,mc.mars_UNDERTPhi,mars,UNDERTPhi,41,19.73852068367289
DS13,mc.mars_UNDERTPhi,mars,UNDERTPhi,42,21.081121082608917
DS13,mc.mars_UNDERTPhi,mars,UNDERTPhi,43,20.22545924521915
DS13,mc.mars_UNDERTPhi,mars,UNDERTPhi,44,22.53934520595385
DS13,mc.mars_UNDERTPhi,mars,UNDERTPhi,45,22.3886783553744
DS13,mc.mars_UNDERTPhi,mars,UNDERTPhi,46,19.017006821162255
DS13,mc.mars_UNDERTPhi,mars,UNDERTPhi,47,28.39452661090939
DS13,mc.mars_UNDERTPhi,mars,UNDERTPhi,48,20.178970596218466
DS13,mc.mars_UNDERTPhi,mars,UNDERTPhi,49,18.851725760880132
DS13,mc.mars_UNDERTPhi,mars,UNDERTPhi,50,21.850847110341533
DS13,mc.mars_UNDERT,mars,UNDERT,1,15.223147888058694
DS13,mc.mars_UNDERT,mars,UNDERT,2,13.974437620003481
DS13,mc.mars_UNDERT,mars,UNDERT,3,16.378679416518207
DS13,mc.mars_UNDERT,mars,UNDERT,4,15.024981642647981
DS13,mc.mars_UNDERT,mars,UNDERT,5,15.428833987631268
DS13,mc.mars_UNDERT,mars,UNDERT,6,15.41393854330679
DS13,mc.mars_UNDERT,mars,UNDERT,7,15.199637377623807
DS13,mc.mars_UNDERT,mars,UNDERT,8,14.584426190978135
DS13,mc.mars_UNDERT,mars,UNDERT,9,14.457518682545567
DS13,mc.mars_UNDERT,mars,UNDERT,10,15.337223552926432
DS13,mc.mars_UNDERT,mars,UNDERT,11,15.087333899916837
DS13,mc.mars_UNDERT,mars,UNDERT,12,14.33781123367392
DS13,mc.mars_UNDERT,mars,UNDERT,13,15.984528137609246
DS13,mc.mars_UNDERT,mars,UNDERT,14,16.724011143668182
DS13,mc.mars_UNDERT,mars,UNDERT,15,17.239770837251783
DS13,mc.mars_UNDERT,mars,UNDERT,16,15.866415589367259
DS13,mc.mars_UNDERT,mars,UNDERT,17,15.574646676447568
DS13,mc.mars_UNDERT,mars,UNDERT,18,17.305113381907976
DS13,mc.mars_UNDERT,mars,UNDERT,19,21.239184452673666
DS13,mc.mars_UNDERT,mars,UNDERT,20,22.848700528191653
DS13,mc.mars_UNDERT,mars,UNDERT,21,19.0063863467256
DS13,mc.mars_UNDERT,mars,UNDERT,22,21.406301553182235
DS13,mc.mars_UNDERT,mars,UNDERT,23,22.612031127761384
DS13,mc.mars_UNDERT,mars,UNDERT,24,21.14209458633102
DS13,mc.mars_UNDERT,mars,UNDERT,25,19.7334360689896
DS13,mc.mars_UNDERT,mars,UNDERT,26,19.84213775015048
DS13,mc.mars_UNDERT,mars,UNDERT,27,19.829920892055934
DS13,mc.mars_UNDERT,mars,UNDERT,28,19.965188605545045
DS13,mc.mars_UNDERT,mars,UNDERT,29,28.009537302953845
DS13,mc.mars_UNDERT,mars,UNDERT,30,20.26078972741118
DS13,mc.mars_UNDERT,mars,UNDERT,31,19.078700068980716
DS13,mc.mars_UNDERT,mars,UNDERT,32,18.33455243125981
DS13,mc.mars_UNDERT,mars,UNDERT,33,20.503284803201943
DS13,mc.mars_UNDERT,mars,UNDERT,34,16.442185503264852
DS13,mc.mars_UNDERT,mars,UNDERT,35,19.1025699630475
DS13,mc.mars_UNDERT,mars,UNDERT,36,20.07762075959578
DS13,mc.mars_UNDERT,mars,UNDERT,37,24.497435634807072
DS13,mc.mars_UNDERT,mars,UNDERT,38,22.679333665059467
DS13,mc.mars_UNDERT,mars,UNDERT,39,17.680147735419776
DS13,mc.mars_UNDERT,mars,UNDERT,40,21.064823204582858
DS13,mc.mars_UNDERT,mars,UNDERT,41,22.84634679312873
DS13,mc.mars_UNDERT,mars,UNDERT,42,19.52837607908794
DS13,mc.mars_UNDERT,mars,UNDERT,43,21.07034709947172
DS13,mc.mars_UNDERT,mars,UNDERT,44,17.536446161679635
DS13,mc.mars_UNDERT,mars,UNDERT,45,21.663359377530696
DS13,mc.mars_UNDERT,mars,UNDERT,46,20.711835538097212
DS13,mc.mars_UNDERT,mars,UNDERT,47,21.88803095279275
DS13,mc.mars_UNDERT,mars,UNDERT,48,31.288442421131812
DS13,mc.mars_UNDERT,mars,UNDERT,49,21.733735151986313
DS13,mc.mars_UNDERT,mars,UNDERT,50,21.259064156779758
DS13,mc.mars,mars,baseline,1,10.541700329697846
DS13,mc.mars,mars,baseline,2,10.80095496891497
DS13,mc.mars,mars,baseline,3,10.751900548676467
DS13,mc.mars,mars,baseline,4,11.274421353576248
DS13,mc.mars,mars,baseline,5,11.265689355852537
DS13,mc.mars,mars,baseline,6,11.315109761728209
DS13,mc.mars,mars,baseline,7,11.31029740973694
DS13,mc.mars,mars,baseline,8,11.343424171327477
DS13,mc.mars,mars,baseline,9,11.45944819711774
DS13,mc.mars,mars,baseline,10,11.612532582906242
DS13,mc.mars,mars,baseline,11,11.721887731995544
DS13,mc.mars,mars,baseline,12,12.056527407579118
DS13,mc.mars,mars,baseline,13,11.93256773528601
DS13,mc.mars,mars,baseline,14,12.359183186187964
DS13,mc.mars,mars,baseline,15,13.050155782033585
DS13,mc.mars,mars,baseline,16,13.253332110258464
DS13,mc.mars,mars,baseline,17,12.9118264079947
DS13,mc.mars,mars,baseline,18,13.500897044615993
DS13,mc.mars,mars,baseline,19,14.500180208998422
DS13,mc.mars,mars,baseline,20,14.65141960061402
DS13,mc.mars,mars,baseline,21,14.63330991795788
DS13,mc.mars,mars,baseline,22,14.590736122728645
DS13,mc.mars,mars,baseline,23,14.745574083316095
DS13,mc.mars,mars,baseline,24,14.922076824161644
DS13,mc.mars,mars,baseline,25,15.048474953393653
DS13,mc.mars,mars,baseline,26,15.505103704799037
DS13,mc.mars,mars,baseline,27,14.636664930587374
DS13,mc.mars,mars,baseline,28,14.736926711678615
DS13,mc.mars,mars,baseline,29,14.825964914320348
DS13,mc.mars,mars,baseline,30,13.67136423226225
DS13,mc.mars,mars,baseline,31,14.833549011772119
DS13,mc.mars,mars,baseline,32,13.74085630649109
DS13,mc.mars,mars,baseline,33,15.036296788889368
DS13,mc.mars,mars,baseline,34,14.891330885059302
DS13,mc.mars,mars,baseline,35,14.327144119376827
DS13,mc.mars,mars,baseline,36,14.432124718977327
DS13,mc.mars,mars,baseline,37,14.074161951994734
DS13,mc.mars,mars,baseline,38,14.23713192592166
DS13,mc.mars,mars,baseline,39,14.202574655382678
DS13,mc.mars,mars,baseline,40,14.038959243781546
DS13,mc.mars,mars,baseline,41,14.051100101302337
DS13,mc.mars,mars,baseline,42,14.070636102376158
DS13,mc.mars,mars,baseline,43,14.052702400792105
DS13,mc.mars,mars,baseline,44,14.030945556222886
DS13,mc.mars,mars,baseline,45,14.133326001920468
DS13,mc.mars,mars,baseline,46,14.928982708254084
DS13,mc.mars,mars,baseline,47,14.528995980570581
DS13,mc.mars,mars,baseline,48,17.300402417472345
DS13,mc.mars,mars,baseline,49,14.698277752970725
DS13,mc.mars,mars,baseline,50,14.684507622985896
DS13,mc.rf_OVERB,rf,OVERB,1,10.929710144989732
DS13,mc.rf_OVERB,rf,OVERB,2,11.122635801226227
DS13,mc.rf_OVERB,rf,OVERB,3,11.328500026387383
DS13,mc.rf_OVERB,rf,OVERB,4,11.673236273899255
DS13,mc.rf_OVERB,rf,OVERB,5,11.604745948824204
DS13,mc.rf_OVERB,rf,OVERB,6,11.9067531893059
DS13,mc.rf_OVERB,rf,OVERB,7,11.688509698753856
DS13,mc.rf_OVERB,rf,OVERB,8,11.634827569035485
DS13,mc.rf_OVERB,rf,OVERB,9,11.7233587756371
DS13,mc.rf_OVERB,rf,OVERB,10,11.623719785056267
DS13,mc.rf_OVERB,rf,OVERB,11,11.830015066123973
DS13,mc.rf_OVERB,rf,OVERB,12,12.08808337158971
DS13,mc.rf_OVERB,rf,OVERB,13,12.2401776497398
DS13,mc.rf_OVERB,rf,OVERB,14,12.53492011404422
DS13,mc.rf_OVERB,rf,OVERB,15,12.68953955784166
DS13,mc.rf_OVERB,rf,OVERB,16,12.959276288521611
DS13,mc.rf_OVERB,rf,OVERB,17,13.107205724714165
DS13,mc.rf_OVERB,rf,OVERB,18,13.573214264889664
DS13,mc.rf_OVERB,rf,OVERB,19,13.820882088295836
DS13,mc.rf_OVERB,rf,OVERB,20,13.724637190286227
DS13,mc.rf_OVERB,rf,OVERB,21,13.822851683115989
DS13,mc.rf_OVERB,rf,OVERB,22,13.709121710573006
DS13,mc.rf_OVERB,rf,OVERB,23,14.246001818974781
DS13,mc.rf_OVERB,rf,OVERB,24,14.052406281124853
DS13,mc.rf_OVERB,rf,OVERB,25,14.078340601198336
DS13,mc.rf_OVERB,rf,OVERB,26,14.224585825949566
DS13,mc.rf_OVERB,rf,OVERB,27,14.426131323509104
DS13,mc.rf_OVERB,rf,OVERB,28,14.389994066403618
DS13,mc.rf_OVERB,rf,OVERB,29,14.224196527918117
DS13,mc.rf_OVERB,rf,OVERB,30,14.452639982883328
DS13,mc.rf_OVERB,rf,OVERB,31,14.342866331809033
DS13,mc.rf_OVERB,rf,OVERB,32,14.535977469780237
DS13,mc.rf_OVERB,rf,OVERB,33,14.675243652992059
DS13,mc.rf_OVERB,rf,OVERB,34,14.758237037695904
DS13,mc.rf_OVERB,rf,OVERB,35,14.755865900841922
DS13,mc.rf_OVERB,rf,OVERB,36,14.802205092795768
DS13,mc.rf_OVERB,rf,OVERB,37,14.462744889396983
DS13,mc.rf_OVERB,rf,OVERB,38,15.210096300487432
DS13,mc.rf_OVERB,rf,OVERB,39,14.740985386011625
DS13,mc.rf_OVERB,rf,OVERB,40,14.787668666656055
DS13,mc.rf_OVERB,rf,OVERB,41,14.734567718610641
DS13,mc.rf_OVERB,rf,OVERB,42,14.861087131932008
DS13,mc.rf_OVERB,rf,OVERB,43,14.590312537560749
DS13,mc.rf_OVERB,rf,OVERB,44,14.673953668668684
DS13,mc.rf_OVERB,rf,OVERB,45,14.964700726151005
DS13,mc.rf_OVERB,rf,OVERB,46,14.965414510902617
DS13,mc.rf_OVERB,rf,OVERB,47,15.766026447907386
DS13,mc.rf_OVERB,rf,OVERB,48,15.478275713414805
DS13,mc.rf_OVERB,rf,OVERB,49,15.207073186956887
DS13,mc.rf_OVERB,rf,OVERB,50,15.46274715530487
DS13,mc.rf_OVERTPhi,rf,OVERTPhi,1,10.974505370190707
DS13,mc.rf_OVERTPhi,rf,OVERTPhi,2,11.013735831456348
DS13,mc.rf_OVERTPhi,rf,OVERTPhi,3,11.405775570436365
DS13,mc.rf_OVERTPhi,rf,OVERTPhi,4,11.694517548959414
DS13,mc.rf_OVERTPhi,rf,OVERTPhi,5,11.810432708975059
DS13,mc.rf_OVERTPhi,rf,OVERTPhi,6,11.826057085663242
DS13,mc.rf_OVERTPhi,rf,OVERTPhi,7,11.804548730619247
DS13,mc.rf_OVERTPhi,rf,OVERTPhi,8,11.642023112239057
DS13,mc.rf_OVERTPhi,rf,OVERTPhi,9,11.760104911740452
DS13,mc.rf_OVERTPhi,rf,OVERTPhi,10,11.600118893376324
DS13,mc.rf_OVERTPhi,rf,OVERTPhi,11,11.907227354360998
DS13,mc.rf_OVERTPhi,rf,OVERTPhi,12,12.089856786421082
DS13,mc.rf_OVERTPhi,rf,OVERTPhi,13,12.331644633661497
DS13,mc.rf_OVERTPhi,rf,OVERTPhi,14,12.55925529249986
DS13,mc.rf_OVERTPhi,rf,OVERTPhi,15,12.645657135494357
DS13,mc.rf_OVERTPhi,rf,OVERTPhi,16,12.86583497130097
DS13,mc.rf_OVERTPhi,rf,OVERTPhi,17,13.126309526895511
DS13,mc.rf_OVERTPhi,rf,OVERTPhi,18,13.504898036641263
DS13,mc.rf_OVERTPhi,rf,OVERTPhi,19,13.59403588787895
DS13,mc.rf_OVERTPhi,rf,OVERTPhi,20,13.735831589791806
DS13,mc.rf_OVERTPhi,rf,OVERTPhi,21,13.537351354555998
DS13,mc.rf_OVERTPhi,rf,OVERTPhi,22,13.75047209241583
DS13,mc.rf_OVERTPhi,rf,OVERTPhi,23,13.95889950922513
DS13,mc.rf_OVERTPhi,rf,OVERTPhi,24,13.8912606933413
DS13,mc.rf_OVERTPhi,rf,OVERTPhi,25,14.01485661233965
DS13,mc.rf_OVERTPhi,rf,OVERTPhi,26,14.1452596077175
DS13,mc.rf_OVERTPhi,rf,OVERTPhi,27,14.686837409217313
DS13,mc.rf_OVERTPhi,rf,OVERTPhi,28,14.481000987628105
DS13,mc.rf_OVERTPhi,rf,OVERTPhi,29,15.020097679560546
DS13,mc.rf_OVERTPhi,rf,OVERTPhi,30,14.831078440862028
DS13,mc.rf_OVERTPhi,rf,OVERTPhi,31,14.81506418183977
DS13,mc.rf_OVERTPhi,rf,OVERTPhi,32,14.714102290966402
DS13,mc.rf_OVERTPhi,rf,OVERTPhi,33,15.15208335087975
DS13,mc.rf_OVERTPhi,rf,OVERTPhi,34,14.870749630069046
DS13,mc.rf_OVERTPhi,rf,OVERTPhi,35,15.113097675377432
DS13,mc.rf_OVERTPhi,rf,OVERTPhi,36,14.896775047420666
DS13,mc.rf_OVERTPhi,rf,OVERTPhi,37,15.009573229525545
DS13,mc.rf_OVERTPhi,rf,OVERTPhi,38,14.999752375472696
DS13,mc.rf_OVERTPhi,rf,OVERTPhi,39,15.203680763387263
DS13,mc.rf_OVERTPhi,rf,OVERTPhi,40,14.80016129101411
DS13,mc.rf_OVERTPhi,rf,OVERTPhi,41,15.222242930935321
DS13,mc.rf_OVERTPhi,rf,OVERTPhi,42,14.971815875761118
DS13,mc.rf_OVERTPhi,rf,OVERTPhi,43,14.891317202220263
DS13,mc.rf_OVERTPhi,rf,OVERTPhi,44,15.246033750798222
DS13,mc.rf_OVERTPhi,rf,OVERTPhi,45,15.444424724372633
DS13,mc.rf_OVERTPhi,rf,OVERTPhi,46,15.326352781623822
DS13,mc.rf_OVERTPhi,rf,OVERTPhi,47,15.58189075507091
DS13,mc.rf_OVERTPhi,rf,OVERTPhi,48,15.515669795253332
DS13,mc.rf_OVERTPhi,rf,OVERTPhi,49,15.579686124708559
DS13,mc.rf_OVERTPhi,rf,OVERTPhi,50,15.587176257930189
DS13,mc.rf_OVERT,rf,OVERT,1,11.32732733607826
DS13,mc.rf_OVERT,rf,OVERT,2,11.359548167760597
DS13,mc.rf_OVERT,rf,OVERT,3,11.676270797491222
DS13,mc.rf_OVERT,rf,OVERT,4,11.704828877203234
DS13,mc.rf_OVERT,rf,OVERT,5,11.75522936225825
DS13,mc.rf_OVERT,rf,OVERT,6,11.853263526763705
DS13,mc.rf_OVERT,rf,OVERT,7,11.763314037793078
DS13,mc.rf_OVERT,rf,OVERT,8,11.68264742980217
DS13,mc.rf_OVERT,rf,OVERT,9,11.76193051608049
DS13,mc.rf_OVERT,rf,OVERT,10,11.63326704489668
DS13,mc.rf_OVERT,rf,OVERT,11,11.833108319309195
DS13,mc.rf_OVERT,rf,OVERT,12,12.043876166329945
DS13,mc.rf_OVERT,rf,OVERT,13,12.281620339484528
DS13,mc.rf_OVERT,rf,OVERT,14,12.5892654255427
DS13,mc.rf_OVERT,rf,OVERT,15,12.644205721794984
DS13,mc.rf_OVERT,rf,OVERT,16,12.82090082404999
DS13,mc.rf_OVERT,rf,OVERT,17,13.111584903474556
DS13,mc.rf_OVERT,rf,OVERT,18,13.42321492388293
DS13,mc.rf_OVERT,rf,OVERT,19,13.528689764746858
DS13,mc.rf_OVERT,rf,OVERT,20,13.695692403004713
DS13,mc.rf_OVERT,rf,OVERT,21,13.63434584434336
DS13,mc.rf_OVERT,rf,OVERT,22,13.689140429569507
DS13,mc.rf_OVERT,rf,OVERT,23,13.951629083812653
DS13,mc.rf_OVERT,rf,OVERT,24,14.020485268864139
DS13,mc.rf_OVERT,rf,OVERT,25,14.085359753394972
DS13,mc.rf_OVERT,rf,OVERT,26,14.145989446444434
DS13,mc.rf_OVERT,rf,OVERT,27,14.765981966948909
DS13,mc.rf_OVERT,rf,OVERT,28,14.394568128609091
DS13,mc.rf_OVERT,rf,OVERT,29,15.019191365000031
DS13,mc.rf_OVERT,rf,OVERT,30,14.782359439886724
DS13,mc.rf_OVERT,rf,OVERT,31,14.935469227187106
DS13,mc.rf_OVERT,rf,OVERT,32,14.682931798542029
DS13,mc.rf_OVERT,rf,OVERT,33,15.170944698390075
DS13,mc.rf_OVERT,rf,OVERT,34,15.01008396911349
DS13,mc.rf_OVERT,rf,OVERT,35,14.981405187133772
DS13,mc.rf_OVERT,rf,OVERT,36,14.787032281966647
DS13,mc.rf_OVERT,rf,OVERT,37,15.100904855622678
DS13,mc.rf_OVERT,rf,OVERT,38,14.829124474866708
DS13,mc.rf_OVERT,rf,OVERT,39,15.207645930468276
DS13,mc.rf_OVERT,rf,OVERT,40,14.8017235718769
DS13,mc.rf_OVERT,rf,OVERT,41,15.227806931357193
DS13,mc.rf_OVERT,rf,OVERT,42,14.987852526113457
DS13,mc.rf_OVERT,rf,OVERT,43,14.976175824176288
DS13,mc.rf_OVERT,rf,OVERT,44,15.250136336497583
DS13,mc.rf_OVERT,rf,OVERT,45,15.334807532967307
DS13,mc.rf_OVERT,rf,OVERT,46,15.41961761126507
DS13,mc.rf_OVERT,rf,OVERT,47,15.600887942581698
DS13,mc.rf_OVERT,rf,OVERT,48,15.56970318262505
DS13,mc.rf_OVERT,rf,OVERT,49,15.402269865748355
DS13,mc.rf_OVERT,rf,OVERT,50,15.429957359461277
DS13,mc.rf_SMOTEB,rf,SMOTEB,1,14.709050012466806
DS13,mc.rf_SMOTEB,rf,SMOTEB,2,16.240759406686784
DS13,mc.rf_SMOTEB,rf,SMOTEB,3,14.259683038399098
DS13,mc.rf_SMOTEB,rf,SMOTEB,4,14.808079649525103
DS13,mc.rf_SMOTEB,rf,SMOTEB,5,14.632598051560466
DS13,mc.rf_SMOTEB,rf,SMOTEB,6,15.336682578325709
DS13,mc.rf_SMOTEB,rf,SMOTEB,7,15.672151685767497
DS13,mc.rf_SMOTEB,rf,SMOTEB,8,14.439832941093316
DS13,mc.rf_SMOTEB,rf,SMOTEB,9,14.820601949965486
DS13,mc.rf_SMOTEB,rf,SMOTEB,10,14.609182534606333
DS13,mc.rf_SMOTEB,rf,SMOTEB,11,14.512594680962602
DS13,mc.rf_SMOTEB,rf,SMOTEB,12,14.494945467276581
DS13,mc.rf_SMOTEB,rf,SMOTEB,13,15.072388616425883
DS13,mc.rf_SMOTEB,rf,SMOTEB,14,14.709847996091513
DS13,mc.rf_SMOTEB,rf,SMOTEB,15,15.463005401687582
DS13,mc.rf_SMOTEB,rf,SMOTEB,16,15.141441870251825
DS13,mc.rf_SMOTEB,rf,SMOTEB,17,15.235867219410324
DS13,mc.rf_SMOTEB,rf,SMOTEB,18,16.809829925252583
DS13,mc.rf_SMOTEB,rf,SMOTEB,19,16.105678939236206
DS13,mc.rf_SMOTEB,rf,SMOTEB,20,15.843204419896352
DS13,mc.rf_SMOTEB,rf,SMOTEB,21,16.344522445313633
DS13,mc.rf_SMOTEB,rf,SMOTEB,22,16.762677238034783
DS13,mc.rf_SMOTEB,rf,SMOTEB,23,16.296887088729054
DS13,mc.rf_SMOTEB,rf,SMOTEB,24,16.80645483800382
DS13,mc.rf_SMOTEB,rf,SMOTEB,25,16.567031920878463
DS13,mc.rf_SMOTEB,rf,SMOTEB,26,16.837168981183883
DS13,mc.rf_SMOTEB,rf,SMOTEB,27,16.63705423939687
DS13,mc.rf_SMOTEB,rf,SMOTEB,28,16.751579391132925
DS13,mc.rf_SMOTEB,rf,SMOTEB,29,16.247237406486796
DS13,mc.rf_SMOTEB,rf,SMOTEB,30,17.092198766549885
DS13,mc.rf_SMOTEB,rf,SMOTEB,31,17.0120700988103
DS13,mc.rf_SMOTEB,rf,SMOTEB,32,16.991325573401756
DS13,mc.rf_SMOTEB,rf,SMOTEB,33,17.160906088606634
DS13,mc.rf_SMOTEB,rf,SMOTEB,34,16.610242232505573
DS13,mc.rf_SMOTEB,rf,SMOTEB,35,16.76730760761416
DS13,mc.rf_SMOTEB,rf,SMOTEB,36,16.216940732004733
DS13,mc.rf_SMOTEB,rf,SMOTEB,37,16.978148496683417
DS13,mc.rf_SMOTEB,rf,SMOTEB,38,16.185466326870138
DS13,mc.rf_SMOTEB,rf,SMOTEB,39,17.023774613735394
DS13,mc.rf_SMOTEB,rf,SMOTEB,40,16.89705651169419
DS13,mc.rf_SMOTEB,rf,SMOTEB,41,16.70695683313923
DS13,mc.rf_SMOTEB,rf,SMOTEB,42,16.33732424690486
DS13,mc.rf_SMOTEB,rf,SMOTEB,43,16.313461007310877
DS13,mc.rf_SMOTEB,rf,SMOTEB,44,16.120284320761385
DS13,mc.rf_SMOTEB,rf,SMOTEB,45,16.469762559577195
DS13,mc.rf_SMOTEB,rf,SMOTEB,46,16.892571654869577
DS13,mc.rf_SMOTEB,rf,SMOTEB,47,16.9725227152846
DS13,mc.rf_SMOTEB,rf,SMOTEB,48,16.41435572942799
DS13,mc.rf_SMOTEB,rf,SMOTEB,49,17.019144894285237
DS13,mc.rf_SMOTEB,rf,SMOTEB,50,16.559328631176637
DS13,mc.rf_SMOTETPhi,rf,SMOTETPhi,1,16.504559942085002
DS13,mc.rf_SMOTETPhi,rf,SMOTETPhi,2,16.843317609610608
DS13,mc.rf_SMOTETPhi,rf,SMOTETPhi,3,16.24280759781892
DS13,mc.rf_SMOTETPhi,rf,SMOTETPhi,4,15.788769325028417
DS13,mc.rf_SMOTETPhi,rf,SMOTETPhi,5,16.886455607685672
DS13,mc.rf_SMOTETPhi,rf,SMOTETPhi,6,16.443375796438968
DS13,mc.rf_SMOTETPhi,rf,SMOTETPhi,7,17.03799358054175
DS13,mc.rf_SMOTETPhi,rf,SMOTETPhi,8,16.25415190024733
DS13,mc.rf_SMOTETPhi,rf,SMOTETPhi,9,16.11975042216505
DS13,mc.rf_SMOTETPhi,rf,SMOTETPhi,10,16.107363160971754
DS13,mc.rf_SMOTETPhi,rf,SMOTETPhi,11,15.414870137360413
DS13,mc.rf_SMOTETPhi,rf,SMOTETPhi,12,16.635130312321287
DS13,mc.rf_SMOTETPhi,rf,SMOTETPhi,13,16.86291465848266
DS13,mc.rf_SMOTETPhi,rf,SMOTETPhi,14,16.348069292770063
DS13,mc.rf_SMOTETPhi,rf,SMOTETPhi,15,17.577542152617323
DS13,mc.rf_SMOTETPhi,rf,SMOTETPhi,16,17.503170226306597
DS13,mc.rf_SMOTETPhi,rf,SMOTETPhi,17,18.205850974234647
DS13,mc.rf_SMOTETPhi,rf,SMOTETPhi,18,17.42963455461378
DS13,mc.rf_SMOTETPhi,rf,SMOTETPhi,19,17.053779117051796
DS13,mc.rf_SMOTETPhi,rf,SMOTETPhi,20,16.78116863821074
DS13,mc.rf_SMOTETPhi,rf,SMOTETPhi,21,17.9240352422255
DS13,mc.rf_SMOTETPhi,rf,SMOTETPhi,22,18.240188181854766
DS13,mc.rf_SMOTETPhi,rf,SMOTETPhi,23,18.571218557555465
DS13,mc.rf_SMOTETPhi,rf,SMOTETPhi,24,18.112856523193827
DS13,mc.rf_SMOTETPhi,rf,SMOTETPhi,25,19.072996771953203
DS13,mc.rf_SMOTETPhi,rf,SMOTETPhi,26,17.820601920475507
DS13,mc.rf_SMOTETPhi,rf,SMOTETPhi,27,18.303041271074644
DS13,mc.rf_SMOTETPhi,rf,SMOTETPhi,28,17.6342168668069
DS13,mc.rf_SMOTETPhi,rf,SMOTETPhi,29,17.612230373074777
DS13,mc.rf_SMOTETPhi,rf,SMOTETPhi,30,17.357075803057974
DS13,mc.rf_SMOTETPhi,rf,SMOTETPhi,31,17.548566663018303
DS13,mc.rf_SMOTETPhi,rf,SMOTETPhi,32,17.91367200081848
DS13,mc.rf_SMOTETPhi,rf,SMOTETPhi,33,17.698297934697482
DS13,mc.rf_SMOTETPhi,rf,SMOTETPhi,34,17.253986990834935
DS13,mc.rf_SMOTETPhi,rf,SMOTETPhi,35,17.64353030216401
DS13,mc.rf_SMOTETPhi,rf,SMOTETPhi,36,16.994769780314297
DS13,mc.rf_SMOTETPhi,rf,SMOTETPhi,37,16.54259172940983
DS13,mc.rf_SMOTETPhi,rf,SMOTETPhi,38,16.92902531980767
DS13,mc.rf_SMOTETPhi,rf,SMOTETPhi,39,17.933343729999258
DS13,mc.rf_SMOTETPhi,rf,SMOTETPhi,40,17.496732447039737
DS13,mc.rf_SMOTETPhi,rf,SMOTETPhi,41,15.980079096412485
DS13,mc.rf_SMOTETPhi,rf,SMOTETPhi,42,16.858067373487707
DS13,mc.rf_SMOTETPhi,rf,SMOTETPhi,43,16.580331218161913
DS13,mc.rf_SMOTETPhi,rf,SMOTETPhi,44,17.523639126259944
DS13,mc.rf_SMOTETPhi,rf,SMOTETPhi,45,17.095218364593347
DS13,mc.rf_SMOTETPhi,rf,SMOTETPhi,46,17.675664186706314
DS13,mc.rf_SMOTETPhi,rf,SMOTETPhi,47,16.690433490572307
DS13,mc.rf_SMOTETPhi,rf,SMOTETPhi,48,17.130053619479323
DS13,mc.rf_SMOTETPhi,rf,SMOTETPhi,49,16.62717854602122
DS13,mc.rf_SMOTETPhi,rf,SMOTETPhi,50,16.45201469891133
DS13,mc.rf_SMOTET,rf,SMOTET,1,14.499518796302503
DS13,mc.rf_SMOTET,rf,SMOTET,2,14.247719282265336
DS13,mc.rf_SMOTET,rf,SMOTET,3,14.656361432103125
DS13,mc.rf_SMOTET,rf,SMOTET,4,15.587701298578523
DS13,mc.rf_SMOTET,rf,SMOTET,5,14.123024372163018
DS13,mc.rf_SMOTET,rf,SMOTET,6,15.393674154030073
DS13,mc.rf_SMOTET,rf,SMOTET,7,15.873909323408318
DS13,mc.rf_SMOTET,rf,SMOTET,8,15.488746060437679
DS13,mc.rf_SMOTET,rf,SMOTET,9,14.4176187556215
DS13,mc.rf_SMOTET,rf,SMOTET,10,14.812860517329039
DS13,mc.rf_SMOTET,rf,SMOTET,11,14.985128241507894
DS13,mc.rf_SMOTET,rf,SMOTET,12,14.655905343170183
DS13,mc.rf_SMOTET,rf,SMOTET,13,15.75307822737115
DS13,mc.rf_SMOTET,rf,SMOTET,14,15.532792008243431
DS13,mc.rf_SMOTET,rf,SMOTET,15,14.998001745543737
DS13,mc.rf_SMOTET,rf,SMOTET,16,15.833249958734978
DS13,mc.rf_SMOTET,rf,SMOTET,17,16.715110768048763
DS13,mc.rf_SMOTET,rf,SMOTET,18,15.908309666818965
DS13,mc.rf_SMOTET,rf,SMOTET,19,16.563991397670048
DS13,mc.rf_SMOTET,rf,SMOTET,20,16.1584715142944
DS13,mc.rf_SMOTET,rf,SMOTET,21,16.9072783632979
DS13,mc.rf_SMOTET,rf,SMOTET,22,16.476952500335155
DS13,mc.rf_SMOTET,rf,SMOTET,23,17.067160342767874
DS13,mc.rf_SMOTET,rf,SMOTET,24,17.25209529644348
DS13,mc.rf_SMOTET,rf,SMOTET,25,17.76480950359267
DS13,mc.rf_SMOTET,rf,SMOTET,26,17.850704866800548
DS13,mc.rf_SMOTET,rf,SMOTET,27,17.181080025484622
DS13,mc.rf_SMOTET,rf,SMOTET,28,16.903870735389276
DS13,mc.rf_SMOTET,rf,SMOTET,29,17.15208832790105
DS13,mc.rf_SMOTET,rf,SMOTET,30,16.646397496158908
DS13,mc.rf_SMOTET,rf,SMOTET,31,16.782387237636843
DS13,mc.rf_SMOTET,rf,SMOTET,32,16.855866219240554
DS13,mc.rf_SMOTET,rf,SMOTET,33,17.02580592600724
DS13,mc.rf_SMOTET,rf,SMOTET,34,16.69187356376561
DS13,mc.rf_SMOTET,rf,SMOTET,35,16.522163647423955
DS13,mc.rf_SMOTET,rf,SMOTET,36,16.414818489486578
DS13,mc.rf_SMOTET,rf,SMOTET,37,16.19492121348861
DS13,mc.rf_SMOTET,rf,SMOTET,38,17.348393230518454
DS13,mc.rf_SMOTET,rf,SMOTET,39,18.317925491434366
DS13,mc.rf_SMOTET,rf,SMOTET,40,16.162704481482784
DS13,mc.rf_SMOTET,rf,SMOTET,41,15.982660435258227
DS13,mc.rf_SMOTET,rf,SMOTET,42,16.11589675642376
DS13,mc.rf_SMOTET,rf,SMOTET,43,15.983781328826497
DS13,mc.rf_SMOTET,rf,SMOTET,44,16.93628292394077
DS13,mc.rf_SMOTET,rf,SMOTET,45,16.826402604392896
DS13,mc.rf_SMOTET,rf,SMOTET,46,17.10228071769346
DS13,mc.rf_SMOTET,rf,SMOTET,47,15.47092915856614
DS13,mc.rf_SMOTET,rf,SMOTET,48,16.322888503795937
DS13,mc.rf_SMOTET,rf,SMOTET,49,16.10526157551802
DS13,mc.rf_SMOTET,rf,SMOTET,50,15.953758681640279
DS13,mc.rf_UNDERB,rf,UNDERB,1,13.611061238976328
DS13,mc.rf_UNDERB,rf,UNDERB,2,12.952006222620607
DS13,mc.rf_UNDERB,rf,UNDERB,3,14.79329041350849
DS13,mc.rf_UNDERB,rf,UNDERB,4,14.857711707835186
DS13,mc.rf_UNDERB,rf,UNDERB,5,13.73237454301916
DS13,mc.rf_UNDERB,rf,UNDERB,6,17.145237401381895
DS13,mc.rf_UNDERB,rf,UNDERB,7,17.27032865987751
DS13,mc.rf_UNDERB,rf,UNDERB,8,15.082129284547554
DS13,mc.rf_UNDERB,rf,UNDERB,9,14.444696936358344
DS13,mc.rf_UNDERB,rf,UNDERB,10,15.18989113081719
DS13,mc.rf_UNDERB,rf,UNDERB,11,14.95382743648835
DS13,mc.rf_UNDERB,rf,UNDERB,12,13.8737808495717
DS13,mc.rf_UNDERB,rf,UNDERB,13,14.429082797234498
DS13,mc.rf_UNDERB,rf,UNDERB,14,14.624976133707728
DS13,mc.rf_UNDERB,rf,UNDERB,15,15.85715248568206
DS13,mc.rf_UNDERB,rf,UNDERB,16,16.828731628366963
DS13,mc.rf_UNDERB,rf,UNDERB,17,16.608943233015836
DS13,mc.rf_UNDERB,rf,UNDERB,18,16.51928576653248
DS13,mc.rf_UNDERB,rf,UNDERB,19,17.58438576713249
DS13,mc.rf_UNDERB,rf,UNDERB,20,16.956748818435344
DS13,mc.rf_UNDERB,rf,UNDERB,21,16.20087237946243
DS13,mc.rf_UNDERB,rf,UNDERB,22,16.909424509682694
DS13,mc.rf_UNDERB,rf,UNDERB,23,16.450381851827657
DS13,mc.rf_UNDERB,rf,UNDERB,24,17.453564594498594
DS13,mc.rf_UNDERB,rf,UNDERB,25,16.702093455873207
DS13,mc.rf_UNDERB,rf,UNDERB,26,17.22633711670587
DS13,mc.rf_UNDERB,rf,UNDERB,27,15.975182433842749
DS13,mc.rf_UNDERB,rf,UNDERB,28,16.152094877652086
DS13,mc.rf_UNDERB,rf,UNDERB,29,16.11563606751178
DS13,mc.rf_UNDERB,rf,UNDERB,30,15.661245820250812
DS13,mc.rf_UNDERB,rf,UNDERB,31,15.484396205131471
DS13,mc.rf_UNDERB,rf,UNDERB,32,16.103852531209995
DS13,mc.rf_UNDERB,rf,UNDERB,33,16.55262231620745
DS13,mc.rf_UNDERB,rf,UNDERB,34,16.383511528983536
DS13,mc.rf_UNDERB,rf,UNDERB,35,16.76800685229733
DS13,mc.rf_UNDERB,rf,UNDERB,36,16.066457406226892
DS13,mc.rf_UNDERB,rf,UNDERB,37,15.660720463498201
DS13,mc.rf_UNDERB,rf,UNDERB,38,16.057784386089313
DS13,mc.rf_UNDERB,rf,UNDERB,39,17.40638627380688
DS13,mc.rf_UNDERB,rf,UNDERB,40,16.2804932759963
DS13,mc.rf_UNDERB,rf,UNDERB,41,16.013756103795675
DS13,mc.rf_UNDERB,rf,UNDERB,42,15.792730387612108
DS13,mc.rf_UNDERB,rf,UNDERB,43,16.04011365227211
DS13,mc.rf_UNDERB,rf,UNDERB,44,15.492980757113457
DS13,mc.rf_UNDERB,rf,UNDERB,45,16.146086225694535
DS13,mc.rf_UNDERB,rf,UNDERB,46,15.794320596591538
DS13,mc.rf_UNDERB,rf,UNDERB,47,16.576128692440754
DS13,mc.rf_UNDERB,rf,UNDERB,48,15.958785789282324
DS13,mc.rf_UNDERB,rf,UNDERB,49,16.075578913695715
DS13,mc.rf_UNDERB,rf,UNDERB,50,16.257326060943008
DS13,mc.rf_UNDERTPhi,rf,UNDERTPhi,1,16.607047652801043
DS13,mc.rf_UNDERTPhi,rf,UNDERTPhi,2,18.876804150935232
DS13,mc.rf_UNDERTPhi,rf,UNDERTPhi,3,17.401803170247213
DS13,mc.rf_UNDERTPhi,rf,UNDERTPhi,4,17.692555034779986
DS13,mc.rf_UNDERTPhi,rf,UNDERTPhi,5,17.786204449982733
DS13,mc.rf_UNDERTPhi,rf,UNDERTPhi,6,17.865691214359124
DS13,mc.rf_UNDERTPhi,rf,UNDERTPhi,7,17.759642892994528
DS13,mc.rf_UNDERTPhi,rf,UNDERTPhi,8,16.382090769896575
DS13,mc.rf_UNDERTPhi,rf,UNDERTPhi,9,16.30423038894591
DS13,mc.rf_UNDERTPhi,rf,UNDERTPhi,10,17.065838839918566
DS13,mc.rf_UNDERTPhi,rf,UNDERTPhi,11,15.478787571924094
DS13,mc.rf_UNDERTPhi,rf,UNDERTPhi,12,14.446364865594191
DS13,mc.rf_UNDERTPhi,rf,UNDERTPhi,13,15.477407991820323
DS13,mc.rf_UNDERTPhi,rf,UNDERTPhi,14,14.881774830477053
DS13,mc.rf_UNDERTPhi,rf,UNDERTPhi,15,17.449383462983675
DS13,mc.rf_UNDERTPhi,rf,UNDERTPhi,16,16.33571444605995
DS13,mc.rf_UNDERTPhi,rf,UNDERTPhi,17,17.16343209016762
DS13,mc.rf_UNDERTPhi,rf,UNDERTPhi,18,16.37835914961927
DS13,mc.rf_UNDERTPhi,rf,UNDERTPhi,19,17.571204162711926
DS13,mc.rf_UNDERTPhi,rf,UNDERTPhi,20,18.051589256676543
DS13,mc.rf_UNDERTPhi,rf,UNDERTPhi,21,16.367903981812283
DS13,mc.rf_UNDERTPhi,rf,UNDERTPhi,22,17.184419768620664
DS13,mc.rf_UNDERTPhi,rf,UNDERTPhi,23,17.411856320374536
DS13,mc.rf_UNDERTPhi,rf,UNDERTPhi,24,17.405105858318187
DS13,mc.rf_UNDERTPhi,rf,UNDERTPhi,25,17.35750239675658
DS13,mc.rf_UNDERTPhi,rf,UNDERTPhi,26,17.49074609656736
DS13,mc.rf_UNDERTPhi,rf,UNDERTPhi,27,16.944892670022575
DS13,mc.rf_UNDERTPhi,rf,UNDERTPhi,28,16.601949198720177
DS13,mc.rf_UNDERTPhi,rf,UNDERTPhi,29,17.378649978029966
DS13,mc.rf_UNDERTPhi,rf,UNDERTPhi,30,17.1063332135716
DS13,mc.rf_UNDERTPhi,rf,UNDERTPhi,31,16.944815304396368
DS13,mc.rf_UNDERTPhi,rf,UNDERTPhi,32,16.67647667553076
DS13,mc.rf_UNDERTPhi,rf,UNDERTPhi,33,17.512489083384956
DS13,mc.rf_UNDERTPhi,rf,UNDERTPhi,34,16.47464639422912
DS13,mc.rf_UNDERTPhi,rf,UNDERTPhi,35,15.46074579003692
DS13,mc.rf_UNDERTPhi,rf,UNDERTPhi,36,17.417433380009932
DS13,mc.rf_UNDERTPhi,rf,UNDERTPhi,37,17.07917291921967
DS13,mc.rf_UNDERTPhi,rf,UNDERTPhi,38,16.50333187721108
DS13,mc.rf_UNDERTPhi,rf,UNDERTPhi,39,16.75664113070819
DS13,mc.rf_UNDERTPhi,rf,UNDERTPhi,40,15.686626282182583
DS13,mc.rf_UNDERTPhi,rf,UNDERTPhi,41,16.75019217527953
DS13,mc.rf_UNDERTPhi,rf,UNDERTPhi,42,16.545907848541678
DS13,mc.rf_UNDERTPhi,rf,UNDERTPhi,43,15.796673031277583
DS13,mc.rf_UNDERTPhi,rf,UNDERTPhi,44,17.38735581071866
DS13,mc.rf_UNDERTPhi,rf,UNDERTPhi,45,16.59592287859054
DS13,mc.rf_UNDERTPhi,rf,UNDERTPhi,46,17.28061425610739
DS13,mc.rf_UNDERTPhi,rf,UNDERTPhi,47,17.37234844705704
DS13,mc.rf_UNDERTPhi,rf,UNDERTPhi,48,16.572130975527575
DS13,mc.rf_UNDERTPhi,rf,UNDERTPhi,49,15.712308313887718
DS13,mc.rf_UNDERTPhi,rf,UNDERTPhi,50,16.210948136376352
DS13,mc.rf_UNDERT,rf,UNDERT,1,14.14882220779991
DS13,mc.rf_UNDERT,rf,UNDERT,2,12.759013063580504
DS13,mc.rf_UNDERT,rf,UNDERT,3,15.310541227508239
DS13,mc.rf_UNDERT,rf,UNDERT,4,13.697289879362202
DS13,mc.rf_UNDERT,rf,UNDERT,5,16.530132521444116
DS13,mc.rf_UNDERT,rf,UNDERT,6,15.875806317053561
DS13,mc.rf_UNDERT,rf,UNDERT,7,14.278059898012074
DS13,mc.rf_UNDERT,rf,UNDERT,8,14.030182444583854
DS13,mc.rf_UNDERT,rf,UNDERT,9,14.124433589706038
DS13,mc.rf_UNDERT,rf,UNDERT,10,13.59540921475788
DS13,mc.rf_UNDERT,rf,UNDERT,11,14.143314239014549
DS13,mc.rf_UNDERT,rf,UNDERT,12,13.974455184948694
DS13,mc.rf_UNDERT,rf,UNDERT,13,14.816055825890926
DS13,mc.rf_UNDERT,rf,UNDERT,14,15.609565972254886
DS13,mc.rf_UNDERT,rf,UNDERT,15,15.123863926427575
DS13,mc.rf_UNDERT,rf,UNDERT,16,15.14808996398714
DS13,mc.rf_UNDERT,rf,UNDERT,17,15.72659816377109
DS13,mc.rf_UNDERT,rf,UNDERT,18,16.708942467500883
DS13,mc.rf_UNDERT,rf,UNDERT,19,15.795686785872414
DS13,mc.rf_UNDERT,rf,UNDERT,20,16.101953729407185
DS13,mc.rf_UNDERT,rf,UNDERT,21,16.7944798219598
DS13,mc.rf_UNDERT,rf,UNDERT,22,16.933159164512624
DS13,mc.rf_UNDERT,rf,UNDERT,23,18.53530210396954
DS13,mc.rf_UNDERT,rf,UNDERT,24,16.974559166867724
DS13,mc.rf_UNDERT,rf,UNDERT,25,17.248297203664038
DS13,mc.rf_UNDERT,rf,UNDERT,26,16.371262295395027
DS13,mc.rf_UNDERT,rf,UNDERT,27,16.657127627379257
DS13,mc.rf_UNDERT,rf,UNDERT,28,17.069726202551017
DS13,mc.rf_UNDERT,rf,UNDERT,29,16.20040062126292
DS13,mc.rf_UNDERT,rf,UNDERT,30,15.674724966305039
DS13,mc.rf_UNDERT,rf,UNDERT,31,16.294303137258765
DS13,mc.rf_UNDERT,rf,UNDERT,32,16.32955933440606
DS13,mc.rf_UNDERT,rf,UNDERT,33,16.338967789107222
DS13,mc.rf_UNDERT,rf,UNDERT,34,16.72213508025004
DS13,mc.rf_UNDERT,rf,UNDERT,35,16.040834084828226
DS13,mc.rf_UNDERT,rf,UNDERT,36,16.585389051577103
DS13,mc.rf_UNDERT,rf,UNDERT,37,16.33337446366203
DS13,mc.rf_UNDERT,rf,UNDERT,38,16.27005166090071
DS13,mc.rf_UNDERT,rf,UNDERT,39,16.831750201703045
DS13,mc.rf_UNDERT,rf,UNDERT,40,15.54088411627037
DS13,mc.rf_UNDERT,rf,UNDERT,41,15.505841883451366
DS13,mc.rf_UNDERT,rf,UNDERT,42,15.68777369697039
DS13,mc.rf_UNDERT,rf,UNDERT,43,15.786409022384266
DS13,mc.rf_UNDERT,rf,UNDERT,44,15.560821277790808
DS13,mc.rf_UNDERT,rf,UNDERT,45,16.486121318159594
DS13,mc.rf_UNDERT,rf,UNDERT,46,16.142686444639104
DS13,mc.rf_UNDERT,rf,UNDERT,47,16.43816278547836
DS13,mc.rf_UNDERT,rf,UNDERT,48,16.066708931628593
DS13,mc.rf_UNDERT,rf,UNDERT,49,16.281254990661274
DS13,mc.rf_UNDERT,rf,UNDERT,50,15.364196345431452
DS13,mc.rf,rf,baseline,1,10.733734015998929
DS13,mc.rf,rf,baseline,2,10.710464942672646
DS13,mc.rf,rf,baseline,3,11.175950484448446
DS13,mc.rf,rf,baseline,4,11.728323842636055
DS13,mc.rf,rf,baseline,5,11.719070733451725
DS13,mc.rf,rf,baseline,6,11.869774869950012
DS13,mc.rf,rf,baseline,7,11.816550892404512
DS13,mc.rf,rf,baseline,8,11.707373376440216
DS13,mc.rf,rf,baseline,9,11.953557003340414
DS13,mc.rf,rf,baseline,10,11.914141260822047
DS13,mc.rf,rf,baseline,11,12.079552988735816
DS13,mc.rf,rf,baseline,12,12.24090234580696
DS13,mc.rf,rf,baseline,13,12.397864590322465
DS13,mc.rf,rf,baseline,14,12.570658749283618
DS13,mc.rf,rf,baseline,15,12.806829307303946
DS13,mc.rf,rf,baseline,16,12.921701752359489
DS13,mc.rf,rf,baseline,17,13.088353918564064
DS13,mc.rf,rf,baseline,18,13.528439709768584
DS13,mc.rf,rf,baseline,19,13.847714664484318
DS13,mc.rf,rf,baseline,20,13.782908425008912
DS13,mc.rf,rf,baseline,21,13.888548412070435
DS13,mc.rf,rf,baseline,22,13.779029404922078
DS13,mc.rf,rf,baseline,23,14.084093554397267
DS13,mc.rf,rf,baseline,24,14.10897074077162
DS13,mc.rf,rf,baseline,25,14.19428645326977
DS13,mc.rf,rf,baseline,26,14.216711559871129
DS13,mc.rf,rf,baseline,27,14.221606342186552
DS13,mc.rf,rf,baseline,28,14.083911689616793
DS13,mc.rf,rf,baseline,29,14.210676378953677
DS13,mc.rf,rf,baseline,30,14.143039460571718
DS13,mc.rf,rf,baseline,31,14.055354466952979
DS13,mc.rf,rf,baseline,32,14.103172948936118
DS13,mc.rf,rf,baseline,33,14.48485770683169
DS13,mc.rf,rf,baseline,34,14.62685867580274
DS13,mc.rf,rf,baseline,35,14.621844986896393
DS13,mc.rf,rf,baseline,36,14.763330892710087
DS13,mc.rf,rf,baseline,37,14.815702949335755
DS13,mc.rf,rf,baseline,38,14.898212532026529
DS13,mc.rf,rf,baseline,39,14.943589155070049
DS13,mc.rf,rf,baseline,40,14.789778354427702
DS13,mc.rf,rf,baseline,41,14.81581594893583
DS13,mc.rf,rf,baseline,42,14.816337299919839
DS13,mc.rf,rf,baseline,43,14.795620657592226
DS13,mc.rf,rf,baseline,44,14.84565487509534
DS13,mc.rf,rf,baseline,45,14.824287655663555
DS13,mc.rf,rf,baseline,46,14.998435668881761
DS13,mc.rf,rf,baseline,47,14.921826892950449
DS13,mc.rf,rf,baseline,48,15.020311332880507
DS13,mc.rf,rf,baseline,49,14.868276885246058
DS13,mc.rf,rf,baseline,50,14.870046881733199
DS13,mc.rpart_OVERB,rpart,OVERB,1,14.620110976470915
DS13,mc.rpart_OVERB,rpart,OVERB,2,13.797686664773398
DS13,mc.rpart_OVERB,rpart,OVERB,3,14.326164585389263
DS13,mc.rpart_OVERB,rpart,OVERB,4,15.941025835401325
DS13,mc.rpart_OVERB,rpart,OVERB,5,13.252467722073927
DS13,mc.rpart_OVERB,rpart,OVERB,6,15.911406761344946
DS13,mc.rpart_OVERB,rpart,OVERB,7,14.582008161093661
DS13,mc.rpart_OVERB,rpart,OVERB,8,15.30230824531171
DS13,mc.rpart_OVERB,rpart,OVERB,9,13.329814370314633
DS13,mc.rpart_OVERB,rpart,OVERB,10,13.880072386361507
DS13,mc.rpart_OVERB,rpart,OVERB,11,14.301548622727708
DS13,mc.rpart_OVERB,rpart,OVERB,12,14.050693001452965
DS13,mc.rpart_OVERB,rpart,OVERB,13,13.325147420506276
DS13,mc.rpart_OVERB,rpart,OVERB,14,14.979900945867804
DS13,mc.rpart_OVERB,rpart,OVERB,15,15.033500704433036
DS13,mc.rpart_OVERB,rpart,OVERB,16,15.31401092717047
DS13,mc.rpart_OVERB,rpart,OVERB,17,15.424074545049137
DS13,mc.rpart_OVERB,rpart,OVERB,18,16.13890446818498
DS13,mc.rpart_OVERB,rpart,OVERB,19,17.444673903556613
DS13,mc.rpart_OVERB,rpart,OVERB,20,16.40384600989854
DS13,mc.rpart_OVERB,rpart,OVERB,21,16.86627696672949
DS13,mc.rpart_OVERB,rpart,OVERB,22,15.760745089898826
DS13,mc.rpart_OVERB,rpart,OVERB,23,17.04177193636793
DS13,mc.rpart_OVERB,rpart,OVERB,24,16.081380561868787
DS13,mc.rpart_OVERB,rpart,OVERB,25,16.614910671719787
DS13,mc.rpart_OVERB,rpart,OVERB,26,16.569871480037563
DS13,mc.rpart_OVERB,rpart,OVERB,27,17.49669206802289
DS13,mc.rpart_OVERB,rpart,OVERB,28,17.513329051554415
DS13,mc.rpart_OVERB,rpart,OVERB,29,16.61252293030017
DS13,mc.rpart_OVERB,rpart,OVERB,30,16.943257479771276
DS13,mc.rpart_OVERB,rpart,OVERB,31,18.386273933581606
DS13,mc.rpart_OVERB,rpart,OVERB,32,17.62180475530572
DS13,mc.rpart_OVERB,rpart,OVERB,33,17.66010361271887
DS13,mc.rpart_OVERB,rpart,OVERB,34,17.673456042797074
DS13,mc.rpart_OVERB,rpart,OVERB,35,18.31882415701715
DS13,mc.rpart_OVERB,rpart,OVERB,36,18.65620174108484
DS13,mc.rpart_OVERB,rpart,OVERB,37,19.20467445953935
DS13,mc.rpart_OVERB,rpart,OVERB,38,18.978278706978067
DS13,mc.rpart_OVERB,rpart,OVERB,39,18.331632249331353
DS13,mc.rpart_OVERB,rpart,OVERB,40,18.369802893237445
DS13,mc.rpart_OVERB,rpart,OVERB,41,18.817609738963597
DS13,mc.rpart_OVERB,rpart,OVERB,42,18.613789254796135
DS13,mc.rpart_OVERB,rpart,OVERB,43,17.302606420734847
DS13,mc.rpart_OVERB,rpart,OVERB,44,17.113122528880453
DS13,mc.rpart_OVERB,rpart,OVERB,45,19.8950420465399
DS13,mc.rpart_OVERB,rpart,OVERB,46,19.672913996969744
DS13,mc.rpart_OVERB,rpart,OVERB,47,19.025378020426317
DS13,mc.rpart_OVERB,rpart,OVERB,48,19.835819366699145
DS13,mc.rpart_OVERB,rpart,OVERB,49,19.243246541678293
DS13,mc.rpart_OVERB,rpart,OVERB,50,19.09694227516892
DS13,mc.rpart_OVERTPhi,rpart,OVERTPhi,1,14.595026438787794
DS13,mc.rpart_OVERTPhi,rpart,OVERTPhi,2,14.610576944548491
DS13,mc.rpart_OVERTPhi,rpart,OVERTPhi,3,13.822274699890713
DS13,mc.rpart_OVERTPhi,rpart,OVERTPhi,4,13.188162499785477
DS13,mc.rpart_OVERTPhi,rpart,OVERTPhi,5,14.085471523891867
DS13,mc.rpart_OVERTPhi,rpart,OVERTPhi,6,14.493759940119212
DS13,mc.rpart_OVERTPhi,rpart,OVERTPhi,7,13.877911046742451
DS13,mc.rpart_OVERTPhi,rpart,OVERTPhi,8,15.138358859987518
DS13,mc.rpart_OVERTPhi,rpart,OVERTPhi,9,13.445790773291998
DS13,mc.rpart_OVERTPhi,rpart,OVERTPhi,10,14.26593980320058
DS13,mc.rpart_OVERTPhi,rpart,OVERTPhi,11,14.30531722147922
DS13,mc.rpart_OVERTPhi,rpart,OVERTPhi,12,14.87385770118959
DS13,mc.rpart_OVERTPhi,rpart,OVERTPhi,13,15.32087779748086
DS13,mc.rpart_OVERTPhi,rpart,OVERTPhi,14,15.077003869993803
DS13,mc.rpart_OVERTPhi,rpart,OVERTPhi,15,15.047868503139116
DS13,mc.rpart_OVERTPhi,rpart,OVERTPhi,16,15.049675936264604
DS13,mc.rpart_OVERTPhi,rpart,OVERTPhi,17,14.52722750181372
DS13,mc.rpart_OVERTPhi,rpart,OVERTPhi,18,15.603654400392967
DS13,mc.rpart_OVERTPhi,rpart,OVERTPhi,19,15.949626651876923
DS13,mc.rpart_OVERTPhi,rpart,OVERTPhi,20,15.531016723347317
DS13,mc.rpart_OVERTPhi,rpart,OVERTPhi,21,15.807862649095288
DS13,mc.rpart_OVERTPhi,rpart,OVERTPhi,22,17.031746505098656
DS13,mc.rpart_OVERTPhi,rpart,OVERTPhi,23,16.670339223983728
DS13,mc.rpart_OVERTPhi,rpart,OVERTPhi,24,16.21747751605519
DS13,mc.rpart_OVERTPhi,rpart,OVERTPhi,25,16.302091651605732
DS13,mc.rpart_OVERTPhi,rpart,OVERTPhi,26,16.88664523942043
DS13,mc.rpart_OVERTPhi,rpart,OVERTPhi,27,17.80633013580687
DS13,mc.rpart_OVERTPhi,rpart,OVERTPhi,28,17.276964760359284
DS13,mc.rpart_OVERTPhi,rpart,OVERTPhi,29,17.573564513653096
DS13,mc.rpart_OVERTPhi,rpart,OVERTPhi,30,17.55435858852566
DS13,mc.rpart_OVERTPhi,rpart,OVERTPhi,31,18.68236980082935
DS13,mc.rpart_OVERTPhi,rpart,OVERTPhi,32,17.46457656322109
DS13,mc.rpart_OVERTPhi,rpart,OVERTPhi,33,18.82377078153648
DS13,mc.rpart_OVERTPhi,rpart,OVERTPhi,34,19.317203864330548
DS13,mc.rpart_OVERTPhi,rpart,OVERTPhi,35,19.31224254656991
DS13,mc.rpart_OVERTPhi,rpart,OVERTPhi,36,19.687127421603932
DS13,mc.rpart_OVERTPhi,rpart,OVERTPhi,37,20.222017562601472
DS13,mc.rpart_OVERTPhi,rpart,OVERTPhi,38,19.29504009203081
DS13,mc.rpart_OVERTPhi,rpart,OVERTPhi,39,19.63492953276853
DS13,mc.rpart_OVERTPhi,rpart,OVERTPhi,40,17.886691424195728
DS13,mc.rpart_OVERTPhi,rpart,OVERTPhi,41,18.710922148271838
DS13,mc.rpart_OVERTPhi,rpart,OVERTPhi,42,19.044173964254274
DS13,mc.rpart_OVERTPhi,rpart,OVERTPhi,43,19.201417296122468
DS13,mc.rpart_OVERTPhi,rpart,OVERTPhi,44,18.939553100771697
DS13,mc.rpart_OVERTPhi,rpart,OVERTPhi,45,19.851046840999476
DS13,mc.rpart_OVERTPhi,rpart,OVERTPhi,46,19.884299182712326
DS13,mc.rpart_OVERTPhi,rpart,OVERTPhi,47,18.719669313724598
DS13,mc.rpart_OVERTPhi,rpart,OVERTPhi,48,18.03203031716062
DS13,mc.rpart_OVERTPhi,rpart,OVERTPhi,49,17.100911729740105
DS13,mc.rpart_OVERTPhi,rpart,OVERTPhi,50,19.097041606922414
DS13,mc.rpart_OVERT,rpart,OVERT,1,14.519020495023483
DS13,mc.rpart_OVERT,rpart,OVERT,2,14.494769962469116
DS13,mc.rpart_OVERT,rpart,OVERT,3,13.795196647759605
DS13,mc.rpart_OVERT,rpart,OVERT,4,13.549576757225989
DS13,mc.rpart_OVERT,rpart,OVERT,5,13.598178009896662
DS13,mc.rpart_OVERT,rpart,OVERT,6,15.46762314216505
DS13,mc.rpart_OVERT,rpart,OVERT,7,15.41916245042336
DS13,mc.rpart_OVERT,rpart,OVERT,8,14.721622247359688
DS13,mc.rpart_OVERT,rpart,OVERT,9,13.999130426241221
DS13,mc.rpart_OVERT,rpart,OVERT,10,14.525235649928577
DS13,mc.rpart_OVERT,rpart,OVERT,11,14.165264339793316
DS13,mc.rpart_OVERT,rpart,OVERT,12,14.607605708141405
DS13,mc.rpart_OVERT,rpart,OVERT,13,15.302499160183629
DS13,mc.rpart_OVERT,rpart,OVERT,14,14.852367361296551
DS13,mc.rpart_OVERT,rpart,OVERT,15,14.450527276039178
DS13,mc.rpart_OVERT,rpart,OVERT,16,15.000324677134342
DS13,mc.rpart_OVERT,rpart,OVERT,17,14.880263474941756
DS13,mc.rpart_OVERT,rpart,OVERT,18,15.509062077637973
DS13,mc.rpart_OVERT,rpart,OVERT,19,16.50947982643948
DS13,mc.rpart_OVERT,rpart,OVERT,20,15.747260724758165
DS13,mc.rpart_OVERT,rpart,OVERT,21,15.626797137957238
DS13,mc.rpart_OVERT,rpart,OVERT,22,16.922562908353378
DS13,mc.rpart_OVERT,rpart,OVERT,23,16.813386672729532
DS13,mc.rpart_OVERT,rpart,OVERT,24,16.54755524767645
DS13,mc.rpart_OVERT,rpart,OVERT,25,16.546861156779944
DS13,mc.rpart_OVERT,rpart,OVERT,26,16.439454416790177
DS13,mc.rpart_OVERT,rpart,OVERT,27,19.253557623093478
DS13,mc.rpart_OVERT,rpart,OVERT,28,17.69424503559397
DS13,mc.rpart_OVERT,rpart,OVERT,29,17.63467852639901
DS13,mc.rpart_OVERT,rpart,OVERT,30,17.24475553877919
DS13,mc.rpart_OVERT,rpart,OVERT,31,17.483239353867724
DS13,mc.rpart_OVERT,rpart,OVERT,32,17.641487148021824
DS13,mc.rpart_OVERT,rpart,OVERT,33,18.19472848635143
DS13,mc.rpart_OVERT,rpart,OVERT,34,18.791952342374522
DS13,mc.rpart_OVERT,rpart,OVERT,35,18.865810078555203
DS13,mc.rpart_OVERT,rpart,OVERT,36,18.841483470992987
DS13,mc.rpart_OVERT,rpart,OVERT,37,19.718539074727857
DS13,mc.rpart_OVERT,rpart,OVERT,38,19.112010737894174
DS13,mc.rpart_OVERT,rpart,OVERT,39,19.955489905120974
DS13,mc.rpart_OVERT,rpart,OVERT,40,17.944049278704483
DS13,mc.rpart_OVERT,rpart,OVERT,41,18.624503447335496
DS13,mc.rpart_OVERT,rpart,OVERT,42,19.590054236007774
DS13,mc.rpart_OVERT,rpart,OVERT,43,19.022681303627184
DS13,mc.rpart_OVERT,rpart,OVERT,44,18.706414977255154
DS13,mc.rpart_OVERT,rpart,OVERT,45,19.68606878621053
DS13,mc.rpart_OVERT,rpart,OVERT,46,19.701749302888683
DS13,mc.rpart_OVERT,rpart,OVERT,47,18.32647615324864
DS13,mc.rpart_OVERT,rpart,OVERT,48,17.88442297954082
DS13,mc.rpart_OVERT,rpart,OVERT,49,17.64132693518065
DS13,mc.rpart_OVERT,rpart,OVERT,50,19.722404974504542
DS13,mc.rpart_SMOTEB,rpart,SMOTEB,1,20.04658455370117
DS13,mc.rpart_SMOTEB,rpart,SMOTEB,2,19.960313383620605
DS13,mc.rpart_SMOTEB,rpart,SMOTEB,3,18.06293149832001
DS13,mc.rpart_SMOTEB,rpart,SMOTEB,4,20.2477995226508
DS13,mc.rpart_SMOTEB,rpart,SMOTEB,5,20.86491115786271
DS13,mc.rpart_SMOTEB,rpart,SMOTEB,6,20.724927962134448
DS13,mc.rpart_SMOTEB,rpart,SMOTEB,7,20.94543058527241
DS13,mc.rpart_SMOTEB,rpart,SMOTEB,8,19.50512133044222
DS13,mc.rpart_SMOTEB,rpart,SMOTEB,9,19.890507762216025
DS13,mc.rpart_SMOTEB,rpart,SMOTEB,10,19.5405403740634
DS13,mc.rpart_SMOTEB,rpart,SMOTEB,11,18.123934938346764
DS13,mc.rpart_SMOTEB,rpart,SMOTEB,12,18.391437900659792
DS13,mc.rpart_SMOTEB,rpart,SMOTEB,13,18.7433467860501
DS13,mc.rpart_SMOTEB,rpart,SMOTEB,14,21.124270330706477
DS13,mc.rpart_SMOTEB,rpart,SMOTEB,15,19.924863815405356
DS13,mc.rpart_SMOTEB,rpart,SMOTEB,16,19.185770141492764
DS13,mc.rpart_SMOTEB,rpart,SMOTEB,17,20.468020507514836
DS13,mc.rpart_SMOTEB,rpart,SMOTEB,18,22.03743295957156
DS13,mc.rpart_SMOTEB,rpart,SMOTEB,19,21.6696117232993
DS13,mc.rpart_SMOTEB,rpart,SMOTEB,20,18.98871415761325
DS13,mc.rpart_SMOTEB,rpart,SMOTEB,21,20.784865534045508
DS13,mc.rpart_SMOTEB,rpart,SMOTEB,22,20.860154511742998
DS13,mc.rpart_SMOTEB,rpart,SMOTEB,23,21.576391515944234
DS13,mc.rpart_SMOTEB,rpart,SMOTEB,24,20.83132481956554
DS13,mc.rpart_SMOTEB,rpart,SMOTEB,25,20.052842611088337
DS13,mc.rpart_SMOTEB,rpart,SMOTEB,26,22.118255916614086
DS13,mc.rpart_SMOTEB,rpart,SMOTEB,27,21.08805217947447
DS13,mc.rpart_SMOTEB,rpart,SMOTEB,28,21.601666900357642
DS13,mc.rpart_SMOTEB,rpart,SMOTEB,29,21.95457286341015
DS13,mc.rpart_SMOTEB,rpart,SMOTEB,30,21.842112356495043
DS13,mc.rpart_SMOTEB,rpart,SMOTEB,31,22.85465279275849
DS13,mc.rpart_SMOTEB,rpart,SMOTEB,32,21.774454174429405
DS13,mc.rpart_SMOTEB,rpart,SMOTEB,33,23.479529250541088
DS13,mc.rpart_SMOTEB,rpart,SMOTEB,34,21.80927367653835
DS13,mc.rpart_SMOTEB,rpart,SMOTEB,35,21.556346941677273
DS13,mc.rpart_SMOTEB,rpart,SMOTEB,36,22.707036689453048
DS13,mc.rpart_SMOTEB,rpart,SMOTEB,37,19.918815015582428
DS13,mc.rpart_SMOTEB,rpart,SMOTEB,38,20.890215678537285
DS13,mc.rpart_SMOTEB,rpart,SMOTEB,39,22.463774153386964
DS13,mc.rpart_SMOTEB,rpart,SMOTEB,40,23.04355750687163
DS13,mc.rpart_SMOTEB,rpart,SMOTEB,41,23.22541506007644
DS13,mc.rpart_SMOTEB,rpart,SMOTEB,42,21.55192753904452
DS13,mc.rpart_SMOTEB,rpart,SMOTEB,43,20.766035039545162
DS13,mc.rpart_SMOTEB,rpart,SMOTEB,44,20.017142223968058
DS13,mc.rpart_SMOTEB,rpart,SMOTEB,45,21.945278929568207
DS13,mc.rpart_SMOTEB,rpart,SMOTEB,46,24.744508236778014
DS13,mc.rpart_SMOTEB,rpart,SMOTEB,47,22.930318574687647
DS13,mc.rpart_SMOTEB,rpart,SMOTEB,48,24.113541698144726
DS13,mc.rpart_SMOTEB,rpart,SMOTEB,49,22.551148692172102
DS13,mc.rpart_SMOTEB,rpart,SMOTEB,50,23.906229900245588
DS13,mc.rpart_SMOTETPhi,rpart,SMOTETPhi,1,22.479092341594715
DS13,mc.rpart_SMOTETPhi,rpart,SMOTETPhi,2,20.313101900863
DS13,mc.rpart_SMOTETPhi,rpart,SMOTETPhi,3,19.639658168712725
DS13,mc.rpart_SMOTETPhi,rpart,SMOTETPhi,4,21.266958915900418
DS13,mc.rpart_SMOTETPhi,rpart,SMOTETPhi,5,21.37108151898646
DS13,mc.rpart_SMOTETPhi,rpart,SMOTETPhi,6,21.905955898823354
DS13,mc.rpart_SMOTETPhi,rpart,SMOTETPhi,7,22.929690580666783
DS13,mc.rpart_SMOTETPhi,rpart,SMOTETPhi,8,20.82839451536608
DS13,mc.rpart_SMOTETPhi,rpart,SMOTETPhi,9,20.2374094320265
DS13,mc.rpart_SMOTETPhi,rpart,SMOTETPhi,10,20.59311344662555
DS13,mc.rpart_SMOTETPhi,rpart,SMOTETPhi,11,23.66437516744565
DS13,mc.rpart_SMOTETPhi,rpart,SMOTETPhi,12,21.501984522848755
DS13,mc.rpart_SMOTETPhi,rpart,SMOTETPhi,13,22.76779695985739
DS13,mc.rpart_SMOTETPhi,rpart,SMOTETPhi,14,23.42210726191407
DS13,mc.rpart_SMOTETPhi,rpart,SMOTETPhi,15,21.88933660704859
DS13,mc.rpart_SMOTETPhi,rpart,SMOTETPhi,16,21.54369273869526
DS13,mc.rpart_SMOTETPhi,rpart,SMOTETPhi,17,22.84196088530723
DS13,mc.rpart_SMOTETPhi,rpart,SMOTETPhi,18,22.73835334989308
DS13,mc.rpart_SMOTETPhi,rpart,SMOTETPhi,19,21.36517875361481
DS13,mc.rpart_SMOTETPhi,rpart,SMOTETPhi,20,21.240697454288167
DS13,mc.rpart_SMOTETPhi,rpart,SMOTETPhi,21,22.368158874752563
DS13,mc.rpart_SMOTETPhi,rpart,SMOTETPhi,22,21.679012091207746
DS13,mc.rpart_SMOTETPhi,rpart,SMOTETPhi,23,23.290022508306826
DS13,mc.rpart_SMOTETPhi,rpart,SMOTETPhi,24,22.872325540880965
DS13,mc.rpart_SMOTETPhi,rpart,SMOTETPhi,25,23.684120414874563
DS13,mc.rpart_SMOTETPhi,rpart,SMOTETPhi,26,21.80423355585049
DS13,mc.rpart_SMOTETPhi,rpart,SMOTETPhi,27,22.504440071871844
DS13,mc.rpart_SMOTETPhi,rpart,SMOTETPhi,28,23.644615682130098
DS13,mc.rpart_SMOTETPhi,rpart,SMOTETPhi,29,20.923956379459263
DS13,mc.rpart_SMOTETPhi,rpart,SMOTETPhi,30,23.89307756006349
DS13,mc.rpart_SMOTETPhi,rpart,SMOTETPhi,31,22.723817939378367
DS13,mc.rpart_SMOTETPhi,rpart,SMOTETPhi,32,22.93051336145452
DS13,mc.rpart_SMOTETPhi,rpart,SMOTETPhi,33,22.760459457614537
DS13,mc.rpart_SMOTETPhi,rpart,SMOTETPhi,34,23.115647541748615
DS13,mc.rpart_SMOTETPhi,rpart,SMOTETPhi,35,21.56179474916505
DS13,mc.rpart_SMOTETPhi,rpart,SMOTETPhi,36,21.513495228376147
DS13,mc.rpart_SMOTETPhi,rpart,SMOTETPhi,37,20.578045629661982
DS13,mc.rpart_SMOTETPhi,rpart,SMOTETPhi,38,22.952668114976646
DS13,mc.rpart_SMOTETPhi,rpart,SMOTETPhi,39,23.536702964027747
DS13,mc.rpart_SMOTETPhi,rpart,SMOTETPhi,40,22.677765305222813
DS13,mc.rpart_SMOTETPhi,rpart,SMOTETPhi,41,22.538818117494046
DS13,mc.rpart_SMOTETPhi,rpart,SMOTETPhi,42,23.47357559767288
DS13,mc.rpart_SMOTETPhi,rpart,SMOTETPhi,43,24.113578576779947
DS13,mc.rpart_SMOTETPhi,rpart,SMOTETPhi,44,24.181398897696116
DS13,mc.rpart_SMOTETPhi,rpart,SMOTETPhi,45,23.21301385322046
DS13,mc.rpart_SMOTETPhi,rpart,SMOTETPhi,46,23.621031519356535
DS13,mc.rpart_SMOTETPhi,rpart,SMOTETPhi,47,23.48541104431076
DS13,mc.rpart_SMOTETPhi,rpart,SMOTETPhi,48,23.170057121577173
DS13,mc.rpart_SMOTETPhi,rpart,SMOTETPhi,49,22.28099693556369
DS13,mc.rpart_SMOTETPhi,rpart,SMOTETPhi,50,23.265566290595547
DS13,mc.rpart_SMOTET,rpart,SMOTET,1,20.124798103940286
DS13,mc.rpart_SMOTET,rpart,SMOTET,2,19.533489811821696
DS13,mc.rpart_SMOTET,rpart,SMOTET,3,18.104555171396274
DS13,mc.rpart_SMOTET,rpart,SMOTET,4,20.083656226389238
DS13,mc.rpart_SMOTET,rpart,SMOTET,5,20.202105870973195
DS13,mc.rpart_SMOTET,rpart,SMOTET,6,18.93885751488135
DS13,mc.rpart_SMOTET,rpart,SMOTET,7,20.73554416337396
DS13,mc.rpart_SMOTET,rpart,SMOTET,8,18.314833511283695
DS13,mc.rpart_SMOTET,rpart,SMOTET,9,18.80823421364756
DS13,mc.rpart_SMOTET,rpart,SMOTET,10,19.430650857192354
DS13,mc.rpart_SMOTET,rpart,SMOTET,11,20.741144052866634
DS13,mc.rpart_SMOTET,rpart,SMOTET,12,19.577487598549
DS13,mc.rpart_SMOTET,rpart,SMOTET,13,20.325196457673172
DS13,mc.rpart_SMOTET,rpart,SMOTET,14,20.29619893587278
DS13,mc.rpart_SMOTET,rpart,SMOTET,15,17.880871395360806
DS13,mc.rpart_SMOTET,rpart,SMOTET,16,18.561356503015073
DS13,mc.rpart_SMOTET,rpart,SMOTET,17,20.983715481860052
DS13,mc.rpart_SMOTET,rpart,SMOTET,18,19.484262784672115
DS13,mc.rpart_SMOTET,rpart,SMOTET,19,21.12676072490237
DS13,mc.rpart_SMOTET,rpart,SMOTET,20,20.133275437527967
DS13,mc.rpart_SMOTET,rpart,SMOTET,21,19.709437063322476
DS13,mc.rpart_SMOTET,rpart,SMOTET,22,18.7614867588555
DS13,mc.rpart_SMOTET,rpart,SMOTET,23,18.638313666849577
DS13,mc.rpart_SMOTET,rpart,SMOTET,24,21.225092561551303
DS13,mc.rpart_SMOTET,rpart,SMOTET,25,21.869558818321767
DS13,mc.rpart_SMOTET,rpart,SMOTET,26,22.994319886023593
DS13,mc.rpart_SMOTET,rpart,SMOTET,27,20.903358985026205
DS13,mc.rpart_SMOTET,rpart,SMOTET,28,20.7475651304392
DS13,mc.rpart_SMOTET,rpart,SMOTET,29,21.344465684751547
DS13,mc.rpart_SMOTET,rpart,SMOTET,30,20.62272005860903
DS13,mc.rpart_SMOTET,rpart,SMOTET,31,21.72998589548044
DS13,mc.rpart_SMOTET,rpart,SMOTET,32,21.90817073147736
DS13,mc.rpart_SMOTET,rpart,SMOTET,33,22.0695361006034
DS13,mc.rpart_SMOTET,rpart,SMOTET,34,22.076911986589565
DS13,mc.rpart_SMOTET,rpart,SMOTET,35,21.452392612409373
DS13,mc.rpart_SMOTET,rpart,SMOTET,36,21.127067960149922
DS13,mc.rpart_SMOTET,rpart,SMOTET,37,22.456582805471996
DS13,mc.rpart_SMOTET,rpart,SMOTET,38,21.584010249783574
DS13,mc.rpart_SMOTET,rpart,SMOTET,39,23.66980769112699
DS13,mc.rpart_SMOTET,rpart,SMOTET,40,22.286904478598156
DS13,mc.rpart_SMOTET,rpart,SMOTET,41,23.401156048860408
DS13,mc.rpart_SMOTET,rpart,SMOTET,42,23.08497409184635
DS13,mc.rpart_SMOTET,rpart,SMOTET,43,22.040192107931937
DS13,mc.rpart_SMOTET,rpart,SMOTET,44,22.169497847913796
DS13,mc.rpart_SMOTET,rpart,SMOTET,45,23.04853116353412
DS13,mc.rpart_SMOTET,rpart,SMOTET,46,24.349852170690863
DS13,mc.rpart_SMOTET,rpart,SMOTET,47,21.078895525626397
DS13,mc.rpart_SMOTET,rpart,SMOTET,48,21.855596171453094
DS13,mc.rpart_SMOTET,rpart,SMOTET,49,23.297210324564052
DS13,mc.rpart_SMOTET,rpart,SMOTET,50,22.188264427601737
DS13,mc.rpart_UNDERB,rpart,UNDERB,1,19.842237151646557
DS13,mc.rpart_UNDERB,rpart,UNDERB,2,20.205415163817882
DS13,mc.rpart_UNDERB,rpart,UNDERB,3,23.9731286968259
DS13,mc.rpart_UNDERB,rpart,UNDERB,4,20.933966332899328
DS13,mc.rpart_UNDERB,rpart,UNDERB,5,22.12537331578569
DS13,mc.rpart_UNDERB,rpart,UNDERB,6,24.147722728698717
DS13,mc.rpart_UNDERB,rpart,UNDERB,7,21.97492953302592
DS13,mc.rpart_UNDERB,rpart,UNDERB,8,17.72919166411232
DS13,mc.rpart_UNDERB,rpart,UNDERB,9,20.547866307299604
DS13,mc.rpart_UNDERB,rpart,UNDERB,10,19.732087973786868
DS13,mc.rpart_UNDERB,rpart,UNDERB,11,20.004704400929345
DS13,mc.rpart_UNDERB,rpart,UNDERB,12,18.599598338689933
DS13,mc.rpart_UNDERB,rpart,UNDERB,13,17.21053362462743
DS13,mc.rpart_UNDERB,rpart,UNDERB,14,18.869177438942106
DS13,mc.rpart_UNDERB,rpart,UNDERB,15,21.190809830960415
DS13,mc.rpart_UNDERB,rpart,UNDERB,16,20.021460661842998
DS13,mc.rpart_UNDERB,rpart,UNDERB,17,21.202599777723552
DS13,mc.rpart_UNDERB,rpart,UNDERB,18,20.559050173512354
DS13,mc.rpart_UNDERB,rpart,UNDERB,19,22.66420788642654
DS13,mc.rpart_UNDERB,rpart,UNDERB,20,22.372019996303735
DS13,mc.rpart_UNDERB,rpart,UNDERB,21,21.76020832498057
DS13,mc.rpart_UNDERB,rpart,UNDERB,22,22.680614741122184
DS13,mc.rpart_UNDERB,rpart,UNDERB,23,20.52986596701678
DS13,mc.rpart_UNDERB,rpart,UNDERB,24,21.86261788943215
DS13,mc.rpart_UNDERB,rpart,UNDERB,25,20.849346673266094
DS13,mc.rpart_UNDERB,rpart,UNDERB,26,21.215603201289383
DS13,mc.rpart_UNDERB,rpart,UNDERB,27,19.699178061954758
DS13,mc.rpart_UNDERB,rpart,UNDERB,28,22.947303358476887
DS13,mc.rpart_UNDERB,rpart,UNDERB,29,22.220561818679165
DS13,mc.rpart_UNDERB,rpart,UNDERB,30,20.68474095707033
DS13,mc.rpart_UNDERB,rpart,UNDERB,31,19.66629507549268
DS13,mc.rpart_UNDERB,rpart,UNDERB,32,19.553394037760338
DS13,mc.rpart_UNDERB,rpart,UNDERB,33,22.26356309270385
DS13,mc.rpart_UNDERB,rpart,UNDERB,34,21.769062423475006
DS13,mc.rpart_UNDERB,rpart,UNDERB,35,22.004119411347713
DS13,mc.rpart_UNDERB,rpart,UNDERB,36,23.3032282153635
DS13,mc.rpart_UNDERB,rpart,UNDERB,37,21.829263826026548
DS13,mc.rpart_UNDERB,rpart,UNDERB,38,20.612492499227965
DS13,mc.rpart_UNDERB,rpart,UNDERB,39,22.19372157952048
DS13,mc.rpart_UNDERB,rpart,UNDERB,40,22.24914804986467
DS13,mc.rpart_UNDERB,rpart,UNDERB,41,22.604438900035756
DS13,mc.rpart_UNDERB,rpart,UNDERB,42,21.385040934338935
DS13,mc.rpart_UNDERB,rpart,UNDERB,43,21.045421414119076
DS13,mc.rpart_UNDERB,rpart,UNDERB,44,20.941394139179877
DS13,mc.rpart_UNDERB,rpart,UNDERB,45,20.758998689629994
DS13,mc.rpart_UNDERB,rpart,UNDERB,46,20.70469434256409
DS13,mc.rpart_UNDERB,rpart,UNDERB,47,22.808305550193264
DS13,mc.rpart_UNDERB,rpart,UNDERB,48,21.816594328862017
DS13,mc.rpart_UNDERB,rpart,UNDERB,49,19.941789462835754
DS13,mc.rpart_UNDERB,rpart,UNDERB,50,22.224061954814243
DS13,mc.rpart_UNDERTPhi,rpart,UNDERTPhi,1,21.700359097383473
DS13,mc.rpart_UNDERTPhi,rpart,UNDERTPhi,2,22.44979636630087
DS13,mc.rpart_UNDERTPhi,rpart,UNDERTPhi,3,26.326080339098276
DS13,mc.rpart_UNDERTPhi,rpart,UNDERTPhi,4,24.694041031777363
DS13,mc.rpart_UNDERTPhi,rpart,UNDERTPhi,5,20.243711655672353
DS13,mc.rpart_UNDERTPhi,rpart,UNDERTPhi,6,22.358113087650324
DS13,mc.rpart_UNDERTPhi,rpart,UNDERTPhi,7,20.12958653545207
DS13,mc.rpart_UNDERTPhi,rpart,UNDERTPhi,8,22.465098819410322
DS13,mc.rpart_UNDERTPhi,rpart,UNDERTPhi,9,20.04689841699503
DS13,mc.rpart_UNDERTPhi,rpart,UNDERTPhi,10,20.865730675805285
DS13,mc.rpart_UNDERTPhi,rpart,UNDERTPhi,11,21.363917761606753
DS13,mc.rpart_UNDERTPhi,rpart,UNDERTPhi,12,19.282272726060715
DS13,mc.rpart_UNDERTPhi,rpart,UNDERTPhi,13,20.859359793906325
DS13,mc.rpart_UNDERTPhi,rpart,UNDERTPhi,14,20.33517598423308
DS13,mc.rpart_UNDERTPhi,rpart,UNDERTPhi,15,19.97727896696876
DS13,mc.rpart_UNDERTPhi,rpart,UNDERTPhi,16,20.620336373704124
DS13,mc.rpart_UNDERTPhi,rpart,UNDERTPhi,17,19.969052194508123
DS13,mc.rpart_UNDERTPhi,rpart,UNDERTPhi,18,22.92898048344559
DS13,mc.rpart_UNDERTPhi,rpart,UNDERTPhi,19,21.26972138854943
DS13,mc.rpart_UNDERTPhi,rpart,UNDERTPhi,20,22.560838798426065
DS13,mc.rpart_UNDERTPhi,rpart,UNDERTPhi,21,22.45679573624131
DS13,mc.rpart_UNDERTPhi,rpart,UNDERTPhi,22,21.290571935635363
DS13,mc.rpart_UNDERTPhi,rpart,UNDERTPhi,23,21.4423344822994
DS13,mc.rpart_UNDERTPhi,rpart,UNDERTPhi,24,23.14158434919165
DS13,mc.rpart_UNDERTPhi,rpart,UNDERTPhi,25,22.467795117033788
DS13,mc.rpart_UNDERTPhi,rpart,UNDERTPhi,26,21.160117963927018
DS13,mc.rpart_UNDERTPhi,rpart,UNDERTPhi,27,19.961371491734912
DS13,mc.rpart_UNDERTPhi,rpart,UNDERTPhi,28,21.607073111894056
DS13,mc.rpart_UNDERTPhi,rpart,UNDERTPhi,29,22.831043331774556
DS13,mc.rpart_UNDERTPhi,rpart,UNDERTPhi,30,22.646292102965763
DS13,mc.rpart_UNDERTPhi,rpart,UNDERTPhi,31,20.85133643044547
DS13,mc.rpart_UNDERTPhi,rpart,UNDERTPhi,32,19.701327039177407
DS13,mc.rpart_UNDERTPhi,rpart,UNDERTPhi,33,22.058520799488306
DS13,mc.rpart_UNDERTPhi,rpart,UNDERTPhi,34,22.621128127119615
DS13,mc.rpart_UNDERTPhi,rpart,UNDERTPhi,35,20.292576036811838
DS13,mc.rpart_UNDERTPhi,rpart,UNDERTPhi,36,22.06319883245367
DS13,mc.rpart_UNDERTPhi,rpart,UNDERTPhi,37,22.333974425844353
DS13,mc.rpart_UNDERTPhi,rpart,UNDERTPhi,38,21.25401794849382
DS13,mc.rpart_UNDERTPhi,rpart,UNDERTPhi,39,22.27276565376537
DS13,mc.rpart_UNDERTPhi,rpart,UNDERTPhi,40,20.572824606640367
DS13,mc.rpart_UNDERTPhi,rpart,UNDERTPhi,41,22.3966806516835
DS13,mc.rpart_UNDERTPhi,rpart,UNDERTPhi,42,20.51778464598381
DS13,mc.rpart_UNDERTPhi,rpart,UNDERTPhi,43,21.14028337081066
DS13,mc.rpart_UNDERTPhi,rpart,UNDERTPhi,44,22.519242638925917
DS13,mc.rpart_UNDERTPhi,rpart,UNDERTPhi,45,20.851818186609545
DS13,mc.rpart_UNDERTPhi,rpart,UNDERTPhi,46,21.711378755449715
DS13,mc.rpart_UNDERTPhi,rpart,UNDERTPhi,47,23.549932563201054
DS13,mc.rpart_UNDERTPhi,rpart,UNDERTPhi,48,22.025411643222554
DS13,mc.rpart_UNDERTPhi,rpart,UNDERTPhi,49,23.754537566605244
DS13,mc.rpart_UNDERTPhi,rpart,UNDERTPhi,50,23.314826303988823
DS13,mc.rpart_UNDERT,rpart,UNDERT,1,21.810873325910702
DS13,mc.rpart_UNDERT,rpart,UNDERT,2,17.178259500454885
DS13,mc.rpart_UNDERT,rpart,UNDERT,3,21.530483586889513
DS13,mc.rpart_UNDERT,rpart,UNDERT,4,19.257651769653332
DS13,mc.rpart_UNDERT,rpart,UNDERT,5,19.020407385973193
DS13,mc.rpart_UNDERT,rpart,UNDERT,6,21.73622238853776
DS13,mc.rpart_UNDERT,rpart,UNDERT,7,19.15123453619598
DS13,mc.rpart_UNDERT,rpart,UNDERT,8,19.0837841753773
DS13,mc.rpart_UNDERT,rpart,UNDERT,9,18.581839387107188
DS13,mc.rpart_UNDERT,rpart,UNDERT,10,17.25300302096881
DS13,mc.rpart_UNDERT,rpart,UNDERT,11,19.97872183295095
DS13,mc.rpart_UNDERT,rpart,UNDERT,12,17.50615196609756
DS13,mc.rpart_UNDERT,rpart,UNDERT,13,22.28216819032571
DS13,mc.rpart_UNDERT,rpart,UNDERT,14,18.649788988676523
DS13,mc.rpart_UNDERT,rpart,UNDERT,15,20.95308186153357
DS13,mc.rpart_UNDERT,rpart,UNDERT,16,19.809975250813586
DS13,mc.rpart_UNDERT,rpart,UNDERT,17,20.747926835831198
DS13,mc.rpart_UNDERT,rpart,UNDERT,18,21.16998397840723
DS13,mc.rpart_UNDERT,rpart,UNDERT,19,21.59516639735664
DS13,mc.rpart_UNDERT,rpart,UNDERT,20,20.66904110698515
DS13,mc.rpart_UNDERT,rpart,UNDERT,21,19.35117638343861
DS13,mc.rpart_UNDERT,rpart,UNDERT,22,19.872616361531524
DS13,mc.rpart_UNDERT,rpart,UNDERT,23,22.899209500279223
DS13,mc.rpart_UNDERT,rpart,UNDERT,24,20.58783933559461
DS13,mc.rpart_UNDERT,rpart,UNDERT,25,20.637467525101922
DS13,mc.rpart_UNDERT,rpart,UNDERT,26,20.630481309957958
DS13,mc.rpart_UNDERT,rpart,UNDERT,27,22.335098901409943
DS13,mc.rpart_UNDERT,rpart,UNDERT,28,21.372240220878364
DS13,mc.rpart_UNDERT,rpart,UNDERT,29,20.18363939236698
DS13,mc.rpart_UNDERT,rpart,UNDERT,30,21.06899410287135
DS13,mc.rpart_UNDERT,rpart,UNDERT,31,21.833041004429006
DS13,mc.rpart_UNDERT,rpart,UNDERT,32,20.5786759792377
DS13,mc.rpart_UNDERT,rpart,UNDERT,33,19.737601845324136
DS13,mc.rpart_UNDERT,rpart,UNDERT,34,22.342304564637487
DS13,mc.rpart_UNDERT,rpart,UNDERT,35,20.85774707219485
DS13,mc.rpart_UNDERT,rpart,UNDERT,36,21.317678796661514
DS13,mc.rpart_UNDERT,rpart,UNDERT,37,20.94934954035946
DS13,mc.rpart_UNDERT,rpart,UNDERT,38,19.599084419333835
DS13,mc.rpart_UNDERT,rpart,UNDERT,39,22.521138991156814
DS13,mc.rpart_UNDERT,rpart,UNDERT,40,21.52224449892898
DS13,mc.rpart_UNDERT,rpart,UNDERT,41,19.724819231336074
DS13,mc.rpart_UNDERT,rpart,UNDERT,42,20.658211885913026
DS13,mc.rpart_UNDERT,rpart,UNDERT,43,22.964126543526664
DS13,mc.rpart_UNDERT,rpart,UNDERT,44,21.26548663183123
DS13,mc.rpart_UNDERT,rpart,UNDERT,45,22.34565931098955
DS13,mc.rpart_UNDERT,rpart,UNDERT,46,22.13021668671528
DS13,mc.rpart_UNDERT,rpart,UNDERT,47,22.269697641579704
DS13,mc.rpart_UNDERT,rpart,UNDERT,48,22.19792676596786
DS13,mc.rpart_UNDERT,rpart,UNDERT,49,22.596859277249585
DS13,mc.rpart_UNDERT,rpart,UNDERT,50,22.0806437565013
DS13,mc.rpart,rpart,baseline,1,13.535491115627062
DS13,mc.rpart,rpart,baseline,2,13.873302346966923
DS13,mc.rpart,rpart,baseline,3,14.44519907844395
DS13,mc.rpart,rpart,baseline,4,13.95971455817606
DS13,mc.rpart,rpart,baseline,5,14.360275604645933
DS13,mc.rpart,rpart,baseline,6,14.38241260163051
DS13,mc.rpart,rpart,baseline,7,14.389555905932028
DS13,mc.rpart,rpart,baseline,8,14.599437359283831
DS13,mc.rpart,rpart,baseline,9,14.412112778793041
DS13,mc.rpart,rpart,baseline,10,14.6825146440531
DS13,mc.rpart,rpart,baseline,11,15.01938512171362
DS13,mc.rpart,rpart,baseline,12,15.090120214751046
DS13,mc.rpart,rpart,baseline,13,15.296077566438072
DS13,mc.rpart,rpart,baseline,14,15.25713743247314
DS13,mc.rpart,rpart,baseline,15,15.473502274010315
DS13,mc.rpart,rpart,baseline,16,15.48106917302679
DS13,mc.rpart,rpart,baseline,17,15.791009635365379
DS13,mc.rpart,rpart,baseline,18,15.732087533484274
DS13,mc.rpart,rpart,baseline,19,16.410830442300433
DS13,mc.rpart,rpart,baseline,20,16.154262360638434
DS13,mc.rpart,rpart,baseline,21,16.158544318650435
DS13,mc.rpart,rpart,baseline,22,16.456637021625554
DS13,mc.rpart,rpart,baseline,23,16.728637298586996
DS13,mc.rpart,rpart,baseline,24,17.055434999180793
DS13,mc.rpart,rpart,baseline,25,16.918475145490593
DS13,mc.rpart,rpart,baseline,26,17.22016984928553
DS13,mc.rpart,rpart,baseline,27,16.94195775837512
DS13,mc.rpart,rpart,baseline,28,15.838923676706504
DS13,mc.rpart,rpart,baseline,29,16.22778678017688
DS13,mc.rpart,rpart,baseline,30,16.499663505652784
DS13,mc.rpart,rpart,baseline,31,15.947375191939987
DS13,mc.rpart,rpart,baseline,32,15.921840589301432
DS13,mc.rpart,rpart,baseline,33,16.281838425520583
DS13,mc.rpart,rpart,baseline,34,16.745246253836005
DS13,mc.rpart,rpart,baseline,35,17.480268900530127
DS13,mc.rpart,rpart,baseline,36,17.44331801573896
DS13,mc.rpart,rpart,baseline,37,17.891726808300156
DS13,mc.rpart,rpart,baseline,38,17.76666370897345
DS13,mc.rpart,rpart,baseline,39,17.992605542121048
DS13,mc.rpart,rpart,baseline,40,17.76880245783549
DS13,mc.rpart,rpart,baseline,41,17.687608524929885
DS13,mc.rpart,rpart,baseline,42,18.275658430529468
DS13,mc.rpart,rpart,baseline,43,18.079048668114382
DS13,mc.rpart,rpart,baseline,44,17.851722090756994
DS13,mc.rpart,rpart,baseline,45,17.614525373876354
DS13,mc.rpart,rpart,baseline,46,18.31995435742158
DS13,mc.rpart,rpart,baseline,47,18.04561869577278
DS13,mc.rpart,rpart,baseline,48,17.109660679845614
DS13,mc.rpart,rpart,baseline,49,16.52980723781072
DS13,mc.rpart,rpart,baseline,50,16.565493281365956
DS13,mc.svm_OVERB,svm,OVERB,1,13.644758429238863
DS13,mc.svm_OVERB,svm,OVERB,2,13.898882752719016
DS13,mc.svm_OVERB,svm,OVERB,3,14.042670575859797
DS13,mc.svm_OVERB,svm,OVERB,4,14.248240819727963
DS13,mc.svm_OVERB,svm,OVERB,5,14.408572825657693
DS13,mc.svm_OVERB,svm,OVERB,6,14.169501661676986
DS13,mc.svm_OVERB,svm,OVERB,7,14.479033268827957
DS13,mc.svm_OVERB,svm,OVERB,8,13.939960743420126
DS13,mc.svm_OVERB,svm,OVERB,9,13.210544278078274
DS13,mc.svm_OVERB,svm,OVERB,10,13.100290685819719
DS13,mc.svm_OVERB,svm,OVERB,11,13.544855576648077
DS13,mc.svm_OVERB,svm,OVERB,12,13.81176155626369
DS13,mc.svm_OVERB,svm,OVERB,13,13.875149586410199
DS13,mc.svm_OVERB,svm,OVERB,14,14.696033949706422
DS13,mc.svm_OVERB,svm,OVERB,15,14.455752216100343
DS13,mc.svm_OVERB,svm,OVERB,16,14.55600278525918
DS13,mc.svm_OVERB,svm,OVERB,17,14.728788376303969
DS13,mc.svm_OVERB,svm,OVERB,18,15.571443586629618
DS13,mc.svm_OVERB,svm,OVERB,19,16.847274231223412
DS13,mc.svm_OVERB,svm,OVERB,20,17.022144492963914
DS13,mc.svm_OVERB,svm,OVERB,21,16.500443974883737
DS13,mc.svm_OVERB,svm,OVERB,22,16.93942250008876
DS13,mc.svm_OVERB,svm,OVERB,23,16.884816967190957
DS13,mc.svm_OVERB,svm,OVERB,24,17.42255874008695
DS13,mc.svm_OVERB,svm,OVERB,25,16.651099423600613
DS13,mc.svm_OVERB,svm,OVERB,26,17.04924828516483
DS13,mc.svm_OVERB,svm,OVERB,27,15.920811705763358
DS13,mc.svm_OVERB,svm,OVERB,28,16.286236710569554
DS13,mc.svm_OVERB,svm,OVERB,29,16.256040376117994
DS13,mc.svm_OVERB,svm,OVERB,30,16.1914240181193
DS13,mc.svm_OVERB,svm,OVERB,31,16.6535173231283
DS13,mc.svm_OVERB,svm,OVERB,32,16.26071679857388
DS13,mc.svm_OVERB,svm,OVERB,33,16.101486828606536
DS13,mc.svm_OVERB,svm,OVERB,34,16.62055782302916
DS13,mc.svm_OVERB,svm,OVERB,35,16.36168882697879
DS13,mc.svm_OVERB,svm,OVERB,36,16.620201852224977
DS13,mc.svm_OVERB,svm,OVERB,37,16.592606302600956
DS13,mc.svm_OVERB,svm,OVERB,38,16.4192857490661
DS13,mc.svm_OVERB,svm,OVERB,39,17.062357808636847
DS13,mc.svm_OVERB,svm,OVERB,40,16.807519557377002
DS13,mc.svm_OVERB,svm,OVERB,41,16.6071624218052
DS13,mc.svm_OVERB,svm,OVERB,42,16.614285938715433
DS13,mc.svm_OVERB,svm,OVERB,43,16.999867846349545
DS13,mc.svm_OVERB,svm,OVERB,44,16.24821000264799
DS13,mc.svm_OVERB,svm,OVERB,45,16.26879589558082
DS13,mc.svm_OVERB,svm,OVERB,46,16.372026187215177
DS13,mc.svm_OVERB,svm,OVERB,47,16.274547546862525
DS13,mc.svm_OVERB,svm,OVERB,48,15.706637602168396
DS13,mc.svm_OVERB,svm,OVERB,49,16.27469870560056
DS13,mc.svm_OVERB,svm,OVERB,50,16.574411515207593
DS13,mc.svm_OVERTPhi,svm,OVERTPhi,1,13.37505661967239
DS13,mc.svm_OVERTPhi,svm,OVERTPhi,2,13.27152965223252
DS13,mc.svm_OVERTPhi,svm,OVERTPhi,3,13.513552905336692
DS13,mc.svm_OVERTPhi,svm,OVERTPhi,4,13.473237542495854
DS13,mc.svm_OVERTPhi,svm,OVERTPhi,5,13.473373165289509
DS13,mc.svm_OVERTPhi,svm,OVERTPhi,6,13.59318574743812
DS13,mc.svm_OVERTPhi,svm,OVERTPhi,7,13.527232488197562
DS13,mc.svm_OVERTPhi,svm,OVERTPhi,8,13.40403050055242
DS13,mc.svm_OVERTPhi,svm,OVERTPhi,9,13.174107591445889
DS13,mc.svm_OVERTPhi,svm,OVERTPhi,10,13.01504592399679
DS13,mc.svm_OVERTPhi,svm,OVERTPhi,11,13.653582262605022
DS13,mc.svm_OVERTPhi,svm,OVERTPhi,12,13.730484352418749
DS13,mc.svm_OVERTPhi,svm,OVERTPhi,13,13.508483873444918
DS13,mc.svm_OVERTPhi,svm,OVERTPhi,14,14.124658578573591
DS13,mc.svm_OVERTPhi,svm,OVERTPhi,15,14.374950890471235
DS13,mc.svm_OVERTPhi,svm,OVERTPhi,16,14.39736232565185
DS13,mc.svm_OVERTPhi,svm,OVERTPhi,17,14.575326627077905
DS13,mc.svm_OVERTPhi,svm,OVERTPhi,18,15.500078338667745
DS13,mc.svm_OVERTPhi,svm,OVERTPhi,19,16.469205569963105
DS13,mc.svm_OVERTPhi,svm,OVERTPhi,20,16.265333143869103
DS13,mc.svm_OVERTPhi,svm,OVERTPhi,21,17.11696049255243
DS13,mc.svm_OVERTPhi,svm,OVERTPhi,22,16.31754263739701
DS13,mc.svm_OVERTPhi,svm,OVERTPhi,23,16.644230952518246
DS13,mc.svm_OVERTPhi,svm,OVERTPhi,24,16.931016685743533
DS13,mc.svm_OVERTPhi,svm,OVERTPhi,25,17.132363116279432
DS13,mc.svm_OVERTPhi,svm,OVERTPhi,26,16.48169946956744
DS13,mc.svm_OVERTPhi,svm,OVERTPhi,27,16.46988440886926
DS13,mc.svm_OVERTPhi,svm,OVERTPhi,28,16.331708752539033
DS13,mc.svm_OVERTPhi,svm,OVERTPhi,29,15.743338037278328
DS13,mc.svm_OVERTPhi,svm,OVERTPhi,30,15.972188630090082
DS13,mc.svm_OVERTPhi,svm,OVERTPhi,31,15.751374074492292
DS13,mc.svm_OVERTPhi,svm,OVERTPhi,32,15.647218021679695
DS13,mc.svm_OVERTPhi,svm,OVERTPhi,33,17.09056489119201
DS13,mc.svm_OVERTPhi,svm,OVERTPhi,34,16.59385623829447
DS13,mc.svm_OVERTPhi,svm,OVERTPhi,35,16.20392987298168
DS13,mc.svm_OVERTPhi,svm,OVERTPhi,36,17.52217980351747
DS13,mc.svm_OVERTPhi,svm,OVERTPhi,37,16.123011685297637
DS13,mc.svm_OVERTPhi,svm,OVERTPhi,38,16.901892888397562
DS13,mc.svm_OVERTPhi,svm,OVERTPhi,39,16.88949940346124
DS13,mc.svm_OVERTPhi,svm,OVERTPhi,40,16.69362670083006
DS13,mc.svm_OVERTPhi,svm,OVERTPhi,41,16.876326869367713
DS13,mc.svm_OVERTPhi,svm,OVERTPhi,42,17.621918281520994
DS13,mc.svm_OVERTPhi,svm,OVERTPhi,43,17.84046487893656
DS13,mc.svm_OVERTPhi,svm,OVERTPhi,44,17.382724723148545
DS13,mc.svm_OVERTPhi,svm,OVERTPhi,45,16.960575127882688
DS13,mc.svm_OVERTPhi,svm,OVERTPhi,46,17.297348257533255
DS13,mc.svm_OVERTPhi,svm,OVERTPhi,47,16.955257328250582
DS13,mc.svm_OVERTPhi,svm,OVERTPhi,48,17.413507934027294
DS13,mc.svm_OVERTPhi,svm,OVERTPhi,49,17.289636056944712
DS13,mc.svm_OVERTPhi,svm,OVERTPhi,50,17.720149305694356
DS13,mc.svm_OVERT,svm,OVERT,1,13.42240267899682
DS13,mc.svm_OVERT,svm,OVERT,2,13.212542001659527
DS13,mc.svm_OVERT,svm,OVERT,3,13.50395734426266
DS13,mc.svm_OVERT,svm,OVERT,4,13.472250405727518
DS13,mc.svm_OVERT,svm,OVERT,5,13.55359425536826
DS13,mc.svm_OVERT,svm,OVERT,6,13.501491707580282
DS13,mc.svm_OVERT,svm,OVERT,7,13.515500330817636
DS13,mc.svm_OVERT,svm,OVERT,8,13.408621332135874
DS13,mc.svm_OVERT,svm,OVERT,9,12.935836737425028
DS13,mc.svm_OVERT,svm,OVERT,10,12.97855880884129
DS13,mc.svm_OVERT,svm,OVERT,11,13.705921341938502
DS13,mc.svm_OVERT,svm,OVERT,12,13.720882203855934
DS13,mc.svm_OVERT,svm,OVERT,13,13.657648968893294
DS13,mc.svm_OVERT,svm,OVERT,14,14.171253268807224
DS13,mc.svm_OVERT,svm,OVERT,15,14.542562312055882
DS13,mc.svm_OVERT,svm,OVERT,16,14.443999498100757
DS13,mc.svm_OVERT,svm,OVERT,17,14.846067241040862
DS13,mc.svm_OVERT,svm,OVERT,18,15.5127650255396
DS13,mc.svm_OVERT,svm,OVERT,19,16.543280416569047
DS13,mc.svm_OVERT,svm,OVERT,20,16.372636702132038
DS13,mc.svm_OVERT,svm,OVERT,21,17.148029774426536
DS13,mc.svm_OVERT,svm,OVERT,22,16.236454006353757
DS13,mc.svm_OVERT,svm,OVERT,23,16.7961134531929
DS13,mc.svm_OVERT,svm,OVERT,24,16.921573656187046
DS13,mc.svm_OVERT,svm,OVERT,25,17.278240530224735
DS13,mc.svm_OVERT,svm,OVERT,26,16.51702547443409
DS13,mc.svm_OVERT,svm,OVERT,27,16.73609801463063
DS13,mc.svm_OVERT,svm,OVERT,28,16.462205998028075
DS13,mc.svm_OVERT,svm,OVERT,29,15.868719235825752
DS13,mc.svm_OVERT,svm,OVERT,30,15.95378404453474
DS13,mc.svm_OVERT,svm,OVERT,31,15.697906727857967
DS13,mc.svm_OVERT,svm,OVERT,32,15.675434346614496
DS13,mc.svm_OVERT,svm,OVERT,33,17.26439523662505
DS13,mc.svm_OVERT,svm,OVERT,34,16.594138960078386
DS13,mc.svm_OVERT,svm,OVERT,35,16.199941088294924
DS13,mc.svm_OVERT,svm,OVERT,36,17.54853478650757
DS13,mc.svm_OVERT,svm,OVERT,37,16.106221976469072
DS13,mc.svm_OVERT,svm,OVERT,38,16.853241780157855
DS13,mc.svm_OVERT,svm,OVERT,39,16.8378717767304
DS13,mc.svm_OVERT,svm,OVERT,40,16.805258919962647
DS13,mc.svm_OVERT,svm,OVERT,41,16.659202113469878
DS13,mc.svm_OVERT,svm,OVERT,42,17.734487650581283
DS13,mc.svm_OVERT,svm,OVERT,43,17.971770695587875
DS13,mc.svm_OVERT,svm,OVERT,44,17.339090616023658
DS13,mc.svm_OVERT,svm,OVERT,45,16.92349204395933
DS13,mc.svm_OVERT,svm,OVERT,46,17.411336521004277
DS13,mc.svm_OVERT,svm,OVERT,47,17.06654342805265
DS13,mc.svm_OVERT,svm,OVERT,48,17.424273606907537
DS13,mc.svm_OVERT,svm,OVERT,49,17.257211789774715
DS13,mc.svm_OVERT,svm,OVERT,50,17.727216394462584
DS13,mc.svm_SMOTEB,svm,SMOTEB,1,18.07005820431566
DS13,mc.svm_SMOTEB,svm,SMOTEB,2,18.171875891462204
DS13,mc.svm_SMOTEB,svm,SMOTEB,3,18.014319233111564
DS13,mc.svm_SMOTEB,svm,SMOTEB,4,19.095512897513238
DS13,mc.svm_SMOTEB,svm,SMOTEB,5,18.196128408439986
DS13,mc.svm_SMOTEB,svm,SMOTEB,6,19.37055153802894
DS13,mc.svm_SMOTEB,svm,SMOTEB,7,18.873154952546457
DS13,mc.svm_SMOTEB,svm,SMOTEB,8,16.597125367029513
DS13,mc.svm_SMOTEB,svm,SMOTEB,9,15.62660854480502
DS13,mc.svm_SMOTEB,svm,SMOTEB,10,16.5702912221388
DS13,mc.svm_SMOTEB,svm,SMOTEB,11,16.35968859240326
DS13,mc.svm_SMOTEB,svm,SMOTEB,12,17.71052779106218
DS13,mc.svm_SMOTEB,svm,SMOTEB,13,18.120487736094994
DS13,mc.svm_SMOTEB,svm,SMOTEB,14,18.51739903603624
DS13,mc.svm_SMOTEB,svm,SMOTEB,15,16.770401189566243
DS13,mc.svm_SMOTEB,svm,SMOTEB,16,16.290001975330824
DS13,mc.svm_SMOTEB,svm,SMOTEB,17,17.845626296869835
DS13,mc.svm_SMOTEB,svm,SMOTEB,18,18.74396116674608
DS13,mc.svm_SMOTEB,svm,SMOTEB,19,20.05653579723852
DS13,mc.svm_SMOTEB,svm,SMOTEB,20,19.80655948593679
DS13,mc.svm_SMOTEB,svm,SMOTEB,21,19.646152784660806
DS13,mc.svm_SMOTEB,svm,SMOTEB,22,19.682968947346854
DS13,mc.svm_SMOTEB,svm,SMOTEB,23,20.97998933394976
DS13,mc.svm_SMOTEB,svm,SMOTEB,24,20.165683121202274
DS13,mc.svm_SMOTEB,svm,SMOTEB,25,20.330369928216683
DS13,mc.svm_SMOTEB,svm,SMOTEB,26,20.254611794686486
DS13,mc.svm_SMOTEB,svm,SMOTEB,27,19.91366364786866
DS13,mc.svm_SMOTEB,svm,SMOTEB,28,19.60887686043268
DS13,mc.svm_SMOTEB,svm,SMOTEB,29,20.850929203564494
DS13,mc.svm_SMOTEB,svm,SMOTEB,30,19.151223693995632
DS13,mc.svm_SMOTEB,svm,SMOTEB,31,18.611831350643214
DS13,mc.svm_SMOTEB,svm,SMOTEB,32,18.850547240105485
DS13,mc.svm_SMOTEB,svm,SMOTEB,33,19.468035977247
DS13,mc.svm_SMOTEB,svm,SMOTEB,34,18.160653352709822
DS13,mc.svm_SMOTEB,svm,SMOTEB,35,19.82167942213812
DS13,mc.svm_SMOTEB,svm,SMOTEB,36,19.845523109283562
DS13,mc.svm_SMOTEB,svm,SMOTEB,37,20.050857561940983
DS13,mc.svm_SMOTEB,svm,SMOTEB,38,20.341088497186487
DS13,mc.svm_SMOTEB,svm,SMOTEB,39,20.135001598917416
DS13,mc.svm_SMOTEB,svm,SMOTEB,40,18.222164083787096
DS13,mc.svm_SMOTEB,svm,SMOTEB,41,18.981619769432058
DS13,mc.svm_SMOTEB,svm,SMOTEB,42,19.195344682557696
DS13,mc.svm_SMOTEB,svm,SMOTEB,43,18.9004806167381
DS13,mc.svm_SMOTEB,svm,SMOTEB,44,19.478069681908387
DS13,mc.svm_SMOTEB,svm,SMOTEB,45,18.697326518662653
DS13,mc.svm_SMOTEB,svm,SMOTEB,46,19.155175012327696
DS13,mc.svm_SMOTEB,svm,SMOTEB,47,19.40313680270989
DS13,mc.svm_SMOTEB,svm,SMOTEB,48,20.340739455777186
DS13,mc.svm_SMOTEB,svm,SMOTEB,49,20.76273980575885
DS13,mc.svm_SMOTEB,svm,SMOTEB,50,21.042228052585358
DS13,mc.svm_SMOTETPhi,svm,SMOTETPhi,1,17.716302610557246
DS13,mc.svm_SMOTETPhi,svm,SMOTETPhi,2,19.091065776759407
DS13,mc.svm_SMOTETPhi,svm,SMOTETPhi,3,19.86148494797637
DS13,mc.svm_SMOTETPhi,svm,SMOTETPhi,4,18.50436000183738
DS13,mc.svm_SMOTETPhi,svm,SMOTETPhi,5,19.29198295974318
DS13,mc.svm_SMOTETPhi,svm,SMOTETPhi,6,19.671266833659487
DS13,mc.svm_SMOTETPhi,svm,SMOTETPhi,7,19.65745200927446
DS13,mc.svm_SMOTETPhi,svm,SMOTETPhi,8,18.18928042405957
DS13,mc.svm_SMOTETPhi,svm,SMOTETPhi,9,17.985837691774403
DS13,mc.svm_SMOTETPhi,svm,SMOTETPhi,10,18.827351576615044
DS13,mc.svm_SMOTETPhi,svm,SMOTETPhi,11,18.456205898686747
DS13,mc.svm_SMOTETPhi,svm,SMOTETPhi,12,19.532293519559488
DS13,mc.svm_SMOTETPhi,svm,SMOTETPhi,13,20.403551143096823
DS13,mc.svm_SMOTETPhi,svm,SMOTETPhi,14,19.802740349707367
DS13,mc.svm_SMOTETPhi,svm,SMOTETPhi,15,18.845479669002554
DS13,mc.svm_SMOTETPhi,svm,SMOTETPhi,16,20.52044999481623
DS13,mc.svm_SMOTETPhi,svm,SMOTETPhi,17,18.00085604803907
DS13,mc.svm_SMOTETPhi,svm,SMOTETPhi,18,18.580270936196438
DS13,mc.svm_SMOTETPhi,svm,SMOTETPhi,19,19.15576633558714
DS13,mc.svm_SMOTETPhi,svm,SMOTETPhi,20,20.56816446603189
DS13,mc.svm_SMOTETPhi,svm,SMOTETPhi,21,19.156793315883014
DS13,mc.svm_SMOTETPhi,svm,SMOTETPhi,22,20.51721648389045
DS13,mc.svm_SMOTETPhi,svm,SMOTETPhi,23,19.7801946244652
DS13,mc.svm_SMOTETPhi,svm,SMOTETPhi,24,21.590099856717448
DS13,mc.svm_SMOTETPhi,svm,SMOTETPhi,25,20.661943799982485
DS13,mc.svm_SMOTETPhi,svm,SMOTETPhi,26,20.2997885592577
DS13,mc.svm_SMOTETPhi,svm,SMOTETPhi,27,20.58651303624138
DS13,mc.svm_SMOTETPhi,svm,SMOTETPhi,28,20.86560271931457
DS13,mc.svm_SMOTETPhi,svm,SMOTETPhi,29,21.037071557120132
DS13,mc.svm_SMOTETPhi,svm,SMOTETPhi,30,20.482368275247072
DS13,mc.svm_SMOTETPhi,svm,SMOTETPhi,31,20.253802092714665
DS13,mc.svm_SMOTETPhi,svm,SMOTETPhi,32,20.20186258309348
DS13,mc.svm_SMOTETPhi,svm,SMOTETPhi,33,21.138050264647458
DS13,mc.svm_SMOTETPhi,svm,SMOTETPhi,34,20.897361122860477
DS13,mc.svm_SMOTETPhi,svm,SMOTETPhi,35,21.30054502123775
DS13,mc.svm_SMOTETPhi,svm,SMOTETPhi,36,21.380741294551285
DS13,mc.svm_SMOTETPhi,svm,SMOTETPhi,37,21.657573409694738
DS13,mc.svm_SMOTETPhi,svm,SMOTETPhi,38,21.556804511486124
DS13,mc.svm_SMOTETPhi,svm,SMOTETPhi,39,21.484139658411124
DS13,mc.svm_SMOTETPhi,svm,SMOTETPhi,40,21.922071310293575
DS13,mc.svm_SMOTETPhi,svm,SMOTETPhi,41,21.517837924253318
DS13,mc.svm_SMOTETPhi,svm,SMOTETPhi,42,20.744343668481843
DS13,mc.svm_SMOTETPhi,svm,SMOTETPhi,43,21.365485938163612
DS13,mc.svm_SMOTETPhi,svm,SMOTETPhi,44,22.15855703430944
DS13,mc.svm_SMOTETPhi,svm,SMOTETPhi,45,20.522871745080607
DS13,mc.svm_SMOTETPhi,svm,SMOTETPhi,46,21.538600459060934
DS13,mc.svm_SMOTETPhi,svm,SMOTETPhi,47,21.613028332590773
DS13,mc.svm_SMOTETPhi,svm,SMOTETPhi,48,20.74860769602779
DS13,mc.svm_SMOTETPhi,svm,SMOTETPhi,49,21.581975352355432
DS13,mc.svm_SMOTETPhi,svm,SMOTETPhi,50,21.51634227998919
DS13,mc.svm_SMOTET,svm,SMOTET,1,17.076453040866824
DS13,mc.svm_SMOTET,svm,SMOTET,2,19.07477999403964
DS13,mc.svm_SMOTET,svm,SMOTET,3,19.700428212961015
DS13,mc.svm_SMOTET,svm,SMOTET,4,18.12506539236518
DS13,mc.svm_SMOTET,svm,SMOTET,5,18.817120012776705
DS13,mc.svm_SMOTET,svm,SMOTET,6,18.30862048926617
DS13,mc.svm_SMOTET,svm,SMOTET,7,19.635405018225466
DS13,mc.svm_SMOTET,svm,SMOTET,8,17.460404820368666
DS13,mc.svm_SMOTET,svm,SMOTET,9,17.66627198949721
DS13,mc.svm_SMOTET,svm,SMOTET,10,17.327528701574067
DS13,mc.svm_SMOTET,svm,SMOTET,11,18.323030107727966
DS13,mc.svm_SMOTET,svm,SMOTET,12,18.218772671659725
DS13,mc.svm_SMOTET,svm,SMOTET,13,18.62951685251964
DS13,mc.svm_SMOTET,svm,SMOTET,14,19.212962222735165
DS13,mc.svm_SMOTET,svm,SMOTET,15,17.967046088446594
DS13,mc.svm_SMOTET,svm,SMOTET,16,18.838683497712935
DS13,mc.svm_SMOTET,svm,SMOTET,17,16.880837260119673
DS13,mc.svm_SMOTET,svm,SMOTET,18,18.213502368437364
DS13,mc.svm_SMOTET,svm,SMOTET,19,18.816733782878522
DS13,mc.svm_SMOTET,svm,SMOTET,20,20.121022354390686
DS13,mc.svm_SMOTET,svm,SMOTET,21,18.12850234922953
DS13,mc.svm_SMOTET,svm,SMOTET,22,18.758140543386926
DS13,mc.svm_SMOTET,svm,SMOTET,23,18.553769824809336
DS13,mc.svm_SMOTET,svm,SMOTET,24,20.27938994750612
DS13,mc.svm_SMOTET,svm,SMOTET,25,19.800748486278103
DS13,mc.svm_SMOTET,svm,SMOTET,26,20.132447757399728
DS13,mc.svm_SMOTET,svm,SMOTET,27,20.285809847565982
DS13,mc.svm_SMOTET,svm,SMOTET,28,20.295145504811273
DS13,mc.svm_SMOTET,svm,SMOTET,29,20.818578775791664
DS13,mc.svm_SMOTET,svm,SMOTET,30,20.433656005240543
DS13,mc.svm_SMOTET,svm,SMOTET,31,19.88477185985667
DS13,mc.svm_SMOTET,svm,SMOTET,32,19.74389723137393
DS13,mc.svm_SMOTET,svm,SMOTET,33,20.34855136075446
DS13,mc.svm_SMOTET,svm,SMOTET,34,20.638028659977433
DS13,mc.svm_SMOTET,svm,SMOTET,35,19.939122987839028
DS13,mc.svm_SMOTET,svm,SMOTET,36,20.3633980957581
DS13,mc.svm_SMOTET,svm,SMOTET,37,21.32101294816703
DS13,mc.svm_SMOTET,svm,SMOTET,38,21.10920378107999
DS13,mc.svm_SMOTET,svm,SMOTET,39,20.828586543792934
DS13,mc.svm_SMOTET,svm,SMOTET,40,21.791682275087748
DS13,mc.svm_SMOTET,svm,SMOTET,41,20.945242245309334
DS13,mc.svm_SMOTET,svm,SMOTET,42,21.333314147473487
DS13,mc.svm_SMOTET,svm,SMOTET,43,21.05144695907728
DS13,mc.svm_SMOTET,svm,SMOTET,44,20.858578351682148
DS13,mc.svm_SMOTET,svm,SMOTET,45,19.870088080744765
DS13,mc.svm_SMOTET,svm,SMOTET,46,20.663703188114624
DS13,mc.svm_SMOTET,svm,SMOTET,47,20.656832454445706
DS13,mc.svm_SMOTET,svm,SMOTET,48,20.783329280452985
DS13,mc.svm_SMOTET,svm,SMOTET,49,20.724608602452108
DS13,mc.svm_SMOTET,svm,SMOTET,50,21.470029829632193
DS13,mc.svm_UNDERB,svm,UNDERB,1,15.009344032176148
DS13,mc.svm_UNDERB,svm,UNDERB,2,12.129096202674775
DS13,mc.svm_UNDERB,svm,UNDERB,3,14.515592673377027
DS13,mc.svm_UNDERB,svm,UNDERB,4,13.943140679667147
DS13,mc.svm_UNDERB,svm,UNDERB,5,14.95873830816364
DS13,mc.svm_UNDERB,svm,UNDERB,6,13.62373873043522
DS13,mc.svm_UNDERB,svm,UNDERB,7,13.384971045266312
DS13,mc.svm_UNDERB,svm,UNDERB,8,12.89997220674488
DS13,mc.svm_UNDERB,svm,UNDERB,9,13.728311616362607
DS13,mc.svm_UNDERB,svm,UNDERB,10,12.848804504871275
DS13,mc.svm_UNDERB,svm,UNDERB,11,13.59465464249957
DS13,mc.svm_UNDERB,svm,UNDERB,12,14.093049991150886
DS13,mc.svm_UNDERB,svm,UNDERB,13,13.935446684424056
DS13,mc.svm_UNDERB,svm,UNDERB,14,14.093010877163785
DS13,mc.svm_UNDERB,svm,UNDERB,15,14.387455774785915
DS13,mc.svm_UNDERB,svm,UNDERB,16,14.001890497090958
DS13,mc.svm_UNDERB,svm,UNDERB,17,13.541520498848973
DS13,mc.svm_UNDERB,svm,UNDERB,18,16.640404117984364
DS13,mc.svm_UNDERB,svm,UNDERB,19,16.378324154068082
DS13,mc.svm_UNDERB,svm,UNDERB,20,15.639178124747051
DS13,mc.svm_UNDERB,svm,UNDERB,21,15.556430266292928
DS13,mc.svm_UNDERB,svm,UNDERB,22,17.52330218424254
DS13,mc.svm_UNDERB,svm,UNDERB,23,15.745278684579912
DS13,mc.svm_UNDERB,svm,UNDERB,24,16.492219602882724
DS13,mc.svm_UNDERB,svm,UNDERB,25,16.58892546715683
DS13,mc.svm_UNDERB,svm,UNDERB,26,15.98825510138719
DS13,mc.svm_UNDERB,svm,UNDERB,27,15.583657224993486
DS13,mc.svm_UNDERB,svm,UNDERB,28,16.21998465633818
DS13,mc.svm_UNDERB,svm,UNDERB,29,16.271011751386038
DS13,mc.svm_UNDERB,svm,UNDERB,30,16.323538794797212
DS13,mc.svm_UNDERB,svm,UNDERB,31,14.56171307955187
DS13,mc.svm_UNDERB,svm,UNDERB,32,16.773929153832313
DS13,mc.svm_UNDERB,svm,UNDERB,33,16.080748536258998
DS13,mc.svm_UNDERB,svm,UNDERB,34,16.826927125387588
DS13,mc.svm_UNDERB,svm,UNDERB,35,16.513779836105016
DS13,mc.svm_UNDERB,svm,UNDERB,36,15.934142940594752
DS13,mc.svm_UNDERB,svm,UNDERB,37,15.265261234541782
DS13,mc.svm_UNDERB,svm,UNDERB,38,17.484575430124373
DS13,mc.svm_UNDERB,svm,UNDERB,39,17.374283532208963
DS13,mc.svm_UNDERB,svm,UNDERB,40,16.367370364277193
DS13,mc.svm_UNDERB,svm,UNDERB,41,15.680978242966262
DS13,mc.svm_UNDERB,svm,UNDERB,42,15.82062826973445
DS13,mc.svm_UNDERB,svm,UNDERB,43,15.975425194397
DS13,mc.svm_UNDERB,svm,UNDERB,44,16.536024277581774
DS13,mc.svm_UNDERB,svm,UNDERB,45,16.566330405835263
DS13,mc.svm_UNDERB,svm,UNDERB,46,15.211298260356969
DS13,mc.svm_UNDERB,svm,UNDERB,47,15.676534159790885
DS13,mc.svm_UNDERB,svm,UNDERB,48,16.9164476094959
DS13,mc.svm_UNDERB,svm,UNDERB,49,14.757799159816988
DS13,mc.svm_UNDERB,svm,UNDERB,50,15.281341027600632
DS13,mc.svm_UNDERTPhi,svm,UNDERTPhi,1,14.350531560952058
DS13,mc.svm_UNDERTPhi,svm,UNDERTPhi,2,15.076755924398183
DS13,mc.svm_UNDERTPhi,svm,UNDERTPhi,3,15.359097598218638
DS13,mc.svm_UNDERTPhi,svm,UNDERTPhi,4,14.399622631562265
DS13,mc.svm_UNDERTPhi,svm,UNDERTPhi,5,16.023299925594028
DS13,mc.svm_UNDERTPhi,svm,UNDERTPhi,6,15.55279950081099
DS13,mc.svm_UNDERTPhi,svm,UNDERTPhi,7,13.680187046960231
DS13,mc.svm_UNDERTPhi,svm,UNDERTPhi,8,16.4468350121936
DS13,mc.svm_UNDERTPhi,svm,UNDERTPhi,9,14.454917130828852
DS13,mc.svm_UNDERTPhi,svm,UNDERTPhi,10,13.88157410961661
DS13,mc.svm_UNDERTPhi,svm,UNDERTPhi,11,14.737711386588167
DS13,mc.svm_UNDERTPhi,svm,UNDERTPhi,12,14.116316107438942
DS13,mc.svm_UNDERTPhi,svm,UNDERTPhi,13,16.413718088025824
DS13,mc.svm_UNDERTPhi,svm,UNDERTPhi,14,14.333063231728826
DS13,mc.svm_UNDERTPhi,svm,UNDERTPhi,15,17.291088617442508
DS13,mc.svm_UNDERTPhi,svm,UNDERTPhi,16,14.547474920825316
DS13,mc.svm_UNDERTPhi,svm,UNDERTPhi,17,15.65745286362428
DS13,mc.svm_UNDERTPhi,svm,UNDERTPhi,18,16.912758172946468
DS13,mc.svm_UNDERTPhi,svm,UNDERTPhi,19,17.080140474564654
DS13,mc.svm_UNDERTPhi,svm,UNDERTPhi,20,16.871427919543933
DS13,mc.svm_UNDERTPhi,svm,UNDERTPhi,21,17.317688347830426
DS13,mc.svm_UNDERTPhi,svm,UNDERTPhi,22,18.121808224198293
DS13,mc.svm_UNDERTPhi,svm,UNDERTPhi,23,17.684196235754495
DS13,mc.svm_UNDERTPhi,svm,UNDERTPhi,24,17.40063779110993
DS13,mc.svm_UNDERTPhi,svm,UNDERTPhi,25,19.080157075974043
DS13,mc.svm_UNDERTPhi,svm,UNDERTPhi,26,16.894228533300303
DS13,mc.svm_UNDERTPhi,svm,UNDERTPhi,27,18.39377447863885
DS13,mc.svm_UNDERTPhi,svm,UNDERTPhi,28,17.321850492026606
DS13,mc.svm_UNDERTPhi,svm,UNDERTPhi,29,17.056378075618618
DS13,mc.svm_UNDERTPhi,svm,UNDERTPhi,30,16.858270520823492
DS13,mc.svm_UNDERTPhi,svm,UNDERTPhi,31,17.836348199355374
DS13,mc.svm_UNDERTPhi,svm,UNDERTPhi,32,15.49990732522039
DS13,mc.svm_UNDERTPhi,svm,UNDERTPhi,33,17.75536408206185
DS13,mc.svm_UNDERTPhi,svm,UNDERTPhi,34,17.550146301015562
DS13,mc.svm_UNDERTPhi,svm,UNDERTPhi,35,16.225398612338658
DS13,mc.svm_UNDERTPhi,svm,UNDERTPhi,36,16.55384677724161
DS13,mc.svm_UNDERTPhi,svm,UNDERTPhi,37,16.688870975196085
DS13,mc.svm_UNDERTPhi,svm,UNDERTPhi,38,17.45304770153842
DS13,mc.svm_UNDERTPhi,svm,UNDERTPhi,39,17.88813663292539
DS13,mc.svm_UNDERTPhi,svm,UNDERTPhi,40,17.859980525659008
DS13,mc.svm_UNDERTPhi,svm,UNDERTPhi,41,18.174587251848795
DS13,mc.svm_UNDERTPhi,svm,UNDERTPhi,42,17.2678886758427
DS13,mc.svm_UNDERTPhi,svm,UNDERTPhi,43,18.21850204581968
DS13,mc.svm_UNDERTPhi,svm,UNDERTPhi,44,18.24587609520037
DS13,mc.svm_UNDERTPhi,svm,UNDERTPhi,45,16.69306271292119
DS13,mc.svm_UNDERTPhi,svm,UNDERTPhi,46,16.257396782804356
DS13,mc.svm_UNDERTPhi,svm,UNDERTPhi,47,15.933697041831609
DS13,mc.svm_UNDERTPhi,svm,UNDERTPhi,48,18.318986152404662
DS13,mc.svm_UNDERTPhi,svm,UNDERTPhi,49,17.30135148470991
DS13,mc.svm_UNDERTPhi,svm,UNDERTPhi,50,16.902209277162076
DS13,mc.svm_UNDERT,svm,UNDERT,1,13.843544883664022
DS13,mc.svm_UNDERT,svm,UNDERT,2,13.260519494811522
DS13,mc.svm_UNDERT,svm,UNDERT,3,14.842240394508195
DS13,mc.svm_UNDERT,svm,UNDERT,4,13.79821964266861
DS13,mc.svm_UNDERT,svm,UNDERT,5,13.893081290337546
DS13,mc.svm_UNDERT,svm,UNDERT,6,15.296443379384257
DS13,mc.svm_UNDERT,svm,UNDERT,7,14.326122045716769
DS13,mc.svm_UNDERT,svm,UNDERT,8,12.912794741472148
DS13,mc.svm_UNDERT,svm,UNDERT,9,13.523467310334938
DS13,mc.svm_UNDERT,svm,UNDERT,10,13.832066040038427
DS13,mc.svm_UNDERT,svm,UNDERT,11,13.08262192614578
DS13,mc.svm_UNDERT,svm,UNDERT,12,13.83713793464304
DS13,mc.svm_UNDERT,svm,UNDERT,13,14.521779135980752
DS13,mc.svm_UNDERT,svm,UNDERT,14,14.427084617018231
DS13,mc.svm_UNDERT,svm,UNDERT,15,14.119726417766154
DS13,mc.svm_UNDERT,svm,UNDERT,16,14.544484857764175
DS13,mc.svm_UNDERT,svm,UNDERT,17,14.207574131345838
DS13,mc.svm_UNDERT,svm,UNDERT,18,15.2517945395225
DS13,mc.svm_UNDERT,svm,UNDERT,19,17.255255413280473
DS13,mc.svm_UNDERT,svm,UNDERT,20,15.473786471566552
DS13,mc.svm_UNDERT,svm,UNDERT,21,16.28882177881435
DS13,mc.svm_UNDERT,svm,UNDERT,22,16.781672210400497
DS13,mc.svm_UNDERT,svm,UNDERT,23,18.046741183016177
DS13,mc.svm_UNDERT,svm,UNDERT,24,15.784030983604284
DS13,mc.svm_UNDERT,svm,UNDERT,25,16.25088482135887
DS13,mc.svm_UNDERT,svm,UNDERT,26,16.539381172827436
DS13,mc.svm_UNDERT,svm,UNDERT,27,16.657127804181716
DS13,mc.svm_UNDERT,svm,UNDERT,28,17.177247638728144
DS13,mc.svm_UNDERT,svm,UNDERT,29,16.56865471812298
DS13,mc.svm_UNDERT,svm,UNDERT,30,15.581818130662228
DS13,mc.svm_UNDERT,svm,UNDERT,31,16.10474837905821
DS13,mc.svm_UNDERT,svm,UNDERT,32,15.906907068022136
DS13,mc.svm_UNDERT,svm,UNDERT,33,14.858086769490857
DS13,mc.svm_UNDERT,svm,UNDERT,34,16.56756161982355
DS13,mc.svm_UNDERT,svm,UNDERT,35,16.133081506651962
DS13,mc.svm_UNDERT,svm,UNDERT,36,16.36907612001679
DS13,mc.svm_UNDERT,svm,UNDERT,37,16.84964781002878
DS13,mc.svm_UNDERT,svm,UNDERT,38,17.784771772932324
DS13,mc.svm_UNDERT,svm,UNDERT,39,17.131949376388594
DS13,mc.svm_UNDERT,svm,UNDERT,40,16.41394232808668
DS13,mc.svm_UNDERT,svm,UNDERT,41,16.3187434875006
DS13,mc.svm_UNDERT,svm,UNDERT,42,17.343909077496512
DS13,mc.svm_UNDERT,svm,UNDERT,43,15.984614601740214
DS13,mc.svm_UNDERT,svm,UNDERT,44,16.63173940420198
DS13,mc.svm_UNDERT,svm,UNDERT,45,16.432717553218904
DS13,mc.svm_UNDERT,svm,UNDERT,46,15.664291993342143
DS13,mc.svm_UNDERT,svm,UNDERT,47,16.275004439165027
DS13,mc.svm_UNDERT,svm,UNDERT,48,16.14871286190019
DS13,mc.svm_UNDERT,svm,UNDERT,49,17.04689503454188
DS13,mc.svm_UNDERT,svm,UNDERT,50,14.497006139755523
DS13,mc.svm,svm,baseline,1,10.273029559813576
DS13,mc.svm,svm,baseline,2,10.275024715191142
DS13,mc.svm,svm,baseline,3,10.56972683626493
DS13,mc.svm,svm,baseline,4,11.125853340254595
DS13,mc.svm,svm,baseline,5,11.14103986089455
DS13,mc.svm,svm,baseline,6,11.153681551038488
DS13,mc.svm,svm,baseline,7,11.17279735691956
DS13,mc.svm,svm,baseline,8,11.196283978327228
DS13,mc.svm,svm,baseline,9,11.258916052567306
DS13,mc.svm,svm,baseline,10,11.303495204944007
DS13,mc.svm,svm,baseline,11,11.514037267426522
DS13,mc.svm,svm,baseline,12,11.618381278935285
DS13,mc.svm,svm,baseline,13,11.584523828810497
DS13,mc.svm,svm,baseline,14,11.828440542951128
DS13,mc.svm,svm,baseline,15,12.036862130319227
DS13,mc.svm,svm,baseline,16,12.120901859673868
DS13,mc.svm,svm,baseline,17,12.156579571694715
DS13,mc.svm,svm,baseline,18,12.89327097045966
DS13,mc.svm,svm,baseline,19,13.161827902599383
DS13,mc.svm,svm,baseline,20,13.26501358963785
DS13,mc.svm,svm,baseline,21,13.264866972142
DS13,mc.svm,svm,baseline,22,13.22311081447245
DS13,mc.svm,svm,baseline,23,13.388720238935854
DS13,mc.svm,svm,baseline,24,13.515171410010886
DS13,mc.svm,svm,baseline,25,13.588924568232988
DS13,mc.svm,svm,baseline,26,13.62195529771367
DS13,mc.svm,svm,baseline,27,13.530413506791522
DS13,mc.svm,svm,baseline,28,13.499442566856661
DS13,mc.svm,svm,baseline,29,13.477891185395995
DS13,mc.svm,svm,baseline,30,13.388119703698072
DS13,mc.svm,svm,baseline,31,13.312353595439184
DS13,mc.svm,svm,baseline,32,13.384368905671378
DS13,mc.svm,svm,baseline,33,13.637278250649006
DS13,mc.svm,svm,baseline,34,13.76076042480794
DS13,mc.svm,svm,baseline,35,13.702260534240349
DS13,mc.svm,svm,baseline,36,13.79896820745187
DS13,mc.svm,svm,baseline,37,13.852109322730975
DS13,mc.svm,svm,baseline,38,13.845549671063562
DS13,mc.svm,svm,baseline,39,13.889575024980077
DS13,mc.svm,svm,baseline,40,13.961936835662897
DS13,mc.svm,svm,baseline,41,13.99587567036814
DS13,mc.svm,svm,baseline,42,13.992755616006153
DS13,mc.svm,svm,baseline,43,14.005895725801025
DS13,mc.svm,svm,baseline,44,13.972419336241034
DS13,mc.svm,svm,baseline,45,14.00959924597346
DS13,mc.svm,svm,baseline,46,14.123244258154049
DS13,mc.svm,svm,baseline,47,13.97181087725631
DS13,mc.svm,svm,baseline,48,13.995142054034408
DS13,mc.svm,svm,baseline,49,13.967456527841321
DS13,mc.svm,svm,baseline,50,13.967719312673527
