dataset_id,workflow,model_family,strategy,iteration,rmse
DS14,mc.BDES,BDES,baseline,1,0.012930302417787524
DS14,mc.BDES,BDES,baseline,2,0.012640210532611992
DS14,mc.BDES,BDES,baseline,3,0.012948438440478889
DS14,mc.BDES,BDES,baseline,4,0.01292312930127874
DS14,mc.BDES,BDES,baseline,5,0.012937441108537442
DS14,mc.BDES,BDES,baseline,6,0.01298476991447932
DS14,mc.BDES,BDES,baseline,7,0.013050467015357801
DS14,mc.BDES,BDES,baseline,8,0.013442183257861142
DS14,mc.BDES,BDES,baseline,9,0.013519549484362531
DS14,mc.BDES,BDES,baseline,10,0.013548809967199302
DS14,mc.BDES,BDES,baseline,11,0.013773936814891254
DS14,mc.BDES,BDES,baseline,12,0.013687571208663542
DS14,mc.BDES,BDES,baseline,13,0.01375376551969436
DS14,mc.BDES,BDES,baseline,14,0.013733504332333338
DS14,mc.BDES,BDES,baseline,15,0.01368881910852682
DS14,mc.BDES,BDES,baseline,16,0.013770853825036034
DS14,mc.BDES,BDES,baseline,17,0.013726715280403753
DS14,mc.BDES,BDES,baseline,18,0.013818240831775694
DS14,mc.BDES,BDES,baseline,19,0.013644588900100094
DS14,mc.BDES,BDES,baseline,20,0.01348306646699698
DS14,mc.BDES,BDES,baseline,21,0.013478990008665355
DS14,mc.BDES,BDES,baseline,22,0.013441735402673724
DS14,mc.BDES,BDES,baseline,23,0.013055483041523088
DS14,mc.BDES,BDES,baseline,24,0.012838887687746539
DS14,mc.BDES,BDES,baseline,25,0.01227774471662475
DS14,mc.BDES,BDES,baseline,26,0.012188352189001586
DS14,mc.BDES,BDES,baseline,27,0.01154792380024874
DS14,mc.BDES,BDES,baseline,28,0.011413116728581914
DS14,mc.BDES,BDES,baseline,29,0.011519941303163401
DS14,mc.BDES,BDES,baseline,30,0.010917410161986062
DS14,mc.BDES,BDES,baseline,31,0.01070436752809292
DS14,mc.BDES,BDES,baseline,32,0.010275867070267118
DS14,mc.BDES,BDES,baseline,33,0.010153702288968973
DS14,mc.BDES,BDES,baseline,34,0.010085133521356347
DS14,mc.BDES,BDES,baseline,35,0.00989287393221536
DS14,mc.BDES,BDES,baseline,36,0.009859085890799672
DS14,mc.BDES,BDES,baseline,37,0.00983095305384917
DS14,mc.BDES,BDES,baseline,38,0.009742213908692692
DS14,mc.BDES,BDES,baseline,39,0.009539062491761108
DS14,mc.BDES,BDES,baseline,40,0.009396613228020078
DS14,mc.BDES,BDES,baseline,41,0.00940461259831163
DS14,mc.BDES,BDES,baseline,42,0.008794211910802412
DS14,mc.BDES,BDES,baseline,43,0.008797020275709687
DS14,mc.BDES,BDES,baseline,44,0.00870499285044614
DS14,mc.BDES,BDES,baseline,45,0.008727571715234788
DS14,mc.BDES,BDES,baseline,46,0.008718546010991441
DS14,mc.BDES,BDES,baseline,47,0.00855002039074382
DS14,mc.BDES,BDES,baseline,48,0.008296948660178022
DS14,mc.BDES,BDES,baseline,49,0.008295880870294498
DS14,mc.BDES,BDES,baseline,50,0.008212926173465605
DS14,mc.arima,arima,baseline,1,0.01350232248848091
DS14,mc.arima,arima,baseline,2,0.01278646851558188
DS14,mc.arima,arima,baseline,3,0.01302076472274922
DS14,mc.arima,arima,baseline,4,0.013010902311691414
DS14,mc.arima,arima,baseline,5,0.012966354100698086
DS14,mc.arima,arima,baseline,6,0.014072321862568129
DS14,mc.arima,arima,baseline,7,0.013573598279122823
DS14,mc.arima,arima,baseline,8,0.013738834138761554
DS14,mc.arima,arima,baseline,9,0.01382933884442834
DS14,mc.arima,arima,baseline,10,0.014240330909492959
DS14,mc.arima,arima,baseline,11,0.014081994609111746
DS14,mc.arima,arima,baseline,12,0.013951350658703671
DS14,mc.arima,arima,baseline,13,0.014554638011463984
DS14,mc.arima,arima,baseline,14,0.014451439158860394
DS14,mc.arima,arima,baseline,15,0.013871168096939746
DS14,mc.arima,arima,baseline,16,0.013874610639407665
DS14,mc.arima,arima,baseline,17,0.014075925801122937
DS14,mc.arima,arima,baseline,18,0.014063541169715857
DS14,mc.arima,arima,baseline,19,0.01400246539610257
DS14,mc.arima,arima,baseline,20,0.013867966648837637
DS14,mc.arima,arima,baseline,21,0.013967257495545884
DS14,mc.arima,arima,baseline,22,0.013742894072268346
DS14,mc.arima,arima,baseline,23,0.013509710662743077
DS14,mc.arima,arima,baseline,24,0.013190250415616665
DS14,mc.arima,arima,baseline,25,0.012666456955829502
DS14,mc.arima,arima,baseline,26,0.012609742328118725
DS14,mc.arima,arima,baseline,27,0.011893430081686567
DS14,mc.arima,arima,baseline,28,0.011889836485119366
DS14,mc.arima,arima,baseline,29,0.011840051621000132
DS14,mc.arima,arima,baseline,30,0.011565875437072727
DS14,mc.arima,arima,baseline,31,0.011158711788405
DS14,mc.arima,arima,baseline,32,0.010731341840141394
DS14,mc.arima,arima,baseline,33,0.010828978502876487
DS14,mc.arima,arima,baseline,34,0.010749542920211791
DS14,mc.arima,arima,baseline,35,0.010314975988588573
DS14,mc.arima,arima,baseline,36,0.010313768603612395
DS14,mc.arima,arima,baseline,37,0.010112719724487986
DS14,mc.arima,arima,baseline,38,0.010154376235256552
DS14,mc.arima,arima,baseline,39,0.010061959774250244
DS14,mc.arima,arima,baseline,40,0.009954162242863433
DS14,mc.arima,arima,baseline,41,0.009951481312588367
DS14,mc.arima,arima,baseline,42,0.009178013597392239
DS14,mc.arima,arima,baseline,43,0.009158983193887213
DS14,mc.arima,arima,baseline,44,0.009075454050382946
DS14,mc.arima,arima,baseline,45,0.009082902253956604
DS14,mc.arima,arima,baseline,46,0.009084413406292588
DS14,mc.arima,arima,baseline,47,0.008930714381803413
DS14,mc.arima,arima,baseline,48,0.008648817373345564
DS14,mc.arima,arima,baseline,49,0.008584998879057306
DS14,mc.arima,arima,baseline,50,0.008574265184271259
DS14,mc.lm_OVERB,lm,OVERB,1,0.015447409031756336
DS14,mc.lm_OVERB,lm,OVERB,2,0.016007059195240474
DS14,mc.lm_OVERB,lm,OVERB,3,0.016242170032970238
DS14,mc.lm_OVERB,lm,OVERB,4,0.017237330951271647
DS14,mc.lm_OVERB,lm,OVERB,5,0.017284248357671148
DS14,mc.lm_OVERB,lm,OVERB,6,0.01763102503802703
DS14,mc.lm_OVERB,lm,OVERB,7,0.016864811451782806
DS14,mc.lm_OVERB,lm,OVERB,8,0.017438676776492006
DS14,mc.lm_OVERB,lm,OVERB,9,0.017301794617194263
DS14,mc.lm_OVERB,lm,OVERB,10,0.015895204311720472
DS14,mc.lm_OVERB,lm,OVERB,11,0.01631475630448081
DS14,mc.lm_OVERB,lm,OVERB,12,0.01618948081653071
DS14,mc.lm_OVERB,lm,OVERB,13,0.016579354690466622
DS14,mc.lm_OVERB,lm,OVERB,14,0.016211341989604406
DS14,mc.lm_OVERB,lm,OVERB,15,0.015799203019977955
DS14,mc.lm_OVERB,lm,OVERB,16,0.014941943873273448
DS14,mc.lm_OVERB,lm,OVERB,17,0.015120942057708364
DS14,mc.lm_OVERB,lm,OVERB,18,0.01566191536155958
DS14,mc.lm_OVERB,lm,OVERB,19,0.015928082604035745
DS14,mc.lm_OVERB,lm,OVERB,20,0.01582786018454643
DS14,mc.lm_OVERB,lm,OVERB,21,0.016590395856382216
DS14,mc.lm_OVERB,lm,OVERB,22,0.015547003288982354
DS14,mc.lm_OVERB,lm,OVERB,23,0.015414226521083508
DS14,mc.lm_OVERB,lm,OVERB,24,0.01557270428819237
DS14,mc.lm_OVERB,lm,OVERB,25,0.014546918144197058
DS14,mc.lm_OVERB,lm,OVERB,26,0.014854453896320926
DS14,mc.lm_OVERB,lm,OVERB,27,0.014483343139471739
DS14,mc.lm_OVERB,lm,OVERB,28,0.013354785749565288
DS14,mc.lm_OVERB,lm,OVERB,29,0.014628735975463474
DS14,mc.lm_OVERB,lm,OVERB,30,0.013395973526279262
DS14,mc.lm_OVERB,lm,OVERB,31,0.013201173082275648
DS14,mc.lm_OVERB,lm,OVERB,32,0.012908908195690823
DS14,mc.lm_OVERB,lm,OVERB,33,0.012497085892628317
DS14,mc.lm_OVERB,lm,OVERB,34,0.013214962037833955
DS14,mc.lm_OVERB,lm,OVERB,35,0.01279169973923248
DS14,mc.lm_OVERB,lm,OVERB,36,0.012218581713929068
DS14,mc.lm_OVERB,lm,OVERB,37,0.01282261583878854
DS14,mc.lm_OVERB,lm,OVERB,38,0.012507493635174526
DS14,mc.lm_OVERB,lm,OVERB,39,0.012640274878410601
DS14,mc.lm_OVERB,lm,OVERB,40,0.012102947519461678
DS14,mc.lm_OVERB,lm,OVERB,41,0.01241765200317808
DS14,mc.lm_OVERB,lm,OVERB,42,0.011795236199030603
DS14,mc.lm_OVERB,lm,OVERB,43,0.012050705713427035
DS14,mc.lm_OVERB,lm,OVERB,44,0.012087636907836274
DS14,mc.lm_OVERB,lm,OVERB,45,0.012368758253426653
DS14,mc.lm_OVERB,lm,OVERB,46,0.011860394321208775
DS14,mc.lm_OVERB,lm,OVERB,47,0.01160820783570343
DS14,mc.lm_OVERB,lm,OVERB,48,0.010932287715220198
DS14,mc.lm_OVERB,lm,OVERB,49,0.011479790331875354
DS14,mc.lm_OVERB,lm,OVERB,50,0.011610458473765847
DS14,mc.lm_OVERTPhi,lm,OVERTPhi,1,0.017246827227000504
DS14,mc.lm_OVERTPhi,lm,OVERTPhi,2,0.017437705024955
DS14,mc.lm_OVERTPhi,lm,OVERTPhi,3,0.017883323608179815
DS14,mc.lm_OVERTPhi,lm,OVERTPhi,4,0.017398101016973318
DS14,mc.lm_OVERTPhi,lm,OVERTPhi,5,0.017796781773830764
DS14,mc.lm_OVERTPhi,lm,OVERTPhi,6,0.017946268380097913
DS14,mc.lm_OVERTPhi,lm,OVERTPhi,7,0.017844140460438643
DS14,mc.lm_OVERTPhi,lm,OVERTPhi,8,0.016325597716864235
DS14,mc.lm_OVERTPhi,lm,OVERTPhi,9,0.016488023040822367
DS14,mc.lm_OVERTPhi,lm,OVERTPhi,10,0.01567250208665027
DS14,mc.lm_OVERTPhi,lm,OVERTPhi,11,0.016548977600480814
DS14,mc.lm_OVERTPhi,lm,OVERTPhi,12,0.01569957465423842
DS14,mc.lm_OVERTPhi,lm,OVERTPhi,13,0.01590697558629543
DS14,mc.lm_OVERTPhi,lm,OVERTPhi,14,0.01619388125789073
DS14,mc.lm_OVERTPhi,lm,OVERTPhi,15,0.01650864310778857
DS14,mc.lm_OVERTPhi,lm,OVERTPhi,16,0.015675511087718363
DS14,mc.lm_OVERTPhi,lm,OVERTPhi,17,0.016255955877262446
DS14,mc.lm_OVERTPhi,lm,OVERTPhi,18,0.01616567881768726
DS14,mc.lm_OVERTPhi,lm,OVERTPhi,19,0.0163023543088015
DS14,mc.lm_OVERTPhi,lm,OVERTPhi,20,0.01650634161041079
DS14,mc.lm_OVERTPhi,lm,OVERTPhi,21,0.01592202571406311
DS14,mc.lm_OVERTPhi,lm,OVERTPhi,22,0.015246693041357956
DS14,mc.lm_OVERTPhi,lm,OVERTPhi,23,0.016004903535314825
DS14,mc.lm_OVERTPhi,lm,OVERTPhi,24,0.015321449779491361
DS14,mc.lm_OVERTPhi,lm,OVERTPhi,25,0.014643581520723686
DS14,mc.lm_OVERTPhi,lm,OVERTPhi,26,0.014865051899008315
DS14,mc.lm_OVERTPhi,lm,OVERTPhi,27,0.01408149191681239
DS14,mc.lm_OVERTPhi,lm,OVERTPhi,28,0.014900833659275803
DS14,mc.lm_OVERTPhi,lm,OVERTPhi,29,0.015288813834578413
DS14,mc.lm_OVERTPhi,lm,OVERTPhi,30,0.013272584898966095
DS14,mc.lm_OVERTPhi,lm,OVERTPhi,31,0.013333665760471373
DS14,mc.lm_OVERTPhi,lm,OVERTPhi,32,0.014469954533264025
DS14,mc.lm_OVERTPhi,lm,OVERTPhi,33,0.013898918734063157
DS14,mc.lm_OVERTPhi,lm,OVERTPhi,34,0.013421100285514057
DS14,mc.lm_OVERTPhi,lm,OVERTPhi,35,0.012662662522796473
DS14,mc.lm_OVERTPhi,lm,OVERTPhi,36,0.013391716794034746
DS14,mc.lm_OVERTPhi,lm,OVERTPhi,37,0.01289993509909796
DS14,mc.lm_OVERTPhi,lm,OVERTPhi,38,0.012802048370086892
DS14,mc.lm_OVERTPhi,lm,OVERTPhi,39,0.01256226698693344
DS14,mc.lm_OVERTPhi,lm,OVERTPhi,40,0.012501937217067285
DS14,mc.lm_OVERTPhi,lm,OVERTPhi,41,0.012547816338032867
DS14,mc.lm_OVERTPhi,lm,OVERTPhi,42,0.011803225780705712
DS14,mc.lm_OVERTPhi,lm,OVERTPhi,43,0.012241268717126193
DS14,mc.lm_OVERTPhi,lm,OVERTPhi,44,0.01180263097003067
DS14,mc.lm_OVERTPhi,lm,OVERTPhi,45,0.012227677405618382
DS14,mc.lm_OVERTPhi,lm,OVERTPhi,46,0.011955316248601269
DS14,mc.lm_OVERTPhi,lm,OVERTPhi,47,0.012434848268009165
DS14,mc.lm_OVERTPhi,lm,OVERTPhi,48,0.010863672307684617
DS14,mc.lm_OVERTPhi,lm,OVERTPhi,49,0.011467276926113974
DS14,mc.lm_OVERTPhi,lm,OVERTPhi,50,0.011055121803216312
DS14,mc.lm_OVERT,lm,OVERT,1,0.01734158308495792
DS14,mc.lm_OVERT,lm,OVERT,2,0.01726670556862457
DS14,mc.lm_OVERT,lm,OVERT,3,0.018017813226111935
DS14,mc.lm_OVERT,lm,OVERT,4,0.01735177054783144
DS14,mc.lm_OVERT,lm,OVERT,5,0.017921869274814685
DS14,mc.lm_OVERT,lm,OVERT,6,0.017861755061804943
DS14,mc.lm_OVERT,lm,OVERT,7,0.017858072677200076
DS14,mc.lm_OVERT,lm,OVERT,8,0.016322271276915844
DS14,mc.lm_OVERT,lm,OVERT,9,0.016594423137682997
DS14,mc.lm_OVERT,lm,OVERT,10,0.01570254644530427
DS14,mc.lm_OVERT,lm,OVERT,11,0.01649427111017161
DS14,mc.lm_OVERT,lm,OVERT,12,0.01579976583227559
DS14,mc.lm_OVERT,lm,OVERT,13,0.01592192580848797
DS14,mc.lm_OVERT,lm,OVERT,14,0.016121036531607968
DS14,mc.lm_OVERT,lm,OVERT,15,0.016320645133340743
DS14,mc.lm_OVERT,lm,OVERT,16,0.01554269745081154
DS14,mc.lm_OVERT,lm,OVERT,17,0.01624403439370894
DS14,mc.lm_OVERT,lm,OVERT,18,0.01613932120103527
DS14,mc.lm_OVERT,lm,OVERT,19,0.01623932681852309
DS14,mc.lm_OVERT,lm,OVERT,20,0.016449176375555714
DS14,mc.lm_OVERT,lm,OVERT,21,0.015810784686725525
DS14,mc.lm_OVERT,lm,OVERT,22,0.01525203288685656
DS14,mc.lm_OVERT,lm,OVERT,23,0.016027392380034606
DS14,mc.lm_OVERT,lm,OVERT,24,0.015264307263157213
DS14,mc.lm_OVERT,lm,OVERT,25,0.014551207342615648
DS14,mc.lm_OVERT,lm,OVERT,26,0.014839368707929117
DS14,mc.lm_OVERT,lm,OVERT,27,0.014218934720512442
DS14,mc.lm_OVERT,lm,OVERT,28,0.01464720953711807
DS14,mc.lm_OVERT,lm,OVERT,29,0.015138557015944118
DS14,mc.lm_OVERT,lm,OVERT,30,0.013403177691391833
DS14,mc.lm_OVERT,lm,OVERT,31,0.013416876656249752
DS14,mc.lm_OVERT,lm,OVERT,32,0.014322441712488494
DS14,mc.lm_OVERT,lm,OVERT,33,0.013832924446117074
DS14,mc.lm_OVERT,lm,OVERT,34,0.01343217961387678
DS14,mc.lm_OVERT,lm,OVERT,35,0.01274418219775679
DS14,mc.lm_OVERT,lm,OVERT,36,0.013404444634063527
DS14,mc.lm_OVERT,lm,OVERT,37,0.012977059200459896
DS14,mc.lm_OVERT,lm,OVERT,38,0.01275530429377326
DS14,mc.lm_OVERT,lm,OVERT,39,0.01262671168187904
DS14,mc.lm_OVERT,lm,OVERT,40,0.012643754627886663
DS14,mc.lm_OVERT,lm,OVERT,41,0.012759396892494801
DS14,mc.lm_OVERT,lm,OVERT,42,0.011666414338676644
DS14,mc.lm_OVERT,lm,OVERT,43,0.012342794650346031
DS14,mc.lm_OVERT,lm,OVERT,44,0.011903161590687652
DS14,mc.lm_OVERT,lm,OVERT,45,0.012141339766627152
DS14,mc.lm_OVERT,lm,OVERT,46,0.012047064363974664
DS14,mc.lm_OVERT,lm,OVERT,47,0.012359660640933412
DS14,mc.lm_OVERT,lm,OVERT,48,0.010919785392180479
DS14,mc.lm_OVERT,lm,OVERT,49,0.011402945317522084
DS14,mc.lm_OVERT,lm,OVERT,50,0.010990684105146482
DS14,mc.lm_SMOTEB,lm,SMOTEB,1,0.019426314113599137
DS14,mc.lm_SMOTEB,lm,SMOTEB,2,0.019654952895298602
DS14,mc.lm_SMOTEB,lm,SMOTEB,3,0.01978919198390429
DS14,mc.lm_SMOTEB,lm,SMOTEB,4,0.021707383619874093
DS14,mc.lm_SMOTEB,lm,SMOTEB,5,0.023547991397033705
DS14,mc.lm_SMOTEB,lm,SMOTEB,6,0.0229764441531741
DS14,mc.lm_SMOTEB,lm,SMOTEB,7,0.019254954642155916
DS14,mc.lm_SMOTEB,lm,SMOTEB,8,0.018593704445205347
DS14,mc.lm_SMOTEB,lm,SMOTEB,9,0.019190125280164557
DS14,mc.lm_SMOTEB,lm,SMOTEB,10,0.016963115930325786
DS14,mc.lm_SMOTEB,lm,SMOTEB,11,0.017122201035766497
DS14,mc.lm_SMOTEB,lm,SMOTEB,12,0.017863708151500242
DS14,mc.lm_SMOTEB,lm,SMOTEB,13,0.0173009872652422
DS14,mc.lm_SMOTEB,lm,SMOTEB,14,0.0184671275690317
DS14,mc.lm_SMOTEB,lm,SMOTEB,15,0.01719358714171255
DS14,mc.lm_SMOTEB,lm,SMOTEB,16,0.01686637563768436
DS14,mc.lm_SMOTEB,lm,SMOTEB,17,0.01656779379208973
DS14,mc.lm_SMOTEB,lm,SMOTEB,18,0.016400642855717414
DS14,mc.lm_SMOTEB,lm,SMOTEB,19,0.018243311331515286
DS14,mc.lm_SMOTEB,lm,SMOTEB,20,0.017081550976133796
DS14,mc.lm_SMOTEB,lm,SMOTEB,21,0.01738676711982049
DS14,mc.lm_SMOTEB,lm,SMOTEB,22,0.016303826191080967
DS14,mc.lm_SMOTEB,lm,SMOTEB,23,0.0169439148785188
DS14,mc.lm_SMOTEB,lm,SMOTEB,24,0.016224670743937644
DS14,mc.lm_SMOTEB,lm,SMOTEB,25,0.015691242541507812
DS14,mc.lm_SMOTEB,lm,SMOTEB,26,0.015488335719209406
DS14,mc.lm_SMOTEB,lm,SMOTEB,27,0.015559486372879305
DS14,mc.lm_SMOTEB,lm,SMOTEB,28,0.01573189494383194
DS14,mc.lm_SMOTEB,lm,SMOTEB,29,0.016837951868828836
DS14,mc.lm_SMOTEB,lm,SMOTEB,30,0.01601077359421622
DS14,mc.lm_SMOTEB,lm,SMOTEB,31,0.01484852334483599
DS14,mc.lm_SMOTEB,lm,SMOTEB,32,0.013753025462954822
DS14,mc.lm_SMOTEB,lm,SMOTEB,33,0.014994391562670175
DS14,mc.lm_SMOTEB,lm,SMOTEB,34,0.01545567069211276
DS14,mc.lm_SMOTEB,lm,SMOTEB,35,0.015289250035239559
DS14,mc.lm_SMOTEB,lm,SMOTEB,36,0.0134188756561808
DS14,mc.lm_SMOTEB,lm,SMOTEB,37,0.014666061717126283
DS14,mc.lm_SMOTEB,lm,SMOTEB,38,0.015196268460390277
DS14,mc.lm_SMOTEB,lm,SMOTEB,39,0.015190980145876706
DS14,mc.lm_SMOTEB,lm,SMOTEB,40,0.015204754566070674
DS14,mc.lm_SMOTEB,lm,SMOTEB,41,0.01386788480525808
DS14,mc.lm_SMOTEB,lm,SMOTEB,42,0.014903922283790835
DS14,mc.lm_SMOTEB,lm,SMOTEB,43,0.01544657032063088
DS14,mc.lm_SMOTEB,lm,SMOTEB,44,0.014499074547274286
DS14,mc.lm_SMOTEB,lm,SMOTEB,45,0.014336048439561174
DS14,mc.lm_SMOTEB,lm,SMOTEB,46,0.015705653725820425
DS14,mc.lm_SMOTEB,lm,SMOTEB,47,0.015921475629667198
DS14,mc.lm_SMOTEB,lm,SMOTEB,48,0.013176726520005943
DS14,mc.lm_SMOTEB,lm,SMOTEB,49,0.013914509655448935
DS14,mc.lm_SMOTEB,lm,SMOTEB,50,0.012427412535633776
DS14,mc.lm_SMOTETPhi,lm,SMOTETPhi,1,0.026379266075468616
DS14,mc.lm_SMOTETPhi,lm,SMOTETPhi,2,0.02345415397546913
DS14,mc.lm_SMOTETPhi,lm,SMOTETPhi,3,0.025751414662119387
DS14,mc.lm_SMOTETPhi,lm,SMOTETPhi,4,0.0269013151249748
DS14,mc.lm_SMOTETPhi,lm,SMOTETPhi,5,0.0267254546466015
DS14,mc.lm_SMOTETPhi,lm,SMOTETPhi,6,0.027079741400306924
DS14,mc.lm_SMOTETPhi,lm,SMOTETPhi,7,0.020832902385235323
DS14,mc.lm_SMOTETPhi,lm,SMOTETPhi,8,0.021776406046822558
DS14,mc.lm_SMOTETPhi,lm,SMOTETPhi,9,0.022374389337158376
DS14,mc.lm_SMOTETPhi,lm,SMOTETPhi,10,0.021705217556542016
DS14,mc.lm_SMOTETPhi,lm,SMOTETPhi,11,0.02417958888113388
DS14,mc.lm_SMOTETPhi,lm,SMOTETPhi,12,0.021895284161339023
DS14,mc.lm_SMOTETPhi,lm,SMOTETPhi,13,0.024040787223849117
DS14,mc.lm_SMOTETPhi,lm,SMOTETPhi,14,0.023095652577496305
DS14,mc.lm_SMOTETPhi,lm,SMOTETPhi,15,0.02055583573316914
DS14,mc.lm_SMOTETPhi,lm,SMOTETPhi,16,0.01879948794700437
DS14,mc.lm_SMOTETPhi,lm,SMOTETPhi,17,0.017700400025592186
DS14,mc.lm_SMOTETPhi,lm,SMOTETPhi,18,0.018746305384857432
DS14,mc.lm_SMOTETPhi,lm,SMOTETPhi,19,0.020409228780521597
DS14,mc.lm_SMOTETPhi,lm,SMOTETPhi,20,0.020980500800787234
DS14,mc.lm_SMOTETPhi,lm,SMOTETPhi,21,0.020588610215911803
DS14,mc.lm_SMOTETPhi,lm,SMOTETPhi,22,0.018976545089826317
DS14,mc.lm_SMOTETPhi,lm,SMOTETPhi,23,0.019827067921174626
DS14,mc.lm_SMOTETPhi,lm,SMOTETPhi,24,0.019795743476049718
DS14,mc.lm_SMOTETPhi,lm,SMOTETPhi,25,0.017458637757117784
DS14,mc.lm_SMOTETPhi,lm,SMOTETPhi,26,0.017471123178213362
DS14,mc.lm_SMOTETPhi,lm,SMOTETPhi,27,0.017333858986122292
DS14,mc.lm_SMOTETPhi,lm,SMOTETPhi,28,0.016676332798556046
DS14,mc.lm_SMOTETPhi,lm,SMOTETPhi,29,0.016590808287164308
DS14,mc.lm_SMOTETPhi,lm,SMOTETPhi,30,0.016716925718492134
DS14,mc.lm_SMOTETPhi,lm,SMOTETPhi,31,0.015647292288533718
DS14,mc.lm_SMOTETPhi,lm,SMOTETPhi,32,0.014365509114838453
DS14,mc.lm_SMOTETPhi,lm,SMOTETPhi,33,0.01667150665945283
DS14,mc.lm_SMOTETPhi,lm,SMOTETPhi,34,0.016378471964530256
DS14,mc.lm_SMOTETPhi,lm,SMOTETPhi,35,0.017984989965226912
DS14,mc.lm_SMOTETPhi,lm,SMOTETPhi,36,0.016359702325729274
DS14,mc.lm_SMOTETPhi,lm,SMOTETPhi,37,0.016447220883350853
DS14,mc.lm_SMOTETPhi,lm,SMOTETPhi,38,0.01707330315987359
DS14,mc.lm_SMOTETPhi,lm,SMOTETPhi,39,0.016086609852805352
DS14,mc.lm_SMOTETPhi,lm,SMOTETPhi,40,0.015888494291843216
DS14,mc.lm_SMOTETPhi,lm,SMOTETPhi,41,0.016549535571647
DS14,mc.lm_SMOTETPhi,lm,SMOTETPhi,42,0.017121202628108078
DS14,mc.lm_SMOTETPhi,lm,SMOTETPhi,43,0.01974726205448308
DS14,mc.lm_SMOTETPhi,lm,SMOTETPhi,44,0.016370775334640944
DS14,mc.lm_SMOTETPhi,lm,SMOTETPhi,45,0.0167864537690036
DS14,mc.lm_SMOTETPhi,lm,SMOTETPhi,46,0.015334180999538856
DS14,mc.lm_SMOTETPhi,lm,SMOTETPhi,47,0.01751537817775522
DS14,mc.lm_SMOTETPhi,lm,SMOTETPhi,48,0.015501981274463247
DS14,mc.lm_SMOTETPhi,lm,SMOTETPhi,49,0.015353108715051083
DS14,mc.lm_SMOTETPhi,lm,SMOTETPhi,50,0.015383682009957432
DS14,mc.lm_SMOTET,lm,SMOTET,1,0.024877555461172266
DS14,mc.lm_SMOTET,lm,SMOTET,2,0.02630806745264384
DS14,mc.lm_SMOTET,lm,SMOTET,3,0.02560101793461644
DS14,mc.lm_SMOTET,lm,SMOTET,4,0.028846466350196692
DS14,mc.lm_SMOTET,lm,SMOTET,5,0.03019152732209819
DS14,mc.lm_SMOTET,lm,SMOTET,6,0.028012224874898815
DS14,mc.lm_SMOTET,lm,SMOTET,7,0.02043519889456952
DS14,mc.lm_SMOTET,lm,SMOTET,8,0.023080948284503095
DS14,mc.lm_SMOTET,lm,SMOTET,9,0.022117670830680954
DS14,mc.lm_SMOTET,lm,SMOTET,10,0.02245458993125855
DS14,mc.lm_SMOTET,lm,SMOTET,11,0.022347310957741142
DS14,mc.lm_SMOTET,lm,SMOTET,12,0.02150015282240947
DS14,mc.lm_SMOTET,lm,SMOTET,13,0.02218120258018479
DS14,mc.lm_SMOTET,lm,SMOTET,14,0.020781244715694747
DS14,mc.lm_SMOTET,lm,SMOTET,15,0.020414781533076094
DS14,mc.lm_SMOTET,lm,SMOTET,16,0.017882515215969657
DS14,mc.lm_SMOTET,lm,SMOTET,17,0.017960882606699913
DS14,mc.lm_SMOTET,lm,SMOTET,18,0.01801501057666418
DS14,mc.lm_SMOTET,lm,SMOTET,19,0.01961832943399052
DS14,mc.lm_SMOTET,lm,SMOTET,20,0.019934973140383862
DS14,mc.lm_SMOTET,lm,SMOTET,21,0.019424506261743243
DS14,mc.lm_SMOTET,lm,SMOTET,22,0.01842677227573181
DS14,mc.lm_SMOTET,lm,SMOTET,23,0.019306635833834487
DS14,mc.lm_SMOTET,lm,SMOTET,24,0.0192843365222554
DS14,mc.lm_SMOTET,lm,SMOTET,25,0.018315132721021126
DS14,mc.lm_SMOTET,lm,SMOTET,26,0.017891786817018973
DS14,mc.lm_SMOTET,lm,SMOTET,27,0.017501123445964273
DS14,mc.lm_SMOTET,lm,SMOTET,28,0.016860741642624466
DS14,mc.lm_SMOTET,lm,SMOTET,29,0.01618985701119338
DS14,mc.lm_SMOTET,lm,SMOTET,30,0.017572170174520355
DS14,mc.lm_SMOTET,lm,SMOTET,31,0.016875913954772052
DS14,mc.lm_SMOTET,lm,SMOTET,32,0.015461007946339294
DS14,mc.lm_SMOTET,lm,SMOTET,33,0.014896748282701454
DS14,mc.lm_SMOTET,lm,SMOTET,34,0.016888011134613752
DS14,mc.lm_SMOTET,lm,SMOTET,35,0.018146099819644622
DS14,mc.lm_SMOTET,lm,SMOTET,36,0.01626357647815871
DS14,mc.lm_SMOTET,lm,SMOTET,37,0.016330612669088276
DS14,mc.lm_SMOTET,lm,SMOTET,38,0.01636584551145135
DS14,mc.lm_SMOTET,lm,SMOTET,39,0.01644275611008715
DS14,mc.lm_SMOTET,lm,SMOTET,40,0.015091458806001939
DS14,mc.lm_SMOTET,lm,SMOTET,41,0.016095373437082172
DS14,mc.lm_SMOTET,lm,SMOTET,42,0.017568302670588808
DS14,mc.lm_SMOTET,lm,SMOTET,43,0.01646841495378604
DS14,mc.lm_SMOTET,lm,SMOTET,44,0.015054432040408128
DS14,mc.lm_SMOTET,lm,SMOTET,45,0.016222796932182405
DS14,mc.lm_SMOTET,lm,SMOTET,46,0.01610841681172456
DS14,mc.lm_SMOTET,lm,SMOTET,47,0.016751896822798925
DS14,mc.lm_SMOTET,lm,SMOTET,48,0.016123800869542983
DS14,mc.lm_SMOTET,lm,SMOTET,49,0.01373906899467588
DS14,mc.lm_SMOTET,lm,SMOTET,50,0.01573598966100274
DS14,mc.lm_UNDERB,lm,UNDERB,1,0.016090917555034025
DS14,mc.lm_UNDERB,lm,UNDERB,2,0.018233994043657442
DS14,mc.lm_UNDERB,lm,UNDERB,3,0.016320533478112232
DS14,mc.lm_UNDERB,lm,UNDERB,4,0.018397162733193338
DS14,mc.lm_UNDERB,lm,UNDERB,5,0.01868141996559024
DS14,mc.lm_UNDERB,lm,UNDERB,6,0.018346258743100696
DS14,mc.lm_UNDERB,lm,UNDERB,7,0.018680707071412728
DS14,mc.lm_UNDERB,lm,UNDERB,8,0.017332744057297202
DS14,mc.lm_UNDERB,lm,UNDERB,9,0.015779785021096625
DS14,mc.lm_UNDERB,lm,UNDERB,10,0.016002851853882213
DS14,mc.lm_UNDERB,lm,UNDERB,11,0.016298476622668118
DS14,mc.lm_UNDERB,lm,UNDERB,12,0.016189108751243457
DS14,mc.lm_UNDERB,lm,UNDERB,13,0.01634179912115786
DS14,mc.lm_UNDERB,lm,UNDERB,14,0.016752426464481305
DS14,mc.lm_UNDERB,lm,UNDERB,15,0.015797779686563193
DS14,mc.lm_UNDERB,lm,UNDERB,16,0.015168239414145558
DS14,mc.lm_UNDERB,lm,UNDERB,17,0.01513123139466965
DS14,mc.lm_UNDERB,lm,UNDERB,18,0.0164555910724659
DS14,mc.lm_UNDERB,lm,UNDERB,19,0.01644413724120214
DS14,mc.lm_UNDERB,lm,UNDERB,20,0.015521319571570222
DS14,mc.lm_UNDERB,lm,UNDERB,21,0.016268653645866975
DS14,mc.lm_UNDERB,lm,UNDERB,22,0.015645697081855484
DS14,mc.lm_UNDERB,lm,UNDERB,23,0.015323960080569283
DS14,mc.lm_UNDERB,lm,UNDERB,24,0.015200507811664286
DS14,mc.lm_UNDERB,lm,UNDERB,25,0.015031633775230351
DS14,mc.lm_UNDERB,lm,UNDERB,26,0.015027098043026873
DS14,mc.lm_UNDERB,lm,UNDERB,27,0.013910248326086809
DS14,mc.lm_UNDERB,lm,UNDERB,28,0.015108063367431833
DS14,mc.lm_UNDERB,lm,UNDERB,29,0.015203666769334646
DS14,mc.lm_UNDERB,lm,UNDERB,30,0.012499958999928841
DS14,mc.lm_UNDERB,lm,UNDERB,31,0.013416341745370984
DS14,mc.lm_UNDERB,lm,UNDERB,32,0.01319196196230986
DS14,mc.lm_UNDERB,lm,UNDERB,33,0.014115854263774692
DS14,mc.lm_UNDERB,lm,UNDERB,34,0.014104191839800292
DS14,mc.lm_UNDERB,lm,UNDERB,35,0.014093667504680411
DS14,mc.lm_UNDERB,lm,UNDERB,36,0.013464164022187393
DS14,mc.lm_UNDERB,lm,UNDERB,37,0.013342159406677821
DS14,mc.lm_UNDERB,lm,UNDERB,38,0.013334519220555978
DS14,mc.lm_UNDERB,lm,UNDERB,39,0.012936318519304291
DS14,mc.lm_UNDERB,lm,UNDERB,40,0.013448935610780767
DS14,mc.lm_UNDERB,lm,UNDERB,41,0.013517920587988294
DS14,mc.lm_UNDERB,lm,UNDERB,42,0.012982888884501097
DS14,mc.lm_UNDERB,lm,UNDERB,43,0.013314362552820614
DS14,mc.lm_UNDERB,lm,UNDERB,44,0.011810920856479024
DS14,mc.lm_UNDERB,lm,UNDERB,45,0.013652623288011598
DS14,mc.lm_UNDERB,lm,UNDERB,46,0.01273775780403592
DS14,mc.lm_UNDERB,lm,UNDERB,47,0.011351666312925326
DS14,mc.lm_UNDERB,lm,UNDERB,48,0.012606387502718863
DS14,mc.lm_UNDERB,lm,UNDERB,49,0.011148305707482929
DS14,mc.lm_UNDERB,lm,UNDERB,50,0.01244408324890887
DS14,mc.lm_UNDERTPhi,lm,UNDERTPhi,1,0.018498664491101706
DS14,mc.lm_UNDERTPhi,lm,UNDERTPhi,2,0.019229987148147252
DS14,mc.lm_UNDERTPhi,lm,UNDERTPhi,3,0.020079012928737937
DS14,mc.lm_UNDERTPhi,lm,UNDERTPhi,4,0.017193717095460952
DS14,mc.lm_UNDERTPhi,lm,UNDERTPhi,5,0.016795163131897797
DS14,mc.lm_UNDERTPhi,lm,UNDERTPhi,6,0.01849530897249034
DS14,mc.lm_UNDERTPhi,lm,UNDERTPhi,7,0.020819887497769182
DS14,mc.lm_UNDERTPhi,lm,UNDERTPhi,8,0.017363418634402956
DS14,mc.lm_UNDERTPhi,lm,UNDERTPhi,9,0.016960921702438583
DS14,mc.lm_UNDERTPhi,lm,UNDERTPhi,10,0.016954811110227477
DS14,mc.lm_UNDERTPhi,lm,UNDERTPhi,11,0.017515889579881344
DS14,mc.lm_UNDERTPhi,lm,UNDERTPhi,12,0.017815959959394938
DS14,mc.lm_UNDERTPhi,lm,UNDERTPhi,13,0.017923340565992752
DS14,mc.lm_UNDERTPhi,lm,UNDERTPhi,14,0.017844417921362776
DS14,mc.lm_UNDERTPhi,lm,UNDERTPhi,15,0.016694514178144926
DS14,mc.lm_UNDERTPhi,lm,UNDERTPhi,16,0.015558006158469214
DS14,mc.lm_UNDERTPhi,lm,UNDERTPhi,17,0.015696720319773722
DS14,mc.lm_UNDERTPhi,lm,UNDERTPhi,18,0.015764908125184225
DS14,mc.lm_UNDERTPhi,lm,UNDERTPhi,19,0.016624467445623705
DS14,mc.lm_UNDERTPhi,lm,UNDERTPhi,20,0.01784225288654563
DS14,mc.lm_UNDERTPhi,lm,UNDERTPhi,21,0.017802294500418182
DS14,mc.lm_UNDERTPhi,lm,UNDERTPhi,22,0.01701233618247463
DS14,mc.lm_UNDERTPhi,lm,UNDERTPhi,23,0.016720511885735197
DS14,mc.lm_UNDERTPhi,lm,UNDERTPhi,24,0.01577861949705024
DS14,mc.lm_UNDERTPhi,lm,UNDERTPhi,25,0.01504386179928821
DS14,mc.lm_UNDERTPhi,lm,UNDERTPhi,26,0.015557339500943042
DS14,mc.lm_UNDERTPhi,lm,UNDERTPhi,27,0.01350025476375136
DS14,mc.lm_UNDERTPhi,lm,UNDERTPhi,28,0.014483249440451497
DS14,mc.lm_UNDERTPhi,lm,UNDERTPhi,29,0.01550546378300099
DS14,mc.lm_UNDERTPhi,lm,UNDERTPhi,30,0.012564003364954338
DS14,mc.lm_UNDERTPhi,lm,UNDERTPhi,31,0.012951664384037729
DS14,mc.lm_UNDERTPhi,lm,UNDERTPhi,32,0.014113234525274675
DS14,mc.lm_UNDERTPhi,lm,UNDERTPhi,33,0.014323525485791423
DS14,mc.lm_UNDERTPhi,lm,UNDERTPhi,34,0.013386661317292079
DS14,mc.lm_UNDERTPhi,lm,UNDERTPhi,35,0.014939724820939373
DS14,mc.lm_UNDERTPhi,lm,UNDERTPhi,36,0.012160808276709135
DS14,mc.lm_UNDERTPhi,lm,UNDERTPhi,37,0.013497821574078197
DS14,mc.lm_UNDERTPhi,lm,UNDERTPhi,38,0.012911128497497234
DS14,mc.lm_UNDERTPhi,lm,UNDERTPhi,39,0.01200563296937096
DS14,mc.lm_UNDERTPhi,lm,UNDERTPhi,40,0.013906395784851274
DS14,mc.lm_UNDERTPhi,lm,UNDERTPhi,41,0.013314621533997152
DS14,mc.lm_UNDERTPhi,lm,UNDERTPhi,42,0.013099134081531514
DS14,mc.lm_UNDERTPhi,lm,UNDERTPhi,43,0.012467052648074291
DS14,mc.lm_UNDERTPhi,lm,UNDERTPhi,44,0.011089839376629747
DS14,mc.lm_UNDERTPhi,lm,UNDERTPhi,45,0.012067974413492468
DS14,mc.lm_UNDERTPhi,lm,UNDERTPhi,46,0.012429083384206155
DS14,mc.lm_UNDERTPhi,lm,UNDERTPhi,47,0.012833045500049689
DS14,mc.lm_UNDERTPhi,lm,UNDERTPhi,48,0.011410684342806997
DS14,mc.lm_UNDERTPhi,lm,UNDERTPhi,49,0.011726825452495811
DS14,mc.lm_UNDERTPhi,lm,UNDERTPhi,50,0.0115339249229904
DS14,mc.lm_UNDERT,lm,UNDERT,1,0.01900060119998576
DS14,mc.lm_UNDERT,lm,UNDERT,2,0.01889605802025415
DS14,mc.lm_UNDERT,lm,UNDERT,3,0.017231436151321
DS14,mc.lm_UNDERT,lm,UNDERT,4,0.017540634289299327
DS14,mc.lm_UNDERT,lm,UNDERT,5,0.021200322117100674
DS14,mc.lm_UNDERT,lm,UNDERT,6,0.018077946527503438
DS14,mc.lm_UNDERT,lm,UNDERT,7,0.01829688465395505
DS14,mc.lm_UNDERT,lm,UNDERT,8,0.018529445763599592
DS14,mc.lm_UNDERT,lm,UNDERT,9,0.017383129662502484
DS14,mc.lm_UNDERT,lm,UNDERT,10,0.01670620870054522
DS14,mc.lm_UNDERT,lm,UNDERT,11,0.016420092983517647
DS14,mc.lm_UNDERT,lm,UNDERT,12,0.017719176017843372
DS14,mc.lm_UNDERT,lm,UNDERT,13,0.0164353801897629
DS14,mc.lm_UNDERT,lm,UNDERT,14,0.017232147623355485
DS14,mc.lm_UNDERT,lm,UNDERT,15,0.015757444078789228
DS14,mc.lm_UNDERT,lm,UNDERT,16,0.01567367066297987
DS14,mc.lm_UNDERT,lm,UNDERT,17,0.015587260221335435
DS14,mc.lm_UNDERT,lm,UNDERT,18,0.01581089119331416
DS14,mc.lm_UNDERT,lm,UNDERT,19,0.016856295143712625
DS14,mc.lm_UNDERT,lm,UNDERT,20,0.01714876195589713
DS14,mc.lm_UNDERT,lm,UNDERT,21,0.01660370900704286
DS14,mc.lm_UNDERT,lm,UNDERT,22,0.015745175155837277
DS14,mc.lm_UNDERT,lm,UNDERT,23,0.015846073322038374
DS14,mc.lm_UNDERT,lm,UNDERT,24,0.016602832044764135
DS14,mc.lm_UNDERT,lm,UNDERT,25,0.01466811998162675
DS14,mc.lm_UNDERT,lm,UNDERT,26,0.014969227935421022
DS14,mc.lm_UNDERT,lm,UNDERT,27,0.015299851816271436
DS14,mc.lm_UNDERT,lm,UNDERT,28,0.01563237819219138
DS14,mc.lm_UNDERT,lm,UNDERT,29,0.01611244468046115
DS14,mc.lm_UNDERT,lm,UNDERT,30,0.013499668760227138
DS14,mc.lm_UNDERT,lm,UNDERT,31,0.014105597380227089
DS14,mc.lm_UNDERT,lm,UNDERT,32,0.014235938728680526
DS14,mc.lm_UNDERT,lm,UNDERT,33,0.014339932208637506
DS14,mc.lm_UNDERT,lm,UNDERT,34,0.013651914599250319
DS14,mc.lm_UNDERT,lm,UNDERT,35,0.013027001053598294
DS14,mc.lm_UNDERT,lm,UNDERT,36,0.014311877317196804
DS14,mc.lm_UNDERT,lm,UNDERT,37,0.011862611697714034
DS14,mc.lm_UNDERT,lm,UNDERT,38,0.012748999925840636
DS14,mc.lm_UNDERT,lm,UNDERT,39,0.012108804359746636
DS14,mc.lm_UNDERT,lm,UNDERT,40,0.012605343316521949
DS14,mc.lm_UNDERT,lm,UNDERT,41,0.012081307295732823
DS14,mc.lm_UNDERT,lm,UNDERT,42,0.013457291810841326
DS14,mc.lm_UNDERT,lm,UNDERT,43,0.012156588137390864
DS14,mc.lm_UNDERT,lm,UNDERT,44,0.012580374551091185
DS14,mc.lm_UNDERT,lm,UNDERT,45,0.014486833495964859
DS14,mc.lm_UNDERT,lm,UNDERT,46,0.012768623456792532
DS14,mc.lm_UNDERT,lm,UNDERT,47,0.010667829153045727
DS14,mc.lm_UNDERT,lm,UNDERT,48,0.011231768503839156
DS14,mc.lm_UNDERT,lm,UNDERT,49,0.012258588027378347
DS14,mc.lm_UNDERT,lm,UNDERT,50,0.013397233013281848
DS14,mc.lm,lm,baseline,1,0.01345774754035669
DS14,mc.lm,lm,baseline,2,0.013256690194024064
DS14,mc.lm,lm,baseline,3,0.013470993522105701
DS14,mc.lm,lm,baseline,4,0.013402144488761553
DS14,mc.lm,lm,baseline,5,0.01342205044389574
DS14,mc.lm,lm,baseline,6,0.013445888922771326
DS14,mc.lm,lm,baseline,7,0.013754751118049973
DS14,mc.lm,lm,baseline,8,0.014164449549854737
DS14,mc.lm,lm,baseline,9,0.01427075020313512
DS14,mc.lm,lm,baseline,10,0.01438393833954129
DS14,mc.lm,lm,baseline,11,0.014726132221342508
DS14,mc.lm,lm,baseline,12,0.014595004178913672
DS14,mc.lm,lm,baseline,13,0.014642550299448423
DS14,mc.lm,lm,baseline,14,0.014645260873325287
DS14,mc.lm,lm,baseline,15,0.014536231065763228
DS14,mc.lm,lm,baseline,16,0.01441339759648379
DS14,mc.lm,lm,baseline,17,0.01439770255175362
DS14,mc.lm,lm,baseline,18,0.014589066541452658
DS14,mc.lm,lm,baseline,19,0.01440525122128994
DS14,mc.lm,lm,baseline,20,0.014401181087108441
DS14,mc.lm,lm,baseline,21,0.014414011790174059
DS14,mc.lm,lm,baseline,22,0.014157711573798274
DS14,mc.lm,lm,baseline,23,0.013822894652929262
DS14,mc.lm,lm,baseline,24,0.013509694572973864
DS14,mc.lm,lm,baseline,25,0.012910683678150429
DS14,mc.lm,lm,baseline,26,0.012882043167800424
DS14,mc.lm,lm,baseline,27,0.011810317740537615
DS14,mc.lm,lm,baseline,28,0.011814556387978535
DS14,mc.lm,lm,baseline,29,0.011827631672859407
DS14,mc.lm,lm,baseline,30,0.011246904341132997
DS14,mc.lm,lm,baseline,31,0.011187882112329958
DS14,mc.lm,lm,baseline,32,0.010873109847236455
DS14,mc.lm,lm,baseline,33,0.010817097331530506
DS14,mc.lm,lm,baseline,34,0.010797180955198845
DS14,mc.lm,lm,baseline,35,0.010438458476943063
DS14,mc.lm,lm,baseline,36,0.010465470828527485
DS14,mc.lm,lm,baseline,37,0.010262647187165335
DS14,mc.lm,lm,baseline,38,0.010289786897820327
DS14,mc.lm,lm,baseline,39,0.010148560218314194
DS14,mc.lm,lm,baseline,40,0.010047851299001351
DS14,mc.lm,lm,baseline,41,0.010057007435538197
DS14,mc.lm,lm,baseline,42,0.009402676837841966
DS14,mc.lm,lm,baseline,43,0.009376917413484523
DS14,mc.lm,lm,baseline,44,0.009336720786620468
DS14,mc.lm,lm,baseline,45,0.009339825356820295
DS14,mc.lm,lm,baseline,46,0.009354617752968687
DS14,mc.lm,lm,baseline,47,0.009211567137350326
DS14,mc.lm,lm,baseline,48,0.00887888365969204
DS14,mc.lm,lm,baseline,49,0.008808120885678032
DS14,mc.lm,lm,baseline,50,0.008781764739664752
DS14,mc.mars_OVERB,mars,OVERB,1,0.019386891133267053
DS14,mc.mars_OVERB,mars,OVERB,2,0.01717774989240858
DS14,mc.mars_OVERB,mars,OVERB,3,0.017764253203610404
DS14,mc.mars_OVERB,mars,OVERB,4,0.017423519535460872
DS14,mc.mars_OVERB,mars,OVERB,5,0.017784780134714472
DS14,mc.mars_OVERB,mars,OVERB,6,0.019797184432801117
DS14,mc.mars_OVERB,mars,OVERB,7,0.02015761447587424
DS14,mc.mars_OVERB,mars,OVERB,8,0.017818896658439855
DS14,mc.mars_OVERB,mars,OVERB,9,0.016170837937963874
DS14,mc.mars_OVERB,mars,OVERB,10,0.018258644316631104
DS14,mc.mars_OVERB,mars,OVERB,11,0.017421208491928544
DS14,mc.mars_OVERB,mars,OVERB,12,0.017553801080839287
DS14,mc.mars_OVERB,mars,OVERB,13,0.017424001136897415
DS14,mc.mars_OVERB,mars,OVERB,14,0.016844451223112837
DS14,mc.mars_OVERB,mars,OVERB,15,0.01684994920502383
DS14,mc.mars_OVERB,mars,OVERB,16,0.019720272023380222
DS14,mc.mars_OVERB,mars,OVERB,17,0.019266304738463736
DS14,mc.mars_OVERB,mars,OVERB,18,0.01722830662564641
DS14,mc.mars_OVERB,mars,OVERB,19,0.023406518413987994
DS14,mc.mars_OVERB,mars,OVERB,20,0.01934676223498133
DS14,mc.mars_OVERB,mars,OVERB,21,0.020082526401995426
DS14,mc.mars_OVERB,mars,OVERB,22,0.017767233632662534
DS14,mc.mars_OVERB,mars,OVERB,23,0.020278850068132803
DS14,mc.mars_OVERB,mars,OVERB,24,0.02126682428720052
DS14,mc.mars_OVERB,mars,OVERB,25,0.02185871365573105
DS14,mc.mars_OVERB,mars,OVERB,26,0.01954938008784458
DS14,mc.mars_OVERB,mars,OVERB,27,0.017099687882470144
DS14,mc.mars_OVERB,mars,OVERB,28,0.01911093569658606
DS14,mc.mars_OVERB,mars,OVERB,29,0.02710364827840202
DS14,mc.mars_OVERB,mars,OVERB,30,0.017797430382550716
DS14,mc.mars_OVERB,mars,OVERB,31,0.013858898487295154
DS14,mc.mars_OVERB,mars,OVERB,32,0.020213072015835706
DS14,mc.mars_OVERB,mars,OVERB,33,0.012808181915270177
DS14,mc.mars_OVERB,mars,OVERB,34,0.014173797503086477
DS14,mc.mars_OVERB,mars,OVERB,35,0.013266945307421363
DS14,mc.mars_OVERB,mars,OVERB,36,0.014214447012526308
DS14,mc.mars_OVERB,mars,OVERB,37,0.011801380956485292
DS14,mc.mars_OVERB,mars,OVERB,38,0.012656402223698474
DS14,mc.mars_OVERB,mars,OVERB,39,0.013043970193537285
DS14,mc.mars_OVERB,mars,OVERB,40,0.01242057289343912
DS14,mc.mars_OVERB,mars,OVERB,41,0.011827327233724568
DS14,mc.mars_OVERB,mars,OVERB,42,0.012463077350451643
DS14,mc.mars_OVERB,mars,OVERB,43,0.012328620257129884
DS14,mc.mars_OVERB,mars,OVERB,44,0.013046774206091637
DS14,mc.mars_OVERB,mars,OVERB,45,0.01200342067408668
DS14,mc.mars_OVERB,mars,OVERB,46,0.01189681928229761
DS14,mc.mars_OVERB,mars,OVERB,47,0.011755288213281388
DS14,mc.mars_OVERB,mars,OVERB,48,0.012230047533490366
DS14,mc.mars_OVERB,mars,OVERB,49,0.0118596024807014
DS14,mc.mars_OVERB,mars,OVERB,50,0.011347916836616158
DS14,mc.mars_OVERTPhi,mars,OVERTPhi,1,0.019081479190294875
DS14,mc.mars_OVERTPhi,mars,OVERTPhi,2,0.01949964647994441
DS14,mc.mars_OVERTPhi,mars,OVERTPhi,3,0.02004070423085091
DS14,mc.mars_OVERTPhi,mars,OVERTPhi,4,0.019998691166366354
DS14,mc.mars_OVERTPhi,mars,OVERTPhi,5,0.02091013261194935
DS14,mc.mars_OVERTPhi,mars,OVERTPhi,6,0.018456909172284288
DS14,mc.mars_OVERTPhi,mars,OVERTPhi,7,0.019570981600790984
DS14,mc.mars_OVERTPhi,mars,OVERTPhi,8,0.017880188788272862
DS14,mc.mars_OVERTPhi,mars,OVERTPhi,9,0.017144179086293915
DS14,mc.mars_OVERTPhi,mars,OVERTPhi,10,0.017318004245086255
DS14,mc.mars_OVERTPhi,mars,OVERTPhi,11,0.017784441008498582
DS14,mc.mars_OVERTPhi,mars,OVERTPhi,12,0.02033563597485318
DS14,mc.mars_OVERTPhi,mars,OVERTPhi,13,0.016783503397860708
DS14,mc.mars_OVERTPhi,mars,OVERTPhi,14,0.018313248407363283
DS14,mc.mars_OVERTPhi,mars,OVERTPhi,15,0.02010759863243418
DS14,mc.mars_OVERTPhi,mars,OVERTPhi,16,0.02319716667681829
DS14,mc.mars_OVERTPhi,mars,OVERTPhi,17,0.023832640715874136
DS14,mc.mars_OVERTPhi,mars,OVERTPhi,18,0.018040568457748155
DS14,mc.mars_OVERTPhi,mars,OVERTPhi,19,0.020375913061142278
DS14,mc.mars_OVERTPhi,mars,OVERTPhi,20,0.020995538753969815
DS14,mc.mars_OVERTPhi,mars,OVERTPhi,21,0.020849022873185477
DS14,mc.mars_OVERTPhi,mars,OVERTPhi,22,0.022028492560603245
DS14,mc.mars_OVERTPhi,mars,OVERTPhi,23,0.019619137380857455
DS14,mc.mars_OVERTPhi,mars,OVERTPhi,24,0.02223293007844862
DS14,mc.mars_OVERTPhi,mars,OVERTPhi,25,0.026505705749827933
DS14,mc.mars_OVERTPhi,mars,OVERTPhi,26,0.020728736318827476
DS14,mc.mars_OVERTPhi,mars,OVERTPhi,27,0.017733427094270504
DS14,mc.mars_OVERTPhi,mars,OVERTPhi,28,0.019298980725541478
DS14,mc.mars_OVERTPhi,mars,OVERTPhi,29,0.017667326508485466
DS14,mc.mars_OVERTPhi,mars,OVERTPhi,30,0.01814642603145901
DS14,mc.mars_OVERTPhi,mars,OVERTPhi,31,0.016102506244019234
DS14,mc.mars_OVERTPhi,mars,OVERTPhi,32,0.014133450887187208
DS14,mc.mars_OVERTPhi,mars,OVERTPhi,33,0.01394343121172443
DS14,mc.mars_OVERTPhi,mars,OVERTPhi,34,0.015834799486153076
DS14,mc.mars_OVERTPhi,mars,OVERTPhi,35,0.013412344428875227
DS14,mc.mars_OVERTPhi,mars,OVERTPhi,36,0.014261501890294995
DS14,mc.mars_OVERTPhi,mars,OVERTPhi,37,0.012893041574969505
DS14,mc.mars_OVERTPhi,mars,OVERTPhi,38,0.012483427582836236
DS14,mc.mars_OVERTPhi,mars,OVERTPhi,39,0.011697785531821311
DS14,mc.mars_OVERTPhi,mars,OVERTPhi,40,0.011891938745756213
DS14,mc.mars_OVERTPhi,mars,OVERTPhi,41,0.012522274243886237
DS14,mc.mars_OVERTPhi,mars,OVERTPhi,42,0.012134185199556072
DS14,mc.mars_OVERTPhi,mars,OVERTPhi,43,0.012412624036806688
DS14,mc.mars_OVERTPhi,mars,OVERTPhi,44,0.012629417788604332
DS14,mc.mars_OVERTPhi,mars,OVERTPhi,45,0.012372115289008695
DS14,mc.mars_OVERTPhi,mars,OVERTPhi,46,0.011736097523131615
DS14,mc.mars_OVERTPhi,mars,OVERTPhi,47,0.011470428331076792
DS14,mc.mars_OVERTPhi,mars,OVERTPhi,48,0.011491339740638882
DS14,mc.mars_OVERTPhi,mars,OVERTPhi,49,0.011511587691463546
DS14,mc.mars_OVERTPhi,mars,OVERTPhi,50,0.011808770408270514
DS14,mc.mars_OVERT,mars,OVERT,1,0.020619737673270286
DS14,mc.mars_OVERT,mars,OVERT,2,0.01710643818802772
DS14,mc.mars_OVERT,mars,OVERT,3,0.01878923697763463
DS14,mc.mars_OVERT,mars,OVERT,4,0.019872257597129173
DS14,mc.mars_OVERT,mars,OVERT,5,0.02098086999171566
DS14,mc.mars_OVERT,mars,OVERT,6,0.017844691432864598
DS14,mc.mars_OVERT,mars,OVERT,7,0.01956006292316033
DS14,mc.mars_OVERT,mars,OVERT,8,0.016606193042414424
DS14,mc.mars_OVERT,mars,OVERT,9,0.017356271243574913
DS14,mc.mars_OVERT,mars,OVERT,10,0.01740248692152144
DS14,mc.mars_OVERT,mars,OVERT,11,0.02058890143799558
DS14,mc.mars_OVERT,mars,OVERT,12,0.021361390617512972
DS14,mc.mars_OVERT,mars,OVERT,13,0.017814818465162967
DS14,mc.mars_OVERT,mars,OVERT,14,0.0172041891958492
DS14,mc.mars_OVERT,mars,OVERT,15,0.02062277758184076
DS14,mc.mars_OVERT,mars,OVERT,16,0.022126327357771824
DS14,mc.mars_OVERT,mars,OVERT,17,0.02074078318910426
DS14,mc.mars_OVERT,mars,OVERT,18,0.0180382422664805
DS14,mc.mars_OVERT,mars,OVERT,19,0.019529031134575946
DS14,mc.mars_OVERT,mars,OVERT,20,0.020946777485699345
DS14,mc.mars_OVERT,mars,OVERT,21,0.020765556314731693
DS14,mc.mars_OVERT,mars,OVERT,22,0.02352949322030064
DS14,mc.mars_OVERT,mars,OVERT,23,0.019127980984819364
DS14,mc.mars_OVERT,mars,OVERT,24,0.024361650773454264
DS14,mc.mars_OVERT,mars,OVERT,25,0.026814036614606847
DS14,mc.mars_OVERT,mars,OVERT,26,0.02063519267151677
DS14,mc.mars_OVERT,mars,OVERT,27,0.01638696301242965
DS14,mc.mars_OVERT,mars,OVERT,28,0.01618958693360763
DS14,mc.mars_OVERT,mars,OVERT,29,0.018982878054593023
DS14,mc.mars_OVERT,mars,OVERT,30,0.01674072545446225
DS14,mc.mars_OVERT,mars,OVERT,31,0.01427134709874926
DS14,mc.mars_OVERT,mars,OVERT,32,0.014140585693192003
DS14,mc.mars_OVERT,mars,OVERT,33,0.01565226696342748
DS14,mc.mars_OVERT,mars,OVERT,34,0.013148846509469845
DS14,mc.mars_OVERT,mars,OVERT,35,0.013599317795799301
DS14,mc.mars_OVERT,mars,OVERT,36,0.01415182228031051
DS14,mc.mars_OVERT,mars,OVERT,37,0.012888977908713059
DS14,mc.mars_OVERT,mars,OVERT,38,0.012170544883290262
DS14,mc.mars_OVERT,mars,OVERT,39,0.011914656569152466
DS14,mc.mars_OVERT,mars,OVERT,40,0.011716355359875178
DS14,mc.mars_OVERT,mars,OVERT,41,0.011961019386791139
DS14,mc.mars_OVERT,mars,OVERT,42,0.012572587471667354
DS14,mc.mars_OVERT,mars,OVERT,43,0.012347425887940864
DS14,mc.mars_OVERT,mars,OVERT,44,0.012678073175139715
DS14,mc.mars_OVERT,mars,OVERT,45,0.012538812804982633
DS14,mc.mars_OVERT,mars,OVERT,46,0.011589485543878382
DS14,mc.mars_OVERT,mars,OVERT,47,0.011628934636452508
DS14,mc.mars_OVERT,mars,OVERT,48,0.011240495704989502
DS14,mc.mars_OVERT,mars,OVERT,49,0.011498031205753139
DS14,mc.mars_OVERT,mars,OVERT,50,0.011793177881668771
DS14,mc.mars_SMOTEB,mars,SMOTEB,1,0.025304052242200527
DS14,mc.mars_SMOTEB,mars,SMOTEB,2,0.022674699501035928
DS14,mc.mars_SMOTEB,mars,SMOTEB,3,0.02319109456964192
DS14,mc.mars_SMOTEB,mars,SMOTEB,4,0.023382908562473603
DS14,mc.mars_SMOTEB,mars,SMOTEB,5,0.023968532824257635
DS14,mc.mars_SMOTEB,mars,SMOTEB,6,0.027075525574325788
DS14,mc.mars_SMOTEB,mars,SMOTEB,7,0.022204896783480473
DS14,mc.mars_SMOTEB,mars,SMOTEB,8,0.021356946200396628
DS14,mc.mars_SMOTEB,mars,SMOTEB,9,0.021611501933292674
DS14,mc.mars_SMOTEB,mars,SMOTEB,10,0.02072266539282168
DS14,mc.mars_SMOTEB,mars,SMOTEB,11,0.021885751090711086
DS14,mc.mars_SMOTEB,mars,SMOTEB,12,0.02122628935193423
DS14,mc.mars_SMOTEB,mars,SMOTEB,13,0.022464922516399224
DS14,mc.mars_SMOTEB,mars,SMOTEB,14,0.018975160832809184
DS14,mc.mars_SMOTEB,mars,SMOTEB,15,0.026611219093225863
DS14,mc.mars_SMOTEB,mars,SMOTEB,16,0.020851563769085292
DS14,mc.mars_SMOTEB,mars,SMOTEB,17,0.026568442619964484
DS14,mc.mars_SMOTEB,mars,SMOTEB,18,0.023515001720037485
DS14,mc.mars_SMOTEB,mars,SMOTEB,19,0.022958610241792646
DS14,mc.mars_SMOTEB,mars,SMOTEB,20,0.02499359778277581
DS14,mc.mars_SMOTEB,mars,SMOTEB,21,0.025141326297423036
DS14,mc.mars_SMOTEB,mars,SMOTEB,22,0.02397964663180222
DS14,mc.mars_SMOTEB,mars,SMOTEB,23,0.025815262137594826
DS14,mc.mars_SMOTEB,mars,SMOTEB,24,0.02490796727597346
DS14,mc.mars_SMOTEB,mars,SMOTEB,25,0.02191439727723791
DS14,mc.mars_SMOTEB,mars,SMOTEB,26,0.022734303369967696
DS14,mc.mars_SMOTEB,mars,SMOTEB,27,0.02014452406359865
DS14,mc.mars_SMOTEB,mars,SMOTEB,28,0.021412135729738952
DS14,mc.mars_SMOTEB,mars,SMOTEB,29,0.020895313578294987
DS14,mc.mars_SMOTEB,mars,SMOTEB,30,0.024334445556094906
DS14,mc.mars_SMOTEB,mars,SMOTEB,31,0.017393810532227202
DS14,mc.mars_SMOTEB,mars,SMOTEB,32,0.015427291131634885
DS14,mc.mars_SMOTEB,mars,SMOTEB,33,0.017751218155752767
DS14,mc.mars_SMOTEB,mars,SMOTEB,34,0.015789445104308172
DS14,mc.mars_SMOTEB,mars,SMOTEB,35,0.017439436177235097
DS14,mc.mars_SMOTEB,mars,SMOTEB,36,0.014997878199928526
DS14,mc.mars_SMOTEB,mars,SMOTEB,37,0.016773907306383947
DS14,mc.mars_SMOTEB,mars,SMOTEB,38,0.022765136454250472
DS14,mc.mars_SMOTEB,mars,SMOTEB,39,0.015545041750886075
DS14,mc.mars_SMOTEB,mars,SMOTEB,40,0.016928813014143892
DS14,mc.mars_SMOTEB,mars,SMOTEB,41,0.015413400177142834
DS14,mc.mars_SMOTEB,mars,SMOTEB,42,0.016009838193819525
DS14,mc.mars_SMOTEB,mars,SMOTEB,43,0.01675651208876241
DS14,mc.mars_SMOTEB,mars,SMOTEB,44,0.015564347334463277
DS14,mc.mars_SMOTEB,mars,SMOTEB,45,0.016014357006814823
DS14,mc.mars_SMOTEB,mars,SMOTEB,46,0.014410125258603105
DS14,mc.mars_SMOTEB,mars,SMOTEB,47,0.01390725075740979
DS14,mc.mars_SMOTEB,mars,SMOTEB,48,0.013383212011109678
DS14,mc.mars_SMOTEB,mars,SMOTEB,49,0.015090159102456424
DS14,mc.mars_SMOTEB,mars,SMOTEB,50,0.01573124828740838
DS14,mc.mars_SMOTETPhi,mars,SMOTETPhi,1,0.024072664833375987
DS14,mc.mars_SMOTETPhi,mars,SMOTETPhi,2,0.024864377598494372
DS14,mc.mars_SMOTETPhi,mars,SMOTETPhi,3,0.021404684241499872
DS14,mc.mars_SMOTETPhi,mars,SMOTETPhi,4,0.023378814638618614
DS14,mc.mars_SMOTETPhi,mars,SMOTETPhi,5,0.025893318688137785
DS14,mc.mars_SMOTETPhi,mars,SMOTETPhi,6,0.02669075228759064
DS14,mc.mars_SMOTETPhi,mars,SMOTETPhi,7,0.026825776318289488
DS14,mc.mars_SMOTETPhi,mars,SMOTETPhi,8,0.02622504667014256
DS14,mc.mars_SMOTETPhi,mars,SMOTETPhi,9,0.02217754102739862
DS14,mc.mars_SMOTETPhi,mars,SMOTETPhi,10,0.026779404511868145
DS14,mc.mars_SMOTETPhi,mars,SMOTETPhi,11,0.022588510210064118
DS14,mc.mars_SMOTETPhi,mars,SMOTETPhi,12,0.022319279215436326
DS14,mc.mars_SMOTETPhi,mars,SMOTETPhi,13,0.020794867915226292
DS14,mc.mars_SMOTETPhi,mars,SMOTETPhi,14,0.021305682490265414
DS14,mc.mars_SMOTETPhi,mars,SMOTETPhi,15,0.026929255834411667
DS14,mc.mars_SMOTETPhi,mars,SMOTETPhi,16,0.022004815433506478
DS14,mc.mars_SMOTETPhi,mars,SMOTETPhi,17,0.022178395800563983
DS14,mc.mars_SMOTETPhi,mars,SMOTETPhi,18,0.02080566282111159
DS14,mc.mars_SMOTETPhi,mars,SMOTETPhi,19,0.024336585647333354
DS14,mc.mars_SMOTETPhi,mars,SMOTETPhi,20,0.023714403729603355
DS14,mc.mars_SMOTETPhi,mars,SMOTETPhi,21,0.031149548514382352
DS14,mc.mars_SMOTETPhi,mars,SMOTETPhi,22,0.026836544731831186
DS14,mc.mars_SMOTETPhi,mars,SMOTETPhi,23,0.022930622923516865
DS14,mc.mars_SMOTETPhi,mars,SMOTETPhi,24,0.028535990748286093
DS14,mc.mars_SMOTETPhi,mars,SMOTETPhi,25,0.03042079873680752
DS14,mc.mars_SMOTETPhi,mars,SMOTETPhi,26,0.024709678615271388
DS14,mc.mars_SMOTETPhi,mars,SMOTETPhi,27,0.022183233767450187
DS14,mc.mars_SMOTETPhi,mars,SMOTETPhi,28,0.024792684030264696
DS14,mc.mars_SMOTETPhi,mars,SMOTETPhi,29,0.024273806040676374
DS14,mc.mars_SMOTETPhi,mars,SMOTETPhi,30,0.02100810396857475
DS14,mc.mars_SMOTETPhi,mars,SMOTETPhi,31,0.01832748202761669
DS14,mc.mars_SMOTETPhi,mars,SMOTETPhi,32,0.018335344077970713
DS14,mc.mars_SMOTETPhi,mars,SMOTETPhi,33,0.01571897073828585
DS14,mc.mars_SMOTETPhi,mars,SMOTETPhi,34,0.016842550778052003
DS14,mc.mars_SMOTETPhi,mars,SMOTETPhi,35,0.01674032541852449
DS14,mc.mars_SMOTETPhi,mars,SMOTETPhi,36,0.0187282139859006
DS14,mc.mars_SMOTETPhi,mars,SMOTETPhi,37,0.016045015073107998
DS14,mc.mars_SMOTETPhi,mars,SMOTETPhi,38,0.015519046084201972
DS14,mc.mars_SMOTETPhi,mars,SMOTETPhi,39,0.015278155483483668
DS14,mc.mars_SMOTETPhi,mars,SMOTETPhi,40,0.018919461902974583
DS14,mc.mars_SMOTETPhi,mars,SMOTETPhi,41,0.018803972232461948
DS14,mc.mars_SMOTETPhi,mars,SMOTETPhi,42,0.015197096970746584
DS14,mc.mars_SMOTETPhi,mars,SMOTETPhi,43,0.015404465629024224
DS14,mc.mars_SMOTETPhi,mars,SMOTETPhi,44,0.01683831754085175
DS14,mc.mars_SMOTETPhi,mars,SMOTETPhi,45,0.014805738819853786
DS14,mc.mars_SMOTETPhi,mars,SMOTETPhi,46,0.014522955057093025
DS14,mc.mars_SMOTETPhi,mars,SMOTETPhi,47,0.01322617446054186
DS14,mc.mars_SMOTETPhi,mars,SMOTETPhi,48,0.014761825251065376
DS14,mc.mars_SMOTETPhi,mars,SMOTETPhi,49,0.016121529052020953
DS14,mc.mars_SMOTETPhi,mars,SMOTETPhi,50,0.016347948945772007
DS14,mc.mars_SMOTET,mars,SMOTET,1,0.02901320771543325
DS14,mc.mars_SMOTET,mars,SMOTET,2,0.026002597592424077
DS14,mc.mars_SMOTET,mars,SMOTET,3,0.025299584709141405
DS14,mc.mars_SMOTET,mars,SMOTET,4,0.02593967372079758
DS14,mc.mars_SMOTET,mars,SMOTET,5,0.02526476712804061
DS14,mc.mars_SMOTET,mars,SMOTET,6,0.0257792239046338
DS14,mc.mars_SMOTET,mars,SMOTET,7,0.024470470860748557
DS14,mc.mars_SMOTET,mars,SMOTET,8,0.02240030435415295
DS14,mc.mars_SMOTET,mars,SMOTET,9,0.02119316991577144
DS14,mc.mars_SMOTET,mars,SMOTET,10,0.022418430066739544
DS14,mc.mars_SMOTET,mars,SMOTET,11,0.020986639832365633
DS14,mc.mars_SMOTET,mars,SMOTET,12,0.01818106871471714
DS14,mc.mars_SMOTET,mars,SMOTET,13,0.024829586241904157
DS14,mc.mars_SMOTET,mars,SMOTET,14,0.023445779335715993
DS14,mc.mars_SMOTET,mars,SMOTET,15,0.026917911566380258
DS14,mc.mars_SMOTET,mars,SMOTET,16,0.02421215404777484
DS14,mc.mars_SMOTET,mars,SMOTET,17,0.019941481972122962
DS14,mc.mars_SMOTET,mars,SMOTET,18,0.019086621475718577
DS14,mc.mars_SMOTET,mars,SMOTET,19,0.025367968846719366
DS14,mc.mars_SMOTET,mars,SMOTET,20,0.024168072265867608
DS14,mc.mars_SMOTET,mars,SMOTET,21,0.021651504310565124
DS14,mc.mars_SMOTET,mars,SMOTET,22,0.02224420369763715
DS14,mc.mars_SMOTET,mars,SMOTET,23,0.028262333674704314
DS14,mc.mars_SMOTET,mars,SMOTET,24,0.025367921872603966
DS14,mc.mars_SMOTET,mars,SMOTET,25,0.024703398698008715
DS14,mc.mars_SMOTET,mars,SMOTET,26,0.019847148738115286
DS14,mc.mars_SMOTET,mars,SMOTET,27,0.02132189359986915
DS14,mc.mars_SMOTET,mars,SMOTET,28,0.026530431387259315
DS14,mc.mars_SMOTET,mars,SMOTET,29,0.023730573207472124
DS14,mc.mars_SMOTET,mars,SMOTET,30,0.02120931372918642
DS14,mc.mars_SMOTET,mars,SMOTET,31,0.021721510439113804
DS14,mc.mars_SMOTET,mars,SMOTET,32,0.019269505766560793
DS14,mc.mars_SMOTET,mars,SMOTET,33,0.015647538945053104
DS14,mc.mars_SMOTET,mars,SMOTET,34,0.016778636462144465
DS14,mc.mars_SMOTET,mars,SMOTET,35,0.01687952286987689
DS14,mc.mars_SMOTET,mars,SMOTET,36,0.016494143803728753
DS14,mc.mars_SMOTET,mars,SMOTET,37,0.01577930024908994
DS14,mc.mars_SMOTET,mars,SMOTET,38,0.014766361190939117
DS14,mc.mars_SMOTET,mars,SMOTET,39,0.015399193277693242
DS14,mc.mars_SMOTET,mars,SMOTET,40,0.017717417101893174
DS14,mc.mars_SMOTET,mars,SMOTET,41,0.015672738714927546
DS14,mc.mars_SMOTET,mars,SMOTET,42,0.015599279646742998
DS14,mc.mars_SMOTET,mars,SMOTET,43,0.016661041084418512
DS14,mc.mars_SMOTET,mars,SMOTET,44,0.013843115361560927
DS14,mc.mars_SMOTET,mars,SMOTET,45,0.017653805619374307
DS14,mc.mars_SMOTET,mars,SMOTET,46,0.014336976002919954
DS14,mc.mars_SMOTET,mars,SMOTET,47,0.016801046495631924
DS14,mc.mars_SMOTET,mars,SMOTET,48,0.015566442214313697
DS14,mc.mars_SMOTET,mars,SMOTET,49,0.015459272095032743
DS14,mc.mars_SMOTET,mars,SMOTET,50,0.014214080423043294
DS14,mc.mars_UNDERB,mars,UNDERB,1,0.013157797647800805
DS14,mc.mars_UNDERB,mars,UNDERB,2,0.0182783927338713
DS14,mc.mars_UNDERB,mars,UNDERB,3,0.013148337807943486
DS14,mc.mars_UNDERB,mars,UNDERB,4,0.013011213956179598
DS14,mc.mars_UNDERB,mars,UNDERB,5,0.016564932502847334
DS14,mc.mars_UNDERB,mars,UNDERB,6,0.013013930631618369
DS14,mc.mars_UNDERB,mars,UNDERB,7,0.01886183330062178
DS14,mc.mars_UNDERB,mars,UNDERB,8,0.016038256607755447
DS14,mc.mars_UNDERB,mars,UNDERB,9,0.01875636870172245
DS14,mc.mars_UNDERB,mars,UNDERB,10,0.02121510613679514
DS14,mc.mars_UNDERB,mars,UNDERB,11,0.01703616332263033
DS14,mc.mars_UNDERB,mars,UNDERB,12,0.019157439018194836
DS14,mc.mars_UNDERB,mars,UNDERB,13,0.019942556076583965
DS14,mc.mars_UNDERB,mars,UNDERB,14,0.019357491537856757
DS14,mc.mars_UNDERB,mars,UNDERB,15,0.016290184095440023
DS14,mc.mars_UNDERB,mars,UNDERB,16,0.016400535795987613
DS14,mc.mars_UNDERB,mars,UNDERB,17,0.016856015522849842
DS14,mc.mars_UNDERB,mars,UNDERB,18,0.017405586339319466
DS14,mc.mars_UNDERB,mars,UNDERB,19,0.015459584944044034
DS14,mc.mars_UNDERB,mars,UNDERB,20,0.0141457082618326
DS14,mc.mars_UNDERB,mars,UNDERB,21,0.01803682811606454
DS14,mc.mars_UNDERB,mars,UNDERB,22,0.018146989223165343
DS14,mc.mars_UNDERB,mars,UNDERB,23,0.024939505328873464
DS14,mc.mars_UNDERB,mars,UNDERB,24,0.015335738434512653
DS14,mc.mars_UNDERB,mars,UNDERB,25,0.01716271045612286
DS14,mc.mars_UNDERB,mars,UNDERB,26,0.014629736515237744
DS14,mc.mars_UNDERB,mars,UNDERB,27,0.01237933237815576
DS14,mc.mars_UNDERB,mars,UNDERB,28,0.012705344845301867
DS14,mc.mars_UNDERB,mars,UNDERB,29,0.014706863919693735
DS14,mc.mars_UNDERB,mars,UNDERB,30,0.01161221091851352
DS14,mc.mars_UNDERB,mars,UNDERB,31,0.013936298213963817
DS14,mc.mars_UNDERB,mars,UNDERB,32,0.01275711639248874
DS14,mc.mars_UNDERB,mars,UNDERB,33,0.011066763755703216
DS14,mc.mars_UNDERB,mars,UNDERB,34,0.011967832288822998
DS14,mc.mars_UNDERB,mars,UNDERB,35,0.011708652295037094
DS14,mc.mars_UNDERB,mars,UNDERB,36,0.010515306109616712
DS14,mc.mars_UNDERB,mars,UNDERB,37,0.01102572435626196
DS14,mc.mars_UNDERB,mars,UNDERB,38,0.014437868831567701
DS14,mc.mars_UNDERB,mars,UNDERB,39,0.014120885789621118
DS14,mc.mars_UNDERB,mars,UNDERB,40,0.011271938496332021
DS14,mc.mars_UNDERB,mars,UNDERB,41,0.014803169099648272
DS14,mc.mars_UNDERB,mars,UNDERB,42,0.012598931495018926
DS14,mc.mars_UNDERB,mars,UNDERB,43,0.01381148798101952
DS14,mc.mars_UNDERB,mars,UNDERB,44,0.015023183834387112
DS14,mc.mars_UNDERB,mars,UNDERB,45,0.012277428741131803
DS14,mc.mars_UNDERB,mars,UNDERB,46,0.0097041956841067
DS14,mc.mars_UNDERB,mars,UNDERB,47,0.009476124009328549
DS14,mc.mars_UNDERB,mars,UNDERB,48,0.01134836035809953
DS14,mc.mars_UNDERB,mars,UNDERB,49,0.008930970600896896
DS14,mc.mars_UNDERB,mars,UNDERB,50,0.012028797824286232
DS14,mc.mars_UNDERTPhi,mars,UNDERTPhi,1,0.013136805339183448
DS14,mc.mars_UNDERTPhi,mars,UNDERTPhi,2,0.019698608377245116
DS14,mc.mars_UNDERTPhi,mars,UNDERTPhi,3,0.02023027798130835
DS14,mc.mars_UNDERTPhi,mars,UNDERTPhi,4,0.014619481334613138
DS14,mc.mars_UNDERTPhi,mars,UNDERTPhi,5,0.014174654174558349
DS14,mc.mars_UNDERTPhi,mars,UNDERTPhi,6,0.01430485953816041
DS14,mc.mars_UNDERTPhi,mars,UNDERTPhi,7,0.017736617531146633
DS14,mc.mars_UNDERTPhi,mars,UNDERTPhi,8,0.024682489337577575
DS14,mc.mars_UNDERTPhi,mars,UNDERTPhi,9,0.01827435593035239
DS14,mc.mars_UNDERTPhi,mars,UNDERTPhi,10,0.02752111706098775
DS14,mc.mars_UNDERTPhi,mars,UNDERTPhi,11,0.019068155755740918
DS14,mc.mars_UNDERTPhi,mars,UNDERTPhi,12,0.022517286669882935
DS14,mc.mars_UNDERTPhi,mars,UNDERTPhi,13,0.020620486509416003
DS14,mc.mars_UNDERTPhi,mars,UNDERTPhi,14,0.02199353543702748
DS14,mc.mars_UNDERTPhi,mars,UNDERTPhi,15,0.01686315528055759
DS14,mc.mars_UNDERTPhi,mars,UNDERTPhi,16,0.02109503164092001
DS14,mc.mars_UNDERTPhi,mars,UNDERTPhi,17,0.017380759276543638
DS14,mc.mars_UNDERTPhi,mars,UNDERTPhi,18,0.01606985339149638
DS14,mc.mars_UNDERTPhi,mars,UNDERTPhi,19,0.015601978819867931
DS14,mc.mars_UNDERTPhi,mars,UNDERTPhi,20,0.015392673392775268
DS14,mc.mars_UNDERTPhi,mars,UNDERTPhi,21,0.015655931449522684
DS14,mc.mars_UNDERTPhi,mars,UNDERTPhi,22,0.01750527687468126
DS14,mc.mars_UNDERTPhi,mars,UNDERTPhi,23,0.02370466489098208
DS14,mc.mars_UNDERTPhi,mars,UNDERTPhi,24,0.02763283059648697
DS14,mc.mars_UNDERTPhi,mars,UNDERTPhi,25,0.013469667707369078
DS14,mc.mars_UNDERTPhi,mars,UNDERTPhi,26,0.013790392509880206
DS14,mc.mars_UNDERTPhi,mars,UNDERTPhi,27,0.013316897939183059
DS14,mc.mars_UNDERTPhi,mars,UNDERTPhi,28,0.014020298739362117
DS14,mc.mars_UNDERTPhi,mars,UNDERTPhi,29,0.012408432130479511
DS14,mc.mars_UNDERTPhi,mars,UNDERTPhi,30,0.011754559000330475
DS14,mc.mars_UNDERTPhi,mars,UNDERTPhi,31,0.022299557672374477
DS14,mc.mars_UNDERTPhi,mars,UNDERTPhi,32,0.011435307107814686
DS14,mc.mars_UNDERTPhi,mars,UNDERTPhi,33,0.017304413547839625
DS14,mc.mars_UNDERTPhi,mars,UNDERTPhi,34,0.011965964081712542
DS14,mc.mars_UNDERTPhi,mars,UNDERTPhi,35,0.013969378755517636
DS14,mc.mars_UNDERTPhi,mars,UNDERTPhi,36,0.01140635402001379
DS14,mc.mars_UNDERTPhi,mars,UNDERTPhi,37,0.013756381308303133
DS14,mc.mars_UNDERTPhi,mars,UNDERTPhi,38,0.011283737050140352
DS14,mc.mars_UNDERTPhi,mars,UNDERTPhi,39,0.011414557635424797
DS14,mc.mars_UNDERTPhi,mars,UNDERTPhi,40,0.011635946327491565
DS14,mc.mars_UNDERTPhi,mars,UNDERTPhi,41,0.010923702136641582
DS14,mc.mars_UNDERTPhi,mars,UNDERTPhi,42,0.009906656477220447
DS14,mc.mars_UNDERTPhi,mars,UNDERTPhi,43,0.011827489599392843
DS14,mc.mars_UNDERTPhi,mars,UNDERTPhi,44,0.009819806465081678
DS14,mc.mars_UNDERTPhi,mars,UNDERTPhi,45,0.013369401943650142
DS14,mc.mars_UNDERTPhi,mars,UNDERTPhi,46,0.010462660734361622
DS14,mc.mars_UNDERTPhi,mars,UNDERTPhi,47,0.012495359700581358
DS14,mc.mars_UNDERTPhi,mars,UNDERTPhi,48,0.00925442613772912
DS14,mc.mars_UNDERTPhi,mars,UNDERTPhi,49,0.009154382509646359
DS14,mc.mars_UNDERTPhi,mars,UNDERTPhi,50,0.0128300798127859
DS14,mc.mars_UNDERT,mars,UNDERT,1,0.013071662239891788
DS14,mc.mars_UNDERT,mars,UNDERT,2,0.012787203098214094
DS14,mc.mars_UNDERT,mars,UNDERT,3,0.01451062417435025
DS14,mc.mars_UNDERT,mars,UNDERT,4,0.02117019213769739
DS14,mc.mars_UNDERT,mars,UNDERT,5,0.017032956325106752
DS14,mc.mars_UNDERT,mars,UNDERT,6,0.01711857451051609
DS14,mc.mars_UNDERT,mars,UNDERT,7,0.017988265256586165
DS14,mc.mars_UNDERT,mars,UNDERT,8,0.02334971231396412
DS14,mc.mars_UNDERT,mars,UNDERT,9,0.018591926354194883
DS14,mc.mars_UNDERT,mars,UNDERT,10,0.021966355017900976
DS14,mc.mars_UNDERT,mars,UNDERT,11,0.017374181769827267
DS14,mc.mars_UNDERT,mars,UNDERT,12,0.018851635088427486
DS14,mc.mars_UNDERT,mars,UNDERT,13,0.01965377244320092
DS14,mc.mars_UNDERT,mars,UNDERT,14,0.021811409708514647
DS14,mc.mars_UNDERT,mars,UNDERT,15,0.019044068792027698
DS14,mc.mars_UNDERT,mars,UNDERT,16,0.01751853048683981
DS14,mc.mars_UNDERT,mars,UNDERT,17,0.022065427773705446
DS14,mc.mars_UNDERT,mars,UNDERT,18,0.02102543285494476
DS14,mc.mars_UNDERT,mars,UNDERT,19,0.014876844832059604
DS14,mc.mars_UNDERT,mars,UNDERT,20,0.016519403351456973
DS14,mc.mars_UNDERT,mars,UNDERT,21,0.014640485153414628
DS14,mc.mars_UNDERT,mars,UNDERT,22,0.015653605010741683
DS14,mc.mars_UNDERT,mars,UNDERT,23,0.014156895023924138
DS14,mc.mars_UNDERT,mars,UNDERT,24,0.0211567762765695
DS14,mc.mars_UNDERT,mars,UNDERT,25,0.013601749213779659
DS14,mc.mars_UNDERT,mars,UNDERT,26,0.013380322618716967
DS14,mc.mars_UNDERT,mars,UNDERT,27,0.012967261505200396
DS14,mc.mars_UNDERT,mars,UNDERT,28,0.01866097281621387
DS14,mc.mars_UNDERT,mars,UNDERT,29,0.015539459264898239
DS14,mc.mars_UNDERT,mars,UNDERT,30,0.011767280870620392
DS14,mc.mars_UNDERT,mars,UNDERT,31,0.011838851075543383
DS14,mc.mars_UNDERT,mars,UNDERT,32,0.019481965483795168
DS14,mc.mars_UNDERT,mars,UNDERT,33,0.011921677797228523
DS14,mc.mars_UNDERT,mars,UNDERT,34,0.011775898550921458
DS14,mc.mars_UNDERT,mars,UNDERT,35,0.010630171216305197
DS14,mc.mars_UNDERT,mars,UNDERT,36,0.011615423554067167
DS14,mc.mars_UNDERT,mars,UNDERT,37,0.011201990754980181
DS14,mc.mars_UNDERT,mars,UNDERT,38,0.010793763582464052
DS14,mc.mars_UNDERT,mars,UNDERT,39,0.01164969851286832
DS14,mc.mars_UNDERT,mars,UNDERT,40,0.010401697694109372
DS14,mc.mars_UNDERT,mars,UNDERT,41,0.010773642362806892
DS14,mc.mars_UNDERT,mars,UNDERT,42,0.011668847770948752
DS14,mc.mars_UNDERT,mars,UNDERT,43,0.00944822970167246
DS14,mc.mars_UNDERT,mars,UNDERT,44,0.010126824837501968
DS14,mc.mars_UNDERT,mars,UNDERT,45,0.011632617052981187
DS14,mc.mars_UNDERT,mars,UNDERT,46,0.01015253964119429
DS14,mc.mars_UNDERT,mars,UNDERT,47,0.0098228663822645
DS14,mc.mars_UNDERT,mars,UNDERT,48,0.010934571373598946
DS14,mc.mars_UNDERT,mars,UNDERT,49,0.010033255396718095
DS14,mc.mars_UNDERT,mars,UNDERT,50,0.010788706841781978
DS14,mc.mars,mars,baseline,1,0.014464296945447576
DS14,mc.mars,mars,baseline,2,0.013907398170199444
DS14,mc.mars,mars,baseline,3,0.014078981836189273
DS14,mc.mars,mars,baseline,4,0.014372204267340224
DS14,mc.mars,mars,baseline,5,0.014369316886003689
DS14,mc.mars,mars,baseline,6,0.014480418778136234
DS14,mc.mars,mars,baseline,7,0.014892509761244888
DS14,mc.mars,mars,baseline,8,0.014323069663788912
DS14,mc.mars,mars,baseline,9,0.015343256905681833
DS14,mc.mars,mars,baseline,10,0.014824194648052836
DS14,mc.mars,mars,baseline,11,0.016020369152920187
DS14,mc.mars,mars,baseline,12,0.015985123391107355
DS14,mc.mars,mars,baseline,13,0.015986909121466306
DS14,mc.mars,mars,baseline,14,0.0167284364144743
DS14,mc.mars,mars,baseline,15,0.015039440883490011
DS14,mc.mars,mars,baseline,16,0.015112888519663026
DS14,mc.mars,mars,baseline,17,0.015499993616563073
DS14,mc.mars,mars,baseline,18,0.01571102959188385
DS14,mc.mars,mars,baseline,19,0.01693162348231891
DS14,mc.mars,mars,baseline,20,0.01591473067950654
DS14,mc.mars,mars,baseline,21,0.015925338190528892
DS14,mc.mars,mars,baseline,22,0.014508707159327993
DS14,mc.mars,mars,baseline,23,0.01860435329043794
DS14,mc.mars,mars,baseline,24,0.018987114778957016
DS14,mc.mars,mars,baseline,25,0.0143055514400355
DS14,mc.mars,mars,baseline,26,0.014051883363507942
DS14,mc.mars,mars,baseline,27,0.013083597234676994
DS14,mc.mars,mars,baseline,28,0.0115572981278111
DS14,mc.mars,mars,baseline,29,0.011550185168526659
DS14,mc.mars,mars,baseline,30,0.011073483501413085
DS14,mc.mars,mars,baseline,31,0.010882101286866858
DS14,mc.mars,mars,baseline,32,0.011362361592040772
DS14,mc.mars,mars,baseline,33,0.011300731119375912
DS14,mc.mars,mars,baseline,34,0.010638474314550006
DS14,mc.mars,mars,baseline,35,0.010984319800481018
DS14,mc.mars,mars,baseline,36,0.010653210759760645
DS14,mc.mars,mars,baseline,37,0.010625071713196084
DS14,mc.mars,mars,baseline,38,0.010434366704633793
DS14,mc.mars,mars,baseline,39,0.010668328873344476
DS14,mc.mars,mars,baseline,40,0.010236045923883334
DS14,mc.mars,mars,baseline,41,0.010574750627394465
DS14,mc.mars,mars,baseline,42,0.009823758973489194
DS14,mc.mars,mars,baseline,43,0.009842095984209478
DS14,mc.mars,mars,baseline,44,0.009277256834527105
DS14,mc.mars,mars,baseline,45,0.009288591806456104
DS14,mc.mars,mars,baseline,46,0.009103605305388464
DS14,mc.mars,mars,baseline,47,0.009086941628963355
DS14,mc.mars,mars,baseline,48,0.008960201930192205
DS14,mc.mars,mars,baseline,49,0.008968795517560777
DS14,mc.mars,mars,baseline,50,0.008967379042847258
DS14,mc.rf_OVERB,rf,OVERB,1,0.014989244098671932
DS14,mc.rf_OVERB,rf,OVERB,2,0.013138377305603218
DS14,mc.rf_OVERB,rf,OVERB,3,0.01386357700836016
DS14,mc.rf_OVERB,rf,OVERB,4,0.013578054476348897
DS14,mc.rf_OVERB,rf,OVERB,5,0.013473721434288655
DS14,mc.rf_OVERB,rf,OVERB,6,0.013566353392008937
DS14,mc.rf_OVERB,rf,OVERB,7,0.014199841782998993
DS14,mc.rf_OVERB,rf,OVERB,8,0.015079888259365213
DS14,mc.rf_OVERB,rf,OVERB,9,0.014212495287182677
DS14,mc.rf_OVERB,rf,OVERB,10,0.01643344567449732
DS14,mc.rf_OVERB,rf,OVERB,11,0.015760736005854446
DS14,mc.rf_OVERB,rf,OVERB,12,0.015160711471696408
DS14,mc.rf_OVERB,rf,OVERB,13,0.014997666752182916
DS14,mc.rf_OVERB,rf,OVERB,14,0.015616409962011774
DS14,mc.rf_OVERB,rf,OVERB,15,0.015050319554858882
DS14,mc.rf_OVERB,rf,OVERB,16,0.014756061683335844
DS14,mc.rf_OVERB,rf,OVERB,17,0.014790926723792357
DS14,mc.rf_OVERB,rf,OVERB,18,0.014542289955654255
DS14,mc.rf_OVERB,rf,OVERB,19,0.01432136492123373
DS14,mc.rf_OVERB,rf,OVERB,20,0.014289659368150225
DS14,mc.rf_OVERB,rf,OVERB,21,0.014635316090494385
DS14,mc.rf_OVERB,rf,OVERB,22,0.014528694845474956
DS14,mc.rf_OVERB,rf,OVERB,23,0.0143552501553847
DS14,mc.rf_OVERB,rf,OVERB,24,0.013914893271277035
DS14,mc.rf_OVERB,rf,OVERB,25,0.013534754119555173
DS14,mc.rf_OVERB,rf,OVERB,26,0.013418275676527178
DS14,mc.rf_OVERB,rf,OVERB,27,0.013089089571719998
DS14,mc.rf_OVERB,rf,OVERB,28,0.013005955863193011
DS14,mc.rf_OVERB,rf,OVERB,29,0.012852537803876997
DS14,mc.rf_OVERB,rf,OVERB,30,0.011998880931617658
DS14,mc.rf_OVERB,rf,OVERB,31,0.011737133907937297
DS14,mc.rf_OVERB,rf,OVERB,32,0.011478211102368649
DS14,mc.rf_OVERB,rf,OVERB,33,0.011445560874262949
DS14,mc.rf_OVERB,rf,OVERB,34,0.011063878238108197
DS14,mc.rf_OVERB,rf,OVERB,35,0.011321305439755625
DS14,mc.rf_OVERB,rf,OVERB,36,0.011107563935459157
DS14,mc.rf_OVERB,rf,OVERB,37,0.010905494491462156
DS14,mc.rf_OVERB,rf,OVERB,38,0.011076115625528602
DS14,mc.rf_OVERB,rf,OVERB,39,0.010788727154364212
DS14,mc.rf_OVERB,rf,OVERB,40,0.010657517724874617
DS14,mc.rf_OVERB,rf,OVERB,41,0.010509297735747746
DS14,mc.rf_OVERB,rf,OVERB,42,0.009683119857110761
DS14,mc.rf_OVERB,rf,OVERB,43,0.00985982071351586
DS14,mc.rf_OVERB,rf,OVERB,44,0.00976490939821994
DS14,mc.rf_OVERB,rf,OVERB,45,0.009889797998922095
DS14,mc.rf_OVERB,rf,OVERB,46,0.010329821354597972
DS14,mc.rf_OVERB,rf,OVERB,47,0.009541491193434544
DS14,mc.rf_OVERB,rf,OVERB,48,0.00930832532981985
DS14,mc.rf_OVERB,rf,OVERB,49,0.009453243536196981
DS14,mc.rf_OVERB,rf,OVERB,50,0.009092219341048431
DS14,mc.rf_OVERTPhi,rf,OVERTPhi,1,0.013535610309679078
DS14,mc.rf_OVERTPhi,rf,OVERTPhi,2,0.013485355411103406
DS14,mc.rf_OVERTPhi,rf,OVERTPhi,3,0.013779264244337546
DS14,mc.rf_OVERTPhi,rf,OVERTPhi,4,0.0133971622171094
DS14,mc.rf_OVERTPhi,rf,OVERTPhi,5,0.013716040063433976
DS14,mc.rf_OVERTPhi,rf,OVERTPhi,6,0.013590422732515206
DS14,mc.rf_OVERTPhi,rf,OVERTPhi,7,0.01382977789348055
DS14,mc.rf_OVERTPhi,rf,OVERTPhi,8,0.01422649247863785
DS14,mc.rf_OVERTPhi,rf,OVERTPhi,9,0.014093891671255633
DS14,mc.rf_OVERTPhi,rf,OVERTPhi,10,0.015883108725187434
DS14,mc.rf_OVERTPhi,rf,OVERTPhi,11,0.015287433034855701
DS14,mc.rf_OVERTPhi,rf,OVERTPhi,12,0.015178566895466716
DS14,mc.rf_OVERTPhi,rf,OVERTPhi,13,0.01475718458572845
DS14,mc.rf_OVERTPhi,rf,OVERTPhi,14,0.015602047090063593
DS14,mc.rf_OVERTPhi,rf,OVERTPhi,15,0.014515417572252364
DS14,mc.rf_OVERTPhi,rf,OVERTPhi,16,0.014551525022540233
DS14,mc.rf_OVERTPhi,rf,OVERTPhi,17,0.014710913746652517
DS14,mc.rf_OVERTPhi,rf,OVERTPhi,18,0.014547808229209567
DS14,mc.rf_OVERTPhi,rf,OVERTPhi,19,0.014748913614139629
DS14,mc.rf_OVERTPhi,rf,OVERTPhi,20,0.01498527146039844
DS14,mc.rf_OVERTPhi,rf,OVERTPhi,21,0.01472242356483785
DS14,mc.rf_OVERTPhi,rf,OVERTPhi,22,0.014511638533974433
DS14,mc.rf_OVERTPhi,rf,OVERTPhi,23,0.014780604017556112
DS14,mc.rf_OVERTPhi,rf,OVERTPhi,24,0.014157101260594324
DS14,mc.rf_OVERTPhi,rf,OVERTPhi,25,0.013481946009993851
DS14,mc.rf_OVERTPhi,rf,OVERTPhi,26,0.013807253805563153
DS14,mc.rf_OVERTPhi,rf,OVERTPhi,27,0.012772297615358034
DS14,mc.rf_OVERTPhi,rf,OVERTPhi,28,0.012967019602118886
DS14,mc.rf_OVERTPhi,rf,OVERTPhi,29,0.012669429796386114
DS14,mc.rf_OVERTPhi,rf,OVERTPhi,30,0.01224897522989631
DS14,mc.rf_OVERTPhi,rf,OVERTPhi,31,0.011850368054087554
DS14,mc.rf_OVERTPhi,rf,OVERTPhi,32,0.011312618932869986
DS14,mc.rf_OVERTPhi,rf,OVERTPhi,33,0.011149000458527455
DS14,mc.rf_OVERTPhi,rf,OVERTPhi,34,0.011084187750000276
DS14,mc.rf_OVERTPhi,rf,OVERTPhi,35,0.011206527309896455
DS14,mc.rf_OVERTPhi,rf,OVERTPhi,36,0.010948708136277678
DS14,mc.rf_OVERTPhi,rf,OVERTPhi,37,0.01063747915356772
DS14,mc.rf_OVERTPhi,rf,OVERTPhi,38,0.010747738563169533
DS14,mc.rf_OVERTPhi,rf,OVERTPhi,39,0.010668465756394853
DS14,mc.rf_OVERTPhi,rf,OVERTPhi,40,0.01056999699051803
DS14,mc.rf_OVERTPhi,rf,OVERTPhi,41,0.010271413051217839
DS14,mc.rf_OVERTPhi,rf,OVERTPhi,42,0.009431864641407474
DS14,mc.rf_OVERTPhi,rf,OVERTPhi,43,0.009332607600076096
DS14,mc.rf_OVERTPhi,rf,OVERTPhi,44,0.009396686288004018
DS14,mc.rf_OVERTPhi,rf,OVERTPhi,45,0.00934348637053137
DS14,mc.rf_OVERTPhi,rf,OVERTPhi,46,0.009226024639579618
DS14,mc.rf_OVERTPhi,rf,OVERTPhi,47,0.009327398387248505
DS14,mc.rf_OVERTPhi,rf,OVERTPhi,48,0.009236676835491413
DS14,mc.rf_OVERTPhi,rf,OVERTPhi,49,0.009471142983534282
DS14,mc.rf_OVERTPhi,rf,OVERTPhi,50,0.009200878740925547
DS14,mc.rf_OVERT,rf,OVERT,1,0.013488014595611709
DS14,mc.rf_OVERT,rf,OVERT,2,0.013307155539863452
DS14,mc.rf_OVERT,rf,OVERT,3,0.013542248447552323
DS14,mc.rf_OVERT,rf,OVERT,4,0.01360338249332458
DS14,mc.rf_OVERT,rf,OVERT,5,0.013644590441035952
DS14,mc.rf_OVERT,rf,OVERT,6,0.013721574711638432
DS14,mc.rf_OVERT,rf,OVERT,7,0.013883279714137322
DS14,mc.rf_OVERT,rf,OVERT,8,0.014434356852143775
DS14,mc.rf_OVERT,rf,OVERT,9,0.0142392533011253
DS14,mc.rf_OVERT,rf,OVERT,10,0.015589209599651524
DS14,mc.rf_OVERT,rf,OVERT,11,0.01536538343072029
DS14,mc.rf_OVERT,rf,OVERT,12,0.014886663153326464
DS14,mc.rf_OVERT,rf,OVERT,13,0.014842158586169232
DS14,mc.rf_OVERT,rf,OVERT,14,0.015459442247986583
DS14,mc.rf_OVERT,rf,OVERT,15,0.014514311909081621
DS14,mc.rf_OVERT,rf,OVERT,16,0.014644496887837461
DS14,mc.rf_OVERT,rf,OVERT,17,0.014657315334695399
DS14,mc.rf_OVERT,rf,OVERT,18,0.014594373839070855
DS14,mc.rf_OVERT,rf,OVERT,19,0.014662294155189588
DS14,mc.rf_OVERT,rf,OVERT,20,0.014953644170567095
DS14,mc.rf_OVERT,rf,OVERT,21,0.014836311331736605
DS14,mc.rf_OVERT,rf,OVERT,22,0.01457597701651137
DS14,mc.rf_OVERT,rf,OVERT,23,0.014531822787614758
DS14,mc.rf_OVERT,rf,OVERT,24,0.014187160269292991
DS14,mc.rf_OVERT,rf,OVERT,25,0.013740817991272745
DS14,mc.rf_OVERT,rf,OVERT,26,0.013951215264981456
DS14,mc.rf_OVERT,rf,OVERT,27,0.012601614452386424
DS14,mc.rf_OVERT,rf,OVERT,28,0.012826205802561398
DS14,mc.rf_OVERT,rf,OVERT,29,0.012688601148840937
DS14,mc.rf_OVERT,rf,OVERT,30,0.012320849483103169
DS14,mc.rf_OVERT,rf,OVERT,31,0.011703767301912995
DS14,mc.rf_OVERT,rf,OVERT,32,0.01128265521052526
DS14,mc.rf_OVERT,rf,OVERT,33,0.011035872475043371
DS14,mc.rf_OVERT,rf,OVERT,34,0.010972733854272177
DS14,mc.rf_OVERT,rf,OVERT,35,0.011062013652310423
DS14,mc.rf_OVERT,rf,OVERT,36,0.010954285300835316
DS14,mc.rf_OVERT,rf,OVERT,37,0.010702278714921604
DS14,mc.rf_OVERT,rf,OVERT,38,0.010797607904303818
DS14,mc.rf_OVERT,rf,OVERT,39,0.010715037143223692
DS14,mc.rf_OVERT,rf,OVERT,40,0.010637024637800354
DS14,mc.rf_OVERT,rf,OVERT,41,0.010283730517206132
DS14,mc.rf_OVERT,rf,OVERT,42,0.009527359500626767
DS14,mc.rf_OVERT,rf,OVERT,43,0.009289911539442202
DS14,mc.rf_OVERT,rf,OVERT,44,0.009425440978442839
DS14,mc.rf_OVERT,rf,OVERT,45,0.009348467858187246
DS14,mc.rf_OVERT,rf,OVERT,46,0.009305847377707857
DS14,mc.rf_OVERT,rf,OVERT,47,0.009299864596049652
DS14,mc.rf_OVERT,rf,OVERT,48,0.009339210053695658
DS14,mc.rf_OVERT,rf,OVERT,49,0.0092314040067357
DS14,mc.rf_OVERT,rf,OVERT,50,0.009048016707655012
DS14,mc.rf_SMOTEB,rf,SMOTEB,1,0.01660509730003277
DS14,mc.rf_SMOTEB,rf,SMOTEB,2,0.0165669433693262
DS14,mc.rf_SMOTEB,rf,SMOTEB,3,0.01780495805118197
DS14,mc.rf_SMOTEB,rf,SMOTEB,4,0.01919865872439876
DS14,mc.rf_SMOTEB,rf,SMOTEB,5,0.018001159302986885
DS14,mc.rf_SMOTEB,rf,SMOTEB,6,0.017991712539144396
DS14,mc.rf_SMOTEB,rf,SMOTEB,7,0.017800467313318465
DS14,mc.rf_SMOTEB,rf,SMOTEB,8,0.016641004790667772
DS14,mc.rf_SMOTEB,rf,SMOTEB,9,0.01666310600711228
DS14,mc.rf_SMOTEB,rf,SMOTEB,10,0.017312369056067808
DS14,mc.rf_SMOTEB,rf,SMOTEB,11,0.016142781842307673
DS14,mc.rf_SMOTEB,rf,SMOTEB,12,0.016271292356843544
DS14,mc.rf_SMOTEB,rf,SMOTEB,13,0.016230857279696215
DS14,mc.rf_SMOTEB,rf,SMOTEB,14,0.017070229835316746
DS14,mc.rf_SMOTEB,rf,SMOTEB,15,0.01657390281932765
DS14,mc.rf_SMOTEB,rf,SMOTEB,16,0.01579105343503636
DS14,mc.rf_SMOTEB,rf,SMOTEB,17,0.015615498643551605
DS14,mc.rf_SMOTEB,rf,SMOTEB,18,0.015973727156666184
DS14,mc.rf_SMOTEB,rf,SMOTEB,19,0.016556452066354206
DS14,mc.rf_SMOTEB,rf,SMOTEB,20,0.015989792303768506
DS14,mc.rf_SMOTEB,rf,SMOTEB,21,0.016039702911907528
DS14,mc.rf_SMOTEB,rf,SMOTEB,22,0.015280189480271156
DS14,mc.rf_SMOTEB,rf,SMOTEB,23,0.015610623424656044
DS14,mc.rf_SMOTEB,rf,SMOTEB,24,0.015020843447962116
DS14,mc.rf_SMOTEB,rf,SMOTEB,25,0.014515427435017655
DS14,mc.rf_SMOTEB,rf,SMOTEB,26,0.014045178261723365
DS14,mc.rf_SMOTEB,rf,SMOTEB,27,0.013594149222944774
DS14,mc.rf_SMOTEB,rf,SMOTEB,28,0.01407795624385192
DS14,mc.rf_SMOTEB,rf,SMOTEB,29,0.014922600321334568
DS14,mc.rf_SMOTEB,rf,SMOTEB,30,0.013581297393513877
DS14,mc.rf_SMOTEB,rf,SMOTEB,31,0.013869307224522951
DS14,mc.rf_SMOTEB,rf,SMOTEB,32,0.013374720188290333
DS14,mc.rf_SMOTEB,rf,SMOTEB,33,0.013149517022226283
DS14,mc.rf_SMOTEB,rf,SMOTEB,34,0.01259653536769907
DS14,mc.rf_SMOTEB,rf,SMOTEB,35,0.012473292315272019
DS14,mc.rf_SMOTEB,rf,SMOTEB,36,0.013519113120833428
DS14,mc.rf_SMOTEB,rf,SMOTEB,37,0.012229309258869597
DS14,mc.rf_SMOTEB,rf,SMOTEB,38,0.01307425877180126
DS14,mc.rf_SMOTEB,rf,SMOTEB,39,0.01306556907114462
DS14,mc.rf_SMOTEB,rf,SMOTEB,40,0.012817458619965682
DS14,mc.rf_SMOTEB,rf,SMOTEB,41,0.013348411989865236
DS14,mc.rf_SMOTEB,rf,SMOTEB,42,0.01232069090801699
DS14,mc.rf_SMOTEB,rf,SMOTEB,43,0.013290160311628614
DS14,mc.rf_SMOTEB,rf,SMOTEB,44,0.012716292013580398
DS14,mc.rf_SMOTEB,rf,SMOTEB,45,0.012547591816007288
DS14,mc.rf_SMOTEB,rf,SMOTEB,46,0.012786318651961719
DS14,mc.rf_SMOTEB,rf,SMOTEB,47,0.012254536401714752
DS14,mc.rf_SMOTEB,rf,SMOTEB,48,0.012035457092912682
DS14,mc.rf_SMOTEB,rf,SMOTEB,49,0.011831925151367394
DS14,mc.rf_SMOTEB,rf,SMOTEB,50,0.011721994747806498
DS14,mc.rf_SMOTETPhi,rf,SMOTETPhi,1,0.017178038598582475
DS14,mc.rf_SMOTETPhi,rf,SMOTETPhi,2,0.018892203372084037
DS14,mc.rf_SMOTETPhi,rf,SMOTETPhi,3,0.017939781155871234
DS14,mc.rf_SMOTETPhi,rf,SMOTETPhi,4,0.01773340195839657
DS14,mc.rf_SMOTETPhi,rf,SMOTETPhi,5,0.01854188897885877
DS14,mc.rf_SMOTETPhi,rf,SMOTETPhi,6,0.018198492949794226
DS14,mc.rf_SMOTETPhi,rf,SMOTETPhi,7,0.019475916775123083
DS14,mc.rf_SMOTETPhi,rf,SMOTETPhi,8,0.018260701846920475
DS14,mc.rf_SMOTETPhi,rf,SMOTETPhi,9,0.019083751169242602
DS14,mc.rf_SMOTETPhi,rf,SMOTETPhi,10,0.018382711453321238
DS14,mc.rf_SMOTETPhi,rf,SMOTETPhi,11,0.018438224844572706
DS14,mc.rf_SMOTETPhi,rf,SMOTETPhi,12,0.017869259565263307
DS14,mc.rf_SMOTETPhi,rf,SMOTETPhi,13,0.017977654038658458
DS14,mc.rf_SMOTETPhi,rf,SMOTETPhi,14,0.018113534612781992
DS14,mc.rf_SMOTETPhi,rf,SMOTETPhi,15,0.017383652987905195
DS14,mc.rf_SMOTETPhi,rf,SMOTETPhi,16,0.017194735091543036
DS14,mc.rf_SMOTETPhi,rf,SMOTETPhi,17,0.01655028727533335
DS14,mc.rf_SMOTETPhi,rf,SMOTETPhi,18,0.017291195697705843
DS14,mc.rf_SMOTETPhi,rf,SMOTETPhi,19,0.016282326073012138
DS14,mc.rf_SMOTETPhi,rf,SMOTETPhi,20,0.016089475870625515
DS14,mc.rf_SMOTETPhi,rf,SMOTETPhi,21,0.01599008473834519
DS14,mc.rf_SMOTETPhi,rf,SMOTETPhi,22,0.016056414375760535
DS14,mc.rf_SMOTETPhi,rf,SMOTETPhi,23,0.015604792385439147
DS14,mc.rf_SMOTETPhi,rf,SMOTETPhi,24,0.015357170355687585
DS14,mc.rf_SMOTETPhi,rf,SMOTETPhi,25,0.014593758372222152
DS14,mc.rf_SMOTETPhi,rf,SMOTETPhi,26,0.014635351965191959
DS14,mc.rf_SMOTETPhi,rf,SMOTETPhi,27,0.014420126413754715
DS14,mc.rf_SMOTETPhi,rf,SMOTETPhi,28,0.013892583111919012
DS14,mc.rf_SMOTETPhi,rf,SMOTETPhi,29,0.014136080828457517
DS14,mc.rf_SMOTETPhi,rf,SMOTETPhi,30,0.013057835845448132
DS14,mc.rf_SMOTETPhi,rf,SMOTETPhi,31,0.012473381223856253
DS14,mc.rf_SMOTETPhi,rf,SMOTETPhi,32,0.012367768325473748
DS14,mc.rf_SMOTETPhi,rf,SMOTETPhi,33,0.01289774840674064
DS14,mc.rf_SMOTETPhi,rf,SMOTETPhi,34,0.013425347309963243
DS14,mc.rf_SMOTETPhi,rf,SMOTETPhi,35,0.012975026055840612
DS14,mc.rf_SMOTETPhi,rf,SMOTETPhi,36,0.013320607289786793
DS14,mc.rf_SMOTETPhi,rf,SMOTETPhi,37,0.014194402938716422
DS14,mc.rf_SMOTETPhi,rf,SMOTETPhi,38,0.01373147785467454
DS14,mc.rf_SMOTETPhi,rf,SMOTETPhi,39,0.012630912324545137
DS14,mc.rf_SMOTETPhi,rf,SMOTETPhi,40,0.012292649280750976
DS14,mc.rf_SMOTETPhi,rf,SMOTETPhi,41,0.014351361301549867
DS14,mc.rf_SMOTETPhi,rf,SMOTETPhi,42,0.0129294149338467
DS14,mc.rf_SMOTETPhi,rf,SMOTETPhi,43,0.013366506071045768
DS14,mc.rf_SMOTETPhi,rf,SMOTETPhi,44,0.011857459388968436
DS14,mc.rf_SMOTETPhi,rf,SMOTETPhi,45,0.01304560766040427
DS14,mc.rf_SMOTETPhi,rf,SMOTETPhi,46,0.012207608755264584
DS14,mc.rf_SMOTETPhi,rf,SMOTETPhi,47,0.013411416004629147
DS14,mc.rf_SMOTETPhi,rf,SMOTETPhi,48,0.012393899147042102
DS14,mc.rf_SMOTETPhi,rf,SMOTETPhi,49,0.012598679732430808
DS14,mc.rf_SMOTETPhi,rf,SMOTETPhi,50,0.012076730090525954
DS14,mc.rf_SMOTET,rf,SMOTET,1,0.016426767068013225
DS14,mc.rf_SMOTET,rf,SMOTET,2,0.016548136389590285
DS14,mc.rf_SMOTET,rf,SMOTET,3,0.0176185555126918
DS14,mc.rf_SMOTET,rf,SMOTET,4,0.018206352664416284
DS14,mc.rf_SMOTET,rf,SMOTET,5,0.019116596188913582
DS14,mc.rf_SMOTET,rf,SMOTET,6,0.018208521943424965
DS14,mc.rf_SMOTET,rf,SMOTET,7,0.0173009089798418
DS14,mc.rf_SMOTET,rf,SMOTET,8,0.017999429116597705
DS14,mc.rf_SMOTET,rf,SMOTET,9,0.01845476176506292
DS14,mc.rf_SMOTET,rf,SMOTET,10,0.017417319922659276
DS14,mc.rf_SMOTET,rf,SMOTET,11,0.018619839246269344
DS14,mc.rf_SMOTET,rf,SMOTET,12,0.017807341486980374
DS14,mc.rf_SMOTET,rf,SMOTET,13,0.017737456798690432
DS14,mc.rf_SMOTET,rf,SMOTET,14,0.018137600076766878
DS14,mc.rf_SMOTET,rf,SMOTET,15,0.016845877337079557
DS14,mc.rf_SMOTET,rf,SMOTET,16,0.01649309823201103
DS14,mc.rf_SMOTET,rf,SMOTET,17,0.01599015100765128
DS14,mc.rf_SMOTET,rf,SMOTET,18,0.016375178301914175
DS14,mc.rf_SMOTET,rf,SMOTET,19,0.01585646671496938
DS14,mc.rf_SMOTET,rf,SMOTET,20,0.015585557257451777
DS14,mc.rf_SMOTET,rf,SMOTET,21,0.01587092550671046
DS14,mc.rf_SMOTET,rf,SMOTET,22,0.015448083692709988
DS14,mc.rf_SMOTET,rf,SMOTET,23,0.016023164254562686
DS14,mc.rf_SMOTET,rf,SMOTET,24,0.014955264159789643
DS14,mc.rf_SMOTET,rf,SMOTET,25,0.014626834959894992
DS14,mc.rf_SMOTET,rf,SMOTET,26,0.014585679007891997
DS14,mc.rf_SMOTET,rf,SMOTET,27,0.014719649096484475
DS14,mc.rf_SMOTET,rf,SMOTET,28,0.01419384118090611
DS14,mc.rf_SMOTET,rf,SMOTET,29,0.014601142179941141
DS14,mc.rf_SMOTET,rf,SMOTET,30,0.013383341281960615
DS14,mc.rf_SMOTET,rf,SMOTET,31,0.013238809794318244
DS14,mc.rf_SMOTET,rf,SMOTET,32,0.012471661099478731
DS14,mc.rf_SMOTET,rf,SMOTET,33,0.011961687381759619
DS14,mc.rf_SMOTET,rf,SMOTET,34,0.012368061516595105
DS14,mc.rf_SMOTET,rf,SMOTET,35,0.012614910662110627
DS14,mc.rf_SMOTET,rf,SMOTET,36,0.012704945210669377
DS14,mc.rf_SMOTET,rf,SMOTET,37,0.013712223186359172
DS14,mc.rf_SMOTET,rf,SMOTET,38,0.014198017197814548
DS14,mc.rf_SMOTET,rf,SMOTET,39,0.012496347655290167
DS14,mc.rf_SMOTET,rf,SMOTET,40,0.012479923447941074
DS14,mc.rf_SMOTET,rf,SMOTET,41,0.012726846776840968
DS14,mc.rf_SMOTET,rf,SMOTET,42,0.013432541630589089
DS14,mc.rf_SMOTET,rf,SMOTET,43,0.012316897733384308
DS14,mc.rf_SMOTET,rf,SMOTET,44,0.012255307586975517
DS14,mc.rf_SMOTET,rf,SMOTET,45,0.012758186244880104
DS14,mc.rf_SMOTET,rf,SMOTET,46,0.011793547128715946
DS14,mc.rf_SMOTET,rf,SMOTET,47,0.012279463832934098
DS14,mc.rf_SMOTET,rf,SMOTET,48,0.01246776653569974
DS14,mc.rf_SMOTET,rf,SMOTET,49,0.011848221757253684
DS14,mc.rf_SMOTET,rf,SMOTET,50,0.01225952503877264
DS14,mc.rf_UNDERB,rf,UNDERB,1,0.015047057903941329
DS14,mc.rf_UNDERB,rf,UNDERB,2,0.015645124817303797
DS14,mc.rf_UNDERB,rf,UNDERB,3,0.015161335831155167
DS14,mc.rf_UNDERB,rf,UNDERB,4,0.01538943030606695
DS14,mc.rf_UNDERB,rf,UNDERB,5,0.015865451462531686
DS14,mc.rf_UNDERB,rf,UNDERB,6,0.01532027833210338
DS14,mc.rf_UNDERB,rf,UNDERB,7,0.015997522677049753
DS14,mc.rf_UNDERB,rf,UNDERB,8,0.015945073485341958
DS14,mc.rf_UNDERB,rf,UNDERB,9,0.015610645234493745
DS14,mc.rf_UNDERB,rf,UNDERB,10,0.014896851308258187
DS14,mc.rf_UNDERB,rf,UNDERB,11,0.014860747723667835
DS14,mc.rf_UNDERB,rf,UNDERB,12,0.015419351062458201
DS14,mc.rf_UNDERB,rf,UNDERB,13,0.015432985600564603
DS14,mc.rf_UNDERB,rf,UNDERB,14,0.01617062894816332
DS14,mc.rf_UNDERB,rf,UNDERB,15,0.015114047992855909
DS14,mc.rf_UNDERB,rf,UNDERB,16,0.014692989589765663
DS14,mc.rf_UNDERB,rf,UNDERB,17,0.014736616206622517
DS14,mc.rf_UNDERB,rf,UNDERB,18,0.015039690651754192
DS14,mc.rf_UNDERB,rf,UNDERB,19,0.014565854526862761
DS14,mc.rf_UNDERB,rf,UNDERB,20,0.014445827575459555
DS14,mc.rf_UNDERB,rf,UNDERB,21,0.01509812894546902
DS14,mc.rf_UNDERB,rf,UNDERB,22,0.015031800416580681
DS14,mc.rf_UNDERB,rf,UNDERB,23,0.014210067375799908
DS14,mc.rf_UNDERB,rf,UNDERB,24,0.013799958175671428
DS14,mc.rf_UNDERB,rf,UNDERB,25,0.01340067070184833
DS14,mc.rf_UNDERB,rf,UNDERB,26,0.013907113879811408
DS14,mc.rf_UNDERB,rf,UNDERB,27,0.013404765824207689
DS14,mc.rf_UNDERB,rf,UNDERB,28,0.013624436011137228
DS14,mc.rf_UNDERB,rf,UNDERB,29,0.01305218936884978
DS14,mc.rf_UNDERB,rf,UNDERB,30,0.011806057403183206
DS14,mc.rf_UNDERB,rf,UNDERB,31,0.01226731659417464
DS14,mc.rf_UNDERB,rf,UNDERB,32,0.011974961556018817
DS14,mc.rf_UNDERB,rf,UNDERB,33,0.011947431271849683
DS14,mc.rf_UNDERB,rf,UNDERB,34,0.012676756544406916
DS14,mc.rf_UNDERB,rf,UNDERB,35,0.012108804804806347
DS14,mc.rf_UNDERB,rf,UNDERB,36,0.011380932038914344
DS14,mc.rf_UNDERB,rf,UNDERB,37,0.011458881153226318
DS14,mc.rf_UNDERB,rf,UNDERB,38,0.012842161220427264
DS14,mc.rf_UNDERB,rf,UNDERB,39,0.011803603453136607
DS14,mc.rf_UNDERB,rf,UNDERB,40,0.012710604564426754
DS14,mc.rf_UNDERB,rf,UNDERB,41,0.012590399836962947
DS14,mc.rf_UNDERB,rf,UNDERB,42,0.01118338836307023
DS14,mc.rf_UNDERB,rf,UNDERB,43,0.011931841107625069
DS14,mc.rf_UNDERB,rf,UNDERB,44,0.01116529684169173
DS14,mc.rf_UNDERB,rf,UNDERB,45,0.011475306941386617
DS14,mc.rf_UNDERB,rf,UNDERB,46,0.010570748233480856
DS14,mc.rf_UNDERB,rf,UNDERB,47,0.010517881347445374
DS14,mc.rf_UNDERB,rf,UNDERB,48,0.010941744945423793
DS14,mc.rf_UNDERB,rf,UNDERB,49,0.010546759005287912
DS14,mc.rf_UNDERB,rf,UNDERB,50,0.011395477925979478
DS14,mc.rf_UNDERTPhi,rf,UNDERTPhi,1,0.016166136870499153
DS14,mc.rf_UNDERTPhi,rf,UNDERTPhi,2,0.016837671277252046
DS14,mc.rf_UNDERTPhi,rf,UNDERTPhi,3,0.016724733003133156
DS14,mc.rf_UNDERTPhi,rf,UNDERTPhi,4,0.01577369906150028
DS14,mc.rf_UNDERTPhi,rf,UNDERTPhi,5,0.015250426928217058
DS14,mc.rf_UNDERTPhi,rf,UNDERTPhi,6,0.01565084567848687
DS14,mc.rf_UNDERTPhi,rf,UNDERTPhi,7,0.016846736543274815
DS14,mc.rf_UNDERTPhi,rf,UNDERTPhi,8,0.01597877847435597
DS14,mc.rf_UNDERTPhi,rf,UNDERTPhi,9,0.01582487005720229
DS14,mc.rf_UNDERTPhi,rf,UNDERTPhi,10,0.015726221982496742
DS14,mc.rf_UNDERTPhi,rf,UNDERTPhi,11,0.015205220824777136
DS14,mc.rf_UNDERTPhi,rf,UNDERTPhi,12,0.015819035184072384
DS14,mc.rf_UNDERTPhi,rf,UNDERTPhi,13,0.015334314932336862
DS14,mc.rf_UNDERTPhi,rf,UNDERTPhi,14,0.01623074748754156
DS14,mc.rf_UNDERTPhi,rf,UNDERTPhi,15,0.015380285630623363
DS14,mc.rf_UNDERTPhi,rf,UNDERTPhi,16,0.015635530761411432
DS14,mc.rf_UNDERTPhi,rf,UNDERTPhi,17,0.015013319913434622
DS14,mc.rf_UNDERTPhi,rf,UNDERTPhi,18,0.0157300517064563
DS14,mc.rf_UNDERTPhi,rf,UNDERTPhi,19,0.015001455648986882
DS14,mc.rf_UNDERTPhi,rf,UNDERTPhi,20,0.01544588196025204
DS14,mc.rf_UNDERTPhi,rf,UNDERTPhi,21,0.014939423231073726
DS14,mc.rf_UNDERTPhi,rf,UNDERTPhi,22,0.014801271580120809
DS14,mc.rf_UNDERTPhi,rf,UNDERTPhi,23,0.014875248975449628
DS14,mc.rf_UNDERTPhi,rf,UNDERTPhi,24,0.013808009085048784
DS14,mc.rf_UNDERTPhi,rf,UNDERTPhi,25,0.013648383240684315
DS14,mc.rf_UNDERTPhi,rf,UNDERTPhi,26,0.014173918277323524
DS14,mc.rf_UNDERTPhi,rf,UNDERTPhi,27,0.013301838404342767
DS14,mc.rf_UNDERTPhi,rf,UNDERTPhi,28,0.013662762433887539
DS14,mc.rf_UNDERTPhi,rf,UNDERTPhi,29,0.013196967480319708
DS14,mc.rf_UNDERTPhi,rf,UNDERTPhi,30,0.01183491573838606
DS14,mc.rf_UNDERTPhi,rf,UNDERTPhi,31,0.012196158811348012
DS14,mc.rf_UNDERTPhi,rf,UNDERTPhi,32,0.011752711490967738
DS14,mc.rf_UNDERTPhi,rf,UNDERTPhi,33,0.012417545924623439
DS14,mc.rf_UNDERTPhi,rf,UNDERTPhi,34,0.012669195316458848
DS14,mc.rf_UNDERTPhi,rf,UNDERTPhi,35,0.012616360082528134
DS14,mc.rf_UNDERTPhi,rf,UNDERTPhi,36,0.011686387480010782
DS14,mc.rf_UNDERTPhi,rf,UNDERTPhi,37,0.011367709970704786
DS14,mc.rf_UNDERTPhi,rf,UNDERTPhi,38,0.011526650933083483
DS14,mc.rf_UNDERTPhi,rf,UNDERTPhi,39,0.011755964841752658
DS14,mc.rf_UNDERTPhi,rf,UNDERTPhi,40,0.012821142691633555
DS14,mc.rf_UNDERTPhi,rf,UNDERTPhi,41,0.01142335701424246
DS14,mc.rf_UNDERTPhi,rf,UNDERTPhi,42,0.01158280979000447
DS14,mc.rf_UNDERTPhi,rf,UNDERTPhi,43,0.01165870993972644
DS14,mc.rf_UNDERTPhi,rf,UNDERTPhi,44,0.010530977646990939
DS14,mc.rf_UNDERTPhi,rf,UNDERTPhi,45,0.010609319969336155
DS14,mc.rf_UNDERTPhi,rf,UNDERTPhi,46,0.011074223398950861
DS14,mc.rf_UNDERTPhi,rf,UNDERTPhi,47,0.010917360894165472
DS14,mc.rf_UNDERTPhi,rf,UNDERTPhi,48,0.01032221832251041
DS14,mc.rf_UNDERTPhi,rf,UNDERTPhi,49,0.011164614796605465
DS14,mc.rf_UNDERTPhi,rf,UNDERTPhi,50,0.01187310885007033
DS14,mc.rf_UNDERT,rf,UNDERT,1,0.015437643914655623
DS14,mc.rf_UNDERT,rf,UNDERT,2,0.016146574563056626
DS14,mc.rf_UNDERT,rf,UNDERT,3,0.014695395312220711
DS14,mc.rf_UNDERT,rf,UNDERT,4,0.015506435383620558
DS14,mc.rf_UNDERT,rf,UNDERT,5,0.015323374337499801
DS14,mc.rf_UNDERT,rf,UNDERT,6,0.015989561666108855
DS14,mc.rf_UNDERT,rf,UNDERT,7,0.015433980888002744
DS14,mc.rf_UNDERT,rf,UNDERT,8,0.01606868647469014
DS14,mc.rf_UNDERT,rf,UNDERT,9,0.015554611026527762
DS14,mc.rf_UNDERT,rf,UNDERT,10,0.01607497706640953
DS14,mc.rf_UNDERT,rf,UNDERT,11,0.014906948923360449
DS14,mc.rf_UNDERT,rf,UNDERT,12,0.015447063577841189
DS14,mc.rf_UNDERT,rf,UNDERT,13,0.01518355918548692
DS14,mc.rf_UNDERT,rf,UNDERT,14,0.01600051495918903
DS14,mc.rf_UNDERT,rf,UNDERT,15,0.016013012600420543
DS14,mc.rf_UNDERT,rf,UNDERT,16,0.014523064715610462
DS14,mc.rf_UNDERT,rf,UNDERT,17,0.015478675004631792
DS14,mc.rf_UNDERT,rf,UNDERT,18,0.014974288402018723
DS14,mc.rf_UNDERT,rf,UNDERT,19,0.015020752556445261
DS14,mc.rf_UNDERT,rf,UNDERT,20,0.015190320475501883
DS14,mc.rf_UNDERT,rf,UNDERT,21,0.014931535349502404
DS14,mc.rf_UNDERT,rf,UNDERT,22,0.01482572042454058
DS14,mc.rf_UNDERT,rf,UNDERT,23,0.014141711196711846
DS14,mc.rf_UNDERT,rf,UNDERT,24,0.014888079339016706
DS14,mc.rf_UNDERT,rf,UNDERT,25,0.013812044708052276
DS14,mc.rf_UNDERT,rf,UNDERT,26,0.013618269475387431
DS14,mc.rf_UNDERT,rf,UNDERT,27,0.013699211565191521
DS14,mc.rf_UNDERT,rf,UNDERT,28,0.014468483084773573
DS14,mc.rf_UNDERT,rf,UNDERT,29,0.014449870121567378
DS14,mc.rf_UNDERT,rf,UNDERT,30,0.012364062126084097
DS14,mc.rf_UNDERT,rf,UNDERT,31,0.012517121229152365
DS14,mc.rf_UNDERT,rf,UNDERT,32,0.011754565321651592
DS14,mc.rf_UNDERT,rf,UNDERT,33,0.012207514629729197
DS14,mc.rf_UNDERT,rf,UNDERT,34,0.01257974874497108
DS14,mc.rf_UNDERT,rf,UNDERT,35,0.012090761454155765
DS14,mc.rf_UNDERT,rf,UNDERT,36,0.012641792534521554
DS14,mc.rf_UNDERT,rf,UNDERT,37,0.011579150059230608
DS14,mc.rf_UNDERT,rf,UNDERT,38,0.012527910355021543
DS14,mc.rf_UNDERT,rf,UNDERT,39,0.011404609777452298
DS14,mc.rf_UNDERT,rf,UNDERT,40,0.01165226885538658
DS14,mc.rf_UNDERT,rf,UNDERT,41,0.011340564169531761
DS14,mc.rf_UNDERT,rf,UNDERT,42,0.010813993707120252
DS14,mc.rf_UNDERT,rf,UNDERT,43,0.010460400039909912
DS14,mc.rf_UNDERT,rf,UNDERT,44,0.01150246532673396
DS14,mc.rf_UNDERT,rf,UNDERT,45,0.010783609830244257
DS14,mc.rf_UNDERT,rf,UNDERT,46,0.010529834837869881
DS14,mc.rf_UNDERT,rf,UNDERT,47,0.010622057212763544
DS14,mc.rf_UNDERT,rf,UNDERT,48,0.010304324236275923
DS14,mc.rf_UNDERT,rf,UNDERT,49,0.010327868184962336
DS14,mc.rf_UNDERT,rf,UNDERT,50,0.011032257533754706
DS14,mc.rf,rf,baseline,1,0.013886848365031294
DS14,mc.rf,rf,baseline,2,0.013466046737581939
DS14,mc.rf,rf,baseline,3,0.013877088845300216
DS14,mc.rf,rf,baseline,4,0.013779298117493479
DS14,mc.rf,rf,baseline,5,0.013684125930823856
DS14,mc.rf,rf,baseline,6,0.01387425117906109
DS14,mc.rf,rf,baseline,7,0.014122024533063729
DS14,mc.rf,rf,baseline,8,0.014602585996217003
DS14,mc.rf,rf,baseline,9,0.014480326082064558
DS14,mc.rf,rf,baseline,10,0.014914426025651033
DS14,mc.rf,rf,baseline,11,0.015244420353746655
DS14,mc.rf,rf,baseline,12,0.015098338247050596
DS14,mc.rf,rf,baseline,13,0.015011108391202174
DS14,mc.rf,rf,baseline,14,0.015229195045114491
DS14,mc.rf,rf,baseline,15,0.015183460273673975
DS14,mc.rf,rf,baseline,16,0.01478375794253478
DS14,mc.rf,rf,baseline,17,0.014807036522289803
DS14,mc.rf,rf,baseline,18,0.014776577337132182
DS14,mc.rf,rf,baseline,19,0.014593791076879198
DS14,mc.rf,rf,baseline,20,0.014408890411840482
DS14,mc.rf,rf,baseline,21,0.014342551424251717
DS14,mc.rf,rf,baseline,22,0.01421593232356107
DS14,mc.rf,rf,baseline,23,0.013776491894818685
DS14,mc.rf,rf,baseline,24,0.013307648648548871
DS14,mc.rf,rf,baseline,25,0.013451038743258256
DS14,mc.rf,rf,baseline,26,0.01310134083264948
DS14,mc.rf,rf,baseline,27,0.012216233289780174
DS14,mc.rf,rf,baseline,28,0.012255410987309064
DS14,mc.rf,rf,baseline,29,0.012387778577624667
DS14,mc.rf,rf,baseline,30,0.011837949762486364
DS14,mc.rf,rf,baseline,31,0.011361411823921188
DS14,mc.rf,rf,baseline,32,0.011134668042825166
DS14,mc.rf,rf,baseline,33,0.01109656019924004
DS14,mc.rf,rf,baseline,34,0.011006253572754707
DS14,mc.rf,rf,baseline,35,0.010610048970443948
DS14,mc.rf,rf,baseline,36,0.010560221461135477
DS14,mc.rf,rf,baseline,37,0.010424372999619312
DS14,mc.rf,rf,baseline,38,0.010366908632525018
DS14,mc.rf,rf,baseline,39,0.010242934676480265
DS14,mc.rf,rf,baseline,40,0.010076818659453118
DS14,mc.rf,rf,baseline,41,0.010085312265961242
DS14,mc.rf,rf,baseline,42,0.009377694611076988
DS14,mc.rf,rf,baseline,43,0.009310228774272634
DS14,mc.rf,rf,baseline,44,0.009298782758823176
DS14,mc.rf,rf,baseline,45,0.00929066576111025
DS14,mc.rf,rf,baseline,46,0.009378102908377164
DS14,mc.rf,rf,baseline,47,0.009134460973576649
DS14,mc.rf,rf,baseline,48,0.009044018865266398
DS14,mc.rf,rf,baseline,49,0.008860729155042386
DS14,mc.rf,rf,baseline,50,0.008967577669030967
DS14,mc.rpart_OVERB,rpart,OVERB,1,0.01702678819397609
DS14,mc.rpart_OVERB,rpart,OVERB,2,0.01711141457879075
DS14,mc.rpart_OVERB,rpart,OVERB,3,0.01814204824836782
DS14,mc.rpart_OVERB,rpart,OVERB,4,0.01795905322823081
DS14,mc.rpart_OVERB,rpart,OVERB,5,0.01778874240022687
DS14,mc.rpart_OVERB,rpart,OVERB,6,0.018959697732979192
DS14,mc.rpart_OVERB,rpart,OVERB,7,0.017380052079226892
DS14,mc.rpart_OVERB,rpart,OVERB,8,0.01890397499180791
DS14,mc.rpart_OVERB,rpart,OVERB,9,0.02183279508864036
DS14,mc.rpart_OVERB,rpart,OVERB,10,0.01946726264921651
DS14,mc.rpart_OVERB,rpart,OVERB,11,0.020052986864017703
DS14,mc.rpart_OVERB,rpart,OVERB,12,0.01802022904546292
DS14,mc.rpart_OVERB,rpart,OVERB,13,0.020915445239954172
DS14,mc.rpart_OVERB,rpart,OVERB,14,0.018478219423015786
DS14,mc.rpart_OVERB,rpart,OVERB,15,0.017284381821915294
DS14,mc.rpart_OVERB,rpart,OVERB,16,0.019275853450944062
DS14,mc.rpart_OVERB,rpart,OVERB,17,0.01882428261785887
DS14,mc.rpart_OVERB,rpart,OVERB,18,0.01946345906365853
DS14,mc.rpart_OVERB,rpart,OVERB,19,0.01664973001091777
DS14,mc.rpart_OVERB,rpart,OVERB,20,0.01805167582029368
DS14,mc.rpart_OVERB,rpart,OVERB,21,0.018160725026155955
DS14,mc.rpart_OVERB,rpart,OVERB,22,0.019073154931918003
DS14,mc.rpart_OVERB,rpart,OVERB,23,0.016977991954938973
DS14,mc.rpart_OVERB,rpart,OVERB,24,0.018149500483614807
DS14,mc.rpart_OVERB,rpart,OVERB,25,0.016767287546648683
DS14,mc.rpart_OVERB,rpart,OVERB,26,0.019657198427369658
DS14,mc.rpart_OVERB,rpart,OVERB,27,0.015637807481973187
DS14,mc.rpart_OVERB,rpart,OVERB,28,0.016637749367266176
DS14,mc.rpart_OVERB,rpart,OVERB,29,0.01574150056019471
DS14,mc.rpart_OVERB,rpart,OVERB,30,0.015447789580053944
DS14,mc.rpart_OVERB,rpart,OVERB,31,0.014715939587782511
DS14,mc.rpart_OVERB,rpart,OVERB,32,0.01601969733247208
DS14,mc.rpart_OVERB,rpart,OVERB,33,0.015641265412654
DS14,mc.rpart_OVERB,rpart,OVERB,34,0.015160862056816514
DS14,mc.rpart_OVERB,rpart,OVERB,35,0.013725046381831677
DS14,mc.rpart_OVERB,rpart,OVERB,36,0.014348312396118385
DS14,mc.rpart_OVERB,rpart,OVERB,37,0.015109811776685512
DS14,mc.rpart_OVERB,rpart,OVERB,38,0.014371749365673711
DS14,mc.rpart_OVERB,rpart,OVERB,39,0.014015752653731348
DS14,mc.rpart_OVERB,rpart,OVERB,40,0.014399870676027271
DS14,mc.rpart_OVERB,rpart,OVERB,41,0.013297376079429444
DS14,mc.rpart_OVERB,rpart,OVERB,42,0.01409537137274665
DS14,mc.rpart_OVERB,rpart,OVERB,43,0.0132714517433371
DS14,mc.rpart_OVERB,rpart,OVERB,44,0.013786902927382584
DS14,mc.rpart_OVERB,rpart,OVERB,45,0.014155022207283593
DS14,mc.rpart_OVERB,rpart,OVERB,46,0.014009064675361085
DS14,mc.rpart_OVERB,rpart,OVERB,47,0.013981075730269535
DS14,mc.rpart_OVERB,rpart,OVERB,48,0.012406248407910086
DS14,mc.rpart_OVERB,rpart,OVERB,49,0.012750548464935875
DS14,mc.rpart_OVERB,rpart,OVERB,50,0.0127664793760877
DS14,mc.rpart_OVERTPhi,rpart,OVERTPhi,1,0.017429892973209158
DS14,mc.rpart_OVERTPhi,rpart,OVERTPhi,2,0.017055034131367497
DS14,mc.rpart_OVERTPhi,rpart,OVERTPhi,3,0.01702597689232064
DS14,mc.rpart_OVERTPhi,rpart,OVERTPhi,4,0.018472433594280694
DS14,mc.rpart_OVERTPhi,rpart,OVERTPhi,5,0.017556914858399567
DS14,mc.rpart_OVERTPhi,rpart,OVERTPhi,6,0.0170266503195841
DS14,mc.rpart_OVERTPhi,rpart,OVERTPhi,7,0.01740258828539942
DS14,mc.rpart_OVERTPhi,rpart,OVERTPhi,8,0.018681790244691257
DS14,mc.rpart_OVERTPhi,rpart,OVERTPhi,9,0.020934636307250714
DS14,mc.rpart_OVERTPhi,rpart,OVERTPhi,10,0.02098985159766259
DS14,mc.rpart_OVERTPhi,rpart,OVERTPhi,11,0.018878437978235456
DS14,mc.rpart_OVERTPhi,rpart,OVERTPhi,12,0.018010970823342416
DS14,mc.rpart_OVERTPhi,rpart,OVERTPhi,13,0.0207392526559854
DS14,mc.rpart_OVERTPhi,rpart,OVERTPhi,14,0.020323116734812737
DS14,mc.rpart_OVERTPhi,rpart,OVERTPhi,15,0.019228604531205517
DS14,mc.rpart_OVERTPhi,rpart,OVERTPhi,16,0.01858117433871524
DS14,mc.rpart_OVERTPhi,rpart,OVERTPhi,17,0.018164586247763417
DS14,mc.rpart_OVERTPhi,rpart,OVERTPhi,18,0.018980829942127606
DS14,mc.rpart_OVERTPhi,rpart,OVERTPhi,19,0.018903145540016836
DS14,mc.rpart_OVERTPhi,rpart,OVERTPhi,20,0.019413118002856136
DS14,mc.rpart_OVERTPhi,rpart,OVERTPhi,21,0.01864589147765477
DS14,mc.rpart_OVERTPhi,rpart,OVERTPhi,22,0.018048879183209535
DS14,mc.rpart_OVERTPhi,rpart,OVERTPhi,23,0.018213884217996808
DS14,mc.rpart_OVERTPhi,rpart,OVERTPhi,24,0.01800941006907744
DS14,mc.rpart_OVERTPhi,rpart,OVERTPhi,25,0.017763990568456855
DS14,mc.rpart_OVERTPhi,rpart,OVERTPhi,26,0.017128229501132762
DS14,mc.rpart_OVERTPhi,rpart,OVERTPhi,27,0.01585011755202873
DS14,mc.rpart_OVERTPhi,rpart,OVERTPhi,28,0.018259605565863823
DS14,mc.rpart_OVERTPhi,rpart,OVERTPhi,29,0.01610473810601885
DS14,mc.rpart_OVERTPhi,rpart,OVERTPhi,30,0.015418926816505309
DS14,mc.rpart_OVERTPhi,rpart,OVERTPhi,31,0.014633754517876954
DS14,mc.rpart_OVERTPhi,rpart,OVERTPhi,32,0.014811102675982233
DS14,mc.rpart_OVERTPhi,rpart,OVERTPhi,33,0.013993258571648239
DS14,mc.rpart_OVERTPhi,rpart,OVERTPhi,34,0.013359207112807364
DS14,mc.rpart_OVERTPhi,rpart,OVERTPhi,35,0.01318432013683981
DS14,mc.rpart_OVERTPhi,rpart,OVERTPhi,36,0.013917133621110607
DS14,mc.rpart_OVERTPhi,rpart,OVERTPhi,37,0.014807376172326487
DS14,mc.rpart_OVERTPhi,rpart,OVERTPhi,38,0.013665547711282226
DS14,mc.rpart_OVERTPhi,rpart,OVERTPhi,39,0.013293496192692395
DS14,mc.rpart_OVERTPhi,rpart,OVERTPhi,40,0.013141067789685889
DS14,mc.rpart_OVERTPhi,rpart,OVERTPhi,41,0.01360497962602115
DS14,mc.rpart_OVERTPhi,rpart,OVERTPhi,42,0.013941503253102304
DS14,mc.rpart_OVERTPhi,rpart,OVERTPhi,43,0.0119729628740688
DS14,mc.rpart_OVERTPhi,rpart,OVERTPhi,44,0.011688013426197656
DS14,mc.rpart_OVERTPhi,rpart,OVERTPhi,45,0.011556355001166968
DS14,mc.rpart_OVERTPhi,rpart,OVERTPhi,46,0.013236819019215935
DS14,mc.rpart_OVERTPhi,rpart,OVERTPhi,47,0.012049777512116042
DS14,mc.rpart_OVERTPhi,rpart,OVERTPhi,48,0.010791150579337322
DS14,mc.rpart_OVERTPhi,rpart,OVERTPhi,49,0.011574733750849645
DS14,mc.rpart_OVERTPhi,rpart,OVERTPhi,50,0.012044090078758151
DS14,mc.rpart_OVERT,rpart,OVERT,1,0.017435935035857823
DS14,mc.rpart_OVERT,rpart,OVERT,2,0.01716413092729887
DS14,mc.rpart_OVERT,rpart,OVERT,3,0.016438190110545963
DS14,mc.rpart_OVERT,rpart,OVERT,4,0.018199106056805435
DS14,mc.rpart_OVERT,rpart,OVERT,5,0.01699143962737544
DS14,mc.rpart_OVERT,rpart,OVERT,6,0.017310813666635165
DS14,mc.rpart_OVERT,rpart,OVERT,7,0.02042068228684936
DS14,mc.rpart_OVERT,rpart,OVERT,8,0.01868258493211215
DS14,mc.rpart_OVERT,rpart,OVERT,9,0.020683217009538866
DS14,mc.rpart_OVERT,rpart,OVERT,10,0.019873817535615165
DS14,mc.rpart_OVERT,rpart,OVERT,11,0.01934767951467086
DS14,mc.rpart_OVERT,rpart,OVERT,12,0.020106617733825365
DS14,mc.rpart_OVERT,rpart,OVERT,13,0.019487031192312317
DS14,mc.rpart_OVERT,rpart,OVERT,14,0.020016518293733247
DS14,mc.rpart_OVERT,rpart,OVERT,15,0.018422864185176604
DS14,mc.rpart_OVERT,rpart,OVERT,16,0.018194332930204137
DS14,mc.rpart_OVERT,rpart,OVERT,17,0.01816771707775609
DS14,mc.rpart_OVERT,rpart,OVERT,18,0.018982773110464292
DS14,mc.rpart_OVERT,rpart,OVERT,19,0.019285760366165656
DS14,mc.rpart_OVERT,rpart,OVERT,20,0.019163034529995564
DS14,mc.rpart_OVERT,rpart,OVERT,21,0.01863261742110766
DS14,mc.rpart_OVERT,rpart,OVERT,22,0.017691590861373684
DS14,mc.rpart_OVERT,rpart,OVERT,23,0.018485602753252776
DS14,mc.rpart_OVERT,rpart,OVERT,24,0.01812861955354038
DS14,mc.rpart_OVERT,rpart,OVERT,25,0.017719679652200324
DS14,mc.rpart_OVERT,rpart,OVERT,26,0.016668924020172168
DS14,mc.rpart_OVERT,rpart,OVERT,27,0.016405329763206116
DS14,mc.rpart_OVERT,rpart,OVERT,28,0.01657329815654935
DS14,mc.rpart_OVERT,rpart,OVERT,29,0.016658513028329176
DS14,mc.rpart_OVERT,rpart,OVERT,30,0.015773928262321206
DS14,mc.rpart_OVERT,rpart,OVERT,31,0.014691677289068414
DS14,mc.rpart_OVERT,rpart,OVERT,32,0.01364649205824971
DS14,mc.rpart_OVERT,rpart,OVERT,33,0.01398934002338714
DS14,mc.rpart_OVERT,rpart,OVERT,34,0.013547088916943676
DS14,mc.rpart_OVERT,rpart,OVERT,35,0.013239526916600021
DS14,mc.rpart_OVERT,rpart,OVERT,36,0.014083972932881847
DS14,mc.rpart_OVERT,rpart,OVERT,37,0.014807405568759096
DS14,mc.rpart_OVERT,rpart,OVERT,38,0.014711517693621914
DS14,mc.rpart_OVERT,rpart,OVERT,39,0.013101744095953004
DS14,mc.rpart_OVERT,rpart,OVERT,40,0.013884797708283334
DS14,mc.rpart_OVERT,rpart,OVERT,41,0.013535312073092125
DS14,mc.rpart_OVERT,rpart,OVERT,42,0.012850029667067752
DS14,mc.rpart_OVERT,rpart,OVERT,43,0.01225770580765689
DS14,mc.rpart_OVERT,rpart,OVERT,44,0.012832113481213367
DS14,mc.rpart_OVERT,rpart,OVERT,45,0.012870068647696832
DS14,mc.rpart_OVERT,rpart,OVERT,46,0.012735816514320224
DS14,mc.rpart_OVERT,rpart,OVERT,47,0.010872849182127815
DS14,mc.rpart_OVERT,rpart,OVERT,48,0.012177365295294097
DS14,mc.rpart_OVERT,rpart,OVERT,49,0.012466241906474926
DS14,mc.rpart_OVERT,rpart,OVERT,50,0.013168561736399008
DS14,mc.rpart_SMOTEB,rpart,SMOTEB,1,0.026306514757983672
DS14,mc.rpart_SMOTEB,rpart,SMOTEB,2,0.02269029233270735
DS14,mc.rpart_SMOTEB,rpart,SMOTEB,3,0.026098605929455305
DS14,mc.rpart_SMOTEB,rpart,SMOTEB,4,0.02491765303921715
DS14,mc.rpart_SMOTEB,rpart,SMOTEB,5,0.02414379383031818
DS14,mc.rpart_SMOTEB,rpart,SMOTEB,6,0.024288841412970625
DS14,mc.rpart_SMOTEB,rpart,SMOTEB,7,0.02231498285288953
DS14,mc.rpart_SMOTEB,rpart,SMOTEB,8,0.022977032709058914
DS14,mc.rpart_SMOTEB,rpart,SMOTEB,9,0.022339621689377188
DS14,mc.rpart_SMOTEB,rpart,SMOTEB,10,0.025260097393655583
DS14,mc.rpart_SMOTEB,rpart,SMOTEB,11,0.02355571849225754
DS14,mc.rpart_SMOTEB,rpart,SMOTEB,12,0.024550121937668666
DS14,mc.rpart_SMOTEB,rpart,SMOTEB,13,0.022113240385119772
DS14,mc.rpart_SMOTEB,rpart,SMOTEB,14,0.022033962048791007
DS14,mc.rpart_SMOTEB,rpart,SMOTEB,15,0.022682228191677336
DS14,mc.rpart_SMOTEB,rpart,SMOTEB,16,0.02205740505458289
DS14,mc.rpart_SMOTEB,rpart,SMOTEB,17,0.020474701678575798
DS14,mc.rpart_SMOTEB,rpart,SMOTEB,18,0.02361740027457
DS14,mc.rpart_SMOTEB,rpart,SMOTEB,19,0.021248105652954003
DS14,mc.rpart_SMOTEB,rpart,SMOTEB,20,0.018784858948080237
DS14,mc.rpart_SMOTEB,rpart,SMOTEB,21,0.020822220246950164
DS14,mc.rpart_SMOTEB,rpart,SMOTEB,22,0.022708185882507413
DS14,mc.rpart_SMOTEB,rpart,SMOTEB,23,0.020799317532431708
DS14,mc.rpart_SMOTEB,rpart,SMOTEB,24,0.019181259507998687
DS14,mc.rpart_SMOTEB,rpart,SMOTEB,25,0.01945173042817255
DS14,mc.rpart_SMOTEB,rpart,SMOTEB,26,0.017918093030291318
DS14,mc.rpart_SMOTEB,rpart,SMOTEB,27,0.01924331119912818
DS14,mc.rpart_SMOTEB,rpart,SMOTEB,28,0.020035114047159523
DS14,mc.rpart_SMOTEB,rpart,SMOTEB,29,0.01928085870683293
DS14,mc.rpart_SMOTEB,rpart,SMOTEB,30,0.021031613650767268
DS14,mc.rpart_SMOTEB,rpart,SMOTEB,31,0.019160256597950932
DS14,mc.rpart_SMOTEB,rpart,SMOTEB,32,0.020368584635646704
DS14,mc.rpart_SMOTEB,rpart,SMOTEB,33,0.019955181914971292
DS14,mc.rpart_SMOTEB,rpart,SMOTEB,34,0.018749523326525963
DS14,mc.rpart_SMOTEB,rpart,SMOTEB,35,0.01791040579586988
DS14,mc.rpart_SMOTEB,rpart,SMOTEB,36,0.020658431705536832
DS14,mc.rpart_SMOTEB,rpart,SMOTEB,37,0.018892638988682445
DS14,mc.rpart_SMOTEB,rpart,SMOTEB,38,0.019285280357309725
DS14,mc.rpart_SMOTEB,rpart,SMOTEB,39,0.01930228014577896
DS14,mc.rpart_SMOTEB,rpart,SMOTEB,40,0.019380874412266987
DS14,mc.rpart_SMOTEB,rpart,SMOTEB,41,0.019782084446845625
DS14,mc.rpart_SMOTEB,rpart,SMOTEB,42,0.019003382923786227
DS14,mc.rpart_SMOTEB,rpart,SMOTEB,43,0.0196464895760575
DS14,mc.rpart_SMOTEB,rpart,SMOTEB,44,0.017395237729222066
DS14,mc.rpart_SMOTEB,rpart,SMOTEB,45,0.019626589390980158
DS14,mc.rpart_SMOTEB,rpart,SMOTEB,46,0.017264585546521553
DS14,mc.rpart_SMOTEB,rpart,SMOTEB,47,0.017920114141034962
DS14,mc.rpart_SMOTEB,rpart,SMOTEB,48,0.019251515609642167
DS14,mc.rpart_SMOTEB,rpart,SMOTEB,49,0.01866868512427676
DS14,mc.rpart_SMOTEB,rpart,SMOTEB,50,0.017491551423881143
DS14,mc.rpart_SMOTETPhi,rpart,SMOTETPhi,1,0.02742264128701765
DS14,mc.rpart_SMOTETPhi,rpart,SMOTETPhi,2,0.026196867933856588
DS14,mc.rpart_SMOTETPhi,rpart,SMOTETPhi,3,0.026279578700188554
DS14,mc.rpart_SMOTETPhi,rpart,SMOTETPhi,4,0.02643881479293622
DS14,mc.rpart_SMOTETPhi,rpart,SMOTETPhi,5,0.030367669449405114
DS14,mc.rpart_SMOTETPhi,rpart,SMOTETPhi,6,0.02720507101332042
DS14,mc.rpart_SMOTETPhi,rpart,SMOTETPhi,7,0.027202188097631908
DS14,mc.rpart_SMOTETPhi,rpart,SMOTETPhi,8,0.02749049426537343
DS14,mc.rpart_SMOTETPhi,rpart,SMOTETPhi,9,0.02915915263590962
DS14,mc.rpart_SMOTETPhi,rpart,SMOTETPhi,10,0.027407050491280522
DS14,mc.rpart_SMOTETPhi,rpart,SMOTETPhi,11,0.0249603865158228
DS14,mc.rpart_SMOTETPhi,rpart,SMOTETPhi,12,0.024799751639901457
DS14,mc.rpart_SMOTETPhi,rpart,SMOTETPhi,13,0.026560084784133412
DS14,mc.rpart_SMOTETPhi,rpart,SMOTETPhi,14,0.02655106833245027
DS14,mc.rpart_SMOTETPhi,rpart,SMOTETPhi,15,0.024863147372240907
DS14,mc.rpart_SMOTETPhi,rpart,SMOTETPhi,16,0.024952497519191562
DS14,mc.rpart_SMOTETPhi,rpart,SMOTETPhi,17,0.022942043026117843
DS14,mc.rpart_SMOTETPhi,rpart,SMOTETPhi,18,0.02368972899328074
DS14,mc.rpart_SMOTETPhi,rpart,SMOTETPhi,19,0.021754569635650842
DS14,mc.rpart_SMOTETPhi,rpart,SMOTETPhi,20,0.022505300638083852
DS14,mc.rpart_SMOTETPhi,rpart,SMOTETPhi,21,0.023489029207906027
DS14,mc.rpart_SMOTETPhi,rpart,SMOTETPhi,22,0.021385869511276728
DS14,mc.rpart_SMOTETPhi,rpart,SMOTETPhi,23,0.02249091140214099
DS14,mc.rpart_SMOTETPhi,rpart,SMOTETPhi,24,0.020853079952154498
DS14,mc.rpart_SMOTETPhi,rpart,SMOTETPhi,25,0.022917808993831498
DS14,mc.rpart_SMOTETPhi,rpart,SMOTETPhi,26,0.020213648478990154
DS14,mc.rpart_SMOTETPhi,rpart,SMOTETPhi,27,0.021275082914293253
DS14,mc.rpart_SMOTETPhi,rpart,SMOTETPhi,28,0.02204827819701125
DS14,mc.rpart_SMOTETPhi,rpart,SMOTETPhi,29,0.01993628652908421
DS14,mc.rpart_SMOTETPhi,rpart,SMOTETPhi,30,0.01926902196040932
DS14,mc.rpart_SMOTETPhi,rpart,SMOTETPhi,31,0.01899380714998655
DS14,mc.rpart_SMOTETPhi,rpart,SMOTETPhi,32,0.01933212774416562
DS14,mc.rpart_SMOTETPhi,rpart,SMOTETPhi,33,0.019363882138708988
DS14,mc.rpart_SMOTETPhi,rpart,SMOTETPhi,34,0.02138076399874956
DS14,mc.rpart_SMOTETPhi,rpart,SMOTETPhi,35,0.018819749741991083
DS14,mc.rpart_SMOTETPhi,rpart,SMOTETPhi,36,0.020453948113739222
DS14,mc.rpart_SMOTETPhi,rpart,SMOTETPhi,37,0.020579981347616006
DS14,mc.rpart_SMOTETPhi,rpart,SMOTETPhi,38,0.022648689126499217
DS14,mc.rpart_SMOTETPhi,rpart,SMOTETPhi,39,0.019539869240313163
DS14,mc.rpart_SMOTETPhi,rpart,SMOTETPhi,40,0.01854163190653309
DS14,mc.rpart_SMOTETPhi,rpart,SMOTETPhi,41,0.01991523477718917
DS14,mc.rpart_SMOTETPhi,rpart,SMOTETPhi,42,0.019219292217561627
DS14,mc.rpart_SMOTETPhi,rpart,SMOTETPhi,43,0.020429049542372752
DS14,mc.rpart_SMOTETPhi,rpart,SMOTETPhi,44,0.01942297986339637
DS14,mc.rpart_SMOTETPhi,rpart,SMOTETPhi,45,0.016714251871832647
DS14,mc.rpart_SMOTETPhi,rpart,SMOTETPhi,46,0.015479799436715229
DS14,mc.rpart_SMOTETPhi,rpart,SMOTETPhi,47,0.020044172415474352
DS14,mc.rpart_SMOTETPhi,rpart,SMOTETPhi,48,0.017993754800803338
DS14,mc.rpart_SMOTETPhi,rpart,SMOTETPhi,49,0.01659002656644289
DS14,mc.rpart_SMOTETPhi,rpart,SMOTETPhi,50,0.019057877573430557
DS14,mc.rpart_SMOTET,rpart,SMOTET,1,0.02754635626087355
DS14,mc.rpart_SMOTET,rpart,SMOTET,2,0.025265614047483117
DS14,mc.rpart_SMOTET,rpart,SMOTET,3,0.027790822266251746
DS14,mc.rpart_SMOTET,rpart,SMOTET,4,0.026222428010770897
DS14,mc.rpart_SMOTET,rpart,SMOTET,5,0.025583802392533255
DS14,mc.rpart_SMOTET,rpart,SMOTET,6,0.02554033840023589
DS14,mc.rpart_SMOTET,rpart,SMOTET,7,0.02955350538904633
DS14,mc.rpart_SMOTET,rpart,SMOTET,8,0.02500336918944284
DS14,mc.rpart_SMOTET,rpart,SMOTET,9,0.023848157012303074
DS14,mc.rpart_SMOTET,rpart,SMOTET,10,0.025673494636511852
DS14,mc.rpart_SMOTET,rpart,SMOTET,11,0.026810703985176355
DS14,mc.rpart_SMOTET,rpart,SMOTET,12,0.025921164511370973
DS14,mc.rpart_SMOTET,rpart,SMOTET,13,0.023843594699733024
DS14,mc.rpart_SMOTET,rpart,SMOTET,14,0.02536642652985963
DS14,mc.rpart_SMOTET,rpart,SMOTET,15,0.024439772843503505
DS14,mc.rpart_SMOTET,rpart,SMOTET,16,0.02373395302283335
DS14,mc.rpart_SMOTET,rpart,SMOTET,17,0.022300668503074793
DS14,mc.rpart_SMOTET,rpart,SMOTET,18,0.02396562495834351
DS14,mc.rpart_SMOTET,rpart,SMOTET,19,0.022279142194641062
DS14,mc.rpart_SMOTET,rpart,SMOTET,20,0.019700360617062342
DS14,mc.rpart_SMOTET,rpart,SMOTET,21,0.02199635537231039
DS14,mc.rpart_SMOTET,rpart,SMOTET,22,0.02118009634322587
DS14,mc.rpart_SMOTET,rpart,SMOTET,23,0.022478753541472357
DS14,mc.rpart_SMOTET,rpart,SMOTET,24,0.019056551395332234
DS14,mc.rpart_SMOTET,rpart,SMOTET,25,0.0201572534121511
DS14,mc.rpart_SMOTET,rpart,SMOTET,26,0.02082167038401356
DS14,mc.rpart_SMOTET,rpart,SMOTET,27,0.021238024610081337
DS14,mc.rpart_SMOTET,rpart,SMOTET,28,0.018853332919644097
DS14,mc.rpart_SMOTET,rpart,SMOTET,29,0.021836458214757753
DS14,mc.rpart_SMOTET,rpart,SMOTET,30,0.017557014479180122
DS14,mc.rpart_SMOTET,rpart,SMOTET,31,0.019054219904904298
DS14,mc.rpart_SMOTET,rpart,SMOTET,32,0.019825912422613917
DS14,mc.rpart_SMOTET,rpart,SMOTET,33,0.018025725181245202
DS14,mc.rpart_SMOTET,rpart,SMOTET,34,0.018768461318554593
DS14,mc.rpart_SMOTET,rpart,SMOTET,35,0.017152588865610503
DS14,mc.rpart_SMOTET,rpart,SMOTET,36,0.019055243224777623
DS14,mc.rpart_SMOTET,rpart,SMOTET,37,0.020138602958611286
DS14,mc.rpart_SMOTET,rpart,SMOTET,38,0.019479984351147277
DS14,mc.rpart_SMOTET,rpart,SMOTET,39,0.018034867547085682
DS14,mc.rpart_SMOTET,rpart,SMOTET,40,0.01801726419991916
DS14,mc.rpart_SMOTET,rpart,SMOTET,41,0.019358453853446495
DS14,mc.rpart_SMOTET,rpart,SMOTET,42,0.01642003630960424
DS14,mc.rpart_SMOTET,rpart,SMOTET,43,0.01870113445060765
DS14,mc.rpart_SMOTET,rpart,SMOTET,44,0.017971601809073402
DS14,mc.rpart_SMOTET,rpart,SMOTET,45,0.017954642228654324
DS14,mc.rpart_SMOTET,rpart,SMOTET,46,0.0187465315337554
DS14,mc.rpart_SMOTET,rpart,SMOTET,47,0.01745936515458839
DS14,mc.rpart_SMOTET,rpart,SMOTET,48,0.017317312469810452
DS14,mc.rpart_SMOTET,rpart,SMOTET,49,0.018518048279832996
DS14,mc.rpart_SMOTET,rpart,SMOTET,50,0.01727495821136349
DS14,mc.rpart_UNDERB,rpart,UNDERB,1,0.02317502208373981
DS14,mc.rpart_UNDERB,rpart,UNDERB,2,0.026818026528993903
DS14,mc.rpart_UNDERB,rpart,UNDERB,3,0.026446469313391386
DS14,mc.rpart_UNDERB,rpart,UNDERB,4,0.02301272443640281
DS14,mc.rpart_UNDERB,rpart,UNDERB,5,0.024280452235391242
DS14,mc.rpart_UNDERB,rpart,UNDERB,6,0.024068697642729907
DS14,mc.rpart_UNDERB,rpart,UNDERB,7,0.020059942535300846
DS14,mc.rpart_UNDERB,rpart,UNDERB,8,0.02375910274108277
DS14,mc.rpart_UNDERB,rpart,UNDERB,9,0.024206867534632904
DS14,mc.rpart_UNDERB,rpart,UNDERB,10,0.02360192735738549
DS14,mc.rpart_UNDERB,rpart,UNDERB,11,0.019736911461109077
DS14,mc.rpart_UNDERB,rpart,UNDERB,12,0.02165843665043413
DS14,mc.rpart_UNDERB,rpart,UNDERB,13,0.023603212634532997
DS14,mc.rpart_UNDERB,rpart,UNDERB,14,0.020392224216580802
DS14,mc.rpart_UNDERB,rpart,UNDERB,15,0.021643053941252405
DS14,mc.rpart_UNDERB,rpart,UNDERB,16,0.021285220602775136
DS14,mc.rpart_UNDERB,rpart,UNDERB,17,0.0192234871241621
DS14,mc.rpart_UNDERB,rpart,UNDERB,18,0.021845431860280665
DS14,mc.rpart_UNDERB,rpart,UNDERB,19,0.02010460719536871
DS14,mc.rpart_UNDERB,rpart,UNDERB,20,0.021228281343524166
DS14,mc.rpart_UNDERB,rpart,UNDERB,21,0.02128025782788825
DS14,mc.rpart_UNDERB,rpart,UNDERB,22,0.024516603506156608
DS14,mc.rpart_UNDERB,rpart,UNDERB,23,0.019189220295829115
DS14,mc.rpart_UNDERB,rpart,UNDERB,24,0.01796311027665153
DS14,mc.rpart_UNDERB,rpart,UNDERB,25,0.019186679604780214
DS14,mc.rpart_UNDERB,rpart,UNDERB,26,0.019657282447639677
DS14,mc.rpart_UNDERB,rpart,UNDERB,27,0.020928188297520606
DS14,mc.rpart_UNDERB,rpart,UNDERB,28,0.019045575481736757
DS14,mc.rpart_UNDERB,rpart,UNDERB,29,0.019295534719243213
DS14,mc.rpart_UNDERB,rpart,UNDERB,30,0.018629808370499965
DS14,mc.rpart_UNDERB,rpart,UNDERB,31,0.019094821105007615
DS14,mc.rpart_UNDERB,rpart,UNDERB,32,0.017727856114169792
DS14,mc.rpart_UNDERB,rpart,UNDERB,33,0.01763533684131692
DS14,mc.rpart_UNDERB,rpart,UNDERB,34,0.017450377499088995
DS14,mc.rpart_UNDERB,rpart,UNDERB,35,0.018149364791590496
DS14,mc.rpart_UNDERB,rpart,UNDERB,36,0.01680344086079086
DS14,mc.rpart_UNDERB,rpart,UNDERB,37,0.01599455254328295
DS14,mc.rpart_UNDERB,rpart,UNDERB,38,0.017669160208672652
DS14,mc.rpart_UNDERB,rpart,UNDERB,39,0.017613972813761602
DS14,mc.rpart_UNDERB,rpart,UNDERB,40,0.017505093994058193
DS14,mc.rpart_UNDERB,rpart,UNDERB,41,0.019000985393886605
DS14,mc.rpart_UNDERB,rpart,UNDERB,42,0.017465836181641464
DS14,mc.rpart_UNDERB,rpart,UNDERB,43,0.016230381929725993
DS14,mc.rpart_UNDERB,rpart,UNDERB,44,0.017743225285392645
DS14,mc.rpart_UNDERB,rpart,UNDERB,45,0.015896611371223765
DS14,mc.rpart_UNDERB,rpart,UNDERB,46,0.01622273106812543
DS14,mc.rpart_UNDERB,rpart,UNDERB,47,0.017409813941973273
DS14,mc.rpart_UNDERB,rpart,UNDERB,48,0.01513173675587798
DS14,mc.rpart_UNDERB,rpart,UNDERB,49,0.01788997882734302
DS14,mc.rpart_UNDERB,rpart,UNDERB,50,0.015942039802794915
DS14,mc.rpart_UNDERTPhi,rpart,UNDERTPhi,1,0.026821077080839036
DS14,mc.rpart_UNDERTPhi,rpart,UNDERTPhi,2,0.02547648184690935
DS14,mc.rpart_UNDERTPhi,rpart,UNDERTPhi,3,0.026680145132299757
DS14,mc.rpart_UNDERTPhi,rpart,UNDERTPhi,4,0.027428181051158042
DS14,mc.rpart_UNDERTPhi,rpart,UNDERTPhi,5,0.021685962698098842
DS14,mc.rpart_UNDERTPhi,rpart,UNDERTPhi,6,0.026580033180461548
DS14,mc.rpart_UNDERTPhi,rpart,UNDERTPhi,7,0.024063664629383804
DS14,mc.rpart_UNDERTPhi,rpart,UNDERTPhi,8,0.026081580283370084
DS14,mc.rpart_UNDERTPhi,rpart,UNDERTPhi,9,0.02609509813389917
DS14,mc.rpart_UNDERTPhi,rpart,UNDERTPhi,10,0.02570257451106325
DS14,mc.rpart_UNDERTPhi,rpart,UNDERTPhi,11,0.02025519210255836
DS14,mc.rpart_UNDERTPhi,rpart,UNDERTPhi,12,0.023061682737902496
DS14,mc.rpart_UNDERTPhi,rpart,UNDERTPhi,13,0.022415851962210905
DS14,mc.rpart_UNDERTPhi,rpart,UNDERTPhi,14,0.024476748574406255
DS14,mc.rpart_UNDERTPhi,rpart,UNDERTPhi,15,0.024562554031205965
DS14,mc.rpart_UNDERTPhi,rpart,UNDERTPhi,16,0.02125390557842212
DS14,mc.rpart_UNDERTPhi,rpart,UNDERTPhi,17,0.01888319347153577
DS14,mc.rpart_UNDERTPhi,rpart,UNDERTPhi,18,0.021591085186438427
DS14,mc.rpart_UNDERTPhi,rpart,UNDERTPhi,19,0.021126180922478335
DS14,mc.rpart_UNDERTPhi,rpart,UNDERTPhi,20,0.0200798919142087
DS14,mc.rpart_UNDERTPhi,rpart,UNDERTPhi,21,0.0184199188422667
DS14,mc.rpart_UNDERTPhi,rpart,UNDERTPhi,22,0.019899396736711414
DS14,mc.rpart_UNDERTPhi,rpart,UNDERTPhi,23,0.01915113519164773
DS14,mc.rpart_UNDERTPhi,rpart,UNDERTPhi,24,0.016811560151459196
DS14,mc.rpart_UNDERTPhi,rpart,UNDERTPhi,25,0.018691600553642874
DS14,mc.rpart_UNDERTPhi,rpart,UNDERTPhi,26,0.021310465014032505
DS14,mc.rpart_UNDERTPhi,rpart,UNDERTPhi,27,0.01887508484668942
DS14,mc.rpart_UNDERTPhi,rpart,UNDERTPhi,28,0.01981512477162197
DS14,mc.rpart_UNDERTPhi,rpart,UNDERTPhi,29,0.019650633496063247
DS14,mc.rpart_UNDERTPhi,rpart,UNDERTPhi,30,0.017178589163101454
DS14,mc.rpart_UNDERTPhi,rpart,UNDERTPhi,31,0.021045233397390554
DS14,mc.rpart_UNDERTPhi,rpart,UNDERTPhi,32,0.020945469112970908
DS14,mc.rpart_UNDERTPhi,rpart,UNDERTPhi,33,0.01814549914893049
DS14,mc.rpart_UNDERTPhi,rpart,UNDERTPhi,34,0.017625476224205957
DS14,mc.rpart_UNDERTPhi,rpart,UNDERTPhi,35,0.017930186978762395
DS14,mc.rpart_UNDERTPhi,rpart,UNDERTPhi,36,0.020135001588480177
DS14,mc.rpart_UNDERTPhi,rpart,UNDERTPhi,37,0.018685520111112318
DS14,mc.rpart_UNDERTPhi,rpart,UNDERTPhi,38,0.01637334648192678
DS14,mc.rpart_UNDERTPhi,rpart,UNDERTPhi,39,0.019060578692150467
DS14,mc.rpart_UNDERTPhi,rpart,UNDERTPhi,40,0.019411032062574114
DS14,mc.rpart_UNDERTPhi,rpart,UNDERTPhi,41,0.016973908670406077
DS14,mc.rpart_UNDERTPhi,rpart,UNDERTPhi,42,0.016812519552399655
DS14,mc.rpart_UNDERTPhi,rpart,UNDERTPhi,43,0.02040668757683383
DS14,mc.rpart_UNDERTPhi,rpart,UNDERTPhi,44,0.018099427738427327
DS14,mc.rpart_UNDERTPhi,rpart,UNDERTPhi,45,0.016368948525735366
DS14,mc.rpart_UNDERTPhi,rpart,UNDERTPhi,46,0.01591251229366507
DS14,mc.rpart_UNDERTPhi,rpart,UNDERTPhi,47,0.01773563311531994
DS14,mc.rpart_UNDERTPhi,rpart,UNDERTPhi,48,0.0195787578626934
DS14,mc.rpart_UNDERTPhi,rpart,UNDERTPhi,49,0.018770358299239488
DS14,mc.rpart_UNDERTPhi,rpart,UNDERTPhi,50,0.01805658555067148
DS14,mc.rpart_UNDERT,rpart,UNDERT,1,0.02554556996918122
DS14,mc.rpart_UNDERT,rpart,UNDERT,2,0.026655991660647953
DS14,mc.rpart_UNDERT,rpart,UNDERT,3,0.025663678153094793
DS14,mc.rpart_UNDERT,rpart,UNDERT,4,0.020383051490049448
DS14,mc.rpart_UNDERT,rpart,UNDERT,5,0.024270872742006146
DS14,mc.rpart_UNDERT,rpart,UNDERT,6,0.024412585689139146
DS14,mc.rpart_UNDERT,rpart,UNDERT,7,0.024848143047759903
DS14,mc.rpart_UNDERT,rpart,UNDERT,8,0.02359506743991075
DS14,mc.rpart_UNDERT,rpart,UNDERT,9,0.025029365470108655
DS14,mc.rpart_UNDERT,rpart,UNDERT,10,0.02242179735569426
DS14,mc.rpart_UNDERT,rpart,UNDERT,11,0.02297980382791094
DS14,mc.rpart_UNDERT,rpart,UNDERT,12,0.021321374123604943
DS14,mc.rpart_UNDERT,rpart,UNDERT,13,0.022040644071270092
DS14,mc.rpart_UNDERT,rpart,UNDERT,14,0.020748446711977973
DS14,mc.rpart_UNDERT,rpart,UNDERT,15,0.02270171393394849
DS14,mc.rpart_UNDERT,rpart,UNDERT,16,0.02096337757040127
DS14,mc.rpart_UNDERT,rpart,UNDERT,17,0.019919274499591775
DS14,mc.rpart_UNDERT,rpart,UNDERT,18,0.021300798572885596
DS14,mc.rpart_UNDERT,rpart,UNDERT,19,0.019510105460436387
DS14,mc.rpart_UNDERT,rpart,UNDERT,20,0.02071647571945841
DS14,mc.rpart_UNDERT,rpart,UNDERT,21,0.020527009804537404
DS14,mc.rpart_UNDERT,rpart,UNDERT,22,0.01939584246118243
DS14,mc.rpart_UNDERT,rpart,UNDERT,23,0.020432766880127774
DS14,mc.rpart_UNDERT,rpart,UNDERT,24,0.019582555640168427
DS14,mc.rpart_UNDERT,rpart,UNDERT,25,0.017996795504738136
DS14,mc.rpart_UNDERT,rpart,UNDERT,26,0.018692755873972698
DS14,mc.rpart_UNDERT,rpart,UNDERT,27,0.01866925626927953
DS14,mc.rpart_UNDERT,rpart,UNDERT,28,0.02220621259424589
DS14,mc.rpart_UNDERT,rpart,UNDERT,29,0.019839374244286834
DS14,mc.rpart_UNDERT,rpart,UNDERT,30,0.018421830156104827
DS14,mc.rpart_UNDERT,rpart,UNDERT,31,0.018876945076407997
DS14,mc.rpart_UNDERT,rpart,UNDERT,32,0.018490195584654874
DS14,mc.rpart_UNDERT,rpart,UNDERT,33,0.017857458001132965
DS14,mc.rpart_UNDERT,rpart,UNDERT,34,0.020168335958288826
DS14,mc.rpart_UNDERT,rpart,UNDERT,35,0.019995275794042793
DS14,mc.rpart_UNDERT,rpart,UNDERT,36,0.018044728468162165
DS14,mc.rpart_UNDERT,rpart,UNDERT,37,0.017163135613191164
DS14,mc.rpart_UNDERT,rpart,UNDERT,38,0.01845449358885891
DS14,mc.rpart_UNDERT,rpart,UNDERT,39,0.015293816089345096
DS14,mc.rpart_UNDERT,rpart,UNDERT,40,0.016209078422333465
DS14,mc.rpart_UNDERT,rpart,UNDERT,41,0.01768639084804521
DS14,mc.rpart_UNDERT,rpart,UNDERT,42,0.01613710630603018
DS14,mc.rpart_UNDERT,rpart,UNDERT,43,0.01616324605566066
DS14,mc.rpart_UNDERT,rpart,UNDERT,44,0.016531617824662795
DS14,mc.rpart_UNDERT,rpart,UNDERT,45,0.015565619670174707
DS14,mc.rpart_UNDERT,rpart,UNDERT,46,0.015417877228294664
DS14,mc.rpart_UNDERT,rpart,UNDERT,47,0.01481417082736513
DS14,mc.rpart_UNDERT,rpart,UNDERT,48,0.016907044808425958
DS14,mc.rpart_UNDERT,rpart,UNDERT,49,0.01489903482687596
DS14,mc.rpart_UNDERT,rpart,UNDERT,50,0.01680493354735005
DS14,mc.rpart,rpart,baseline,1,0.018786136550355045
DS14,mc.rpart,rpart,baseline,2,0.0175316399094974
DS14,mc.rpart,rpart,baseline,3,0.018175362012698426
DS14,mc.rpart,rpart,baseline,4,0.017341585765818346
DS14,mc.rpart,rpart,baseline,5,0.018024628987388346
DS14,mc.rpart,rpart,baseline,6,0.018367699470631316
DS14,mc.rpart,rpart,baseline,7,0.018489323790690574
DS14,mc.rpart,rpart,baseline,8,0.019017853014763043
DS14,mc.rpart,rpart,baseline,9,0.0190778362396645
DS14,mc.rpart,rpart,baseline,10,0.019028408817634863
DS14,mc.rpart,rpart,baseline,11,0.018966198143602345
DS14,mc.rpart,rpart,baseline,12,0.018983328441928
DS14,mc.rpart,rpart,baseline,13,0.018946637593952022
DS14,mc.rpart,rpart,baseline,14,0.017957549566581098
DS14,mc.rpart,rpart,baseline,15,0.018308899517400588
DS14,mc.rpart,rpart,baseline,16,0.017699441890898445
DS14,mc.rpart,rpart,baseline,17,0.01748658322465926
DS14,mc.rpart,rpart,baseline,18,0.018845753955093043
DS14,mc.rpart,rpart,baseline,19,0.01724059977471776
DS14,mc.rpart,rpart,baseline,20,0.017814515801902287
DS14,mc.rpart,rpart,baseline,21,0.018849358240314265
DS14,mc.rpart,rpart,baseline,22,0.01738790683875749
DS14,mc.rpart,rpart,baseline,23,0.01572569233528084
DS14,mc.rpart,rpart,baseline,24,0.01505080840516391
DS14,mc.rpart,rpart,baseline,25,0.0159572221138906
DS14,mc.rpart,rpart,baseline,26,0.017825636647583076
DS14,mc.rpart,rpart,baseline,27,0.016059827642949522
DS14,mc.rpart,rpart,baseline,28,0.0158427810450182
DS14,mc.rpart,rpart,baseline,29,0.014930775266052226
DS14,mc.rpart,rpart,baseline,30,0.014157103926326743
DS14,mc.rpart,rpart,baseline,31,0.014668004896908199
DS14,mc.rpart,rpart,baseline,32,0.014387867080172248
DS14,mc.rpart,rpart,baseline,33,0.01459766017065226
DS14,mc.rpart,rpart,baseline,34,0.014717840997596689
DS14,mc.rpart,rpart,baseline,35,0.013875555221940384
DS14,mc.rpart,rpart,baseline,36,0.01314973529241652
DS14,mc.rpart,rpart,baseline,37,0.01377675332086142
DS14,mc.rpart,rpart,baseline,38,0.013334335567891861
DS14,mc.rpart,rpart,baseline,39,0.013804270934677778
DS14,mc.rpart,rpart,baseline,40,0.012521110284754777
DS14,mc.rpart,rpart,baseline,41,0.013498744234952608
DS14,mc.rpart,rpart,baseline,42,0.011990028060761158
DS14,mc.rpart,rpart,baseline,43,0.012084090440046014
DS14,mc.rpart,rpart,baseline,44,0.011426459903267681
DS14,mc.rpart,rpart,baseline,45,0.011537456764989424
DS14,mc.rpart,rpart,baseline,46,0.011869644528270773
DS14,mc.rpart,rpart,baseline,47,0.012491645692319725
DS14,mc.rpart,rpart,baseline,48,0.012150980284831178
DS14,mc.rpart,rpart,baseline,49,0.011561610999066812
DS14,mc.rpart,rpart,baseline,50,0.011207037453069238
DS14,mc.svm_OVERB,svm,OVERB,1,0.018348478726299782
DS14,mc.svm_OVERB,svm,OVERB,2,0.019165630979210844
DS14,mc.svm_OVERB,svm,OVERB,3,0.018843984651505618
DS14,mc.svm_OVERB,svm,OVERB,4,0.019429882653078424
DS14,mc.svm_OVERB,svm,OVERB,5,0.019949559021380018
DS14,mc.svm_OVERB,svm,OVERB,6,0.021274464069025258
DS14,mc.svm_OVERB,svm,OVERB,7,0.018885881363188337
DS14,mc.svm_OVERB,svm,OVERB,8,0.018505214072291717
DS14,mc.svm_OVERB,svm,OVERB,9,0.017769273526916696
DS14,mc.svm_OVERB,svm,OVERB,10,0.01737302120535406
DS14,mc.svm_OVERB,svm,OVERB,11,0.01755561254750289
DS14,mc.svm_OVERB,svm,OVERB,12,0.016436646576409794
DS14,mc.svm_OVERB,svm,OVERB,13,0.017014449354569083
DS14,mc.svm_OVERB,svm,OVERB,14,0.017208447789020937
DS14,mc.svm_OVERB,svm,OVERB,15,0.016845458147201203
DS14,mc.svm_OVERB,svm,OVERB,16,0.016152769989735926
DS14,mc.svm_OVERB,svm,OVERB,17,0.016493684882125197
DS14,mc.svm_OVERB,svm,OVERB,18,0.015929933724652654
DS14,mc.svm_OVERB,svm,OVERB,19,0.01732571813963646
DS14,mc.svm_OVERB,svm,OVERB,20,0.016621402410265725
DS14,mc.svm_OVERB,svm,OVERB,21,0.017897609939985494
DS14,mc.svm_OVERB,svm,OVERB,22,0.016229369128683745
DS14,mc.svm_OVERB,svm,OVERB,23,0.016921302375207326
DS14,mc.svm_OVERB,svm,OVERB,24,0.016089808436890306
DS14,mc.svm_OVERB,svm,OVERB,25,0.016524019160690493
DS14,mc.svm_OVERB,svm,OVERB,26,0.016033186242136354
DS14,mc.svm_OVERB,svm,OVERB,27,0.01620508504650591
DS14,mc.svm_OVERB,svm,OVERB,28,0.014350202992303652
DS14,mc.svm_OVERB,svm,OVERB,29,0.015551978041279734
DS14,mc.svm_OVERB,svm,OVERB,30,0.014422725722047385
DS14,mc.svm_OVERB,svm,OVERB,31,0.013476109621183683
DS14,mc.svm_OVERB,svm,OVERB,32,0.013462724251412261
DS14,mc.svm_OVERB,svm,OVERB,33,0.012935084913322027
DS14,mc.svm_OVERB,svm,OVERB,34,0.014349573266029729
DS14,mc.svm_OVERB,svm,OVERB,35,0.013953462849840576
DS14,mc.svm_OVERB,svm,OVERB,36,0.012548550249065007
DS14,mc.svm_OVERB,svm,OVERB,37,0.013514179566370896
DS14,mc.svm_OVERB,svm,OVERB,38,0.01233628414059501
DS14,mc.svm_OVERB,svm,OVERB,39,0.012741171872273896
DS14,mc.svm_OVERB,svm,OVERB,40,0.012570609652496118
DS14,mc.svm_OVERB,svm,OVERB,41,0.013105933270698932
DS14,mc.svm_OVERB,svm,OVERB,42,0.012204929118063864
DS14,mc.svm_OVERB,svm,OVERB,43,0.012822271612324385
DS14,mc.svm_OVERB,svm,OVERB,44,0.012256144545119916
DS14,mc.svm_OVERB,svm,OVERB,45,0.012608073898379535
DS14,mc.svm_OVERB,svm,OVERB,46,0.012141364114159581
DS14,mc.svm_OVERB,svm,OVERB,47,0.012735011685232982
DS14,mc.svm_OVERB,svm,OVERB,48,0.011409358869246112
DS14,mc.svm_OVERB,svm,OVERB,49,0.01148627095278283
DS14,mc.svm_OVERB,svm,OVERB,50,0.012116938674729507
DS14,mc.svm_OVERTPhi,svm,OVERTPhi,1,0.020208351801308932
DS14,mc.svm_OVERTPhi,svm,OVERTPhi,2,0.01992830336717486
DS14,mc.svm_OVERTPhi,svm,OVERTPhi,3,0.02097557565410588
DS14,mc.svm_OVERTPhi,svm,OVERTPhi,4,0.020798700867158706
DS14,mc.svm_OVERTPhi,svm,OVERTPhi,5,0.020635366892661943
DS14,mc.svm_OVERTPhi,svm,OVERTPhi,6,0.020062199895363054
DS14,mc.svm_OVERTPhi,svm,OVERTPhi,7,0.019601495441357905
DS14,mc.svm_OVERTPhi,svm,OVERTPhi,8,0.018099401701263056
DS14,mc.svm_OVERTPhi,svm,OVERTPhi,9,0.018121091352272932
DS14,mc.svm_OVERTPhi,svm,OVERTPhi,10,0.016678893096666734
DS14,mc.svm_OVERTPhi,svm,OVERTPhi,11,0.017919781868749783
DS14,mc.svm_OVERTPhi,svm,OVERTPhi,12,0.01707777875656664
DS14,mc.svm_OVERTPhi,svm,OVERTPhi,13,0.0177181306956485
DS14,mc.svm_OVERTPhi,svm,OVERTPhi,14,0.01739356550320498
DS14,mc.svm_OVERTPhi,svm,OVERTPhi,15,0.0178145331668086
DS14,mc.svm_OVERTPhi,svm,OVERTPhi,16,0.017692128178450787
DS14,mc.svm_OVERTPhi,svm,OVERTPhi,17,0.01831716465056147
DS14,mc.svm_OVERTPhi,svm,OVERTPhi,18,0.017594824177392904
DS14,mc.svm_OVERTPhi,svm,OVERTPhi,19,0.018281892865405408
DS14,mc.svm_OVERTPhi,svm,OVERTPhi,20,0.018704279199564997
DS14,mc.svm_OVERTPhi,svm,OVERTPhi,21,0.01734664457339324
DS14,mc.svm_OVERTPhi,svm,OVERTPhi,22,0.017583245896655702
DS14,mc.svm_OVERTPhi,svm,OVERTPhi,23,0.018223371491551055
DS14,mc.svm_OVERTPhi,svm,OVERTPhi,24,0.017423211211622675
DS14,mc.svm_OVERTPhi,svm,OVERTPhi,25,0.01726209098201448
DS14,mc.svm_OVERTPhi,svm,OVERTPhi,26,0.017667710080192568
DS14,mc.svm_OVERTPhi,svm,OVERTPhi,27,0.015424889936828308
DS14,mc.svm_OVERTPhi,svm,OVERTPhi,28,0.01651358650325656
DS14,mc.svm_OVERTPhi,svm,OVERTPhi,29,0.01703682439278297
DS14,mc.svm_OVERTPhi,svm,OVERTPhi,30,0.01389596266256449
DS14,mc.svm_OVERTPhi,svm,OVERTPhi,31,0.013293250819119608
DS14,mc.svm_OVERTPhi,svm,OVERTPhi,32,0.014477500510889444
DS14,mc.svm_OVERTPhi,svm,OVERTPhi,33,0.0147381966810519
DS14,mc.svm_OVERTPhi,svm,OVERTPhi,34,0.014309061387700465
DS14,mc.svm_OVERTPhi,svm,OVERTPhi,35,0.013149832135261996
DS14,mc.svm_OVERTPhi,svm,OVERTPhi,36,0.014907985291861924
DS14,mc.svm_OVERTPhi,svm,OVERTPhi,37,0.013305036244923012
DS14,mc.svm_OVERTPhi,svm,OVERTPhi,38,0.013643164184909804
DS14,mc.svm_OVERTPhi,svm,OVERTPhi,39,0.012632016050510144
DS14,mc.svm_OVERTPhi,svm,OVERTPhi,40,0.013019703582460108
DS14,mc.svm_OVERTPhi,svm,OVERTPhi,41,0.012968417761369606
DS14,mc.svm_OVERTPhi,svm,OVERTPhi,42,0.012384378723541957
DS14,mc.svm_OVERTPhi,svm,OVERTPhi,43,0.012219736044248163
DS14,mc.svm_OVERTPhi,svm,OVERTPhi,44,0.011928098418785693
DS14,mc.svm_OVERTPhi,svm,OVERTPhi,45,0.012174642046310281
DS14,mc.svm_OVERTPhi,svm,OVERTPhi,46,0.011925518492320385
DS14,mc.svm_OVERTPhi,svm,OVERTPhi,47,0.012660600077907659
DS14,mc.svm_OVERTPhi,svm,OVERTPhi,48,0.011578505490330262
DS14,mc.svm_OVERTPhi,svm,OVERTPhi,49,0.01188048373553146
DS14,mc.svm_OVERTPhi,svm,OVERTPhi,50,0.01136951649945228
DS14,mc.svm_OVERT,svm,OVERT,1,0.020376194125228137
DS14,mc.svm_OVERT,svm,OVERT,2,0.019909798710569238
DS14,mc.svm_OVERT,svm,OVERT,3,0.02101164387212655
DS14,mc.svm_OVERT,svm,OVERT,4,0.020674318094321652
DS14,mc.svm_OVERT,svm,OVERT,5,0.02041511063533907
DS14,mc.svm_OVERT,svm,OVERT,6,0.01966942274850261
DS14,mc.svm_OVERT,svm,OVERT,7,0.019376133596183398
DS14,mc.svm_OVERT,svm,OVERT,8,0.018170052030936714
DS14,mc.svm_OVERT,svm,OVERT,9,0.018230273582352026
DS14,mc.svm_OVERT,svm,OVERT,10,0.01671831849874752
DS14,mc.svm_OVERT,svm,OVERT,11,0.0178498969316368
DS14,mc.svm_OVERT,svm,OVERT,12,0.016983284516346484
DS14,mc.svm_OVERT,svm,OVERT,13,0.01765447684077261
DS14,mc.svm_OVERT,svm,OVERT,14,0.017693228644831988
DS14,mc.svm_OVERT,svm,OVERT,15,0.017326490851830665
DS14,mc.svm_OVERT,svm,OVERT,16,0.017597007288872944
DS14,mc.svm_OVERT,svm,OVERT,17,0.01828193805637205
DS14,mc.svm_OVERT,svm,OVERT,18,0.017639669418219837
DS14,mc.svm_OVERT,svm,OVERT,19,0.018491921155682562
DS14,mc.svm_OVERT,svm,OVERT,20,0.018817544059600157
DS14,mc.svm_OVERT,svm,OVERT,21,0.01733542958297016
DS14,mc.svm_OVERT,svm,OVERT,22,0.017675582405832523
DS14,mc.svm_OVERT,svm,OVERT,23,0.01814207059397741
DS14,mc.svm_OVERT,svm,OVERT,24,0.01762758600307868
DS14,mc.svm_OVERT,svm,OVERT,25,0.01728375982928267
DS14,mc.svm_OVERT,svm,OVERT,26,0.01737588434553716
DS14,mc.svm_OVERT,svm,OVERT,27,0.015498745240629119
DS14,mc.svm_OVERT,svm,OVERT,28,0.016211483523040714
DS14,mc.svm_OVERT,svm,OVERT,29,0.01648737512777673
DS14,mc.svm_OVERT,svm,OVERT,30,0.013994198191624964
DS14,mc.svm_OVERT,svm,OVERT,31,0.013706031158899146
DS14,mc.svm_OVERT,svm,OVERT,32,0.014535672666743533
DS14,mc.svm_OVERT,svm,OVERT,33,0.01480719544254129
DS14,mc.svm_OVERT,svm,OVERT,34,0.01414357298661271
DS14,mc.svm_OVERT,svm,OVERT,35,0.013242540653860064
DS14,mc.svm_OVERT,svm,OVERT,36,0.014892250689789917
DS14,mc.svm_OVERT,svm,OVERT,37,0.01319395602680734
DS14,mc.svm_OVERT,svm,OVERT,38,0.01376209243724345
DS14,mc.svm_OVERT,svm,OVERT,39,0.012823155018792536
DS14,mc.svm_OVERT,svm,OVERT,40,0.012971172015945212
DS14,mc.svm_OVERT,svm,OVERT,41,0.013144811204184065
DS14,mc.svm_OVERT,svm,OVERT,42,0.012196259508468334
DS14,mc.svm_OVERT,svm,OVERT,43,0.012331446151143762
DS14,mc.svm_OVERT,svm,OVERT,44,0.011954968792216452
DS14,mc.svm_OVERT,svm,OVERT,45,0.012035738573340995
DS14,mc.svm_OVERT,svm,OVERT,46,0.012584459759784818
DS14,mc.svm_OVERT,svm,OVERT,47,0.012712611590079553
DS14,mc.svm_OVERT,svm,OVERT,48,0.01152859869096276
DS14,mc.svm_OVERT,svm,OVERT,49,0.011856128976046959
DS14,mc.svm_OVERT,svm,OVERT,50,0.011222125653664206
DS14,mc.svm_SMOTEB,svm,SMOTEB,1,0.023899783291503683
DS14,mc.svm_SMOTEB,svm,SMOTEB,2,0.023507056857712923
DS14,mc.svm_SMOTEB,svm,SMOTEB,3,0.02234507672847619
DS14,mc.svm_SMOTEB,svm,SMOTEB,4,0.026174083981479874
DS14,mc.svm_SMOTEB,svm,SMOTEB,5,0.026609925331236524
DS14,mc.svm_SMOTEB,svm,SMOTEB,6,0.02416220211855727
DS14,mc.svm_SMOTEB,svm,SMOTEB,7,0.020439042455827693
DS14,mc.svm_SMOTEB,svm,SMOTEB,8,0.02074448391368356
DS14,mc.svm_SMOTEB,svm,SMOTEB,9,0.02118785714999951
DS14,mc.svm_SMOTEB,svm,SMOTEB,10,0.018138245582880484
DS14,mc.svm_SMOTEB,svm,SMOTEB,11,0.018763466312514816
DS14,mc.svm_SMOTEB,svm,SMOTEB,12,0.019125160521467614
DS14,mc.svm_SMOTEB,svm,SMOTEB,13,0.018690655092297292
DS14,mc.svm_SMOTEB,svm,SMOTEB,14,0.020028204097945708
DS14,mc.svm_SMOTEB,svm,SMOTEB,15,0.019759154501783564
DS14,mc.svm_SMOTEB,svm,SMOTEB,16,0.019689660132352245
DS14,mc.svm_SMOTEB,svm,SMOTEB,17,0.019462444499367418
DS14,mc.svm_SMOTEB,svm,SMOTEB,18,0.018070499946933292
DS14,mc.svm_SMOTEB,svm,SMOTEB,19,0.020504829094396746
DS14,mc.svm_SMOTEB,svm,SMOTEB,20,0.0197125521057468
DS14,mc.svm_SMOTEB,svm,SMOTEB,21,0.0207086778184244
DS14,mc.svm_SMOTEB,svm,SMOTEB,22,0.018980096623721025
DS14,mc.svm_SMOTEB,svm,SMOTEB,23,0.020086943823595733
DS14,mc.svm_SMOTEB,svm,SMOTEB,24,0.01902690923387813
DS14,mc.svm_SMOTEB,svm,SMOTEB,25,0.018694251115107818
DS14,mc.svm_SMOTEB,svm,SMOTEB,26,0.017881684204582162
DS14,mc.svm_SMOTEB,svm,SMOTEB,27,0.01822191309562761
DS14,mc.svm_SMOTEB,svm,SMOTEB,28,0.01919194169304977
DS14,mc.svm_SMOTEB,svm,SMOTEB,29,0.018771636099859018
DS14,mc.svm_SMOTEB,svm,SMOTEB,30,0.017459840552042076
DS14,mc.svm_SMOTEB,svm,SMOTEB,31,0.017635242050220757
DS14,mc.svm_SMOTEB,svm,SMOTEB,32,0.01591792504169511
DS14,mc.svm_SMOTEB,svm,SMOTEB,33,0.016956921733863733
DS14,mc.svm_SMOTEB,svm,SMOTEB,34,0.01881528472393988
DS14,mc.svm_SMOTEB,svm,SMOTEB,35,0.01668679761311929
DS14,mc.svm_SMOTEB,svm,SMOTEB,36,0.01532588940520588
DS14,mc.svm_SMOTEB,svm,SMOTEB,37,0.016099143940138876
DS14,mc.svm_SMOTEB,svm,SMOTEB,38,0.017258595978418202
DS14,mc.svm_SMOTEB,svm,SMOTEB,39,0.015769504564020573
DS14,mc.svm_SMOTEB,svm,SMOTEB,40,0.016244558200100078
DS14,mc.svm_SMOTEB,svm,SMOTEB,41,0.015621758918102614
DS14,mc.svm_SMOTEB,svm,SMOTEB,42,0.015968345975577777
DS14,mc.svm_SMOTEB,svm,SMOTEB,43,0.016136207829007404
DS14,mc.svm_SMOTEB,svm,SMOTEB,44,0.014281935365031065
DS14,mc.svm_SMOTEB,svm,SMOTEB,45,0.015757632635238668
DS14,mc.svm_SMOTEB,svm,SMOTEB,46,0.016539418494563925
DS14,mc.svm_SMOTEB,svm,SMOTEB,47,0.01607306123314896
DS14,mc.svm_SMOTEB,svm,SMOTEB,48,0.014695268335727537
DS14,mc.svm_SMOTEB,svm,SMOTEB,49,0.014570623599465033
DS14,mc.svm_SMOTEB,svm,SMOTEB,50,0.012967027178957893
DS14,mc.svm_SMOTETPhi,svm,SMOTETPhi,1,0.02956618587331515
DS14,mc.svm_SMOTETPhi,svm,SMOTETPhi,2,0.028284565182633115
DS14,mc.svm_SMOTETPhi,svm,SMOTETPhi,3,0.027605893935812656
DS14,mc.svm_SMOTETPhi,svm,SMOTETPhi,4,0.030175958730549922
DS14,mc.svm_SMOTETPhi,svm,SMOTETPhi,5,0.029907571783868356
DS14,mc.svm_SMOTETPhi,svm,SMOTETPhi,6,0.027426467022631983
DS14,mc.svm_SMOTETPhi,svm,SMOTETPhi,7,0.02331739715437623
DS14,mc.svm_SMOTETPhi,svm,SMOTETPhi,8,0.02348957047588092
DS14,mc.svm_SMOTETPhi,svm,SMOTETPhi,9,0.023729687304754485
DS14,mc.svm_SMOTETPhi,svm,SMOTETPhi,10,0.023540317268311805
DS14,mc.svm_SMOTETPhi,svm,SMOTETPhi,11,0.024312345867737954
DS14,mc.svm_SMOTETPhi,svm,SMOTETPhi,12,0.023574494357780116
DS14,mc.svm_SMOTETPhi,svm,SMOTETPhi,13,0.025987170666122893
DS14,mc.svm_SMOTETPhi,svm,SMOTETPhi,14,0.02451043699209154
DS14,mc.svm_SMOTETPhi,svm,SMOTETPhi,15,0.022846225309869676
DS14,mc.svm_SMOTETPhi,svm,SMOTETPhi,16,0.022054715655360716
DS14,mc.svm_SMOTETPhi,svm,SMOTETPhi,17,0.021319667489410256
DS14,mc.svm_SMOTETPhi,svm,SMOTETPhi,18,0.021008777172818873
DS14,mc.svm_SMOTETPhi,svm,SMOTETPhi,19,0.022088619520896757
DS14,mc.svm_SMOTETPhi,svm,SMOTETPhi,20,0.020105580240616396
DS14,mc.svm_SMOTETPhi,svm,SMOTETPhi,21,0.02215667603531128
DS14,mc.svm_SMOTETPhi,svm,SMOTETPhi,22,0.019580078165210416
DS14,mc.svm_SMOTETPhi,svm,SMOTETPhi,23,0.022738758569701655
DS14,mc.svm_SMOTETPhi,svm,SMOTETPhi,24,0.021298899061493758
DS14,mc.svm_SMOTETPhi,svm,SMOTETPhi,25,0.019752081097449414
DS14,mc.svm_SMOTETPhi,svm,SMOTETPhi,26,0.018988413436805424
DS14,mc.svm_SMOTETPhi,svm,SMOTETPhi,27,0.019962855120747445
DS14,mc.svm_SMOTETPhi,svm,SMOTETPhi,28,0.02021196603462192
DS14,mc.svm_SMOTETPhi,svm,SMOTETPhi,29,0.019107712348730176
DS14,mc.svm_SMOTETPhi,svm,SMOTETPhi,30,0.021881788200472284
DS14,mc.svm_SMOTETPhi,svm,SMOTETPhi,31,0.019221961893746236
DS14,mc.svm_SMOTETPhi,svm,SMOTETPhi,32,0.016632703207181323
DS14,mc.svm_SMOTETPhi,svm,SMOTETPhi,33,0.020824152935235575
DS14,mc.svm_SMOTETPhi,svm,SMOTETPhi,34,0.019708346813162064
DS14,mc.svm_SMOTETPhi,svm,SMOTETPhi,35,0.019393963026339136
DS14,mc.svm_SMOTETPhi,svm,SMOTETPhi,36,0.019536298165487753
DS14,mc.svm_SMOTETPhi,svm,SMOTETPhi,37,0.017456051460118225
DS14,mc.svm_SMOTETPhi,svm,SMOTETPhi,38,0.018153881950275765
DS14,mc.svm_SMOTETPhi,svm,SMOTETPhi,39,0.01889050557453486
DS14,mc.svm_SMOTETPhi,svm,SMOTETPhi,40,0.018079782452004072
DS14,mc.svm_SMOTETPhi,svm,SMOTETPhi,41,0.0187411174802957
DS14,mc.svm_SMOTETPhi,svm,SMOTETPhi,42,0.017963916257621584
DS14,mc.svm_SMOTETPhi,svm,SMOTETPhi,43,0.019661152135307502
DS14,mc.svm_SMOTETPhi,svm,SMOTETPhi,44,0.01707430369976629
DS14,mc.svm_SMOTETPhi,svm,SMOTETPhi,45,0.01956000509931033
DS14,mc.svm_SMOTETPhi,svm,SMOTETPhi,46,0.016125605416961668
DS14,mc.svm_SMOTETPhi,svm,SMOTETPhi,47,0.019164788330639518
DS14,mc.svm_SMOTETPhi,svm,SMOTETPhi,48,0.01832688954679336
DS14,mc.svm_SMOTETPhi,svm,SMOTETPhi,49,0.018428937350153125
DS14,mc.svm_SMOTETPhi,svm,SMOTETPhi,50,0.019037588550040112
DS14,mc.svm_SMOTET,svm,SMOTET,1,0.027819508915704182
DS14,mc.svm_SMOTET,svm,SMOTET,2,0.026989678377267658
DS14,mc.svm_SMOTET,svm,SMOTET,3,0.026426528328112115
DS14,mc.svm_SMOTET,svm,SMOTET,4,0.029306957713096
DS14,mc.svm_SMOTET,svm,SMOTET,5,0.0296611204804232
DS14,mc.svm_SMOTET,svm,SMOTET,6,0.02833616994766725
DS14,mc.svm_SMOTET,svm,SMOTET,7,0.022021288554341684
DS14,mc.svm_SMOTET,svm,SMOTET,8,0.02318943305801681
DS14,mc.svm_SMOTET,svm,SMOTET,9,0.021873725683091875
DS14,mc.svm_SMOTET,svm,SMOTET,10,0.02439753877295338
DS14,mc.svm_SMOTET,svm,SMOTET,11,0.022181127934515325
DS14,mc.svm_SMOTET,svm,SMOTET,12,0.02198105160018592
DS14,mc.svm_SMOTET,svm,SMOTET,13,0.0214222490711817
DS14,mc.svm_SMOTET,svm,SMOTET,14,0.021237083628221673
DS14,mc.svm_SMOTET,svm,SMOTET,15,0.01975454984670169
DS14,mc.svm_SMOTET,svm,SMOTET,16,0.019191962663309626
DS14,mc.svm_SMOTET,svm,SMOTET,17,0.019153698802874163
DS14,mc.svm_SMOTET,svm,SMOTET,18,0.019943790234611965
DS14,mc.svm_SMOTET,svm,SMOTET,19,0.0209284263412702
DS14,mc.svm_SMOTET,svm,SMOTET,20,0.020560104121664702
DS14,mc.svm_SMOTET,svm,SMOTET,21,0.020387279157586414
DS14,mc.svm_SMOTET,svm,SMOTET,22,0.019290568075142258
DS14,mc.svm_SMOTET,svm,SMOTET,23,0.02150225074796887
DS14,mc.svm_SMOTET,svm,SMOTET,24,0.020396305973712673
DS14,mc.svm_SMOTET,svm,SMOTET,25,0.020175555959283664
DS14,mc.svm_SMOTET,svm,SMOTET,26,0.01956909615987747
DS14,mc.svm_SMOTET,svm,SMOTET,27,0.020379842576777673
DS14,mc.svm_SMOTET,svm,SMOTET,28,0.019421939871944127
DS14,mc.svm_SMOTET,svm,SMOTET,29,0.01708752553062579
DS14,mc.svm_SMOTET,svm,SMOTET,30,0.021519108271721734
DS14,mc.svm_SMOTET,svm,SMOTET,31,0.020038910896878235
DS14,mc.svm_SMOTET,svm,SMOTET,32,0.017148537822949086
DS14,mc.svm_SMOTET,svm,SMOTET,33,0.016393131322461025
DS14,mc.svm_SMOTET,svm,SMOTET,34,0.02112838002316062
DS14,mc.svm_SMOTET,svm,SMOTET,35,0.019946060994621765
DS14,mc.svm_SMOTET,svm,SMOTET,36,0.019541246037251082
DS14,mc.svm_SMOTET,svm,SMOTET,37,0.018185379218290196
DS14,mc.svm_SMOTET,svm,SMOTET,38,0.017276480112828316
DS14,mc.svm_SMOTET,svm,SMOTET,39,0.01679747632526609
DS14,mc.svm_SMOTET,svm,SMOTET,40,0.016279700088708007
DS14,mc.svm_SMOTET,svm,SMOTET,41,0.017892302282197833
DS14,mc.svm_SMOTET,svm,SMOTET,42,0.01854975753690328
DS14,mc.svm_SMOTET,svm,SMOTET,43,0.016570420326785455
DS14,mc.svm_SMOTET,svm,SMOTET,44,0.01539644982370944
DS14,mc.svm_SMOTET,svm,SMOTET,45,0.017923555380451678
DS14,mc.svm_SMOTET,svm,SMOTET,46,0.016432743068963387
DS14,mc.svm_SMOTET,svm,SMOTET,47,0.01805358704141977
DS14,mc.svm_SMOTET,svm,SMOTET,48,0.019283026647859657
DS14,mc.svm_SMOTET,svm,SMOTET,49,0.015527254380941656
DS14,mc.svm_SMOTET,svm,SMOTET,50,0.017253343294240723
DS14,mc.svm_UNDERB,svm,UNDERB,1,0.017543957531662525
DS14,mc.svm_UNDERB,svm,UNDERB,2,0.021869091443290738
DS14,mc.svm_UNDERB,svm,UNDERB,3,0.020542124946237823
DS14,mc.svm_UNDERB,svm,UNDERB,4,0.02082284042477368
DS14,mc.svm_UNDERB,svm,UNDERB,5,0.017709416992115742
DS14,mc.svm_UNDERB,svm,UNDERB,6,0.018921876434910116
DS14,mc.svm_UNDERB,svm,UNDERB,7,0.01817410208005942
DS14,mc.svm_UNDERB,svm,UNDERB,8,0.01731313020537712
DS14,mc.svm_UNDERB,svm,UNDERB,9,0.017105585405674237
DS14,mc.svm_UNDERB,svm,UNDERB,10,0.017007300381037517
DS14,mc.svm_UNDERB,svm,UNDERB,11,0.018141668232363805
DS14,mc.svm_UNDERB,svm,UNDERB,12,0.016986144351639105
DS14,mc.svm_UNDERB,svm,UNDERB,13,0.016476724656001147
DS14,mc.svm_UNDERB,svm,UNDERB,14,0.016963691785081652
DS14,mc.svm_UNDERB,svm,UNDERB,15,0.01644260746448824
DS14,mc.svm_UNDERB,svm,UNDERB,16,0.0158031006279051
DS14,mc.svm_UNDERB,svm,UNDERB,17,0.01653190093690074
DS14,mc.svm_UNDERB,svm,UNDERB,18,0.01703184766006438
DS14,mc.svm_UNDERB,svm,UNDERB,19,0.016235348964133468
DS14,mc.svm_UNDERB,svm,UNDERB,20,0.01569217292522086
DS14,mc.svm_UNDERB,svm,UNDERB,21,0.01762464756422313
DS14,mc.svm_UNDERB,svm,UNDERB,22,0.016856030429928243
DS14,mc.svm_UNDERB,svm,UNDERB,23,0.015638343905956704
DS14,mc.svm_UNDERB,svm,UNDERB,24,0.016404957339703007
DS14,mc.svm_UNDERB,svm,UNDERB,25,0.015623171148531123
DS14,mc.svm_UNDERB,svm,UNDERB,26,0.01475394825855918
DS14,mc.svm_UNDERB,svm,UNDERB,27,0.013695522412350586
DS14,mc.svm_UNDERB,svm,UNDERB,28,0.01694867313357325
DS14,mc.svm_UNDERB,svm,UNDERB,29,0.01621089592067897
DS14,mc.svm_UNDERB,svm,UNDERB,30,0.013014206596960357
DS14,mc.svm_UNDERB,svm,UNDERB,31,0.01534654058080466
DS14,mc.svm_UNDERB,svm,UNDERB,32,0.015254464626350819
DS14,mc.svm_UNDERB,svm,UNDERB,33,0.014773089756863905
DS14,mc.svm_UNDERB,svm,UNDERB,34,0.014209239373550132
DS14,mc.svm_UNDERB,svm,UNDERB,35,0.01610922788978768
DS14,mc.svm_UNDERB,svm,UNDERB,36,0.014603860126182146
DS14,mc.svm_UNDERB,svm,UNDERB,37,0.015572849628810668
DS14,mc.svm_UNDERB,svm,UNDERB,38,0.01281113394505725
DS14,mc.svm_UNDERB,svm,UNDERB,39,0.013358000852243132
DS14,mc.svm_UNDERB,svm,UNDERB,40,0.014989708469809961
DS14,mc.svm_UNDERB,svm,UNDERB,41,0.015322726394184681
DS14,mc.svm_UNDERB,svm,UNDERB,42,0.013711167576042536
DS14,mc.svm_UNDERB,svm,UNDERB,43,0.012347158740122821
DS14,mc.svm_UNDERB,svm,UNDERB,44,0.012812648369342974
DS14,mc.svm_UNDERB,svm,UNDERB,45,0.013098619917324925
DS14,mc.svm_UNDERB,svm,UNDERB,46,0.01180963163051063
DS14,mc.svm_UNDERB,svm,UNDERB,47,0.012533430791439294
DS14,mc.svm_UNDERB,svm,UNDERB,48,0.013168416748061506
DS14,mc.svm_UNDERB,svm,UNDERB,49,0.01097943966809086
DS14,mc.svm_UNDERB,svm,UNDERB,50,0.014366980245400205
DS14,mc.svm_UNDERTPhi,svm,UNDERTPhi,1,0.019525785539720134
DS14,mc.svm_UNDERTPhi,svm,UNDERTPhi,2,0.020030437486539147
DS14,mc.svm_UNDERTPhi,svm,UNDERTPhi,3,0.021405264396467685
DS14,mc.svm_UNDERTPhi,svm,UNDERTPhi,4,0.02050133825095656
DS14,mc.svm_UNDERTPhi,svm,UNDERTPhi,5,0.019412965699606488
DS14,mc.svm_UNDERTPhi,svm,UNDERTPhi,6,0.02055115113782542
DS14,mc.svm_UNDERTPhi,svm,UNDERTPhi,7,0.02184113150405747
DS14,mc.svm_UNDERTPhi,svm,UNDERTPhi,8,0.020096482619761807
DS14,mc.svm_UNDERTPhi,svm,UNDERTPhi,9,0.019857630178881317
DS14,mc.svm_UNDERTPhi,svm,UNDERTPhi,10,0.01814345754953387
DS14,mc.svm_UNDERTPhi,svm,UNDERTPhi,11,0.01794460747588519
DS14,mc.svm_UNDERTPhi,svm,UNDERTPhi,12,0.018601781799808904
DS14,mc.svm_UNDERTPhi,svm,UNDERTPhi,13,0.02017853651206826
DS14,mc.svm_UNDERTPhi,svm,UNDERTPhi,14,0.019123308830883923
DS14,mc.svm_UNDERTPhi,svm,UNDERTPhi,15,0.01905897397187263
DS14,mc.svm_UNDERTPhi,svm,UNDERTPhi,16,0.018949792043287127
DS14,mc.svm_UNDERTPhi,svm,UNDERTPhi,17,0.01770995414279812
DS14,mc.svm_UNDERTPhi,svm,UNDERTPhi,18,0.019058116596837607
DS14,mc.svm_UNDERTPhi,svm,UNDERTPhi,19,0.01723916240452891
DS14,mc.svm_UNDERTPhi,svm,UNDERTPhi,20,0.0206675172249773
DS14,mc.svm_UNDERTPhi,svm,UNDERTPhi,21,0.018959089192550238
DS14,mc.svm_UNDERTPhi,svm,UNDERTPhi,22,0.018280777460284156
DS14,mc.svm_UNDERTPhi,svm,UNDERTPhi,23,0.01872538832544655
DS14,mc.svm_UNDERTPhi,svm,UNDERTPhi,24,0.018027911706507384
DS14,mc.svm_UNDERTPhi,svm,UNDERTPhi,25,0.017021258434193033
DS14,mc.svm_UNDERTPhi,svm,UNDERTPhi,26,0.01750951809922678
DS14,mc.svm_UNDERTPhi,svm,UNDERTPhi,27,0.016380079681757077
DS14,mc.svm_UNDERTPhi,svm,UNDERTPhi,28,0.020031246429920584
DS14,mc.svm_UNDERTPhi,svm,UNDERTPhi,29,0.018575775849920966
DS14,mc.svm_UNDERTPhi,svm,UNDERTPhi,30,0.014428076777043546
DS14,mc.svm_UNDERTPhi,svm,UNDERTPhi,31,0.013800316842332391
DS14,mc.svm_UNDERTPhi,svm,UNDERTPhi,32,0.018721030103567935
DS14,mc.svm_UNDERTPhi,svm,UNDERTPhi,33,0.017478473727023686
DS14,mc.svm_UNDERTPhi,svm,UNDERTPhi,34,0.017512602479532166
DS14,mc.svm_UNDERTPhi,svm,UNDERTPhi,35,0.017378703001894875
DS14,mc.svm_UNDERTPhi,svm,UNDERTPhi,36,0.014527002741253254
DS14,mc.svm_UNDERTPhi,svm,UNDERTPhi,37,0.01508563569038441
DS14,mc.svm_UNDERTPhi,svm,UNDERTPhi,38,0.014131264241881061
DS14,mc.svm_UNDERTPhi,svm,UNDERTPhi,39,0.013184149597975134
DS14,mc.svm_UNDERTPhi,svm,UNDERTPhi,40,0.014825614481606039
DS14,mc.svm_UNDERTPhi,svm,UNDERTPhi,41,0.015374903651531774
DS14,mc.svm_UNDERTPhi,svm,UNDERTPhi,42,0.013920185382369716
DS14,mc.svm_UNDERTPhi,svm,UNDERTPhi,43,0.012762732651903077
DS14,mc.svm_UNDERTPhi,svm,UNDERTPhi,44,0.013203502325768897
DS14,mc.svm_UNDERTPhi,svm,UNDERTPhi,45,0.013626398651577328
DS14,mc.svm_UNDERTPhi,svm,UNDERTPhi,46,0.014275155870486535
DS14,mc.svm_UNDERTPhi,svm,UNDERTPhi,47,0.015069745966973514
DS14,mc.svm_UNDERTPhi,svm,UNDERTPhi,48,0.013348742619798161
DS14,mc.svm_UNDERTPhi,svm,UNDERTPhi,49,0.01135533071046531
DS14,mc.svm_UNDERTPhi,svm,UNDERTPhi,50,0.01357705681564829
DS14,mc.svm_UNDERT,svm,UNDERT,1,0.02108199423665825
DS14,mc.svm_UNDERT,svm,UNDERT,2,0.020437609879539013
DS14,mc.svm_UNDERT,svm,UNDERT,3,0.019850804678385108
DS14,mc.svm_UNDERT,svm,UNDERT,4,0.01973084852557261
DS14,mc.svm_UNDERT,svm,UNDERT,5,0.022474818634188334
DS14,mc.svm_UNDERT,svm,UNDERT,6,0.018702997571545227
DS14,mc.svm_UNDERT,svm,UNDERT,7,0.01812620184759687
DS14,mc.svm_UNDERT,svm,UNDERT,8,0.01874919306478921
DS14,mc.svm_UNDERT,svm,UNDERT,9,0.01611882311660165
DS14,mc.svm_UNDERT,svm,UNDERT,10,0.017209131893846912
DS14,mc.svm_UNDERT,svm,UNDERT,11,0.01594032130172096
DS14,mc.svm_UNDERT,svm,UNDERT,12,0.017180660187527296
DS14,mc.svm_UNDERT,svm,UNDERT,13,0.016571841831235546
DS14,mc.svm_UNDERT,svm,UNDERT,14,0.016630995662956234
DS14,mc.svm_UNDERT,svm,UNDERT,15,0.01674871772720672
DS14,mc.svm_UNDERT,svm,UNDERT,16,0.016463562313399682
DS14,mc.svm_UNDERT,svm,UNDERT,17,0.016513407700297907
DS14,mc.svm_UNDERT,svm,UNDERT,18,0.01690298012056406
DS14,mc.svm_UNDERT,svm,UNDERT,19,0.01675078595970394
DS14,mc.svm_UNDERT,svm,UNDERT,20,0.01680105329587573
DS14,mc.svm_UNDERT,svm,UNDERT,21,0.016483888571677097
DS14,mc.svm_UNDERT,svm,UNDERT,22,0.01680570154462672
DS14,mc.svm_UNDERT,svm,UNDERT,23,0.016148832145979588
DS14,mc.svm_UNDERT,svm,UNDERT,24,0.017250033117345305
DS14,mc.svm_UNDERT,svm,UNDERT,25,0.014548605860337327
DS14,mc.svm_UNDERT,svm,UNDERT,26,0.016290018588363882
DS14,mc.svm_UNDERT,svm,UNDERT,27,0.017181717006699366
DS14,mc.svm_UNDERT,svm,UNDERT,28,0.016898179673226592
DS14,mc.svm_UNDERT,svm,UNDERT,29,0.01970491668392665
DS14,mc.svm_UNDERT,svm,UNDERT,30,0.013795496771725934
DS14,mc.svm_UNDERT,svm,UNDERT,31,0.01454467392764929
DS14,mc.svm_UNDERT,svm,UNDERT,32,0.016823038407116495
DS14,mc.svm_UNDERT,svm,UNDERT,33,0.015313503830061729
DS14,mc.svm_UNDERT,svm,UNDERT,34,0.015177961847851612
DS14,mc.svm_UNDERT,svm,UNDERT,35,0.013914813430266793
DS14,mc.svm_UNDERT,svm,UNDERT,36,0.016013587533154416
DS14,mc.svm_UNDERT,svm,UNDERT,37,0.012978149411387542
DS14,mc.svm_UNDERT,svm,UNDERT,38,0.012106286088598785
DS14,mc.svm_UNDERT,svm,UNDERT,39,0.01084353190334652
DS14,mc.svm_UNDERT,svm,UNDERT,40,0.013077335681993959
DS14,mc.svm_UNDERT,svm,UNDERT,41,0.012654784434822465
DS14,mc.svm_UNDERT,svm,UNDERT,42,0.012890961036792627
DS14,mc.svm_UNDERT,svm,UNDERT,43,0.010975698372232093
DS14,mc.svm_UNDERT,svm,UNDERT,44,0.012311731183594807
DS14,mc.svm_UNDERT,svm,UNDERT,45,0.015628640714298394
DS14,mc.svm_UNDERT,svm,UNDERT,46,0.012772334647981668
DS14,mc.svm_UNDERT,svm,UNDERT,47,0.010732366407389489
DS14,mc.svm_UNDERT,svm,UNDERT,48,0.012334243342776031
DS14,mc.svm_UNDERT,svm,UNDERT,49,0.014639486788653348
DS14,mc.svm_UNDERT,svm,UNDERT,50,0.013659018133915813
DS14,mc.svm,svm,baseline,1,0.013451552633499224
DS14,mc.svm,svm,baseline,2,0.01323759321694064
DS14,mc.svm,svm,baseline,3,0.013447399231326651
DS14,mc.svm,svm,baseline,4,0.013401109068565946
DS14,mc.svm,svm,baseline,5,0.01353305518625414
DS14,mc.svm,svm,baseline,6,0.013535538149039414
DS14,mc.svm,svm,baseline,7,0.013720987922122955
DS14,mc.svm,svm,baseline,8,0.013962190255675517
DS14,mc.svm,svm,baseline,9,0.014244533293509188
DS14,mc.svm,svm,baseline,10,0.014443756813301385
DS14,mc.svm,svm,baseline,11,0.01476773739273271
DS14,mc.svm,svm,baseline,12,0.01453274626376093
DS14,mc.svm,svm,baseline,13,0.014512311423435422
DS14,mc.svm,svm,baseline,14,0.014497705973003082
DS14,mc.svm,svm,baseline,15,0.014489153794073619
DS14,mc.svm,svm,baseline,16,0.014433123478036146
DS14,mc.svm,svm,baseline,17,0.014465844845648982
DS14,mc.svm,svm,baseline,18,0.01450608725087481
DS14,mc.svm,svm,baseline,19,0.014487439858620953
DS14,mc.svm,svm,baseline,20,0.014246574594691336
DS14,mc.svm,svm,baseline,21,0.014235628398950323
DS14,mc.svm,svm,baseline,22,0.014126245132188395
DS14,mc.svm,svm,baseline,23,0.013796127891809833
DS14,mc.svm,svm,baseline,24,0.01345251184946823
DS14,mc.svm,svm,baseline,25,0.012914704427821836
DS14,mc.svm,svm,baseline,26,0.012811759172728959
DS14,mc.svm,svm,baseline,27,0.01187969411374295
DS14,mc.svm,svm,baseline,28,0.01185644827528406
DS14,mc.svm,svm,baseline,29,0.011854130244318932
DS14,mc.svm,svm,baseline,30,0.011403872163515572
DS14,mc.svm,svm,baseline,31,0.01128415764510887
DS14,mc.svm,svm,baseline,32,0.01095168852640832
DS14,mc.svm,svm,baseline,33,0.010780482137702737
DS14,mc.svm,svm,baseline,34,0.010832722700893143
DS14,mc.svm,svm,baseline,35,0.010520877073913911
DS14,mc.svm,svm,baseline,36,0.010499080243431562
DS14,mc.svm,svm,baseline,37,0.010308073532919319
DS14,mc.svm,svm,baseline,38,0.010292507084493972
DS14,mc.svm,svm,baseline,39,0.010162597777547083
DS14,mc.svm,svm,baseline,40,0.010057172358217452
DS14,mc.svm,svm,baseline,41,0.010068473225306185
DS14,mc.svm,svm,baseline,42,0.009300293900383672
DS14,mc.svm,svm,baseline,43,0.009277466253893096
DS14,mc.svm,svm,baseline,44,0.009217845672931671
DS14,mc.svm,svm,baseline,45,0.00922054647132241
DS14,mc.svm,svm,baseline,46,0.009241825924415314
DS14,mc.svm,svm,baseline,47,0.009035803119933872
DS14,mc.svm,svm,baseline,48,0.008808972002318274
DS14,mc.svm,svm,baseline,49,0.008707890884873209
DS14,mc.svm,svm,baseline,50,0.00869028417528617
