dataset_id,workflow,model_family,strategy,iteration,rmse
DS15,mc.BDES,BDES,baseline,1,0.013429985583199843
DS15,mc.BDES,BDES,baseline,2,0.01329327800619658
DS15,mc.BDES,BDES,baseline,3,0.013300747822197343
DS15,mc.BDES,BDES,baseline,4,0.01332933078799344
DS15,mc.BDES,BDES,baseline,5,0.013309924004589255
DS15,mc.BDES,BDES,baseline,6,0.013276187327105341
DS15,mc.BDES,BDES,baseline,7,0.013379473822413277
DS15,mc.BDES,BDES,baseline,8,0.013421162378209053
DS15,mc.BDES,BDES,baseline,9,0.013331036371793297
DS15,mc.BDES,BDES,baseline,10,0.01352709404599366
DS15,mc.BDES,BDES,baseline,11,0.013236128854163089
DS15,mc.BDES,BDES,baseline,12,0.013274474205872794
DS15,mc.BDES,BDES,baseline,13,0.013282956895617877
DS15,mc.BDES,BDES,baseline,14,0.013268253456687662
DS15,mc.BDES,BDES,baseline,15,0.013379770524533367
DS15,mc.BDES,BDES,baseline,16,0.013315561916113704
DS15,mc.BDES,BDES,baseline,17,0.013246754107020841
DS15,mc.BDES,BDES,baseline,18,0.013298449297203316
DS15,mc.BDES,BDES,baseline,19,0.013325469808390184
DS15,mc.BDES,BDES,baseline,20,0.013192802268522052
DS15,mc.BDES,BDES,baseline,21,0.013148564183629618
DS15,mc.BDES,BDES,baseline,22,0.012838927435507453
DS15,mc.BDES,BDES,baseline,23,0.012815007688611792
DS15,mc.BDES,BDES,baseline,24,0.012726278784274684
DS15,mc.BDES,BDES,baseline,25,0.011932727144393496
DS15,mc.BDES,BDES,baseline,26,0.011848422705544223
DS15,mc.BDES,BDES,baseline,27,0.010838647151694417
DS15,mc.BDES,BDES,baseline,28,0.010808520918557843
DS15,mc.BDES,BDES,baseline,29,0.010793359562961666
DS15,mc.BDES,BDES,baseline,30,0.010332934011204295
DS15,mc.BDES,BDES,baseline,31,0.01031058974808705
DS15,mc.BDES,BDES,baseline,32,0.010197130375943863
DS15,mc.BDES,BDES,baseline,33,0.010133860363850838
DS15,mc.BDES,BDES,baseline,34,0.009895737490990378
DS15,mc.BDES,BDES,baseline,35,0.009867856102809616
DS15,mc.BDES,BDES,baseline,36,0.009814520925016225
DS15,mc.BDES,BDES,baseline,37,0.009835847435755586
DS15,mc.BDES,BDES,baseline,38,0.009937114997262214
DS15,mc.BDES,BDES,baseline,39,0.00985477493232271
DS15,mc.BDES,BDES,baseline,40,0.009726420404290182
DS15,mc.BDES,BDES,baseline,41,0.009747308650361658
DS15,mc.BDES,BDES,baseline,42,0.009098670543037717
DS15,mc.BDES,BDES,baseline,43,0.00908988180393887
DS15,mc.BDES,BDES,baseline,44,0.008909482025829973
DS15,mc.BDES,BDES,baseline,45,0.008981110012062088
DS15,mc.BDES,BDES,baseline,46,0.008987536923233789
DS15,mc.BDES,BDES,baseline,47,0.008868188224387837
DS15,mc.BDES,BDES,baseline,48,0.008626542321438366
DS15,mc.BDES,BDES,baseline,49,0.008624204217581368
DS15,mc.BDES,BDES,baseline,50,0.008689706630063193
DS15,mc.arima,arima,baseline,1,0.013524701830106881
DS15,mc.arima,arima,baseline,2,0.013380772825185398
DS15,mc.arima,arima,baseline,3,0.01341675926827503
DS15,mc.arima,arima,baseline,4,0.013395083640665845
DS15,mc.arima,arima,baseline,5,0.013398043897234091
DS15,mc.arima,arima,baseline,6,0.01344351772246458
DS15,mc.arima,arima,baseline,7,0.013519503673289166
DS15,mc.arima,arima,baseline,8,0.013920901711799726
DS15,mc.arima,arima,baseline,9,0.013493795527155475
DS15,mc.arima,arima,baseline,10,0.014020421961529755
DS15,mc.arima,arima,baseline,11,0.013664255863456033
DS15,mc.arima,arima,baseline,12,0.013668019321337713
DS15,mc.arima,arima,baseline,13,0.01366923807268129
DS15,mc.arima,arima,baseline,14,0.013627828912880951
DS15,mc.arima,arima,baseline,15,0.013712428562187576
DS15,mc.arima,arima,baseline,16,0.013679411736212666
DS15,mc.arima,arima,baseline,17,0.013649974775241614
DS15,mc.arima,arima,baseline,18,0.01347863909649416
DS15,mc.arima,arima,baseline,19,0.013562495229094699
DS15,mc.arima,arima,baseline,20,0.013531512039004755
DS15,mc.arima,arima,baseline,21,0.013522068264319174
DS15,mc.arima,arima,baseline,22,0.013089091481802456
DS15,mc.arima,arima,baseline,23,0.012992200085864792
DS15,mc.arima,arima,baseline,24,0.01297243895326084
DS15,mc.arima,arima,baseline,25,0.011939903340649633
DS15,mc.arima,arima,baseline,26,0.011719841634372353
DS15,mc.arima,arima,baseline,27,0.011098135160345224
DS15,mc.arima,arima,baseline,28,0.010823645399751463
DS15,mc.arima,arima,baseline,29,0.010744648922095375
DS15,mc.arima,arima,baseline,30,0.010417087942504843
DS15,mc.arima,arima,baseline,31,0.010469690044720145
DS15,mc.arima,arima,baseline,32,0.010274474933099296
DS15,mc.arima,arima,baseline,33,0.010236727722738386
DS15,mc.arima,arima,baseline,34,0.010105522487058736
DS15,mc.arima,arima,baseline,35,0.010109800184952337
DS15,mc.arima,arima,baseline,36,0.011516720169177985
DS15,mc.arima,arima,baseline,37,0.010025509114314215
DS15,mc.arima,arima,baseline,38,0.01059341228589788
DS15,mc.arima,arima,baseline,39,0.010020609968714398
DS15,mc.arima,arima,baseline,40,0.009954392095009923
DS15,mc.arima,arima,baseline,41,0.009931819506330302
DS15,mc.arima,arima,baseline,42,0.009417928247663705
DS15,mc.arima,arima,baseline,43,0.00938367464241439
DS15,mc.arima,arima,baseline,44,0.0092028546345421
DS15,mc.arima,arima,baseline,45,0.009255000690293943
DS15,mc.arima,arima,baseline,46,0.009172114742425467
DS15,mc.arima,arima,baseline,47,0.009203958221529298
DS15,mc.arima,arima,baseline,48,0.008825973161522824
DS15,mc.arima,arima,baseline,49,0.00962511776068097
DS15,mc.arima,arima,baseline,50,0.008962688840937792
DS15,mc.lm_OVERB,lm,OVERB,1,0.01628327373342488
DS15,mc.lm_OVERB,lm,OVERB,2,0.0171451054790268
DS15,mc.lm_OVERB,lm,OVERB,3,0.017037330447248197
DS15,mc.lm_OVERB,lm,OVERB,4,0.016441976000247844
DS15,mc.lm_OVERB,lm,OVERB,5,0.016667379177929067
DS15,mc.lm_OVERB,lm,OVERB,6,0.01819450828101444
DS15,mc.lm_OVERB,lm,OVERB,7,0.016650279090559928
DS15,mc.lm_OVERB,lm,OVERB,8,0.018019513308795605
DS15,mc.lm_OVERB,lm,OVERB,9,0.016455617071399635
DS15,mc.lm_OVERB,lm,OVERB,10,0.01728497475854428
DS15,mc.lm_OVERB,lm,OVERB,11,0.017944622432516082
DS15,mc.lm_OVERB,lm,OVERB,12,0.01692359391725614
DS15,mc.lm_OVERB,lm,OVERB,13,0.017329230486061498
DS15,mc.lm_OVERB,lm,OVERB,14,0.017293792257312982
DS15,mc.lm_OVERB,lm,OVERB,15,0.01783243643846878
DS15,mc.lm_OVERB,lm,OVERB,16,0.017990357997350003
DS15,mc.lm_OVERB,lm,OVERB,17,0.017856284647495925
DS15,mc.lm_OVERB,lm,OVERB,18,0.018035913531062736
DS15,mc.lm_OVERB,lm,OVERB,19,0.017511893208891436
DS15,mc.lm_OVERB,lm,OVERB,20,0.016258223165501896
DS15,mc.lm_OVERB,lm,OVERB,21,0.016521017598324556
DS15,mc.lm_OVERB,lm,OVERB,22,0.014462270519781665
DS15,mc.lm_OVERB,lm,OVERB,23,0.014551772334967253
DS15,mc.lm_OVERB,lm,OVERB,24,0.014282064485297391
DS15,mc.lm_OVERB,lm,OVERB,25,0.014549669559328685
DS15,mc.lm_OVERB,lm,OVERB,26,0.014872000485310548
DS15,mc.lm_OVERB,lm,OVERB,27,0.013476993425913856
DS15,mc.lm_OVERB,lm,OVERB,28,0.013758574397947419
DS15,mc.lm_OVERB,lm,OVERB,29,0.014178630401864453
DS15,mc.lm_OVERB,lm,OVERB,30,0.013335505160197311
DS15,mc.lm_OVERB,lm,OVERB,31,0.013089289416965976
DS15,mc.lm_OVERB,lm,OVERB,32,0.013666124071781397
DS15,mc.lm_OVERB,lm,OVERB,33,0.013680248810825489
DS15,mc.lm_OVERB,lm,OVERB,34,0.013553600596739955
DS15,mc.lm_OVERB,lm,OVERB,35,0.013148908519789924
DS15,mc.lm_OVERB,lm,OVERB,36,0.013379520506613582
DS15,mc.lm_OVERB,lm,OVERB,37,0.013561788753148748
DS15,mc.lm_OVERB,lm,OVERB,38,0.013691049099665013
DS15,mc.lm_OVERB,lm,OVERB,39,0.013999088608516917
DS15,mc.lm_OVERB,lm,OVERB,40,0.013395846989843094
DS15,mc.lm_OVERB,lm,OVERB,41,0.013324651167118713
DS15,mc.lm_OVERB,lm,OVERB,42,0.012867873904464732
DS15,mc.lm_OVERB,lm,OVERB,43,0.013153609702497059
DS15,mc.lm_OVERB,lm,OVERB,44,0.013061319716480963
DS15,mc.lm_OVERB,lm,OVERB,45,0.0126442564419574
DS15,mc.lm_OVERB,lm,OVERB,46,0.01331506703223069
DS15,mc.lm_OVERB,lm,OVERB,47,0.012763955228602292
DS15,mc.lm_OVERB,lm,OVERB,48,0.012466180613870797
DS15,mc.lm_OVERB,lm,OVERB,49,0.012602021627271979
DS15,mc.lm_OVERB,lm,OVERB,50,0.01209682447231336
DS15,mc.lm_OVERTPhi,lm,OVERTPhi,1,0.016794016105228984
DS15,mc.lm_OVERTPhi,lm,OVERTPhi,2,0.01728700759515711
DS15,mc.lm_OVERTPhi,lm,OVERTPhi,3,0.01747605842123434
DS15,mc.lm_OVERTPhi,lm,OVERTPhi,4,0.016914300644515656
DS15,mc.lm_OVERTPhi,lm,OVERTPhi,5,0.01769886355804639
DS15,mc.lm_OVERTPhi,lm,OVERTPhi,6,0.018250531611771533
DS15,mc.lm_OVERTPhi,lm,OVERTPhi,7,0.016246636748532543
DS15,mc.lm_OVERTPhi,lm,OVERTPhi,8,0.015884161424593285
DS15,mc.lm_OVERTPhi,lm,OVERTPhi,9,0.014983475740599021
DS15,mc.lm_OVERTPhi,lm,OVERTPhi,10,0.015422092459904302
DS15,mc.lm_OVERTPhi,lm,OVERTPhi,11,0.017318348141741
DS15,mc.lm_OVERTPhi,lm,OVERTPhi,12,0.017039312454100324
DS15,mc.lm_OVERTPhi,lm,OVERTPhi,13,0.01631747445365333
DS15,mc.lm_OVERTPhi,lm,OVERTPhi,14,0.016157949391028614
DS15,mc.lm_OVERTPhi,lm,OVERTPhi,15,0.016827646390857653
DS15,mc.lm_OVERTPhi,lm,OVERTPhi,16,0.016568414075498764
DS15,mc.lm_OVERTPhi,lm,OVERTPhi,17,0.016908597941025318
DS15,mc.lm_OVERTPhi,lm,OVERTPhi,18,0.01665687959471941
DS15,mc.lm_OVERTPhi,lm,OVERTPhi,19,0.016769704569518065
DS15,mc.lm_OVERTPhi,lm,OVERTPhi,20,0.015749324891684825
DS15,mc.lm_OVERTPhi,lm,OVERTPhi,21,0.01626583780701061
DS15,mc.lm_OVERTPhi,lm,OVERTPhi,22,0.014327054372686016
DS15,mc.lm_OVERTPhi,lm,OVERTPhi,23,0.015069626518523963
DS15,mc.lm_OVERTPhi,lm,OVERTPhi,24,0.013962359154814554
DS15,mc.lm_OVERTPhi,lm,OVERTPhi,25,0.016347521383598747
DS15,mc.lm_OVERTPhi,lm,OVERTPhi,26,0.015246670016271072
DS15,mc.lm_OVERTPhi,lm,OVERTPhi,27,0.014807983360202935
DS15,mc.lm_OVERTPhi,lm,OVERTPhi,28,0.014593809724315574
DS15,mc.lm_OVERTPhi,lm,OVERTPhi,29,0.014641520096572972
DS15,mc.lm_OVERTPhi,lm,OVERTPhi,30,0.01385001605264362
DS15,mc.lm_OVERTPhi,lm,OVERTPhi,31,0.013980994509111064
DS15,mc.lm_OVERTPhi,lm,OVERTPhi,32,0.014544410634699571
DS15,mc.lm_OVERTPhi,lm,OVERTPhi,33,0.014504000573177226
DS15,mc.lm_OVERTPhi,lm,OVERTPhi,34,0.014090661401262049
DS15,mc.lm_OVERTPhi,lm,OVERTPhi,35,0.013987252663933487
DS15,mc.lm_OVERTPhi,lm,OVERTPhi,36,0.013697033208198742
DS15,mc.lm_OVERTPhi,lm,OVERTPhi,37,0.013897621971593437
DS15,mc.lm_OVERTPhi,lm,OVERTPhi,38,0.01421369581584198
DS15,mc.lm_OVERTPhi,lm,OVERTPhi,39,0.01382449618577635
DS15,mc.lm_OVERTPhi,lm,OVERTPhi,40,0.013837267556435235
DS15,mc.lm_OVERTPhi,lm,OVERTPhi,41,0.014187537744909086
DS15,mc.lm_OVERTPhi,lm,OVERTPhi,42,0.013139710469815966
DS15,mc.lm_OVERTPhi,lm,OVERTPhi,43,0.013291263292477725
DS15,mc.lm_OVERTPhi,lm,OVERTPhi,44,0.013169014779376478
DS15,mc.lm_OVERTPhi,lm,OVERTPhi,45,0.0133020429401903
DS15,mc.lm_OVERTPhi,lm,OVERTPhi,46,0.013317615414203947
DS15,mc.lm_OVERTPhi,lm,OVERTPhi,47,0.012670247777400058
DS15,mc.lm_OVERTPhi,lm,OVERTPhi,48,0.012819652649162107
DS15,mc.lm_OVERTPhi,lm,OVERTPhi,49,0.013358790140554137
DS15,mc.lm_OVERTPhi,lm,OVERTPhi,50,0.012543181791016642
DS15,mc.lm_OVERT,lm,OVERT,1,0.01675603380741598
DS15,mc.lm_OVERT,lm,OVERT,2,0.017124203796236036
DS15,mc.lm_OVERT,lm,OVERT,3,0.017456010287765538
DS15,mc.lm_OVERT,lm,OVERT,4,0.016858808359869328
DS15,mc.lm_OVERT,lm,OVERT,5,0.017591959421284064
DS15,mc.lm_OVERT,lm,OVERT,6,0.018066123012241864
DS15,mc.lm_OVERT,lm,OVERT,7,0.015902652864689604
DS15,mc.lm_OVERT,lm,OVERT,8,0.01595151437392763
DS15,mc.lm_OVERT,lm,OVERT,9,0.015039143584055522
DS15,mc.lm_OVERT,lm,OVERT,10,0.015450216475418875
DS15,mc.lm_OVERT,lm,OVERT,11,0.017242445268749896
DS15,mc.lm_OVERT,lm,OVERT,12,0.016925992735016552
DS15,mc.lm_OVERT,lm,OVERT,13,0.01622855155812114
DS15,mc.lm_OVERT,lm,OVERT,14,0.01605503325319132
DS15,mc.lm_OVERT,lm,OVERT,15,0.016735832552939492
DS15,mc.lm_OVERT,lm,OVERT,16,0.016455616753958825
DS15,mc.lm_OVERT,lm,OVERT,17,0.01659265256262959
DS15,mc.lm_OVERT,lm,OVERT,18,0.01653697476496499
DS15,mc.lm_OVERT,lm,OVERT,19,0.016506514321890757
DS15,mc.lm_OVERT,lm,OVERT,20,0.015821397741935212
DS15,mc.lm_OVERT,lm,OVERT,21,0.016355329921884276
DS15,mc.lm_OVERT,lm,OVERT,22,0.014308792318427634
DS15,mc.lm_OVERT,lm,OVERT,23,0.015065229819905138
DS15,mc.lm_OVERT,lm,OVERT,24,0.014053337020692854
DS15,mc.lm_OVERT,lm,OVERT,25,0.016254926720088676
DS15,mc.lm_OVERT,lm,OVERT,26,0.015163445780220683
DS15,mc.lm_OVERT,lm,OVERT,27,0.014658190749065906
DS15,mc.lm_OVERT,lm,OVERT,28,0.014524021077326922
DS15,mc.lm_OVERT,lm,OVERT,29,0.014669588419522898
DS15,mc.lm_OVERT,lm,OVERT,30,0.013820192516119713
DS15,mc.lm_OVERT,lm,OVERT,31,0.013934356578251575
DS15,mc.lm_OVERT,lm,OVERT,32,0.014456796053276467
DS15,mc.lm_OVERT,lm,OVERT,33,0.014496590189245765
DS15,mc.lm_OVERT,lm,OVERT,34,0.014027601224073052
DS15,mc.lm_OVERT,lm,OVERT,35,0.013958352220404932
DS15,mc.lm_OVERT,lm,OVERT,36,0.013615007125794935
DS15,mc.lm_OVERT,lm,OVERT,37,0.013893142581041578
DS15,mc.lm_OVERT,lm,OVERT,38,0.014169261279442492
DS15,mc.lm_OVERT,lm,OVERT,39,0.013816432474491339
DS15,mc.lm_OVERT,lm,OVERT,40,0.013797165460087014
DS15,mc.lm_OVERT,lm,OVERT,41,0.014120936065302883
DS15,mc.lm_OVERT,lm,OVERT,42,0.013022488913429905
DS15,mc.lm_OVERT,lm,OVERT,43,0.01321956931760272
DS15,mc.lm_OVERT,lm,OVERT,44,0.013158638310576917
DS15,mc.lm_OVERT,lm,OVERT,45,0.013280142868902509
DS15,mc.lm_OVERT,lm,OVERT,46,0.013292897612135755
DS15,mc.lm_OVERT,lm,OVERT,47,0.012640542907761215
DS15,mc.lm_OVERT,lm,OVERT,48,0.012795868326994517
DS15,mc.lm_OVERT,lm,OVERT,49,0.013321438855015275
DS15,mc.lm_OVERT,lm,OVERT,50,0.012478100974966681
DS15,mc.lm_SMOTEB,lm,SMOTEB,1,0.019782459794336866
DS15,mc.lm_SMOTEB,lm,SMOTEB,2,0.018416502075966554
DS15,mc.lm_SMOTEB,lm,SMOTEB,3,0.01904571745512019
DS15,mc.lm_SMOTEB,lm,SMOTEB,4,0.020223785535562724
DS15,mc.lm_SMOTEB,lm,SMOTEB,5,0.02082427525743869
DS15,mc.lm_SMOTEB,lm,SMOTEB,6,0.020420431825224912
DS15,mc.lm_SMOTEB,lm,SMOTEB,7,0.01712723090239842
DS15,mc.lm_SMOTEB,lm,SMOTEB,8,0.01837067242558771
DS15,mc.lm_SMOTEB,lm,SMOTEB,9,0.018225444484116518
DS15,mc.lm_SMOTEB,lm,SMOTEB,10,0.018507090335341033
DS15,mc.lm_SMOTEB,lm,SMOTEB,11,0.018690945339261793
DS15,mc.lm_SMOTEB,lm,SMOTEB,12,0.019543291074635417
DS15,mc.lm_SMOTEB,lm,SMOTEB,13,0.019058817480658467
DS15,mc.lm_SMOTEB,lm,SMOTEB,14,0.021082943594607717
DS15,mc.lm_SMOTEB,lm,SMOTEB,15,0.020989224120606727
DS15,mc.lm_SMOTEB,lm,SMOTEB,16,0.020515285410491118
DS15,mc.lm_SMOTEB,lm,SMOTEB,17,0.020118122982231364
DS15,mc.lm_SMOTEB,lm,SMOTEB,18,0.022489061459893805
DS15,mc.lm_SMOTEB,lm,SMOTEB,19,0.02044011620558332
DS15,mc.lm_SMOTEB,lm,SMOTEB,20,0.020163705735012645
DS15,mc.lm_SMOTEB,lm,SMOTEB,21,0.01867508584343875
DS15,mc.lm_SMOTEB,lm,SMOTEB,22,0.017097627684462133
DS15,mc.lm_SMOTEB,lm,SMOTEB,23,0.016757505237044567
DS15,mc.lm_SMOTEB,lm,SMOTEB,24,0.01573541253901822
DS15,mc.lm_SMOTEB,lm,SMOTEB,25,0.018392569784165688
DS15,mc.lm_SMOTEB,lm,SMOTEB,26,0.020485380134506636
DS15,mc.lm_SMOTEB,lm,SMOTEB,27,0.016091074027026732
DS15,mc.lm_SMOTEB,lm,SMOTEB,28,0.016272238479559144
DS15,mc.lm_SMOTEB,lm,SMOTEB,29,0.016442782148513316
DS15,mc.lm_SMOTEB,lm,SMOTEB,30,0.01674057691925659
DS15,mc.lm_SMOTEB,lm,SMOTEB,31,0.015424586393163854
DS15,mc.lm_SMOTEB,lm,SMOTEB,32,0.016404838210770278
DS15,mc.lm_SMOTEB,lm,SMOTEB,33,0.015679826895047697
DS15,mc.lm_SMOTEB,lm,SMOTEB,34,0.015431808949245424
DS15,mc.lm_SMOTEB,lm,SMOTEB,35,0.017551270912397703
DS15,mc.lm_SMOTEB,lm,SMOTEB,36,0.016134925844720687
DS15,mc.lm_SMOTEB,lm,SMOTEB,37,0.0167203903943765
DS15,mc.lm_SMOTEB,lm,SMOTEB,38,0.017086639695936504
DS15,mc.lm_SMOTEB,lm,SMOTEB,39,0.017148637571697874
DS15,mc.lm_SMOTEB,lm,SMOTEB,40,0.017203689924567982
DS15,mc.lm_SMOTEB,lm,SMOTEB,41,0.01638512116473344
DS15,mc.lm_SMOTEB,lm,SMOTEB,42,0.01637035484006712
DS15,mc.lm_SMOTEB,lm,SMOTEB,43,0.014355304095679745
DS15,mc.lm_SMOTEB,lm,SMOTEB,44,0.017105779586804894
DS15,mc.lm_SMOTEB,lm,SMOTEB,45,0.017863724196839285
DS15,mc.lm_SMOTEB,lm,SMOTEB,46,0.015926801711086933
DS15,mc.lm_SMOTEB,lm,SMOTEB,47,0.01721201597998549
DS15,mc.lm_SMOTEB,lm,SMOTEB,48,0.01678446422272306
DS15,mc.lm_SMOTEB,lm,SMOTEB,49,0.015129859061838249
DS15,mc.lm_SMOTEB,lm,SMOTEB,50,0.01624856732927004
DS15,mc.lm_SMOTETPhi,lm,SMOTETPhi,1,0.02675795374705508
DS15,mc.lm_SMOTETPhi,lm,SMOTETPhi,2,0.023435257347188872
DS15,mc.lm_SMOTETPhi,lm,SMOTETPhi,3,0.02501883637352143
DS15,mc.lm_SMOTETPhi,lm,SMOTETPhi,4,0.02382058573719519
DS15,mc.lm_SMOTETPhi,lm,SMOTETPhi,5,0.026865830282343517
DS15,mc.lm_SMOTETPhi,lm,SMOTETPhi,6,0.026097409358043232
DS15,mc.lm_SMOTETPhi,lm,SMOTETPhi,7,0.022320617600302874
DS15,mc.lm_SMOTETPhi,lm,SMOTETPhi,8,0.023002167301598413
DS15,mc.lm_SMOTETPhi,lm,SMOTETPhi,9,0.02441714125451951
DS15,mc.lm_SMOTETPhi,lm,SMOTETPhi,10,0.022715693945127024
DS15,mc.lm_SMOTETPhi,lm,SMOTETPhi,11,0.02520367065147525
DS15,mc.lm_SMOTETPhi,lm,SMOTETPhi,12,0.023708425787750863
DS15,mc.lm_SMOTETPhi,lm,SMOTETPhi,13,0.024074321001724953
DS15,mc.lm_SMOTETPhi,lm,SMOTETPhi,14,0.02469681609463051
DS15,mc.lm_SMOTETPhi,lm,SMOTETPhi,15,0.02432079173678588
DS15,mc.lm_SMOTETPhi,lm,SMOTETPhi,16,0.025057753605993143
DS15,mc.lm_SMOTETPhi,lm,SMOTETPhi,17,0.024240888973454777
DS15,mc.lm_SMOTETPhi,lm,SMOTETPhi,18,0.024989350895038672
DS15,mc.lm_SMOTETPhi,lm,SMOTETPhi,19,0.024410563660598874
DS15,mc.lm_SMOTETPhi,lm,SMOTETPhi,20,0.01969980695529399
DS15,mc.lm_SMOTETPhi,lm,SMOTETPhi,21,0.02050194113795085
DS15,mc.lm_SMOTETPhi,lm,SMOTETPhi,22,0.019681812534038477
DS15,mc.lm_SMOTETPhi,lm,SMOTETPhi,23,0.01807602396545029
DS15,mc.lm_SMOTETPhi,lm,SMOTETPhi,24,0.017498205853244957
DS15,mc.lm_SMOTETPhi,lm,SMOTETPhi,25,0.017800367819506616
DS15,mc.lm_SMOTETPhi,lm,SMOTETPhi,26,0.019763531579179514
DS15,mc.lm_SMOTETPhi,lm,SMOTETPhi,27,0.01908896774681212
DS15,mc.lm_SMOTETPhi,lm,SMOTETPhi,28,0.017696080064356315
DS15,mc.lm_SMOTETPhi,lm,SMOTETPhi,29,0.01913703303377841
DS15,mc.lm_SMOTETPhi,lm,SMOTETPhi,30,0.01775092574308749
DS15,mc.lm_SMOTETPhi,lm,SMOTETPhi,31,0.016862799360787363
DS15,mc.lm_SMOTETPhi,lm,SMOTETPhi,32,0.01841539364155081
DS15,mc.lm_SMOTETPhi,lm,SMOTETPhi,33,0.01916270394121936
DS15,mc.lm_SMOTETPhi,lm,SMOTETPhi,34,0.017770547593890892
DS15,mc.lm_SMOTETPhi,lm,SMOTETPhi,35,0.018035359338898476
DS15,mc.lm_SMOTETPhi,lm,SMOTETPhi,36,0.015884960494670742
DS15,mc.lm_SMOTETPhi,lm,SMOTETPhi,37,0.019007003983659277
DS15,mc.lm_SMOTETPhi,lm,SMOTETPhi,38,0.01946364828527953
DS15,mc.lm_SMOTETPhi,lm,SMOTETPhi,39,0.017742948264843985
DS15,mc.lm_SMOTETPhi,lm,SMOTETPhi,40,0.019487941580924355
DS15,mc.lm_SMOTETPhi,lm,SMOTETPhi,41,0.019314434656303947
DS15,mc.lm_SMOTETPhi,lm,SMOTETPhi,42,0.015417141449040122
DS15,mc.lm_SMOTETPhi,lm,SMOTETPhi,43,0.017180472285009685
DS15,mc.lm_SMOTETPhi,lm,SMOTETPhi,44,0.017377559819323467
DS15,mc.lm_SMOTETPhi,lm,SMOTETPhi,45,0.01660992562395283
DS15,mc.lm_SMOTETPhi,lm,SMOTETPhi,46,0.016123239103003405
DS15,mc.lm_SMOTETPhi,lm,SMOTETPhi,47,0.014832902389001647
DS15,mc.lm_SMOTETPhi,lm,SMOTETPhi,48,0.015412114574333976
DS15,mc.lm_SMOTETPhi,lm,SMOTETPhi,49,0.016753620137326578
DS15,mc.lm_SMOTETPhi,lm,SMOTETPhi,50,0.015899309180504115
DS15,mc.lm_SMOTET,lm,SMOTET,1,0.02201881088032459
DS15,mc.lm_SMOTET,lm,SMOTET,2,0.023588994287672662
DS15,mc.lm_SMOTET,lm,SMOTET,3,0.02371093764311993
DS15,mc.lm_SMOTET,lm,SMOTET,4,0.02508584869370089
DS15,mc.lm_SMOTET,lm,SMOTET,5,0.02744369178804939
DS15,mc.lm_SMOTET,lm,SMOTET,6,0.027392955657687016
DS15,mc.lm_SMOTET,lm,SMOTET,7,0.023425433860574055
DS15,mc.lm_SMOTET,lm,SMOTET,8,0.023907482952942708
DS15,mc.lm_SMOTET,lm,SMOTET,9,0.02307680026889653
DS15,mc.lm_SMOTET,lm,SMOTET,10,0.022098167157465314
DS15,mc.lm_SMOTET,lm,SMOTET,11,0.02600853060718678
DS15,mc.lm_SMOTET,lm,SMOTET,12,0.024231933176262377
DS15,mc.lm_SMOTET,lm,SMOTET,13,0.024034481182663135
DS15,mc.lm_SMOTET,lm,SMOTET,14,0.025217194708705547
DS15,mc.lm_SMOTET,lm,SMOTET,15,0.026238806883418474
DS15,mc.lm_SMOTET,lm,SMOTET,16,0.024008053294869023
DS15,mc.lm_SMOTET,lm,SMOTET,17,0.024655825803609543
DS15,mc.lm_SMOTET,lm,SMOTET,18,0.024349158252435842
DS15,mc.lm_SMOTET,lm,SMOTET,19,0.02345336019963222
DS15,mc.lm_SMOTET,lm,SMOTET,20,0.022046405938631174
DS15,mc.lm_SMOTET,lm,SMOTET,21,0.021033027043461446
DS15,mc.lm_SMOTET,lm,SMOTET,22,0.01841526978836505
DS15,mc.lm_SMOTET,lm,SMOTET,23,0.020079304893005884
DS15,mc.lm_SMOTET,lm,SMOTET,24,0.019243329639998308
DS15,mc.lm_SMOTET,lm,SMOTET,25,0.0206425468804524
DS15,mc.lm_SMOTET,lm,SMOTET,26,0.021989852066187966
DS15,mc.lm_SMOTET,lm,SMOTET,27,0.01771821008267928
DS15,mc.lm_SMOTET,lm,SMOTET,28,0.018467900886134318
DS15,mc.lm_SMOTET,lm,SMOTET,29,0.019613419304061065
DS15,mc.lm_SMOTET,lm,SMOTET,30,0.016015311493501688
DS15,mc.lm_SMOTET,lm,SMOTET,31,0.016367421281592315
DS15,mc.lm_SMOTET,lm,SMOTET,32,0.018809427780971878
DS15,mc.lm_SMOTET,lm,SMOTET,33,0.017027191229498903
DS15,mc.lm_SMOTET,lm,SMOTET,34,0.01648219847854215
DS15,mc.lm_SMOTET,lm,SMOTET,35,0.018280447818673187
DS15,mc.lm_SMOTET,lm,SMOTET,36,0.014919175810768452
DS15,mc.lm_SMOTET,lm,SMOTET,37,0.018878994704983536
DS15,mc.lm_SMOTET,lm,SMOTET,38,0.01894121681210795
DS15,mc.lm_SMOTET,lm,SMOTET,39,0.017375139064974073
DS15,mc.lm_SMOTET,lm,SMOTET,40,0.017382158654699324
DS15,mc.lm_SMOTET,lm,SMOTET,41,0.019635041244156062
DS15,mc.lm_SMOTET,lm,SMOTET,42,0.015533041643682598
DS15,mc.lm_SMOTET,lm,SMOTET,43,0.01614969842082335
DS15,mc.lm_SMOTET,lm,SMOTET,44,0.014702468274581429
DS15,mc.lm_SMOTET,lm,SMOTET,45,0.01575392655987788
DS15,mc.lm_SMOTET,lm,SMOTET,46,0.016360171561747777
DS15,mc.lm_SMOTET,lm,SMOTET,47,0.015393815136650679
DS15,mc.lm_SMOTET,lm,SMOTET,48,0.015353817118030815
DS15,mc.lm_SMOTET,lm,SMOTET,49,0.01486061056079855
DS15,mc.lm_SMOTET,lm,SMOTET,50,0.0143179978445326
DS15,mc.lm_UNDERB,lm,UNDERB,1,0.01938159412295989
DS15,mc.lm_UNDERB,lm,UNDERB,2,0.01659982641241485
DS15,mc.lm_UNDERB,lm,UNDERB,3,0.01719298375533023
DS15,mc.lm_UNDERB,lm,UNDERB,4,0.015867758204633514
DS15,mc.lm_UNDERB,lm,UNDERB,5,0.01704511137175899
DS15,mc.lm_UNDERB,lm,UNDERB,6,0.019939040141833498
DS15,mc.lm_UNDERB,lm,UNDERB,7,0.017271604275217886
DS15,mc.lm_UNDERB,lm,UNDERB,8,0.02001149373934689
DS15,mc.lm_UNDERB,lm,UNDERB,9,0.018820659873953503
DS15,mc.lm_UNDERB,lm,UNDERB,10,0.015988343117698076
DS15,mc.lm_UNDERB,lm,UNDERB,11,0.016904227099096225
DS15,mc.lm_UNDERB,lm,UNDERB,12,0.017902672937168004
DS15,mc.lm_UNDERB,lm,UNDERB,13,0.02057901909595718
DS15,mc.lm_UNDERB,lm,UNDERB,14,0.02054912084115896
DS15,mc.lm_UNDERB,lm,UNDERB,15,0.019094475364833375
DS15,mc.lm_UNDERB,lm,UNDERB,16,0.020455007172614045
DS15,mc.lm_UNDERB,lm,UNDERB,17,0.02056934679034026
DS15,mc.lm_UNDERB,lm,UNDERB,18,0.020330532835300483
DS15,mc.lm_UNDERB,lm,UNDERB,19,0.02462693649933006
DS15,mc.lm_UNDERB,lm,UNDERB,20,0.01772766404326708
DS15,mc.lm_UNDERB,lm,UNDERB,21,0.019782727060260536
DS15,mc.lm_UNDERB,lm,UNDERB,22,0.016380671485640493
DS15,mc.lm_UNDERB,lm,UNDERB,23,0.015698878507804857
DS15,mc.lm_UNDERB,lm,UNDERB,24,0.014715473486123893
DS15,mc.lm_UNDERB,lm,UNDERB,25,0.014101459257413565
DS15,mc.lm_UNDERB,lm,UNDERB,26,0.01667594572798534
DS15,mc.lm_UNDERB,lm,UNDERB,27,0.014237762735037195
DS15,mc.lm_UNDERB,lm,UNDERB,28,0.0147595335272891
DS15,mc.lm_UNDERB,lm,UNDERB,29,0.015544788262016392
DS15,mc.lm_UNDERB,lm,UNDERB,30,0.016027457703528054
DS15,mc.lm_UNDERB,lm,UNDERB,31,0.014196511497687098
DS15,mc.lm_UNDERB,lm,UNDERB,32,0.014047440397742812
DS15,mc.lm_UNDERB,lm,UNDERB,33,0.01434187212269373
DS15,mc.lm_UNDERB,lm,UNDERB,34,0.013509396076223928
DS15,mc.lm_UNDERB,lm,UNDERB,35,0.015133018922879543
DS15,mc.lm_UNDERB,lm,UNDERB,36,0.01294173002393891
DS15,mc.lm_UNDERB,lm,UNDERB,37,0.015130076272429745
DS15,mc.lm_UNDERB,lm,UNDERB,38,0.015407099649197814
DS15,mc.lm_UNDERB,lm,UNDERB,39,0.013344430009551177
DS15,mc.lm_UNDERB,lm,UNDERB,40,0.014019885112931915
DS15,mc.lm_UNDERB,lm,UNDERB,41,0.017143077109542926
DS15,mc.lm_UNDERB,lm,UNDERB,42,0.014156218628200653
DS15,mc.lm_UNDERB,lm,UNDERB,43,0.012477032280324029
DS15,mc.lm_UNDERB,lm,UNDERB,44,0.013892885919486725
DS15,mc.lm_UNDERB,lm,UNDERB,45,0.013000177259559107
DS15,mc.lm_UNDERB,lm,UNDERB,46,0.01335410124479548
DS15,mc.lm_UNDERB,lm,UNDERB,47,0.014855030723692602
DS15,mc.lm_UNDERB,lm,UNDERB,48,0.013831388938841248
DS15,mc.lm_UNDERB,lm,UNDERB,49,0.014475106927698433
DS15,mc.lm_UNDERB,lm,UNDERB,50,0.013242238391716893
DS15,mc.lm_UNDERTPhi,lm,UNDERTPhi,1,0.01954051310460451
DS15,mc.lm_UNDERTPhi,lm,UNDERTPhi,2,0.02080389593842984
DS15,mc.lm_UNDERTPhi,lm,UNDERTPhi,3,0.020125169079886616
DS15,mc.lm_UNDERTPhi,lm,UNDERTPhi,4,0.019579049478416787
DS15,mc.lm_UNDERTPhi,lm,UNDERTPhi,5,0.01951908886464786
DS15,mc.lm_UNDERTPhi,lm,UNDERTPhi,6,0.019682950737479513
DS15,mc.lm_UNDERTPhi,lm,UNDERTPhi,7,0.01657517632615474
DS15,mc.lm_UNDERTPhi,lm,UNDERTPhi,8,0.01970331865213234
DS15,mc.lm_UNDERTPhi,lm,UNDERTPhi,9,0.018021632270236128
DS15,mc.lm_UNDERTPhi,lm,UNDERTPhi,10,0.01799729704480583
DS15,mc.lm_UNDERTPhi,lm,UNDERTPhi,11,0.01724185073441513
DS15,mc.lm_UNDERTPhi,lm,UNDERTPhi,12,0.020814410575140392
DS15,mc.lm_UNDERTPhi,lm,UNDERTPhi,13,0.020672917217992994
DS15,mc.lm_UNDERTPhi,lm,UNDERTPhi,14,0.02052424375333835
DS15,mc.lm_UNDERTPhi,lm,UNDERTPhi,15,0.020747662677830365
DS15,mc.lm_UNDERTPhi,lm,UNDERTPhi,16,0.018306398388406645
DS15,mc.lm_UNDERTPhi,lm,UNDERTPhi,17,0.02038420532961677
DS15,mc.lm_UNDERTPhi,lm,UNDERTPhi,18,0.022296946591469118
DS15,mc.lm_UNDERTPhi,lm,UNDERTPhi,19,0.018933188161395234
DS15,mc.lm_UNDERTPhi,lm,UNDERTPhi,20,0.019987861680290226
DS15,mc.lm_UNDERTPhi,lm,UNDERTPhi,21,0.020103010385918888
DS15,mc.lm_UNDERTPhi,lm,UNDERTPhi,22,0.018056733908818352
DS15,mc.lm_UNDERTPhi,lm,UNDERTPhi,23,0.018195906843178105
DS15,mc.lm_UNDERTPhi,lm,UNDERTPhi,24,0.016764026551361708
DS15,mc.lm_UNDERTPhi,lm,UNDERTPhi,25,0.01487201642342936
DS15,mc.lm_UNDERTPhi,lm,UNDERTPhi,26,0.01662995042093461
DS15,mc.lm_UNDERTPhi,lm,UNDERTPhi,27,0.013485617838827456
DS15,mc.lm_UNDERTPhi,lm,UNDERTPhi,28,0.017951112487484825
DS15,mc.lm_UNDERTPhi,lm,UNDERTPhi,29,0.017046134055307662
DS15,mc.lm_UNDERTPhi,lm,UNDERTPhi,30,0.014813752513354579
DS15,mc.lm_UNDERTPhi,lm,UNDERTPhi,31,0.013524445064229576
DS15,mc.lm_UNDERTPhi,lm,UNDERTPhi,32,0.014311024312448456
DS15,mc.lm_UNDERTPhi,lm,UNDERTPhi,33,0.01765298736950119
DS15,mc.lm_UNDERTPhi,lm,UNDERTPhi,34,0.01461444009384349
DS15,mc.lm_UNDERTPhi,lm,UNDERTPhi,35,0.013532915728068395
DS15,mc.lm_UNDERTPhi,lm,UNDERTPhi,36,0.014068331642138642
DS15,mc.lm_UNDERTPhi,lm,UNDERTPhi,37,0.015594564464311806
DS15,mc.lm_UNDERTPhi,lm,UNDERTPhi,38,0.01943058640680288
DS15,mc.lm_UNDERTPhi,lm,UNDERTPhi,39,0.017221886444794703
DS15,mc.lm_UNDERTPhi,lm,UNDERTPhi,40,0.01617164201025558
DS15,mc.lm_UNDERTPhi,lm,UNDERTPhi,41,0.014903513027415091
DS15,mc.lm_UNDERTPhi,lm,UNDERTPhi,42,0.014520990480000374
DS15,mc.lm_UNDERTPhi,lm,UNDERTPhi,43,0.01506757365046592
DS15,mc.lm_UNDERTPhi,lm,UNDERTPhi,44,0.014885587505631357
DS15,mc.lm_UNDERTPhi,lm,UNDERTPhi,45,0.014738930463101197
DS15,mc.lm_UNDERTPhi,lm,UNDERTPhi,46,0.014295828076443612
DS15,mc.lm_UNDERTPhi,lm,UNDERTPhi,47,0.014802446395741414
DS15,mc.lm_UNDERTPhi,lm,UNDERTPhi,48,0.018067198444184043
DS15,mc.lm_UNDERTPhi,lm,UNDERTPhi,49,0.018305424189809547
DS15,mc.lm_UNDERTPhi,lm,UNDERTPhi,50,0.016955140922783947
DS15,mc.lm_UNDERT,lm,UNDERT,1,0.01917642375470233
DS15,mc.lm_UNDERT,lm,UNDERT,2,0.018354561176492288
DS15,mc.lm_UNDERT,lm,UNDERT,3,0.01955928508512921
DS15,mc.lm_UNDERT,lm,UNDERT,4,0.01822226102778035
DS15,mc.lm_UNDERT,lm,UNDERT,5,0.017674685322047426
DS15,mc.lm_UNDERT,lm,UNDERT,6,0.01972266411211247
DS15,mc.lm_UNDERT,lm,UNDERT,7,0.016266528956049835
DS15,mc.lm_UNDERT,lm,UNDERT,8,0.018647955815367163
DS15,mc.lm_UNDERT,lm,UNDERT,9,0.017977294482486597
DS15,mc.lm_UNDERT,lm,UNDERT,10,0.018401478918847768
DS15,mc.lm_UNDERT,lm,UNDERT,11,0.02060194364492503
DS15,mc.lm_UNDERT,lm,UNDERT,12,0.019802947396227413
DS15,mc.lm_UNDERT,lm,UNDERT,13,0.022223539398163294
DS15,mc.lm_UNDERT,lm,UNDERT,14,0.021578424978129715
DS15,mc.lm_UNDERT,lm,UNDERT,15,0.02284520066247159
DS15,mc.lm_UNDERT,lm,UNDERT,16,0.023448621041268273
DS15,mc.lm_UNDERT,lm,UNDERT,17,0.021771525415454983
DS15,mc.lm_UNDERT,lm,UNDERT,18,0.0198950256290972
DS15,mc.lm_UNDERT,lm,UNDERT,19,0.021094762704562894
DS15,mc.lm_UNDERT,lm,UNDERT,20,0.018683073881145033
DS15,mc.lm_UNDERT,lm,UNDERT,21,0.019655933313758697
DS15,mc.lm_UNDERT,lm,UNDERT,22,0.016466431469284094
DS15,mc.lm_UNDERT,lm,UNDERT,23,0.0169942523299052
DS15,mc.lm_UNDERT,lm,UNDERT,24,0.016244286217775336
DS15,mc.lm_UNDERT,lm,UNDERT,25,0.016469396201206514
DS15,mc.lm_UNDERT,lm,UNDERT,26,0.01672548534619382
DS15,mc.lm_UNDERT,lm,UNDERT,27,0.014544347480728546
DS15,mc.lm_UNDERT,lm,UNDERT,28,0.016295624367056307
DS15,mc.lm_UNDERT,lm,UNDERT,29,0.01604382449921769
DS15,mc.lm_UNDERT,lm,UNDERT,30,0.014919181125617869
DS15,mc.lm_UNDERT,lm,UNDERT,31,0.014042636738274628
DS15,mc.lm_UNDERT,lm,UNDERT,32,0.016930753727147776
DS15,mc.lm_UNDERT,lm,UNDERT,33,0.016753783184028925
DS15,mc.lm_UNDERT,lm,UNDERT,34,0.018185745774845975
DS15,mc.lm_UNDERT,lm,UNDERT,35,0.014232225538421775
DS15,mc.lm_UNDERT,lm,UNDERT,36,0.012851569550086398
DS15,mc.lm_UNDERT,lm,UNDERT,37,0.014386084280990176
DS15,mc.lm_UNDERT,lm,UNDERT,38,0.014248462719136414
DS15,mc.lm_UNDERT,lm,UNDERT,39,0.01430395857556194
DS15,mc.lm_UNDERT,lm,UNDERT,40,0.01616978280970646
DS15,mc.lm_UNDERT,lm,UNDERT,41,0.01314078501905832
DS15,mc.lm_UNDERT,lm,UNDERT,42,0.015555715642806597
DS15,mc.lm_UNDERT,lm,UNDERT,43,0.014387662185410276
DS15,mc.lm_UNDERT,lm,UNDERT,44,0.01393555703348039
DS15,mc.lm_UNDERT,lm,UNDERT,45,0.014177884671593722
DS15,mc.lm_UNDERT,lm,UNDERT,46,0.01677021642824695
DS15,mc.lm_UNDERT,lm,UNDERT,47,0.01260551210874299
DS15,mc.lm_UNDERT,lm,UNDERT,48,0.013011201431376183
DS15,mc.lm_UNDERT,lm,UNDERT,49,0.014840525836156377
DS15,mc.lm_UNDERT,lm,UNDERT,50,0.015330344732409972
DS15,mc.lm,lm,baseline,1,0.014008975507807003
DS15,mc.lm,lm,baseline,2,0.013885543934894775
DS15,mc.lm,lm,baseline,3,0.013861910976815698
DS15,mc.lm,lm,baseline,4,0.013889697478099339
DS15,mc.lm,lm,baseline,5,0.013896613895269264
DS15,mc.lm,lm,baseline,6,0.014020314811306568
DS15,mc.lm,lm,baseline,7,0.014085405995886615
DS15,mc.lm,lm,baseline,8,0.01408698913052313
DS15,mc.lm,lm,baseline,9,0.013852069602571881
DS15,mc.lm,lm,baseline,10,0.013907343393860497
DS15,mc.lm,lm,baseline,11,0.013804470916265325
DS15,mc.lm,lm,baseline,12,0.013845233454194875
DS15,mc.lm,lm,baseline,13,0.013862119236504523
DS15,mc.lm,lm,baseline,14,0.013776269244704707
DS15,mc.lm,lm,baseline,15,0.013845424073363333
DS15,mc.lm,lm,baseline,16,0.013778999380285826
DS15,mc.lm,lm,baseline,17,0.013751215099480225
DS15,mc.lm,lm,baseline,18,0.013729648811742257
DS15,mc.lm,lm,baseline,19,0.013673135827638572
DS15,mc.lm,lm,baseline,20,0.013456910673066516
DS15,mc.lm,lm,baseline,21,0.013450480798526392
DS15,mc.lm,lm,baseline,22,0.01292288150003866
DS15,mc.lm,lm,baseline,23,0.012768274003777157
DS15,mc.lm,lm,baseline,24,0.01273279623818755
DS15,mc.lm,lm,baseline,25,0.01193734976195969
DS15,mc.lm,lm,baseline,26,0.011642957252349477
DS15,mc.lm,lm,baseline,27,0.010934130699140456
DS15,mc.lm,lm,baseline,28,0.010857205139260065
DS15,mc.lm,lm,baseline,29,0.010848565026740501
DS15,mc.lm,lm,baseline,30,0.010496581683478393
DS15,mc.lm,lm,baseline,31,0.010476165331152127
DS15,mc.lm,lm,baseline,32,0.010380830913995226
DS15,mc.lm,lm,baseline,33,0.010379995196790955
DS15,mc.lm,lm,baseline,34,0.010139940417989771
DS15,mc.lm,lm,baseline,35,0.010190362937406671
DS15,mc.lm,lm,baseline,36,0.01013628544630105
DS15,mc.lm,lm,baseline,37,0.01012422633311638
DS15,mc.lm,lm,baseline,38,0.010213276545962487
DS15,mc.lm,lm,baseline,39,0.010208872554075583
DS15,mc.lm,lm,baseline,40,0.01011523076197755
DS15,mc.lm,lm,baseline,41,0.010120836703375744
DS15,mc.lm,lm,baseline,42,0.009603077121170653
DS15,mc.lm,lm,baseline,43,0.009642093554819688
DS15,mc.lm,lm,baseline,44,0.00958646047719075
DS15,mc.lm,lm,baseline,45,0.009589822749779913
DS15,mc.lm,lm,baseline,46,0.009532738105808881
DS15,mc.lm,lm,baseline,47,0.009518205932223568
DS15,mc.lm,lm,baseline,48,0.009226974782454928
DS15,mc.lm,lm,baseline,49,0.009274900769022008
DS15,mc.lm,lm,baseline,50,0.0092329863939208
DS15,mc.mars_OVERB,mars,OVERB,1,0.020367807754832767
DS15,mc.mars_OVERB,mars,OVERB,2,0.021405679702082535
DS15,mc.mars_OVERB,mars,OVERB,3,0.021610226401462786
DS15,mc.mars_OVERB,mars,OVERB,4,0.021210064547221668
DS15,mc.mars_OVERB,mars,OVERB,5,0.021438962213289118
DS15,mc.mars_OVERB,mars,OVERB,6,0.021671106824950638
DS15,mc.mars_OVERB,mars,OVERB,7,0.020276311995688794
DS15,mc.mars_OVERB,mars,OVERB,8,0.01826403301167466
DS15,mc.mars_OVERB,mars,OVERB,9,0.01748019937253617
DS15,mc.mars_OVERB,mars,OVERB,10,0.018395309594975484
DS15,mc.mars_OVERB,mars,OVERB,11,0.022578377155631636
DS15,mc.mars_OVERB,mars,OVERB,12,0.02089641163065848
DS15,mc.mars_OVERB,mars,OVERB,13,0.020420555653413178
DS15,mc.mars_OVERB,mars,OVERB,14,0.019059174024622393
DS15,mc.mars_OVERB,mars,OVERB,15,0.020018557467131062
DS15,mc.mars_OVERB,mars,OVERB,16,0.01954839771429182
DS15,mc.mars_OVERB,mars,OVERB,17,0.020461803309769835
DS15,mc.mars_OVERB,mars,OVERB,18,0.02271828700782011
DS15,mc.mars_OVERB,mars,OVERB,19,0.021606015008865515
DS15,mc.mars_OVERB,mars,OVERB,20,0.02009396718004673
DS15,mc.mars_OVERB,mars,OVERB,21,0.021779467740337174
DS15,mc.mars_OVERB,mars,OVERB,22,0.018257697645881164
DS15,mc.mars_OVERB,mars,OVERB,23,0.019640035873831934
DS15,mc.mars_OVERB,mars,OVERB,24,0.019893122657580274
DS15,mc.mars_OVERB,mars,OVERB,25,0.020134624162951958
DS15,mc.mars_OVERB,mars,OVERB,26,0.02135050437799678
DS15,mc.mars_OVERB,mars,OVERB,27,0.01785603682254601
DS15,mc.mars_OVERB,mars,OVERB,28,0.017911919765758535
DS15,mc.mars_OVERB,mars,OVERB,29,0.016175728495499943
DS15,mc.mars_OVERB,mars,OVERB,30,0.01430477894705418
DS15,mc.mars_OVERB,mars,OVERB,31,0.01382254207675422
DS15,mc.mars_OVERB,mars,OVERB,32,0.013175411341515085
DS15,mc.mars_OVERB,mars,OVERB,33,0.01360726821661092
DS15,mc.mars_OVERB,mars,OVERB,34,0.013149364030442038
DS15,mc.mars_OVERB,mars,OVERB,35,0.012419938948399689
DS15,mc.mars_OVERB,mars,OVERB,36,0.014765996476213003
DS15,mc.mars_OVERB,mars,OVERB,37,0.014341754996333335
DS15,mc.mars_OVERB,mars,OVERB,38,0.013972965267583076
DS15,mc.mars_OVERB,mars,OVERB,39,0.013629763740856234
DS15,mc.mars_OVERB,mars,OVERB,40,0.013258136377357248
DS15,mc.mars_OVERB,mars,OVERB,41,0.014133130478459243
DS15,mc.mars_OVERB,mars,OVERB,42,0.012368392262514181
DS15,mc.mars_OVERB,mars,OVERB,43,0.012946312483093884
DS15,mc.mars_OVERB,mars,OVERB,44,0.01263200229210067
DS15,mc.mars_OVERB,mars,OVERB,45,0.012678718699137368
DS15,mc.mars_OVERB,mars,OVERB,46,0.012297744889497817
DS15,mc.mars_OVERB,mars,OVERB,47,0.013370486678181841
DS15,mc.mars_OVERB,mars,OVERB,48,0.013246454122141574
DS15,mc.mars_OVERB,mars,OVERB,49,0.013706742409349427
DS15,mc.mars_OVERB,mars,OVERB,50,0.01318121588120038
DS15,mc.mars_OVERTPhi,mars,OVERTPhi,1,0.019885133410826348
DS15,mc.mars_OVERTPhi,mars,OVERTPhi,2,0.019807935306695595
DS15,mc.mars_OVERTPhi,mars,OVERTPhi,3,0.021293506773385058
DS15,mc.mars_OVERTPhi,mars,OVERTPhi,4,0.021219163169540502
DS15,mc.mars_OVERTPhi,mars,OVERTPhi,5,0.020253062737672644
DS15,mc.mars_OVERTPhi,mars,OVERTPhi,6,0.02116242817303402
DS15,mc.mars_OVERTPhi,mars,OVERTPhi,7,0.01851908112721086
DS15,mc.mars_OVERTPhi,mars,OVERTPhi,8,0.018080909554901704
DS15,mc.mars_OVERTPhi,mars,OVERTPhi,9,0.01843308694261599
DS15,mc.mars_OVERTPhi,mars,OVERTPhi,10,0.018423765753853093
DS15,mc.mars_OVERTPhi,mars,OVERTPhi,11,0.021735468931993882
DS15,mc.mars_OVERTPhi,mars,OVERTPhi,12,0.024224582692828067
DS15,mc.mars_OVERTPhi,mars,OVERTPhi,13,0.021179410165604554
DS15,mc.mars_OVERTPhi,mars,OVERTPhi,14,0.019911957881885954
DS15,mc.mars_OVERTPhi,mars,OVERTPhi,15,0.01907029631678214
DS15,mc.mars_OVERTPhi,mars,OVERTPhi,16,0.020352813423874922
DS15,mc.mars_OVERTPhi,mars,OVERTPhi,17,0.02023040881704551
DS15,mc.mars_OVERTPhi,mars,OVERTPhi,18,0.01900322905588349
DS15,mc.mars_OVERTPhi,mars,OVERTPhi,19,0.01745825135318648
DS15,mc.mars_OVERTPhi,mars,OVERTPhi,20,0.0200635344522691
DS15,mc.mars_OVERTPhi,mars,OVERTPhi,21,0.01679818157181708
DS15,mc.mars_OVERTPhi,mars,OVERTPhi,22,0.02445000517310188
DS15,mc.mars_OVERTPhi,mars,OVERTPhi,23,0.02089914237536582
DS15,mc.mars_OVERTPhi,mars,OVERTPhi,24,0.01855705937951214
DS15,mc.mars_OVERTPhi,mars,OVERTPhi,25,0.026122432605906378
DS15,mc.mars_OVERTPhi,mars,OVERTPhi,26,0.02074864804270293
DS15,mc.mars_OVERTPhi,mars,OVERTPhi,27,0.01746638600903995
DS15,mc.mars_OVERTPhi,mars,OVERTPhi,28,0.01794744807984348
DS15,mc.mars_OVERTPhi,mars,OVERTPhi,29,0.019396355144743298
DS15,mc.mars_OVERTPhi,mars,OVERTPhi,30,0.012989219728387959
DS15,mc.mars_OVERTPhi,mars,OVERTPhi,31,0.013371634547408012
DS15,mc.mars_OVERTPhi,mars,OVERTPhi,32,0.014376746634127078
DS15,mc.mars_OVERTPhi,mars,OVERTPhi,33,0.014081068563539906
DS15,mc.mars_OVERTPhi,mars,OVERTPhi,34,0.012642368377452015
DS15,mc.mars_OVERTPhi,mars,OVERTPhi,35,0.013429515119486032
DS15,mc.mars_OVERTPhi,mars,OVERTPhi,36,0.012723328561100283
DS15,mc.mars_OVERTPhi,mars,OVERTPhi,37,0.013728586678570843
DS15,mc.mars_OVERTPhi,mars,OVERTPhi,38,0.014327053643837417
DS15,mc.mars_OVERTPhi,mars,OVERTPhi,39,0.013776267233675026
DS15,mc.mars_OVERTPhi,mars,OVERTPhi,40,0.013103756306358374
DS15,mc.mars_OVERTPhi,mars,OVERTPhi,41,0.012169989069848227
DS15,mc.mars_OVERTPhi,mars,OVERTPhi,42,0.0136698160294637
DS15,mc.mars_OVERTPhi,mars,OVERTPhi,43,0.012973451256253153
DS15,mc.mars_OVERTPhi,mars,OVERTPhi,44,0.012686293188953106
DS15,mc.mars_OVERTPhi,mars,OVERTPhi,45,0.012793365819467535
DS15,mc.mars_OVERTPhi,mars,OVERTPhi,46,0.01355164610344989
DS15,mc.mars_OVERTPhi,mars,OVERTPhi,47,0.013249224960203162
DS15,mc.mars_OVERTPhi,mars,OVERTPhi,48,0.013010186376100555
DS15,mc.mars_OVERTPhi,mars,OVERTPhi,49,0.01255465707468143
DS15,mc.mars_OVERTPhi,mars,OVERTPhi,50,0.011802882599068401
DS15,mc.mars_OVERT,mars,OVERT,1,0.021658712388982777
DS15,mc.mars_OVERT,mars,OVERT,2,0.0198244186499856
DS15,mc.mars_OVERT,mars,OVERT,3,0.020693059031409812
DS15,mc.mars_OVERT,mars,OVERT,4,0.02441044179870251
DS15,mc.mars_OVERT,mars,OVERT,5,0.020409495443061997
DS15,mc.mars_OVERT,mars,OVERT,6,0.02114274608156835
DS15,mc.mars_OVERT,mars,OVERT,7,0.018722714155469087
DS15,mc.mars_OVERT,mars,OVERT,8,0.018235941829056232
DS15,mc.mars_OVERT,mars,OVERT,9,0.01845316907357069
DS15,mc.mars_OVERT,mars,OVERT,10,0.020321116156042363
DS15,mc.mars_OVERT,mars,OVERT,11,0.02176942249650455
DS15,mc.mars_OVERT,mars,OVERT,12,0.02208974162011246
DS15,mc.mars_OVERT,mars,OVERT,13,0.02016347944053958
DS15,mc.mars_OVERT,mars,OVERT,14,0.020667273735780308
DS15,mc.mars_OVERT,mars,OVERT,15,0.021736950502242572
DS15,mc.mars_OVERT,mars,OVERT,16,0.020302575894510552
DS15,mc.mars_OVERT,mars,OVERT,17,0.01981732957636894
DS15,mc.mars_OVERT,mars,OVERT,18,0.018957938715447646
DS15,mc.mars_OVERT,mars,OVERT,19,0.01748992944287114
DS15,mc.mars_OVERT,mars,OVERT,20,0.020167100391068258
DS15,mc.mars_OVERT,mars,OVERT,21,0.018038930230931335
DS15,mc.mars_OVERT,mars,OVERT,22,0.024521310894539447
DS15,mc.mars_OVERT,mars,OVERT,23,0.018674077261073733
DS15,mc.mars_OVERT,mars,OVERT,24,0.018730625952179527
DS15,mc.mars_OVERT,mars,OVERT,25,0.021004249776950548
DS15,mc.mars_OVERT,mars,OVERT,26,0.020450047439851658
DS15,mc.mars_OVERT,mars,OVERT,27,0.01916408077736359
DS15,mc.mars_OVERT,mars,OVERT,28,0.016094971683980584
DS15,mc.mars_OVERT,mars,OVERT,29,0.02726206694952914
DS15,mc.mars_OVERT,mars,OVERT,30,0.013725704615473499
DS15,mc.mars_OVERT,mars,OVERT,31,0.013347382852721194
DS15,mc.mars_OVERT,mars,OVERT,32,0.014279915854740168
DS15,mc.mars_OVERT,mars,OVERT,33,0.014118386434230138
DS15,mc.mars_OVERT,mars,OVERT,34,0.012746774489533213
DS15,mc.mars_OVERT,mars,OVERT,35,0.013330139332012146
DS15,mc.mars_OVERT,mars,OVERT,36,0.013155829006035288
DS15,mc.mars_OVERT,mars,OVERT,37,0.014275156094527204
DS15,mc.mars_OVERT,mars,OVERT,38,0.014393391844403636
DS15,mc.mars_OVERT,mars,OVERT,39,0.013785708717359527
DS15,mc.mars_OVERT,mars,OVERT,40,0.012993014133937816
DS15,mc.mars_OVERT,mars,OVERT,41,0.012424173299642537
DS15,mc.mars_OVERT,mars,OVERT,42,0.01358527922414932
DS15,mc.mars_OVERT,mars,OVERT,43,0.012996737048101052
DS15,mc.mars_OVERT,mars,OVERT,44,0.012711209960389528
DS15,mc.mars_OVERT,mars,OVERT,45,0.01284612033498298
DS15,mc.mars_OVERT,mars,OVERT,46,0.013433954624311451
DS15,mc.mars_OVERT,mars,OVERT,47,0.01326000811791139
DS15,mc.mars_OVERT,mars,OVERT,48,0.01299762420006957
DS15,mc.mars_OVERT,mars,OVERT,49,0.013609937183090734
DS15,mc.mars_OVERT,mars,OVERT,50,0.011760675839683472
DS15,mc.mars_SMOTEB,mars,SMOTEB,1,0.029150271222647215
DS15,mc.mars_SMOTEB,mars,SMOTEB,2,0.02633274777604474
DS15,mc.mars_SMOTEB,mars,SMOTEB,3,0.027534159683151885
DS15,mc.mars_SMOTEB,mars,SMOTEB,4,0.025183907985068872
DS15,mc.mars_SMOTEB,mars,SMOTEB,5,0.027716389356733633
DS15,mc.mars_SMOTEB,mars,SMOTEB,6,0.027643688780885037
DS15,mc.mars_SMOTEB,mars,SMOTEB,7,0.02413293495900736
DS15,mc.mars_SMOTEB,mars,SMOTEB,8,0.025676761578047016
DS15,mc.mars_SMOTEB,mars,SMOTEB,9,0.02224520246040154
DS15,mc.mars_SMOTEB,mars,SMOTEB,10,0.024274098714206684
DS15,mc.mars_SMOTEB,mars,SMOTEB,11,0.025229002858165962
DS15,mc.mars_SMOTEB,mars,SMOTEB,12,0.022578607319278007
DS15,mc.mars_SMOTEB,mars,SMOTEB,13,0.029449737338074673
DS15,mc.mars_SMOTEB,mars,SMOTEB,14,0.02390624356586933
DS15,mc.mars_SMOTEB,mars,SMOTEB,15,0.023222029894028683
DS15,mc.mars_SMOTEB,mars,SMOTEB,16,0.023302059167198595
DS15,mc.mars_SMOTEB,mars,SMOTEB,17,0.029848621992790897
DS15,mc.mars_SMOTEB,mars,SMOTEB,18,0.03221414267007186
DS15,mc.mars_SMOTEB,mars,SMOTEB,19,0.023837693484989857
DS15,mc.mars_SMOTEB,mars,SMOTEB,20,0.025974850335509864
DS15,mc.mars_SMOTEB,mars,SMOTEB,21,0.026923321609801557
DS15,mc.mars_SMOTEB,mars,SMOTEB,22,0.020625328047862285
DS15,mc.mars_SMOTEB,mars,SMOTEB,23,0.02128808902919916
DS15,mc.mars_SMOTEB,mars,SMOTEB,24,0.04282934193192654
DS15,mc.mars_SMOTEB,mars,SMOTEB,25,0.02879357723654163
DS15,mc.mars_SMOTEB,mars,SMOTEB,26,0.021264171085015986
DS15,mc.mars_SMOTEB,mars,SMOTEB,27,0.02086457199882031
DS15,mc.mars_SMOTEB,mars,SMOTEB,28,0.02650593198439514
DS15,mc.mars_SMOTEB,mars,SMOTEB,29,0.0214052147269226
DS15,mc.mars_SMOTEB,mars,SMOTEB,30,0.0234896809571552
DS15,mc.mars_SMOTEB,mars,SMOTEB,31,0.020069863967030248
DS15,mc.mars_SMOTEB,mars,SMOTEB,32,0.018607343025600468
DS15,mc.mars_SMOTEB,mars,SMOTEB,33,0.017592805927063915
DS15,mc.mars_SMOTEB,mars,SMOTEB,34,0.016765409607973087
DS15,mc.mars_SMOTEB,mars,SMOTEB,35,0.021340765902449984
DS15,mc.mars_SMOTEB,mars,SMOTEB,36,0.018632695456794024
DS15,mc.mars_SMOTEB,mars,SMOTEB,37,0.01663117950806296
DS15,mc.mars_SMOTEB,mars,SMOTEB,38,0.015766410200753145
DS15,mc.mars_SMOTEB,mars,SMOTEB,39,0.016229898294606016
DS15,mc.mars_SMOTEB,mars,SMOTEB,40,0.01768148947469222
DS15,mc.mars_SMOTEB,mars,SMOTEB,41,0.020750429406632707
DS15,mc.mars_SMOTEB,mars,SMOTEB,42,0.018155020717242617
DS15,mc.mars_SMOTEB,mars,SMOTEB,43,0.017107137737093915
DS15,mc.mars_SMOTEB,mars,SMOTEB,44,0.016999896345555588
DS15,mc.mars_SMOTEB,mars,SMOTEB,45,0.015226747365095878
DS15,mc.mars_SMOTEB,mars,SMOTEB,46,0.018378451067581618
DS15,mc.mars_SMOTEB,mars,SMOTEB,47,0.018085432678528527
DS15,mc.mars_SMOTEB,mars,SMOTEB,48,0.01783575972947407
DS15,mc.mars_SMOTEB,mars,SMOTEB,49,0.016140550661381214
DS15,mc.mars_SMOTEB,mars,SMOTEB,50,0.017061873719076647
DS15,mc.mars_SMOTETPhi,mars,SMOTETPhi,1,0.026356763072602922
DS15,mc.mars_SMOTETPhi,mars,SMOTETPhi,2,0.03219715200525999
DS15,mc.mars_SMOTETPhi,mars,SMOTETPhi,3,0.028932381902880385
DS15,mc.mars_SMOTETPhi,mars,SMOTETPhi,4,0.0310538240345058
DS15,mc.mars_SMOTETPhi,mars,SMOTETPhi,5,0.028205979974663512
DS15,mc.mars_SMOTETPhi,mars,SMOTETPhi,6,0.02703055646214733
DS15,mc.mars_SMOTETPhi,mars,SMOTETPhi,7,0.02900383600588917
DS15,mc.mars_SMOTETPhi,mars,SMOTETPhi,8,0.025109104839984495
DS15,mc.mars_SMOTETPhi,mars,SMOTETPhi,9,0.028017380895559003
DS15,mc.mars_SMOTETPhi,mars,SMOTETPhi,10,0.026532548038125547
DS15,mc.mars_SMOTETPhi,mars,SMOTETPhi,11,0.03224920367778813
DS15,mc.mars_SMOTETPhi,mars,SMOTETPhi,12,0.02953835881274405
DS15,mc.mars_SMOTETPhi,mars,SMOTETPhi,13,0.02597540970418247
DS15,mc.mars_SMOTETPhi,mars,SMOTETPhi,14,0.027288874236394364
DS15,mc.mars_SMOTETPhi,mars,SMOTETPhi,15,0.028447538350920225
DS15,mc.mars_SMOTETPhi,mars,SMOTETPhi,16,0.025044136887730224
DS15,mc.mars_SMOTETPhi,mars,SMOTETPhi,17,0.025004133122581408
DS15,mc.mars_SMOTETPhi,mars,SMOTETPhi,18,0.026136445659328326
DS15,mc.mars_SMOTETPhi,mars,SMOTETPhi,19,0.03327291225798399
DS15,mc.mars_SMOTETPhi,mars,SMOTETPhi,20,0.02746075756183205
DS15,mc.mars_SMOTETPhi,mars,SMOTETPhi,21,0.027993526764866026
DS15,mc.mars_SMOTETPhi,mars,SMOTETPhi,22,0.029929619351538234
DS15,mc.mars_SMOTETPhi,mars,SMOTETPhi,23,0.023061268891384892
DS15,mc.mars_SMOTETPhi,mars,SMOTETPhi,24,0.02428468282515369
DS15,mc.mars_SMOTETPhi,mars,SMOTETPhi,25,0.02427680525404081
DS15,mc.mars_SMOTETPhi,mars,SMOTETPhi,26,0.026913745868938986
DS15,mc.mars_SMOTETPhi,mars,SMOTETPhi,27,0.03037412983869156
DS15,mc.mars_SMOTETPhi,mars,SMOTETPhi,28,0.02627348481202809
DS15,mc.mars_SMOTETPhi,mars,SMOTETPhi,29,0.02288662997118988
DS15,mc.mars_SMOTETPhi,mars,SMOTETPhi,30,0.020578252955276714
DS15,mc.mars_SMOTETPhi,mars,SMOTETPhi,31,0.017188020381504677
DS15,mc.mars_SMOTETPhi,mars,SMOTETPhi,32,0.021955217984404328
DS15,mc.mars_SMOTETPhi,mars,SMOTETPhi,33,0.022966910778562027
DS15,mc.mars_SMOTETPhi,mars,SMOTETPhi,34,0.020808172987868415
DS15,mc.mars_SMOTETPhi,mars,SMOTETPhi,35,0.021876010644114475
DS15,mc.mars_SMOTETPhi,mars,SMOTETPhi,36,0.020465415524427592
DS15,mc.mars_SMOTETPhi,mars,SMOTETPhi,37,0.0205487815164884
DS15,mc.mars_SMOTETPhi,mars,SMOTETPhi,38,0.020415804009249583
DS15,mc.mars_SMOTETPhi,mars,SMOTETPhi,39,0.01934145246849951
DS15,mc.mars_SMOTETPhi,mars,SMOTETPhi,40,0.017732092285250595
DS15,mc.mars_SMOTETPhi,mars,SMOTETPhi,41,0.021747002095014557
DS15,mc.mars_SMOTETPhi,mars,SMOTETPhi,42,0.016726877361013484
DS15,mc.mars_SMOTETPhi,mars,SMOTETPhi,43,0.018934084634261772
DS15,mc.mars_SMOTETPhi,mars,SMOTETPhi,44,0.019279671462433177
DS15,mc.mars_SMOTETPhi,mars,SMOTETPhi,45,0.015986961490501186
DS15,mc.mars_SMOTETPhi,mars,SMOTETPhi,46,0.016169187888982462
DS15,mc.mars_SMOTETPhi,mars,SMOTETPhi,47,0.019114383706853214
DS15,mc.mars_SMOTETPhi,mars,SMOTETPhi,48,0.01915939962939523
DS15,mc.mars_SMOTETPhi,mars,SMOTETPhi,49,0.014857597194496797
DS15,mc.mars_SMOTETPhi,mars,SMOTETPhi,50,0.019153430906638826
DS15,mc.mars_SMOTET,mars,SMOTET,1,0.0388752484282538
DS15,mc.mars_SMOTET,mars,SMOTET,2,0.028845674853009404
DS15,mc.mars_SMOTET,mars,SMOTET,3,0.030746776093290844
DS15,mc.mars_SMOTET,mars,SMOTET,4,0.031377151374498626
DS15,mc.mars_SMOTET,mars,SMOTET,5,0.02687799493602762
DS15,mc.mars_SMOTET,mars,SMOTET,6,0.029462850575122376
DS15,mc.mars_SMOTET,mars,SMOTET,7,0.025714586156714184
DS15,mc.mars_SMOTET,mars,SMOTET,8,0.029918169899628047
DS15,mc.mars_SMOTET,mars,SMOTET,9,0.023156412835445603
DS15,mc.mars_SMOTET,mars,SMOTET,10,0.024023374203314754
DS15,mc.mars_SMOTET,mars,SMOTET,11,0.024494041689498883
DS15,mc.mars_SMOTET,mars,SMOTET,12,0.0400519188060629
DS15,mc.mars_SMOTET,mars,SMOTET,13,0.024407375211218257
DS15,mc.mars_SMOTET,mars,SMOTET,14,0.034416154246313016
DS15,mc.mars_SMOTET,mars,SMOTET,15,0.02604117398757423
DS15,mc.mars_SMOTET,mars,SMOTET,16,0.0440066766990388
DS15,mc.mars_SMOTET,mars,SMOTET,17,0.032585378314374434
DS15,mc.mars_SMOTET,mars,SMOTET,18,0.02582166592111881
DS15,mc.mars_SMOTET,mars,SMOTET,19,0.02738485674249218
DS15,mc.mars_SMOTET,mars,SMOTET,20,0.02758743488894021
DS15,mc.mars_SMOTET,mars,SMOTET,21,0.03284330201259287
DS15,mc.mars_SMOTET,mars,SMOTET,22,0.03329293504007949
DS15,mc.mars_SMOTET,mars,SMOTET,23,0.025129066707800664
DS15,mc.mars_SMOTET,mars,SMOTET,24,0.0402563880932366
DS15,mc.mars_SMOTET,mars,SMOTET,25,0.023768865183304712
DS15,mc.mars_SMOTET,mars,SMOTET,26,0.022930689886858126
DS15,mc.mars_SMOTET,mars,SMOTET,27,0.021810799867462042
DS15,mc.mars_SMOTET,mars,SMOTET,28,0.019786605060443656
DS15,mc.mars_SMOTET,mars,SMOTET,29,0.02215892106150167
DS15,mc.mars_SMOTET,mars,SMOTET,30,0.020271072819428197
DS15,mc.mars_SMOTET,mars,SMOTET,31,0.018353646001735717
DS15,mc.mars_SMOTET,mars,SMOTET,32,0.020317970745480998
DS15,mc.mars_SMOTET,mars,SMOTET,33,0.018197294351334804
DS15,mc.mars_SMOTET,mars,SMOTET,34,0.019028385664918435
DS15,mc.mars_SMOTET,mars,SMOTET,35,0.018808994674977226
DS15,mc.mars_SMOTET,mars,SMOTET,36,0.016651460819068365
DS15,mc.mars_SMOTET,mars,SMOTET,37,0.018007024967282303
DS15,mc.mars_SMOTET,mars,SMOTET,38,0.017247942524699116
DS15,mc.mars_SMOTET,mars,SMOTET,39,0.017588388392032375
DS15,mc.mars_SMOTET,mars,SMOTET,40,0.017434483085810477
DS15,mc.mars_SMOTET,mars,SMOTET,41,0.021050841610886998
DS15,mc.mars_SMOTET,mars,SMOTET,42,0.01600648312144826
DS15,mc.mars_SMOTET,mars,SMOTET,43,0.017160678826159043
DS15,mc.mars_SMOTET,mars,SMOTET,44,0.014332172503763717
DS15,mc.mars_SMOTET,mars,SMOTET,45,0.016801359671715265
DS15,mc.mars_SMOTET,mars,SMOTET,46,0.015944052011354765
DS15,mc.mars_SMOTET,mars,SMOTET,47,0.015723459815111585
DS15,mc.mars_SMOTET,mars,SMOTET,48,0.014059139751430543
DS15,mc.mars_SMOTET,mars,SMOTET,49,0.01489202476135269
DS15,mc.mars_SMOTET,mars,SMOTET,50,0.013771260382753552
DS15,mc.mars_UNDERB,mars,UNDERB,1,0.016522638990244278
DS15,mc.mars_UNDERB,mars,UNDERB,2,0.018400621752863618
DS15,mc.mars_UNDERB,mars,UNDERB,3,0.013415985993367706
DS15,mc.mars_UNDERB,mars,UNDERB,4,0.01767210286369019
DS15,mc.mars_UNDERB,mars,UNDERB,5,0.018305151802305148
DS15,mc.mars_UNDERB,mars,UNDERB,6,0.014121692274824425
DS15,mc.mars_UNDERB,mars,UNDERB,7,0.017315383727294423
DS15,mc.mars_UNDERB,mars,UNDERB,8,0.019086368661569007
DS15,mc.mars_UNDERB,mars,UNDERB,9,0.021419522561157957
DS15,mc.mars_UNDERB,mars,UNDERB,10,0.01881960349805138
DS15,mc.mars_UNDERB,mars,UNDERB,11,0.013818167735171421
DS15,mc.mars_UNDERB,mars,UNDERB,12,0.015020629880829474
DS15,mc.mars_UNDERB,mars,UNDERB,13,0.013699621956262923
DS15,mc.mars_UNDERB,mars,UNDERB,14,0.020344813388031083
DS15,mc.mars_UNDERB,mars,UNDERB,15,0.013743963295632353
DS15,mc.mars_UNDERB,mars,UNDERB,16,0.013710961125711109
DS15,mc.mars_UNDERB,mars,UNDERB,17,0.02319900895066075
DS15,mc.mars_UNDERB,mars,UNDERB,18,0.01360938452075602
DS15,mc.mars_UNDERB,mars,UNDERB,19,0.013646240099791209
DS15,mc.mars_UNDERB,mars,UNDERB,20,0.013495500802755927
DS15,mc.mars_UNDERB,mars,UNDERB,21,0.013507758262490198
DS15,mc.mars_UNDERB,mars,UNDERB,22,0.01510477450176386
DS15,mc.mars_UNDERB,mars,UNDERB,23,0.012940813547084592
DS15,mc.mars_UNDERB,mars,UNDERB,24,0.01373366404994099
DS15,mc.mars_UNDERB,mars,UNDERB,25,0.011903328617718253
DS15,mc.mars_UNDERB,mars,UNDERB,26,0.011783681792441675
DS15,mc.mars_UNDERB,mars,UNDERB,27,0.013637241783815425
DS15,mc.mars_UNDERB,mars,UNDERB,28,0.010849694318828337
DS15,mc.mars_UNDERB,mars,UNDERB,29,0.013692404467040729
DS15,mc.mars_UNDERB,mars,UNDERB,30,0.010417816345414405
DS15,mc.mars_UNDERB,mars,UNDERB,31,0.01044470834827481
DS15,mc.mars_UNDERB,mars,UNDERB,32,0.011827272416029705
DS15,mc.mars_UNDERB,mars,UNDERB,33,0.010214681272883304
DS15,mc.mars_UNDERB,mars,UNDERB,34,0.011833828310886795
DS15,mc.mars_UNDERB,mars,UNDERB,35,0.011355391902254434
DS15,mc.mars_UNDERB,mars,UNDERB,36,0.016044933575708284
DS15,mc.mars_UNDERB,mars,UNDERB,37,0.00998247141657502
DS15,mc.mars_UNDERB,mars,UNDERB,38,0.010851914824338402
DS15,mc.mars_UNDERB,mars,UNDERB,39,0.011345257659286161
DS15,mc.mars_UNDERB,mars,UNDERB,40,0.011021599105493008
DS15,mc.mars_UNDERB,mars,UNDERB,41,0.011280371242641557
DS15,mc.mars_UNDERB,mars,UNDERB,42,0.01029491063526718
DS15,mc.mars_UNDERB,mars,UNDERB,43,0.010042260509234287
DS15,mc.mars_UNDERB,mars,UNDERB,44,0.009356329651731773
DS15,mc.mars_UNDERB,mars,UNDERB,45,0.009508196730137
DS15,mc.mars_UNDERB,mars,UNDERB,46,0.009515256576943291
DS15,mc.mars_UNDERB,mars,UNDERB,47,0.013834631041608992
DS15,mc.mars_UNDERB,mars,UNDERB,48,0.009099496510904966
DS15,mc.mars_UNDERB,mars,UNDERB,49,0.010007752901980546
DS15,mc.mars_UNDERB,mars,UNDERB,50,0.009443496633669427
DS15,mc.mars_UNDERTPhi,mars,UNDERTPhi,1,0.01385266175938747
DS15,mc.mars_UNDERTPhi,mars,UNDERTPhi,2,0.023987737692808153
DS15,mc.mars_UNDERTPhi,mars,UNDERTPhi,3,0.017013072436943312
DS15,mc.mars_UNDERTPhi,mars,UNDERTPhi,4,0.014712614835910433
DS15,mc.mars_UNDERTPhi,mars,UNDERTPhi,5,0.013373798102218237
DS15,mc.mars_UNDERTPhi,mars,UNDERTPhi,6,0.01785159470598836
DS15,mc.mars_UNDERTPhi,mars,UNDERTPhi,7,0.01690062919277489
DS15,mc.mars_UNDERTPhi,mars,UNDERTPhi,8,0.018372310314106865
DS15,mc.mars_UNDERTPhi,mars,UNDERTPhi,9,0.02240590607351918
DS15,mc.mars_UNDERTPhi,mars,UNDERTPhi,10,0.021426580663765453
DS15,mc.mars_UNDERTPhi,mars,UNDERTPhi,11,0.013891985728128144
DS15,mc.mars_UNDERTPhi,mars,UNDERTPhi,12,0.013590612965745921
DS15,mc.mars_UNDERTPhi,mars,UNDERTPhi,13,0.022727706188359287
DS15,mc.mars_UNDERTPhi,mars,UNDERTPhi,14,0.013803384567826578
DS15,mc.mars_UNDERTPhi,mars,UNDERTPhi,15,0.013658644761560887
DS15,mc.mars_UNDERTPhi,mars,UNDERTPhi,16,0.015044775950849012
DS15,mc.mars_UNDERTPhi,mars,UNDERTPhi,17,0.018343055214129083
DS15,mc.mars_UNDERTPhi,mars,UNDERTPhi,18,0.01572427487816725
DS15,mc.mars_UNDERTPhi,mars,UNDERTPhi,19,0.01358478022869613
DS15,mc.mars_UNDERTPhi,mars,UNDERTPhi,20,0.014918248594236239
DS15,mc.mars_UNDERTPhi,mars,UNDERTPhi,21,0.015476129866993076
DS15,mc.mars_UNDERTPhi,mars,UNDERTPhi,22,0.013176308679106765
DS15,mc.mars_UNDERTPhi,mars,UNDERTPhi,23,0.013420795410256236
DS15,mc.mars_UNDERTPhi,mars,UNDERTPhi,24,0.012897920310611646
DS15,mc.mars_UNDERTPhi,mars,UNDERTPhi,25,0.01190369230320019
DS15,mc.mars_UNDERTPhi,mars,UNDERTPhi,26,0.011864518135960662
DS15,mc.mars_UNDERTPhi,mars,UNDERTPhi,27,0.01428784403449485
DS15,mc.mars_UNDERTPhi,mars,UNDERTPhi,28,0.013576936462441453
DS15,mc.mars_UNDERTPhi,mars,UNDERTPhi,29,0.017032054436131015
DS15,mc.mars_UNDERTPhi,mars,UNDERTPhi,30,0.012751946621857312
DS15,mc.mars_UNDERTPhi,mars,UNDERTPhi,31,0.012772730352330505
DS15,mc.mars_UNDERTPhi,mars,UNDERTPhi,32,0.010168904735755852
DS15,mc.mars_UNDERTPhi,mars,UNDERTPhi,33,0.01153218556952506
DS15,mc.mars_UNDERTPhi,mars,UNDERTPhi,34,0.010204742546323874
DS15,mc.mars_UNDERTPhi,mars,UNDERTPhi,35,0.012117512345049944
DS15,mc.mars_UNDERTPhi,mars,UNDERTPhi,36,0.01111235730174874
DS15,mc.mars_UNDERTPhi,mars,UNDERTPhi,37,0.011420806998563172
DS15,mc.mars_UNDERTPhi,mars,UNDERTPhi,38,0.011641621155674627
DS15,mc.mars_UNDERTPhi,mars,UNDERTPhi,39,0.010995450062057549
DS15,mc.mars_UNDERTPhi,mars,UNDERTPhi,40,0.010546880330943828
DS15,mc.mars_UNDERTPhi,mars,UNDERTPhi,41,0.011152949194456694
DS15,mc.mars_UNDERTPhi,mars,UNDERTPhi,42,0.010660043340471215
DS15,mc.mars_UNDERTPhi,mars,UNDERTPhi,43,0.010559824298560791
DS15,mc.mars_UNDERTPhi,mars,UNDERTPhi,44,0.00975719917259807
DS15,mc.mars_UNDERTPhi,mars,UNDERTPhi,45,0.009457300176979455
DS15,mc.mars_UNDERTPhi,mars,UNDERTPhi,46,0.009687238309338275
DS15,mc.mars_UNDERTPhi,mars,UNDERTPhi,47,0.010657260810193461
DS15,mc.mars_UNDERTPhi,mars,UNDERTPhi,48,0.012147831717379355
DS15,mc.mars_UNDERTPhi,mars,UNDERTPhi,49,0.009299066757387385
DS15,mc.mars_UNDERTPhi,mars,UNDERTPhi,50,0.009268035877719485
DS15,mc.mars_UNDERT,mars,UNDERT,1,0.014307377719006477
DS15,mc.mars_UNDERT,mars,UNDERT,2,0.014044104105944352
DS15,mc.mars_UNDERT,mars,UNDERT,3,0.020540173508721192
DS15,mc.mars_UNDERT,mars,UNDERT,4,0.013548610199465178
DS15,mc.mars_UNDERT,mars,UNDERT,5,0.013741857871319053
DS15,mc.mars_UNDERT,mars,UNDERT,6,0.024544556127895228
DS15,mc.mars_UNDERT,mars,UNDERT,7,0.017336192322115977
DS15,mc.mars_UNDERT,mars,UNDERT,8,0.016005785324263687
DS15,mc.mars_UNDERT,mars,UNDERT,9,0.019455556092152496
DS15,mc.mars_UNDERT,mars,UNDERT,10,0.020174165945705463
DS15,mc.mars_UNDERT,mars,UNDERT,11,0.018713893893117624
DS15,mc.mars_UNDERT,mars,UNDERT,12,0.013879151832290134
DS15,mc.mars_UNDERT,mars,UNDERT,13,0.018492987305182965
DS15,mc.mars_UNDERT,mars,UNDERT,14,0.013700234234147268
DS15,mc.mars_UNDERT,mars,UNDERT,15,0.01874172856300516
DS15,mc.mars_UNDERT,mars,UNDERT,16,0.015189751590581946
DS15,mc.mars_UNDERT,mars,UNDERT,17,0.013639144088704404
DS15,mc.mars_UNDERT,mars,UNDERT,18,0.014942492920705486
DS15,mc.mars_UNDERT,mars,UNDERT,19,0.013778974584098632
DS15,mc.mars_UNDERT,mars,UNDERT,20,0.01349716034186182
DS15,mc.mars_UNDERT,mars,UNDERT,21,0.014930742279130367
DS15,mc.mars_UNDERT,mars,UNDERT,22,0.013081531559557614
DS15,mc.mars_UNDERT,mars,UNDERT,23,0.01307108679383443
DS15,mc.mars_UNDERT,mars,UNDERT,24,0.012870953026989967
DS15,mc.mars_UNDERT,mars,UNDERT,25,0.011905168444341994
DS15,mc.mars_UNDERT,mars,UNDERT,26,0.012845050360208582
DS15,mc.mars_UNDERT,mars,UNDERT,27,0.013374192420415494
DS15,mc.mars_UNDERT,mars,UNDERT,28,0.012628330132201538
DS15,mc.mars_UNDERT,mars,UNDERT,29,0.01352762545000642
DS15,mc.mars_UNDERT,mars,UNDERT,30,0.010428495560059071
DS15,mc.mars_UNDERT,mars,UNDERT,31,0.010531033416612828
DS15,mc.mars_UNDERT,mars,UNDERT,32,0.010344903566634764
DS15,mc.mars_UNDERT,mars,UNDERT,33,0.01086803870977797
DS15,mc.mars_UNDERT,mars,UNDERT,34,0.012116561166773713
DS15,mc.mars_UNDERT,mars,UNDERT,35,0.010180106657368494
DS15,mc.mars_UNDERT,mars,UNDERT,36,0.010081013028426337
DS15,mc.mars_UNDERT,mars,UNDERT,37,0.010324347474457637
DS15,mc.mars_UNDERT,mars,UNDERT,38,0.011054621598241426
DS15,mc.mars_UNDERT,mars,UNDERT,39,0.010652713308940895
DS15,mc.mars_UNDERT,mars,UNDERT,40,0.010619125377791782
DS15,mc.mars_UNDERT,mars,UNDERT,41,0.009938395418188082
DS15,mc.mars_UNDERT,mars,UNDERT,42,0.010405726063348924
DS15,mc.mars_UNDERT,mars,UNDERT,43,0.009803201731826111
DS15,mc.mars_UNDERT,mars,UNDERT,44,0.009680440230820903
DS15,mc.mars_UNDERT,mars,UNDERT,45,0.00963588216185175
DS15,mc.mars_UNDERT,mars,UNDERT,46,0.01486722553626302
DS15,mc.mars_UNDERT,mars,UNDERT,47,0.00944860465032357
DS15,mc.mars_UNDERT,mars,UNDERT,48,0.008957578137565205
DS15,mc.mars_UNDERT,mars,UNDERT,49,0.00994033550139207
DS15,mc.mars_UNDERT,mars,UNDERT,50,0.009709598575845113
DS15,mc.mars,mars,baseline,1,0.014194678920216853
DS15,mc.mars,mars,baseline,2,0.014062940301291222
DS15,mc.mars,mars,baseline,3,0.01400347020680948
DS15,mc.mars,mars,baseline,4,0.014001725968359092
DS15,mc.mars,mars,baseline,5,0.014301356558202647
DS15,mc.mars,mars,baseline,6,0.014383501191302788
DS15,mc.mars,mars,baseline,7,0.015269779537790278
DS15,mc.mars,mars,baseline,8,0.014279657804729038
DS15,mc.mars,mars,baseline,9,0.014502177937199483
DS15,mc.mars,mars,baseline,10,0.01533894623808714
DS15,mc.mars,mars,baseline,11,0.014602173071885178
DS15,mc.mars,mars,baseline,12,0.01631167933841183
DS15,mc.mars,mars,baseline,13,0.016394931262311462
DS15,mc.mars,mars,baseline,14,0.01459838979464851
DS15,mc.mars,mars,baseline,15,0.014698124886959232
DS15,mc.mars,mars,baseline,16,0.014858469679770104
DS15,mc.mars,mars,baseline,17,0.014820129747072834
DS15,mc.mars,mars,baseline,18,0.014660665361898752
DS15,mc.mars,mars,baseline,19,0.015621968911881575
DS15,mc.mars,mars,baseline,20,0.014715833777630197
DS15,mc.mars,mars,baseline,21,0.014716793208969578
DS15,mc.mars,mars,baseline,22,0.014996436476572087
DS15,mc.mars,mars,baseline,23,0.013420118122513288
DS15,mc.mars,mars,baseline,24,0.013200649949358158
DS15,mc.mars,mars,baseline,25,0.012982667169725022
DS15,mc.mars,mars,baseline,26,0.013168274207068337
DS15,mc.mars,mars,baseline,27,0.011985613858301278
DS15,mc.mars,mars,baseline,28,0.01187749644049519
DS15,mc.mars,mars,baseline,29,0.011845833112869814
DS15,mc.mars,mars,baseline,30,0.010812860414433306
DS15,mc.mars,mars,baseline,31,0.010825619252337848
DS15,mc.mars,mars,baseline,32,0.010654269329172445
DS15,mc.mars,mars,baseline,33,0.010467124007038534
DS15,mc.mars,mars,baseline,34,0.010746083895966032
DS15,mc.mars,mars,baseline,35,0.010550631526920729
DS15,mc.mars,mars,baseline,36,0.010482417368527687
DS15,mc.mars,mars,baseline,37,0.01043939258630795
DS15,mc.mars,mars,baseline,38,0.010635029877815807
DS15,mc.mars,mars,baseline,39,0.010350819304243567
DS15,mc.mars,mars,baseline,40,0.010285528037722725
DS15,mc.mars,mars,baseline,41,0.01009715073133147
DS15,mc.mars,mars,baseline,42,0.010557542179367047
DS15,mc.mars,mars,baseline,43,0.010532790608011
DS15,mc.mars,mars,baseline,44,0.01036589717000108
DS15,mc.mars,mars,baseline,45,0.009353261005014995
DS15,mc.mars,mars,baseline,46,0.009318852949841453
DS15,mc.mars,mars,baseline,47,0.010343165222763765
DS15,mc.mars,mars,baseline,48,0.00996367582954922
DS15,mc.mars,mars,baseline,49,0.009360694611354282
DS15,mc.mars,mars,baseline,50,0.00894335411520679
DS15,mc.rf_OVERB,rf,OVERB,1,0.014572265810216563
DS15,mc.rf_OVERB,rf,OVERB,2,0.015201731676535796
DS15,mc.rf_OVERB,rf,OVERB,3,0.015362310818007773
DS15,mc.rf_OVERB,rf,OVERB,4,0.014794704154718157
DS15,mc.rf_OVERB,rf,OVERB,5,0.014867243136034434
DS15,mc.rf_OVERB,rf,OVERB,6,0.014783021889435732
DS15,mc.rf_OVERB,rf,OVERB,7,0.014714908256805704
DS15,mc.rf_OVERB,rf,OVERB,8,0.014459751191617836
DS15,mc.rf_OVERB,rf,OVERB,9,0.014464235054375276
DS15,mc.rf_OVERB,rf,OVERB,10,0.014498207213965542
DS15,mc.rf_OVERB,rf,OVERB,11,0.014917045434893554
DS15,mc.rf_OVERB,rf,OVERB,12,0.01452811639354676
DS15,mc.rf_OVERB,rf,OVERB,13,0.01458590232910461
DS15,mc.rf_OVERB,rf,OVERB,14,0.014150066621682016
DS15,mc.rf_OVERB,rf,OVERB,15,0.015002839129941443
DS15,mc.rf_OVERB,rf,OVERB,16,0.014740659128243608
DS15,mc.rf_OVERB,rf,OVERB,17,0.014935665760450079
DS15,mc.rf_OVERB,rf,OVERB,18,0.01484285616963824
DS15,mc.rf_OVERB,rf,OVERB,19,0.014260654634243697
DS15,mc.rf_OVERB,rf,OVERB,20,0.01436846596693886
DS15,mc.rf_OVERB,rf,OVERB,21,0.0141073848342786
DS15,mc.rf_OVERB,rf,OVERB,22,0.01403187214101427
DS15,mc.rf_OVERB,rf,OVERB,23,0.014221292413176738
DS15,mc.rf_OVERB,rf,OVERB,24,0.013810968898799885
DS15,mc.rf_OVERB,rf,OVERB,25,0.01323892151802278
DS15,mc.rf_OVERB,rf,OVERB,26,0.013109546702672462
DS15,mc.rf_OVERB,rf,OVERB,27,0.012913404088031951
DS15,mc.rf_OVERB,rf,OVERB,28,0.013790730302143497
DS15,mc.rf_OVERB,rf,OVERB,29,0.01313960140009692
DS15,mc.rf_OVERB,rf,OVERB,30,0.011997569374966974
DS15,mc.rf_OVERB,rf,OVERB,31,0.011620991170292852
DS15,mc.rf_OVERB,rf,OVERB,32,0.011604272225993474
DS15,mc.rf_OVERB,rf,OVERB,33,0.011409631784107822
DS15,mc.rf_OVERB,rf,OVERB,34,0.011320170802579054
DS15,mc.rf_OVERB,rf,OVERB,35,0.011331322256968299
DS15,mc.rf_OVERB,rf,OVERB,36,0.011371282288782735
DS15,mc.rf_OVERB,rf,OVERB,37,0.011148937568106235
DS15,mc.rf_OVERB,rf,OVERB,38,0.011144829655155423
DS15,mc.rf_OVERB,rf,OVERB,39,0.010899158527481391
DS15,mc.rf_OVERB,rf,OVERB,40,0.011163649689166713
DS15,mc.rf_OVERB,rf,OVERB,41,0.011087261155729033
DS15,mc.rf_OVERB,rf,OVERB,42,0.010565701949419424
DS15,mc.rf_OVERB,rf,OVERB,43,0.009682185981528127
DS15,mc.rf_OVERB,rf,OVERB,44,0.009714521873899002
DS15,mc.rf_OVERB,rf,OVERB,45,0.00997652822120972
DS15,mc.rf_OVERB,rf,OVERB,46,0.009396482200163671
DS15,mc.rf_OVERB,rf,OVERB,47,0.009617285787092865
DS15,mc.rf_OVERB,rf,OVERB,48,0.009274191501870756
DS15,mc.rf_OVERB,rf,OVERB,49,0.009504668364279266
DS15,mc.rf_OVERB,rf,OVERB,50,0.009275834784831993
DS15,mc.rf_OVERTPhi,rf,OVERTPhi,1,0.014385053996987925
DS15,mc.rf_OVERTPhi,rf,OVERTPhi,2,0.014989301721106454
DS15,mc.rf_OVERTPhi,rf,OVERTPhi,3,0.014573545664973275
DS15,mc.rf_OVERTPhi,rf,OVERTPhi,4,0.01475134341347034
DS15,mc.rf_OVERTPhi,rf,OVERTPhi,5,0.01460168165782195
DS15,mc.rf_OVERTPhi,rf,OVERTPhi,6,0.01456380472890975
DS15,mc.rf_OVERTPhi,rf,OVERTPhi,7,0.014289245007957647
DS15,mc.rf_OVERTPhi,rf,OVERTPhi,8,0.01432436252711184
DS15,mc.rf_OVERTPhi,rf,OVERTPhi,9,0.013916947947585244
DS15,mc.rf_OVERTPhi,rf,OVERTPhi,10,0.014619389394967488
DS15,mc.rf_OVERTPhi,rf,OVERTPhi,11,0.014692452813674282
DS15,mc.rf_OVERTPhi,rf,OVERTPhi,12,0.014583018336235157
DS15,mc.rf_OVERTPhi,rf,OVERTPhi,13,0.014313946545775644
DS15,mc.rf_OVERTPhi,rf,OVERTPhi,14,0.014587791419680432
DS15,mc.rf_OVERTPhi,rf,OVERTPhi,15,0.014526166482295528
DS15,mc.rf_OVERTPhi,rf,OVERTPhi,16,0.014336129583541307
DS15,mc.rf_OVERTPhi,rf,OVERTPhi,17,0.013818155580526195
DS15,mc.rf_OVERTPhi,rf,OVERTPhi,18,0.014113115898576313
DS15,mc.rf_OVERTPhi,rf,OVERTPhi,19,0.01396654047218176
DS15,mc.rf_OVERTPhi,rf,OVERTPhi,20,0.014174668333486
DS15,mc.rf_OVERTPhi,rf,OVERTPhi,21,0.014061765673766359
DS15,mc.rf_OVERTPhi,rf,OVERTPhi,22,0.0136305144866303
DS15,mc.rf_OVERTPhi,rf,OVERTPhi,23,0.014333094280450646
DS15,mc.rf_OVERTPhi,rf,OVERTPhi,24,0.013518066939804526
DS15,mc.rf_OVERTPhi,rf,OVERTPhi,25,0.013048365937818931
DS15,mc.rf_OVERTPhi,rf,OVERTPhi,26,0.01294270782211862
DS15,mc.rf_OVERTPhi,rf,OVERTPhi,27,0.013572759950890327
DS15,mc.rf_OVERTPhi,rf,OVERTPhi,28,0.013509373580733829
DS15,mc.rf_OVERTPhi,rf,OVERTPhi,29,0.013224317242764896
DS15,mc.rf_OVERTPhi,rf,OVERTPhi,30,0.011510806224673138
DS15,mc.rf_OVERTPhi,rf,OVERTPhi,31,0.011436129497137282
DS15,mc.rf_OVERTPhi,rf,OVERTPhi,32,0.011345335146239779
DS15,mc.rf_OVERTPhi,rf,OVERTPhi,33,0.011235068682220664
DS15,mc.rf_OVERTPhi,rf,OVERTPhi,34,0.010973211548529158
DS15,mc.rf_OVERTPhi,rf,OVERTPhi,35,0.011013775918808462
DS15,mc.rf_OVERTPhi,rf,OVERTPhi,36,0.011209687957619119
DS15,mc.rf_OVERTPhi,rf,OVERTPhi,37,0.010975324299815487
DS15,mc.rf_OVERTPhi,rf,OVERTPhi,38,0.010964839974015787
DS15,mc.rf_OVERTPhi,rf,OVERTPhi,39,0.011135119420136723
DS15,mc.rf_OVERTPhi,rf,OVERTPhi,40,0.011105880163549943
DS15,mc.rf_OVERTPhi,rf,OVERTPhi,41,0.010887970523746326
DS15,mc.rf_OVERTPhi,rf,OVERTPhi,42,0.009913692618882815
DS15,mc.rf_OVERTPhi,rf,OVERTPhi,43,0.009906675016856301
DS15,mc.rf_OVERTPhi,rf,OVERTPhi,44,0.009548321917333673
DS15,mc.rf_OVERTPhi,rf,OVERTPhi,45,0.009760391674115985
DS15,mc.rf_OVERTPhi,rf,OVERTPhi,46,0.009389110599301417
DS15,mc.rf_OVERTPhi,rf,OVERTPhi,47,0.009753098524508647
DS15,mc.rf_OVERTPhi,rf,OVERTPhi,48,0.009421472840875448
DS15,mc.rf_OVERTPhi,rf,OVERTPhi,49,0.009315362446635953
DS15,mc.rf_OVERTPhi,rf,OVERTPhi,50,0.009318771269844347
DS15,mc.rf_OVERT,rf,OVERT,1,0.014524894541745827
DS15,mc.rf_OVERT,rf,OVERT,2,0.015030660122299998
DS15,mc.rf_OVERT,rf,OVERT,3,0.014655822889569658
DS15,mc.rf_OVERT,rf,OVERT,4,0.01461346407494114
DS15,mc.rf_OVERT,rf,OVERT,5,0.014565638027348124
DS15,mc.rf_OVERT,rf,OVERT,6,0.014459270941358267
DS15,mc.rf_OVERT,rf,OVERT,7,0.01428558367309813
DS15,mc.rf_OVERT,rf,OVERT,8,0.014463225697310627
DS15,mc.rf_OVERT,rf,OVERT,9,0.014111362754195082
DS15,mc.rf_OVERT,rf,OVERT,10,0.014545956136667525
DS15,mc.rf_OVERT,rf,OVERT,11,0.014664605828305232
DS15,mc.rf_OVERT,rf,OVERT,12,0.014540143041561367
DS15,mc.rf_OVERT,rf,OVERT,13,0.01431092523118126
DS15,mc.rf_OVERT,rf,OVERT,14,0.01477961545980039
DS15,mc.rf_OVERT,rf,OVERT,15,0.014490123834508643
DS15,mc.rf_OVERT,rf,OVERT,16,0.014326296765344668
DS15,mc.rf_OVERT,rf,OVERT,17,0.013865913716344505
DS15,mc.rf_OVERT,rf,OVERT,18,0.014144431769370656
DS15,mc.rf_OVERT,rf,OVERT,19,0.014086822869563104
DS15,mc.rf_OVERT,rf,OVERT,20,0.01404939011868637
DS15,mc.rf_OVERT,rf,OVERT,21,0.014160174614755962
DS15,mc.rf_OVERT,rf,OVERT,22,0.01372607325875234
DS15,mc.rf_OVERT,rf,OVERT,23,0.014240452363782243
DS15,mc.rf_OVERT,rf,OVERT,24,0.013706340304921176
DS15,mc.rf_OVERT,rf,OVERT,25,0.013044066406203383
DS15,mc.rf_OVERT,rf,OVERT,26,0.012808738108045328
DS15,mc.rf_OVERT,rf,OVERT,27,0.013534542123179786
DS15,mc.rf_OVERT,rf,OVERT,28,0.013522962392107813
DS15,mc.rf_OVERT,rf,OVERT,29,0.013288019451997259
DS15,mc.rf_OVERT,rf,OVERT,30,0.011419329133284197
DS15,mc.rf_OVERT,rf,OVERT,31,0.011434102106775344
DS15,mc.rf_OVERT,rf,OVERT,32,0.011372470254899793
DS15,mc.rf_OVERT,rf,OVERT,33,0.01118969498069625
DS15,mc.rf_OVERT,rf,OVERT,34,0.011004081580015337
DS15,mc.rf_OVERT,rf,OVERT,35,0.011180502225882466
DS15,mc.rf_OVERT,rf,OVERT,36,0.011016108862865439
DS15,mc.rf_OVERT,rf,OVERT,37,0.011065474182047655
DS15,mc.rf_OVERT,rf,OVERT,38,0.011073668972583548
DS15,mc.rf_OVERT,rf,OVERT,39,0.011120998473163432
DS15,mc.rf_OVERT,rf,OVERT,40,0.011066871532063755
DS15,mc.rf_OVERT,rf,OVERT,41,0.010893281233115264
DS15,mc.rf_OVERT,rf,OVERT,42,0.009993927278558601
DS15,mc.rf_OVERT,rf,OVERT,43,0.009862929498576567
DS15,mc.rf_OVERT,rf,OVERT,44,0.00952090925785872
DS15,mc.rf_OVERT,rf,OVERT,45,0.009778814003442916
DS15,mc.rf_OVERT,rf,OVERT,46,0.009472755841187923
DS15,mc.rf_OVERT,rf,OVERT,47,0.009765352282051417
DS15,mc.rf_OVERT,rf,OVERT,48,0.009453767225772857
DS15,mc.rf_OVERT,rf,OVERT,49,0.009202526495214417
DS15,mc.rf_OVERT,rf,OVERT,50,0.009516176810562039
DS15,mc.rf_SMOTEB,rf,SMOTEB,1,0.01838197610885356
DS15,mc.rf_SMOTEB,rf,SMOTEB,2,0.018906845242064006
DS15,mc.rf_SMOTEB,rf,SMOTEB,3,0.019935502985272725
DS15,mc.rf_SMOTEB,rf,SMOTEB,4,0.02061132554147806
DS15,mc.rf_SMOTEB,rf,SMOTEB,5,0.02129717596591067
DS15,mc.rf_SMOTEB,rf,SMOTEB,6,0.02294632190354192
DS15,mc.rf_SMOTEB,rf,SMOTEB,7,0.016210542675548466
DS15,mc.rf_SMOTEB,rf,SMOTEB,8,0.01764713967818447
DS15,mc.rf_SMOTEB,rf,SMOTEB,9,0.01797008061166389
DS15,mc.rf_SMOTEB,rf,SMOTEB,10,0.017477077717823638
DS15,mc.rf_SMOTEB,rf,SMOTEB,11,0.016461931080131723
DS15,mc.rf_SMOTEB,rf,SMOTEB,12,0.017903242805199834
DS15,mc.rf_SMOTEB,rf,SMOTEB,13,0.017100446090034697
DS15,mc.rf_SMOTEB,rf,SMOTEB,14,0.016223297113515625
DS15,mc.rf_SMOTEB,rf,SMOTEB,15,0.017381607630034237
DS15,mc.rf_SMOTEB,rf,SMOTEB,16,0.01661727425658497
DS15,mc.rf_SMOTEB,rf,SMOTEB,17,0.017816092801689044
DS15,mc.rf_SMOTEB,rf,SMOTEB,18,0.017487430592377725
DS15,mc.rf_SMOTEB,rf,SMOTEB,19,0.015620223544338742
DS15,mc.rf_SMOTEB,rf,SMOTEB,20,0.01626595289623451
DS15,mc.rf_SMOTEB,rf,SMOTEB,21,0.016776638646276813
DS15,mc.rf_SMOTEB,rf,SMOTEB,22,0.014085676733024228
DS15,mc.rf_SMOTEB,rf,SMOTEB,23,0.014997272113102896
DS15,mc.rf_SMOTEB,rf,SMOTEB,24,0.015902529136927118
DS15,mc.rf_SMOTEB,rf,SMOTEB,25,0.0152993029166906
DS15,mc.rf_SMOTEB,rf,SMOTEB,26,0.014860650802019863
DS15,mc.rf_SMOTEB,rf,SMOTEB,27,0.015823358071187583
DS15,mc.rf_SMOTEB,rf,SMOTEB,28,0.015784212210365946
DS15,mc.rf_SMOTEB,rf,SMOTEB,29,0.015147496034484887
DS15,mc.rf_SMOTEB,rf,SMOTEB,30,0.0146981491281566
DS15,mc.rf_SMOTEB,rf,SMOTEB,31,0.014321907412275656
DS15,mc.rf_SMOTEB,rf,SMOTEB,32,0.014981654318160502
DS15,mc.rf_SMOTEB,rf,SMOTEB,33,0.0148291967928344
DS15,mc.rf_SMOTEB,rf,SMOTEB,34,0.014532387117092255
DS15,mc.rf_SMOTEB,rf,SMOTEB,35,0.014664465794956562
DS15,mc.rf_SMOTEB,rf,SMOTEB,36,0.014168555036647913
DS15,mc.rf_SMOTEB,rf,SMOTEB,37,0.014429949209212738
DS15,mc.rf_SMOTEB,rf,SMOTEB,38,0.013211090668959764
DS15,mc.rf_SMOTEB,rf,SMOTEB,39,0.01385898295535507
DS15,mc.rf_SMOTEB,rf,SMOTEB,40,0.014796561858334322
DS15,mc.rf_SMOTEB,rf,SMOTEB,41,0.013857037470561844
DS15,mc.rf_SMOTEB,rf,SMOTEB,42,0.012842701919202896
DS15,mc.rf_SMOTEB,rf,SMOTEB,43,0.012718667918246225
DS15,mc.rf_SMOTEB,rf,SMOTEB,44,0.013348569312430102
DS15,mc.rf_SMOTEB,rf,SMOTEB,45,0.013145023100604185
DS15,mc.rf_SMOTEB,rf,SMOTEB,46,0.01273482809841994
DS15,mc.rf_SMOTEB,rf,SMOTEB,47,0.013513823701395639
DS15,mc.rf_SMOTEB,rf,SMOTEB,48,0.01311001316140536
DS15,mc.rf_SMOTEB,rf,SMOTEB,49,0.01327034043309211
DS15,mc.rf_SMOTEB,rf,SMOTEB,50,0.012835187101150192
DS15,mc.rf_SMOTETPhi,rf,SMOTETPhi,1,0.020691444587866363
DS15,mc.rf_SMOTETPhi,rf,SMOTETPhi,2,0.020650230951926207
DS15,mc.rf_SMOTETPhi,rf,SMOTETPhi,3,0.021376224683377333
DS15,mc.rf_SMOTETPhi,rf,SMOTETPhi,4,0.02016908496651279
DS15,mc.rf_SMOTETPhi,rf,SMOTETPhi,5,0.021509396852997572
DS15,mc.rf_SMOTETPhi,rf,SMOTETPhi,6,0.020719712814617673
DS15,mc.rf_SMOTETPhi,rf,SMOTETPhi,7,0.01923548961694832
DS15,mc.rf_SMOTETPhi,rf,SMOTETPhi,8,0.019937554801753434
DS15,mc.rf_SMOTETPhi,rf,SMOTETPhi,9,0.019812883767776783
DS15,mc.rf_SMOTETPhi,rf,SMOTETPhi,10,0.01964420139102673
DS15,mc.rf_SMOTETPhi,rf,SMOTETPhi,11,0.019034797437101826
DS15,mc.rf_SMOTETPhi,rf,SMOTETPhi,12,0.017970334676716933
DS15,mc.rf_SMOTETPhi,rf,SMOTETPhi,13,0.018045486724281936
DS15,mc.rf_SMOTETPhi,rf,SMOTETPhi,14,0.01850289383376566
DS15,mc.rf_SMOTETPhi,rf,SMOTETPhi,15,0.016989720248938214
DS15,mc.rf_SMOTETPhi,rf,SMOTETPhi,16,0.018519537244881878
DS15,mc.rf_SMOTETPhi,rf,SMOTETPhi,17,0.01728454044559519
DS15,mc.rf_SMOTETPhi,rf,SMOTETPhi,18,0.018133710417737925
DS15,mc.rf_SMOTETPhi,rf,SMOTETPhi,19,0.017516987145546524
DS15,mc.rf_SMOTETPhi,rf,SMOTETPhi,20,0.017752069358210307
DS15,mc.rf_SMOTETPhi,rf,SMOTETPhi,21,0.01718325546246991
DS15,mc.rf_SMOTETPhi,rf,SMOTETPhi,22,0.017760011941118016
DS15,mc.rf_SMOTETPhi,rf,SMOTETPhi,23,0.016290873354118406
DS15,mc.rf_SMOTETPhi,rf,SMOTETPhi,24,0.01595887793524881
DS15,mc.rf_SMOTETPhi,rf,SMOTETPhi,25,0.016541578287596417
DS15,mc.rf_SMOTETPhi,rf,SMOTETPhi,26,0.017317917847340374
DS15,mc.rf_SMOTETPhi,rf,SMOTETPhi,27,0.016246927542428125
DS15,mc.rf_SMOTETPhi,rf,SMOTETPhi,28,0.016320268972831863
DS15,mc.rf_SMOTETPhi,rf,SMOTETPhi,29,0.015885825720250265
DS15,mc.rf_SMOTETPhi,rf,SMOTETPhi,30,0.016508368480772993
DS15,mc.rf_SMOTETPhi,rf,SMOTETPhi,31,0.015643643441691814
DS15,mc.rf_SMOTETPhi,rf,SMOTETPhi,32,0.016035608844512744
DS15,mc.rf_SMOTETPhi,rf,SMOTETPhi,33,0.016685850697728773
DS15,mc.rf_SMOTETPhi,rf,SMOTETPhi,34,0.015542883492842989
DS15,mc.rf_SMOTETPhi,rf,SMOTETPhi,35,0.015079033023025133
DS15,mc.rf_SMOTETPhi,rf,SMOTETPhi,36,0.015756492965958005
DS15,mc.rf_SMOTETPhi,rf,SMOTETPhi,37,0.015209368308980654
DS15,mc.rf_SMOTETPhi,rf,SMOTETPhi,38,0.015400950069161878
DS15,mc.rf_SMOTETPhi,rf,SMOTETPhi,39,0.015698030597313676
DS15,mc.rf_SMOTETPhi,rf,SMOTETPhi,40,0.015811612658135365
DS15,mc.rf_SMOTETPhi,rf,SMOTETPhi,41,0.01490804354111124
DS15,mc.rf_SMOTETPhi,rf,SMOTETPhi,42,0.013737319490918982
DS15,mc.rf_SMOTETPhi,rf,SMOTETPhi,43,0.014798267343023584
DS15,mc.rf_SMOTETPhi,rf,SMOTETPhi,44,0.013648609910265138
DS15,mc.rf_SMOTETPhi,rf,SMOTETPhi,45,0.014157778921391787
DS15,mc.rf_SMOTETPhi,rf,SMOTETPhi,46,0.015202196862009004
DS15,mc.rf_SMOTETPhi,rf,SMOTETPhi,47,0.013040021446303292
DS15,mc.rf_SMOTETPhi,rf,SMOTETPhi,48,0.012817467897239181
DS15,mc.rf_SMOTETPhi,rf,SMOTETPhi,49,0.013608264564263936
DS15,mc.rf_SMOTETPhi,rf,SMOTETPhi,50,0.015294776785675092
DS15,mc.rf_SMOTET,rf,SMOTET,1,0.019974604094149334
DS15,mc.rf_SMOTET,rf,SMOTET,2,0.020739672447812454
DS15,mc.rf_SMOTET,rf,SMOTET,3,0.020158105627016986
DS15,mc.rf_SMOTET,rf,SMOTET,4,0.021702316057170018
DS15,mc.rf_SMOTET,rf,SMOTET,5,0.02053422354935898
DS15,mc.rf_SMOTET,rf,SMOTET,6,0.017863762941464596
DS15,mc.rf_SMOTET,rf,SMOTET,7,0.01955359411902345
DS15,mc.rf_SMOTET,rf,SMOTET,8,0.020387434428984906
DS15,mc.rf_SMOTET,rf,SMOTET,9,0.019238461697060852
DS15,mc.rf_SMOTET,rf,SMOTET,10,0.01913915012910531
DS15,mc.rf_SMOTET,rf,SMOTET,11,0.017251708216747447
DS15,mc.rf_SMOTET,rf,SMOTET,12,0.017774522903170623
DS15,mc.rf_SMOTET,rf,SMOTET,13,0.017854655342245344
DS15,mc.rf_SMOTET,rf,SMOTET,14,0.019352346759921996
DS15,mc.rf_SMOTET,rf,SMOTET,15,0.018199130900708696
DS15,mc.rf_SMOTET,rf,SMOTET,16,0.019139487553071845
DS15,mc.rf_SMOTET,rf,SMOTET,17,0.01818613071643142
DS15,mc.rf_SMOTET,rf,SMOTET,18,0.018034836373010833
DS15,mc.rf_SMOTET,rf,SMOTET,19,0.01754564988587617
DS15,mc.rf_SMOTET,rf,SMOTET,20,0.016482403498882626
DS15,mc.rf_SMOTET,rf,SMOTET,21,0.01604690825784496
DS15,mc.rf_SMOTET,rf,SMOTET,22,0.015727280739647725
DS15,mc.rf_SMOTET,rf,SMOTET,23,0.015450597709853823
DS15,mc.rf_SMOTET,rf,SMOTET,24,0.01572940145983362
DS15,mc.rf_SMOTET,rf,SMOTET,25,0.015909649678869937
DS15,mc.rf_SMOTET,rf,SMOTET,26,0.016174736452817792
DS15,mc.rf_SMOTET,rf,SMOTET,27,0.014877818251080747
DS15,mc.rf_SMOTET,rf,SMOTET,28,0.015675092162255242
DS15,mc.rf_SMOTET,rf,SMOTET,29,0.015855343657427096
DS15,mc.rf_SMOTET,rf,SMOTET,30,0.016339930427272283
DS15,mc.rf_SMOTET,rf,SMOTET,31,0.014566308073776974
DS15,mc.rf_SMOTET,rf,SMOTET,32,0.014787003416919952
DS15,mc.rf_SMOTET,rf,SMOTET,33,0.014460095454145559
DS15,mc.rf_SMOTET,rf,SMOTET,34,0.015479465016324693
DS15,mc.rf_SMOTET,rf,SMOTET,35,0.014334908899800798
DS15,mc.rf_SMOTET,rf,SMOTET,36,0.014475279484595704
DS15,mc.rf_SMOTET,rf,SMOTET,37,0.014600370461998332
DS15,mc.rf_SMOTET,rf,SMOTET,38,0.014486937899158413
DS15,mc.rf_SMOTET,rf,SMOTET,39,0.014808230444754877
DS15,mc.rf_SMOTET,rf,SMOTET,40,0.013456085697489576
DS15,mc.rf_SMOTET,rf,SMOTET,41,0.01304309279806961
DS15,mc.rf_SMOTET,rf,SMOTET,42,0.012641543351941903
DS15,mc.rf_SMOTET,rf,SMOTET,43,0.0127273483017347
DS15,mc.rf_SMOTET,rf,SMOTET,44,0.01112665579484341
DS15,mc.rf_SMOTET,rf,SMOTET,45,0.012522732532930791
DS15,mc.rf_SMOTET,rf,SMOTET,46,0.012079049045588845
DS15,mc.rf_SMOTET,rf,SMOTET,47,0.012092035790204772
DS15,mc.rf_SMOTET,rf,SMOTET,48,0.011510424384842479
DS15,mc.rf_SMOTET,rf,SMOTET,49,0.011360006618201858
DS15,mc.rf_SMOTET,rf,SMOTET,50,0.011297829054451466
DS15,mc.rf_UNDERB,rf,UNDERB,1,0.018385315332576698
DS15,mc.rf_UNDERB,rf,UNDERB,2,0.016280090395837783
DS15,mc.rf_UNDERB,rf,UNDERB,3,0.015820114524689198
DS15,mc.rf_UNDERB,rf,UNDERB,4,0.017519293584669495
DS15,mc.rf_UNDERB,rf,UNDERB,5,0.01721013190780749
DS15,mc.rf_UNDERB,rf,UNDERB,6,0.017984665875563043
DS15,mc.rf_UNDERB,rf,UNDERB,7,0.01613398799481127
DS15,mc.rf_UNDERB,rf,UNDERB,8,0.015710786839475365
DS15,mc.rf_UNDERB,rf,UNDERB,9,0.016103448303248016
DS15,mc.rf_UNDERB,rf,UNDERB,10,0.015557700559877449
DS15,mc.rf_UNDERB,rf,UNDERB,11,0.015168663543744696
DS15,mc.rf_UNDERB,rf,UNDERB,12,0.015095411182871046
DS15,mc.rf_UNDERB,rf,UNDERB,13,0.015734671565808107
DS15,mc.rf_UNDERB,rf,UNDERB,14,0.01601870059460508
DS15,mc.rf_UNDERB,rf,UNDERB,15,0.015134901536077196
DS15,mc.rf_UNDERB,rf,UNDERB,16,0.015239939960487952
DS15,mc.rf_UNDERB,rf,UNDERB,17,0.015087793328353988
DS15,mc.rf_UNDERB,rf,UNDERB,18,0.015332460659170636
DS15,mc.rf_UNDERB,rf,UNDERB,19,0.015305965527781091
DS15,mc.rf_UNDERB,rf,UNDERB,20,0.014403354711266716
DS15,mc.rf_UNDERB,rf,UNDERB,21,0.014660910730134707
DS15,mc.rf_UNDERB,rf,UNDERB,22,0.013589409438843217
DS15,mc.rf_UNDERB,rf,UNDERB,23,0.013544486715295196
DS15,mc.rf_UNDERB,rf,UNDERB,24,0.013644617977378967
DS15,mc.rf_UNDERB,rf,UNDERB,25,0.013625586259403303
DS15,mc.rf_UNDERB,rf,UNDERB,26,0.013102746116692437
DS15,mc.rf_UNDERB,rf,UNDERB,27,0.013383019578526785
DS15,mc.rf_UNDERB,rf,UNDERB,28,0.012175765831778087
DS15,mc.rf_UNDERB,rf,UNDERB,29,0.013247784509099894
DS15,mc.rf_UNDERB,rf,UNDERB,30,0.012283100996170781
DS15,mc.rf_UNDERB,rf,UNDERB,31,0.01134877704066767
DS15,mc.rf_UNDERB,rf,UNDERB,32,0.012012457798561877
DS15,mc.rf_UNDERB,rf,UNDERB,33,0.012006097228660648
DS15,mc.rf_UNDERB,rf,UNDERB,34,0.01200061451000605
DS15,mc.rf_UNDERB,rf,UNDERB,35,0.01236183691518103
DS15,mc.rf_UNDERB,rf,UNDERB,36,0.011759882386024717
DS15,mc.rf_UNDERB,rf,UNDERB,37,0.011444601379829032
DS15,mc.rf_UNDERB,rf,UNDERB,38,0.011942247054962886
DS15,mc.rf_UNDERB,rf,UNDERB,39,0.013684594465889419
DS15,mc.rf_UNDERB,rf,UNDERB,40,0.012079710878664171
DS15,mc.rf_UNDERB,rf,UNDERB,41,0.012723918855973515
DS15,mc.rf_UNDERB,rf,UNDERB,42,0.011021019017166369
DS15,mc.rf_UNDERB,rf,UNDERB,43,0.010792614539630131
DS15,mc.rf_UNDERB,rf,UNDERB,44,0.01069409833593377
DS15,mc.rf_UNDERB,rf,UNDERB,45,0.010681536166615409
DS15,mc.rf_UNDERB,rf,UNDERB,46,0.010829280256814488
DS15,mc.rf_UNDERB,rf,UNDERB,47,0.010828739272976014
DS15,mc.rf_UNDERB,rf,UNDERB,48,0.009993211523997333
DS15,mc.rf_UNDERB,rf,UNDERB,49,0.009977692231528109
DS15,mc.rf_UNDERB,rf,UNDERB,50,0.009665780905203796
DS15,mc.rf_UNDERTPhi,rf,UNDERTPhi,1,0.019194100926234157
DS15,mc.rf_UNDERTPhi,rf,UNDERTPhi,2,0.023236219089799188
DS15,mc.rf_UNDERTPhi,rf,UNDERTPhi,3,0.017245717000372505
DS15,mc.rf_UNDERTPhi,rf,UNDERTPhi,4,0.019494011916285265
DS15,mc.rf_UNDERTPhi,rf,UNDERTPhi,5,0.017011859121720346
DS15,mc.rf_UNDERTPhi,rf,UNDERTPhi,6,0.01659425242556803
DS15,mc.rf_UNDERTPhi,rf,UNDERTPhi,7,0.015891045022664932
DS15,mc.rf_UNDERTPhi,rf,UNDERTPhi,8,0.016521054206960484
DS15,mc.rf_UNDERTPhi,rf,UNDERTPhi,9,0.017243796401715715
DS15,mc.rf_UNDERTPhi,rf,UNDERTPhi,10,0.01584071574985337
DS15,mc.rf_UNDERTPhi,rf,UNDERTPhi,11,0.014766596663061887
DS15,mc.rf_UNDERTPhi,rf,UNDERTPhi,12,0.01538165374205202
DS15,mc.rf_UNDERTPhi,rf,UNDERTPhi,13,0.015099936900654878
DS15,mc.rf_UNDERTPhi,rf,UNDERTPhi,14,0.015210492910070617
DS15,mc.rf_UNDERTPhi,rf,UNDERTPhi,15,0.015349265447329436
DS15,mc.rf_UNDERTPhi,rf,UNDERTPhi,16,0.015126153381115526
DS15,mc.rf_UNDERTPhi,rf,UNDERTPhi,17,0.015297740826960034
DS15,mc.rf_UNDERTPhi,rf,UNDERTPhi,18,0.016237594708977503
DS15,mc.rf_UNDERTPhi,rf,UNDERTPhi,19,0.01513835396710952
DS15,mc.rf_UNDERTPhi,rf,UNDERTPhi,20,0.014509988779682594
DS15,mc.rf_UNDERTPhi,rf,UNDERTPhi,21,0.015349322403760973
DS15,mc.rf_UNDERTPhi,rf,UNDERTPhi,22,0.014633510388800626
DS15,mc.rf_UNDERTPhi,rf,UNDERTPhi,23,0.015210417509533544
DS15,mc.rf_UNDERTPhi,rf,UNDERTPhi,24,0.013926180282622703
DS15,mc.rf_UNDERTPhi,rf,UNDERTPhi,25,0.01343965879153399
DS15,mc.rf_UNDERTPhi,rf,UNDERTPhi,26,0.013675119167627212
DS15,mc.rf_UNDERTPhi,rf,UNDERTPhi,27,0.013217633777996831
DS15,mc.rf_UNDERTPhi,rf,UNDERTPhi,28,0.01589089550130415
DS15,mc.rf_UNDERTPhi,rf,UNDERTPhi,29,0.014244140878430227
DS15,mc.rf_UNDERTPhi,rf,UNDERTPhi,30,0.013568659484842937
DS15,mc.rf_UNDERTPhi,rf,UNDERTPhi,31,0.013320782156036139
DS15,mc.rf_UNDERTPhi,rf,UNDERTPhi,32,0.012691780509281336
DS15,mc.rf_UNDERTPhi,rf,UNDERTPhi,33,0.01456729259450275
DS15,mc.rf_UNDERTPhi,rf,UNDERTPhi,34,0.013809408521852211
DS15,mc.rf_UNDERTPhi,rf,UNDERTPhi,35,0.012797211037084762
DS15,mc.rf_UNDERTPhi,rf,UNDERTPhi,36,0.012270128629074449
DS15,mc.rf_UNDERTPhi,rf,UNDERTPhi,37,0.01347599316256468
DS15,mc.rf_UNDERTPhi,rf,UNDERTPhi,38,0.01384748843041382
DS15,mc.rf_UNDERTPhi,rf,UNDERTPhi,39,0.011969921148222047
DS15,mc.rf_UNDERTPhi,rf,UNDERTPhi,40,0.012982548141165715
DS15,mc.rf_UNDERTPhi,rf,UNDERTPhi,41,0.011411009709133457
DS15,mc.rf_UNDERTPhi,rf,UNDERTPhi,42,0.011398790919725085
DS15,mc.rf_UNDERTPhi,rf,UNDERTPhi,43,0.012295383698085914
DS15,mc.rf_UNDERTPhi,rf,UNDERTPhi,44,0.011608927073735328
DS15,mc.rf_UNDERTPhi,rf,UNDERTPhi,45,0.011182873072609869
DS15,mc.rf_UNDERTPhi,rf,UNDERTPhi,46,0.011544546537450882
DS15,mc.rf_UNDERTPhi,rf,UNDERTPhi,47,0.012904521058604528
DS15,mc.rf_UNDERTPhi,rf,UNDERTPhi,48,0.013389708571136782
DS15,mc.rf_UNDERTPhi,rf,UNDERTPhi,49,0.011472275511198882
DS15,mc.rf_UNDERTPhi,rf,UNDERTPhi,50,0.010987773422798592
DS15,mc.rf_UNDERT,rf,UNDERT,1,0.018732672822129
DS15,mc.rf_UNDERT,rf,UNDERT,2,0.01815617135826268
DS15,mc.rf_UNDERT,rf,UNDERT,3,0.01792905127431526
DS15,mc.rf_UNDERT,rf,UNDERT,4,0.016205382487933854
DS15,mc.rf_UNDERT,rf,UNDERT,5,0.01816943232497509
DS15,mc.rf_UNDERT,rf,UNDERT,6,0.016737672457254084
DS15,mc.rf_UNDERT,rf,UNDERT,7,0.01514776012116394
DS15,mc.rf_UNDERT,rf,UNDERT,8,0.016059399002980704
DS15,mc.rf_UNDERT,rf,UNDERT,9,0.015540278247915353
DS15,mc.rf_UNDERT,rf,UNDERT,10,0.015767917387207144
DS15,mc.rf_UNDERT,rf,UNDERT,11,0.015162946618136138
DS15,mc.rf_UNDERT,rf,UNDERT,12,0.015224520923176586
DS15,mc.rf_UNDERT,rf,UNDERT,13,0.0160432122065055
DS15,mc.rf_UNDERT,rf,UNDERT,14,0.015184540912633045
DS15,mc.rf_UNDERT,rf,UNDERT,15,0.01547856786783651
DS15,mc.rf_UNDERT,rf,UNDERT,16,0.015757705246931725
DS15,mc.rf_UNDERT,rf,UNDERT,17,0.014720494863372794
DS15,mc.rf_UNDERT,rf,UNDERT,18,0.015240903880575437
DS15,mc.rf_UNDERT,rf,UNDERT,19,0.015167460892596093
DS15,mc.rf_UNDERT,rf,UNDERT,20,0.01418732336110719
DS15,mc.rf_UNDERT,rf,UNDERT,21,0.014643636651664588
DS15,mc.rf_UNDERT,rf,UNDERT,22,0.013722635101025794
DS15,mc.rf_UNDERT,rf,UNDERT,23,0.01352547692164446
DS15,mc.rf_UNDERT,rf,UNDERT,24,0.013560112743586395
DS15,mc.rf_UNDERT,rf,UNDERT,25,0.012963547695814431
DS15,mc.rf_UNDERT,rf,UNDERT,26,0.01313498121400973
DS15,mc.rf_UNDERT,rf,UNDERT,27,0.013083057865180974
DS15,mc.rf_UNDERT,rf,UNDERT,28,0.013240345682200075
DS15,mc.rf_UNDERT,rf,UNDERT,29,0.012944955038311648
DS15,mc.rf_UNDERT,rf,UNDERT,30,0.012191357651978095
DS15,mc.rf_UNDERT,rf,UNDERT,31,0.012320747032773362
DS15,mc.rf_UNDERT,rf,UNDERT,32,0.012177944290327076
DS15,mc.rf_UNDERT,rf,UNDERT,33,0.01216219975012024
DS15,mc.rf_UNDERT,rf,UNDERT,34,0.012536252930474443
DS15,mc.rf_UNDERT,rf,UNDERT,35,0.011367896061330105
DS15,mc.rf_UNDERT,rf,UNDERT,36,0.011575052906748942
DS15,mc.rf_UNDERT,rf,UNDERT,37,0.01100021446428446
DS15,mc.rf_UNDERT,rf,UNDERT,38,0.011480879193563822
DS15,mc.rf_UNDERT,rf,UNDERT,39,0.011517440254092678
DS15,mc.rf_UNDERT,rf,UNDERT,40,0.011901374551798433
DS15,mc.rf_UNDERT,rf,UNDERT,41,0.011892897413256241
DS15,mc.rf_UNDERT,rf,UNDERT,42,0.010545206908246185
DS15,mc.rf_UNDERT,rf,UNDERT,43,0.010121850745134556
DS15,mc.rf_UNDERT,rf,UNDERT,44,0.010410022739986584
DS15,mc.rf_UNDERT,rf,UNDERT,45,0.01028588682727733
DS15,mc.rf_UNDERT,rf,UNDERT,46,0.011247934509027653
DS15,mc.rf_UNDERT,rf,UNDERT,47,0.01038458395392859
DS15,mc.rf_UNDERT,rf,UNDERT,48,0.010130126687543773
DS15,mc.rf_UNDERT,rf,UNDERT,49,0.011233224501410217
DS15,mc.rf_UNDERT,rf,UNDERT,50,0.010667579100330565
DS15,mc.rf,rf,baseline,1,0.013995294648184081
DS15,mc.rf,rf,baseline,2,0.01404444696244506
DS15,mc.rf,rf,baseline,3,0.013830431743442992
DS15,mc.rf,rf,baseline,4,0.01393820635238297
DS15,mc.rf,rf,baseline,5,0.01380126955749597
DS15,mc.rf,rf,baseline,6,0.013940288848839744
DS15,mc.rf,rf,baseline,7,0.014015014923400512
DS15,mc.rf,rf,baseline,8,0.014212336493158393
DS15,mc.rf,rf,baseline,9,0.014292917696831928
DS15,mc.rf,rf,baseline,10,0.01479470343921607
DS15,mc.rf,rf,baseline,11,0.014926028156602093
DS15,mc.rf,rf,baseline,12,0.014785571507643301
DS15,mc.rf,rf,baseline,13,0.014942788249745336
DS15,mc.rf,rf,baseline,14,0.014931429149270637
DS15,mc.rf,rf,baseline,15,0.014868174298434811
DS15,mc.rf,rf,baseline,16,0.01491708563179669
DS15,mc.rf,rf,baseline,17,0.014730563763634942
DS15,mc.rf,rf,baseline,18,0.014788256639498105
DS15,mc.rf,rf,baseline,19,0.014728406218781454
DS15,mc.rf,rf,baseline,20,0.01418970509208878
DS15,mc.rf,rf,baseline,21,0.01412005301155748
DS15,mc.rf,rf,baseline,22,0.013901391770938179
DS15,mc.rf,rf,baseline,23,0.013831862988213999
DS15,mc.rf,rf,baseline,24,0.013624285744415958
DS15,mc.rf,rf,baseline,25,0.012896703298415
DS15,mc.rf,rf,baseline,26,0.012813432910142789
DS15,mc.rf,rf,baseline,27,0.012695734589260864
DS15,mc.rf,rf,baseline,28,0.012565417192095403
DS15,mc.rf,rf,baseline,29,0.012562330151995722
DS15,mc.rf,rf,baseline,30,0.0115873468123988
DS15,mc.rf,rf,baseline,31,0.011539588432778762
DS15,mc.rf,rf,baseline,32,0.011377798848535077
DS15,mc.rf,rf,baseline,33,0.01129301959337203
DS15,mc.rf,rf,baseline,34,0.01104156649066707
DS15,mc.rf,rf,baseline,35,0.011010720901149866
DS15,mc.rf,rf,baseline,36,0.010904694366731839
DS15,mc.rf,rf,baseline,37,0.01099326414918773
DS15,mc.rf,rf,baseline,38,0.011246417926327218
DS15,mc.rf,rf,baseline,39,0.010977596233717817
DS15,mc.rf,rf,baseline,40,0.010841028981437961
DS15,mc.rf,rf,baseline,41,0.010932798101989456
DS15,mc.rf,rf,baseline,42,0.01017047057010861
DS15,mc.rf,rf,baseline,43,0.010097744681166743
DS15,mc.rf,rf,baseline,44,0.009907546700866566
DS15,mc.rf,rf,baseline,45,0.009866900099580302
DS15,mc.rf,rf,baseline,46,0.00981094042160211
DS15,mc.rf,rf,baseline,47,0.009806535945513152
DS15,mc.rf,rf,baseline,48,0.00940506445545483
DS15,mc.rf,rf,baseline,49,0.009480200873335023
DS15,mc.rf,rf,baseline,50,0.009257545794768385
DS15,mc.rpart_OVERB,rpart,OVERB,1,0.017748835682028234
DS15,mc.rpart_OVERB,rpart,OVERB,2,0.020170708996375068
DS15,mc.rpart_OVERB,rpart,OVERB,3,0.019962542018726527
DS15,mc.rpart_OVERB,rpart,OVERB,4,0.017956548394309473
DS15,mc.rpart_OVERB,rpart,OVERB,5,0.019309786299602616
DS15,mc.rpart_OVERB,rpart,OVERB,6,0.02088738615960966
DS15,mc.rpart_OVERB,rpart,OVERB,7,0.019545829906681925
DS15,mc.rpart_OVERB,rpart,OVERB,8,0.018004075114147984
DS15,mc.rpart_OVERB,rpart,OVERB,9,0.01968886312302678
DS15,mc.rpart_OVERB,rpart,OVERB,10,0.017709880572892276
DS15,mc.rpart_OVERB,rpart,OVERB,11,0.018966752076655522
DS15,mc.rpart_OVERB,rpart,OVERB,12,0.018802509201309835
DS15,mc.rpart_OVERB,rpart,OVERB,13,0.018157539842836034
DS15,mc.rpart_OVERB,rpart,OVERB,14,0.01880949123190099
DS15,mc.rpart_OVERB,rpart,OVERB,15,0.021120729744955515
DS15,mc.rpart_OVERB,rpart,OVERB,16,0.018763267737240075
DS15,mc.rpart_OVERB,rpart,OVERB,17,0.01803194459338385
DS15,mc.rpart_OVERB,rpart,OVERB,18,0.0185030162183557
DS15,mc.rpart_OVERB,rpart,OVERB,19,0.017661935022660905
DS15,mc.rpart_OVERB,rpart,OVERB,20,0.016938161814929603
DS15,mc.rpart_OVERB,rpart,OVERB,21,0.016742458582738127
DS15,mc.rpart_OVERB,rpart,OVERB,22,0.01860650538938362
DS15,mc.rpart_OVERB,rpart,OVERB,23,0.017087248551095054
DS15,mc.rpart_OVERB,rpart,OVERB,24,0.015044754196284038
DS15,mc.rpart_OVERB,rpart,OVERB,25,0.015939156272379143
DS15,mc.rpart_OVERB,rpart,OVERB,26,0.016035683534926737
DS15,mc.rpart_OVERB,rpart,OVERB,27,0.014521788543691877
DS15,mc.rpart_OVERB,rpart,OVERB,28,0.016819819973168157
DS15,mc.rpart_OVERB,rpart,OVERB,29,0.015261653519708608
DS15,mc.rpart_OVERB,rpart,OVERB,30,0.015866869924015058
DS15,mc.rpart_OVERB,rpart,OVERB,31,0.01533146258365874
DS15,mc.rpart_OVERB,rpart,OVERB,32,0.014739203175100536
DS15,mc.rpart_OVERB,rpart,OVERB,33,0.01434871996729246
DS15,mc.rpart_OVERB,rpart,OVERB,34,0.013635937205854055
DS15,mc.rpart_OVERB,rpart,OVERB,35,0.016084487401451696
DS15,mc.rpart_OVERB,rpart,OVERB,36,0.015334239859453149
DS15,mc.rpart_OVERB,rpart,OVERB,37,0.01495115430240169
DS15,mc.rpart_OVERB,rpart,OVERB,38,0.015157021481744914
DS15,mc.rpart_OVERB,rpart,OVERB,39,0.013900772421646071
DS15,mc.rpart_OVERB,rpart,OVERB,40,0.014331003637992473
DS15,mc.rpart_OVERB,rpart,OVERB,41,0.014493091016953532
DS15,mc.rpart_OVERB,rpart,OVERB,42,0.013398613470332818
DS15,mc.rpart_OVERB,rpart,OVERB,43,0.013021713202343023
DS15,mc.rpart_OVERB,rpart,OVERB,44,0.013150629654563099
DS15,mc.rpart_OVERB,rpart,OVERB,45,0.01407057050719249
DS15,mc.rpart_OVERB,rpart,OVERB,46,0.013594992268856977
DS15,mc.rpart_OVERB,rpart,OVERB,47,0.01427587163624491
DS15,mc.rpart_OVERB,rpart,OVERB,48,0.011572863300661082
DS15,mc.rpart_OVERB,rpart,OVERB,49,0.013325099295734692
DS15,mc.rpart_OVERB,rpart,OVERB,50,0.011273453691364189
DS15,mc.rpart_OVERTPhi,rpart,OVERTPhi,1,0.019456845525852848
DS15,mc.rpart_OVERTPhi,rpart,OVERTPhi,2,0.018789043698345928
DS15,mc.rpart_OVERTPhi,rpart,OVERTPhi,3,0.018503668433661212
DS15,mc.rpart_OVERTPhi,rpart,OVERTPhi,4,0.02058350616586421
DS15,mc.rpart_OVERTPhi,rpart,OVERTPhi,5,0.021789804693360327
DS15,mc.rpart_OVERTPhi,rpart,OVERTPhi,6,0.01753766744226841
DS15,mc.rpart_OVERTPhi,rpart,OVERTPhi,7,0.019494070266038572
DS15,mc.rpart_OVERTPhi,rpart,OVERTPhi,8,0.018243681497856008
DS15,mc.rpart_OVERTPhi,rpart,OVERTPhi,9,0.017407831123006402
DS15,mc.rpart_OVERTPhi,rpart,OVERTPhi,10,0.01810844854980526
DS15,mc.rpart_OVERTPhi,rpart,OVERTPhi,11,0.019093685447419528
DS15,mc.rpart_OVERTPhi,rpart,OVERTPhi,12,0.019354738540677152
DS15,mc.rpart_OVERTPhi,rpart,OVERTPhi,13,0.018175063919649813
DS15,mc.rpart_OVERTPhi,rpart,OVERTPhi,14,0.01896865477006182
DS15,mc.rpart_OVERTPhi,rpart,OVERTPhi,15,0.0189041696406988
DS15,mc.rpart_OVERTPhi,rpart,OVERTPhi,16,0.017448869646775184
DS15,mc.rpart_OVERTPhi,rpart,OVERTPhi,17,0.01729614715332835
DS15,mc.rpart_OVERTPhi,rpart,OVERTPhi,18,0.01589212810685761
DS15,mc.rpart_OVERTPhi,rpart,OVERTPhi,19,0.01870170381006347
DS15,mc.rpart_OVERTPhi,rpart,OVERTPhi,20,0.016210855816659063
DS15,mc.rpart_OVERTPhi,rpart,OVERTPhi,21,0.01689947196972197
DS15,mc.rpart_OVERTPhi,rpart,OVERTPhi,22,0.018689148953158194
DS15,mc.rpart_OVERTPhi,rpart,OVERTPhi,23,0.019532331489870994
DS15,mc.rpart_OVERTPhi,rpart,OVERTPhi,24,0.014873198747565004
DS15,mc.rpart_OVERTPhi,rpart,OVERTPhi,25,0.016754153251560714
DS15,mc.rpart_OVERTPhi,rpart,OVERTPhi,26,0.017453333636775894
DS15,mc.rpart_OVERTPhi,rpart,OVERTPhi,27,0.017908067330731154
DS15,mc.rpart_OVERTPhi,rpart,OVERTPhi,28,0.017880859435663657
DS15,mc.rpart_OVERTPhi,rpart,OVERTPhi,29,0.01650440695207693
DS15,mc.rpart_OVERTPhi,rpart,OVERTPhi,30,0.015137078409305055
DS15,mc.rpart_OVERTPhi,rpart,OVERTPhi,31,0.01465072092851876
DS15,mc.rpart_OVERTPhi,rpart,OVERTPhi,32,0.01549087121086159
DS15,mc.rpart_OVERTPhi,rpart,OVERTPhi,33,0.015155032409250167
DS15,mc.rpart_OVERTPhi,rpart,OVERTPhi,34,0.015198388784823382
DS15,mc.rpart_OVERTPhi,rpart,OVERTPhi,35,0.013945470316662325
DS15,mc.rpart_OVERTPhi,rpart,OVERTPhi,36,0.01565659516715416
DS15,mc.rpart_OVERTPhi,rpart,OVERTPhi,37,0.014028649521269055
DS15,mc.rpart_OVERTPhi,rpart,OVERTPhi,38,0.014324928164458451
DS15,mc.rpart_OVERTPhi,rpart,OVERTPhi,39,0.01528428406573919
DS15,mc.rpart_OVERTPhi,rpart,OVERTPhi,40,0.015093576208102968
DS15,mc.rpart_OVERTPhi,rpart,OVERTPhi,41,0.014233705524747045
DS15,mc.rpart_OVERTPhi,rpart,OVERTPhi,42,0.013391866362631582
DS15,mc.rpart_OVERTPhi,rpart,OVERTPhi,43,0.012508575782485994
DS15,mc.rpart_OVERTPhi,rpart,OVERTPhi,44,0.015226098222942465
DS15,mc.rpart_OVERTPhi,rpart,OVERTPhi,45,0.012298946851748259
DS15,mc.rpart_OVERTPhi,rpart,OVERTPhi,46,0.012775414793418942
DS15,mc.rpart_OVERTPhi,rpart,OVERTPhi,47,0.01289189648384532
DS15,mc.rpart_OVERTPhi,rpart,OVERTPhi,48,0.011880110455086563
DS15,mc.rpart_OVERTPhi,rpart,OVERTPhi,49,0.013081844120341024
DS15,mc.rpart_OVERTPhi,rpart,OVERTPhi,50,0.011996879608164208
DS15,mc.rpart_OVERT,rpart,OVERT,1,0.01934330550210306
DS15,mc.rpart_OVERT,rpart,OVERT,2,0.01989508242178401
DS15,mc.rpart_OVERT,rpart,OVERT,3,0.01817296391349029
DS15,mc.rpart_OVERT,rpart,OVERT,4,0.01906790718655468
DS15,mc.rpart_OVERT,rpart,OVERT,5,0.021789852449211333
DS15,mc.rpart_OVERT,rpart,OVERT,6,0.017943672900228587
DS15,mc.rpart_OVERT,rpart,OVERT,7,0.019785648541564175
DS15,mc.rpart_OVERT,rpart,OVERT,8,0.016913817587882515
DS15,mc.rpart_OVERT,rpart,OVERT,9,0.018921241045809337
DS15,mc.rpart_OVERT,rpart,OVERT,10,0.018910921565184497
DS15,mc.rpart_OVERT,rpart,OVERT,11,0.01835394713073477
DS15,mc.rpart_OVERT,rpart,OVERT,12,0.01942164445164709
DS15,mc.rpart_OVERT,rpart,OVERT,13,0.018190658624840997
DS15,mc.rpart_OVERT,rpart,OVERT,14,0.019700374871136732
DS15,mc.rpart_OVERT,rpart,OVERT,15,0.018868924827694047
DS15,mc.rpart_OVERT,rpart,OVERT,16,0.016924022472894727
DS15,mc.rpart_OVERT,rpart,OVERT,17,0.02071209573574771
DS15,mc.rpart_OVERT,rpart,OVERT,18,0.01657786887181227
DS15,mc.rpart_OVERT,rpart,OVERT,19,0.019453166011644603
DS15,mc.rpart_OVERT,rpart,OVERT,20,0.016209329459056013
DS15,mc.rpart_OVERT,rpart,OVERT,21,0.01665365547451328
DS15,mc.rpart_OVERT,rpart,OVERT,22,0.018731903234903587
DS15,mc.rpart_OVERT,rpart,OVERT,23,0.017398187292581104
DS15,mc.rpart_OVERT,rpart,OVERT,24,0.017298074040700093
DS15,mc.rpart_OVERT,rpart,OVERT,25,0.01675454487077357
DS15,mc.rpart_OVERT,rpart,OVERT,26,0.01655373759149685
DS15,mc.rpart_OVERT,rpart,OVERT,27,0.016705592431666055
DS15,mc.rpart_OVERT,rpart,OVERT,28,0.017606194483097744
DS15,mc.rpart_OVERT,rpart,OVERT,29,0.016870409366504996
DS15,mc.rpart_OVERT,rpart,OVERT,30,0.014865820958728728
DS15,mc.rpart_OVERT,rpart,OVERT,31,0.01465072092851876
DS15,mc.rpart_OVERT,rpart,OVERT,32,0.015489978199128163
DS15,mc.rpart_OVERT,rpart,OVERT,33,0.017670380990399453
DS15,mc.rpart_OVERT,rpart,OVERT,34,0.014767231415648804
DS15,mc.rpart_OVERT,rpart,OVERT,35,0.013436161271912784
DS15,mc.rpart_OVERT,rpart,OVERT,36,0.015985951392629705
DS15,mc.rpart_OVERT,rpart,OVERT,37,0.014124249821318277
DS15,mc.rpart_OVERT,rpart,OVERT,38,0.015682528602861096
DS15,mc.rpart_OVERT,rpart,OVERT,39,0.015284302068904018
DS15,mc.rpart_OVERT,rpart,OVERT,40,0.015089017826659995
DS15,mc.rpart_OVERT,rpart,OVERT,41,0.01423597755776355
DS15,mc.rpart_OVERT,rpart,OVERT,42,0.01294295269094051
DS15,mc.rpart_OVERT,rpart,OVERT,43,0.012228743277095572
DS15,mc.rpart_OVERT,rpart,OVERT,44,0.01522683376470073
DS15,mc.rpart_OVERT,rpart,OVERT,45,0.012751204558219697
DS15,mc.rpart_OVERT,rpart,OVERT,46,0.012775279144345602
DS15,mc.rpart_OVERT,rpart,OVERT,47,0.012646623444725318
DS15,mc.rpart_OVERT,rpart,OVERT,48,0.012223248259778103
DS15,mc.rpart_OVERT,rpart,OVERT,49,0.013610348287429545
DS15,mc.rpart_OVERT,rpart,OVERT,50,0.012822798014577308
DS15,mc.rpart_SMOTEB,rpart,SMOTEB,1,0.02673002560455397
DS15,mc.rpart_SMOTEB,rpart,SMOTEB,2,0.026921574253330156
DS15,mc.rpart_SMOTEB,rpart,SMOTEB,3,0.02935694953238997
DS15,mc.rpart_SMOTEB,rpart,SMOTEB,4,0.029294925739549154
DS15,mc.rpart_SMOTEB,rpart,SMOTEB,5,0.030628236248038735
DS15,mc.rpart_SMOTEB,rpart,SMOTEB,6,0.03386334240334267
DS15,mc.rpart_SMOTEB,rpart,SMOTEB,7,0.025072280831874842
DS15,mc.rpart_SMOTEB,rpart,SMOTEB,8,0.03006121481339003
DS15,mc.rpart_SMOTEB,rpart,SMOTEB,9,0.022901937643449975
DS15,mc.rpart_SMOTEB,rpart,SMOTEB,10,0.025409596533778375
DS15,mc.rpart_SMOTEB,rpart,SMOTEB,11,0.027528521199150408
DS15,mc.rpart_SMOTEB,rpart,SMOTEB,12,0.025713078140886754
DS15,mc.rpart_SMOTEB,rpart,SMOTEB,13,0.02536095589930248
DS15,mc.rpart_SMOTEB,rpart,SMOTEB,14,0.026169559543428363
DS15,mc.rpart_SMOTEB,rpart,SMOTEB,15,0.025409659210037537
DS15,mc.rpart_SMOTEB,rpart,SMOTEB,16,0.025804721881548948
DS15,mc.rpart_SMOTEB,rpart,SMOTEB,17,0.023843786303360665
DS15,mc.rpart_SMOTEB,rpart,SMOTEB,18,0.026254126408315204
DS15,mc.rpart_SMOTEB,rpart,SMOTEB,19,0.022783840703328482
DS15,mc.rpart_SMOTEB,rpart,SMOTEB,20,0.023754419784889652
DS15,mc.rpart_SMOTEB,rpart,SMOTEB,21,0.024128338129704403
DS15,mc.rpart_SMOTEB,rpart,SMOTEB,22,0.020600898819994263
DS15,mc.rpart_SMOTEB,rpart,SMOTEB,23,0.021949906262050775
DS15,mc.rpart_SMOTEB,rpart,SMOTEB,24,0.02443764953403576
DS15,mc.rpart_SMOTEB,rpart,SMOTEB,25,0.021072391662742527
DS15,mc.rpart_SMOTEB,rpart,SMOTEB,26,0.021221764241288407
DS15,mc.rpart_SMOTEB,rpart,SMOTEB,27,0.02135035843917156
DS15,mc.rpart_SMOTEB,rpart,SMOTEB,28,0.021455782122653318
DS15,mc.rpart_SMOTEB,rpart,SMOTEB,29,0.021108423301775335
DS15,mc.rpart_SMOTEB,rpart,SMOTEB,30,0.02105666832742382
DS15,mc.rpart_SMOTEB,rpart,SMOTEB,31,0.021173431452004527
DS15,mc.rpart_SMOTEB,rpart,SMOTEB,32,0.019361596552263657
DS15,mc.rpart_SMOTEB,rpart,SMOTEB,33,0.023267980817448887
DS15,mc.rpart_SMOTEB,rpart,SMOTEB,34,0.018719615861170175
DS15,mc.rpart_SMOTEB,rpart,SMOTEB,35,0.020304133663725132
DS15,mc.rpart_SMOTEB,rpart,SMOTEB,36,0.02001894184792025
DS15,mc.rpart_SMOTEB,rpart,SMOTEB,37,0.021020618377565515
DS15,mc.rpart_SMOTEB,rpart,SMOTEB,38,0.020683589706197252
DS15,mc.rpart_SMOTEB,rpart,SMOTEB,39,0.022176451974702624
DS15,mc.rpart_SMOTEB,rpart,SMOTEB,40,0.01971746293239442
DS15,mc.rpart_SMOTEB,rpart,SMOTEB,41,0.019484273775666444
DS15,mc.rpart_SMOTEB,rpart,SMOTEB,42,0.019212112511076185
DS15,mc.rpart_SMOTEB,rpart,SMOTEB,43,0.018400202389376105
DS15,mc.rpart_SMOTEB,rpart,SMOTEB,44,0.021089967303026817
DS15,mc.rpart_SMOTEB,rpart,SMOTEB,45,0.01827049130245715
DS15,mc.rpart_SMOTEB,rpart,SMOTEB,46,0.01914389990552029
DS15,mc.rpart_SMOTEB,rpart,SMOTEB,47,0.02149731716563163
DS15,mc.rpart_SMOTEB,rpart,SMOTEB,48,0.019296438705038072
DS15,mc.rpart_SMOTEB,rpart,SMOTEB,49,0.018889323072382093
DS15,mc.rpart_SMOTEB,rpart,SMOTEB,50,0.019052451136172106
DS15,mc.rpart_SMOTETPhi,rpart,SMOTETPhi,1,0.02714233765585096
DS15,mc.rpart_SMOTETPhi,rpart,SMOTETPhi,2,0.027319010214191305
DS15,mc.rpart_SMOTETPhi,rpart,SMOTETPhi,3,0.03062558749166922
DS15,mc.rpart_SMOTETPhi,rpart,SMOTETPhi,4,0.03086093028575738
DS15,mc.rpart_SMOTETPhi,rpart,SMOTETPhi,5,0.034460316976695236
DS15,mc.rpart_SMOTETPhi,rpart,SMOTETPhi,6,0.031170504154949562
DS15,mc.rpart_SMOTETPhi,rpart,SMOTETPhi,7,0.028138890168910535
DS15,mc.rpart_SMOTETPhi,rpart,SMOTETPhi,8,0.025967850501551558
DS15,mc.rpart_SMOTETPhi,rpart,SMOTETPhi,9,0.026645220368835182
DS15,mc.rpart_SMOTETPhi,rpart,SMOTETPhi,10,0.026539741561454958
DS15,mc.rpart_SMOTETPhi,rpart,SMOTETPhi,11,0.028958926079827325
DS15,mc.rpart_SMOTETPhi,rpart,SMOTETPhi,12,0.027999217163329364
DS15,mc.rpart_SMOTETPhi,rpart,SMOTETPhi,13,0.026551299848755584
DS15,mc.rpart_SMOTETPhi,rpart,SMOTETPhi,14,0.028166560268848576
DS15,mc.rpart_SMOTETPhi,rpart,SMOTETPhi,15,0.02624354036847529
DS15,mc.rpart_SMOTETPhi,rpart,SMOTETPhi,16,0.029239011232055547
DS15,mc.rpart_SMOTETPhi,rpart,SMOTETPhi,17,0.023252092485714193
DS15,mc.rpart_SMOTETPhi,rpart,SMOTETPhi,18,0.026621802476516278
DS15,mc.rpart_SMOTETPhi,rpart,SMOTETPhi,19,0.025588066884589134
DS15,mc.rpart_SMOTETPhi,rpart,SMOTETPhi,20,0.02546199529390196
DS15,mc.rpart_SMOTETPhi,rpart,SMOTETPhi,21,0.02412312297150903
DS15,mc.rpart_SMOTETPhi,rpart,SMOTETPhi,22,0.025382016934746364
DS15,mc.rpart_SMOTETPhi,rpart,SMOTETPhi,23,0.026139204962532227
DS15,mc.rpart_SMOTETPhi,rpart,SMOTETPhi,24,0.02532961246711545
DS15,mc.rpart_SMOTETPhi,rpart,SMOTETPhi,25,0.026615196572301006
DS15,mc.rpart_SMOTETPhi,rpart,SMOTETPhi,26,0.025246492298733478
DS15,mc.rpart_SMOTETPhi,rpart,SMOTETPhi,27,0.023541191354810198
DS15,mc.rpart_SMOTETPhi,rpart,SMOTETPhi,28,0.02366277987664715
DS15,mc.rpart_SMOTETPhi,rpart,SMOTETPhi,29,0.02464466358174455
DS15,mc.rpart_SMOTETPhi,rpart,SMOTETPhi,30,0.024910419520706193
DS15,mc.rpart_SMOTETPhi,rpart,SMOTETPhi,31,0.024845467834683922
DS15,mc.rpart_SMOTETPhi,rpart,SMOTETPhi,32,0.023578079100995818
DS15,mc.rpart_SMOTETPhi,rpart,SMOTETPhi,33,0.022917446386644356
DS15,mc.rpart_SMOTETPhi,rpart,SMOTETPhi,34,0.021632418909122982
DS15,mc.rpart_SMOTETPhi,rpart,SMOTETPhi,35,0.02186700748752987
DS15,mc.rpart_SMOTETPhi,rpart,SMOTETPhi,36,0.022552370829658736
DS15,mc.rpart_SMOTETPhi,rpart,SMOTETPhi,37,0.023241770855912187
DS15,mc.rpart_SMOTETPhi,rpart,SMOTETPhi,38,0.020636173966211695
DS15,mc.rpart_SMOTETPhi,rpart,SMOTETPhi,39,0.022582285954199397
DS15,mc.rpart_SMOTETPhi,rpart,SMOTETPhi,40,0.02428290998460212
DS15,mc.rpart_SMOTETPhi,rpart,SMOTETPhi,41,0.020401041398555586
DS15,mc.rpart_SMOTETPhi,rpart,SMOTETPhi,42,0.02116005835936463
DS15,mc.rpart_SMOTETPhi,rpart,SMOTETPhi,43,0.022185540288750496
DS15,mc.rpart_SMOTETPhi,rpart,SMOTETPhi,44,0.02053284880114528
DS15,mc.rpart_SMOTETPhi,rpart,SMOTETPhi,45,0.02099200523719134
DS15,mc.rpart_SMOTETPhi,rpart,SMOTETPhi,46,0.022338003204866043
DS15,mc.rpart_SMOTETPhi,rpart,SMOTETPhi,47,0.02004772395013832
DS15,mc.rpart_SMOTETPhi,rpart,SMOTETPhi,48,0.018359297408918486
DS15,mc.rpart_SMOTETPhi,rpart,SMOTETPhi,49,0.020643766529811283
DS15,mc.rpart_SMOTETPhi,rpart,SMOTETPhi,50,0.020562987486686127
DS15,mc.rpart_SMOTET,rpart,SMOTET,1,0.029073010718571293
DS15,mc.rpart_SMOTET,rpart,SMOTET,2,0.028985755120541596
DS15,mc.rpart_SMOTET,rpart,SMOTET,3,0.028651665682505458
DS15,mc.rpart_SMOTET,rpart,SMOTET,4,0.0280835262920381
DS15,mc.rpart_SMOTET,rpart,SMOTET,5,0.026210060834730372
DS15,mc.rpart_SMOTET,rpart,SMOTET,6,0.022936591889389332
DS15,mc.rpart_SMOTET,rpart,SMOTET,7,0.024677655690287653
DS15,mc.rpart_SMOTET,rpart,SMOTET,8,0.026248249160631364
DS15,mc.rpart_SMOTET,rpart,SMOTET,9,0.02463224422496407
DS15,mc.rpart_SMOTET,rpart,SMOTET,10,0.02684609120371204
DS15,mc.rpart_SMOTET,rpart,SMOTET,11,0.021436091759861206
DS15,mc.rpart_SMOTET,rpart,SMOTET,12,0.02729108958456082
DS15,mc.rpart_SMOTET,rpart,SMOTET,13,0.02139763888281022
DS15,mc.rpart_SMOTET,rpart,SMOTET,14,0.02538312715733058
DS15,mc.rpart_SMOTET,rpart,SMOTET,15,0.02365031521593974
DS15,mc.rpart_SMOTET,rpart,SMOTET,16,0.027107007272851084
DS15,mc.rpart_SMOTET,rpart,SMOTET,17,0.02379267344698076
DS15,mc.rpart_SMOTET,rpart,SMOTET,18,0.02614412985488775
DS15,mc.rpart_SMOTET,rpart,SMOTET,19,0.025724124098714107
DS15,mc.rpart_SMOTET,rpart,SMOTET,20,0.020583833143825305
DS15,mc.rpart_SMOTET,rpart,SMOTET,21,0.023945900158572064
DS15,mc.rpart_SMOTET,rpart,SMOTET,22,0.02019957073280133
DS15,mc.rpart_SMOTET,rpart,SMOTET,23,0.022950582057727834
DS15,mc.rpart_SMOTET,rpart,SMOTET,24,0.021631420032539997
DS15,mc.rpart_SMOTET,rpart,SMOTET,25,0.023650250169318585
DS15,mc.rpart_SMOTET,rpart,SMOTET,26,0.021195411479396926
DS15,mc.rpart_SMOTET,rpart,SMOTET,27,0.025442802171908214
DS15,mc.rpart_SMOTET,rpart,SMOTET,28,0.022276122772164973
DS15,mc.rpart_SMOTET,rpart,SMOTET,29,0.022500862541301268
DS15,mc.rpart_SMOTET,rpart,SMOTET,30,0.021784906574169382
DS15,mc.rpart_SMOTET,rpart,SMOTET,31,0.02057190757806085
DS15,mc.rpart_SMOTET,rpart,SMOTET,32,0.01917474546253405
DS15,mc.rpart_SMOTET,rpart,SMOTET,33,0.021439117218601807
DS15,mc.rpart_SMOTET,rpart,SMOTET,34,0.019495111375801795
DS15,mc.rpart_SMOTET,rpart,SMOTET,35,0.018452032016352583
DS15,mc.rpart_SMOTET,rpart,SMOTET,36,0.022322320151824677
DS15,mc.rpart_SMOTET,rpart,SMOTET,37,0.019949576203657032
DS15,mc.rpart_SMOTET,rpart,SMOTET,38,0.018279293621094685
DS15,mc.rpart_SMOTET,rpart,SMOTET,39,0.02072976139416491
DS15,mc.rpart_SMOTET,rpart,SMOTET,40,0.02069651552725483
DS15,mc.rpart_SMOTET,rpart,SMOTET,41,0.018616730755848708
DS15,mc.rpart_SMOTET,rpart,SMOTET,42,0.01955274319375116
DS15,mc.rpart_SMOTET,rpart,SMOTET,43,0.018441554085098826
DS15,mc.rpart_SMOTET,rpart,SMOTET,44,0.017618100952908212
DS15,mc.rpart_SMOTET,rpart,SMOTET,45,0.019459696294563532
DS15,mc.rpart_SMOTET,rpart,SMOTET,46,0.02021212067553614
DS15,mc.rpart_SMOTET,rpart,SMOTET,47,0.015122120208481896
DS15,mc.rpart_SMOTET,rpart,SMOTET,48,0.017017039429689608
DS15,mc.rpart_SMOTET,rpart,SMOTET,49,0.017066687421582245
DS15,mc.rpart_SMOTET,rpart,SMOTET,50,0.01879622047505744
DS15,mc.rpart_UNDERB,rpart,UNDERB,1,0.030089347951690163
DS15,mc.rpart_UNDERB,rpart,UNDERB,2,0.022139926837177366
DS15,mc.rpart_UNDERB,rpart,UNDERB,3,0.026315622558147102
DS15,mc.rpart_UNDERB,rpart,UNDERB,4,0.030176118543314662
DS15,mc.rpart_UNDERB,rpart,UNDERB,5,0.02763816224887345
DS15,mc.rpart_UNDERB,rpart,UNDERB,6,0.027399174432137664
DS15,mc.rpart_UNDERB,rpart,UNDERB,7,0.0239447313879774
DS15,mc.rpart_UNDERB,rpart,UNDERB,8,0.025751199978635744
DS15,mc.rpart_UNDERB,rpart,UNDERB,9,0.0287882943976525
DS15,mc.rpart_UNDERB,rpart,UNDERB,10,0.023006557098484995
DS15,mc.rpart_UNDERB,rpart,UNDERB,11,0.021971889476144913
DS15,mc.rpart_UNDERB,rpart,UNDERB,12,0.02246122461520077
DS15,mc.rpart_UNDERB,rpart,UNDERB,13,0.02424880301446131
DS15,mc.rpart_UNDERB,rpart,UNDERB,14,0.0258027010921143
DS15,mc.rpart_UNDERB,rpart,UNDERB,15,0.01931980557938271
DS15,mc.rpart_UNDERB,rpart,UNDERB,16,0.018499213459012
DS15,mc.rpart_UNDERB,rpart,UNDERB,17,0.02221005674127248
DS15,mc.rpart_UNDERB,rpart,UNDERB,18,0.02266989525106439
DS15,mc.rpart_UNDERB,rpart,UNDERB,19,0.0253273768608695
DS15,mc.rpart_UNDERB,rpart,UNDERB,20,0.019800992943420886
DS15,mc.rpart_UNDERB,rpart,UNDERB,21,0.022181140783122538
DS15,mc.rpart_UNDERB,rpart,UNDERB,22,0.02042760292877448
DS15,mc.rpart_UNDERB,rpart,UNDERB,23,0.02253358647532529
DS15,mc.rpart_UNDERB,rpart,UNDERB,24,0.02083089484474762
DS15,mc.rpart_UNDERB,rpart,UNDERB,25,0.020903521299257773
DS15,mc.rpart_UNDERB,rpart,UNDERB,26,0.022347015452693814
DS15,mc.rpart_UNDERB,rpart,UNDERB,27,0.02140536985848167
DS15,mc.rpart_UNDERB,rpart,UNDERB,28,0.019221739156814244
DS15,mc.rpart_UNDERB,rpart,UNDERB,29,0.019023101939283218
DS15,mc.rpart_UNDERB,rpart,UNDERB,30,0.02095143789912729
DS15,mc.rpart_UNDERB,rpart,UNDERB,31,0.02354994462156205
DS15,mc.rpart_UNDERB,rpart,UNDERB,32,0.02219328967513676
DS15,mc.rpart_UNDERB,rpart,UNDERB,33,0.019334261038172054
DS15,mc.rpart_UNDERB,rpart,UNDERB,34,0.01878800187032843
DS15,mc.rpart_UNDERB,rpart,UNDERB,35,0.017581519311308025
DS15,mc.rpart_UNDERB,rpart,UNDERB,36,0.020698763083817448
DS15,mc.rpart_UNDERB,rpart,UNDERB,37,0.018344967264454923
DS15,mc.rpart_UNDERB,rpart,UNDERB,38,0.019145516247597007
DS15,mc.rpart_UNDERB,rpart,UNDERB,39,0.02376555689155168
DS15,mc.rpart_UNDERB,rpart,UNDERB,40,0.01665128240198766
DS15,mc.rpart_UNDERB,rpart,UNDERB,41,0.02168633258417228
DS15,mc.rpart_UNDERB,rpart,UNDERB,42,0.021692717977612318
DS15,mc.rpart_UNDERB,rpart,UNDERB,43,0.01777680572025313
DS15,mc.rpart_UNDERB,rpart,UNDERB,44,0.01819192978381407
DS15,mc.rpart_UNDERB,rpart,UNDERB,45,0.01575101260491239
DS15,mc.rpart_UNDERB,rpart,UNDERB,46,0.017139393118107568
DS15,mc.rpart_UNDERB,rpart,UNDERB,47,0.021097629312929377
DS15,mc.rpart_UNDERB,rpart,UNDERB,48,0.020028889008324665
DS15,mc.rpart_UNDERB,rpart,UNDERB,49,0.018937116696235972
DS15,mc.rpart_UNDERB,rpart,UNDERB,50,0.018234965353176646
DS15,mc.rpart_UNDERTPhi,rpart,UNDERTPhi,1,0.03247468831233322
DS15,mc.rpart_UNDERTPhi,rpart,UNDERTPhi,2,0.02389883646757528
DS15,mc.rpart_UNDERTPhi,rpart,UNDERTPhi,3,0.03208780329606627
DS15,mc.rpart_UNDERTPhi,rpart,UNDERTPhi,4,0.027195814239513692
DS15,mc.rpart_UNDERTPhi,rpart,UNDERTPhi,5,0.027731664733534896
DS15,mc.rpart_UNDERTPhi,rpart,UNDERTPhi,6,0.029431801998993395
DS15,mc.rpart_UNDERTPhi,rpart,UNDERTPhi,7,0.024536413964253184
DS15,mc.rpart_UNDERTPhi,rpart,UNDERTPhi,8,0.026115970564665004
DS15,mc.rpart_UNDERTPhi,rpart,UNDERTPhi,9,0.027886223159718195
DS15,mc.rpart_UNDERTPhi,rpart,UNDERTPhi,10,0.024802543355113227
DS15,mc.rpart_UNDERTPhi,rpart,UNDERTPhi,11,0.02325633880292859
DS15,mc.rpart_UNDERTPhi,rpart,UNDERTPhi,12,0.020508791514644475
DS15,mc.rpart_UNDERTPhi,rpart,UNDERTPhi,13,0.023475598412701974
DS15,mc.rpart_UNDERTPhi,rpart,UNDERTPhi,14,0.0209846575100327
DS15,mc.rpart_UNDERTPhi,rpart,UNDERTPhi,15,0.02561342190247502
DS15,mc.rpart_UNDERTPhi,rpart,UNDERTPhi,16,0.023567793551083936
DS15,mc.rpart_UNDERTPhi,rpart,UNDERTPhi,17,0.025971889269885716
DS15,mc.rpart_UNDERTPhi,rpart,UNDERTPhi,18,0.022021009407554654
DS15,mc.rpart_UNDERTPhi,rpart,UNDERTPhi,19,0.021707879347763772
DS15,mc.rpart_UNDERTPhi,rpart,UNDERTPhi,20,0.024083962366842026
DS15,mc.rpart_UNDERTPhi,rpart,UNDERTPhi,21,0.022340098908754286
DS15,mc.rpart_UNDERTPhi,rpart,UNDERTPhi,22,0.026098925778691523
DS15,mc.rpart_UNDERTPhi,rpart,UNDERTPhi,23,0.023393931219011507
DS15,mc.rpart_UNDERTPhi,rpart,UNDERTPhi,24,0.02244954039166529
DS15,mc.rpart_UNDERTPhi,rpart,UNDERTPhi,25,0.021137348259641753
DS15,mc.rpart_UNDERTPhi,rpart,UNDERTPhi,26,0.020740632111755218
DS15,mc.rpart_UNDERTPhi,rpart,UNDERTPhi,27,0.021589179084477408
DS15,mc.rpart_UNDERTPhi,rpart,UNDERTPhi,28,0.022087151448987777
DS15,mc.rpart_UNDERTPhi,rpart,UNDERTPhi,29,0.02138041699448116
DS15,mc.rpart_UNDERTPhi,rpart,UNDERTPhi,30,0.02215481409023889
DS15,mc.rpart_UNDERTPhi,rpart,UNDERTPhi,31,0.021164706376692183
DS15,mc.rpart_UNDERTPhi,rpart,UNDERTPhi,32,0.02170784800979999
DS15,mc.rpart_UNDERTPhi,rpart,UNDERTPhi,33,0.022356749294773066
DS15,mc.rpart_UNDERTPhi,rpart,UNDERTPhi,34,0.022818492468446045
DS15,mc.rpart_UNDERTPhi,rpart,UNDERTPhi,35,0.02139410747619779
DS15,mc.rpart_UNDERTPhi,rpart,UNDERTPhi,36,0.023878695914611302
DS15,mc.rpart_UNDERTPhi,rpart,UNDERTPhi,37,0.020198621555602307
DS15,mc.rpart_UNDERTPhi,rpart,UNDERTPhi,38,0.021646081902684015
DS15,mc.rpart_UNDERTPhi,rpart,UNDERTPhi,39,0.022250956591611405
DS15,mc.rpart_UNDERTPhi,rpart,UNDERTPhi,40,0.01978415911163031
DS15,mc.rpart_UNDERTPhi,rpart,UNDERTPhi,41,0.020295330433828994
DS15,mc.rpart_UNDERTPhi,rpart,UNDERTPhi,42,0.016872925631204516
DS15,mc.rpart_UNDERTPhi,rpart,UNDERTPhi,43,0.020493246681572465
DS15,mc.rpart_UNDERTPhi,rpart,UNDERTPhi,44,0.018546408262117238
DS15,mc.rpart_UNDERTPhi,rpart,UNDERTPhi,45,0.023121673154558802
DS15,mc.rpart_UNDERTPhi,rpart,UNDERTPhi,46,0.023026751879535807
DS15,mc.rpart_UNDERTPhi,rpart,UNDERTPhi,47,0.02316143258905127
DS15,mc.rpart_UNDERTPhi,rpart,UNDERTPhi,48,0.019189894270861242
DS15,mc.rpart_UNDERTPhi,rpart,UNDERTPhi,49,0.021636806031985603
DS15,mc.rpart_UNDERTPhi,rpart,UNDERTPhi,50,0.02164717748239827
DS15,mc.rpart_UNDERT,rpart,UNDERT,1,0.029663287297598456
DS15,mc.rpart_UNDERT,rpart,UNDERT,2,0.029159075398944453
DS15,mc.rpart_UNDERT,rpart,UNDERT,3,0.02733282341345105
DS15,mc.rpart_UNDERT,rpart,UNDERT,4,0.025310109966054293
DS15,mc.rpart_UNDERT,rpart,UNDERT,5,0.02472786160276411
DS15,mc.rpart_UNDERT,rpart,UNDERT,6,0.026019699499712085
DS15,mc.rpart_UNDERT,rpart,UNDERT,7,0.022127837993350868
DS15,mc.rpart_UNDERT,rpart,UNDERT,8,0.02361397355275341
DS15,mc.rpart_UNDERT,rpart,UNDERT,9,0.021984954559076474
DS15,mc.rpart_UNDERT,rpart,UNDERT,10,0.02466890927339995
DS15,mc.rpart_UNDERT,rpart,UNDERT,11,0.023881893085052546
DS15,mc.rpart_UNDERT,rpart,UNDERT,12,0.025376228047762548
DS15,mc.rpart_UNDERT,rpart,UNDERT,13,0.021590876472291288
DS15,mc.rpart_UNDERT,rpart,UNDERT,14,0.020959499154788917
DS15,mc.rpart_UNDERT,rpart,UNDERT,15,0.020930769429319096
DS15,mc.rpart_UNDERT,rpart,UNDERT,16,0.025381576026841542
DS15,mc.rpart_UNDERT,rpart,UNDERT,17,0.023450528656030405
DS15,mc.rpart_UNDERT,rpart,UNDERT,18,0.026082804752721886
DS15,mc.rpart_UNDERT,rpart,UNDERT,19,0.020599726997063705
DS15,mc.rpart_UNDERT,rpart,UNDERT,20,0.019546775539692165
DS15,mc.rpart_UNDERT,rpart,UNDERT,21,0.021727070541424472
DS15,mc.rpart_UNDERT,rpart,UNDERT,22,0.019432558958987184
DS15,mc.rpart_UNDERT,rpart,UNDERT,23,0.023116432177286587
DS15,mc.rpart_UNDERT,rpart,UNDERT,24,0.021251202682067243
DS15,mc.rpart_UNDERT,rpart,UNDERT,25,0.01982354709757286
DS15,mc.rpart_UNDERT,rpart,UNDERT,26,0.021780019835891725
DS15,mc.rpart_UNDERT,rpart,UNDERT,27,0.02024737046622422
DS15,mc.rpart_UNDERT,rpart,UNDERT,28,0.019331953757457727
DS15,mc.rpart_UNDERT,rpart,UNDERT,29,0.020583778927692593
DS15,mc.rpart_UNDERT,rpart,UNDERT,30,0.018081618672505514
DS15,mc.rpart_UNDERT,rpart,UNDERT,31,0.023217120146803487
DS15,mc.rpart_UNDERT,rpart,UNDERT,32,0.01804292390700537
DS15,mc.rpart_UNDERT,rpart,UNDERT,33,0.01949653319541137
DS15,mc.rpart_UNDERT,rpart,UNDERT,34,0.016057363014311446
DS15,mc.rpart_UNDERT,rpart,UNDERT,35,0.017240798710178733
DS15,mc.rpart_UNDERT,rpart,UNDERT,36,0.020134469753102024
DS15,mc.rpart_UNDERT,rpart,UNDERT,37,0.016291456840090018
DS15,mc.rpart_UNDERT,rpart,UNDERT,38,0.0163948924235855
DS15,mc.rpart_UNDERT,rpart,UNDERT,39,0.020088234104003132
DS15,mc.rpart_UNDERT,rpart,UNDERT,40,0.018700787937823437
DS15,mc.rpart_UNDERT,rpart,UNDERT,41,0.021921812307076075
DS15,mc.rpart_UNDERT,rpart,UNDERT,42,0.01807982288238817
DS15,mc.rpart_UNDERT,rpart,UNDERT,43,0.016370654782428974
DS15,mc.rpart_UNDERT,rpart,UNDERT,44,0.02035038544716144
DS15,mc.rpart_UNDERT,rpart,UNDERT,45,0.019436285087303152
DS15,mc.rpart_UNDERT,rpart,UNDERT,46,0.01957966625819797
DS15,mc.rpart_UNDERT,rpart,UNDERT,47,0.016285056469096372
DS15,mc.rpart_UNDERT,rpart,UNDERT,48,0.019543548530885288
DS15,mc.rpart_UNDERT,rpart,UNDERT,49,0.017160010821537584
DS15,mc.rpart_UNDERT,rpart,UNDERT,50,0.01957847838161037
DS15,mc.rpart,rpart,baseline,1,0.01815105577118075
DS15,mc.rpart,rpart,baseline,2,0.0179578199408445
DS15,mc.rpart,rpart,baseline,3,0.018122521624179114
DS15,mc.rpart,rpart,baseline,4,0.017874256916326072
DS15,mc.rpart,rpart,baseline,5,0.017930145114719794
DS15,mc.rpart,rpart,baseline,6,0.016081213013559557
DS15,mc.rpart,rpart,baseline,7,0.017644866027259853
DS15,mc.rpart,rpart,baseline,8,0.018182436958537766
DS15,mc.rpart,rpart,baseline,9,0.01826526465393536
DS15,mc.rpart,rpart,baseline,10,0.018243197782139522
DS15,mc.rpart,rpart,baseline,11,0.017138157803939198
DS15,mc.rpart,rpart,baseline,12,0.017258886175008085
DS15,mc.rpart,rpart,baseline,13,0.01740542580186851
DS15,mc.rpart,rpart,baseline,14,0.017375962135841923
DS15,mc.rpart,rpart,baseline,15,0.018288459923759347
DS15,mc.rpart,rpart,baseline,16,0.017455294483093485
DS15,mc.rpart,rpart,baseline,17,0.017331959432510233
DS15,mc.rpart,rpart,baseline,18,0.017355522301905686
DS15,mc.rpart,rpart,baseline,19,0.01715719188011554
DS15,mc.rpart,rpart,baseline,20,0.01688696569668027
DS15,mc.rpart,rpart,baseline,21,0.016901147805327744
DS15,mc.rpart,rpart,baseline,22,0.017473126818064476
DS15,mc.rpart,rpart,baseline,23,0.01776712252454413
DS15,mc.rpart,rpart,baseline,24,0.01757225165837392
DS15,mc.rpart,rpart,baseline,25,0.016633897425773297
DS15,mc.rpart,rpart,baseline,26,0.017657495716540624
DS15,mc.rpart,rpart,baseline,27,0.015550073451804603
DS15,mc.rpart,rpart,baseline,28,0.01623338209856541
DS15,mc.rpart,rpart,baseline,29,0.015667144714373804
DS15,mc.rpart,rpart,baseline,30,0.014110681991662984
DS15,mc.rpart,rpart,baseline,31,0.015580119344374843
DS15,mc.rpart,rpart,baseline,32,0.015290209758691178
DS15,mc.rpart,rpart,baseline,33,0.013810823358689129
DS15,mc.rpart,rpart,baseline,34,0.015050737295149167
DS15,mc.rpart,rpart,baseline,35,0.015091586682887006
DS15,mc.rpart,rpart,baseline,36,0.014851222113033281
DS15,mc.rpart,rpart,baseline,37,0.014841329721437728
DS15,mc.rpart,rpart,baseline,38,0.014867381953004747
DS15,mc.rpart,rpart,baseline,39,0.015023703147687828
DS15,mc.rpart,rpart,baseline,40,0.014771041802044863
DS15,mc.rpart,rpart,baseline,41,0.014403275336302316
DS15,mc.rpart,rpart,baseline,42,0.013492777516200405
DS15,mc.rpart,rpart,baseline,43,0.013630690083478354
DS15,mc.rpart,rpart,baseline,44,0.014136179128838747
DS15,mc.rpart,rpart,baseline,45,0.014526869211286668
DS15,mc.rpart,rpart,baseline,46,0.014372794860754243
DS15,mc.rpart,rpart,baseline,47,0.013262181040277479
DS15,mc.rpart,rpart,baseline,48,0.012804455009761479
DS15,mc.rpart,rpart,baseline,49,0.012938603462266171
DS15,mc.rpart,rpart,baseline,50,0.01331485815144609
DS15,mc.svm_OVERB,svm,OVERB,1,0.01760324553837331
DS15,mc.svm_OVERB,svm,OVERB,2,0.018555338366203208
DS15,mc.svm_OVERB,svm,OVERB,3,0.018741045330486757
DS15,mc.svm_OVERB,svm,OVERB,4,0.016900809680035787
DS15,mc.svm_OVERB,svm,OVERB,5,0.016437213143525406
DS15,mc.svm_OVERB,svm,OVERB,6,0.019755260330302355
DS15,mc.svm_OVERB,svm,OVERB,7,0.01732968929577903
DS15,mc.svm_OVERB,svm,OVERB,8,0.01788511703417858
DS15,mc.svm_OVERB,svm,OVERB,9,0.017452905587291505
DS15,mc.svm_OVERB,svm,OVERB,10,0.019584368814788776
DS15,mc.svm_OVERB,svm,OVERB,11,0.01955076204875683
DS15,mc.svm_OVERB,svm,OVERB,12,0.0188735787272324
DS15,mc.svm_OVERB,svm,OVERB,13,0.01904873297967944
DS15,mc.svm_OVERB,svm,OVERB,14,0.01930379627954802
DS15,mc.svm_OVERB,svm,OVERB,15,0.019609418745448005
DS15,mc.svm_OVERB,svm,OVERB,16,0.018938305172862647
DS15,mc.svm_OVERB,svm,OVERB,17,0.019342878697737282
DS15,mc.svm_OVERB,svm,OVERB,18,0.019245722402204613
DS15,mc.svm_OVERB,svm,OVERB,19,0.018966893339274978
DS15,mc.svm_OVERB,svm,OVERB,20,0.01808284554514375
DS15,mc.svm_OVERB,svm,OVERB,21,0.01762981895719773
DS15,mc.svm_OVERB,svm,OVERB,22,0.015304522634464994
DS15,mc.svm_OVERB,svm,OVERB,23,0.01581894705977188
DS15,mc.svm_OVERB,svm,OVERB,24,0.015350844270105959
DS15,mc.svm_OVERB,svm,OVERB,25,0.015630816033118698
DS15,mc.svm_OVERB,svm,OVERB,26,0.016550695844295197
DS15,mc.svm_OVERB,svm,OVERB,27,0.013192636144886872
DS15,mc.svm_OVERB,svm,OVERB,28,0.013526248390348872
DS15,mc.svm_OVERB,svm,OVERB,29,0.015187470968983841
DS15,mc.svm_OVERB,svm,OVERB,30,0.013800602425643778
DS15,mc.svm_OVERB,svm,OVERB,31,0.01321269674291415
DS15,mc.svm_OVERB,svm,OVERB,32,0.01359204316351382
DS15,mc.svm_OVERB,svm,OVERB,33,0.01316305419921217
DS15,mc.svm_OVERB,svm,OVERB,34,0.013031558914870973
DS15,mc.svm_OVERB,svm,OVERB,35,0.01225521481762053
DS15,mc.svm_OVERB,svm,OVERB,36,0.01333718796545106
DS15,mc.svm_OVERB,svm,OVERB,37,0.012817003052949022
DS15,mc.svm_OVERB,svm,OVERB,38,0.013526078484757061
DS15,mc.svm_OVERB,svm,OVERB,39,0.013751151556994674
DS15,mc.svm_OVERB,svm,OVERB,40,0.013533888049283445
DS15,mc.svm_OVERB,svm,OVERB,41,0.013454710328124767
DS15,mc.svm_OVERB,svm,OVERB,42,0.012320269004383589
DS15,mc.svm_OVERB,svm,OVERB,43,0.012583054687197424
DS15,mc.svm_OVERB,svm,OVERB,44,0.012159604354469094
DS15,mc.svm_OVERB,svm,OVERB,45,0.012340281075853585
DS15,mc.svm_OVERB,svm,OVERB,46,0.012982335465605722
DS15,mc.svm_OVERB,svm,OVERB,47,0.012531484778933889
DS15,mc.svm_OVERB,svm,OVERB,48,0.012014159513642863
DS15,mc.svm_OVERB,svm,OVERB,49,0.01226324970514383
DS15,mc.svm_OVERB,svm,OVERB,50,0.011815344429886177
DS15,mc.svm_OVERTPhi,svm,OVERTPhi,1,0.018878722626064295
DS15,mc.svm_OVERTPhi,svm,OVERTPhi,2,0.01914410611785243
DS15,mc.svm_OVERTPhi,svm,OVERTPhi,3,0.01925594639461328
DS15,mc.svm_OVERTPhi,svm,OVERTPhi,4,0.01873548730505168
DS15,mc.svm_OVERTPhi,svm,OVERTPhi,5,0.02037687206776666
DS15,mc.svm_OVERTPhi,svm,OVERTPhi,6,0.019962420581536095
DS15,mc.svm_OVERTPhi,svm,OVERTPhi,7,0.01876188443483856
DS15,mc.svm_OVERTPhi,svm,OVERTPhi,8,0.018515800393850517
DS15,mc.svm_OVERTPhi,svm,OVERTPhi,9,0.01744725066986619
DS15,mc.svm_OVERTPhi,svm,OVERTPhi,10,0.017324732207570165
DS15,mc.svm_OVERTPhi,svm,OVERTPhi,11,0.019486400495109437
DS15,mc.svm_OVERTPhi,svm,OVERTPhi,12,0.01881511921584962
DS15,mc.svm_OVERTPhi,svm,OVERTPhi,13,0.018045326718662484
DS15,mc.svm_OVERTPhi,svm,OVERTPhi,14,0.018385810912973696
DS15,mc.svm_OVERTPhi,svm,OVERTPhi,15,0.018798119742412953
DS15,mc.svm_OVERTPhi,svm,OVERTPhi,16,0.01885417386716597
DS15,mc.svm_OVERTPhi,svm,OVERTPhi,17,0.018805510708158897
DS15,mc.svm_OVERTPhi,svm,OVERTPhi,18,0.018925417819331287
DS15,mc.svm_OVERTPhi,svm,OVERTPhi,19,0.018807130007238368
DS15,mc.svm_OVERTPhi,svm,OVERTPhi,20,0.017595622437461596
DS15,mc.svm_OVERTPhi,svm,OVERTPhi,21,0.018737955723302124
DS15,mc.svm_OVERTPhi,svm,OVERTPhi,22,0.016180852095564902
DS15,mc.svm_OVERTPhi,svm,OVERTPhi,23,0.017057579146547354
DS15,mc.svm_OVERTPhi,svm,OVERTPhi,24,0.014099222486557197
DS15,mc.svm_OVERTPhi,svm,OVERTPhi,25,0.017493787224175328
DS15,mc.svm_OVERTPhi,svm,OVERTPhi,26,0.015140994518703169
DS15,mc.svm_OVERTPhi,svm,OVERTPhi,27,0.014009598338997661
DS15,mc.svm_OVERTPhi,svm,OVERTPhi,28,0.014114956048769363
DS15,mc.svm_OVERTPhi,svm,OVERTPhi,29,0.014485140949790894
DS15,mc.svm_OVERTPhi,svm,OVERTPhi,30,0.01380149698813481
DS15,mc.svm_OVERTPhi,svm,OVERTPhi,31,0.01407287974734604
DS15,mc.svm_OVERTPhi,svm,OVERTPhi,32,0.01378222719306446
DS15,mc.svm_OVERTPhi,svm,OVERTPhi,33,0.01371259274694431
DS15,mc.svm_OVERTPhi,svm,OVERTPhi,34,0.013564626382478783
DS15,mc.svm_OVERTPhi,svm,OVERTPhi,35,0.013908688626021619
DS15,mc.svm_OVERTPhi,svm,OVERTPhi,36,0.01363480833146804
DS15,mc.svm_OVERTPhi,svm,OVERTPhi,37,0.013655810949659229
DS15,mc.svm_OVERTPhi,svm,OVERTPhi,38,0.013953391307776756
DS15,mc.svm_OVERTPhi,svm,OVERTPhi,39,0.013842011854121896
DS15,mc.svm_OVERTPhi,svm,OVERTPhi,40,0.013428190634783562
DS15,mc.svm_OVERTPhi,svm,OVERTPhi,41,0.014491416996585722
DS15,mc.svm_OVERTPhi,svm,OVERTPhi,42,0.012765317563590969
DS15,mc.svm_OVERTPhi,svm,OVERTPhi,43,0.01264066339847261
DS15,mc.svm_OVERTPhi,svm,OVERTPhi,44,0.01231056708390266
DS15,mc.svm_OVERTPhi,svm,OVERTPhi,45,0.012408734126840168
DS15,mc.svm_OVERTPhi,svm,OVERTPhi,46,0.012113517391353915
DS15,mc.svm_OVERTPhi,svm,OVERTPhi,47,0.011976688344666387
DS15,mc.svm_OVERTPhi,svm,OVERTPhi,48,0.012475776210133573
DS15,mc.svm_OVERTPhi,svm,OVERTPhi,49,0.012413007767108072
DS15,mc.svm_OVERTPhi,svm,OVERTPhi,50,0.012395959391063579
DS15,mc.svm_OVERT,svm,OVERT,1,0.01873005969742037
DS15,mc.svm_OVERT,svm,OVERT,2,0.019242449177697057
DS15,mc.svm_OVERT,svm,OVERT,3,0.01938593095411199
DS15,mc.svm_OVERT,svm,OVERT,4,0.018764262770570028
DS15,mc.svm_OVERT,svm,OVERT,5,0.020253369202338826
DS15,mc.svm_OVERT,svm,OVERT,6,0.020073499010024847
DS15,mc.svm_OVERT,svm,OVERT,7,0.017894561006513467
DS15,mc.svm_OVERT,svm,OVERT,8,0.018970336770342763
DS15,mc.svm_OVERT,svm,OVERT,9,0.017576523110750714
DS15,mc.svm_OVERT,svm,OVERT,10,0.01760562300472532
DS15,mc.svm_OVERT,svm,OVERT,11,0.019289991576834684
DS15,mc.svm_OVERT,svm,OVERT,12,0.01875415350402324
DS15,mc.svm_OVERT,svm,OVERT,13,0.018014175836233375
DS15,mc.svm_OVERT,svm,OVERT,14,0.018274563681873947
DS15,mc.svm_OVERT,svm,OVERT,15,0.018489079349544954
DS15,mc.svm_OVERT,svm,OVERT,16,0.018792758350268512
DS15,mc.svm_OVERT,svm,OVERT,17,0.018697089632808674
DS15,mc.svm_OVERT,svm,OVERT,18,0.01884583099319697
DS15,mc.svm_OVERT,svm,OVERT,19,0.018725779101942727
DS15,mc.svm_OVERT,svm,OVERT,20,0.017892670058334312
DS15,mc.svm_OVERT,svm,OVERT,21,0.01893504846466991
DS15,mc.svm_OVERT,svm,OVERT,22,0.016262462366502313
DS15,mc.svm_OVERT,svm,OVERT,23,0.017043260436764466
DS15,mc.svm_OVERT,svm,OVERT,24,0.014187829851480952
DS15,mc.svm_OVERT,svm,OVERT,25,0.017336098625350422
DS15,mc.svm_OVERT,svm,OVERT,26,0.015656124214637215
DS15,mc.svm_OVERT,svm,OVERT,27,0.01383656366821454
DS15,mc.svm_OVERT,svm,OVERT,28,0.013975235080146966
DS15,mc.svm_OVERT,svm,OVERT,29,0.014657809588181633
DS15,mc.svm_OVERT,svm,OVERT,30,0.013707232249111459
DS15,mc.svm_OVERT,svm,OVERT,31,0.01403722049645687
DS15,mc.svm_OVERT,svm,OVERT,32,0.01356784166976104
DS15,mc.svm_OVERT,svm,OVERT,33,0.013712276822800285
DS15,mc.svm_OVERT,svm,OVERT,34,0.013346937045397678
DS15,mc.svm_OVERT,svm,OVERT,35,0.013968235876514194
DS15,mc.svm_OVERT,svm,OVERT,36,0.013807332893214818
DS15,mc.svm_OVERT,svm,OVERT,37,0.013644556799873716
DS15,mc.svm_OVERT,svm,OVERT,38,0.013861416736108698
DS15,mc.svm_OVERT,svm,OVERT,39,0.013853157702417712
DS15,mc.svm_OVERT,svm,OVERT,40,0.013427088478165266
DS15,mc.svm_OVERT,svm,OVERT,41,0.014148239205470148
DS15,mc.svm_OVERT,svm,OVERT,42,0.012788130310468165
DS15,mc.svm_OVERT,svm,OVERT,43,0.01284239537510278
DS15,mc.svm_OVERT,svm,OVERT,44,0.012302955193886115
DS15,mc.svm_OVERT,svm,OVERT,45,0.012449945371004327
DS15,mc.svm_OVERT,svm,OVERT,46,0.012125841840249455
DS15,mc.svm_OVERT,svm,OVERT,47,0.011992588345595526
DS15,mc.svm_OVERT,svm,OVERT,48,0.012507685133119947
DS15,mc.svm_OVERT,svm,OVERT,49,0.012328230936069313
DS15,mc.svm_OVERT,svm,OVERT,50,0.01255471916727637
DS15,mc.svm_SMOTEB,svm,SMOTEB,1,0.023179775510588335
DS15,mc.svm_SMOTEB,svm,SMOTEB,2,0.020758787706030467
DS15,mc.svm_SMOTEB,svm,SMOTEB,3,0.02456715674564359
DS15,mc.svm_SMOTEB,svm,SMOTEB,4,0.024193759216933206
DS15,mc.svm_SMOTEB,svm,SMOTEB,5,0.026720440685889888
DS15,mc.svm_SMOTEB,svm,SMOTEB,6,0.024931332541089316
DS15,mc.svm_SMOTEB,svm,SMOTEB,7,0.020569041595001794
DS15,mc.svm_SMOTEB,svm,SMOTEB,8,0.020222664335612355
DS15,mc.svm_SMOTEB,svm,SMOTEB,9,0.021122524541060714
DS15,mc.svm_SMOTEB,svm,SMOTEB,10,0.021108632263781617
DS15,mc.svm_SMOTEB,svm,SMOTEB,11,0.022319460971471545
DS15,mc.svm_SMOTEB,svm,SMOTEB,12,0.022810274699746197
DS15,mc.svm_SMOTEB,svm,SMOTEB,13,0.022203883211617714
DS15,mc.svm_SMOTEB,svm,SMOTEB,14,0.02379233395079106
DS15,mc.svm_SMOTEB,svm,SMOTEB,15,0.023367259784831847
DS15,mc.svm_SMOTEB,svm,SMOTEB,16,0.022476743547773615
DS15,mc.svm_SMOTEB,svm,SMOTEB,17,0.02239995727647268
DS15,mc.svm_SMOTEB,svm,SMOTEB,18,0.023630900117331453
DS15,mc.svm_SMOTEB,svm,SMOTEB,19,0.02256030679814372
DS15,mc.svm_SMOTEB,svm,SMOTEB,20,0.021292552332956197
DS15,mc.svm_SMOTEB,svm,SMOTEB,21,0.01969843994617969
DS15,mc.svm_SMOTEB,svm,SMOTEB,22,0.020768409375785158
DS15,mc.svm_SMOTEB,svm,SMOTEB,23,0.018589835402823298
DS15,mc.svm_SMOTEB,svm,SMOTEB,24,0.018313471039005384
DS15,mc.svm_SMOTEB,svm,SMOTEB,25,0.023463658110829216
DS15,mc.svm_SMOTEB,svm,SMOTEB,26,0.023702748468299645
DS15,mc.svm_SMOTEB,svm,SMOTEB,27,0.01873784319308399
DS15,mc.svm_SMOTEB,svm,SMOTEB,28,0.017636892533544134
DS15,mc.svm_SMOTEB,svm,SMOTEB,29,0.018262147596092272
DS15,mc.svm_SMOTEB,svm,SMOTEB,30,0.020492727978825103
DS15,mc.svm_SMOTEB,svm,SMOTEB,31,0.017907449208434692
DS15,mc.svm_SMOTEB,svm,SMOTEB,32,0.020261367291867585
DS15,mc.svm_SMOTEB,svm,SMOTEB,33,0.018746949732100223
DS15,mc.svm_SMOTEB,svm,SMOTEB,34,0.020150906482103423
DS15,mc.svm_SMOTEB,svm,SMOTEB,35,0.02071390866236257
DS15,mc.svm_SMOTEB,svm,SMOTEB,36,0.019051744877861505
DS15,mc.svm_SMOTEB,svm,SMOTEB,37,0.018701258207215035
DS15,mc.svm_SMOTEB,svm,SMOTEB,38,0.017884638537707907
DS15,mc.svm_SMOTEB,svm,SMOTEB,39,0.020180275811243566
DS15,mc.svm_SMOTEB,svm,SMOTEB,40,0.01781037074571551
DS15,mc.svm_SMOTEB,svm,SMOTEB,41,0.01860692519387277
DS15,mc.svm_SMOTEB,svm,SMOTEB,42,0.017445095656734633
DS15,mc.svm_SMOTEB,svm,SMOTEB,43,0.014797652435141041
DS15,mc.svm_SMOTEB,svm,SMOTEB,44,0.017214586929341164
DS15,mc.svm_SMOTEB,svm,SMOTEB,45,0.01703957358411309
DS15,mc.svm_SMOTEB,svm,SMOTEB,46,0.016106243611742194
DS15,mc.svm_SMOTEB,svm,SMOTEB,47,0.018635610437644775
DS15,mc.svm_SMOTEB,svm,SMOTEB,48,0.01681456243216169
DS15,mc.svm_SMOTEB,svm,SMOTEB,49,0.01612258912675864
DS15,mc.svm_SMOTEB,svm,SMOTEB,50,0.017609915775922476
DS15,mc.svm_SMOTETPhi,svm,SMOTETPhi,1,0.03081510592712633
DS15,mc.svm_SMOTETPhi,svm,SMOTETPhi,2,0.028553064838898853
DS15,mc.svm_SMOTETPhi,svm,SMOTETPhi,3,0.028500415971418988
DS15,mc.svm_SMOTETPhi,svm,SMOTETPhi,4,0.024480106577455932
DS15,mc.svm_SMOTETPhi,svm,SMOTETPhi,5,0.02894885939368106
DS15,mc.svm_SMOTETPhi,svm,SMOTETPhi,6,0.028934837257017437
DS15,mc.svm_SMOTETPhi,svm,SMOTETPhi,7,0.024838105221985766
DS15,mc.svm_SMOTETPhi,svm,SMOTETPhi,8,0.025435195478628447
DS15,mc.svm_SMOTETPhi,svm,SMOTETPhi,9,0.025465269443611924
DS15,mc.svm_SMOTETPhi,svm,SMOTETPhi,10,0.0240614567369996
DS15,mc.svm_SMOTETPhi,svm,SMOTETPhi,11,0.027026926278000653
DS15,mc.svm_SMOTETPhi,svm,SMOTETPhi,12,0.026564687021576133
DS15,mc.svm_SMOTETPhi,svm,SMOTETPhi,13,0.02565591077794261
DS15,mc.svm_SMOTETPhi,svm,SMOTETPhi,14,0.026179662814054133
DS15,mc.svm_SMOTETPhi,svm,SMOTETPhi,15,0.025473219413707653
DS15,mc.svm_SMOTETPhi,svm,SMOTETPhi,16,0.02656662745604672
DS15,mc.svm_SMOTETPhi,svm,SMOTETPhi,17,0.024888573158891546
DS15,mc.svm_SMOTETPhi,svm,SMOTETPhi,18,0.025144218159441196
DS15,mc.svm_SMOTETPhi,svm,SMOTETPhi,19,0.026790246613772634
DS15,mc.svm_SMOTETPhi,svm,SMOTETPhi,20,0.021265460032004288
DS15,mc.svm_SMOTETPhi,svm,SMOTETPhi,21,0.02243960667986353
DS15,mc.svm_SMOTETPhi,svm,SMOTETPhi,22,0.022015874622377727
DS15,mc.svm_SMOTETPhi,svm,SMOTETPhi,23,0.021818752843522474
DS15,mc.svm_SMOTETPhi,svm,SMOTETPhi,24,0.02168926480216932
DS15,mc.svm_SMOTETPhi,svm,SMOTETPhi,25,0.023611721885005935
DS15,mc.svm_SMOTETPhi,svm,SMOTETPhi,26,0.02377981183830887
DS15,mc.svm_SMOTETPhi,svm,SMOTETPhi,27,0.022051891793925527
DS15,mc.svm_SMOTETPhi,svm,SMOTETPhi,28,0.021666304574911553
DS15,mc.svm_SMOTETPhi,svm,SMOTETPhi,29,0.02295307353161997
DS15,mc.svm_SMOTETPhi,svm,SMOTETPhi,30,0.021383739818427176
DS15,mc.svm_SMOTETPhi,svm,SMOTETPhi,31,0.019600942628053876
DS15,mc.svm_SMOTETPhi,svm,SMOTETPhi,32,0.023033896817433154
DS15,mc.svm_SMOTETPhi,svm,SMOTETPhi,33,0.02365532498865306
DS15,mc.svm_SMOTETPhi,svm,SMOTETPhi,34,0.02269217835474328
DS15,mc.svm_SMOTETPhi,svm,SMOTETPhi,35,0.021153678925591352
DS15,mc.svm_SMOTETPhi,svm,SMOTETPhi,36,0.0200873726254415
DS15,mc.svm_SMOTETPhi,svm,SMOTETPhi,37,0.02244721893970921
DS15,mc.svm_SMOTETPhi,svm,SMOTETPhi,38,0.02168619367321236
DS15,mc.svm_SMOTETPhi,svm,SMOTETPhi,39,0.020523268314621042
DS15,mc.svm_SMOTETPhi,svm,SMOTETPhi,40,0.02297938433124772
DS15,mc.svm_SMOTETPhi,svm,SMOTETPhi,41,0.022546046993312814
DS15,mc.svm_SMOTETPhi,svm,SMOTETPhi,42,0.01759702561651523
DS15,mc.svm_SMOTETPhi,svm,SMOTETPhi,43,0.01859663697040955
DS15,mc.svm_SMOTETPhi,svm,SMOTETPhi,44,0.01938460221173389
DS15,mc.svm_SMOTETPhi,svm,SMOTETPhi,45,0.01691979000167778
DS15,mc.svm_SMOTETPhi,svm,SMOTETPhi,46,0.0170732474498076
DS15,mc.svm_SMOTETPhi,svm,SMOTETPhi,47,0.01533500006737461
DS15,mc.svm_SMOTETPhi,svm,SMOTETPhi,48,0.016410581166949868
DS15,mc.svm_SMOTETPhi,svm,SMOTETPhi,49,0.01764867142200014
DS15,mc.svm_SMOTETPhi,svm,SMOTETPhi,50,0.016124426833411122
DS15,mc.svm_SMOTET,svm,SMOTET,1,0.0261768561748037
DS15,mc.svm_SMOTET,svm,SMOTET,2,0.026557518640318446
DS15,mc.svm_SMOTET,svm,SMOTET,3,0.026195437046063162
DS15,mc.svm_SMOTET,svm,SMOTET,4,0.0270215956097528
DS15,mc.svm_SMOTET,svm,SMOTET,5,0.02803023631151573
DS15,mc.svm_SMOTET,svm,SMOTET,6,0.03067005086549672
DS15,mc.svm_SMOTET,svm,SMOTET,7,0.024430506739236094
DS15,mc.svm_SMOTET,svm,SMOTET,8,0.025614051963624897
DS15,mc.svm_SMOTET,svm,SMOTET,9,0.024205122626838094
DS15,mc.svm_SMOTET,svm,SMOTET,10,0.023473566931235222
DS15,mc.svm_SMOTET,svm,SMOTET,11,0.028163612436442616
DS15,mc.svm_SMOTET,svm,SMOTET,12,0.02541861426705237
DS15,mc.svm_SMOTET,svm,SMOTET,13,0.025060389358295236
DS15,mc.svm_SMOTET,svm,SMOTET,14,0.025884080998144977
DS15,mc.svm_SMOTET,svm,SMOTET,15,0.02664099849826195
DS15,mc.svm_SMOTET,svm,SMOTET,16,0.026612633283171722
DS15,mc.svm_SMOTET,svm,SMOTET,17,0.026716989944491183
DS15,mc.svm_SMOTET,svm,SMOTET,18,0.026179147207911094
DS15,mc.svm_SMOTET,svm,SMOTET,19,0.024677602481824604
DS15,mc.svm_SMOTET,svm,SMOTET,20,0.025198483091938808
DS15,mc.svm_SMOTET,svm,SMOTET,21,0.022805756172390494
DS15,mc.svm_SMOTET,svm,SMOTET,22,0.02134009082916598
DS15,mc.svm_SMOTET,svm,SMOTET,23,0.022445647974805222
DS15,mc.svm_SMOTET,svm,SMOTET,24,0.021064127925784215
DS15,mc.svm_SMOTET,svm,SMOTET,25,0.02289902576579483
DS15,mc.svm_SMOTET,svm,SMOTET,26,0.02665066797871552
DS15,mc.svm_SMOTET,svm,SMOTET,27,0.022315594601130775
DS15,mc.svm_SMOTET,svm,SMOTET,28,0.021677722552271596
DS15,mc.svm_SMOTET,svm,SMOTET,29,0.02289651814509288
DS15,mc.svm_SMOTET,svm,SMOTET,30,0.016503517520735332
DS15,mc.svm_SMOTET,svm,SMOTET,31,0.01745190475428381
DS15,mc.svm_SMOTET,svm,SMOTET,32,0.020910701270321796
DS15,mc.svm_SMOTET,svm,SMOTET,33,0.018435322584353434
DS15,mc.svm_SMOTET,svm,SMOTET,34,0.020870706974676124
DS15,mc.svm_SMOTET,svm,SMOTET,35,0.02039401412097329
DS15,mc.svm_SMOTET,svm,SMOTET,36,0.01591701097051962
DS15,mc.svm_SMOTET,svm,SMOTET,37,0.017985111211205856
DS15,mc.svm_SMOTET,svm,SMOTET,38,0.01918972776328438
DS15,mc.svm_SMOTET,svm,SMOTET,39,0.018545471618792855
DS15,mc.svm_SMOTET,svm,SMOTET,40,0.019464051581385176
DS15,mc.svm_SMOTET,svm,SMOTET,41,0.021053729750713734
DS15,mc.svm_SMOTET,svm,SMOTET,42,0.016165820958951995
DS15,mc.svm_SMOTET,svm,SMOTET,43,0.015672654627985696
DS15,mc.svm_SMOTET,svm,SMOTET,44,0.014411820989662595
DS15,mc.svm_SMOTET,svm,SMOTET,45,0.015235232081455021
DS15,mc.svm_SMOTET,svm,SMOTET,46,0.015878912367816463
DS15,mc.svm_SMOTET,svm,SMOTET,47,0.015190982856445105
DS15,mc.svm_SMOTET,svm,SMOTET,48,0.015395795768613333
DS15,mc.svm_SMOTET,svm,SMOTET,49,0.015545617158074856
DS15,mc.svm_SMOTET,svm,SMOTET,50,0.014179211529373603
DS15,mc.svm_UNDERB,svm,UNDERB,1,0.02234174317976111
DS15,mc.svm_UNDERB,svm,UNDERB,2,0.01820397033949275
DS15,mc.svm_UNDERB,svm,UNDERB,3,0.018826353094265023
DS15,mc.svm_UNDERB,svm,UNDERB,4,0.0178188812322573
DS15,mc.svm_UNDERB,svm,UNDERB,5,0.021128715433440026
DS15,mc.svm_UNDERB,svm,UNDERB,6,0.02242368507889324
DS15,mc.svm_UNDERB,svm,UNDERB,7,0.01788379221145956
DS15,mc.svm_UNDERB,svm,UNDERB,8,0.020619109648519048
DS15,mc.svm_UNDERB,svm,UNDERB,9,0.019134404713043354
DS15,mc.svm_UNDERB,svm,UNDERB,10,0.01777606535980281
DS15,mc.svm_UNDERB,svm,UNDERB,11,0.020444195772685633
DS15,mc.svm_UNDERB,svm,UNDERB,12,0.017286303576209267
DS15,mc.svm_UNDERB,svm,UNDERB,13,0.02167075144870039
DS15,mc.svm_UNDERB,svm,UNDERB,14,0.0195487332536762
DS15,mc.svm_UNDERB,svm,UNDERB,15,0.022931639643701474
DS15,mc.svm_UNDERB,svm,UNDERB,16,0.01991062662154472
DS15,mc.svm_UNDERB,svm,UNDERB,17,0.0195598980499683
DS15,mc.svm_UNDERB,svm,UNDERB,18,0.019968757895902262
DS15,mc.svm_UNDERB,svm,UNDERB,19,0.023376917160684598
DS15,mc.svm_UNDERB,svm,UNDERB,20,0.019025316871710225
DS15,mc.svm_UNDERB,svm,UNDERB,21,0.020860758210602716
DS15,mc.svm_UNDERB,svm,UNDERB,22,0.02051581536879318
DS15,mc.svm_UNDERB,svm,UNDERB,23,0.016248510748012503
DS15,mc.svm_UNDERB,svm,UNDERB,24,0.016347027242015862
DS15,mc.svm_UNDERB,svm,UNDERB,25,0.016843590256874826
DS15,mc.svm_UNDERB,svm,UNDERB,26,0.018902027010498097
DS15,mc.svm_UNDERB,svm,UNDERB,27,0.017557241577320287
DS15,mc.svm_UNDERB,svm,UNDERB,28,0.015445960940383634
DS15,mc.svm_UNDERB,svm,UNDERB,29,0.016732829581745837
DS15,mc.svm_UNDERB,svm,UNDERB,30,0.016180424278951177
DS15,mc.svm_UNDERB,svm,UNDERB,31,0.013548619323456112
DS15,mc.svm_UNDERB,svm,UNDERB,32,0.016008194297227
DS15,mc.svm_UNDERB,svm,UNDERB,33,0.016852376337798194
DS15,mc.svm_UNDERB,svm,UNDERB,34,0.012788803576862153
DS15,mc.svm_UNDERB,svm,UNDERB,35,0.015713120818022508
DS15,mc.svm_UNDERB,svm,UNDERB,36,0.014277626893019585
DS15,mc.svm_UNDERB,svm,UNDERB,37,0.016092252806849904
DS15,mc.svm_UNDERB,svm,UNDERB,38,0.013504624335644784
DS15,mc.svm_UNDERB,svm,UNDERB,39,0.015440894460116582
DS15,mc.svm_UNDERB,svm,UNDERB,40,0.013166140517460852
DS15,mc.svm_UNDERB,svm,UNDERB,41,0.02025766073238809
DS15,mc.svm_UNDERB,svm,UNDERB,42,0.014567767203779567
DS15,mc.svm_UNDERB,svm,UNDERB,43,0.01153828820235145
DS15,mc.svm_UNDERB,svm,UNDERB,44,0.01403694438039155
DS15,mc.svm_UNDERB,svm,UNDERB,45,0.012761524814411885
DS15,mc.svm_UNDERB,svm,UNDERB,46,0.012915472288087796
DS15,mc.svm_UNDERB,svm,UNDERB,47,0.014211762378295781
DS15,mc.svm_UNDERB,svm,UNDERB,48,0.014509456808326122
DS15,mc.svm_UNDERB,svm,UNDERB,49,0.014720656751645595
DS15,mc.svm_UNDERB,svm,UNDERB,50,0.012485610316859266
DS15,mc.svm_UNDERTPhi,svm,UNDERTPhi,1,0.025783993686879
DS15,mc.svm_UNDERTPhi,svm,UNDERTPhi,2,0.024823493839641133
DS15,mc.svm_UNDERTPhi,svm,UNDERTPhi,3,0.026772638345508467
DS15,mc.svm_UNDERTPhi,svm,UNDERTPhi,4,0.02634992712304466
DS15,mc.svm_UNDERTPhi,svm,UNDERTPhi,5,0.019442717167553365
DS15,mc.svm_UNDERTPhi,svm,UNDERTPhi,6,0.022806334350586214
DS15,mc.svm_UNDERTPhi,svm,UNDERTPhi,7,0.017557918239534284
DS15,mc.svm_UNDERTPhi,svm,UNDERTPhi,8,0.022312198358147572
DS15,mc.svm_UNDERTPhi,svm,UNDERTPhi,9,0.020044498508611973
DS15,mc.svm_UNDERTPhi,svm,UNDERTPhi,10,0.019312416571415896
DS15,mc.svm_UNDERTPhi,svm,UNDERTPhi,11,0.019912158468637715
DS15,mc.svm_UNDERTPhi,svm,UNDERTPhi,12,0.021698958921225336
DS15,mc.svm_UNDERTPhi,svm,UNDERTPhi,13,0.025162377328278213
DS15,mc.svm_UNDERTPhi,svm,UNDERTPhi,14,0.02214406435750526
DS15,mc.svm_UNDERTPhi,svm,UNDERTPhi,15,0.02335814655631836
DS15,mc.svm_UNDERTPhi,svm,UNDERTPhi,16,0.019046414798723474
DS15,mc.svm_UNDERTPhi,svm,UNDERTPhi,17,0.022830230583786065
DS15,mc.svm_UNDERTPhi,svm,UNDERTPhi,18,0.020234596533721446
DS15,mc.svm_UNDERTPhi,svm,UNDERTPhi,19,0.019237878944054522
DS15,mc.svm_UNDERTPhi,svm,UNDERTPhi,20,0.0222882454374907
DS15,mc.svm_UNDERTPhi,svm,UNDERTPhi,21,0.020244988074264007
DS15,mc.svm_UNDERTPhi,svm,UNDERTPhi,22,0.022718786002344258
DS15,mc.svm_UNDERTPhi,svm,UNDERTPhi,23,0.01936594312754802
DS15,mc.svm_UNDERTPhi,svm,UNDERTPhi,24,0.018242166341299503
DS15,mc.svm_UNDERTPhi,svm,UNDERTPhi,25,0.016255494403753245
DS15,mc.svm_UNDERTPhi,svm,UNDERTPhi,26,0.01971740615362517
DS15,mc.svm_UNDERTPhi,svm,UNDERTPhi,27,0.01707387991487619
DS15,mc.svm_UNDERTPhi,svm,UNDERTPhi,28,0.020988944775096594
DS15,mc.svm_UNDERTPhi,svm,UNDERTPhi,29,0.021080059801631044
DS15,mc.svm_UNDERTPhi,svm,UNDERTPhi,30,0.01622267192870778
DS15,mc.svm_UNDERTPhi,svm,UNDERTPhi,31,0.014857792883922015
DS15,mc.svm_UNDERTPhi,svm,UNDERTPhi,32,0.015750107038230852
DS15,mc.svm_UNDERTPhi,svm,UNDERTPhi,33,0.01800853901642527
DS15,mc.svm_UNDERTPhi,svm,UNDERTPhi,34,0.01602277583677824
DS15,mc.svm_UNDERTPhi,svm,UNDERTPhi,35,0.013708799059755921
DS15,mc.svm_UNDERTPhi,svm,UNDERTPhi,36,0.01596505270785012
DS15,mc.svm_UNDERTPhi,svm,UNDERTPhi,37,0.016325707433921914
DS15,mc.svm_UNDERTPhi,svm,UNDERTPhi,38,0.024009745186098365
DS15,mc.svm_UNDERTPhi,svm,UNDERTPhi,39,0.018001342260234948
DS15,mc.svm_UNDERTPhi,svm,UNDERTPhi,40,0.015786096096373957
DS15,mc.svm_UNDERTPhi,svm,UNDERTPhi,41,0.01552548433715411
DS15,mc.svm_UNDERTPhi,svm,UNDERTPhi,42,0.017395859544746733
DS15,mc.svm_UNDERTPhi,svm,UNDERTPhi,43,0.014337107288354883
DS15,mc.svm_UNDERTPhi,svm,UNDERTPhi,44,0.017045886862838144
DS15,mc.svm_UNDERTPhi,svm,UNDERTPhi,45,0.015379140381954755
DS15,mc.svm_UNDERTPhi,svm,UNDERTPhi,46,0.01808256356132378
DS15,mc.svm_UNDERTPhi,svm,UNDERTPhi,47,0.016232347913131676
DS15,mc.svm_UNDERTPhi,svm,UNDERTPhi,48,0.01939593686055963
DS15,mc.svm_UNDERTPhi,svm,UNDERTPhi,49,0.020972457899380122
DS15,mc.svm_UNDERTPhi,svm,UNDERTPhi,50,0.01741107207361522
DS15,mc.svm_UNDERT,svm,UNDERT,1,0.023757816688652605
DS15,mc.svm_UNDERT,svm,UNDERT,2,0.022403782685072524
DS15,mc.svm_UNDERT,svm,UNDERT,3,0.021909593331499968
DS15,mc.svm_UNDERT,svm,UNDERT,4,0.020319424967522877
DS15,mc.svm_UNDERT,svm,UNDERT,5,0.021515449347809593
DS15,mc.svm_UNDERT,svm,UNDERT,6,0.02413853002502395
DS15,mc.svm_UNDERT,svm,UNDERT,7,0.016477459791837658
DS15,mc.svm_UNDERT,svm,UNDERT,8,0.02098158032094006
DS15,mc.svm_UNDERT,svm,UNDERT,9,0.019500431684248015
DS15,mc.svm_UNDERT,svm,UNDERT,10,0.01913213315307486
DS15,mc.svm_UNDERT,svm,UNDERT,11,0.021878664453390182
DS15,mc.svm_UNDERT,svm,UNDERT,12,0.020603499943810076
DS15,mc.svm_UNDERT,svm,UNDERT,13,0.022382308490812033
DS15,mc.svm_UNDERT,svm,UNDERT,14,0.020335092846371045
DS15,mc.svm_UNDERT,svm,UNDERT,15,0.022555118706321257
DS15,mc.svm_UNDERT,svm,UNDERT,16,0.020581318207797968
DS15,mc.svm_UNDERT,svm,UNDERT,17,0.0241714831889855
DS15,mc.svm_UNDERT,svm,UNDERT,18,0.019501827676741985
DS15,mc.svm_UNDERT,svm,UNDERT,19,0.022578975960243757
DS15,mc.svm_UNDERT,svm,UNDERT,20,0.020192985106620494
DS15,mc.svm_UNDERT,svm,UNDERT,21,0.019678663071687256
DS15,mc.svm_UNDERT,svm,UNDERT,22,0.019298951690460517
DS15,mc.svm_UNDERT,svm,UNDERT,23,0.017573813503780893
DS15,mc.svm_UNDERT,svm,UNDERT,24,0.018558930120970464
DS15,mc.svm_UNDERT,svm,UNDERT,25,0.017383660598116617
DS15,mc.svm_UNDERT,svm,UNDERT,26,0.018457580574274258
DS15,mc.svm_UNDERT,svm,UNDERT,27,0.01780549375048997
DS15,mc.svm_UNDERT,svm,UNDERT,28,0.01758260584512909
DS15,mc.svm_UNDERT,svm,UNDERT,29,0.018385256186372514
DS15,mc.svm_UNDERT,svm,UNDERT,30,0.015172097756669079
DS15,mc.svm_UNDERT,svm,UNDERT,31,0.014420338865188294
DS15,mc.svm_UNDERT,svm,UNDERT,32,0.015206451362888186
DS15,mc.svm_UNDERT,svm,UNDERT,33,0.015741324010053955
DS15,mc.svm_UNDERT,svm,UNDERT,34,0.016583868954456047
DS15,mc.svm_UNDERT,svm,UNDERT,35,0.01319249716955455
DS15,mc.svm_UNDERT,svm,UNDERT,36,0.012965817974165978
DS15,mc.svm_UNDERT,svm,UNDERT,37,0.014413939889893817
DS15,mc.svm_UNDERT,svm,UNDERT,38,0.014727650343750794
DS15,mc.svm_UNDERT,svm,UNDERT,39,0.014706960968103746
DS15,mc.svm_UNDERT,svm,UNDERT,40,0.01647208587996387
DS15,mc.svm_UNDERT,svm,UNDERT,41,0.013333337805186427
DS15,mc.svm_UNDERT,svm,UNDERT,42,0.016273762864486247
DS15,mc.svm_UNDERT,svm,UNDERT,43,0.014562098547657382
DS15,mc.svm_UNDERT,svm,UNDERT,44,0.012465550219816938
DS15,mc.svm_UNDERT,svm,UNDERT,45,0.014661924672366605
DS15,mc.svm_UNDERT,svm,UNDERT,46,0.015595778939917785
DS15,mc.svm_UNDERT,svm,UNDERT,47,0.011341264035781522
DS15,mc.svm_UNDERT,svm,UNDERT,48,0.01310064260624207
DS15,mc.svm_UNDERT,svm,UNDERT,49,0.015655033240843774
DS15,mc.svm_UNDERT,svm,UNDERT,50,0.013875573058128126
DS15,mc.svm,svm,baseline,1,0.013818333503143319
DS15,mc.svm,svm,baseline,2,0.013764070911147772
DS15,mc.svm,svm,baseline,3,0.013646362567055856
DS15,mc.svm,svm,baseline,4,0.01386185677796574
DS15,mc.svm,svm,baseline,5,0.013853134792155065
DS15,mc.svm,svm,baseline,6,0.013944856499475132
DS15,mc.svm,svm,baseline,7,0.013949115006618175
DS15,mc.svm,svm,baseline,8,0.013813938025541277
DS15,mc.svm,svm,baseline,9,0.013798536114906267
DS15,mc.svm,svm,baseline,10,0.013851176209393131
DS15,mc.svm,svm,baseline,11,0.013948199612924173
DS15,mc.svm,svm,baseline,12,0.014023954299723935
DS15,mc.svm,svm,baseline,13,0.014029641875913264
DS15,mc.svm,svm,baseline,14,0.013956444906383876
DS15,mc.svm,svm,baseline,15,0.014040069471554497
DS15,mc.svm,svm,baseline,16,0.013958308547512841
DS15,mc.svm,svm,baseline,17,0.013920889961854565
DS15,mc.svm,svm,baseline,18,0.013915025017393945
DS15,mc.svm,svm,baseline,19,0.013790160720566212
DS15,mc.svm,svm,baseline,20,0.013660185114000956
DS15,mc.svm,svm,baseline,21,0.013647041734491303
DS15,mc.svm,svm,baseline,22,0.013048927662336281
DS15,mc.svm,svm,baseline,23,0.012928745916113305
DS15,mc.svm,svm,baseline,24,0.01284868595678884
DS15,mc.svm,svm,baseline,25,0.011882020002743429
DS15,mc.svm,svm,baseline,26,0.011711268116806454
DS15,mc.svm,svm,baseline,27,0.010824015609739678
DS15,mc.svm,svm,baseline,28,0.010756094982914766
DS15,mc.svm,svm,baseline,29,0.01075859787058206
DS15,mc.svm,svm,baseline,30,0.010485844229067972
DS15,mc.svm,svm,baseline,31,0.010447776632802781
DS15,mc.svm,svm,baseline,32,0.010297937720660238
DS15,mc.svm,svm,baseline,33,0.010266342132320956
DS15,mc.svm,svm,baseline,34,0.010062036153603307
DS15,mc.svm,svm,baseline,35,0.010120840859771602
DS15,mc.svm,svm,baseline,36,0.010092951872133972
DS15,mc.svm,svm,baseline,37,0.010110707908231894
DS15,mc.svm,svm,baseline,38,0.010213718664998206
DS15,mc.svm,svm,baseline,39,0.010211441407120025
DS15,mc.svm,svm,baseline,40,0.010102558883691637
DS15,mc.svm,svm,baseline,41,0.01013497525605988
DS15,mc.svm,svm,baseline,42,0.009641278924727409
DS15,mc.svm,svm,baseline,43,0.009646144381594841
DS15,mc.svm,svm,baseline,44,0.009595111925219897
DS15,mc.svm,svm,baseline,45,0.009600226433822495
DS15,mc.svm,svm,baseline,46,0.009525288829259054
DS15,mc.svm,svm,baseline,47,0.009559577652778298
DS15,mc.svm,svm,baseline,48,0.009277034173034425
DS15,mc.svm,svm,baseline,49,0.00932336884210318
DS15,mc.svm,svm,baseline,50,0.009247885768546663
