dataset_id,workflow,model_family,strategy,iteration,rmse
DS16,mc.BDES,BDES,baseline,1,0.012753015591635625
DS16,mc.BDES,BDES,baseline,2,0.012668227504072163
DS16,mc.BDES,BDES,baseline,3,0.012881010092285178
DS16,mc.BDES,BDES,baseline,4,0.012888522014949224
DS16,mc.BDES,BDES,baseline,5,0.01281411216281148
DS16,mc.BDES,BDES,baseline,6,0.01291791176455317
DS16,mc.BDES,BDES,baseline,7,0.012889682308075611
DS16,mc.BDES,BDES,baseline,8,0.013027918852112541
DS16,mc.BDES,BDES,baseline,9,0.013180856425087168
DS16,mc.BDES,BDES,baseline,10,0.013157266944482628
DS16,mc.BDES,BDES,baseline,11,0.013058711624359516
DS16,mc.BDES,BDES,baseline,12,0.012982857807539864
DS16,mc.BDES,BDES,baseline,13,0.013046823890773801
DS16,mc.BDES,BDES,baseline,14,0.01306445807132983
DS16,mc.BDES,BDES,baseline,15,0.013045346494999025
DS16,mc.BDES,BDES,baseline,16,0.013039174636828845
DS16,mc.BDES,BDES,baseline,17,0.013051806898275876
DS16,mc.BDES,BDES,baseline,18,0.013032533041786755
DS16,mc.BDES,BDES,baseline,19,0.013021535135218311
DS16,mc.BDES,BDES,baseline,20,0.013023424648762183
DS16,mc.BDES,BDES,baseline,21,0.012894871722643555
DS16,mc.BDES,BDES,baseline,22,0.012726804544676763
DS16,mc.BDES,BDES,baseline,23,0.012464599258640489
DS16,mc.BDES,BDES,baseline,24,0.012362206585127308
DS16,mc.BDES,BDES,baseline,25,0.011543974677386055
DS16,mc.BDES,BDES,baseline,26,0.011485912647879652
DS16,mc.BDES,BDES,baseline,27,0.01105107351137539
DS16,mc.BDES,BDES,baseline,28,0.011045241582165619
DS16,mc.BDES,BDES,baseline,29,0.01075152727743179
DS16,mc.BDES,BDES,baseline,30,0.010378966847574528
DS16,mc.BDES,BDES,baseline,31,0.010301257946827456
DS16,mc.BDES,BDES,baseline,32,0.01023844580673797
DS16,mc.BDES,BDES,baseline,33,0.010168198565403701
DS16,mc.BDES,BDES,baseline,34,0.010115013157231529
DS16,mc.BDES,BDES,baseline,35,0.010024592284108796
DS16,mc.BDES,BDES,baseline,36,0.00999686514991738
DS16,mc.BDES,BDES,baseline,37,0.010028188197342119
DS16,mc.BDES,BDES,baseline,38,0.010266020621729825
DS16,mc.BDES,BDES,baseline,39,0.01008590929424905
DS16,mc.BDES,BDES,baseline,40,0.01007552099041544
DS16,mc.BDES,BDES,baseline,41,0.010081149883975012
DS16,mc.BDES,BDES,baseline,42,0.009265394712246574
DS16,mc.BDES,BDES,baseline,43,0.009316473434761533
DS16,mc.BDES,BDES,baseline,44,0.00925669451307225
DS16,mc.BDES,BDES,baseline,45,0.0093063030481832
DS16,mc.BDES,BDES,baseline,46,0.009148801856691577
DS16,mc.BDES,BDES,baseline,47,0.009243317456550442
DS16,mc.BDES,BDES,baseline,48,0.009046562618748052
DS16,mc.BDES,BDES,baseline,49,0.009050615797440554
DS16,mc.BDES,BDES,baseline,50,0.009034770361676542
DS16,mc.arima,arima,baseline,1,0.012725610429419925
DS16,mc.arima,arima,baseline,2,0.012593040199240286
DS16,mc.arima,arima,baseline,3,0.012705905238755436
DS16,mc.arima,arima,baseline,4,0.012699161528357275
DS16,mc.arima,arima,baseline,5,0.013392513313431293
DS16,mc.arima,arima,baseline,6,0.012740029826382773
DS16,mc.arima,arima,baseline,7,0.012844118171701597
DS16,mc.arima,arima,baseline,8,0.01322835611035401
DS16,mc.arima,arima,baseline,9,0.01313628873311642
DS16,mc.arima,arima,baseline,10,0.01388567152273766
DS16,mc.arima,arima,baseline,11,0.01332015607869509
DS16,mc.arima,arima,baseline,12,0.013306244883565101
DS16,mc.arima,arima,baseline,13,0.013306692731988826
DS16,mc.arima,arima,baseline,14,0.013298680993339205
DS16,mc.arima,arima,baseline,15,0.013303926959726506
DS16,mc.arima,arima,baseline,16,0.013291972841840935
DS16,mc.arima,arima,baseline,17,0.013287172328937884
DS16,mc.arima,arima,baseline,18,0.013850579485683169
DS16,mc.arima,arima,baseline,19,0.013491969081439558
DS16,mc.arima,arima,baseline,20,0.013292480452207727
DS16,mc.arima,arima,baseline,21,0.01324384433715931
DS16,mc.arima,arima,baseline,22,0.013036222503459781
DS16,mc.arima,arima,baseline,23,0.01271838586756516
DS16,mc.arima,arima,baseline,24,0.012664102080084757
DS16,mc.arima,arima,baseline,25,0.012022388866960707
DS16,mc.arima,arima,baseline,26,0.01201335371239969
DS16,mc.arima,arima,baseline,27,0.011391250347771966
DS16,mc.arima,arima,baseline,28,0.011181657307639549
DS16,mc.arima,arima,baseline,29,0.011052813530550907
DS16,mc.arima,arima,baseline,30,0.012521037596346743
DS16,mc.arima,arima,baseline,31,0.010700204977631732
DS16,mc.arima,arima,baseline,32,0.010705101144622389
DS16,mc.arima,arima,baseline,33,0.010562884826974173
DS16,mc.arima,arima,baseline,34,0.010539361845085549
DS16,mc.arima,arima,baseline,35,0.010499105683472922
DS16,mc.arima,arima,baseline,36,0.010480710312753485
DS16,mc.arima,arima,baseline,37,0.010472016275821568
DS16,mc.arima,arima,baseline,38,0.010788892531041093
DS16,mc.arima,arima,baseline,39,0.010540581860065531
DS16,mc.arima,arima,baseline,40,0.010565874510590283
DS16,mc.arima,arima,baseline,41,0.010432767651898716
DS16,mc.arima,arima,baseline,42,0.009670448399178222
DS16,mc.arima,arima,baseline,43,0.009668341872875474
DS16,mc.arima,arima,baseline,44,0.009477328404849085
DS16,mc.arima,arima,baseline,45,0.009504660792267383
DS16,mc.arima,arima,baseline,46,0.009483657382683563
DS16,mc.arima,arima,baseline,47,0.009668656746665664
DS16,mc.arima,arima,baseline,48,0.009466134773265484
DS16,mc.arima,arima,baseline,49,0.009479235965014945
DS16,mc.arima,arima,baseline,50,0.010033877759621723
DS16,mc.lm_OVERB,lm,OVERB,1,0.01636329849106131
DS16,mc.lm_OVERB,lm,OVERB,2,0.015955445084868274
DS16,mc.lm_OVERB,lm,OVERB,3,0.015903310784155224
DS16,mc.lm_OVERB,lm,OVERB,4,0.015706583338913435
DS16,mc.lm_OVERB,lm,OVERB,5,0.016421195982356494
DS16,mc.lm_OVERB,lm,OVERB,6,0.017446263176254178
DS16,mc.lm_OVERB,lm,OVERB,7,0.01751255951243209
DS16,mc.lm_OVERB,lm,OVERB,8,0.018087103794249593
DS16,mc.lm_OVERB,lm,OVERB,9,0.017605404199596296
DS16,mc.lm_OVERB,lm,OVERB,10,0.018059920858272644
DS16,mc.lm_OVERB,lm,OVERB,11,0.01869070384603863
DS16,mc.lm_OVERB,lm,OVERB,12,0.01812266391322439
DS16,mc.lm_OVERB,lm,OVERB,13,0.018642181073004853
DS16,mc.lm_OVERB,lm,OVERB,14,0.019586123513789244
DS16,mc.lm_OVERB,lm,OVERB,15,0.01981395375571029
DS16,mc.lm_OVERB,lm,OVERB,16,0.01799703861934558
DS16,mc.lm_OVERB,lm,OVERB,17,0.017801166623502014
DS16,mc.lm_OVERB,lm,OVERB,18,0.01759848466432948
DS16,mc.lm_OVERB,lm,OVERB,19,0.018809515120459804
DS16,mc.lm_OVERB,lm,OVERB,20,0.01812930596126593
DS16,mc.lm_OVERB,lm,OVERB,21,0.018624696230070126
DS16,mc.lm_OVERB,lm,OVERB,22,0.01791079513136543
DS16,mc.lm_OVERB,lm,OVERB,23,0.01818255994641673
DS16,mc.lm_OVERB,lm,OVERB,24,0.017356293095203385
DS16,mc.lm_OVERB,lm,OVERB,25,0.01904010459924606
DS16,mc.lm_OVERB,lm,OVERB,26,0.01801354140018206
DS16,mc.lm_OVERB,lm,OVERB,27,0.016095449324259974
DS16,mc.lm_OVERB,lm,OVERB,28,0.016729291358452473
DS16,mc.lm_OVERB,lm,OVERB,29,0.015937937643006616
DS16,mc.lm_OVERB,lm,OVERB,30,0.015374077680874332
DS16,mc.lm_OVERB,lm,OVERB,31,0.015508566299841677
DS16,mc.lm_OVERB,lm,OVERB,32,0.015484165440035435
DS16,mc.lm_OVERB,lm,OVERB,33,0.015499352792943623
DS16,mc.lm_OVERB,lm,OVERB,34,0.015560341519839479
DS16,mc.lm_OVERB,lm,OVERB,35,0.015838617445845637
DS16,mc.lm_OVERB,lm,OVERB,36,0.01560620680285918
DS16,mc.lm_OVERB,lm,OVERB,37,0.014759554451854874
DS16,mc.lm_OVERB,lm,OVERB,38,0.01590789789978513
DS16,mc.lm_OVERB,lm,OVERB,39,0.015876235209765974
DS16,mc.lm_OVERB,lm,OVERB,40,0.015481971305277812
DS16,mc.lm_OVERB,lm,OVERB,41,0.0156596680365442
DS16,mc.lm_OVERB,lm,OVERB,42,0.015214199616072075
DS16,mc.lm_OVERB,lm,OVERB,43,0.01467704410939951
DS16,mc.lm_OVERB,lm,OVERB,44,0.014504498603087937
DS16,mc.lm_OVERB,lm,OVERB,45,0.014512504754964727
DS16,mc.lm_OVERB,lm,OVERB,46,0.014515817727923964
DS16,mc.lm_OVERB,lm,OVERB,47,0.014459981115540688
DS16,mc.lm_OVERB,lm,OVERB,48,0.014329598493843753
DS16,mc.lm_OVERB,lm,OVERB,49,0.014662599571469788
DS16,mc.lm_OVERB,lm,OVERB,50,0.015044971632271585
DS16,mc.lm_OVERTPhi,lm,OVERTPhi,1,0.016925223479707666
DS16,mc.lm_OVERTPhi,lm,OVERTPhi,2,0.01650760542312634
DS16,mc.lm_OVERTPhi,lm,OVERTPhi,3,0.0164759710865503
DS16,mc.lm_OVERTPhi,lm,OVERTPhi,4,0.01626342921756984
DS16,mc.lm_OVERTPhi,lm,OVERTPhi,5,0.01681865865787354
DS16,mc.lm_OVERTPhi,lm,OVERTPhi,6,0.016733559692523874
DS16,mc.lm_OVERTPhi,lm,OVERTPhi,7,0.01772557528774062
DS16,mc.lm_OVERTPhi,lm,OVERTPhi,8,0.01823940738978752
DS16,mc.lm_OVERTPhi,lm,OVERTPhi,9,0.01803713554817476
DS16,mc.lm_OVERTPhi,lm,OVERTPhi,10,0.018572377448072417
DS16,mc.lm_OVERTPhi,lm,OVERTPhi,11,0.02001319898584127
DS16,mc.lm_OVERTPhi,lm,OVERTPhi,12,0.019592013650457315
DS16,mc.lm_OVERTPhi,lm,OVERTPhi,13,0.020405893573725187
DS16,mc.lm_OVERTPhi,lm,OVERTPhi,14,0.02015482789893187
DS16,mc.lm_OVERTPhi,lm,OVERTPhi,15,0.02068337641462056
DS16,mc.lm_OVERTPhi,lm,OVERTPhi,16,0.018531237355709933
DS16,mc.lm_OVERTPhi,lm,OVERTPhi,17,0.018387681941819393
DS16,mc.lm_OVERTPhi,lm,OVERTPhi,18,0.019104894882404754
DS16,mc.lm_OVERTPhi,lm,OVERTPhi,19,0.019268569558891606
DS16,mc.lm_OVERTPhi,lm,OVERTPhi,20,0.01880574073055535
DS16,mc.lm_OVERTPhi,lm,OVERTPhi,21,0.018955913191970264
DS16,mc.lm_OVERTPhi,lm,OVERTPhi,22,0.017795658145336263
DS16,mc.lm_OVERTPhi,lm,OVERTPhi,23,0.017625273072014502
DS16,mc.lm_OVERTPhi,lm,OVERTPhi,24,0.017406687992807576
DS16,mc.lm_OVERTPhi,lm,OVERTPhi,25,0.020128328759071126
DS16,mc.lm_OVERTPhi,lm,OVERTPhi,26,0.01855114011813291
DS16,mc.lm_OVERTPhi,lm,OVERTPhi,27,0.017320830222136357
DS16,mc.lm_OVERTPhi,lm,OVERTPhi,28,0.01703319260454797
DS16,mc.lm_OVERTPhi,lm,OVERTPhi,29,0.01733588443229667
DS16,mc.lm_OVERTPhi,lm,OVERTPhi,30,0.016414447620807477
DS16,mc.lm_OVERTPhi,lm,OVERTPhi,31,0.01632099583985342
DS16,mc.lm_OVERTPhi,lm,OVERTPhi,32,0.016844573042724097
DS16,mc.lm_OVERTPhi,lm,OVERTPhi,33,0.01639282077686709
DS16,mc.lm_OVERTPhi,lm,OVERTPhi,34,0.01640085038210881
DS16,mc.lm_OVERTPhi,lm,OVERTPhi,35,0.016437813749707767
DS16,mc.lm_OVERTPhi,lm,OVERTPhi,36,0.016774843221429695
DS16,mc.lm_OVERTPhi,lm,OVERTPhi,37,0.01636666561876807
DS16,mc.lm_OVERTPhi,lm,OVERTPhi,38,0.016192421972668323
DS16,mc.lm_OVERTPhi,lm,OVERTPhi,39,0.017011412273401427
DS16,mc.lm_OVERTPhi,lm,OVERTPhi,40,0.0170352216157311
DS16,mc.lm_OVERTPhi,lm,OVERTPhi,41,0.017109996714096524
DS16,mc.lm_OVERTPhi,lm,OVERTPhi,42,0.015436960512210204
DS16,mc.lm_OVERTPhi,lm,OVERTPhi,43,0.015446777302199594
DS16,mc.lm_OVERTPhi,lm,OVERTPhi,44,0.01502439944450309
DS16,mc.lm_OVERTPhi,lm,OVERTPhi,45,0.015104585629499368
DS16,mc.lm_OVERTPhi,lm,OVERTPhi,46,0.014981868547325056
DS16,mc.lm_OVERTPhi,lm,OVERTPhi,47,0.015187496427971561
DS16,mc.lm_OVERTPhi,lm,OVERTPhi,48,0.015253459650045523
DS16,mc.lm_OVERTPhi,lm,OVERTPhi,49,0.015175652272552234
DS16,mc.lm_OVERTPhi,lm,OVERTPhi,50,0.01566547415765154
DS16,mc.lm_OVERT,lm,OVERT,1,0.01669940639429855
DS16,mc.lm_OVERT,lm,OVERT,2,0.016408250745723524
DS16,mc.lm_OVERT,lm,OVERT,3,0.016410325751660938
DS16,mc.lm_OVERT,lm,OVERT,4,0.016235081263515496
DS16,mc.lm_OVERT,lm,OVERT,5,0.01673044663301701
DS16,mc.lm_OVERT,lm,OVERT,6,0.01665127193049298
DS16,mc.lm_OVERT,lm,OVERT,7,0.01777279215091638
DS16,mc.lm_OVERT,lm,OVERT,8,0.018190370514571404
DS16,mc.lm_OVERT,lm,OVERT,9,0.017988563171235466
DS16,mc.lm_OVERT,lm,OVERT,10,0.018569709090066003
DS16,mc.lm_OVERT,lm,OVERT,11,0.02000287323350356
DS16,mc.lm_OVERT,lm,OVERT,12,0.019531211830337153
DS16,mc.lm_OVERT,lm,OVERT,13,0.0203036573161887
DS16,mc.lm_OVERT,lm,OVERT,14,0.020089176993921723
DS16,mc.lm_OVERT,lm,OVERT,15,0.02063721095049651
DS16,mc.lm_OVERT,lm,OVERT,16,0.018435779373824606
DS16,mc.lm_OVERT,lm,OVERT,17,0.018212120458438865
DS16,mc.lm_OVERT,lm,OVERT,18,0.019077388766879554
DS16,mc.lm_OVERT,lm,OVERT,19,0.018999259140459076
DS16,mc.lm_OVERT,lm,OVERT,20,0.01878460057543243
DS16,mc.lm_OVERT,lm,OVERT,21,0.018886875227241508
DS16,mc.lm_OVERT,lm,OVERT,22,0.017795609996750065
DS16,mc.lm_OVERT,lm,OVERT,23,0.01764867368164327
DS16,mc.lm_OVERT,lm,OVERT,24,0.017351091546114156
DS16,mc.lm_OVERT,lm,OVERT,25,0.019989695514985327
DS16,mc.lm_OVERT,lm,OVERT,26,0.018435566460559598
DS16,mc.lm_OVERT,lm,OVERT,27,0.0173072191299363
DS16,mc.lm_OVERT,lm,OVERT,28,0.017039458231632214
DS16,mc.lm_OVERT,lm,OVERT,29,0.017238035850860527
DS16,mc.lm_OVERT,lm,OVERT,30,0.016298885519074838
DS16,mc.lm_OVERT,lm,OVERT,31,0.016272869175630204
DS16,mc.lm_OVERT,lm,OVERT,32,0.016911981892303682
DS16,mc.lm_OVERT,lm,OVERT,33,0.016386090400422732
DS16,mc.lm_OVERT,lm,OVERT,34,0.016379053567844935
DS16,mc.lm_OVERT,lm,OVERT,35,0.016515031056411077
DS16,mc.lm_OVERT,lm,OVERT,36,0.016706492379395196
DS16,mc.lm_OVERT,lm,OVERT,37,0.016271072020659524
DS16,mc.lm_OVERT,lm,OVERT,38,0.01610294542601247
DS16,mc.lm_OVERT,lm,OVERT,39,0.01695193115622952
DS16,mc.lm_OVERT,lm,OVERT,40,0.01709568875485732
DS16,mc.lm_OVERT,lm,OVERT,41,0.017063403135421745
DS16,mc.lm_OVERT,lm,OVERT,42,0.015479163584966702
DS16,mc.lm_OVERT,lm,OVERT,43,0.015382410115430841
DS16,mc.lm_OVERT,lm,OVERT,44,0.015058128207344278
DS16,mc.lm_OVERT,lm,OVERT,45,0.015065035284096513
DS16,mc.lm_OVERT,lm,OVERT,46,0.01504580900347879
DS16,mc.lm_OVERT,lm,OVERT,47,0.015163580296173863
DS16,mc.lm_OVERT,lm,OVERT,48,0.015228145578380729
DS16,mc.lm_OVERT,lm,OVERT,49,0.015065518488806919
DS16,mc.lm_OVERT,lm,OVERT,50,0.015578267451957464
DS16,mc.lm_SMOTEB,lm,SMOTEB,1,0.01838472773765636
DS16,mc.lm_SMOTEB,lm,SMOTEB,2,0.018931879981880624
DS16,mc.lm_SMOTEB,lm,SMOTEB,3,0.01792694170325426
DS16,mc.lm_SMOTEB,lm,SMOTEB,4,0.018376516668578566
DS16,mc.lm_SMOTEB,lm,SMOTEB,5,0.018011118267422774
DS16,mc.lm_SMOTEB,lm,SMOTEB,6,0.019806423790645927
DS16,mc.lm_SMOTEB,lm,SMOTEB,7,0.02086838320666675
DS16,mc.lm_SMOTEB,lm,SMOTEB,8,0.02012285414259682
DS16,mc.lm_SMOTEB,lm,SMOTEB,9,0.021411377989402198
DS16,mc.lm_SMOTEB,lm,SMOTEB,10,0.022407107730382556
DS16,mc.lm_SMOTEB,lm,SMOTEB,11,0.022546633597632933
DS16,mc.lm_SMOTEB,lm,SMOTEB,12,0.023448328842762562
DS16,mc.lm_SMOTEB,lm,SMOTEB,13,0.023165553375295078
DS16,mc.lm_SMOTEB,lm,SMOTEB,14,0.02270569270996904
DS16,mc.lm_SMOTEB,lm,SMOTEB,15,0.023884457544189535
DS16,mc.lm_SMOTEB,lm,SMOTEB,16,0.021157771631207727
DS16,mc.lm_SMOTEB,lm,SMOTEB,17,0.021253972441945882
DS16,mc.lm_SMOTEB,lm,SMOTEB,18,0.02111578868400526
DS16,mc.lm_SMOTEB,lm,SMOTEB,19,0.021194212671140585
DS16,mc.lm_SMOTEB,lm,SMOTEB,20,0.020725675847345373
DS16,mc.lm_SMOTEB,lm,SMOTEB,21,0.0207706659258573
DS16,mc.lm_SMOTEB,lm,SMOTEB,22,0.019886252714915606
DS16,mc.lm_SMOTEB,lm,SMOTEB,23,0.019960447571204767
DS16,mc.lm_SMOTEB,lm,SMOTEB,24,0.0213208454993941
DS16,mc.lm_SMOTEB,lm,SMOTEB,25,0.02321492902148475
DS16,mc.lm_SMOTEB,lm,SMOTEB,26,0.023861039256103445
DS16,mc.lm_SMOTEB,lm,SMOTEB,27,0.021563763847167183
DS16,mc.lm_SMOTEB,lm,SMOTEB,28,0.019963367515750004
DS16,mc.lm_SMOTEB,lm,SMOTEB,29,0.021391495379263454
DS16,mc.lm_SMOTEB,lm,SMOTEB,30,0.017740578255458963
DS16,mc.lm_SMOTEB,lm,SMOTEB,31,0.018715860199987753
DS16,mc.lm_SMOTEB,lm,SMOTEB,32,0.019482038664422368
DS16,mc.lm_SMOTEB,lm,SMOTEB,33,0.018458369002758882
DS16,mc.lm_SMOTEB,lm,SMOTEB,34,0.022645727532890278
DS16,mc.lm_SMOTEB,lm,SMOTEB,35,0.0206312236823096
DS16,mc.lm_SMOTEB,lm,SMOTEB,36,0.018206449991073802
DS16,mc.lm_SMOTEB,lm,SMOTEB,37,0.02034570108708572
DS16,mc.lm_SMOTEB,lm,SMOTEB,38,0.02144437800739887
DS16,mc.lm_SMOTEB,lm,SMOTEB,39,0.01957051146028599
DS16,mc.lm_SMOTEB,lm,SMOTEB,40,0.019088175483764028
DS16,mc.lm_SMOTEB,lm,SMOTEB,41,0.018736581997991685
DS16,mc.lm_SMOTEB,lm,SMOTEB,42,0.018114017256250697
DS16,mc.lm_SMOTEB,lm,SMOTEB,43,0.01902008468492172
DS16,mc.lm_SMOTEB,lm,SMOTEB,44,0.01665312964218097
DS16,mc.lm_SMOTEB,lm,SMOTEB,45,0.01896038891394372
DS16,mc.lm_SMOTEB,lm,SMOTEB,46,0.017510337669698475
DS16,mc.lm_SMOTEB,lm,SMOTEB,47,0.019234560814326382
DS16,mc.lm_SMOTEB,lm,SMOTEB,48,0.016991233701297185
DS16,mc.lm_SMOTEB,lm,SMOTEB,49,0.01756570828300654
DS16,mc.lm_SMOTEB,lm,SMOTEB,50,0.01783346774894832
DS16,mc.lm_SMOTETPhi,lm,SMOTETPhi,1,0.017890516576864874
DS16,mc.lm_SMOTETPhi,lm,SMOTETPhi,2,0.017564075009807015
DS16,mc.lm_SMOTETPhi,lm,SMOTETPhi,3,0.017573976946977245
DS16,mc.lm_SMOTETPhi,lm,SMOTETPhi,4,0.017323866028441406
DS16,mc.lm_SMOTETPhi,lm,SMOTETPhi,5,0.01795302987925704
DS16,mc.lm_SMOTETPhi,lm,SMOTETPhi,6,0.021469203612987053
DS16,mc.lm_SMOTETPhi,lm,SMOTETPhi,7,0.02216664640259152
DS16,mc.lm_SMOTETPhi,lm,SMOTETPhi,8,0.01893108803867325
DS16,mc.lm_SMOTETPhi,lm,SMOTETPhi,9,0.019343277344977074
DS16,mc.lm_SMOTETPhi,lm,SMOTETPhi,10,0.0199531318575167
DS16,mc.lm_SMOTETPhi,lm,SMOTETPhi,11,0.025720944190261486
DS16,mc.lm_SMOTETPhi,lm,SMOTETPhi,12,0.02662913954575923
DS16,mc.lm_SMOTETPhi,lm,SMOTETPhi,13,0.026960375113895294
DS16,mc.lm_SMOTETPhi,lm,SMOTETPhi,14,0.0265578647747312
DS16,mc.lm_SMOTETPhi,lm,SMOTETPhi,15,0.026815766488625156
DS16,mc.lm_SMOTETPhi,lm,SMOTETPhi,16,0.025065246638269357
DS16,mc.lm_SMOTETPhi,lm,SMOTETPhi,17,0.023380494692582274
DS16,mc.lm_SMOTETPhi,lm,SMOTETPhi,18,0.02453608377392484
DS16,mc.lm_SMOTETPhi,lm,SMOTETPhi,19,0.022863679327159693
DS16,mc.lm_SMOTETPhi,lm,SMOTETPhi,20,0.02117495663951176
DS16,mc.lm_SMOTETPhi,lm,SMOTETPhi,21,0.019974926666346562
DS16,mc.lm_SMOTETPhi,lm,SMOTETPhi,22,0.020922104435045608
DS16,mc.lm_SMOTETPhi,lm,SMOTETPhi,23,0.019582894897263316
DS16,mc.lm_SMOTETPhi,lm,SMOTETPhi,24,0.02019913103298737
DS16,mc.lm_SMOTETPhi,lm,SMOTETPhi,25,0.02372739893380533
DS16,mc.lm_SMOTETPhi,lm,SMOTETPhi,26,0.02101653803044033
DS16,mc.lm_SMOTETPhi,lm,SMOTETPhi,27,0.021625229296971988
DS16,mc.lm_SMOTETPhi,lm,SMOTETPhi,28,0.023108959917745434
DS16,mc.lm_SMOTETPhi,lm,SMOTETPhi,29,0.02220365164486654
DS16,mc.lm_SMOTETPhi,lm,SMOTETPhi,30,0.023227372776884962
DS16,mc.lm_SMOTETPhi,lm,SMOTETPhi,31,0.02145489045494233
DS16,mc.lm_SMOTETPhi,lm,SMOTETPhi,32,0.023114003768085794
DS16,mc.lm_SMOTETPhi,lm,SMOTETPhi,33,0.022536686529444693
DS16,mc.lm_SMOTETPhi,lm,SMOTETPhi,34,0.023305853276024757
DS16,mc.lm_SMOTETPhi,lm,SMOTETPhi,35,0.024949815331347748
DS16,mc.lm_SMOTETPhi,lm,SMOTETPhi,36,0.024064571137039574
DS16,mc.lm_SMOTETPhi,lm,SMOTETPhi,37,0.022961835897958686
DS16,mc.lm_SMOTETPhi,lm,SMOTETPhi,38,0.023790047644014843
DS16,mc.lm_SMOTETPhi,lm,SMOTETPhi,39,0.02113833253905558
DS16,mc.lm_SMOTETPhi,lm,SMOTETPhi,40,0.023099116148174403
DS16,mc.lm_SMOTETPhi,lm,SMOTETPhi,41,0.02396847603459102
DS16,mc.lm_SMOTETPhi,lm,SMOTETPhi,42,0.023025441469543002
DS16,mc.lm_SMOTETPhi,lm,SMOTETPhi,43,0.02690374225225737
DS16,mc.lm_SMOTETPhi,lm,SMOTETPhi,44,0.02198583251283509
DS16,mc.lm_SMOTETPhi,lm,SMOTETPhi,45,0.02228671242800498
DS16,mc.lm_SMOTETPhi,lm,SMOTETPhi,46,0.022306189743415736
DS16,mc.lm_SMOTETPhi,lm,SMOTETPhi,47,0.022068991549108352
DS16,mc.lm_SMOTETPhi,lm,SMOTETPhi,48,0.0200181609505811
DS16,mc.lm_SMOTETPhi,lm,SMOTETPhi,49,0.021497521489447644
DS16,mc.lm_SMOTETPhi,lm,SMOTETPhi,50,0.020152735245890868
DS16,mc.lm_SMOTET,lm,SMOTET,1,0.017307522400729903
DS16,mc.lm_SMOTET,lm,SMOTET,2,0.017423903423779894
DS16,mc.lm_SMOTET,lm,SMOTET,3,0.016884895819261135
DS16,mc.lm_SMOTET,lm,SMOTET,4,0.017501249940149018
DS16,mc.lm_SMOTET,lm,SMOTET,5,0.01734168911961367
DS16,mc.lm_SMOTET,lm,SMOTET,6,0.020515266387117016
DS16,mc.lm_SMOTET,lm,SMOTET,7,0.021590047191679937
DS16,mc.lm_SMOTET,lm,SMOTET,8,0.019498332273123167
DS16,mc.lm_SMOTET,lm,SMOTET,9,0.01980202504621928
DS16,mc.lm_SMOTET,lm,SMOTET,10,0.019669095426230812
DS16,mc.lm_SMOTET,lm,SMOTET,11,0.027292177150856783
DS16,mc.lm_SMOTET,lm,SMOTET,12,0.02384450686915891
DS16,mc.lm_SMOTET,lm,SMOTET,13,0.026720738135844656
DS16,mc.lm_SMOTET,lm,SMOTET,14,0.02511280104440403
DS16,mc.lm_SMOTET,lm,SMOTET,15,0.027154780322304187
DS16,mc.lm_SMOTET,lm,SMOTET,16,0.024014815465828867
DS16,mc.lm_SMOTET,lm,SMOTET,17,0.022173179504154057
DS16,mc.lm_SMOTET,lm,SMOTET,18,0.023621255491971166
DS16,mc.lm_SMOTET,lm,SMOTET,19,0.020922252027232063
DS16,mc.lm_SMOTET,lm,SMOTET,20,0.023214375757544665
DS16,mc.lm_SMOTET,lm,SMOTET,21,0.021659918789782177
DS16,mc.lm_SMOTET,lm,SMOTET,22,0.022084656240251577
DS16,mc.lm_SMOTET,lm,SMOTET,23,0.022075931407210318
DS16,mc.lm_SMOTET,lm,SMOTET,24,0.02073607774643823
DS16,mc.lm_SMOTET,lm,SMOTET,25,0.024829932650208542
DS16,mc.lm_SMOTET,lm,SMOTET,26,0.022030010598499634
DS16,mc.lm_SMOTET,lm,SMOTET,27,0.02026657444863947
DS16,mc.lm_SMOTET,lm,SMOTET,28,0.01986383334458519
DS16,mc.lm_SMOTET,lm,SMOTET,29,0.019119018052808717
DS16,mc.lm_SMOTET,lm,SMOTET,30,0.020522220953566806
DS16,mc.lm_SMOTET,lm,SMOTET,31,0.022131903145122346
DS16,mc.lm_SMOTET,lm,SMOTET,32,0.022292954693215187
DS16,mc.lm_SMOTET,lm,SMOTET,33,0.02013624460297076
DS16,mc.lm_SMOTET,lm,SMOTET,34,0.021468958364988026
DS16,mc.lm_SMOTET,lm,SMOTET,35,0.020730745333136406
DS16,mc.lm_SMOTET,lm,SMOTET,36,0.020487027724815865
DS16,mc.lm_SMOTET,lm,SMOTET,37,0.020115539816361074
DS16,mc.lm_SMOTET,lm,SMOTET,38,0.019819381670941057
DS16,mc.lm_SMOTET,lm,SMOTET,39,0.021411458291582544
DS16,mc.lm_SMOTET,lm,SMOTET,40,0.02067444316374647
DS16,mc.lm_SMOTET,lm,SMOTET,41,0.023125043129641726
DS16,mc.lm_SMOTET,lm,SMOTET,42,0.020522536738309078
DS16,mc.lm_SMOTET,lm,SMOTET,43,0.02127993175730705
DS16,mc.lm_SMOTET,lm,SMOTET,44,0.020868098201106394
DS16,mc.lm_SMOTET,lm,SMOTET,45,0.019975153282498177
DS16,mc.lm_SMOTET,lm,SMOTET,46,0.019993326306407648
DS16,mc.lm_SMOTET,lm,SMOTET,47,0.022536838514480042
DS16,mc.lm_SMOTET,lm,SMOTET,48,0.017560703995449182
DS16,mc.lm_SMOTET,lm,SMOTET,49,0.019097057133822773
DS16,mc.lm_SMOTET,lm,SMOTET,50,0.02059697103663946
DS16,mc.lm_UNDERB,lm,UNDERB,1,0.017750929816298847
DS16,mc.lm_UNDERB,lm,UNDERB,2,0.016527185852527666
DS16,mc.lm_UNDERB,lm,UNDERB,3,0.016381401823457556
DS16,mc.lm_UNDERB,lm,UNDERB,4,0.017996705711365038
DS16,mc.lm_UNDERB,lm,UNDERB,5,0.01595523445580819
DS16,mc.lm_UNDERB,lm,UNDERB,6,0.018182953855724725
DS16,mc.lm_UNDERB,lm,UNDERB,7,0.019168600255721733
DS16,mc.lm_UNDERB,lm,UNDERB,8,0.01983688422865236
DS16,mc.lm_UNDERB,lm,UNDERB,9,0.019349376476467672
DS16,mc.lm_UNDERB,lm,UNDERB,10,0.02007735501679883
DS16,mc.lm_UNDERB,lm,UNDERB,11,0.019447382686770254
DS16,mc.lm_UNDERB,lm,UNDERB,12,0.020933226415538544
DS16,mc.lm_UNDERB,lm,UNDERB,13,0.018890271593746913
DS16,mc.lm_UNDERB,lm,UNDERB,14,0.02128872778155649
DS16,mc.lm_UNDERB,lm,UNDERB,15,0.021230259405548905
DS16,mc.lm_UNDERB,lm,UNDERB,16,0.01980116124401016
DS16,mc.lm_UNDERB,lm,UNDERB,17,0.017483061129627053
DS16,mc.lm_UNDERB,lm,UNDERB,18,0.018918404440796597
DS16,mc.lm_UNDERB,lm,UNDERB,19,0.021910040941586363
DS16,mc.lm_UNDERB,lm,UNDERB,20,0.017197659402559618
DS16,mc.lm_UNDERB,lm,UNDERB,21,0.020913397848708055
DS16,mc.lm_UNDERB,lm,UNDERB,22,0.020587715493424915
DS16,mc.lm_UNDERB,lm,UNDERB,23,0.019916239256509528
DS16,mc.lm_UNDERB,lm,UNDERB,24,0.020502042277617837
DS16,mc.lm_UNDERB,lm,UNDERB,25,0.019708891925779896
DS16,mc.lm_UNDERB,lm,UNDERB,26,0.018458323852502085
DS16,mc.lm_UNDERB,lm,UNDERB,27,0.018022002676664668
DS16,mc.lm_UNDERB,lm,UNDERB,28,0.01813339591464889
DS16,mc.lm_UNDERB,lm,UNDERB,29,0.020322701500229266
DS16,mc.lm_UNDERB,lm,UNDERB,30,0.019503487185313525
DS16,mc.lm_UNDERB,lm,UNDERB,31,0.017879684019545424
DS16,mc.lm_UNDERB,lm,UNDERB,32,0.018119070421719823
DS16,mc.lm_UNDERB,lm,UNDERB,33,0.014969234016659099
DS16,mc.lm_UNDERB,lm,UNDERB,34,0.016849832952873053
DS16,mc.lm_UNDERB,lm,UNDERB,35,0.014359123622968022
DS16,mc.lm_UNDERB,lm,UNDERB,36,0.015807967091084257
DS16,mc.lm_UNDERB,lm,UNDERB,37,0.018215529838918155
DS16,mc.lm_UNDERB,lm,UNDERB,38,0.015170513062524942
DS16,mc.lm_UNDERB,lm,UNDERB,39,0.02442257378432784
DS16,mc.lm_UNDERB,lm,UNDERB,40,0.017697921101873317
DS16,mc.lm_UNDERB,lm,UNDERB,41,0.021441453625245355
DS16,mc.lm_UNDERB,lm,UNDERB,42,0.017724149278127734
DS16,mc.lm_UNDERB,lm,UNDERB,43,0.015441543033473054
DS16,mc.lm_UNDERB,lm,UNDERB,44,0.014836889655196967
DS16,mc.lm_UNDERB,lm,UNDERB,45,0.019384241863689686
DS16,mc.lm_UNDERB,lm,UNDERB,46,0.014293970552960106
DS16,mc.lm_UNDERB,lm,UNDERB,47,0.018397281729088517
DS16,mc.lm_UNDERB,lm,UNDERB,48,0.015739738490886477
DS16,mc.lm_UNDERB,lm,UNDERB,49,0.019954456017804142
DS16,mc.lm_UNDERB,lm,UNDERB,50,0.021289915432460588
DS16,mc.lm_UNDERTPhi,lm,UNDERTPhi,1,0.01823144106480968
DS16,mc.lm_UNDERTPhi,lm,UNDERTPhi,2,0.018179788442137235
DS16,mc.lm_UNDERTPhi,lm,UNDERTPhi,3,0.018923470842010327
DS16,mc.lm_UNDERTPhi,lm,UNDERTPhi,4,0.01730410174960039
DS16,mc.lm_UNDERTPhi,lm,UNDERTPhi,5,0.01958174622397998
DS16,mc.lm_UNDERTPhi,lm,UNDERTPhi,6,0.018850018144819056
DS16,mc.lm_UNDERTPhi,lm,UNDERTPhi,7,0.018325228968441902
DS16,mc.lm_UNDERTPhi,lm,UNDERTPhi,8,0.02160357937134373
DS16,mc.lm_UNDERTPhi,lm,UNDERTPhi,9,0.018926815856518002
DS16,mc.lm_UNDERTPhi,lm,UNDERTPhi,10,0.018926774841034916
DS16,mc.lm_UNDERTPhi,lm,UNDERTPhi,11,0.019727790555306116
DS16,mc.lm_UNDERTPhi,lm,UNDERTPhi,12,0.023584775749337084
DS16,mc.lm_UNDERTPhi,lm,UNDERTPhi,13,0.023592263899870743
DS16,mc.lm_UNDERTPhi,lm,UNDERTPhi,14,0.02366396295830276
DS16,mc.lm_UNDERTPhi,lm,UNDERTPhi,15,0.02510063138081413
DS16,mc.lm_UNDERTPhi,lm,UNDERTPhi,16,0.01894026867973711
DS16,mc.lm_UNDERTPhi,lm,UNDERTPhi,17,0.02054588655783924
DS16,mc.lm_UNDERTPhi,lm,UNDERTPhi,18,0.021400702122055474
DS16,mc.lm_UNDERTPhi,lm,UNDERTPhi,19,0.022365688725809862
DS16,mc.lm_UNDERTPhi,lm,UNDERTPhi,20,0.02005692033395191
DS16,mc.lm_UNDERTPhi,lm,UNDERTPhi,21,0.019345056897638994
DS16,mc.lm_UNDERTPhi,lm,UNDERTPhi,22,0.021681651632449745
DS16,mc.lm_UNDERTPhi,lm,UNDERTPhi,23,0.023181354690611687
DS16,mc.lm_UNDERTPhi,lm,UNDERTPhi,24,0.018010293658778535
DS16,mc.lm_UNDERTPhi,lm,UNDERTPhi,25,0.02071322987766273
DS16,mc.lm_UNDERTPhi,lm,UNDERTPhi,26,0.017579090078438952
DS16,mc.lm_UNDERTPhi,lm,UNDERTPhi,27,0.018641312324097065
DS16,mc.lm_UNDERTPhi,lm,UNDERTPhi,28,0.015842372363465845
DS16,mc.lm_UNDERTPhi,lm,UNDERTPhi,29,0.01770585362302864
DS16,mc.lm_UNDERTPhi,lm,UNDERTPhi,30,0.02124301926767857
DS16,mc.lm_UNDERTPhi,lm,UNDERTPhi,31,0.021469146341958005
DS16,mc.lm_UNDERTPhi,lm,UNDERTPhi,32,0.01822309390907978
DS16,mc.lm_UNDERTPhi,lm,UNDERTPhi,33,0.021254110527627372
DS16,mc.lm_UNDERTPhi,lm,UNDERTPhi,34,0.03081045077004203
DS16,mc.lm_UNDERTPhi,lm,UNDERTPhi,35,0.017740719000287848
DS16,mc.lm_UNDERTPhi,lm,UNDERTPhi,36,0.02776996731463948
DS16,mc.lm_UNDERTPhi,lm,UNDERTPhi,37,0.025761104465012247
DS16,mc.lm_UNDERTPhi,lm,UNDERTPhi,38,0.021043836228339708
DS16,mc.lm_UNDERTPhi,lm,UNDERTPhi,39,0.021540534044761493
DS16,mc.lm_UNDERTPhi,lm,UNDERTPhi,40,0.024057792898225294
DS16,mc.lm_UNDERTPhi,lm,UNDERTPhi,41,0.017437174749180967
DS16,mc.lm_UNDERTPhi,lm,UNDERTPhi,42,0.019392963656227568
DS16,mc.lm_UNDERTPhi,lm,UNDERTPhi,43,0.016193853094715976
DS16,mc.lm_UNDERTPhi,lm,UNDERTPhi,44,0.018433318531778806
DS16,mc.lm_UNDERTPhi,lm,UNDERTPhi,45,0.014472636014659637
DS16,mc.lm_UNDERTPhi,lm,UNDERTPhi,46,0.016927127967860865
DS16,mc.lm_UNDERTPhi,lm,UNDERTPhi,47,0.01848531855128948
DS16,mc.lm_UNDERTPhi,lm,UNDERTPhi,48,0.019164990064803468
DS16,mc.lm_UNDERTPhi,lm,UNDERTPhi,49,0.016226667528267194
DS16,mc.lm_UNDERTPhi,lm,UNDERTPhi,50,0.01576759909627934
DS16,mc.lm_UNDERT,lm,UNDERT,1,0.01856978356756092
DS16,mc.lm_UNDERT,lm,UNDERT,2,0.018223732142473522
DS16,mc.lm_UNDERT,lm,UNDERT,3,0.019330939308767732
DS16,mc.lm_UNDERT,lm,UNDERT,4,0.016452611974710686
DS16,mc.lm_UNDERT,lm,UNDERT,5,0.018389536907197294
DS16,mc.lm_UNDERT,lm,UNDERT,6,0.01990873838087457
DS16,mc.lm_UNDERT,lm,UNDERT,7,0.01957145711025522
DS16,mc.lm_UNDERT,lm,UNDERT,8,0.020361213743715474
DS16,mc.lm_UNDERT,lm,UNDERT,9,0.018953719314880754
DS16,mc.lm_UNDERT,lm,UNDERT,10,0.018244532712283306
DS16,mc.lm_UNDERT,lm,UNDERT,11,0.02251927536017053
DS16,mc.lm_UNDERT,lm,UNDERT,12,0.01930822285703637
DS16,mc.lm_UNDERT,lm,UNDERT,13,0.02763513433038641
DS16,mc.lm_UNDERT,lm,UNDERT,14,0.020113298421285158
DS16,mc.lm_UNDERT,lm,UNDERT,15,0.02246271642697586
DS16,mc.lm_UNDERT,lm,UNDERT,16,0.01784377894449376
DS16,mc.lm_UNDERT,lm,UNDERT,17,0.01855162672350553
DS16,mc.lm_UNDERT,lm,UNDERT,18,0.0198768170144182
DS16,mc.lm_UNDERT,lm,UNDERT,19,0.02079569059990708
DS16,mc.lm_UNDERT,lm,UNDERT,20,0.022551593574430723
DS16,mc.lm_UNDERT,lm,UNDERT,21,0.022278551038507732
DS16,mc.lm_UNDERT,lm,UNDERT,22,0.020478364414403098
DS16,mc.lm_UNDERT,lm,UNDERT,23,0.018511371804686004
DS16,mc.lm_UNDERT,lm,UNDERT,24,0.021295652298236226
DS16,mc.lm_UNDERT,lm,UNDERT,25,0.02035850221987933
DS16,mc.lm_UNDERT,lm,UNDERT,26,0.017572232054167424
DS16,mc.lm_UNDERT,lm,UNDERT,27,0.01951149770142856
DS16,mc.lm_UNDERT,lm,UNDERT,28,0.016571699212226922
DS16,mc.lm_UNDERT,lm,UNDERT,29,0.017984600796175455
DS16,mc.lm_UNDERT,lm,UNDERT,30,0.017163218255951167
DS16,mc.lm_UNDERT,lm,UNDERT,31,0.023474203330778924
DS16,mc.lm_UNDERT,lm,UNDERT,32,0.018406462141202392
DS16,mc.lm_UNDERT,lm,UNDERT,33,0.018421032521789504
DS16,mc.lm_UNDERT,lm,UNDERT,34,0.019519324480086225
DS16,mc.lm_UNDERT,lm,UNDERT,35,0.01919041925849491
DS16,mc.lm_UNDERT,lm,UNDERT,36,0.02316197004736645
DS16,mc.lm_UNDERT,lm,UNDERT,37,0.0186951239779304
DS16,mc.lm_UNDERT,lm,UNDERT,38,0.019699703852909308
DS16,mc.lm_UNDERT,lm,UNDERT,39,0.016788273075561935
DS16,mc.lm_UNDERT,lm,UNDERT,40,0.025151144059016205
DS16,mc.lm_UNDERT,lm,UNDERT,41,0.01434030091763944
DS16,mc.lm_UNDERT,lm,UNDERT,42,0.022582384139863982
DS16,mc.lm_UNDERT,lm,UNDERT,43,0.016720356847286687
DS16,mc.lm_UNDERT,lm,UNDERT,44,0.01612554930330567
DS16,mc.lm_UNDERT,lm,UNDERT,45,0.01820561766031808
DS16,mc.lm_UNDERT,lm,UNDERT,46,0.018949930216394992
DS16,mc.lm_UNDERT,lm,UNDERT,47,0.015274507121424969
DS16,mc.lm_UNDERT,lm,UNDERT,48,0.016115556661306964
DS16,mc.lm_UNDERT,lm,UNDERT,49,0.018891041858616196
DS16,mc.lm_UNDERT,lm,UNDERT,50,0.01912578087705589
DS16,mc.lm,lm,baseline,1,0.013408569794803966
DS16,mc.lm,lm,baseline,2,0.013357115453686761
DS16,mc.lm,lm,baseline,3,0.013411936459575812
DS16,mc.lm,lm,baseline,4,0.01340238858964418
DS16,mc.lm,lm,baseline,5,0.01340943299106073
DS16,mc.lm,lm,baseline,6,0.013620165328073777
DS16,mc.lm,lm,baseline,7,0.01363458563507045
DS16,mc.lm,lm,baseline,8,0.013775253379277623
DS16,mc.lm,lm,baseline,9,0.013948872490237034
DS16,mc.lm,lm,baseline,10,0.013940189275901066
DS16,mc.lm,lm,baseline,11,0.014082710894101654
DS16,mc.lm,lm,baseline,12,0.014160343764814788
DS16,mc.lm,lm,baseline,13,0.014210301983042638
DS16,mc.lm,lm,baseline,14,0.014070686450354909
DS16,mc.lm,lm,baseline,15,0.014068303605736082
DS16,mc.lm,lm,baseline,16,0.013971094208010423
DS16,mc.lm,lm,baseline,17,0.013950622981582155
DS16,mc.lm,lm,baseline,18,0.013937892000301317
DS16,mc.lm,lm,baseline,19,0.013997235109478166
DS16,mc.lm,lm,baseline,20,0.01369317914718216
DS16,mc.lm,lm,baseline,21,0.013410646840241264
DS16,mc.lm,lm,baseline,22,0.013058971309420344
DS16,mc.lm,lm,baseline,23,0.012692517318309714
DS16,mc.lm,lm,baseline,24,0.012606147071053512
DS16,mc.lm,lm,baseline,25,0.012132434437119187
DS16,mc.lm,lm,baseline,26,0.011912581561531889
DS16,mc.lm,lm,baseline,27,0.011273403799847221
DS16,mc.lm,lm,baseline,28,0.011231294752089496
DS16,mc.lm,lm,baseline,29,0.0111986633334556
DS16,mc.lm,lm,baseline,30,0.01083129976526417
DS16,mc.lm,lm,baseline,31,0.010784296908929075
DS16,mc.lm,lm,baseline,32,0.010646019193303047
DS16,mc.lm,lm,baseline,33,0.010592391780017607
DS16,mc.lm,lm,baseline,34,0.010522253244750262
DS16,mc.lm,lm,baseline,35,0.010494116763980115
DS16,mc.lm,lm,baseline,36,0.01048166834511797
DS16,mc.lm,lm,baseline,37,0.010497175948151385
DS16,mc.lm,lm,baseline,38,0.010685836211544699
DS16,mc.lm,lm,baseline,39,0.01060802713139898
DS16,mc.lm,lm,baseline,40,0.01053226423318764
DS16,mc.lm,lm,baseline,41,0.010517600818773405
DS16,mc.lm,lm,baseline,42,0.010002961368055
DS16,mc.lm,lm,baseline,43,0.010032275253931916
DS16,mc.lm,lm,baseline,44,0.009977515379692934
DS16,mc.lm,lm,baseline,45,0.009930879856375354
DS16,mc.lm,lm,baseline,46,0.009880096367589089
DS16,mc.lm,lm,baseline,47,0.00998998321979098
DS16,mc.lm,lm,baseline,48,0.009795496959355297
DS16,mc.lm,lm,baseline,49,0.009843146874344741
DS16,mc.lm,lm,baseline,50,0.009902751215811915
DS16,mc.mars_OVERB,mars,OVERB,1,0.02028985788447479
DS16,mc.mars_OVERB,mars,OVERB,2,0.020510643399170643
DS16,mc.mars_OVERB,mars,OVERB,3,0.01945717626117461
DS16,mc.mars_OVERB,mars,OVERB,4,0.021231903861830655
DS16,mc.mars_OVERB,mars,OVERB,5,0.02100855242659602
DS16,mc.mars_OVERB,mars,OVERB,6,0.01868093069651517
DS16,mc.mars_OVERB,mars,OVERB,7,0.021304165573882098
DS16,mc.mars_OVERB,mars,OVERB,8,0.023406585793469447
DS16,mc.mars_OVERB,mars,OVERB,9,0.020906107504527142
DS16,mc.mars_OVERB,mars,OVERB,10,0.021445164050712045
DS16,mc.mars_OVERB,mars,OVERB,11,0.025011409167284487
DS16,mc.mars_OVERB,mars,OVERB,12,0.02301549885507339
DS16,mc.mars_OVERB,mars,OVERB,13,0.0331376446453266
DS16,mc.mars_OVERB,mars,OVERB,14,0.021422787585570237
DS16,mc.mars_OVERB,mars,OVERB,15,0.031171078009741338
DS16,mc.mars_OVERB,mars,OVERB,16,0.02575857312827977
DS16,mc.mars_OVERB,mars,OVERB,17,0.022627031254154197
DS16,mc.mars_OVERB,mars,OVERB,18,0.023052276716780007
DS16,mc.mars_OVERB,mars,OVERB,19,0.02175686544396362
DS16,mc.mars_OVERB,mars,OVERB,20,0.029861929270942805
DS16,mc.mars_OVERB,mars,OVERB,21,0.02114796383421636
DS16,mc.mars_OVERB,mars,OVERB,22,0.07429907583035278
DS16,mc.mars_OVERB,mars,OVERB,23,0.020823940337964877
DS16,mc.mars_OVERB,mars,OVERB,24,0.02037092430031502
DS16,mc.mars_OVERB,mars,OVERB,25,0.024684826615481294
DS16,mc.mars_OVERB,mars,OVERB,26,0.02396893203681187
DS16,mc.mars_OVERB,mars,OVERB,27,0.023441355045549943
DS16,mc.mars_OVERB,mars,OVERB,28,0.017306704612702936
DS16,mc.mars_OVERB,mars,OVERB,29,0.04198111583560277
DS16,mc.mars_OVERB,mars,OVERB,30,0.015361348986319192
DS16,mc.mars_OVERB,mars,OVERB,31,0.015397776323600915
DS16,mc.mars_OVERB,mars,OVERB,32,0.013678909433600606
DS16,mc.mars_OVERB,mars,OVERB,33,0.01344657658880777
DS16,mc.mars_OVERB,mars,OVERB,34,0.014828953265337983
DS16,mc.mars_OVERB,mars,OVERB,35,0.01582722400278152
DS16,mc.mars_OVERB,mars,OVERB,36,0.015374714321626464
DS16,mc.mars_OVERB,mars,OVERB,37,0.01415255388582249
DS16,mc.mars_OVERB,mars,OVERB,38,0.014238064658972715
DS16,mc.mars_OVERB,mars,OVERB,39,0.01520742902897152
DS16,mc.mars_OVERB,mars,OVERB,40,0.015013465511399917
DS16,mc.mars_OVERB,mars,OVERB,41,0.015049566167869847
DS16,mc.mars_OVERB,mars,OVERB,42,0.014588543299935437
DS16,mc.mars_OVERB,mars,OVERB,43,0.014784523005040328
DS16,mc.mars_OVERB,mars,OVERB,44,0.014175562757849983
DS16,mc.mars_OVERB,mars,OVERB,45,0.014008734556892033
DS16,mc.mars_OVERB,mars,OVERB,46,0.013228206979656312
DS16,mc.mars_OVERB,mars,OVERB,47,0.013534099463798212
DS16,mc.mars_OVERB,mars,OVERB,48,0.012537915992621966
DS16,mc.mars_OVERB,mars,OVERB,49,0.013477611162441144
DS16,mc.mars_OVERB,mars,OVERB,50,0.012990146947436451
DS16,mc.mars_OVERTPhi,mars,OVERTPhi,1,0.01949492138872356
DS16,mc.mars_OVERTPhi,mars,OVERTPhi,2,0.02274567070181521
DS16,mc.mars_OVERTPhi,mars,OVERTPhi,3,0.021277217704903754
DS16,mc.mars_OVERTPhi,mars,OVERTPhi,4,0.021110656309712695
DS16,mc.mars_OVERTPhi,mars,OVERTPhi,5,0.017941462653434128
DS16,mc.mars_OVERTPhi,mars,OVERTPhi,6,0.021904000672803584
DS16,mc.mars_OVERTPhi,mars,OVERTPhi,7,0.0187200878640039
DS16,mc.mars_OVERTPhi,mars,OVERTPhi,8,0.020117821843024866
DS16,mc.mars_OVERTPhi,mars,OVERTPhi,9,0.021064714416341224
DS16,mc.mars_OVERTPhi,mars,OVERTPhi,10,0.019298138538788447
DS16,mc.mars_OVERTPhi,mars,OVERTPhi,11,0.02332634700664377
DS16,mc.mars_OVERTPhi,mars,OVERTPhi,12,0.02483403487688125
DS16,mc.mars_OVERTPhi,mars,OVERTPhi,13,0.024026270552966373
DS16,mc.mars_OVERTPhi,mars,OVERTPhi,14,0.022661520485911763
DS16,mc.mars_OVERTPhi,mars,OVERTPhi,15,0.022625815569827543
DS16,mc.mars_OVERTPhi,mars,OVERTPhi,16,0.0240966536271347
DS16,mc.mars_OVERTPhi,mars,OVERTPhi,17,0.02416322808828886
DS16,mc.mars_OVERTPhi,mars,OVERTPhi,18,0.02422808782666094
DS16,mc.mars_OVERTPhi,mars,OVERTPhi,19,0.021193949180587972
DS16,mc.mars_OVERTPhi,mars,OVERTPhi,20,0.020185651020891333
DS16,mc.mars_OVERTPhi,mars,OVERTPhi,21,0.022128016964481537
DS16,mc.mars_OVERTPhi,mars,OVERTPhi,22,0.02054608353001704
DS16,mc.mars_OVERTPhi,mars,OVERTPhi,23,0.020093054335763375
DS16,mc.mars_OVERTPhi,mars,OVERTPhi,24,0.023026327752589386
DS16,mc.mars_OVERTPhi,mars,OVERTPhi,25,0.020368533019721625
DS16,mc.mars_OVERTPhi,mars,OVERTPhi,26,0.01656853810851575
DS16,mc.mars_OVERTPhi,mars,OVERTPhi,27,0.018709346776719163
DS16,mc.mars_OVERTPhi,mars,OVERTPhi,28,0.01624457948600177
DS16,mc.mars_OVERTPhi,mars,OVERTPhi,29,0.018254850967534278
DS16,mc.mars_OVERTPhi,mars,OVERTPhi,30,0.013195751442206995
DS16,mc.mars_OVERTPhi,mars,OVERTPhi,31,0.014435320670587592
DS16,mc.mars_OVERTPhi,mars,OVERTPhi,32,0.014092987449814189
DS16,mc.mars_OVERTPhi,mars,OVERTPhi,33,0.014915610804474937
DS16,mc.mars_OVERTPhi,mars,OVERTPhi,34,0.012800590846830336
DS16,mc.mars_OVERTPhi,mars,OVERTPhi,35,0.014366729709310303
DS16,mc.mars_OVERTPhi,mars,OVERTPhi,36,0.013511779128945793
DS16,mc.mars_OVERTPhi,mars,OVERTPhi,37,0.013240065098876569
DS16,mc.mars_OVERTPhi,mars,OVERTPhi,38,0.014475052442473636
DS16,mc.mars_OVERTPhi,mars,OVERTPhi,39,0.0142751878293658
DS16,mc.mars_OVERTPhi,mars,OVERTPhi,40,0.01426864608449072
DS16,mc.mars_OVERTPhi,mars,OVERTPhi,41,0.014201652251210627
DS16,mc.mars_OVERTPhi,mars,OVERTPhi,42,0.01301146692834781
DS16,mc.mars_OVERTPhi,mars,OVERTPhi,43,0.013908299506394002
DS16,mc.mars_OVERTPhi,mars,OVERTPhi,44,0.013667042504239633
DS16,mc.mars_OVERTPhi,mars,OVERTPhi,45,0.013535821533226319
DS16,mc.mars_OVERTPhi,mars,OVERTPhi,46,0.012702508530024399
DS16,mc.mars_OVERTPhi,mars,OVERTPhi,47,0.013595933785893414
DS16,mc.mars_OVERTPhi,mars,OVERTPhi,48,0.01214410406928882
DS16,mc.mars_OVERTPhi,mars,OVERTPhi,49,0.014023357124992093
DS16,mc.mars_OVERTPhi,mars,OVERTPhi,50,0.01397855737445931
DS16,mc.mars_OVERT,mars,OVERT,1,0.022036646972008803
DS16,mc.mars_OVERT,mars,OVERT,2,0.02271492501631476
DS16,mc.mars_OVERT,mars,OVERT,3,0.02094086820998774
DS16,mc.mars_OVERT,mars,OVERT,4,0.02208551991630439
DS16,mc.mars_OVERT,mars,OVERT,5,0.017971269581277306
DS16,mc.mars_OVERT,mars,OVERT,6,0.02186151638686644
DS16,mc.mars_OVERT,mars,OVERT,7,0.02108596734229148
DS16,mc.mars_OVERT,mars,OVERT,8,0.02005560698757602
DS16,mc.mars_OVERT,mars,OVERT,9,0.02102379948274903
DS16,mc.mars_OVERT,mars,OVERT,10,0.019278745574456666
DS16,mc.mars_OVERT,mars,OVERT,11,0.022528639541986202
DS16,mc.mars_OVERT,mars,OVERT,12,0.025018283687680245
DS16,mc.mars_OVERT,mars,OVERT,13,0.02432891938443419
DS16,mc.mars_OVERT,mars,OVERT,14,0.022453478608011213
DS16,mc.mars_OVERT,mars,OVERT,15,0.022492454161141918
DS16,mc.mars_OVERT,mars,OVERT,16,0.0240884697710267
DS16,mc.mars_OVERT,mars,OVERT,17,0.024307915484849424
DS16,mc.mars_OVERT,mars,OVERT,18,0.02288304146828031
DS16,mc.mars_OVERT,mars,OVERT,19,0.021148202110727234
DS16,mc.mars_OVERT,mars,OVERT,20,0.02147856388503058
DS16,mc.mars_OVERT,mars,OVERT,21,0.022150511376924326
DS16,mc.mars_OVERT,mars,OVERT,22,0.020501123444401904
DS16,mc.mars_OVERT,mars,OVERT,23,0.02008726194459312
DS16,mc.mars_OVERT,mars,OVERT,24,0.019009637640501332
DS16,mc.mars_OVERT,mars,OVERT,25,0.019883187058078088
DS16,mc.mars_OVERT,mars,OVERT,26,0.022797352918036508
DS16,mc.mars_OVERT,mars,OVERT,27,0.01722942667221333
DS16,mc.mars_OVERT,mars,OVERT,28,0.016255487548946
DS16,mc.mars_OVERT,mars,OVERT,29,0.01832795208311119
DS16,mc.mars_OVERT,mars,OVERT,30,0.015433177519798015
DS16,mc.mars_OVERT,mars,OVERT,31,0.013859796278064312
DS16,mc.mars_OVERT,mars,OVERT,32,0.013413757187226859
DS16,mc.mars_OVERT,mars,OVERT,33,0.014796429867066476
DS16,mc.mars_OVERT,mars,OVERT,34,0.014723892678460596
DS16,mc.mars_OVERT,mars,OVERT,35,0.014325119530975315
DS16,mc.mars_OVERT,mars,OVERT,36,0.013562860712759769
DS16,mc.mars_OVERT,mars,OVERT,37,0.013316765146663493
DS16,mc.mars_OVERT,mars,OVERT,38,0.014237774611887655
DS16,mc.mars_OVERT,mars,OVERT,39,0.013075880708955606
DS16,mc.mars_OVERT,mars,OVERT,40,0.014331472530584324
DS16,mc.mars_OVERT,mars,OVERT,41,0.014238748205457414
DS16,mc.mars_OVERT,mars,OVERT,42,0.013020318633020637
DS16,mc.mars_OVERT,mars,OVERT,43,0.013523320987142816
DS16,mc.mars_OVERT,mars,OVERT,44,0.013666467624216125
DS16,mc.mars_OVERT,mars,OVERT,45,0.013976711305849472
DS16,mc.mars_OVERT,mars,OVERT,46,0.012693916286319877
DS16,mc.mars_OVERT,mars,OVERT,47,0.013613142032968968
DS16,mc.mars_OVERT,mars,OVERT,48,0.01219567382452553
DS16,mc.mars_OVERT,mars,OVERT,49,0.013342868095682376
DS16,mc.mars_OVERT,mars,OVERT,50,0.013769419586811625
DS16,mc.mars_SMOTEB,mars,SMOTEB,1,0.025598565003167404
DS16,mc.mars_SMOTEB,mars,SMOTEB,2,0.0267746652686694
DS16,mc.mars_SMOTEB,mars,SMOTEB,3,0.026068623448107984
DS16,mc.mars_SMOTEB,mars,SMOTEB,4,0.024074037303481937
DS16,mc.mars_SMOTEB,mars,SMOTEB,5,0.023391463701753313
DS16,mc.mars_SMOTEB,mars,SMOTEB,6,0.021852921228246853
DS16,mc.mars_SMOTEB,mars,SMOTEB,7,0.030042611482947294
DS16,mc.mars_SMOTEB,mars,SMOTEB,8,0.02187230432287999
DS16,mc.mars_SMOTEB,mars,SMOTEB,9,0.026633372183164285
DS16,mc.mars_SMOTEB,mars,SMOTEB,10,0.02440561922741608
DS16,mc.mars_SMOTEB,mars,SMOTEB,11,0.023555822077467623
DS16,mc.mars_SMOTEB,mars,SMOTEB,12,0.027890533189703685
DS16,mc.mars_SMOTEB,mars,SMOTEB,13,0.03681652105490654
DS16,mc.mars_SMOTEB,mars,SMOTEB,14,0.030373491790409043
DS16,mc.mars_SMOTEB,mars,SMOTEB,15,0.028463282119876566
DS16,mc.mars_SMOTEB,mars,SMOTEB,16,0.02498600362758901
DS16,mc.mars_SMOTEB,mars,SMOTEB,17,0.024809330896727648
DS16,mc.mars_SMOTEB,mars,SMOTEB,18,0.02648761301382758
DS16,mc.mars_SMOTEB,mars,SMOTEB,19,0.023530369932840103
DS16,mc.mars_SMOTEB,mars,SMOTEB,20,0.029501300850998613
DS16,mc.mars_SMOTEB,mars,SMOTEB,21,0.022011701145723154
DS16,mc.mars_SMOTEB,mars,SMOTEB,22,0.024125766730058326
DS16,mc.mars_SMOTEB,mars,SMOTEB,23,0.02593766290580557
DS16,mc.mars_SMOTEB,mars,SMOTEB,24,0.028126217981852497
DS16,mc.mars_SMOTEB,mars,SMOTEB,25,0.02894897072615224
DS16,mc.mars_SMOTEB,mars,SMOTEB,26,0.023697007329759403
DS16,mc.mars_SMOTEB,mars,SMOTEB,27,0.023352158987108587
DS16,mc.mars_SMOTEB,mars,SMOTEB,28,0.022447093526457868
DS16,mc.mars_SMOTEB,mars,SMOTEB,29,0.018333895146749934
DS16,mc.mars_SMOTEB,mars,SMOTEB,30,0.020458708187456952
DS16,mc.mars_SMOTEB,mars,SMOTEB,31,0.018868850043318612
DS16,mc.mars_SMOTEB,mars,SMOTEB,32,0.01927009050793354
DS16,mc.mars_SMOTEB,mars,SMOTEB,33,0.02069621570957854
DS16,mc.mars_SMOTEB,mars,SMOTEB,34,0.01772706998587692
DS16,mc.mars_SMOTEB,mars,SMOTEB,35,0.018457184199650062
DS16,mc.mars_SMOTEB,mars,SMOTEB,36,0.019822468376385845
DS16,mc.mars_SMOTEB,mars,SMOTEB,37,0.02079010884867587
DS16,mc.mars_SMOTEB,mars,SMOTEB,38,0.022908406869481306
DS16,mc.mars_SMOTEB,mars,SMOTEB,39,0.01994619636069367
DS16,mc.mars_SMOTEB,mars,SMOTEB,40,0.020973724621572966
DS16,mc.mars_SMOTEB,mars,SMOTEB,41,0.01837704558577042
DS16,mc.mars_SMOTEB,mars,SMOTEB,42,0.021725289155101156
DS16,mc.mars_SMOTEB,mars,SMOTEB,43,0.018686301094260806
DS16,mc.mars_SMOTEB,mars,SMOTEB,44,0.017680831117215537
DS16,mc.mars_SMOTEB,mars,SMOTEB,45,0.015345232189235895
DS16,mc.mars_SMOTEB,mars,SMOTEB,46,0.018545070857671583
DS16,mc.mars_SMOTEB,mars,SMOTEB,47,0.020919565354926572
DS16,mc.mars_SMOTEB,mars,SMOTEB,48,0.015467078870912612
DS16,mc.mars_SMOTEB,mars,SMOTEB,49,0.015741146891134643
DS16,mc.mars_SMOTEB,mars,SMOTEB,50,0.014742988802342764
DS16,mc.mars_SMOTETPhi,mars,SMOTETPhi,1,0.022407158162577767
DS16,mc.mars_SMOTETPhi,mars,SMOTETPhi,2,0.02053518251460957
DS16,mc.mars_SMOTETPhi,mars,SMOTETPhi,3,0.024805146332472078
DS16,mc.mars_SMOTETPhi,mars,SMOTETPhi,4,0.05145143943637217
DS16,mc.mars_SMOTETPhi,mars,SMOTETPhi,5,0.02089774254491085
DS16,mc.mars_SMOTETPhi,mars,SMOTETPhi,6,0.026344141313531872
DS16,mc.mars_SMOTETPhi,mars,SMOTETPhi,7,0.03108562022134283
DS16,mc.mars_SMOTETPhi,mars,SMOTETPhi,8,0.02576718181201102
DS16,mc.mars_SMOTETPhi,mars,SMOTETPhi,9,0.025914085886317113
DS16,mc.mars_SMOTETPhi,mars,SMOTETPhi,10,0.03002193176140528
DS16,mc.mars_SMOTETPhi,mars,SMOTETPhi,11,0.03375683732596666
DS16,mc.mars_SMOTETPhi,mars,SMOTETPhi,12,0.03016742126157295
DS16,mc.mars_SMOTETPhi,mars,SMOTETPhi,13,0.02658463893600036
DS16,mc.mars_SMOTETPhi,mars,SMOTETPhi,14,0.02638105139650825
DS16,mc.mars_SMOTETPhi,mars,SMOTETPhi,15,0.030754000701880054
DS16,mc.mars_SMOTETPhi,mars,SMOTETPhi,16,0.03695539527947339
DS16,mc.mars_SMOTETPhi,mars,SMOTETPhi,17,0.02830677115107677
DS16,mc.mars_SMOTETPhi,mars,SMOTETPhi,18,0.07320978592835677
DS16,mc.mars_SMOTETPhi,mars,SMOTETPhi,19,0.028722976812443048
DS16,mc.mars_SMOTETPhi,mars,SMOTETPhi,20,0.029905326049360685
DS16,mc.mars_SMOTETPhi,mars,SMOTETPhi,21,0.027572975569233327
DS16,mc.mars_SMOTETPhi,mars,SMOTETPhi,22,0.045057241823821224
DS16,mc.mars_SMOTETPhi,mars,SMOTETPhi,23,0.02832163735949175
DS16,mc.mars_SMOTETPhi,mars,SMOTETPhi,24,0.028272790014669053
DS16,mc.mars_SMOTETPhi,mars,SMOTETPhi,25,0.024928541384334396
DS16,mc.mars_SMOTETPhi,mars,SMOTETPhi,26,0.024819582758736282
DS16,mc.mars_SMOTETPhi,mars,SMOTETPhi,27,0.025855806405359
DS16,mc.mars_SMOTETPhi,mars,SMOTETPhi,28,0.026260521858274825
DS16,mc.mars_SMOTETPhi,mars,SMOTETPhi,29,0.02663447619902122
DS16,mc.mars_SMOTETPhi,mars,SMOTETPhi,30,0.022532929386702764
DS16,mc.mars_SMOTETPhi,mars,SMOTETPhi,31,0.023038353547703838
DS16,mc.mars_SMOTETPhi,mars,SMOTETPhi,32,0.027070079461818757
DS16,mc.mars_SMOTETPhi,mars,SMOTETPhi,33,0.025780457268993574
DS16,mc.mars_SMOTETPhi,mars,SMOTETPhi,34,0.022030177390566806
DS16,mc.mars_SMOTETPhi,mars,SMOTETPhi,35,0.024705097959991425
DS16,mc.mars_SMOTETPhi,mars,SMOTETPhi,36,0.016237885372498737
DS16,mc.mars_SMOTETPhi,mars,SMOTETPhi,37,0.0228776636384937
DS16,mc.mars_SMOTETPhi,mars,SMOTETPhi,38,0.018556145670570165
DS16,mc.mars_SMOTETPhi,mars,SMOTETPhi,39,0.018526002628702666
DS16,mc.mars_SMOTETPhi,mars,SMOTETPhi,40,0.0196396861751796
DS16,mc.mars_SMOTETPhi,mars,SMOTETPhi,41,0.02408113637003862
DS16,mc.mars_SMOTETPhi,mars,SMOTETPhi,42,0.021708253195841447
DS16,mc.mars_SMOTETPhi,mars,SMOTETPhi,43,0.017624350120032974
DS16,mc.mars_SMOTETPhi,mars,SMOTETPhi,44,0.017064974466639914
DS16,mc.mars_SMOTETPhi,mars,SMOTETPhi,45,0.020486311829637373
DS16,mc.mars_SMOTETPhi,mars,SMOTETPhi,46,0.01902515114936922
DS16,mc.mars_SMOTETPhi,mars,SMOTETPhi,47,0.022025271139104016
DS16,mc.mars_SMOTETPhi,mars,SMOTETPhi,48,0.015188472184438456
DS16,mc.mars_SMOTETPhi,mars,SMOTETPhi,49,0.019498643722836093
DS16,mc.mars_SMOTETPhi,mars,SMOTETPhi,50,0.01513534835038813
DS16,mc.mars_SMOTET,mars,SMOTET,1,0.022596825134444127
DS16,mc.mars_SMOTET,mars,SMOTET,2,0.02203133890873782
DS16,mc.mars_SMOTET,mars,SMOTET,3,0.026956035342153722
DS16,mc.mars_SMOTET,mars,SMOTET,4,0.024191261363720483
DS16,mc.mars_SMOTET,mars,SMOTET,5,0.02035632730344523
DS16,mc.mars_SMOTET,mars,SMOTET,6,0.02241027289403233
DS16,mc.mars_SMOTET,mars,SMOTET,7,0.026267992115297203
DS16,mc.mars_SMOTET,mars,SMOTET,8,0.02445762654791243
DS16,mc.mars_SMOTET,mars,SMOTET,9,0.02294502833705451
DS16,mc.mars_SMOTET,mars,SMOTET,10,0.034863215243224784
DS16,mc.mars_SMOTET,mars,SMOTET,11,0.026938081142362007
DS16,mc.mars_SMOTET,mars,SMOTET,12,0.03447614742233057
DS16,mc.mars_SMOTET,mars,SMOTET,13,0.02933017650209399
DS16,mc.mars_SMOTET,mars,SMOTET,14,0.028555409072537973
DS16,mc.mars_SMOTET,mars,SMOTET,15,0.03149024147398742
DS16,mc.mars_SMOTET,mars,SMOTET,16,0.026452905225342258
DS16,mc.mars_SMOTET,mars,SMOTET,17,0.024590298268346723
DS16,mc.mars_SMOTET,mars,SMOTET,18,0.024071082890737863
DS16,mc.mars_SMOTET,mars,SMOTET,19,0.027327014948342804
DS16,mc.mars_SMOTET,mars,SMOTET,20,0.02477167160062259
DS16,mc.mars_SMOTET,mars,SMOTET,21,0.03507011557732759
DS16,mc.mars_SMOTET,mars,SMOTET,22,0.03022570337327334
DS16,mc.mars_SMOTET,mars,SMOTET,23,0.03311996090434381
DS16,mc.mars_SMOTET,mars,SMOTET,24,0.02446363121780189
DS16,mc.mars_SMOTET,mars,SMOTET,25,0.025445195726335034
DS16,mc.mars_SMOTET,mars,SMOTET,26,0.03060268786381915
DS16,mc.mars_SMOTET,mars,SMOTET,27,0.021511933955850354
DS16,mc.mars_SMOTET,mars,SMOTET,28,0.021384534418135898
DS16,mc.mars_SMOTET,mars,SMOTET,29,0.02584523022169179
DS16,mc.mars_SMOTET,mars,SMOTET,30,0.018273276724273427
DS16,mc.mars_SMOTET,mars,SMOTET,31,0.024240466725202706
DS16,mc.mars_SMOTET,mars,SMOTET,32,0.019264354732394774
DS16,mc.mars_SMOTET,mars,SMOTET,33,0.020485141979736842
DS16,mc.mars_SMOTET,mars,SMOTET,34,0.01799336192520807
DS16,mc.mars_SMOTET,mars,SMOTET,35,0.01694402410973579
DS16,mc.mars_SMOTET,mars,SMOTET,36,0.018083247659515994
DS16,mc.mars_SMOTET,mars,SMOTET,37,0.021149422602796543
DS16,mc.mars_SMOTET,mars,SMOTET,38,0.018834768486314227
DS16,mc.mars_SMOTET,mars,SMOTET,39,0.01854280145586141
DS16,mc.mars_SMOTET,mars,SMOTET,40,0.01889024320673874
DS16,mc.mars_SMOTET,mars,SMOTET,41,0.02331710862266972
DS16,mc.mars_SMOTET,mars,SMOTET,42,0.017010344215227704
DS16,mc.mars_SMOTET,mars,SMOTET,43,0.017122457956449073
DS16,mc.mars_SMOTET,mars,SMOTET,44,0.023008680176951544
DS16,mc.mars_SMOTET,mars,SMOTET,45,0.017525310361833243
DS16,mc.mars_SMOTET,mars,SMOTET,46,0.01846837210616538
DS16,mc.mars_SMOTET,mars,SMOTET,47,0.016563155065352653
DS16,mc.mars_SMOTET,mars,SMOTET,48,0.01663481285610874
DS16,mc.mars_SMOTET,mars,SMOTET,49,0.014907381915481037
DS16,mc.mars_SMOTET,mars,SMOTET,50,0.016769709990180022
DS16,mc.mars_UNDERB,mars,UNDERB,1,0.012723952416141911
DS16,mc.mars_UNDERB,mars,UNDERB,2,0.012591892664547853
DS16,mc.mars_UNDERB,mars,UNDERB,3,0.015017419614439113
DS16,mc.mars_UNDERB,mars,UNDERB,4,0.01550331168385113
DS16,mc.mars_UNDERB,mars,UNDERB,5,0.01648148589933642
DS16,mc.mars_UNDERB,mars,UNDERB,6,0.020175057860223305
DS16,mc.mars_UNDERB,mars,UNDERB,7,0.021757245145227047
DS16,mc.mars_UNDERB,mars,UNDERB,8,0.015494758575651534
DS16,mc.mars_UNDERB,mars,UNDERB,9,0.022398174125130784
DS16,mc.mars_UNDERB,mars,UNDERB,10,0.02180102597566361
DS16,mc.mars_UNDERB,mars,UNDERB,11,0.013234159494726078
DS16,mc.mars_UNDERB,mars,UNDERB,12,0.013215251468684984
DS16,mc.mars_UNDERB,mars,UNDERB,13,0.01321864722949914
DS16,mc.mars_UNDERB,mars,UNDERB,14,0.013585074832911015
DS16,mc.mars_UNDERB,mars,UNDERB,15,0.01338661750752397
DS16,mc.mars_UNDERB,mars,UNDERB,16,0.013273702906166047
DS16,mc.mars_UNDERB,mars,UNDERB,17,0.013219548858434628
DS16,mc.mars_UNDERB,mars,UNDERB,18,0.013221036698036379
DS16,mc.mars_UNDERB,mars,UNDERB,19,0.017307688800340504
DS16,mc.mars_UNDERB,mars,UNDERB,20,0.01320189173153369
DS16,mc.mars_UNDERB,mars,UNDERB,21,0.014347429379962607
DS16,mc.mars_UNDERB,mars,UNDERB,22,0.014691311406274563
DS16,mc.mars_UNDERB,mars,UNDERB,23,0.013021648747265515
DS16,mc.mars_UNDERB,mars,UNDERB,24,0.013015350848545854
DS16,mc.mars_UNDERB,mars,UNDERB,25,0.012031315831909202
DS16,mc.mars_UNDERB,mars,UNDERB,26,0.012001903254794295
DS16,mc.mars_UNDERB,mars,UNDERB,27,0.013018933766320304
DS16,mc.mars_UNDERB,mars,UNDERB,28,0.012484711060442695
DS16,mc.mars_UNDERB,mars,UNDERB,29,0.012199170627967989
DS16,mc.mars_UNDERB,mars,UNDERB,30,0.011257000323590307
DS16,mc.mars_UNDERB,mars,UNDERB,31,0.012506830264150568
DS16,mc.mars_UNDERB,mars,UNDERB,32,0.012529663674492798
DS16,mc.mars_UNDERB,mars,UNDERB,33,0.011379035397777914
DS16,mc.mars_UNDERB,mars,UNDERB,34,0.01219172631986801
DS16,mc.mars_UNDERB,mars,UNDERB,35,0.011092066158467724
DS16,mc.mars_UNDERB,mars,UNDERB,36,0.011336442541668648
DS16,mc.mars_UNDERB,mars,UNDERB,37,0.011112293837631385
DS16,mc.mars_UNDERB,mars,UNDERB,38,0.01234207819692916
DS16,mc.mars_UNDERB,mars,UNDERB,39,0.013345032207038804
DS16,mc.mars_UNDERB,mars,UNDERB,40,0.01292301205816168
DS16,mc.mars_UNDERB,mars,UNDERB,41,0.013067522133283277
DS16,mc.mars_UNDERB,mars,UNDERB,42,0.01011085886987152
DS16,mc.mars_UNDERB,mars,UNDERB,43,0.010879262793855198
DS16,mc.mars_UNDERB,mars,UNDERB,44,0.010045333988118242
DS16,mc.mars_UNDERB,mars,UNDERB,45,0.010224756732341949
DS16,mc.mars_UNDERB,mars,UNDERB,46,0.01016597674301908
DS16,mc.mars_UNDERB,mars,UNDERB,47,0.010115550453931258
DS16,mc.mars_UNDERB,mars,UNDERB,48,0.010729308469144293
DS16,mc.mars_UNDERB,mars,UNDERB,49,0.010635485905249613
DS16,mc.mars_UNDERB,mars,UNDERB,50,0.011206662965810028
DS16,mc.mars_UNDERTPhi,mars,UNDERTPhi,1,0.012813206755587296
DS16,mc.mars_UNDERTPhi,mars,UNDERTPhi,2,0.016242671781993165
DS16,mc.mars_UNDERTPhi,mars,UNDERTPhi,3,0.012913213795852176
DS16,mc.mars_UNDERTPhi,mars,UNDERTPhi,4,0.015244534068216705
DS16,mc.mars_UNDERTPhi,mars,UNDERTPhi,5,0.01686665223368772
DS16,mc.mars_UNDERTPhi,mars,UNDERTPhi,6,0.01804107728052533
DS16,mc.mars_UNDERTPhi,mars,UNDERTPhi,7,0.01700051178367644
DS16,mc.mars_UNDERTPhi,mars,UNDERTPhi,8,0.019008064136589956
DS16,mc.mars_UNDERTPhi,mars,UNDERTPhi,9,0.0163960416005569
DS16,mc.mars_UNDERTPhi,mars,UNDERTPhi,10,0.02074053282499171
DS16,mc.mars_UNDERTPhi,mars,UNDERTPhi,11,0.013300217518735943
DS16,mc.mars_UNDERTPhi,mars,UNDERTPhi,12,0.02101678457150543
DS16,mc.mars_UNDERTPhi,mars,UNDERTPhi,13,0.013316934975170338
DS16,mc.mars_UNDERTPhi,mars,UNDERTPhi,14,0.013297442692373271
DS16,mc.mars_UNDERTPhi,mars,UNDERTPhi,15,0.013295646778122144
DS16,mc.mars_UNDERTPhi,mars,UNDERTPhi,16,0.013231508236068595
DS16,mc.mars_UNDERTPhi,mars,UNDERTPhi,17,0.01340785059749513
DS16,mc.mars_UNDERTPhi,mars,UNDERTPhi,18,0.01379533015841651
DS16,mc.mars_UNDERTPhi,mars,UNDERTPhi,19,0.020838489518925463
DS16,mc.mars_UNDERTPhi,mars,UNDERTPhi,20,0.01529785319960624
DS16,mc.mars_UNDERTPhi,mars,UNDERTPhi,21,0.015391819502496846
DS16,mc.mars_UNDERTPhi,mars,UNDERTPhi,22,0.01517618232216051
DS16,mc.mars_UNDERTPhi,mars,UNDERTPhi,23,0.013099407500147283
DS16,mc.mars_UNDERTPhi,mars,UNDERTPhi,24,0.013005162682624121
DS16,mc.mars_UNDERTPhi,mars,UNDERTPhi,25,0.012248480739869338
DS16,mc.mars_UNDERTPhi,mars,UNDERTPhi,26,0.012182810045761211
DS16,mc.mars_UNDERTPhi,mars,UNDERTPhi,27,0.013723891943072481
DS16,mc.mars_UNDERTPhi,mars,UNDERTPhi,28,0.013538187752546943
DS16,mc.mars_UNDERTPhi,mars,UNDERTPhi,29,0.012516989074421095
DS16,mc.mars_UNDERTPhi,mars,UNDERTPhi,30,0.013860810556359317
DS16,mc.mars_UNDERTPhi,mars,UNDERTPhi,31,0.012171556594075313
DS16,mc.mars_UNDERTPhi,mars,UNDERTPhi,32,0.012703935533814933
DS16,mc.mars_UNDERTPhi,mars,UNDERTPhi,33,0.01213489617876549
DS16,mc.mars_UNDERTPhi,mars,UNDERTPhi,34,0.011068360735359129
DS16,mc.mars_UNDERTPhi,mars,UNDERTPhi,35,0.012298078282018355
DS16,mc.mars_UNDERTPhi,mars,UNDERTPhi,36,0.012394284425887582
DS16,mc.mars_UNDERTPhi,mars,UNDERTPhi,37,0.011784859065071991
DS16,mc.mars_UNDERTPhi,mars,UNDERTPhi,38,0.011702113355199138
DS16,mc.mars_UNDERTPhi,mars,UNDERTPhi,39,0.011877587170963882
DS16,mc.mars_UNDERTPhi,mars,UNDERTPhi,40,0.01199389684021477
DS16,mc.mars_UNDERTPhi,mars,UNDERTPhi,41,0.01207406565604236
DS16,mc.mars_UNDERTPhi,mars,UNDERTPhi,42,0.009848522273935404
DS16,mc.mars_UNDERTPhi,mars,UNDERTPhi,43,0.010019239664266797
DS16,mc.mars_UNDERTPhi,mars,UNDERTPhi,44,0.010430993331320313
DS16,mc.mars_UNDERTPhi,mars,UNDERTPhi,45,0.010245852909843433
DS16,mc.mars_UNDERTPhi,mars,UNDERTPhi,46,0.010059915202458154
DS16,mc.mars_UNDERTPhi,mars,UNDERTPhi,47,0.01138758644790527
DS16,mc.mars_UNDERTPhi,mars,UNDERTPhi,48,0.011287570946269579
DS16,mc.mars_UNDERTPhi,mars,UNDERTPhi,49,0.009783860922150701
DS16,mc.mars_UNDERTPhi,mars,UNDERTPhi,50,0.01071756327977093
DS16,mc.mars_UNDERT,mars,UNDERT,1,0.016202560046092933
DS16,mc.mars_UNDERT,mars,UNDERT,2,0.016447366683451675
DS16,mc.mars_UNDERT,mars,UNDERT,3,0.021999347310960843
DS16,mc.mars_UNDERT,mars,UNDERT,4,0.015646308606177738
DS16,mc.mars_UNDERT,mars,UNDERT,5,0.016624838564922275
DS16,mc.mars_UNDERT,mars,UNDERT,6,0.017262534917860905
DS16,mc.mars_UNDERT,mars,UNDERT,7,0.017522904158633834
DS16,mc.mars_UNDERT,mars,UNDERT,8,0.016361752490531425
DS16,mc.mars_UNDERT,mars,UNDERT,9,0.016460142453461054
DS16,mc.mars_UNDERT,mars,UNDERT,10,0.01617347160985357
DS16,mc.mars_UNDERT,mars,UNDERT,11,0.013347504948147543
DS16,mc.mars_UNDERT,mars,UNDERT,12,0.01331637284911163
DS16,mc.mars_UNDERT,mars,UNDERT,13,0.013225242470791952
DS16,mc.mars_UNDERT,mars,UNDERT,14,0.013542091619821658
DS16,mc.mars_UNDERT,mars,UNDERT,15,0.013882610872440061
DS16,mc.mars_UNDERT,mars,UNDERT,16,0.017044995619407387
DS16,mc.mars_UNDERT,mars,UNDERT,17,0.013268623239992524
DS16,mc.mars_UNDERT,mars,UNDERT,18,0.013245829336679777
DS16,mc.mars_UNDERT,mars,UNDERT,19,0.021715893813103515
DS16,mc.mars_UNDERT,mars,UNDERT,20,0.017712914760825416
DS16,mc.mars_UNDERT,mars,UNDERT,21,0.017132796059960306
DS16,mc.mars_UNDERT,mars,UNDERT,22,0.015140503311646129
DS16,mc.mars_UNDERT,mars,UNDERT,23,0.013245609271555376
DS16,mc.mars_UNDERT,mars,UNDERT,24,0.013242864570304885
DS16,mc.mars_UNDERT,mars,UNDERT,25,0.012017234286224405
DS16,mc.mars_UNDERT,mars,UNDERT,26,0.012339272152865084
DS16,mc.mars_UNDERT,mars,UNDERT,27,0.012892364915538876
DS16,mc.mars_UNDERT,mars,UNDERT,28,0.012951588773673134
DS16,mc.mars_UNDERT,mars,UNDERT,29,0.012895582842831637
DS16,mc.mars_UNDERT,mars,UNDERT,30,0.012037952726672992
DS16,mc.mars_UNDERT,mars,UNDERT,31,0.011973644902258215
DS16,mc.mars_UNDERT,mars,UNDERT,32,0.011904475044046244
DS16,mc.mars_UNDERT,mars,UNDERT,33,0.012647051512755754
DS16,mc.mars_UNDERT,mars,UNDERT,34,0.012392648560479683
DS16,mc.mars_UNDERT,mars,UNDERT,35,0.011603526717451464
DS16,mc.mars_UNDERT,mars,UNDERT,36,0.012144908417482456
DS16,mc.mars_UNDERT,mars,UNDERT,37,0.011799485523723651
DS16,mc.mars_UNDERT,mars,UNDERT,38,0.012030775420446988
DS16,mc.mars_UNDERT,mars,UNDERT,39,0.011461028538526229
DS16,mc.mars_UNDERT,mars,UNDERT,40,0.011400492074818268
DS16,mc.mars_UNDERT,mars,UNDERT,41,0.011959133785213101
DS16,mc.mars_UNDERT,mars,UNDERT,42,0.011748607535389826
DS16,mc.mars_UNDERT,mars,UNDERT,43,0.01102008523272699
DS16,mc.mars_UNDERT,mars,UNDERT,44,0.01012753765274054
DS16,mc.mars_UNDERT,mars,UNDERT,45,0.010496693165256022
DS16,mc.mars_UNDERT,mars,UNDERT,46,0.010668037572520722
DS16,mc.mars_UNDERT,mars,UNDERT,47,0.010037932560573023
DS16,mc.mars_UNDERT,mars,UNDERT,48,0.010402047988579273
DS16,mc.mars_UNDERT,mars,UNDERT,49,0.010694177053708306
DS16,mc.mars_UNDERT,mars,UNDERT,50,0.01089809166329715
DS16,mc.mars,mars,baseline,1,0.013607997498488521
DS16,mc.mars,mars,baseline,2,0.01356564272999436
DS16,mc.mars,mars,baseline,3,0.014323141544005172
DS16,mc.mars,mars,baseline,4,0.013983907707220513
DS16,mc.mars,mars,baseline,5,0.013998364692658737
DS16,mc.mars,mars,baseline,6,0.013987928901612904
DS16,mc.mars,mars,baseline,7,0.014338910834200072
DS16,mc.mars,mars,baseline,8,0.015336245629767924
DS16,mc.mars,mars,baseline,9,0.015834671412083393
DS16,mc.mars,mars,baseline,10,0.014687370494669085
DS16,mc.mars,mars,baseline,11,0.014346638916892793
DS16,mc.mars,mars,baseline,12,0.01755687797941184
DS16,mc.mars,mars,baseline,13,0.01378689561312525
DS16,mc.mars,mars,baseline,14,0.01391485586747089
DS16,mc.mars,mars,baseline,15,0.016890805039989836
DS16,mc.mars,mars,baseline,16,0.015940193424832803
DS16,mc.mars,mars,baseline,17,0.015955797975314035
DS16,mc.mars,mars,baseline,18,0.01419930843612961
DS16,mc.mars,mars,baseline,19,0.01376200293688691
DS16,mc.mars,mars,baseline,20,0.013352590412621499
DS16,mc.mars,mars,baseline,21,0.013338848628140658
DS16,mc.mars,mars,baseline,22,0.01860898916498767
DS16,mc.mars,mars,baseline,23,0.013225317835511381
DS16,mc.mars,mars,baseline,24,0.01432132094288799
DS16,mc.mars,mars,baseline,25,0.01322272841609688
DS16,mc.mars,mars,baseline,26,0.013095721963469295
DS16,mc.mars,mars,baseline,27,0.012926238300175075
DS16,mc.mars,mars,baseline,28,0.012546096823780497
DS16,mc.mars,mars,baseline,29,0.012574312734283034
DS16,mc.mars,mars,baseline,30,0.010970408175089569
DS16,mc.mars,mars,baseline,31,0.010979250871235744
DS16,mc.mars,mars,baseline,32,0.010939616218051782
DS16,mc.mars,mars,baseline,33,0.01117675608631905
DS16,mc.mars,mars,baseline,34,0.010961658804609229
DS16,mc.mars,mars,baseline,35,0.010919497235873021
DS16,mc.mars,mars,baseline,36,0.010909833295018675
DS16,mc.mars,mars,baseline,37,0.010646162743242073
DS16,mc.mars,mars,baseline,38,0.011246480683189885
DS16,mc.mars,mars,baseline,39,0.011022279052747812
DS16,mc.mars,mars,baseline,40,0.010922264231794576
DS16,mc.mars,mars,baseline,41,0.010843979312914092
DS16,mc.mars,mars,baseline,42,0.010681861796291266
DS16,mc.mars,mars,baseline,43,0.01066622665074644
DS16,mc.mars,mars,baseline,44,0.011051769086202073
DS16,mc.mars,mars,baseline,45,0.010548617690395768
DS16,mc.mars,mars,baseline,46,0.010669482746319936
DS16,mc.mars,mars,baseline,47,0.010509125064321518
DS16,mc.mars,mars,baseline,48,0.010176158358345403
DS16,mc.mars,mars,baseline,49,0.009869097028796896
DS16,mc.mars,mars,baseline,50,0.010099276417881055
DS16,mc.rf_OVERB,rf,OVERB,1,0.01433912533319396
DS16,mc.rf_OVERB,rf,OVERB,2,0.014531081879124405
DS16,mc.rf_OVERB,rf,OVERB,3,0.014624441261577638
DS16,mc.rf_OVERB,rf,OVERB,4,0.015095310628564245
DS16,mc.rf_OVERB,rf,OVERB,5,0.014857040641191865
DS16,mc.rf_OVERB,rf,OVERB,6,0.014644734841708546
DS16,mc.rf_OVERB,rf,OVERB,7,0.014576675310832394
DS16,mc.rf_OVERB,rf,OVERB,8,0.014627050646965655
DS16,mc.rf_OVERB,rf,OVERB,9,0.015191010629971483
DS16,mc.rf_OVERB,rf,OVERB,10,0.015411783723681668
DS16,mc.rf_OVERB,rf,OVERB,11,0.015220034048861566
DS16,mc.rf_OVERB,rf,OVERB,12,0.015064075561071798
DS16,mc.rf_OVERB,rf,OVERB,13,0.015650033952421892
DS16,mc.rf_OVERB,rf,OVERB,14,0.015292692328035493
DS16,mc.rf_OVERB,rf,OVERB,15,0.015525258158587948
DS16,mc.rf_OVERB,rf,OVERB,16,0.015875387217992202
DS16,mc.rf_OVERB,rf,OVERB,17,0.01596181104126433
DS16,mc.rf_OVERB,rf,OVERB,18,0.015163328647972853
DS16,mc.rf_OVERB,rf,OVERB,19,0.015953412254008505
DS16,mc.rf_OVERB,rf,OVERB,20,0.014884551354836106
DS16,mc.rf_OVERB,rf,OVERB,21,0.014757233498016407
DS16,mc.rf_OVERB,rf,OVERB,22,0.014173647779742022
DS16,mc.rf_OVERB,rf,OVERB,23,0.013789852512865857
DS16,mc.rf_OVERB,rf,OVERB,24,0.013658299971052735
DS16,mc.rf_OVERB,rf,OVERB,25,0.013198251262925509
DS16,mc.rf_OVERB,rf,OVERB,26,0.012913466746734237
DS16,mc.rf_OVERB,rf,OVERB,27,0.011963103116388873
DS16,mc.rf_OVERB,rf,OVERB,28,0.012664244734803964
DS16,mc.rf_OVERB,rf,OVERB,29,0.012529538556160897
DS16,mc.rf_OVERB,rf,OVERB,30,0.011573025680383632
DS16,mc.rf_OVERB,rf,OVERB,31,0.011416682088165249
DS16,mc.rf_OVERB,rf,OVERB,32,0.011469982858384787
DS16,mc.rf_OVERB,rf,OVERB,33,0.011393033769005873
DS16,mc.rf_OVERB,rf,OVERB,34,0.011471671901063952
DS16,mc.rf_OVERB,rf,OVERB,35,0.011291573561796482
DS16,mc.rf_OVERB,rf,OVERB,36,0.011585247519625553
DS16,mc.rf_OVERB,rf,OVERB,37,0.01143593534992944
DS16,mc.rf_OVERB,rf,OVERB,38,0.011659953652935307
DS16,mc.rf_OVERB,rf,OVERB,39,0.011823573041159148
DS16,mc.rf_OVERB,rf,OVERB,40,0.011562235964431813
DS16,mc.rf_OVERB,rf,OVERB,41,0.011613992259959075
DS16,mc.rf_OVERB,rf,OVERB,42,0.010650390194810124
DS16,mc.rf_OVERB,rf,OVERB,43,0.010675895257839131
DS16,mc.rf_OVERB,rf,OVERB,44,0.010556377819641222
DS16,mc.rf_OVERB,rf,OVERB,45,0.010512742165427384
DS16,mc.rf_OVERB,rf,OVERB,46,0.010554443781816322
DS16,mc.rf_OVERB,rf,OVERB,47,0.010207842331872293
DS16,mc.rf_OVERB,rf,OVERB,48,0.009964229719200461
DS16,mc.rf_OVERB,rf,OVERB,49,0.010769718447691864
DS16,mc.rf_OVERB,rf,OVERB,50,0.010500154643426185
DS16,mc.rf_OVERTPhi,rf,OVERTPhi,1,0.014207717629973174
DS16,mc.rf_OVERTPhi,rf,OVERTPhi,2,0.014207769193247973
DS16,mc.rf_OVERTPhi,rf,OVERTPhi,3,0.014536503004781957
DS16,mc.rf_OVERTPhi,rf,OVERTPhi,4,0.014670599814124342
DS16,mc.rf_OVERTPhi,rf,OVERTPhi,5,0.014453340203987865
DS16,mc.rf_OVERTPhi,rf,OVERTPhi,6,0.01435526359107585
DS16,mc.rf_OVERTPhi,rf,OVERTPhi,7,0.014310520615733159
DS16,mc.rf_OVERTPhi,rf,OVERTPhi,8,0.014841378213241527
DS16,mc.rf_OVERTPhi,rf,OVERTPhi,9,0.015187910175682487
DS16,mc.rf_OVERTPhi,rf,OVERTPhi,10,0.01539686712626666
DS16,mc.rf_OVERTPhi,rf,OVERTPhi,11,0.015745349103327106
DS16,mc.rf_OVERTPhi,rf,OVERTPhi,12,0.015664026184310724
DS16,mc.rf_OVERTPhi,rf,OVERTPhi,13,0.016331376148228795
DS16,mc.rf_OVERTPhi,rf,OVERTPhi,14,0.015889229478698252
DS16,mc.rf_OVERTPhi,rf,OVERTPhi,15,0.014923742130633428
DS16,mc.rf_OVERTPhi,rf,OVERTPhi,16,0.015361992042856792
DS16,mc.rf_OVERTPhi,rf,OVERTPhi,17,0.015223325452640435
DS16,mc.rf_OVERTPhi,rf,OVERTPhi,18,0.015331512973049202
DS16,mc.rf_OVERTPhi,rf,OVERTPhi,19,0.01496213292715866
DS16,mc.rf_OVERTPhi,rf,OVERTPhi,20,0.014393350056048339
DS16,mc.rf_OVERTPhi,rf,OVERTPhi,21,0.014540663712385419
DS16,mc.rf_OVERTPhi,rf,OVERTPhi,22,0.013986932501656325
DS16,mc.rf_OVERTPhi,rf,OVERTPhi,23,0.013364417079858904
DS16,mc.rf_OVERTPhi,rf,OVERTPhi,24,0.013010885443855825
DS16,mc.rf_OVERTPhi,rf,OVERTPhi,25,0.013170277826139816
DS16,mc.rf_OVERTPhi,rf,OVERTPhi,26,0.01300928967708463
DS16,mc.rf_OVERTPhi,rf,OVERTPhi,27,0.012412004638579319
DS16,mc.rf_OVERTPhi,rf,OVERTPhi,28,0.012615889109522776
DS16,mc.rf_OVERTPhi,rf,OVERTPhi,29,0.012452042159680305
DS16,mc.rf_OVERTPhi,rf,OVERTPhi,30,0.011192622574974295
DS16,mc.rf_OVERTPhi,rf,OVERTPhi,31,0.01120464286790927
DS16,mc.rf_OVERTPhi,rf,OVERTPhi,32,0.011145335105794284
DS16,mc.rf_OVERTPhi,rf,OVERTPhi,33,0.011117428910246406
DS16,mc.rf_OVERTPhi,rf,OVERTPhi,34,0.011089622670216187
DS16,mc.rf_OVERTPhi,rf,OVERTPhi,35,0.011093189774598217
DS16,mc.rf_OVERTPhi,rf,OVERTPhi,36,0.011173935680033309
DS16,mc.rf_OVERTPhi,rf,OVERTPhi,37,0.011173752735159477
DS16,mc.rf_OVERTPhi,rf,OVERTPhi,38,0.011235982954355522
DS16,mc.rf_OVERTPhi,rf,OVERTPhi,39,0.01131882175191036
DS16,mc.rf_OVERTPhi,rf,OVERTPhi,40,0.01131531558298176
DS16,mc.rf_OVERTPhi,rf,OVERTPhi,41,0.01114159836335086
DS16,mc.rf_OVERTPhi,rf,OVERTPhi,42,0.010398094794206345
DS16,mc.rf_OVERTPhi,rf,OVERTPhi,43,0.010398220099226913
DS16,mc.rf_OVERTPhi,rf,OVERTPhi,44,0.010515479039193516
DS16,mc.rf_OVERTPhi,rf,OVERTPhi,45,0.010440470791879462
DS16,mc.rf_OVERTPhi,rf,OVERTPhi,46,0.01058404035176937
DS16,mc.rf_OVERTPhi,rf,OVERTPhi,47,0.010153325538932
DS16,mc.rf_OVERTPhi,rf,OVERTPhi,48,0.009921070664517691
DS16,mc.rf_OVERTPhi,rf,OVERTPhi,49,0.01019979170502109
DS16,mc.rf_OVERTPhi,rf,OVERTPhi,50,0.010308241005193886
DS16,mc.rf_OVERT,rf,OVERT,1,0.014324956487151482
DS16,mc.rf_OVERT,rf,OVERT,2,0.014294587048690022
DS16,mc.rf_OVERT,rf,OVERT,3,0.014743911633569237
DS16,mc.rf_OVERT,rf,OVERT,4,0.014715817019345632
DS16,mc.rf_OVERT,rf,OVERT,5,0.014416562412008678
DS16,mc.rf_OVERT,rf,OVERT,6,0.014481739134119875
DS16,mc.rf_OVERT,rf,OVERT,7,0.01419264759232781
DS16,mc.rf_OVERT,rf,OVERT,8,0.014764055125173084
DS16,mc.rf_OVERT,rf,OVERT,9,0.015211743101812608
DS16,mc.rf_OVERT,rf,OVERT,10,0.01554105587953229
DS16,mc.rf_OVERT,rf,OVERT,11,0.01600134990210368
DS16,mc.rf_OVERT,rf,OVERT,12,0.01579151485209482
DS16,mc.rf_OVERT,rf,OVERT,13,0.016254402000657787
DS16,mc.rf_OVERT,rf,OVERT,14,0.015391256238508337
DS16,mc.rf_OVERT,rf,OVERT,15,0.015283550161441034
DS16,mc.rf_OVERT,rf,OVERT,16,0.015151732552218737
DS16,mc.rf_OVERT,rf,OVERT,17,0.015165332843611226
DS16,mc.rf_OVERT,rf,OVERT,18,0.015244412988284882
DS16,mc.rf_OVERT,rf,OVERT,19,0.01486328523157299
DS16,mc.rf_OVERT,rf,OVERT,20,0.014399440667770986
DS16,mc.rf_OVERT,rf,OVERT,21,0.014607164610859607
DS16,mc.rf_OVERT,rf,OVERT,22,0.013990415600695263
DS16,mc.rf_OVERT,rf,OVERT,23,0.013354888569533088
DS16,mc.rf_OVERT,rf,OVERT,24,0.013001270491189635
DS16,mc.rf_OVERT,rf,OVERT,25,0.013110238241020205
DS16,mc.rf_OVERT,rf,OVERT,26,0.012951269223198232
DS16,mc.rf_OVERT,rf,OVERT,27,0.012482164029599988
DS16,mc.rf_OVERT,rf,OVERT,28,0.012672252036794977
DS16,mc.rf_OVERT,rf,OVERT,29,0.0124294598806162
DS16,mc.rf_OVERT,rf,OVERT,30,0.011236549528193019
DS16,mc.rf_OVERT,rf,OVERT,31,0.011162064542319591
DS16,mc.rf_OVERT,rf,OVERT,32,0.011007259552789864
DS16,mc.rf_OVERT,rf,OVERT,33,0.011161346399254939
DS16,mc.rf_OVERT,rf,OVERT,34,0.011013285018151799
DS16,mc.rf_OVERT,rf,OVERT,35,0.011034573782184675
DS16,mc.rf_OVERT,rf,OVERT,36,0.011301742014264048
DS16,mc.rf_OVERT,rf,OVERT,37,0.011075371305125068
DS16,mc.rf_OVERT,rf,OVERT,38,0.011285588739932802
DS16,mc.rf_OVERT,rf,OVERT,39,0.01141291367602893
DS16,mc.rf_OVERT,rf,OVERT,40,0.011257008564293031
DS16,mc.rf_OVERT,rf,OVERT,41,0.011201986865083387
DS16,mc.rf_OVERT,rf,OVERT,42,0.010323404929293255
DS16,mc.rf_OVERT,rf,OVERT,43,0.01052797495967045
DS16,mc.rf_OVERT,rf,OVERT,44,0.0105434418214105
DS16,mc.rf_OVERT,rf,OVERT,45,0.010371303078240754
DS16,mc.rf_OVERT,rf,OVERT,46,0.0105985378365628
DS16,mc.rf_OVERT,rf,OVERT,47,0.010141494045708044
DS16,mc.rf_OVERT,rf,OVERT,48,0.009978541867338745
DS16,mc.rf_OVERT,rf,OVERT,49,0.010048348327264806
DS16,mc.rf_OVERT,rf,OVERT,50,0.010346951617719959
DS16,mc.rf_SMOTEB,rf,SMOTEB,1,0.017052923301562294
DS16,mc.rf_SMOTEB,rf,SMOTEB,2,0.01652481843062437
DS16,mc.rf_SMOTEB,rf,SMOTEB,3,0.01846775250243201
DS16,mc.rf_SMOTEB,rf,SMOTEB,4,0.017922165624491074
DS16,mc.rf_SMOTEB,rf,SMOTEB,5,0.017467244372515813
DS16,mc.rf_SMOTEB,rf,SMOTEB,6,0.016936069116806902
DS16,mc.rf_SMOTEB,rf,SMOTEB,7,0.01746594456057812
DS16,mc.rf_SMOTEB,rf,SMOTEB,8,0.017430943807042926
DS16,mc.rf_SMOTEB,rf,SMOTEB,9,0.018570417806421498
DS16,mc.rf_SMOTEB,rf,SMOTEB,10,0.018916160284525568
DS16,mc.rf_SMOTEB,rf,SMOTEB,11,0.017928796166227497
DS16,mc.rf_SMOTEB,rf,SMOTEB,12,0.018105812493656614
DS16,mc.rf_SMOTEB,rf,SMOTEB,13,0.019229392404113088
DS16,mc.rf_SMOTEB,rf,SMOTEB,14,0.018218445740300994
DS16,mc.rf_SMOTEB,rf,SMOTEB,15,0.017908830447543274
DS16,mc.rf_SMOTEB,rf,SMOTEB,16,0.018042612241086758
DS16,mc.rf_SMOTEB,rf,SMOTEB,17,0.018029713182893422
DS16,mc.rf_SMOTEB,rf,SMOTEB,18,0.017027486546225823
DS16,mc.rf_SMOTEB,rf,SMOTEB,19,0.017937695688681646
DS16,mc.rf_SMOTEB,rf,SMOTEB,20,0.017474735761460386
DS16,mc.rf_SMOTEB,rf,SMOTEB,21,0.016253530251597866
DS16,mc.rf_SMOTEB,rf,SMOTEB,22,0.015984084181162702
DS16,mc.rf_SMOTEB,rf,SMOTEB,23,0.015320495242021994
DS16,mc.rf_SMOTEB,rf,SMOTEB,24,0.015585690881390987
DS16,mc.rf_SMOTEB,rf,SMOTEB,25,0.01612109002511448
DS16,mc.rf_SMOTEB,rf,SMOTEB,26,0.01446907910148553
DS16,mc.rf_SMOTEB,rf,SMOTEB,27,0.013840820402528061
DS16,mc.rf_SMOTEB,rf,SMOTEB,28,0.014508099155565146
DS16,mc.rf_SMOTEB,rf,SMOTEB,29,0.014187217994522914
DS16,mc.rf_SMOTEB,rf,SMOTEB,30,0.014099289877800656
DS16,mc.rf_SMOTEB,rf,SMOTEB,31,0.013072457369908893
DS16,mc.rf_SMOTEB,rf,SMOTEB,32,0.01332755809682219
DS16,mc.rf_SMOTEB,rf,SMOTEB,33,0.013582507183035032
DS16,mc.rf_SMOTEB,rf,SMOTEB,34,0.01249128710664122
DS16,mc.rf_SMOTEB,rf,SMOTEB,35,0.013314459373224305
DS16,mc.rf_SMOTEB,rf,SMOTEB,36,0.012578863633180925
DS16,mc.rf_SMOTEB,rf,SMOTEB,37,0.012854894524191226
DS16,mc.rf_SMOTEB,rf,SMOTEB,38,0.013637391778589563
DS16,mc.rf_SMOTEB,rf,SMOTEB,39,0.012774396552095283
DS16,mc.rf_SMOTEB,rf,SMOTEB,40,0.012107599784340202
DS16,mc.rf_SMOTEB,rf,SMOTEB,41,0.012264426123795602
DS16,mc.rf_SMOTEB,rf,SMOTEB,42,0.012543884217950985
DS16,mc.rf_SMOTEB,rf,SMOTEB,43,0.011823332634982519
DS16,mc.rf_SMOTEB,rf,SMOTEB,44,0.01329915275242283
DS16,mc.rf_SMOTEB,rf,SMOTEB,45,0.012851857526527921
DS16,mc.rf_SMOTEB,rf,SMOTEB,46,0.0132657319390837
DS16,mc.rf_SMOTEB,rf,SMOTEB,47,0.013370799684243179
DS16,mc.rf_SMOTEB,rf,SMOTEB,48,0.012842495207422347
DS16,mc.rf_SMOTEB,rf,SMOTEB,49,0.012350786265681316
DS16,mc.rf_SMOTEB,rf,SMOTEB,50,0.013516280016517763
DS16,mc.rf_SMOTETPhi,rf,SMOTETPhi,1,0.017473228543179828
DS16,mc.rf_SMOTETPhi,rf,SMOTETPhi,2,0.018532818578234894
DS16,mc.rf_SMOTETPhi,rf,SMOTETPhi,3,0.017369970244783147
DS16,mc.rf_SMOTETPhi,rf,SMOTETPhi,4,0.018308472936816984
DS16,mc.rf_SMOTETPhi,rf,SMOTETPhi,5,0.018178765803915812
DS16,mc.rf_SMOTETPhi,rf,SMOTETPhi,6,0.018163408996274007
DS16,mc.rf_SMOTETPhi,rf,SMOTETPhi,7,0.017898821841866825
DS16,mc.rf_SMOTETPhi,rf,SMOTETPhi,8,0.017809054160034934
DS16,mc.rf_SMOTETPhi,rf,SMOTETPhi,9,0.01843680691372654
DS16,mc.rf_SMOTETPhi,rf,SMOTETPhi,10,0.017428190327291426
DS16,mc.rf_SMOTETPhi,rf,SMOTETPhi,11,0.017368202734265904
DS16,mc.rf_SMOTETPhi,rf,SMOTETPhi,12,0.017576550602556994
DS16,mc.rf_SMOTETPhi,rf,SMOTETPhi,13,0.01751687943924027
DS16,mc.rf_SMOTETPhi,rf,SMOTETPhi,14,0.017678840077299026
DS16,mc.rf_SMOTETPhi,rf,SMOTETPhi,15,0.017616247937611497
DS16,mc.rf_SMOTETPhi,rf,SMOTETPhi,16,0.01721772223808138
DS16,mc.rf_SMOTETPhi,rf,SMOTETPhi,17,0.01679678582652121
DS16,mc.rf_SMOTETPhi,rf,SMOTETPhi,18,0.017416446953693064
DS16,mc.rf_SMOTETPhi,rf,SMOTETPhi,19,0.01690342056367771
DS16,mc.rf_SMOTETPhi,rf,SMOTETPhi,20,0.017224976137533814
DS16,mc.rf_SMOTETPhi,rf,SMOTETPhi,21,0.016963715882420505
DS16,mc.rf_SMOTETPhi,rf,SMOTETPhi,22,0.016808852327050993
DS16,mc.rf_SMOTETPhi,rf,SMOTETPhi,23,0.015500737787604342
DS16,mc.rf_SMOTETPhi,rf,SMOTETPhi,24,0.014625305235599115
DS16,mc.rf_SMOTETPhi,rf,SMOTETPhi,25,0.01607536983620581
DS16,mc.rf_SMOTETPhi,rf,SMOTETPhi,26,0.015298278520390096
DS16,mc.rf_SMOTETPhi,rf,SMOTETPhi,27,0.015151726528950797
DS16,mc.rf_SMOTETPhi,rf,SMOTETPhi,28,0.014583397367241357
DS16,mc.rf_SMOTETPhi,rf,SMOTETPhi,29,0.014776330942321976
DS16,mc.rf_SMOTETPhi,rf,SMOTETPhi,30,0.015382150950364453
DS16,mc.rf_SMOTETPhi,rf,SMOTETPhi,31,0.015651322389306842
DS16,mc.rf_SMOTETPhi,rf,SMOTETPhi,32,0.015074042931239881
DS16,mc.rf_SMOTETPhi,rf,SMOTETPhi,33,0.013902897152776239
DS16,mc.rf_SMOTETPhi,rf,SMOTETPhi,34,0.013818940947872026
DS16,mc.rf_SMOTETPhi,rf,SMOTETPhi,35,0.01394729973223004
DS16,mc.rf_SMOTETPhi,rf,SMOTETPhi,36,0.014661417153792208
DS16,mc.rf_SMOTETPhi,rf,SMOTETPhi,37,0.013888953124382087
DS16,mc.rf_SMOTETPhi,rf,SMOTETPhi,38,0.013264851180675134
DS16,mc.rf_SMOTETPhi,rf,SMOTETPhi,39,0.01337260678962347
DS16,mc.rf_SMOTETPhi,rf,SMOTETPhi,40,0.013684031740222844
DS16,mc.rf_SMOTETPhi,rf,SMOTETPhi,41,0.013361278414046593
DS16,mc.rf_SMOTETPhi,rf,SMOTETPhi,42,0.013768226670401593
DS16,mc.rf_SMOTETPhi,rf,SMOTETPhi,43,0.01385539756893103
DS16,mc.rf_SMOTETPhi,rf,SMOTETPhi,44,0.013452856968071848
DS16,mc.rf_SMOTETPhi,rf,SMOTETPhi,45,0.013241975649508964
DS16,mc.rf_SMOTETPhi,rf,SMOTETPhi,46,0.013478384744150628
DS16,mc.rf_SMOTETPhi,rf,SMOTETPhi,47,0.012642762157411579
DS16,mc.rf_SMOTETPhi,rf,SMOTETPhi,48,0.01195467942279152
DS16,mc.rf_SMOTETPhi,rf,SMOTETPhi,49,0.013643144232801345
DS16,mc.rf_SMOTETPhi,rf,SMOTETPhi,50,0.012996927683835355
DS16,mc.rf_SMOTET,rf,SMOTET,1,0.017511387108624477
DS16,mc.rf_SMOTET,rf,SMOTET,2,0.01761616340961695
DS16,mc.rf_SMOTET,rf,SMOTET,3,0.016853846552300905
DS16,mc.rf_SMOTET,rf,SMOTET,4,0.017465318783003975
DS16,mc.rf_SMOTET,rf,SMOTET,5,0.01615474833668741
DS16,mc.rf_SMOTET,rf,SMOTET,6,0.01852549971708754
DS16,mc.rf_SMOTET,rf,SMOTET,7,0.01686604482720707
DS16,mc.rf_SMOTET,rf,SMOTET,8,0.018167844686107066
DS16,mc.rf_SMOTET,rf,SMOTET,9,0.018138638133427178
DS16,mc.rf_SMOTET,rf,SMOTET,10,0.018280756183129694
DS16,mc.rf_SMOTET,rf,SMOTET,11,0.01731348773825849
DS16,mc.rf_SMOTET,rf,SMOTET,12,0.017861995547305085
DS16,mc.rf_SMOTET,rf,SMOTET,13,0.01781365808437845
DS16,mc.rf_SMOTET,rf,SMOTET,14,0.018539753801313445
DS16,mc.rf_SMOTET,rf,SMOTET,15,0.01769107270822251
DS16,mc.rf_SMOTET,rf,SMOTET,16,0.016883423656312124
DS16,mc.rf_SMOTET,rf,SMOTET,17,0.017420955831029344
DS16,mc.rf_SMOTET,rf,SMOTET,18,0.018288071032975587
DS16,mc.rf_SMOTET,rf,SMOTET,19,0.016996806890925423
DS16,mc.rf_SMOTET,rf,SMOTET,20,0.016617757291040987
DS16,mc.rf_SMOTET,rf,SMOTET,21,0.015944211505651385
DS16,mc.rf_SMOTET,rf,SMOTET,22,0.015436343226376758
DS16,mc.rf_SMOTET,rf,SMOTET,23,0.015077839974177902
DS16,mc.rf_SMOTET,rf,SMOTET,24,0.014819473632355232
DS16,mc.rf_SMOTET,rf,SMOTET,25,0.01657181423952555
DS16,mc.rf_SMOTET,rf,SMOTET,26,0.015356015803678508
DS16,mc.rf_SMOTET,rf,SMOTET,27,0.013667156511904456
DS16,mc.rf_SMOTET,rf,SMOTET,28,0.013718544667868341
DS16,mc.rf_SMOTET,rf,SMOTET,29,0.013933299029424742
DS16,mc.rf_SMOTET,rf,SMOTET,30,0.013788007776942598
DS16,mc.rf_SMOTET,rf,SMOTET,31,0.01503938726126326
DS16,mc.rf_SMOTET,rf,SMOTET,32,0.01567514124389129
DS16,mc.rf_SMOTET,rf,SMOTET,33,0.013623394547296577
DS16,mc.rf_SMOTET,rf,SMOTET,34,0.01385533234840631
DS16,mc.rf_SMOTET,rf,SMOTET,35,0.014138826627912195
DS16,mc.rf_SMOTET,rf,SMOTET,36,0.012574290030266728
DS16,mc.rf_SMOTET,rf,SMOTET,37,0.013524727165821341
DS16,mc.rf_SMOTET,rf,SMOTET,38,0.013044115230610633
DS16,mc.rf_SMOTET,rf,SMOTET,39,0.013422208502907153
DS16,mc.rf_SMOTET,rf,SMOTET,40,0.012859925397730641
DS16,mc.rf_SMOTET,rf,SMOTET,41,0.012602799694524885
DS16,mc.rf_SMOTET,rf,SMOTET,42,0.01290556000769121
DS16,mc.rf_SMOTET,rf,SMOTET,43,0.01224400150211911
DS16,mc.rf_SMOTET,rf,SMOTET,44,0.013557133444883164
DS16,mc.rf_SMOTET,rf,SMOTET,45,0.012321063570791973
DS16,mc.rf_SMOTET,rf,SMOTET,46,0.012615109795988719
DS16,mc.rf_SMOTET,rf,SMOTET,47,0.012613990827395578
DS16,mc.rf_SMOTET,rf,SMOTET,48,0.011330452791556565
DS16,mc.rf_SMOTET,rf,SMOTET,49,0.01193853010486422
DS16,mc.rf_SMOTET,rf,SMOTET,50,0.012463955435316953
DS16,mc.rf_UNDERB,rf,UNDERB,1,0.01644290215805816
DS16,mc.rf_UNDERB,rf,UNDERB,2,0.016234323732527745
DS16,mc.rf_UNDERB,rf,UNDERB,3,0.015826022776357633
DS16,mc.rf_UNDERB,rf,UNDERB,4,0.015311140687303191
DS16,mc.rf_UNDERB,rf,UNDERB,5,0.015823579034008266
DS16,mc.rf_UNDERB,rf,UNDERB,6,0.01625063950629658
DS16,mc.rf_UNDERB,rf,UNDERB,7,0.017008556093673632
DS16,mc.rf_UNDERB,rf,UNDERB,8,0.017107070117700015
DS16,mc.rf_UNDERB,rf,UNDERB,9,0.016738957177434
DS16,mc.rf_UNDERB,rf,UNDERB,10,0.016390363591848194
DS16,mc.rf_UNDERB,rf,UNDERB,11,0.017285831843150003
DS16,mc.rf_UNDERB,rf,UNDERB,12,0.01674968628597766
DS16,mc.rf_UNDERB,rf,UNDERB,13,0.01705982897770451
DS16,mc.rf_UNDERB,rf,UNDERB,14,0.017017035427439802
DS16,mc.rf_UNDERB,rf,UNDERB,15,0.016848837581820146
DS16,mc.rf_UNDERB,rf,UNDERB,16,0.01694101174461482
DS16,mc.rf_UNDERB,rf,UNDERB,17,0.01605359133265819
DS16,mc.rf_UNDERB,rf,UNDERB,18,0.016680328696732225
DS16,mc.rf_UNDERB,rf,UNDERB,19,0.017208522483316863
DS16,mc.rf_UNDERB,rf,UNDERB,20,0.015398653978918146
DS16,mc.rf_UNDERB,rf,UNDERB,21,0.016514830626051528
DS16,mc.rf_UNDERB,rf,UNDERB,22,0.015585388633203304
DS16,mc.rf_UNDERB,rf,UNDERB,23,0.01494333809090427
DS16,mc.rf_UNDERB,rf,UNDERB,24,0.015702402967989873
DS16,mc.rf_UNDERB,rf,UNDERB,25,0.015408668306964274
DS16,mc.rf_UNDERB,rf,UNDERB,26,0.013742475173110152
DS16,mc.rf_UNDERB,rf,UNDERB,27,0.014331524497280201
DS16,mc.rf_UNDERB,rf,UNDERB,28,0.013653538110173797
DS16,mc.rf_UNDERB,rf,UNDERB,29,0.01345563729576085
DS16,mc.rf_UNDERB,rf,UNDERB,30,0.013703523990693082
DS16,mc.rf_UNDERB,rf,UNDERB,31,0.01343219027847151
DS16,mc.rf_UNDERB,rf,UNDERB,32,0.01354923640330384
DS16,mc.rf_UNDERB,rf,UNDERB,33,0.012713729242958027
DS16,mc.rf_UNDERB,rf,UNDERB,34,0.013926168589906442
DS16,mc.rf_UNDERB,rf,UNDERB,35,0.012712097094520982
DS16,mc.rf_UNDERB,rf,UNDERB,36,0.013217056719854462
DS16,mc.rf_UNDERB,rf,UNDERB,37,0.012437739618363404
DS16,mc.rf_UNDERB,rf,UNDERB,38,0.013136928228694441
DS16,mc.rf_UNDERB,rf,UNDERB,39,0.015176602479928556
DS16,mc.rf_UNDERB,rf,UNDERB,40,0.013898072938890702
DS16,mc.rf_UNDERB,rf,UNDERB,41,0.014610620483630423
DS16,mc.rf_UNDERB,rf,UNDERB,42,0.012296277782778541
DS16,mc.rf_UNDERB,rf,UNDERB,43,0.01217062692874914
DS16,mc.rf_UNDERB,rf,UNDERB,44,0.011730040637267774
DS16,mc.rf_UNDERB,rf,UNDERB,45,0.011798105184550678
DS16,mc.rf_UNDERB,rf,UNDERB,46,0.012503622793116564
DS16,mc.rf_UNDERB,rf,UNDERB,47,0.012219390344576034
DS16,mc.rf_UNDERB,rf,UNDERB,48,0.01146661546029312
DS16,mc.rf_UNDERB,rf,UNDERB,49,0.012427211843427002
DS16,mc.rf_UNDERB,rf,UNDERB,50,0.013370092376263224
DS16,mc.rf_UNDERTPhi,rf,UNDERTPhi,1,0.016312535203013345
DS16,mc.rf_UNDERTPhi,rf,UNDERTPhi,2,0.01629186329386404
DS16,mc.rf_UNDERTPhi,rf,UNDERTPhi,3,0.016531775091328627
DS16,mc.rf_UNDERTPhi,rf,UNDERTPhi,4,0.015346823932899347
DS16,mc.rf_UNDERTPhi,rf,UNDERTPhi,5,0.01702041281361065
DS16,mc.rf_UNDERTPhi,rf,UNDERTPhi,6,0.016396362235035947
DS16,mc.rf_UNDERTPhi,rf,UNDERTPhi,7,0.016185484356949314
DS16,mc.rf_UNDERTPhi,rf,UNDERTPhi,8,0.01756201594731815
DS16,mc.rf_UNDERTPhi,rf,UNDERTPhi,9,0.016738591780419365
DS16,mc.rf_UNDERTPhi,rf,UNDERTPhi,10,0.016940767627372753
DS16,mc.rf_UNDERTPhi,rf,UNDERTPhi,11,0.016040508437936585
DS16,mc.rf_UNDERTPhi,rf,UNDERTPhi,12,0.017149348809272644
DS16,mc.rf_UNDERTPhi,rf,UNDERTPhi,13,0.01651624339261819
DS16,mc.rf_UNDERTPhi,rf,UNDERTPhi,14,0.01630714833949263
DS16,mc.rf_UNDERTPhi,rf,UNDERTPhi,15,0.015876446458649038
DS16,mc.rf_UNDERTPhi,rf,UNDERTPhi,16,0.017158900993514158
DS16,mc.rf_UNDERTPhi,rf,UNDERTPhi,17,0.016523249660369006
DS16,mc.rf_UNDERTPhi,rf,UNDERTPhi,18,0.017142531304690213
DS16,mc.rf_UNDERTPhi,rf,UNDERTPhi,19,0.016558333685936833
DS16,mc.rf_UNDERTPhi,rf,UNDERTPhi,20,0.016134576388249278
DS16,mc.rf_UNDERTPhi,rf,UNDERTPhi,21,0.015786373551449375
DS16,mc.rf_UNDERTPhi,rf,UNDERTPhi,22,0.0148527945957332
DS16,mc.rf_UNDERTPhi,rf,UNDERTPhi,23,0.01506832826612779
DS16,mc.rf_UNDERTPhi,rf,UNDERTPhi,24,0.013598784987123828
DS16,mc.rf_UNDERTPhi,rf,UNDERTPhi,25,0.01461412569316915
DS16,mc.rf_UNDERTPhi,rf,UNDERTPhi,26,0.014217048973499445
DS16,mc.rf_UNDERTPhi,rf,UNDERTPhi,27,0.014422815930829062
DS16,mc.rf_UNDERTPhi,rf,UNDERTPhi,28,0.013634554073435888
DS16,mc.rf_UNDERTPhi,rf,UNDERTPhi,29,0.013865660899164913
DS16,mc.rf_UNDERTPhi,rf,UNDERTPhi,30,0.014559488788112484
DS16,mc.rf_UNDERTPhi,rf,UNDERTPhi,31,0.01589305856412425
DS16,mc.rf_UNDERTPhi,rf,UNDERTPhi,32,0.013532047316166508
DS16,mc.rf_UNDERTPhi,rf,UNDERTPhi,33,0.013661425319054227
DS16,mc.rf_UNDERTPhi,rf,UNDERTPhi,34,0.013953104641118477
DS16,mc.rf_UNDERTPhi,rf,UNDERTPhi,35,0.01350354452060253
DS16,mc.rf_UNDERTPhi,rf,UNDERTPhi,36,0.013433642521924374
DS16,mc.rf_UNDERTPhi,rf,UNDERTPhi,37,0.01343243273569429
DS16,mc.rf_UNDERTPhi,rf,UNDERTPhi,38,0.014316278858995349
DS16,mc.rf_UNDERTPhi,rf,UNDERTPhi,39,0.01269739862244583
DS16,mc.rf_UNDERTPhi,rf,UNDERTPhi,40,0.014322605851184866
DS16,mc.rf_UNDERTPhi,rf,UNDERTPhi,41,0.013971137013550027
DS16,mc.rf_UNDERTPhi,rf,UNDERTPhi,42,0.013579194563638838
DS16,mc.rf_UNDERTPhi,rf,UNDERTPhi,43,0.012412110309503493
DS16,mc.rf_UNDERTPhi,rf,UNDERTPhi,44,0.01365138495984276
DS16,mc.rf_UNDERTPhi,rf,UNDERTPhi,45,0.011379514432049313
DS16,mc.rf_UNDERTPhi,rf,UNDERTPhi,46,0.0121901492698593
DS16,mc.rf_UNDERTPhi,rf,UNDERTPhi,47,0.014300576127751765
DS16,mc.rf_UNDERTPhi,rf,UNDERTPhi,48,0.013367784175803591
DS16,mc.rf_UNDERTPhi,rf,UNDERTPhi,49,0.013518604672874688
DS16,mc.rf_UNDERTPhi,rf,UNDERTPhi,50,0.01159859535120581
DS16,mc.rf_UNDERT,rf,UNDERT,1,0.015854629861144148
DS16,mc.rf_UNDERT,rf,UNDERT,2,0.01642666223469871
DS16,mc.rf_UNDERT,rf,UNDERT,3,0.015577599472836596
DS16,mc.rf_UNDERT,rf,UNDERT,4,0.015165800356740566
DS16,mc.rf_UNDERT,rf,UNDERT,5,0.016578547537472173
DS16,mc.rf_UNDERT,rf,UNDERT,6,0.017638438440795025
DS16,mc.rf_UNDERT,rf,UNDERT,7,0.01757684786698573
DS16,mc.rf_UNDERT,rf,UNDERT,8,0.017108076995087634
DS16,mc.rf_UNDERT,rf,UNDERT,9,0.015963552554619134
DS16,mc.rf_UNDERT,rf,UNDERT,10,0.01664508327326668
DS16,mc.rf_UNDERT,rf,UNDERT,11,0.017408033126907092
DS16,mc.rf_UNDERT,rf,UNDERT,12,0.016273386795281296
DS16,mc.rf_UNDERT,rf,UNDERT,13,0.017286616299894902
DS16,mc.rf_UNDERT,rf,UNDERT,14,0.017499082393139583
DS16,mc.rf_UNDERT,rf,UNDERT,15,0.017266773973443336
DS16,mc.rf_UNDERT,rf,UNDERT,16,0.01696028435961133
DS16,mc.rf_UNDERT,rf,UNDERT,17,0.017064277603501904
DS16,mc.rf_UNDERT,rf,UNDERT,18,0.017222867817198232
DS16,mc.rf_UNDERT,rf,UNDERT,19,0.016433461540167393
DS16,mc.rf_UNDERT,rf,UNDERT,20,0.016279706881188384
DS16,mc.rf_UNDERT,rf,UNDERT,21,0.01558964534424595
DS16,mc.rf_UNDERT,rf,UNDERT,22,0.015803543795671077
DS16,mc.rf_UNDERT,rf,UNDERT,23,0.015374330233853394
DS16,mc.rf_UNDERT,rf,UNDERT,24,0.015690723265545305
DS16,mc.rf_UNDERT,rf,UNDERT,25,0.015304556116782086
DS16,mc.rf_UNDERT,rf,UNDERT,26,0.014955371311717307
DS16,mc.rf_UNDERT,rf,UNDERT,27,0.01461743787953713
DS16,mc.rf_UNDERT,rf,UNDERT,28,0.013754241642195951
DS16,mc.rf_UNDERT,rf,UNDERT,29,0.01413910834611965
DS16,mc.rf_UNDERT,rf,UNDERT,30,0.013464257868294902
DS16,mc.rf_UNDERT,rf,UNDERT,31,0.01466673200106306
DS16,mc.rf_UNDERT,rf,UNDERT,32,0.012837053095505637
DS16,mc.rf_UNDERT,rf,UNDERT,33,0.01338509954928016
DS16,mc.rf_UNDERT,rf,UNDERT,34,0.013308817767061512
DS16,mc.rf_UNDERT,rf,UNDERT,35,0.013230178476360419
DS16,mc.rf_UNDERT,rf,UNDERT,36,0.0143951234881015
DS16,mc.rf_UNDERT,rf,UNDERT,37,0.012885758797691162
DS16,mc.rf_UNDERT,rf,UNDERT,38,0.013662105699720097
DS16,mc.rf_UNDERT,rf,UNDERT,39,0.012006366091337992
DS16,mc.rf_UNDERT,rf,UNDERT,40,0.014153725376282808
DS16,mc.rf_UNDERT,rf,UNDERT,41,0.012866905682446429
DS16,mc.rf_UNDERT,rf,UNDERT,42,0.014826850571307988
DS16,mc.rf_UNDERT,rf,UNDERT,43,0.01224250974784902
DS16,mc.rf_UNDERT,rf,UNDERT,44,0.01182791057559107
DS16,mc.rf_UNDERT,rf,UNDERT,45,0.012598703874621666
DS16,mc.rf_UNDERT,rf,UNDERT,46,0.0137453385692313
DS16,mc.rf_UNDERT,rf,UNDERT,47,0.011706493225130551
DS16,mc.rf_UNDERT,rf,UNDERT,48,0.011687132280467668
DS16,mc.rf_UNDERT,rf,UNDERT,49,0.01216175229274244
DS16,mc.rf_UNDERT,rf,UNDERT,50,0.012064879601384174
DS16,mc.rf,rf,baseline,1,0.013569759158632455
DS16,mc.rf,rf,baseline,2,0.013508894696685302
DS16,mc.rf,rf,baseline,3,0.013687992846109947
DS16,mc.rf,rf,baseline,4,0.01369393704590971
DS16,mc.rf,rf,baseline,5,0.01372356399322796
DS16,mc.rf,rf,baseline,6,0.013690303707187542
DS16,mc.rf,rf,baseline,7,0.013740858558123287
DS16,mc.rf,rf,baseline,8,0.014019915904170482
DS16,mc.rf,rf,baseline,9,0.014183258303365654
DS16,mc.rf,rf,baseline,10,0.014073702152731576
DS16,mc.rf,rf,baseline,11,0.014622881990739238
DS16,mc.rf,rf,baseline,12,0.01461378682073861
DS16,mc.rf,rf,baseline,13,0.014577218361739096
DS16,mc.rf,rf,baseline,14,0.014552990471898154
DS16,mc.rf,rf,baseline,15,0.01457979064402503
DS16,mc.rf,rf,baseline,16,0.014783265111462251
DS16,mc.rf,rf,baseline,17,0.01470842404832024
DS16,mc.rf,rf,baseline,18,0.014668056235771445
DS16,mc.rf,rf,baseline,19,0.014092704295632833
DS16,mc.rf,rf,baseline,20,0.01383473739787378
DS16,mc.rf,rf,baseline,21,0.013722814215092569
DS16,mc.rf,rf,baseline,22,0.013211070412003404
DS16,mc.rf,rf,baseline,23,0.012951412284384425
DS16,mc.rf,rf,baseline,24,0.012771604856258102
DS16,mc.rf,rf,baseline,25,0.01235505916634156
DS16,mc.rf,rf,baseline,26,0.012361935949917658
DS16,mc.rf,rf,baseline,27,0.012001808242063226
DS16,mc.rf,rf,baseline,28,0.011858683154525712
DS16,mc.rf,rf,baseline,29,0.011959370504880011
DS16,mc.rf,rf,baseline,30,0.011163894573460975
DS16,mc.rf,rf,baseline,31,0.01107118084373502
DS16,mc.rf,rf,baseline,32,0.011000796852043573
DS16,mc.rf,rf,baseline,33,0.010905877135476553
DS16,mc.rf,rf,baseline,34,0.010934960702261657
DS16,mc.rf,rf,baseline,35,0.010935666870195076
DS16,mc.rf,rf,baseline,36,0.010911566064272198
DS16,mc.rf,rf,baseline,37,0.010917902656777551
DS16,mc.rf,rf,baseline,38,0.011239545935769453
DS16,mc.rf,rf,baseline,39,0.011046581556608493
DS16,mc.rf,rf,baseline,40,0.010973800662502024
DS16,mc.rf,rf,baseline,41,0.010973697003325348
DS16,mc.rf,rf,baseline,42,0.010072433733054461
DS16,mc.rf,rf,baseline,43,0.009975726278407884
DS16,mc.rf,rf,baseline,44,0.009924883559242688
DS16,mc.rf,rf,baseline,45,0.010008114726217935
DS16,mc.rf,rf,baseline,46,0.009800701592029224
DS16,mc.rf,rf,baseline,47,0.009988794370478178
DS16,mc.rf,rf,baseline,48,0.009757384491885141
DS16,mc.rf,rf,baseline,49,0.009776982937236367
DS16,mc.rf,rf,baseline,50,0.0097968407796627
DS16,mc.rpart_OVERB,rpart,OVERB,1,0.01776996725845436
DS16,mc.rpart_OVERB,rpart,OVERB,2,0.01759705622359837
DS16,mc.rpart_OVERB,rpart,OVERB,3,0.01795604670428109
DS16,mc.rpart_OVERB,rpart,OVERB,4,0.01602041713246904
DS16,mc.rpart_OVERB,rpart,OVERB,5,0.016810617394123786
DS16,mc.rpart_OVERB,rpart,OVERB,6,0.018548078155833772
DS16,mc.rpart_OVERB,rpart,OVERB,7,0.0177712683517738
DS16,mc.rpart_OVERB,rpart,OVERB,8,0.016805468005353142
DS16,mc.rpart_OVERB,rpart,OVERB,9,0.019209499262749292
DS16,mc.rpart_OVERB,rpart,OVERB,10,0.020745825931184188
DS16,mc.rpart_OVERB,rpart,OVERB,11,0.01886073695533532
DS16,mc.rpart_OVERB,rpart,OVERB,12,0.018713720262660848
DS16,mc.rpart_OVERB,rpart,OVERB,13,0.017348599609969578
DS16,mc.rpart_OVERB,rpart,OVERB,14,0.018254029144142033
DS16,mc.rpart_OVERB,rpart,OVERB,15,0.017369021013174734
DS16,mc.rpart_OVERB,rpart,OVERB,16,0.02033848894937354
DS16,mc.rpart_OVERB,rpart,OVERB,17,0.019283114415425535
DS16,mc.rpart_OVERB,rpart,OVERB,18,0.020604151807951422
DS16,mc.rpart_OVERB,rpart,OVERB,19,0.020253789480490742
DS16,mc.rpart_OVERB,rpart,OVERB,20,0.01806942043376475
DS16,mc.rpart_OVERB,rpart,OVERB,21,0.018062584890738472
DS16,mc.rpart_OVERB,rpart,OVERB,22,0.015577783789379417
DS16,mc.rpart_OVERB,rpart,OVERB,23,0.018206306380309307
DS16,mc.rpart_OVERB,rpart,OVERB,24,0.017436823309380976
DS16,mc.rpart_OVERB,rpart,OVERB,25,0.01788046477694884
DS16,mc.rpart_OVERB,rpart,OVERB,26,0.01717808392411892
DS16,mc.rpart_OVERB,rpart,OVERB,27,0.01568514975336919
DS16,mc.rpart_OVERB,rpart,OVERB,28,0.015752976963788728
DS16,mc.rpart_OVERB,rpart,OVERB,29,0.016044741696516183
DS16,mc.rpart_OVERB,rpart,OVERB,30,0.01588164609716483
DS16,mc.rpart_OVERB,rpart,OVERB,31,0.014734987772280727
DS16,mc.rpart_OVERB,rpart,OVERB,32,0.015306815152095234
DS16,mc.rpart_OVERB,rpart,OVERB,33,0.014605822566134474
DS16,mc.rpart_OVERB,rpart,OVERB,34,0.014720466078828083
DS16,mc.rpart_OVERB,rpart,OVERB,35,0.013840118514153553
DS16,mc.rpart_OVERB,rpart,OVERB,36,0.017524143298333874
DS16,mc.rpart_OVERB,rpart,OVERB,37,0.014916154779892154
DS16,mc.rpart_OVERB,rpart,OVERB,38,0.014107417348602968
DS16,mc.rpart_OVERB,rpart,OVERB,39,0.014642710247880103
DS16,mc.rpart_OVERB,rpart,OVERB,40,0.014598645773592227
DS16,mc.rpart_OVERB,rpart,OVERB,41,0.014370435817605288
DS16,mc.rpart_OVERB,rpart,OVERB,42,0.012917184363279316
DS16,mc.rpart_OVERB,rpart,OVERB,43,0.012927238142051075
DS16,mc.rpart_OVERB,rpart,OVERB,44,0.013286818651420586
DS16,mc.rpart_OVERB,rpart,OVERB,45,0.012985951643955653
DS16,mc.rpart_OVERB,rpart,OVERB,46,0.011112093574983118
DS16,mc.rpart_OVERB,rpart,OVERB,47,0.012219504928755044
DS16,mc.rpart_OVERB,rpart,OVERB,48,0.011424308638841302
DS16,mc.rpart_OVERB,rpart,OVERB,49,0.011908752825342534
DS16,mc.rpart_OVERB,rpart,OVERB,50,0.012209310603728379
DS16,mc.rpart_OVERTPhi,rpart,OVERTPhi,1,0.01807203368149507
DS16,mc.rpart_OVERTPhi,rpart,OVERTPhi,2,0.01841184099139821
DS16,mc.rpart_OVERTPhi,rpart,OVERTPhi,3,0.017837935793951185
DS16,mc.rpart_OVERTPhi,rpart,OVERTPhi,4,0.01733711603759371
DS16,mc.rpart_OVERTPhi,rpart,OVERTPhi,5,0.019181078709854523
DS16,mc.rpart_OVERTPhi,rpart,OVERTPhi,6,0.01953333374917837
DS16,mc.rpart_OVERTPhi,rpart,OVERTPhi,7,0.0168555785711449
DS16,mc.rpart_OVERTPhi,rpart,OVERTPhi,8,0.01871107908272929
DS16,mc.rpart_OVERTPhi,rpart,OVERTPhi,9,0.018374929309003817
DS16,mc.rpart_OVERTPhi,rpart,OVERTPhi,10,0.02016198540082128
DS16,mc.rpart_OVERTPhi,rpart,OVERTPhi,11,0.017994277123311166
DS16,mc.rpart_OVERTPhi,rpart,OVERTPhi,12,0.018141888045225783
DS16,mc.rpart_OVERTPhi,rpart,OVERTPhi,13,0.017381064916615525
DS16,mc.rpart_OVERTPhi,rpart,OVERTPhi,14,0.019369555634241795
DS16,mc.rpart_OVERTPhi,rpart,OVERTPhi,15,0.017979701955770536
DS16,mc.rpart_OVERTPhi,rpart,OVERTPhi,16,0.01796506440533203
DS16,mc.rpart_OVERTPhi,rpart,OVERTPhi,17,0.018017252328221912
DS16,mc.rpart_OVERTPhi,rpart,OVERTPhi,18,0.017520536314240814
DS16,mc.rpart_OVERTPhi,rpart,OVERTPhi,19,0.016471859282691494
DS16,mc.rpart_OVERTPhi,rpart,OVERTPhi,20,0.017316396692510144
DS16,mc.rpart_OVERTPhi,rpart,OVERTPhi,21,0.01739015630488272
DS16,mc.rpart_OVERTPhi,rpart,OVERTPhi,22,0.016462518096560786
DS16,mc.rpart_OVERTPhi,rpart,OVERTPhi,23,0.01767761394482351
DS16,mc.rpart_OVERTPhi,rpart,OVERTPhi,24,0.01684666664537629
DS16,mc.rpart_OVERTPhi,rpart,OVERTPhi,25,0.018635205532932974
DS16,mc.rpart_OVERTPhi,rpart,OVERTPhi,26,0.017393820488111163
DS16,mc.rpart_OVERTPhi,rpart,OVERTPhi,27,0.015460055394564725
DS16,mc.rpart_OVERTPhi,rpart,OVERTPhi,28,0.016001153495370846
DS16,mc.rpart_OVERTPhi,rpart,OVERTPhi,29,0.015979267580891066
DS16,mc.rpart_OVERTPhi,rpart,OVERTPhi,30,0.013160083362825837
DS16,mc.rpart_OVERTPhi,rpart,OVERTPhi,31,0.013730715307067539
DS16,mc.rpart_OVERTPhi,rpart,OVERTPhi,32,0.01323352393266471
DS16,mc.rpart_OVERTPhi,rpart,OVERTPhi,33,0.013501924719118605
DS16,mc.rpart_OVERTPhi,rpart,OVERTPhi,34,0.012919102868741192
DS16,mc.rpart_OVERTPhi,rpart,OVERTPhi,35,0.013094969590362552
DS16,mc.rpart_OVERTPhi,rpart,OVERTPhi,36,0.013412611336649756
DS16,mc.rpart_OVERTPhi,rpart,OVERTPhi,37,0.014041332323605486
DS16,mc.rpart_OVERTPhi,rpart,OVERTPhi,38,0.013891273770932355
DS16,mc.rpart_OVERTPhi,rpart,OVERTPhi,39,0.014424725927949408
DS16,mc.rpart_OVERTPhi,rpart,OVERTPhi,40,0.013168753215177511
DS16,mc.rpart_OVERTPhi,rpart,OVERTPhi,41,0.013219674561577403
DS16,mc.rpart_OVERTPhi,rpart,OVERTPhi,42,0.01230493684016459
DS16,mc.rpart_OVERTPhi,rpart,OVERTPhi,43,0.012643300845780645
DS16,mc.rpart_OVERTPhi,rpart,OVERTPhi,44,0.013918208554008368
DS16,mc.rpart_OVERTPhi,rpart,OVERTPhi,45,0.012138235285363393
DS16,mc.rpart_OVERTPhi,rpart,OVERTPhi,46,0.012434898292462398
DS16,mc.rpart_OVERTPhi,rpart,OVERTPhi,47,0.011444139658771505
DS16,mc.rpart_OVERTPhi,rpart,OVERTPhi,48,0.012672236742769063
DS16,mc.rpart_OVERTPhi,rpart,OVERTPhi,49,0.013056682592710485
DS16,mc.rpart_OVERTPhi,rpart,OVERTPhi,50,0.01330734943451947
DS16,mc.rpart_OVERT,rpart,OVERT,1,0.0182596045367087
DS16,mc.rpart_OVERT,rpart,OVERT,2,0.01908224447315224
DS16,mc.rpart_OVERT,rpart,OVERT,3,0.01772390078125085
DS16,mc.rpart_OVERT,rpart,OVERT,4,0.016175819351539916
DS16,mc.rpart_OVERT,rpart,OVERT,5,0.019176730950791775
DS16,mc.rpart_OVERT,rpart,OVERT,6,0.019640691003639552
DS16,mc.rpart_OVERT,rpart,OVERT,7,0.01685774431723505
DS16,mc.rpart_OVERT,rpart,OVERT,8,0.018703039186700788
DS16,mc.rpart_OVERT,rpart,OVERT,9,0.018375390695284308
DS16,mc.rpart_OVERT,rpart,OVERT,10,0.019912024856574735
DS16,mc.rpart_OVERT,rpart,OVERT,11,0.017994277123311166
DS16,mc.rpart_OVERT,rpart,OVERT,12,0.018132619654584837
DS16,mc.rpart_OVERT,rpart,OVERT,13,0.017382178022115762
DS16,mc.rpart_OVERT,rpart,OVERT,14,0.01885550985104513
DS16,mc.rpart_OVERT,rpart,OVERT,15,0.017315779823243706
DS16,mc.rpart_OVERT,rpart,OVERT,16,0.017950820647680506
DS16,mc.rpart_OVERT,rpart,OVERT,17,0.01791137943231269
DS16,mc.rpart_OVERT,rpart,OVERT,18,0.017511115855082176
DS16,mc.rpart_OVERT,rpart,OVERT,19,0.016076668798648504
DS16,mc.rpart_OVERT,rpart,OVERT,20,0.01731285502101199
DS16,mc.rpart_OVERT,rpart,OVERT,21,0.01698041002600157
DS16,mc.rpart_OVERT,rpart,OVERT,22,0.01646214425176638
DS16,mc.rpart_OVERT,rpart,OVERT,23,0.017677494572161882
DS16,mc.rpart_OVERT,rpart,OVERT,24,0.018135278120993574
DS16,mc.rpart_OVERT,rpart,OVERT,25,0.017268139902121712
DS16,mc.rpart_OVERT,rpart,OVERT,26,0.017329456600558565
DS16,mc.rpart_OVERT,rpart,OVERT,27,0.015862923181425875
DS16,mc.rpart_OVERT,rpart,OVERT,28,0.01599834596881995
DS16,mc.rpart_OVERT,rpart,OVERT,29,0.015977840469984343
DS16,mc.rpart_OVERT,rpart,OVERT,30,0.01324451292619891
DS16,mc.rpart_OVERT,rpart,OVERT,31,0.013067688000373065
DS16,mc.rpart_OVERT,rpart,OVERT,32,0.013079915421630358
DS16,mc.rpart_OVERT,rpart,OVERT,33,0.013499072679445794
DS16,mc.rpart_OVERT,rpart,OVERT,34,0.012919102868741192
DS16,mc.rpart_OVERT,rpart,OVERT,35,0.01309026466927607
DS16,mc.rpart_OVERT,rpart,OVERT,36,0.013844250763206176
DS16,mc.rpart_OVERT,rpart,OVERT,37,0.014037211830833347
DS16,mc.rpart_OVERT,rpart,OVERT,38,0.01386713058197027
DS16,mc.rpart_OVERT,rpart,OVERT,39,0.014406118978719159
DS16,mc.rpart_OVERT,rpart,OVERT,40,0.013172816961272748
DS16,mc.rpart_OVERT,rpart,OVERT,41,0.013225698075701044
DS16,mc.rpart_OVERT,rpart,OVERT,42,0.01261586226247012
DS16,mc.rpart_OVERT,rpart,OVERT,43,0.012643315751291687
DS16,mc.rpart_OVERT,rpart,OVERT,44,0.012944439372115204
DS16,mc.rpart_OVERT,rpart,OVERT,45,0.012143137780834935
DS16,mc.rpart_OVERT,rpart,OVERT,46,0.013032194890778543
DS16,mc.rpart_OVERT,rpart,OVERT,47,0.011449158816966148
DS16,mc.rpart_OVERT,rpart,OVERT,48,0.012451631856681925
DS16,mc.rpart_OVERT,rpart,OVERT,49,0.013000342483608056
DS16,mc.rpart_OVERT,rpart,OVERT,50,0.01330734943451947
DS16,mc.rpart_SMOTEB,rpart,SMOTEB,1,0.023043949144856413
DS16,mc.rpart_SMOTEB,rpart,SMOTEB,2,0.02328816803769212
DS16,mc.rpart_SMOTEB,rpart,SMOTEB,3,0.02290243770538302
DS16,mc.rpart_SMOTEB,rpart,SMOTEB,4,0.025798228662074138
DS16,mc.rpart_SMOTEB,rpart,SMOTEB,5,0.023524630418987003
DS16,mc.rpart_SMOTEB,rpart,SMOTEB,6,0.023685197499732167
DS16,mc.rpart_SMOTEB,rpart,SMOTEB,7,0.025780135384009046
DS16,mc.rpart_SMOTEB,rpart,SMOTEB,8,0.025880915023566174
DS16,mc.rpart_SMOTEB,rpart,SMOTEB,9,0.026139158066992078
DS16,mc.rpart_SMOTEB,rpart,SMOTEB,10,0.02485591704310169
DS16,mc.rpart_SMOTEB,rpart,SMOTEB,11,0.021166450002611227
DS16,mc.rpart_SMOTEB,rpart,SMOTEB,12,0.022593556678543673
DS16,mc.rpart_SMOTEB,rpart,SMOTEB,13,0.024312616531943703
DS16,mc.rpart_SMOTEB,rpart,SMOTEB,14,0.024654011452970997
DS16,mc.rpart_SMOTEB,rpart,SMOTEB,15,0.020906139955466432
DS16,mc.rpart_SMOTEB,rpart,SMOTEB,16,0.019923722166645706
DS16,mc.rpart_SMOTEB,rpart,SMOTEB,17,0.022391112338493682
DS16,mc.rpart_SMOTEB,rpart,SMOTEB,18,0.020543560032537093
DS16,mc.rpart_SMOTEB,rpart,SMOTEB,19,0.02249573194205716
DS16,mc.rpart_SMOTEB,rpart,SMOTEB,20,0.021115912938632662
DS16,mc.rpart_SMOTEB,rpart,SMOTEB,21,0.0211617622605069
DS16,mc.rpart_SMOTEB,rpart,SMOTEB,22,0.021023260803474768
DS16,mc.rpart_SMOTEB,rpart,SMOTEB,23,0.019960521382663448
DS16,mc.rpart_SMOTEB,rpart,SMOTEB,24,0.02017722401383762
DS16,mc.rpart_SMOTEB,rpart,SMOTEB,25,0.02086190565498784
DS16,mc.rpart_SMOTEB,rpart,SMOTEB,26,0.02154945606710755
DS16,mc.rpart_SMOTEB,rpart,SMOTEB,27,0.018680765589799996
DS16,mc.rpart_SMOTEB,rpart,SMOTEB,28,0.0190960418500335
DS16,mc.rpart_SMOTEB,rpart,SMOTEB,29,0.019781778887493655
DS16,mc.rpart_SMOTEB,rpart,SMOTEB,30,0.020177027010944364
DS16,mc.rpart_SMOTEB,rpart,SMOTEB,31,0.020493893783921982
DS16,mc.rpart_SMOTEB,rpart,SMOTEB,32,0.020520654850673274
DS16,mc.rpart_SMOTEB,rpart,SMOTEB,33,0.01770916672237574
DS16,mc.rpart_SMOTEB,rpart,SMOTEB,34,0.01764781702673906
DS16,mc.rpart_SMOTEB,rpart,SMOTEB,35,0.017180445928798166
DS16,mc.rpart_SMOTEB,rpart,SMOTEB,36,0.019620855530178782
DS16,mc.rpart_SMOTEB,rpart,SMOTEB,37,0.01859415191768521
DS16,mc.rpart_SMOTEB,rpart,SMOTEB,38,0.019545781093852403
DS16,mc.rpart_SMOTEB,rpart,SMOTEB,39,0.018820267630071108
DS16,mc.rpart_SMOTEB,rpart,SMOTEB,40,0.017548778319725993
DS16,mc.rpart_SMOTEB,rpart,SMOTEB,41,0.017877437086350617
DS16,mc.rpart_SMOTEB,rpart,SMOTEB,42,0.020443880385741048
DS16,mc.rpart_SMOTEB,rpart,SMOTEB,43,0.018510662758705214
DS16,mc.rpart_SMOTEB,rpart,SMOTEB,44,0.019027448445637498
DS16,mc.rpart_SMOTEB,rpart,SMOTEB,45,0.01761740124291447
DS16,mc.rpart_SMOTEB,rpart,SMOTEB,46,0.017891503696533907
DS16,mc.rpart_SMOTEB,rpart,SMOTEB,47,0.0184735208199839
DS16,mc.rpart_SMOTEB,rpart,SMOTEB,48,0.0172922422115352
DS16,mc.rpart_SMOTEB,rpart,SMOTEB,49,0.01656555875084218
DS16,mc.rpart_SMOTEB,rpart,SMOTEB,50,0.018656755729409332
DS16,mc.rpart_SMOTETPhi,rpart,SMOTETPhi,1,0.025621949022567977
DS16,mc.rpart_SMOTETPhi,rpart,SMOTETPhi,2,0.027673206793812775
DS16,mc.rpart_SMOTETPhi,rpart,SMOTETPhi,3,0.023021826358227387
DS16,mc.rpart_SMOTETPhi,rpart,SMOTETPhi,4,0.024726211179883877
DS16,mc.rpart_SMOTETPhi,rpart,SMOTETPhi,5,0.0269309652093593
DS16,mc.rpart_SMOTETPhi,rpart,SMOTETPhi,6,0.025456527545321603
DS16,mc.rpart_SMOTETPhi,rpart,SMOTETPhi,7,0.02657852130563167
DS16,mc.rpart_SMOTETPhi,rpart,SMOTETPhi,8,0.02695384794911138
DS16,mc.rpart_SMOTETPhi,rpart,SMOTETPhi,9,0.024462261243025415
DS16,mc.rpart_SMOTETPhi,rpart,SMOTETPhi,10,0.022622752710850343
DS16,mc.rpart_SMOTETPhi,rpart,SMOTETPhi,11,0.0240085135741897
DS16,mc.rpart_SMOTETPhi,rpart,SMOTETPhi,12,0.02179062634931482
DS16,mc.rpart_SMOTETPhi,rpart,SMOTETPhi,13,0.024746518403288436
DS16,mc.rpart_SMOTETPhi,rpart,SMOTETPhi,14,0.023814039147908517
DS16,mc.rpart_SMOTETPhi,rpart,SMOTETPhi,15,0.02236635056846201
DS16,mc.rpart_SMOTETPhi,rpart,SMOTETPhi,16,0.021441245371274002
DS16,mc.rpart_SMOTETPhi,rpart,SMOTETPhi,17,0.02083611915387569
DS16,mc.rpart_SMOTETPhi,rpart,SMOTETPhi,18,0.021040324441164795
DS16,mc.rpart_SMOTETPhi,rpart,SMOTETPhi,19,0.02300007818262002
DS16,mc.rpart_SMOTETPhi,rpart,SMOTETPhi,20,0.02127748666219221
DS16,mc.rpart_SMOTETPhi,rpart,SMOTETPhi,21,0.02080171780958296
DS16,mc.rpart_SMOTETPhi,rpart,SMOTETPhi,22,0.022150579680162517
DS16,mc.rpart_SMOTETPhi,rpart,SMOTETPhi,23,0.0208256663106042
DS16,mc.rpart_SMOTETPhi,rpart,SMOTETPhi,24,0.01883347725892368
DS16,mc.rpart_SMOTETPhi,rpart,SMOTETPhi,25,0.023658435922352266
DS16,mc.rpart_SMOTETPhi,rpart,SMOTETPhi,26,0.021329924815227403
DS16,mc.rpart_SMOTETPhi,rpart,SMOTETPhi,27,0.020391470604484555
DS16,mc.rpart_SMOTETPhi,rpart,SMOTETPhi,28,0.02237349502210965
DS16,mc.rpart_SMOTETPhi,rpart,SMOTETPhi,29,0.021535033626972937
DS16,mc.rpart_SMOTETPhi,rpart,SMOTETPhi,30,0.021081653601548702
DS16,mc.rpart_SMOTETPhi,rpart,SMOTETPhi,31,0.022084016823525048
DS16,mc.rpart_SMOTETPhi,rpart,SMOTETPhi,32,0.0238565717506742
DS16,mc.rpart_SMOTETPhi,rpart,SMOTETPhi,33,0.021382110275034824
DS16,mc.rpart_SMOTETPhi,rpart,SMOTETPhi,34,0.020014663910343622
DS16,mc.rpart_SMOTETPhi,rpart,SMOTETPhi,35,0.021070569321704334
DS16,mc.rpart_SMOTETPhi,rpart,SMOTETPhi,36,0.0213190769508652
DS16,mc.rpart_SMOTETPhi,rpart,SMOTETPhi,37,0.01901309940039727
DS16,mc.rpart_SMOTETPhi,rpart,SMOTETPhi,38,0.016815607929753677
DS16,mc.rpart_SMOTETPhi,rpart,SMOTETPhi,39,0.01890781135196357
DS16,mc.rpart_SMOTETPhi,rpart,SMOTETPhi,40,0.022616942306417757
DS16,mc.rpart_SMOTETPhi,rpart,SMOTETPhi,41,0.01941622973430172
DS16,mc.rpart_SMOTETPhi,rpart,SMOTETPhi,42,0.019990269142398966
DS16,mc.rpart_SMOTETPhi,rpart,SMOTETPhi,43,0.020457978653316406
DS16,mc.rpart_SMOTETPhi,rpart,SMOTETPhi,44,0.02139325638383003
DS16,mc.rpart_SMOTETPhi,rpart,SMOTETPhi,45,0.02014710525942553
DS16,mc.rpart_SMOTETPhi,rpart,SMOTETPhi,46,0.017977831657904883
DS16,mc.rpart_SMOTETPhi,rpart,SMOTETPhi,47,0.016967553698769594
DS16,mc.rpart_SMOTETPhi,rpart,SMOTETPhi,48,0.01837383368252252
DS16,mc.rpart_SMOTETPhi,rpart,SMOTETPhi,49,0.019265892783293773
DS16,mc.rpart_SMOTETPhi,rpart,SMOTETPhi,50,0.018544805265550784
DS16,mc.rpart_SMOTET,rpart,SMOTET,1,0.02425746696599107
DS16,mc.rpart_SMOTET,rpart,SMOTET,2,0.02372575788524059
DS16,mc.rpart_SMOTET,rpart,SMOTET,3,0.024511214986510085
DS16,mc.rpart_SMOTET,rpart,SMOTET,4,0.025654450486961605
DS16,mc.rpart_SMOTET,rpart,SMOTET,5,0.02285116956521398
DS16,mc.rpart_SMOTET,rpart,SMOTET,6,0.02459363664514145
DS16,mc.rpart_SMOTET,rpart,SMOTET,7,0.022427549483151645
DS16,mc.rpart_SMOTET,rpart,SMOTET,8,0.02466279213997005
DS16,mc.rpart_SMOTET,rpart,SMOTET,9,0.02401330248623701
DS16,mc.rpart_SMOTET,rpart,SMOTET,10,0.0222976295257893
DS16,mc.rpart_SMOTET,rpart,SMOTET,11,0.022943846898914
DS16,mc.rpart_SMOTET,rpart,SMOTET,12,0.022441604700768673
DS16,mc.rpart_SMOTET,rpart,SMOTET,13,0.023087869708027408
DS16,mc.rpart_SMOTET,rpart,SMOTET,14,0.023859011509806686
DS16,mc.rpart_SMOTET,rpart,SMOTET,15,0.023438081764438186
DS16,mc.rpart_SMOTET,rpart,SMOTET,16,0.019633235349949856
DS16,mc.rpart_SMOTET,rpart,SMOTET,17,0.020820255644478893
DS16,mc.rpart_SMOTET,rpart,SMOTET,18,0.019907305465210728
DS16,mc.rpart_SMOTET,rpart,SMOTET,19,0.022869666128948665
DS16,mc.rpart_SMOTET,rpart,SMOTET,20,0.019990214356352863
DS16,mc.rpart_SMOTET,rpart,SMOTET,21,0.019208199058096516
DS16,mc.rpart_SMOTET,rpart,SMOTET,22,0.01735651998576532
DS16,mc.rpart_SMOTET,rpart,SMOTET,23,0.01794287048774545
DS16,mc.rpart_SMOTET,rpart,SMOTET,24,0.01791662327187053
DS16,mc.rpart_SMOTET,rpart,SMOTET,25,0.020915411247344577
DS16,mc.rpart_SMOTET,rpart,SMOTET,26,0.020790341448986446
DS16,mc.rpart_SMOTET,rpart,SMOTET,27,0.020611494867530594
DS16,mc.rpart_SMOTET,rpart,SMOTET,28,0.021118815576557246
DS16,mc.rpart_SMOTET,rpart,SMOTET,29,0.021072502394131856
DS16,mc.rpart_SMOTET,rpart,SMOTET,30,0.018969378849142612
DS16,mc.rpart_SMOTET,rpart,SMOTET,31,0.020991035057396232
DS16,mc.rpart_SMOTET,rpart,SMOTET,32,0.02266381896225456
DS16,mc.rpart_SMOTET,rpart,SMOTET,33,0.021500863798364377
DS16,mc.rpart_SMOTET,rpart,SMOTET,34,0.020554024561269778
DS16,mc.rpart_SMOTET,rpart,SMOTET,35,0.018418669342228116
DS16,mc.rpart_SMOTET,rpart,SMOTET,36,0.018361918991186037
DS16,mc.rpart_SMOTET,rpart,SMOTET,37,0.01976888091068453
DS16,mc.rpart_SMOTET,rpart,SMOTET,38,0.016329737613701073
DS16,mc.rpart_SMOTET,rpart,SMOTET,39,0.015903083148514647
DS16,mc.rpart_SMOTET,rpart,SMOTET,40,0.016100938269016835
DS16,mc.rpart_SMOTET,rpart,SMOTET,41,0.015336863406902383
DS16,mc.rpart_SMOTET,rpart,SMOTET,42,0.01785318606642585
DS16,mc.rpart_SMOTET,rpart,SMOTET,43,0.016048235308770878
DS16,mc.rpart_SMOTET,rpart,SMOTET,44,0.018619527834265435
DS16,mc.rpart_SMOTET,rpart,SMOTET,45,0.015786655353668442
DS16,mc.rpart_SMOTET,rpart,SMOTET,46,0.01642528583203729
DS16,mc.rpart_SMOTET,rpart,SMOTET,47,0.01565222354028224
DS16,mc.rpart_SMOTET,rpart,SMOTET,48,0.015665669448696646
DS16,mc.rpart_SMOTET,rpart,SMOTET,49,0.016028301964752478
DS16,mc.rpart_SMOTET,rpart,SMOTET,50,0.017049745380978306
DS16,mc.rpart_UNDERB,rpart,UNDERB,1,0.0253352734425313
DS16,mc.rpart_UNDERB,rpart,UNDERB,2,0.02421491413278122
DS16,mc.rpart_UNDERB,rpart,UNDERB,3,0.023596122305368714
DS16,mc.rpart_UNDERB,rpart,UNDERB,4,0.02315962234742294
DS16,mc.rpart_UNDERB,rpart,UNDERB,5,0.020118116148781118
DS16,mc.rpart_UNDERB,rpart,UNDERB,6,0.022880770480639637
DS16,mc.rpart_UNDERB,rpart,UNDERB,7,0.022917711347839265
DS16,mc.rpart_UNDERB,rpart,UNDERB,8,0.025276207767180793
DS16,mc.rpart_UNDERB,rpart,UNDERB,9,0.023783453428738482
DS16,mc.rpart_UNDERB,rpart,UNDERB,10,0.024261831956380927
DS16,mc.rpart_UNDERB,rpart,UNDERB,11,0.025885836595515892
DS16,mc.rpart_UNDERB,rpart,UNDERB,12,0.024696736433437692
DS16,mc.rpart_UNDERB,rpart,UNDERB,13,0.02274520255328044
DS16,mc.rpart_UNDERB,rpart,UNDERB,14,0.0253126907543661
DS16,mc.rpart_UNDERB,rpart,UNDERB,15,0.023688109853330246
DS16,mc.rpart_UNDERB,rpart,UNDERB,16,0.024230712302102497
DS16,mc.rpart_UNDERB,rpart,UNDERB,17,0.021978664445469396
DS16,mc.rpart_UNDERB,rpart,UNDERB,18,0.021933326008117475
DS16,mc.rpart_UNDERB,rpart,UNDERB,19,0.024823943385611873
DS16,mc.rpart_UNDERB,rpart,UNDERB,20,0.020711618709651953
DS16,mc.rpart_UNDERB,rpart,UNDERB,21,0.020562986605819476
DS16,mc.rpart_UNDERB,rpart,UNDERB,22,0.019541828915859608
DS16,mc.rpart_UNDERB,rpart,UNDERB,23,0.019626886236015707
DS16,mc.rpart_UNDERB,rpart,UNDERB,24,0.02071571999297827
DS16,mc.rpart_UNDERB,rpart,UNDERB,25,0.022152564347299127
DS16,mc.rpart_UNDERB,rpart,UNDERB,26,0.01956553999734885
DS16,mc.rpart_UNDERB,rpart,UNDERB,27,0.019301784002177493
DS16,mc.rpart_UNDERB,rpart,UNDERB,28,0.021299767995279027
DS16,mc.rpart_UNDERB,rpart,UNDERB,29,0.019191998830532117
DS16,mc.rpart_UNDERB,rpart,UNDERB,30,0.019833441498818483
DS16,mc.rpart_UNDERB,rpart,UNDERB,31,0.018497247828220736
DS16,mc.rpart_UNDERB,rpart,UNDERB,32,0.019719772560886726
DS16,mc.rpart_UNDERB,rpart,UNDERB,33,0.01624699262703222
DS16,mc.rpart_UNDERB,rpart,UNDERB,34,0.020705614717734102
DS16,mc.rpart_UNDERB,rpart,UNDERB,35,0.018702072790371244
DS16,mc.rpart_UNDERB,rpart,UNDERB,36,0.019439397059914414
DS16,mc.rpart_UNDERB,rpart,UNDERB,37,0.017927688620787564
DS16,mc.rpart_UNDERB,rpart,UNDERB,38,0.018534123892974128
DS16,mc.rpart_UNDERB,rpart,UNDERB,39,0.017795210002596786
DS16,mc.rpart_UNDERB,rpart,UNDERB,40,0.018932563730795476
DS16,mc.rpart_UNDERB,rpart,UNDERB,41,0.01989934521118361
DS16,mc.rpart_UNDERB,rpart,UNDERB,42,0.016552840376935475
DS16,mc.rpart_UNDERB,rpart,UNDERB,43,0.017556436220378693
DS16,mc.rpart_UNDERB,rpart,UNDERB,44,0.022698868260974593
DS16,mc.rpart_UNDERB,rpart,UNDERB,45,0.019214092945303723
DS16,mc.rpart_UNDERB,rpart,UNDERB,46,0.018547956075956634
DS16,mc.rpart_UNDERB,rpart,UNDERB,47,0.017983301009440525
DS16,mc.rpart_UNDERB,rpart,UNDERB,48,0.01797650492866932
DS16,mc.rpart_UNDERB,rpart,UNDERB,49,0.017705087031896324
DS16,mc.rpart_UNDERB,rpart,UNDERB,50,0.01942045011844274
DS16,mc.rpart_UNDERTPhi,rpart,UNDERTPhi,1,0.02674567711667767
DS16,mc.rpart_UNDERTPhi,rpart,UNDERTPhi,2,0.024740324382895966
DS16,mc.rpart_UNDERTPhi,rpart,UNDERTPhi,3,0.025662963400898697
DS16,mc.rpart_UNDERTPhi,rpart,UNDERTPhi,4,0.023633965609157613
DS16,mc.rpart_UNDERTPhi,rpart,UNDERTPhi,5,0.023657312169651484
DS16,mc.rpart_UNDERTPhi,rpart,UNDERTPhi,6,0.023886105861174886
DS16,mc.rpart_UNDERTPhi,rpart,UNDERTPhi,7,0.023792465558666407
DS16,mc.rpart_UNDERTPhi,rpart,UNDERTPhi,8,0.025102188926072213
DS16,mc.rpart_UNDERTPhi,rpart,UNDERTPhi,9,0.022989250176231654
DS16,mc.rpart_UNDERTPhi,rpart,UNDERTPhi,10,0.02224478911872981
DS16,mc.rpart_UNDERTPhi,rpart,UNDERTPhi,11,0.023625874131402196
DS16,mc.rpart_UNDERTPhi,rpart,UNDERTPhi,12,0.024925514835600206
DS16,mc.rpart_UNDERTPhi,rpart,UNDERTPhi,13,0.022378790302311748
DS16,mc.rpart_UNDERTPhi,rpart,UNDERTPhi,14,0.023228410173276568
DS16,mc.rpart_UNDERTPhi,rpart,UNDERTPhi,15,0.023413385424355185
DS16,mc.rpart_UNDERTPhi,rpart,UNDERTPhi,16,0.025630043093029017
DS16,mc.rpart_UNDERTPhi,rpart,UNDERTPhi,17,0.0232202138257672
DS16,mc.rpart_UNDERTPhi,rpart,UNDERTPhi,18,0.022187253121159628
DS16,mc.rpart_UNDERTPhi,rpart,UNDERTPhi,19,0.020567955231478106
DS16,mc.rpart_UNDERTPhi,rpart,UNDERTPhi,20,0.021654248483292143
DS16,mc.rpart_UNDERTPhi,rpart,UNDERTPhi,21,0.02241988849881913
DS16,mc.rpart_UNDERTPhi,rpart,UNDERTPhi,22,0.02177845491595862
DS16,mc.rpart_UNDERTPhi,rpart,UNDERTPhi,23,0.02036130416940844
DS16,mc.rpart_UNDERTPhi,rpart,UNDERTPhi,24,0.021728827535311468
DS16,mc.rpart_UNDERTPhi,rpart,UNDERTPhi,25,0.02090867584208245
DS16,mc.rpart_UNDERTPhi,rpart,UNDERTPhi,26,0.020129852375502428
DS16,mc.rpart_UNDERTPhi,rpart,UNDERTPhi,27,0.020527059046912963
DS16,mc.rpart_UNDERTPhi,rpart,UNDERTPhi,28,0.01864707026996999
DS16,mc.rpart_UNDERTPhi,rpart,UNDERTPhi,29,0.018598413748684393
DS16,mc.rpart_UNDERTPhi,rpart,UNDERTPhi,30,0.022527787144669215
DS16,mc.rpart_UNDERTPhi,rpart,UNDERTPhi,31,0.021825055704716226
DS16,mc.rpart_UNDERTPhi,rpart,UNDERTPhi,32,0.016293902235679707
DS16,mc.rpart_UNDERTPhi,rpart,UNDERTPhi,33,0.019030837426423745
DS16,mc.rpart_UNDERTPhi,rpart,UNDERTPhi,34,0.022899652541416116
DS16,mc.rpart_UNDERTPhi,rpart,UNDERTPhi,35,0.02031596399330778
DS16,mc.rpart_UNDERTPhi,rpart,UNDERTPhi,36,0.019372488591053876
DS16,mc.rpart_UNDERTPhi,rpart,UNDERTPhi,37,0.02013603078738397
DS16,mc.rpart_UNDERTPhi,rpart,UNDERTPhi,38,0.019668111865242463
DS16,mc.rpart_UNDERTPhi,rpart,UNDERTPhi,39,0.02011888473997638
DS16,mc.rpart_UNDERTPhi,rpart,UNDERTPhi,40,0.020875707300137648
DS16,mc.rpart_UNDERTPhi,rpart,UNDERTPhi,41,0.01912468813873695
DS16,mc.rpart_UNDERTPhi,rpart,UNDERTPhi,42,0.018384080762259225
DS16,mc.rpart_UNDERTPhi,rpart,UNDERTPhi,43,0.020975996980691986
DS16,mc.rpart_UNDERTPhi,rpart,UNDERTPhi,44,0.022017890474813787
DS16,mc.rpart_UNDERTPhi,rpart,UNDERTPhi,45,0.019288461340182708
DS16,mc.rpart_UNDERTPhi,rpart,UNDERTPhi,46,0.022774083010245708
DS16,mc.rpart_UNDERTPhi,rpart,UNDERTPhi,47,0.021738583569260034
DS16,mc.rpart_UNDERTPhi,rpart,UNDERTPhi,48,0.022340788101969523
DS16,mc.rpart_UNDERTPhi,rpart,UNDERTPhi,49,0.015866932289582265
DS16,mc.rpart_UNDERTPhi,rpart,UNDERTPhi,50,0.026612421667284728
DS16,mc.rpart_UNDERT,rpart,UNDERT,1,0.025277136618563272
DS16,mc.rpart_UNDERT,rpart,UNDERT,2,0.024350923961714416
DS16,mc.rpart_UNDERT,rpart,UNDERT,3,0.022085676688269176
DS16,mc.rpart_UNDERT,rpart,UNDERT,4,0.02223111631278415
DS16,mc.rpart_UNDERT,rpart,UNDERT,5,0.022791832532564706
DS16,mc.rpart_UNDERT,rpart,UNDERT,6,0.026249339015700465
DS16,mc.rpart_UNDERT,rpart,UNDERT,7,0.02658184111041741
DS16,mc.rpart_UNDERT,rpart,UNDERT,8,0.023421079219585493
DS16,mc.rpart_UNDERT,rpart,UNDERT,9,0.02319448754598606
DS16,mc.rpart_UNDERT,rpart,UNDERT,10,0.023802871710308336
DS16,mc.rpart_UNDERT,rpart,UNDERT,11,0.025611612391401802
DS16,mc.rpart_UNDERT,rpart,UNDERT,12,0.02610383107246405
DS16,mc.rpart_UNDERT,rpart,UNDERT,13,0.02436094842397935
DS16,mc.rpart_UNDERT,rpart,UNDERT,14,0.022467125257375698
DS16,mc.rpart_UNDERT,rpart,UNDERT,15,0.023717685624867677
DS16,mc.rpart_UNDERT,rpart,UNDERT,16,0.022336886518054083
DS16,mc.rpart_UNDERT,rpart,UNDERT,17,0.022211943819043
DS16,mc.rpart_UNDERT,rpart,UNDERT,18,0.02453596739670295
DS16,mc.rpart_UNDERT,rpart,UNDERT,19,0.021979282610392194
DS16,mc.rpart_UNDERT,rpart,UNDERT,20,0.023068323015531952
DS16,mc.rpart_UNDERT,rpart,UNDERT,21,0.019351228520602507
DS16,mc.rpart_UNDERT,rpart,UNDERT,22,0.023342902072645354
DS16,mc.rpart_UNDERT,rpart,UNDERT,23,0.02119101942426976
DS16,mc.rpart_UNDERT,rpart,UNDERT,24,0.020168640761972997
DS16,mc.rpart_UNDERT,rpart,UNDERT,25,0.02176618384871074
DS16,mc.rpart_UNDERT,rpart,UNDERT,26,0.02149854618739412
DS16,mc.rpart_UNDERT,rpart,UNDERT,27,0.023829468840024175
DS16,mc.rpart_UNDERT,rpart,UNDERT,28,0.021850710783522753
DS16,mc.rpart_UNDERT,rpart,UNDERT,29,0.022912495656617477
DS16,mc.rpart_UNDERT,rpart,UNDERT,30,0.021090995158645234
DS16,mc.rpart_UNDERT,rpart,UNDERT,31,0.02140758145161989
DS16,mc.rpart_UNDERT,rpart,UNDERT,32,0.020555840375847154
DS16,mc.rpart_UNDERT,rpart,UNDERT,33,0.018164637681299254
DS16,mc.rpart_UNDERT,rpart,UNDERT,34,0.01781239153146678
DS16,mc.rpart_UNDERT,rpart,UNDERT,35,0.019588047435381867
DS16,mc.rpart_UNDERT,rpart,UNDERT,36,0.02067582558514449
DS16,mc.rpart_UNDERT,rpart,UNDERT,37,0.02037915831304601
DS16,mc.rpart_UNDERT,rpart,UNDERT,38,0.01792900621762909
DS16,mc.rpart_UNDERT,rpart,UNDERT,39,0.01720013243010747
DS16,mc.rpart_UNDERT,rpart,UNDERT,40,0.020721069757946003
DS16,mc.rpart_UNDERT,rpart,UNDERT,41,0.017525072123328732
DS16,mc.rpart_UNDERT,rpart,UNDERT,42,0.020246838900032944
DS16,mc.rpart_UNDERT,rpart,UNDERT,43,0.017910520777246777
DS16,mc.rpart_UNDERT,rpart,UNDERT,44,0.020142624216541564
DS16,mc.rpart_UNDERT,rpart,UNDERT,45,0.018235448201573506
DS16,mc.rpart_UNDERT,rpart,UNDERT,46,0.020537499298928015
DS16,mc.rpart_UNDERT,rpart,UNDERT,47,0.017945803750885597
DS16,mc.rpart_UNDERT,rpart,UNDERT,48,0.020323638572736023
DS16,mc.rpart_UNDERT,rpart,UNDERT,49,0.019116751026608404
DS16,mc.rpart_UNDERT,rpart,UNDERT,50,0.018603975895260267
DS16,mc.rpart,rpart,baseline,1,0.016635464105313844
DS16,mc.rpart,rpart,baseline,2,0.017347636278086435
DS16,mc.rpart,rpart,baseline,3,0.017600081455697313
DS16,mc.rpart,rpart,baseline,4,0.016829388608776082
DS16,mc.rpart,rpart,baseline,5,0.0168707173395319
DS16,mc.rpart,rpart,baseline,6,0.017274603343633975
DS16,mc.rpart,rpart,baseline,7,0.016297441254934226
DS16,mc.rpart,rpart,baseline,8,0.016080169939835402
DS16,mc.rpart,rpart,baseline,9,0.0166876064540477
DS16,mc.rpart,rpart,baseline,10,0.017240539059916196
DS16,mc.rpart,rpart,baseline,11,0.01786992489956319
DS16,mc.rpart,rpart,baseline,12,0.017726075298632075
DS16,mc.rpart,rpart,baseline,13,0.01776084992442227
DS16,mc.rpart,rpart,baseline,14,0.018306523911013256
DS16,mc.rpart,rpart,baseline,15,0.01790606198254388
DS16,mc.rpart,rpart,baseline,16,0.017149009021717208
DS16,mc.rpart,rpart,baseline,17,0.017362330378736843
DS16,mc.rpart,rpart,baseline,18,0.01740038143464679
DS16,mc.rpart,rpart,baseline,19,0.015102581474048696
DS16,mc.rpart,rpart,baseline,20,0.016696686507541206
DS16,mc.rpart,rpart,baseline,21,0.014036649632711009
DS16,mc.rpart,rpart,baseline,22,0.01623312318457417
DS16,mc.rpart,rpart,baseline,23,0.015335647274112213
DS16,mc.rpart,rpart,baseline,24,0.014134957671970092
DS16,mc.rpart,rpart,baseline,25,0.01441835885588151
DS16,mc.rpart,rpart,baseline,26,0.01681349581708506
DS16,mc.rpart,rpart,baseline,27,0.014763494785006446
DS16,mc.rpart,rpart,baseline,28,0.014936895686619179
DS16,mc.rpart,rpart,baseline,29,0.015659301779586927
DS16,mc.rpart,rpart,baseline,30,0.01404839273065675
DS16,mc.rpart,rpart,baseline,31,0.013765307899356604
DS16,mc.rpart,rpart,baseline,32,0.015747290860195162
DS16,mc.rpart,rpart,baseline,33,0.01568799086781091
DS16,mc.rpart,rpart,baseline,34,0.013312452570153377
DS16,mc.rpart,rpart,baseline,35,0.013790529861643681
DS16,mc.rpart,rpart,baseline,36,0.013794328848927402
DS16,mc.rpart,rpart,baseline,37,0.013688577830392594
DS16,mc.rpart,rpart,baseline,38,0.01419860939345053
DS16,mc.rpart,rpart,baseline,39,0.013209420636548713
DS16,mc.rpart,rpart,baseline,40,0.01336204712048902
DS16,mc.rpart,rpart,baseline,41,0.012972907987169678
DS16,mc.rpart,rpart,baseline,42,0.01256196734462217
DS16,mc.rpart,rpart,baseline,43,0.011755876136560432
DS16,mc.rpart,rpart,baseline,44,0.012169531686978303
DS16,mc.rpart,rpart,baseline,45,0.012273539112723988
DS16,mc.rpart,rpart,baseline,46,0.011767924288851426
DS16,mc.rpart,rpart,baseline,47,0.012318258147190956
DS16,mc.rpart,rpart,baseline,48,0.011324896690208376
DS16,mc.rpart,rpart,baseline,49,0.013427020263221888
DS16,mc.rpart,rpart,baseline,50,0.01249731215017071
DS16,mc.svm_OVERB,svm,OVERB,1,0.017392777162368034
DS16,mc.svm_OVERB,svm,OVERB,2,0.016697001468298747
DS16,mc.svm_OVERB,svm,OVERB,3,0.016392986400990593
DS16,mc.svm_OVERB,svm,OVERB,4,0.016286230833990476
DS16,mc.svm_OVERB,svm,OVERB,5,0.01698824954505366
DS16,mc.svm_OVERB,svm,OVERB,6,0.01749722365389707
DS16,mc.svm_OVERB,svm,OVERB,7,0.017891701483419467
DS16,mc.svm_OVERB,svm,OVERB,8,0.018886238941585594
DS16,mc.svm_OVERB,svm,OVERB,9,0.018004775479218485
DS16,mc.svm_OVERB,svm,OVERB,10,0.01890351325940449
DS16,mc.svm_OVERB,svm,OVERB,11,0.020800397288328436
DS16,mc.svm_OVERB,svm,OVERB,12,0.02079965699382812
DS16,mc.svm_OVERB,svm,OVERB,13,0.02051705738603656
DS16,mc.svm_OVERB,svm,OVERB,14,0.021650174916244595
DS16,mc.svm_OVERB,svm,OVERB,15,0.02096137848146698
DS16,mc.svm_OVERB,svm,OVERB,16,0.02241860988826866
DS16,mc.svm_OVERB,svm,OVERB,17,0.02186938191674867
DS16,mc.svm_OVERB,svm,OVERB,18,0.02149332120770756
DS16,mc.svm_OVERB,svm,OVERB,19,0.020960445780921308
DS16,mc.svm_OVERB,svm,OVERB,20,0.021665354484451917
DS16,mc.svm_OVERB,svm,OVERB,21,0.022580448050026118
DS16,mc.svm_OVERB,svm,OVERB,22,0.021162377286649915
DS16,mc.svm_OVERB,svm,OVERB,23,0.02044130529611503
DS16,mc.svm_OVERB,svm,OVERB,24,0.02038770888671083
DS16,mc.svm_OVERB,svm,OVERB,25,0.020861743724381137
DS16,mc.svm_OVERB,svm,OVERB,26,0.019388654936886792
DS16,mc.svm_OVERB,svm,OVERB,27,0.01730858369990062
DS16,mc.svm_OVERB,svm,OVERB,28,0.01603685730878065
DS16,mc.svm_OVERB,svm,OVERB,29,0.015585192004653801
DS16,mc.svm_OVERB,svm,OVERB,30,0.014983409996156691
DS16,mc.svm_OVERB,svm,OVERB,31,0.013915289145333869
DS16,mc.svm_OVERB,svm,OVERB,32,0.01394095323993779
DS16,mc.svm_OVERB,svm,OVERB,33,0.014554163825241006
DS16,mc.svm_OVERB,svm,OVERB,34,0.01507235595487432
DS16,mc.svm_OVERB,svm,OVERB,35,0.014187392809595184
DS16,mc.svm_OVERB,svm,OVERB,36,0.014824584076580941
DS16,mc.svm_OVERB,svm,OVERB,37,0.014548144784988557
DS16,mc.svm_OVERB,svm,OVERB,38,0.014583099432152894
DS16,mc.svm_OVERB,svm,OVERB,39,0.014324239392305812
DS16,mc.svm_OVERB,svm,OVERB,40,0.014811040311492506
DS16,mc.svm_OVERB,svm,OVERB,41,0.014519812442082987
DS16,mc.svm_OVERB,svm,OVERB,42,0.013529397039765564
DS16,mc.svm_OVERB,svm,OVERB,43,0.012590361385447037
DS16,mc.svm_OVERB,svm,OVERB,44,0.01337876889907539
DS16,mc.svm_OVERB,svm,OVERB,45,0.012538508976432267
DS16,mc.svm_OVERB,svm,OVERB,46,0.013231524381364346
DS16,mc.svm_OVERB,svm,OVERB,47,0.012779881594431702
DS16,mc.svm_OVERB,svm,OVERB,48,0.012958452939134718
DS16,mc.svm_OVERB,svm,OVERB,49,0.012966268295827681
DS16,mc.svm_OVERB,svm,OVERB,50,0.01373310591647583
DS16,mc.svm_OVERTPhi,svm,OVERTPhi,1,0.017966704330208708
DS16,mc.svm_OVERTPhi,svm,OVERTPhi,2,0.01826415420145122
DS16,mc.svm_OVERTPhi,svm,OVERTPhi,3,0.017270504400675034
DS16,mc.svm_OVERTPhi,svm,OVERTPhi,4,0.01722240358058451
DS16,mc.svm_OVERTPhi,svm,OVERTPhi,5,0.018337786701057568
DS16,mc.svm_OVERTPhi,svm,OVERTPhi,6,0.018567719911341866
DS16,mc.svm_OVERTPhi,svm,OVERTPhi,7,0.018268541402723455
DS16,mc.svm_OVERTPhi,svm,OVERTPhi,8,0.019055708312776806
DS16,mc.svm_OVERTPhi,svm,OVERTPhi,9,0.019714417935223782
DS16,mc.svm_OVERTPhi,svm,OVERTPhi,10,0.01951279688927795
DS16,mc.svm_OVERTPhi,svm,OVERTPhi,11,0.021481136242778573
DS16,mc.svm_OVERTPhi,svm,OVERTPhi,12,0.02145081563986051
DS16,mc.svm_OVERTPhi,svm,OVERTPhi,13,0.02196184151009898
DS16,mc.svm_OVERTPhi,svm,OVERTPhi,14,0.023132832226022693
DS16,mc.svm_OVERTPhi,svm,OVERTPhi,15,0.023882482437289042
DS16,mc.svm_OVERTPhi,svm,OVERTPhi,16,0.021625658048206427
DS16,mc.svm_OVERTPhi,svm,OVERTPhi,17,0.022710948731629925
DS16,mc.svm_OVERTPhi,svm,OVERTPhi,18,0.023213256308482404
DS16,mc.svm_OVERTPhi,svm,OVERTPhi,19,0.022497358883551477
DS16,mc.svm_OVERTPhi,svm,OVERTPhi,20,0.02236024440669192
DS16,mc.svm_OVERTPhi,svm,OVERTPhi,21,0.02185153690566046
DS16,mc.svm_OVERTPhi,svm,OVERTPhi,22,0.020765641350240793
DS16,mc.svm_OVERTPhi,svm,OVERTPhi,23,0.02091057350013425
DS16,mc.svm_OVERTPhi,svm,OVERTPhi,24,0.020320215086807134
DS16,mc.svm_OVERTPhi,svm,OVERTPhi,25,0.02046219437315645
DS16,mc.svm_OVERTPhi,svm,OVERTPhi,26,0.019541571782621402
DS16,mc.svm_OVERTPhi,svm,OVERTPhi,27,0.01576953436632356
DS16,mc.svm_OVERTPhi,svm,OVERTPhi,28,0.01635844160575513
DS16,mc.svm_OVERTPhi,svm,OVERTPhi,29,0.015354534894511346
DS16,mc.svm_OVERTPhi,svm,OVERTPhi,30,0.014023039711330253
DS16,mc.svm_OVERTPhi,svm,OVERTPhi,31,0.013202204489756411
DS16,mc.svm_OVERTPhi,svm,OVERTPhi,32,0.013605657724055774
DS16,mc.svm_OVERTPhi,svm,OVERTPhi,33,0.013539800592934506
DS16,mc.svm_OVERTPhi,svm,OVERTPhi,34,0.013442914122957231
DS16,mc.svm_OVERTPhi,svm,OVERTPhi,35,0.013215808638856416
DS16,mc.svm_OVERTPhi,svm,OVERTPhi,36,0.01335556610489298
DS16,mc.svm_OVERTPhi,svm,OVERTPhi,37,0.01332615599564091
DS16,mc.svm_OVERTPhi,svm,OVERTPhi,38,0.013574745928504642
DS16,mc.svm_OVERTPhi,svm,OVERTPhi,39,0.013510817251412916
DS16,mc.svm_OVERTPhi,svm,OVERTPhi,40,0.013243843218487135
DS16,mc.svm_OVERTPhi,svm,OVERTPhi,41,0.013238906539602987
DS16,mc.svm_OVERTPhi,svm,OVERTPhi,42,0.01367294582367481
DS16,mc.svm_OVERTPhi,svm,OVERTPhi,43,0.013507301453153755
DS16,mc.svm_OVERTPhi,svm,OVERTPhi,44,0.01375026705529602
DS16,mc.svm_OVERTPhi,svm,OVERTPhi,45,0.013438882487724619
DS16,mc.svm_OVERTPhi,svm,OVERTPhi,46,0.013556721354427134
DS16,mc.svm_OVERTPhi,svm,OVERTPhi,47,0.013537716947026414
DS16,mc.svm_OVERTPhi,svm,OVERTPhi,48,0.013314233744984406
DS16,mc.svm_OVERTPhi,svm,OVERTPhi,49,0.013112486871864643
DS16,mc.svm_OVERTPhi,svm,OVERTPhi,50,0.013084257245507833
DS16,mc.svm_OVERT,svm,OVERT,1,0.017659005514725382
DS16,mc.svm_OVERT,svm,OVERT,2,0.01837520949942325
DS16,mc.svm_OVERT,svm,OVERT,3,0.01712521088873309
DS16,mc.svm_OVERT,svm,OVERT,4,0.01722838796799016
DS16,mc.svm_OVERT,svm,OVERT,5,0.018209249937615843
DS16,mc.svm_OVERT,svm,OVERT,6,0.018300252322217124
DS16,mc.svm_OVERT,svm,OVERT,7,0.018255830392496456
DS16,mc.svm_OVERT,svm,OVERT,8,0.018905609429906725
DS16,mc.svm_OVERT,svm,OVERT,9,0.019720458357730692
DS16,mc.svm_OVERT,svm,OVERT,10,0.019580112067378398
DS16,mc.svm_OVERT,svm,OVERT,11,0.021496081044978355
DS16,mc.svm_OVERT,svm,OVERT,12,0.021371905699196846
DS16,mc.svm_OVERT,svm,OVERT,13,0.02202140765245471
DS16,mc.svm_OVERT,svm,OVERT,14,0.02301675497900867
DS16,mc.svm_OVERT,svm,OVERT,15,0.02396600791527216
DS16,mc.svm_OVERT,svm,OVERT,16,0.021509513435751956
DS16,mc.svm_OVERT,svm,OVERT,17,0.022342863325493467
DS16,mc.svm_OVERT,svm,OVERT,18,0.02315120384306672
DS16,mc.svm_OVERT,svm,OVERT,19,0.0223844009603962
DS16,mc.svm_OVERT,svm,OVERT,20,0.02221891679476177
DS16,mc.svm_OVERT,svm,OVERT,21,0.02186759835537894
DS16,mc.svm_OVERT,svm,OVERT,22,0.020791089847119443
DS16,mc.svm_OVERT,svm,OVERT,23,0.020995198847621424
DS16,mc.svm_OVERT,svm,OVERT,24,0.020184951795237986
DS16,mc.svm_OVERT,svm,OVERT,25,0.0203234834370866
DS16,mc.svm_OVERT,svm,OVERT,26,0.019563209941455613
DS16,mc.svm_OVERT,svm,OVERT,27,0.01575990574802954
DS16,mc.svm_OVERT,svm,OVERT,28,0.016348547573347406
DS16,mc.svm_OVERT,svm,OVERT,29,0.015206305484207988
DS16,mc.svm_OVERT,svm,OVERT,30,0.014205313881470099
DS16,mc.svm_OVERT,svm,OVERT,31,0.013179528383177893
DS16,mc.svm_OVERT,svm,OVERT,32,0.013769572859470808
DS16,mc.svm_OVERT,svm,OVERT,33,0.013453757614723026
DS16,mc.svm_OVERT,svm,OVERT,34,0.013491242158179805
DS16,mc.svm_OVERT,svm,OVERT,35,0.013100465389236529
DS16,mc.svm_OVERT,svm,OVERT,36,0.013209550264096578
DS16,mc.svm_OVERT,svm,OVERT,37,0.013365846634149697
DS16,mc.svm_OVERT,svm,OVERT,38,0.013547790910540154
DS16,mc.svm_OVERT,svm,OVERT,39,0.013502078569184717
DS16,mc.svm_OVERT,svm,OVERT,40,0.013284870875665492
DS16,mc.svm_OVERT,svm,OVERT,41,0.013182093816704026
DS16,mc.svm_OVERT,svm,OVERT,42,0.013675356740987323
DS16,mc.svm_OVERT,svm,OVERT,43,0.013318133058009758
DS16,mc.svm_OVERT,svm,OVERT,44,0.013966100379268893
DS16,mc.svm_OVERT,svm,OVERT,45,0.013411668769239332
DS16,mc.svm_OVERT,svm,OVERT,46,0.013436746646095123
DS16,mc.svm_OVERT,svm,OVERT,47,0.013564435468628202
DS16,mc.svm_OVERT,svm,OVERT,48,0.013288824295171007
DS16,mc.svm_OVERT,svm,OVERT,49,0.013000992000371815
DS16,mc.svm_OVERT,svm,OVERT,50,0.013059068782653732
DS16,mc.svm_SMOTEB,svm,SMOTEB,1,0.02030949289591168
DS16,mc.svm_SMOTEB,svm,SMOTEB,2,0.01962667467297479
DS16,mc.svm_SMOTEB,svm,SMOTEB,3,0.020328204458517
DS16,mc.svm_SMOTEB,svm,SMOTEB,4,0.020840496814015216
DS16,mc.svm_SMOTEB,svm,SMOTEB,5,0.019921054777121493
DS16,mc.svm_SMOTEB,svm,SMOTEB,6,0.021821439067115905
DS16,mc.svm_SMOTEB,svm,SMOTEB,7,0.021861004640730663
DS16,mc.svm_SMOTEB,svm,SMOTEB,8,0.021751130447760406
DS16,mc.svm_SMOTEB,svm,SMOTEB,9,0.022539150139658428
DS16,mc.svm_SMOTEB,svm,SMOTEB,10,0.022587487960078444
DS16,mc.svm_SMOTEB,svm,SMOTEB,11,0.024272746105601817
DS16,mc.svm_SMOTEB,svm,SMOTEB,12,0.025614502938179604
DS16,mc.svm_SMOTEB,svm,SMOTEB,13,0.024783376150964737
DS16,mc.svm_SMOTEB,svm,SMOTEB,14,0.026744699240455173
DS16,mc.svm_SMOTEB,svm,SMOTEB,15,0.027183874423020893
DS16,mc.svm_SMOTEB,svm,SMOTEB,16,0.024046826865631078
DS16,mc.svm_SMOTEB,svm,SMOTEB,17,0.02353287229637401
DS16,mc.svm_SMOTEB,svm,SMOTEB,18,0.02594797606180367
DS16,mc.svm_SMOTEB,svm,SMOTEB,19,0.02341846863756843
DS16,mc.svm_SMOTEB,svm,SMOTEB,20,0.023808153334106165
DS16,mc.svm_SMOTEB,svm,SMOTEB,21,0.02325068056515656
DS16,mc.svm_SMOTEB,svm,SMOTEB,22,0.023032832844473595
DS16,mc.svm_SMOTEB,svm,SMOTEB,23,0.0210369053323733
DS16,mc.svm_SMOTEB,svm,SMOTEB,24,0.022745207477814063
DS16,mc.svm_SMOTEB,svm,SMOTEB,25,0.025566017562632704
DS16,mc.svm_SMOTEB,svm,SMOTEB,26,0.028124333756805807
DS16,mc.svm_SMOTEB,svm,SMOTEB,27,0.02396322274209457
DS16,mc.svm_SMOTEB,svm,SMOTEB,28,0.022677975865505767
DS16,mc.svm_SMOTEB,svm,SMOTEB,29,0.022155389242956916
DS16,mc.svm_SMOTEB,svm,SMOTEB,30,0.02075893458111515
DS16,mc.svm_SMOTEB,svm,SMOTEB,31,0.020610193751405183
DS16,mc.svm_SMOTEB,svm,SMOTEB,32,0.0216566587494911
DS16,mc.svm_SMOTEB,svm,SMOTEB,33,0.02144968567767803
DS16,mc.svm_SMOTEB,svm,SMOTEB,34,0.024823657797528126
DS16,mc.svm_SMOTEB,svm,SMOTEB,35,0.023091195685911798
DS16,mc.svm_SMOTEB,svm,SMOTEB,36,0.02113288957353355
DS16,mc.svm_SMOTEB,svm,SMOTEB,37,0.023606699513250843
DS16,mc.svm_SMOTEB,svm,SMOTEB,38,0.02428084537021863
DS16,mc.svm_SMOTEB,svm,SMOTEB,39,0.02309800399922381
DS16,mc.svm_SMOTEB,svm,SMOTEB,40,0.0224532984453318
DS16,mc.svm_SMOTEB,svm,SMOTEB,41,0.020661076761971264
DS16,mc.svm_SMOTEB,svm,SMOTEB,42,0.018602263590396025
DS16,mc.svm_SMOTEB,svm,SMOTEB,43,0.019202195939263082
DS16,mc.svm_SMOTEB,svm,SMOTEB,44,0.016528167637615318
DS16,mc.svm_SMOTEB,svm,SMOTEB,45,0.019016311595856258
DS16,mc.svm_SMOTEB,svm,SMOTEB,46,0.01772991426387458
DS16,mc.svm_SMOTEB,svm,SMOTEB,47,0.018761066142717914
DS16,mc.svm_SMOTEB,svm,SMOTEB,48,0.01619614217760618
DS16,mc.svm_SMOTEB,svm,SMOTEB,49,0.018140159922560257
DS16,mc.svm_SMOTEB,svm,SMOTEB,50,0.017781654617474833
DS16,mc.svm_SMOTETPhi,svm,SMOTETPhi,1,0.018345836508015932
DS16,mc.svm_SMOTETPhi,svm,SMOTETPhi,2,0.018304053314362922
DS16,mc.svm_SMOTETPhi,svm,SMOTETPhi,3,0.018219148703299444
DS16,mc.svm_SMOTETPhi,svm,SMOTETPhi,4,0.018353942245701745
DS16,mc.svm_SMOTETPhi,svm,SMOTETPhi,5,0.018341453988893086
DS16,mc.svm_SMOTETPhi,svm,SMOTETPhi,6,0.022939235832410403
DS16,mc.svm_SMOTETPhi,svm,SMOTETPhi,7,0.02519467495482061
DS16,mc.svm_SMOTETPhi,svm,SMOTETPhi,8,0.019937574829778055
DS16,mc.svm_SMOTETPhi,svm,SMOTETPhi,9,0.019326944442298242
DS16,mc.svm_SMOTETPhi,svm,SMOTETPhi,10,0.021997697651538067
DS16,mc.svm_SMOTETPhi,svm,SMOTETPhi,11,0.027685210761664327
DS16,mc.svm_SMOTETPhi,svm,SMOTETPhi,12,0.026120372518300013
DS16,mc.svm_SMOTETPhi,svm,SMOTETPhi,13,0.02683840468672325
DS16,mc.svm_SMOTETPhi,svm,SMOTETPhi,14,0.028113227304084686
DS16,mc.svm_SMOTETPhi,svm,SMOTETPhi,15,0.028482316579276228
DS16,mc.svm_SMOTETPhi,svm,SMOTETPhi,16,0.02599624715590809
DS16,mc.svm_SMOTETPhi,svm,SMOTETPhi,17,0.026178730868573977
DS16,mc.svm_SMOTETPhi,svm,SMOTETPhi,18,0.025522001812678715
DS16,mc.svm_SMOTETPhi,svm,SMOTETPhi,19,0.025219725478071407
DS16,mc.svm_SMOTETPhi,svm,SMOTETPhi,20,0.02459805493423598
DS16,mc.svm_SMOTETPhi,svm,SMOTETPhi,21,0.023603876979443588
DS16,mc.svm_SMOTETPhi,svm,SMOTETPhi,22,0.023906905801542172
DS16,mc.svm_SMOTETPhi,svm,SMOTETPhi,23,0.022273576055361854
DS16,mc.svm_SMOTETPhi,svm,SMOTETPhi,24,0.023089920551137382
DS16,mc.svm_SMOTETPhi,svm,SMOTETPhi,25,0.0291582303926427
DS16,mc.svm_SMOTETPhi,svm,SMOTETPhi,26,0.0239170652329162
DS16,mc.svm_SMOTETPhi,svm,SMOTETPhi,27,0.02357204770549913
DS16,mc.svm_SMOTETPhi,svm,SMOTETPhi,28,0.023302645589797236
DS16,mc.svm_SMOTETPhi,svm,SMOTETPhi,29,0.024528900072895883
DS16,mc.svm_SMOTETPhi,svm,SMOTETPhi,30,0.02703946936376457
DS16,mc.svm_SMOTETPhi,svm,SMOTETPhi,31,0.02600402208170217
DS16,mc.svm_SMOTETPhi,svm,SMOTETPhi,32,0.027014562678410486
DS16,mc.svm_SMOTETPhi,svm,SMOTETPhi,33,0.026379870481679467
DS16,mc.svm_SMOTETPhi,svm,SMOTETPhi,34,0.02683959416417924
DS16,mc.svm_SMOTETPhi,svm,SMOTETPhi,35,0.0286223404561133
DS16,mc.svm_SMOTETPhi,svm,SMOTETPhi,36,0.027614962136496887
DS16,mc.svm_SMOTETPhi,svm,SMOTETPhi,37,0.027059721338222587
DS16,mc.svm_SMOTETPhi,svm,SMOTETPhi,38,0.027058934066529153
DS16,mc.svm_SMOTETPhi,svm,SMOTETPhi,39,0.0243819415112763
DS16,mc.svm_SMOTETPhi,svm,SMOTETPhi,40,0.027219954232410252
DS16,mc.svm_SMOTETPhi,svm,SMOTETPhi,41,0.026969607480608903
DS16,mc.svm_SMOTETPhi,svm,SMOTETPhi,42,0.024975531010413974
DS16,mc.svm_SMOTETPhi,svm,SMOTETPhi,43,0.028493084543250117
DS16,mc.svm_SMOTETPhi,svm,SMOTETPhi,44,0.022269511109857677
DS16,mc.svm_SMOTETPhi,svm,SMOTETPhi,45,0.026061186080285414
DS16,mc.svm_SMOTETPhi,svm,SMOTETPhi,46,0.025152116562988283
DS16,mc.svm_SMOTETPhi,svm,SMOTETPhi,47,0.023023707478116093
DS16,mc.svm_SMOTETPhi,svm,SMOTETPhi,48,0.023004796713984938
DS16,mc.svm_SMOTETPhi,svm,SMOTETPhi,49,0.023075489958085973
DS16,mc.svm_SMOTETPhi,svm,SMOTETPhi,50,0.021552388157547637
DS16,mc.svm_SMOTET,svm,SMOTET,1,0.01804373712039585
DS16,mc.svm_SMOTET,svm,SMOTET,2,0.017503807997248745
DS16,mc.svm_SMOTET,svm,SMOTET,3,0.017671845751836744
DS16,mc.svm_SMOTET,svm,SMOTET,4,0.018048450893529463
DS16,mc.svm_SMOTET,svm,SMOTET,5,0.017958391848323395
DS16,mc.svm_SMOTET,svm,SMOTET,6,0.021962957628547344
DS16,mc.svm_SMOTET,svm,SMOTET,7,0.023460055085869787
DS16,mc.svm_SMOTET,svm,SMOTET,8,0.02030750766886335
DS16,mc.svm_SMOTET,svm,SMOTET,9,0.019291524628332835
DS16,mc.svm_SMOTET,svm,SMOTET,10,0.01932736067678154
DS16,mc.svm_SMOTET,svm,SMOTET,11,0.028203795037707233
DS16,mc.svm_SMOTET,svm,SMOTET,12,0.023729038504430765
DS16,mc.svm_SMOTET,svm,SMOTET,13,0.027557964330293103
DS16,mc.svm_SMOTET,svm,SMOTET,14,0.02647582541800966
DS16,mc.svm_SMOTET,svm,SMOTET,15,0.027393281604387563
DS16,mc.svm_SMOTET,svm,SMOTET,16,0.02532316168900807
DS16,mc.svm_SMOTET,svm,SMOTET,17,0.02476024455178428
DS16,mc.svm_SMOTET,svm,SMOTET,18,0.025100148244551954
DS16,mc.svm_SMOTET,svm,SMOTET,19,0.02477336807677006
DS16,mc.svm_SMOTET,svm,SMOTET,20,0.02483436374934707
DS16,mc.svm_SMOTET,svm,SMOTET,21,0.024037932108291003
DS16,mc.svm_SMOTET,svm,SMOTET,22,0.024865799916953812
DS16,mc.svm_SMOTET,svm,SMOTET,23,0.022837149822874377
DS16,mc.svm_SMOTET,svm,SMOTET,24,0.02156652620218097
DS16,mc.svm_SMOTET,svm,SMOTET,25,0.026726573403573175
DS16,mc.svm_SMOTET,svm,SMOTET,26,0.02599956849330121
DS16,mc.svm_SMOTET,svm,SMOTET,27,0.021849732663983806
DS16,mc.svm_SMOTET,svm,SMOTET,28,0.01993316362544683
DS16,mc.svm_SMOTET,svm,SMOTET,29,0.019203822844317302
DS16,mc.svm_SMOTET,svm,SMOTET,30,0.02273087226842936
DS16,mc.svm_SMOTET,svm,SMOTET,31,0.024090610302500124
DS16,mc.svm_SMOTET,svm,SMOTET,32,0.02502319593063891
DS16,mc.svm_SMOTET,svm,SMOTET,33,0.02259476582720197
DS16,mc.svm_SMOTET,svm,SMOTET,34,0.02311683410295519
DS16,mc.svm_SMOTET,svm,SMOTET,35,0.022428597783056833
DS16,mc.svm_SMOTET,svm,SMOTET,36,0.024254464354588508
DS16,mc.svm_SMOTET,svm,SMOTET,37,0.02121373618758085
DS16,mc.svm_SMOTET,svm,SMOTET,38,0.02160190309754338
DS16,mc.svm_SMOTET,svm,SMOTET,39,0.022796369436086966
DS16,mc.svm_SMOTET,svm,SMOTET,40,0.02374019818433489
DS16,mc.svm_SMOTET,svm,SMOTET,41,0.025967918021056233
DS16,mc.svm_SMOTET,svm,SMOTET,42,0.0234419596306623
DS16,mc.svm_SMOTET,svm,SMOTET,43,0.021228677363721644
DS16,mc.svm_SMOTET,svm,SMOTET,44,0.021346889080016286
DS16,mc.svm_SMOTET,svm,SMOTET,45,0.021932707387364674
DS16,mc.svm_SMOTET,svm,SMOTET,46,0.020710498547571364
DS16,mc.svm_SMOTET,svm,SMOTET,47,0.023131230971569557
DS16,mc.svm_SMOTET,svm,SMOTET,48,0.01850493701618448
DS16,mc.svm_SMOTET,svm,SMOTET,49,0.020968853158723915
DS16,mc.svm_SMOTET,svm,SMOTET,50,0.0227137790866594
DS16,mc.svm_UNDERB,svm,UNDERB,1,0.017835412826777187
DS16,mc.svm_UNDERB,svm,UNDERB,2,0.01719189623545286
DS16,mc.svm_UNDERB,svm,UNDERB,3,0.019794454300504048
DS16,mc.svm_UNDERB,svm,UNDERB,4,0.019282872553934755
DS16,mc.svm_UNDERB,svm,UNDERB,5,0.01684811787618644
DS16,mc.svm_UNDERB,svm,UNDERB,6,0.020303573399185752
DS16,mc.svm_UNDERB,svm,UNDERB,7,0.022625945062695847
DS16,mc.svm_UNDERB,svm,UNDERB,8,0.02066562272491583
DS16,mc.svm_UNDERB,svm,UNDERB,9,0.019735130586401622
DS16,mc.svm_UNDERB,svm,UNDERB,10,0.019552357877857886
DS16,mc.svm_UNDERB,svm,UNDERB,11,0.019473612009986138
DS16,mc.svm_UNDERB,svm,UNDERB,12,0.021069960398257197
DS16,mc.svm_UNDERB,svm,UNDERB,13,0.021279189573917074
DS16,mc.svm_UNDERB,svm,UNDERB,14,0.023029563462087458
DS16,mc.svm_UNDERB,svm,UNDERB,15,0.0203942556967154
DS16,mc.svm_UNDERB,svm,UNDERB,16,0.020967352632107566
DS16,mc.svm_UNDERB,svm,UNDERB,17,0.01940486479537294
DS16,mc.svm_UNDERB,svm,UNDERB,18,0.019535677136751566
DS16,mc.svm_UNDERB,svm,UNDERB,19,0.020467261423083905
DS16,mc.svm_UNDERB,svm,UNDERB,20,0.0201878712951185
DS16,mc.svm_UNDERB,svm,UNDERB,21,0.022153852837368173
DS16,mc.svm_UNDERB,svm,UNDERB,22,0.020870804073217626
DS16,mc.svm_UNDERB,svm,UNDERB,23,0.019857040286083177
DS16,mc.svm_UNDERB,svm,UNDERB,24,0.019956712455910092
DS16,mc.svm_UNDERB,svm,UNDERB,25,0.018720820787355312
DS16,mc.svm_UNDERB,svm,UNDERB,26,0.017866724928572175
DS16,mc.svm_UNDERB,svm,UNDERB,27,0.018558647934221264
DS16,mc.svm_UNDERB,svm,UNDERB,28,0.020071968631103783
DS16,mc.svm_UNDERB,svm,UNDERB,29,0.020801088260252672
DS16,mc.svm_UNDERB,svm,UNDERB,30,0.020440850624425116
DS16,mc.svm_UNDERB,svm,UNDERB,31,0.01719139923684778
DS16,mc.svm_UNDERB,svm,UNDERB,32,0.016284559088156465
DS16,mc.svm_UNDERB,svm,UNDERB,33,0.01603224909040176
DS16,mc.svm_UNDERB,svm,UNDERB,34,0.015673547664275516
DS16,mc.svm_UNDERB,svm,UNDERB,35,0.014044262223061097
DS16,mc.svm_UNDERB,svm,UNDERB,36,0.014252752758656105
DS16,mc.svm_UNDERB,svm,UNDERB,37,0.018580914422904538
DS16,mc.svm_UNDERB,svm,UNDERB,38,0.015406180197253785
DS16,mc.svm_UNDERB,svm,UNDERB,39,0.02371082111292165
DS16,mc.svm_UNDERB,svm,UNDERB,40,0.016222580684022665
DS16,mc.svm_UNDERB,svm,UNDERB,41,0.017866060308193814
DS16,mc.svm_UNDERB,svm,UNDERB,42,0.018790182453585606
DS16,mc.svm_UNDERB,svm,UNDERB,43,0.016145321513371124
DS16,mc.svm_UNDERB,svm,UNDERB,44,0.014109502630186092
DS16,mc.svm_UNDERB,svm,UNDERB,45,0.01757218931582489
DS16,mc.svm_UNDERB,svm,UNDERB,46,0.013622402166618537
DS16,mc.svm_UNDERB,svm,UNDERB,47,0.015461345583252305
DS16,mc.svm_UNDERB,svm,UNDERB,48,0.01581498037540445
DS16,mc.svm_UNDERB,svm,UNDERB,49,0.018432339270220203
DS16,mc.svm_UNDERB,svm,UNDERB,50,0.01639198337812315
DS16,mc.svm_UNDERTPhi,svm,UNDERTPhi,1,0.020484991664897204
DS16,mc.svm_UNDERTPhi,svm,UNDERTPhi,2,0.018888551292868067
DS16,mc.svm_UNDERTPhi,svm,UNDERTPhi,3,0.020692365012621842
DS16,mc.svm_UNDERTPhi,svm,UNDERTPhi,4,0.019642730241764817
DS16,mc.svm_UNDERTPhi,svm,UNDERTPhi,5,0.02022526200112008
DS16,mc.svm_UNDERTPhi,svm,UNDERTPhi,6,0.02044338541300238
DS16,mc.svm_UNDERTPhi,svm,UNDERTPhi,7,0.022437100660050807
DS16,mc.svm_UNDERTPhi,svm,UNDERTPhi,8,0.02221505076065461
DS16,mc.svm_UNDERTPhi,svm,UNDERTPhi,9,0.02006593124364193
DS16,mc.svm_UNDERTPhi,svm,UNDERTPhi,10,0.019808261577807344
DS16,mc.svm_UNDERTPhi,svm,UNDERTPhi,11,0.02079051244035273
DS16,mc.svm_UNDERTPhi,svm,UNDERTPhi,12,0.02087067141143943
DS16,mc.svm_UNDERTPhi,svm,UNDERTPhi,13,0.0222518505988545
DS16,mc.svm_UNDERTPhi,svm,UNDERTPhi,14,0.02285212568471105
DS16,mc.svm_UNDERTPhi,svm,UNDERTPhi,15,0.02583300459682613
DS16,mc.svm_UNDERTPhi,svm,UNDERTPhi,16,0.02203636134762443
DS16,mc.svm_UNDERTPhi,svm,UNDERTPhi,17,0.021999447268192193
DS16,mc.svm_UNDERTPhi,svm,UNDERTPhi,18,0.02263941421914198
DS16,mc.svm_UNDERTPhi,svm,UNDERTPhi,19,0.023482996234686093
DS16,mc.svm_UNDERTPhi,svm,UNDERTPhi,20,0.021631094279988515
DS16,mc.svm_UNDERTPhi,svm,UNDERTPhi,21,0.021870233949202275
DS16,mc.svm_UNDERTPhi,svm,UNDERTPhi,22,0.022239741887445465
DS16,mc.svm_UNDERTPhi,svm,UNDERTPhi,23,0.02603412113364955
DS16,mc.svm_UNDERTPhi,svm,UNDERTPhi,24,0.020135752501938175
DS16,mc.svm_UNDERTPhi,svm,UNDERTPhi,25,0.021162604710333405
DS16,mc.svm_UNDERTPhi,svm,UNDERTPhi,26,0.01877997840764333
DS16,mc.svm_UNDERTPhi,svm,UNDERTPhi,27,0.023618333214730922
DS16,mc.svm_UNDERTPhi,svm,UNDERTPhi,28,0.01841433318742014
DS16,mc.svm_UNDERTPhi,svm,UNDERTPhi,29,0.01825651829654134
DS16,mc.svm_UNDERTPhi,svm,UNDERTPhi,30,0.021956720814700823
DS16,mc.svm_UNDERTPhi,svm,UNDERTPhi,31,0.02140725646764231
DS16,mc.svm_UNDERTPhi,svm,UNDERTPhi,32,0.01756206292313008
DS16,mc.svm_UNDERTPhi,svm,UNDERTPhi,33,0.02050209345617186
DS16,mc.svm_UNDERTPhi,svm,UNDERTPhi,34,0.02628595487428823
DS16,mc.svm_UNDERTPhi,svm,UNDERTPhi,35,0.018278639240753496
DS16,mc.svm_UNDERTPhi,svm,UNDERTPhi,36,0.02344167481496406
DS16,mc.svm_UNDERTPhi,svm,UNDERTPhi,37,0.0221195619246906
DS16,mc.svm_UNDERTPhi,svm,UNDERTPhi,38,0.024242530580096643
DS16,mc.svm_UNDERTPhi,svm,UNDERTPhi,39,0.019081255705748316
DS16,mc.svm_UNDERTPhi,svm,UNDERTPhi,40,0.02169423123119142
DS16,mc.svm_UNDERTPhi,svm,UNDERTPhi,41,0.017083202697707158
DS16,mc.svm_UNDERTPhi,svm,UNDERTPhi,42,0.022147494369826787
DS16,mc.svm_UNDERTPhi,svm,UNDERTPhi,43,0.020302406812239333
DS16,mc.svm_UNDERTPhi,svm,UNDERTPhi,44,0.0207072887229564
DS16,mc.svm_UNDERTPhi,svm,UNDERTPhi,45,0.015438279889127188
DS16,mc.svm_UNDERTPhi,svm,UNDERTPhi,46,0.018119170572875223
DS16,mc.svm_UNDERTPhi,svm,UNDERTPhi,47,0.015738350332487546
DS16,mc.svm_UNDERTPhi,svm,UNDERTPhi,48,0.01971851685229756
DS16,mc.svm_UNDERTPhi,svm,UNDERTPhi,49,0.018444933750778113
DS16,mc.svm_UNDERTPhi,svm,UNDERTPhi,50,0.015833836791903647
DS16,mc.svm_UNDERT,svm,UNDERT,1,0.02173974608892106
DS16,mc.svm_UNDERT,svm,UNDERT,2,0.01843262553711602
DS16,mc.svm_UNDERT,svm,UNDERT,3,0.01921776127978864
DS16,mc.svm_UNDERT,svm,UNDERT,4,0.01930928841762018
DS16,mc.svm_UNDERT,svm,UNDERT,5,0.018788466694376324
DS16,mc.svm_UNDERT,svm,UNDERT,6,0.020278078281971954
DS16,mc.svm_UNDERT,svm,UNDERT,7,0.018298147007636833
DS16,mc.svm_UNDERT,svm,UNDERT,8,0.020298201268582325
DS16,mc.svm_UNDERT,svm,UNDERT,9,0.018996505895061036
DS16,mc.svm_UNDERT,svm,UNDERT,10,0.01901954294598355
DS16,mc.svm_UNDERT,svm,UNDERT,11,0.021079950129026012
DS16,mc.svm_UNDERT,svm,UNDERT,12,0.02056121352719943
DS16,mc.svm_UNDERT,svm,UNDERT,13,0.02398958714648414
DS16,mc.svm_UNDERT,svm,UNDERT,14,0.020109948545244404
DS16,mc.svm_UNDERT,svm,UNDERT,15,0.021664488111913422
DS16,mc.svm_UNDERT,svm,UNDERT,16,0.018998640139146053
DS16,mc.svm_UNDERT,svm,UNDERT,17,0.021919199913883042
DS16,mc.svm_UNDERT,svm,UNDERT,18,0.021162568329416088
DS16,mc.svm_UNDERT,svm,UNDERT,19,0.02044210705300327
DS16,mc.svm_UNDERT,svm,UNDERT,20,0.025170222193229022
DS16,mc.svm_UNDERT,svm,UNDERT,21,0.019522991149644765
DS16,mc.svm_UNDERT,svm,UNDERT,22,0.0245555232104596
DS16,mc.svm_UNDERT,svm,UNDERT,23,0.01789627308925079
DS16,mc.svm_UNDERT,svm,UNDERT,24,0.019082120489440847
DS16,mc.svm_UNDERT,svm,UNDERT,25,0.020834775349771562
DS16,mc.svm_UNDERT,svm,UNDERT,26,0.017534395913859763
DS16,mc.svm_UNDERT,svm,UNDERT,27,0.02215155875185748
DS16,mc.svm_UNDERT,svm,UNDERT,28,0.018339500298819787
DS16,mc.svm_UNDERT,svm,UNDERT,29,0.019430563730481843
DS16,mc.svm_UNDERT,svm,UNDERT,30,0.01842226307820329
DS16,mc.svm_UNDERT,svm,UNDERT,31,0.01833662581260835
DS16,mc.svm_UNDERT,svm,UNDERT,32,0.018752361965080788
DS16,mc.svm_UNDERT,svm,UNDERT,33,0.016833407243392273
DS16,mc.svm_UNDERT,svm,UNDERT,34,0.017544766822736254
DS16,mc.svm_UNDERT,svm,UNDERT,35,0.016597112159155998
DS16,mc.svm_UNDERT,svm,UNDERT,36,0.02022912655406007
DS16,mc.svm_UNDERT,svm,UNDERT,37,0.016193473419316845
DS16,mc.svm_UNDERT,svm,UNDERT,38,0.016662433342280385
DS16,mc.svm_UNDERT,svm,UNDERT,39,0.013982801938176
DS16,mc.svm_UNDERT,svm,UNDERT,40,0.021381601932524266
DS16,mc.svm_UNDERT,svm,UNDERT,41,0.01341410977781868
DS16,mc.svm_UNDERT,svm,UNDERT,42,0.022140215198068233
DS16,mc.svm_UNDERT,svm,UNDERT,43,0.01557566296461313
DS16,mc.svm_UNDERT,svm,UNDERT,44,0.017200468024688085
DS16,mc.svm_UNDERT,svm,UNDERT,45,0.015008912360122159
DS16,mc.svm_UNDERT,svm,UNDERT,46,0.0175081109831462
DS16,mc.svm_UNDERT,svm,UNDERT,47,0.01625579740306767
DS16,mc.svm_UNDERT,svm,UNDERT,48,0.015376883505891007
DS16,mc.svm_UNDERT,svm,UNDERT,49,0.015692466594134195
DS16,mc.svm_UNDERT,svm,UNDERT,50,0.015516538271451524
DS16,mc.svm,svm,baseline,1,0.013154265038123189
DS16,mc.svm,svm,baseline,2,0.013092231797295155
DS16,mc.svm,svm,baseline,3,0.01316500067888065
DS16,mc.svm,svm,baseline,4,0.013076867298711796
DS16,mc.svm,svm,baseline,5,0.013183075882543156
DS16,mc.svm,svm,baseline,6,0.013280675947194391
DS16,mc.svm,svm,baseline,7,0.0136542577920722
DS16,mc.svm,svm,baseline,8,0.01360575323275904
DS16,mc.svm,svm,baseline,9,0.01377002366266261
DS16,mc.svm,svm,baseline,10,0.013776066334049545
DS16,mc.svm,svm,baseline,11,0.014069657786344248
DS16,mc.svm,svm,baseline,12,0.014189047840830303
DS16,mc.svm,svm,baseline,13,0.014161631203250629
DS16,mc.svm,svm,baseline,14,0.013949794804383192
DS16,mc.svm,svm,baseline,15,0.013817776076676015
DS16,mc.svm,svm,baseline,16,0.01379255308352306
DS16,mc.svm,svm,baseline,17,0.013778298172158195
DS16,mc.svm,svm,baseline,18,0.013741015929096012
DS16,mc.svm,svm,baseline,19,0.013682680808475471
DS16,mc.svm,svm,baseline,20,0.013582011197948038
DS16,mc.svm,svm,baseline,21,0.013384131505507015
DS16,mc.svm,svm,baseline,22,0.013052333916489805
DS16,mc.svm,svm,baseline,23,0.012626739711821957
DS16,mc.svm,svm,baseline,24,0.012533934524397257
DS16,mc.svm,svm,baseline,25,0.011838534521167975
DS16,mc.svm,svm,baseline,26,0.01167980542193181
DS16,mc.svm,svm,baseline,27,0.011145813618792258
DS16,mc.svm,svm,baseline,28,0.011133255338086586
DS16,mc.svm,svm,baseline,29,0.011149141870432516
DS16,mc.svm,svm,baseline,30,0.010736453914623904
DS16,mc.svm,svm,baseline,31,0.010619892625280264
DS16,mc.svm,svm,baseline,32,0.010521016962718828
DS16,mc.svm,svm,baseline,33,0.01044249199581087
DS16,mc.svm,svm,baseline,34,0.010360898657824798
DS16,mc.svm,svm,baseline,35,0.01040107186459772
DS16,mc.svm,svm,baseline,36,0.010418245422779382
DS16,mc.svm,svm,baseline,37,0.010426118914970197
DS16,mc.svm,svm,baseline,38,0.010631624301071507
DS16,mc.svm,svm,baseline,39,0.010499416216132066
DS16,mc.svm,svm,baseline,40,0.010506369854355246
DS16,mc.svm,svm,baseline,41,0.010518270302030494
DS16,mc.svm,svm,baseline,42,0.009905662404833544
DS16,mc.svm,svm,baseline,43,0.009976476817801352
DS16,mc.svm,svm,baseline,44,0.00994757696072355
DS16,mc.svm,svm,baseline,45,0.009826248425746373
DS16,mc.svm,svm,baseline,46,0.009726760852941095
DS16,mc.svm,svm,baseline,47,0.009892728573623317
DS16,mc.svm,svm,baseline,48,0.009685134195799168
DS16,mc.svm,svm,baseline,49,0.00970407115735391
DS16,mc.svm,svm,baseline,50,0.00970546647985287
