dataset_id,workflow,model_family,strategy,iteration,rmse
DS17,mc.BDES,BDES,baseline,1,0.013766805934925425
DS17,mc.BDES,BDES,baseline,2,0.01373157226238561
DS17,mc.BDES,BDES,baseline,3,0.01378588210176884
DS17,mc.BDES,BDES,baseline,4,0.013782305963723363
DS17,mc.BDES,BDES,baseline,5,0.013867387656006104
DS17,mc.BDES,BDES,baseline,6,0.013908734926477716
DS17,mc.BDES,BDES,baseline,7,0.013661839281958285
DS17,mc.BDES,BDES,baseline,8,0.013747656368389127
DS17,mc.BDES,BDES,baseline,9,0.013980213505032632
DS17,mc.BDES,BDES,baseline,10,0.013890879362029224
DS17,mc.BDES,BDES,baseline,11,0.01410700646300364
DS17,mc.BDES,BDES,baseline,12,0.014217101151975392
DS17,mc.BDES,BDES,baseline,13,0.014335290535713275
DS17,mc.BDES,BDES,baseline,14,0.014226165327664589
DS17,mc.BDES,BDES,baseline,15,0.014367620085408145
DS17,mc.BDES,BDES,baseline,16,0.014392851108526401
DS17,mc.BDES,BDES,baseline,17,0.014329648899403143
DS17,mc.BDES,BDES,baseline,18,0.014389905999821612
DS17,mc.BDES,BDES,baseline,19,0.014440121160471608
DS17,mc.BDES,BDES,baseline,20,0.014277212151510482
DS17,mc.BDES,BDES,baseline,21,0.014393605068292709
DS17,mc.BDES,BDES,baseline,22,0.014356992507739181
DS17,mc.BDES,BDES,baseline,23,0.014031396764805203
DS17,mc.BDES,BDES,baseline,24,0.014091071339329514
DS17,mc.BDES,BDES,baseline,25,0.014138094543970043
DS17,mc.BDES,BDES,baseline,26,0.013973587472919108
DS17,mc.BDES,BDES,baseline,27,0.013691176025037407
DS17,mc.BDES,BDES,baseline,28,0.013674111120589376
DS17,mc.BDES,BDES,baseline,29,0.013548577386037255
DS17,mc.BDES,BDES,baseline,30,0.013351038752607965
DS17,mc.BDES,BDES,baseline,31,0.013096772010897756
DS17,mc.BDES,BDES,baseline,32,0.013043274308991487
DS17,mc.BDES,BDES,baseline,33,0.01272479774954994
DS17,mc.BDES,BDES,baseline,34,0.012781710317657343
DS17,mc.BDES,BDES,baseline,35,0.012705416363880617
DS17,mc.BDES,BDES,baseline,36,0.01253849066211478
DS17,mc.BDES,BDES,baseline,37,0.012561939530507701
DS17,mc.BDES,BDES,baseline,38,0.012418629114156183
DS17,mc.BDES,BDES,baseline,39,0.012145730986503575
DS17,mc.BDES,BDES,baseline,40,0.012182350268154354
DS17,mc.BDES,BDES,baseline,41,0.01217164739326692
DS17,mc.BDES,BDES,baseline,42,0.011750443932379943
DS17,mc.BDES,BDES,baseline,43,0.011909575002725119
DS17,mc.BDES,BDES,baseline,44,0.012046139999344896
DS17,mc.BDES,BDES,baseline,45,0.011858212749699991
DS17,mc.BDES,BDES,baseline,46,0.011823431724195789
DS17,mc.BDES,BDES,baseline,47,0.01144126782474983
DS17,mc.BDES,BDES,baseline,48,0.011632731096903718
DS17,mc.BDES,BDES,baseline,49,0.011333837131567295
DS17,mc.BDES,BDES,baseline,50,0.011153052055834771
DS17,mc.arima,arima,baseline,1,0.014074056560807981
DS17,mc.arima,arima,baseline,2,0.015049342959283486
DS17,mc.arima,arima,baseline,3,0.014554984627272807
DS17,mc.arima,arima,baseline,4,0.014853827551930114
DS17,mc.arima,arima,baseline,5,0.014866569091985384
DS17,mc.arima,arima,baseline,6,0.01508018765804687
DS17,mc.arima,arima,baseline,7,0.01419377035067983
DS17,mc.arima,arima,baseline,8,0.014407231670462463
DS17,mc.arima,arima,baseline,9,0.014496626128360198
DS17,mc.arima,arima,baseline,10,0.014509693453468891
DS17,mc.arima,arima,baseline,11,0.014971741568269508
DS17,mc.arima,arima,baseline,12,0.01469683829868238
DS17,mc.arima,arima,baseline,13,0.01468885073517171
DS17,mc.arima,arima,baseline,14,0.014975346702488894
DS17,mc.arima,arima,baseline,15,0.014684514083651297
DS17,mc.arima,arima,baseline,16,0.014665441336805224
DS17,mc.arima,arima,baseline,17,0.014669582004873984
DS17,mc.arima,arima,baseline,18,0.014785155402214116
DS17,mc.arima,arima,baseline,19,0.01482607426205151
DS17,mc.arima,arima,baseline,20,0.014580767946413808
DS17,mc.arima,arima,baseline,21,0.014667244722927235
DS17,mc.arima,arima,baseline,22,0.014664273169631734
DS17,mc.arima,arima,baseline,23,0.014624833076758296
DS17,mc.arima,arima,baseline,24,0.014512157025923032
DS17,mc.arima,arima,baseline,25,0.014388470970920636
DS17,mc.arima,arima,baseline,26,0.014446621532081216
DS17,mc.arima,arima,baseline,27,0.01400766210410592
DS17,mc.arima,arima,baseline,28,0.013743987587358697
DS17,mc.arima,arima,baseline,29,0.013754111583016882
DS17,mc.arima,arima,baseline,30,0.013673503128396856
DS17,mc.arima,arima,baseline,31,0.013385087755930516
DS17,mc.arima,arima,baseline,32,0.013377181299186131
DS17,mc.arima,arima,baseline,33,0.012953277511875305
DS17,mc.arima,arima,baseline,34,0.012987970445504565
DS17,mc.arima,arima,baseline,35,0.012881190088912774
DS17,mc.arima,arima,baseline,36,0.01280316897678798
DS17,mc.arima,arima,baseline,37,0.012725273765121942
DS17,mc.arima,arima,baseline,38,0.01265690361304175
DS17,mc.arima,arima,baseline,39,0.012470784059517138
DS17,mc.arima,arima,baseline,40,0.01256544055050194
DS17,mc.arima,arima,baseline,41,0.01244720974692313
DS17,mc.arima,arima,baseline,42,0.011948086413007824
DS17,mc.arima,arima,baseline,43,0.012018229292407043
DS17,mc.arima,arima,baseline,44,0.012069550316720173
DS17,mc.arima,arima,baseline,45,0.011853645751212562
DS17,mc.arima,arima,baseline,46,0.0118301780310975
DS17,mc.arima,arima,baseline,47,0.011604413720277904
DS17,mc.arima,arima,baseline,48,0.011693772406716867
DS17,mc.arima,arima,baseline,49,0.011552241451606854
DS17,mc.arima,arima,baseline,50,0.011321880524213127
DS17,mc.lm_OVERB,lm,OVERB,1,0.01654283270756526
DS17,mc.lm_OVERB,lm,OVERB,2,0.016308723070987137
DS17,mc.lm_OVERB,lm,OVERB,3,0.01694126126549789
DS17,mc.lm_OVERB,lm,OVERB,4,0.01672165047212841
DS17,mc.lm_OVERB,lm,OVERB,5,0.016764165474309273
DS17,mc.lm_OVERB,lm,OVERB,6,0.018312528881132918
DS17,mc.lm_OVERB,lm,OVERB,7,0.019801471226197395
DS17,mc.lm_OVERB,lm,OVERB,8,0.01825482596499605
DS17,mc.lm_OVERB,lm,OVERB,9,0.01864474432954514
DS17,mc.lm_OVERB,lm,OVERB,10,0.018721033954359777
DS17,mc.lm_OVERB,lm,OVERB,11,0.017942501042892925
DS17,mc.lm_OVERB,lm,OVERB,12,0.019136298947553986
DS17,mc.lm_OVERB,lm,OVERB,13,0.016720246299001512
DS17,mc.lm_OVERB,lm,OVERB,14,0.017795435700862648
DS17,mc.lm_OVERB,lm,OVERB,15,0.017170757256872088
DS17,mc.lm_OVERB,lm,OVERB,16,0.017326218252954485
DS17,mc.lm_OVERB,lm,OVERB,17,0.017494049521102815
DS17,mc.lm_OVERB,lm,OVERB,18,0.01856659140793251
DS17,mc.lm_OVERB,lm,OVERB,19,0.01690622111541809
DS17,mc.lm_OVERB,lm,OVERB,20,0.016636112189357698
DS17,mc.lm_OVERB,lm,OVERB,21,0.01679299626551961
DS17,mc.lm_OVERB,lm,OVERB,22,0.0173758231486397
DS17,mc.lm_OVERB,lm,OVERB,23,0.016777456319336883
DS17,mc.lm_OVERB,lm,OVERB,24,0.016238447738973
DS17,mc.lm_OVERB,lm,OVERB,25,0.017580145049107425
DS17,mc.lm_OVERB,lm,OVERB,26,0.016813495808442127
DS17,mc.lm_OVERB,lm,OVERB,27,0.016775979391138354
DS17,mc.lm_OVERB,lm,OVERB,28,0.016691386287191887
DS17,mc.lm_OVERB,lm,OVERB,29,0.015948239076807195
DS17,mc.lm_OVERB,lm,OVERB,30,0.01561015304324811
DS17,mc.lm_OVERB,lm,OVERB,31,0.01598281752451109
DS17,mc.lm_OVERB,lm,OVERB,32,0.015627673507594107
DS17,mc.lm_OVERB,lm,OVERB,33,0.015995883053653362
DS17,mc.lm_OVERB,lm,OVERB,34,0.015993454446607307
DS17,mc.lm_OVERB,lm,OVERB,35,0.015560655028502722
DS17,mc.lm_OVERB,lm,OVERB,36,0.015191244218275569
DS17,mc.lm_OVERB,lm,OVERB,37,0.01504785306898481
DS17,mc.lm_OVERB,lm,OVERB,38,0.015380025021694652
DS17,mc.lm_OVERB,lm,OVERB,39,0.015108301712915079
DS17,mc.lm_OVERB,lm,OVERB,40,0.014728128062264707
DS17,mc.lm_OVERB,lm,OVERB,41,0.014857275220306918
DS17,mc.lm_OVERB,lm,OVERB,42,0.014899790297729977
DS17,mc.lm_OVERB,lm,OVERB,43,0.014896605988836579
DS17,mc.lm_OVERB,lm,OVERB,44,0.01447102501469846
DS17,mc.lm_OVERB,lm,OVERB,45,0.014862346451644604
DS17,mc.lm_OVERB,lm,OVERB,46,0.015049128098663753
DS17,mc.lm_OVERB,lm,OVERB,47,0.015815833156847037
DS17,mc.lm_OVERB,lm,OVERB,48,0.014586769428596257
DS17,mc.lm_OVERB,lm,OVERB,49,0.015220918709285707
DS17,mc.lm_OVERB,lm,OVERB,50,0.013765897138835418
DS17,mc.lm_OVERTPhi,lm,OVERTPhi,1,0.017282017156867807
DS17,mc.lm_OVERTPhi,lm,OVERTPhi,2,0.01672764585682726
DS17,mc.lm_OVERTPhi,lm,OVERTPhi,3,0.01639525767330824
DS17,mc.lm_OVERTPhi,lm,OVERTPhi,4,0.01683327597558028
DS17,mc.lm_OVERTPhi,lm,OVERTPhi,5,0.01785703445646123
DS17,mc.lm_OVERTPhi,lm,OVERTPhi,6,0.01887217954412999
DS17,mc.lm_OVERTPhi,lm,OVERTPhi,7,0.018339420308278342
DS17,mc.lm_OVERTPhi,lm,OVERTPhi,8,0.018582221336358447
DS17,mc.lm_OVERTPhi,lm,OVERTPhi,9,0.017896097229693163
DS17,mc.lm_OVERTPhi,lm,OVERTPhi,10,0.017709738691991654
DS17,mc.lm_OVERTPhi,lm,OVERTPhi,11,0.01877459265269617
DS17,mc.lm_OVERTPhi,lm,OVERTPhi,12,0.017311875959179452
DS17,mc.lm_OVERTPhi,lm,OVERTPhi,13,0.018012367041618182
DS17,mc.lm_OVERTPhi,lm,OVERTPhi,14,0.017311098122498633
DS17,mc.lm_OVERTPhi,lm,OVERTPhi,15,0.01699032145807633
DS17,mc.lm_OVERTPhi,lm,OVERTPhi,16,0.0172599434024817
DS17,mc.lm_OVERTPhi,lm,OVERTPhi,17,0.017991192743100924
DS17,mc.lm_OVERTPhi,lm,OVERTPhi,18,0.017299132886880928
DS17,mc.lm_OVERTPhi,lm,OVERTPhi,19,0.016813832018205063
DS17,mc.lm_OVERTPhi,lm,OVERTPhi,20,0.016580409881962178
DS17,mc.lm_OVERTPhi,lm,OVERTPhi,21,0.016748770004588166
DS17,mc.lm_OVERTPhi,lm,OVERTPhi,22,0.016412428952064517
DS17,mc.lm_OVERTPhi,lm,OVERTPhi,23,0.01569572207265676
DS17,mc.lm_OVERTPhi,lm,OVERTPhi,24,0.015334779952169274
DS17,mc.lm_OVERTPhi,lm,OVERTPhi,25,0.016059132188339494
DS17,mc.lm_OVERTPhi,lm,OVERTPhi,26,0.01561066308312587
DS17,mc.lm_OVERTPhi,lm,OVERTPhi,27,0.016942971083959982
DS17,mc.lm_OVERTPhi,lm,OVERTPhi,28,0.01644702657190266
DS17,mc.lm_OVERTPhi,lm,OVERTPhi,29,0.017124833929299296
DS17,mc.lm_OVERTPhi,lm,OVERTPhi,30,0.01627028546481883
DS17,mc.lm_OVERTPhi,lm,OVERTPhi,31,0.01612113589964061
DS17,mc.lm_OVERTPhi,lm,OVERTPhi,32,0.017461774931832635
DS17,mc.lm_OVERTPhi,lm,OVERTPhi,33,0.01712199628785707
DS17,mc.lm_OVERTPhi,lm,OVERTPhi,34,0.016374352836143104
DS17,mc.lm_OVERTPhi,lm,OVERTPhi,35,0.017176098529070188
DS17,mc.lm_OVERTPhi,lm,OVERTPhi,36,0.016729574030078086
DS17,mc.lm_OVERTPhi,lm,OVERTPhi,37,0.01627403959318616
DS17,mc.lm_OVERTPhi,lm,OVERTPhi,38,0.01629597092917454
DS17,mc.lm_OVERTPhi,lm,OVERTPhi,39,0.01608777003562673
DS17,mc.lm_OVERTPhi,lm,OVERTPhi,40,0.016289359650532298
DS17,mc.lm_OVERTPhi,lm,OVERTPhi,41,0.016058728513627666
DS17,mc.lm_OVERTPhi,lm,OVERTPhi,42,0.015595899737097237
DS17,mc.lm_OVERTPhi,lm,OVERTPhi,43,0.015605775782633943
DS17,mc.lm_OVERTPhi,lm,OVERTPhi,44,0.015301569549542598
DS17,mc.lm_OVERTPhi,lm,OVERTPhi,45,0.0158621011209716
DS17,mc.lm_OVERTPhi,lm,OVERTPhi,46,0.015772031662472593
DS17,mc.lm_OVERTPhi,lm,OVERTPhi,47,0.016111136555013356
DS17,mc.lm_OVERTPhi,lm,OVERTPhi,48,0.016178365662992494
DS17,mc.lm_OVERTPhi,lm,OVERTPhi,49,0.01584400974348493
DS17,mc.lm_OVERTPhi,lm,OVERTPhi,50,0.01563433720792716
DS17,mc.lm_OVERT,lm,OVERT,1,0.01720901776048958
DS17,mc.lm_OVERT,lm,OVERT,2,0.016526358781006677
DS17,mc.lm_OVERT,lm,OVERT,3,0.016534207553025034
DS17,mc.lm_OVERT,lm,OVERT,4,0.016832624517574956
DS17,mc.lm_OVERT,lm,OVERT,5,0.01795651030434269
DS17,mc.lm_OVERT,lm,OVERT,6,0.017802706453743853
DS17,mc.lm_OVERT,lm,OVERT,7,0.018226397317356764
DS17,mc.lm_OVERT,lm,OVERT,8,0.019186061533767743
DS17,mc.lm_OVERT,lm,OVERT,9,0.018105496199444536
DS17,mc.lm_OVERT,lm,OVERT,10,0.017768695506787942
DS17,mc.lm_OVERT,lm,OVERT,11,0.01835822732661143
DS17,mc.lm_OVERT,lm,OVERT,12,0.017051097079780406
DS17,mc.lm_OVERT,lm,OVERT,13,0.017954412660491983
DS17,mc.lm_OVERT,lm,OVERT,14,0.017189369241136992
DS17,mc.lm_OVERT,lm,OVERT,15,0.016964275804626134
DS17,mc.lm_OVERT,lm,OVERT,16,0.01706898143612698
DS17,mc.lm_OVERT,lm,OVERT,17,0.018002427307703878
DS17,mc.lm_OVERT,lm,OVERT,18,0.017232953242252404
DS17,mc.lm_OVERT,lm,OVERT,19,0.016803663926373256
DS17,mc.lm_OVERT,lm,OVERT,20,0.016581015876921155
DS17,mc.lm_OVERT,lm,OVERT,21,0.016751691700316575
DS17,mc.lm_OVERT,lm,OVERT,22,0.016415894515821972
DS17,mc.lm_OVERT,lm,OVERT,23,0.01567076222393066
DS17,mc.lm_OVERT,lm,OVERT,24,0.015299652460839955
DS17,mc.lm_OVERT,lm,OVERT,25,0.01600707994585477
DS17,mc.lm_OVERT,lm,OVERT,26,0.015700360159128124
DS17,mc.lm_OVERT,lm,OVERT,27,0.017244486278413917
DS17,mc.lm_OVERT,lm,OVERT,28,0.016892654629957933
DS17,mc.lm_OVERT,lm,OVERT,29,0.01749910668658463
DS17,mc.lm_OVERT,lm,OVERT,30,0.01655161880862947
DS17,mc.lm_OVERT,lm,OVERT,31,0.01629339196379703
DS17,mc.lm_OVERT,lm,OVERT,32,0.017232297851763455
DS17,mc.lm_OVERT,lm,OVERT,33,0.017123112500991612
DS17,mc.lm_OVERT,lm,OVERT,34,0.01645083915994898
DS17,mc.lm_OVERT,lm,OVERT,35,0.017197685914530865
DS17,mc.lm_OVERT,lm,OVERT,36,0.016693314381303243
DS17,mc.lm_OVERT,lm,OVERT,37,0.016188504429143845
DS17,mc.lm_OVERT,lm,OVERT,38,0.016070383730659322
DS17,mc.lm_OVERT,lm,OVERT,39,0.01613035161255715
DS17,mc.lm_OVERT,lm,OVERT,40,0.016385835207540087
DS17,mc.lm_OVERT,lm,OVERT,41,0.016030222260406186
DS17,mc.lm_OVERT,lm,OVERT,42,0.01550666691304819
DS17,mc.lm_OVERT,lm,OVERT,43,0.015500236333210543
DS17,mc.lm_OVERT,lm,OVERT,44,0.015487483859970693
DS17,mc.lm_OVERT,lm,OVERT,45,0.0159980572166689
DS17,mc.lm_OVERT,lm,OVERT,46,0.015727280962907576
DS17,mc.lm_OVERT,lm,OVERT,47,0.0161692276982597
DS17,mc.lm_OVERT,lm,OVERT,48,0.01614745067270403
DS17,mc.lm_OVERT,lm,OVERT,49,0.01568209749729355
DS17,mc.lm_OVERT,lm,OVERT,50,0.015358701432890013
DS17,mc.lm_SMOTEB,lm,SMOTEB,1,0.017659004073635073
DS17,mc.lm_SMOTEB,lm,SMOTEB,2,0.01688082054996099
DS17,mc.lm_SMOTEB,lm,SMOTEB,3,0.01949402586805248
DS17,mc.lm_SMOTEB,lm,SMOTEB,4,0.018617810850643558
DS17,mc.lm_SMOTEB,lm,SMOTEB,5,0.019660269792209962
DS17,mc.lm_SMOTEB,lm,SMOTEB,6,0.021775478686208147
DS17,mc.lm_SMOTEB,lm,SMOTEB,7,0.022130379709355396
DS17,mc.lm_SMOTEB,lm,SMOTEB,8,0.020126430103700233
DS17,mc.lm_SMOTEB,lm,SMOTEB,9,0.02154461977581011
DS17,mc.lm_SMOTEB,lm,SMOTEB,10,0.021837107394706675
DS17,mc.lm_SMOTEB,lm,SMOTEB,11,0.019467067517212798
DS17,mc.lm_SMOTEB,lm,SMOTEB,12,0.018799989711526438
DS17,mc.lm_SMOTEB,lm,SMOTEB,13,0.01812253839810177
DS17,mc.lm_SMOTEB,lm,SMOTEB,14,0.01984151044474072
DS17,mc.lm_SMOTEB,lm,SMOTEB,15,0.01776560952687428
DS17,mc.lm_SMOTEB,lm,SMOTEB,16,0.018114470631565092
DS17,mc.lm_SMOTEB,lm,SMOTEB,17,0.01838509379946581
DS17,mc.lm_SMOTEB,lm,SMOTEB,18,0.020876279747870343
DS17,mc.lm_SMOTEB,lm,SMOTEB,19,0.01739606585145315
DS17,mc.lm_SMOTEB,lm,SMOTEB,20,0.01915602679292494
DS17,mc.lm_SMOTEB,lm,SMOTEB,21,0.01867374393125459
DS17,mc.lm_SMOTEB,lm,SMOTEB,22,0.018472534019493555
DS17,mc.lm_SMOTEB,lm,SMOTEB,23,0.018978432607783206
DS17,mc.lm_SMOTEB,lm,SMOTEB,24,0.02019732848446492
DS17,mc.lm_SMOTEB,lm,SMOTEB,25,0.019019556990183425
DS17,mc.lm_SMOTEB,lm,SMOTEB,26,0.020243647831250187
DS17,mc.lm_SMOTEB,lm,SMOTEB,27,0.019199427683778584
DS17,mc.lm_SMOTEB,lm,SMOTEB,28,0.0208657268464401
DS17,mc.lm_SMOTEB,lm,SMOTEB,29,0.018207277605250708
DS17,mc.lm_SMOTEB,lm,SMOTEB,30,0.019396823032209534
DS17,mc.lm_SMOTEB,lm,SMOTEB,31,0.018775191869245703
DS17,mc.lm_SMOTEB,lm,SMOTEB,32,0.019395168456784892
DS17,mc.lm_SMOTEB,lm,SMOTEB,33,0.020075401562724627
DS17,mc.lm_SMOTEB,lm,SMOTEB,34,0.01899952159769368
DS17,mc.lm_SMOTEB,lm,SMOTEB,35,0.018144565880476467
DS17,mc.lm_SMOTEB,lm,SMOTEB,36,0.018317883505853443
DS17,mc.lm_SMOTEB,lm,SMOTEB,37,0.019576672227237264
DS17,mc.lm_SMOTEB,lm,SMOTEB,38,0.019154148633959166
DS17,mc.lm_SMOTEB,lm,SMOTEB,39,0.018954160701955037
DS17,mc.lm_SMOTEB,lm,SMOTEB,40,0.017837010053506738
DS17,mc.lm_SMOTEB,lm,SMOTEB,41,0.018778822544891573
DS17,mc.lm_SMOTEB,lm,SMOTEB,42,0.017547353173891573
DS17,mc.lm_SMOTEB,lm,SMOTEB,43,0.0169682842280356
DS17,mc.lm_SMOTEB,lm,SMOTEB,44,0.017481705903790765
DS17,mc.lm_SMOTEB,lm,SMOTEB,45,0.017554944209288686
DS17,mc.lm_SMOTEB,lm,SMOTEB,46,0.017758436637396076
DS17,mc.lm_SMOTEB,lm,SMOTEB,47,0.018172153611033987
DS17,mc.lm_SMOTEB,lm,SMOTEB,48,0.018332591770943107
DS17,mc.lm_SMOTEB,lm,SMOTEB,49,0.018352861751643808
DS17,mc.lm_SMOTEB,lm,SMOTEB,50,0.017241149612650053
DS17,mc.lm_SMOTETPhi,lm,SMOTETPhi,1,0.022496623653707942
DS17,mc.lm_SMOTETPhi,lm,SMOTETPhi,2,0.023966412648039042
DS17,mc.lm_SMOTETPhi,lm,SMOTETPhi,3,0.026074095907079705
DS17,mc.lm_SMOTETPhi,lm,SMOTETPhi,4,0.022750832337669235
DS17,mc.lm_SMOTETPhi,lm,SMOTETPhi,5,0.022479821740211608
DS17,mc.lm_SMOTETPhi,lm,SMOTETPhi,6,0.025153083801076555
DS17,mc.lm_SMOTETPhi,lm,SMOTETPhi,7,0.03130375668921218
DS17,mc.lm_SMOTETPhi,lm,SMOTETPhi,8,0.02408572064298872
DS17,mc.lm_SMOTETPhi,lm,SMOTETPhi,9,0.0222167014292169
DS17,mc.lm_SMOTETPhi,lm,SMOTETPhi,10,0.025206656652642264
DS17,mc.lm_SMOTETPhi,lm,SMOTETPhi,11,0.023375989511935466
DS17,mc.lm_SMOTETPhi,lm,SMOTETPhi,12,0.022793227699674033
DS17,mc.lm_SMOTETPhi,lm,SMOTETPhi,13,0.024235641684248552
DS17,mc.lm_SMOTETPhi,lm,SMOTETPhi,14,0.02384249223536533
DS17,mc.lm_SMOTETPhi,lm,SMOTETPhi,15,0.02053529099372705
DS17,mc.lm_SMOTETPhi,lm,SMOTETPhi,16,0.021301916864931672
DS17,mc.lm_SMOTETPhi,lm,SMOTETPhi,17,0.02047322827035077
DS17,mc.lm_SMOTETPhi,lm,SMOTETPhi,18,0.021683670148829316
DS17,mc.lm_SMOTETPhi,lm,SMOTETPhi,19,0.019627804694778657
DS17,mc.lm_SMOTETPhi,lm,SMOTETPhi,20,0.022015482761327088
DS17,mc.lm_SMOTETPhi,lm,SMOTETPhi,21,0.024755478261485313
DS17,mc.lm_SMOTETPhi,lm,SMOTETPhi,22,0.023108728761489488
DS17,mc.lm_SMOTETPhi,lm,SMOTETPhi,23,0.022434194414920724
DS17,mc.lm_SMOTETPhi,lm,SMOTETPhi,24,0.02219787197993671
DS17,mc.lm_SMOTETPhi,lm,SMOTETPhi,25,0.024022631586934625
DS17,mc.lm_SMOTETPhi,lm,SMOTETPhi,26,0.02355560663349063
DS17,mc.lm_SMOTETPhi,lm,SMOTETPhi,27,0.021053240201217596
DS17,mc.lm_SMOTETPhi,lm,SMOTETPhi,28,0.02135581842520773
DS17,mc.lm_SMOTETPhi,lm,SMOTETPhi,29,0.022101266125147585
DS17,mc.lm_SMOTETPhi,lm,SMOTETPhi,30,0.0212469850546284
DS17,mc.lm_SMOTETPhi,lm,SMOTETPhi,31,0.021311108719199275
DS17,mc.lm_SMOTETPhi,lm,SMOTETPhi,32,0.020182773417818146
DS17,mc.lm_SMOTETPhi,lm,SMOTETPhi,33,0.02108132965284171
DS17,mc.lm_SMOTETPhi,lm,SMOTETPhi,34,0.020574928049248094
DS17,mc.lm_SMOTETPhi,lm,SMOTETPhi,35,0.019391100217339082
DS17,mc.lm_SMOTETPhi,lm,SMOTETPhi,36,0.019380905453784937
DS17,mc.lm_SMOTETPhi,lm,SMOTETPhi,37,0.018998521207628564
DS17,mc.lm_SMOTETPhi,lm,SMOTETPhi,38,0.01839629893863394
DS17,mc.lm_SMOTETPhi,lm,SMOTETPhi,39,0.01876082790022921
DS17,mc.lm_SMOTETPhi,lm,SMOTETPhi,40,0.017954810742010715
DS17,mc.lm_SMOTETPhi,lm,SMOTETPhi,41,0.017610119796888757
DS17,mc.lm_SMOTETPhi,lm,SMOTETPhi,42,0.01793006270612225
DS17,mc.lm_SMOTETPhi,lm,SMOTETPhi,43,0.020005542360079533
DS17,mc.lm_SMOTETPhi,lm,SMOTETPhi,44,0.01887430264475689
DS17,mc.lm_SMOTETPhi,lm,SMOTETPhi,45,0.018562241103126844
DS17,mc.lm_SMOTETPhi,lm,SMOTETPhi,46,0.017576531531790063
DS17,mc.lm_SMOTETPhi,lm,SMOTETPhi,47,0.020175435748196642
DS17,mc.lm_SMOTETPhi,lm,SMOTETPhi,48,0.01913620555493528
DS17,mc.lm_SMOTETPhi,lm,SMOTETPhi,49,0.01802780658869334
DS17,mc.lm_SMOTETPhi,lm,SMOTETPhi,50,0.016010416850403546
DS17,mc.lm_SMOTET,lm,SMOTET,1,0.024719381080708064
DS17,mc.lm_SMOTET,lm,SMOTET,2,0.02158722706436307
DS17,mc.lm_SMOTET,lm,SMOTET,3,0.02216267416640804
DS17,mc.lm_SMOTET,lm,SMOTET,4,0.02264209584856587
DS17,mc.lm_SMOTET,lm,SMOTET,5,0.023251859230462475
DS17,mc.lm_SMOTET,lm,SMOTET,6,0.023631762944245443
DS17,mc.lm_SMOTET,lm,SMOTET,7,0.029669332711363877
DS17,mc.lm_SMOTET,lm,SMOTET,8,0.023823748578718586
DS17,mc.lm_SMOTET,lm,SMOTET,9,0.02646942117522512
DS17,mc.lm_SMOTET,lm,SMOTET,10,0.025800493398991788
DS17,mc.lm_SMOTET,lm,SMOTET,11,0.023677510367918566
DS17,mc.lm_SMOTET,lm,SMOTET,12,0.025225407551137505
DS17,mc.lm_SMOTET,lm,SMOTET,13,0.022565806910868454
DS17,mc.lm_SMOTET,lm,SMOTET,14,0.022079946752159855
DS17,mc.lm_SMOTET,lm,SMOTET,15,0.02224149998139275
DS17,mc.lm_SMOTET,lm,SMOTET,16,0.023032917211559
DS17,mc.lm_SMOTET,lm,SMOTET,17,0.02054630732066838
DS17,mc.lm_SMOTET,lm,SMOTET,18,0.022647465354913226
DS17,mc.lm_SMOTET,lm,SMOTET,19,0.02368106101743018
DS17,mc.lm_SMOTET,lm,SMOTET,20,0.021549108597560738
DS17,mc.lm_SMOTET,lm,SMOTET,21,0.02220275409834791
DS17,mc.lm_SMOTET,lm,SMOTET,22,0.021445119823784185
DS17,mc.lm_SMOTET,lm,SMOTET,23,0.020470304093683205
DS17,mc.lm_SMOTET,lm,SMOTET,24,0.0212485939747133
DS17,mc.lm_SMOTET,lm,SMOTET,25,0.024204000059894447
DS17,mc.lm_SMOTET,lm,SMOTET,26,0.025073722657661234
DS17,mc.lm_SMOTET,lm,SMOTET,27,0.02026123314291122
DS17,mc.lm_SMOTET,lm,SMOTET,28,0.022755265974944427
DS17,mc.lm_SMOTET,lm,SMOTET,29,0.020946479765252476
DS17,mc.lm_SMOTET,lm,SMOTET,30,0.021089068941568333
DS17,mc.lm_SMOTET,lm,SMOTET,31,0.020042870443705407
DS17,mc.lm_SMOTET,lm,SMOTET,32,0.019886922952312577
DS17,mc.lm_SMOTET,lm,SMOTET,33,0.019175165207286186
DS17,mc.lm_SMOTET,lm,SMOTET,34,0.019819807402511793
DS17,mc.lm_SMOTET,lm,SMOTET,35,0.018207714191049416
DS17,mc.lm_SMOTET,lm,SMOTET,36,0.018527335014404404
DS17,mc.lm_SMOTET,lm,SMOTET,37,0.017483867342613306
DS17,mc.lm_SMOTET,lm,SMOTET,38,0.017559984708790007
DS17,mc.lm_SMOTET,lm,SMOTET,39,0.01850149301397726
DS17,mc.lm_SMOTET,lm,SMOTET,40,0.01769280289778492
DS17,mc.lm_SMOTET,lm,SMOTET,41,0.01811960430365455
DS17,mc.lm_SMOTET,lm,SMOTET,42,0.016946631975190942
DS17,mc.lm_SMOTET,lm,SMOTET,43,0.018022320355041154
DS17,mc.lm_SMOTET,lm,SMOTET,44,0.017976242105569844
DS17,mc.lm_SMOTET,lm,SMOTET,45,0.01810113227576249
DS17,mc.lm_SMOTET,lm,SMOTET,46,0.01722606345766721
DS17,mc.lm_SMOTET,lm,SMOTET,47,0.018722460439479314
DS17,mc.lm_SMOTET,lm,SMOTET,48,0.018186616084306793
DS17,mc.lm_SMOTET,lm,SMOTET,49,0.017913977829588205
DS17,mc.lm_SMOTET,lm,SMOTET,50,0.01760066241383509
DS17,mc.lm_UNDERB,lm,UNDERB,1,0.017528336082065558
DS17,mc.lm_UNDERB,lm,UNDERB,2,0.017707717765428198
DS17,mc.lm_UNDERB,lm,UNDERB,3,0.01804324387138666
DS17,mc.lm_UNDERB,lm,UNDERB,4,0.01726639383093482
DS17,mc.lm_UNDERB,lm,UNDERB,5,0.016749545045617015
DS17,mc.lm_UNDERB,lm,UNDERB,6,0.019456009673656575
DS17,mc.lm_UNDERB,lm,UNDERB,7,0.021000955086573646
DS17,mc.lm_UNDERB,lm,UNDERB,8,0.01829196079598103
DS17,mc.lm_UNDERB,lm,UNDERB,9,0.019825388328519107
DS17,mc.lm_UNDERB,lm,UNDERB,10,0.019831767797335045
DS17,mc.lm_UNDERB,lm,UNDERB,11,0.019004432493735356
DS17,mc.lm_UNDERB,lm,UNDERB,12,0.01977698433267461
DS17,mc.lm_UNDERB,lm,UNDERB,13,0.019747622951270062
DS17,mc.lm_UNDERB,lm,UNDERB,14,0.017707554965232936
DS17,mc.lm_UNDERB,lm,UNDERB,15,0.01670348824073781
DS17,mc.lm_UNDERB,lm,UNDERB,16,0.015750273409164975
DS17,mc.lm_UNDERB,lm,UNDERB,17,0.017562663308689587
DS17,mc.lm_UNDERB,lm,UNDERB,18,0.01822418978393857
DS17,mc.lm_UNDERB,lm,UNDERB,19,0.01739894211572024
DS17,mc.lm_UNDERB,lm,UNDERB,20,0.016042544392761503
DS17,mc.lm_UNDERB,lm,UNDERB,21,0.01706288501017246
DS17,mc.lm_UNDERB,lm,UNDERB,22,0.01652013414513762
DS17,mc.lm_UNDERB,lm,UNDERB,23,0.016349884483636144
DS17,mc.lm_UNDERB,lm,UNDERB,24,0.016288963832214672
DS17,mc.lm_UNDERB,lm,UNDERB,25,0.017892881879985934
DS17,mc.lm_UNDERB,lm,UNDERB,26,0.017191678463720942
DS17,mc.lm_UNDERB,lm,UNDERB,27,0.016238305138813573
DS17,mc.lm_UNDERB,lm,UNDERB,28,0.015840066926542218
DS17,mc.lm_UNDERB,lm,UNDERB,29,0.01804693164253347
DS17,mc.lm_UNDERB,lm,UNDERB,30,0.01669356949037721
DS17,mc.lm_UNDERB,lm,UNDERB,31,0.016565275480913962
DS17,mc.lm_UNDERB,lm,UNDERB,32,0.016942563461543114
DS17,mc.lm_UNDERB,lm,UNDERB,33,0.017100836025642302
DS17,mc.lm_UNDERB,lm,UNDERB,34,0.018371061499184743
DS17,mc.lm_UNDERB,lm,UNDERB,35,0.01641482463060803
DS17,mc.lm_UNDERB,lm,UNDERB,36,0.015587470271616942
DS17,mc.lm_UNDERB,lm,UNDERB,37,0.01573087819163242
DS17,mc.lm_UNDERB,lm,UNDERB,38,0.01599076874601474
DS17,mc.lm_UNDERB,lm,UNDERB,39,0.016172644813270222
DS17,mc.lm_UNDERB,lm,UNDERB,40,0.01529544990271314
DS17,mc.lm_UNDERB,lm,UNDERB,41,0.01687774191840181
DS17,mc.lm_UNDERB,lm,UNDERB,42,0.01518892812978485
DS17,mc.lm_UNDERB,lm,UNDERB,43,0.016002841272903932
DS17,mc.lm_UNDERB,lm,UNDERB,44,0.014730745130780872
DS17,mc.lm_UNDERB,lm,UNDERB,45,0.015373853738066254
DS17,mc.lm_UNDERB,lm,UNDERB,46,0.01603336201264107
DS17,mc.lm_UNDERB,lm,UNDERB,47,0.01703019448106353
DS17,mc.lm_UNDERB,lm,UNDERB,48,0.015133577794929085
DS17,mc.lm_UNDERB,lm,UNDERB,49,0.01474124075618581
DS17,mc.lm_UNDERB,lm,UNDERB,50,0.014038244038018174
DS17,mc.lm_UNDERTPhi,lm,UNDERTPhi,1,0.016063388160318964
DS17,mc.lm_UNDERTPhi,lm,UNDERTPhi,2,0.018604930352778645
DS17,mc.lm_UNDERTPhi,lm,UNDERTPhi,3,0.017162833866576452
DS17,mc.lm_UNDERTPhi,lm,UNDERTPhi,4,0.01943387206045658
DS17,mc.lm_UNDERTPhi,lm,UNDERTPhi,5,0.018634274592144645
DS17,mc.lm_UNDERTPhi,lm,UNDERTPhi,6,0.018138668760409166
DS17,mc.lm_UNDERTPhi,lm,UNDERTPhi,7,0.019278518962577627
DS17,mc.lm_UNDERTPhi,lm,UNDERTPhi,8,0.01874106830357159
DS17,mc.lm_UNDERTPhi,lm,UNDERTPhi,9,0.017604225182776222
DS17,mc.lm_UNDERTPhi,lm,UNDERTPhi,10,0.02034065207734645
DS17,mc.lm_UNDERTPhi,lm,UNDERTPhi,11,0.018817291454115787
DS17,mc.lm_UNDERTPhi,lm,UNDERTPhi,12,0.017003137077597628
DS17,mc.lm_UNDERTPhi,lm,UNDERTPhi,13,0.022038479897377176
DS17,mc.lm_UNDERTPhi,lm,UNDERTPhi,14,0.020345513841376967
DS17,mc.lm_UNDERTPhi,lm,UNDERTPhi,15,0.020247444324758675
DS17,mc.lm_UNDERTPhi,lm,UNDERTPhi,16,0.018077227398805365
DS17,mc.lm_UNDERTPhi,lm,UNDERTPhi,17,0.017661459183289565
DS17,mc.lm_UNDERTPhi,lm,UNDERTPhi,18,0.01901529460936286
DS17,mc.lm_UNDERTPhi,lm,UNDERTPhi,19,0.0182676760214968
DS17,mc.lm_UNDERTPhi,lm,UNDERTPhi,20,0.017476846951121255
DS17,mc.lm_UNDERTPhi,lm,UNDERTPhi,21,0.016383454828832078
DS17,mc.lm_UNDERTPhi,lm,UNDERTPhi,22,0.017937621284338685
DS17,mc.lm_UNDERTPhi,lm,UNDERTPhi,23,0.01996966077709759
DS17,mc.lm_UNDERTPhi,lm,UNDERTPhi,24,0.01926343228893459
DS17,mc.lm_UNDERTPhi,lm,UNDERTPhi,25,0.021868399723407494
DS17,mc.lm_UNDERTPhi,lm,UNDERTPhi,26,0.017724927193128733
DS17,mc.lm_UNDERTPhi,lm,UNDERTPhi,27,0.017507393551132684
DS17,mc.lm_UNDERTPhi,lm,UNDERTPhi,28,0.01701884629914242
DS17,mc.lm_UNDERTPhi,lm,UNDERTPhi,29,0.016356778477773126
DS17,mc.lm_UNDERTPhi,lm,UNDERTPhi,30,0.01721793253318284
DS17,mc.lm_UNDERTPhi,lm,UNDERTPhi,31,0.017300020024239176
DS17,mc.lm_UNDERTPhi,lm,UNDERTPhi,32,0.01774744718730095
DS17,mc.lm_UNDERTPhi,lm,UNDERTPhi,33,0.01696137682304307
DS17,mc.lm_UNDERTPhi,lm,UNDERTPhi,34,0.016339803856220626
DS17,mc.lm_UNDERTPhi,lm,UNDERTPhi,35,0.017187443550378757
DS17,mc.lm_UNDERTPhi,lm,UNDERTPhi,36,0.017913802068143806
DS17,mc.lm_UNDERTPhi,lm,UNDERTPhi,37,0.01683094343770104
DS17,mc.lm_UNDERTPhi,lm,UNDERTPhi,38,0.01679067816399937
DS17,mc.lm_UNDERTPhi,lm,UNDERTPhi,39,0.015433819783226214
DS17,mc.lm_UNDERTPhi,lm,UNDERTPhi,40,0.013989290093930096
DS17,mc.lm_UNDERTPhi,lm,UNDERTPhi,41,0.015747788262663407
DS17,mc.lm_UNDERTPhi,lm,UNDERTPhi,42,0.016574154303388555
DS17,mc.lm_UNDERTPhi,lm,UNDERTPhi,43,0.015811581155529702
DS17,mc.lm_UNDERTPhi,lm,UNDERTPhi,44,0.016119856697043935
DS17,mc.lm_UNDERTPhi,lm,UNDERTPhi,45,0.015988383730453342
DS17,mc.lm_UNDERTPhi,lm,UNDERTPhi,46,0.016728438040391695
DS17,mc.lm_UNDERTPhi,lm,UNDERTPhi,47,0.0158933288948327
DS17,mc.lm_UNDERTPhi,lm,UNDERTPhi,48,0.01785729415620724
DS17,mc.lm_UNDERTPhi,lm,UNDERTPhi,49,0.01679176541792925
DS17,mc.lm_UNDERTPhi,lm,UNDERTPhi,50,0.014447420765676414
DS17,mc.lm_UNDERT,lm,UNDERT,1,0.018054751038316132
DS17,mc.lm_UNDERT,lm,UNDERT,2,0.017018725309929077
DS17,mc.lm_UNDERT,lm,UNDERT,3,0.018675278330094074
DS17,mc.lm_UNDERT,lm,UNDERT,4,0.01791077810814823
DS17,mc.lm_UNDERT,lm,UNDERT,5,0.017924052990187657
DS17,mc.lm_UNDERT,lm,UNDERT,6,0.01939488892521717
DS17,mc.lm_UNDERT,lm,UNDERT,7,0.02436228136941044
DS17,mc.lm_UNDERT,lm,UNDERT,8,0.021836690524932558
DS17,mc.lm_UNDERT,lm,UNDERT,9,0.018221636345706234
DS17,mc.lm_UNDERT,lm,UNDERT,10,0.018625072707603187
DS17,mc.lm_UNDERT,lm,UNDERT,11,0.02160554317204228
DS17,mc.lm_UNDERT,lm,UNDERT,12,0.019333904824799644
DS17,mc.lm_UNDERT,lm,UNDERT,13,0.018275284490757986
DS17,mc.lm_UNDERT,lm,UNDERT,14,0.02052607971044175
DS17,mc.lm_UNDERT,lm,UNDERT,15,0.018437044989077656
DS17,mc.lm_UNDERT,lm,UNDERT,16,0.020081953835409994
DS17,mc.lm_UNDERT,lm,UNDERT,17,0.017352029380499477
DS17,mc.lm_UNDERT,lm,UNDERT,18,0.018479977870171915
DS17,mc.lm_UNDERT,lm,UNDERT,19,0.01612388802873566
DS17,mc.lm_UNDERT,lm,UNDERT,20,0.01717378612158375
DS17,mc.lm_UNDERT,lm,UNDERT,21,0.01683606560515741
DS17,mc.lm_UNDERT,lm,UNDERT,22,0.016832872354510996
DS17,mc.lm_UNDERT,lm,UNDERT,23,0.01653429651687801
DS17,mc.lm_UNDERT,lm,UNDERT,24,0.016603801090040133
DS17,mc.lm_UNDERT,lm,UNDERT,25,0.017185767701772797
DS17,mc.lm_UNDERT,lm,UNDERT,26,0.0171712247777005
DS17,mc.lm_UNDERT,lm,UNDERT,27,0.01820313647389932
DS17,mc.lm_UNDERT,lm,UNDERT,28,0.017541287084892165
DS17,mc.lm_UNDERT,lm,UNDERT,29,0.017555043166364075
DS17,mc.lm_UNDERT,lm,UNDERT,30,0.016706490076139932
DS17,mc.lm_UNDERT,lm,UNDERT,31,0.016015272836168378
DS17,mc.lm_UNDERT,lm,UNDERT,32,0.017802864345288237
DS17,mc.lm_UNDERT,lm,UNDERT,33,0.015870210109969855
DS17,mc.lm_UNDERT,lm,UNDERT,34,0.019009303477938767
DS17,mc.lm_UNDERT,lm,UNDERT,35,0.0168708856233883
DS17,mc.lm_UNDERT,lm,UNDERT,36,0.015697221974879254
DS17,mc.lm_UNDERT,lm,UNDERT,37,0.016331718784052016
DS17,mc.lm_UNDERT,lm,UNDERT,38,0.014733953339130294
DS17,mc.lm_UNDERT,lm,UNDERT,39,0.015862219658398635
DS17,mc.lm_UNDERT,lm,UNDERT,40,0.015529020798812724
DS17,mc.lm_UNDERT,lm,UNDERT,41,0.014988028083581864
DS17,mc.lm_UNDERT,lm,UNDERT,42,0.01697022902222849
DS17,mc.lm_UNDERT,lm,UNDERT,43,0.016844488556221438
DS17,mc.lm_UNDERT,lm,UNDERT,44,0.015649770518273022
DS17,mc.lm_UNDERT,lm,UNDERT,45,0.01698864116586854
DS17,mc.lm_UNDERT,lm,UNDERT,46,0.015758611471781883
DS17,mc.lm_UNDERT,lm,UNDERT,47,0.014365539330898444
DS17,mc.lm_UNDERT,lm,UNDERT,48,0.01657978300131845
DS17,mc.lm_UNDERT,lm,UNDERT,49,0.015000129055456345
DS17,mc.lm_UNDERT,lm,UNDERT,50,0.014502483028565097
DS17,mc.lm,lm,baseline,1,0.014444152084755387
DS17,mc.lm,lm,baseline,2,0.014473683751397152
DS17,mc.lm,lm,baseline,3,0.014676808290303978
DS17,mc.lm,lm,baseline,4,0.014595220113663104
DS17,mc.lm,lm,baseline,5,0.01466467876165393
DS17,mc.lm,lm,baseline,6,0.01490716085785026
DS17,mc.lm,lm,baseline,7,0.01504217694692747
DS17,mc.lm,lm,baseline,8,0.014900146782938713
DS17,mc.lm,lm,baseline,9,0.015131313029200897
DS17,mc.lm,lm,baseline,10,0.01512398688075777
DS17,mc.lm,lm,baseline,11,0.015146949511817416
DS17,mc.lm,lm,baseline,12,0.015208995687194114
DS17,mc.lm,lm,baseline,13,0.01516929441893558
DS17,mc.lm,lm,baseline,14,0.015213124388295609
DS17,mc.lm,lm,baseline,15,0.01514934473588195
DS17,mc.lm,lm,baseline,16,0.01511351279211504
DS17,mc.lm,lm,baseline,17,0.015087832997203388
DS17,mc.lm,lm,baseline,18,0.015160493930541991
DS17,mc.lm,lm,baseline,19,0.015034265425966243
DS17,mc.lm,lm,baseline,20,0.014810637891359868
DS17,mc.lm,lm,baseline,21,0.014970526053926412
DS17,mc.lm,lm,baseline,22,0.015012785118413478
DS17,mc.lm,lm,baseline,23,0.014636013081460373
DS17,mc.lm,lm,baseline,24,0.014729036620728598
DS17,mc.lm,lm,baseline,25,0.014825459859397556
DS17,mc.lm,lm,baseline,26,0.01466038690967668
DS17,mc.lm,lm,baseline,27,0.014140451356227057
DS17,mc.lm,lm,baseline,28,0.013953121406546077
DS17,mc.lm,lm,baseline,29,0.013933241320681538
DS17,mc.lm,lm,baseline,30,0.013731446189784773
DS17,mc.lm,lm,baseline,31,0.01337384860690965
DS17,mc.lm,lm,baseline,32,0.013351015029347695
DS17,mc.lm,lm,baseline,33,0.0130022588125908
DS17,mc.lm,lm,baseline,34,0.012997439609517453
DS17,mc.lm,lm,baseline,35,0.012777152174588384
DS17,mc.lm,lm,baseline,36,0.012630975169592813
DS17,mc.lm,lm,baseline,37,0.012613389331978687
DS17,mc.lm,lm,baseline,38,0.012517576754754768
DS17,mc.lm,lm,baseline,39,0.012415205010148155
DS17,mc.lm,lm,baseline,40,0.012461372070675176
DS17,mc.lm,lm,baseline,41,0.012373650606889745
DS17,mc.lm,lm,baseline,42,0.0120597239161814
DS17,mc.lm,lm,baseline,43,0.012152192590479607
DS17,mc.lm,lm,baseline,44,0.012158487597959894
DS17,mc.lm,lm,baseline,45,0.01199535215455092
DS17,mc.lm,lm,baseline,46,0.01199479113333269
DS17,mc.lm,lm,baseline,47,0.011856978969792997
DS17,mc.lm,lm,baseline,48,0.011958085562905871
DS17,mc.lm,lm,baseline,49,0.011697247083927225
DS17,mc.lm,lm,baseline,50,0.011552546696558034
DS17,mc.mars_OVERB,mars,OVERB,1,0.020108963857290232
DS17,mc.mars_OVERB,mars,OVERB,2,0.019018568670257967
DS17,mc.mars_OVERB,mars,OVERB,3,0.01949578956536884
DS17,mc.mars_OVERB,mars,OVERB,4,0.022026000252938122
DS17,mc.mars_OVERB,mars,OVERB,5,0.02058701873559125
DS17,mc.mars_OVERB,mars,OVERB,6,0.018910219188217708
DS17,mc.mars_OVERB,mars,OVERB,7,0.01981819192804557
DS17,mc.mars_OVERB,mars,OVERB,8,0.020168845819938785
DS17,mc.mars_OVERB,mars,OVERB,9,0.021183295159302774
DS17,mc.mars_OVERB,mars,OVERB,10,0.020024314125015354
DS17,mc.mars_OVERB,mars,OVERB,11,0.019563265534281806
DS17,mc.mars_OVERB,mars,OVERB,12,0.020242327042782986
DS17,mc.mars_OVERB,mars,OVERB,13,0.018759377842941908
DS17,mc.mars_OVERB,mars,OVERB,14,0.01871667622683189
DS17,mc.mars_OVERB,mars,OVERB,15,0.021145700426406774
DS17,mc.mars_OVERB,mars,OVERB,16,0.02044525085806129
DS17,mc.mars_OVERB,mars,OVERB,17,0.020894696009810112
DS17,mc.mars_OVERB,mars,OVERB,18,0.021593076912670785
DS17,mc.mars_OVERB,mars,OVERB,19,0.018488289887659753
DS17,mc.mars_OVERB,mars,OVERB,20,0.019021912159574623
DS17,mc.mars_OVERB,mars,OVERB,21,0.019973257254888292
DS17,mc.mars_OVERB,mars,OVERB,22,0.024516157263240173
DS17,mc.mars_OVERB,mars,OVERB,23,0.021752623432290858
DS17,mc.mars_OVERB,mars,OVERB,24,0.020889612064435285
DS17,mc.mars_OVERB,mars,OVERB,25,0.023481475520777374
DS17,mc.mars_OVERB,mars,OVERB,26,0.022208192362394092
DS17,mc.mars_OVERB,mars,OVERB,27,0.020476257230616413
DS17,mc.mars_OVERB,mars,OVERB,28,0.020891793874506688
DS17,mc.mars_OVERB,mars,OVERB,29,0.018768560639019032
DS17,mc.mars_OVERB,mars,OVERB,30,0.019407945673111302
DS17,mc.mars_OVERB,mars,OVERB,31,0.01937452874256253
DS17,mc.mars_OVERB,mars,OVERB,32,0.018411989896666318
DS17,mc.mars_OVERB,mars,OVERB,33,0.019674569000414893
DS17,mc.mars_OVERB,mars,OVERB,34,0.01997379622412329
DS17,mc.mars_OVERB,mars,OVERB,35,0.01906195682474703
DS17,mc.mars_OVERB,mars,OVERB,36,0.018658869942977028
DS17,mc.mars_OVERB,mars,OVERB,37,0.018274970281524437
DS17,mc.mars_OVERB,mars,OVERB,38,0.016826796463615592
DS17,mc.mars_OVERB,mars,OVERB,39,0.01725605834636798
DS17,mc.mars_OVERB,mars,OVERB,40,0.01707658200548947
DS17,mc.mars_OVERB,mars,OVERB,41,0.018874495124133247
DS17,mc.mars_OVERB,mars,OVERB,42,0.01881185038300791
DS17,mc.mars_OVERB,mars,OVERB,43,0.01856108814921222
DS17,mc.mars_OVERB,mars,OVERB,44,0.016522806953503152
DS17,mc.mars_OVERB,mars,OVERB,45,0.017000842306221793
DS17,mc.mars_OVERB,mars,OVERB,46,0.018526779026654526
DS17,mc.mars_OVERB,mars,OVERB,47,0.018013967056142687
DS17,mc.mars_OVERB,mars,OVERB,48,0.017322428013907935
DS17,mc.mars_OVERB,mars,OVERB,49,0.016822784488384594
DS17,mc.mars_OVERB,mars,OVERB,50,0.016584779917012293
DS17,mc.mars_OVERTPhi,mars,OVERTPhi,1,0.021924894573462004
DS17,mc.mars_OVERTPhi,mars,OVERTPhi,2,0.022164610173904507
DS17,mc.mars_OVERTPhi,mars,OVERTPhi,3,0.020730404516556777
DS17,mc.mars_OVERTPhi,mars,OVERTPhi,4,0.020466629509750887
DS17,mc.mars_OVERTPhi,mars,OVERTPhi,5,0.01931782095384526
DS17,mc.mars_OVERTPhi,mars,OVERTPhi,6,0.021016519099899954
DS17,mc.mars_OVERTPhi,mars,OVERTPhi,7,0.019659794233573145
DS17,mc.mars_OVERTPhi,mars,OVERTPhi,8,0.021068335970136357
DS17,mc.mars_OVERTPhi,mars,OVERTPhi,9,0.021615466958515687
DS17,mc.mars_OVERTPhi,mars,OVERTPhi,10,0.021015956957612398
DS17,mc.mars_OVERTPhi,mars,OVERTPhi,11,0.02187165412500701
DS17,mc.mars_OVERTPhi,mars,OVERTPhi,12,0.017465593375280246
DS17,mc.mars_OVERTPhi,mars,OVERTPhi,13,0.01960323032645209
DS17,mc.mars_OVERTPhi,mars,OVERTPhi,14,0.020256295638150745
DS17,mc.mars_OVERTPhi,mars,OVERTPhi,15,0.01903542540710755
DS17,mc.mars_OVERTPhi,mars,OVERTPhi,16,0.021692294801869433
DS17,mc.mars_OVERTPhi,mars,OVERTPhi,17,0.021383479991580964
DS17,mc.mars_OVERTPhi,mars,OVERTPhi,18,0.01992621566662409
DS17,mc.mars_OVERTPhi,mars,OVERTPhi,19,0.019073789382907096
DS17,mc.mars_OVERTPhi,mars,OVERTPhi,20,0.022731813491589068
DS17,mc.mars_OVERTPhi,mars,OVERTPhi,21,0.020374880146940114
DS17,mc.mars_OVERTPhi,mars,OVERTPhi,22,0.02353763250157292
DS17,mc.mars_OVERTPhi,mars,OVERTPhi,23,0.026572991951344736
DS17,mc.mars_OVERTPhi,mars,OVERTPhi,24,0.022858908681324782
DS17,mc.mars_OVERTPhi,mars,OVERTPhi,25,0.021726084690206756
DS17,mc.mars_OVERTPhi,mars,OVERTPhi,26,0.021203753800137597
DS17,mc.mars_OVERTPhi,mars,OVERTPhi,27,0.020924713421878877
DS17,mc.mars_OVERTPhi,mars,OVERTPhi,28,0.019644166955558824
DS17,mc.mars_OVERTPhi,mars,OVERTPhi,29,0.020369083637622108
DS17,mc.mars_OVERTPhi,mars,OVERTPhi,30,0.02075972383450237
DS17,mc.mars_OVERTPhi,mars,OVERTPhi,31,0.019186073519218333
DS17,mc.mars_OVERTPhi,mars,OVERTPhi,32,0.018028996047780056
DS17,mc.mars_OVERTPhi,mars,OVERTPhi,33,0.01932380147447037
DS17,mc.mars_OVERTPhi,mars,OVERTPhi,34,0.018825069875064923
DS17,mc.mars_OVERTPhi,mars,OVERTPhi,35,0.021061341591800252
DS17,mc.mars_OVERTPhi,mars,OVERTPhi,36,0.019336915951377768
DS17,mc.mars_OVERTPhi,mars,OVERTPhi,37,0.017391987718017685
DS17,mc.mars_OVERTPhi,mars,OVERTPhi,38,0.018957588253153322
DS17,mc.mars_OVERTPhi,mars,OVERTPhi,39,0.01795105601650492
DS17,mc.mars_OVERTPhi,mars,OVERTPhi,40,0.01897235117124324
DS17,mc.mars_OVERTPhi,mars,OVERTPhi,41,0.01837667329292877
DS17,mc.mars_OVERTPhi,mars,OVERTPhi,42,0.018040900062168515
DS17,mc.mars_OVERTPhi,mars,OVERTPhi,43,0.016982383479893937
DS17,mc.mars_OVERTPhi,mars,OVERTPhi,44,0.017546004630179544
DS17,mc.mars_OVERTPhi,mars,OVERTPhi,45,0.01679625921480175
DS17,mc.mars_OVERTPhi,mars,OVERTPhi,46,0.017889229490034853
DS17,mc.mars_OVERTPhi,mars,OVERTPhi,47,0.0176123719704903
DS17,mc.mars_OVERTPhi,mars,OVERTPhi,48,0.018326836963858808
DS17,mc.mars_OVERTPhi,mars,OVERTPhi,49,0.016207851160412057
DS17,mc.mars_OVERTPhi,mars,OVERTPhi,50,0.01581762675714376
DS17,mc.mars_OVERT,mars,OVERT,1,0.01952476191464825
DS17,mc.mars_OVERT,mars,OVERT,2,0.01949791967327693
DS17,mc.mars_OVERT,mars,OVERT,3,0.020364239426288722
DS17,mc.mars_OVERT,mars,OVERT,4,0.02089289413697854
DS17,mc.mars_OVERT,mars,OVERT,5,0.02079767022864547
DS17,mc.mars_OVERT,mars,OVERT,6,0.022902443559939586
DS17,mc.mars_OVERT,mars,OVERT,7,0.01836393437698666
DS17,mc.mars_OVERT,mars,OVERT,8,0.01875287995804104
DS17,mc.mars_OVERT,mars,OVERT,9,0.020684796310984927
DS17,mc.mars_OVERT,mars,OVERT,10,0.019358617185286083
DS17,mc.mars_OVERT,mars,OVERT,11,0.019603718402812182
DS17,mc.mars_OVERT,mars,OVERT,12,0.01875192981062689
DS17,mc.mars_OVERT,mars,OVERT,13,0.019125825340924923
DS17,mc.mars_OVERT,mars,OVERT,14,0.02027929168917928
DS17,mc.mars_OVERT,mars,OVERT,15,0.019331988704926823
DS17,mc.mars_OVERT,mars,OVERT,16,0.021664348863871957
DS17,mc.mars_OVERT,mars,OVERT,17,0.020021392215055563
DS17,mc.mars_OVERT,mars,OVERT,18,0.019875890219906225
DS17,mc.mars_OVERT,mars,OVERT,19,0.01914515477549118
DS17,mc.mars_OVERT,mars,OVERT,20,0.022584127544718707
DS17,mc.mars_OVERT,mars,OVERT,21,0.020411169333843158
DS17,mc.mars_OVERT,mars,OVERT,22,0.02352851681922017
DS17,mc.mars_OVERT,mars,OVERT,23,0.026567982593117895
DS17,mc.mars_OVERT,mars,OVERT,24,0.023146716490628886
DS17,mc.mars_OVERT,mars,OVERT,25,0.01957091394517832
DS17,mc.mars_OVERT,mars,OVERT,26,0.02368145341834581
DS17,mc.mars_OVERT,mars,OVERT,27,0.020648748010666285
DS17,mc.mars_OVERT,mars,OVERT,28,0.019764934123116692
DS17,mc.mars_OVERT,mars,OVERT,29,0.020397341589958394
DS17,mc.mars_OVERT,mars,OVERT,30,0.020960452804508017
DS17,mc.mars_OVERT,mars,OVERT,31,0.019385664906097017
DS17,mc.mars_OVERT,mars,OVERT,32,0.017840806921215993
DS17,mc.mars_OVERT,mars,OVERT,33,0.019863483574223968
DS17,mc.mars_OVERT,mars,OVERT,34,0.019162773599982027
DS17,mc.mars_OVERT,mars,OVERT,35,0.020931066973891504
DS17,mc.mars_OVERT,mars,OVERT,36,0.01929084249952219
DS17,mc.mars_OVERT,mars,OVERT,37,0.02140847734691835
DS17,mc.mars_OVERT,mars,OVERT,38,0.018866705484463866
DS17,mc.mars_OVERT,mars,OVERT,39,0.0184569994612279
DS17,mc.mars_OVERT,mars,OVERT,40,0.018661710090844774
DS17,mc.mars_OVERT,mars,OVERT,41,0.017340061281586005
DS17,mc.mars_OVERT,mars,OVERT,42,0.017280336831275694
DS17,mc.mars_OVERT,mars,OVERT,43,0.016225638565176895
DS17,mc.mars_OVERT,mars,OVERT,44,0.017727734200922614
DS17,mc.mars_OVERT,mars,OVERT,45,0.017447178410004476
DS17,mc.mars_OVERT,mars,OVERT,46,0.017846805384845486
DS17,mc.mars_OVERT,mars,OVERT,47,0.01760445418858586
DS17,mc.mars_OVERT,mars,OVERT,48,0.018324353531986845
DS17,mc.mars_OVERT,mars,OVERT,49,0.01622604083231072
DS17,mc.mars_OVERT,mars,OVERT,50,0.017119063864350234
DS17,mc.mars_SMOTEB,mars,SMOTEB,1,0.022707748996909992
DS17,mc.mars_SMOTEB,mars,SMOTEB,2,0.023475914035552794
DS17,mc.mars_SMOTEB,mars,SMOTEB,3,0.026246081279775086
DS17,mc.mars_SMOTEB,mars,SMOTEB,4,0.023211691863805613
DS17,mc.mars_SMOTEB,mars,SMOTEB,5,0.028943034947890117
DS17,mc.mars_SMOTEB,mars,SMOTEB,6,0.02301855377950308
DS17,mc.mars_SMOTEB,mars,SMOTEB,7,0.022332936087004776
DS17,mc.mars_SMOTEB,mars,SMOTEB,8,0.023897001318770542
DS17,mc.mars_SMOTEB,mars,SMOTEB,9,0.021747401479105838
DS17,mc.mars_SMOTEB,mars,SMOTEB,10,0.020479965912548324
DS17,mc.mars_SMOTEB,mars,SMOTEB,11,0.02450446670857584
DS17,mc.mars_SMOTEB,mars,SMOTEB,12,0.021941436058067396
DS17,mc.mars_SMOTEB,mars,SMOTEB,13,0.02201766770776341
DS17,mc.mars_SMOTEB,mars,SMOTEB,14,0.025736744251764747
DS17,mc.mars_SMOTEB,mars,SMOTEB,15,0.02155766769789334
DS17,mc.mars_SMOTEB,mars,SMOTEB,16,0.021694765126324313
DS17,mc.mars_SMOTEB,mars,SMOTEB,17,0.02576759196366706
DS17,mc.mars_SMOTEB,mars,SMOTEB,18,0.023225015484032538
DS17,mc.mars_SMOTEB,mars,SMOTEB,19,0.026816183642294048
DS17,mc.mars_SMOTEB,mars,SMOTEB,20,0.025144499908584222
DS17,mc.mars_SMOTEB,mars,SMOTEB,21,0.02218502223388612
DS17,mc.mars_SMOTEB,mars,SMOTEB,22,0.028769923339842723
DS17,mc.mars_SMOTEB,mars,SMOTEB,23,0.02425777586385868
DS17,mc.mars_SMOTEB,mars,SMOTEB,24,0.022560315219224223
DS17,mc.mars_SMOTEB,mars,SMOTEB,25,0.026318514310455118
DS17,mc.mars_SMOTEB,mars,SMOTEB,26,0.026855985123727055
DS17,mc.mars_SMOTEB,mars,SMOTEB,27,0.02966256798615979
DS17,mc.mars_SMOTEB,mars,SMOTEB,28,0.031219461796296463
DS17,mc.mars_SMOTEB,mars,SMOTEB,29,0.026875955158886213
DS17,mc.mars_SMOTEB,mars,SMOTEB,30,0.023807110956795743
DS17,mc.mars_SMOTEB,mars,SMOTEB,31,0.022402817706002692
DS17,mc.mars_SMOTEB,mars,SMOTEB,32,0.025658058450822273
DS17,mc.mars_SMOTEB,mars,SMOTEB,33,0.03126287386267928
DS17,mc.mars_SMOTEB,mars,SMOTEB,34,0.026536810612303532
DS17,mc.mars_SMOTEB,mars,SMOTEB,35,0.021872979696586324
DS17,mc.mars_SMOTEB,mars,SMOTEB,36,0.023951377117861918
DS17,mc.mars_SMOTEB,mars,SMOTEB,37,0.0235191609924603
DS17,mc.mars_SMOTEB,mars,SMOTEB,38,0.02617172949004853
DS17,mc.mars_SMOTEB,mars,SMOTEB,39,0.025811031253656396
DS17,mc.mars_SMOTEB,mars,SMOTEB,40,0.021209068916717637
DS17,mc.mars_SMOTEB,mars,SMOTEB,41,0.02578406090456839
DS17,mc.mars_SMOTEB,mars,SMOTEB,42,0.020439001387551555
DS17,mc.mars_SMOTEB,mars,SMOTEB,43,0.019904329223114057
DS17,mc.mars_SMOTEB,mars,SMOTEB,44,0.018842211265335668
DS17,mc.mars_SMOTEB,mars,SMOTEB,45,0.023151824509671338
DS17,mc.mars_SMOTEB,mars,SMOTEB,46,0.02271456107417099
DS17,mc.mars_SMOTEB,mars,SMOTEB,47,0.020380926275307742
DS17,mc.mars_SMOTEB,mars,SMOTEB,48,0.02229146708192062
DS17,mc.mars_SMOTEB,mars,SMOTEB,49,0.02576746881142761
DS17,mc.mars_SMOTEB,mars,SMOTEB,50,0.020680642331176977
DS17,mc.mars_SMOTETPhi,mars,SMOTETPhi,1,0.03218142227034659
DS17,mc.mars_SMOTETPhi,mars,SMOTETPhi,2,0.029530260423798832
DS17,mc.mars_SMOTETPhi,mars,SMOTETPhi,3,0.03805532143544104
DS17,mc.mars_SMOTETPhi,mars,SMOTETPhi,4,0.024209315994443825
DS17,mc.mars_SMOTETPhi,mars,SMOTETPhi,5,0.028668303613254564
DS17,mc.mars_SMOTETPhi,mars,SMOTETPhi,6,0.0294466517747415
DS17,mc.mars_SMOTETPhi,mars,SMOTETPhi,7,0.02616804374789293
DS17,mc.mars_SMOTETPhi,mars,SMOTETPhi,8,0.024989668497613946
DS17,mc.mars_SMOTETPhi,mars,SMOTETPhi,9,0.022054855930821186
DS17,mc.mars_SMOTETPhi,mars,SMOTETPhi,10,0.03010271563664447
DS17,mc.mars_SMOTETPhi,mars,SMOTETPhi,11,0.02616733943908026
DS17,mc.mars_SMOTETPhi,mars,SMOTETPhi,12,0.02334044975556319
DS17,mc.mars_SMOTETPhi,mars,SMOTETPhi,13,0.02147721137532997
DS17,mc.mars_SMOTETPhi,mars,SMOTETPhi,14,0.02726211670151014
DS17,mc.mars_SMOTETPhi,mars,SMOTETPhi,15,0.023013521157391314
DS17,mc.mars_SMOTETPhi,mars,SMOTETPhi,16,0.03758519045989662
DS17,mc.mars_SMOTETPhi,mars,SMOTETPhi,17,0.027590031313841468
DS17,mc.mars_SMOTETPhi,mars,SMOTETPhi,18,0.02795398997146759
DS17,mc.mars_SMOTETPhi,mars,SMOTETPhi,19,0.02246328310067941
DS17,mc.mars_SMOTETPhi,mars,SMOTETPhi,20,0.026939430419469404
DS17,mc.mars_SMOTETPhi,mars,SMOTETPhi,21,0.034415254634141135
DS17,mc.mars_SMOTETPhi,mars,SMOTETPhi,22,0.022459856573643935
DS17,mc.mars_SMOTETPhi,mars,SMOTETPhi,23,0.029746161469782536
DS17,mc.mars_SMOTETPhi,mars,SMOTETPhi,24,0.0396151258595332
DS17,mc.mars_SMOTETPhi,mars,SMOTETPhi,25,0.03367754808960045
DS17,mc.mars_SMOTETPhi,mars,SMOTETPhi,26,0.03005638936989726
DS17,mc.mars_SMOTETPhi,mars,SMOTETPhi,27,0.026518672276095105
DS17,mc.mars_SMOTETPhi,mars,SMOTETPhi,28,0.027229993962480513
DS17,mc.mars_SMOTETPhi,mars,SMOTETPhi,29,0.02656620936946969
DS17,mc.mars_SMOTETPhi,mars,SMOTETPhi,30,0.022542890573956382
DS17,mc.mars_SMOTETPhi,mars,SMOTETPhi,31,0.02597458382849456
DS17,mc.mars_SMOTETPhi,mars,SMOTETPhi,32,0.02690839664265788
DS17,mc.mars_SMOTETPhi,mars,SMOTETPhi,33,0.024661507563473177
DS17,mc.mars_SMOTETPhi,mars,SMOTETPhi,34,0.024019179673512466
DS17,mc.mars_SMOTETPhi,mars,SMOTETPhi,35,0.022767041116108486
DS17,mc.mars_SMOTETPhi,mars,SMOTETPhi,36,0.02370664614674175
DS17,mc.mars_SMOTETPhi,mars,SMOTETPhi,37,0.025349959844844967
DS17,mc.mars_SMOTETPhi,mars,SMOTETPhi,38,0.03357444513648671
DS17,mc.mars_SMOTETPhi,mars,SMOTETPhi,39,0.021872168185961972
DS17,mc.mars_SMOTETPhi,mars,SMOTETPhi,40,0.022283750321724437
DS17,mc.mars_SMOTETPhi,mars,SMOTETPhi,41,0.0185894588235041
DS17,mc.mars_SMOTETPhi,mars,SMOTETPhi,42,0.02535646280704958
DS17,mc.mars_SMOTETPhi,mars,SMOTETPhi,43,0.026612226529727414
DS17,mc.mars_SMOTETPhi,mars,SMOTETPhi,44,0.0214169388773669
DS17,mc.mars_SMOTETPhi,mars,SMOTETPhi,45,0.023503528823257354
DS17,mc.mars_SMOTETPhi,mars,SMOTETPhi,46,0.023408912372136093
DS17,mc.mars_SMOTETPhi,mars,SMOTETPhi,47,0.02418391464215989
DS17,mc.mars_SMOTETPhi,mars,SMOTETPhi,48,0.02398908947195364
DS17,mc.mars_SMOTETPhi,mars,SMOTETPhi,49,0.023300149101561033
DS17,mc.mars_SMOTETPhi,mars,SMOTETPhi,50,0.025983680155358922
DS17,mc.mars_SMOTET,mars,SMOTET,1,0.03575068228413389
DS17,mc.mars_SMOTET,mars,SMOTET,2,0.02587308562623393
DS17,mc.mars_SMOTET,mars,SMOTET,3,0.024681209881163464
DS17,mc.mars_SMOTET,mars,SMOTET,4,0.02602566048305808
DS17,mc.mars_SMOTET,mars,SMOTET,5,0.02673507079505036
DS17,mc.mars_SMOTET,mars,SMOTET,6,0.02636348744214293
DS17,mc.mars_SMOTET,mars,SMOTET,7,0.024166796253575828
DS17,mc.mars_SMOTET,mars,SMOTET,8,0.025292522714009474
DS17,mc.mars_SMOTET,mars,SMOTET,9,0.025204023666379066
DS17,mc.mars_SMOTET,mars,SMOTET,10,0.022596731378462253
DS17,mc.mars_SMOTET,mars,SMOTET,11,0.023029165315152776
DS17,mc.mars_SMOTET,mars,SMOTET,12,0.022292048187883
DS17,mc.mars_SMOTET,mars,SMOTET,13,0.027529154007497076
DS17,mc.mars_SMOTET,mars,SMOTET,14,0.02242079573291849
DS17,mc.mars_SMOTET,mars,SMOTET,15,0.024103723661025367
DS17,mc.mars_SMOTET,mars,SMOTET,16,0.025437726086973745
DS17,mc.mars_SMOTET,mars,SMOTET,17,0.025155271247574065
DS17,mc.mars_SMOTET,mars,SMOTET,18,0.02480806015204786
DS17,mc.mars_SMOTET,mars,SMOTET,19,0.023444210739186427
DS17,mc.mars_SMOTET,mars,SMOTET,20,0.04466342586873001
DS17,mc.mars_SMOTET,mars,SMOTET,21,0.028779917155867373
DS17,mc.mars_SMOTET,mars,SMOTET,22,0.029698297952841592
DS17,mc.mars_SMOTET,mars,SMOTET,23,0.028097068792829576
DS17,mc.mars_SMOTET,mars,SMOTET,24,0.02963491124139507
DS17,mc.mars_SMOTET,mars,SMOTET,25,0.03648296969004049
DS17,mc.mars_SMOTET,mars,SMOTET,26,0.027930613737677388
DS17,mc.mars_SMOTET,mars,SMOTET,27,0.023274242882119444
DS17,mc.mars_SMOTET,mars,SMOTET,28,0.02404214046454805
DS17,mc.mars_SMOTET,mars,SMOTET,29,0.039177234365479846
DS17,mc.mars_SMOTET,mars,SMOTET,30,0.022765151806113333
DS17,mc.mars_SMOTET,mars,SMOTET,31,0.0271138808011118
DS17,mc.mars_SMOTET,mars,SMOTET,32,0.023173218430420126
DS17,mc.mars_SMOTET,mars,SMOTET,33,0.024165030957285734
DS17,mc.mars_SMOTET,mars,SMOTET,34,0.03085626028913801
DS17,mc.mars_SMOTET,mars,SMOTET,35,0.02741622581354759
DS17,mc.mars_SMOTET,mars,SMOTET,36,0.02495668242723241
DS17,mc.mars_SMOTET,mars,SMOTET,37,0.022898274102235282
DS17,mc.mars_SMOTET,mars,SMOTET,38,0.02157111861513766
DS17,mc.mars_SMOTET,mars,SMOTET,39,0.021095123348652316
DS17,mc.mars_SMOTET,mars,SMOTET,40,0.023074059078720417
DS17,mc.mars_SMOTET,mars,SMOTET,41,0.023996585853298478
DS17,mc.mars_SMOTET,mars,SMOTET,42,0.025836776080157206
DS17,mc.mars_SMOTET,mars,SMOTET,43,0.023128795644052666
DS17,mc.mars_SMOTET,mars,SMOTET,44,0.01871749244030449
DS17,mc.mars_SMOTET,mars,SMOTET,45,0.025339190325265607
DS17,mc.mars_SMOTET,mars,SMOTET,46,0.023927484523257783
DS17,mc.mars_SMOTET,mars,SMOTET,47,0.02264076690962096
DS17,mc.mars_SMOTET,mars,SMOTET,48,0.02155186297330864
DS17,mc.mars_SMOTET,mars,SMOTET,49,0.018929242402315156
DS17,mc.mars_SMOTET,mars,SMOTET,50,0.02350883277803019
DS17,mc.mars_UNDERB,mars,UNDERB,1,0.018442898576494594
DS17,mc.mars_UNDERB,mars,UNDERB,2,0.021592425247513283
DS17,mc.mars_UNDERB,mars,UNDERB,3,0.024871771056681192
DS17,mc.mars_UNDERB,mars,UNDERB,4,0.01903891936433389
DS17,mc.mars_UNDERB,mars,UNDERB,5,0.018659478011655947
DS17,mc.mars_UNDERB,mars,UNDERB,6,0.020215280471577498
DS17,mc.mars_UNDERB,mars,UNDERB,7,0.019873847088449737
DS17,mc.mars_UNDERB,mars,UNDERB,8,0.019321632624172618
DS17,mc.mars_UNDERB,mars,UNDERB,9,0.021227772924302273
DS17,mc.mars_UNDERB,mars,UNDERB,10,0.021003452130080525
DS17,mc.mars_UNDERB,mars,UNDERB,11,0.017308950067602257
DS17,mc.mars_UNDERB,mars,UNDERB,12,0.018814698754647353
DS17,mc.mars_UNDERB,mars,UNDERB,13,0.02551471547821081
DS17,mc.mars_UNDERB,mars,UNDERB,14,0.01627683347139673
DS17,mc.mars_UNDERB,mars,UNDERB,15,0.016022801052691302
DS17,mc.mars_UNDERB,mars,UNDERB,16,0.01857570259881117
DS17,mc.mars_UNDERB,mars,UNDERB,17,0.02397513626571272
DS17,mc.mars_UNDERB,mars,UNDERB,18,0.018476451335234262
DS17,mc.mars_UNDERB,mars,UNDERB,19,0.017270088555019103
DS17,mc.mars_UNDERB,mars,UNDERB,20,0.014548050107409555
DS17,mc.mars_UNDERB,mars,UNDERB,21,0.019911324346360795
DS17,mc.mars_UNDERB,mars,UNDERB,22,0.014741945187530853
DS17,mc.mars_UNDERB,mars,UNDERB,23,0.014614137582523407
DS17,mc.mars_UNDERB,mars,UNDERB,24,0.01732632610480236
DS17,mc.mars_UNDERB,mars,UNDERB,25,0.014488318429233541
DS17,mc.mars_UNDERB,mars,UNDERB,26,0.014339892950406313
DS17,mc.mars_UNDERB,mars,UNDERB,27,0.014572174713277522
DS17,mc.mars_UNDERB,mars,UNDERB,28,0.014366654788371602
DS17,mc.mars_UNDERB,mars,UNDERB,29,0.014266459096047892
DS17,mc.mars_UNDERB,mars,UNDERB,30,0.019063136556954678
DS17,mc.mars_UNDERB,mars,UNDERB,31,0.017655926712008413
DS17,mc.mars_UNDERB,mars,UNDERB,32,0.018224917611835503
DS17,mc.mars_UNDERB,mars,UNDERB,33,0.01709082156273942
DS17,mc.mars_UNDERB,mars,UNDERB,34,0.016439997562512687
DS17,mc.mars_UNDERB,mars,UNDERB,35,0.013458566850967135
DS17,mc.mars_UNDERB,mars,UNDERB,36,0.018107931349913925
DS17,mc.mars_UNDERB,mars,UNDERB,37,0.016950614020496618
DS17,mc.mars_UNDERB,mars,UNDERB,38,0.01494116281617179
DS17,mc.mars_UNDERB,mars,UNDERB,39,0.013427587408687162
DS17,mc.mars_UNDERB,mars,UNDERB,40,0.013401082483446462
DS17,mc.mars_UNDERB,mars,UNDERB,41,0.016318958459814115
DS17,mc.mars_UNDERB,mars,UNDERB,42,0.016458983969361286
DS17,mc.mars_UNDERB,mars,UNDERB,43,0.016203430946622303
DS17,mc.mars_UNDERB,mars,UNDERB,44,0.013873921555268696
DS17,mc.mars_UNDERB,mars,UNDERB,45,0.012423974995880058
DS17,mc.mars_UNDERB,mars,UNDERB,46,0.016458585373215633
DS17,mc.mars_UNDERB,mars,UNDERB,47,0.01178722841015328
DS17,mc.mars_UNDERB,mars,UNDERB,48,0.012017148751863622
DS17,mc.mars_UNDERB,mars,UNDERB,49,0.01689917455773503
DS17,mc.mars_UNDERB,mars,UNDERB,50,0.013046748020216091
DS17,mc.mars_UNDERTPhi,mars,UNDERTPhi,1,0.016435182307326462
DS17,mc.mars_UNDERTPhi,mars,UNDERTPhi,2,0.02179456017956496
DS17,mc.mars_UNDERTPhi,mars,UNDERTPhi,3,0.018966128399872464
DS17,mc.mars_UNDERTPhi,mars,UNDERTPhi,4,0.019528722331355837
DS17,mc.mars_UNDERTPhi,mars,UNDERTPhi,5,0.017098738753966544
DS17,mc.mars_UNDERTPhi,mars,UNDERTPhi,6,0.021294478661101335
DS17,mc.mars_UNDERTPhi,mars,UNDERTPhi,7,0.018173708560200764
DS17,mc.mars_UNDERTPhi,mars,UNDERTPhi,8,0.021883407671229767
DS17,mc.mars_UNDERTPhi,mars,UNDERTPhi,9,0.02226529624419439
DS17,mc.mars_UNDERTPhi,mars,UNDERTPhi,10,0.018024910707417754
DS17,mc.mars_UNDERTPhi,mars,UNDERTPhi,11,0.01742975120823203
DS17,mc.mars_UNDERTPhi,mars,UNDERTPhi,12,0.018021349485260397
DS17,mc.mars_UNDERTPhi,mars,UNDERTPhi,13,0.019265749863459188
DS17,mc.mars_UNDERTPhi,mars,UNDERTPhi,14,0.01601163540109869
DS17,mc.mars_UNDERTPhi,mars,UNDERTPhi,15,0.019616463861798387
DS17,mc.mars_UNDERTPhi,mars,UNDERTPhi,16,0.018496255823174438
DS17,mc.mars_UNDERTPhi,mars,UNDERTPhi,17,0.01867728562124947
DS17,mc.mars_UNDERTPhi,mars,UNDERTPhi,18,0.014737010690458649
DS17,mc.mars_UNDERTPhi,mars,UNDERTPhi,19,0.01600409504440713
DS17,mc.mars_UNDERTPhi,mars,UNDERTPhi,20,0.014604564780913813
DS17,mc.mars_UNDERTPhi,mars,UNDERTPhi,21,0.014604634968052069
DS17,mc.mars_UNDERTPhi,mars,UNDERTPhi,22,0.014704135553646252
DS17,mc.mars_UNDERTPhi,mars,UNDERTPhi,23,0.014542613198553354
DS17,mc.mars_UNDERTPhi,mars,UNDERTPhi,24,0.016473807644665495
DS17,mc.mars_UNDERTPhi,mars,UNDERTPhi,25,0.01652756431381956
DS17,mc.mars_UNDERTPhi,mars,UNDERTPhi,26,0.01429336692253194
DS17,mc.mars_UNDERTPhi,mars,UNDERTPhi,27,0.014791057148070315
DS17,mc.mars_UNDERTPhi,mars,UNDERTPhi,28,0.017234745068569663
DS17,mc.mars_UNDERTPhi,mars,UNDERTPhi,29,0.014241800365847388
DS17,mc.mars_UNDERTPhi,mars,UNDERTPhi,30,0.020102081705446008
DS17,mc.mars_UNDERTPhi,mars,UNDERTPhi,31,0.01701333226187936
DS17,mc.mars_UNDERTPhi,mars,UNDERTPhi,32,0.02016425609326485
DS17,mc.mars_UNDERTPhi,mars,UNDERTPhi,33,0.01791026038936851
DS17,mc.mars_UNDERTPhi,mars,UNDERTPhi,34,0.01751720346693864
DS17,mc.mars_UNDERTPhi,mars,UNDERTPhi,35,0.016271397989581948
DS17,mc.mars_UNDERTPhi,mars,UNDERTPhi,36,0.013554642883573614
DS17,mc.mars_UNDERTPhi,mars,UNDERTPhi,37,0.014261216247880203
DS17,mc.mars_UNDERTPhi,mars,UNDERTPhi,38,0.014546352523898546
DS17,mc.mars_UNDERTPhi,mars,UNDERTPhi,39,0.013184640443390896
DS17,mc.mars_UNDERTPhi,mars,UNDERTPhi,40,0.012813295039046846
DS17,mc.mars_UNDERTPhi,mars,UNDERTPhi,41,0.012718441815305341
DS17,mc.mars_UNDERTPhi,mars,UNDERTPhi,42,0.015371947664748253
DS17,mc.mars_UNDERTPhi,mars,UNDERTPhi,43,0.013547955220047328
DS17,mc.mars_UNDERTPhi,mars,UNDERTPhi,44,0.014094445969320291
DS17,mc.mars_UNDERTPhi,mars,UNDERTPhi,45,0.018517044217655546
DS17,mc.mars_UNDERTPhi,mars,UNDERTPhi,46,0.01619542513055046
DS17,mc.mars_UNDERTPhi,mars,UNDERTPhi,47,0.013472302316636105
DS17,mc.mars_UNDERTPhi,mars,UNDERTPhi,48,0.01708130598825799
DS17,mc.mars_UNDERTPhi,mars,UNDERTPhi,49,0.020879386326194238
DS17,mc.mars_UNDERTPhi,mars,UNDERTPhi,50,0.013337188811952373
DS17,mc.mars_UNDERT,mars,UNDERT,1,0.02040009305314018
DS17,mc.mars_UNDERT,mars,UNDERT,2,0.019354043615880605
DS17,mc.mars_UNDERT,mars,UNDERT,3,0.018221211151268943
DS17,mc.mars_UNDERT,mars,UNDERT,4,0.019999432329219465
DS17,mc.mars_UNDERT,mars,UNDERT,5,0.0169792075200162
DS17,mc.mars_UNDERT,mars,UNDERT,6,0.021135804443044023
DS17,mc.mars_UNDERT,mars,UNDERT,7,0.016480792525179536
DS17,mc.mars_UNDERT,mars,UNDERT,8,0.02015235965026718
DS17,mc.mars_UNDERT,mars,UNDERT,9,0.018442456451746223
DS17,mc.mars_UNDERT,mars,UNDERT,10,0.019324587937601213
DS17,mc.mars_UNDERT,mars,UNDERT,11,0.019596876073206215
DS17,mc.mars_UNDERT,mars,UNDERT,12,0.01827562099361139
DS17,mc.mars_UNDERT,mars,UNDERT,13,0.02012766875395581
DS17,mc.mars_UNDERT,mars,UNDERT,14,0.01939306940393249
DS17,mc.mars_UNDERT,mars,UNDERT,15,0.020071998821246786
DS17,mc.mars_UNDERT,mars,UNDERT,16,0.019536822301509844
DS17,mc.mars_UNDERT,mars,UNDERT,17,0.019410451818685608
DS17,mc.mars_UNDERT,mars,UNDERT,18,0.020477417902149287
DS17,mc.mars_UNDERT,mars,UNDERT,19,0.017579639949897728
DS17,mc.mars_UNDERT,mars,UNDERT,20,0.021605256448861597
DS17,mc.mars_UNDERT,mars,UNDERT,21,0.017606591932877745
DS17,mc.mars_UNDERT,mars,UNDERT,22,0.016491407937198416
DS17,mc.mars_UNDERT,mars,UNDERT,23,0.0161829458635052
DS17,mc.mars_UNDERT,mars,UNDERT,24,0.017603034574083957
DS17,mc.mars_UNDERT,mars,UNDERT,25,0.022736089844359025
DS17,mc.mars_UNDERT,mars,UNDERT,26,0.01662599862999997
DS17,mc.mars_UNDERT,mars,UNDERT,27,0.014682389764086945
DS17,mc.mars_UNDERT,mars,UNDERT,28,0.01648408403186315
DS17,mc.mars_UNDERT,mars,UNDERT,29,0.01806651680487335
DS17,mc.mars_UNDERT,mars,UNDERT,30,0.014474800187162221
DS17,mc.mars_UNDERT,mars,UNDERT,31,0.01747223124485614
DS17,mc.mars_UNDERT,mars,UNDERT,32,0.016567304277904506
DS17,mc.mars_UNDERT,mars,UNDERT,33,0.014388343848602929
DS17,mc.mars_UNDERT,mars,UNDERT,34,0.015855130471578646
DS17,mc.mars_UNDERT,mars,UNDERT,35,0.017403538637364074
DS17,mc.mars_UNDERT,mars,UNDERT,36,0.01745903534621261
DS17,mc.mars_UNDERT,mars,UNDERT,37,0.013780034575846254
DS17,mc.mars_UNDERT,mars,UNDERT,38,0.0142140088731109
DS17,mc.mars_UNDERT,mars,UNDERT,39,0.016332993744365802
DS17,mc.mars_UNDERT,mars,UNDERT,40,0.015184749551389072
DS17,mc.mars_UNDERT,mars,UNDERT,41,0.013179518558783385
DS17,mc.mars_UNDERT,mars,UNDERT,42,0.01630072794435768
DS17,mc.mars_UNDERT,mars,UNDERT,43,0.012556039287000716
DS17,mc.mars_UNDERT,mars,UNDERT,44,0.017966859755298072
DS17,mc.mars_UNDERT,mars,UNDERT,45,0.015365692258044588
DS17,mc.mars_UNDERT,mars,UNDERT,46,0.016612751626717565
DS17,mc.mars_UNDERT,mars,UNDERT,47,0.01348761057070155
DS17,mc.mars_UNDERT,mars,UNDERT,48,0.012255588596901583
DS17,mc.mars_UNDERT,mars,UNDERT,49,0.013997228109838597
DS17,mc.mars_UNDERT,mars,UNDERT,50,0.012309312856488955
DS17,mc.mars,mars,baseline,1,0.01538645342854657
DS17,mc.mars,mars,baseline,2,0.01539344990867829
DS17,mc.mars,mars,baseline,3,0.015393085646021903
DS17,mc.mars,mars,baseline,4,0.015194053024788205
DS17,mc.mars,mars,baseline,5,0.015354466274381064
DS17,mc.mars,mars,baseline,6,0.01623105817580678
DS17,mc.mars,mars,baseline,7,0.01626446314269026
DS17,mc.mars,mars,baseline,8,0.016396732100967773
DS17,mc.mars,mars,baseline,9,0.01623392589040901
DS17,mc.mars,mars,baseline,10,0.016247304025227373
DS17,mc.mars,mars,baseline,11,0.015055042487774005
DS17,mc.mars,mars,baseline,12,0.01519347654932663
DS17,mc.mars,mars,baseline,13,0.014733144683799033
DS17,mc.mars,mars,baseline,14,0.014708502598268575
DS17,mc.mars,mars,baseline,15,0.015314922796032882
DS17,mc.mars,mars,baseline,16,0.015312241863003406
DS17,mc.mars,mars,baseline,17,0.015279701007262485
DS17,mc.mars,mars,baseline,18,0.015938053220402572
DS17,mc.mars,mars,baseline,19,0.015317241148439829
DS17,mc.mars,mars,baseline,20,0.015107088930631719
DS17,mc.mars,mars,baseline,21,0.015564750473141521
DS17,mc.mars,mars,baseline,22,0.015770676550679062
DS17,mc.mars,mars,baseline,23,0.01633048887466064
DS17,mc.mars,mars,baseline,24,0.015372272685499599
DS17,mc.mars,mars,baseline,25,0.015893361080876918
DS17,mc.mars,mars,baseline,26,0.015160677031220426
DS17,mc.mars,mars,baseline,27,0.014005132821660642
DS17,mc.mars,mars,baseline,28,0.013742863938825352
DS17,mc.mars,mars,baseline,29,0.013752721065528764
DS17,mc.mars,mars,baseline,30,0.013693179028424384
DS17,mc.mars,mars,baseline,31,0.013528861602758995
DS17,mc.mars,mars,baseline,32,0.013373985990716394
DS17,mc.mars,mars,baseline,33,0.013004072516538259
DS17,mc.mars,mars,baseline,34,0.012986012023711567
DS17,mc.mars,mars,baseline,35,0.01287802031273023
DS17,mc.mars,mars,baseline,36,0.012799547505622266
DS17,mc.mars,mars,baseline,37,0.012723711964822883
DS17,mc.mars,mars,baseline,38,0.012656736594778121
DS17,mc.mars,mars,baseline,39,0.012928244061954178
DS17,mc.mars,mars,baseline,40,0.01298438551711881
DS17,mc.mars,mars,baseline,41,0.012666863484524706
DS17,mc.mars,mars,baseline,42,0.012489379556711354
DS17,mc.mars,mars,baseline,43,0.012554360801137145
DS17,mc.mars,mars,baseline,44,0.012545267267536174
DS17,mc.mars,mars,baseline,45,0.013160166664829099
DS17,mc.mars,mars,baseline,46,0.012796874083981452
DS17,mc.mars,mars,baseline,47,0.012770717733204194
DS17,mc.mars,mars,baseline,48,0.013396811875998307
DS17,mc.mars,mars,baseline,49,0.01283857300100798
DS17,mc.mars,mars,baseline,50,0.012387369597995163
DS17,mc.rf_OVERB,rf,OVERB,1,0.015046073299105223
DS17,mc.rf_OVERB,rf,OVERB,2,0.015409235482309377
DS17,mc.rf_OVERB,rf,OVERB,3,0.014978567741579789
DS17,mc.rf_OVERB,rf,OVERB,4,0.01515372549066341
DS17,mc.rf_OVERB,rf,OVERB,5,0.01514315091182763
DS17,mc.rf_OVERB,rf,OVERB,6,0.015644902185580064
DS17,mc.rf_OVERB,rf,OVERB,7,0.015721317944388184
DS17,mc.rf_OVERB,rf,OVERB,8,0.01559981336617547
DS17,mc.rf_OVERB,rf,OVERB,9,0.015642833019834844
DS17,mc.rf_OVERB,rf,OVERB,10,0.015684093451007942
DS17,mc.rf_OVERB,rf,OVERB,11,0.015163271314521333
DS17,mc.rf_OVERB,rf,OVERB,12,0.015583816572851645
DS17,mc.rf_OVERB,rf,OVERB,13,0.015865513579735202
DS17,mc.rf_OVERB,rf,OVERB,14,0.01559806579999289
DS17,mc.rf_OVERB,rf,OVERB,15,0.016301791591076437
DS17,mc.rf_OVERB,rf,OVERB,16,0.01608187371720522
DS17,mc.rf_OVERB,rf,OVERB,17,0.0160257438409503
DS17,mc.rf_OVERB,rf,OVERB,18,0.016155286244582935
DS17,mc.rf_OVERB,rf,OVERB,19,0.015984255379395452
DS17,mc.rf_OVERB,rf,OVERB,20,0.015571571556444994
DS17,mc.rf_OVERB,rf,OVERB,21,0.015122003172076471
DS17,mc.rf_OVERB,rf,OVERB,22,0.015473041164470293
DS17,mc.rf_OVERB,rf,OVERB,23,0.015548907739630519
DS17,mc.rf_OVERB,rf,OVERB,24,0.015085041028681419
DS17,mc.rf_OVERB,rf,OVERB,25,0.015283161365324137
DS17,mc.rf_OVERB,rf,OVERB,26,0.015080112987084282
DS17,mc.rf_OVERB,rf,OVERB,27,0.014498645099509353
DS17,mc.rf_OVERB,rf,OVERB,28,0.014236450024492473
DS17,mc.rf_OVERB,rf,OVERB,29,0.014490306867329028
DS17,mc.rf_OVERB,rf,OVERB,30,0.014009461289145675
DS17,mc.rf_OVERB,rf,OVERB,31,0.013815517217580495
DS17,mc.rf_OVERB,rf,OVERB,32,0.013544958170955492
DS17,mc.rf_OVERB,rf,OVERB,33,0.013704045590581358
DS17,mc.rf_OVERB,rf,OVERB,34,0.014037120830488156
DS17,mc.rf_OVERB,rf,OVERB,35,0.013932349604032293
DS17,mc.rf_OVERB,rf,OVERB,36,0.01379505859497976
DS17,mc.rf_OVERB,rf,OVERB,37,0.013573175158012577
DS17,mc.rf_OVERB,rf,OVERB,38,0.013561375167291842
DS17,mc.rf_OVERB,rf,OVERB,39,0.013214630019918612
DS17,mc.rf_OVERB,rf,OVERB,40,0.013458108668388605
DS17,mc.rf_OVERB,rf,OVERB,41,0.013434188625167895
DS17,mc.rf_OVERB,rf,OVERB,42,0.013502827129511013
DS17,mc.rf_OVERB,rf,OVERB,43,0.013837490885275569
DS17,mc.rf_OVERB,rf,OVERB,44,0.013886212496603583
DS17,mc.rf_OVERB,rf,OVERB,45,0.013599468226034436
DS17,mc.rf_OVERB,rf,OVERB,46,0.013730017949511434
DS17,mc.rf_OVERB,rf,OVERB,47,0.0135451089866107
DS17,mc.rf_OVERB,rf,OVERB,48,0.013437559591328047
DS17,mc.rf_OVERB,rf,OVERB,49,0.01335759422675918
DS17,mc.rf_OVERB,rf,OVERB,50,0.01285250789436938
DS17,mc.rf_OVERTPhi,rf,OVERTPhi,1,0.014996085001285518
DS17,mc.rf_OVERTPhi,rf,OVERTPhi,2,0.01516415892129738
DS17,mc.rf_OVERTPhi,rf,OVERTPhi,3,0.01521078743382685
DS17,mc.rf_OVERTPhi,rf,OVERTPhi,4,0.015259696304620575
DS17,mc.rf_OVERTPhi,rf,OVERTPhi,5,0.015166350900788285
DS17,mc.rf_OVERTPhi,rf,OVERTPhi,6,0.0158657240333724
DS17,mc.rf_OVERTPhi,rf,OVERTPhi,7,0.01559214493965911
DS17,mc.rf_OVERTPhi,rf,OVERTPhi,8,0.016072719974151668
DS17,mc.rf_OVERTPhi,rf,OVERTPhi,9,0.015630502192592922
DS17,mc.rf_OVERTPhi,rf,OVERTPhi,10,0.016327688623363517
DS17,mc.rf_OVERTPhi,rf,OVERTPhi,11,0.015803912445928586
DS17,mc.rf_OVERTPhi,rf,OVERTPhi,12,0.015259300828599717
DS17,mc.rf_OVERTPhi,rf,OVERTPhi,13,0.015967169488033534
DS17,mc.rf_OVERTPhi,rf,OVERTPhi,14,0.015575359931319994
DS17,mc.rf_OVERTPhi,rf,OVERTPhi,15,0.015982047878432513
DS17,mc.rf_OVERTPhi,rf,OVERTPhi,16,0.015581261153969506
DS17,mc.rf_OVERTPhi,rf,OVERTPhi,17,0.015482230384159692
DS17,mc.rf_OVERTPhi,rf,OVERTPhi,18,0.015851887534877554
DS17,mc.rf_OVERTPhi,rf,OVERTPhi,19,0.015860252068166384
DS17,mc.rf_OVERTPhi,rf,OVERTPhi,20,0.014929001461029193
DS17,mc.rf_OVERTPhi,rf,OVERTPhi,21,0.015198997493691845
DS17,mc.rf_OVERTPhi,rf,OVERTPhi,22,0.015298826466943466
DS17,mc.rf_OVERTPhi,rf,OVERTPhi,23,0.014845051561549456
DS17,mc.rf_OVERTPhi,rf,OVERTPhi,24,0.015101532671843254
DS17,mc.rf_OVERTPhi,rf,OVERTPhi,25,0.015040044700217881
DS17,mc.rf_OVERTPhi,rf,OVERTPhi,26,0.014898332770821752
DS17,mc.rf_OVERTPhi,rf,OVERTPhi,27,0.014478834434702348
DS17,mc.rf_OVERTPhi,rf,OVERTPhi,28,0.014546526666690951
DS17,mc.rf_OVERTPhi,rf,OVERTPhi,29,0.0146934186988715
DS17,mc.rf_OVERTPhi,rf,OVERTPhi,30,0.014017449853814893
DS17,mc.rf_OVERTPhi,rf,OVERTPhi,31,0.013683103510472888
DS17,mc.rf_OVERTPhi,rf,OVERTPhi,32,0.013957663360404732
DS17,mc.rf_OVERTPhi,rf,OVERTPhi,33,0.014129221120359034
DS17,mc.rf_OVERTPhi,rf,OVERTPhi,34,0.014248237805125227
DS17,mc.rf_OVERTPhi,rf,OVERTPhi,35,0.01389798709094531
DS17,mc.rf_OVERTPhi,rf,OVERTPhi,36,0.013812564604543446
DS17,mc.rf_OVERTPhi,rf,OVERTPhi,37,0.013834813225732505
DS17,mc.rf_OVERTPhi,rf,OVERTPhi,38,0.013770703930490426
DS17,mc.rf_OVERTPhi,rf,OVERTPhi,39,0.013713003465786628
DS17,mc.rf_OVERTPhi,rf,OVERTPhi,40,0.013948453064173225
DS17,mc.rf_OVERTPhi,rf,OVERTPhi,41,0.013909518211742324
DS17,mc.rf_OVERTPhi,rf,OVERTPhi,42,0.013905509114835237
DS17,mc.rf_OVERTPhi,rf,OVERTPhi,43,0.013736695430475978
DS17,mc.rf_OVERTPhi,rf,OVERTPhi,44,0.014041264158119206
DS17,mc.rf_OVERTPhi,rf,OVERTPhi,45,0.013938134041954108
DS17,mc.rf_OVERTPhi,rf,OVERTPhi,46,0.013742009608042935
DS17,mc.rf_OVERTPhi,rf,OVERTPhi,47,0.014087460710074317
DS17,mc.rf_OVERTPhi,rf,OVERTPhi,48,0.013873683506566393
DS17,mc.rf_OVERTPhi,rf,OVERTPhi,49,0.013336021285514595
DS17,mc.rf_OVERTPhi,rf,OVERTPhi,50,0.013176695401093234
DS17,mc.rf_OVERT,rf,OVERT,1,0.0150530305333589
DS17,mc.rf_OVERT,rf,OVERT,2,0.014886255798757618
DS17,mc.rf_OVERT,rf,OVERT,3,0.01507919951572988
DS17,mc.rf_OVERT,rf,OVERT,4,0.015286047061004934
DS17,mc.rf_OVERT,rf,OVERT,5,0.015542318157538383
DS17,mc.rf_OVERT,rf,OVERT,6,0.01540177807531129
DS17,mc.rf_OVERT,rf,OVERT,7,0.015185979467618228
DS17,mc.rf_OVERT,rf,OVERT,8,0.016138459139516694
DS17,mc.rf_OVERT,rf,OVERT,9,0.015561083735601427
DS17,mc.rf_OVERT,rf,OVERT,10,0.01660176687586098
DS17,mc.rf_OVERT,rf,OVERT,11,0.015715542932548704
DS17,mc.rf_OVERT,rf,OVERT,12,0.015182009573262644
DS17,mc.rf_OVERT,rf,OVERT,13,0.015994691751278985
DS17,mc.rf_OVERT,rf,OVERT,14,0.015535564169782386
DS17,mc.rf_OVERT,rf,OVERT,15,0.015813140120804803
DS17,mc.rf_OVERT,rf,OVERT,16,0.015601872343875547
DS17,mc.rf_OVERT,rf,OVERT,17,0.015551465975682473
DS17,mc.rf_OVERT,rf,OVERT,18,0.01590738279039589
DS17,mc.rf_OVERT,rf,OVERT,19,0.01585020843472192
DS17,mc.rf_OVERT,rf,OVERT,20,0.014870276178621543
DS17,mc.rf_OVERT,rf,OVERT,21,0.01502580594381051
DS17,mc.rf_OVERT,rf,OVERT,22,0.01517165385563648
DS17,mc.rf_OVERT,rf,OVERT,23,0.0148454471133572
DS17,mc.rf_OVERT,rf,OVERT,24,0.015049212426309784
DS17,mc.rf_OVERT,rf,OVERT,25,0.015102671539291164
DS17,mc.rf_OVERT,rf,OVERT,26,0.014769871906177665
DS17,mc.rf_OVERT,rf,OVERT,27,0.014404276786779826
DS17,mc.rf_OVERT,rf,OVERT,28,0.014471318688479638
DS17,mc.rf_OVERT,rf,OVERT,29,0.01454450209443261
DS17,mc.rf_OVERT,rf,OVERT,30,0.014088116807207842
DS17,mc.rf_OVERT,rf,OVERT,31,0.013730682601740589
DS17,mc.rf_OVERT,rf,OVERT,32,0.01399338995837125
DS17,mc.rf_OVERT,rf,OVERT,33,0.014187914684400631
DS17,mc.rf_OVERT,rf,OVERT,34,0.014233751846119561
DS17,mc.rf_OVERT,rf,OVERT,35,0.013947174930656316
DS17,mc.rf_OVERT,rf,OVERT,36,0.013921546353420156
DS17,mc.rf_OVERT,rf,OVERT,37,0.013927049746120792
DS17,mc.rf_OVERT,rf,OVERT,38,0.013819397571665776
DS17,mc.rf_OVERT,rf,OVERT,39,0.013659165021234312
DS17,mc.rf_OVERT,rf,OVERT,40,0.01371448712537353
DS17,mc.rf_OVERT,rf,OVERT,41,0.01396633732799995
DS17,mc.rf_OVERT,rf,OVERT,42,0.013968122373586238
DS17,mc.rf_OVERT,rf,OVERT,43,0.013736478571355225
DS17,mc.rf_OVERT,rf,OVERT,44,0.013988877138131258
DS17,mc.rf_OVERT,rf,OVERT,45,0.013703679124713111
DS17,mc.rf_OVERT,rf,OVERT,46,0.013779952446674182
DS17,mc.rf_OVERT,rf,OVERT,47,0.014211349664172214
DS17,mc.rf_OVERT,rf,OVERT,48,0.013876430369946523
DS17,mc.rf_OVERT,rf,OVERT,49,0.013505583678102503
DS17,mc.rf_OVERT,rf,OVERT,50,0.013240670945068384
DS17,mc.rf_SMOTEB,rf,SMOTEB,1,0.020236548340290532
DS17,mc.rf_SMOTEB,rf,SMOTEB,2,0.020308492944486223
DS17,mc.rf_SMOTEB,rf,SMOTEB,3,0.02069397990559159
DS17,mc.rf_SMOTEB,rf,SMOTEB,4,0.020252039023335888
DS17,mc.rf_SMOTEB,rf,SMOTEB,5,0.020671255973468423
DS17,mc.rf_SMOTEB,rf,SMOTEB,6,0.02000112374321263
DS17,mc.rf_SMOTEB,rf,SMOTEB,7,0.02002576110084023
DS17,mc.rf_SMOTEB,rf,SMOTEB,8,0.019453777514606592
DS17,mc.rf_SMOTEB,rf,SMOTEB,9,0.019736201848953472
DS17,mc.rf_SMOTEB,rf,SMOTEB,10,0.018870349532270125
DS17,mc.rf_SMOTEB,rf,SMOTEB,11,0.017815110250622157
DS17,mc.rf_SMOTEB,rf,SMOTEB,12,0.01674132782666536
DS17,mc.rf_SMOTEB,rf,SMOTEB,13,0.016654286419986068
DS17,mc.rf_SMOTEB,rf,SMOTEB,14,0.017844801060395085
DS17,mc.rf_SMOTEB,rf,SMOTEB,15,0.017584732058782023
DS17,mc.rf_SMOTEB,rf,SMOTEB,16,0.01856446289405671
DS17,mc.rf_SMOTEB,rf,SMOTEB,17,0.017035912467732256
DS17,mc.rf_SMOTEB,rf,SMOTEB,18,0.018992918960263862
DS17,mc.rf_SMOTEB,rf,SMOTEB,19,0.017226890233003073
DS17,mc.rf_SMOTEB,rf,SMOTEB,20,0.016530872323411522
DS17,mc.rf_SMOTEB,rf,SMOTEB,21,0.016512097900733505
DS17,mc.rf_SMOTEB,rf,SMOTEB,22,0.01700093020872806
DS17,mc.rf_SMOTEB,rf,SMOTEB,23,0.016376857423851584
DS17,mc.rf_SMOTEB,rf,SMOTEB,24,0.01599915337158254
DS17,mc.rf_SMOTEB,rf,SMOTEB,25,0.01687985316688346
DS17,mc.rf_SMOTEB,rf,SMOTEB,26,0.016640995793416182
DS17,mc.rf_SMOTEB,rf,SMOTEB,27,0.01531937995977594
DS17,mc.rf_SMOTEB,rf,SMOTEB,28,0.01634017674014963
DS17,mc.rf_SMOTEB,rf,SMOTEB,29,0.016352619824502
DS17,mc.rf_SMOTEB,rf,SMOTEB,30,0.01567539237265451
DS17,mc.rf_SMOTEB,rf,SMOTEB,31,0.01585188928772461
DS17,mc.rf_SMOTEB,rf,SMOTEB,32,0.015604424003139031
DS17,mc.rf_SMOTEB,rf,SMOTEB,33,0.015967377388168426
DS17,mc.rf_SMOTEB,rf,SMOTEB,34,0.015887931340374164
DS17,mc.rf_SMOTEB,rf,SMOTEB,35,0.01571328449203858
DS17,mc.rf_SMOTEB,rf,SMOTEB,36,0.01580410399142582
DS17,mc.rf_SMOTEB,rf,SMOTEB,37,0.017210058198264735
DS17,mc.rf_SMOTEB,rf,SMOTEB,38,0.016473960339357125
DS17,mc.rf_SMOTEB,rf,SMOTEB,39,0.016390114332525282
DS17,mc.rf_SMOTEB,rf,SMOTEB,40,0.014861630162082662
DS17,mc.rf_SMOTEB,rf,SMOTEB,41,0.015809679824529948
DS17,mc.rf_SMOTEB,rf,SMOTEB,42,0.017022385477047403
DS17,mc.rf_SMOTEB,rf,SMOTEB,43,0.016693603788948002
DS17,mc.rf_SMOTEB,rf,SMOTEB,44,0.016763366522645477
DS17,mc.rf_SMOTEB,rf,SMOTEB,45,0.016730460588733512
DS17,mc.rf_SMOTEB,rf,SMOTEB,46,0.016957697475715173
DS17,mc.rf_SMOTEB,rf,SMOTEB,47,0.016615617649475067
DS17,mc.rf_SMOTEB,rf,SMOTEB,48,0.017153980202561293
DS17,mc.rf_SMOTEB,rf,SMOTEB,49,0.016887100128722823
DS17,mc.rf_SMOTEB,rf,SMOTEB,50,0.015948386889967428
DS17,mc.rf_SMOTETPhi,rf,SMOTETPhi,1,0.024618311289976696
DS17,mc.rf_SMOTETPhi,rf,SMOTETPhi,2,0.02468162216561952
DS17,mc.rf_SMOTETPhi,rf,SMOTETPhi,3,0.02416306012245793
DS17,mc.rf_SMOTETPhi,rf,SMOTETPhi,4,0.02285363891874315
DS17,mc.rf_SMOTETPhi,rf,SMOTETPhi,5,0.023518698126933812
DS17,mc.rf_SMOTETPhi,rf,SMOTETPhi,6,0.024009650838960953
DS17,mc.rf_SMOTETPhi,rf,SMOTETPhi,7,0.021311586096337952
DS17,mc.rf_SMOTETPhi,rf,SMOTETPhi,8,0.02073854940207203
DS17,mc.rf_SMOTETPhi,rf,SMOTETPhi,9,0.02014397345223446
DS17,mc.rf_SMOTETPhi,rf,SMOTETPhi,10,0.02280810262560554
DS17,mc.rf_SMOTETPhi,rf,SMOTETPhi,11,0.01938253812835047
DS17,mc.rf_SMOTETPhi,rf,SMOTETPhi,12,0.019705021761325367
DS17,mc.rf_SMOTETPhi,rf,SMOTETPhi,13,0.01902157617214996
DS17,mc.rf_SMOTETPhi,rf,SMOTETPhi,14,0.019036317657581698
DS17,mc.rf_SMOTETPhi,rf,SMOTETPhi,15,0.01907681699062343
DS17,mc.rf_SMOTETPhi,rf,SMOTETPhi,16,0.017395204341118548
DS17,mc.rf_SMOTETPhi,rf,SMOTETPhi,17,0.017433152179038375
DS17,mc.rf_SMOTETPhi,rf,SMOTETPhi,18,0.018408762194763853
DS17,mc.rf_SMOTETPhi,rf,SMOTETPhi,19,0.017866558789393916
DS17,mc.rf_SMOTETPhi,rf,SMOTETPhi,20,0.018288745327756362
DS17,mc.rf_SMOTETPhi,rf,SMOTETPhi,21,0.019018835493038424
DS17,mc.rf_SMOTETPhi,rf,SMOTETPhi,22,0.01640776096321777
DS17,mc.rf_SMOTETPhi,rf,SMOTETPhi,23,0.016165617555787458
DS17,mc.rf_SMOTETPhi,rf,SMOTETPhi,24,0.01657110597217436
DS17,mc.rf_SMOTETPhi,rf,SMOTETPhi,25,0.017113456954067355
DS17,mc.rf_SMOTETPhi,rf,SMOTETPhi,26,0.017568727500844986
DS17,mc.rf_SMOTETPhi,rf,SMOTETPhi,27,0.017387506152300215
DS17,mc.rf_SMOTETPhi,rf,SMOTETPhi,28,0.016673328089848186
DS17,mc.rf_SMOTETPhi,rf,SMOTETPhi,29,0.018768698014564777
DS17,mc.rf_SMOTETPhi,rf,SMOTETPhi,30,0.017597583805177883
DS17,mc.rf_SMOTETPhi,rf,SMOTETPhi,31,0.015825202644096707
DS17,mc.rf_SMOTETPhi,rf,SMOTETPhi,32,0.017528796010993893
DS17,mc.rf_SMOTETPhi,rf,SMOTETPhi,33,0.01670985302726497
DS17,mc.rf_SMOTETPhi,rf,SMOTETPhi,34,0.016732065243915663
DS17,mc.rf_SMOTETPhi,rf,SMOTETPhi,35,0.0163640273312217
DS17,mc.rf_SMOTETPhi,rf,SMOTETPhi,36,0.016144017816988657
DS17,mc.rf_SMOTETPhi,rf,SMOTETPhi,37,0.015742581604816036
DS17,mc.rf_SMOTETPhi,rf,SMOTETPhi,38,0.01647296048694469
DS17,mc.rf_SMOTETPhi,rf,SMOTETPhi,39,0.016754513428904015
DS17,mc.rf_SMOTETPhi,rf,SMOTETPhi,40,0.016533391556294734
DS17,mc.rf_SMOTETPhi,rf,SMOTETPhi,41,0.016433015530040188
DS17,mc.rf_SMOTETPhi,rf,SMOTETPhi,42,0.019521374248749286
DS17,mc.rf_SMOTETPhi,rf,SMOTETPhi,43,0.018506181114066565
DS17,mc.rf_SMOTETPhi,rf,SMOTETPhi,44,0.016971110768408935
DS17,mc.rf_SMOTETPhi,rf,SMOTETPhi,45,0.018227511673070764
DS17,mc.rf_SMOTETPhi,rf,SMOTETPhi,46,0.018798284825132336
DS17,mc.rf_SMOTETPhi,rf,SMOTETPhi,47,0.018821084095966303
DS17,mc.rf_SMOTETPhi,rf,SMOTETPhi,48,0.018887432869041317
DS17,mc.rf_SMOTETPhi,rf,SMOTETPhi,49,0.016222615457665897
DS17,mc.rf_SMOTETPhi,rf,SMOTETPhi,50,0.016445476912680043
DS17,mc.rf_SMOTET,rf,SMOTET,1,0.024338695454604625
DS17,mc.rf_SMOTET,rf,SMOTET,2,0.023643258008307983
DS17,mc.rf_SMOTET,rf,SMOTET,3,0.021705013840560096
DS17,mc.rf_SMOTET,rf,SMOTET,4,0.02433267715345776
DS17,mc.rf_SMOTET,rf,SMOTET,5,0.023069859322185273
DS17,mc.rf_SMOTET,rf,SMOTET,6,0.0241824575667885
DS17,mc.rf_SMOTET,rf,SMOTET,7,0.0237468779967844
DS17,mc.rf_SMOTET,rf,SMOTET,8,0.023506557714555135
DS17,mc.rf_SMOTET,rf,SMOTET,9,0.021949516818663067
DS17,mc.rf_SMOTET,rf,SMOTET,10,0.02211052381512905
DS17,mc.rf_SMOTET,rf,SMOTET,11,0.020497784157378532
DS17,mc.rf_SMOTET,rf,SMOTET,12,0.019961694349026497
DS17,mc.rf_SMOTET,rf,SMOTET,13,0.018555748674771447
DS17,mc.rf_SMOTET,rf,SMOTET,14,0.018501315170678257
DS17,mc.rf_SMOTET,rf,SMOTET,15,0.019061908288905575
DS17,mc.rf_SMOTET,rf,SMOTET,16,0.019814449160013445
DS17,mc.rf_SMOTET,rf,SMOTET,17,0.016876984645624666
DS17,mc.rf_SMOTET,rf,SMOTET,18,0.020010665813882954
DS17,mc.rf_SMOTET,rf,SMOTET,19,0.018701847594231994
DS17,mc.rf_SMOTET,rf,SMOTET,20,0.017826247927603327
DS17,mc.rf_SMOTET,rf,SMOTET,21,0.01752355415538656
DS17,mc.rf_SMOTET,rf,SMOTET,22,0.016270449433267425
DS17,mc.rf_SMOTET,rf,SMOTET,23,0.0177929095030125
DS17,mc.rf_SMOTET,rf,SMOTET,24,0.016811791481922217
DS17,mc.rf_SMOTET,rf,SMOTET,25,0.017803402166384475
DS17,mc.rf_SMOTET,rf,SMOTET,26,0.017238040338314144
DS17,mc.rf_SMOTET,rf,SMOTET,27,0.016537974666692747
DS17,mc.rf_SMOTET,rf,SMOTET,28,0.016546951645934047
DS17,mc.rf_SMOTET,rf,SMOTET,29,0.016606397896409008
DS17,mc.rf_SMOTET,rf,SMOTET,30,0.01678779902914782
DS17,mc.rf_SMOTET,rf,SMOTET,31,0.0154521554285855
DS17,mc.rf_SMOTET,rf,SMOTET,32,0.01641899978425395
DS17,mc.rf_SMOTET,rf,SMOTET,33,0.01688244966500893
DS17,mc.rf_SMOTET,rf,SMOTET,34,0.01569324612605445
DS17,mc.rf_SMOTET,rf,SMOTET,35,0.016367658910199208
DS17,mc.rf_SMOTET,rf,SMOTET,36,0.017263289291104985
DS17,mc.rf_SMOTET,rf,SMOTET,37,0.016491066131772116
DS17,mc.rf_SMOTET,rf,SMOTET,38,0.016038657905931935
DS17,mc.rf_SMOTET,rf,SMOTET,39,0.015364453478405274
DS17,mc.rf_SMOTET,rf,SMOTET,40,0.015606540377961274
DS17,mc.rf_SMOTET,rf,SMOTET,41,0.015813480327074053
DS17,mc.rf_SMOTET,rf,SMOTET,42,0.017685521067514122
DS17,mc.rf_SMOTET,rf,SMOTET,43,0.01819372888712733
DS17,mc.rf_SMOTET,rf,SMOTET,44,0.01744733389364692
DS17,mc.rf_SMOTET,rf,SMOTET,45,0.01741876970582436
DS17,mc.rf_SMOTET,rf,SMOTET,46,0.018561754879474455
DS17,mc.rf_SMOTET,rf,SMOTET,47,0.01741361360827763
DS17,mc.rf_SMOTET,rf,SMOTET,48,0.019191189173540527
DS17,mc.rf_SMOTET,rf,SMOTET,49,0.01523109773060064
DS17,mc.rf_SMOTET,rf,SMOTET,50,0.014583416095929816
DS17,mc.rf_UNDERB,rf,UNDERB,1,0.01761573870379776
DS17,mc.rf_UNDERB,rf,UNDERB,2,0.018856038684175173
DS17,mc.rf_UNDERB,rf,UNDERB,3,0.017200995527967094
DS17,mc.rf_UNDERB,rf,UNDERB,4,0.016869175436977864
DS17,mc.rf_UNDERB,rf,UNDERB,5,0.017403298814767685
DS17,mc.rf_UNDERB,rf,UNDERB,6,0.017435625466622164
DS17,mc.rf_UNDERB,rf,UNDERB,7,0.01799399106785159
DS17,mc.rf_UNDERB,rf,UNDERB,8,0.01800615858305863
DS17,mc.rf_UNDERB,rf,UNDERB,9,0.017047098937186166
DS17,mc.rf_UNDERB,rf,UNDERB,10,0.016916051140679306
DS17,mc.rf_UNDERB,rf,UNDERB,11,0.016647420180944412
DS17,mc.rf_UNDERB,rf,UNDERB,12,0.016696822773005732
DS17,mc.rf_UNDERB,rf,UNDERB,13,0.016560205086699597
DS17,mc.rf_UNDERB,rf,UNDERB,14,0.016326121617488275
DS17,mc.rf_UNDERB,rf,UNDERB,15,0.016813995419069416
DS17,mc.rf_UNDERB,rf,UNDERB,16,0.016516645584410218
DS17,mc.rf_UNDERB,rf,UNDERB,17,0.017192307354684456
DS17,mc.rf_UNDERB,rf,UNDERB,18,0.016838076191796413
DS17,mc.rf_UNDERB,rf,UNDERB,19,0.01630592738718185
DS17,mc.rf_UNDERB,rf,UNDERB,20,0.016394843197642183
DS17,mc.rf_UNDERB,rf,UNDERB,21,0.016433252932188683
DS17,mc.rf_UNDERB,rf,UNDERB,22,0.015769609699018947
DS17,mc.rf_UNDERB,rf,UNDERB,23,0.015358979216740886
DS17,mc.rf_UNDERB,rf,UNDERB,24,0.015164647739325776
DS17,mc.rf_UNDERB,rf,UNDERB,25,0.016039400412030096
DS17,mc.rf_UNDERB,rf,UNDERB,26,0.015248909833354451
DS17,mc.rf_UNDERB,rf,UNDERB,27,0.01567596833829648
DS17,mc.rf_UNDERB,rf,UNDERB,28,0.015454488473145128
DS17,mc.rf_UNDERB,rf,UNDERB,29,0.01616467881367713
DS17,mc.rf_UNDERB,rf,UNDERB,30,0.015271168845385612
DS17,mc.rf_UNDERB,rf,UNDERB,31,0.015941954491264374
DS17,mc.rf_UNDERB,rf,UNDERB,32,0.015996948601253135
DS17,mc.rf_UNDERB,rf,UNDERB,33,0.015515871680165834
DS17,mc.rf_UNDERB,rf,UNDERB,34,0.015957185378037544
DS17,mc.rf_UNDERB,rf,UNDERB,35,0.015094686725736692
DS17,mc.rf_UNDERB,rf,UNDERB,36,0.016450410659045154
DS17,mc.rf_UNDERB,rf,UNDERB,37,0.015342270988234619
DS17,mc.rf_UNDERB,rf,UNDERB,38,0.014613909945755876
DS17,mc.rf_UNDERB,rf,UNDERB,39,0.015119682203748135
DS17,mc.rf_UNDERB,rf,UNDERB,40,0.014713317149725562
DS17,mc.rf_UNDERB,rf,UNDERB,41,0.015892912272297544
DS17,mc.rf_UNDERB,rf,UNDERB,42,0.014313385853227839
DS17,mc.rf_UNDERB,rf,UNDERB,43,0.015139079694136647
DS17,mc.rf_UNDERB,rf,UNDERB,44,0.015493015494632348
DS17,mc.rf_UNDERB,rf,UNDERB,45,0.01475938938078792
DS17,mc.rf_UNDERB,rf,UNDERB,46,0.01538919179499348
DS17,mc.rf_UNDERB,rf,UNDERB,47,0.015151621573364775
DS17,mc.rf_UNDERB,rf,UNDERB,48,0.01460718564417501
DS17,mc.rf_UNDERB,rf,UNDERB,49,0.014995591322719872
DS17,mc.rf_UNDERB,rf,UNDERB,50,0.014293035935901793
DS17,mc.rf_UNDERTPhi,rf,UNDERTPhi,1,0.016895533671865668
DS17,mc.rf_UNDERTPhi,rf,UNDERTPhi,2,0.017598075818613966
DS17,mc.rf_UNDERTPhi,rf,UNDERTPhi,3,0.016551984113034473
DS17,mc.rf_UNDERTPhi,rf,UNDERTPhi,4,0.01745260292002734
DS17,mc.rf_UNDERTPhi,rf,UNDERTPhi,5,0.01736178562511382
DS17,mc.rf_UNDERTPhi,rf,UNDERTPhi,6,0.0178899846133615
DS17,mc.rf_UNDERTPhi,rf,UNDERTPhi,7,0.017997739639876508
DS17,mc.rf_UNDERTPhi,rf,UNDERTPhi,8,0.017458509057004898
DS17,mc.rf_UNDERTPhi,rf,UNDERTPhi,9,0.016821377827078033
DS17,mc.rf_UNDERTPhi,rf,UNDERTPhi,10,0.016908134432540422
DS17,mc.rf_UNDERTPhi,rf,UNDERTPhi,11,0.01703102446444095
DS17,mc.rf_UNDERTPhi,rf,UNDERTPhi,12,0.016245459838726804
DS17,mc.rf_UNDERTPhi,rf,UNDERTPhi,13,0.01703992289571573
DS17,mc.rf_UNDERTPhi,rf,UNDERTPhi,14,0.01662639174079366
DS17,mc.rf_UNDERTPhi,rf,UNDERTPhi,15,0.017536022928429998
DS17,mc.rf_UNDERTPhi,rf,UNDERTPhi,16,0.016683139543727552
DS17,mc.rf_UNDERTPhi,rf,UNDERTPhi,17,0.016349383339817218
DS17,mc.rf_UNDERTPhi,rf,UNDERTPhi,18,0.01814569235644985
DS17,mc.rf_UNDERTPhi,rf,UNDERTPhi,19,0.017589945474798852
DS17,mc.rf_UNDERTPhi,rf,UNDERTPhi,20,0.01632528303447316
DS17,mc.rf_UNDERTPhi,rf,UNDERTPhi,21,0.0161093444091671
DS17,mc.rf_UNDERTPhi,rf,UNDERTPhi,22,0.01604657177546022
DS17,mc.rf_UNDERTPhi,rf,UNDERTPhi,23,0.016252225145586705
DS17,mc.rf_UNDERTPhi,rf,UNDERTPhi,24,0.01577313077721949
DS17,mc.rf_UNDERTPhi,rf,UNDERTPhi,25,0.01604899467450743
DS17,mc.rf_UNDERTPhi,rf,UNDERTPhi,26,0.015455992252579834
DS17,mc.rf_UNDERTPhi,rf,UNDERTPhi,27,0.016054340713134718
DS17,mc.rf_UNDERTPhi,rf,UNDERTPhi,28,0.01625083780941391
DS17,mc.rf_UNDERTPhi,rf,UNDERTPhi,29,0.015840611564650057
DS17,mc.rf_UNDERTPhi,rf,UNDERTPhi,30,0.01678014224008684
DS17,mc.rf_UNDERTPhi,rf,UNDERTPhi,31,0.015063631977697558
DS17,mc.rf_UNDERTPhi,rf,UNDERTPhi,32,0.015234331955567077
DS17,mc.rf_UNDERTPhi,rf,UNDERTPhi,33,0.016456848240113866
DS17,mc.rf_UNDERTPhi,rf,UNDERTPhi,34,0.015511648457952477
DS17,mc.rf_UNDERTPhi,rf,UNDERTPhi,35,0.01527888682497522
DS17,mc.rf_UNDERTPhi,rf,UNDERTPhi,36,0.01491124333596991
DS17,mc.rf_UNDERTPhi,rf,UNDERTPhi,37,0.01465040305309422
DS17,mc.rf_UNDERTPhi,rf,UNDERTPhi,38,0.01473032498876509
DS17,mc.rf_UNDERTPhi,rf,UNDERTPhi,39,0.01472902312894257
DS17,mc.rf_UNDERTPhi,rf,UNDERTPhi,40,0.013829165216459684
DS17,mc.rf_UNDERTPhi,rf,UNDERTPhi,41,0.014193963248579761
DS17,mc.rf_UNDERTPhi,rf,UNDERTPhi,42,0.01518334263916017
DS17,mc.rf_UNDERTPhi,rf,UNDERTPhi,43,0.015158625750962539
DS17,mc.rf_UNDERTPhi,rf,UNDERTPhi,44,0.01561592317642061
DS17,mc.rf_UNDERTPhi,rf,UNDERTPhi,45,0.015006450050929545
DS17,mc.rf_UNDERTPhi,rf,UNDERTPhi,46,0.015313086623357758
DS17,mc.rf_UNDERTPhi,rf,UNDERTPhi,47,0.015398725779060391
DS17,mc.rf_UNDERTPhi,rf,UNDERTPhi,48,0.015343782066672597
DS17,mc.rf_UNDERTPhi,rf,UNDERTPhi,49,0.015322903401520652
DS17,mc.rf_UNDERTPhi,rf,UNDERTPhi,50,0.01411734142328917
DS17,mc.rf_UNDERT,rf,UNDERT,1,0.017744435280262674
DS17,mc.rf_UNDERT,rf,UNDERT,2,0.017123522525016078
DS17,mc.rf_UNDERT,rf,UNDERT,3,0.017760872682798436
DS17,mc.rf_UNDERT,rf,UNDERT,4,0.016852244965891036
DS17,mc.rf_UNDERT,rf,UNDERT,5,0.01653782640136006
DS17,mc.rf_UNDERT,rf,UNDERT,6,0.017180528748235144
DS17,mc.rf_UNDERT,rf,UNDERT,7,0.018066169132464102
DS17,mc.rf_UNDERT,rf,UNDERT,8,0.018126834682324504
DS17,mc.rf_UNDERT,rf,UNDERT,9,0.016532204310068133
DS17,mc.rf_UNDERT,rf,UNDERT,10,0.01690926456052315
DS17,mc.rf_UNDERT,rf,UNDERT,11,0.016590085135162008
DS17,mc.rf_UNDERT,rf,UNDERT,12,0.01679089081999697
DS17,mc.rf_UNDERT,rf,UNDERT,13,0.01694100556551239
DS17,mc.rf_UNDERT,rf,UNDERT,14,0.016578600040016496
DS17,mc.rf_UNDERT,rf,UNDERT,15,0.016704132876353417
DS17,mc.rf_UNDERT,rf,UNDERT,16,0.017918454840123253
DS17,mc.rf_UNDERT,rf,UNDERT,17,0.016574011700029524
DS17,mc.rf_UNDERT,rf,UNDERT,18,0.01691129783757892
DS17,mc.rf_UNDERT,rf,UNDERT,19,0.01597780936297568
DS17,mc.rf_UNDERT,rf,UNDERT,20,0.01716309906432218
DS17,mc.rf_UNDERT,rf,UNDERT,21,0.01578003676546119
DS17,mc.rf_UNDERT,rf,UNDERT,22,0.01562866739363616
DS17,mc.rf_UNDERT,rf,UNDERT,23,0.016176317665972693
DS17,mc.rf_UNDERT,rf,UNDERT,24,0.015192824304930231
DS17,mc.rf_UNDERT,rf,UNDERT,25,0.016297215256530193
DS17,mc.rf_UNDERT,rf,UNDERT,26,0.015139304111858638
DS17,mc.rf_UNDERT,rf,UNDERT,27,0.016047888196451456
DS17,mc.rf_UNDERT,rf,UNDERT,28,0.015704221580260382
DS17,mc.rf_UNDERT,rf,UNDERT,29,0.01658999167360459
DS17,mc.rf_UNDERT,rf,UNDERT,30,0.01563052710805181
DS17,mc.rf_UNDERT,rf,UNDERT,31,0.015607837269405359
DS17,mc.rf_UNDERT,rf,UNDERT,32,0.01481769177058824
DS17,mc.rf_UNDERT,rf,UNDERT,33,0.015178688566861252
DS17,mc.rf_UNDERT,rf,UNDERT,34,0.015178245070159385
DS17,mc.rf_UNDERT,rf,UNDERT,35,0.016242339272139267
DS17,mc.rf_UNDERT,rf,UNDERT,36,0.014832908825570063
DS17,mc.rf_UNDERT,rf,UNDERT,37,0.015183550022682025
DS17,mc.rf_UNDERT,rf,UNDERT,38,0.014213903594849545
DS17,mc.rf_UNDERT,rf,UNDERT,39,0.014433015268209176
DS17,mc.rf_UNDERT,rf,UNDERT,40,0.014209737370437398
DS17,mc.rf_UNDERT,rf,UNDERT,41,0.014825557588015122
DS17,mc.rf_UNDERT,rf,UNDERT,42,0.015068357662706927
DS17,mc.rf_UNDERT,rf,UNDERT,43,0.01516171281734087
DS17,mc.rf_UNDERT,rf,UNDERT,44,0.01495801642776273
DS17,mc.rf_UNDERT,rf,UNDERT,45,0.015147310450238592
DS17,mc.rf_UNDERT,rf,UNDERT,46,0.014563320559269016
DS17,mc.rf_UNDERT,rf,UNDERT,47,0.015080703075898214
DS17,mc.rf_UNDERT,rf,UNDERT,48,0.015682631848858337
DS17,mc.rf_UNDERT,rf,UNDERT,49,0.014069603078176101
DS17,mc.rf_UNDERT,rf,UNDERT,50,0.014531890049683607
DS17,mc.rf,rf,baseline,1,0.014894853135004701
DS17,mc.rf,rf,baseline,2,0.014906746272513793
DS17,mc.rf,rf,baseline,3,0.015066195923984121
DS17,mc.rf,rf,baseline,4,0.014865893040837876
DS17,mc.rf,rf,baseline,5,0.015046575467734956
DS17,mc.rf,rf,baseline,6,0.015227526220189538
DS17,mc.rf,rf,baseline,7,0.015125374845585904
DS17,mc.rf,rf,baseline,8,0.014722471061777966
DS17,mc.rf,rf,baseline,9,0.01500318238185382
DS17,mc.rf,rf,baseline,10,0.014884561968024375
DS17,mc.rf,rf,baseline,11,0.014953206165891488
DS17,mc.rf,rf,baseline,12,0.01501315208780624
DS17,mc.rf,rf,baseline,13,0.015074882633598628
DS17,mc.rf,rf,baseline,14,0.015009033096208234
DS17,mc.rf,rf,baseline,15,0.015414794432220104
DS17,mc.rf,rf,baseline,16,0.015257519786470086
DS17,mc.rf,rf,baseline,17,0.015334723749980997
DS17,mc.rf,rf,baseline,18,0.015495212290316045
DS17,mc.rf,rf,baseline,19,0.015388209827783295
DS17,mc.rf,rf,baseline,20,0.015040090734496336
DS17,mc.rf,rf,baseline,21,0.01528393784157049
DS17,mc.rf,rf,baseline,22,0.015012021305847981
DS17,mc.rf,rf,baseline,23,0.014793488075915925
DS17,mc.rf,rf,baseline,24,0.01483098013781101
DS17,mc.rf,rf,baseline,25,0.014992947989267211
DS17,mc.rf,rf,baseline,26,0.014649500620158138
DS17,mc.rf,rf,baseline,27,0.013983956932244046
DS17,mc.rf,rf,baseline,28,0.0139248596620789
DS17,mc.rf,rf,baseline,29,0.0139554787419622
DS17,mc.rf,rf,baseline,30,0.01378774189112484
DS17,mc.rf,rf,baseline,31,0.013538744981106833
DS17,mc.rf,rf,baseline,32,0.013408169907869217
DS17,mc.rf,rf,baseline,33,0.013199853643966166
DS17,mc.rf,rf,baseline,34,0.013237533409530385
DS17,mc.rf,rf,baseline,35,0.01304880447857667
DS17,mc.rf,rf,baseline,36,0.013015901054554514
DS17,mc.rf,rf,baseline,37,0.013046686533414247
DS17,mc.rf,rf,baseline,38,0.012924471954188721
DS17,mc.rf,rf,baseline,39,0.012821939989438596
DS17,mc.rf,rf,baseline,40,0.012838289885409587
DS17,mc.rf,rf,baseline,41,0.012851061599432214
DS17,mc.rf,rf,baseline,42,0.01268888019496087
DS17,mc.rf,rf,baseline,43,0.012693230246224136
DS17,mc.rf,rf,baseline,44,0.012883451857493452
DS17,mc.rf,rf,baseline,45,0.012689940126919486
DS17,mc.rf,rf,baseline,46,0.012676795188509202
DS17,mc.rf,rf,baseline,47,0.012587819837441673
DS17,mc.rf,rf,baseline,48,0.012731444181408232
DS17,mc.rf,rf,baseline,49,0.012441539132065731
DS17,mc.rf,rf,baseline,50,0.012311008732421119
DS17,mc.rpart_OVERB,rpart,OVERB,1,0.020556874887279104
DS17,mc.rpart_OVERB,rpart,OVERB,2,0.020986765073241095
DS17,mc.rpart_OVERB,rpart,OVERB,3,0.01918020100052162
DS17,mc.rpart_OVERB,rpart,OVERB,4,0.019066837691046026
DS17,mc.rpart_OVERB,rpart,OVERB,5,0.019219740549583857
DS17,mc.rpart_OVERB,rpart,OVERB,6,0.020107240451896297
DS17,mc.rpart_OVERB,rpart,OVERB,7,0.01869157570524309
DS17,mc.rpart_OVERB,rpart,OVERB,8,0.020580970746183414
DS17,mc.rpart_OVERB,rpart,OVERB,9,0.01908888856018954
DS17,mc.rpart_OVERB,rpart,OVERB,10,0.022476916888999037
DS17,mc.rpart_OVERB,rpart,OVERB,11,0.019496224743984592
DS17,mc.rpart_OVERB,rpart,OVERB,12,0.02080396769529551
DS17,mc.rpart_OVERB,rpart,OVERB,13,0.0217030019023755
DS17,mc.rpart_OVERB,rpart,OVERB,14,0.02089586823347909
DS17,mc.rpart_OVERB,rpart,OVERB,15,0.01924153165848234
DS17,mc.rpart_OVERB,rpart,OVERB,16,0.020201724444672768
DS17,mc.rpart_OVERB,rpart,OVERB,17,0.019080043603112034
DS17,mc.rpart_OVERB,rpart,OVERB,18,0.020690188147270125
DS17,mc.rpart_OVERB,rpart,OVERB,19,0.01886016419597133
DS17,mc.rpart_OVERB,rpart,OVERB,20,0.0201029101478165
DS17,mc.rpart_OVERB,rpart,OVERB,21,0.018688620836785293
DS17,mc.rpart_OVERB,rpart,OVERB,22,0.020409565236782282
DS17,mc.rpart_OVERB,rpart,OVERB,23,0.02056313176039023
DS17,mc.rpart_OVERB,rpart,OVERB,24,0.017695560719483486
DS17,mc.rpart_OVERB,rpart,OVERB,25,0.018672318772543398
DS17,mc.rpart_OVERB,rpart,OVERB,26,0.018638203535863103
DS17,mc.rpart_OVERB,rpart,OVERB,27,0.01845078398687961
DS17,mc.rpart_OVERB,rpart,OVERB,28,0.017725415689929493
DS17,mc.rpart_OVERB,rpart,OVERB,29,0.018682792532243725
DS17,mc.rpart_OVERB,rpart,OVERB,30,0.016239109987755337
DS17,mc.rpart_OVERB,rpart,OVERB,31,0.015495054051089363
DS17,mc.rpart_OVERB,rpart,OVERB,32,0.01795882919427185
DS17,mc.rpart_OVERB,rpart,OVERB,33,0.01828038371779307
DS17,mc.rpart_OVERB,rpart,OVERB,34,0.017387509419635207
DS17,mc.rpart_OVERB,rpart,OVERB,35,0.018128485305383166
DS17,mc.rpart_OVERB,rpart,OVERB,36,0.019222564421020293
DS17,mc.rpart_OVERB,rpart,OVERB,37,0.0178091127177044
DS17,mc.rpart_OVERB,rpart,OVERB,38,0.019473357030209974
DS17,mc.rpart_OVERB,rpart,OVERB,39,0.018221582789956756
DS17,mc.rpart_OVERB,rpart,OVERB,40,0.016945105644654988
DS17,mc.rpart_OVERB,rpart,OVERB,41,0.017931820631709113
DS17,mc.rpart_OVERB,rpart,OVERB,42,0.016743547699164817
DS17,mc.rpart_OVERB,rpart,OVERB,43,0.016416314515956165
DS17,mc.rpart_OVERB,rpart,OVERB,44,0.017564073699932924
DS17,mc.rpart_OVERB,rpart,OVERB,45,0.01777401358738018
DS17,mc.rpart_OVERB,rpart,OVERB,46,0.017039526620439626
DS17,mc.rpart_OVERB,rpart,OVERB,47,0.018595327192085533
DS17,mc.rpart_OVERB,rpart,OVERB,48,0.01665047520748187
DS17,mc.rpart_OVERB,rpart,OVERB,49,0.017712676273053823
DS17,mc.rpart_OVERB,rpart,OVERB,50,0.017384013104164382
DS17,mc.rpart_OVERTPhi,rpart,OVERTPhi,1,0.01927519107522109
DS17,mc.rpart_OVERTPhi,rpart,OVERTPhi,2,0.01772687143472115
DS17,mc.rpart_OVERTPhi,rpart,OVERTPhi,3,0.020007860214459137
DS17,mc.rpart_OVERTPhi,rpart,OVERTPhi,4,0.019705407044539748
DS17,mc.rpart_OVERTPhi,rpart,OVERTPhi,5,0.020373850445279486
DS17,mc.rpart_OVERTPhi,rpart,OVERTPhi,6,0.01925294384883348
DS17,mc.rpart_OVERTPhi,rpart,OVERTPhi,7,0.01982674844462288
DS17,mc.rpart_OVERTPhi,rpart,OVERTPhi,8,0.02130833392292765
DS17,mc.rpart_OVERTPhi,rpart,OVERTPhi,9,0.016274024455027042
DS17,mc.rpart_OVERTPhi,rpart,OVERTPhi,10,0.020176234523933648
DS17,mc.rpart_OVERTPhi,rpart,OVERTPhi,11,0.018509652903810524
DS17,mc.rpart_OVERTPhi,rpart,OVERTPhi,12,0.020656708573546664
DS17,mc.rpart_OVERTPhi,rpart,OVERTPhi,13,0.02059537390468291
DS17,mc.rpart_OVERTPhi,rpart,OVERTPhi,14,0.018996542932432258
DS17,mc.rpart_OVERTPhi,rpart,OVERTPhi,15,0.021377815495495035
DS17,mc.rpart_OVERTPhi,rpart,OVERTPhi,16,0.019617236582859278
DS17,mc.rpart_OVERTPhi,rpart,OVERTPhi,17,0.02078738196401969
DS17,mc.rpart_OVERTPhi,rpart,OVERTPhi,18,0.019911833169804743
DS17,mc.rpart_OVERTPhi,rpart,OVERTPhi,19,0.021039807706850096
DS17,mc.rpart_OVERTPhi,rpart,OVERTPhi,20,0.020668028956284112
DS17,mc.rpart_OVERTPhi,rpart,OVERTPhi,21,0.020260133886087356
DS17,mc.rpart_OVERTPhi,rpart,OVERTPhi,22,0.020208377503101026
DS17,mc.rpart_OVERTPhi,rpart,OVERTPhi,23,0.021011115664888825
DS17,mc.rpart_OVERTPhi,rpart,OVERTPhi,24,0.020570687533865463
DS17,mc.rpart_OVERTPhi,rpart,OVERTPhi,25,0.020719532238455608
DS17,mc.rpart_OVERTPhi,rpart,OVERTPhi,26,0.01890080390440915
DS17,mc.rpart_OVERTPhi,rpart,OVERTPhi,27,0.01881340400198844
DS17,mc.rpart_OVERTPhi,rpart,OVERTPhi,28,0.019737392933162557
DS17,mc.rpart_OVERTPhi,rpart,OVERTPhi,29,0.018863137439634057
DS17,mc.rpart_OVERTPhi,rpart,OVERTPhi,30,0.017757231142976206
DS17,mc.rpart_OVERTPhi,rpart,OVERTPhi,31,0.017473508202185874
DS17,mc.rpart_OVERTPhi,rpart,OVERTPhi,32,0.01862844792852426
DS17,mc.rpart_OVERTPhi,rpart,OVERTPhi,33,0.016865342034303912
DS17,mc.rpart_OVERTPhi,rpart,OVERTPhi,34,0.018628796015789692
DS17,mc.rpart_OVERTPhi,rpart,OVERTPhi,35,0.018283212606345956
DS17,mc.rpart_OVERTPhi,rpart,OVERTPhi,36,0.017993914036202513
DS17,mc.rpart_OVERTPhi,rpart,OVERTPhi,37,0.01729348108329168
DS17,mc.rpart_OVERTPhi,rpart,OVERTPhi,38,0.016521799758604887
DS17,mc.rpart_OVERTPhi,rpart,OVERTPhi,39,0.017762977404086635
DS17,mc.rpart_OVERTPhi,rpart,OVERTPhi,40,0.016295621633710723
DS17,mc.rpart_OVERTPhi,rpart,OVERTPhi,41,0.01778221377779814
DS17,mc.rpart_OVERTPhi,rpart,OVERTPhi,42,0.0165334471983508
DS17,mc.rpart_OVERTPhi,rpart,OVERTPhi,43,0.017263607654900058
DS17,mc.rpart_OVERTPhi,rpart,OVERTPhi,44,0.01740553207326862
DS17,mc.rpart_OVERTPhi,rpart,OVERTPhi,45,0.01695983024143441
DS17,mc.rpart_OVERTPhi,rpart,OVERTPhi,46,0.018723679862638502
DS17,mc.rpart_OVERTPhi,rpart,OVERTPhi,47,0.016974821093552667
DS17,mc.rpart_OVERTPhi,rpart,OVERTPhi,48,0.01674262332794607
DS17,mc.rpart_OVERTPhi,rpart,OVERTPhi,49,0.015864336537063192
DS17,mc.rpart_OVERTPhi,rpart,OVERTPhi,50,0.01670960445546357
DS17,mc.rpart_OVERT,rpart,OVERT,1,0.019382549235611234
DS17,mc.rpart_OVERT,rpart,OVERT,2,0.019920934976542667
DS17,mc.rpart_OVERT,rpart,OVERT,3,0.020181015750344387
DS17,mc.rpart_OVERT,rpart,OVERT,4,0.019140604224303297
DS17,mc.rpart_OVERT,rpart,OVERT,5,0.02065920869243066
DS17,mc.rpart_OVERT,rpart,OVERT,6,0.019617041093124506
DS17,mc.rpart_OVERT,rpart,OVERT,7,0.018840042478068496
DS17,mc.rpart_OVERT,rpart,OVERT,8,0.020275298488867298
DS17,mc.rpart_OVERT,rpart,OVERT,9,0.016072799584164025
DS17,mc.rpart_OVERT,rpart,OVERT,10,0.020615981593155436
DS17,mc.rpart_OVERT,rpart,OVERT,11,0.021170566673858346
DS17,mc.rpart_OVERT,rpart,OVERT,12,0.019973584656034656
DS17,mc.rpart_OVERT,rpart,OVERT,13,0.021553924821050466
DS17,mc.rpart_OVERT,rpart,OVERT,14,0.020596049410766776
DS17,mc.rpart_OVERT,rpart,OVERT,15,0.02110352171794823
DS17,mc.rpart_OVERT,rpart,OVERT,16,0.020263265378435612
DS17,mc.rpart_OVERT,rpart,OVERT,17,0.020082735471346327
DS17,mc.rpart_OVERT,rpart,OVERT,18,0.019856931544826557
DS17,mc.rpart_OVERT,rpart,OVERT,19,0.019974696375108375
DS17,mc.rpart_OVERT,rpart,OVERT,20,0.02066640070112985
DS17,mc.rpart_OVERT,rpart,OVERT,21,0.02026205372493617
DS17,mc.rpart_OVERT,rpart,OVERT,22,0.02020855012553296
DS17,mc.rpart_OVERT,rpart,OVERT,23,0.020330040562673315
DS17,mc.rpart_OVERT,rpart,OVERT,24,0.017758031418259223
DS17,mc.rpart_OVERT,rpart,OVERT,25,0.020033486288709504
DS17,mc.rpart_OVERT,rpart,OVERT,26,0.019222270271224366
DS17,mc.rpart_OVERT,rpart,OVERT,27,0.01962925141782897
DS17,mc.rpart_OVERT,rpart,OVERT,28,0.01951907917317333
DS17,mc.rpart_OVERT,rpart,OVERT,29,0.018354923581882326
DS17,mc.rpart_OVERT,rpart,OVERT,30,0.017914764874314898
DS17,mc.rpart_OVERT,rpart,OVERT,31,0.018135644826114114
DS17,mc.rpart_OVERT,rpart,OVERT,32,0.01772731461936955
DS17,mc.rpart_OVERT,rpart,OVERT,33,0.016873028816934792
DS17,mc.rpart_OVERT,rpart,OVERT,34,0.018241975358487667
DS17,mc.rpart_OVERT,rpart,OVERT,35,0.01721776650520681
DS17,mc.rpart_OVERT,rpart,OVERT,36,0.018020272251921984
DS17,mc.rpart_OVERT,rpart,OVERT,37,0.01735672350846166
DS17,mc.rpart_OVERT,rpart,OVERT,38,0.01632768937573536
DS17,mc.rpart_OVERT,rpart,OVERT,39,0.017648136462803842
DS17,mc.rpart_OVERT,rpart,OVERT,40,0.016883198048015764
DS17,mc.rpart_OVERT,rpart,OVERT,41,0.01788494264414973
DS17,mc.rpart_OVERT,rpart,OVERT,42,0.017210566950686613
DS17,mc.rpart_OVERT,rpart,OVERT,43,0.017267647144480373
DS17,mc.rpart_OVERT,rpart,OVERT,44,0.016754317346486053
DS17,mc.rpart_OVERT,rpart,OVERT,45,0.016881400997220346
DS17,mc.rpart_OVERT,rpart,OVERT,46,0.018012524051974087
DS17,mc.rpart_OVERT,rpart,OVERT,47,0.016984250294158582
DS17,mc.rpart_OVERT,rpart,OVERT,48,0.01814890582495771
DS17,mc.rpart_OVERT,rpart,OVERT,49,0.01640456706951602
DS17,mc.rpart_OVERT,rpart,OVERT,50,0.01637052060006734
DS17,mc.rpart_SMOTEB,rpart,SMOTEB,1,0.026001850558930707
DS17,mc.rpart_SMOTEB,rpart,SMOTEB,2,0.02696776918342528
DS17,mc.rpart_SMOTEB,rpart,SMOTEB,3,0.025682531989768196
DS17,mc.rpart_SMOTEB,rpart,SMOTEB,4,0.028881734249347084
DS17,mc.rpart_SMOTEB,rpart,SMOTEB,5,0.02915620269789463
DS17,mc.rpart_SMOTEB,rpart,SMOTEB,6,0.02712153647558426
DS17,mc.rpart_SMOTEB,rpart,SMOTEB,7,0.028415764173387686
DS17,mc.rpart_SMOTEB,rpart,SMOTEB,8,0.02722199222100965
DS17,mc.rpart_SMOTEB,rpart,SMOTEB,9,0.025373031818998488
DS17,mc.rpart_SMOTEB,rpart,SMOTEB,10,0.025344549404136652
DS17,mc.rpart_SMOTEB,rpart,SMOTEB,11,0.025870061502641487
DS17,mc.rpart_SMOTEB,rpart,SMOTEB,12,0.024146007679797642
DS17,mc.rpart_SMOTEB,rpart,SMOTEB,13,0.02328208120728116
DS17,mc.rpart_SMOTEB,rpart,SMOTEB,14,0.024240625122656363
DS17,mc.rpart_SMOTEB,rpart,SMOTEB,15,0.02575413043117874
DS17,mc.rpart_SMOTEB,rpart,SMOTEB,16,0.023347387247905586
DS17,mc.rpart_SMOTEB,rpart,SMOTEB,17,0.021119471578128754
DS17,mc.rpart_SMOTEB,rpart,SMOTEB,18,0.02524054878407901
DS17,mc.rpart_SMOTEB,rpart,SMOTEB,19,0.02612429363952982
DS17,mc.rpart_SMOTEB,rpart,SMOTEB,20,0.024119201667559872
DS17,mc.rpart_SMOTEB,rpart,SMOTEB,21,0.02489826437046888
DS17,mc.rpart_SMOTEB,rpart,SMOTEB,22,0.025877744570667712
DS17,mc.rpart_SMOTEB,rpart,SMOTEB,23,0.022278080478906108
DS17,mc.rpart_SMOTEB,rpart,SMOTEB,24,0.024756793424394123
DS17,mc.rpart_SMOTEB,rpart,SMOTEB,25,0.022374817826732302
DS17,mc.rpart_SMOTEB,rpart,SMOTEB,26,0.023005230137374308
DS17,mc.rpart_SMOTEB,rpart,SMOTEB,27,0.021578870071128884
DS17,mc.rpart_SMOTEB,rpart,SMOTEB,28,0.023243968048834503
DS17,mc.rpart_SMOTEB,rpart,SMOTEB,29,0.022506443947998646
DS17,mc.rpart_SMOTEB,rpart,SMOTEB,30,0.023072735733634837
DS17,mc.rpart_SMOTEB,rpart,SMOTEB,31,0.021127971265866324
DS17,mc.rpart_SMOTEB,rpart,SMOTEB,32,0.01936398605149169
DS17,mc.rpart_SMOTEB,rpart,SMOTEB,33,0.022569785860380786
DS17,mc.rpart_SMOTEB,rpart,SMOTEB,34,0.02240100569814363
DS17,mc.rpart_SMOTEB,rpart,SMOTEB,35,0.01948369588286383
DS17,mc.rpart_SMOTEB,rpart,SMOTEB,36,0.023430077390386276
DS17,mc.rpart_SMOTEB,rpart,SMOTEB,37,0.022212554000297896
DS17,mc.rpart_SMOTEB,rpart,SMOTEB,38,0.021182902895627315
DS17,mc.rpart_SMOTEB,rpart,SMOTEB,39,0.020413021387874725
DS17,mc.rpart_SMOTEB,rpart,SMOTEB,40,0.019649594735729015
DS17,mc.rpart_SMOTEB,rpart,SMOTEB,41,0.02196959455733225
DS17,mc.rpart_SMOTEB,rpart,SMOTEB,42,0.02173641799912567
DS17,mc.rpart_SMOTEB,rpart,SMOTEB,43,0.021432973053585505
DS17,mc.rpart_SMOTEB,rpart,SMOTEB,44,0.02403228726923342
DS17,mc.rpart_SMOTEB,rpart,SMOTEB,45,0.022193767723575716
DS17,mc.rpart_SMOTEB,rpart,SMOTEB,46,0.021956221008690983
DS17,mc.rpart_SMOTEB,rpart,SMOTEB,47,0.02351033726826281
DS17,mc.rpart_SMOTEB,rpart,SMOTEB,48,0.02265015594002664
DS17,mc.rpart_SMOTEB,rpart,SMOTEB,49,0.02137242237246713
DS17,mc.rpart_SMOTEB,rpart,SMOTEB,50,0.021357588618455308
DS17,mc.rpart_SMOTETPhi,rpart,SMOTETPhi,1,0.03593780016645658
DS17,mc.rpart_SMOTETPhi,rpart,SMOTETPhi,2,0.032022163093113586
DS17,mc.rpart_SMOTETPhi,rpart,SMOTETPhi,3,0.032664503526465355
DS17,mc.rpart_SMOTETPhi,rpart,SMOTETPhi,4,0.03122666014988108
DS17,mc.rpart_SMOTETPhi,rpart,SMOTETPhi,5,0.03324447639921192
DS17,mc.rpart_SMOTETPhi,rpart,SMOTETPhi,6,0.03044611273307262
DS17,mc.rpart_SMOTETPhi,rpart,SMOTETPhi,7,0.028260893842648672
DS17,mc.rpart_SMOTETPhi,rpart,SMOTETPhi,8,0.028336085029587326
DS17,mc.rpart_SMOTETPhi,rpart,SMOTETPhi,9,0.02797239833093417
DS17,mc.rpart_SMOTETPhi,rpart,SMOTETPhi,10,0.029762473209682307
DS17,mc.rpart_SMOTETPhi,rpart,SMOTETPhi,11,0.027982869204365428
DS17,mc.rpart_SMOTETPhi,rpart,SMOTETPhi,12,0.026673563412117088
DS17,mc.rpart_SMOTETPhi,rpart,SMOTETPhi,13,0.028505561060828834
DS17,mc.rpart_SMOTETPhi,rpart,SMOTETPhi,14,0.028486757806138508
DS17,mc.rpart_SMOTETPhi,rpart,SMOTETPhi,15,0.026821227961476277
DS17,mc.rpart_SMOTETPhi,rpart,SMOTETPhi,16,0.025822046590674025
DS17,mc.rpart_SMOTETPhi,rpart,SMOTETPhi,17,0.02263217366500687
DS17,mc.rpart_SMOTETPhi,rpart,SMOTETPhi,18,0.02749375279972214
DS17,mc.rpart_SMOTETPhi,rpart,SMOTETPhi,19,0.02512782945956501
DS17,mc.rpart_SMOTETPhi,rpart,SMOTETPhi,20,0.024625183083678066
DS17,mc.rpart_SMOTETPhi,rpart,SMOTETPhi,21,0.025389918644367772
DS17,mc.rpart_SMOTETPhi,rpart,SMOTETPhi,22,0.02261020833100756
DS17,mc.rpart_SMOTETPhi,rpart,SMOTETPhi,23,0.0207039790533277
DS17,mc.rpart_SMOTETPhi,rpart,SMOTETPhi,24,0.02400429787690067
DS17,mc.rpart_SMOTETPhi,rpart,SMOTETPhi,25,0.023585493533003526
DS17,mc.rpart_SMOTETPhi,rpart,SMOTETPhi,26,0.0237002828763644
DS17,mc.rpart_SMOTETPhi,rpart,SMOTETPhi,27,0.023452377086451905
DS17,mc.rpart_SMOTETPhi,rpart,SMOTETPhi,28,0.025927414989670942
DS17,mc.rpart_SMOTETPhi,rpart,SMOTETPhi,29,0.023866709618011177
DS17,mc.rpart_SMOTETPhi,rpart,SMOTETPhi,30,0.020733083301403728
DS17,mc.rpart_SMOTETPhi,rpart,SMOTETPhi,31,0.02380159021317827
DS17,mc.rpart_SMOTETPhi,rpart,SMOTETPhi,32,0.024122651061079876
DS17,mc.rpart_SMOTETPhi,rpart,SMOTETPhi,33,0.023673871394534717
DS17,mc.rpart_SMOTETPhi,rpart,SMOTETPhi,34,0.02331524888324767
DS17,mc.rpart_SMOTETPhi,rpart,SMOTETPhi,35,0.023835197989110362
DS17,mc.rpart_SMOTETPhi,rpart,SMOTETPhi,36,0.02376011555245319
DS17,mc.rpart_SMOTETPhi,rpart,SMOTETPhi,37,0.02352119315448504
DS17,mc.rpart_SMOTETPhi,rpart,SMOTETPhi,38,0.026256270646113432
DS17,mc.rpart_SMOTETPhi,rpart,SMOTETPhi,39,0.025404567713379973
DS17,mc.rpart_SMOTETPhi,rpart,SMOTETPhi,40,0.025479740163891547
DS17,mc.rpart_SMOTETPhi,rpart,SMOTETPhi,41,0.023261327579101265
DS17,mc.rpart_SMOTETPhi,rpart,SMOTETPhi,42,0.025046793400551343
DS17,mc.rpart_SMOTETPhi,rpart,SMOTETPhi,43,0.025174081737456222
DS17,mc.rpart_SMOTETPhi,rpart,SMOTETPhi,44,0.021876984610198918
DS17,mc.rpart_SMOTETPhi,rpart,SMOTETPhi,45,0.02192091218564836
DS17,mc.rpart_SMOTETPhi,rpart,SMOTETPhi,46,0.02275198757622998
DS17,mc.rpart_SMOTETPhi,rpart,SMOTETPhi,47,0.025277532595297785
DS17,mc.rpart_SMOTETPhi,rpart,SMOTETPhi,48,0.02469983126854307
DS17,mc.rpart_SMOTETPhi,rpart,SMOTETPhi,49,0.021983601312561604
DS17,mc.rpart_SMOTETPhi,rpart,SMOTETPhi,50,0.023793807901561978
DS17,mc.rpart_SMOTET,rpart,SMOTET,1,0.030276520826526782
DS17,mc.rpart_SMOTET,rpart,SMOTET,2,0.030123781094200844
DS17,mc.rpart_SMOTET,rpart,SMOTET,3,0.026146153486271292
DS17,mc.rpart_SMOTET,rpart,SMOTET,4,0.031219919878802183
DS17,mc.rpart_SMOTET,rpart,SMOTET,5,0.031255111210056086
DS17,mc.rpart_SMOTET,rpart,SMOTET,6,0.030091734197715256
DS17,mc.rpart_SMOTET,rpart,SMOTET,7,0.026878607185691246
DS17,mc.rpart_SMOTET,rpart,SMOTET,8,0.026367172288327523
DS17,mc.rpart_SMOTET,rpart,SMOTET,9,0.02631547223680498
DS17,mc.rpart_SMOTET,rpart,SMOTET,10,0.028046998156382588
DS17,mc.rpart_SMOTET,rpart,SMOTET,11,0.02665397504547731
DS17,mc.rpart_SMOTET,rpart,SMOTET,12,0.0274087146968656
DS17,mc.rpart_SMOTET,rpart,SMOTET,13,0.023667960194211253
DS17,mc.rpart_SMOTET,rpart,SMOTET,14,0.02670030052469974
DS17,mc.rpart_SMOTET,rpart,SMOTET,15,0.023636472351718063
DS17,mc.rpart_SMOTET,rpart,SMOTET,16,0.0261037266736504
DS17,mc.rpart_SMOTET,rpart,SMOTET,17,0.022465705768999793
DS17,mc.rpart_SMOTET,rpart,SMOTET,18,0.027501888386256057
DS17,mc.rpart_SMOTET,rpart,SMOTET,19,0.0257020849707579
DS17,mc.rpart_SMOTET,rpart,SMOTET,20,0.02389730215665904
DS17,mc.rpart_SMOTET,rpart,SMOTET,21,0.026222902566860887
DS17,mc.rpart_SMOTET,rpart,SMOTET,22,0.0237251000891411
DS17,mc.rpart_SMOTET,rpart,SMOTET,23,0.024417035923006057
DS17,mc.rpart_SMOTET,rpart,SMOTET,24,0.027116402349184353
DS17,mc.rpart_SMOTET,rpart,SMOTET,25,0.022606558769559477
DS17,mc.rpart_SMOTET,rpart,SMOTET,26,0.02573271917831759
DS17,mc.rpart_SMOTET,rpart,SMOTET,27,0.021955455084420407
DS17,mc.rpart_SMOTET,rpart,SMOTET,28,0.02313733194395608
DS17,mc.rpart_SMOTET,rpart,SMOTET,29,0.02160917205432239
DS17,mc.rpart_SMOTET,rpart,SMOTET,30,0.02397646745167467
DS17,mc.rpart_SMOTET,rpart,SMOTET,31,0.02188504844396304
DS17,mc.rpart_SMOTET,rpart,SMOTET,32,0.022190401937371748
DS17,mc.rpart_SMOTET,rpart,SMOTET,33,0.023290699771984887
DS17,mc.rpart_SMOTET,rpart,SMOTET,34,0.022265565491328302
DS17,mc.rpart_SMOTET,rpart,SMOTET,35,0.02190295483027864
DS17,mc.rpart_SMOTET,rpart,SMOTET,36,0.02160251690268637
DS17,mc.rpart_SMOTET,rpart,SMOTET,37,0.02209056066715508
DS17,mc.rpart_SMOTET,rpart,SMOTET,38,0.022116861157409077
DS17,mc.rpart_SMOTET,rpart,SMOTET,39,0.021288611755428656
DS17,mc.rpart_SMOTET,rpart,SMOTET,40,0.023210517158712776
DS17,mc.rpart_SMOTET,rpart,SMOTET,41,0.019421103515806493
DS17,mc.rpart_SMOTET,rpart,SMOTET,42,0.02196230443241828
DS17,mc.rpart_SMOTET,rpart,SMOTET,43,0.02184314910524255
DS17,mc.rpart_SMOTET,rpart,SMOTET,44,0.02120977614308015
DS17,mc.rpart_SMOTET,rpart,SMOTET,45,0.021445947672606068
DS17,mc.rpart_SMOTET,rpart,SMOTET,46,0.02361167695914881
DS17,mc.rpart_SMOTET,rpart,SMOTET,47,0.02305544866711123
DS17,mc.rpart_SMOTET,rpart,SMOTET,48,0.02594057574870972
DS17,mc.rpart_SMOTET,rpart,SMOTET,49,0.02249631669431311
DS17,mc.rpart_SMOTET,rpart,SMOTET,50,0.021391883816023576
DS17,mc.rpart_UNDERB,rpart,UNDERB,1,0.026072203894088035
DS17,mc.rpart_UNDERB,rpart,UNDERB,2,0.028330308858368115
DS17,mc.rpart_UNDERB,rpart,UNDERB,3,0.023941195198062856
DS17,mc.rpart_UNDERB,rpart,UNDERB,4,0.02406016903137325
DS17,mc.rpart_UNDERB,rpart,UNDERB,5,0.025440953264536416
DS17,mc.rpart_UNDERB,rpart,UNDERB,6,0.0285172246539176
DS17,mc.rpart_UNDERB,rpart,UNDERB,7,0.02452804027416239
DS17,mc.rpart_UNDERB,rpart,UNDERB,8,0.026109513632978365
DS17,mc.rpart_UNDERB,rpart,UNDERB,9,0.025361819642024427
DS17,mc.rpart_UNDERB,rpart,UNDERB,10,0.023152826499811388
DS17,mc.rpart_UNDERB,rpart,UNDERB,11,0.024138537925282463
DS17,mc.rpart_UNDERB,rpart,UNDERB,12,0.02402249981345011
DS17,mc.rpart_UNDERB,rpart,UNDERB,13,0.02300795406039554
DS17,mc.rpart_UNDERB,rpart,UNDERB,14,0.023585299341420837
DS17,mc.rpart_UNDERB,rpart,UNDERB,15,0.0233078796785706
DS17,mc.rpart_UNDERB,rpart,UNDERB,16,0.024572982201923936
DS17,mc.rpart_UNDERB,rpart,UNDERB,17,0.02339855689920454
DS17,mc.rpart_UNDERB,rpart,UNDERB,18,0.024204566938420165
DS17,mc.rpart_UNDERB,rpart,UNDERB,19,0.02093783423170939
DS17,mc.rpart_UNDERB,rpart,UNDERB,20,0.02328344331711815
DS17,mc.rpart_UNDERB,rpart,UNDERB,21,0.020042121176471875
DS17,mc.rpart_UNDERB,rpart,UNDERB,22,0.02052557092894931
DS17,mc.rpart_UNDERB,rpart,UNDERB,23,0.020364129329155923
DS17,mc.rpart_UNDERB,rpart,UNDERB,24,0.02250479514376333
DS17,mc.rpart_UNDERB,rpart,UNDERB,25,0.0220413273170864
DS17,mc.rpart_UNDERB,rpart,UNDERB,26,0.023528400001428737
DS17,mc.rpart_UNDERB,rpart,UNDERB,27,0.020369109043185667
DS17,mc.rpart_UNDERB,rpart,UNDERB,28,0.022890641673594305
DS17,mc.rpart_UNDERB,rpart,UNDERB,29,0.020881546668277247
DS17,mc.rpart_UNDERB,rpart,UNDERB,30,0.021002143332974208
DS17,mc.rpart_UNDERB,rpart,UNDERB,31,0.02307990955172434
DS17,mc.rpart_UNDERB,rpart,UNDERB,32,0.02149658252307021
DS17,mc.rpart_UNDERB,rpart,UNDERB,33,0.02134771847601763
DS17,mc.rpart_UNDERB,rpart,UNDERB,34,0.022851554717193603
DS17,mc.rpart_UNDERB,rpart,UNDERB,35,0.021591907853212487
DS17,mc.rpart_UNDERB,rpart,UNDERB,36,0.02517262295915619
DS17,mc.rpart_UNDERB,rpart,UNDERB,37,0.02140978422243778
DS17,mc.rpart_UNDERB,rpart,UNDERB,38,0.020347147092442817
DS17,mc.rpart_UNDERB,rpart,UNDERB,39,0.020319464319705296
DS17,mc.rpart_UNDERB,rpart,UNDERB,40,0.02076934569894939
DS17,mc.rpart_UNDERB,rpart,UNDERB,41,0.02012009149984906
DS17,mc.rpart_UNDERB,rpart,UNDERB,42,0.02037470673597511
DS17,mc.rpart_UNDERB,rpart,UNDERB,43,0.023452281106173027
DS17,mc.rpart_UNDERB,rpart,UNDERB,44,0.021829008559656318
DS17,mc.rpart_UNDERB,rpart,UNDERB,45,0.022259058457558205
DS17,mc.rpart_UNDERB,rpart,UNDERB,46,0.02182026342915645
DS17,mc.rpart_UNDERB,rpart,UNDERB,47,0.02507238947019879
DS17,mc.rpart_UNDERB,rpart,UNDERB,48,0.022756789887323273
DS17,mc.rpart_UNDERB,rpart,UNDERB,49,0.021063129310803487
DS17,mc.rpart_UNDERB,rpart,UNDERB,50,0.02180937188416305
DS17,mc.rpart_UNDERTPhi,rpart,UNDERTPhi,1,0.025018218670498162
DS17,mc.rpart_UNDERTPhi,rpart,UNDERTPhi,2,0.03153014269309363
DS17,mc.rpart_UNDERTPhi,rpart,UNDERTPhi,3,0.025243043756796812
DS17,mc.rpart_UNDERTPhi,rpart,UNDERTPhi,4,0.025530825303158276
DS17,mc.rpart_UNDERTPhi,rpart,UNDERTPhi,5,0.025257213212733942
DS17,mc.rpart_UNDERTPhi,rpart,UNDERTPhi,6,0.02540939081292128
DS17,mc.rpart_UNDERTPhi,rpart,UNDERTPhi,7,0.027699389941170327
DS17,mc.rpart_UNDERTPhi,rpart,UNDERTPhi,8,0.023980613620128943
DS17,mc.rpart_UNDERTPhi,rpart,UNDERTPhi,9,0.025113059510216328
DS17,mc.rpart_UNDERTPhi,rpart,UNDERTPhi,10,0.024875837065261946
DS17,mc.rpart_UNDERTPhi,rpart,UNDERTPhi,11,0.024962324032370576
DS17,mc.rpart_UNDERTPhi,rpart,UNDERTPhi,12,0.02265224810443566
DS17,mc.rpart_UNDERTPhi,rpart,UNDERTPhi,13,0.025413765263046142
DS17,mc.rpart_UNDERTPhi,rpart,UNDERTPhi,14,0.024106721871156717
DS17,mc.rpart_UNDERTPhi,rpart,UNDERTPhi,15,0.026358142281605212
DS17,mc.rpart_UNDERTPhi,rpart,UNDERTPhi,16,0.02463359353400468
DS17,mc.rpart_UNDERTPhi,rpart,UNDERTPhi,17,0.023978767983513137
DS17,mc.rpart_UNDERTPhi,rpart,UNDERTPhi,18,0.02632178101055281
DS17,mc.rpart_UNDERTPhi,rpart,UNDERTPhi,19,0.02359066052510064
DS17,mc.rpart_UNDERTPhi,rpart,UNDERTPhi,20,0.022710974350524916
DS17,mc.rpart_UNDERTPhi,rpart,UNDERTPhi,21,0.02423300779055099
DS17,mc.rpart_UNDERTPhi,rpart,UNDERTPhi,22,0.023893580717319257
DS17,mc.rpart_UNDERTPhi,rpart,UNDERTPhi,23,0.022998915037730137
DS17,mc.rpart_UNDERTPhi,rpart,UNDERTPhi,24,0.02251054867219141
DS17,mc.rpart_UNDERTPhi,rpart,UNDERTPhi,25,0.024833402643196553
DS17,mc.rpart_UNDERTPhi,rpart,UNDERTPhi,26,0.02262270572150526
DS17,mc.rpart_UNDERTPhi,rpart,UNDERTPhi,27,0.02162464487582083
DS17,mc.rpart_UNDERTPhi,rpart,UNDERTPhi,28,0.022375054854356657
DS17,mc.rpart_UNDERTPhi,rpart,UNDERTPhi,29,0.023002631275500736
DS17,mc.rpart_UNDERTPhi,rpart,UNDERTPhi,30,0.02157933220169602
DS17,mc.rpart_UNDERTPhi,rpart,UNDERTPhi,31,0.023203205327350988
DS17,mc.rpart_UNDERTPhi,rpart,UNDERTPhi,32,0.02231640806729962
DS17,mc.rpart_UNDERTPhi,rpart,UNDERTPhi,33,0.021715268966354517
DS17,mc.rpart_UNDERTPhi,rpart,UNDERTPhi,34,0.020497362547421363
DS17,mc.rpart_UNDERTPhi,rpart,UNDERTPhi,35,0.02230538200520256
DS17,mc.rpart_UNDERTPhi,rpart,UNDERTPhi,36,0.02155296557947709
DS17,mc.rpart_UNDERTPhi,rpart,UNDERTPhi,37,0.022983945333244347
DS17,mc.rpart_UNDERTPhi,rpart,UNDERTPhi,38,0.02246823319223441
DS17,mc.rpart_UNDERTPhi,rpart,UNDERTPhi,39,0.021169826043174023
DS17,mc.rpart_UNDERTPhi,rpart,UNDERTPhi,40,0.022362485479804826
DS17,mc.rpart_UNDERTPhi,rpart,UNDERTPhi,41,0.019032227819600945
DS17,mc.rpart_UNDERTPhi,rpart,UNDERTPhi,42,0.022744205948147515
DS17,mc.rpart_UNDERTPhi,rpart,UNDERTPhi,43,0.02128745912583168
DS17,mc.rpart_UNDERTPhi,rpart,UNDERTPhi,44,0.02254176728678675
DS17,mc.rpart_UNDERTPhi,rpart,UNDERTPhi,45,0.020243077469494303
DS17,mc.rpart_UNDERTPhi,rpart,UNDERTPhi,46,0.025952296894193178
DS17,mc.rpart_UNDERTPhi,rpart,UNDERTPhi,47,0.02135518370192357
DS17,mc.rpart_UNDERTPhi,rpart,UNDERTPhi,48,0.02155133908092512
DS17,mc.rpart_UNDERTPhi,rpart,UNDERTPhi,49,0.02262423068308053
DS17,mc.rpart_UNDERTPhi,rpart,UNDERTPhi,50,0.02216567751682537
DS17,mc.rpart_UNDERT,rpart,UNDERT,1,0.0221908873342529
DS17,mc.rpart_UNDERT,rpart,UNDERT,2,0.024993124756172047
DS17,mc.rpart_UNDERT,rpart,UNDERT,3,0.028362253163118578
DS17,mc.rpart_UNDERT,rpart,UNDERT,4,0.025385658664000815
DS17,mc.rpart_UNDERT,rpart,UNDERT,5,0.02357750974034639
DS17,mc.rpart_UNDERT,rpart,UNDERT,6,0.026441673560366842
DS17,mc.rpart_UNDERT,rpart,UNDERT,7,0.026760095119016863
DS17,mc.rpart_UNDERT,rpart,UNDERT,8,0.023089395750880808
DS17,mc.rpart_UNDERT,rpart,UNDERT,9,0.024367823309549827
DS17,mc.rpart_UNDERT,rpart,UNDERT,10,0.024530757598186598
DS17,mc.rpart_UNDERT,rpart,UNDERT,11,0.025198461268496494
DS17,mc.rpart_UNDERT,rpart,UNDERT,12,0.024397621750083746
DS17,mc.rpart_UNDERT,rpart,UNDERT,13,0.02604015862483383
DS17,mc.rpart_UNDERT,rpart,UNDERT,14,0.02277972033765254
DS17,mc.rpart_UNDERT,rpart,UNDERT,15,0.023930329962265136
DS17,mc.rpart_UNDERT,rpart,UNDERT,16,0.024008019206919095
DS17,mc.rpart_UNDERT,rpart,UNDERT,17,0.023156891552645713
DS17,mc.rpart_UNDERT,rpart,UNDERT,18,0.024297062370915643
DS17,mc.rpart_UNDERT,rpart,UNDERT,19,0.02211209405291942
DS17,mc.rpart_UNDERT,rpart,UNDERT,20,0.021765539131607895
DS17,mc.rpart_UNDERT,rpart,UNDERT,21,0.02385821079456316
DS17,mc.rpart_UNDERT,rpart,UNDERT,22,0.021627775704628666
DS17,mc.rpart_UNDERT,rpart,UNDERT,23,0.024402336302242353
DS17,mc.rpart_UNDERT,rpart,UNDERT,24,0.022769501328485372
DS17,mc.rpart_UNDERT,rpart,UNDERT,25,0.021324354064778013
DS17,mc.rpart_UNDERT,rpart,UNDERT,26,0.021601652952962864
DS17,mc.rpart_UNDERT,rpart,UNDERT,27,0.0235026514381217
DS17,mc.rpart_UNDERT,rpart,UNDERT,28,0.02204719067591974
DS17,mc.rpart_UNDERT,rpart,UNDERT,29,0.022751006295601433
DS17,mc.rpart_UNDERT,rpart,UNDERT,30,0.02159243653785997
DS17,mc.rpart_UNDERT,rpart,UNDERT,31,0.023206974518164388
DS17,mc.rpart_UNDERT,rpart,UNDERT,32,0.023755664361050102
DS17,mc.rpart_UNDERT,rpart,UNDERT,33,0.022459717927144632
DS17,mc.rpart_UNDERT,rpart,UNDERT,34,0.021081014277296323
DS17,mc.rpart_UNDERT,rpart,UNDERT,35,0.021724278943470406
DS17,mc.rpart_UNDERT,rpart,UNDERT,36,0.02177544760726862
DS17,mc.rpart_UNDERT,rpart,UNDERT,37,0.022502136224055475
DS17,mc.rpart_UNDERT,rpart,UNDERT,38,0.02079366510596044
DS17,mc.rpart_UNDERT,rpart,UNDERT,39,0.021056337897491798
DS17,mc.rpart_UNDERT,rpart,UNDERT,40,0.02191346033148238
DS17,mc.rpart_UNDERT,rpart,UNDERT,41,0.018412898701272724
DS17,mc.rpart_UNDERT,rpart,UNDERT,42,0.02184351434701251
DS17,mc.rpart_UNDERT,rpart,UNDERT,43,0.021746120511937413
DS17,mc.rpart_UNDERT,rpart,UNDERT,44,0.0216615860169385
DS17,mc.rpart_UNDERT,rpart,UNDERT,45,0.021088133274827586
DS17,mc.rpart_UNDERT,rpart,UNDERT,46,0.020902184401795813
DS17,mc.rpart_UNDERT,rpart,UNDERT,47,0.022990092898106704
DS17,mc.rpart_UNDERT,rpart,UNDERT,48,0.024023169973470853
DS17,mc.rpart_UNDERT,rpart,UNDERT,49,0.020565949532605033
DS17,mc.rpart_UNDERT,rpart,UNDERT,50,0.0200851816691703
DS17,mc.rpart,rpart,baseline,1,0.018718585636226935
DS17,mc.rpart,rpart,baseline,2,0.01865488897857525
DS17,mc.rpart,rpart,baseline,3,0.017841902585578363
DS17,mc.rpart,rpart,baseline,4,0.019022522184556443
DS17,mc.rpart,rpart,baseline,5,0.01853129810256168
DS17,mc.rpart,rpart,baseline,6,0.01946122017490226
DS17,mc.rpart,rpart,baseline,7,0.018780007779183473
DS17,mc.rpart,rpart,baseline,8,0.020021259893986555
DS17,mc.rpart,rpart,baseline,9,0.01988475899665885
DS17,mc.rpart,rpart,baseline,10,0.019700057651155158
DS17,mc.rpart,rpart,baseline,11,0.017391025861090276
DS17,mc.rpart,rpart,baseline,12,0.017815177132327272
DS17,mc.rpart,rpart,baseline,13,0.017799845117763936
DS17,mc.rpart,rpart,baseline,14,0.017983223891075113
DS17,mc.rpart,rpart,baseline,15,0.018586799270493587
DS17,mc.rpart,rpart,baseline,16,0.018928543760644467
DS17,mc.rpart,rpart,baseline,17,0.01888346220482013
DS17,mc.rpart,rpart,baseline,18,0.017822056778925666
DS17,mc.rpart,rpart,baseline,19,0.018580566710584195
DS17,mc.rpart,rpart,baseline,20,0.018188630011245654
DS17,mc.rpart,rpart,baseline,21,0.0185230925940627
DS17,mc.rpart,rpart,baseline,22,0.018694062093580734
DS17,mc.rpart,rpart,baseline,23,0.01793846630102029
DS17,mc.rpart,rpart,baseline,24,0.018569251318747253
DS17,mc.rpart,rpart,baseline,25,0.01810827234878139
DS17,mc.rpart,rpart,baseline,26,0.017902117908622568
DS17,mc.rpart,rpart,baseline,27,0.017394873769850484
DS17,mc.rpart,rpart,baseline,28,0.016558167269526223
DS17,mc.rpart,rpart,baseline,29,0.016577685214990024
DS17,mc.rpart,rpart,baseline,30,0.017946185663758617
DS17,mc.rpart,rpart,baseline,31,0.01706784033770546
DS17,mc.rpart,rpart,baseline,32,0.016672458313997725
DS17,mc.rpart,rpart,baseline,33,0.015591080774939564
DS17,mc.rpart,rpart,baseline,34,0.016029666485626162
DS17,mc.rpart,rpart,baseline,35,0.017119538750640356
DS17,mc.rpart,rpart,baseline,36,0.016217623913519923
DS17,mc.rpart,rpart,baseline,37,0.01572367036613773
DS17,mc.rpart,rpart,baseline,38,0.015829110054252683
DS17,mc.rpart,rpart,baseline,39,0.01616544718261085
DS17,mc.rpart,rpart,baseline,40,0.016499518377304852
DS17,mc.rpart,rpart,baseline,41,0.0168506779084749
DS17,mc.rpart,rpart,baseline,42,0.016697205592217067
DS17,mc.rpart,rpart,baseline,43,0.016798582157190434
DS17,mc.rpart,rpart,baseline,44,0.01665930834207883
DS17,mc.rpart,rpart,baseline,45,0.01628315738194112
DS17,mc.rpart,rpart,baseline,46,0.016422134941713497
DS17,mc.rpart,rpart,baseline,47,0.01595786147975593
DS17,mc.rpart,rpart,baseline,48,0.016091912786921847
DS17,mc.rpart,rpart,baseline,49,0.016829823714797135
DS17,mc.rpart,rpart,baseline,50,0.016430003031379765
DS17,mc.svm_OVERB,svm,OVERB,1,0.01793658888565122
DS17,mc.svm_OVERB,svm,OVERB,2,0.01765729543412099
DS17,mc.svm_OVERB,svm,OVERB,3,0.018333550512977546
DS17,mc.svm_OVERB,svm,OVERB,4,0.017348490790442213
DS17,mc.svm_OVERB,svm,OVERB,5,0.018333297954620277
DS17,mc.svm_OVERB,svm,OVERB,6,0.019354004698340536
DS17,mc.svm_OVERB,svm,OVERB,7,0.019235786610488737
DS17,mc.svm_OVERB,svm,OVERB,8,0.018282900364663623
DS17,mc.svm_OVERB,svm,OVERB,9,0.018589452076704843
DS17,mc.svm_OVERB,svm,OVERB,10,0.018117121643490698
DS17,mc.svm_OVERB,svm,OVERB,11,0.017482115420582058
DS17,mc.svm_OVERB,svm,OVERB,12,0.018310282310668797
DS17,mc.svm_OVERB,svm,OVERB,13,0.01742559873957294
DS17,mc.svm_OVERB,svm,OVERB,14,0.016432350216510655
DS17,mc.svm_OVERB,svm,OVERB,15,0.017234412108708325
DS17,mc.svm_OVERB,svm,OVERB,16,0.016149285753248203
DS17,mc.svm_OVERB,svm,OVERB,17,0.018091290157222436
DS17,mc.svm_OVERB,svm,OVERB,18,0.01864964310720339
DS17,mc.svm_OVERB,svm,OVERB,19,0.018212617182561546
DS17,mc.svm_OVERB,svm,OVERB,20,0.01802391109158885
DS17,mc.svm_OVERB,svm,OVERB,21,0.018715410391192917
DS17,mc.svm_OVERB,svm,OVERB,22,0.019708946556419568
DS17,mc.svm_OVERB,svm,OVERB,23,0.01867167613049466
DS17,mc.svm_OVERB,svm,OVERB,24,0.017986136107131106
DS17,mc.svm_OVERB,svm,OVERB,25,0.01898316698566735
DS17,mc.svm_OVERB,svm,OVERB,26,0.0181615923218953
DS17,mc.svm_OVERB,svm,OVERB,27,0.018924430599127517
DS17,mc.svm_OVERB,svm,OVERB,28,0.019834958775018327
DS17,mc.svm_OVERB,svm,OVERB,29,0.019090926136406915
DS17,mc.svm_OVERB,svm,OVERB,30,0.01764768667250823
DS17,mc.svm_OVERB,svm,OVERB,31,0.0180353573549288
DS17,mc.svm_OVERB,svm,OVERB,32,0.018560501735255315
DS17,mc.svm_OVERB,svm,OVERB,33,0.01930818934708008
DS17,mc.svm_OVERB,svm,OVERB,34,0.01887630816797369
DS17,mc.svm_OVERB,svm,OVERB,35,0.01855329490685675
DS17,mc.svm_OVERB,svm,OVERB,36,0.017499179861161555
DS17,mc.svm_OVERB,svm,OVERB,37,0.01726079475155406
DS17,mc.svm_OVERB,svm,OVERB,38,0.0186635760605715
DS17,mc.svm_OVERB,svm,OVERB,39,0.018668430546488753
DS17,mc.svm_OVERB,svm,OVERB,40,0.018311665686384364
DS17,mc.svm_OVERB,svm,OVERB,41,0.018572109181589424
DS17,mc.svm_OVERB,svm,OVERB,42,0.017659370455706716
DS17,mc.svm_OVERB,svm,OVERB,43,0.01721421667776435
DS17,mc.svm_OVERB,svm,OVERB,44,0.016696596380531663
DS17,mc.svm_OVERB,svm,OVERB,45,0.017002703673049863
DS17,mc.svm_OVERB,svm,OVERB,46,0.018008408972995524
DS17,mc.svm_OVERB,svm,OVERB,47,0.020021156605119085
DS17,mc.svm_OVERB,svm,OVERB,48,0.017720367974213717
DS17,mc.svm_OVERB,svm,OVERB,49,0.018253743863836824
DS17,mc.svm_OVERB,svm,OVERB,50,0.015396662028135015
DS17,mc.svm_OVERTPhi,svm,OVERTPhi,1,0.01872128222659445
DS17,mc.svm_OVERTPhi,svm,OVERTPhi,2,0.01758524372514853
DS17,mc.svm_OVERTPhi,svm,OVERTPhi,3,0.017400647017791038
DS17,mc.svm_OVERTPhi,svm,OVERTPhi,4,0.017045389257914288
DS17,mc.svm_OVERTPhi,svm,OVERTPhi,5,0.017302822233738826
DS17,mc.svm_OVERTPhi,svm,OVERTPhi,6,0.01817288709360137
DS17,mc.svm_OVERTPhi,svm,OVERTPhi,7,0.018521184073071927
DS17,mc.svm_OVERTPhi,svm,OVERTPhi,8,0.019768328776360748
DS17,mc.svm_OVERTPhi,svm,OVERTPhi,9,0.017654972918866155
DS17,mc.svm_OVERTPhi,svm,OVERTPhi,10,0.017990411644940835
DS17,mc.svm_OVERTPhi,svm,OVERTPhi,11,0.017940372585291225
DS17,mc.svm_OVERTPhi,svm,OVERTPhi,12,0.018411570277726053
DS17,mc.svm_OVERTPhi,svm,OVERTPhi,13,0.01959927884460688
DS17,mc.svm_OVERTPhi,svm,OVERTPhi,14,0.017674492372434403
DS17,mc.svm_OVERTPhi,svm,OVERTPhi,15,0.01714594451864444
DS17,mc.svm_OVERTPhi,svm,OVERTPhi,16,0.019119759455705272
DS17,mc.svm_OVERTPhi,svm,OVERTPhi,17,0.020210639914402768
DS17,mc.svm_OVERTPhi,svm,OVERTPhi,18,0.017950725631073524
DS17,mc.svm_OVERTPhi,svm,OVERTPhi,19,0.018534097063613173
DS17,mc.svm_OVERTPhi,svm,OVERTPhi,20,0.01954741593336472
DS17,mc.svm_OVERTPhi,svm,OVERTPhi,21,0.01921784335618282
DS17,mc.svm_OVERTPhi,svm,OVERTPhi,22,0.018436479490437502
DS17,mc.svm_OVERTPhi,svm,OVERTPhi,23,0.018375181177236688
DS17,mc.svm_OVERTPhi,svm,OVERTPhi,24,0.01651134657952096
DS17,mc.svm_OVERTPhi,svm,OVERTPhi,25,0.017607294474720817
DS17,mc.svm_OVERTPhi,svm,OVERTPhi,26,0.017371886526032655
DS17,mc.svm_OVERTPhi,svm,OVERTPhi,27,0.019532164484641793
DS17,mc.svm_OVERTPhi,svm,OVERTPhi,28,0.01906396393312977
DS17,mc.svm_OVERTPhi,svm,OVERTPhi,29,0.019498547687241675
DS17,mc.svm_OVERTPhi,svm,OVERTPhi,30,0.01815217353006302
DS17,mc.svm_OVERTPhi,svm,OVERTPhi,31,0.01851818758782919
DS17,mc.svm_OVERTPhi,svm,OVERTPhi,32,0.02013642392428581
DS17,mc.svm_OVERTPhi,svm,OVERTPhi,33,0.019311533551452775
DS17,mc.svm_OVERTPhi,svm,OVERTPhi,34,0.018338582512034917
DS17,mc.svm_OVERTPhi,svm,OVERTPhi,35,0.01932084635644464
DS17,mc.svm_OVERTPhi,svm,OVERTPhi,36,0.018634302949791848
DS17,mc.svm_OVERTPhi,svm,OVERTPhi,37,0.01839812130040626
DS17,mc.svm_OVERTPhi,svm,OVERTPhi,38,0.018515690922031296
DS17,mc.svm_OVERTPhi,svm,OVERTPhi,39,0.018889241320476216
DS17,mc.svm_OVERTPhi,svm,OVERTPhi,40,0.0187919240316505
DS17,mc.svm_OVERTPhi,svm,OVERTPhi,41,0.01822351078340424
DS17,mc.svm_OVERTPhi,svm,OVERTPhi,42,0.018025351644166555
DS17,mc.svm_OVERTPhi,svm,OVERTPhi,43,0.018490830417305155
DS17,mc.svm_OVERTPhi,svm,OVERTPhi,44,0.01763980461874212
DS17,mc.svm_OVERTPhi,svm,OVERTPhi,45,0.018319544012932613
DS17,mc.svm_OVERTPhi,svm,OVERTPhi,46,0.018276176848661993
DS17,mc.svm_OVERTPhi,svm,OVERTPhi,47,0.019150620689494673
DS17,mc.svm_OVERTPhi,svm,OVERTPhi,48,0.019158129870670056
DS17,mc.svm_OVERTPhi,svm,OVERTPhi,49,0.01851255841354669
DS17,mc.svm_OVERTPhi,svm,OVERTPhi,50,0.017765895791474112
DS17,mc.svm_OVERT,svm,OVERT,1,0.019022167816546486
DS17,mc.svm_OVERT,svm,OVERT,2,0.01770488208499215
DS17,mc.svm_OVERT,svm,OVERT,3,0.017391664294341174
DS17,mc.svm_OVERT,svm,OVERT,4,0.017089265366089096
DS17,mc.svm_OVERT,svm,OVERT,5,0.01757098239353532
DS17,mc.svm_OVERT,svm,OVERT,6,0.01683705596656898
DS17,mc.svm_OVERT,svm,OVERT,7,0.0186052910020582
DS17,mc.svm_OVERT,svm,OVERT,8,0.02072503918604986
DS17,mc.svm_OVERT,svm,OVERT,9,0.018305142075271973
DS17,mc.svm_OVERT,svm,OVERT,10,0.018598351565169247
DS17,mc.svm_OVERT,svm,OVERT,11,0.017805057129335795
DS17,mc.svm_OVERT,svm,OVERT,12,0.01804258130087304
DS17,mc.svm_OVERT,svm,OVERT,13,0.019667153115719566
DS17,mc.svm_OVERT,svm,OVERT,14,0.01754332250278034
DS17,mc.svm_OVERT,svm,OVERT,15,0.017321602436053234
DS17,mc.svm_OVERT,svm,OVERT,16,0.01876210985201696
DS17,mc.svm_OVERT,svm,OVERT,17,0.020210823570016877
DS17,mc.svm_OVERT,svm,OVERT,18,0.01778097286670681
DS17,mc.svm_OVERT,svm,OVERT,19,0.01849370642366888
DS17,mc.svm_OVERT,svm,OVERT,20,0.0196548276312729
DS17,mc.svm_OVERT,svm,OVERT,21,0.019042112418951134
DS17,mc.svm_OVERT,svm,OVERT,22,0.018429665368712836
DS17,mc.svm_OVERT,svm,OVERT,23,0.018079793094733447
DS17,mc.svm_OVERT,svm,OVERT,24,0.016545263816252768
DS17,mc.svm_OVERT,svm,OVERT,25,0.017424643431620136
DS17,mc.svm_OVERT,svm,OVERT,26,0.01779583352692887
DS17,mc.svm_OVERT,svm,OVERT,27,0.020236841959686346
DS17,mc.svm_OVERT,svm,OVERT,28,0.020130657594786435
DS17,mc.svm_OVERT,svm,OVERT,29,0.02068688363349101
DS17,mc.svm_OVERT,svm,OVERT,30,0.018266106246269415
DS17,mc.svm_OVERT,svm,OVERT,31,0.01880490129674021
DS17,mc.svm_OVERT,svm,OVERT,32,0.019967247794883312
DS17,mc.svm_OVERT,svm,OVERT,33,0.019336503782373483
DS17,mc.svm_OVERT,svm,OVERT,34,0.01849883002397886
DS17,mc.svm_OVERT,svm,OVERT,35,0.019464357075339514
DS17,mc.svm_OVERT,svm,OVERT,36,0.01864681396941905
DS17,mc.svm_OVERT,svm,OVERT,37,0.018365229676149404
DS17,mc.svm_OVERT,svm,OVERT,38,0.01830204160200881
DS17,mc.svm_OVERT,svm,OVERT,39,0.018986772855155435
DS17,mc.svm_OVERT,svm,OVERT,40,0.018989001605839054
DS17,mc.svm_OVERT,svm,OVERT,41,0.018402303591522937
DS17,mc.svm_OVERT,svm,OVERT,42,0.017939593914053035
DS17,mc.svm_OVERT,svm,OVERT,43,0.018609198503502455
DS17,mc.svm_OVERT,svm,OVERT,44,0.017974057898303208
DS17,mc.svm_OVERT,svm,OVERT,45,0.01846856869409483
DS17,mc.svm_OVERT,svm,OVERT,46,0.01817289259877408
DS17,mc.svm_OVERT,svm,OVERT,47,0.01916703741470928
DS17,mc.svm_OVERT,svm,OVERT,48,0.019311183486756808
DS17,mc.svm_OVERT,svm,OVERT,49,0.01831313950454059
DS17,mc.svm_OVERT,svm,OVERT,50,0.017372834599301713
DS17,mc.svm_SMOTEB,svm,SMOTEB,1,0.02067615600994351
DS17,mc.svm_SMOTEB,svm,SMOTEB,2,0.02125195388751726
DS17,mc.svm_SMOTEB,svm,SMOTEB,3,0.021380831923164575
DS17,mc.svm_SMOTEB,svm,SMOTEB,4,0.02218996449374934
DS17,mc.svm_SMOTEB,svm,SMOTEB,5,0.022631391943895372
DS17,mc.svm_SMOTEB,svm,SMOTEB,6,0.024133972600791084
DS17,mc.svm_SMOTEB,svm,SMOTEB,7,0.02362017491925943
DS17,mc.svm_SMOTEB,svm,SMOTEB,8,0.020517109403633212
DS17,mc.svm_SMOTEB,svm,SMOTEB,9,0.02146413250919103
DS17,mc.svm_SMOTEB,svm,SMOTEB,10,0.023345343308568835
DS17,mc.svm_SMOTEB,svm,SMOTEB,11,0.020153773134919076
DS17,mc.svm_SMOTEB,svm,SMOTEB,12,0.020879489721643354
DS17,mc.svm_SMOTEB,svm,SMOTEB,13,0.01999906906571092
DS17,mc.svm_SMOTEB,svm,SMOTEB,14,0.020817489201354438
DS17,mc.svm_SMOTEB,svm,SMOTEB,15,0.018307171745153693
DS17,mc.svm_SMOTEB,svm,SMOTEB,16,0.021389988546257552
DS17,mc.svm_SMOTEB,svm,SMOTEB,17,0.021291174565068367
DS17,mc.svm_SMOTEB,svm,SMOTEB,18,0.022205747230607923
DS17,mc.svm_SMOTEB,svm,SMOTEB,19,0.02026973883746178
DS17,mc.svm_SMOTEB,svm,SMOTEB,20,0.022700544921409747
DS17,mc.svm_SMOTEB,svm,SMOTEB,21,0.02108233414927962
DS17,mc.svm_SMOTEB,svm,SMOTEB,22,0.02218918344221519
DS17,mc.svm_SMOTEB,svm,SMOTEB,23,0.022313595715643123
DS17,mc.svm_SMOTEB,svm,SMOTEB,24,0.021663322790517893
DS17,mc.svm_SMOTEB,svm,SMOTEB,25,0.021728656665034367
DS17,mc.svm_SMOTEB,svm,SMOTEB,26,0.02195692387217723
DS17,mc.svm_SMOTEB,svm,SMOTEB,27,0.02296974030281086
DS17,mc.svm_SMOTEB,svm,SMOTEB,28,0.0254601854919505
DS17,mc.svm_SMOTEB,svm,SMOTEB,29,0.022691508803699634
DS17,mc.svm_SMOTEB,svm,SMOTEB,30,0.024977037595460706
DS17,mc.svm_SMOTEB,svm,SMOTEB,31,0.022109137340477154
DS17,mc.svm_SMOTEB,svm,SMOTEB,32,0.022887813368364512
DS17,mc.svm_SMOTEB,svm,SMOTEB,33,0.025187269472062415
DS17,mc.svm_SMOTEB,svm,SMOTEB,34,0.024092087307624035
DS17,mc.svm_SMOTEB,svm,SMOTEB,35,0.02341481076517857
DS17,mc.svm_SMOTEB,svm,SMOTEB,36,0.02410155310352462
DS17,mc.svm_SMOTEB,svm,SMOTEB,37,0.023233816415860937
DS17,mc.svm_SMOTEB,svm,SMOTEB,38,0.024012226667081568
DS17,mc.svm_SMOTEB,svm,SMOTEB,39,0.02234805632104773
DS17,mc.svm_SMOTEB,svm,SMOTEB,40,0.021347507644574958
DS17,mc.svm_SMOTEB,svm,SMOTEB,41,0.0225432810765319
DS17,mc.svm_SMOTEB,svm,SMOTEB,42,0.02116588324569364
DS17,mc.svm_SMOTEB,svm,SMOTEB,43,0.02142882058708305
DS17,mc.svm_SMOTEB,svm,SMOTEB,44,0.020132258436404583
DS17,mc.svm_SMOTEB,svm,SMOTEB,45,0.021776623909320923
DS17,mc.svm_SMOTEB,svm,SMOTEB,46,0.021954944187056492
DS17,mc.svm_SMOTEB,svm,SMOTEB,47,0.02119178553600891
DS17,mc.svm_SMOTEB,svm,SMOTEB,48,0.022522907491304464
DS17,mc.svm_SMOTEB,svm,SMOTEB,49,0.023053497922922616
DS17,mc.svm_SMOTEB,svm,SMOTEB,50,0.020801967333577157
DS17,mc.svm_SMOTETPhi,svm,SMOTETPhi,1,0.02899729854678529
DS17,mc.svm_SMOTETPhi,svm,SMOTETPhi,2,0.03023086076038086
DS17,mc.svm_SMOTETPhi,svm,SMOTETPhi,3,0.02988473883040242
DS17,mc.svm_SMOTETPhi,svm,SMOTETPhi,4,0.02626305365335117
DS17,mc.svm_SMOTETPhi,svm,SMOTETPhi,5,0.026593227491127493
DS17,mc.svm_SMOTETPhi,svm,SMOTETPhi,6,0.02893584735356763
DS17,mc.svm_SMOTETPhi,svm,SMOTETPhi,7,0.031197154454116565
DS17,mc.svm_SMOTETPhi,svm,SMOTETPhi,8,0.022632053863483676
DS17,mc.svm_SMOTETPhi,svm,SMOTETPhi,9,0.023024076539412543
DS17,mc.svm_SMOTETPhi,svm,SMOTETPhi,10,0.025797611565022457
DS17,mc.svm_SMOTETPhi,svm,SMOTETPhi,11,0.02394902426275455
DS17,mc.svm_SMOTETPhi,svm,SMOTETPhi,12,0.023547020021490107
DS17,mc.svm_SMOTETPhi,svm,SMOTETPhi,13,0.02721880042707905
DS17,mc.svm_SMOTETPhi,svm,SMOTETPhi,14,0.022618979313713893
DS17,mc.svm_SMOTETPhi,svm,SMOTETPhi,15,0.024337662640122548
DS17,mc.svm_SMOTETPhi,svm,SMOTETPhi,16,0.023570106537572407
DS17,mc.svm_SMOTETPhi,svm,SMOTETPhi,17,0.024146421099187926
DS17,mc.svm_SMOTETPhi,svm,SMOTETPhi,18,0.02222825721759805
DS17,mc.svm_SMOTETPhi,svm,SMOTETPhi,19,0.02366691796850952
DS17,mc.svm_SMOTETPhi,svm,SMOTETPhi,20,0.026619411204790184
DS17,mc.svm_SMOTETPhi,svm,SMOTETPhi,21,0.027825035708744623
DS17,mc.svm_SMOTETPhi,svm,SMOTETPhi,22,0.027000924896195815
DS17,mc.svm_SMOTETPhi,svm,SMOTETPhi,23,0.02449405036333036
DS17,mc.svm_SMOTETPhi,svm,SMOTETPhi,24,0.02478395531634366
DS17,mc.svm_SMOTETPhi,svm,SMOTETPhi,25,0.029058158433023406
DS17,mc.svm_SMOTETPhi,svm,SMOTETPhi,26,0.026812840837947636
DS17,mc.svm_SMOTETPhi,svm,SMOTETPhi,27,0.025442736626119542
DS17,mc.svm_SMOTETPhi,svm,SMOTETPhi,28,0.026657175947218878
DS17,mc.svm_SMOTETPhi,svm,SMOTETPhi,29,0.0269642022234092
DS17,mc.svm_SMOTETPhi,svm,SMOTETPhi,30,0.025257255925641035
DS17,mc.svm_SMOTETPhi,svm,SMOTETPhi,31,0.026104358310924305
DS17,mc.svm_SMOTETPhi,svm,SMOTETPhi,32,0.02394364608172226
DS17,mc.svm_SMOTETPhi,svm,SMOTETPhi,33,0.02582242397413941
DS17,mc.svm_SMOTETPhi,svm,SMOTETPhi,34,0.02503636545576725
DS17,mc.svm_SMOTETPhi,svm,SMOTETPhi,35,0.022110248315500455
DS17,mc.svm_SMOTETPhi,svm,SMOTETPhi,36,0.02581900411904544
DS17,mc.svm_SMOTETPhi,svm,SMOTETPhi,37,0.0257581687016393
DS17,mc.svm_SMOTETPhi,svm,SMOTETPhi,38,0.023466332812938345
DS17,mc.svm_SMOTETPhi,svm,SMOTETPhi,39,0.02206134332770178
DS17,mc.svm_SMOTETPhi,svm,SMOTETPhi,40,0.022355567077781746
DS17,mc.svm_SMOTETPhi,svm,SMOTETPhi,41,0.022154804653870496
DS17,mc.svm_SMOTETPhi,svm,SMOTETPhi,42,0.02047010694629412
DS17,mc.svm_SMOTETPhi,svm,SMOTETPhi,43,0.02235308627695185
DS17,mc.svm_SMOTETPhi,svm,SMOTETPhi,44,0.021845749899108632
DS17,mc.svm_SMOTETPhi,svm,SMOTETPhi,45,0.022483430404538055
DS17,mc.svm_SMOTETPhi,svm,SMOTETPhi,46,0.022011349309652522
DS17,mc.svm_SMOTETPhi,svm,SMOTETPhi,47,0.024793922849906856
DS17,mc.svm_SMOTETPhi,svm,SMOTETPhi,48,0.0224387167710539
DS17,mc.svm_SMOTETPhi,svm,SMOTETPhi,49,0.021659135794339156
DS17,mc.svm_SMOTETPhi,svm,SMOTETPhi,50,0.02107926086716812
DS17,mc.svm_SMOTET,svm,SMOTET,1,0.027958868302407163
DS17,mc.svm_SMOTET,svm,SMOTET,2,0.02499194705118572
DS17,mc.svm_SMOTET,svm,SMOTET,3,0.02450921163938667
DS17,mc.svm_SMOTET,svm,SMOTET,4,0.026381771968106642
DS17,mc.svm_SMOTET,svm,SMOTET,5,0.025544449835976847
DS17,mc.svm_SMOTET,svm,SMOTET,6,0.02487461547009519
DS17,mc.svm_SMOTET,svm,SMOTET,7,0.03200514753580206
DS17,mc.svm_SMOTET,svm,SMOTET,8,0.022607621343190505
DS17,mc.svm_SMOTET,svm,SMOTET,9,0.027093396075537738
DS17,mc.svm_SMOTET,svm,SMOTET,10,0.025709583198020018
DS17,mc.svm_SMOTET,svm,SMOTET,11,0.021667200114055825
DS17,mc.svm_SMOTET,svm,SMOTET,12,0.022544615117349995
DS17,mc.svm_SMOTET,svm,SMOTET,13,0.019185556874118912
DS17,mc.svm_SMOTET,svm,SMOTET,14,0.02042283940112168
DS17,mc.svm_SMOTET,svm,SMOTET,15,0.02160465268044602
DS17,mc.svm_SMOTET,svm,SMOTET,16,0.021779484952091623
DS17,mc.svm_SMOTET,svm,SMOTET,17,0.024039153286059975
DS17,mc.svm_SMOTET,svm,SMOTET,18,0.02198153749833115
DS17,mc.svm_SMOTET,svm,SMOTET,19,0.022206430077244016
DS17,mc.svm_SMOTET,svm,SMOTET,20,0.026145500186351273
DS17,mc.svm_SMOTET,svm,SMOTET,21,0.022610992421479945
DS17,mc.svm_SMOTET,svm,SMOTET,22,0.02292063368305022
DS17,mc.svm_SMOTET,svm,SMOTET,23,0.022363890016624033
DS17,mc.svm_SMOTET,svm,SMOTET,24,0.023475964332930716
DS17,mc.svm_SMOTET,svm,SMOTET,25,0.02850704739144058
DS17,mc.svm_SMOTET,svm,SMOTET,26,0.026150616368866068
DS17,mc.svm_SMOTET,svm,SMOTET,27,0.023444426654968726
DS17,mc.svm_SMOTET,svm,SMOTET,28,0.025845354434105006
DS17,mc.svm_SMOTET,svm,SMOTET,29,0.025763090863815948
DS17,mc.svm_SMOTET,svm,SMOTET,30,0.026124848038145042
DS17,mc.svm_SMOTET,svm,SMOTET,31,0.023686047798061476
DS17,mc.svm_SMOTET,svm,SMOTET,32,0.020618970452726607
DS17,mc.svm_SMOTET,svm,SMOTET,33,0.024523508818317507
DS17,mc.svm_SMOTET,svm,SMOTET,34,0.02351016941421556
DS17,mc.svm_SMOTET,svm,SMOTET,35,0.02296547147522334
DS17,mc.svm_SMOTET,svm,SMOTET,36,0.02172563028682497
DS17,mc.svm_SMOTET,svm,SMOTET,37,0.021129938484825254
DS17,mc.svm_SMOTET,svm,SMOTET,38,0.021135497991636335
DS17,mc.svm_SMOTET,svm,SMOTET,39,0.02176598745537181
DS17,mc.svm_SMOTET,svm,SMOTET,40,0.022208818335149316
DS17,mc.svm_SMOTET,svm,SMOTET,41,0.022177402785954967
DS17,mc.svm_SMOTET,svm,SMOTET,42,0.01875361684319356
DS17,mc.svm_SMOTET,svm,SMOTET,43,0.02065248753895571
DS17,mc.svm_SMOTET,svm,SMOTET,44,0.022089503336200862
DS17,mc.svm_SMOTET,svm,SMOTET,45,0.021403211720036557
DS17,mc.svm_SMOTET,svm,SMOTET,46,0.022129331504223287
DS17,mc.svm_SMOTET,svm,SMOTET,47,0.022102509129167613
DS17,mc.svm_SMOTET,svm,SMOTET,48,0.020399500692244683
DS17,mc.svm_SMOTET,svm,SMOTET,49,0.019514232856430152
DS17,mc.svm_SMOTET,svm,SMOTET,50,0.01973950706856828
DS17,mc.svm_UNDERB,svm,UNDERB,1,0.020386460503665257
DS17,mc.svm_UNDERB,svm,UNDERB,2,0.01994526030570953
DS17,mc.svm_UNDERB,svm,UNDERB,3,0.01916260033102732
DS17,mc.svm_UNDERB,svm,UNDERB,4,0.019279773257253774
DS17,mc.svm_UNDERB,svm,UNDERB,5,0.018377660662063047
DS17,mc.svm_UNDERB,svm,UNDERB,6,0.01955279622525686
DS17,mc.svm_UNDERB,svm,UNDERB,7,0.021158773453687576
DS17,mc.svm_UNDERB,svm,UNDERB,8,0.017670410998381347
DS17,mc.svm_UNDERB,svm,UNDERB,9,0.0191771394804172
DS17,mc.svm_UNDERB,svm,UNDERB,10,0.020398788714438777
DS17,mc.svm_UNDERB,svm,UNDERB,11,0.020235784820936194
DS17,mc.svm_UNDERB,svm,UNDERB,12,0.021315961412104838
DS17,mc.svm_UNDERB,svm,UNDERB,13,0.020534180800041876
DS17,mc.svm_UNDERB,svm,UNDERB,14,0.01853219238483869
DS17,mc.svm_UNDERB,svm,UNDERB,15,0.01752230533865421
DS17,mc.svm_UNDERB,svm,UNDERB,16,0.016149378971022345
DS17,mc.svm_UNDERB,svm,UNDERB,17,0.01926644087288821
DS17,mc.svm_UNDERB,svm,UNDERB,18,0.018731094985882896
DS17,mc.svm_UNDERB,svm,UNDERB,19,0.01864550605063815
DS17,mc.svm_UNDERB,svm,UNDERB,20,0.017935931553353823
DS17,mc.svm_UNDERB,svm,UNDERB,21,0.017749079050775832
DS17,mc.svm_UNDERB,svm,UNDERB,22,0.017074139251317174
DS17,mc.svm_UNDERB,svm,UNDERB,23,0.01586060299316243
DS17,mc.svm_UNDERB,svm,UNDERB,24,0.01882349438895597
DS17,mc.svm_UNDERB,svm,UNDERB,25,0.019600658106109014
DS17,mc.svm_UNDERB,svm,UNDERB,26,0.019410746053479557
DS17,mc.svm_UNDERB,svm,UNDERB,27,0.019489057121929297
DS17,mc.svm_UNDERB,svm,UNDERB,28,0.020565887621940143
DS17,mc.svm_UNDERB,svm,UNDERB,29,0.019605864015875787
DS17,mc.svm_UNDERB,svm,UNDERB,30,0.017569496227424514
DS17,mc.svm_UNDERB,svm,UNDERB,31,0.01806382904114186
DS17,mc.svm_UNDERB,svm,UNDERB,32,0.022517479750822165
DS17,mc.svm_UNDERB,svm,UNDERB,33,0.021608606592630804
DS17,mc.svm_UNDERB,svm,UNDERB,34,0.0206639821356214
DS17,mc.svm_UNDERB,svm,UNDERB,35,0.022879463188121413
DS17,mc.svm_UNDERB,svm,UNDERB,36,0.02065212572489158
DS17,mc.svm_UNDERB,svm,UNDERB,37,0.018117851035422985
DS17,mc.svm_UNDERB,svm,UNDERB,38,0.018414317846643907
DS17,mc.svm_UNDERB,svm,UNDERB,39,0.017794824263304834
DS17,mc.svm_UNDERB,svm,UNDERB,40,0.018015945523943092
DS17,mc.svm_UNDERB,svm,UNDERB,41,0.01946542785611388
DS17,mc.svm_UNDERB,svm,UNDERB,42,0.016450428033654665
DS17,mc.svm_UNDERB,svm,UNDERB,43,0.017161359106165404
DS17,mc.svm_UNDERB,svm,UNDERB,44,0.015511514230302264
DS17,mc.svm_UNDERB,svm,UNDERB,45,0.01756833938836817
DS17,mc.svm_UNDERB,svm,UNDERB,46,0.017597977371793198
DS17,mc.svm_UNDERB,svm,UNDERB,47,0.019662673682977753
DS17,mc.svm_UNDERB,svm,UNDERB,48,0.016941263449561785
DS17,mc.svm_UNDERB,svm,UNDERB,49,0.015771714898130597
DS17,mc.svm_UNDERB,svm,UNDERB,50,0.015946028048575863
DS17,mc.svm_UNDERTPhi,svm,UNDERTPhi,1,0.020564060597421947
DS17,mc.svm_UNDERTPhi,svm,UNDERTPhi,2,0.02180257304066909
DS17,mc.svm_UNDERTPhi,svm,UNDERTPhi,3,0.01990719698092397
DS17,mc.svm_UNDERTPhi,svm,UNDERTPhi,4,0.021743403481763516
DS17,mc.svm_UNDERTPhi,svm,UNDERTPhi,5,0.021028226019958428
DS17,mc.svm_UNDERTPhi,svm,UNDERTPhi,6,0.021014544934721744
DS17,mc.svm_UNDERTPhi,svm,UNDERTPhi,7,0.01942578561329238
DS17,mc.svm_UNDERTPhi,svm,UNDERTPhi,8,0.01906861933980035
DS17,mc.svm_UNDERTPhi,svm,UNDERTPhi,9,0.01798517439773795
DS17,mc.svm_UNDERTPhi,svm,UNDERTPhi,10,0.021931612682366236
DS17,mc.svm_UNDERTPhi,svm,UNDERTPhi,11,0.02077025812636256
DS17,mc.svm_UNDERTPhi,svm,UNDERTPhi,12,0.01847104425483078
DS17,mc.svm_UNDERTPhi,svm,UNDERTPhi,13,0.023286008572584536
DS17,mc.svm_UNDERTPhi,svm,UNDERTPhi,14,0.022295005865693353
DS17,mc.svm_UNDERTPhi,svm,UNDERTPhi,15,0.024145437130699658
DS17,mc.svm_UNDERTPhi,svm,UNDERTPhi,16,0.02217513789419708
DS17,mc.svm_UNDERTPhi,svm,UNDERTPhi,17,0.018188800438201775
DS17,mc.svm_UNDERTPhi,svm,UNDERTPhi,18,0.02130728154378492
DS17,mc.svm_UNDERTPhi,svm,UNDERTPhi,19,0.022709661318463574
DS17,mc.svm_UNDERTPhi,svm,UNDERTPhi,20,0.018950740488652893
DS17,mc.svm_UNDERTPhi,svm,UNDERTPhi,21,0.022009689468019428
DS17,mc.svm_UNDERTPhi,svm,UNDERTPhi,22,0.020469908649884815
DS17,mc.svm_UNDERTPhi,svm,UNDERTPhi,23,0.022414843517316957
DS17,mc.svm_UNDERTPhi,svm,UNDERTPhi,24,0.02228446151645271
DS17,mc.svm_UNDERTPhi,svm,UNDERTPhi,25,0.025706778944518255
DS17,mc.svm_UNDERTPhi,svm,UNDERTPhi,26,0.020801180895642892
DS17,mc.svm_UNDERTPhi,svm,UNDERTPhi,27,0.0220085796957015
DS17,mc.svm_UNDERTPhi,svm,UNDERTPhi,28,0.02233973664601919
DS17,mc.svm_UNDERTPhi,svm,UNDERTPhi,29,0.02238567661000828
DS17,mc.svm_UNDERTPhi,svm,UNDERTPhi,30,0.022670277271652446
DS17,mc.svm_UNDERTPhi,svm,UNDERTPhi,31,0.022476015420437062
DS17,mc.svm_UNDERTPhi,svm,UNDERTPhi,32,0.021520273447597507
DS17,mc.svm_UNDERTPhi,svm,UNDERTPhi,33,0.022962848202555838
DS17,mc.svm_UNDERTPhi,svm,UNDERTPhi,34,0.02046300928721684
DS17,mc.svm_UNDERTPhi,svm,UNDERTPhi,35,0.01829164810723102
DS17,mc.svm_UNDERTPhi,svm,UNDERTPhi,36,0.021505389009636448
DS17,mc.svm_UNDERTPhi,svm,UNDERTPhi,37,0.022575578913081994
DS17,mc.svm_UNDERTPhi,svm,UNDERTPhi,38,0.02141252684323359
DS17,mc.svm_UNDERTPhi,svm,UNDERTPhi,39,0.018203444888539307
DS17,mc.svm_UNDERTPhi,svm,UNDERTPhi,40,0.01830079395294025
DS17,mc.svm_UNDERTPhi,svm,UNDERTPhi,41,0.019214738983829173
DS17,mc.svm_UNDERTPhi,svm,UNDERTPhi,42,0.019725536113159536
DS17,mc.svm_UNDERTPhi,svm,UNDERTPhi,43,0.021386611830196748
DS17,mc.svm_UNDERTPhi,svm,UNDERTPhi,44,0.018207878246934945
DS17,mc.svm_UNDERTPhi,svm,UNDERTPhi,45,0.01969743146244699
DS17,mc.svm_UNDERTPhi,svm,UNDERTPhi,46,0.021051978795142135
DS17,mc.svm_UNDERTPhi,svm,UNDERTPhi,47,0.020110483370988943
DS17,mc.svm_UNDERTPhi,svm,UNDERTPhi,48,0.020414496718995544
DS17,mc.svm_UNDERTPhi,svm,UNDERTPhi,49,0.019507396780945378
DS17,mc.svm_UNDERTPhi,svm,UNDERTPhi,50,0.016597551391792607
DS17,mc.svm_UNDERT,svm,UNDERT,1,0.018776677713958554
DS17,mc.svm_UNDERT,svm,UNDERT,2,0.018971060872127143
DS17,mc.svm_UNDERT,svm,UNDERT,3,0.019904660666039818
DS17,mc.svm_UNDERT,svm,UNDERT,4,0.019558395490591088
DS17,mc.svm_UNDERT,svm,UNDERT,5,0.019887728731632102
DS17,mc.svm_UNDERT,svm,UNDERT,6,0.02022158698463935
DS17,mc.svm_UNDERT,svm,UNDERT,7,0.02378683170434199
DS17,mc.svm_UNDERT,svm,UNDERT,8,0.020560783908484155
DS17,mc.svm_UNDERT,svm,UNDERT,9,0.020987911848872488
DS17,mc.svm_UNDERT,svm,UNDERT,10,0.01979560559344999
DS17,mc.svm_UNDERT,svm,UNDERT,11,0.022588762900569243
DS17,mc.svm_UNDERT,svm,UNDERT,12,0.01841248089021185
DS17,mc.svm_UNDERT,svm,UNDERT,13,0.019876925307620925
DS17,mc.svm_UNDERT,svm,UNDERT,14,0.019298625859807718
DS17,mc.svm_UNDERT,svm,UNDERT,15,0.019209612574410086
DS17,mc.svm_UNDERT,svm,UNDERT,16,0.021744177026788658
DS17,mc.svm_UNDERT,svm,UNDERT,17,0.01648747661667384
DS17,mc.svm_UNDERT,svm,UNDERT,18,0.019595829437054322
DS17,mc.svm_UNDERT,svm,UNDERT,19,0.015977537652832833
DS17,mc.svm_UNDERT,svm,UNDERT,20,0.019938455368148613
DS17,mc.svm_UNDERT,svm,UNDERT,21,0.019010418729114298
DS17,mc.svm_UNDERT,svm,UNDERT,22,0.0194712987367612
DS17,mc.svm_UNDERT,svm,UNDERT,23,0.018385217352210687
DS17,mc.svm_UNDERT,svm,UNDERT,24,0.01603556272501774
DS17,mc.svm_UNDERT,svm,UNDERT,25,0.017389360810666967
DS17,mc.svm_UNDERT,svm,UNDERT,26,0.0199783293471213
DS17,mc.svm_UNDERT,svm,UNDERT,27,0.022577402224103024
DS17,mc.svm_UNDERT,svm,UNDERT,28,0.021162062788844034
DS17,mc.svm_UNDERT,svm,UNDERT,29,0.02035648221934999
DS17,mc.svm_UNDERT,svm,UNDERT,30,0.018473430001755633
DS17,mc.svm_UNDERT,svm,UNDERT,31,0.018772310084426525
DS17,mc.svm_UNDERT,svm,UNDERT,32,0.02386516317098313
DS17,mc.svm_UNDERT,svm,UNDERT,33,0.0183456169333442
DS17,mc.svm_UNDERT,svm,UNDERT,34,0.019568858506118277
DS17,mc.svm_UNDERT,svm,UNDERT,35,0.021569243188742464
DS17,mc.svm_UNDERT,svm,UNDERT,36,0.019835859898480673
DS17,mc.svm_UNDERT,svm,UNDERT,37,0.018118869687534067
DS17,mc.svm_UNDERT,svm,UNDERT,38,0.01599394825841478
DS17,mc.svm_UNDERT,svm,UNDERT,39,0.018759947360845818
DS17,mc.svm_UNDERT,svm,UNDERT,40,0.020109903503191938
DS17,mc.svm_UNDERT,svm,UNDERT,41,0.016905815375274122
DS17,mc.svm_UNDERT,svm,UNDERT,42,0.018840076437498524
DS17,mc.svm_UNDERT,svm,UNDERT,43,0.018665963711934727
DS17,mc.svm_UNDERT,svm,UNDERT,44,0.017095865730510924
DS17,mc.svm_UNDERT,svm,UNDERT,45,0.018431349396414064
DS17,mc.svm_UNDERT,svm,UNDERT,46,0.01743485874437378
DS17,mc.svm_UNDERT,svm,UNDERT,47,0.017537043441984687
DS17,mc.svm_UNDERT,svm,UNDERT,48,0.019956380820299453
DS17,mc.svm_UNDERT,svm,UNDERT,49,0.017093479782770232
DS17,mc.svm_UNDERT,svm,UNDERT,50,0.016947840375313578
DS17,mc.svm,svm,baseline,1,0.014301871560664094
DS17,mc.svm,svm,baseline,2,0.01429501311189494
DS17,mc.svm,svm,baseline,3,0.014421082948390465
DS17,mc.svm,svm,baseline,4,0.014335019593506635
DS17,mc.svm,svm,baseline,5,0.014395966011616294
DS17,mc.svm,svm,baseline,6,0.014581707169297367
DS17,mc.svm,svm,baseline,7,0.014535628865131989
DS17,mc.svm,svm,baseline,8,0.014507073190649476
DS17,mc.svm,svm,baseline,9,0.014742773918800103
DS17,mc.svm,svm,baseline,10,0.014743321274630032
DS17,mc.svm,svm,baseline,11,0.014766659278084031
DS17,mc.svm,svm,baseline,12,0.014898529453130232
DS17,mc.svm,svm,baseline,13,0.014869378978169874
DS17,mc.svm,svm,baseline,14,0.0149253659038266
DS17,mc.svm,svm,baseline,15,0.015029886110217742
DS17,mc.svm,svm,baseline,16,0.014997934416266935
DS17,mc.svm,svm,baseline,17,0.01500416423024597
DS17,mc.svm,svm,baseline,18,0.015110525387345064
DS17,mc.svm,svm,baseline,19,0.015033375593826715
DS17,mc.svm,svm,baseline,20,0.014901219995476032
DS17,mc.svm,svm,baseline,21,0.015034429702871027
DS17,mc.svm,svm,baseline,22,0.015012367692600302
DS17,mc.svm,svm,baseline,23,0.014690565073461895
DS17,mc.svm,svm,baseline,24,0.014760514741390198
DS17,mc.svm,svm,baseline,25,0.014688963179543697
DS17,mc.svm,svm,baseline,26,0.014548964167809809
DS17,mc.svm,svm,baseline,27,0.014178811500504448
DS17,mc.svm,svm,baseline,28,0.013930664973861808
DS17,mc.svm,svm,baseline,29,0.013918902683503011
DS17,mc.svm,svm,baseline,30,0.013810589640506502
DS17,mc.svm,svm,baseline,31,0.013414020894201139
DS17,mc.svm,svm,baseline,32,0.01334818382304204
DS17,mc.svm,svm,baseline,33,0.012931728572106548
DS17,mc.svm,svm,baseline,34,0.013018206054498424
DS17,mc.svm,svm,baseline,35,0.012882763003894473
DS17,mc.svm,svm,baseline,36,0.012803737774721428
DS17,mc.svm,svm,baseline,37,0.012751874140584743
DS17,mc.svm,svm,baseline,38,0.012663324527048207
DS17,mc.svm,svm,baseline,39,0.012482874912815212
DS17,mc.svm,svm,baseline,40,0.0125587600115971
DS17,mc.svm,svm,baseline,41,0.012454715965384553
DS17,mc.svm,svm,baseline,42,0.011974029790701425
DS17,mc.svm,svm,baseline,43,0.012065278627268809
DS17,mc.svm,svm,baseline,44,0.012074233819851645
DS17,mc.svm,svm,baseline,45,0.011895876031828076
DS17,mc.svm,svm,baseline,46,0.01186358185099484
DS17,mc.svm,svm,baseline,47,0.011666153995473933
DS17,mc.svm,svm,baseline,48,0.01175054688688976
DS17,mc.svm,svm,baseline,49,0.011626806053389218
DS17,mc.svm,svm,baseline,50,0.011423400406013738
