dataset_id,workflow,model_family,strategy,iteration,rmse
DS19,mc.BDES,BDES,baseline,1,0.013862319127567763
DS19,mc.BDES,BDES,baseline,2,0.013732946775076254
DS19,mc.BDES,BDES,baseline,3,0.0137997577311467
DS19,mc.BDES,BDES,baseline,4,0.013721764277542679
DS19,mc.BDES,BDES,baseline,5,0.013727508204678694
DS19,mc.BDES,BDES,baseline,6,0.013895108015948754
DS19,mc.BDES,BDES,baseline,7,0.013863151395863771
DS19,mc.BDES,BDES,baseline,8,0.013856166413301198
DS19,mc.BDES,BDES,baseline,9,0.01408851285877654
DS19,mc.BDES,BDES,baseline,10,0.014143228350432295
DS19,mc.BDES,BDES,baseline,11,0.014129725885748783
DS19,mc.BDES,BDES,baseline,12,0.014067920526768824
DS19,mc.BDES,BDES,baseline,13,0.01411692871360824
DS19,mc.BDES,BDES,baseline,14,0.014026647382125657
DS19,mc.BDES,BDES,baseline,15,0.014073457584618808
DS19,mc.BDES,BDES,baseline,16,0.014081842368154473
DS19,mc.BDES,BDES,baseline,17,0.014048839171424991
DS19,mc.BDES,BDES,baseline,18,0.013968462510521602
DS19,mc.BDES,BDES,baseline,19,0.013963829696520495
DS19,mc.BDES,BDES,baseline,20,0.013854631257622083
DS19,mc.BDES,BDES,baseline,21,0.013821273960299434
DS19,mc.BDES,BDES,baseline,22,0.013509899120280153
DS19,mc.BDES,BDES,baseline,23,0.01336866212534117
DS19,mc.BDES,BDES,baseline,24,0.013388726715854435
DS19,mc.BDES,BDES,baseline,25,0.011592910626244365
DS19,mc.BDES,BDES,baseline,26,0.011645900823439817
DS19,mc.BDES,BDES,baseline,27,0.011104247931343838
DS19,mc.BDES,BDES,baseline,28,0.010994422643363103
DS19,mc.BDES,BDES,baseline,29,0.010855498387108172
DS19,mc.BDES,BDES,baseline,30,0.01030224369717951
DS19,mc.BDES,BDES,baseline,31,0.01027254184847949
DS19,mc.BDES,BDES,baseline,32,0.010131495654158693
DS19,mc.BDES,BDES,baseline,33,0.010103079229977604
DS19,mc.BDES,BDES,baseline,34,0.009965185549192972
DS19,mc.BDES,BDES,baseline,35,0.00983961216634803
DS19,mc.BDES,BDES,baseline,36,0.00986763656076687
DS19,mc.BDES,BDES,baseline,37,0.009779237316969822
DS19,mc.BDES,BDES,baseline,38,0.00991716549838047
DS19,mc.BDES,BDES,baseline,39,0.009842040857110495
DS19,mc.BDES,BDES,baseline,40,0.009640624540484916
DS19,mc.BDES,BDES,baseline,41,0.009619568781960377
DS19,mc.BDES,BDES,baseline,42,0.008641210152253971
DS19,mc.BDES,BDES,baseline,43,0.008715390408675316
DS19,mc.BDES,BDES,baseline,44,0.00853973640906693
DS19,mc.BDES,BDES,baseline,45,0.008619428478392442
DS19,mc.BDES,BDES,baseline,46,0.0085568776549429
DS19,mc.BDES,BDES,baseline,47,0.008523503688659501
DS19,mc.BDES,BDES,baseline,48,0.008270429631357573
DS19,mc.BDES,BDES,baseline,49,0.008308666751764766
DS19,mc.BDES,BDES,baseline,50,0.008305819084057291
DS19,mc.arima,arima,baseline,1,0.01412475198396725
DS19,mc.arima,arima,baseline,2,0.013935086557261686
DS19,mc.arima,arima,baseline,3,0.01398411215433602
DS19,mc.arima,arima,baseline,4,0.013970820455050824
DS19,mc.arima,arima,baseline,5,0.01396867093475663
DS19,mc.arima,arima,baseline,6,0.014014245971840323
DS19,mc.arima,arima,baseline,7,0.014112552293301385
DS19,mc.arima,arima,baseline,8,0.014179441238052619
DS19,mc.arima,arima,baseline,9,0.014326582535921015
DS19,mc.arima,arima,baseline,10,0.015096973939901172
DS19,mc.arima,arima,baseline,11,0.014503748719839992
DS19,mc.arima,arima,baseline,12,0.014759454044227575
DS19,mc.arima,arima,baseline,13,0.014480511522423698
DS19,mc.arima,arima,baseline,14,0.014460004043787411
DS19,mc.arima,arima,baseline,15,0.014507269636178596
DS19,mc.arima,arima,baseline,16,0.014477963250403562
DS19,mc.arima,arima,baseline,17,0.014525165123632666
DS19,mc.arima,arima,baseline,18,0.0145829111520046
DS19,mc.arima,arima,baseline,19,0.014407479795039993
DS19,mc.arima,arima,baseline,20,0.014438194847573598
DS19,mc.arima,arima,baseline,21,0.014341153166922468
DS19,mc.arima,arima,baseline,22,0.013984160975126244
DS19,mc.arima,arima,baseline,23,0.01359151550289143
DS19,mc.arima,arima,baseline,24,0.013582208287373363
DS19,mc.arima,arima,baseline,25,0.01211834611285245
DS19,mc.arima,arima,baseline,26,0.012083288615011135
DS19,mc.arima,arima,baseline,27,0.011331793804432104
DS19,mc.arima,arima,baseline,28,0.011116426505415963
DS19,mc.arima,arima,baseline,29,0.010988031950085091
DS19,mc.arima,arima,baseline,30,0.010688195964070156
DS19,mc.arima,arima,baseline,31,0.010869467789510277
DS19,mc.arima,arima,baseline,32,0.010471788780375682
DS19,mc.arima,arima,baseline,33,0.01067925009276164
DS19,mc.arima,arima,baseline,34,0.01036854544543855
DS19,mc.arima,arima,baseline,35,0.010265173920590322
DS19,mc.arima,arima,baseline,36,0.011907618968632256
DS19,mc.arima,arima,baseline,37,0.010597915922593461
DS19,mc.arima,arima,baseline,38,0.010249537374762413
DS19,mc.arima,arima,baseline,39,0.010177248314441383
DS19,mc.arima,arima,baseline,40,0.010057857350277696
DS19,mc.arima,arima,baseline,41,0.010050356805757107
DS19,mc.arima,arima,baseline,42,0.011025957898033192
DS19,mc.arima,arima,baseline,43,0.009251592516145869
DS19,mc.arima,arima,baseline,44,0.009015015668704506
DS19,mc.arima,arima,baseline,45,0.009067259081770446
DS19,mc.arima,arima,baseline,46,0.008966675159373107
DS19,mc.arima,arima,baseline,47,0.009131400752903375
DS19,mc.arima,arima,baseline,48,0.008781754656275379
DS19,mc.arima,arima,baseline,49,0.0089028951216465
DS19,mc.arima,arima,baseline,50,0.00872046771872282
DS19,mc.lm_OVERB,lm,OVERB,1,0.01812328241038421
DS19,mc.lm_OVERB,lm,OVERB,2,0.018475466248630206
DS19,mc.lm_OVERB,lm,OVERB,3,0.018328748131731444
DS19,mc.lm_OVERB,lm,OVERB,4,0.018099321138376926
DS19,mc.lm_OVERB,lm,OVERB,5,0.01859091980577858
DS19,mc.lm_OVERB,lm,OVERB,6,0.019461263488951212
DS19,mc.lm_OVERB,lm,OVERB,7,0.018613747457148017
DS19,mc.lm_OVERB,lm,OVERB,8,0.019211110167464265
DS19,mc.lm_OVERB,lm,OVERB,9,0.0193783318122659
DS19,mc.lm_OVERB,lm,OVERB,10,0.019341738045059967
DS19,mc.lm_OVERB,lm,OVERB,11,0.018483775327101905
DS19,mc.lm_OVERB,lm,OVERB,12,0.017869227119715267
DS19,mc.lm_OVERB,lm,OVERB,13,0.01862256467076922
DS19,mc.lm_OVERB,lm,OVERB,14,0.018604466385106582
DS19,mc.lm_OVERB,lm,OVERB,15,0.019136393687531235
DS19,mc.lm_OVERB,lm,OVERB,16,0.018560014037911198
DS19,mc.lm_OVERB,lm,OVERB,17,0.01867426031719424
DS19,mc.lm_OVERB,lm,OVERB,18,0.018950506884319554
DS19,mc.lm_OVERB,lm,OVERB,19,0.01829101952582468
DS19,mc.lm_OVERB,lm,OVERB,20,0.018651456937309473
DS19,mc.lm_OVERB,lm,OVERB,21,0.018494765311173812
DS19,mc.lm_OVERB,lm,OVERB,22,0.018311075538514576
DS19,mc.lm_OVERB,lm,OVERB,23,0.01962045355687152
DS19,mc.lm_OVERB,lm,OVERB,24,0.019486124448553674
DS19,mc.lm_OVERB,lm,OVERB,25,0.022249265849648227
DS19,mc.lm_OVERB,lm,OVERB,26,0.021024847631694
DS19,mc.lm_OVERB,lm,OVERB,27,0.016736613387154407
DS19,mc.lm_OVERB,lm,OVERB,28,0.016228582304583954
DS19,mc.lm_OVERB,lm,OVERB,29,0.016581040281234458
DS19,mc.lm_OVERB,lm,OVERB,30,0.015057894484811
DS19,mc.lm_OVERB,lm,OVERB,31,0.01586795026964982
DS19,mc.lm_OVERB,lm,OVERB,32,0.015136215702419374
DS19,mc.lm_OVERB,lm,OVERB,33,0.014697695527963753
DS19,mc.lm_OVERB,lm,OVERB,34,0.01393614981017724
DS19,mc.lm_OVERB,lm,OVERB,35,0.014805689429705263
DS19,mc.lm_OVERB,lm,OVERB,36,0.014745147803337322
DS19,mc.lm_OVERB,lm,OVERB,37,0.01548355039653525
DS19,mc.lm_OVERB,lm,OVERB,38,0.01606879790771216
DS19,mc.lm_OVERB,lm,OVERB,39,0.016211040760328404
DS19,mc.lm_OVERB,lm,OVERB,40,0.015618817106259482
DS19,mc.lm_OVERB,lm,OVERB,41,0.016088370618718578
DS19,mc.lm_OVERB,lm,OVERB,42,0.01525560216552432
DS19,mc.lm_OVERB,lm,OVERB,43,0.015035510806947126
DS19,mc.lm_OVERB,lm,OVERB,44,0.014949813782286844
DS19,mc.lm_OVERB,lm,OVERB,45,0.014601298705195413
DS19,mc.lm_OVERB,lm,OVERB,46,0.01586188726223361
DS19,mc.lm_OVERB,lm,OVERB,47,0.01445889871322502
DS19,mc.lm_OVERB,lm,OVERB,48,0.014577063716484234
DS19,mc.lm_OVERB,lm,OVERB,49,0.014610474521936955
DS19,mc.lm_OVERB,lm,OVERB,50,0.014208245580160614
DS19,mc.lm_OVERTPhi,lm,OVERTPhi,1,0.018840842457085068
DS19,mc.lm_OVERTPhi,lm,OVERTPhi,2,0.01874241084275409
DS19,mc.lm_OVERTPhi,lm,OVERTPhi,3,0.01892704522606366
DS19,mc.lm_OVERTPhi,lm,OVERTPhi,4,0.01879624740859051
DS19,mc.lm_OVERTPhi,lm,OVERTPhi,5,0.019083186484066653
DS19,mc.lm_OVERTPhi,lm,OVERTPhi,6,0.01882854205426113
DS19,mc.lm_OVERTPhi,lm,OVERTPhi,7,0.017345623927232455
DS19,mc.lm_OVERTPhi,lm,OVERTPhi,8,0.017934099538188863
DS19,mc.lm_OVERTPhi,lm,OVERTPhi,9,0.01756388582202803
DS19,mc.lm_OVERTPhi,lm,OVERTPhi,10,0.017597073983689038
DS19,mc.lm_OVERTPhi,lm,OVERTPhi,11,0.019327532466507973
DS19,mc.lm_OVERTPhi,lm,OVERTPhi,12,0.01788497552911175
DS19,mc.lm_OVERTPhi,lm,OVERTPhi,13,0.01839464647899303
DS19,mc.lm_OVERTPhi,lm,OVERTPhi,14,0.01800468547613697
DS19,mc.lm_OVERTPhi,lm,OVERTPhi,15,0.018427585156387358
DS19,mc.lm_OVERTPhi,lm,OVERTPhi,16,0.01813833323297265
DS19,mc.lm_OVERTPhi,lm,OVERTPhi,17,0.017613801077277873
DS19,mc.lm_OVERTPhi,lm,OVERTPhi,18,0.017751110124683146
DS19,mc.lm_OVERTPhi,lm,OVERTPhi,19,0.018053961772584032
DS19,mc.lm_OVERTPhi,lm,OVERTPhi,20,0.019390102120944292
DS19,mc.lm_OVERTPhi,lm,OVERTPhi,21,0.019138883679642654
DS19,mc.lm_OVERTPhi,lm,OVERTPhi,22,0.019034306239914586
DS19,mc.lm_OVERTPhi,lm,OVERTPhi,23,0.01991911054854663
DS19,mc.lm_OVERTPhi,lm,OVERTPhi,24,0.01990827286878156
DS19,mc.lm_OVERTPhi,lm,OVERTPhi,25,0.02361990772664165
DS19,mc.lm_OVERTPhi,lm,OVERTPhi,26,0.023308927209652372
DS19,mc.lm_OVERTPhi,lm,OVERTPhi,27,0.01689788137419594
DS19,mc.lm_OVERTPhi,lm,OVERTPhi,28,0.01736026419443679
DS19,mc.lm_OVERTPhi,lm,OVERTPhi,29,0.016775129609614088
DS19,mc.lm_OVERTPhi,lm,OVERTPhi,30,0.0168762308020961
DS19,mc.lm_OVERTPhi,lm,OVERTPhi,31,0.016515056584461542
DS19,mc.lm_OVERTPhi,lm,OVERTPhi,32,0.016847537842855795
DS19,mc.lm_OVERTPhi,lm,OVERTPhi,33,0.016755064483545207
DS19,mc.lm_OVERTPhi,lm,OVERTPhi,34,0.015552011457525538
DS19,mc.lm_OVERTPhi,lm,OVERTPhi,35,0.015615681142639224
DS19,mc.lm_OVERTPhi,lm,OVERTPhi,36,0.015964996458477536
DS19,mc.lm_OVERTPhi,lm,OVERTPhi,37,0.016187822506072688
DS19,mc.lm_OVERTPhi,lm,OVERTPhi,38,0.015719943440773626
DS19,mc.lm_OVERTPhi,lm,OVERTPhi,39,0.015990831624133364
DS19,mc.lm_OVERTPhi,lm,OVERTPhi,40,0.015632010077154552
DS19,mc.lm_OVERTPhi,lm,OVERTPhi,41,0.0161837994410632
DS19,mc.lm_OVERTPhi,lm,OVERTPhi,42,0.015547957209741427
DS19,mc.lm_OVERTPhi,lm,OVERTPhi,43,0.01563209042190718
DS19,mc.lm_OVERTPhi,lm,OVERTPhi,44,0.01580384737678344
DS19,mc.lm_OVERTPhi,lm,OVERTPhi,45,0.01544250794955909
DS19,mc.lm_OVERTPhi,lm,OVERTPhi,46,0.015397853783533335
DS19,mc.lm_OVERTPhi,lm,OVERTPhi,47,0.015058421153927436
DS19,mc.lm_OVERTPhi,lm,OVERTPhi,48,0.015377178684706904
DS19,mc.lm_OVERTPhi,lm,OVERTPhi,49,0.015037164945016198
DS19,mc.lm_OVERTPhi,lm,OVERTPhi,50,0.015526747621972776
DS19,mc.lm_OVERT,lm,OVERT,1,0.01872188132855643
DS19,mc.lm_OVERT,lm,OVERT,2,0.01873182427686417
DS19,mc.lm_OVERT,lm,OVERT,3,0.01878447204669208
DS19,mc.lm_OVERT,lm,OVERT,4,0.018765290166639435
DS19,mc.lm_OVERT,lm,OVERT,5,0.019099645819515274
DS19,mc.lm_OVERT,lm,OVERT,6,0.018807068876950574
DS19,mc.lm_OVERT,lm,OVERT,7,0.017365720153505623
DS19,mc.lm_OVERT,lm,OVERT,8,0.017695320482248277
DS19,mc.lm_OVERT,lm,OVERT,9,0.017490928027314157
DS19,mc.lm_OVERT,lm,OVERT,10,0.017476528412812192
DS19,mc.lm_OVERT,lm,OVERT,11,0.0192054835567231
DS19,mc.lm_OVERT,lm,OVERT,12,0.01782961668176752
DS19,mc.lm_OVERT,lm,OVERT,13,0.018295460910617765
DS19,mc.lm_OVERT,lm,OVERT,14,0.017909889912075087
DS19,mc.lm_OVERT,lm,OVERT,15,0.018284826548187888
DS19,mc.lm_OVERT,lm,OVERT,16,0.017987553047092795
DS19,mc.lm_OVERT,lm,OVERT,17,0.01755626200951604
DS19,mc.lm_OVERT,lm,OVERT,18,0.017623083042457303
DS19,mc.lm_OVERT,lm,OVERT,19,0.018021915818713156
DS19,mc.lm_OVERT,lm,OVERT,20,0.0195077947786448
DS19,mc.lm_OVERT,lm,OVERT,21,0.019138032881488964
DS19,mc.lm_OVERT,lm,OVERT,22,0.01899076825223975
DS19,mc.lm_OVERT,lm,OVERT,23,0.019910423336982543
DS19,mc.lm_OVERT,lm,OVERT,24,0.019878029250288694
DS19,mc.lm_OVERT,lm,OVERT,25,0.0235763369787598
DS19,mc.lm_OVERT,lm,OVERT,26,0.02325064648259889
DS19,mc.lm_OVERT,lm,OVERT,27,0.01682335409125361
DS19,mc.lm_OVERT,lm,OVERT,28,0.017284094314111514
DS19,mc.lm_OVERT,lm,OVERT,29,0.016728614434490155
DS19,mc.lm_OVERT,lm,OVERT,30,0.016694003328601104
DS19,mc.lm_OVERT,lm,OVERT,31,0.016469676535711544
DS19,mc.lm_OVERT,lm,OVERT,32,0.01664553844078495
DS19,mc.lm_OVERT,lm,OVERT,33,0.016773495630525825
DS19,mc.lm_OVERT,lm,OVERT,34,0.015531575503417312
DS19,mc.lm_OVERT,lm,OVERT,35,0.015435071641174077
DS19,mc.lm_OVERT,lm,OVERT,36,0.015935579361299437
DS19,mc.lm_OVERT,lm,OVERT,37,0.01614440500788684
DS19,mc.lm_OVERT,lm,OVERT,38,0.015681315083468754
DS19,mc.lm_OVERT,lm,OVERT,39,0.015994934732265702
DS19,mc.lm_OVERT,lm,OVERT,40,0.015661689793859578
DS19,mc.lm_OVERT,lm,OVERT,41,0.01615382826837619
DS19,mc.lm_OVERT,lm,OVERT,42,0.015521433619644986
DS19,mc.lm_OVERT,lm,OVERT,43,0.015587817284537677
DS19,mc.lm_OVERT,lm,OVERT,44,0.015767215609466374
DS19,mc.lm_OVERT,lm,OVERT,45,0.015341147348998455
DS19,mc.lm_OVERT,lm,OVERT,46,0.015522961140669592
DS19,mc.lm_OVERT,lm,OVERT,47,0.01493169243433301
DS19,mc.lm_OVERT,lm,OVERT,48,0.01529296557491756
DS19,mc.lm_OVERT,lm,OVERT,49,0.015124131070858067
DS19,mc.lm_OVERT,lm,OVERT,50,0.015387924093306785
DS19,mc.lm_SMOTEB,lm,SMOTEB,1,0.021618592905290397
DS19,mc.lm_SMOTEB,lm,SMOTEB,2,0.02281257649170841
DS19,mc.lm_SMOTEB,lm,SMOTEB,3,0.023323868775844338
DS19,mc.lm_SMOTEB,lm,SMOTEB,4,0.024524471597451553
DS19,mc.lm_SMOTEB,lm,SMOTEB,5,0.02451940515622227
DS19,mc.lm_SMOTEB,lm,SMOTEB,6,0.02077273803283993
DS19,mc.lm_SMOTEB,lm,SMOTEB,7,0.022031550811500922
DS19,mc.lm_SMOTEB,lm,SMOTEB,8,0.0231508717644103
DS19,mc.lm_SMOTEB,lm,SMOTEB,9,0.02469210753525742
DS19,mc.lm_SMOTEB,lm,SMOTEB,10,0.023468911179588398
DS19,mc.lm_SMOTEB,lm,SMOTEB,11,0.024756388300867772
DS19,mc.lm_SMOTEB,lm,SMOTEB,12,0.023374843006537728
DS19,mc.lm_SMOTEB,lm,SMOTEB,13,0.023173932735835182
DS19,mc.lm_SMOTEB,lm,SMOTEB,14,0.024034453366002375
DS19,mc.lm_SMOTEB,lm,SMOTEB,15,0.024639786668327134
DS19,mc.lm_SMOTEB,lm,SMOTEB,16,0.02238520633802523
DS19,mc.lm_SMOTEB,lm,SMOTEB,17,0.023990214616922054
DS19,mc.lm_SMOTEB,lm,SMOTEB,18,0.023270505008478545
DS19,mc.lm_SMOTEB,lm,SMOTEB,19,0.021072890224119522
DS19,mc.lm_SMOTEB,lm,SMOTEB,20,0.01869401270820937
DS19,mc.lm_SMOTEB,lm,SMOTEB,21,0.019336298684803008
DS19,mc.lm_SMOTEB,lm,SMOTEB,22,0.01875028713092987
DS19,mc.lm_SMOTEB,lm,SMOTEB,23,0.019339457805839885
DS19,mc.lm_SMOTEB,lm,SMOTEB,24,0.020297933824925868
DS19,mc.lm_SMOTEB,lm,SMOTEB,25,0.025576889680371844
DS19,mc.lm_SMOTEB,lm,SMOTEB,26,0.03023853304890553
DS19,mc.lm_SMOTEB,lm,SMOTEB,27,0.022971673157980748
DS19,mc.lm_SMOTEB,lm,SMOTEB,28,0.02058974666003844
DS19,mc.lm_SMOTEB,lm,SMOTEB,29,0.019391921890676955
DS19,mc.lm_SMOTEB,lm,SMOTEB,30,0.0200559545411533
DS19,mc.lm_SMOTEB,lm,SMOTEB,31,0.01875563458020971
DS19,mc.lm_SMOTEB,lm,SMOTEB,32,0.019438170250260053
DS19,mc.lm_SMOTEB,lm,SMOTEB,33,0.018035310505806753
DS19,mc.lm_SMOTEB,lm,SMOTEB,34,0.018204887252029095
DS19,mc.lm_SMOTEB,lm,SMOTEB,35,0.018614722781998272
DS19,mc.lm_SMOTEB,lm,SMOTEB,36,0.01902206742443287
DS19,mc.lm_SMOTEB,lm,SMOTEB,37,0.02012531149736806
DS19,mc.lm_SMOTEB,lm,SMOTEB,38,0.02178010609237533
DS19,mc.lm_SMOTEB,lm,SMOTEB,39,0.019102466071702153
DS19,mc.lm_SMOTEB,lm,SMOTEB,40,0.020531987984076416
DS19,mc.lm_SMOTEB,lm,SMOTEB,41,0.020904693920230023
DS19,mc.lm_SMOTEB,lm,SMOTEB,42,0.019663550869275258
DS19,mc.lm_SMOTEB,lm,SMOTEB,43,0.02028350579832906
DS19,mc.lm_SMOTEB,lm,SMOTEB,44,0.01950120872448286
DS19,mc.lm_SMOTEB,lm,SMOTEB,45,0.018792479129971527
DS19,mc.lm_SMOTEB,lm,SMOTEB,46,0.018727939989160097
DS19,mc.lm_SMOTEB,lm,SMOTEB,47,0.020143679869607765
DS19,mc.lm_SMOTEB,lm,SMOTEB,48,0.02024891662125357
DS19,mc.lm_SMOTEB,lm,SMOTEB,49,0.018640043182959535
DS19,mc.lm_SMOTEB,lm,SMOTEB,50,0.017871328524102042
DS19,mc.lm_SMOTETPhi,lm,SMOTETPhi,1,0.02204240408250175
DS19,mc.lm_SMOTETPhi,lm,SMOTETPhi,2,0.022344528630310074
DS19,mc.lm_SMOTETPhi,lm,SMOTETPhi,3,0.02314268184106597
DS19,mc.lm_SMOTETPhi,lm,SMOTETPhi,4,0.021359789492227936
DS19,mc.lm_SMOTETPhi,lm,SMOTETPhi,5,0.021852030106651498
DS19,mc.lm_SMOTETPhi,lm,SMOTETPhi,6,0.022648059484691088
DS19,mc.lm_SMOTETPhi,lm,SMOTETPhi,7,0.023540559310017167
DS19,mc.lm_SMOTETPhi,lm,SMOTETPhi,8,0.02331311776726074
DS19,mc.lm_SMOTETPhi,lm,SMOTETPhi,9,0.02377436029888406
DS19,mc.lm_SMOTETPhi,lm,SMOTETPhi,10,0.023412194107482645
DS19,mc.lm_SMOTETPhi,lm,SMOTETPhi,11,0.023688475855011742
DS19,mc.lm_SMOTETPhi,lm,SMOTETPhi,12,0.023142457218462253
DS19,mc.lm_SMOTETPhi,lm,SMOTETPhi,13,0.025855168383259495
DS19,mc.lm_SMOTETPhi,lm,SMOTETPhi,14,0.026688708081220737
DS19,mc.lm_SMOTETPhi,lm,SMOTETPhi,15,0.02505539155940935
DS19,mc.lm_SMOTETPhi,lm,SMOTETPhi,16,0.025490850782889752
DS19,mc.lm_SMOTETPhi,lm,SMOTETPhi,17,0.025672576402634872
DS19,mc.lm_SMOTETPhi,lm,SMOTETPhi,18,0.023620628756728698
DS19,mc.lm_SMOTETPhi,lm,SMOTETPhi,19,0.02265890180588825
DS19,mc.lm_SMOTETPhi,lm,SMOTETPhi,20,0.021945187730756602
DS19,mc.lm_SMOTETPhi,lm,SMOTETPhi,21,0.021880044335336517
DS19,mc.lm_SMOTETPhi,lm,SMOTETPhi,22,0.021990212969177168
DS19,mc.lm_SMOTETPhi,lm,SMOTETPhi,23,0.02336551009851312
DS19,mc.lm_SMOTETPhi,lm,SMOTETPhi,24,0.023719637716904763
DS19,mc.lm_SMOTETPhi,lm,SMOTETPhi,25,0.024021292222355127
DS19,mc.lm_SMOTETPhi,lm,SMOTETPhi,26,0.025715435124224476
DS19,mc.lm_SMOTETPhi,lm,SMOTETPhi,27,0.022558579190916726
DS19,mc.lm_SMOTETPhi,lm,SMOTETPhi,28,0.02237433849551375
DS19,mc.lm_SMOTETPhi,lm,SMOTETPhi,29,0.023016334209176554
DS19,mc.lm_SMOTETPhi,lm,SMOTETPhi,30,0.022654484974297864
DS19,mc.lm_SMOTETPhi,lm,SMOTETPhi,31,0.020868086253638046
DS19,mc.lm_SMOTETPhi,lm,SMOTETPhi,32,0.023515009662654764
DS19,mc.lm_SMOTETPhi,lm,SMOTETPhi,33,0.02495256978794836
DS19,mc.lm_SMOTETPhi,lm,SMOTETPhi,34,0.022355265274963426
DS19,mc.lm_SMOTETPhi,lm,SMOTETPhi,35,0.024406749025224952
DS19,mc.lm_SMOTETPhi,lm,SMOTETPhi,36,0.021009771606828702
DS19,mc.lm_SMOTETPhi,lm,SMOTETPhi,37,0.02203921424016981
DS19,mc.lm_SMOTETPhi,lm,SMOTETPhi,38,0.024276839011521483
DS19,mc.lm_SMOTETPhi,lm,SMOTETPhi,39,0.02159776250271138
DS19,mc.lm_SMOTETPhi,lm,SMOTETPhi,40,0.02240959553474407
DS19,mc.lm_SMOTETPhi,lm,SMOTETPhi,41,0.02354464881086529
DS19,mc.lm_SMOTETPhi,lm,SMOTETPhi,42,0.021836146695329586
DS19,mc.lm_SMOTETPhi,lm,SMOTETPhi,43,0.022479459634327324
DS19,mc.lm_SMOTETPhi,lm,SMOTETPhi,44,0.01852272980386564
DS19,mc.lm_SMOTETPhi,lm,SMOTETPhi,45,0.019359807477060002
DS19,mc.lm_SMOTETPhi,lm,SMOTETPhi,46,0.022691792979711294
DS19,mc.lm_SMOTETPhi,lm,SMOTETPhi,47,0.02104991944029152
DS19,mc.lm_SMOTETPhi,lm,SMOTETPhi,48,0.020426768829716353
DS19,mc.lm_SMOTETPhi,lm,SMOTETPhi,49,0.017901000485864998
DS19,mc.lm_SMOTETPhi,lm,SMOTETPhi,50,0.021349363132586067
DS19,mc.lm_SMOTET,lm,SMOTET,1,0.02136191089460772
DS19,mc.lm_SMOTET,lm,SMOTET,2,0.022791004875768343
DS19,mc.lm_SMOTET,lm,SMOTET,3,0.020918527952848195
DS19,mc.lm_SMOTET,lm,SMOTET,4,0.020254462239162763
DS19,mc.lm_SMOTET,lm,SMOTET,5,0.024260342612969533
DS19,mc.lm_SMOTET,lm,SMOTET,6,0.022676607462248494
DS19,mc.lm_SMOTET,lm,SMOTET,7,0.022382070197829552
DS19,mc.lm_SMOTET,lm,SMOTET,8,0.02264001448470992
DS19,mc.lm_SMOTET,lm,SMOTET,9,0.023369812411410267
DS19,mc.lm_SMOTET,lm,SMOTET,10,0.023596735144602747
DS19,mc.lm_SMOTET,lm,SMOTET,11,0.023344641544949692
DS19,mc.lm_SMOTET,lm,SMOTET,12,0.023244771447319425
DS19,mc.lm_SMOTET,lm,SMOTET,13,0.023806480735325482
DS19,mc.lm_SMOTET,lm,SMOTET,14,0.021232341080960927
DS19,mc.lm_SMOTET,lm,SMOTET,15,0.023094692870804533
DS19,mc.lm_SMOTET,lm,SMOTET,16,0.022577949235846623
DS19,mc.lm_SMOTET,lm,SMOTET,17,0.02316768649495055
DS19,mc.lm_SMOTET,lm,SMOTET,18,0.023838631720037702
DS19,mc.lm_SMOTET,lm,SMOTET,19,0.021104421136094502
DS19,mc.lm_SMOTET,lm,SMOTET,20,0.01793578723864987
DS19,mc.lm_SMOTET,lm,SMOTET,21,0.01949025334071065
DS19,mc.lm_SMOTET,lm,SMOTET,22,0.017427593138345077
DS19,mc.lm_SMOTET,lm,SMOTET,23,0.019716370160011203
DS19,mc.lm_SMOTET,lm,SMOTET,24,0.020213940918595106
DS19,mc.lm_SMOTET,lm,SMOTET,25,0.025457574223746293
DS19,mc.lm_SMOTET,lm,SMOTET,26,0.027738117457790347
DS19,mc.lm_SMOTET,lm,SMOTET,27,0.021122377287962405
DS19,mc.lm_SMOTET,lm,SMOTET,28,0.02002268823934495
DS19,mc.lm_SMOTET,lm,SMOTET,29,0.0190065727014508
DS19,mc.lm_SMOTET,lm,SMOTET,30,0.02022125317086596
DS19,mc.lm_SMOTET,lm,SMOTET,31,0.021291582126724194
DS19,mc.lm_SMOTET,lm,SMOTET,32,0.024248268682665296
DS19,mc.lm_SMOTET,lm,SMOTET,33,0.01981314074981505
DS19,mc.lm_SMOTET,lm,SMOTET,34,0.020784883434543537
DS19,mc.lm_SMOTET,lm,SMOTET,35,0.020253596018155084
DS19,mc.lm_SMOTET,lm,SMOTET,36,0.01915247774602217
DS19,mc.lm_SMOTET,lm,SMOTET,37,0.0233262563676939
DS19,mc.lm_SMOTET,lm,SMOTET,38,0.021615474176509157
DS19,mc.lm_SMOTET,lm,SMOTET,39,0.02197365803413894
DS19,mc.lm_SMOTET,lm,SMOTET,40,0.021871707572051584
DS19,mc.lm_SMOTET,lm,SMOTET,41,0.023053621350655654
DS19,mc.lm_SMOTET,lm,SMOTET,42,0.021315955432453463
DS19,mc.lm_SMOTET,lm,SMOTET,43,0.02152190211548655
DS19,mc.lm_SMOTET,lm,SMOTET,44,0.01903074909926816
DS19,mc.lm_SMOTET,lm,SMOTET,45,0.01908721001952424
DS19,mc.lm_SMOTET,lm,SMOTET,46,0.021838795716916444
DS19,mc.lm_SMOTET,lm,SMOTET,47,0.020016929072444966
DS19,mc.lm_SMOTET,lm,SMOTET,48,0.020580446228642708
DS19,mc.lm_SMOTET,lm,SMOTET,49,0.019163332782591923
DS19,mc.lm_SMOTET,lm,SMOTET,50,0.01851496013513578
DS19,mc.lm_UNDERB,lm,UNDERB,1,0.023146898367292144
DS19,mc.lm_UNDERB,lm,UNDERB,2,0.021188476967093892
DS19,mc.lm_UNDERB,lm,UNDERB,3,0.020690582766993686
DS19,mc.lm_UNDERB,lm,UNDERB,4,0.02127499801674453
DS19,mc.lm_UNDERB,lm,UNDERB,5,0.02259660341864181
DS19,mc.lm_UNDERB,lm,UNDERB,6,0.019562592395563298
DS19,mc.lm_UNDERB,lm,UNDERB,7,0.02038055788667336
DS19,mc.lm_UNDERB,lm,UNDERB,8,0.0213470217543569
DS19,mc.lm_UNDERB,lm,UNDERB,9,0.021237078745504588
DS19,mc.lm_UNDERB,lm,UNDERB,10,0.022682764924868377
DS19,mc.lm_UNDERB,lm,UNDERB,11,0.021108888366943444
DS19,mc.lm_UNDERB,lm,UNDERB,12,0.022122705309710767
DS19,mc.lm_UNDERB,lm,UNDERB,13,0.022341853920541957
DS19,mc.lm_UNDERB,lm,UNDERB,14,0.021588315042993682
DS19,mc.lm_UNDERB,lm,UNDERB,15,0.021604691253729092
DS19,mc.lm_UNDERB,lm,UNDERB,16,0.021649000756237175
DS19,mc.lm_UNDERB,lm,UNDERB,17,0.022772959192799723
DS19,mc.lm_UNDERB,lm,UNDERB,18,0.022276039910671057
DS19,mc.lm_UNDERB,lm,UNDERB,19,0.022791198884322128
DS19,mc.lm_UNDERB,lm,UNDERB,20,0.03237789757441162
DS19,mc.lm_UNDERB,lm,UNDERB,21,0.028435582565567823
DS19,mc.lm_UNDERB,lm,UNDERB,22,0.01950827066670203
DS19,mc.lm_UNDERB,lm,UNDERB,23,0.0226025730250056
DS19,mc.lm_UNDERB,lm,UNDERB,24,0.029730345195638733
DS19,mc.lm_UNDERB,lm,UNDERB,25,0.02311993798674376
DS19,mc.lm_UNDERB,lm,UNDERB,26,0.03265014599899606
DS19,mc.lm_UNDERB,lm,UNDERB,27,0.02031531503499411
DS19,mc.lm_UNDERB,lm,UNDERB,28,0.019304588806377886
DS19,mc.lm_UNDERB,lm,UNDERB,29,0.019089175870412953
DS19,mc.lm_UNDERB,lm,UNDERB,30,0.017070879188555967
DS19,mc.lm_UNDERB,lm,UNDERB,31,0.015474334304586081
DS19,mc.lm_UNDERB,lm,UNDERB,32,0.01852675753827288
DS19,mc.lm_UNDERB,lm,UNDERB,33,0.017647317030845978
DS19,mc.lm_UNDERB,lm,UNDERB,34,0.01704378850679029
DS19,mc.lm_UNDERB,lm,UNDERB,35,0.01982911563547527
DS19,mc.lm_UNDERB,lm,UNDERB,36,0.016600579030665193
DS19,mc.lm_UNDERB,lm,UNDERB,37,0.014072571445677851
DS19,mc.lm_UNDERB,lm,UNDERB,38,0.01739458358156761
DS19,mc.lm_UNDERB,lm,UNDERB,39,0.01559157335384982
DS19,mc.lm_UNDERB,lm,UNDERB,40,0.017572294427065725
DS19,mc.lm_UNDERB,lm,UNDERB,41,0.01932955651438397
DS19,mc.lm_UNDERB,lm,UNDERB,42,0.013243478348388495
DS19,mc.lm_UNDERB,lm,UNDERB,43,0.016780368767686075
DS19,mc.lm_UNDERB,lm,UNDERB,44,0.01930923859236448
DS19,mc.lm_UNDERB,lm,UNDERB,45,0.016460999178844523
DS19,mc.lm_UNDERB,lm,UNDERB,46,0.01842513087372092
DS19,mc.lm_UNDERB,lm,UNDERB,47,0.013482715375094895
DS19,mc.lm_UNDERB,lm,UNDERB,48,0.015001489298660464
DS19,mc.lm_UNDERB,lm,UNDERB,49,0.015846742041730356
DS19,mc.lm_UNDERB,lm,UNDERB,50,0.015137380071044322
DS19,mc.lm_UNDERTPhi,lm,UNDERTPhi,1,0.020372319651927366
DS19,mc.lm_UNDERTPhi,lm,UNDERTPhi,2,0.02176738854432145
DS19,mc.lm_UNDERTPhi,lm,UNDERTPhi,3,0.022031956514958467
DS19,mc.lm_UNDERTPhi,lm,UNDERTPhi,4,0.021651545424466404
DS19,mc.lm_UNDERTPhi,lm,UNDERTPhi,5,0.021276596977149165
DS19,mc.lm_UNDERTPhi,lm,UNDERTPhi,6,0.020907074708421007
DS19,mc.lm_UNDERTPhi,lm,UNDERTPhi,7,0.021932765471098306
DS19,mc.lm_UNDERTPhi,lm,UNDERTPhi,8,0.022006189426591334
DS19,mc.lm_UNDERTPhi,lm,UNDERTPhi,9,0.025178572632987402
DS19,mc.lm_UNDERTPhi,lm,UNDERTPhi,10,0.025360269354869642
DS19,mc.lm_UNDERTPhi,lm,UNDERTPhi,11,0.020637237388369672
DS19,mc.lm_UNDERTPhi,lm,UNDERTPhi,12,0.026325566966447115
DS19,mc.lm_UNDERTPhi,lm,UNDERTPhi,13,0.02265630385506855
DS19,mc.lm_UNDERTPhi,lm,UNDERTPhi,14,0.023538571071070217
DS19,mc.lm_UNDERTPhi,lm,UNDERTPhi,15,0.025763975365641793
DS19,mc.lm_UNDERTPhi,lm,UNDERTPhi,16,0.021841379193848303
DS19,mc.lm_UNDERTPhi,lm,UNDERTPhi,17,0.021778439729627053
DS19,mc.lm_UNDERTPhi,lm,UNDERTPhi,18,0.021187264603645017
DS19,mc.lm_UNDERTPhi,lm,UNDERTPhi,19,0.024853039371598173
DS19,mc.lm_UNDERTPhi,lm,UNDERTPhi,20,0.026494229011007477
DS19,mc.lm_UNDERTPhi,lm,UNDERTPhi,21,0.025140469837617092
DS19,mc.lm_UNDERTPhi,lm,UNDERTPhi,22,0.02394973024133657
DS19,mc.lm_UNDERTPhi,lm,UNDERTPhi,23,0.027300166016237915
DS19,mc.lm_UNDERTPhi,lm,UNDERTPhi,24,0.026196434257390183
DS19,mc.lm_UNDERTPhi,lm,UNDERTPhi,25,0.02750355182003985
DS19,mc.lm_UNDERTPhi,lm,UNDERTPhi,26,0.0339153531933426
DS19,mc.lm_UNDERTPhi,lm,UNDERTPhi,27,0.018445940400607718
DS19,mc.lm_UNDERTPhi,lm,UNDERTPhi,28,0.019296720915722838
DS19,mc.lm_UNDERTPhi,lm,UNDERTPhi,29,0.019047679468489797
DS19,mc.lm_UNDERTPhi,lm,UNDERTPhi,30,0.015653815276561903
DS19,mc.lm_UNDERTPhi,lm,UNDERTPhi,31,0.01878813161528365
DS19,mc.lm_UNDERTPhi,lm,UNDERTPhi,32,0.021158419755494765
DS19,mc.lm_UNDERTPhi,lm,UNDERTPhi,33,0.016978557606965847
DS19,mc.lm_UNDERTPhi,lm,UNDERTPhi,34,0.017366641840637912
DS19,mc.lm_UNDERTPhi,lm,UNDERTPhi,35,0.01717225269381405
DS19,mc.lm_UNDERTPhi,lm,UNDERTPhi,36,0.013404012356666788
DS19,mc.lm_UNDERTPhi,lm,UNDERTPhi,37,0.015919314992933534
DS19,mc.lm_UNDERTPhi,lm,UNDERTPhi,38,0.024114632361621816
DS19,mc.lm_UNDERTPhi,lm,UNDERTPhi,39,0.01780364781515622
DS19,mc.lm_UNDERTPhi,lm,UNDERTPhi,40,0.017261347847759862
DS19,mc.lm_UNDERTPhi,lm,UNDERTPhi,41,0.017233826974860526
DS19,mc.lm_UNDERTPhi,lm,UNDERTPhi,42,0.01846753993248959
DS19,mc.lm_UNDERTPhi,lm,UNDERTPhi,43,0.02181781083880335
DS19,mc.lm_UNDERTPhi,lm,UNDERTPhi,44,0.016965742844086366
DS19,mc.lm_UNDERTPhi,lm,UNDERTPhi,45,0.016236194792698836
DS19,mc.lm_UNDERTPhi,lm,UNDERTPhi,46,0.016407294803837687
DS19,mc.lm_UNDERTPhi,lm,UNDERTPhi,47,0.015392838701963354
DS19,mc.lm_UNDERTPhi,lm,UNDERTPhi,48,0.01751885096830771
DS19,mc.lm_UNDERTPhi,lm,UNDERTPhi,49,0.013609843874156539
DS19,mc.lm_UNDERTPhi,lm,UNDERTPhi,50,0.015779683670424108
DS19,mc.lm_UNDERT,lm,UNDERT,1,0.025051650737128617
DS19,mc.lm_UNDERT,lm,UNDERT,2,0.019621391261765708
DS19,mc.lm_UNDERT,lm,UNDERT,3,0.02490714503157737
DS19,mc.lm_UNDERT,lm,UNDERT,4,0.019705972330054198
DS19,mc.lm_UNDERT,lm,UNDERT,5,0.01963898279516019
DS19,mc.lm_UNDERT,lm,UNDERT,6,0.024563050636869695
DS19,mc.lm_UNDERT,lm,UNDERT,7,0.02051545223170413
DS19,mc.lm_UNDERT,lm,UNDERT,8,0.024139970561486215
DS19,mc.lm_UNDERT,lm,UNDERT,9,0.021393197261907415
DS19,mc.lm_UNDERT,lm,UNDERT,10,0.02273827655664553
DS19,mc.lm_UNDERT,lm,UNDERT,11,0.02574648987609957
DS19,mc.lm_UNDERT,lm,UNDERT,12,0.02172129136265736
DS19,mc.lm_UNDERT,lm,UNDERT,13,0.02568657180975841
DS19,mc.lm_UNDERT,lm,UNDERT,14,0.021118671896425963
DS19,mc.lm_UNDERT,lm,UNDERT,15,0.022416757622207215
DS19,mc.lm_UNDERT,lm,UNDERT,16,0.020290392380369504
DS19,mc.lm_UNDERT,lm,UNDERT,17,0.02038058491057412
DS19,mc.lm_UNDERT,lm,UNDERT,18,0.02529412928597208
DS19,mc.lm_UNDERT,lm,UNDERT,19,0.03035690686805966
DS19,mc.lm_UNDERT,lm,UNDERT,20,0.03550059310798502
DS19,mc.lm_UNDERT,lm,UNDERT,21,0.02824523310430822
DS19,mc.lm_UNDERT,lm,UNDERT,22,0.024625418153693547
DS19,mc.lm_UNDERT,lm,UNDERT,23,0.02752795171752013
DS19,mc.lm_UNDERT,lm,UNDERT,24,0.0295543962233228
DS19,mc.lm_UNDERT,lm,UNDERT,25,0.030644325397716332
DS19,mc.lm_UNDERT,lm,UNDERT,26,0.02386402110552341
DS19,mc.lm_UNDERT,lm,UNDERT,27,0.017154007937675596
DS19,mc.lm_UNDERT,lm,UNDERT,28,0.020654706700398054
DS19,mc.lm_UNDERT,lm,UNDERT,29,0.019058159658063293
DS19,mc.lm_UNDERT,lm,UNDERT,30,0.02019175190880039
DS19,mc.lm_UNDERT,lm,UNDERT,31,0.02130522617613319
DS19,mc.lm_UNDERT,lm,UNDERT,32,0.016955978942967357
DS19,mc.lm_UNDERT,lm,UNDERT,33,0.018063740857984595
DS19,mc.lm_UNDERT,lm,UNDERT,34,0.01789805335331703
DS19,mc.lm_UNDERT,lm,UNDERT,35,0.015553206324203999
DS19,mc.lm_UNDERT,lm,UNDERT,36,0.017340642281313733
DS19,mc.lm_UNDERT,lm,UNDERT,37,0.017613248935787945
DS19,mc.lm_UNDERT,lm,UNDERT,38,0.02066887888175484
DS19,mc.lm_UNDERT,lm,UNDERT,39,0.018238729931938924
DS19,mc.lm_UNDERT,lm,UNDERT,40,0.01644106363915677
DS19,mc.lm_UNDERT,lm,UNDERT,41,0.015876591663954758
DS19,mc.lm_UNDERT,lm,UNDERT,42,0.022749671954931116
DS19,mc.lm_UNDERT,lm,UNDERT,43,0.01773375040734299
DS19,mc.lm_UNDERT,lm,UNDERT,44,0.01617327491978413
DS19,mc.lm_UNDERT,lm,UNDERT,45,0.01791982841981638
DS19,mc.lm_UNDERT,lm,UNDERT,46,0.017468843275794958
DS19,mc.lm_UNDERT,lm,UNDERT,47,0.014567803548631474
DS19,mc.lm_UNDERT,lm,UNDERT,48,0.01361181782460006
DS19,mc.lm_UNDERT,lm,UNDERT,49,0.015610442239889293
DS19,mc.lm_UNDERT,lm,UNDERT,50,0.0253204667931351
DS19,mc.lm,lm,baseline,1,0.014607105527465957
DS19,mc.lm,lm,baseline,2,0.014463453013714489
DS19,mc.lm,lm,baseline,3,0.014435376026484157
DS19,mc.lm,lm,baseline,4,0.014434853923892363
DS19,mc.lm,lm,baseline,5,0.014441229869364651
DS19,mc.lm,lm,baseline,6,0.014581148719188456
DS19,mc.lm,lm,baseline,7,0.014609320810101007
DS19,mc.lm,lm,baseline,8,0.014792855804653669
DS19,mc.lm,lm,baseline,9,0.014794003121434281
DS19,mc.lm,lm,baseline,10,0.0149152700883237
DS19,mc.lm,lm,baseline,11,0.014726824718205841
DS19,mc.lm,lm,baseline,12,0.014780664525583336
DS19,mc.lm,lm,baseline,13,0.014803596200854087
DS19,mc.lm,lm,baseline,14,0.014677147802779535
DS19,mc.lm,lm,baseline,15,0.014697129265330828
DS19,mc.lm,lm,baseline,16,0.014631214273324752
DS19,mc.lm,lm,baseline,17,0.014583574282648455
DS19,mc.lm,lm,baseline,18,0.014563286264763785
DS19,mc.lm,lm,baseline,19,0.014476245238906105
DS19,mc.lm,lm,baseline,20,0.014287752171721584
DS19,mc.lm,lm,baseline,21,0.01414818488156128
DS19,mc.lm,lm,baseline,22,0.013711240981248188
DS19,mc.lm,lm,baseline,23,0.01350600211893374
DS19,mc.lm,lm,baseline,24,0.013397699380140184
DS19,mc.lm,lm,baseline,25,0.012282130114138383
DS19,mc.lm,lm,baseline,26,0.012158430919360672
DS19,mc.lm,lm,baseline,27,0.011291393212373735
DS19,mc.lm,lm,baseline,28,0.011252622012224515
DS19,mc.lm,lm,baseline,29,0.011238946746656663
DS19,mc.lm,lm,baseline,30,0.010952627991880745
DS19,mc.lm,lm,baseline,31,0.010923432971079273
DS19,mc.lm,lm,baseline,32,0.010692443507111566
DS19,mc.lm,lm,baseline,33,0.010619809917220682
DS19,mc.lm,lm,baseline,34,0.010435767926221164
DS19,mc.lm,lm,baseline,35,0.010396266466123702
DS19,mc.lm,lm,baseline,36,0.010360045706141184
DS19,mc.lm,lm,baseline,37,0.010347938625898962
DS19,mc.lm,lm,baseline,38,0.010433551298863317
DS19,mc.lm,lm,baseline,39,0.010386775645456328
DS19,mc.lm,lm,baseline,40,0.010284979108954474
DS19,mc.lm,lm,baseline,41,0.010301235494278955
DS19,mc.lm,lm,baseline,42,0.009565079678089615
DS19,mc.lm,lm,baseline,43,0.00964528122466864
DS19,mc.lm,lm,baseline,44,0.009615030787137265
DS19,mc.lm,lm,baseline,45,0.00958028106668737
DS19,mc.lm,lm,baseline,46,0.009527222648110487
DS19,mc.lm,lm,baseline,47,0.009587271502381492
DS19,mc.lm,lm,baseline,48,0.009371710644766057
DS19,mc.lm,lm,baseline,49,0.009421820649378652
DS19,mc.lm,lm,baseline,50,0.009419895277233907
DS19,mc.mars_OVERB,mars,OVERB,1,0.022770093244841447
DS19,mc.mars_OVERB,mars,OVERB,2,0.02118581437807052
DS19,mc.mars_OVERB,mars,OVERB,3,0.02171563953032071
DS19,mc.mars_OVERB,mars,OVERB,4,0.021968115995382852
DS19,mc.mars_OVERB,mars,OVERB,5,0.022970407165684787
DS19,mc.mars_OVERB,mars,OVERB,6,0.02208004298652325
DS19,mc.mars_OVERB,mars,OVERB,7,0.02111096119857008
DS19,mc.mars_OVERB,mars,OVERB,8,0.018985742708187665
DS19,mc.mars_OVERB,mars,OVERB,9,0.020193631782661505
DS19,mc.mars_OVERB,mars,OVERB,10,0.03537065984040654
DS19,mc.mars_OVERB,mars,OVERB,11,0.02300636044989221
DS19,mc.mars_OVERB,mars,OVERB,12,0.0256624560703363
DS19,mc.mars_OVERB,mars,OVERB,13,0.023299812166328964
DS19,mc.mars_OVERB,mars,OVERB,14,0.027796919238089662
DS19,mc.mars_OVERB,mars,OVERB,15,0.02760792434603599
DS19,mc.mars_OVERB,mars,OVERB,16,0.02486139785313233
DS19,mc.mars_OVERB,mars,OVERB,17,0.0296806902346903
DS19,mc.mars_OVERB,mars,OVERB,18,0.053365125135371345
DS19,mc.mars_OVERB,mars,OVERB,19,0.03079045696354933
DS19,mc.mars_OVERB,mars,OVERB,20,0.021218921188167136
DS19,mc.mars_OVERB,mars,OVERB,21,0.020641244279120636
DS19,mc.mars_OVERB,mars,OVERB,22,0.02885653436689687
DS19,mc.mars_OVERB,mars,OVERB,23,0.03240946151481079
DS19,mc.mars_OVERB,mars,OVERB,24,0.03398804612946015
DS19,mc.mars_OVERB,mars,OVERB,25,0.027935949270771122
DS19,mc.mars_OVERB,mars,OVERB,26,0.023097476649903397
DS19,mc.mars_OVERB,mars,OVERB,27,0.020510242474838573
DS19,mc.mars_OVERB,mars,OVERB,28,0.020236986465611104
DS19,mc.mars_OVERB,mars,OVERB,29,0.025566462193632143
DS19,mc.mars_OVERB,mars,OVERB,30,0.016255708447507667
DS19,mc.mars_OVERB,mars,OVERB,31,0.014808102326077485
DS19,mc.mars_OVERB,mars,OVERB,32,0.014896762852373204
DS19,mc.mars_OVERB,mars,OVERB,33,0.014867376113869187
DS19,mc.mars_OVERB,mars,OVERB,34,0.014174376926886513
DS19,mc.mars_OVERB,mars,OVERB,35,0.012789068896538558
DS19,mc.mars_OVERB,mars,OVERB,36,0.013854572498761906
DS19,mc.mars_OVERB,mars,OVERB,37,0.01344787475459776
DS19,mc.mars_OVERB,mars,OVERB,38,0.016349103214073613
DS19,mc.mars_OVERB,mars,OVERB,39,0.012786501741944683
DS19,mc.mars_OVERB,mars,OVERB,40,0.014351662408101483
DS19,mc.mars_OVERB,mars,OVERB,41,0.013587551902773798
DS19,mc.mars_OVERB,mars,OVERB,42,0.01156829697226639
DS19,mc.mars_OVERB,mars,OVERB,43,0.011978293531496655
DS19,mc.mars_OVERB,mars,OVERB,44,0.011709075630991338
DS19,mc.mars_OVERB,mars,OVERB,45,0.012689727417328317
DS19,mc.mars_OVERB,mars,OVERB,46,0.012519357971691958
DS19,mc.mars_OVERB,mars,OVERB,47,0.012391761742252622
DS19,mc.mars_OVERB,mars,OVERB,48,0.012773561231171598
DS19,mc.mars_OVERB,mars,OVERB,49,0.012400805858966517
DS19,mc.mars_OVERB,mars,OVERB,50,0.011786614460594588
DS19,mc.mars_OVERTPhi,mars,OVERTPhi,1,0.04563151209371747
DS19,mc.mars_OVERTPhi,mars,OVERTPhi,2,0.01992444665186925
DS19,mc.mars_OVERTPhi,mars,OVERTPhi,3,0.03373102744143433
DS19,mc.mars_OVERTPhi,mars,OVERTPhi,4,0.04860076707183236
DS19,mc.mars_OVERTPhi,mars,OVERTPhi,5,0.03303571247058968
DS19,mc.mars_OVERTPhi,mars,OVERTPhi,6,0.019889285593201377
DS19,mc.mars_OVERTPhi,mars,OVERTPhi,7,0.02474185992175632
DS19,mc.mars_OVERTPhi,mars,OVERTPhi,8,0.029851111086557823
DS19,mc.mars_OVERTPhi,mars,OVERTPhi,9,0.025054379704852605
DS19,mc.mars_OVERTPhi,mars,OVERTPhi,10,0.024951323939741008
DS19,mc.mars_OVERTPhi,mars,OVERTPhi,11,0.022583164218125024
DS19,mc.mars_OVERTPhi,mars,OVERTPhi,12,0.02373271634784208
DS19,mc.mars_OVERTPhi,mars,OVERTPhi,13,0.026381561622773827
DS19,mc.mars_OVERTPhi,mars,OVERTPhi,14,0.02889196081439795
DS19,mc.mars_OVERTPhi,mars,OVERTPhi,15,0.028317538001926754
DS19,mc.mars_OVERTPhi,mars,OVERTPhi,16,0.027615096377705504
DS19,mc.mars_OVERTPhi,mars,OVERTPhi,17,0.02329892289240175
DS19,mc.mars_OVERTPhi,mars,OVERTPhi,18,0.028141013885183377
DS19,mc.mars_OVERTPhi,mars,OVERTPhi,19,0.02246411930260227
DS19,mc.mars_OVERTPhi,mars,OVERTPhi,20,0.022590398026481665
DS19,mc.mars_OVERTPhi,mars,OVERTPhi,21,0.0245582801372952
DS19,mc.mars_OVERTPhi,mars,OVERTPhi,22,0.017658518144749787
DS19,mc.mars_OVERTPhi,mars,OVERTPhi,23,0.023655019712301748
DS19,mc.mars_OVERTPhi,mars,OVERTPhi,24,0.019613015399067797
DS19,mc.mars_OVERTPhi,mars,OVERTPhi,25,0.027623183654899724
DS19,mc.mars_OVERTPhi,mars,OVERTPhi,26,0.029459259390685225
DS19,mc.mars_OVERTPhi,mars,OVERTPhi,27,0.019813973115614145
DS19,mc.mars_OVERTPhi,mars,OVERTPhi,28,0.02096389007878131
DS19,mc.mars_OVERTPhi,mars,OVERTPhi,29,0.01872733147007442
DS19,mc.mars_OVERTPhi,mars,OVERTPhi,30,0.013279059384101935
DS19,mc.mars_OVERTPhi,mars,OVERTPhi,31,0.013689985946275846
DS19,mc.mars_OVERTPhi,mars,OVERTPhi,32,0.012540191298914791
DS19,mc.mars_OVERTPhi,mars,OVERTPhi,33,0.01248587739972276
DS19,mc.mars_OVERTPhi,mars,OVERTPhi,34,0.012165828637116835
DS19,mc.mars_OVERTPhi,mars,OVERTPhi,35,0.011779113723029798
DS19,mc.mars_OVERTPhi,mars,OVERTPhi,36,0.01331331997331272
DS19,mc.mars_OVERTPhi,mars,OVERTPhi,37,0.014633022971878577
DS19,mc.mars_OVERTPhi,mars,OVERTPhi,38,0.014661704597385295
DS19,mc.mars_OVERTPhi,mars,OVERTPhi,39,0.014508724729100255
DS19,mc.mars_OVERTPhi,mars,OVERTPhi,40,0.013040854464707574
DS19,mc.mars_OVERTPhi,mars,OVERTPhi,41,0.014690738323418709
DS19,mc.mars_OVERTPhi,mars,OVERTPhi,42,0.012380790776139553
DS19,mc.mars_OVERTPhi,mars,OVERTPhi,43,0.012595207079067154
DS19,mc.mars_OVERTPhi,mars,OVERTPhi,44,0.012638711020424263
DS19,mc.mars_OVERTPhi,mars,OVERTPhi,45,0.012785142914356038
DS19,mc.mars_OVERTPhi,mars,OVERTPhi,46,0.01229987939768864
DS19,mc.mars_OVERTPhi,mars,OVERTPhi,47,0.01269585224321199
DS19,mc.mars_OVERTPhi,mars,OVERTPhi,48,0.011995911769387056
DS19,mc.mars_OVERTPhi,mars,OVERTPhi,49,0.011704152352749134
DS19,mc.mars_OVERTPhi,mars,OVERTPhi,50,0.012679658721124846
DS19,mc.mars_OVERT,mars,OVERT,1,0.019638019475641186
DS19,mc.mars_OVERT,mars,OVERT,2,0.019925287225898064
DS19,mc.mars_OVERT,mars,OVERT,3,0.03392421915483233
DS19,mc.mars_OVERT,mars,OVERT,4,0.04879595165964678
DS19,mc.mars_OVERT,mars,OVERT,5,0.020697290541575302
DS19,mc.mars_OVERT,mars,OVERT,6,0.01982196729053157
DS19,mc.mars_OVERT,mars,OVERT,7,0.02486197091479606
DS19,mc.mars_OVERT,mars,OVERT,8,0.021156515072629757
DS19,mc.mars_OVERT,mars,OVERT,9,0.024859793574603772
DS19,mc.mars_OVERT,mars,OVERT,10,0.023746192064343575
DS19,mc.mars_OVERT,mars,OVERT,11,0.021907451915733612
DS19,mc.mars_OVERT,mars,OVERT,12,0.023552257127905672
DS19,mc.mars_OVERT,mars,OVERT,13,0.027418297483903183
DS19,mc.mars_OVERT,mars,OVERT,14,0.028555975845179653
DS19,mc.mars_OVERT,mars,OVERT,15,0.0336499029609786
DS19,mc.mars_OVERT,mars,OVERT,16,0.033715629487895256
DS19,mc.mars_OVERT,mars,OVERT,17,0.023143483844104005
DS19,mc.mars_OVERT,mars,OVERT,18,0.028496753966514812
DS19,mc.mars_OVERT,mars,OVERT,19,0.02246708871248171
DS19,mc.mars_OVERT,mars,OVERT,20,0.023276804573625652
DS19,mc.mars_OVERT,mars,OVERT,21,0.0242928439035474
DS19,mc.mars_OVERT,mars,OVERT,22,0.02903750560374538
DS19,mc.mars_OVERT,mars,OVERT,23,0.021170742396059497
DS19,mc.mars_OVERT,mars,OVERT,24,0.019635746884215287
DS19,mc.mars_OVERT,mars,OVERT,25,0.03056979134471685
DS19,mc.mars_OVERT,mars,OVERT,26,0.028275793870922772
DS19,mc.mars_OVERT,mars,OVERT,27,0.019689545830934116
DS19,mc.mars_OVERT,mars,OVERT,28,0.020958827701259813
DS19,mc.mars_OVERT,mars,OVERT,29,0.019298911359786015
DS19,mc.mars_OVERT,mars,OVERT,30,0.013098777401807551
DS19,mc.mars_OVERT,mars,OVERT,31,0.01369705931690961
DS19,mc.mars_OVERT,mars,OVERT,32,0.012621509039240343
DS19,mc.mars_OVERT,mars,OVERT,33,0.014787188959168685
DS19,mc.mars_OVERT,mars,OVERT,34,0.012230164556994652
DS19,mc.mars_OVERT,mars,OVERT,35,0.011773503738372916
DS19,mc.mars_OVERT,mars,OVERT,36,0.012305963343772135
DS19,mc.mars_OVERT,mars,OVERT,37,0.014571417745474033
DS19,mc.mars_OVERT,mars,OVERT,38,0.015156680867891232
DS19,mc.mars_OVERT,mars,OVERT,39,0.014635887379480888
DS19,mc.mars_OVERT,mars,OVERT,40,0.012283058736577961
DS19,mc.mars_OVERT,mars,OVERT,41,0.014692874006602625
DS19,mc.mars_OVERT,mars,OVERT,42,0.012569842005407166
DS19,mc.mars_OVERT,mars,OVERT,43,0.012571185770604329
DS19,mc.mars_OVERT,mars,OVERT,44,0.012397584698402507
DS19,mc.mars_OVERT,mars,OVERT,45,0.013036765012724832
DS19,mc.mars_OVERT,mars,OVERT,46,0.012198200064598864
DS19,mc.mars_OVERT,mars,OVERT,47,0.01268676957686635
DS19,mc.mars_OVERT,mars,OVERT,48,0.01215541590727203
DS19,mc.mars_OVERT,mars,OVERT,49,0.011717772773731773
DS19,mc.mars_OVERT,mars,OVERT,50,0.012976853581140563
DS19,mc.mars_SMOTEB,mars,SMOTEB,1,0.02928271291095668
DS19,mc.mars_SMOTEB,mars,SMOTEB,2,0.026988052890713852
DS19,mc.mars_SMOTEB,mars,SMOTEB,3,0.03378038349609318
DS19,mc.mars_SMOTEB,mars,SMOTEB,4,0.02902930834055867
DS19,mc.mars_SMOTEB,mars,SMOTEB,5,0.028852353717220176
DS19,mc.mars_SMOTEB,mars,SMOTEB,6,0.025845594634643632
DS19,mc.mars_SMOTEB,mars,SMOTEB,7,0.02936034469813752
DS19,mc.mars_SMOTEB,mars,SMOTEB,8,0.02645233670372262
DS19,mc.mars_SMOTEB,mars,SMOTEB,9,0.02924555466368554
DS19,mc.mars_SMOTEB,mars,SMOTEB,10,0.036051485964567385
DS19,mc.mars_SMOTEB,mars,SMOTEB,11,0.033738007807369574
DS19,mc.mars_SMOTEB,mars,SMOTEB,12,0.036734398351942844
DS19,mc.mars_SMOTEB,mars,SMOTEB,13,0.03893528973443983
DS19,mc.mars_SMOTEB,mars,SMOTEB,14,0.04478714274035298
DS19,mc.mars_SMOTEB,mars,SMOTEB,15,0.03588827531458161
DS19,mc.mars_SMOTEB,mars,SMOTEB,16,0.03473641226352747
DS19,mc.mars_SMOTEB,mars,SMOTEB,17,0.041002800886187026
DS19,mc.mars_SMOTEB,mars,SMOTEB,18,0.03288861880800069
DS19,mc.mars_SMOTEB,mars,SMOTEB,19,0.038467128530101286
DS19,mc.mars_SMOTEB,mars,SMOTEB,20,0.025623725805334698
DS19,mc.mars_SMOTEB,mars,SMOTEB,21,0.048158178448957895
DS19,mc.mars_SMOTEB,mars,SMOTEB,22,0.04502744592260074
DS19,mc.mars_SMOTEB,mars,SMOTEB,23,0.060889484913391655
DS19,mc.mars_SMOTEB,mars,SMOTEB,24,0.026289367945414928
DS19,mc.mars_SMOTEB,mars,SMOTEB,25,0.03152260339439465
DS19,mc.mars_SMOTEB,mars,SMOTEB,26,0.030086197704676076
DS19,mc.mars_SMOTEB,mars,SMOTEB,27,0.02543585629100468
DS19,mc.mars_SMOTEB,mars,SMOTEB,28,0.030405027514204534
DS19,mc.mars_SMOTEB,mars,SMOTEB,29,0.02197541341032038
DS19,mc.mars_SMOTEB,mars,SMOTEB,30,0.022010944143297347
DS19,mc.mars_SMOTEB,mars,SMOTEB,31,0.0208007642140472
DS19,mc.mars_SMOTEB,mars,SMOTEB,32,0.021231067877960717
DS19,mc.mars_SMOTEB,mars,SMOTEB,33,0.018994794178197345
DS19,mc.mars_SMOTEB,mars,SMOTEB,34,0.02158874439687507
DS19,mc.mars_SMOTEB,mars,SMOTEB,35,0.025136281193349614
DS19,mc.mars_SMOTEB,mars,SMOTEB,36,0.02325585132586372
DS19,mc.mars_SMOTEB,mars,SMOTEB,37,0.023111747299936296
DS19,mc.mars_SMOTEB,mars,SMOTEB,38,0.024535356233535043
DS19,mc.mars_SMOTEB,mars,SMOTEB,39,0.02107999366587463
DS19,mc.mars_SMOTEB,mars,SMOTEB,40,0.018819082344227578
DS19,mc.mars_SMOTEB,mars,SMOTEB,41,0.018970990422999618
DS19,mc.mars_SMOTEB,mars,SMOTEB,42,0.017244159084853883
DS19,mc.mars_SMOTEB,mars,SMOTEB,43,0.01722186051345019
DS19,mc.mars_SMOTEB,mars,SMOTEB,44,0.018244237253731612
DS19,mc.mars_SMOTEB,mars,SMOTEB,45,0.018900776717025364
DS19,mc.mars_SMOTEB,mars,SMOTEB,46,0.016362687034111225
DS19,mc.mars_SMOTEB,mars,SMOTEB,47,0.01782690813610221
DS19,mc.mars_SMOTEB,mars,SMOTEB,48,0.021047638450561897
DS19,mc.mars_SMOTEB,mars,SMOTEB,49,0.01486381670227973
DS19,mc.mars_SMOTEB,mars,SMOTEB,50,0.018393370921518905
DS19,mc.mars_SMOTETPhi,mars,SMOTETPhi,1,0.06669177581844844
DS19,mc.mars_SMOTETPhi,mars,SMOTETPhi,2,0.03743379986559723
DS19,mc.mars_SMOTETPhi,mars,SMOTETPhi,3,0.03348215290729931
DS19,mc.mars_SMOTETPhi,mars,SMOTETPhi,4,0.029099025691922464
DS19,mc.mars_SMOTETPhi,mars,SMOTETPhi,5,0.03322431476842373
DS19,mc.mars_SMOTETPhi,mars,SMOTETPhi,6,0.03194895914072979
DS19,mc.mars_SMOTETPhi,mars,SMOTETPhi,7,0.029374267594617212
DS19,mc.mars_SMOTETPhi,mars,SMOTETPhi,8,0.051200660574654965
DS19,mc.mars_SMOTETPhi,mars,SMOTETPhi,9,0.05041206641909737
DS19,mc.mars_SMOTETPhi,mars,SMOTETPhi,10,0.03752082982363797
DS19,mc.mars_SMOTETPhi,mars,SMOTETPhi,11,0.04613306371672999
DS19,mc.mars_SMOTETPhi,mars,SMOTETPhi,12,0.046609202230087424
DS19,mc.mars_SMOTETPhi,mars,SMOTETPhi,13,0.041559953828703165
DS19,mc.mars_SMOTETPhi,mars,SMOTETPhi,14,0.03981457832864933
DS19,mc.mars_SMOTETPhi,mars,SMOTETPhi,15,0.04433589614972862
DS19,mc.mars_SMOTETPhi,mars,SMOTETPhi,16,0.047477800488855984
DS19,mc.mars_SMOTETPhi,mars,SMOTETPhi,17,0.05257769964846594
DS19,mc.mars_SMOTETPhi,mars,SMOTETPhi,18,0.036095248550658154
DS19,mc.mars_SMOTETPhi,mars,SMOTETPhi,19,0.07069571009987352
DS19,mc.mars_SMOTETPhi,mars,SMOTETPhi,20,0.0270956077897394
DS19,mc.mars_SMOTETPhi,mars,SMOTETPhi,21,0.0222845463478039
DS19,mc.mars_SMOTETPhi,mars,SMOTETPhi,22,0.026621899009117777
DS19,mc.mars_SMOTETPhi,mars,SMOTETPhi,23,0.03457000434830327
DS19,mc.mars_SMOTETPhi,mars,SMOTETPhi,24,0.030773063226306133
DS19,mc.mars_SMOTETPhi,mars,SMOTETPhi,25,0.03367460680479499
DS19,mc.mars_SMOTETPhi,mars,SMOTETPhi,26,0.028189033001343056
DS19,mc.mars_SMOTETPhi,mars,SMOTETPhi,27,0.02479909028775773
DS19,mc.mars_SMOTETPhi,mars,SMOTETPhi,28,0.025363420206483234
DS19,mc.mars_SMOTETPhi,mars,SMOTETPhi,29,0.027595739243728424
DS19,mc.mars_SMOTETPhi,mars,SMOTETPhi,30,0.02591379089893901
DS19,mc.mars_SMOTETPhi,mars,SMOTETPhi,31,0.020197538697845158
DS19,mc.mars_SMOTETPhi,mars,SMOTETPhi,32,0.024894952688341722
DS19,mc.mars_SMOTETPhi,mars,SMOTETPhi,33,0.020505286120323592
DS19,mc.mars_SMOTETPhi,mars,SMOTETPhi,34,0.02156926872921314
DS19,mc.mars_SMOTETPhi,mars,SMOTETPhi,35,0.021658749137502955
DS19,mc.mars_SMOTETPhi,mars,SMOTETPhi,36,0.020462913274914535
DS19,mc.mars_SMOTETPhi,mars,SMOTETPhi,37,0.021236194859064386
DS19,mc.mars_SMOTETPhi,mars,SMOTETPhi,38,0.02362034349695641
DS19,mc.mars_SMOTETPhi,mars,SMOTETPhi,39,0.022308115371049753
DS19,mc.mars_SMOTETPhi,mars,SMOTETPhi,40,0.025997441797017913
DS19,mc.mars_SMOTETPhi,mars,SMOTETPhi,41,0.026051080756469974
DS19,mc.mars_SMOTETPhi,mars,SMOTETPhi,42,0.01841271446901906
DS19,mc.mars_SMOTETPhi,mars,SMOTETPhi,43,0.020478476722490802
DS19,mc.mars_SMOTETPhi,mars,SMOTETPhi,44,0.026646312036422915
DS19,mc.mars_SMOTETPhi,mars,SMOTETPhi,45,0.01777534823297453
DS19,mc.mars_SMOTETPhi,mars,SMOTETPhi,46,0.021365471761555836
DS19,mc.mars_SMOTETPhi,mars,SMOTETPhi,47,0.01890885718695477
DS19,mc.mars_SMOTETPhi,mars,SMOTETPhi,48,0.017170104538142675
DS19,mc.mars_SMOTETPhi,mars,SMOTETPhi,49,0.018684393807986362
DS19,mc.mars_SMOTETPhi,mars,SMOTETPhi,50,0.017520876317847614
DS19,mc.mars_SMOTET,mars,SMOTET,1,0.03214471560460413
DS19,mc.mars_SMOTET,mars,SMOTET,2,0.04226576549015308
DS19,mc.mars_SMOTET,mars,SMOTET,3,0.02631778801284409
DS19,mc.mars_SMOTET,mars,SMOTET,4,0.02532711466917429
DS19,mc.mars_SMOTET,mars,SMOTET,5,0.02631101569513743
DS19,mc.mars_SMOTET,mars,SMOTET,6,0.02912305664911364
DS19,mc.mars_SMOTET,mars,SMOTET,7,0.02431208675245961
DS19,mc.mars_SMOTET,mars,SMOTET,8,0.03483687610031166
DS19,mc.mars_SMOTET,mars,SMOTET,9,0.04866257909316873
DS19,mc.mars_SMOTET,mars,SMOTET,10,0.03371034960299494
DS19,mc.mars_SMOTET,mars,SMOTET,11,0.04947431485955062
DS19,mc.mars_SMOTET,mars,SMOTET,12,0.05353234986307239
DS19,mc.mars_SMOTET,mars,SMOTET,13,0.033621733606485175
DS19,mc.mars_SMOTET,mars,SMOTET,14,0.03166972159807882
DS19,mc.mars_SMOTET,mars,SMOTET,15,0.03267689805142006
DS19,mc.mars_SMOTET,mars,SMOTET,16,0.028213286295868945
DS19,mc.mars_SMOTET,mars,SMOTET,17,0.040408508372066144
DS19,mc.mars_SMOTET,mars,SMOTET,18,0.03637500802249708
DS19,mc.mars_SMOTET,mars,SMOTET,19,0.03568483362234773
DS19,mc.mars_SMOTET,mars,SMOTET,20,0.035353417128332815
DS19,mc.mars_SMOTET,mars,SMOTET,21,0.027918053722097425
DS19,mc.mars_SMOTET,mars,SMOTET,22,0.04191335845350379
DS19,mc.mars_SMOTET,mars,SMOTET,23,0.037713104349118835
DS19,mc.mars_SMOTET,mars,SMOTET,24,0.04337413850038003
DS19,mc.mars_SMOTET,mars,SMOTET,25,0.029630232471600737
DS19,mc.mars_SMOTET,mars,SMOTET,26,0.031077097999078332
DS19,mc.mars_SMOTET,mars,SMOTET,27,0.026184992868559256
DS19,mc.mars_SMOTET,mars,SMOTET,28,0.025256341697013667
DS19,mc.mars_SMOTET,mars,SMOTET,29,0.0217041583450647
DS19,mc.mars_SMOTET,mars,SMOTET,30,0.02097423303711964
DS19,mc.mars_SMOTET,mars,SMOTET,31,0.022517293710524248
DS19,mc.mars_SMOTET,mars,SMOTET,32,0.02239101534047916
DS19,mc.mars_SMOTET,mars,SMOTET,33,0.01962735026611959
DS19,mc.mars_SMOTET,mars,SMOTET,34,0.024846208069393538
DS19,mc.mars_SMOTET,mars,SMOTET,35,0.018384774093659323
DS19,mc.mars_SMOTET,mars,SMOTET,36,0.02144844497588997
DS19,mc.mars_SMOTET,mars,SMOTET,37,0.021886094499625173
DS19,mc.mars_SMOTET,mars,SMOTET,38,0.022286830022359462
DS19,mc.mars_SMOTET,mars,SMOTET,39,0.020158589230926185
DS19,mc.mars_SMOTET,mars,SMOTET,40,0.021334990868314196
DS19,mc.mars_SMOTET,mars,SMOTET,41,0.021156018126230955
DS19,mc.mars_SMOTET,mars,SMOTET,42,0.018999278946705868
DS19,mc.mars_SMOTET,mars,SMOTET,43,0.01684138118295237
DS19,mc.mars_SMOTET,mars,SMOTET,44,0.017263768606084747
DS19,mc.mars_SMOTET,mars,SMOTET,45,0.019312093750338648
DS19,mc.mars_SMOTET,mars,SMOTET,46,0.015446564811846706
DS19,mc.mars_SMOTET,mars,SMOTET,47,0.016583390257615772
DS19,mc.mars_SMOTET,mars,SMOTET,48,0.01950109837248179
DS19,mc.mars_SMOTET,mars,SMOTET,49,0.01594015981841105
DS19,mc.mars_SMOTET,mars,SMOTET,50,0.02047122920974574
DS19,mc.mars_UNDERB,mars,UNDERB,1,0.020117891811531334
DS19,mc.mars_UNDERB,mars,UNDERB,2,0.02344375653285358
DS19,mc.mars_UNDERB,mars,UNDERB,3,0.016159270281353263
DS19,mc.mars_UNDERB,mars,UNDERB,4,0.019037828741678742
DS19,mc.mars_UNDERB,mars,UNDERB,5,0.01961786934148435
DS19,mc.mars_UNDERB,mars,UNDERB,6,0.01818253794373144
DS19,mc.mars_UNDERB,mars,UNDERB,7,0.01793420229792279
DS19,mc.mars_UNDERB,mars,UNDERB,8,0.016925135062977013
DS19,mc.mars_UNDERB,mars,UNDERB,9,0.014234123522506005
DS19,mc.mars_UNDERB,mars,UNDERB,10,0.01712093531927617
DS19,mc.mars_UNDERB,mars,UNDERB,11,0.01438916370562109
DS19,mc.mars_UNDERB,mars,UNDERB,12,0.014393891552885014
DS19,mc.mars_UNDERB,mars,UNDERB,13,0.014392106317465377
DS19,mc.mars_UNDERB,mars,UNDERB,14,0.014566123674903276
DS19,mc.mars_UNDERB,mars,UNDERB,15,0.0144811466760658
DS19,mc.mars_UNDERB,mars,UNDERB,16,0.014484194370185015
DS19,mc.mars_UNDERB,mars,UNDERB,17,0.014645741513814838
DS19,mc.mars_UNDERB,mars,UNDERB,18,0.01443887000822251
DS19,mc.mars_UNDERB,mars,UNDERB,19,0.014339231107683082
DS19,mc.mars_UNDERB,mars,UNDERB,20,0.018082759457503553
DS19,mc.mars_UNDERB,mars,UNDERB,21,0.01865873220779157
DS19,mc.mars_UNDERB,mars,UNDERB,22,0.018856284939022885
DS19,mc.mars_UNDERB,mars,UNDERB,23,0.018866693747913436
DS19,mc.mars_UNDERB,mars,UNDERB,24,0.019833607662131186
DS19,mc.mars_UNDERB,mars,UNDERB,25,0.012540665160947938
DS19,mc.mars_UNDERB,mars,UNDERB,26,0.012260996793299726
DS19,mc.mars_UNDERB,mars,UNDERB,27,0.012646355383787592
DS19,mc.mars_UNDERB,mars,UNDERB,28,0.011900018962447485
DS19,mc.mars_UNDERB,mars,UNDERB,29,0.011845516287577412
DS19,mc.mars_UNDERB,mars,UNDERB,30,0.010958228343520258
DS19,mc.mars_UNDERB,mars,UNDERB,31,0.01153093263728726
DS19,mc.mars_UNDERB,mars,UNDERB,32,0.01178009545502808
DS19,mc.mars_UNDERB,mars,UNDERB,33,0.010880385623288488
DS19,mc.mars_UNDERB,mars,UNDERB,34,0.0116047972654922
DS19,mc.mars_UNDERB,mars,UNDERB,35,0.010551009492173528
DS19,mc.mars_UNDERB,mars,UNDERB,36,0.012432917621582598
DS19,mc.mars_UNDERB,mars,UNDERB,37,0.010820322577320629
DS19,mc.mars_UNDERB,mars,UNDERB,38,0.012043378674773664
DS19,mc.mars_UNDERB,mars,UNDERB,39,0.013140039065665809
DS19,mc.mars_UNDERB,mars,UNDERB,40,0.012817649986823372
DS19,mc.mars_UNDERB,mars,UNDERB,41,0.013045479088608378
DS19,mc.mars_UNDERB,mars,UNDERB,42,0.009834504855451523
DS19,mc.mars_UNDERB,mars,UNDERB,43,0.010673984294079158
DS19,mc.mars_UNDERB,mars,UNDERB,44,0.017384870920945844
DS19,mc.mars_UNDERB,mars,UNDERB,45,0.009986269827373745
DS19,mc.mars_UNDERB,mars,UNDERB,46,0.009909911882893866
DS19,mc.mars_UNDERB,mars,UNDERB,47,0.009445599734992191
DS19,mc.mars_UNDERB,mars,UNDERB,48,0.009882236727274733
DS19,mc.mars_UNDERB,mars,UNDERB,49,0.00958372371763734
DS19,mc.mars_UNDERB,mars,UNDERB,50,0.010555369018753213
DS19,mc.mars_UNDERTPhi,mars,UNDERTPhi,1,0.014126863017969277
DS19,mc.mars_UNDERTPhi,mars,UNDERTPhi,2,0.017866990811092397
DS19,mc.mars_UNDERTPhi,mars,UNDERTPhi,3,0.01740268910039881
DS19,mc.mars_UNDERTPhi,mars,UNDERTPhi,4,0.018705741720145084
DS19,mc.mars_UNDERTPhi,mars,UNDERTPhi,5,0.030996341172575652
DS19,mc.mars_UNDERTPhi,mars,UNDERTPhi,6,0.02144131704409532
DS19,mc.mars_UNDERTPhi,mars,UNDERTPhi,7,0.014131699673957462
DS19,mc.mars_UNDERTPhi,mars,UNDERTPhi,8,0.020095122754622607
DS19,mc.mars_UNDERTPhi,mars,UNDERTPhi,9,0.017709411179935165
DS19,mc.mars_UNDERTPhi,mars,UNDERTPhi,10,0.019352759216876313
DS19,mc.mars_UNDERTPhi,mars,UNDERTPhi,11,0.01963901404138551
DS19,mc.mars_UNDERTPhi,mars,UNDERTPhi,12,0.02105111698389538
DS19,mc.mars_UNDERTPhi,mars,UNDERTPhi,13,0.014564048258855737
DS19,mc.mars_UNDERTPhi,mars,UNDERTPhi,14,0.014384118603146192
DS19,mc.mars_UNDERTPhi,mars,UNDERTPhi,15,0.01443158714232506
DS19,mc.mars_UNDERTPhi,mars,UNDERTPhi,16,0.017849475384532736
DS19,mc.mars_UNDERTPhi,mars,UNDERTPhi,17,0.014355532180909689
DS19,mc.mars_UNDERTPhi,mars,UNDERTPhi,18,0.015128701187837015
DS19,mc.mars_UNDERTPhi,mars,UNDERTPhi,19,0.01502328340065333
DS19,mc.mars_UNDERTPhi,mars,UNDERTPhi,20,0.024173744651138095
DS19,mc.mars_UNDERTPhi,mars,UNDERTPhi,21,0.02381836954969888
DS19,mc.mars_UNDERTPhi,mars,UNDERTPhi,22,0.02350697895321261
DS19,mc.mars_UNDERTPhi,mars,UNDERTPhi,23,0.027418753302000144
DS19,mc.mars_UNDERTPhi,mars,UNDERTPhi,24,0.025851054546579422
DS19,mc.mars_UNDERTPhi,mars,UNDERTPhi,25,0.012293632354869207
DS19,mc.mars_UNDERTPhi,mars,UNDERTPhi,26,0.012117165085466773
DS19,mc.mars_UNDERTPhi,mars,UNDERTPhi,27,0.01296620149422136
DS19,mc.mars_UNDERTPhi,mars,UNDERTPhi,28,0.012339674813180043
DS19,mc.mars_UNDERTPhi,mars,UNDERTPhi,29,0.013977010549407995
DS19,mc.mars_UNDERTPhi,mars,UNDERTPhi,30,0.012486897025879823
DS19,mc.mars_UNDERTPhi,mars,UNDERTPhi,31,0.011341970297003566
DS19,mc.mars_UNDERTPhi,mars,UNDERTPhi,32,0.011635756441743887
DS19,mc.mars_UNDERTPhi,mars,UNDERTPhi,33,0.012043281719373751
DS19,mc.mars_UNDERTPhi,mars,UNDERTPhi,34,0.014157509142610259
DS19,mc.mars_UNDERTPhi,mars,UNDERTPhi,35,0.010566870780261528
DS19,mc.mars_UNDERTPhi,mars,UNDERTPhi,36,0.012762418457103571
DS19,mc.mars_UNDERTPhi,mars,UNDERTPhi,37,0.011512618422720208
DS19,mc.mars_UNDERTPhi,mars,UNDERTPhi,38,0.014628077047761897
DS19,mc.mars_UNDERTPhi,mars,UNDERTPhi,39,0.011463361294368233
DS19,mc.mars_UNDERTPhi,mars,UNDERTPhi,40,0.012802793221662176
DS19,mc.mars_UNDERTPhi,mars,UNDERTPhi,41,0.010891800719034186
DS19,mc.mars_UNDERTPhi,mars,UNDERTPhi,42,0.011142282964479078
DS19,mc.mars_UNDERTPhi,mars,UNDERTPhi,43,0.00971313867844543
DS19,mc.mars_UNDERTPhi,mars,UNDERTPhi,44,0.010515616971333719
DS19,mc.mars_UNDERTPhi,mars,UNDERTPhi,45,0.010188256835151196
DS19,mc.mars_UNDERTPhi,mars,UNDERTPhi,46,0.009666665220026719
DS19,mc.mars_UNDERTPhi,mars,UNDERTPhi,47,0.009633207958350447
DS19,mc.mars_UNDERTPhi,mars,UNDERTPhi,48,0.010595164906826505
DS19,mc.mars_UNDERTPhi,mars,UNDERTPhi,49,0.010832068524626913
DS19,mc.mars_UNDERTPhi,mars,UNDERTPhi,50,0.009687777326533642
DS19,mc.mars_UNDERT,mars,UNDERT,1,0.02305002973571945
DS19,mc.mars_UNDERT,mars,UNDERT,2,0.02038383544448288
DS19,mc.mars_UNDERT,mars,UNDERT,3,0.021624778409100213
DS19,mc.mars_UNDERT,mars,UNDERT,4,0.022018320290886226
DS19,mc.mars_UNDERT,mars,UNDERT,5,0.018501626940890307
DS19,mc.mars_UNDERT,mars,UNDERT,6,0.030942984281559685
DS19,mc.mars_UNDERT,mars,UNDERT,7,0.01908612332582195
DS19,mc.mars_UNDERT,mars,UNDERT,8,0.018325109314457785
DS19,mc.mars_UNDERT,mars,UNDERT,9,0.017124066723611137
DS19,mc.mars_UNDERT,mars,UNDERT,10,0.01885619413689606
DS19,mc.mars_UNDERT,mars,UNDERT,11,0.014378655880759686
DS19,mc.mars_UNDERT,mars,UNDERT,12,0.014584164890529244
DS19,mc.mars_UNDERT,mars,UNDERT,13,0.014390492532872475
DS19,mc.mars_UNDERT,mars,UNDERT,14,0.014510902378677446
DS19,mc.mars_UNDERT,mars,UNDERT,15,0.02516081495485652
DS19,mc.mars_UNDERT,mars,UNDERT,16,0.014544355572578035
DS19,mc.mars_UNDERT,mars,UNDERT,17,0.01452502955766348
DS19,mc.mars_UNDERT,mars,UNDERT,18,0.017761139154618674
DS19,mc.mars_UNDERT,mars,UNDERT,19,0.018479483244316423
DS19,mc.mars_UNDERT,mars,UNDERT,20,0.018134139973087243
DS19,mc.mars_UNDERT,mars,UNDERT,21,0.019525670051216408
DS19,mc.mars_UNDERT,mars,UNDERT,22,0.019006674945649938
DS19,mc.mars_UNDERT,mars,UNDERT,23,0.02038164067408354
DS19,mc.mars_UNDERT,mars,UNDERT,24,0.018645415164221305
DS19,mc.mars_UNDERT,mars,UNDERT,25,0.012195176684237093
DS19,mc.mars_UNDERT,mars,UNDERT,26,0.012276690819981504
DS19,mc.mars_UNDERT,mars,UNDERT,27,0.012772266064838049
DS19,mc.mars_UNDERT,mars,UNDERT,28,0.012825227684921336
DS19,mc.mars_UNDERT,mars,UNDERT,29,0.014000403205467107
DS19,mc.mars_UNDERT,mars,UNDERT,30,0.012524122127464352
DS19,mc.mars_UNDERT,mars,UNDERT,31,0.011855705516909823
DS19,mc.mars_UNDERT,mars,UNDERT,32,0.013737686165484259
DS19,mc.mars_UNDERT,mars,UNDERT,33,0.014965037312632936
DS19,mc.mars_UNDERT,mars,UNDERT,34,0.012501128321506653
DS19,mc.mars_UNDERT,mars,UNDERT,35,0.013098213357739346
DS19,mc.mars_UNDERT,mars,UNDERT,36,0.011590005359749841
DS19,mc.mars_UNDERT,mars,UNDERT,37,0.011948741096524758
DS19,mc.mars_UNDERT,mars,UNDERT,38,0.013738664707453262
DS19,mc.mars_UNDERT,mars,UNDERT,39,0.011916566609166662
DS19,mc.mars_UNDERT,mars,UNDERT,40,0.011441283769575764
DS19,mc.mars_UNDERT,mars,UNDERT,41,0.01093489267771988
DS19,mc.mars_UNDERT,mars,UNDERT,42,0.012710375731584256
DS19,mc.mars_UNDERT,mars,UNDERT,43,0.01220584295524496
DS19,mc.mars_UNDERT,mars,UNDERT,44,0.012732316874779145
DS19,mc.mars_UNDERT,mars,UNDERT,45,0.010280407321250129
DS19,mc.mars_UNDERT,mars,UNDERT,46,0.010291904053792213
DS19,mc.mars_UNDERT,mars,UNDERT,47,0.009346233904515638
DS19,mc.mars_UNDERT,mars,UNDERT,48,0.009234874963866211
DS19,mc.mars_UNDERT,mars,UNDERT,49,0.009865172550284669
DS19,mc.mars_UNDERT,mars,UNDERT,50,0.010399982856158048
DS19,mc.mars,mars,baseline,1,0.01897835241936214
DS19,mc.mars,mars,baseline,2,0.015323008748468406
DS19,mc.mars,mars,baseline,3,0.015311400549800725
DS19,mc.mars,mars,baseline,4,0.018786855491318165
DS19,mc.mars,mars,baseline,5,0.018782971891455703
DS19,mc.mars,mars,baseline,6,0.017632935938025746
DS19,mc.mars,mars,baseline,7,0.017084576426413915
DS19,mc.mars,mars,baseline,8,0.01969564611862013
DS19,mc.mars,mars,baseline,9,0.01686080107160544
DS19,mc.mars,mars,baseline,10,0.016006632977392573
DS19,mc.mars,mars,baseline,11,0.0197643470327599
DS19,mc.mars,mars,baseline,12,0.02157852320853852
DS19,mc.mars,mars,baseline,13,0.020560989357147303
DS19,mc.mars,mars,baseline,14,0.01682513902662262
DS19,mc.mars,mars,baseline,15,0.016854717525830287
DS19,mc.mars,mars,baseline,16,0.01686947483087892
DS19,mc.mars,mars,baseline,17,0.016803316101777807
DS19,mc.mars,mars,baseline,18,0.01660839700470221
DS19,mc.mars,mars,baseline,19,0.016556946416403935
DS19,mc.mars,mars,baseline,20,0.014638091498660688
DS19,mc.mars,mars,baseline,21,0.01426609197037425
DS19,mc.mars,mars,baseline,22,0.014190743556062339
DS19,mc.mars,mars,baseline,23,0.01566284156017182
DS19,mc.mars,mars,baseline,24,0.015626033670372356
DS19,mc.mars,mars,baseline,25,0.013929629422897135
DS19,mc.mars,mars,baseline,26,0.017350002185465615
DS19,mc.mars,mars,baseline,27,0.013729568475522291
DS19,mc.mars,mars,baseline,28,0.012181897559853504
DS19,mc.mars,mars,baseline,29,0.013864077885560511
DS19,mc.mars,mars,baseline,30,0.011156039584039679
DS19,mc.mars,mars,baseline,31,0.011404598419086009
DS19,mc.mars,mars,baseline,32,0.011091260706236094
DS19,mc.mars,mars,baseline,33,0.01104909246088474
DS19,mc.mars,mars,baseline,34,0.010972175423386181
DS19,mc.mars,mars,baseline,35,0.010677630095318158
DS19,mc.mars,mars,baseline,36,0.010683414102602493
DS19,mc.mars,mars,baseline,37,0.010710505393382428
DS19,mc.mars,mars,baseline,38,0.01055051538283569
DS19,mc.mars,mars,baseline,39,0.010529028648878013
DS19,mc.mars,mars,baseline,40,0.010890959622153548
DS19,mc.mars,mars,baseline,41,0.010928678222550918
DS19,mc.mars,mars,baseline,42,0.010397818454738682
DS19,mc.mars,mars,baseline,43,0.01047896844249439
DS19,mc.mars,mars,baseline,44,0.010153097632412308
DS19,mc.mars,mars,baseline,45,0.010117930901042134
DS19,mc.mars,mars,baseline,46,0.009858138173973541
DS19,mc.mars,mars,baseline,47,0.009915175410398196
DS19,mc.mars,mars,baseline,48,0.009635060810702775
DS19,mc.mars,mars,baseline,49,0.009914618228382367
DS19,mc.mars,mars,baseline,50,0.009691371987335207
DS19,mc.rf_OVERB,rf,OVERB,1,0.016188322069230637
DS19,mc.rf_OVERB,rf,OVERB,2,0.015857465329430415
DS19,mc.rf_OVERB,rf,OVERB,3,0.015390596488192106
DS19,mc.rf_OVERB,rf,OVERB,4,0.015280133407245404
DS19,mc.rf_OVERB,rf,OVERB,5,0.015549527608911514
DS19,mc.rf_OVERB,rf,OVERB,6,0.01456374438740672
DS19,mc.rf_OVERB,rf,OVERB,7,0.015127350587764201
DS19,mc.rf_OVERB,rf,OVERB,8,0.015074512647197932
DS19,mc.rf_OVERB,rf,OVERB,9,0.014954538178941617
DS19,mc.rf_OVERB,rf,OVERB,10,0.015494399431417727
DS19,mc.rf_OVERB,rf,OVERB,11,0.015109973377562258
DS19,mc.rf_OVERB,rf,OVERB,12,0.01522580421233633
DS19,mc.rf_OVERB,rf,OVERB,13,0.015434045466698212
DS19,mc.rf_OVERB,rf,OVERB,14,0.014899714143308509
DS19,mc.rf_OVERB,rf,OVERB,15,0.015145809710911527
DS19,mc.rf_OVERB,rf,OVERB,16,0.015003230604465312
DS19,mc.rf_OVERB,rf,OVERB,17,0.015419003996612902
DS19,mc.rf_OVERB,rf,OVERB,18,0.015553749068523692
DS19,mc.rf_OVERB,rf,OVERB,19,0.014907940416405788
DS19,mc.rf_OVERB,rf,OVERB,20,0.014657323013349734
DS19,mc.rf_OVERB,rf,OVERB,21,0.01458621077083031
DS19,mc.rf_OVERB,rf,OVERB,22,0.014172231336403357
DS19,mc.rf_OVERB,rf,OVERB,23,0.014093317117030024
DS19,mc.rf_OVERB,rf,OVERB,24,0.013910435897062114
DS19,mc.rf_OVERB,rf,OVERB,25,0.015108430320598765
DS19,mc.rf_OVERB,rf,OVERB,26,0.014942940571260064
DS19,mc.rf_OVERB,rf,OVERB,27,0.013063834375892392
DS19,mc.rf_OVERB,rf,OVERB,28,0.013409903637395325
DS19,mc.rf_OVERB,rf,OVERB,29,0.013014695367179039
DS19,mc.rf_OVERB,rf,OVERB,30,0.01149299338877156
DS19,mc.rf_OVERB,rf,OVERB,31,0.011593835745226936
DS19,mc.rf_OVERB,rf,OVERB,32,0.011522912905083534
DS19,mc.rf_OVERB,rf,OVERB,33,0.01153913611641782
DS19,mc.rf_OVERB,rf,OVERB,34,0.011335927295778689
DS19,mc.rf_OVERB,rf,OVERB,35,0.011640891001275423
DS19,mc.rf_OVERB,rf,OVERB,36,0.01141640197177119
DS19,mc.rf_OVERB,rf,OVERB,37,0.011329476939917232
DS19,mc.rf_OVERB,rf,OVERB,38,0.011235941812259112
DS19,mc.rf_OVERB,rf,OVERB,39,0.011293058529365164
DS19,mc.rf_OVERB,rf,OVERB,40,0.010979240040166392
DS19,mc.rf_OVERB,rf,OVERB,41,0.011172979925449371
DS19,mc.rf_OVERB,rf,OVERB,42,0.010135651569831152
DS19,mc.rf_OVERB,rf,OVERB,43,0.009817783933393326
DS19,mc.rf_OVERB,rf,OVERB,44,0.009717333937491928
DS19,mc.rf_OVERB,rf,OVERB,45,0.009761445450220554
DS19,mc.rf_OVERB,rf,OVERB,46,0.009770622206906722
DS19,mc.rf_OVERB,rf,OVERB,47,0.010318092497090064
DS19,mc.rf_OVERB,rf,OVERB,48,0.009875883578380285
DS19,mc.rf_OVERB,rf,OVERB,49,0.009767984636754405
DS19,mc.rf_OVERB,rf,OVERB,50,0.009675613288580723
DS19,mc.rf_OVERTPhi,rf,OVERTPhi,1,0.01561596883238802
DS19,mc.rf_OVERTPhi,rf,OVERTPhi,2,0.015118909277656946
DS19,mc.rf_OVERTPhi,rf,OVERTPhi,3,0.015342817739793346
DS19,mc.rf_OVERTPhi,rf,OVERTPhi,4,0.015137546830680783
DS19,mc.rf_OVERTPhi,rf,OVERTPhi,5,0.01532465479757946
DS19,mc.rf_OVERTPhi,rf,OVERTPhi,6,0.015011938738529455
DS19,mc.rf_OVERTPhi,rf,OVERTPhi,7,0.015558545034637735
DS19,mc.rf_OVERTPhi,rf,OVERTPhi,8,0.01524998577807624
DS19,mc.rf_OVERTPhi,rf,OVERTPhi,9,0.015266383345516133
DS19,mc.rf_OVERTPhi,rf,OVERTPhi,10,0.015618179771848465
DS19,mc.rf_OVERTPhi,rf,OVERTPhi,11,0.014860344682451654
DS19,mc.rf_OVERTPhi,rf,OVERTPhi,12,0.015528776709614178
DS19,mc.rf_OVERTPhi,rf,OVERTPhi,13,0.01509761478370448
DS19,mc.rf_OVERTPhi,rf,OVERTPhi,14,0.015353722849808646
DS19,mc.rf_OVERTPhi,rf,OVERTPhi,15,0.0152872431850986
DS19,mc.rf_OVERTPhi,rf,OVERTPhi,16,0.014884129310460188
DS19,mc.rf_OVERTPhi,rf,OVERTPhi,17,0.015239717193161096
DS19,mc.rf_OVERTPhi,rf,OVERTPhi,18,0.01508836880448424
DS19,mc.rf_OVERTPhi,rf,OVERTPhi,19,0.015005800168907613
DS19,mc.rf_OVERTPhi,rf,OVERTPhi,20,0.014429359172893482
DS19,mc.rf_OVERTPhi,rf,OVERTPhi,21,0.014574091587966298
DS19,mc.rf_OVERTPhi,rf,OVERTPhi,22,0.014242385796937367
DS19,mc.rf_OVERTPhi,rf,OVERTPhi,23,0.014088292049808441
DS19,mc.rf_OVERTPhi,rf,OVERTPhi,24,0.01389545121427412
DS19,mc.rf_OVERTPhi,rf,OVERTPhi,25,0.015040627819940068
DS19,mc.rf_OVERTPhi,rf,OVERTPhi,26,0.01533694886141533
DS19,mc.rf_OVERTPhi,rf,OVERTPhi,27,0.013145975276846992
DS19,mc.rf_OVERTPhi,rf,OVERTPhi,28,0.01320319203841248
DS19,mc.rf_OVERTPhi,rf,OVERTPhi,29,0.013236440553531154
DS19,mc.rf_OVERTPhi,rf,OVERTPhi,30,0.011884269947101204
DS19,mc.rf_OVERTPhi,rf,OVERTPhi,31,0.011800757663384379
DS19,mc.rf_OVERTPhi,rf,OVERTPhi,32,0.012096276268029432
DS19,mc.rf_OVERTPhi,rf,OVERTPhi,33,0.011619742290752407
DS19,mc.rf_OVERTPhi,rf,OVERTPhi,34,0.011506308939269797
DS19,mc.rf_OVERTPhi,rf,OVERTPhi,35,0.011497813738727384
DS19,mc.rf_OVERTPhi,rf,OVERTPhi,36,0.011760139379290513
DS19,mc.rf_OVERTPhi,rf,OVERTPhi,37,0.011463553112160123
DS19,mc.rf_OVERTPhi,rf,OVERTPhi,38,0.011436428810495967
DS19,mc.rf_OVERTPhi,rf,OVERTPhi,39,0.011531719392139832
DS19,mc.rf_OVERTPhi,rf,OVERTPhi,40,0.011427696049385783
DS19,mc.rf_OVERTPhi,rf,OVERTPhi,41,0.011274963754159276
DS19,mc.rf_OVERTPhi,rf,OVERTPhi,42,0.009860471357984343
DS19,mc.rf_OVERTPhi,rf,OVERTPhi,43,0.009642009487327942
DS19,mc.rf_OVERTPhi,rf,OVERTPhi,44,0.009404497681002346
DS19,mc.rf_OVERTPhi,rf,OVERTPhi,45,0.009674466234780443
DS19,mc.rf_OVERTPhi,rf,OVERTPhi,46,0.00939435289006293
DS19,mc.rf_OVERTPhi,rf,OVERTPhi,47,0.009743139707922215
DS19,mc.rf_OVERTPhi,rf,OVERTPhi,48,0.009557885206947222
DS19,mc.rf_OVERTPhi,rf,OVERTPhi,49,0.009592480743961245
DS19,mc.rf_OVERTPhi,rf,OVERTPhi,50,0.00963272810216892
DS19,mc.rf_OVERT,rf,OVERT,1,0.015521947951689652
DS19,mc.rf_OVERT,rf,OVERT,2,0.015137281650658922
DS19,mc.rf_OVERT,rf,OVERT,3,0.015336405604733937
DS19,mc.rf_OVERT,rf,OVERT,4,0.015296327497848773
DS19,mc.rf_OVERT,rf,OVERT,5,0.015418102660106986
DS19,mc.rf_OVERT,rf,OVERT,6,0.015126680017721847
DS19,mc.rf_OVERT,rf,OVERT,7,0.015552335248564803
DS19,mc.rf_OVERT,rf,OVERT,8,0.015201794773064636
DS19,mc.rf_OVERT,rf,OVERT,9,0.015333716864122646
DS19,mc.rf_OVERT,rf,OVERT,10,0.015473795986685438
DS19,mc.rf_OVERT,rf,OVERT,11,0.014881579947928332
DS19,mc.rf_OVERT,rf,OVERT,12,0.015085296682694616
DS19,mc.rf_OVERT,rf,OVERT,13,0.014989589467156263
DS19,mc.rf_OVERT,rf,OVERT,14,0.015233408659850504
DS19,mc.rf_OVERT,rf,OVERT,15,0.015381380260062288
DS19,mc.rf_OVERT,rf,OVERT,16,0.015033157634411974
DS19,mc.rf_OVERT,rf,OVERT,17,0.015164952379701373
DS19,mc.rf_OVERT,rf,OVERT,18,0.015054641598705322
DS19,mc.rf_OVERT,rf,OVERT,19,0.014908890666286083
DS19,mc.rf_OVERT,rf,OVERT,20,0.014375431711570564
DS19,mc.rf_OVERT,rf,OVERT,21,0.014473378831726795
DS19,mc.rf_OVERT,rf,OVERT,22,0.014264075727287443
DS19,mc.rf_OVERT,rf,OVERT,23,0.014054844265222067
DS19,mc.rf_OVERT,rf,OVERT,24,0.013952571385863602
DS19,mc.rf_OVERT,rf,OVERT,25,0.015256005904165773
DS19,mc.rf_OVERT,rf,OVERT,26,0.015309476470527873
DS19,mc.rf_OVERT,rf,OVERT,27,0.013158941285435995
DS19,mc.rf_OVERT,rf,OVERT,28,0.013349929812305024
DS19,mc.rf_OVERT,rf,OVERT,29,0.01327397298005872
DS19,mc.rf_OVERT,rf,OVERT,30,0.011832766552481
DS19,mc.rf_OVERT,rf,OVERT,31,0.011783558934007392
DS19,mc.rf_OVERT,rf,OVERT,32,0.011983329770526694
DS19,mc.rf_OVERT,rf,OVERT,33,0.01164299160425334
DS19,mc.rf_OVERT,rf,OVERT,34,0.01168678465550977
DS19,mc.rf_OVERT,rf,OVERT,35,0.011603882144616471
DS19,mc.rf_OVERT,rf,OVERT,36,0.01169453183533144
DS19,mc.rf_OVERT,rf,OVERT,37,0.011421574966870721
DS19,mc.rf_OVERT,rf,OVERT,38,0.011592999224936668
DS19,mc.rf_OVERT,rf,OVERT,39,0.011353623736529508
DS19,mc.rf_OVERT,rf,OVERT,40,0.011458855404568855
DS19,mc.rf_OVERT,rf,OVERT,41,0.011156398850606873
DS19,mc.rf_OVERT,rf,OVERT,42,0.009871917032377667
DS19,mc.rf_OVERT,rf,OVERT,43,0.009660256856752697
DS19,mc.rf_OVERT,rf,OVERT,44,0.009481371148710211
DS19,mc.rf_OVERT,rf,OVERT,45,0.009676812689255194
DS19,mc.rf_OVERT,rf,OVERT,46,0.009520789946625289
DS19,mc.rf_OVERT,rf,OVERT,47,0.009707295227756579
DS19,mc.rf_OVERT,rf,OVERT,48,0.009332568151651802
DS19,mc.rf_OVERT,rf,OVERT,49,0.009656371243403199
DS19,mc.rf_OVERT,rf,OVERT,50,0.009687359729972034
DS19,mc.rf_SMOTEB,rf,SMOTEB,1,0.01865017467518279
DS19,mc.rf_SMOTEB,rf,SMOTEB,2,0.01962466017741104
DS19,mc.rf_SMOTEB,rf,SMOTEB,3,0.019421852141730468
DS19,mc.rf_SMOTEB,rf,SMOTEB,4,0.019111324405241624
DS19,mc.rf_SMOTEB,rf,SMOTEB,5,0.019977210677673385
DS19,mc.rf_SMOTEB,rf,SMOTEB,6,0.018674622335712324
DS19,mc.rf_SMOTEB,rf,SMOTEB,7,0.01844252868053555
DS19,mc.rf_SMOTEB,rf,SMOTEB,8,0.018489175400904178
DS19,mc.rf_SMOTEB,rf,SMOTEB,9,0.018680187095463856
DS19,mc.rf_SMOTEB,rf,SMOTEB,10,0.017772052556431085
DS19,mc.rf_SMOTEB,rf,SMOTEB,11,0.01885236408927167
DS19,mc.rf_SMOTEB,rf,SMOTEB,12,0.019238532533393804
DS19,mc.rf_SMOTEB,rf,SMOTEB,13,0.018293814389979318
DS19,mc.rf_SMOTEB,rf,SMOTEB,14,0.019061141239254495
DS19,mc.rf_SMOTEB,rf,SMOTEB,15,0.020339829382741606
DS19,mc.rf_SMOTEB,rf,SMOTEB,16,0.018269840679661177
DS19,mc.rf_SMOTEB,rf,SMOTEB,17,0.018125539646892275
DS19,mc.rf_SMOTEB,rf,SMOTEB,18,0.018323022232435083
DS19,mc.rf_SMOTEB,rf,SMOTEB,19,0.01658723922760132
DS19,mc.rf_SMOTEB,rf,SMOTEB,20,0.016223162977913385
DS19,mc.rf_SMOTEB,rf,SMOTEB,21,0.015350986198903094
DS19,mc.rf_SMOTEB,rf,SMOTEB,22,0.015474212171829642
DS19,mc.rf_SMOTEB,rf,SMOTEB,23,0.015468030507695489
DS19,mc.rf_SMOTEB,rf,SMOTEB,24,0.01569959909762495
DS19,mc.rf_SMOTEB,rf,SMOTEB,25,0.01578216183644919
DS19,mc.rf_SMOTEB,rf,SMOTEB,26,0.016085933648078646
DS19,mc.rf_SMOTEB,rf,SMOTEB,27,0.01571372610237016
DS19,mc.rf_SMOTEB,rf,SMOTEB,28,0.015345383926219532
DS19,mc.rf_SMOTEB,rf,SMOTEB,29,0.016318897830050784
DS19,mc.rf_SMOTEB,rf,SMOTEB,30,0.014040053005637904
DS19,mc.rf_SMOTEB,rf,SMOTEB,31,0.014161951924125421
DS19,mc.rf_SMOTEB,rf,SMOTEB,32,0.014433531264553778
DS19,mc.rf_SMOTEB,rf,SMOTEB,33,0.01407888440505462
DS19,mc.rf_SMOTEB,rf,SMOTEB,34,0.014117957177447795
DS19,mc.rf_SMOTEB,rf,SMOTEB,35,0.01314498174713288
DS19,mc.rf_SMOTEB,rf,SMOTEB,36,0.013015240390796453
DS19,mc.rf_SMOTEB,rf,SMOTEB,37,0.013873668310005876
DS19,mc.rf_SMOTEB,rf,SMOTEB,38,0.013792489977262718
DS19,mc.rf_SMOTEB,rf,SMOTEB,39,0.013647670381712966
DS19,mc.rf_SMOTEB,rf,SMOTEB,40,0.014713521310290923
DS19,mc.rf_SMOTEB,rf,SMOTEB,41,0.013819388766062608
DS19,mc.rf_SMOTEB,rf,SMOTEB,42,0.013844861075782824
DS19,mc.rf_SMOTEB,rf,SMOTEB,43,0.012699417409884263
DS19,mc.rf_SMOTEB,rf,SMOTEB,44,0.014228720997870451
DS19,mc.rf_SMOTEB,rf,SMOTEB,45,0.012986461214818201
DS19,mc.rf_SMOTEB,rf,SMOTEB,46,0.0132688201334732
DS19,mc.rf_SMOTEB,rf,SMOTEB,47,0.013744784069721563
DS19,mc.rf_SMOTEB,rf,SMOTEB,48,0.012675550033951054
DS19,mc.rf_SMOTEB,rf,SMOTEB,49,0.012651371127334167
DS19,mc.rf_SMOTEB,rf,SMOTEB,50,0.013453767364531641
DS19,mc.rf_SMOTETPhi,rf,SMOTETPhi,1,0.019434321485668694
DS19,mc.rf_SMOTETPhi,rf,SMOTETPhi,2,0.01916319670826821
DS19,mc.rf_SMOTETPhi,rf,SMOTETPhi,3,0.01920655477606706
DS19,mc.rf_SMOTETPhi,rf,SMOTETPhi,4,0.018750070850632343
DS19,mc.rf_SMOTETPhi,rf,SMOTETPhi,5,0.019060465023785656
DS19,mc.rf_SMOTETPhi,rf,SMOTETPhi,6,0.018182967697835402
DS19,mc.rf_SMOTETPhi,rf,SMOTETPhi,7,0.017985710630437544
DS19,mc.rf_SMOTETPhi,rf,SMOTETPhi,8,0.019052212733501085
DS19,mc.rf_SMOTETPhi,rf,SMOTETPhi,9,0.018727819913679108
DS19,mc.rf_SMOTETPhi,rf,SMOTETPhi,10,0.019419095449760178
DS19,mc.rf_SMOTETPhi,rf,SMOTETPhi,11,0.01882641179487897
DS19,mc.rf_SMOTETPhi,rf,SMOTETPhi,12,0.018549807112559307
DS19,mc.rf_SMOTETPhi,rf,SMOTETPhi,13,0.018775509407538728
DS19,mc.rf_SMOTETPhi,rf,SMOTETPhi,14,0.017645385790046254
DS19,mc.rf_SMOTETPhi,rf,SMOTETPhi,15,0.01841880841189712
DS19,mc.rf_SMOTETPhi,rf,SMOTETPhi,16,0.01793759655894907
DS19,mc.rf_SMOTETPhi,rf,SMOTETPhi,17,0.017193578898690373
DS19,mc.rf_SMOTETPhi,rf,SMOTETPhi,18,0.01697277232102014
DS19,mc.rf_SMOTETPhi,rf,SMOTETPhi,19,0.016968706146750417
DS19,mc.rf_SMOTETPhi,rf,SMOTETPhi,20,0.020511787725977296
DS19,mc.rf_SMOTETPhi,rf,SMOTETPhi,21,0.020405530357863404
DS19,mc.rf_SMOTETPhi,rf,SMOTETPhi,22,0.02120059327209993
DS19,mc.rf_SMOTETPhi,rf,SMOTETPhi,23,0.02085913335623214
DS19,mc.rf_SMOTETPhi,rf,SMOTETPhi,24,0.021076696667580216
DS19,mc.rf_SMOTETPhi,rf,SMOTETPhi,25,0.01670940237666388
DS19,mc.rf_SMOTETPhi,rf,SMOTETPhi,26,0.016734387585451548
DS19,mc.rf_SMOTETPhi,rf,SMOTETPhi,27,0.01665735761068927
DS19,mc.rf_SMOTETPhi,rf,SMOTETPhi,28,0.01755642973480138
DS19,mc.rf_SMOTETPhi,rf,SMOTETPhi,29,0.017352962510900728
DS19,mc.rf_SMOTETPhi,rf,SMOTETPhi,30,0.016907674667274806
DS19,mc.rf_SMOTETPhi,rf,SMOTETPhi,31,0.016435737933620388
DS19,mc.rf_SMOTETPhi,rf,SMOTETPhi,32,0.0151607580127006
DS19,mc.rf_SMOTETPhi,rf,SMOTETPhi,33,0.015994029947458608
DS19,mc.rf_SMOTETPhi,rf,SMOTETPhi,34,0.01509410969752736
DS19,mc.rf_SMOTETPhi,rf,SMOTETPhi,35,0.01601732299698235
DS19,mc.rf_SMOTETPhi,rf,SMOTETPhi,36,0.015322752031236505
DS19,mc.rf_SMOTETPhi,rf,SMOTETPhi,37,0.014849535756592008
DS19,mc.rf_SMOTETPhi,rf,SMOTETPhi,38,0.01585531784649411
DS19,mc.rf_SMOTETPhi,rf,SMOTETPhi,39,0.016618917228253708
DS19,mc.rf_SMOTETPhi,rf,SMOTETPhi,40,0.016313642463196252
DS19,mc.rf_SMOTETPhi,rf,SMOTETPhi,41,0.015894579588465286
DS19,mc.rf_SMOTETPhi,rf,SMOTETPhi,42,0.01415881646887527
DS19,mc.rf_SMOTETPhi,rf,SMOTETPhi,43,0.015148929547996834
DS19,mc.rf_SMOTETPhi,rf,SMOTETPhi,44,0.012643353887406034
DS19,mc.rf_SMOTETPhi,rf,SMOTETPhi,45,0.0138282620413462
DS19,mc.rf_SMOTETPhi,rf,SMOTETPhi,46,0.014637297002653357
DS19,mc.rf_SMOTETPhi,rf,SMOTETPhi,47,0.013350514989425681
DS19,mc.rf_SMOTETPhi,rf,SMOTETPhi,48,0.013371620019804367
DS19,mc.rf_SMOTETPhi,rf,SMOTETPhi,49,0.013557048362098336
DS19,mc.rf_SMOTETPhi,rf,SMOTETPhi,50,0.013459667542482824
DS19,mc.rf_SMOTET,rf,SMOTET,1,0.018810021517244008
DS19,mc.rf_SMOTET,rf,SMOTET,2,0.019075761868679642
DS19,mc.rf_SMOTET,rf,SMOTET,3,0.018816617527570047
DS19,mc.rf_SMOTET,rf,SMOTET,4,0.01756409640523748
DS19,mc.rf_SMOTET,rf,SMOTET,5,0.018623330778678587
DS19,mc.rf_SMOTET,rf,SMOTET,6,0.01803924906583337
DS19,mc.rf_SMOTET,rf,SMOTET,7,0.017798031928526234
DS19,mc.rf_SMOTET,rf,SMOTET,8,0.01838796329730648
DS19,mc.rf_SMOTET,rf,SMOTET,9,0.018866390234262974
DS19,mc.rf_SMOTET,rf,SMOTET,10,0.019043504444582204
DS19,mc.rf_SMOTET,rf,SMOTET,11,0.017864594513968733
DS19,mc.rf_SMOTET,rf,SMOTET,12,0.01814630910315054
DS19,mc.rf_SMOTET,rf,SMOTET,13,0.018230645491127625
DS19,mc.rf_SMOTET,rf,SMOTET,14,0.017747743628937187
DS19,mc.rf_SMOTET,rf,SMOTET,15,0.01858268434509063
DS19,mc.rf_SMOTET,rf,SMOTET,16,0.018634882058495537
DS19,mc.rf_SMOTET,rf,SMOTET,17,0.01747013901028614
DS19,mc.rf_SMOTET,rf,SMOTET,18,0.017644846485132634
DS19,mc.rf_SMOTET,rf,SMOTET,19,0.017175212791771793
DS19,mc.rf_SMOTET,rf,SMOTET,20,0.015524867068636365
DS19,mc.rf_SMOTET,rf,SMOTET,21,0.014709369456441461
DS19,mc.rf_SMOTET,rf,SMOTET,22,0.015595869152670642
DS19,mc.rf_SMOTET,rf,SMOTET,23,0.014405678355135907
DS19,mc.rf_SMOTET,rf,SMOTET,24,0.015431929982259849
DS19,mc.rf_SMOTET,rf,SMOTET,25,0.016962522958892043
DS19,mc.rf_SMOTET,rf,SMOTET,26,0.01644040099900869
DS19,mc.rf_SMOTET,rf,SMOTET,27,0.014939381564459413
DS19,mc.rf_SMOTET,rf,SMOTET,28,0.015311032045276207
DS19,mc.rf_SMOTET,rf,SMOTET,29,0.015386818152838804
DS19,mc.rf_SMOTET,rf,SMOTET,30,0.014653428638095711
DS19,mc.rf_SMOTET,rf,SMOTET,31,0.015186318025227304
DS19,mc.rf_SMOTET,rf,SMOTET,32,0.015536919271754168
DS19,mc.rf_SMOTET,rf,SMOTET,33,0.014832671454578141
DS19,mc.rf_SMOTET,rf,SMOTET,34,0.014830025995862441
DS19,mc.rf_SMOTET,rf,SMOTET,35,0.0147175562550412
DS19,mc.rf_SMOTET,rf,SMOTET,36,0.015159199294661859
DS19,mc.rf_SMOTET,rf,SMOTET,37,0.015029726509072654
DS19,mc.rf_SMOTET,rf,SMOTET,38,0.015387473760083668
DS19,mc.rf_SMOTET,rf,SMOTET,39,0.014316048025831071
DS19,mc.rf_SMOTET,rf,SMOTET,40,0.015025075181851562
DS19,mc.rf_SMOTET,rf,SMOTET,41,0.014994791084715645
DS19,mc.rf_SMOTET,rf,SMOTET,42,0.013990889643495688
DS19,mc.rf_SMOTET,rf,SMOTET,43,0.012710630842767601
DS19,mc.rf_SMOTET,rf,SMOTET,44,0.012567893697084371
DS19,mc.rf_SMOTET,rf,SMOTET,45,0.013077552217226555
DS19,mc.rf_SMOTET,rf,SMOTET,46,0.012578746533863526
DS19,mc.rf_SMOTET,rf,SMOTET,47,0.011878961107774087
DS19,mc.rf_SMOTET,rf,SMOTET,48,0.013113224274582454
DS19,mc.rf_SMOTET,rf,SMOTET,49,0.012064143404674035
DS19,mc.rf_SMOTET,rf,SMOTET,50,0.012059654964102945
DS19,mc.rf_UNDERB,rf,UNDERB,1,0.017620015204571373
DS19,mc.rf_UNDERB,rf,UNDERB,2,0.01765461613097766
DS19,mc.rf_UNDERB,rf,UNDERB,3,0.016539375692319978
DS19,mc.rf_UNDERB,rf,UNDERB,4,0.018208845613872524
DS19,mc.rf_UNDERB,rf,UNDERB,5,0.019156004317957154
DS19,mc.rf_UNDERB,rf,UNDERB,6,0.016758871429408396
DS19,mc.rf_UNDERB,rf,UNDERB,7,0.016302096177013184
DS19,mc.rf_UNDERB,rf,UNDERB,8,0.016790748541891748
DS19,mc.rf_UNDERB,rf,UNDERB,9,0.0172420208025097
DS19,mc.rf_UNDERB,rf,UNDERB,10,0.01678564573405924
DS19,mc.rf_UNDERB,rf,UNDERB,11,0.01645817741813032
DS19,mc.rf_UNDERB,rf,UNDERB,12,0.01622095287674
DS19,mc.rf_UNDERB,rf,UNDERB,13,0.01615559189105214
DS19,mc.rf_UNDERB,rf,UNDERB,14,0.01708979093102355
DS19,mc.rf_UNDERB,rf,UNDERB,15,0.016212577372138152
DS19,mc.rf_UNDERB,rf,UNDERB,16,0.01606244840271407
DS19,mc.rf_UNDERB,rf,UNDERB,17,0.01586767458178558
DS19,mc.rf_UNDERB,rf,UNDERB,18,0.016468336518060137
DS19,mc.rf_UNDERB,rf,UNDERB,19,0.015599805432961184
DS19,mc.rf_UNDERB,rf,UNDERB,20,0.020497809960221276
DS19,mc.rf_UNDERB,rf,UNDERB,21,0.019331637555726797
DS19,mc.rf_UNDERB,rf,UNDERB,22,0.018584062006062347
DS19,mc.rf_UNDERB,rf,UNDERB,23,0.019512845765897138
DS19,mc.rf_UNDERB,rf,UNDERB,24,0.020523984202564075
DS19,mc.rf_UNDERB,rf,UNDERB,25,0.013771829609146068
DS19,mc.rf_UNDERB,rf,UNDERB,26,0.014061893436212976
DS19,mc.rf_UNDERB,rf,UNDERB,27,0.014224959050402004
DS19,mc.rf_UNDERB,rf,UNDERB,28,0.013342402911365304
DS19,mc.rf_UNDERB,rf,UNDERB,29,0.013519821530997468
DS19,mc.rf_UNDERB,rf,UNDERB,30,0.012669740043382586
DS19,mc.rf_UNDERB,rf,UNDERB,31,0.012903277701637534
DS19,mc.rf_UNDERB,rf,UNDERB,32,0.013076437253349782
DS19,mc.rf_UNDERB,rf,UNDERB,33,0.012900719359203226
DS19,mc.rf_UNDERB,rf,UNDERB,34,0.01390888021523434
DS19,mc.rf_UNDERB,rf,UNDERB,35,0.012966465127019494
DS19,mc.rf_UNDERB,rf,UNDERB,36,0.012789806409188394
DS19,mc.rf_UNDERB,rf,UNDERB,37,0.012794752856067302
DS19,mc.rf_UNDERB,rf,UNDERB,38,0.014286710073913328
DS19,mc.rf_UNDERB,rf,UNDERB,39,0.01538287615795811
DS19,mc.rf_UNDERB,rf,UNDERB,40,0.01430692911949513
DS19,mc.rf_UNDERB,rf,UNDERB,41,0.014695589629407991
DS19,mc.rf_UNDERB,rf,UNDERB,42,0.011268026628005516
DS19,mc.rf_UNDERB,rf,UNDERB,43,0.011929356265406053
DS19,mc.rf_UNDERB,rf,UNDERB,44,0.012008400149517694
DS19,mc.rf_UNDERB,rf,UNDERB,45,0.01032507420917872
DS19,mc.rf_UNDERB,rf,UNDERB,46,0.011120430093707022
DS19,mc.rf_UNDERB,rf,UNDERB,47,0.01008158350312775
DS19,mc.rf_UNDERB,rf,UNDERB,48,0.012033498172738178
DS19,mc.rf_UNDERB,rf,UNDERB,49,0.012487368123534525
DS19,mc.rf_UNDERB,rf,UNDERB,50,0.01182932927126079
DS19,mc.rf_UNDERTPhi,rf,UNDERTPhi,1,0.01713724422512756
DS19,mc.rf_UNDERTPhi,rf,UNDERTPhi,2,0.016702354867881453
DS19,mc.rf_UNDERTPhi,rf,UNDERTPhi,3,0.017167523045826683
DS19,mc.rf_UNDERTPhi,rf,UNDERTPhi,4,0.018271982283429158
DS19,mc.rf_UNDERTPhi,rf,UNDERTPhi,5,0.018644686970001562
DS19,mc.rf_UNDERTPhi,rf,UNDERTPhi,6,0.018982878096054458
DS19,mc.rf_UNDERTPhi,rf,UNDERTPhi,7,0.01698963313520945
DS19,mc.rf_UNDERTPhi,rf,UNDERTPhi,8,0.01756185711286287
DS19,mc.rf_UNDERTPhi,rf,UNDERTPhi,9,0.017515270213589132
DS19,mc.rf_UNDERTPhi,rf,UNDERTPhi,10,0.017354457237548655
DS19,mc.rf_UNDERTPhi,rf,UNDERTPhi,11,0.01858856904561877
DS19,mc.rf_UNDERTPhi,rf,UNDERTPhi,12,0.01671991543404667
DS19,mc.rf_UNDERTPhi,rf,UNDERTPhi,13,0.016828415700519912
DS19,mc.rf_UNDERTPhi,rf,UNDERTPhi,14,0.015620629719368362
DS19,mc.rf_UNDERTPhi,rf,UNDERTPhi,15,0.01649625868256243
DS19,mc.rf_UNDERTPhi,rf,UNDERTPhi,16,0.01681819544036226
DS19,mc.rf_UNDERTPhi,rf,UNDERTPhi,17,0.01579938464759192
DS19,mc.rf_UNDERTPhi,rf,UNDERTPhi,18,0.016573474149158527
DS19,mc.rf_UNDERTPhi,rf,UNDERTPhi,19,0.016416323960075207
DS19,mc.rf_UNDERTPhi,rf,UNDERTPhi,20,0.023859169521992334
DS19,mc.rf_UNDERTPhi,rf,UNDERTPhi,21,0.0236104068826989
DS19,mc.rf_UNDERTPhi,rf,UNDERTPhi,22,0.02336777639031543
DS19,mc.rf_UNDERTPhi,rf,UNDERTPhi,23,0.026436491440900798
DS19,mc.rf_UNDERTPhi,rf,UNDERTPhi,24,0.025620639677301566
DS19,mc.rf_UNDERTPhi,rf,UNDERTPhi,25,0.01452730115723724
DS19,mc.rf_UNDERTPhi,rf,UNDERTPhi,26,0.013875309008932978
DS19,mc.rf_UNDERTPhi,rf,UNDERTPhi,27,0.014998453243000115
DS19,mc.rf_UNDERTPhi,rf,UNDERTPhi,28,0.013626279909372676
DS19,mc.rf_UNDERTPhi,rf,UNDERTPhi,29,0.014963905924896126
DS19,mc.rf_UNDERTPhi,rf,UNDERTPhi,30,0.012467540849722535
DS19,mc.rf_UNDERTPhi,rf,UNDERTPhi,31,0.013179925219976376
DS19,mc.rf_UNDERTPhi,rf,UNDERTPhi,32,0.013930325471241062
DS19,mc.rf_UNDERTPhi,rf,UNDERTPhi,33,0.013007020771920605
DS19,mc.rf_UNDERTPhi,rf,UNDERTPhi,34,0.013769476786794634
DS19,mc.rf_UNDERTPhi,rf,UNDERTPhi,35,0.01375513204590376
DS19,mc.rf_UNDERTPhi,rf,UNDERTPhi,36,0.01178903239622528
DS19,mc.rf_UNDERTPhi,rf,UNDERTPhi,37,0.013854230997368955
DS19,mc.rf_UNDERTPhi,rf,UNDERTPhi,38,0.012990663460860296
DS19,mc.rf_UNDERTPhi,rf,UNDERTPhi,39,0.012726233749796246
DS19,mc.rf_UNDERTPhi,rf,UNDERTPhi,40,0.014914945171515927
DS19,mc.rf_UNDERTPhi,rf,UNDERTPhi,41,0.01396837984772644
DS19,mc.rf_UNDERTPhi,rf,UNDERTPhi,42,0.013820835509487293
DS19,mc.rf_UNDERTPhi,rf,UNDERTPhi,43,0.014209717796461189
DS19,mc.rf_UNDERTPhi,rf,UNDERTPhi,44,0.012890373587873863
DS19,mc.rf_UNDERTPhi,rf,UNDERTPhi,45,0.01292703590424293
DS19,mc.rf_UNDERTPhi,rf,UNDERTPhi,46,0.010828249375982904
DS19,mc.rf_UNDERTPhi,rf,UNDERTPhi,47,0.012072329858862281
DS19,mc.rf_UNDERTPhi,rf,UNDERTPhi,48,0.011146093409967304
DS19,mc.rf_UNDERTPhi,rf,UNDERTPhi,49,0.012843371003450803
DS19,mc.rf_UNDERTPhi,rf,UNDERTPhi,50,0.013824780137019356
DS19,mc.rf_UNDERT,rf,UNDERT,1,0.01823160967618118
DS19,mc.rf_UNDERT,rf,UNDERT,2,0.017275143168870473
DS19,mc.rf_UNDERT,rf,UNDERT,3,0.017222149709301682
DS19,mc.rf_UNDERT,rf,UNDERT,4,0.017009267265666594
DS19,mc.rf_UNDERT,rf,UNDERT,5,0.016296504208481596
DS19,mc.rf_UNDERT,rf,UNDERT,6,0.019189253552238033
DS19,mc.rf_UNDERT,rf,UNDERT,7,0.017230573311312624
DS19,mc.rf_UNDERT,rf,UNDERT,8,0.017271851848985376
DS19,mc.rf_UNDERT,rf,UNDERT,9,0.017240903909437003
DS19,mc.rf_UNDERT,rf,UNDERT,10,0.017532824891291574
DS19,mc.rf_UNDERT,rf,UNDERT,11,0.016761290574769574
DS19,mc.rf_UNDERT,rf,UNDERT,12,0.016916147269881474
DS19,mc.rf_UNDERT,rf,UNDERT,13,0.015993469175323016
DS19,mc.rf_UNDERT,rf,UNDERT,14,0.016384785515669114
DS19,mc.rf_UNDERT,rf,UNDERT,15,0.016367879526941225
DS19,mc.rf_UNDERT,rf,UNDERT,16,0.016121653802980782
DS19,mc.rf_UNDERT,rf,UNDERT,17,0.015850233271989204
DS19,mc.rf_UNDERT,rf,UNDERT,18,0.017027131746398097
DS19,mc.rf_UNDERT,rf,UNDERT,19,0.01584466084723611
DS19,mc.rf_UNDERT,rf,UNDERT,20,0.01905388758470563
DS19,mc.rf_UNDERT,rf,UNDERT,21,0.019768837153640487
DS19,mc.rf_UNDERT,rf,UNDERT,22,0.017667537558006475
DS19,mc.rf_UNDERT,rf,UNDERT,23,0.019360055480027644
DS19,mc.rf_UNDERT,rf,UNDERT,24,0.019090806775904065
DS19,mc.rf_UNDERT,rf,UNDERT,25,0.014611040694504451
DS19,mc.rf_UNDERT,rf,UNDERT,26,0.014385969739746126
DS19,mc.rf_UNDERT,rf,UNDERT,27,0.014528139972169975
DS19,mc.rf_UNDERT,rf,UNDERT,28,0.013680913444933298
DS19,mc.rf_UNDERT,rf,UNDERT,29,0.013540501010571217
DS19,mc.rf_UNDERT,rf,UNDERT,30,0.01440711254815759
DS19,mc.rf_UNDERT,rf,UNDERT,31,0.014265814518585367
DS19,mc.rf_UNDERT,rf,UNDERT,32,0.012438481955604928
DS19,mc.rf_UNDERT,rf,UNDERT,33,0.015263529508449166
DS19,mc.rf_UNDERT,rf,UNDERT,34,0.013082798820750913
DS19,mc.rf_UNDERT,rf,UNDERT,35,0.013229094830785038
DS19,mc.rf_UNDERT,rf,UNDERT,36,0.013437778388380454
DS19,mc.rf_UNDERT,rf,UNDERT,37,0.012263656153032204
DS19,mc.rf_UNDERT,rf,UNDERT,38,0.013304296147490947
DS19,mc.rf_UNDERT,rf,UNDERT,39,0.013439110884018373
DS19,mc.rf_UNDERT,rf,UNDERT,40,0.013572502431824483
DS19,mc.rf_UNDERT,rf,UNDERT,41,0.011738739170687301
DS19,mc.rf_UNDERT,rf,UNDERT,42,0.012043372237449662
DS19,mc.rf_UNDERT,rf,UNDERT,43,0.011760934645476808
DS19,mc.rf_UNDERT,rf,UNDERT,44,0.011658182210866577
DS19,mc.rf_UNDERT,rf,UNDERT,45,0.012991067294699473
DS19,mc.rf_UNDERT,rf,UNDERT,46,0.012132375359624884
DS19,mc.rf_UNDERT,rf,UNDERT,47,0.010257770118938154
DS19,mc.rf_UNDERT,rf,UNDERT,48,0.010055422396016213
DS19,mc.rf_UNDERT,rf,UNDERT,49,0.010647440344450823
DS19,mc.rf_UNDERT,rf,UNDERT,50,0.013184703857831307
DS19,mc.rf,rf,baseline,1,0.014563113529977795
DS19,mc.rf,rf,baseline,2,0.014249660755054298
DS19,mc.rf,rf,baseline,3,0.01427689140823855
DS19,mc.rf,rf,baseline,4,0.014240014872863107
DS19,mc.rf,rf,baseline,5,0.014328966063588385
DS19,mc.rf,rf,baseline,6,0.0144368795962414
DS19,mc.rf,rf,baseline,7,0.014467876024815477
DS19,mc.rf,rf,baseline,8,0.014638441069822001
DS19,mc.rf,rf,baseline,9,0.014985953160486315
DS19,mc.rf,rf,baseline,10,0.015310472102955658
DS19,mc.rf,rf,baseline,11,0.01531455834254988
DS19,mc.rf,rf,baseline,12,0.015370400372747645
DS19,mc.rf,rf,baseline,13,0.01519316915292909
DS19,mc.rf,rf,baseline,14,0.015268947115600564
DS19,mc.rf,rf,baseline,15,0.015280411795804064
DS19,mc.rf,rf,baseline,16,0.015492280816495082
DS19,mc.rf,rf,baseline,17,0.015253642271749182
DS19,mc.rf,rf,baseline,18,0.015225416470113797
DS19,mc.rf,rf,baseline,19,0.014966594215331632
DS19,mc.rf,rf,baseline,20,0.014349360433741336
DS19,mc.rf,rf,baseline,21,0.014265796632218658
DS19,mc.rf,rf,baseline,22,0.013853690504039975
DS19,mc.rf,rf,baseline,23,0.01396814217765606
DS19,mc.rf,rf,baseline,24,0.013733882973523822
DS19,mc.rf,rf,baseline,25,0.013334185837457383
DS19,mc.rf,rf,baseline,26,0.013150457298821331
DS19,mc.rf,rf,baseline,27,0.01310338762324118
DS19,mc.rf,rf,baseline,28,0.012949838014745405
DS19,mc.rf,rf,baseline,29,0.01289649487068322
DS19,mc.rf,rf,baseline,30,0.011381286496558694
DS19,mc.rf,rf,baseline,31,0.011479840007938245
DS19,mc.rf,rf,baseline,32,0.011273087597136647
DS19,mc.rf,rf,baseline,33,0.011159992832277015
DS19,mc.rf,rf,baseline,34,0.011111861581426373
DS19,mc.rf,rf,baseline,35,0.011139944060566082
DS19,mc.rf,rf,baseline,36,0.011141839096996273
DS19,mc.rf,rf,baseline,37,0.011030668582299317
DS19,mc.rf,rf,baseline,38,0.01112875823331418
DS19,mc.rf,rf,baseline,39,0.010946027485102306
DS19,mc.rf,rf,baseline,40,0.010776057248494677
DS19,mc.rf,rf,baseline,41,0.010697883827354168
DS19,mc.rf,rf,baseline,42,0.009631129476960557
DS19,mc.rf,rf,baseline,43,0.009474590794333018
DS19,mc.rf,rf,baseline,44,0.009299210131892797
DS19,mc.rf,rf,baseline,45,0.009431968430341588
DS19,mc.rf,rf,baseline,46,0.009333290752725041
DS19,mc.rf,rf,baseline,47,0.009316819874377507
DS19,mc.rf,rf,baseline,48,0.009054053039131567
DS19,mc.rf,rf,baseline,49,0.009108491882763727
DS19,mc.rf,rf,baseline,50,0.0091263243903717
DS19,mc.rpart_OVERB,rpart,OVERB,1,0.01898663472874438
DS19,mc.rpart_OVERB,rpart,OVERB,2,0.019739474368824204
DS19,mc.rpart_OVERB,rpart,OVERB,3,0.01957288919123382
DS19,mc.rpart_OVERB,rpart,OVERB,4,0.018439447734232697
DS19,mc.rpart_OVERB,rpart,OVERB,5,0.018060454515317813
DS19,mc.rpart_OVERB,rpart,OVERB,6,0.017695117233812688
DS19,mc.rpart_OVERB,rpart,OVERB,7,0.017817210214695536
DS19,mc.rpart_OVERB,rpart,OVERB,8,0.01830339357844685
DS19,mc.rpart_OVERB,rpart,OVERB,9,0.016360256579079337
DS19,mc.rpart_OVERB,rpart,OVERB,10,0.018788453683642282
DS19,mc.rpart_OVERB,rpart,OVERB,11,0.01770238501666555
DS19,mc.rpart_OVERB,rpart,OVERB,12,0.02006988688334265
DS19,mc.rpart_OVERB,rpart,OVERB,13,0.019033440583811113
DS19,mc.rpart_OVERB,rpart,OVERB,14,0.019139891110189912
DS19,mc.rpart_OVERB,rpart,OVERB,15,0.017376509801006444
DS19,mc.rpart_OVERB,rpart,OVERB,16,0.017986178481411583
DS19,mc.rpart_OVERB,rpart,OVERB,17,0.01764863522230633
DS19,mc.rpart_OVERB,rpart,OVERB,18,0.01749048315833216
DS19,mc.rpart_OVERB,rpart,OVERB,19,0.01868798882862046
DS19,mc.rpart_OVERB,rpart,OVERB,20,0.017652378083034048
DS19,mc.rpart_OVERB,rpart,OVERB,21,0.017296950586105087
DS19,mc.rpart_OVERB,rpart,OVERB,22,0.017292322479248907
DS19,mc.rpart_OVERB,rpart,OVERB,23,0.016314029685977043
DS19,mc.rpart_OVERB,rpart,OVERB,24,0.015257912085162521
DS19,mc.rpart_OVERB,rpart,OVERB,25,0.020359885202720304
DS19,mc.rpart_OVERB,rpart,OVERB,26,0.017019608091810825
DS19,mc.rpart_OVERB,rpart,OVERB,27,0.014770544684783967
DS19,mc.rpart_OVERB,rpart,OVERB,28,0.01587303728151502
DS19,mc.rpart_OVERB,rpart,OVERB,29,0.01625354205239116
DS19,mc.rpart_OVERB,rpart,OVERB,30,0.01454344011265485
DS19,mc.rpart_OVERB,rpart,OVERB,31,0.015452685917049961
DS19,mc.rpart_OVERB,rpart,OVERB,32,0.014688028031618488
DS19,mc.rpart_OVERB,rpart,OVERB,33,0.014521113750885961
DS19,mc.rpart_OVERB,rpart,OVERB,34,0.014140778776338559
DS19,mc.rpart_OVERB,rpart,OVERB,35,0.01412881331183958
DS19,mc.rpart_OVERB,rpart,OVERB,36,0.013874514610440477
DS19,mc.rpart_OVERB,rpart,OVERB,37,0.01384240294037794
DS19,mc.rpart_OVERB,rpart,OVERB,38,0.01394576942753853
DS19,mc.rpart_OVERB,rpart,OVERB,39,0.013370619390317312
DS19,mc.rpart_OVERB,rpart,OVERB,40,0.014097099720447457
DS19,mc.rpart_OVERB,rpart,OVERB,41,0.013676703818891977
DS19,mc.rpart_OVERB,rpart,OVERB,42,0.013519476473159847
DS19,mc.rpart_OVERB,rpart,OVERB,43,0.012622160515425841
DS19,mc.rpart_OVERB,rpart,OVERB,44,0.014344960888125875
DS19,mc.rpart_OVERB,rpart,OVERB,45,0.012005910349672381
DS19,mc.rpart_OVERB,rpart,OVERB,46,0.011364677680405102
DS19,mc.rpart_OVERB,rpart,OVERB,47,0.013955580513582195
DS19,mc.rpart_OVERB,rpart,OVERB,48,0.012835345841420554
DS19,mc.rpart_OVERB,rpart,OVERB,49,0.011727680501305612
DS19,mc.rpart_OVERB,rpart,OVERB,50,0.013725686740819188
DS19,mc.rpart_OVERTPhi,rpart,OVERTPhi,1,0.016985089368317108
DS19,mc.rpart_OVERTPhi,rpart,OVERTPhi,2,0.018897000278814503
DS19,mc.rpart_OVERTPhi,rpart,OVERTPhi,3,0.015738499086942595
DS19,mc.rpart_OVERTPhi,rpart,OVERTPhi,4,0.01755238291340186
DS19,mc.rpart_OVERTPhi,rpart,OVERTPhi,5,0.017573696667778513
DS19,mc.rpart_OVERTPhi,rpart,OVERTPhi,6,0.019667987492251703
DS19,mc.rpart_OVERTPhi,rpart,OVERTPhi,7,0.019007530657057018
DS19,mc.rpart_OVERTPhi,rpart,OVERTPhi,8,0.01860660046472855
DS19,mc.rpart_OVERTPhi,rpart,OVERTPhi,9,0.018679930074216852
DS19,mc.rpart_OVERTPhi,rpart,OVERTPhi,10,0.01839616658207925
DS19,mc.rpart_OVERTPhi,rpart,OVERTPhi,11,0.01838954137345793
DS19,mc.rpart_OVERTPhi,rpart,OVERTPhi,12,0.01772353878773047
DS19,mc.rpart_OVERTPhi,rpart,OVERTPhi,13,0.018175559579319957
DS19,mc.rpart_OVERTPhi,rpart,OVERTPhi,14,0.0175033320528143
DS19,mc.rpart_OVERTPhi,rpart,OVERTPhi,15,0.017774773663468153
DS19,mc.rpart_OVERTPhi,rpart,OVERTPhi,16,0.01724916041086991
DS19,mc.rpart_OVERTPhi,rpart,OVERTPhi,17,0.02025887267459375
DS19,mc.rpart_OVERTPhi,rpart,OVERTPhi,18,0.019919473239030296
DS19,mc.rpart_OVERTPhi,rpart,OVERTPhi,19,0.018027695689226363
DS19,mc.rpart_OVERTPhi,rpart,OVERTPhi,20,0.018122274015684406
DS19,mc.rpart_OVERTPhi,rpart,OVERTPhi,21,0.018171079492186652
DS19,mc.rpart_OVERTPhi,rpart,OVERTPhi,22,0.017370377546353136
DS19,mc.rpart_OVERTPhi,rpart,OVERTPhi,23,0.01638539437882099
DS19,mc.rpart_OVERTPhi,rpart,OVERTPhi,24,0.015474646069745558
DS19,mc.rpart_OVERTPhi,rpart,OVERTPhi,25,0.017300842087458457
DS19,mc.rpart_OVERTPhi,rpart,OVERTPhi,26,0.018293149756398105
DS19,mc.rpart_OVERTPhi,rpart,OVERTPhi,27,0.016557248064959583
DS19,mc.rpart_OVERTPhi,rpart,OVERTPhi,28,0.016764245075016632
DS19,mc.rpart_OVERTPhi,rpart,OVERTPhi,29,0.017283575353326513
DS19,mc.rpart_OVERTPhi,rpart,OVERTPhi,30,0.013419504486408561
DS19,mc.rpart_OVERTPhi,rpart,OVERTPhi,31,0.01438897102681007
DS19,mc.rpart_OVERTPhi,rpart,OVERTPhi,32,0.013879701935856205
DS19,mc.rpart_OVERTPhi,rpart,OVERTPhi,33,0.01404321166343607
DS19,mc.rpart_OVERTPhi,rpart,OVERTPhi,34,0.012990637113539382
DS19,mc.rpart_OVERTPhi,rpart,OVERTPhi,35,0.014679573499569562
DS19,mc.rpart_OVERTPhi,rpart,OVERTPhi,36,0.013032529886870632
DS19,mc.rpart_OVERTPhi,rpart,OVERTPhi,37,0.0127740612463601
DS19,mc.rpart_OVERTPhi,rpart,OVERTPhi,38,0.01379431715775213
DS19,mc.rpart_OVERTPhi,rpart,OVERTPhi,39,0.012257038425565829
DS19,mc.rpart_OVERTPhi,rpart,OVERTPhi,40,0.013408677417783812
DS19,mc.rpart_OVERTPhi,rpart,OVERTPhi,41,0.014486595395764992
DS19,mc.rpart_OVERTPhi,rpart,OVERTPhi,42,0.012092539166864664
DS19,mc.rpart_OVERTPhi,rpart,OVERTPhi,43,0.01238154304830374
DS19,mc.rpart_OVERTPhi,rpart,OVERTPhi,44,0.010728688784856373
DS19,mc.rpart_OVERTPhi,rpart,OVERTPhi,45,0.011155883878255425
DS19,mc.rpart_OVERTPhi,rpart,OVERTPhi,46,0.010579529280391348
DS19,mc.rpart_OVERTPhi,rpart,OVERTPhi,47,0.011050442686525394
DS19,mc.rpart_OVERTPhi,rpart,OVERTPhi,48,0.011472392182744214
DS19,mc.rpart_OVERTPhi,rpart,OVERTPhi,49,0.012301232867207598
DS19,mc.rpart_OVERTPhi,rpart,OVERTPhi,50,0.012176456514977804
DS19,mc.rpart_OVERT,rpart,OVERT,1,0.01628790395632009
DS19,mc.rpart_OVERT,rpart,OVERT,2,0.018108804576674666
DS19,mc.rpart_OVERT,rpart,OVERT,3,0.018873595535289125
DS19,mc.rpart_OVERT,rpart,OVERT,4,0.015605913809901721
DS19,mc.rpart_OVERT,rpart,OVERT,5,0.017793232115468828
DS19,mc.rpart_OVERT,rpart,OVERT,6,0.019665942006217754
DS19,mc.rpart_OVERT,rpart,OVERT,7,0.020699354431219324
DS19,mc.rpart_OVERT,rpart,OVERT,8,0.016428275420845365
DS19,mc.rpart_OVERT,rpart,OVERT,9,0.01882507893253385
DS19,mc.rpart_OVERT,rpart,OVERT,10,0.01839232215651397
DS19,mc.rpart_OVERT,rpart,OVERT,11,0.018240899314915057
DS19,mc.rpart_OVERT,rpart,OVERT,12,0.018001015655934646
DS19,mc.rpart_OVERT,rpart,OVERT,13,0.019486858890383835
DS19,mc.rpart_OVERT,rpart,OVERT,14,0.017593536681838825
DS19,mc.rpart_OVERT,rpart,OVERT,15,0.018788829651222173
DS19,mc.rpart_OVERT,rpart,OVERT,16,0.01725205075047854
DS19,mc.rpart_OVERT,rpart,OVERT,17,0.020259399109079156
DS19,mc.rpart_OVERT,rpart,OVERT,18,0.017198529372205534
DS19,mc.rpart_OVERT,rpart,OVERT,19,0.018034821459321317
DS19,mc.rpart_OVERT,rpart,OVERT,20,0.018211397110305314
DS19,mc.rpart_OVERT,rpart,OVERT,21,0.018170982534677266
DS19,mc.rpart_OVERT,rpart,OVERT,22,0.01683572636761167
DS19,mc.rpart_OVERT,rpart,OVERT,23,0.016384698235057997
DS19,mc.rpart_OVERT,rpart,OVERT,24,0.015474899634200576
DS19,mc.rpart_OVERT,rpart,OVERT,25,0.017301437650102038
DS19,mc.rpart_OVERT,rpart,OVERT,26,0.017213466276731877
DS19,mc.rpart_OVERT,rpart,OVERT,27,0.017148119386741226
DS19,mc.rpart_OVERT,rpart,OVERT,28,0.016756977970900314
DS19,mc.rpart_OVERT,rpart,OVERT,29,0.01727433669092077
DS19,mc.rpart_OVERT,rpart,OVERT,30,0.013419504486408561
DS19,mc.rpart_OVERT,rpart,OVERT,31,0.014388912218485378
DS19,mc.rpart_OVERT,rpart,OVERT,32,0.013877178693895924
DS19,mc.rpart_OVERT,rpart,OVERT,33,0.013274443117622561
DS19,mc.rpart_OVERT,rpart,OVERT,34,0.013250746319821767
DS19,mc.rpart_OVERT,rpart,OVERT,35,0.01319605937093787
DS19,mc.rpart_OVERT,rpart,OVERT,36,0.013013959384157435
DS19,mc.rpart_OVERT,rpart,OVERT,37,0.013542732249992605
DS19,mc.rpart_OVERT,rpart,OVERT,38,0.013801664787304315
DS19,mc.rpart_OVERT,rpart,OVERT,39,0.012263271617459054
DS19,mc.rpart_OVERT,rpart,OVERT,40,0.013410619591821361
DS19,mc.rpart_OVERT,rpart,OVERT,41,0.01297618336757602
DS19,mc.rpart_OVERT,rpart,OVERT,42,0.012424719960067117
DS19,mc.rpart_OVERT,rpart,OVERT,43,0.013381035398906737
DS19,mc.rpart_OVERT,rpart,OVERT,44,0.01079641243419283
DS19,mc.rpart_OVERT,rpart,OVERT,45,0.011155883878255425
DS19,mc.rpart_OVERT,rpart,OVERT,46,0.010537281989057144
DS19,mc.rpart_OVERT,rpart,OVERT,47,0.011050442686525394
DS19,mc.rpart_OVERT,rpart,OVERT,48,0.011480498322207993
DS19,mc.rpart_OVERT,rpart,OVERT,49,0.012457257574419896
DS19,mc.rpart_OVERT,rpart,OVERT,50,0.013611822373850573
DS19,mc.rpart_SMOTEB,rpart,SMOTEB,1,0.024383373281411748
DS19,mc.rpart_SMOTEB,rpart,SMOTEB,2,0.02370843489401629
DS19,mc.rpart_SMOTEB,rpart,SMOTEB,3,0.02501527483914679
DS19,mc.rpart_SMOTEB,rpart,SMOTEB,4,0.025687724497075702
DS19,mc.rpart_SMOTEB,rpart,SMOTEB,5,0.02685403243328157
DS19,mc.rpart_SMOTEB,rpart,SMOTEB,6,0.02425129366313201
DS19,mc.rpart_SMOTEB,rpart,SMOTEB,7,0.023646114320885463
DS19,mc.rpart_SMOTEB,rpart,SMOTEB,8,0.025179464907497513
DS19,mc.rpart_SMOTEB,rpart,SMOTEB,9,0.023231124547382038
DS19,mc.rpart_SMOTEB,rpart,SMOTEB,10,0.022788063829965715
DS19,mc.rpart_SMOTEB,rpart,SMOTEB,11,0.022242779802060696
DS19,mc.rpart_SMOTEB,rpart,SMOTEB,12,0.023960639541727585
DS19,mc.rpart_SMOTEB,rpart,SMOTEB,13,0.02346995310162054
DS19,mc.rpart_SMOTEB,rpart,SMOTEB,14,0.02484629005588082
DS19,mc.rpart_SMOTEB,rpart,SMOTEB,15,0.023694722328051483
DS19,mc.rpart_SMOTEB,rpart,SMOTEB,16,0.02314978557876029
DS19,mc.rpart_SMOTEB,rpart,SMOTEB,17,0.0225027697946519
DS19,mc.rpart_SMOTEB,rpart,SMOTEB,18,0.023198781235891534
DS19,mc.rpart_SMOTEB,rpart,SMOTEB,19,0.020922696433280822
DS19,mc.rpart_SMOTEB,rpart,SMOTEB,20,0.020185091449360874
DS19,mc.rpart_SMOTEB,rpart,SMOTEB,21,0.019753802755061972
DS19,mc.rpart_SMOTEB,rpart,SMOTEB,22,0.01754632915818027
DS19,mc.rpart_SMOTEB,rpart,SMOTEB,23,0.016927170589948224
DS19,mc.rpart_SMOTEB,rpart,SMOTEB,24,0.018866415389179447
DS19,mc.rpart_SMOTEB,rpart,SMOTEB,25,0.023318321201780963
DS19,mc.rpart_SMOTEB,rpart,SMOTEB,26,0.022261926903711145
DS19,mc.rpart_SMOTEB,rpart,SMOTEB,27,0.02255630900130807
DS19,mc.rpart_SMOTEB,rpart,SMOTEB,28,0.024302055127325743
DS19,mc.rpart_SMOTEB,rpart,SMOTEB,29,0.022968515919045192
DS19,mc.rpart_SMOTEB,rpart,SMOTEB,30,0.0191641451015253
DS19,mc.rpart_SMOTEB,rpart,SMOTEB,31,0.02061890370164568
DS19,mc.rpart_SMOTEB,rpart,SMOTEB,32,0.02032311461230111
DS19,mc.rpart_SMOTEB,rpart,SMOTEB,33,0.020124038923746274
DS19,mc.rpart_SMOTEB,rpart,SMOTEB,34,0.020644004168932622
DS19,mc.rpart_SMOTEB,rpart,SMOTEB,35,0.018382874865905896
DS19,mc.rpart_SMOTEB,rpart,SMOTEB,36,0.01878240862805257
DS19,mc.rpart_SMOTEB,rpart,SMOTEB,37,0.019072626352965562
DS19,mc.rpart_SMOTEB,rpart,SMOTEB,38,0.019078446002694135
DS19,mc.rpart_SMOTEB,rpart,SMOTEB,39,0.01938923635766671
DS19,mc.rpart_SMOTEB,rpart,SMOTEB,40,0.01888742653362198
DS19,mc.rpart_SMOTEB,rpart,SMOTEB,41,0.0193898425328237
DS19,mc.rpart_SMOTEB,rpart,SMOTEB,42,0.018603332685793374
DS19,mc.rpart_SMOTEB,rpart,SMOTEB,43,0.01806746993015182
DS19,mc.rpart_SMOTEB,rpart,SMOTEB,44,0.018657805063966557
DS19,mc.rpart_SMOTEB,rpart,SMOTEB,45,0.01779383965971431
DS19,mc.rpart_SMOTEB,rpart,SMOTEB,46,0.021900529094306592
DS19,mc.rpart_SMOTEB,rpart,SMOTEB,47,0.020312713498099186
DS19,mc.rpart_SMOTEB,rpart,SMOTEB,48,0.018409185876182173
DS19,mc.rpart_SMOTEB,rpart,SMOTEB,49,0.016634541869547947
DS19,mc.rpart_SMOTEB,rpart,SMOTEB,50,0.017879528431769355
DS19,mc.rpart_SMOTETPhi,rpart,SMOTETPhi,1,0.026637355065237515
DS19,mc.rpart_SMOTETPhi,rpart,SMOTETPhi,2,0.0254814608877689
DS19,mc.rpart_SMOTETPhi,rpart,SMOTETPhi,3,0.02856244596981941
DS19,mc.rpart_SMOTETPhi,rpart,SMOTETPhi,4,0.02368134203944313
DS19,mc.rpart_SMOTETPhi,rpart,SMOTETPhi,5,0.02455393353240538
DS19,mc.rpart_SMOTETPhi,rpart,SMOTETPhi,6,0.02384999532325137
DS19,mc.rpart_SMOTETPhi,rpart,SMOTETPhi,7,0.025947389148446836
DS19,mc.rpart_SMOTETPhi,rpart,SMOTETPhi,8,0.02528130298144094
DS19,mc.rpart_SMOTETPhi,rpart,SMOTETPhi,9,0.023665328503411194
DS19,mc.rpart_SMOTETPhi,rpart,SMOTETPhi,10,0.027882199370294236
DS19,mc.rpart_SMOTETPhi,rpart,SMOTETPhi,11,0.024015542139950795
DS19,mc.rpart_SMOTETPhi,rpart,SMOTETPhi,12,0.02692819534073119
DS19,mc.rpart_SMOTETPhi,rpart,SMOTETPhi,13,0.02290635132791122
DS19,mc.rpart_SMOTETPhi,rpart,SMOTETPhi,14,0.02400366337286644
DS19,mc.rpart_SMOTETPhi,rpart,SMOTETPhi,15,0.023772536614466145
DS19,mc.rpart_SMOTETPhi,rpart,SMOTETPhi,16,0.024035770571975437
DS19,mc.rpart_SMOTETPhi,rpart,SMOTETPhi,17,0.023354690569421653
DS19,mc.rpart_SMOTETPhi,rpart,SMOTETPhi,18,0.022955533330272514
DS19,mc.rpart_SMOTETPhi,rpart,SMOTETPhi,19,0.02259151214787661
DS19,mc.rpart_SMOTETPhi,rpart,SMOTETPhi,20,0.02039447301766913
DS19,mc.rpart_SMOTETPhi,rpart,SMOTETPhi,21,0.02238629567566983
DS19,mc.rpart_SMOTETPhi,rpart,SMOTETPhi,22,0.022316420210443073
DS19,mc.rpart_SMOTETPhi,rpart,SMOTETPhi,23,0.020577025521287713
DS19,mc.rpart_SMOTETPhi,rpart,SMOTETPhi,24,0.022514763262383594
DS19,mc.rpart_SMOTETPhi,rpart,SMOTETPhi,25,0.024123695984064233
DS19,mc.rpart_SMOTETPhi,rpart,SMOTETPhi,26,0.02221244065654208
DS19,mc.rpart_SMOTETPhi,rpart,SMOTETPhi,27,0.024058621780818606
DS19,mc.rpart_SMOTETPhi,rpart,SMOTETPhi,28,0.023198561081006215
DS19,mc.rpart_SMOTETPhi,rpart,SMOTETPhi,29,0.02369254853653088
DS19,mc.rpart_SMOTETPhi,rpart,SMOTETPhi,30,0.024052199550676896
DS19,mc.rpart_SMOTETPhi,rpart,SMOTETPhi,31,0.022206131640393627
DS19,mc.rpart_SMOTETPhi,rpart,SMOTETPhi,32,0.020801226159865054
DS19,mc.rpart_SMOTETPhi,rpart,SMOTETPhi,33,0.021501884595826234
DS19,mc.rpart_SMOTETPhi,rpart,SMOTETPhi,34,0.020451559425386796
DS19,mc.rpart_SMOTETPhi,rpart,SMOTETPhi,35,0.021834282222135865
DS19,mc.rpart_SMOTETPhi,rpart,SMOTETPhi,36,0.021812145231555523
DS19,mc.rpart_SMOTETPhi,rpart,SMOTETPhi,37,0.01954179497436726
DS19,mc.rpart_SMOTETPhi,rpart,SMOTETPhi,38,0.020068477129849507
DS19,mc.rpart_SMOTETPhi,rpart,SMOTETPhi,39,0.02139174628687391
DS19,mc.rpart_SMOTETPhi,rpart,SMOTETPhi,40,0.022642205420474956
DS19,mc.rpart_SMOTETPhi,rpart,SMOTETPhi,41,0.020187638609843902
DS19,mc.rpart_SMOTETPhi,rpart,SMOTETPhi,42,0.018764641835890328
DS19,mc.rpart_SMOTETPhi,rpart,SMOTETPhi,43,0.02205882280548141
DS19,mc.rpart_SMOTETPhi,rpart,SMOTETPhi,44,0.018813192714666183
DS19,mc.rpart_SMOTETPhi,rpart,SMOTETPhi,45,0.020194240448440752
DS19,mc.rpart_SMOTETPhi,rpart,SMOTETPhi,46,0.02003516850050149
DS19,mc.rpart_SMOTETPhi,rpart,SMOTETPhi,47,0.020065326828585455
DS19,mc.rpart_SMOTETPhi,rpart,SMOTETPhi,48,0.016588700659728523
DS19,mc.rpart_SMOTETPhi,rpart,SMOTETPhi,49,0.02071271017316777
DS19,mc.rpart_SMOTETPhi,rpart,SMOTETPhi,50,0.02280166869250728
DS19,mc.rpart_SMOTET,rpart,SMOTET,1,0.0255553498051245
DS19,mc.rpart_SMOTET,rpart,SMOTET,2,0.024435588537684537
DS19,mc.rpart_SMOTET,rpart,SMOTET,3,0.025540051769692457
DS19,mc.rpart_SMOTET,rpart,SMOTET,4,0.023245316401064708
DS19,mc.rpart_SMOTET,rpart,SMOTET,5,0.021994513352413
DS19,mc.rpart_SMOTET,rpart,SMOTET,6,0.025029313214259954
DS19,mc.rpart_SMOTET,rpart,SMOTET,7,0.02529297479043767
DS19,mc.rpart_SMOTET,rpart,SMOTET,8,0.02473544115200759
DS19,mc.rpart_SMOTET,rpart,SMOTET,9,0.024136793350736912
DS19,mc.rpart_SMOTET,rpart,SMOTET,10,0.021828530661234632
DS19,mc.rpart_SMOTET,rpart,SMOTET,11,0.022244416542411466
DS19,mc.rpart_SMOTET,rpart,SMOTET,12,0.024229124770018467
DS19,mc.rpart_SMOTET,rpart,SMOTET,13,0.024152199184778806
DS19,mc.rpart_SMOTET,rpart,SMOTET,14,0.023476650108674647
DS19,mc.rpart_SMOTET,rpart,SMOTET,15,0.02372758006652296
DS19,mc.rpart_SMOTET,rpart,SMOTET,16,0.02137388998889142
DS19,mc.rpart_SMOTET,rpart,SMOTET,17,0.02297410502817711
DS19,mc.rpart_SMOTET,rpart,SMOTET,18,0.02361412374874365
DS19,mc.rpart_SMOTET,rpart,SMOTET,19,0.022029601295070377
DS19,mc.rpart_SMOTET,rpart,SMOTET,20,0.019089339938456167
DS19,mc.rpart_SMOTET,rpart,SMOTET,21,0.01767540048085622
DS19,mc.rpart_SMOTET,rpart,SMOTET,22,0.018113376848018774
DS19,mc.rpart_SMOTET,rpart,SMOTET,23,0.017590409364053233
DS19,mc.rpart_SMOTET,rpart,SMOTET,24,0.01851989408417016
DS19,mc.rpart_SMOTET,rpart,SMOTET,25,0.023136053951240673
DS19,mc.rpart_SMOTET,rpart,SMOTET,26,0.022114997588974443
DS19,mc.rpart_SMOTET,rpart,SMOTET,27,0.021172431777986264
DS19,mc.rpart_SMOTET,rpart,SMOTET,28,0.019109162830497444
DS19,mc.rpart_SMOTET,rpart,SMOTET,29,0.02036951531226773
DS19,mc.rpart_SMOTET,rpart,SMOTET,30,0.022052825878271044
DS19,mc.rpart_SMOTET,rpart,SMOTET,31,0.019866092347604374
DS19,mc.rpart_SMOTET,rpart,SMOTET,32,0.018762428034307707
DS19,mc.rpart_SMOTET,rpart,SMOTET,33,0.020120982556247415
DS19,mc.rpart_SMOTET,rpart,SMOTET,34,0.020812738351490872
DS19,mc.rpart_SMOTET,rpart,SMOTET,35,0.01951465320076487
DS19,mc.rpart_SMOTET,rpart,SMOTET,36,0.018166136162079273
DS19,mc.rpart_SMOTET,rpart,SMOTET,37,0.018440402006863463
DS19,mc.rpart_SMOTET,rpart,SMOTET,38,0.021090996047543074
DS19,mc.rpart_SMOTET,rpart,SMOTET,39,0.017184582407580796
DS19,mc.rpart_SMOTET,rpart,SMOTET,40,0.01977240610267832
DS19,mc.rpart_SMOTET,rpart,SMOTET,41,0.017706941443539334
DS19,mc.rpart_SMOTET,rpart,SMOTET,42,0.018924300964018596
DS19,mc.rpart_SMOTET,rpart,SMOTET,43,0.019218174753724806
DS19,mc.rpart_SMOTET,rpart,SMOTET,44,0.01678374279521823
DS19,mc.rpart_SMOTET,rpart,SMOTET,45,0.018116258082101058
DS19,mc.rpart_SMOTET,rpart,SMOTET,46,0.014565205686785725
DS19,mc.rpart_SMOTET,rpart,SMOTET,47,0.018015245211681193
DS19,mc.rpart_SMOTET,rpart,SMOTET,48,0.015730815634489463
DS19,mc.rpart_SMOTET,rpart,SMOTET,49,0.01803323743209607
DS19,mc.rpart_SMOTET,rpart,SMOTET,50,0.016817071370779976
DS19,mc.rpart_UNDERB,rpart,UNDERB,1,0.02662133047659038
DS19,mc.rpart_UNDERB,rpart,UNDERB,2,0.0254577940468041
DS19,mc.rpart_UNDERB,rpart,UNDERB,3,0.02397500623244691
DS19,mc.rpart_UNDERB,rpart,UNDERB,4,0.02569745419261815
DS19,mc.rpart_UNDERB,rpart,UNDERB,5,0.02960503549625935
DS19,mc.rpart_UNDERB,rpart,UNDERB,6,0.027236745882670804
DS19,mc.rpart_UNDERB,rpart,UNDERB,7,0.024953352656290423
DS19,mc.rpart_UNDERB,rpart,UNDERB,8,0.028598083369569146
DS19,mc.rpart_UNDERB,rpart,UNDERB,9,0.022903887452255425
DS19,mc.rpart_UNDERB,rpart,UNDERB,10,0.026852570539691964
DS19,mc.rpart_UNDERB,rpart,UNDERB,11,0.023667289593292815
DS19,mc.rpart_UNDERB,rpart,UNDERB,12,0.02111839941499375
DS19,mc.rpart_UNDERB,rpart,UNDERB,13,0.021359771166066886
DS19,mc.rpart_UNDERB,rpart,UNDERB,14,0.022939827125254345
DS19,mc.rpart_UNDERB,rpart,UNDERB,15,0.021309411298674474
DS19,mc.rpart_UNDERB,rpart,UNDERB,16,0.024487693744358236
DS19,mc.rpart_UNDERB,rpart,UNDERB,17,0.02154624080675855
DS19,mc.rpart_UNDERB,rpart,UNDERB,18,0.0225220882415623
DS19,mc.rpart_UNDERB,rpart,UNDERB,19,0.021267217802768214
DS19,mc.rpart_UNDERB,rpart,UNDERB,20,0.022924374608245777
DS19,mc.rpart_UNDERB,rpart,UNDERB,21,0.0211040965109425
DS19,mc.rpart_UNDERB,rpart,UNDERB,22,0.020204498926825597
DS19,mc.rpart_UNDERB,rpart,UNDERB,23,0.02182837265718825
DS19,mc.rpart_UNDERB,rpart,UNDERB,24,0.020655138858425962
DS19,mc.rpart_UNDERB,rpart,UNDERB,25,0.0197364280329845
DS19,mc.rpart_UNDERB,rpart,UNDERB,26,0.02040163597440079
DS19,mc.rpart_UNDERB,rpart,UNDERB,27,0.020506769591565895
DS19,mc.rpart_UNDERB,rpart,UNDERB,28,0.020727902873426924
DS19,mc.rpart_UNDERB,rpart,UNDERB,29,0.021833518528676266
DS19,mc.rpart_UNDERB,rpart,UNDERB,30,0.018906492356374392
DS19,mc.rpart_UNDERB,rpart,UNDERB,31,0.021280541087906144
DS19,mc.rpart_UNDERB,rpart,UNDERB,32,0.021218304487703295
DS19,mc.rpart_UNDERB,rpart,UNDERB,33,0.01997955686889931
DS19,mc.rpart_UNDERB,rpart,UNDERB,34,0.020690679867953695
DS19,mc.rpart_UNDERB,rpart,UNDERB,35,0.01961970878941948
DS19,mc.rpart_UNDERB,rpart,UNDERB,36,0.022368950627027817
DS19,mc.rpart_UNDERB,rpart,UNDERB,37,0.022241808776851116
DS19,mc.rpart_UNDERB,rpart,UNDERB,38,0.024969833224166554
DS19,mc.rpart_UNDERB,rpart,UNDERB,39,0.021713799254339937
DS19,mc.rpart_UNDERB,rpart,UNDERB,40,0.019718383632448492
DS19,mc.rpart_UNDERB,rpart,UNDERB,41,0.021936340237484083
DS19,mc.rpart_UNDERB,rpart,UNDERB,42,0.017974589131733883
DS19,mc.rpart_UNDERB,rpart,UNDERB,43,0.01617208482170507
DS19,mc.rpart_UNDERB,rpart,UNDERB,44,0.018299255051908485
DS19,mc.rpart_UNDERB,rpart,UNDERB,45,0.016414735926828523
DS19,mc.rpart_UNDERB,rpart,UNDERB,46,0.016540360619338706
DS19,mc.rpart_UNDERB,rpart,UNDERB,47,0.017693892907776326
DS19,mc.rpart_UNDERB,rpart,UNDERB,48,0.01895141987902535
DS19,mc.rpart_UNDERB,rpart,UNDERB,49,0.01699148254170359
DS19,mc.rpart_UNDERB,rpart,UNDERB,50,0.017149893355054
DS19,mc.rpart_UNDERTPhi,rpart,UNDERTPhi,1,0.024958019077533762
DS19,mc.rpart_UNDERTPhi,rpart,UNDERTPhi,2,0.02577742651751887
DS19,mc.rpart_UNDERTPhi,rpart,UNDERTPhi,3,0.02628409621442652
DS19,mc.rpart_UNDERTPhi,rpart,UNDERTPhi,4,0.02633522797649642
DS19,mc.rpart_UNDERTPhi,rpart,UNDERTPhi,5,0.028392260420377846
DS19,mc.rpart_UNDERTPhi,rpart,UNDERTPhi,6,0.024518822752030472
DS19,mc.rpart_UNDERTPhi,rpart,UNDERTPhi,7,0.02694025623912035
DS19,mc.rpart_UNDERTPhi,rpart,UNDERTPhi,8,0.02702875998933978
DS19,mc.rpart_UNDERTPhi,rpart,UNDERTPhi,9,0.026428529423859412
DS19,mc.rpart_UNDERTPhi,rpart,UNDERTPhi,10,0.023341112733350947
DS19,mc.rpart_UNDERTPhi,rpart,UNDERTPhi,11,0.026971883717134146
DS19,mc.rpart_UNDERTPhi,rpart,UNDERTPhi,12,0.024305042072225443
DS19,mc.rpart_UNDERTPhi,rpart,UNDERTPhi,13,0.022459036006983263
DS19,mc.rpart_UNDERTPhi,rpart,UNDERTPhi,14,0.023197334180188097
DS19,mc.rpart_UNDERTPhi,rpart,UNDERTPhi,15,0.023222638732670883
DS19,mc.rpart_UNDERTPhi,rpart,UNDERTPhi,16,0.02313290651913338
DS19,mc.rpart_UNDERTPhi,rpart,UNDERTPhi,17,0.02300007250240799
DS19,mc.rpart_UNDERTPhi,rpart,UNDERTPhi,18,0.023606909086745665
DS19,mc.rpart_UNDERTPhi,rpart,UNDERTPhi,19,0.02361766133799001
DS19,mc.rpart_UNDERTPhi,rpart,UNDERTPhi,20,0.024379206460003345
DS19,mc.rpart_UNDERTPhi,rpart,UNDERTPhi,21,0.02380671936406076
DS19,mc.rpart_UNDERTPhi,rpart,UNDERTPhi,22,0.02376329099581623
DS19,mc.rpart_UNDERTPhi,rpart,UNDERTPhi,23,0.02711539426750814
DS19,mc.rpart_UNDERTPhi,rpart,UNDERTPhi,24,0.026841838202986933
DS19,mc.rpart_UNDERTPhi,rpart,UNDERTPhi,25,0.021499907984317394
DS19,mc.rpart_UNDERTPhi,rpart,UNDERTPhi,26,0.022136692713042323
DS19,mc.rpart_UNDERTPhi,rpart,UNDERTPhi,27,0.02334316556235338
DS19,mc.rpart_UNDERTPhi,rpart,UNDERTPhi,28,0.021937303981271018
DS19,mc.rpart_UNDERTPhi,rpart,UNDERTPhi,29,0.023829503904311645
DS19,mc.rpart_UNDERTPhi,rpart,UNDERTPhi,30,0.018856024007425677
DS19,mc.rpart_UNDERTPhi,rpart,UNDERTPhi,31,0.0214858425949293
DS19,mc.rpart_UNDERTPhi,rpart,UNDERTPhi,32,0.02192995321978943
DS19,mc.rpart_UNDERTPhi,rpart,UNDERTPhi,33,0.020466877584899488
DS19,mc.rpart_UNDERTPhi,rpart,UNDERTPhi,34,0.020135917653617934
DS19,mc.rpart_UNDERTPhi,rpart,UNDERTPhi,35,0.02128150085800952
DS19,mc.rpart_UNDERTPhi,rpart,UNDERTPhi,36,0.01870975593552032
DS19,mc.rpart_UNDERTPhi,rpart,UNDERTPhi,37,0.018362207728716457
DS19,mc.rpart_UNDERTPhi,rpart,UNDERTPhi,38,0.022826708240911733
DS19,mc.rpart_UNDERTPhi,rpart,UNDERTPhi,39,0.017202681220650676
DS19,mc.rpart_UNDERTPhi,rpart,UNDERTPhi,40,0.023050393203077484
DS19,mc.rpart_UNDERTPhi,rpart,UNDERTPhi,41,0.02443140784264769
DS19,mc.rpart_UNDERTPhi,rpart,UNDERTPhi,42,0.02103648739618799
DS19,mc.rpart_UNDERTPhi,rpart,UNDERTPhi,43,0.018066584416592788
DS19,mc.rpart_UNDERTPhi,rpart,UNDERTPhi,44,0.020925811790850842
DS19,mc.rpart_UNDERTPhi,rpart,UNDERTPhi,45,0.02307868124205191
DS19,mc.rpart_UNDERTPhi,rpart,UNDERTPhi,46,0.018386423307281023
DS19,mc.rpart_UNDERTPhi,rpart,UNDERTPhi,47,0.022508171091675713
DS19,mc.rpart_UNDERTPhi,rpart,UNDERTPhi,48,0.019805559388782108
DS19,mc.rpart_UNDERTPhi,rpart,UNDERTPhi,49,0.019153751321532863
DS19,mc.rpart_UNDERTPhi,rpart,UNDERTPhi,50,0.024473472304824467
DS19,mc.rpart_UNDERT,rpart,UNDERT,1,0.027959324055723354
DS19,mc.rpart_UNDERT,rpart,UNDERT,2,0.02359670833573438
DS19,mc.rpart_UNDERT,rpart,UNDERT,3,0.02451468848559628
DS19,mc.rpart_UNDERT,rpart,UNDERT,4,0.0248189089328287
DS19,mc.rpart_UNDERT,rpart,UNDERT,5,0.023633137034958587
DS19,mc.rpart_UNDERT,rpart,UNDERT,6,0.027493834827694973
DS19,mc.rpart_UNDERT,rpart,UNDERT,7,0.027340223129648594
DS19,mc.rpart_UNDERT,rpart,UNDERT,8,0.023073110075220837
DS19,mc.rpart_UNDERT,rpart,UNDERT,9,0.02459260700556945
DS19,mc.rpart_UNDERT,rpart,UNDERT,10,0.025322326143216906
DS19,mc.rpart_UNDERT,rpart,UNDERT,11,0.023297772282317213
DS19,mc.rpart_UNDERT,rpart,UNDERT,12,0.02297783731338969
DS19,mc.rpart_UNDERT,rpart,UNDERT,13,0.01982833348426127
DS19,mc.rpart_UNDERT,rpart,UNDERT,14,0.023342584190708057
DS19,mc.rpart_UNDERT,rpart,UNDERT,15,0.02317745429710449
DS19,mc.rpart_UNDERT,rpart,UNDERT,16,0.02487952275329525
DS19,mc.rpart_UNDERT,rpart,UNDERT,17,0.02054085357349541
DS19,mc.rpart_UNDERT,rpart,UNDERT,18,0.02451811557663192
DS19,mc.rpart_UNDERT,rpart,UNDERT,19,0.023354767121153853
DS19,mc.rpart_UNDERT,rpart,UNDERT,20,0.022393404632220865
DS19,mc.rpart_UNDERT,rpart,UNDERT,21,0.02372546321906567
DS19,mc.rpart_UNDERT,rpart,UNDERT,22,0.021599169761285782
DS19,mc.rpart_UNDERT,rpart,UNDERT,23,0.020526558904850927
DS19,mc.rpart_UNDERT,rpart,UNDERT,24,0.021055675665694603
DS19,mc.rpart_UNDERT,rpart,UNDERT,25,0.023057318155028445
DS19,mc.rpart_UNDERT,rpart,UNDERT,26,0.02106074917540419
DS19,mc.rpart_UNDERT,rpart,UNDERT,27,0.019706930826706902
DS19,mc.rpart_UNDERT,rpart,UNDERT,28,0.018048437578576736
DS19,mc.rpart_UNDERT,rpart,UNDERT,29,0.02107859901108131
DS19,mc.rpart_UNDERT,rpart,UNDERT,30,0.02076617181870914
DS19,mc.rpart_UNDERT,rpart,UNDERT,31,0.019549801445677986
DS19,mc.rpart_UNDERT,rpart,UNDERT,32,0.019180357532288306
DS19,mc.rpart_UNDERT,rpart,UNDERT,33,0.022212364830879457
DS19,mc.rpart_UNDERT,rpart,UNDERT,34,0.01820671005037508
DS19,mc.rpart_UNDERT,rpart,UNDERT,35,0.019138504076978875
DS19,mc.rpart_UNDERT,rpart,UNDERT,36,0.01945287031400282
DS19,mc.rpart_UNDERT,rpart,UNDERT,37,0.017440760440351796
DS19,mc.rpart_UNDERT,rpart,UNDERT,38,0.020157952156919953
DS19,mc.rpart_UNDERT,rpart,UNDERT,39,0.02111649570388637
DS19,mc.rpart_UNDERT,rpart,UNDERT,40,0.02010274966464512
DS19,mc.rpart_UNDERT,rpart,UNDERT,41,0.019229470637974262
DS19,mc.rpart_UNDERT,rpart,UNDERT,42,0.015387841872187651
DS19,mc.rpart_UNDERT,rpart,UNDERT,43,0.020776985897178614
DS19,mc.rpart_UNDERT,rpart,UNDERT,44,0.017564433325014943
DS19,mc.rpart_UNDERT,rpart,UNDERT,45,0.019524080890133005
DS19,mc.rpart_UNDERT,rpart,UNDERT,46,0.018257858368484557
DS19,mc.rpart_UNDERT,rpart,UNDERT,47,0.01883313985993045
DS19,mc.rpart_UNDERT,rpart,UNDERT,48,0.016725891441528574
DS19,mc.rpart_UNDERT,rpart,UNDERT,49,0.021373277425354227
DS19,mc.rpart_UNDERT,rpart,UNDERT,50,0.01999956554216552
DS19,mc.rpart,rpart,baseline,1,0.016291938129078143
DS19,mc.rpart,rpart,baseline,2,0.016474780538365486
DS19,mc.rpart,rpart,baseline,3,0.01668712257010372
DS19,mc.rpart,rpart,baseline,4,0.016872402130271864
DS19,mc.rpart,rpart,baseline,5,0.01881495205980222
DS19,mc.rpart,rpart,baseline,6,0.015904474966241654
DS19,mc.rpart,rpart,baseline,7,0.017394299598511867
DS19,mc.rpart,rpart,baseline,8,0.01793827096162942
DS19,mc.rpart,rpart,baseline,9,0.01771482173081639
DS19,mc.rpart,rpart,baseline,10,0.017913886776725705
DS19,mc.rpart,rpart,baseline,11,0.018873551755294187
DS19,mc.rpart,rpart,baseline,12,0.018878584159344663
DS19,mc.rpart,rpart,baseline,13,0.018987104420559307
DS19,mc.rpart,rpart,baseline,14,0.018297516016719882
DS19,mc.rpart,rpart,baseline,15,0.017855059954870602
DS19,mc.rpart,rpart,baseline,16,0.018683957497038297
DS19,mc.rpart,rpart,baseline,17,0.01697441451877964
DS19,mc.rpart,rpart,baseline,18,0.017171254050136628
DS19,mc.rpart,rpart,baseline,19,0.017601085912548133
DS19,mc.rpart,rpart,baseline,20,0.017542493256519204
DS19,mc.rpart,rpart,baseline,21,0.016248722828864737
DS19,mc.rpart,rpart,baseline,22,0.016553599767598175
DS19,mc.rpart,rpart,baseline,23,0.016292384256858274
DS19,mc.rpart,rpart,baseline,24,0.015811681844566033
DS19,mc.rpart,rpart,baseline,25,0.014800239469261312
DS19,mc.rpart,rpart,baseline,26,0.015380378770186576
DS19,mc.rpart,rpart,baseline,27,0.016262262673620645
DS19,mc.rpart,rpart,baseline,28,0.016032121343496693
DS19,mc.rpart,rpart,baseline,29,0.015899508451933886
DS19,mc.rpart,rpart,baseline,30,0.014892178542528424
DS19,mc.rpart,rpart,baseline,31,0.01502188001975345
DS19,mc.rpart,rpart,baseline,32,0.015151885815024389
DS19,mc.rpart,rpart,baseline,33,0.013895629558412281
DS19,mc.rpart,rpart,baseline,34,0.013707343280127578
DS19,mc.rpart,rpart,baseline,35,0.013899638691734445
DS19,mc.rpart,rpart,baseline,36,0.014423460225075834
DS19,mc.rpart,rpart,baseline,37,0.013522366808572849
DS19,mc.rpart,rpart,baseline,38,0.01392651857048741
DS19,mc.rpart,rpart,baseline,39,0.013945940859763034
DS19,mc.rpart,rpart,baseline,40,0.01327357559161795
DS19,mc.rpart,rpart,baseline,41,0.013965530941826204
DS19,mc.rpart,rpart,baseline,42,0.012334569315695487
DS19,mc.rpart,rpart,baseline,43,0.01260311700582412
DS19,mc.rpart,rpart,baseline,44,0.011408167807694743
DS19,mc.rpart,rpart,baseline,45,0.011895437868835693
DS19,mc.rpart,rpart,baseline,46,0.011635430845551532
DS19,mc.rpart,rpart,baseline,47,0.012126179786673609
DS19,mc.rpart,rpart,baseline,48,0.012507027475581533
DS19,mc.rpart,rpart,baseline,49,0.012370240495603655
DS19,mc.rpart,rpart,baseline,50,0.013885436969181666
DS19,mc.svm_OVERB,svm,OVERB,1,0.01783063964531546
DS19,mc.svm_OVERB,svm,OVERB,2,0.018841098300894425
DS19,mc.svm_OVERB,svm,OVERB,3,0.018935870608596
DS19,mc.svm_OVERB,svm,OVERB,4,0.018594722125314943
DS19,mc.svm_OVERB,svm,OVERB,5,0.018656206471561656
DS19,mc.svm_OVERB,svm,OVERB,6,0.019486020375648172
DS19,mc.svm_OVERB,svm,OVERB,7,0.019414200607844802
DS19,mc.svm_OVERB,svm,OVERB,8,0.01933135128111171
DS19,mc.svm_OVERB,svm,OVERB,9,0.019869224442225247
DS19,mc.svm_OVERB,svm,OVERB,10,0.020015208241026487
DS19,mc.svm_OVERB,svm,OVERB,11,0.020463600446907048
DS19,mc.svm_OVERB,svm,OVERB,12,0.019951261968656583
DS19,mc.svm_OVERB,svm,OVERB,13,0.020469415967433374
DS19,mc.svm_OVERB,svm,OVERB,14,0.020359353631177485
DS19,mc.svm_OVERB,svm,OVERB,15,0.021701418369011266
DS19,mc.svm_OVERB,svm,OVERB,16,0.022090426819980004
DS19,mc.svm_OVERB,svm,OVERB,17,0.021551544415097275
DS19,mc.svm_OVERB,svm,OVERB,18,0.022784421245129076
DS19,mc.svm_OVERB,svm,OVERB,19,0.019924151259516704
DS19,mc.svm_OVERB,svm,OVERB,20,0.02165173564094442
DS19,mc.svm_OVERB,svm,OVERB,21,0.021494829567960994
DS19,mc.svm_OVERB,svm,OVERB,22,0.021537005773144394
DS19,mc.svm_OVERB,svm,OVERB,23,0.02220295089435038
DS19,mc.svm_OVERB,svm,OVERB,24,0.02220138662839023
DS19,mc.svm_OVERB,svm,OVERB,25,0.022066779631564448
DS19,mc.svm_OVERB,svm,OVERB,26,0.021889688264196343
DS19,mc.svm_OVERB,svm,OVERB,27,0.01695719107775395
DS19,mc.svm_OVERB,svm,OVERB,28,0.015823489695759297
DS19,mc.svm_OVERB,svm,OVERB,29,0.01604667791924644
DS19,mc.svm_OVERB,svm,OVERB,30,0.014198026598769713
DS19,mc.svm_OVERB,svm,OVERB,31,0.015244902251560246
DS19,mc.svm_OVERB,svm,OVERB,32,0.01442881848454181
DS19,mc.svm_OVERB,svm,OVERB,33,0.01431146893970663
DS19,mc.svm_OVERB,svm,OVERB,34,0.014078390527258152
DS19,mc.svm_OVERB,svm,OVERB,35,0.013276560173350337
DS19,mc.svm_OVERB,svm,OVERB,36,0.01354172643327679
DS19,mc.svm_OVERB,svm,OVERB,37,0.014178132458964363
DS19,mc.svm_OVERB,svm,OVERB,38,0.013632181073148099
DS19,mc.svm_OVERB,svm,OVERB,39,0.0138985622228644
DS19,mc.svm_OVERB,svm,OVERB,40,0.013741755012540498
DS19,mc.svm_OVERB,svm,OVERB,41,0.014431796913491347
DS19,mc.svm_OVERB,svm,OVERB,42,0.013206245090345719
DS19,mc.svm_OVERB,svm,OVERB,43,0.013093269322637094
DS19,mc.svm_OVERB,svm,OVERB,44,0.012426101179053066
DS19,mc.svm_OVERB,svm,OVERB,45,0.012904449651248843
DS19,mc.svm_OVERB,svm,OVERB,46,0.014152773761024143
DS19,mc.svm_OVERB,svm,OVERB,47,0.013283884852142732
DS19,mc.svm_OVERB,svm,OVERB,48,0.013480952641420149
DS19,mc.svm_OVERB,svm,OVERB,49,0.013440107110960093
DS19,mc.svm_OVERB,svm,OVERB,50,0.013637733388621289
DS19,mc.svm_OVERTPhi,svm,OVERTPhi,1,0.0189838841929175
DS19,mc.svm_OVERTPhi,svm,OVERTPhi,2,0.018844379196273162
DS19,mc.svm_OVERTPhi,svm,OVERTPhi,3,0.019339918466568375
DS19,mc.svm_OVERTPhi,svm,OVERTPhi,4,0.019129276235862275
DS19,mc.svm_OVERTPhi,svm,OVERTPhi,5,0.019520698530190145
DS19,mc.svm_OVERTPhi,svm,OVERTPhi,6,0.019876069700289427
DS19,mc.svm_OVERTPhi,svm,OVERTPhi,7,0.01772776692161877
DS19,mc.svm_OVERTPhi,svm,OVERTPhi,8,0.019909305443606033
DS19,mc.svm_OVERTPhi,svm,OVERTPhi,9,0.019490645138160057
DS19,mc.svm_OVERTPhi,svm,OVERTPhi,10,0.018923993450802284
DS19,mc.svm_OVERTPhi,svm,OVERTPhi,11,0.022682810810208884
DS19,mc.svm_OVERTPhi,svm,OVERTPhi,12,0.020117949874171235
DS19,mc.svm_OVERTPhi,svm,OVERTPhi,13,0.021655952147918267
DS19,mc.svm_OVERTPhi,svm,OVERTPhi,14,0.020640985498309332
DS19,mc.svm_OVERTPhi,svm,OVERTPhi,15,0.02141073484264758
DS19,mc.svm_OVERTPhi,svm,OVERTPhi,16,0.022014811764804767
DS19,mc.svm_OVERTPhi,svm,OVERTPhi,17,0.02158520123520368
DS19,mc.svm_OVERTPhi,svm,OVERTPhi,18,0.02060635475248874
DS19,mc.svm_OVERTPhi,svm,OVERTPhi,19,0.02223355551656419
DS19,mc.svm_OVERTPhi,svm,OVERTPhi,20,0.021506331496644465
DS19,mc.svm_OVERTPhi,svm,OVERTPhi,21,0.02131288080824789
DS19,mc.svm_OVERTPhi,svm,OVERTPhi,22,0.02098551978475401
DS19,mc.svm_OVERTPhi,svm,OVERTPhi,23,0.021211984791908483
DS19,mc.svm_OVERTPhi,svm,OVERTPhi,24,0.021255054759351865
DS19,mc.svm_OVERTPhi,svm,OVERTPhi,25,0.022223836246176503
DS19,mc.svm_OVERTPhi,svm,OVERTPhi,26,0.022643142941089985
DS19,mc.svm_OVERTPhi,svm,OVERTPhi,27,0.015611491783205436
DS19,mc.svm_OVERTPhi,svm,OVERTPhi,28,0.01658023333326605
DS19,mc.svm_OVERTPhi,svm,OVERTPhi,29,0.015843022637478627
DS19,mc.svm_OVERTPhi,svm,OVERTPhi,30,0.014784527644397555
DS19,mc.svm_OVERTPhi,svm,OVERTPhi,31,0.014817698705632997
DS19,mc.svm_OVERTPhi,svm,OVERTPhi,32,0.013592686574925239
DS19,mc.svm_OVERTPhi,svm,OVERTPhi,33,0.013763317188030316
DS19,mc.svm_OVERTPhi,svm,OVERTPhi,34,0.014490330332923615
DS19,mc.svm_OVERTPhi,svm,OVERTPhi,35,0.013232554587154501
DS19,mc.svm_OVERTPhi,svm,OVERTPhi,36,0.013595394172403116
DS19,mc.svm_OVERTPhi,svm,OVERTPhi,37,0.013204527090099052
DS19,mc.svm_OVERTPhi,svm,OVERTPhi,38,0.013259348390923922
DS19,mc.svm_OVERTPhi,svm,OVERTPhi,39,0.012930199536376228
DS19,mc.svm_OVERTPhi,svm,OVERTPhi,40,0.01245638458256249
DS19,mc.svm_OVERTPhi,svm,OVERTPhi,41,0.013105934671435648
DS19,mc.svm_OVERTPhi,svm,OVERTPhi,42,0.012773159766674902
DS19,mc.svm_OVERTPhi,svm,OVERTPhi,43,0.013406379689266057
DS19,mc.svm_OVERTPhi,svm,OVERTPhi,44,0.013900221166707999
DS19,mc.svm_OVERTPhi,svm,OVERTPhi,45,0.011939610524353975
DS19,mc.svm_OVERTPhi,svm,OVERTPhi,46,0.012286519266151704
DS19,mc.svm_OVERTPhi,svm,OVERTPhi,47,0.012022430884852053
DS19,mc.svm_OVERTPhi,svm,OVERTPhi,48,0.012776846017553904
DS19,mc.svm_OVERTPhi,svm,OVERTPhi,49,0.01263195976813176
DS19,mc.svm_OVERTPhi,svm,OVERTPhi,50,0.013271045351282314
DS19,mc.svm_OVERT,svm,OVERT,1,0.01892548441742514
DS19,mc.svm_OVERT,svm,OVERT,2,0.018752005797399975
DS19,mc.svm_OVERT,svm,OVERT,3,0.019222595681571787
DS19,mc.svm_OVERT,svm,OVERT,4,0.019081772765576793
DS19,mc.svm_OVERT,svm,OVERT,5,0.01961030382079738
DS19,mc.svm_OVERT,svm,OVERT,6,0.019861787412246378
DS19,mc.svm_OVERT,svm,OVERT,7,0.018112246907254076
DS19,mc.svm_OVERT,svm,OVERT,8,0.019450898301633407
DS19,mc.svm_OVERT,svm,OVERT,9,0.019262898706685412
DS19,mc.svm_OVERT,svm,OVERT,10,0.01885688123713094
DS19,mc.svm_OVERT,svm,OVERT,11,0.02257995283797375
DS19,mc.svm_OVERT,svm,OVERT,12,0.020055767688992567
DS19,mc.svm_OVERT,svm,OVERT,13,0.02147832573625997
DS19,mc.svm_OVERT,svm,OVERT,14,0.020370916024011622
DS19,mc.svm_OVERT,svm,OVERT,15,0.021057604731865378
DS19,mc.svm_OVERT,svm,OVERT,16,0.02163280246058365
DS19,mc.svm_OVERT,svm,OVERT,17,0.02161067367543517
DS19,mc.svm_OVERT,svm,OVERT,18,0.02099727805194152
DS19,mc.svm_OVERT,svm,OVERT,19,0.022155543821471037
DS19,mc.svm_OVERT,svm,OVERT,20,0.021664417080925955
DS19,mc.svm_OVERT,svm,OVERT,21,0.02126320711902543
DS19,mc.svm_OVERT,svm,OVERT,22,0.020948583788184146
DS19,mc.svm_OVERT,svm,OVERT,23,0.021199862293065284
DS19,mc.svm_OVERT,svm,OVERT,24,0.021244268547993553
DS19,mc.svm_OVERT,svm,OVERT,25,0.021872337329275647
DS19,mc.svm_OVERT,svm,OVERT,26,0.022518271376245572
DS19,mc.svm_OVERT,svm,OVERT,27,0.015481646615109194
DS19,mc.svm_OVERT,svm,OVERT,28,0.016452991100319014
DS19,mc.svm_OVERT,svm,OVERT,29,0.015839923385171175
DS19,mc.svm_OVERT,svm,OVERT,30,0.014761208889110035
DS19,mc.svm_OVERT,svm,OVERT,31,0.014843350096113874
DS19,mc.svm_OVERT,svm,OVERT,32,0.013467123216332016
DS19,mc.svm_OVERT,svm,OVERT,33,0.013882101665437392
DS19,mc.svm_OVERT,svm,OVERT,34,0.014496112465176573
DS19,mc.svm_OVERT,svm,OVERT,35,0.013229156366250515
DS19,mc.svm_OVERT,svm,OVERT,36,0.013641412530277487
DS19,mc.svm_OVERT,svm,OVERT,37,0.013267951684155404
DS19,mc.svm_OVERT,svm,OVERT,38,0.013289327999951894
DS19,mc.svm_OVERT,svm,OVERT,39,0.013036962197611341
DS19,mc.svm_OVERT,svm,OVERT,40,0.012519155232918744
DS19,mc.svm_OVERT,svm,OVERT,41,0.013205341640082429
DS19,mc.svm_OVERT,svm,OVERT,42,0.013237458081571717
DS19,mc.svm_OVERT,svm,OVERT,43,0.013388836462624192
DS19,mc.svm_OVERT,svm,OVERT,44,0.013841088366830604
DS19,mc.svm_OVERT,svm,OVERT,45,0.011972977732912738
DS19,mc.svm_OVERT,svm,OVERT,46,0.012559492664937815
DS19,mc.svm_OVERT,svm,OVERT,47,0.011985087303349802
DS19,mc.svm_OVERT,svm,OVERT,48,0.012835099336811878
DS19,mc.svm_OVERT,svm,OVERT,49,0.012573880688343933
DS19,mc.svm_OVERT,svm,OVERT,50,0.013138139418218953
DS19,mc.svm_SMOTEB,svm,SMOTEB,1,0.02564668851923508
DS19,mc.svm_SMOTEB,svm,SMOTEB,2,0.026331927525939863
DS19,mc.svm_SMOTEB,svm,SMOTEB,3,0.027165545111198616
DS19,mc.svm_SMOTEB,svm,SMOTEB,4,0.027958920134532
DS19,mc.svm_SMOTEB,svm,SMOTEB,5,0.027994859167893647
DS19,mc.svm_SMOTEB,svm,SMOTEB,6,0.02544445023880572
DS19,mc.svm_SMOTEB,svm,SMOTEB,7,0.024728580761122356
DS19,mc.svm_SMOTEB,svm,SMOTEB,8,0.027680383634476235
DS19,mc.svm_SMOTEB,svm,SMOTEB,9,0.030031995271769002
DS19,mc.svm_SMOTEB,svm,SMOTEB,10,0.026376247814319236
DS19,mc.svm_SMOTEB,svm,SMOTEB,11,0.027191054634682525
DS19,mc.svm_SMOTEB,svm,SMOTEB,12,0.026219783378890325
DS19,mc.svm_SMOTEB,svm,SMOTEB,13,0.026551974429391383
DS19,mc.svm_SMOTEB,svm,SMOTEB,14,0.025635508739138915
DS19,mc.svm_SMOTEB,svm,SMOTEB,15,0.028511524174248966
DS19,mc.svm_SMOTEB,svm,SMOTEB,16,0.02982375234502807
DS19,mc.svm_SMOTEB,svm,SMOTEB,17,0.031501411650455974
DS19,mc.svm_SMOTEB,svm,SMOTEB,18,0.028532788534676414
DS19,mc.svm_SMOTEB,svm,SMOTEB,19,0.02702693327386303
DS19,mc.svm_SMOTEB,svm,SMOTEB,20,0.021939894623616545
DS19,mc.svm_SMOTEB,svm,SMOTEB,21,0.020429093448278726
DS19,mc.svm_SMOTEB,svm,SMOTEB,22,0.02069958431949822
DS19,mc.svm_SMOTEB,svm,SMOTEB,23,0.020703408107581586
DS19,mc.svm_SMOTEB,svm,SMOTEB,24,0.02188262952616523
DS19,mc.svm_SMOTEB,svm,SMOTEB,25,0.03149171995141299
DS19,mc.svm_SMOTEB,svm,SMOTEB,26,0.03650021413306073
DS19,mc.svm_SMOTEB,svm,SMOTEB,27,0.028414782692274942
DS19,mc.svm_SMOTEB,svm,SMOTEB,28,0.026743570935960498
DS19,mc.svm_SMOTEB,svm,SMOTEB,29,0.02385086737958448
DS19,mc.svm_SMOTEB,svm,SMOTEB,30,0.021746480182853536
DS19,mc.svm_SMOTEB,svm,SMOTEB,31,0.02152107002342505
DS19,mc.svm_SMOTEB,svm,SMOTEB,32,0.023524029518486624
DS19,mc.svm_SMOTEB,svm,SMOTEB,33,0.021561039387482776
DS19,mc.svm_SMOTEB,svm,SMOTEB,34,0.019927986671302054
DS19,mc.svm_SMOTEB,svm,SMOTEB,35,0.02223287609302046
DS19,mc.svm_SMOTEB,svm,SMOTEB,36,0.02262992105166077
DS19,mc.svm_SMOTEB,svm,SMOTEB,37,0.022339183079105075
DS19,mc.svm_SMOTEB,svm,SMOTEB,38,0.02348283062717819
DS19,mc.svm_SMOTEB,svm,SMOTEB,39,0.021785379636473794
DS19,mc.svm_SMOTEB,svm,SMOTEB,40,0.02522997719032561
DS19,mc.svm_SMOTEB,svm,SMOTEB,41,0.020971250597664328
DS19,mc.svm_SMOTEB,svm,SMOTEB,42,0.018358418424059938
DS19,mc.svm_SMOTEB,svm,SMOTEB,43,0.021028475378610353
DS19,mc.svm_SMOTEB,svm,SMOTEB,44,0.018328493486845596
DS19,mc.svm_SMOTEB,svm,SMOTEB,45,0.017349803724908686
DS19,mc.svm_SMOTEB,svm,SMOTEB,46,0.016689870254682684
DS19,mc.svm_SMOTEB,svm,SMOTEB,47,0.01952831480205557
DS19,mc.svm_SMOTEB,svm,SMOTEB,48,0.01958948972639852
DS19,mc.svm_SMOTEB,svm,SMOTEB,49,0.017642780154403175
DS19,mc.svm_SMOTEB,svm,SMOTEB,50,0.018770079205739608
DS19,mc.svm_SMOTETPhi,svm,SMOTETPhi,1,0.023296343633935446
DS19,mc.svm_SMOTETPhi,svm,SMOTETPhi,2,0.024466438706809725
DS19,mc.svm_SMOTETPhi,svm,SMOTETPhi,3,0.02572812866395138
DS19,mc.svm_SMOTETPhi,svm,SMOTETPhi,4,0.02294426863023297
DS19,mc.svm_SMOTETPhi,svm,SMOTETPhi,5,0.022436662930990853
DS19,mc.svm_SMOTETPhi,svm,SMOTETPhi,6,0.025653793063223736
DS19,mc.svm_SMOTETPhi,svm,SMOTETPhi,7,0.025111913934778452
DS19,mc.svm_SMOTETPhi,svm,SMOTETPhi,8,0.028185128867038858
DS19,mc.svm_SMOTETPhi,svm,SMOTETPhi,9,0.027492688725766077
DS19,mc.svm_SMOTETPhi,svm,SMOTETPhi,10,0.026495440988756322
DS19,mc.svm_SMOTETPhi,svm,SMOTETPhi,11,0.02647393816355542
DS19,mc.svm_SMOTETPhi,svm,SMOTETPhi,12,0.02430299140826884
DS19,mc.svm_SMOTETPhi,svm,SMOTETPhi,13,0.02735543204994044
DS19,mc.svm_SMOTETPhi,svm,SMOTETPhi,14,0.028123398819007796
DS19,mc.svm_SMOTETPhi,svm,SMOTETPhi,15,0.028061227995997272
DS19,mc.svm_SMOTETPhi,svm,SMOTETPhi,16,0.030574519582312196
DS19,mc.svm_SMOTETPhi,svm,SMOTETPhi,17,0.027533262582597147
DS19,mc.svm_SMOTETPhi,svm,SMOTETPhi,18,0.024489115862455012
DS19,mc.svm_SMOTETPhi,svm,SMOTETPhi,19,0.025862053916165587
DS19,mc.svm_SMOTETPhi,svm,SMOTETPhi,20,0.021619439918864485
DS19,mc.svm_SMOTETPhi,svm,SMOTETPhi,21,0.021335365045950943
DS19,mc.svm_SMOTETPhi,svm,SMOTETPhi,22,0.02337370450069857
DS19,mc.svm_SMOTETPhi,svm,SMOTETPhi,23,0.025015722964162875
DS19,mc.svm_SMOTETPhi,svm,SMOTETPhi,24,0.025800594231247073
DS19,mc.svm_SMOTETPhi,svm,SMOTETPhi,25,0.029706337151338878
DS19,mc.svm_SMOTETPhi,svm,SMOTETPhi,26,0.029899047513733717
DS19,mc.svm_SMOTETPhi,svm,SMOTETPhi,27,0.02698276742358419
DS19,mc.svm_SMOTETPhi,svm,SMOTETPhi,28,0.025929155975284498
DS19,mc.svm_SMOTETPhi,svm,SMOTETPhi,29,0.027399436875095457
DS19,mc.svm_SMOTETPhi,svm,SMOTETPhi,30,0.026249549626096092
DS19,mc.svm_SMOTETPhi,svm,SMOTETPhi,31,0.022512979723534263
DS19,mc.svm_SMOTETPhi,svm,SMOTETPhi,32,0.02605100930062518
DS19,mc.svm_SMOTETPhi,svm,SMOTETPhi,33,0.02805819897486236
DS19,mc.svm_SMOTETPhi,svm,SMOTETPhi,34,0.026032006383473815
DS19,mc.svm_SMOTETPhi,svm,SMOTETPhi,35,0.026968141673844166
DS19,mc.svm_SMOTETPhi,svm,SMOTETPhi,36,0.023343252496534482
DS19,mc.svm_SMOTETPhi,svm,SMOTETPhi,37,0.025105296028183965
DS19,mc.svm_SMOTETPhi,svm,SMOTETPhi,38,0.025455265278131946
DS19,mc.svm_SMOTETPhi,svm,SMOTETPhi,39,0.022972142776564397
DS19,mc.svm_SMOTETPhi,svm,SMOTETPhi,40,0.027012749510643284
DS19,mc.svm_SMOTETPhi,svm,SMOTETPhi,41,0.024932789570157925
DS19,mc.svm_SMOTETPhi,svm,SMOTETPhi,42,0.021012053001895792
DS19,mc.svm_SMOTETPhi,svm,SMOTETPhi,43,0.023135049958040898
DS19,mc.svm_SMOTETPhi,svm,SMOTETPhi,44,0.01851695145176187
DS19,mc.svm_SMOTETPhi,svm,SMOTETPhi,45,0.020668004517449254
DS19,mc.svm_SMOTETPhi,svm,SMOTETPhi,46,0.022270349812235836
DS19,mc.svm_SMOTETPhi,svm,SMOTETPhi,47,0.021155547614808323
DS19,mc.svm_SMOTETPhi,svm,SMOTETPhi,48,0.021720816245631182
DS19,mc.svm_SMOTETPhi,svm,SMOTETPhi,49,0.01927369660988642
DS19,mc.svm_SMOTETPhi,svm,SMOTETPhi,50,0.02091843367907047
DS19,mc.svm_SMOTET,svm,SMOTET,1,0.0209129784333744
DS19,mc.svm_SMOTET,svm,SMOTET,2,0.02421718611685354
DS19,mc.svm_SMOTET,svm,SMOTET,3,0.02141369171764603
DS19,mc.svm_SMOTET,svm,SMOTET,4,0.021217240678576273
DS19,mc.svm_SMOTET,svm,SMOTET,5,0.025182289705255805
DS19,mc.svm_SMOTET,svm,SMOTET,6,0.025570968517794865
DS19,mc.svm_SMOTET,svm,SMOTET,7,0.022762231139795277
DS19,mc.svm_SMOTET,svm,SMOTET,8,0.02553493677897905
DS19,mc.svm_SMOTET,svm,SMOTET,9,0.02555951414809574
DS19,mc.svm_SMOTET,svm,SMOTET,10,0.025272738871489883
DS19,mc.svm_SMOTET,svm,SMOTET,11,0.028478433019090425
DS19,mc.svm_SMOTET,svm,SMOTET,12,0.023057533451483505
DS19,mc.svm_SMOTET,svm,SMOTET,13,0.02424590842404674
DS19,mc.svm_SMOTET,svm,SMOTET,14,0.02344314658922492
DS19,mc.svm_SMOTET,svm,SMOTET,15,0.024113428645610262
DS19,mc.svm_SMOTET,svm,SMOTET,16,0.024902484248484028
DS19,mc.svm_SMOTET,svm,SMOTET,17,0.025030777244618208
DS19,mc.svm_SMOTET,svm,SMOTET,18,0.025611592238237328
DS19,mc.svm_SMOTET,svm,SMOTET,19,0.023112440210506083
DS19,mc.svm_SMOTET,svm,SMOTET,20,0.020365758348732783
DS19,mc.svm_SMOTET,svm,SMOTET,21,0.02087348907414765
DS19,mc.svm_SMOTET,svm,SMOTET,22,0.021280669993451563
DS19,mc.svm_SMOTET,svm,SMOTET,23,0.023060970097909875
DS19,mc.svm_SMOTET,svm,SMOTET,24,0.021776425632124796
DS19,mc.svm_SMOTET,svm,SMOTET,25,0.0287687384481699
DS19,mc.svm_SMOTET,svm,SMOTET,26,0.02913086380238363
DS19,mc.svm_SMOTET,svm,SMOTET,27,0.025153415870321046
DS19,mc.svm_SMOTET,svm,SMOTET,28,0.02356888093386288
DS19,mc.svm_SMOTET,svm,SMOTET,29,0.023473316704317494
DS19,mc.svm_SMOTET,svm,SMOTET,30,0.021756487220968665
DS19,mc.svm_SMOTET,svm,SMOTET,31,0.02285577512762294
DS19,mc.svm_SMOTET,svm,SMOTET,32,0.027749936147036296
DS19,mc.svm_SMOTET,svm,SMOTET,33,0.023523822891242063
DS19,mc.svm_SMOTET,svm,SMOTET,34,0.022895902729607554
DS19,mc.svm_SMOTET,svm,SMOTET,35,0.022208565154026885
DS19,mc.svm_SMOTET,svm,SMOTET,36,0.020265003367008216
DS19,mc.svm_SMOTET,svm,SMOTET,37,0.02779143834518563
DS19,mc.svm_SMOTET,svm,SMOTET,38,0.024788615802899122
DS19,mc.svm_SMOTET,svm,SMOTET,39,0.02424548273908664
DS19,mc.svm_SMOTET,svm,SMOTET,40,0.023910045607135434
DS19,mc.svm_SMOTET,svm,SMOTET,41,0.025548269289752377
DS19,mc.svm_SMOTET,svm,SMOTET,42,0.0212648719203548
DS19,mc.svm_SMOTET,svm,SMOTET,43,0.020109727662283368
DS19,mc.svm_SMOTET,svm,SMOTET,44,0.018895596727502764
DS19,mc.svm_SMOTET,svm,SMOTET,45,0.019453006912363065
DS19,mc.svm_SMOTET,svm,SMOTET,46,0.018963550320919443
DS19,mc.svm_SMOTET,svm,SMOTET,47,0.019690158857125956
DS19,mc.svm_SMOTET,svm,SMOTET,48,0.019714421477758603
DS19,mc.svm_SMOTET,svm,SMOTET,49,0.01724321003151591
DS19,mc.svm_SMOTET,svm,SMOTET,50,0.01695638364817821
DS19,mc.svm_UNDERB,svm,UNDERB,1,0.022833180150844783
DS19,mc.svm_UNDERB,svm,UNDERB,2,0.019164434278776614
DS19,mc.svm_UNDERB,svm,UNDERB,3,0.019902400940788153
DS19,mc.svm_UNDERB,svm,UNDERB,4,0.02162525635263431
DS19,mc.svm_UNDERB,svm,UNDERB,5,0.02210995202043453
DS19,mc.svm_UNDERB,svm,UNDERB,6,0.018832934305831633
DS19,mc.svm_UNDERB,svm,UNDERB,7,0.023181266606854378
DS19,mc.svm_UNDERB,svm,UNDERB,8,0.023398396572624863
DS19,mc.svm_UNDERB,svm,UNDERB,9,0.021641331997929232
DS19,mc.svm_UNDERB,svm,UNDERB,10,0.024533367054700016
DS19,mc.svm_UNDERB,svm,UNDERB,11,0.021285146131449547
DS19,mc.svm_UNDERB,svm,UNDERB,12,0.026129800178772037
DS19,mc.svm_UNDERB,svm,UNDERB,13,0.02283775847544714
DS19,mc.svm_UNDERB,svm,UNDERB,14,0.02457812078795611
DS19,mc.svm_UNDERB,svm,UNDERB,15,0.024988650213462603
DS19,mc.svm_UNDERB,svm,UNDERB,16,0.022203014773529685
DS19,mc.svm_UNDERB,svm,UNDERB,17,0.02371784051611996
DS19,mc.svm_UNDERB,svm,UNDERB,18,0.024382494453171664
DS19,mc.svm_UNDERB,svm,UNDERB,19,0.022882423634813458
DS19,mc.svm_UNDERB,svm,UNDERB,20,0.028863651198007982
DS19,mc.svm_UNDERB,svm,UNDERB,21,0.02796340519135144
DS19,mc.svm_UNDERB,svm,UNDERB,22,0.02321732276064118
DS19,mc.svm_UNDERB,svm,UNDERB,23,0.02286433912673883
DS19,mc.svm_UNDERB,svm,UNDERB,24,0.028805571741963628
DS19,mc.svm_UNDERB,svm,UNDERB,25,0.021186974571986792
DS19,mc.svm_UNDERB,svm,UNDERB,26,0.025628560433259295
DS19,mc.svm_UNDERB,svm,UNDERB,27,0.021817912469236162
DS19,mc.svm_UNDERB,svm,UNDERB,28,0.017534687854361634
DS19,mc.svm_UNDERB,svm,UNDERB,29,0.020751572869631526
DS19,mc.svm_UNDERB,svm,UNDERB,30,0.015335003779331545
DS19,mc.svm_UNDERB,svm,UNDERB,31,0.013614541165811666
DS19,mc.svm_UNDERB,svm,UNDERB,32,0.017776425394086866
DS19,mc.svm_UNDERB,svm,UNDERB,33,0.015805766784511722
DS19,mc.svm_UNDERB,svm,UNDERB,34,0.015199961516555872
DS19,mc.svm_UNDERB,svm,UNDERB,35,0.0173561400621133
DS19,mc.svm_UNDERB,svm,UNDERB,36,0.014793649524897466
DS19,mc.svm_UNDERB,svm,UNDERB,37,0.015122469837869221
DS19,mc.svm_UNDERB,svm,UNDERB,38,0.01667813706860095
DS19,mc.svm_UNDERB,svm,UNDERB,39,0.018602921318945285
DS19,mc.svm_UNDERB,svm,UNDERB,40,0.01565723612281966
DS19,mc.svm_UNDERB,svm,UNDERB,41,0.017611509399284388
DS19,mc.svm_UNDERB,svm,UNDERB,42,0.010742960924490343
DS19,mc.svm_UNDERB,svm,UNDERB,43,0.017131019830156875
DS19,mc.svm_UNDERB,svm,UNDERB,44,0.01775883092076869
DS19,mc.svm_UNDERB,svm,UNDERB,45,0.014724642155814668
DS19,mc.svm_UNDERB,svm,UNDERB,46,0.013776032817087369
DS19,mc.svm_UNDERB,svm,UNDERB,47,0.012279314273901672
DS19,mc.svm_UNDERB,svm,UNDERB,48,0.01395280634309316
DS19,mc.svm_UNDERB,svm,UNDERB,49,0.017013120837466564
DS19,mc.svm_UNDERB,svm,UNDERB,50,0.01306447917926103
DS19,mc.svm_UNDERTPhi,svm,UNDERTPhi,1,0.022242544342310985
DS19,mc.svm_UNDERTPhi,svm,UNDERTPhi,2,0.02360792988616063
DS19,mc.svm_UNDERTPhi,svm,UNDERTPhi,3,0.02249468120206566
DS19,mc.svm_UNDERTPhi,svm,UNDERTPhi,4,0.02465395852236328
DS19,mc.svm_UNDERTPhi,svm,UNDERTPhi,5,0.02389466831349681
DS19,mc.svm_UNDERTPhi,svm,UNDERTPhi,6,0.02359654611025819
DS19,mc.svm_UNDERTPhi,svm,UNDERTPhi,7,0.02621488275712083
DS19,mc.svm_UNDERTPhi,svm,UNDERTPhi,8,0.02390181216462256
DS19,mc.svm_UNDERTPhi,svm,UNDERTPhi,9,0.028070498348689195
DS19,mc.svm_UNDERTPhi,svm,UNDERTPhi,10,0.028662330642944597
DS19,mc.svm_UNDERTPhi,svm,UNDERTPhi,11,0.024437074234778988
DS19,mc.svm_UNDERTPhi,svm,UNDERTPhi,12,0.024034233766895945
DS19,mc.svm_UNDERTPhi,svm,UNDERTPhi,13,0.02547937854639023
DS19,mc.svm_UNDERTPhi,svm,UNDERTPhi,14,0.03126669900603585
DS19,mc.svm_UNDERTPhi,svm,UNDERTPhi,15,0.024689798536608312
DS19,mc.svm_UNDERTPhi,svm,UNDERTPhi,16,0.02245888492748723
DS19,mc.svm_UNDERTPhi,svm,UNDERTPhi,17,0.027156782581107198
DS19,mc.svm_UNDERTPhi,svm,UNDERTPhi,18,0.025407216821478715
DS19,mc.svm_UNDERTPhi,svm,UNDERTPhi,19,0.02511716286552461
DS19,mc.svm_UNDERTPhi,svm,UNDERTPhi,20,0.02576830158047614
DS19,mc.svm_UNDERTPhi,svm,UNDERTPhi,21,0.023472054247771993
DS19,mc.svm_UNDERTPhi,svm,UNDERTPhi,22,0.024364639342503505
DS19,mc.svm_UNDERTPhi,svm,UNDERTPhi,23,0.0272909110457137
DS19,mc.svm_UNDERTPhi,svm,UNDERTPhi,24,0.024840975153380712
DS19,mc.svm_UNDERTPhi,svm,UNDERTPhi,25,0.027116130248126383
DS19,mc.svm_UNDERTPhi,svm,UNDERTPhi,26,0.030797064147617365
DS19,mc.svm_UNDERTPhi,svm,UNDERTPhi,27,0.019457865328571536
DS19,mc.svm_UNDERTPhi,svm,UNDERTPhi,28,0.019912886453976777
DS19,mc.svm_UNDERTPhi,svm,UNDERTPhi,29,0.01949708616078047
DS19,mc.svm_UNDERTPhi,svm,UNDERTPhi,30,0.019156877266885575
DS19,mc.svm_UNDERTPhi,svm,UNDERTPhi,31,0.01720753939691369
DS19,mc.svm_UNDERTPhi,svm,UNDERTPhi,32,0.022496926693771034
DS19,mc.svm_UNDERTPhi,svm,UNDERTPhi,33,0.01975220970733217
DS19,mc.svm_UNDERTPhi,svm,UNDERTPhi,34,0.01771278305207579
DS19,mc.svm_UNDERTPhi,svm,UNDERTPhi,35,0.01554601268041838
DS19,mc.svm_UNDERTPhi,svm,UNDERTPhi,36,0.013461265759709155
DS19,mc.svm_UNDERTPhi,svm,UNDERTPhi,37,0.019701561460661102
DS19,mc.svm_UNDERTPhi,svm,UNDERTPhi,38,0.02085503027330968
DS19,mc.svm_UNDERTPhi,svm,UNDERTPhi,39,0.017165982383533864
DS19,mc.svm_UNDERTPhi,svm,UNDERTPhi,40,0.02038746777541114
DS19,mc.svm_UNDERTPhi,svm,UNDERTPhi,41,0.018700478331924862
DS19,mc.svm_UNDERTPhi,svm,UNDERTPhi,42,0.02115249161987503
DS19,mc.svm_UNDERTPhi,svm,UNDERTPhi,43,0.02331045600633247
DS19,mc.svm_UNDERTPhi,svm,UNDERTPhi,44,0.01876258034865186
DS19,mc.svm_UNDERTPhi,svm,UNDERTPhi,45,0.01530644936911716
DS19,mc.svm_UNDERTPhi,svm,UNDERTPhi,46,0.017355388444084806
DS19,mc.svm_UNDERTPhi,svm,UNDERTPhi,47,0.015989043382387387
DS19,mc.svm_UNDERTPhi,svm,UNDERTPhi,48,0.018715804601708325
DS19,mc.svm_UNDERTPhi,svm,UNDERTPhi,49,0.013385420743889539
DS19,mc.svm_UNDERTPhi,svm,UNDERTPhi,50,0.016394809608334553
DS19,mc.svm_UNDERT,svm,UNDERT,1,0.02277773236014145
DS19,mc.svm_UNDERT,svm,UNDERT,2,0.020841164324581128
DS19,mc.svm_UNDERT,svm,UNDERT,3,0.02284856110267758
DS19,mc.svm_UNDERT,svm,UNDERT,4,0.01925870145346349
DS19,mc.svm_UNDERT,svm,UNDERT,5,0.017611665172649085
DS19,mc.svm_UNDERT,svm,UNDERT,6,0.02651711466407117
DS19,mc.svm_UNDERT,svm,UNDERT,7,0.021313454083902592
DS19,mc.svm_UNDERT,svm,UNDERT,8,0.024221060037661755
DS19,mc.svm_UNDERT,svm,UNDERT,9,0.023298325655739742
DS19,mc.svm_UNDERT,svm,UNDERT,10,0.027478336809585387
DS19,mc.svm_UNDERT,svm,UNDERT,11,0.02557876958826051
DS19,mc.svm_UNDERT,svm,UNDERT,12,0.023147697007993306
DS19,mc.svm_UNDERT,svm,UNDERT,13,0.025953873190712188
DS19,mc.svm_UNDERT,svm,UNDERT,14,0.024477154275481437
DS19,mc.svm_UNDERT,svm,UNDERT,15,0.023451615571590846
DS19,mc.svm_UNDERT,svm,UNDERT,16,0.02161251651983655
DS19,mc.svm_UNDERT,svm,UNDERT,17,0.021447259295243232
DS19,mc.svm_UNDERT,svm,UNDERT,18,0.024744817732365983
DS19,mc.svm_UNDERT,svm,UNDERT,19,0.029402529356840002
DS19,mc.svm_UNDERT,svm,UNDERT,20,0.03025857222986024
DS19,mc.svm_UNDERT,svm,UNDERT,21,0.02423665220679606
DS19,mc.svm_UNDERT,svm,UNDERT,22,0.026421825150516647
DS19,mc.svm_UNDERT,svm,UNDERT,23,0.027551196321812802
DS19,mc.svm_UNDERT,svm,UNDERT,24,0.026414254555116125
DS19,mc.svm_UNDERT,svm,UNDERT,25,0.028667941688145727
DS19,mc.svm_UNDERT,svm,UNDERT,26,0.02358199723250826
DS19,mc.svm_UNDERT,svm,UNDERT,27,0.017123904730693248
DS19,mc.svm_UNDERT,svm,UNDERT,28,0.020502309808988324
DS19,mc.svm_UNDERT,svm,UNDERT,29,0.02005290663561702
DS19,mc.svm_UNDERT,svm,UNDERT,30,0.01709343480990613
DS19,mc.svm_UNDERT,svm,UNDERT,31,0.02423030742271525
DS19,mc.svm_UNDERT,svm,UNDERT,32,0.016333821260968294
DS19,mc.svm_UNDERT,svm,UNDERT,33,0.017009043333484426
DS19,mc.svm_UNDERT,svm,UNDERT,34,0.01507881485937752
DS19,mc.svm_UNDERT,svm,UNDERT,35,0.012312628414121098
DS19,mc.svm_UNDERT,svm,UNDERT,36,0.015656318483216764
DS19,mc.svm_UNDERT,svm,UNDERT,37,0.01886911821854447
DS19,mc.svm_UNDERT,svm,UNDERT,38,0.019087105550670547
DS19,mc.svm_UNDERT,svm,UNDERT,39,0.016386216864606985
DS19,mc.svm_UNDERT,svm,UNDERT,40,0.015258595811910693
DS19,mc.svm_UNDERT,svm,UNDERT,41,0.015646072242576133
DS19,mc.svm_UNDERT,svm,UNDERT,42,0.022464722777935504
DS19,mc.svm_UNDERT,svm,UNDERT,43,0.014812749099180367
DS19,mc.svm_UNDERT,svm,UNDERT,44,0.016433973526573102
DS19,mc.svm_UNDERT,svm,UNDERT,45,0.017760307742877835
DS19,mc.svm_UNDERT,svm,UNDERT,46,0.014086262013506975
DS19,mc.svm_UNDERT,svm,UNDERT,47,0.015448966907509474
DS19,mc.svm_UNDERT,svm,UNDERT,48,0.015230116482282112
DS19,mc.svm_UNDERT,svm,UNDERT,49,0.01748934171639118
DS19,mc.svm_UNDERT,svm,UNDERT,50,0.02190032062725754
DS19,mc.svm,svm,baseline,1,0.01458626533920488
DS19,mc.svm,svm,baseline,2,0.014402152551987884
DS19,mc.svm,svm,baseline,3,0.014338191181950519
DS19,mc.svm,svm,baseline,4,0.014339171435588317
DS19,mc.svm,svm,baseline,5,0.014373404660236644
DS19,mc.svm,svm,baseline,6,0.014386762907073913
DS19,mc.svm,svm,baseline,7,0.014570509675995715
DS19,mc.svm,svm,baseline,8,0.014597801130844927
DS19,mc.svm,svm,baseline,9,0.01480082126741819
DS19,mc.svm,svm,baseline,10,0.015012655467598255
DS19,mc.svm,svm,baseline,11,0.014986430326501033
DS19,mc.svm,svm,baseline,12,0.015069312933513225
DS19,mc.svm,svm,baseline,13,0.01502081710773781
DS19,mc.svm,svm,baseline,14,0.014903369730506696
DS19,mc.svm,svm,baseline,15,0.014750406198868072
DS19,mc.svm,svm,baseline,16,0.014756275817138407
DS19,mc.svm,svm,baseline,17,0.014695095186874334
DS19,mc.svm,svm,baseline,18,0.01460650636979591
DS19,mc.svm,svm,baseline,19,0.01446812073591842
DS19,mc.svm,svm,baseline,20,0.014332317821586506
DS19,mc.svm,svm,baseline,21,0.014172420389038851
DS19,mc.svm,svm,baseline,22,0.014094942958043102
DS19,mc.svm,svm,baseline,23,0.013391385306510118
DS19,mc.svm,svm,baseline,24,0.013193331201381575
DS19,mc.svm,svm,baseline,25,0.011751024015111779
DS19,mc.svm,svm,baseline,26,0.011734610339180659
DS19,mc.svm,svm,baseline,27,0.011127109988499924
DS19,mc.svm,svm,baseline,28,0.011032008914385528
DS19,mc.svm,svm,baseline,29,0.011032054963600017
DS19,mc.svm,svm,baseline,30,0.010879694930199937
DS19,mc.svm,svm,baseline,31,0.010835501504303912
DS19,mc.svm,svm,baseline,32,0.010624808974010575
DS19,mc.svm,svm,baseline,33,0.010505460296854912
DS19,mc.svm,svm,baseline,34,0.01035627168411707
DS19,mc.svm,svm,baseline,35,0.010394124588597169
DS19,mc.svm,svm,baseline,36,0.010425065654266881
DS19,mc.svm,svm,baseline,37,0.010379749092571453
DS19,mc.svm,svm,baseline,38,0.01045450625157306
DS19,mc.svm,svm,baseline,39,0.010378969529443215
DS19,mc.svm,svm,baseline,40,0.010293541597132966
DS19,mc.svm,svm,baseline,41,0.01034838508187169
DS19,mc.svm,svm,baseline,42,0.009606909006030132
DS19,mc.svm,svm,baseline,43,0.009670638744330563
DS19,mc.svm,svm,baseline,44,0.009652733437239651
DS19,mc.svm,svm,baseline,45,0.009558025329107938
DS19,mc.svm,svm,baseline,46,0.00947016522660313
DS19,mc.svm,svm,baseline,47,0.009512200087647473
DS19,mc.svm,svm,baseline,48,0.009311928081285843
DS19,mc.svm,svm,baseline,49,0.009351474267772466
DS19,mc.svm,svm,baseline,50,0.009277137626958209
