dataset_id,workflow,model_family,strategy,iteration,rmse
DS20,mc.BDES,BDES,baseline,1,0.009024934907215463
DS20,mc.BDES,BDES,baseline,2,0.00885321708460076
DS20,mc.BDES,BDES,baseline,3,0.008713056259004003
DS20,mc.BDES,BDES,baseline,4,0.008689571694069372
DS20,mc.BDES,BDES,baseline,5,0.008662460661525324
DS20,mc.BDES,BDES,baseline,6,0.008584328763639296
DS20,mc.BDES,BDES,baseline,7,0.008606845572152811
DS20,mc.BDES,BDES,baseline,8,0.008658128567773376
DS20,mc.BDES,BDES,baseline,9,0.00895144126089528
DS20,mc.BDES,BDES,baseline,10,0.008871950601594836
DS20,mc.BDES,BDES,baseline,11,0.00900646467075389
DS20,mc.BDES,BDES,baseline,12,0.00906198267614276
DS20,mc.BDES,BDES,baseline,13,0.009011073013167788
DS20,mc.BDES,BDES,baseline,14,0.008914566645109458
DS20,mc.BDES,BDES,baseline,15,0.008947630493553684
DS20,mc.BDES,BDES,baseline,16,0.008918470685098677
DS20,mc.BDES,BDES,baseline,17,0.008889801651535571
DS20,mc.BDES,BDES,baseline,18,0.008891517320960487
DS20,mc.BDES,BDES,baseline,19,0.008964476429076506
DS20,mc.BDES,BDES,baseline,20,0.008799071699580142
DS20,mc.BDES,BDES,baseline,21,0.008864073450243844
DS20,mc.BDES,BDES,baseline,22,0.008757021117797512
DS20,mc.BDES,BDES,baseline,23,0.008682853444623157
DS20,mc.BDES,BDES,baseline,24,0.008592196886689262
DS20,mc.BDES,BDES,baseline,25,0.008331213501007718
DS20,mc.BDES,BDES,baseline,26,0.008381121819786383
DS20,mc.BDES,BDES,baseline,27,0.007497119553708588
DS20,mc.BDES,BDES,baseline,28,0.00734110429653736
DS20,mc.BDES,BDES,baseline,29,0.007060714872038888
DS20,mc.BDES,BDES,baseline,30,0.006742524050211756
DS20,mc.BDES,BDES,baseline,31,0.006799114616244368
DS20,mc.BDES,BDES,baseline,32,0.006740867314311499
DS20,mc.BDES,BDES,baseline,33,0.006473197622072186
DS20,mc.BDES,BDES,baseline,34,0.006538079966196989
DS20,mc.BDES,BDES,baseline,35,0.0064317862395068225
DS20,mc.BDES,BDES,baseline,36,0.006414581368821384
DS20,mc.BDES,BDES,baseline,37,0.006428186522810212
DS20,mc.BDES,BDES,baseline,38,0.006376681684492233
DS20,mc.BDES,BDES,baseline,39,0.006281029903226547
DS20,mc.BDES,BDES,baseline,40,0.006274478197645365
DS20,mc.BDES,BDES,baseline,41,0.006373733112457041
DS20,mc.BDES,BDES,baseline,42,0.005939927441804882
DS20,mc.BDES,BDES,baseline,43,0.005927058632600077
DS20,mc.BDES,BDES,baseline,44,0.00593084581328786
DS20,mc.BDES,BDES,baseline,45,0.005990898561705327
DS20,mc.BDES,BDES,baseline,46,0.005991536710009646
DS20,mc.BDES,BDES,baseline,47,0.005955750026853894
DS20,mc.BDES,BDES,baseline,48,0.005915811069492617
DS20,mc.BDES,BDES,baseline,49,0.0059386242603349
DS20,mc.BDES,BDES,baseline,50,0.005967327828049286
DS20,mc.arima,arima,baseline,1,0.00948925468366214
DS20,mc.arima,arima,baseline,2,0.009346824749903736
DS20,mc.arima,arima,baseline,3,0.009136159476858809
DS20,mc.arima,arima,baseline,4,0.00914725671754637
DS20,mc.arima,arima,baseline,5,0.00910373809019882
DS20,mc.arima,arima,baseline,6,0.009077577433516651
DS20,mc.arima,arima,baseline,7,0.009078917985517193
DS20,mc.arima,arima,baseline,8,0.009058372953205654
DS20,mc.arima,arima,baseline,9,0.009217014671176471
DS20,mc.arima,arima,baseline,10,0.009133074760868543
DS20,mc.arima,arima,baseline,11,0.009073496762075263
DS20,mc.arima,arima,baseline,12,0.009111819555573707
DS20,mc.arima,arima,baseline,13,0.00914729982476669
DS20,mc.arima,arima,baseline,14,0.009086118769252421
DS20,mc.arima,arima,baseline,15,0.009116438668377786
DS20,mc.arima,arima,baseline,16,0.009148993791630361
DS20,mc.arima,arima,baseline,17,0.009159358407134407
DS20,mc.arima,arima,baseline,18,0.009245013366747405
DS20,mc.arima,arima,baseline,19,0.009059201154583942
DS20,mc.arima,arima,baseline,20,0.008967595376229395
DS20,mc.arima,arima,baseline,21,0.009062111551822996
DS20,mc.arima,arima,baseline,22,0.008948167351467523
DS20,mc.arima,arima,baseline,23,0.008880067107142434
DS20,mc.arima,arima,baseline,24,0.008821277157719581
DS20,mc.arima,arima,baseline,25,0.008578885055051664
DS20,mc.arima,arima,baseline,26,0.008454316737694863
DS20,mc.arima,arima,baseline,27,0.007884578996004017
DS20,mc.arima,arima,baseline,28,0.007471996582610838
DS20,mc.arima,arima,baseline,29,0.007131592421436726
DS20,mc.arima,arima,baseline,30,0.006809938153517359
DS20,mc.arima,arima,baseline,31,0.006820849431693402
DS20,mc.arima,arima,baseline,32,0.006793054826826904
DS20,mc.arima,arima,baseline,33,0.006631603267921752
DS20,mc.arima,arima,baseline,34,0.006757299263754145
DS20,mc.arima,arima,baseline,35,0.0066796695877865495
DS20,mc.arima,arima,baseline,36,0.006616529614481569
DS20,mc.arima,arima,baseline,37,0.006594743185549663
DS20,mc.arima,arima,baseline,38,0.006460214112930124
DS20,mc.arima,arima,baseline,39,0.006412116410667195
DS20,mc.arima,arima,baseline,40,0.0063641956729241006
DS20,mc.arima,arima,baseline,41,0.006445809593217257
DS20,mc.arima,arima,baseline,42,0.006112602744800742
DS20,mc.arima,arima,baseline,43,0.006096010528179264
DS20,mc.arima,arima,baseline,44,0.006094716064792053
DS20,mc.arima,arima,baseline,45,0.006126232652771747
DS20,mc.arima,arima,baseline,46,0.006110546236950635
DS20,mc.arima,arima,baseline,47,0.006130818061065085
DS20,mc.arima,arima,baseline,48,0.006089714214380661
DS20,mc.arima,arima,baseline,49,0.0060743158057339755
DS20,mc.arima,arima,baseline,50,0.006215805083326377
DS20,mc.lm_OVERB,lm,OVERB,1,0.011447116393111512
DS20,mc.lm_OVERB,lm,OVERB,2,0.011636317287496265
DS20,mc.lm_OVERB,lm,OVERB,3,0.011867546393404357
DS20,mc.lm_OVERB,lm,OVERB,4,0.012225141324357395
DS20,mc.lm_OVERB,lm,OVERB,5,0.011753591328265766
DS20,mc.lm_OVERB,lm,OVERB,6,0.010921621718996372
DS20,mc.lm_OVERB,lm,OVERB,7,0.010864000723759593
DS20,mc.lm_OVERB,lm,OVERB,8,0.011639945317684844
DS20,mc.lm_OVERB,lm,OVERB,9,0.012325616867745071
DS20,mc.lm_OVERB,lm,OVERB,10,0.011508058339524894
DS20,mc.lm_OVERB,lm,OVERB,11,0.011756870019350567
DS20,mc.lm_OVERB,lm,OVERB,12,0.011083334035320776
DS20,mc.lm_OVERB,lm,OVERB,13,0.010895857317476734
DS20,mc.lm_OVERB,lm,OVERB,14,0.010678517959116804
DS20,mc.lm_OVERB,lm,OVERB,15,0.011006963523363979
DS20,mc.lm_OVERB,lm,OVERB,16,0.010609231857694319
DS20,mc.lm_OVERB,lm,OVERB,17,0.010893382672372855
DS20,mc.lm_OVERB,lm,OVERB,18,0.010663692030952472
DS20,mc.lm_OVERB,lm,OVERB,19,0.011182221583266106
DS20,mc.lm_OVERB,lm,OVERB,20,0.011280890564686348
DS20,mc.lm_OVERB,lm,OVERB,21,0.01097760160058278
DS20,mc.lm_OVERB,lm,OVERB,22,0.010567787757835055
DS20,mc.lm_OVERB,lm,OVERB,23,0.010987867971073033
DS20,mc.lm_OVERB,lm,OVERB,24,0.01123014816314911
DS20,mc.lm_OVERB,lm,OVERB,25,0.009850053572336691
DS20,mc.lm_OVERB,lm,OVERB,26,0.010221424387158435
DS20,mc.lm_OVERB,lm,OVERB,27,0.013191994863462186
DS20,mc.lm_OVERB,lm,OVERB,28,0.013305067755058632
DS20,mc.lm_OVERB,lm,OVERB,29,0.011603534037917846
DS20,mc.lm_OVERB,lm,OVERB,30,0.010447718228057967
DS20,mc.lm_OVERB,lm,OVERB,31,0.009640149221550768
DS20,mc.lm_OVERB,lm,OVERB,32,0.009671660695338176
DS20,mc.lm_OVERB,lm,OVERB,33,0.009524564687833307
DS20,mc.lm_OVERB,lm,OVERB,34,0.009438566588417727
DS20,mc.lm_OVERB,lm,OVERB,35,0.010030304278239274
DS20,mc.lm_OVERB,lm,OVERB,36,0.009503019069105988
DS20,mc.lm_OVERB,lm,OVERB,37,0.009843349949562855
DS20,mc.lm_OVERB,lm,OVERB,38,0.009664020167755917
DS20,mc.lm_OVERB,lm,OVERB,39,0.009744442429624767
DS20,mc.lm_OVERB,lm,OVERB,40,0.009201548764350816
DS20,mc.lm_OVERB,lm,OVERB,41,0.009420589829332481
DS20,mc.lm_OVERB,lm,OVERB,42,0.009300367666946054
DS20,mc.lm_OVERB,lm,OVERB,43,0.009201533939012381
DS20,mc.lm_OVERB,lm,OVERB,44,0.009158449615226173
DS20,mc.lm_OVERB,lm,OVERB,45,0.009220174865004309
DS20,mc.lm_OVERB,lm,OVERB,46,0.009175786933512987
DS20,mc.lm_OVERB,lm,OVERB,47,0.009404372230005596
DS20,mc.lm_OVERB,lm,OVERB,48,0.009183189146800537
DS20,mc.lm_OVERB,lm,OVERB,49,0.009464288223012091
DS20,mc.lm_OVERB,lm,OVERB,50,0.008858930974240418
DS20,mc.lm_OVERTPhi,lm,OVERTPhi,1,0.011787116589395602
DS20,mc.lm_OVERTPhi,lm,OVERTPhi,2,0.012052061421698498
DS20,mc.lm_OVERTPhi,lm,OVERTPhi,3,0.01174776240083749
DS20,mc.lm_OVERTPhi,lm,OVERTPhi,4,0.011738913828421576
DS20,mc.lm_OVERTPhi,lm,OVERTPhi,5,0.011493846936480884
DS20,mc.lm_OVERTPhi,lm,OVERTPhi,6,0.010714460777231014
DS20,mc.lm_OVERTPhi,lm,OVERTPhi,7,0.01066561527188232
DS20,mc.lm_OVERTPhi,lm,OVERTPhi,8,0.011238596075203174
DS20,mc.lm_OVERTPhi,lm,OVERTPhi,9,0.011271263140459389
DS20,mc.lm_OVERTPhi,lm,OVERTPhi,10,0.01180643827698904
DS20,mc.lm_OVERTPhi,lm,OVERTPhi,11,0.011340553381745864
DS20,mc.lm_OVERTPhi,lm,OVERTPhi,12,0.01113561737438394
DS20,mc.lm_OVERTPhi,lm,OVERTPhi,13,0.011552272127090476
DS20,mc.lm_OVERTPhi,lm,OVERTPhi,14,0.011123997179194482
DS20,mc.lm_OVERTPhi,lm,OVERTPhi,15,0.011210818366498551
DS20,mc.lm_OVERTPhi,lm,OVERTPhi,16,0.011102827143079365
DS20,mc.lm_OVERTPhi,lm,OVERTPhi,17,0.011583694698874745
DS20,mc.lm_OVERTPhi,lm,OVERTPhi,18,0.011781762009164956
DS20,mc.lm_OVERTPhi,lm,OVERTPhi,19,0.011875630074335753
DS20,mc.lm_OVERTPhi,lm,OVERTPhi,20,0.01236297529240107
DS20,mc.lm_OVERTPhi,lm,OVERTPhi,21,0.01200292744631727
DS20,mc.lm_OVERTPhi,lm,OVERTPhi,22,0.012893387138419936
DS20,mc.lm_OVERTPhi,lm,OVERTPhi,23,0.01200025998497
DS20,mc.lm_OVERTPhi,lm,OVERTPhi,24,0.012265588547965403
DS20,mc.lm_OVERTPhi,lm,OVERTPhi,25,0.011269511982450848
DS20,mc.lm_OVERTPhi,lm,OVERTPhi,26,0.011312834872420645
DS20,mc.lm_OVERTPhi,lm,OVERTPhi,27,0.01289942140919697
DS20,mc.lm_OVERTPhi,lm,OVERTPhi,28,0.013222134962766552
DS20,mc.lm_OVERTPhi,lm,OVERTPhi,29,0.012327300698809673
DS20,mc.lm_OVERTPhi,lm,OVERTPhi,30,0.010728999614776724
DS20,mc.lm_OVERTPhi,lm,OVERTPhi,31,0.010046661999957377
DS20,mc.lm_OVERTPhi,lm,OVERTPhi,32,0.009898405102172781
DS20,mc.lm_OVERTPhi,lm,OVERTPhi,33,0.01012198265551973
DS20,mc.lm_OVERTPhi,lm,OVERTPhi,34,0.00989176975672852
DS20,mc.lm_OVERTPhi,lm,OVERTPhi,35,0.010179175565043587
DS20,mc.lm_OVERTPhi,lm,OVERTPhi,36,0.010045975124790885
DS20,mc.lm_OVERTPhi,lm,OVERTPhi,37,0.01009316122346394
DS20,mc.lm_OVERTPhi,lm,OVERTPhi,38,0.009833934217655663
DS20,mc.lm_OVERTPhi,lm,OVERTPhi,39,0.009770268608688213
DS20,mc.lm_OVERTPhi,lm,OVERTPhi,40,0.009627575937280575
DS20,mc.lm_OVERTPhi,lm,OVERTPhi,41,0.009531324796678647
DS20,mc.lm_OVERTPhi,lm,OVERTPhi,42,0.00888532564639473
DS20,mc.lm_OVERTPhi,lm,OVERTPhi,43,0.00912602767621095
DS20,mc.lm_OVERTPhi,lm,OVERTPhi,44,0.00898070318473121
DS20,mc.lm_OVERTPhi,lm,OVERTPhi,45,0.00890359956112334
DS20,mc.lm_OVERTPhi,lm,OVERTPhi,46,0.008757417179695451
DS20,mc.lm_OVERTPhi,lm,OVERTPhi,47,0.008900488024175202
DS20,mc.lm_OVERTPhi,lm,OVERTPhi,48,0.009014555607100651
DS20,mc.lm_OVERTPhi,lm,OVERTPhi,49,0.008873305179749366
DS20,mc.lm_OVERTPhi,lm,OVERTPhi,50,0.008713839768971656
DS20,mc.lm_OVERT,lm,OVERT,1,0.011796807100593033
DS20,mc.lm_OVERT,lm,OVERT,2,0.011895513854176054
DS20,mc.lm_OVERT,lm,OVERT,3,0.011691548696724011
DS20,mc.lm_OVERT,lm,OVERT,4,0.01173019775658019
DS20,mc.lm_OVERT,lm,OVERT,5,0.011443715683640108
DS20,mc.lm_OVERT,lm,OVERT,6,0.010741556904827063
DS20,mc.lm_OVERT,lm,OVERT,7,0.0106757219426211
DS20,mc.lm_OVERT,lm,OVERT,8,0.011143301920131365
DS20,mc.lm_OVERT,lm,OVERT,9,0.011253018169386382
DS20,mc.lm_OVERT,lm,OVERT,10,0.011781752256710082
DS20,mc.lm_OVERT,lm,OVERT,11,0.01130193451761819
DS20,mc.lm_OVERT,lm,OVERT,12,0.011107792734618413
DS20,mc.lm_OVERT,lm,OVERT,13,0.011567237599127655
DS20,mc.lm_OVERT,lm,OVERT,14,0.011186758996420063
DS20,mc.lm_OVERT,lm,OVERT,15,0.011253153621852781
DS20,mc.lm_OVERT,lm,OVERT,16,0.01110837824499889
DS20,mc.lm_OVERT,lm,OVERT,17,0.011592665220380906
DS20,mc.lm_OVERT,lm,OVERT,18,0.011835222194456176
DS20,mc.lm_OVERT,lm,OVERT,19,0.011835708096659497
DS20,mc.lm_OVERT,lm,OVERT,20,0.012212281933981578
DS20,mc.lm_OVERT,lm,OVERT,21,0.012008967465914783
DS20,mc.lm_OVERT,lm,OVERT,22,0.012824519950125098
DS20,mc.lm_OVERT,lm,OVERT,23,0.01200025998497
DS20,mc.lm_OVERT,lm,OVERT,24,0.012301444573639183
DS20,mc.lm_OVERT,lm,OVERT,25,0.011251723451409339
DS20,mc.lm_OVERT,lm,OVERT,26,0.011636560349117068
DS20,mc.lm_OVERT,lm,OVERT,27,0.013036240475349774
DS20,mc.lm_OVERT,lm,OVERT,28,0.01306770508983678
DS20,mc.lm_OVERT,lm,OVERT,29,0.0121970434343996
DS20,mc.lm_OVERT,lm,OVERT,30,0.010685844985789955
DS20,mc.lm_OVERT,lm,OVERT,31,0.010040616522310478
DS20,mc.lm_OVERT,lm,OVERT,32,0.009875177805811838
DS20,mc.lm_OVERT,lm,OVERT,33,0.01007448219227554
DS20,mc.lm_OVERT,lm,OVERT,34,0.00983221941911986
DS20,mc.lm_OVERT,lm,OVERT,35,0.010110574423471625
DS20,mc.lm_OVERT,lm,OVERT,36,0.010038193543165925
DS20,mc.lm_OVERT,lm,OVERT,37,0.010034337183990966
DS20,mc.lm_OVERT,lm,OVERT,38,0.009782561541996943
DS20,mc.lm_OVERT,lm,OVERT,39,0.009706098860911094
DS20,mc.lm_OVERT,lm,OVERT,40,0.009640591364096666
DS20,mc.lm_OVERT,lm,OVERT,41,0.009482522766270714
DS20,mc.lm_OVERT,lm,OVERT,42,0.008862495501828643
DS20,mc.lm_OVERT,lm,OVERT,43,0.009137240534252685
DS20,mc.lm_OVERT,lm,OVERT,44,0.008935524101555554
DS20,mc.lm_OVERT,lm,OVERT,45,0.008847659179174067
DS20,mc.lm_OVERT,lm,OVERT,46,0.008720309611442769
DS20,mc.lm_OVERT,lm,OVERT,47,0.008878169678791776
DS20,mc.lm_OVERT,lm,OVERT,48,0.008995998564492038
DS20,mc.lm_OVERT,lm,OVERT,49,0.008871527717533738
DS20,mc.lm_OVERT,lm,OVERT,50,0.008651663172403594
DS20,mc.lm_SMOTEB,lm,SMOTEB,1,0.014825952121982225
DS20,mc.lm_SMOTEB,lm,SMOTEB,2,0.014840552393210275
DS20,mc.lm_SMOTEB,lm,SMOTEB,3,0.014350822669303473
DS20,mc.lm_SMOTEB,lm,SMOTEB,4,0.013887615465721743
DS20,mc.lm_SMOTEB,lm,SMOTEB,5,0.013460028233428489
DS20,mc.lm_SMOTEB,lm,SMOTEB,6,0.01415827838611524
DS20,mc.lm_SMOTEB,lm,SMOTEB,7,0.012253544966562044
DS20,mc.lm_SMOTEB,lm,SMOTEB,8,0.01416601671707065
DS20,mc.lm_SMOTEB,lm,SMOTEB,9,0.014714974663023097
DS20,mc.lm_SMOTEB,lm,SMOTEB,10,0.013918745678384454
DS20,mc.lm_SMOTEB,lm,SMOTEB,11,0.01667880313361051
DS20,mc.lm_SMOTEB,lm,SMOTEB,12,0.015215115831348705
DS20,mc.lm_SMOTEB,lm,SMOTEB,13,0.016107197830553737
DS20,mc.lm_SMOTEB,lm,SMOTEB,14,0.016590040098326996
DS20,mc.lm_SMOTEB,lm,SMOTEB,15,0.016794551799140744
DS20,mc.lm_SMOTEB,lm,SMOTEB,16,0.014258682706855437
DS20,mc.lm_SMOTEB,lm,SMOTEB,17,0.01608513547636611
DS20,mc.lm_SMOTEB,lm,SMOTEB,18,0.013315399617935587
DS20,mc.lm_SMOTEB,lm,SMOTEB,19,0.01496328484356788
DS20,mc.lm_SMOTEB,lm,SMOTEB,20,0.016943621430846788
DS20,mc.lm_SMOTEB,lm,SMOTEB,21,0.017230043288964547
DS20,mc.lm_SMOTEB,lm,SMOTEB,22,0.014794675625627708
DS20,mc.lm_SMOTEB,lm,SMOTEB,23,0.015313031177992802
DS20,mc.lm_SMOTEB,lm,SMOTEB,24,0.013885280250226876
DS20,mc.lm_SMOTEB,lm,SMOTEB,25,0.012578652762264098
DS20,mc.lm_SMOTEB,lm,SMOTEB,26,0.016370614867693298
DS20,mc.lm_SMOTEB,lm,SMOTEB,27,0.016812071968793203
DS20,mc.lm_SMOTEB,lm,SMOTEB,28,0.015942409598656688
DS20,mc.lm_SMOTEB,lm,SMOTEB,29,0.016224182498890082
DS20,mc.lm_SMOTEB,lm,SMOTEB,30,0.013619066859128098
DS20,mc.lm_SMOTEB,lm,SMOTEB,31,0.01252199273784965
DS20,mc.lm_SMOTEB,lm,SMOTEB,32,0.01286138779847613
DS20,mc.lm_SMOTEB,lm,SMOTEB,33,0.012901027644569876
DS20,mc.lm_SMOTEB,lm,SMOTEB,34,0.011477765507313538
DS20,mc.lm_SMOTEB,lm,SMOTEB,35,0.014238176759126548
DS20,mc.lm_SMOTEB,lm,SMOTEB,36,0.012355779371187684
DS20,mc.lm_SMOTEB,lm,SMOTEB,37,0.012625850629913645
DS20,mc.lm_SMOTEB,lm,SMOTEB,38,0.01298383433912085
DS20,mc.lm_SMOTEB,lm,SMOTEB,39,0.013553754221416218
DS20,mc.lm_SMOTEB,lm,SMOTEB,40,0.01100752787717942
DS20,mc.lm_SMOTEB,lm,SMOTEB,41,0.011770230607285666
DS20,mc.lm_SMOTEB,lm,SMOTEB,42,0.012408527864634583
DS20,mc.lm_SMOTEB,lm,SMOTEB,43,0.01217841425900842
DS20,mc.lm_SMOTEB,lm,SMOTEB,44,0.01125464688677369
DS20,mc.lm_SMOTEB,lm,SMOTEB,45,0.011840807892680442
DS20,mc.lm_SMOTEB,lm,SMOTEB,46,0.012545330444923371
DS20,mc.lm_SMOTEB,lm,SMOTEB,47,0.012106045918742982
DS20,mc.lm_SMOTEB,lm,SMOTEB,48,0.012921370250763177
DS20,mc.lm_SMOTEB,lm,SMOTEB,49,0.011603375397429302
DS20,mc.lm_SMOTEB,lm,SMOTEB,50,0.01266059963165734
DS20,mc.lm_SMOTETPhi,lm,SMOTETPhi,1,0.015266331530352673
DS20,mc.lm_SMOTETPhi,lm,SMOTETPhi,2,0.015727789973722848
DS20,mc.lm_SMOTETPhi,lm,SMOTETPhi,3,0.016121554072725093
DS20,mc.lm_SMOTETPhi,lm,SMOTETPhi,4,0.01599617435941671
DS20,mc.lm_SMOTETPhi,lm,SMOTETPhi,5,0.01603952722116856
DS20,mc.lm_SMOTETPhi,lm,SMOTETPhi,6,0.014381942571818027
DS20,mc.lm_SMOTETPhi,lm,SMOTETPhi,7,0.014481592875295742
DS20,mc.lm_SMOTETPhi,lm,SMOTETPhi,8,0.014992620227028937
DS20,mc.lm_SMOTETPhi,lm,SMOTETPhi,9,0.01415195771926368
DS20,mc.lm_SMOTETPhi,lm,SMOTETPhi,10,0.015853893678270344
DS20,mc.lm_SMOTETPhi,lm,SMOTETPhi,11,0.016857200975318166
DS20,mc.lm_SMOTETPhi,lm,SMOTETPhi,12,0.01712147040096417
DS20,mc.lm_SMOTETPhi,lm,SMOTETPhi,13,0.018143306053362687
DS20,mc.lm_SMOTETPhi,lm,SMOTETPhi,14,0.020208271641546302
DS20,mc.lm_SMOTETPhi,lm,SMOTETPhi,15,0.018876724871574567
DS20,mc.lm_SMOTETPhi,lm,SMOTETPhi,16,0.012396465070632271
DS20,mc.lm_SMOTETPhi,lm,SMOTETPhi,17,0.013022607231751703
DS20,mc.lm_SMOTETPhi,lm,SMOTETPhi,18,0.012151624280950641
DS20,mc.lm_SMOTETPhi,lm,SMOTETPhi,19,0.01705952230577915
DS20,mc.lm_SMOTETPhi,lm,SMOTETPhi,20,0.016703725444581916
DS20,mc.lm_SMOTETPhi,lm,SMOTETPhi,21,0.01705185199262963
DS20,mc.lm_SMOTETPhi,lm,SMOTETPhi,22,0.016207816658886584
DS20,mc.lm_SMOTETPhi,lm,SMOTETPhi,23,0.0148183028568408
DS20,mc.lm_SMOTETPhi,lm,SMOTETPhi,24,0.015296376289684714
DS20,mc.lm_SMOTETPhi,lm,SMOTETPhi,25,0.016237134740322335
DS20,mc.lm_SMOTETPhi,lm,SMOTETPhi,26,0.021721883504321388
DS20,mc.lm_SMOTETPhi,lm,SMOTETPhi,27,0.019421935362873562
DS20,mc.lm_SMOTETPhi,lm,SMOTETPhi,28,0.015089964986670595
DS20,mc.lm_SMOTETPhi,lm,SMOTETPhi,29,0.01878349581736538
DS20,mc.lm_SMOTETPhi,lm,SMOTETPhi,30,0.016549638452228455
DS20,mc.lm_SMOTETPhi,lm,SMOTETPhi,31,0.013088797100793689
DS20,mc.lm_SMOTETPhi,lm,SMOTETPhi,32,0.012926737943887517
DS20,mc.lm_SMOTETPhi,lm,SMOTETPhi,33,0.012467864788245842
DS20,mc.lm_SMOTETPhi,lm,SMOTETPhi,34,0.010272197793056019
DS20,mc.lm_SMOTETPhi,lm,SMOTETPhi,35,0.011840688851875903
DS20,mc.lm_SMOTETPhi,lm,SMOTETPhi,36,0.011575594823405864
DS20,mc.lm_SMOTETPhi,lm,SMOTETPhi,37,0.012325349119799987
DS20,mc.lm_SMOTETPhi,lm,SMOTETPhi,38,0.013212474214345576
DS20,mc.lm_SMOTETPhi,lm,SMOTETPhi,39,0.013756930200712125
DS20,mc.lm_SMOTETPhi,lm,SMOTETPhi,40,0.013093455677866498
DS20,mc.lm_SMOTETPhi,lm,SMOTETPhi,41,0.012993930257999105
DS20,mc.lm_SMOTETPhi,lm,SMOTETPhi,42,0.014814668050800337
DS20,mc.lm_SMOTETPhi,lm,SMOTETPhi,43,0.012483543898281588
DS20,mc.lm_SMOTETPhi,lm,SMOTETPhi,44,0.01067685630664725
DS20,mc.lm_SMOTETPhi,lm,SMOTETPhi,45,0.015215291634601391
DS20,mc.lm_SMOTETPhi,lm,SMOTETPhi,46,0.011636001780979312
DS20,mc.lm_SMOTETPhi,lm,SMOTETPhi,47,0.012083436820510725
DS20,mc.lm_SMOTETPhi,lm,SMOTETPhi,48,0.012488536380438214
DS20,mc.lm_SMOTETPhi,lm,SMOTETPhi,49,0.013711340062972893
DS20,mc.lm_SMOTETPhi,lm,SMOTETPhi,50,0.009851874152160385
DS20,mc.lm_SMOTET,lm,SMOTET,1,0.014524664950522098
DS20,mc.lm_SMOTET,lm,SMOTET,2,0.014678326113461409
DS20,mc.lm_SMOTET,lm,SMOTET,3,0.016666851166626646
DS20,mc.lm_SMOTET,lm,SMOTET,4,0.014535532163111209
DS20,mc.lm_SMOTET,lm,SMOTET,5,0.015873473670960477
DS20,mc.lm_SMOTET,lm,SMOTET,6,0.017175659061353384
DS20,mc.lm_SMOTET,lm,SMOTET,7,0.015924550801369366
DS20,mc.lm_SMOTET,lm,SMOTET,8,0.014819211572877706
DS20,mc.lm_SMOTET,lm,SMOTET,9,0.01375585621851454
DS20,mc.lm_SMOTET,lm,SMOTET,10,0.0150513721782796
DS20,mc.lm_SMOTET,lm,SMOTET,11,0.018361586287581753
DS20,mc.lm_SMOTET,lm,SMOTET,12,0.016911494849176284
DS20,mc.lm_SMOTET,lm,SMOTET,13,0.017546123659508014
DS20,mc.lm_SMOTET,lm,SMOTET,14,0.0186885711849285
DS20,mc.lm_SMOTET,lm,SMOTET,15,0.01709327029297126
DS20,mc.lm_SMOTET,lm,SMOTET,16,0.012821983554310027
DS20,mc.lm_SMOTET,lm,SMOTET,17,0.013290373758612362
DS20,mc.lm_SMOTET,lm,SMOTET,18,0.013348095248279984
DS20,mc.lm_SMOTET,lm,SMOTET,19,0.01700008484257504
DS20,mc.lm_SMOTET,lm,SMOTET,20,0.015271848760356872
DS20,mc.lm_SMOTET,lm,SMOTET,21,0.015946026488341734
DS20,mc.lm_SMOTET,lm,SMOTET,22,0.016194895605946547
DS20,mc.lm_SMOTET,lm,SMOTET,23,0.01624898350587141
DS20,mc.lm_SMOTET,lm,SMOTET,24,0.01662515456018538
DS20,mc.lm_SMOTET,lm,SMOTET,25,0.01639788120532204
DS20,mc.lm_SMOTET,lm,SMOTET,26,0.01649836572659546
DS20,mc.lm_SMOTET,lm,SMOTET,27,0.017010124281106525
DS20,mc.lm_SMOTET,lm,SMOTET,28,0.016622529600428225
DS20,mc.lm_SMOTET,lm,SMOTET,29,0.016116470713818956
DS20,mc.lm_SMOTET,lm,SMOTET,30,0.015158107637897811
DS20,mc.lm_SMOTET,lm,SMOTET,31,0.013761354406970084
DS20,mc.lm_SMOTET,lm,SMOTET,32,0.01334538221769671
DS20,mc.lm_SMOTET,lm,SMOTET,33,0.01172351374408472
DS20,mc.lm_SMOTET,lm,SMOTET,34,0.011624326981121747
DS20,mc.lm_SMOTET,lm,SMOTET,35,0.012556204759431863
DS20,mc.lm_SMOTET,lm,SMOTET,36,0.012656164151425316
DS20,mc.lm_SMOTET,lm,SMOTET,37,0.015473180329701977
DS20,mc.lm_SMOTET,lm,SMOTET,38,0.01152429780206805
DS20,mc.lm_SMOTET,lm,SMOTET,39,0.013797975995403833
DS20,mc.lm_SMOTET,lm,SMOTET,40,0.01181604604855224
DS20,mc.lm_SMOTET,lm,SMOTET,41,0.012316336872454616
DS20,mc.lm_SMOTET,lm,SMOTET,42,0.014461138328779762
DS20,mc.lm_SMOTET,lm,SMOTET,43,0.014252712099852969
DS20,mc.lm_SMOTET,lm,SMOTET,44,0.012686722531788328
DS20,mc.lm_SMOTET,lm,SMOTET,45,0.01127498537440925
DS20,mc.lm_SMOTET,lm,SMOTET,46,0.013953226351792842
DS20,mc.lm_SMOTET,lm,SMOTET,47,0.012690519050189097
DS20,mc.lm_SMOTET,lm,SMOTET,48,0.013653900864050387
DS20,mc.lm_SMOTET,lm,SMOTET,49,0.011877172731645342
DS20,mc.lm_SMOTET,lm,SMOTET,50,0.010122083671461066
DS20,mc.lm_UNDERB,lm,UNDERB,1,0.01604593377982549
DS20,mc.lm_UNDERB,lm,UNDERB,2,0.013208772702692658
DS20,mc.lm_UNDERB,lm,UNDERB,3,0.014823009342584143
DS20,mc.lm_UNDERB,lm,UNDERB,4,0.011497743464966787
DS20,mc.lm_UNDERB,lm,UNDERB,5,0.010596359172448952
DS20,mc.lm_UNDERB,lm,UNDERB,6,0.011176582776187025
DS20,mc.lm_UNDERB,lm,UNDERB,7,0.01052380640356916
DS20,mc.lm_UNDERB,lm,UNDERB,8,0.011617916356217771
DS20,mc.lm_UNDERB,lm,UNDERB,9,0.01356817240142065
DS20,mc.lm_UNDERB,lm,UNDERB,10,0.012587057641289014
DS20,mc.lm_UNDERB,lm,UNDERB,11,0.014409786714072318
DS20,mc.lm_UNDERB,lm,UNDERB,12,0.017734513325142396
DS20,mc.lm_UNDERB,lm,UNDERB,13,0.011574414628117612
DS20,mc.lm_UNDERB,lm,UNDERB,14,0.01192704142293606
DS20,mc.lm_UNDERB,lm,UNDERB,15,0.01321176249339591
DS20,mc.lm_UNDERB,lm,UNDERB,16,0.012610457721335847
DS20,mc.lm_UNDERB,lm,UNDERB,17,0.012290855331220499
DS20,mc.lm_UNDERB,lm,UNDERB,18,0.011739708414379912
DS20,mc.lm_UNDERB,lm,UNDERB,19,0.01202035545700523
DS20,mc.lm_UNDERB,lm,UNDERB,20,0.013055066625454394
DS20,mc.lm_UNDERB,lm,UNDERB,21,0.01280261945257029
DS20,mc.lm_UNDERB,lm,UNDERB,22,0.013219747547119224
DS20,mc.lm_UNDERB,lm,UNDERB,23,0.012206721113188343
DS20,mc.lm_UNDERB,lm,UNDERB,24,0.013570645513158093
DS20,mc.lm_UNDERB,lm,UNDERB,25,0.01100669064451367
DS20,mc.lm_UNDERB,lm,UNDERB,26,0.012359512110767487
DS20,mc.lm_UNDERB,lm,UNDERB,27,0.017209969496591537
DS20,mc.lm_UNDERB,lm,UNDERB,28,0.01896878610426679
DS20,mc.lm_UNDERB,lm,UNDERB,29,0.012483150051088014
DS20,mc.lm_UNDERB,lm,UNDERB,30,0.01213335132659533
DS20,mc.lm_UNDERB,lm,UNDERB,31,0.013612072888490031
DS20,mc.lm_UNDERB,lm,UNDERB,32,0.014583563849960957
DS20,mc.lm_UNDERB,lm,UNDERB,33,0.011337127423264705
DS20,mc.lm_UNDERB,lm,UNDERB,34,0.009547799215182604
DS20,mc.lm_UNDERB,lm,UNDERB,35,0.015440563134405052
DS20,mc.lm_UNDERB,lm,UNDERB,36,0.012588903815680487
DS20,mc.lm_UNDERB,lm,UNDERB,37,0.016766018864359196
DS20,mc.lm_UNDERB,lm,UNDERB,38,0.012922864280855904
DS20,mc.lm_UNDERB,lm,UNDERB,39,0.014573038798960113
DS20,mc.lm_UNDERB,lm,UNDERB,40,0.011931438848967522
DS20,mc.lm_UNDERB,lm,UNDERB,41,0.013124647682767327
DS20,mc.lm_UNDERB,lm,UNDERB,42,0.011568166930650851
DS20,mc.lm_UNDERB,lm,UNDERB,43,0.017178295304220884
DS20,mc.lm_UNDERB,lm,UNDERB,44,0.012224649841332473
DS20,mc.lm_UNDERB,lm,UNDERB,45,0.013120509701785672
DS20,mc.lm_UNDERB,lm,UNDERB,46,0.010339394692485317
DS20,mc.lm_UNDERB,lm,UNDERB,47,0.013838230245697422
DS20,mc.lm_UNDERB,lm,UNDERB,48,0.01216374286398224
DS20,mc.lm_UNDERB,lm,UNDERB,49,0.010109065452947126
DS20,mc.lm_UNDERB,lm,UNDERB,50,0.01230783020241863
DS20,mc.lm_UNDERTPhi,lm,UNDERTPhi,1,0.0149593687758694
DS20,mc.lm_UNDERTPhi,lm,UNDERTPhi,2,0.012780896129964896
DS20,mc.lm_UNDERTPhi,lm,UNDERTPhi,3,0.014669615017101059
DS20,mc.lm_UNDERTPhi,lm,UNDERTPhi,4,0.015159909188050725
DS20,mc.lm_UNDERTPhi,lm,UNDERTPhi,5,0.01317920757820652
DS20,mc.lm_UNDERTPhi,lm,UNDERTPhi,6,0.01220704408893804
DS20,mc.lm_UNDERTPhi,lm,UNDERTPhi,7,0.01304043728766533
DS20,mc.lm_UNDERTPhi,lm,UNDERTPhi,8,0.01456914924479092
DS20,mc.lm_UNDERTPhi,lm,UNDERTPhi,9,0.013179670912389134
DS20,mc.lm_UNDERTPhi,lm,UNDERTPhi,10,0.013811317008660035
DS20,mc.lm_UNDERTPhi,lm,UNDERTPhi,11,0.015888915216344498
DS20,mc.lm_UNDERTPhi,lm,UNDERTPhi,12,0.013503310970241472
DS20,mc.lm_UNDERTPhi,lm,UNDERTPhi,13,0.014676139072568713
DS20,mc.lm_UNDERTPhi,lm,UNDERTPhi,14,0.016054658412273895
DS20,mc.lm_UNDERTPhi,lm,UNDERTPhi,15,0.013271323272977151
DS20,mc.lm_UNDERTPhi,lm,UNDERTPhi,16,0.012257988972797158
DS20,mc.lm_UNDERTPhi,lm,UNDERTPhi,17,0.011583680974501109
DS20,mc.lm_UNDERTPhi,lm,UNDERTPhi,18,0.012630204999557845
DS20,mc.lm_UNDERTPhi,lm,UNDERTPhi,19,0.011452973259703418
DS20,mc.lm_UNDERTPhi,lm,UNDERTPhi,20,0.013099838227107339
DS20,mc.lm_UNDERTPhi,lm,UNDERTPhi,21,0.01489924874915825
DS20,mc.lm_UNDERTPhi,lm,UNDERTPhi,22,0.01484937559850187
DS20,mc.lm_UNDERTPhi,lm,UNDERTPhi,23,0.01397098914587163
DS20,mc.lm_UNDERTPhi,lm,UNDERTPhi,24,0.012476197315401345
DS20,mc.lm_UNDERTPhi,lm,UNDERTPhi,25,0.013294336263311028
DS20,mc.lm_UNDERTPhi,lm,UNDERTPhi,26,0.01650170756289761
DS20,mc.lm_UNDERTPhi,lm,UNDERTPhi,27,0.01756952861377384
DS20,mc.lm_UNDERTPhi,lm,UNDERTPhi,28,0.017386670009534973
DS20,mc.lm_UNDERTPhi,lm,UNDERTPhi,29,0.016164398104590954
DS20,mc.lm_UNDERTPhi,lm,UNDERTPhi,30,0.015322917907236909
DS20,mc.lm_UNDERTPhi,lm,UNDERTPhi,31,0.013742043112592556
DS20,mc.lm_UNDERTPhi,lm,UNDERTPhi,32,0.016092053694919933
DS20,mc.lm_UNDERTPhi,lm,UNDERTPhi,33,0.015877399773632686
DS20,mc.lm_UNDERTPhi,lm,UNDERTPhi,34,0.01745244913231002
DS20,mc.lm_UNDERTPhi,lm,UNDERTPhi,35,0.013172135435461073
DS20,mc.lm_UNDERTPhi,lm,UNDERTPhi,36,0.014656205107285962
DS20,mc.lm_UNDERTPhi,lm,UNDERTPhi,37,0.01474500782360298
DS20,mc.lm_UNDERTPhi,lm,UNDERTPhi,38,0.013871832629583383
DS20,mc.lm_UNDERTPhi,lm,UNDERTPhi,39,0.017088774230784823
DS20,mc.lm_UNDERTPhi,lm,UNDERTPhi,40,0.014382269963745638
DS20,mc.lm_UNDERTPhi,lm,UNDERTPhi,41,0.013767372338237887
DS20,mc.lm_UNDERTPhi,lm,UNDERTPhi,42,0.015549165171952473
DS20,mc.lm_UNDERTPhi,lm,UNDERTPhi,43,0.014014525245708443
DS20,mc.lm_UNDERTPhi,lm,UNDERTPhi,44,0.022898154435464373
DS20,mc.lm_UNDERTPhi,lm,UNDERTPhi,45,0.0139374466225007
DS20,mc.lm_UNDERTPhi,lm,UNDERTPhi,46,0.01394662194870649
DS20,mc.lm_UNDERTPhi,lm,UNDERTPhi,47,0.012582684202932078
DS20,mc.lm_UNDERTPhi,lm,UNDERTPhi,48,0.01510166451336137
DS20,mc.lm_UNDERTPhi,lm,UNDERTPhi,49,0.012332751755049968
DS20,mc.lm_UNDERTPhi,lm,UNDERTPhi,50,0.011825268965752646
DS20,mc.lm_UNDERT,lm,UNDERT,1,0.01435923261449241
DS20,mc.lm_UNDERT,lm,UNDERT,2,0.014134222253181538
DS20,mc.lm_UNDERT,lm,UNDERT,3,0.01497153747326249
DS20,mc.lm_UNDERT,lm,UNDERT,4,0.013221181180754464
DS20,mc.lm_UNDERT,lm,UNDERT,5,0.013452421705392804
DS20,mc.lm_UNDERT,lm,UNDERT,6,0.011711374736451145
DS20,mc.lm_UNDERT,lm,UNDERT,7,0.012688697064933798
DS20,mc.lm_UNDERT,lm,UNDERT,8,0.012985799429713285
DS20,mc.lm_UNDERT,lm,UNDERT,9,0.014622203084685583
DS20,mc.lm_UNDERT,lm,UNDERT,10,0.014847842330393471
DS20,mc.lm_UNDERT,lm,UNDERT,11,0.013444183771190268
DS20,mc.lm_UNDERT,lm,UNDERT,12,0.014353834627045725
DS20,mc.lm_UNDERT,lm,UNDERT,13,0.017178936057002655
DS20,mc.lm_UNDERT,lm,UNDERT,14,0.011661629737555251
DS20,mc.lm_UNDERT,lm,UNDERT,15,0.015923227149136278
DS20,mc.lm_UNDERT,lm,UNDERT,16,0.014205708450762985
DS20,mc.lm_UNDERT,lm,UNDERT,17,0.011330849886098367
DS20,mc.lm_UNDERT,lm,UNDERT,18,0.013844442712424545
DS20,mc.lm_UNDERT,lm,UNDERT,19,0.014931514516898416
DS20,mc.lm_UNDERT,lm,UNDERT,20,0.01525625646045678
DS20,mc.lm_UNDERT,lm,UNDERT,21,0.017846201410937807
DS20,mc.lm_UNDERT,lm,UNDERT,22,0.014623994725066142
DS20,mc.lm_UNDERT,lm,UNDERT,23,0.012497432093200932
DS20,mc.lm_UNDERT,lm,UNDERT,24,0.014766186096161146
DS20,mc.lm_UNDERT,lm,UNDERT,25,0.012871479223710128
DS20,mc.lm_UNDERT,lm,UNDERT,26,0.012465803162496786
DS20,mc.lm_UNDERT,lm,UNDERT,27,0.014107907662066566
DS20,mc.lm_UNDERT,lm,UNDERT,28,0.013935786816881656
DS20,mc.lm_UNDERT,lm,UNDERT,29,0.010576101230305527
DS20,mc.lm_UNDERT,lm,UNDERT,30,0.018467761457882526
DS20,mc.lm_UNDERT,lm,UNDERT,31,0.013850075280471575
DS20,mc.lm_UNDERT,lm,UNDERT,32,0.012645419795048605
DS20,mc.lm_UNDERT,lm,UNDERT,33,0.009536729795136116
DS20,mc.lm_UNDERT,lm,UNDERT,34,0.01290420604649526
DS20,mc.lm_UNDERT,lm,UNDERT,35,0.01099654068738555
DS20,mc.lm_UNDERT,lm,UNDERT,36,0.011978765484594766
DS20,mc.lm_UNDERT,lm,UNDERT,37,0.011380534781739254
DS20,mc.lm_UNDERT,lm,UNDERT,38,0.012373019248960405
DS20,mc.lm_UNDERT,lm,UNDERT,39,0.016216895483197026
DS20,mc.lm_UNDERT,lm,UNDERT,40,0.013504355714457529
DS20,mc.lm_UNDERT,lm,UNDERT,41,0.01576456409351656
DS20,mc.lm_UNDERT,lm,UNDERT,42,0.017723636514500207
DS20,mc.lm_UNDERT,lm,UNDERT,43,0.010696817791823828
DS20,mc.lm_UNDERT,lm,UNDERT,44,0.016101757892753664
DS20,mc.lm_UNDERT,lm,UNDERT,45,0.01240424691482307
DS20,mc.lm_UNDERT,lm,UNDERT,46,0.012432093844246362
DS20,mc.lm_UNDERT,lm,UNDERT,47,0.009479756237099487
DS20,mc.lm_UNDERT,lm,UNDERT,48,0.012202883957363152
DS20,mc.lm_UNDERT,lm,UNDERT,49,0.013217442439565264
DS20,mc.lm_UNDERT,lm,UNDERT,50,0.013008339874168362
DS20,mc.lm,lm,baseline,1,0.009371475287868247
DS20,mc.lm,lm,baseline,2,0.00923382320731382
DS20,mc.lm,lm,baseline,3,0.009059247477995047
DS20,mc.lm,lm,baseline,4,0.009062696969754832
DS20,mc.lm,lm,baseline,5,0.009032711116194851
DS20,mc.lm,lm,baseline,6,0.009015959144275606
DS20,mc.lm,lm,baseline,7,0.008982903290555917
DS20,mc.lm,lm,baseline,8,0.00895384108725567
DS20,mc.lm,lm,baseline,9,0.009254329074275302
DS20,mc.lm,lm,baseline,10,0.009224928448821721
DS20,mc.lm,lm,baseline,11,0.009129908507086767
DS20,mc.lm,lm,baseline,12,0.009132367007963741
DS20,mc.lm,lm,baseline,13,0.009122059305789857
DS20,mc.lm,lm,baseline,14,0.009066606815176705
DS20,mc.lm,lm,baseline,15,0.009119030203613867
DS20,mc.lm,lm,baseline,16,0.009175526286572722
DS20,mc.lm,lm,baseline,17,0.009198108242937125
DS20,mc.lm,lm,baseline,18,0.009228799920557208
DS20,mc.lm,lm,baseline,19,0.009203103626853186
DS20,mc.lm,lm,baseline,20,0.009109296007831627
DS20,mc.lm,lm,baseline,21,0.009179869334671012
DS20,mc.lm,lm,baseline,22,0.00896366803574866
DS20,mc.lm,lm,baseline,23,0.008919773685613057
DS20,mc.lm,lm,baseline,24,0.008866560027635396
DS20,mc.lm,lm,baseline,25,0.008551255747443729
DS20,mc.lm,lm,baseline,26,0.008544225954810239
DS20,mc.lm,lm,baseline,27,0.00779449624599325
DS20,mc.lm,lm,baseline,28,0.007423784226327378
DS20,mc.lm,lm,baseline,29,0.007018452247983726
DS20,mc.lm,lm,baseline,30,0.006757764470685093
DS20,mc.lm,lm,baseline,31,0.006686943165695555
DS20,mc.lm,lm,baseline,32,0.006697048893400461
DS20,mc.lm,lm,baseline,33,0.00653044672781452
DS20,mc.lm,lm,baseline,34,0.006596766141607934
DS20,mc.lm,lm,baseline,35,0.006547974141139465
DS20,mc.lm,lm,baseline,36,0.006507064548651081
DS20,mc.lm,lm,baseline,37,0.006525545736778285
DS20,mc.lm,lm,baseline,38,0.006357764041190644
DS20,mc.lm,lm,baseline,39,0.006287396442467946
DS20,mc.lm,lm,baseline,40,0.006239932419670639
DS20,mc.lm,lm,baseline,41,0.006267533573343372
DS20,mc.lm,lm,baseline,42,0.005957982660314205
DS20,mc.lm,lm,baseline,43,0.0059640727181223055
DS20,mc.lm,lm,baseline,44,0.005960309005665831
DS20,mc.lm,lm,baseline,45,0.005966491343888065
DS20,mc.lm,lm,baseline,46,0.005966856954498385
DS20,mc.lm,lm,baseline,47,0.006023637682355117
DS20,mc.lm,lm,baseline,48,0.005967098732951329
DS20,mc.lm,lm,baseline,49,0.005972926736115589
DS20,mc.lm,lm,baseline,50,0.006119468923766309
DS20,mc.mars_OVERB,mars,OVERB,1,0.014152718396198341
DS20,mc.mars_OVERB,mars,OVERB,2,0.014119256593528647
DS20,mc.mars_OVERB,mars,OVERB,3,0.014572114691417453
DS20,mc.mars_OVERB,mars,OVERB,4,0.014065291905152271
DS20,mc.mars_OVERB,mars,OVERB,5,0.012630018600572671
DS20,mc.mars_OVERB,mars,OVERB,6,0.014041188188959728
DS20,mc.mars_OVERB,mars,OVERB,7,0.012235281085193285
DS20,mc.mars_OVERB,mars,OVERB,8,0.014371837968759472
DS20,mc.mars_OVERB,mars,OVERB,9,0.013411184795654554
DS20,mc.mars_OVERB,mars,OVERB,10,0.015808639825205594
DS20,mc.mars_OVERB,mars,OVERB,11,0.014662410248643374
DS20,mc.mars_OVERB,mars,OVERB,12,0.014552034756031434
DS20,mc.mars_OVERB,mars,OVERB,13,0.014583325140199986
DS20,mc.mars_OVERB,mars,OVERB,14,0.014260526968034365
DS20,mc.mars_OVERB,mars,OVERB,15,0.015601109144223121
DS20,mc.mars_OVERB,mars,OVERB,16,0.014736910353180048
DS20,mc.mars_OVERB,mars,OVERB,17,0.01468557449384095
DS20,mc.mars_OVERB,mars,OVERB,18,0.013079108579822687
DS20,mc.mars_OVERB,mars,OVERB,19,0.015936851336261083
DS20,mc.mars_OVERB,mars,OVERB,20,0.01344958973135207
DS20,mc.mars_OVERB,mars,OVERB,21,0.014720458934081401
DS20,mc.mars_OVERB,mars,OVERB,22,0.015754545452764175
DS20,mc.mars_OVERB,mars,OVERB,23,0.014044446869768074
DS20,mc.mars_OVERB,mars,OVERB,24,0.013671459171187672
DS20,mc.mars_OVERB,mars,OVERB,25,0.017614663024503353
DS20,mc.mars_OVERB,mars,OVERB,26,0.013664381342411552
DS20,mc.mars_OVERB,mars,OVERB,27,0.013397387434519072
DS20,mc.mars_OVERB,mars,OVERB,28,0.012720143436632384
DS20,mc.mars_OVERB,mars,OVERB,29,0.01138544624914334
DS20,mc.mars_OVERB,mars,OVERB,30,0.011992184380687065
DS20,mc.mars_OVERB,mars,OVERB,31,0.012147917426262318
DS20,mc.mars_OVERB,mars,OVERB,32,0.010899537473353822
DS20,mc.mars_OVERB,mars,OVERB,33,0.01228069287718042
DS20,mc.mars_OVERB,mars,OVERB,34,0.010353542362284661
DS20,mc.mars_OVERB,mars,OVERB,35,0.010681905218320716
DS20,mc.mars_OVERB,mars,OVERB,36,0.01005881256888348
DS20,mc.mars_OVERB,mars,OVERB,37,0.009866651870547274
DS20,mc.mars_OVERB,mars,OVERB,38,0.010374626549939278
DS20,mc.mars_OVERB,mars,OVERB,39,0.011342330857511422
DS20,mc.mars_OVERB,mars,OVERB,40,0.010823320216354019
DS20,mc.mars_OVERB,mars,OVERB,41,0.010238621287331509
DS20,mc.mars_OVERB,mars,OVERB,42,0.009859093156710158
DS20,mc.mars_OVERB,mars,OVERB,43,0.010470007746487596
DS20,mc.mars_OVERB,mars,OVERB,44,0.009676749835309244
DS20,mc.mars_OVERB,mars,OVERB,45,0.010270360969296085
DS20,mc.mars_OVERB,mars,OVERB,46,0.010589360408364036
DS20,mc.mars_OVERB,mars,OVERB,47,0.009898845897758676
DS20,mc.mars_OVERB,mars,OVERB,48,0.009983198278050096
DS20,mc.mars_OVERB,mars,OVERB,49,0.009625407341244238
DS20,mc.mars_OVERB,mars,OVERB,50,0.009731899619310041
DS20,mc.mars_OVERTPhi,mars,OVERTPhi,1,0.015875582916330434
DS20,mc.mars_OVERTPhi,mars,OVERTPhi,2,0.01448026462392935
DS20,mc.mars_OVERTPhi,mars,OVERTPhi,3,0.012820070875874778
DS20,mc.mars_OVERTPhi,mars,OVERTPhi,4,0.012408641132797065
DS20,mc.mars_OVERTPhi,mars,OVERTPhi,5,0.013197288827633385
DS20,mc.mars_OVERTPhi,mars,OVERTPhi,6,0.014077036280238528
DS20,mc.mars_OVERTPhi,mars,OVERTPhi,7,0.013721356938195737
DS20,mc.mars_OVERTPhi,mars,OVERTPhi,8,0.013573652475066002
DS20,mc.mars_OVERTPhi,mars,OVERTPhi,9,0.015807949462912665
DS20,mc.mars_OVERTPhi,mars,OVERTPhi,10,0.014768277186998456
DS20,mc.mars_OVERTPhi,mars,OVERTPhi,11,0.01380470322756566
DS20,mc.mars_OVERTPhi,mars,OVERTPhi,12,0.014056122519159622
DS20,mc.mars_OVERTPhi,mars,OVERTPhi,13,0.014739621183533523
DS20,mc.mars_OVERTPhi,mars,OVERTPhi,14,0.014887992152366379
DS20,mc.mars_OVERTPhi,mars,OVERTPhi,15,0.01456559855018883
DS20,mc.mars_OVERTPhi,mars,OVERTPhi,16,0.01419993801748149
DS20,mc.mars_OVERTPhi,mars,OVERTPhi,17,0.013847493810596703
DS20,mc.mars_OVERTPhi,mars,OVERTPhi,18,0.015768469579554068
DS20,mc.mars_OVERTPhi,mars,OVERTPhi,19,0.012995139453937318
DS20,mc.mars_OVERTPhi,mars,OVERTPhi,20,0.014615432144428115
DS20,mc.mars_OVERTPhi,mars,OVERTPhi,21,0.015307781134275061
DS20,mc.mars_OVERTPhi,mars,OVERTPhi,22,0.014589293280433386
DS20,mc.mars_OVERTPhi,mars,OVERTPhi,23,0.014662324169218543
DS20,mc.mars_OVERTPhi,mars,OVERTPhi,24,0.01611375941465596
DS20,mc.mars_OVERTPhi,mars,OVERTPhi,25,0.01592727552462176
DS20,mc.mars_OVERTPhi,mars,OVERTPhi,26,0.012994397972178764
DS20,mc.mars_OVERTPhi,mars,OVERTPhi,27,0.011317920044652291
DS20,mc.mars_OVERTPhi,mars,OVERTPhi,28,0.012302076980438956
DS20,mc.mars_OVERTPhi,mars,OVERTPhi,29,0.013742046396511685
DS20,mc.mars_OVERTPhi,mars,OVERTPhi,30,0.012205795370229866
DS20,mc.mars_OVERTPhi,mars,OVERTPhi,31,0.010999663580595776
DS20,mc.mars_OVERTPhi,mars,OVERTPhi,32,0.010950507726490344
DS20,mc.mars_OVERTPhi,mars,OVERTPhi,33,0.009854167953392627
DS20,mc.mars_OVERTPhi,mars,OVERTPhi,34,0.01154973161019728
DS20,mc.mars_OVERTPhi,mars,OVERTPhi,35,0.009757651101673995
DS20,mc.mars_OVERTPhi,mars,OVERTPhi,36,0.009157118601609499
DS20,mc.mars_OVERTPhi,mars,OVERTPhi,37,0.010352809827495925
DS20,mc.mars_OVERTPhi,mars,OVERTPhi,38,0.010243773535161135
DS20,mc.mars_OVERTPhi,mars,OVERTPhi,39,0.009271034483586515
DS20,mc.mars_OVERTPhi,mars,OVERTPhi,40,0.009007934971350008
DS20,mc.mars_OVERTPhi,mars,OVERTPhi,41,0.009627548583186027
DS20,mc.mars_OVERTPhi,mars,OVERTPhi,42,0.008715589068288421
DS20,mc.mars_OVERTPhi,mars,OVERTPhi,43,0.009216346203608098
DS20,mc.mars_OVERTPhi,mars,OVERTPhi,44,0.01096538681434397
DS20,mc.mars_OVERTPhi,mars,OVERTPhi,45,0.009780806719940577
DS20,mc.mars_OVERTPhi,mars,OVERTPhi,46,0.010156693880793065
DS20,mc.mars_OVERTPhi,mars,OVERTPhi,47,0.009295468289805044
DS20,mc.mars_OVERTPhi,mars,OVERTPhi,48,0.009699052044669223
DS20,mc.mars_OVERTPhi,mars,OVERTPhi,49,0.00930640133655235
DS20,mc.mars_OVERTPhi,mars,OVERTPhi,50,0.012138653102818912
DS20,mc.mars_OVERT,mars,OVERT,1,0.015595038285808625
DS20,mc.mars_OVERT,mars,OVERT,2,0.014593988705741448
DS20,mc.mars_OVERT,mars,OVERT,3,0.013655327497788807
DS20,mc.mars_OVERT,mars,OVERT,4,0.012578828494217976
DS20,mc.mars_OVERT,mars,OVERT,5,0.01318568942057452
DS20,mc.mars_OVERT,mars,OVERT,6,0.014133069970497215
DS20,mc.mars_OVERT,mars,OVERT,7,0.013563692543262071
DS20,mc.mars_OVERT,mars,OVERT,8,0.014357857453663627
DS20,mc.mars_OVERT,mars,OVERT,9,0.015697770760338736
DS20,mc.mars_OVERT,mars,OVERT,10,0.014448284923282099
DS20,mc.mars_OVERT,mars,OVERT,11,0.013939416938401462
DS20,mc.mars_OVERT,mars,OVERT,12,0.014095194001593942
DS20,mc.mars_OVERT,mars,OVERT,13,0.01390534215583592
DS20,mc.mars_OVERT,mars,OVERT,14,0.014596000842204339
DS20,mc.mars_OVERT,mars,OVERT,15,0.0146941155767056
DS20,mc.mars_OVERT,mars,OVERT,16,0.014203662685522029
DS20,mc.mars_OVERT,mars,OVERT,17,0.013788048633562798
DS20,mc.mars_OVERT,mars,OVERT,18,0.014000382890208234
DS20,mc.mars_OVERT,mars,OVERT,19,0.014340881457357601
DS20,mc.mars_OVERT,mars,OVERT,20,0.01462372063722383
DS20,mc.mars_OVERT,mars,OVERT,21,0.015185862611110875
DS20,mc.mars_OVERT,mars,OVERT,22,0.01431656917819769
DS20,mc.mars_OVERT,mars,OVERT,23,0.014662324169218543
DS20,mc.mars_OVERT,mars,OVERT,24,0.014818715868224294
DS20,mc.mars_OVERT,mars,OVERT,25,0.015924682499243076
DS20,mc.mars_OVERT,mars,OVERT,26,0.01364867310659457
DS20,mc.mars_OVERT,mars,OVERT,27,0.011349320184654926
DS20,mc.mars_OVERT,mars,OVERT,28,0.01228883335223715
DS20,mc.mars_OVERT,mars,OVERT,29,0.013451739320593542
DS20,mc.mars_OVERT,mars,OVERT,30,0.011383893612851139
DS20,mc.mars_OVERT,mars,OVERT,31,0.011138518685376141
DS20,mc.mars_OVERT,mars,OVERT,32,0.010914316732998983
DS20,mc.mars_OVERT,mars,OVERT,33,0.009781877769779615
DS20,mc.mars_OVERT,mars,OVERT,34,0.009583849231172586
DS20,mc.mars_OVERT,mars,OVERT,35,0.009770406768889699
DS20,mc.mars_OVERT,mars,OVERT,36,0.00912303476937531
DS20,mc.mars_OVERT,mars,OVERT,37,0.010299481427277643
DS20,mc.mars_OVERT,mars,OVERT,38,0.010217571893679146
DS20,mc.mars_OVERT,mars,OVERT,39,0.009898457702611503
DS20,mc.mars_OVERT,mars,OVERT,40,0.010260885037701353
DS20,mc.mars_OVERT,mars,OVERT,41,0.009814873963507754
DS20,mc.mars_OVERT,mars,OVERT,42,0.009327590527488612
DS20,mc.mars_OVERT,mars,OVERT,43,0.009881303024416907
DS20,mc.mars_OVERT,mars,OVERT,44,0.011429420800741065
DS20,mc.mars_OVERT,mars,OVERT,45,0.009345947649528851
DS20,mc.mars_OVERT,mars,OVERT,46,0.010311211121654095
DS20,mc.mars_OVERT,mars,OVERT,47,0.009294355832929374
DS20,mc.mars_OVERT,mars,OVERT,48,0.00930024094681683
DS20,mc.mars_OVERT,mars,OVERT,49,0.00931536151851285
DS20,mc.mars_OVERT,mars,OVERT,50,0.010416292558903396
DS20,mc.mars_SMOTEB,mars,SMOTEB,1,0.018324708378999955
DS20,mc.mars_SMOTEB,mars,SMOTEB,2,0.020378379141600123
DS20,mc.mars_SMOTEB,mars,SMOTEB,3,0.022701552954287607
DS20,mc.mars_SMOTEB,mars,SMOTEB,4,0.016620482536378482
DS20,mc.mars_SMOTEB,mars,SMOTEB,5,0.01698199366583189
DS20,mc.mars_SMOTEB,mars,SMOTEB,6,0.021017205994965094
DS20,mc.mars_SMOTEB,mars,SMOTEB,7,0.017998456341188577
DS20,mc.mars_SMOTEB,mars,SMOTEB,8,0.016909952322811325
DS20,mc.mars_SMOTEB,mars,SMOTEB,9,0.01995268690667893
DS20,mc.mars_SMOTEB,mars,SMOTEB,10,0.01841721297888248
DS20,mc.mars_SMOTEB,mars,SMOTEB,11,0.018007555114828117
DS20,mc.mars_SMOTEB,mars,SMOTEB,12,0.01877978950002459
DS20,mc.mars_SMOTEB,mars,SMOTEB,13,0.020552992411283926
DS20,mc.mars_SMOTEB,mars,SMOTEB,14,0.020626581053635996
DS20,mc.mars_SMOTEB,mars,SMOTEB,15,0.017907856218962313
DS20,mc.mars_SMOTEB,mars,SMOTEB,16,0.02049873193107469
DS20,mc.mars_SMOTEB,mars,SMOTEB,17,0.01894917330281166
DS20,mc.mars_SMOTEB,mars,SMOTEB,18,0.018716762293798553
DS20,mc.mars_SMOTEB,mars,SMOTEB,19,0.01815144832167671
DS20,mc.mars_SMOTEB,mars,SMOTEB,20,0.020580811206260517
DS20,mc.mars_SMOTEB,mars,SMOTEB,21,0.022558518451825646
DS20,mc.mars_SMOTEB,mars,SMOTEB,22,0.022384310868659815
DS20,mc.mars_SMOTEB,mars,SMOTEB,23,0.01890382900970735
DS20,mc.mars_SMOTEB,mars,SMOTEB,24,0.016193071305268987
DS20,mc.mars_SMOTEB,mars,SMOTEB,25,0.020476839307093615
DS20,mc.mars_SMOTEB,mars,SMOTEB,26,0.020595630387347047
DS20,mc.mars_SMOTEB,mars,SMOTEB,27,0.017495568340010554
DS20,mc.mars_SMOTEB,mars,SMOTEB,28,0.01831347600837435
DS20,mc.mars_SMOTEB,mars,SMOTEB,29,0.016790338398085258
DS20,mc.mars_SMOTEB,mars,SMOTEB,30,0.016653948564102305
DS20,mc.mars_SMOTEB,mars,SMOTEB,31,0.016496815876661488
DS20,mc.mars_SMOTEB,mars,SMOTEB,32,0.01496759009233083
DS20,mc.mars_SMOTEB,mars,SMOTEB,33,0.013718534953555994
DS20,mc.mars_SMOTEB,mars,SMOTEB,34,0.014904659152242728
DS20,mc.mars_SMOTEB,mars,SMOTEB,35,0.013954562964116237
DS20,mc.mars_SMOTEB,mars,SMOTEB,36,0.014303359298634168
DS20,mc.mars_SMOTEB,mars,SMOTEB,37,0.01765505993780257
DS20,mc.mars_SMOTEB,mars,SMOTEB,38,0.012992874710665665
DS20,mc.mars_SMOTEB,mars,SMOTEB,39,0.014513227779447994
DS20,mc.mars_SMOTEB,mars,SMOTEB,40,0.015266397053448726
DS20,mc.mars_SMOTEB,mars,SMOTEB,41,0.013809065653886106
DS20,mc.mars_SMOTEB,mars,SMOTEB,42,0.012908348308736802
DS20,mc.mars_SMOTEB,mars,SMOTEB,43,0.012141854577918524
DS20,mc.mars_SMOTEB,mars,SMOTEB,44,0.013951988675789517
DS20,mc.mars_SMOTEB,mars,SMOTEB,45,0.013546039692178482
DS20,mc.mars_SMOTEB,mars,SMOTEB,46,0.014042192670963132
DS20,mc.mars_SMOTEB,mars,SMOTEB,47,0.012714579144912919
DS20,mc.mars_SMOTEB,mars,SMOTEB,48,0.01553451294475922
DS20,mc.mars_SMOTEB,mars,SMOTEB,49,0.012782422707392426
DS20,mc.mars_SMOTEB,mars,SMOTEB,50,0.013345718980236055
DS20,mc.mars_SMOTETPhi,mars,SMOTETPhi,1,0.021570857514010035
DS20,mc.mars_SMOTETPhi,mars,SMOTETPhi,2,0.017852870026021078
DS20,mc.mars_SMOTETPhi,mars,SMOTETPhi,3,0.020087268439152657
DS20,mc.mars_SMOTETPhi,mars,SMOTETPhi,4,0.024172959187517676
DS20,mc.mars_SMOTETPhi,mars,SMOTETPhi,5,0.02179909639331675
DS20,mc.mars_SMOTETPhi,mars,SMOTETPhi,6,0.016071914747795922
DS20,mc.mars_SMOTETPhi,mars,SMOTETPhi,7,0.015594958291211693
DS20,mc.mars_SMOTETPhi,mars,SMOTETPhi,8,0.01674171928662509
DS20,mc.mars_SMOTETPhi,mars,SMOTETPhi,9,0.021954420048754444
DS20,mc.mars_SMOTETPhi,mars,SMOTETPhi,10,0.021242473272040988
DS20,mc.mars_SMOTETPhi,mars,SMOTETPhi,11,0.018743187047287797
DS20,mc.mars_SMOTETPhi,mars,SMOTETPhi,12,0.020319255495994618
DS20,mc.mars_SMOTETPhi,mars,SMOTETPhi,13,0.023934268786342888
DS20,mc.mars_SMOTETPhi,mars,SMOTETPhi,14,0.020956402388318404
DS20,mc.mars_SMOTETPhi,mars,SMOTETPhi,15,0.020067702403408137
DS20,mc.mars_SMOTETPhi,mars,SMOTETPhi,16,0.015247867757206601
DS20,mc.mars_SMOTETPhi,mars,SMOTETPhi,17,0.0171049068578433
DS20,mc.mars_SMOTETPhi,mars,SMOTETPhi,18,0.01877215600276924
DS20,mc.mars_SMOTETPhi,mars,SMOTETPhi,19,0.022411810207710436
DS20,mc.mars_SMOTETPhi,mars,SMOTETPhi,20,0.023431927822042842
DS20,mc.mars_SMOTETPhi,mars,SMOTETPhi,21,0.02361869292746978
DS20,mc.mars_SMOTETPhi,mars,SMOTETPhi,22,0.017378758609632717
DS20,mc.mars_SMOTETPhi,mars,SMOTETPhi,23,0.019052408089535938
DS20,mc.mars_SMOTETPhi,mars,SMOTETPhi,24,0.01795133205656592
DS20,mc.mars_SMOTETPhi,mars,SMOTETPhi,25,0.022955809674690082
DS20,mc.mars_SMOTETPhi,mars,SMOTETPhi,26,0.02689364611568294
DS20,mc.mars_SMOTETPhi,mars,SMOTETPhi,27,0.01927004266088952
DS20,mc.mars_SMOTETPhi,mars,SMOTETPhi,28,0.021411183191835385
DS20,mc.mars_SMOTETPhi,mars,SMOTETPhi,29,0.03844828503147302
DS20,mc.mars_SMOTETPhi,mars,SMOTETPhi,30,0.01832450068963776
DS20,mc.mars_SMOTETPhi,mars,SMOTETPhi,31,0.015483695783404684
DS20,mc.mars_SMOTETPhi,mars,SMOTETPhi,32,0.016398719927781937
DS20,mc.mars_SMOTETPhi,mars,SMOTETPhi,33,0.014056409350777638
DS20,mc.mars_SMOTETPhi,mars,SMOTETPhi,34,0.017073775611473226
DS20,mc.mars_SMOTETPhi,mars,SMOTETPhi,35,0.017216552852628644
DS20,mc.mars_SMOTETPhi,mars,SMOTETPhi,36,0.012964558759440666
DS20,mc.mars_SMOTETPhi,mars,SMOTETPhi,37,0.013527832190415074
DS20,mc.mars_SMOTETPhi,mars,SMOTETPhi,38,0.0169891034686673
DS20,mc.mars_SMOTETPhi,mars,SMOTETPhi,39,0.015101202537386841
DS20,mc.mars_SMOTETPhi,mars,SMOTETPhi,40,0.017313688658007493
DS20,mc.mars_SMOTETPhi,mars,SMOTETPhi,41,0.014514274050790692
DS20,mc.mars_SMOTETPhi,mars,SMOTETPhi,42,0.014659831563539295
DS20,mc.mars_SMOTETPhi,mars,SMOTETPhi,43,0.013594014683200888
DS20,mc.mars_SMOTETPhi,mars,SMOTETPhi,44,0.01254255370750346
DS20,mc.mars_SMOTETPhi,mars,SMOTETPhi,45,0.016474533566099736
DS20,mc.mars_SMOTETPhi,mars,SMOTETPhi,46,0.01307140232933772
DS20,mc.mars_SMOTETPhi,mars,SMOTETPhi,47,0.014349410663597111
DS20,mc.mars_SMOTETPhi,mars,SMOTETPhi,48,0.014723628562250884
DS20,mc.mars_SMOTETPhi,mars,SMOTETPhi,49,0.01451455034539167
DS20,mc.mars_SMOTETPhi,mars,SMOTETPhi,50,0.011769421957807455
DS20,mc.mars_SMOTET,mars,SMOTET,1,0.01761122356374422
DS20,mc.mars_SMOTET,mars,SMOTET,2,0.02140787269144406
DS20,mc.mars_SMOTET,mars,SMOTET,3,0.02111558655099266
DS20,mc.mars_SMOTET,mars,SMOTET,4,0.020370961413452533
DS20,mc.mars_SMOTET,mars,SMOTET,5,0.022465174069994966
DS20,mc.mars_SMOTET,mars,SMOTET,6,0.020465825183759487
DS20,mc.mars_SMOTET,mars,SMOTET,7,0.019839705121693134
DS20,mc.mars_SMOTET,mars,SMOTET,8,0.016179279432730627
DS20,mc.mars_SMOTET,mars,SMOTET,9,0.01714942327380635
DS20,mc.mars_SMOTET,mars,SMOTET,10,0.019983158556704905
DS20,mc.mars_SMOTET,mars,SMOTET,11,0.018902115050885782
DS20,mc.mars_SMOTET,mars,SMOTET,12,0.017356606164000667
DS20,mc.mars_SMOTET,mars,SMOTET,13,0.021627537774103013
DS20,mc.mars_SMOTET,mars,SMOTET,14,0.017041557282791924
DS20,mc.mars_SMOTET,mars,SMOTET,15,0.018146358980154854
DS20,mc.mars_SMOTET,mars,SMOTET,16,0.025668732947147676
DS20,mc.mars_SMOTET,mars,SMOTET,17,0.05343934200881493
DS20,mc.mars_SMOTET,mars,SMOTET,18,0.02101469806200091
DS20,mc.mars_SMOTET,mars,SMOTET,19,0.018025239263570542
DS20,mc.mars_SMOTET,mars,SMOTET,20,0.016507319059710014
DS20,mc.mars_SMOTET,mars,SMOTET,21,0.01828747260925049
DS20,mc.mars_SMOTET,mars,SMOTET,22,0.019440213665638223
DS20,mc.mars_SMOTET,mars,SMOTET,23,0.021086518564852615
DS20,mc.mars_SMOTET,mars,SMOTET,24,0.0176413652853113
DS20,mc.mars_SMOTET,mars,SMOTET,25,0.03473176981074577
DS20,mc.mars_SMOTET,mars,SMOTET,26,0.029039980908174536
DS20,mc.mars_SMOTET,mars,SMOTET,27,0.016893779219114977
DS20,mc.mars_SMOTET,mars,SMOTET,28,0.015697338443820135
DS20,mc.mars_SMOTET,mars,SMOTET,29,0.014676606049882645
DS20,mc.mars_SMOTET,mars,SMOTET,30,0.017175162070358494
DS20,mc.mars_SMOTET,mars,SMOTET,31,0.019650368005853236
DS20,mc.mars_SMOTET,mars,SMOTET,32,0.01741925151578092
DS20,mc.mars_SMOTET,mars,SMOTET,33,0.01509670163637363
DS20,mc.mars_SMOTET,mars,SMOTET,34,0.014552486595285326
DS20,mc.mars_SMOTET,mars,SMOTET,35,0.0129750161295399
DS20,mc.mars_SMOTET,mars,SMOTET,36,0.013696283636795745
DS20,mc.mars_SMOTET,mars,SMOTET,37,0.013324177328893317
DS20,mc.mars_SMOTET,mars,SMOTET,38,0.017515948875628566
DS20,mc.mars_SMOTET,mars,SMOTET,39,0.013222839459958582
DS20,mc.mars_SMOTET,mars,SMOTET,40,0.013825070248010076
DS20,mc.mars_SMOTET,mars,SMOTET,41,0.014009566650153184
DS20,mc.mars_SMOTET,mars,SMOTET,42,0.015744833018156087
DS20,mc.mars_SMOTET,mars,SMOTET,43,0.011498273785165875
DS20,mc.mars_SMOTET,mars,SMOTET,44,0.010899057463815743
DS20,mc.mars_SMOTET,mars,SMOTET,45,0.0129669191972404
DS20,mc.mars_SMOTET,mars,SMOTET,46,0.013404834823197407
DS20,mc.mars_SMOTET,mars,SMOTET,47,0.013705988667630589
DS20,mc.mars_SMOTET,mars,SMOTET,48,0.014073883975120275
DS20,mc.mars_SMOTET,mars,SMOTET,49,0.012596610539946238
DS20,mc.mars_SMOTET,mars,SMOTET,50,0.04102111857705705
DS20,mc.mars_UNDERB,mars,UNDERB,1,0.01278523293752774
DS20,mc.mars_UNDERB,mars,UNDERB,2,0.010910756802392497
DS20,mc.mars_UNDERB,mars,UNDERB,3,0.01046515360963721
DS20,mc.mars_UNDERB,mars,UNDERB,4,0.010325435212561655
DS20,mc.mars_UNDERB,mars,UNDERB,5,0.010058407040814267
DS20,mc.mars_UNDERB,mars,UNDERB,6,0.009134971082874376
DS20,mc.mars_UNDERB,mars,UNDERB,7,0.01021863612986726
DS20,mc.mars_UNDERB,mars,UNDERB,8,0.009196292622943174
DS20,mc.mars_UNDERB,mars,UNDERB,9,0.01092311042552225
DS20,mc.mars_UNDERB,mars,UNDERB,10,0.00978149892832516
DS20,mc.mars_UNDERB,mars,UNDERB,11,0.010360553940447248
DS20,mc.mars_UNDERB,mars,UNDERB,12,0.010646515623255401
DS20,mc.mars_UNDERB,mars,UNDERB,13,0.009886603382593461
DS20,mc.mars_UNDERB,mars,UNDERB,14,0.010895573780104287
DS20,mc.mars_UNDERB,mars,UNDERB,15,0.009907205640305658
DS20,mc.mars_UNDERB,mars,UNDERB,16,0.009504614317834024
DS20,mc.mars_UNDERB,mars,UNDERB,17,0.009131450288117198
DS20,mc.mars_UNDERB,mars,UNDERB,18,0.009362233221070283
DS20,mc.mars_UNDERB,mars,UNDERB,19,0.009843699984273221
DS20,mc.mars_UNDERB,mars,UNDERB,20,0.009120495967401507
DS20,mc.mars_UNDERB,mars,UNDERB,21,0.00919903046418613
DS20,mc.mars_UNDERB,mars,UNDERB,22,0.008894501976558318
DS20,mc.mars_UNDERB,mars,UNDERB,23,0.008852581145258229
DS20,mc.mars_UNDERB,mars,UNDERB,24,0.008739400802265764
DS20,mc.mars_UNDERB,mars,UNDERB,25,0.008715968884543126
DS20,mc.mars_UNDERB,mars,UNDERB,26,0.008978119888738588
DS20,mc.mars_UNDERB,mars,UNDERB,27,0.008006567108706043
DS20,mc.mars_UNDERB,mars,UNDERB,28,0.010097669766625806
DS20,mc.mars_UNDERB,mars,UNDERB,29,0.007215193083269286
DS20,mc.mars_UNDERB,mars,UNDERB,30,0.006900325405835147
DS20,mc.mars_UNDERB,mars,UNDERB,31,0.007685125323762792
DS20,mc.mars_UNDERB,mars,UNDERB,32,0.008506323305756
DS20,mc.mars_UNDERB,mars,UNDERB,33,0.006901098086104855
DS20,mc.mars_UNDERB,mars,UNDERB,34,0.008082215395780442
DS20,mc.mars_UNDERB,mars,UNDERB,35,0.010293720440642607
DS20,mc.mars_UNDERB,mars,UNDERB,36,0.007119528942339278
DS20,mc.mars_UNDERB,mars,UNDERB,37,0.00749930247335459
DS20,mc.mars_UNDERB,mars,UNDERB,38,0.007490747154061913
DS20,mc.mars_UNDERB,mars,UNDERB,39,0.00885216781821159
DS20,mc.mars_UNDERB,mars,UNDERB,40,0.008869452348221974
DS20,mc.mars_UNDERB,mars,UNDERB,41,0.010227898613080702
DS20,mc.mars_UNDERB,mars,UNDERB,42,0.007196274233690801
DS20,mc.mars_UNDERB,mars,UNDERB,43,0.007742057217109672
DS20,mc.mars_UNDERB,mars,UNDERB,44,0.007988184361929442
DS20,mc.mars_UNDERB,mars,UNDERB,45,0.008055026153220096
DS20,mc.mars_UNDERB,mars,UNDERB,46,0.007281202920500019
DS20,mc.mars_UNDERB,mars,UNDERB,47,0.007187049618802669
DS20,mc.mars_UNDERB,mars,UNDERB,48,0.0083165723807701
DS20,mc.mars_UNDERB,mars,UNDERB,49,0.007651120102386491
DS20,mc.mars_UNDERB,mars,UNDERB,50,0.008994076980575583
DS20,mc.mars_UNDERTPhi,mars,UNDERTPhi,1,0.013514437900124129
DS20,mc.mars_UNDERTPhi,mars,UNDERTPhi,2,0.010794169301906877
DS20,mc.mars_UNDERTPhi,mars,UNDERTPhi,3,0.011740038869008018
DS20,mc.mars_UNDERTPhi,mars,UNDERTPhi,4,0.011860057730123474
DS20,mc.mars_UNDERTPhi,mars,UNDERTPhi,5,0.011651210187208636
DS20,mc.mars_UNDERTPhi,mars,UNDERTPhi,6,0.00984606069474442
DS20,mc.mars_UNDERTPhi,mars,UNDERTPhi,7,0.009142096815707745
DS20,mc.mars_UNDERTPhi,mars,UNDERTPhi,8,0.009028799755998886
DS20,mc.mars_UNDERTPhi,mars,UNDERTPhi,9,0.009556707855319918
DS20,mc.mars_UNDERTPhi,mars,UNDERTPhi,10,0.009513431728955943
DS20,mc.mars_UNDERTPhi,mars,UNDERTPhi,11,0.009353064971135262
DS20,mc.mars_UNDERTPhi,mars,UNDERTPhi,12,0.00959358773682044
DS20,mc.mars_UNDERTPhi,mars,UNDERTPhi,13,0.009761263077998511
DS20,mc.mars_UNDERTPhi,mars,UNDERTPhi,14,0.009947653644739407
DS20,mc.mars_UNDERTPhi,mars,UNDERTPhi,15,0.009164999529472053
DS20,mc.mars_UNDERTPhi,mars,UNDERTPhi,16,0.010334724889367718
DS20,mc.mars_UNDERTPhi,mars,UNDERTPhi,17,0.009302041271636485
DS20,mc.mars_UNDERTPhi,mars,UNDERTPhi,18,0.00967477985218457
DS20,mc.mars_UNDERTPhi,mars,UNDERTPhi,19,0.009449744751268033
DS20,mc.mars_UNDERTPhi,mars,UNDERTPhi,20,0.009023921904252915
DS20,mc.mars_UNDERTPhi,mars,UNDERTPhi,21,0.015858452641647668
DS20,mc.mars_UNDERTPhi,mars,UNDERTPhi,22,0.008933402840407457
DS20,mc.mars_UNDERTPhi,mars,UNDERTPhi,23,0.008817565846453415
DS20,mc.mars_UNDERTPhi,mars,UNDERTPhi,24,0.008834572140721855
DS20,mc.mars_UNDERTPhi,mars,UNDERTPhi,25,0.00959211499693144
DS20,mc.mars_UNDERTPhi,mars,UNDERTPhi,26,0.009547119811487464
DS20,mc.mars_UNDERTPhi,mars,UNDERTPhi,27,0.008058593555664899
DS20,mc.mars_UNDERTPhi,mars,UNDERTPhi,28,0.010211801852712235
DS20,mc.mars_UNDERTPhi,mars,UNDERTPhi,29,0.010444526602180223
DS20,mc.mars_UNDERTPhi,mars,UNDERTPhi,30,0.007044650461256699
DS20,mc.mars_UNDERTPhi,mars,UNDERTPhi,31,0.007255702189976952
DS20,mc.mars_UNDERTPhi,mars,UNDERTPhi,32,0.008799524234880373
DS20,mc.mars_UNDERTPhi,mars,UNDERTPhi,33,0.013827847858783377
DS20,mc.mars_UNDERTPhi,mars,UNDERTPhi,34,0.011067310896748183
DS20,mc.mars_UNDERTPhi,mars,UNDERTPhi,35,0.007014001803439419
DS20,mc.mars_UNDERTPhi,mars,UNDERTPhi,36,0.008460414295688062
DS20,mc.mars_UNDERTPhi,mars,UNDERTPhi,37,0.00921721420071588
DS20,mc.mars_UNDERTPhi,mars,UNDERTPhi,38,0.009771251480722769
DS20,mc.mars_UNDERTPhi,mars,UNDERTPhi,39,0.006944282890157887
DS20,mc.mars_UNDERTPhi,mars,UNDERTPhi,40,0.008765154225972058
DS20,mc.mars_UNDERTPhi,mars,UNDERTPhi,41,0.007806605978956719
DS20,mc.mars_UNDERTPhi,mars,UNDERTPhi,42,0.011310545764232073
DS20,mc.mars_UNDERTPhi,mars,UNDERTPhi,43,0.008123939547119147
DS20,mc.mars_UNDERTPhi,mars,UNDERTPhi,44,0.007813975524937206
DS20,mc.mars_UNDERTPhi,mars,UNDERTPhi,45,0.007356400584323789
DS20,mc.mars_UNDERTPhi,mars,UNDERTPhi,46,0.008899229141201174
DS20,mc.mars_UNDERTPhi,mars,UNDERTPhi,47,0.009227815401826897
DS20,mc.mars_UNDERTPhi,mars,UNDERTPhi,48,0.012359619899712515
DS20,mc.mars_UNDERTPhi,mars,UNDERTPhi,49,0.008085832247123946
DS20,mc.mars_UNDERTPhi,mars,UNDERTPhi,50,0.007953587239918427
DS20,mc.mars_UNDERT,mars,UNDERT,1,0.011598433995831476
DS20,mc.mars_UNDERT,mars,UNDERT,2,0.010087970677286269
DS20,mc.mars_UNDERT,mars,UNDERT,3,0.011827143406935213
DS20,mc.mars_UNDERT,mars,UNDERT,4,0.011357262628606321
DS20,mc.mars_UNDERT,mars,UNDERT,5,0.014490329177830679
DS20,mc.mars_UNDERT,mars,UNDERT,6,0.009431243783828756
DS20,mc.mars_UNDERT,mars,UNDERT,7,0.010055208251000876
DS20,mc.mars_UNDERT,mars,UNDERT,8,0.010045393337904577
DS20,mc.mars_UNDERT,mars,UNDERT,9,0.009951939274002775
DS20,mc.mars_UNDERT,mars,UNDERT,10,0.010670822737806219
DS20,mc.mars_UNDERT,mars,UNDERT,11,0.00958432671340479
DS20,mc.mars_UNDERT,mars,UNDERT,12,0.010670869356552948
DS20,mc.mars_UNDERT,mars,UNDERT,13,0.010557088733513447
DS20,mc.mars_UNDERT,mars,UNDERT,14,0.009495028454380224
DS20,mc.mars_UNDERT,mars,UNDERT,15,0.009402574572105898
DS20,mc.mars_UNDERT,mars,UNDERT,16,0.009740163743589079
DS20,mc.mars_UNDERT,mars,UNDERT,17,0.0096985151972299
DS20,mc.mars_UNDERT,mars,UNDERT,18,0.009791732218138631
DS20,mc.mars_UNDERT,mars,UNDERT,19,0.010686642097052569
DS20,mc.mars_UNDERT,mars,UNDERT,20,0.009456950841194455
DS20,mc.mars_UNDERT,mars,UNDERT,21,0.00916824001828234
DS20,mc.mars_UNDERT,mars,UNDERT,22,0.00890676738049668
DS20,mc.mars_UNDERT,mars,UNDERT,23,0.008817939223327827
DS20,mc.mars_UNDERT,mars,UNDERT,24,0.008790567365922614
DS20,mc.mars_UNDERT,mars,UNDERT,25,0.0088933171773538
DS20,mc.mars_UNDERT,mars,UNDERT,26,0.00865677935025818
DS20,mc.mars_UNDERT,mars,UNDERT,27,0.007903920766495664
DS20,mc.mars_UNDERT,mars,UNDERT,28,0.008431671660807268
DS20,mc.mars_UNDERT,mars,UNDERT,29,0.007340258439633763
DS20,mc.mars_UNDERT,mars,UNDERT,30,0.010354849339973762
DS20,mc.mars_UNDERT,mars,UNDERT,31,0.007592665078232636
DS20,mc.mars_UNDERT,mars,UNDERT,32,0.007658888748558982
DS20,mc.mars_UNDERT,mars,UNDERT,33,0.008694901763343192
DS20,mc.mars_UNDERT,mars,UNDERT,34,0.012349347354113183
DS20,mc.mars_UNDERT,mars,UNDERT,35,0.007268718356446659
DS20,mc.mars_UNDERT,mars,UNDERT,36,0.008314757846267265
DS20,mc.mars_UNDERT,mars,UNDERT,37,0.008360945525187768
DS20,mc.mars_UNDERT,mars,UNDERT,38,0.007558967964674188
DS20,mc.mars_UNDERT,mars,UNDERT,39,0.007798066093017789
DS20,mc.mars_UNDERT,mars,UNDERT,40,0.006892150377232852
DS20,mc.mars_UNDERT,mars,UNDERT,41,0.007288583569604468
DS20,mc.mars_UNDERT,mars,UNDERT,42,0.009676146237025613
DS20,mc.mars_UNDERT,mars,UNDERT,43,0.00796821997638176
DS20,mc.mars_UNDERT,mars,UNDERT,44,0.008743416605490623
DS20,mc.mars_UNDERT,mars,UNDERT,45,0.0068886695316992845
DS20,mc.mars_UNDERT,mars,UNDERT,46,0.008119398937001464
DS20,mc.mars_UNDERT,mars,UNDERT,47,0.00710925905624761
DS20,mc.mars_UNDERT,mars,UNDERT,48,0.008180776280111764
DS20,mc.mars_UNDERT,mars,UNDERT,49,0.008386338573447272
DS20,mc.mars_UNDERT,mars,UNDERT,50,0.008457728508269459
DS20,mc.mars,mars,baseline,1,0.009706088869941823
DS20,mc.mars,mars,baseline,2,0.009574489008140334
DS20,mc.mars,mars,baseline,3,0.00939862283122424
DS20,mc.mars,mars,baseline,4,0.009368406707892492
DS20,mc.mars,mars,baseline,5,0.009388678224077266
DS20,mc.mars,mars,baseline,6,0.00933664597081383
DS20,mc.mars,mars,baseline,7,0.009350206084617492
DS20,mc.mars,mars,baseline,8,0.009381543146635977
DS20,mc.mars,mars,baseline,9,0.010418050889745277
DS20,mc.mars,mars,baseline,10,0.010780208854588929
DS20,mc.mars,mars,baseline,11,0.01011719587072282
DS20,mc.mars,mars,baseline,12,0.010142534456192627
DS20,mc.mars,mars,baseline,13,0.01003102193102056
DS20,mc.mars,mars,baseline,14,0.009958316578534212
DS20,mc.mars,mars,baseline,15,0.010032995042608185
DS20,mc.mars,mars,baseline,16,0.010707268824586502
DS20,mc.mars,mars,baseline,17,0.010706602325553358
DS20,mc.mars,mars,baseline,18,0.010922793270919318
DS20,mc.mars,mars,baseline,19,0.010601346986379967
DS20,mc.mars,mars,baseline,20,0.010790859227795565
DS20,mc.mars,mars,baseline,21,0.009163721452815412
DS20,mc.mars,mars,baseline,22,0.009418342855081342
DS20,mc.mars,mars,baseline,23,0.00932996338119299
DS20,mc.mars,mars,baseline,24,0.009268554778819738
DS20,mc.mars,mars,baseline,25,0.009507070498788203
DS20,mc.mars,mars,baseline,26,0.009951393902338292
DS20,mc.mars,mars,baseline,27,0.0075730334134574044
DS20,mc.mars,mars,baseline,28,0.0075363853772807835
DS20,mc.mars,mars,baseline,29,0.007311180971370586
DS20,mc.mars,mars,baseline,30,0.00711099769979309
DS20,mc.mars,mars,baseline,31,0.00732442617667585
DS20,mc.mars,mars,baseline,32,0.006927973900044704
DS20,mc.mars,mars,baseline,33,0.006710286717619732
DS20,mc.mars,mars,baseline,34,0.007024876072677515
DS20,mc.mars,mars,baseline,35,0.006814891521319106
DS20,mc.mars,mars,baseline,36,0.006788945235779753
DS20,mc.mars,mars,baseline,37,0.006813850527341989
DS20,mc.mars,mars,baseline,38,0.006524644446886862
DS20,mc.mars,mars,baseline,39,0.006742695004733251
DS20,mc.mars,mars,baseline,40,0.006378456712483947
DS20,mc.mars,mars,baseline,41,0.007244767836234941
DS20,mc.mars,mars,baseline,42,0.0071509035776057064
DS20,mc.mars,mars,baseline,43,0.007234867472867112
DS20,mc.mars,mars,baseline,44,0.007058915970515391
DS20,mc.mars,mars,baseline,45,0.007066737662950877
DS20,mc.mars,mars,baseline,46,0.006831410412160579
DS20,mc.mars,mars,baseline,47,0.00697266636521756
DS20,mc.mars,mars,baseline,48,0.006925588021435748
DS20,mc.mars,mars,baseline,49,0.006746341353655788
DS20,mc.mars,mars,baseline,50,0.006833599052261015
DS20,mc.rf_OVERB,rf,OVERB,1,0.010075595311846344
DS20,mc.rf_OVERB,rf,OVERB,2,0.009802564636526144
DS20,mc.rf_OVERB,rf,OVERB,3,0.00960897366379165
DS20,mc.rf_OVERB,rf,OVERB,4,0.009568483306408653
DS20,mc.rf_OVERB,rf,OVERB,5,0.00996435160170081
DS20,mc.rf_OVERB,rf,OVERB,6,0.00986892759918129
DS20,mc.rf_OVERB,rf,OVERB,7,0.009886075504551974
DS20,mc.rf_OVERB,rf,OVERB,8,0.010200190820051419
DS20,mc.rf_OVERB,rf,OVERB,9,0.009888320977228568
DS20,mc.rf_OVERB,rf,OVERB,10,0.009868707383003933
DS20,mc.rf_OVERB,rf,OVERB,11,0.01047696144016098
DS20,mc.rf_OVERB,rf,OVERB,12,0.010092341353855465
DS20,mc.rf_OVERB,rf,OVERB,13,0.010282123892075114
DS20,mc.rf_OVERB,rf,OVERB,14,0.010148270900149478
DS20,mc.rf_OVERB,rf,OVERB,15,0.010131947568182958
DS20,mc.rf_OVERB,rf,OVERB,16,0.010609045264844628
DS20,mc.rf_OVERB,rf,OVERB,17,0.010434662738420872
DS20,mc.rf_OVERB,rf,OVERB,18,0.010110192087403084
DS20,mc.rf_OVERB,rf,OVERB,19,0.010182908607239262
DS20,mc.rf_OVERB,rf,OVERB,20,0.010063208193032015
DS20,mc.rf_OVERB,rf,OVERB,21,0.009958197717991557
DS20,mc.rf_OVERB,rf,OVERB,22,0.00986699477004628
DS20,mc.rf_OVERB,rf,OVERB,23,0.009334235208803051
DS20,mc.rf_OVERB,rf,OVERB,24,0.009132463817323654
DS20,mc.rf_OVERB,rf,OVERB,25,0.009560013290366588
DS20,mc.rf_OVERB,rf,OVERB,26,0.009055213990195984
DS20,mc.rf_OVERB,rf,OVERB,27,0.008311655318887027
DS20,mc.rf_OVERB,rf,OVERB,28,0.007987730118508106
DS20,mc.rf_OVERB,rf,OVERB,29,0.0079097932226803
DS20,mc.rf_OVERB,rf,OVERB,30,0.007567040341451251
DS20,mc.rf_OVERB,rf,OVERB,31,0.007655677643824149
DS20,mc.rf_OVERB,rf,OVERB,32,0.007437477364734713
DS20,mc.rf_OVERB,rf,OVERB,33,0.0070627856906684385
DS20,mc.rf_OVERB,rf,OVERB,34,0.0072876330932601634
DS20,mc.rf_OVERB,rf,OVERB,35,0.006943943390065697
DS20,mc.rf_OVERB,rf,OVERB,36,0.007152362921175989
DS20,mc.rf_OVERB,rf,OVERB,37,0.007002846176002725
DS20,mc.rf_OVERB,rf,OVERB,38,0.0068288592494612135
DS20,mc.rf_OVERB,rf,OVERB,39,0.006805235794099367
DS20,mc.rf_OVERB,rf,OVERB,40,0.0067964521751039475
DS20,mc.rf_OVERB,rf,OVERB,41,0.00696315762182234
DS20,mc.rf_OVERB,rf,OVERB,42,0.0067383119496282375
DS20,mc.rf_OVERB,rf,OVERB,43,0.006792431467917744
DS20,mc.rf_OVERB,rf,OVERB,44,0.00698416086128064
DS20,mc.rf_OVERB,rf,OVERB,45,0.006933519174354533
DS20,mc.rf_OVERB,rf,OVERB,46,0.006830948372651383
DS20,mc.rf_OVERB,rf,OVERB,47,0.006855304001594122
DS20,mc.rf_OVERB,rf,OVERB,48,0.006802763427983848
DS20,mc.rf_OVERB,rf,OVERB,49,0.006915767475757934
DS20,mc.rf_OVERB,rf,OVERB,50,0.006706126516210334
DS20,mc.rf_OVERTPhi,rf,OVERTPhi,1,0.010469186649740912
DS20,mc.rf_OVERTPhi,rf,OVERTPhi,2,0.00995503836969701
DS20,mc.rf_OVERTPhi,rf,OVERTPhi,3,0.009656912169648642
DS20,mc.rf_OVERTPhi,rf,OVERTPhi,4,0.009618549814970886
DS20,mc.rf_OVERTPhi,rf,OVERTPhi,5,0.00963924704898981
DS20,mc.rf_OVERTPhi,rf,OVERTPhi,6,0.00957097415326305
DS20,mc.rf_OVERTPhi,rf,OVERTPhi,7,0.009666055418751191
DS20,mc.rf_OVERTPhi,rf,OVERTPhi,8,0.00947471379333026
DS20,mc.rf_OVERTPhi,rf,OVERTPhi,9,0.00974228192058386
DS20,mc.rf_OVERTPhi,rf,OVERTPhi,10,0.0097098767080893
DS20,mc.rf_OVERTPhi,rf,OVERTPhi,11,0.009823647011538057
DS20,mc.rf_OVERTPhi,rf,OVERTPhi,12,0.010246181666460269
DS20,mc.rf_OVERTPhi,rf,OVERTPhi,13,0.00986060480966246
DS20,mc.rf_OVERTPhi,rf,OVERTPhi,14,0.009772220666745489
DS20,mc.rf_OVERTPhi,rf,OVERTPhi,15,0.00979897632203176
DS20,mc.rf_OVERTPhi,rf,OVERTPhi,16,0.009881440178967513
DS20,mc.rf_OVERTPhi,rf,OVERTPhi,17,0.009870052659086184
DS20,mc.rf_OVERTPhi,rf,OVERTPhi,18,0.009959563381292507
DS20,mc.rf_OVERTPhi,rf,OVERTPhi,19,0.009685234771610597
DS20,mc.rf_OVERTPhi,rf,OVERTPhi,20,0.009855324223213262
DS20,mc.rf_OVERTPhi,rf,OVERTPhi,21,0.009734111287984128
DS20,mc.rf_OVERTPhi,rf,OVERTPhi,22,0.009328565234370432
DS20,mc.rf_OVERTPhi,rf,OVERTPhi,23,0.009225720565292347
DS20,mc.rf_OVERTPhi,rf,OVERTPhi,24,0.009178050317159597
DS20,mc.rf_OVERTPhi,rf,OVERTPhi,25,0.009296024536511932
DS20,mc.rf_OVERTPhi,rf,OVERTPhi,26,0.009272936869745218
DS20,mc.rf_OVERTPhi,rf,OVERTPhi,27,0.007925453741928382
DS20,mc.rf_OVERTPhi,rf,OVERTPhi,28,0.008026323983561194
DS20,mc.rf_OVERTPhi,rf,OVERTPhi,29,0.007602540747713263
DS20,mc.rf_OVERTPhi,rf,OVERTPhi,30,0.0073545055569727595
DS20,mc.rf_OVERTPhi,rf,OVERTPhi,31,0.007281883530975946
DS20,mc.rf_OVERTPhi,rf,OVERTPhi,32,0.0073474533264845324
DS20,mc.rf_OVERTPhi,rf,OVERTPhi,33,0.007216336259561337
DS20,mc.rf_OVERTPhi,rf,OVERTPhi,34,0.007200140124239794
DS20,mc.rf_OVERTPhi,rf,OVERTPhi,35,0.0069792648056149365
DS20,mc.rf_OVERTPhi,rf,OVERTPhi,36,0.007078326057233869
DS20,mc.rf_OVERTPhi,rf,OVERTPhi,37,0.00706382844513905
DS20,mc.rf_OVERTPhi,rf,OVERTPhi,38,0.00674803192923529
DS20,mc.rf_OVERTPhi,rf,OVERTPhi,39,0.006801673804898666
DS20,mc.rf_OVERTPhi,rf,OVERTPhi,40,0.006916888135398559
DS20,mc.rf_OVERTPhi,rf,OVERTPhi,41,0.006970662992544153
DS20,mc.rf_OVERTPhi,rf,OVERTPhi,42,0.006927083762123059
DS20,mc.rf_OVERTPhi,rf,OVERTPhi,43,0.0070394074991271555
DS20,mc.rf_OVERTPhi,rf,OVERTPhi,44,0.007114221215838194
DS20,mc.rf_OVERTPhi,rf,OVERTPhi,45,0.007262699596295088
DS20,mc.rf_OVERTPhi,rf,OVERTPhi,46,0.007190873287463382
DS20,mc.rf_OVERTPhi,rf,OVERTPhi,47,0.0069868773818305705
DS20,mc.rf_OVERTPhi,rf,OVERTPhi,48,0.00703643450669242
DS20,mc.rf_OVERTPhi,rf,OVERTPhi,49,0.007408696577186986
DS20,mc.rf_OVERTPhi,rf,OVERTPhi,50,0.007046816120988955
DS20,mc.rf_OVERT,rf,OVERT,1,0.010420457752424974
DS20,mc.rf_OVERT,rf,OVERT,2,0.009770259082851824
DS20,mc.rf_OVERT,rf,OVERT,3,0.009715717525457983
DS20,mc.rf_OVERT,rf,OVERT,4,0.009551382808148205
DS20,mc.rf_OVERT,rf,OVERT,5,0.009565900958640662
DS20,mc.rf_OVERT,rf,OVERT,6,0.00953404335243738
DS20,mc.rf_OVERT,rf,OVERT,7,0.00978371280217332
DS20,mc.rf_OVERT,rf,OVERT,8,0.009476381126678797
DS20,mc.rf_OVERT,rf,OVERT,9,0.009870908361778764
DS20,mc.rf_OVERT,rf,OVERT,10,0.009597122384458817
DS20,mc.rf_OVERT,rf,OVERT,11,0.00973782121101303
DS20,mc.rf_OVERT,rf,OVERT,12,0.010112565133562337
DS20,mc.rf_OVERT,rf,OVERT,13,0.009790925017751405
DS20,mc.rf_OVERT,rf,OVERT,14,0.009575523190636124
DS20,mc.rf_OVERT,rf,OVERT,15,0.009844595985981024
DS20,mc.rf_OVERT,rf,OVERT,16,0.009818002575300435
DS20,mc.rf_OVERT,rf,OVERT,17,0.009823656749044611
DS20,mc.rf_OVERT,rf,OVERT,18,0.010059198455663651
DS20,mc.rf_OVERT,rf,OVERT,19,0.00957652365062143
DS20,mc.rf_OVERT,rf,OVERT,20,0.009789330396161724
DS20,mc.rf_OVERT,rf,OVERT,21,0.009610116760094142
DS20,mc.rf_OVERT,rf,OVERT,22,0.00930230240013308
DS20,mc.rf_OVERT,rf,OVERT,23,0.009225720565292347
DS20,mc.rf_OVERT,rf,OVERT,24,0.009302833026961567
DS20,mc.rf_OVERT,rf,OVERT,25,0.009150585275252827
DS20,mc.rf_OVERT,rf,OVERT,26,0.009490393317957783
DS20,mc.rf_OVERT,rf,OVERT,27,0.00795863378501704
DS20,mc.rf_OVERT,rf,OVERT,28,0.008013056119471918
DS20,mc.rf_OVERT,rf,OVERT,29,0.007554041875307011
DS20,mc.rf_OVERT,rf,OVERT,30,0.007350644541361026
DS20,mc.rf_OVERT,rf,OVERT,31,0.007286085259935241
DS20,mc.rf_OVERT,rf,OVERT,32,0.007384885110993945
DS20,mc.rf_OVERT,rf,OVERT,33,0.0070852838330210405
DS20,mc.rf_OVERT,rf,OVERT,34,0.007177633128968105
DS20,mc.rf_OVERT,rf,OVERT,35,0.00703122812035855
DS20,mc.rf_OVERT,rf,OVERT,36,0.007127448508911667
DS20,mc.rf_OVERT,rf,OVERT,37,0.007133655660749123
DS20,mc.rf_OVERT,rf,OVERT,38,0.0067897650460944405
DS20,mc.rf_OVERT,rf,OVERT,39,0.006789739029001209
DS20,mc.rf_OVERT,rf,OVERT,40,0.0069482824622709
DS20,mc.rf_OVERT,rf,OVERT,41,0.006919791697828835
DS20,mc.rf_OVERT,rf,OVERT,42,0.006746116482900999
DS20,mc.rf_OVERT,rf,OVERT,43,0.006984746788734264
DS20,mc.rf_OVERT,rf,OVERT,44,0.007166709677890991
DS20,mc.rf_OVERT,rf,OVERT,45,0.007423564350059103
DS20,mc.rf_OVERT,rf,OVERT,46,0.007110589284778798
DS20,mc.rf_OVERT,rf,OVERT,47,0.007051462058306289
DS20,mc.rf_OVERT,rf,OVERT,48,0.007117260407020593
DS20,mc.rf_OVERT,rf,OVERT,49,0.006947619824194529
DS20,mc.rf_OVERT,rf,OVERT,50,0.006661190069115358
DS20,mc.rf_SMOTEB,rf,SMOTEB,1,0.013025938735657872
DS20,mc.rf_SMOTEB,rf,SMOTEB,2,0.012827854879630587
DS20,mc.rf_SMOTEB,rf,SMOTEB,3,0.013206439153303003
DS20,mc.rf_SMOTEB,rf,SMOTEB,4,0.014548713128124283
DS20,mc.rf_SMOTEB,rf,SMOTEB,5,0.013519012160553956
DS20,mc.rf_SMOTEB,rf,SMOTEB,6,0.011884095044312315
DS20,mc.rf_SMOTEB,rf,SMOTEB,7,0.01333287732776235
DS20,mc.rf_SMOTEB,rf,SMOTEB,8,0.012800301739490125
DS20,mc.rf_SMOTEB,rf,SMOTEB,9,0.013700655552269977
DS20,mc.rf_SMOTEB,rf,SMOTEB,10,0.012631675215232452
DS20,mc.rf_SMOTEB,rf,SMOTEB,11,0.012730163603646994
DS20,mc.rf_SMOTEB,rf,SMOTEB,12,0.01310300377811392
DS20,mc.rf_SMOTEB,rf,SMOTEB,13,0.012997340324592491
DS20,mc.rf_SMOTEB,rf,SMOTEB,14,0.01334823929983465
DS20,mc.rf_SMOTEB,rf,SMOTEB,15,0.013010653142845234
DS20,mc.rf_SMOTEB,rf,SMOTEB,16,0.012866259150391118
DS20,mc.rf_SMOTEB,rf,SMOTEB,17,0.012532516760096974
DS20,mc.rf_SMOTEB,rf,SMOTEB,18,0.012343841130181518
DS20,mc.rf_SMOTEB,rf,SMOTEB,19,0.012900621750377627
DS20,mc.rf_SMOTEB,rf,SMOTEB,20,0.012685860996697515
DS20,mc.rf_SMOTEB,rf,SMOTEB,21,0.01237287417537887
DS20,mc.rf_SMOTEB,rf,SMOTEB,22,0.011815022449302996
DS20,mc.rf_SMOTEB,rf,SMOTEB,23,0.01166529464866026
DS20,mc.rf_SMOTEB,rf,SMOTEB,24,0.01123370003405987
DS20,mc.rf_SMOTEB,rf,SMOTEB,25,0.011193637810210802
DS20,mc.rf_SMOTEB,rf,SMOTEB,26,0.011713789192640819
DS20,mc.rf_SMOTEB,rf,SMOTEB,27,0.011250032997363232
DS20,mc.rf_SMOTEB,rf,SMOTEB,28,0.010649496612968518
DS20,mc.rf_SMOTEB,rf,SMOTEB,29,0.01023136472892435
DS20,mc.rf_SMOTEB,rf,SMOTEB,30,0.010419847481048267
DS20,mc.rf_SMOTEB,rf,SMOTEB,31,0.009751009069277707
DS20,mc.rf_SMOTEB,rf,SMOTEB,32,0.009322531920104744
DS20,mc.rf_SMOTEB,rf,SMOTEB,33,0.010149413724340674
DS20,mc.rf_SMOTEB,rf,SMOTEB,34,0.009103608178761446
DS20,mc.rf_SMOTEB,rf,SMOTEB,35,0.00897764601440498
DS20,mc.rf_SMOTEB,rf,SMOTEB,36,0.009566635471492379
DS20,mc.rf_SMOTEB,rf,SMOTEB,37,0.00994387833312259
DS20,mc.rf_SMOTEB,rf,SMOTEB,38,0.009174609231587664
DS20,mc.rf_SMOTEB,rf,SMOTEB,39,0.008851855920132271
DS20,mc.rf_SMOTEB,rf,SMOTEB,40,0.010345539571106092
DS20,mc.rf_SMOTEB,rf,SMOTEB,41,0.009618888107999034
DS20,mc.rf_SMOTEB,rf,SMOTEB,42,0.009826202089532313
DS20,mc.rf_SMOTEB,rf,SMOTEB,43,0.009751563711294568
DS20,mc.rf_SMOTEB,rf,SMOTEB,44,0.01004495468203544
DS20,mc.rf_SMOTEB,rf,SMOTEB,45,0.01027486885186769
DS20,mc.rf_SMOTEB,rf,SMOTEB,46,0.010261586360684648
DS20,mc.rf_SMOTEB,rf,SMOTEB,47,0.010759517889975204
DS20,mc.rf_SMOTEB,rf,SMOTEB,48,0.010242503014826675
DS20,mc.rf_SMOTEB,rf,SMOTEB,49,0.010058938218748608
DS20,mc.rf_SMOTEB,rf,SMOTEB,50,0.009109466842769498
DS20,mc.rf_SMOTETPhi,rf,SMOTETPhi,1,0.01378121579075607
DS20,mc.rf_SMOTETPhi,rf,SMOTETPhi,2,0.013352535646468636
DS20,mc.rf_SMOTETPhi,rf,SMOTETPhi,3,0.013428868439535058
DS20,mc.rf_SMOTETPhi,rf,SMOTETPhi,4,0.0135707402739832
DS20,mc.rf_SMOTETPhi,rf,SMOTETPhi,5,0.013350284394819696
DS20,mc.rf_SMOTETPhi,rf,SMOTETPhi,6,0.012266156553969784
DS20,mc.rf_SMOTETPhi,rf,SMOTETPhi,7,0.012522337701734554
DS20,mc.rf_SMOTETPhi,rf,SMOTETPhi,8,0.013750870604708773
DS20,mc.rf_SMOTETPhi,rf,SMOTETPhi,9,0.013154667743145047
DS20,mc.rf_SMOTETPhi,rf,SMOTETPhi,10,0.014189878480252202
DS20,mc.rf_SMOTETPhi,rf,SMOTETPhi,11,0.013134303537618958
DS20,mc.rf_SMOTETPhi,rf,SMOTETPhi,12,0.013163810015616662
DS20,mc.rf_SMOTETPhi,rf,SMOTETPhi,13,0.01294187680646115
DS20,mc.rf_SMOTETPhi,rf,SMOTETPhi,14,0.01324179093173674
DS20,mc.rf_SMOTETPhi,rf,SMOTETPhi,15,0.012616286590790025
DS20,mc.rf_SMOTETPhi,rf,SMOTETPhi,16,0.012456168859114656
DS20,mc.rf_SMOTETPhi,rf,SMOTETPhi,17,0.01154172516750457
DS20,mc.rf_SMOTETPhi,rf,SMOTETPhi,18,0.01228979703236412
DS20,mc.rf_SMOTETPhi,rf,SMOTETPhi,19,0.013538832464299374
DS20,mc.rf_SMOTETPhi,rf,SMOTETPhi,20,0.012657132432200817
DS20,mc.rf_SMOTETPhi,rf,SMOTETPhi,21,0.012187432875614822
DS20,mc.rf_SMOTETPhi,rf,SMOTETPhi,22,0.012593309161984324
DS20,mc.rf_SMOTETPhi,rf,SMOTETPhi,23,0.012381327336813113
DS20,mc.rf_SMOTETPhi,rf,SMOTETPhi,24,0.011939639042545804
DS20,mc.rf_SMOTETPhi,rf,SMOTETPhi,25,0.01285366924419564
DS20,mc.rf_SMOTETPhi,rf,SMOTETPhi,26,0.012391025895524398
DS20,mc.rf_SMOTETPhi,rf,SMOTETPhi,27,0.011463071885018794
DS20,mc.rf_SMOTETPhi,rf,SMOTETPhi,28,0.010112449244508971
DS20,mc.rf_SMOTETPhi,rf,SMOTETPhi,29,0.010886343811123968
DS20,mc.rf_SMOTETPhi,rf,SMOTETPhi,30,0.011694328406701333
DS20,mc.rf_SMOTETPhi,rf,SMOTETPhi,31,0.011538474819980172
DS20,mc.rf_SMOTETPhi,rf,SMOTETPhi,32,0.01157522248568221
DS20,mc.rf_SMOTETPhi,rf,SMOTETPhi,33,0.009656212502399907
DS20,mc.rf_SMOTETPhi,rf,SMOTETPhi,34,0.010512490967206658
DS20,mc.rf_SMOTETPhi,rf,SMOTETPhi,35,0.009793433926455257
DS20,mc.rf_SMOTETPhi,rf,SMOTETPhi,36,0.010113525416061954
DS20,mc.rf_SMOTETPhi,rf,SMOTETPhi,37,0.009501501964216048
DS20,mc.rf_SMOTETPhi,rf,SMOTETPhi,38,0.010090606564575886
DS20,mc.rf_SMOTETPhi,rf,SMOTETPhi,39,0.009964297695418211
DS20,mc.rf_SMOTETPhi,rf,SMOTETPhi,40,0.009202644838299289
DS20,mc.rf_SMOTETPhi,rf,SMOTETPhi,41,0.00975973620619001
DS20,mc.rf_SMOTETPhi,rf,SMOTETPhi,42,0.008986307312711165
DS20,mc.rf_SMOTETPhi,rf,SMOTETPhi,43,0.009493988010649101
DS20,mc.rf_SMOTETPhi,rf,SMOTETPhi,44,0.008836777844461895
DS20,mc.rf_SMOTETPhi,rf,SMOTETPhi,45,0.00915670888948322
DS20,mc.rf_SMOTETPhi,rf,SMOTETPhi,46,0.00971389457093911
DS20,mc.rf_SMOTETPhi,rf,SMOTETPhi,47,0.009133967653022664
DS20,mc.rf_SMOTETPhi,rf,SMOTETPhi,48,0.009982258741913823
DS20,mc.rf_SMOTETPhi,rf,SMOTETPhi,49,0.009306062256923682
DS20,mc.rf_SMOTETPhi,rf,SMOTETPhi,50,0.010412406576456494
DS20,mc.rf_SMOTET,rf,SMOTET,1,0.014176967895238535
DS20,mc.rf_SMOTET,rf,SMOTET,2,0.012720399154144154
DS20,mc.rf_SMOTET,rf,SMOTET,3,0.012898204703320416
DS20,mc.rf_SMOTET,rf,SMOTET,4,0.012989808113331114
DS20,mc.rf_SMOTET,rf,SMOTET,5,0.015111402191369883
DS20,mc.rf_SMOTET,rf,SMOTET,6,0.013516797473912127
DS20,mc.rf_SMOTET,rf,SMOTET,7,0.012775646526403001
DS20,mc.rf_SMOTET,rf,SMOTET,8,0.013112051243508947
DS20,mc.rf_SMOTET,rf,SMOTET,9,0.012340718664614513
DS20,mc.rf_SMOTET,rf,SMOTET,10,0.013260494304874772
DS20,mc.rf_SMOTET,rf,SMOTET,11,0.012777713475895713
DS20,mc.rf_SMOTET,rf,SMOTET,12,0.01308486573729163
DS20,mc.rf_SMOTET,rf,SMOTET,13,0.013212617959590667
DS20,mc.rf_SMOTET,rf,SMOTET,14,0.013377007701896041
DS20,mc.rf_SMOTET,rf,SMOTET,15,0.013361209224868937
DS20,mc.rf_SMOTET,rf,SMOTET,16,0.012351229782436452
DS20,mc.rf_SMOTET,rf,SMOTET,17,0.013051540132411275
DS20,mc.rf_SMOTET,rf,SMOTET,18,0.012049879557195149
DS20,mc.rf_SMOTET,rf,SMOTET,19,0.012687858352718698
DS20,mc.rf_SMOTET,rf,SMOTET,20,0.012238196642021776
DS20,mc.rf_SMOTET,rf,SMOTET,21,0.01246963290856662
DS20,mc.rf_SMOTET,rf,SMOTET,22,0.012330866559775132
DS20,mc.rf_SMOTET,rf,SMOTET,23,0.0113402705285762
DS20,mc.rf_SMOTET,rf,SMOTET,24,0.011439215384806715
DS20,mc.rf_SMOTET,rf,SMOTET,25,0.011783949013958815
DS20,mc.rf_SMOTET,rf,SMOTET,26,0.011931859042496181
DS20,mc.rf_SMOTET,rf,SMOTET,27,0.01075629721560679
DS20,mc.rf_SMOTET,rf,SMOTET,28,0.011089490027902207
DS20,mc.rf_SMOTET,rf,SMOTET,29,0.009683742217764307
DS20,mc.rf_SMOTET,rf,SMOTET,30,0.009760340355508598
DS20,mc.rf_SMOTET,rf,SMOTET,31,0.011285925603745467
DS20,mc.rf_SMOTET,rf,SMOTET,32,0.010353097592933467
DS20,mc.rf_SMOTET,rf,SMOTET,33,0.00907455592617904
DS20,mc.rf_SMOTET,rf,SMOTET,34,0.009121894358624786
DS20,mc.rf_SMOTET,rf,SMOTET,35,0.009355744728306978
DS20,mc.rf_SMOTET,rf,SMOTET,36,0.009117128152112153
DS20,mc.rf_SMOTET,rf,SMOTET,37,0.009121902149462704
DS20,mc.rf_SMOTET,rf,SMOTET,38,0.00893952953719155
DS20,mc.rf_SMOTET,rf,SMOTET,39,0.008465802459920109
DS20,mc.rf_SMOTET,rf,SMOTET,40,0.009482751503187363
DS20,mc.rf_SMOTET,rf,SMOTET,41,0.008704575001371702
DS20,mc.rf_SMOTET,rf,SMOTET,42,0.009048294356063795
DS20,mc.rf_SMOTET,rf,SMOTET,43,0.00901842663369027
DS20,mc.rf_SMOTET,rf,SMOTET,44,0.008694446789981517
DS20,mc.rf_SMOTET,rf,SMOTET,45,0.008391695204484332
DS20,mc.rf_SMOTET,rf,SMOTET,46,0.00943419638624015
DS20,mc.rf_SMOTET,rf,SMOTET,47,0.009028301193374442
DS20,mc.rf_SMOTET,rf,SMOTET,48,0.009077594150687235
DS20,mc.rf_SMOTET,rf,SMOTET,49,0.009135614212869509
DS20,mc.rf_SMOTET,rf,SMOTET,50,0.007948132346954738
DS20,mc.rf_UNDERB,rf,UNDERB,1,0.012616229164610564
DS20,mc.rf_UNDERB,rf,UNDERB,2,0.011923187652821311
DS20,mc.rf_UNDERB,rf,UNDERB,3,0.011872456246253714
DS20,mc.rf_UNDERB,rf,UNDERB,4,0.011803571654760486
DS20,mc.rf_UNDERB,rf,UNDERB,5,0.011545906484164911
DS20,mc.rf_UNDERB,rf,UNDERB,6,0.010512022378462443
DS20,mc.rf_UNDERB,rf,UNDERB,7,0.010631676595705184
DS20,mc.rf_UNDERB,rf,UNDERB,8,0.010419112782695309
DS20,mc.rf_UNDERB,rf,UNDERB,9,0.010888713490276761
DS20,mc.rf_UNDERB,rf,UNDERB,10,0.01131874787437504
DS20,mc.rf_UNDERB,rf,UNDERB,11,0.011802355762279584
DS20,mc.rf_UNDERB,rf,UNDERB,12,0.012189483900348458
DS20,mc.rf_UNDERB,rf,UNDERB,13,0.010884661887513228
DS20,mc.rf_UNDERB,rf,UNDERB,14,0.010898813284979552
DS20,mc.rf_UNDERB,rf,UNDERB,15,0.01080126867074938
DS20,mc.rf_UNDERB,rf,UNDERB,16,0.011210242811500775
DS20,mc.rf_UNDERB,rf,UNDERB,17,0.011422007804231091
DS20,mc.rf_UNDERB,rf,UNDERB,18,0.011088546018437397
DS20,mc.rf_UNDERB,rf,UNDERB,19,0.010869586282746077
DS20,mc.rf_UNDERB,rf,UNDERB,20,0.010824752486383414
DS20,mc.rf_UNDERB,rf,UNDERB,21,0.010814224266989705
DS20,mc.rf_UNDERB,rf,UNDERB,22,0.010281605179845929
DS20,mc.rf_UNDERB,rf,UNDERB,23,0.009808488812372874
DS20,mc.rf_UNDERB,rf,UNDERB,24,0.010265643255197136
DS20,mc.rf_UNDERB,rf,UNDERB,25,0.010020436009725303
DS20,mc.rf_UNDERB,rf,UNDERB,26,0.010321731819687294
DS20,mc.rf_UNDERB,rf,UNDERB,27,0.010507669921291528
DS20,mc.rf_UNDERB,rf,UNDERB,28,0.009608933099603565
DS20,mc.rf_UNDERB,rf,UNDERB,29,0.008605959482711655
DS20,mc.rf_UNDERB,rf,UNDERB,30,0.008650606282337034
DS20,mc.rf_UNDERB,rf,UNDERB,31,0.009202911512258674
DS20,mc.rf_UNDERB,rf,UNDERB,32,0.008865861491647054
DS20,mc.rf_UNDERB,rf,UNDERB,33,0.008467618862914469
DS20,mc.rf_UNDERB,rf,UNDERB,34,0.010345513983527777
DS20,mc.rf_UNDERB,rf,UNDERB,35,0.009151861274617713
DS20,mc.rf_UNDERB,rf,UNDERB,36,0.008777821291318686
DS20,mc.rf_UNDERB,rf,UNDERB,37,0.009850492942948522
DS20,mc.rf_UNDERB,rf,UNDERB,38,0.008324160475642507
DS20,mc.rf_UNDERB,rf,UNDERB,39,0.010647974473112675
DS20,mc.rf_UNDERB,rf,UNDERB,40,0.008937786398544775
DS20,mc.rf_UNDERB,rf,UNDERB,41,0.013525024800234728
DS20,mc.rf_UNDERB,rf,UNDERB,42,0.009356060119486982
DS20,mc.rf_UNDERB,rf,UNDERB,43,0.009334199414464605
DS20,mc.rf_UNDERB,rf,UNDERB,44,0.009229417426831053
DS20,mc.rf_UNDERB,rf,UNDERB,45,0.009998550359292755
DS20,mc.rf_UNDERB,rf,UNDERB,46,0.007694072910226287
DS20,mc.rf_UNDERB,rf,UNDERB,47,0.009696353094200274
DS20,mc.rf_UNDERB,rf,UNDERB,48,0.01242887725241574
DS20,mc.rf_UNDERB,rf,UNDERB,49,0.009214040350828963
DS20,mc.rf_UNDERB,rf,UNDERB,50,0.00977491956127889
DS20,mc.rf_UNDERTPhi,rf,UNDERTPhi,1,0.013562996168028174
DS20,mc.rf_UNDERTPhi,rf,UNDERTPhi,2,0.011622790910253004
DS20,mc.rf_UNDERTPhi,rf,UNDERTPhi,3,0.011037123512897717
DS20,mc.rf_UNDERTPhi,rf,UNDERTPhi,4,0.012198768017273256
DS20,mc.rf_UNDERTPhi,rf,UNDERTPhi,5,0.011904331475950018
DS20,mc.rf_UNDERTPhi,rf,UNDERTPhi,6,0.010224172881511744
DS20,mc.rf_UNDERTPhi,rf,UNDERTPhi,7,0.010552627185458664
DS20,mc.rf_UNDERTPhi,rf,UNDERTPhi,8,0.011440658509015484
DS20,mc.rf_UNDERTPhi,rf,UNDERTPhi,9,0.010715919541324276
DS20,mc.rf_UNDERTPhi,rf,UNDERTPhi,10,0.011012154255432413
DS20,mc.rf_UNDERTPhi,rf,UNDERTPhi,11,0.010568016104046729
DS20,mc.rf_UNDERTPhi,rf,UNDERTPhi,12,0.011292222271203666
DS20,mc.rf_UNDERTPhi,rf,UNDERTPhi,13,0.010976020367937498
DS20,mc.rf_UNDERTPhi,rf,UNDERTPhi,14,0.011598344019195612
DS20,mc.rf_UNDERTPhi,rf,UNDERTPhi,15,0.011696817292317481
DS20,mc.rf_UNDERTPhi,rf,UNDERTPhi,16,0.011461692955759316
DS20,mc.rf_UNDERTPhi,rf,UNDERTPhi,17,0.010853115174634408
DS20,mc.rf_UNDERTPhi,rf,UNDERTPhi,18,0.011362151721470346
DS20,mc.rf_UNDERTPhi,rf,UNDERTPhi,19,0.01126847474111952
DS20,mc.rf_UNDERTPhi,rf,UNDERTPhi,20,0.011117934946696422
DS20,mc.rf_UNDERTPhi,rf,UNDERTPhi,21,0.011077574442460344
DS20,mc.rf_UNDERTPhi,rf,UNDERTPhi,22,0.010282987311652078
DS20,mc.rf_UNDERTPhi,rf,UNDERTPhi,23,0.00964164482409699
DS20,mc.rf_UNDERTPhi,rf,UNDERTPhi,24,0.009825842024042849
DS20,mc.rf_UNDERTPhi,rf,UNDERTPhi,25,0.01016202093463007
DS20,mc.rf_UNDERTPhi,rf,UNDERTPhi,26,0.010869547453376436
DS20,mc.rf_UNDERTPhi,rf,UNDERTPhi,27,0.009930561696441517
DS20,mc.rf_UNDERTPhi,rf,UNDERTPhi,28,0.010257993512716649
DS20,mc.rf_UNDERTPhi,rf,UNDERTPhi,29,0.009471020105309104
DS20,mc.rf_UNDERTPhi,rf,UNDERTPhi,30,0.009236511825920751
DS20,mc.rf_UNDERTPhi,rf,UNDERTPhi,31,0.009892067995579413
DS20,mc.rf_UNDERTPhi,rf,UNDERTPhi,32,0.011219455875382693
DS20,mc.rf_UNDERTPhi,rf,UNDERTPhi,33,0.013927005844592902
DS20,mc.rf_UNDERTPhi,rf,UNDERTPhi,34,0.013807662743963353
DS20,mc.rf_UNDERTPhi,rf,UNDERTPhi,35,0.008787768420426988
DS20,mc.rf_UNDERTPhi,rf,UNDERTPhi,36,0.011167099650916418
DS20,mc.rf_UNDERTPhi,rf,UNDERTPhi,37,0.010709484878142762
DS20,mc.rf_UNDERTPhi,rf,UNDERTPhi,38,0.011164485370404752
DS20,mc.rf_UNDERTPhi,rf,UNDERTPhi,39,0.008543604311119697
DS20,mc.rf_UNDERTPhi,rf,UNDERTPhi,40,0.011530793004895656
DS20,mc.rf_UNDERTPhi,rf,UNDERTPhi,41,0.009018400241999657
DS20,mc.rf_UNDERTPhi,rf,UNDERTPhi,42,0.01325861100239649
DS20,mc.rf_UNDERTPhi,rf,UNDERTPhi,43,0.010699385217330909
DS20,mc.rf_UNDERTPhi,rf,UNDERTPhi,44,0.010516040044275803
DS20,mc.rf_UNDERTPhi,rf,UNDERTPhi,45,0.00851047154528435
DS20,mc.rf_UNDERTPhi,rf,UNDERTPhi,46,0.012103477000023139
DS20,mc.rf_UNDERTPhi,rf,UNDERTPhi,47,0.010294760530388825
DS20,mc.rf_UNDERTPhi,rf,UNDERTPhi,48,0.013621668523661985
DS20,mc.rf_UNDERTPhi,rf,UNDERTPhi,49,0.010824969126901195
DS20,mc.rf_UNDERTPhi,rf,UNDERTPhi,50,0.009184230725227048
DS20,mc.rf_UNDERT,rf,UNDERT,1,0.01091423776390577
DS20,mc.rf_UNDERT,rf,UNDERT,2,0.012490274971856289
DS20,mc.rf_UNDERT,rf,UNDERT,3,0.011397968017397158
DS20,mc.rf_UNDERT,rf,UNDERT,4,0.011412984305223674
DS20,mc.rf_UNDERT,rf,UNDERT,5,0.012111814797599785
DS20,mc.rf_UNDERT,rf,UNDERT,6,0.01080246595618447
DS20,mc.rf_UNDERT,rf,UNDERT,7,0.011730832904586163
DS20,mc.rf_UNDERT,rf,UNDERT,8,0.012051789763850412
DS20,mc.rf_UNDERT,rf,UNDERT,9,0.011752643657047937
DS20,mc.rf_UNDERT,rf,UNDERT,10,0.010882822604599026
DS20,mc.rf_UNDERT,rf,UNDERT,11,0.010998492881124495
DS20,mc.rf_UNDERT,rf,UNDERT,12,0.01251905276784956
DS20,mc.rf_UNDERT,rf,UNDERT,13,0.011878020905239811
DS20,mc.rf_UNDERT,rf,UNDERT,14,0.010503881972513947
DS20,mc.rf_UNDERT,rf,UNDERT,15,0.011001190433544923
DS20,mc.rf_UNDERT,rf,UNDERT,16,0.011208117026580913
DS20,mc.rf_UNDERT,rf,UNDERT,17,0.010650702612242515
DS20,mc.rf_UNDERT,rf,UNDERT,18,0.011128324231743382
DS20,mc.rf_UNDERT,rf,UNDERT,19,0.012179211139237369
DS20,mc.rf_UNDERT,rf,UNDERT,20,0.010468234342845798
DS20,mc.rf_UNDERT,rf,UNDERT,21,0.010911959429219653
DS20,mc.rf_UNDERT,rf,UNDERT,22,0.010522435306336873
DS20,mc.rf_UNDERT,rf,UNDERT,23,0.010419441945649336
DS20,mc.rf_UNDERT,rf,UNDERT,24,0.009854798978925257
DS20,mc.rf_UNDERT,rf,UNDERT,25,0.010172130440553845
DS20,mc.rf_UNDERT,rf,UNDERT,26,0.009811378578365889
DS20,mc.rf_UNDERT,rf,UNDERT,27,0.010211531363897472
DS20,mc.rf_UNDERT,rf,UNDERT,28,0.01049783298883744
DS20,mc.rf_UNDERT,rf,UNDERT,29,0.008560232674809647
DS20,mc.rf_UNDERT,rf,UNDERT,30,0.009525394895030624
DS20,mc.rf_UNDERT,rf,UNDERT,31,0.009246182574646569
DS20,mc.rf_UNDERT,rf,UNDERT,32,0.00855045554855125
DS20,mc.rf_UNDERT,rf,UNDERT,33,0.009879090726213957
DS20,mc.rf_UNDERT,rf,UNDERT,34,0.01173753500256054
DS20,mc.rf_UNDERT,rf,UNDERT,35,0.008141390995712063
DS20,mc.rf_UNDERT,rf,UNDERT,36,0.010449966587575965
DS20,mc.rf_UNDERT,rf,UNDERT,37,0.009264855608460899
DS20,mc.rf_UNDERT,rf,UNDERT,38,0.00816237264639341
DS20,mc.rf_UNDERT,rf,UNDERT,39,0.009819264685109573
DS20,mc.rf_UNDERT,rf,UNDERT,40,0.008144372605982381
DS20,mc.rf_UNDERT,rf,UNDERT,41,0.008406242537235414
DS20,mc.rf_UNDERT,rf,UNDERT,42,0.011443514222878868
DS20,mc.rf_UNDERT,rf,UNDERT,43,0.009158749729686319
DS20,mc.rf_UNDERT,rf,UNDERT,44,0.010265626329517778
DS20,mc.rf_UNDERT,rf,UNDERT,45,0.007605035540084399
DS20,mc.rf_UNDERT,rf,UNDERT,46,0.009031962402065984
DS20,mc.rf_UNDERT,rf,UNDERT,47,0.010310270315699432
DS20,mc.rf_UNDERT,rf,UNDERT,48,0.01112826908266996
DS20,mc.rf_UNDERT,rf,UNDERT,49,0.010638991632021522
DS20,mc.rf_UNDERT,rf,UNDERT,50,0.009493714928155048
DS20,mc.rf,rf,baseline,1,0.009892100524791714
DS20,mc.rf,rf,baseline,2,0.009713327006245949
DS20,mc.rf,rf,baseline,3,0.009467141627413545
DS20,mc.rf,rf,baseline,4,0.009450745325258487
DS20,mc.rf,rf,baseline,5,0.009360429296306119
DS20,mc.rf,rf,baseline,6,0.009370389110231758
DS20,mc.rf,rf,baseline,7,0.009429621562876817
DS20,mc.rf,rf,baseline,8,0.00935166638253964
DS20,mc.rf,rf,baseline,9,0.009809976881492875
DS20,mc.rf,rf,baseline,10,0.009862987163006707
DS20,mc.rf,rf,baseline,11,0.009965709147125478
DS20,mc.rf,rf,baseline,12,0.009912214800557474
DS20,mc.rf,rf,baseline,13,0.009988223069652233
DS20,mc.rf,rf,baseline,14,0.009844451093927599
DS20,mc.rf,rf,baseline,15,0.009894302972300024
DS20,mc.rf,rf,baseline,16,0.009746574777272867
DS20,mc.rf,rf,baseline,17,0.009954164333163474
DS20,mc.rf,rf,baseline,18,0.009970114912633752
DS20,mc.rf,rf,baseline,19,0.009882036345648128
DS20,mc.rf,rf,baseline,20,0.009497006868933565
DS20,mc.rf,rf,baseline,21,0.009573399306914606
DS20,mc.rf,rf,baseline,22,0.009223428708897575
DS20,mc.rf,rf,baseline,23,0.009129489665826808
DS20,mc.rf,rf,baseline,24,0.009029172318055573
DS20,mc.rf,rf,baseline,25,0.008851600173734857
DS20,mc.rf,rf,baseline,26,0.008875470035219433
DS20,mc.rf,rf,baseline,27,0.007952454084893928
DS20,mc.rf,rf,baseline,28,0.007574791702185595
DS20,mc.rf,rf,baseline,29,0.007334285133093594
DS20,mc.rf,rf,baseline,30,0.007163984312306811
DS20,mc.rf,rf,baseline,31,0.007105867132638176
DS20,mc.rf,rf,baseline,32,0.007044582140224326
DS20,mc.rf,rf,baseline,33,0.006816369999716445
DS20,mc.rf,rf,baseline,34,0.006906100804924635
DS20,mc.rf,rf,baseline,35,0.006780255135864108
DS20,mc.rf,rf,baseline,36,0.0067018083955724
DS20,mc.rf,rf,baseline,37,0.006762483284815264
DS20,mc.rf,rf,baseline,38,0.006595654755152656
DS20,mc.rf,rf,baseline,39,0.006598031059151593
DS20,mc.rf,rf,baseline,40,0.006531432690606978
DS20,mc.rf,rf,baseline,41,0.006614063458232324
DS20,mc.rf,rf,baseline,42,0.006490697033934183
DS20,mc.rf,rf,baseline,43,0.006450535762444611
DS20,mc.rf,rf,baseline,44,0.006464461661466846
DS20,mc.rf,rf,baseline,45,0.006536102797064603
DS20,mc.rf,rf,baseline,46,0.006469252078351243
DS20,mc.rf,rf,baseline,47,0.0064569364682484625
DS20,mc.rf,rf,baseline,48,0.006472983255474866
DS20,mc.rf,rf,baseline,49,0.006487614643025328
DS20,mc.rf,rf,baseline,50,0.00653204020695332
DS20,mc.rpart_OVERB,rpart,OVERB,1,0.015479169919075057
DS20,mc.rpart_OVERB,rpart,OVERB,2,0.012666784151349671
DS20,mc.rpart_OVERB,rpart,OVERB,3,0.011884384007240505
DS20,mc.rpart_OVERB,rpart,OVERB,4,0.012598306005898818
DS20,mc.rpart_OVERB,rpart,OVERB,5,0.012577422513331566
DS20,mc.rpart_OVERB,rpart,OVERB,6,0.01436959712486809
DS20,mc.rpart_OVERB,rpart,OVERB,7,0.015254517141719003
DS20,mc.rpart_OVERB,rpart,OVERB,8,0.012822476464284903
DS20,mc.rpart_OVERB,rpart,OVERB,9,0.011985385108484393
DS20,mc.rpart_OVERB,rpart,OVERB,10,0.012776823972654248
DS20,mc.rpart_OVERB,rpart,OVERB,11,0.013118866364483608
DS20,mc.rpart_OVERB,rpart,OVERB,12,0.01390013845907674
DS20,mc.rpart_OVERB,rpart,OVERB,13,0.013156050787399365
DS20,mc.rpart_OVERB,rpart,OVERB,14,0.014906876057674484
DS20,mc.rpart_OVERB,rpart,OVERB,15,0.014214979291550274
DS20,mc.rpart_OVERB,rpart,OVERB,16,0.01476675730423497
DS20,mc.rpart_OVERB,rpart,OVERB,17,0.014362325023627717
DS20,mc.rpart_OVERB,rpart,OVERB,18,0.014313876452185376
DS20,mc.rpart_OVERB,rpart,OVERB,19,0.013224217240975328
DS20,mc.rpart_OVERB,rpart,OVERB,20,0.012992007574727769
DS20,mc.rpart_OVERB,rpart,OVERB,21,0.013502564572992768
DS20,mc.rpart_OVERB,rpart,OVERB,22,0.011863163548687501
DS20,mc.rpart_OVERB,rpart,OVERB,23,0.011933278095382823
DS20,mc.rpart_OVERB,rpart,OVERB,24,0.010691674510857787
DS20,mc.rpart_OVERB,rpart,OVERB,25,0.010464477038146236
DS20,mc.rpart_OVERB,rpart,OVERB,26,0.0123665250874591
DS20,mc.rpart_OVERB,rpart,OVERB,27,0.01148192728818731
DS20,mc.rpart_OVERB,rpart,OVERB,28,0.011177029132183347
DS20,mc.rpart_OVERB,rpart,OVERB,29,0.010836137319894776
DS20,mc.rpart_OVERB,rpart,OVERB,30,0.010436906373743277
DS20,mc.rpart_OVERB,rpart,OVERB,31,0.009201001096458012
DS20,mc.rpart_OVERB,rpart,OVERB,32,0.009775063952704425
DS20,mc.rpart_OVERB,rpart,OVERB,33,0.009276235347782146
DS20,mc.rpart_OVERB,rpart,OVERB,34,0.008781608580244295
DS20,mc.rpart_OVERB,rpart,OVERB,35,0.010418915910914062
DS20,mc.rpart_OVERB,rpart,OVERB,36,0.009455505634925192
DS20,mc.rpart_OVERB,rpart,OVERB,37,0.009647179402922503
DS20,mc.rpart_OVERB,rpart,OVERB,38,0.009383106911542411
DS20,mc.rpart_OVERB,rpart,OVERB,39,0.009774577763195876
DS20,mc.rpart_OVERB,rpart,OVERB,40,0.009668747179950869
DS20,mc.rpart_OVERB,rpart,OVERB,41,0.010170637342669406
DS20,mc.rpart_OVERB,rpart,OVERB,42,0.008859451011922589
DS20,mc.rpart_OVERB,rpart,OVERB,43,0.008245276064837284
DS20,mc.rpart_OVERB,rpart,OVERB,44,0.009722571422843988
DS20,mc.rpart_OVERB,rpart,OVERB,45,0.00861073694085431
DS20,mc.rpart_OVERB,rpart,OVERB,46,0.009468814515248765
DS20,mc.rpart_OVERB,rpart,OVERB,47,0.00961562240943229
DS20,mc.rpart_OVERB,rpart,OVERB,48,0.0089270051213325
DS20,mc.rpart_OVERB,rpart,OVERB,49,0.009378256178892224
DS20,mc.rpart_OVERB,rpart,OVERB,50,0.008796138632719462
DS20,mc.rpart_OVERTPhi,rpart,OVERTPhi,1,0.014776031438767923
DS20,mc.rpart_OVERTPhi,rpart,OVERTPhi,2,0.013254210607350495
DS20,mc.rpart_OVERTPhi,rpart,OVERTPhi,3,0.014052463847217684
DS20,mc.rpart_OVERTPhi,rpart,OVERTPhi,4,0.013272401400753173
DS20,mc.rpart_OVERTPhi,rpart,OVERTPhi,5,0.01259853871545885
DS20,mc.rpart_OVERTPhi,rpart,OVERTPhi,6,0.012312626914786313
DS20,mc.rpart_OVERTPhi,rpart,OVERTPhi,7,0.012477720933326678
DS20,mc.rpart_OVERTPhi,rpart,OVERTPhi,8,0.013465852772662995
DS20,mc.rpart_OVERTPhi,rpart,OVERTPhi,9,0.01276383167346902
DS20,mc.rpart_OVERTPhi,rpart,OVERTPhi,10,0.013547757356275631
DS20,mc.rpart_OVERTPhi,rpart,OVERTPhi,11,0.012504974275284245
DS20,mc.rpart_OVERTPhi,rpart,OVERTPhi,12,0.012146275571719989
DS20,mc.rpart_OVERTPhi,rpart,OVERTPhi,13,0.013068125674060425
DS20,mc.rpart_OVERTPhi,rpart,OVERTPhi,14,0.011172720686915601
DS20,mc.rpart_OVERTPhi,rpart,OVERTPhi,15,0.01241051874548513
DS20,mc.rpart_OVERTPhi,rpart,OVERTPhi,16,0.011113415282519497
DS20,mc.rpart_OVERTPhi,rpart,OVERTPhi,17,0.013342288435512982
DS20,mc.rpart_OVERTPhi,rpart,OVERTPhi,18,0.01342116532965057
DS20,mc.rpart_OVERTPhi,rpart,OVERTPhi,19,0.012340850056774514
DS20,mc.rpart_OVERTPhi,rpart,OVERTPhi,20,0.012103822639688684
DS20,mc.rpart_OVERTPhi,rpart,OVERTPhi,21,0.011346869164265357
DS20,mc.rpart_OVERTPhi,rpart,OVERTPhi,22,0.012008427975377803
DS20,mc.rpart_OVERTPhi,rpart,OVERTPhi,23,0.011344858403136569
DS20,mc.rpart_OVERTPhi,rpart,OVERTPhi,24,0.012458158109457286
DS20,mc.rpart_OVERTPhi,rpart,OVERTPhi,25,0.012301555285718968
DS20,mc.rpart_OVERTPhi,rpart,OVERTPhi,26,0.011811950393885403
DS20,mc.rpart_OVERTPhi,rpart,OVERTPhi,27,0.010850733613791593
DS20,mc.rpart_OVERTPhi,rpart,OVERTPhi,28,0.011738322596357615
DS20,mc.rpart_OVERTPhi,rpart,OVERTPhi,29,0.00962918040210791
DS20,mc.rpart_OVERTPhi,rpart,OVERTPhi,30,0.009571294822858609
DS20,mc.rpart_OVERTPhi,rpart,OVERTPhi,31,0.008559696150707846
DS20,mc.rpart_OVERTPhi,rpart,OVERTPhi,32,0.009096514879200702
DS20,mc.rpart_OVERTPhi,rpart,OVERTPhi,33,0.009279807639407667
DS20,mc.rpart_OVERTPhi,rpart,OVERTPhi,34,0.01015607861115691
DS20,mc.rpart_OVERTPhi,rpart,OVERTPhi,35,0.009963906990312446
DS20,mc.rpart_OVERTPhi,rpart,OVERTPhi,36,0.008368327437433678
DS20,mc.rpart_OVERTPhi,rpart,OVERTPhi,37,0.008813365232008754
DS20,mc.rpart_OVERTPhi,rpart,OVERTPhi,38,0.01008608538859708
DS20,mc.rpart_OVERTPhi,rpart,OVERTPhi,39,0.00875279501995555
DS20,mc.rpart_OVERTPhi,rpart,OVERTPhi,40,0.009329905232304547
DS20,mc.rpart_OVERTPhi,rpart,OVERTPhi,41,0.009240633132916228
DS20,mc.rpart_OVERTPhi,rpart,OVERTPhi,42,0.009115076449239208
DS20,mc.rpart_OVERTPhi,rpart,OVERTPhi,43,0.009959936434749165
DS20,mc.rpart_OVERTPhi,rpart,OVERTPhi,44,0.010674015382104862
DS20,mc.rpart_OVERTPhi,rpart,OVERTPhi,45,0.009927195837469292
DS20,mc.rpart_OVERTPhi,rpart,OVERTPhi,46,0.0093568789292201
DS20,mc.rpart_OVERTPhi,rpart,OVERTPhi,47,0.009146328951322731
DS20,mc.rpart_OVERTPhi,rpart,OVERTPhi,48,0.010435937697492135
DS20,mc.rpart_OVERTPhi,rpart,OVERTPhi,49,0.010540241216426082
DS20,mc.rpart_OVERTPhi,rpart,OVERTPhi,50,0.008190366321737719
DS20,mc.rpart_OVERT,rpart,OVERT,1,0.012812627477181994
DS20,mc.rpart_OVERT,rpart,OVERT,2,0.013269179248347949
DS20,mc.rpart_OVERT,rpart,OVERT,3,0.01372544826632888
DS20,mc.rpart_OVERT,rpart,OVERT,4,0.013305152496473823
DS20,mc.rpart_OVERT,rpart,OVERT,5,0.012715824839618375
DS20,mc.rpart_OVERT,rpart,OVERT,6,0.013169072529457908
DS20,mc.rpart_OVERT,rpart,OVERT,7,0.012089833069728268
DS20,mc.rpart_OVERT,rpart,OVERT,8,0.013246844325227216
DS20,mc.rpart_OVERT,rpart,OVERT,9,0.013781273232035039
DS20,mc.rpart_OVERT,rpart,OVERT,10,0.013807987817747197
DS20,mc.rpart_OVERT,rpart,OVERT,11,0.01250822026659633
DS20,mc.rpart_OVERT,rpart,OVERT,12,0.013295827139069799
DS20,mc.rpart_OVERT,rpart,OVERT,13,0.01306923085165876
DS20,mc.rpart_OVERT,rpart,OVERT,14,0.011739038150054613
DS20,mc.rpart_OVERT,rpart,OVERT,15,0.012392699510736375
DS20,mc.rpart_OVERT,rpart,OVERT,16,0.011028141475104154
DS20,mc.rpart_OVERT,rpart,OVERT,17,0.013346643258011288
DS20,mc.rpart_OVERT,rpart,OVERT,18,0.01417729202754188
DS20,mc.rpart_OVERT,rpart,OVERT,19,0.012341192465967304
DS20,mc.rpart_OVERT,rpart,OVERT,20,0.013235018437127986
DS20,mc.rpart_OVERT,rpart,OVERT,21,0.011345289848676767
DS20,mc.rpart_OVERT,rpart,OVERT,22,0.012090599374846888
DS20,mc.rpart_OVERT,rpart,OVERT,23,0.011344858403136569
DS20,mc.rpart_OVERT,rpart,OVERT,24,0.012457699467289087
DS20,mc.rpart_OVERT,rpart,OVERT,25,0.012569409655943381
DS20,mc.rpart_OVERT,rpart,OVERT,26,0.012132938679881283
DS20,mc.rpart_OVERT,rpart,OVERT,27,0.010859455847359763
DS20,mc.rpart_OVERT,rpart,OVERT,28,0.011738661352996522
DS20,mc.rpart_OVERT,rpart,OVERT,29,0.00975563662903743
DS20,mc.rpart_OVERT,rpart,OVERT,30,0.009686101126156609
DS20,mc.rpart_OVERT,rpart,OVERT,31,0.009003219677168528
DS20,mc.rpart_OVERT,rpart,OVERT,32,0.009003168482749506
DS20,mc.rpart_OVERT,rpart,OVERT,33,0.009279807639407667
DS20,mc.rpart_OVERT,rpart,OVERT,34,0.010060105842780743
DS20,mc.rpart_OVERT,rpart,OVERT,35,0.00909780607754839
DS20,mc.rpart_OVERT,rpart,OVERT,36,0.008767079769574197
DS20,mc.rpart_OVERT,rpart,OVERT,37,0.008814917223120437
DS20,mc.rpart_OVERT,rpart,OVERT,38,0.010088568221563085
DS20,mc.rpart_OVERT,rpart,OVERT,39,0.00881817954614308
DS20,mc.rpart_OVERT,rpart,OVERT,40,0.009330769771814754
DS20,mc.rpart_OVERT,rpart,OVERT,41,0.009168784196781632
DS20,mc.rpart_OVERT,rpart,OVERT,42,0.009115587060571773
DS20,mc.rpart_OVERT,rpart,OVERT,43,0.009959936434749165
DS20,mc.rpart_OVERT,rpart,OVERT,44,0.010678647750174247
DS20,mc.rpart_OVERT,rpart,OVERT,45,0.010075419607955188
DS20,mc.rpart_OVERT,rpart,OVERT,46,0.009456171898078184
DS20,mc.rpart_OVERT,rpart,OVERT,47,0.00915789662223079
DS20,mc.rpart_OVERT,rpart,OVERT,48,0.010452632085565438
DS20,mc.rpart_OVERT,rpart,OVERT,49,0.010549340446947959
DS20,mc.rpart_OVERT,rpart,OVERT,50,0.008369069697789814
DS20,mc.rpart_SMOTEB,rpart,SMOTEB,1,0.020363142020622824
DS20,mc.rpart_SMOTEB,rpart,SMOTEB,2,0.01966235215167329
DS20,mc.rpart_SMOTEB,rpart,SMOTEB,3,0.02017477186266952
DS20,mc.rpart_SMOTEB,rpart,SMOTEB,4,0.02072531670256948
DS20,mc.rpart_SMOTEB,rpart,SMOTEB,5,0.021813027040188084
DS20,mc.rpart_SMOTEB,rpart,SMOTEB,6,0.016064209719007412
DS20,mc.rpart_SMOTEB,rpart,SMOTEB,7,0.01775558863253265
DS20,mc.rpart_SMOTEB,rpart,SMOTEB,8,0.01964636335382328
DS20,mc.rpart_SMOTEB,rpart,SMOTEB,9,0.019045031130649075
DS20,mc.rpart_SMOTEB,rpart,SMOTEB,10,0.018722035797119497
DS20,mc.rpart_SMOTEB,rpart,SMOTEB,11,0.018345143604533053
DS20,mc.rpart_SMOTEB,rpart,SMOTEB,12,0.02070852373578639
DS20,mc.rpart_SMOTEB,rpart,SMOTEB,13,0.016112734515143758
DS20,mc.rpart_SMOTEB,rpart,SMOTEB,14,0.0182911434780727
DS20,mc.rpart_SMOTEB,rpart,SMOTEB,15,0.01744235367281158
DS20,mc.rpart_SMOTEB,rpart,SMOTEB,16,0.01843228825591438
DS20,mc.rpart_SMOTEB,rpart,SMOTEB,17,0.017538426959547163
DS20,mc.rpart_SMOTEB,rpart,SMOTEB,18,0.019128862897128247
DS20,mc.rpart_SMOTEB,rpart,SMOTEB,19,0.019981483854119693
DS20,mc.rpart_SMOTEB,rpart,SMOTEB,20,0.016891569467719327
DS20,mc.rpart_SMOTEB,rpart,SMOTEB,21,0.015894026644008786
DS20,mc.rpart_SMOTEB,rpart,SMOTEB,22,0.017646037687226144
DS20,mc.rpart_SMOTEB,rpart,SMOTEB,23,0.01701687307061121
DS20,mc.rpart_SMOTEB,rpart,SMOTEB,24,0.017199052746338237
DS20,mc.rpart_SMOTEB,rpart,SMOTEB,25,0.018161763759691665
DS20,mc.rpart_SMOTEB,rpart,SMOTEB,26,0.015803211633415814
DS20,mc.rpart_SMOTEB,rpart,SMOTEB,27,0.0144245546247319
DS20,mc.rpart_SMOTEB,rpart,SMOTEB,28,0.016088701540304385
DS20,mc.rpart_SMOTEB,rpart,SMOTEB,29,0.014270837675447151
DS20,mc.rpart_SMOTEB,rpart,SMOTEB,30,0.014531731025867389
DS20,mc.rpart_SMOTEB,rpart,SMOTEB,31,0.014754777895092708
DS20,mc.rpart_SMOTEB,rpart,SMOTEB,32,0.01334749916856759
DS20,mc.rpart_SMOTEB,rpart,SMOTEB,33,0.014484889113717465
DS20,mc.rpart_SMOTEB,rpart,SMOTEB,34,0.01362065924719124
DS20,mc.rpart_SMOTEB,rpart,SMOTEB,35,0.015004779652902396
DS20,mc.rpart_SMOTEB,rpart,SMOTEB,36,0.015464958057569382
DS20,mc.rpart_SMOTEB,rpart,SMOTEB,37,0.013759383621094674
DS20,mc.rpart_SMOTEB,rpart,SMOTEB,38,0.01285075862874117
DS20,mc.rpart_SMOTEB,rpart,SMOTEB,39,0.012002105970322039
DS20,mc.rpart_SMOTEB,rpart,SMOTEB,40,0.014658065347334593
DS20,mc.rpart_SMOTEB,rpart,SMOTEB,41,0.014591777764971031
DS20,mc.rpart_SMOTEB,rpart,SMOTEB,42,0.012994557703521384
DS20,mc.rpart_SMOTEB,rpart,SMOTEB,43,0.014049752332933044
DS20,mc.rpart_SMOTEB,rpart,SMOTEB,44,0.013585357699490007
DS20,mc.rpart_SMOTEB,rpart,SMOTEB,45,0.012960912543914545
DS20,mc.rpart_SMOTEB,rpart,SMOTEB,46,0.014087560524443633
DS20,mc.rpart_SMOTEB,rpart,SMOTEB,47,0.013907376336045914
DS20,mc.rpart_SMOTEB,rpart,SMOTEB,48,0.012755703128697999
DS20,mc.rpart_SMOTEB,rpart,SMOTEB,49,0.014667365471242704
DS20,mc.rpart_SMOTEB,rpart,SMOTEB,50,0.014685830283139783
DS20,mc.rpart_SMOTETPhi,rpart,SMOTETPhi,1,0.025332821394396483
DS20,mc.rpart_SMOTETPhi,rpart,SMOTETPhi,2,0.02016843958956956
DS20,mc.rpart_SMOTETPhi,rpart,SMOTETPhi,3,0.018698153679440683
DS20,mc.rpart_SMOTETPhi,rpart,SMOTETPhi,4,0.0223181203515622
DS20,mc.rpart_SMOTETPhi,rpart,SMOTETPhi,5,0.021022910157077992
DS20,mc.rpart_SMOTETPhi,rpart,SMOTETPhi,6,0.020105864218698612
DS20,mc.rpart_SMOTETPhi,rpart,SMOTETPhi,7,0.021134454076550232
DS20,mc.rpart_SMOTETPhi,rpart,SMOTETPhi,8,0.017763760571524092
DS20,mc.rpart_SMOTETPhi,rpart,SMOTETPhi,9,0.020208299972135538
DS20,mc.rpart_SMOTETPhi,rpart,SMOTETPhi,10,0.02321068530315211
DS20,mc.rpart_SMOTETPhi,rpart,SMOTETPhi,11,0.019654109848009072
DS20,mc.rpart_SMOTETPhi,rpart,SMOTETPhi,12,0.01892296640918558
DS20,mc.rpart_SMOTETPhi,rpart,SMOTETPhi,13,0.018585732768969365
DS20,mc.rpart_SMOTETPhi,rpart,SMOTETPhi,14,0.021081546464105195
DS20,mc.rpart_SMOTETPhi,rpart,SMOTETPhi,15,0.01957400360410051
DS20,mc.rpart_SMOTETPhi,rpart,SMOTETPhi,16,0.018410949397944167
DS20,mc.rpart_SMOTETPhi,rpart,SMOTETPhi,17,0.021422772951550345
DS20,mc.rpart_SMOTETPhi,rpart,SMOTETPhi,18,0.018398781394077846
DS20,mc.rpart_SMOTETPhi,rpart,SMOTETPhi,19,0.018985721970884724
DS20,mc.rpart_SMOTETPhi,rpart,SMOTETPhi,20,0.01698880882952248
DS20,mc.rpart_SMOTETPhi,rpart,SMOTETPhi,21,0.016728826006934205
DS20,mc.rpart_SMOTETPhi,rpart,SMOTETPhi,22,0.01760263850198782
DS20,mc.rpart_SMOTETPhi,rpart,SMOTETPhi,23,0.01994420444676279
DS20,mc.rpart_SMOTETPhi,rpart,SMOTETPhi,24,0.01814029829514647
DS20,mc.rpart_SMOTETPhi,rpart,SMOTETPhi,25,0.01784922845556036
DS20,mc.rpart_SMOTETPhi,rpart,SMOTETPhi,26,0.017563503067659244
DS20,mc.rpart_SMOTETPhi,rpart,SMOTETPhi,27,0.016991630557443602
DS20,mc.rpart_SMOTETPhi,rpart,SMOTETPhi,28,0.01666182724877014
DS20,mc.rpart_SMOTETPhi,rpart,SMOTETPhi,29,0.016377217872001523
DS20,mc.rpart_SMOTETPhi,rpart,SMOTETPhi,30,0.018124615589908025
DS20,mc.rpart_SMOTETPhi,rpart,SMOTETPhi,31,0.01709167725649399
DS20,mc.rpart_SMOTETPhi,rpart,SMOTETPhi,32,0.016704404336028256
DS20,mc.rpart_SMOTETPhi,rpart,SMOTETPhi,33,0.015045161766753686
DS20,mc.rpart_SMOTETPhi,rpart,SMOTETPhi,34,0.01717215906294003
DS20,mc.rpart_SMOTETPhi,rpart,SMOTETPhi,35,0.01841611010375444
DS20,mc.rpart_SMOTETPhi,rpart,SMOTETPhi,36,0.017060859836913324
DS20,mc.rpart_SMOTETPhi,rpart,SMOTETPhi,37,0.01415968574446542
DS20,mc.rpart_SMOTETPhi,rpart,SMOTETPhi,38,0.01692680089883711
DS20,mc.rpart_SMOTETPhi,rpart,SMOTETPhi,39,0.015417968975674408
DS20,mc.rpart_SMOTETPhi,rpart,SMOTETPhi,40,0.015146177558948114
DS20,mc.rpart_SMOTETPhi,rpart,SMOTETPhi,41,0.015447089601312296
DS20,mc.rpart_SMOTETPhi,rpart,SMOTETPhi,42,0.01287284828371908
DS20,mc.rpart_SMOTETPhi,rpart,SMOTETPhi,43,0.015306698387930286
DS20,mc.rpart_SMOTETPhi,rpart,SMOTETPhi,44,0.015101512633598515
DS20,mc.rpart_SMOTETPhi,rpart,SMOTETPhi,45,0.012658944260504294
DS20,mc.rpart_SMOTETPhi,rpart,SMOTETPhi,46,0.013372647386309357
DS20,mc.rpart_SMOTETPhi,rpart,SMOTETPhi,47,0.012822969888964036
DS20,mc.rpart_SMOTETPhi,rpart,SMOTETPhi,48,0.01415977274059562
DS20,mc.rpart_SMOTETPhi,rpart,SMOTETPhi,49,0.014288197083484581
DS20,mc.rpart_SMOTETPhi,rpart,SMOTETPhi,50,0.012126947097398755
DS20,mc.rpart_SMOTET,rpart,SMOTET,1,0.02035687494190292
DS20,mc.rpart_SMOTET,rpart,SMOTET,2,0.017141041147061404
DS20,mc.rpart_SMOTET,rpart,SMOTET,3,0.02001765960855424
DS20,mc.rpart_SMOTET,rpart,SMOTET,4,0.02197440118740181
DS20,mc.rpart_SMOTET,rpart,SMOTET,5,0.02279852851724148
DS20,mc.rpart_SMOTET,rpart,SMOTET,6,0.017397712175108337
DS20,mc.rpart_SMOTET,rpart,SMOTET,7,0.020242642240371377
DS20,mc.rpart_SMOTET,rpart,SMOTET,8,0.018608405343656084
DS20,mc.rpart_SMOTET,rpart,SMOTET,9,0.01822150226142158
DS20,mc.rpart_SMOTET,rpart,SMOTET,10,0.020462443491008824
DS20,mc.rpart_SMOTET,rpart,SMOTET,11,0.01970079561153333
DS20,mc.rpart_SMOTET,rpart,SMOTET,12,0.021145488089040595
DS20,mc.rpart_SMOTET,rpart,SMOTET,13,0.017845502108042293
DS20,mc.rpart_SMOTET,rpart,SMOTET,14,0.019038420036364183
DS20,mc.rpart_SMOTET,rpart,SMOTET,15,0.01952857571632211
DS20,mc.rpart_SMOTET,rpart,SMOTET,16,0.01650770619861705
DS20,mc.rpart_SMOTET,rpart,SMOTET,17,0.017805573127462133
DS20,mc.rpart_SMOTET,rpart,SMOTET,18,0.019263820325347618
DS20,mc.rpart_SMOTET,rpart,SMOTET,19,0.018094302525993474
DS20,mc.rpart_SMOTET,rpart,SMOTET,20,0.019222800049190296
DS20,mc.rpart_SMOTET,rpart,SMOTET,21,0.0144708006719865
DS20,mc.rpart_SMOTET,rpart,SMOTET,22,0.017168403271806403
DS20,mc.rpart_SMOTET,rpart,SMOTET,23,0.013510534414291963
DS20,mc.rpart_SMOTET,rpart,SMOTET,24,0.015157539359355304
DS20,mc.rpart_SMOTET,rpart,SMOTET,25,0.015781656381981254
DS20,mc.rpart_SMOTET,rpart,SMOTET,26,0.01676440858605803
DS20,mc.rpart_SMOTET,rpart,SMOTET,27,0.016157792347494475
DS20,mc.rpart_SMOTET,rpart,SMOTET,28,0.014525049595412115
DS20,mc.rpart_SMOTET,rpart,SMOTET,29,0.013849393120736615
DS20,mc.rpart_SMOTET,rpart,SMOTET,30,0.015637816069269304
DS20,mc.rpart_SMOTET,rpart,SMOTET,31,0.016455985553249716
DS20,mc.rpart_SMOTET,rpart,SMOTET,32,0.01408289800065478
DS20,mc.rpart_SMOTET,rpart,SMOTET,33,0.012476071796570315
DS20,mc.rpart_SMOTET,rpart,SMOTET,34,0.011247723027260913
DS20,mc.rpart_SMOTET,rpart,SMOTET,35,0.011793011648957102
DS20,mc.rpart_SMOTET,rpart,SMOTET,36,0.011869980775164407
DS20,mc.rpart_SMOTET,rpart,SMOTET,37,0.014489887822452968
DS20,mc.rpart_SMOTET,rpart,SMOTET,38,0.012523422308255577
DS20,mc.rpart_SMOTET,rpart,SMOTET,39,0.012396958117113098
DS20,mc.rpart_SMOTET,rpart,SMOTET,40,0.01296355838659831
DS20,mc.rpart_SMOTET,rpart,SMOTET,41,0.012001009200358265
DS20,mc.rpart_SMOTET,rpart,SMOTET,42,0.012355797202047816
DS20,mc.rpart_SMOTET,rpart,SMOTET,43,0.011281607475328102
DS20,mc.rpart_SMOTET,rpart,SMOTET,44,0.013400999131692497
DS20,mc.rpart_SMOTET,rpart,SMOTET,45,0.011870219046356876
DS20,mc.rpart_SMOTET,rpart,SMOTET,46,0.013906214979558981
DS20,mc.rpart_SMOTET,rpart,SMOTET,47,0.011163085809658772
DS20,mc.rpart_SMOTET,rpart,SMOTET,48,0.01402379906123428
DS20,mc.rpart_SMOTET,rpart,SMOTET,49,0.014220360496999854
DS20,mc.rpart_SMOTET,rpart,SMOTET,50,0.012582897499981033
DS20,mc.rpart_UNDERB,rpart,UNDERB,1,0.02342475017214811
DS20,mc.rpart_UNDERB,rpart,UNDERB,2,0.020624538746456412
DS20,mc.rpart_UNDERB,rpart,UNDERB,3,0.019866597235945898
DS20,mc.rpart_UNDERB,rpart,UNDERB,4,0.02086226451113916
DS20,mc.rpart_UNDERB,rpart,UNDERB,5,0.01961042027905303
DS20,mc.rpart_UNDERB,rpart,UNDERB,6,0.018795132099766684
DS20,mc.rpart_UNDERB,rpart,UNDERB,7,0.01931824755672712
DS20,mc.rpart_UNDERB,rpart,UNDERB,8,0.0211865993517092
DS20,mc.rpart_UNDERB,rpart,UNDERB,9,0.018744739874396812
DS20,mc.rpart_UNDERB,rpart,UNDERB,10,0.020306189638389698
DS20,mc.rpart_UNDERB,rpart,UNDERB,11,0.01786732631925557
DS20,mc.rpart_UNDERB,rpart,UNDERB,12,0.01696214810367826
DS20,mc.rpart_UNDERB,rpart,UNDERB,13,0.018322154254138856
DS20,mc.rpart_UNDERB,rpart,UNDERB,14,0.018250812422232476
DS20,mc.rpart_UNDERB,rpart,UNDERB,15,0.018496800974681465
DS20,mc.rpart_UNDERB,rpart,UNDERB,16,0.018061979675389927
DS20,mc.rpart_UNDERB,rpart,UNDERB,17,0.01809642470760712
DS20,mc.rpart_UNDERB,rpart,UNDERB,18,0.020008116370526165
DS20,mc.rpart_UNDERB,rpart,UNDERB,19,0.017503027860271775
DS20,mc.rpart_UNDERB,rpart,UNDERB,20,0.019281312263005383
DS20,mc.rpart_UNDERB,rpart,UNDERB,21,0.01608407973956525
DS20,mc.rpart_UNDERB,rpart,UNDERB,22,0.015904962114243824
DS20,mc.rpart_UNDERB,rpart,UNDERB,23,0.015867606708574757
DS20,mc.rpart_UNDERB,rpart,UNDERB,24,0.01605632791940584
DS20,mc.rpart_UNDERB,rpart,UNDERB,25,0.01752420047638791
DS20,mc.rpart_UNDERB,rpart,UNDERB,26,0.01773012566851208
DS20,mc.rpart_UNDERB,rpart,UNDERB,27,0.016207212797840074
DS20,mc.rpart_UNDERB,rpart,UNDERB,28,0.018975481182115794
DS20,mc.rpart_UNDERB,rpart,UNDERB,29,0.019800298677302996
DS20,mc.rpart_UNDERB,rpart,UNDERB,30,0.013732044238239833
DS20,mc.rpart_UNDERB,rpart,UNDERB,31,0.013749967681237629
DS20,mc.rpart_UNDERB,rpart,UNDERB,32,0.01742250923993997
DS20,mc.rpart_UNDERB,rpart,UNDERB,33,0.018162454192583718
DS20,mc.rpart_UNDERB,rpart,UNDERB,34,0.020132846080462903
DS20,mc.rpart_UNDERB,rpart,UNDERB,35,0.012294706740278454
DS20,mc.rpart_UNDERB,rpart,UNDERB,36,0.017820160362951608
DS20,mc.rpart_UNDERB,rpart,UNDERB,37,0.011566867949754015
DS20,mc.rpart_UNDERB,rpart,UNDERB,38,0.013742886197135854
DS20,mc.rpart_UNDERB,rpart,UNDERB,39,0.013366481651148003
DS20,mc.rpart_UNDERB,rpart,UNDERB,40,0.013853668000877041
DS20,mc.rpart_UNDERB,rpart,UNDERB,41,0.01827816635940287
DS20,mc.rpart_UNDERB,rpart,UNDERB,42,0.015881614282860335
DS20,mc.rpart_UNDERB,rpart,UNDERB,43,0.016847495527397095
DS20,mc.rpart_UNDERB,rpart,UNDERB,44,0.01365881395927544
DS20,mc.rpart_UNDERB,rpart,UNDERB,45,0.012279876826636171
DS20,mc.rpart_UNDERB,rpart,UNDERB,46,0.011619888604007905
DS20,mc.rpart_UNDERB,rpart,UNDERB,47,0.017607662902617595
DS20,mc.rpart_UNDERB,rpart,UNDERB,48,0.01663357893519565
DS20,mc.rpart_UNDERB,rpart,UNDERB,49,0.01592070801192837
DS20,mc.rpart_UNDERB,rpart,UNDERB,50,0.013281969353157438
DS20,mc.rpart_UNDERTPhi,rpart,UNDERTPhi,1,0.019189322202983628
DS20,mc.rpart_UNDERTPhi,rpart,UNDERTPhi,2,0.01829309619801145
DS20,mc.rpart_UNDERTPhi,rpart,UNDERTPhi,3,0.01937775740871829
DS20,mc.rpart_UNDERTPhi,rpart,UNDERTPhi,4,0.0204409177254722
DS20,mc.rpart_UNDERTPhi,rpart,UNDERTPhi,5,0.020261870705859775
DS20,mc.rpart_UNDERTPhi,rpart,UNDERTPhi,6,0.019525902460432395
DS20,mc.rpart_UNDERTPhi,rpart,UNDERTPhi,7,0.019163031223755223
DS20,mc.rpart_UNDERTPhi,rpart,UNDERTPhi,8,0.02013474991361675
DS20,mc.rpart_UNDERTPhi,rpart,UNDERTPhi,9,0.016531236160518364
DS20,mc.rpart_UNDERTPhi,rpart,UNDERTPhi,10,0.016835169579507835
DS20,mc.rpart_UNDERTPhi,rpart,UNDERTPhi,11,0.016346335670678624
DS20,mc.rpart_UNDERTPhi,rpart,UNDERTPhi,12,0.020248464266708364
DS20,mc.rpart_UNDERTPhi,rpart,UNDERTPhi,13,0.018183191476367988
DS20,mc.rpart_UNDERTPhi,rpart,UNDERTPhi,14,0.018216358503020065
DS20,mc.rpart_UNDERTPhi,rpart,UNDERTPhi,15,0.019594677992386154
DS20,mc.rpart_UNDERTPhi,rpart,UNDERTPhi,16,0.017739493840600626
DS20,mc.rpart_UNDERTPhi,rpart,UNDERTPhi,17,0.017535188657020893
DS20,mc.rpart_UNDERTPhi,rpart,UNDERTPhi,18,0.020121960247225953
DS20,mc.rpart_UNDERTPhi,rpart,UNDERTPhi,19,0.018245262681532516
DS20,mc.rpart_UNDERTPhi,rpart,UNDERTPhi,20,0.016013910148469514
DS20,mc.rpart_UNDERTPhi,rpart,UNDERTPhi,21,0.020440218906136128
DS20,mc.rpart_UNDERTPhi,rpart,UNDERTPhi,22,0.01823075295375289
DS20,mc.rpart_UNDERTPhi,rpart,UNDERTPhi,23,0.01370929051312076
DS20,mc.rpart_UNDERTPhi,rpart,UNDERTPhi,24,0.01746675768784908
DS20,mc.rpart_UNDERTPhi,rpart,UNDERTPhi,25,0.01468105883344627
DS20,mc.rpart_UNDERTPhi,rpart,UNDERTPhi,26,0.01916864210092824
DS20,mc.rpart_UNDERTPhi,rpart,UNDERTPhi,27,0.01648209052094825
DS20,mc.rpart_UNDERTPhi,rpart,UNDERTPhi,28,0.018764078910072278
DS20,mc.rpart_UNDERTPhi,rpart,UNDERTPhi,29,0.020105964556058373
DS20,mc.rpart_UNDERTPhi,rpart,UNDERTPhi,30,0.0168025981788394
DS20,mc.rpart_UNDERTPhi,rpart,UNDERTPhi,31,0.01938401807288026
DS20,mc.rpart_UNDERTPhi,rpart,UNDERTPhi,32,0.01800470525175305
DS20,mc.rpart_UNDERTPhi,rpart,UNDERTPhi,33,0.019914427001234684
DS20,mc.rpart_UNDERTPhi,rpart,UNDERTPhi,34,0.01734780726901089
DS20,mc.rpart_UNDERTPhi,rpart,UNDERTPhi,35,0.02014524560454997
DS20,mc.rpart_UNDERTPhi,rpart,UNDERTPhi,36,0.019239307876663718
DS20,mc.rpart_UNDERTPhi,rpart,UNDERTPhi,37,0.014198646214130283
DS20,mc.rpart_UNDERTPhi,rpart,UNDERTPhi,38,0.017059723904811457
DS20,mc.rpart_UNDERTPhi,rpart,UNDERTPhi,39,0.018711758428608515
DS20,mc.rpart_UNDERTPhi,rpart,UNDERTPhi,40,0.011871310268178429
DS20,mc.rpart_UNDERTPhi,rpart,UNDERTPhi,41,0.017137694784129097
DS20,mc.rpart_UNDERTPhi,rpart,UNDERTPhi,42,0.019171297787410016
DS20,mc.rpart_UNDERTPhi,rpart,UNDERTPhi,43,0.02022075666117973
DS20,mc.rpart_UNDERTPhi,rpart,UNDERTPhi,44,0.018340194352157876
DS20,mc.rpart_UNDERTPhi,rpart,UNDERTPhi,45,0.01573167516664846
DS20,mc.rpart_UNDERTPhi,rpart,UNDERTPhi,46,0.016830261250949514
DS20,mc.rpart_UNDERTPhi,rpart,UNDERTPhi,47,0.018525623772562
DS20,mc.rpart_UNDERTPhi,rpart,UNDERTPhi,48,0.015033195628350997
DS20,mc.rpart_UNDERTPhi,rpart,UNDERTPhi,49,0.01390040942674681
DS20,mc.rpart_UNDERTPhi,rpart,UNDERTPhi,50,0.015995011930931224
DS20,mc.rpart_UNDERT,rpart,UNDERT,1,0.019853853076294715
DS20,mc.rpart_UNDERT,rpart,UNDERT,2,0.020400424035216778
DS20,mc.rpart_UNDERT,rpart,UNDERT,3,0.018140015554624373
DS20,mc.rpart_UNDERT,rpart,UNDERT,4,0.019929115227185587
DS20,mc.rpart_UNDERT,rpart,UNDERT,5,0.018386945160942324
DS20,mc.rpart_UNDERT,rpart,UNDERT,6,0.016272413722932658
DS20,mc.rpart_UNDERT,rpart,UNDERT,7,0.019048601407136708
DS20,mc.rpart_UNDERT,rpart,UNDERT,8,0.020229611130025454
DS20,mc.rpart_UNDERT,rpart,UNDERT,9,0.020708768177023405
DS20,mc.rpart_UNDERT,rpart,UNDERT,10,0.018592084997574174
DS20,mc.rpart_UNDERT,rpart,UNDERT,11,0.018364434978181753
DS20,mc.rpart_UNDERT,rpart,UNDERT,12,0.02009311374515199
DS20,mc.rpart_UNDERT,rpart,UNDERT,13,0.01902973645432319
DS20,mc.rpart_UNDERT,rpart,UNDERT,14,0.017868890803688118
DS20,mc.rpart_UNDERT,rpart,UNDERT,15,0.018265739870964425
DS20,mc.rpart_UNDERT,rpart,UNDERT,16,0.016220924696057702
DS20,mc.rpart_UNDERT,rpart,UNDERT,17,0.015883369151305594
DS20,mc.rpart_UNDERT,rpart,UNDERT,18,0.017993495409033573
DS20,mc.rpart_UNDERT,rpart,UNDERT,19,0.018006549569392745
DS20,mc.rpart_UNDERT,rpart,UNDERT,20,0.014992058254633983
DS20,mc.rpart_UNDERT,rpart,UNDERT,21,0.01623170724664867
DS20,mc.rpart_UNDERT,rpart,UNDERT,22,0.017365184663212272
DS20,mc.rpart_UNDERT,rpart,UNDERT,23,0.015481483050417778
DS20,mc.rpart_UNDERT,rpart,UNDERT,24,0.016234915908269174
DS20,mc.rpart_UNDERT,rpart,UNDERT,25,0.01581674142002044
DS20,mc.rpart_UNDERT,rpart,UNDERT,26,0.01321585803765327
DS20,mc.rpart_UNDERT,rpart,UNDERT,27,0.015883546334887533
DS20,mc.rpart_UNDERT,rpart,UNDERT,28,0.014784561191284252
DS20,mc.rpart_UNDERT,rpart,UNDERT,29,0.014666803244841998
DS20,mc.rpart_UNDERT,rpart,UNDERT,30,0.016996802768055517
DS20,mc.rpart_UNDERT,rpart,UNDERT,31,0.01474232008780339
DS20,mc.rpart_UNDERT,rpart,UNDERT,32,0.01796159564607015
DS20,mc.rpart_UNDERT,rpart,UNDERT,33,0.018075766249374205
DS20,mc.rpart_UNDERT,rpart,UNDERT,34,0.016885810730324018
DS20,mc.rpart_UNDERT,rpart,UNDERT,35,0.013662969728744388
DS20,mc.rpart_UNDERT,rpart,UNDERT,36,0.016604585399061452
DS20,mc.rpart_UNDERT,rpart,UNDERT,37,0.01790668357289282
DS20,mc.rpart_UNDERT,rpart,UNDERT,38,0.011824535524782943
DS20,mc.rpart_UNDERT,rpart,UNDERT,39,0.016728201715391227
DS20,mc.rpart_UNDERT,rpart,UNDERT,40,0.014418087738085304
DS20,mc.rpart_UNDERT,rpart,UNDERT,41,0.01564803823771138
DS20,mc.rpart_UNDERT,rpart,UNDERT,42,0.017149507231732676
DS20,mc.rpart_UNDERT,rpart,UNDERT,43,0.015697299892021087
DS20,mc.rpart_UNDERT,rpart,UNDERT,44,0.01564465204620184
DS20,mc.rpart_UNDERT,rpart,UNDERT,45,0.014981598818656605
DS20,mc.rpart_UNDERT,rpart,UNDERT,46,0.014014142639423435
DS20,mc.rpart_UNDERT,rpart,UNDERT,47,0.015489581291569514
DS20,mc.rpart_UNDERT,rpart,UNDERT,48,0.011169396304165673
DS20,mc.rpart_UNDERT,rpart,UNDERT,49,0.016611582189975518
DS20,mc.rpart_UNDERT,rpart,UNDERT,50,0.01600561826572479
DS20,mc.rpart,rpart,baseline,1,0.012179966331618134
DS20,mc.rpart,rpart,baseline,2,0.012373021531169768
DS20,mc.rpart,rpart,baseline,3,0.01219912781031745
DS20,mc.rpart,rpart,baseline,4,0.012172048496959369
DS20,mc.rpart,rpart,baseline,5,0.012832641994036007
DS20,mc.rpart,rpart,baseline,6,0.012695542988092752
DS20,mc.rpart,rpart,baseline,7,0.012156028745652829
DS20,mc.rpart,rpart,baseline,8,0.01173078833869824
DS20,mc.rpart,rpart,baseline,9,0.012358788628961857
DS20,mc.rpart,rpart,baseline,10,0.012716070727655498
DS20,mc.rpart,rpart,baseline,11,0.011594091520282285
DS20,mc.rpart,rpart,baseline,12,0.011672282029000591
DS20,mc.rpart,rpart,baseline,13,0.012026508084531347
DS20,mc.rpart,rpart,baseline,14,0.011787011640108761
DS20,mc.rpart,rpart,baseline,15,0.011724537486661692
DS20,mc.rpart,rpart,baseline,16,0.011967087312292037
DS20,mc.rpart,rpart,baseline,17,0.011933120859031395
DS20,mc.rpart,rpart,baseline,18,0.011942447490867125
DS20,mc.rpart,rpart,baseline,19,0.01204892754319672
DS20,mc.rpart,rpart,baseline,20,0.012408068578856478
DS20,mc.rpart,rpart,baseline,21,0.012322437386480797
DS20,mc.rpart,rpart,baseline,22,0.010827592257963892
DS20,mc.rpart,rpart,baseline,23,0.011812250101329995
DS20,mc.rpart,rpart,baseline,24,0.011323646534166405
DS20,mc.rpart,rpart,baseline,25,0.010596797847312545
DS20,mc.rpart,rpart,baseline,26,0.011141507259244192
DS20,mc.rpart,rpart,baseline,27,0.010112610184951614
DS20,mc.rpart,rpart,baseline,28,0.009806418767974286
DS20,mc.rpart,rpart,baseline,29,0.010483270686793089
DS20,mc.rpart,rpart,baseline,30,0.010312995636078685
DS20,mc.rpart,rpart,baseline,31,0.00972632335270501
DS20,mc.rpart,rpart,baseline,32,0.009832032968158771
DS20,mc.rpart,rpart,baseline,33,0.00930863141786838
DS20,mc.rpart,rpart,baseline,34,0.00935764600827566
DS20,mc.rpart,rpart,baseline,35,0.00986176758849067
DS20,mc.rpart,rpart,baseline,36,0.010207324789237353
DS20,mc.rpart,rpart,baseline,37,0.00999333730941156
DS20,mc.rpart,rpart,baseline,38,0.00923336286805955
DS20,mc.rpart,rpart,baseline,39,0.009234751957031656
DS20,mc.rpart,rpart,baseline,40,0.009749951369077485
DS20,mc.rpart,rpart,baseline,41,0.009840674358322166
DS20,mc.rpart,rpart,baseline,42,0.00985578562961466
DS20,mc.rpart,rpart,baseline,43,0.009762251724804575
DS20,mc.rpart,rpart,baseline,44,0.00969135272785856
DS20,mc.rpart,rpart,baseline,45,0.009636208955488229
DS20,mc.rpart,rpart,baseline,46,0.009576012734686855
DS20,mc.rpart,rpart,baseline,47,0.009424841870689534
DS20,mc.rpart,rpart,baseline,48,0.010138901669368944
DS20,mc.rpart,rpart,baseline,49,0.010089297706325199
DS20,mc.rpart,rpart,baseline,50,0.008908856939149987
DS20,mc.svm_OVERB,svm,OVERB,1,0.012469217733340265
DS20,mc.svm_OVERB,svm,OVERB,2,0.013461287381071456
DS20,mc.svm_OVERB,svm,OVERB,3,0.013944810115848985
DS20,mc.svm_OVERB,svm,OVERB,4,0.014370693305790713
DS20,mc.svm_OVERB,svm,OVERB,5,0.013826255017766746
DS20,mc.svm_OVERB,svm,OVERB,6,0.013326946065473279
DS20,mc.svm_OVERB,svm,OVERB,7,0.012853004359345431
DS20,mc.svm_OVERB,svm,OVERB,8,0.014421807855088842
DS20,mc.svm_OVERB,svm,OVERB,9,0.015045300135228144
DS20,mc.svm_OVERB,svm,OVERB,10,0.014684287944640731
DS20,mc.svm_OVERB,svm,OVERB,11,0.016922765443148975
DS20,mc.svm_OVERB,svm,OVERB,12,0.01520124641943347
DS20,mc.svm_OVERB,svm,OVERB,13,0.012674525694318447
DS20,mc.svm_OVERB,svm,OVERB,14,0.01595192915772055
DS20,mc.svm_OVERB,svm,OVERB,15,0.015288204155333027
DS20,mc.svm_OVERB,svm,OVERB,16,0.014424032475507479
DS20,mc.svm_OVERB,svm,OVERB,17,0.014009372056982862
DS20,mc.svm_OVERB,svm,OVERB,18,0.014961723120760224
DS20,mc.svm_OVERB,svm,OVERB,19,0.013347391064907219
DS20,mc.svm_OVERB,svm,OVERB,20,0.01528203211882962
DS20,mc.svm_OVERB,svm,OVERB,21,0.012431784352786093
DS20,mc.svm_OVERB,svm,OVERB,22,0.013770142648319243
DS20,mc.svm_OVERB,svm,OVERB,23,0.015414984965763837
DS20,mc.svm_OVERB,svm,OVERB,24,0.014595885140844953
DS20,mc.svm_OVERB,svm,OVERB,25,0.013176752343402121
DS20,mc.svm_OVERB,svm,OVERB,26,0.013962865411575352
DS20,mc.svm_OVERB,svm,OVERB,27,0.01786578974577632
DS20,mc.svm_OVERB,svm,OVERB,28,0.019281188998904075
DS20,mc.svm_OVERB,svm,OVERB,29,0.014402465124612598
DS20,mc.svm_OVERB,svm,OVERB,30,0.011480564586518548
DS20,mc.svm_OVERB,svm,OVERB,31,0.010660417308585019
DS20,mc.svm_OVERB,svm,OVERB,32,0.010786456712981023
DS20,mc.svm_OVERB,svm,OVERB,33,0.010297975951377757
DS20,mc.svm_OVERB,svm,OVERB,34,0.010575605612387459
DS20,mc.svm_OVERB,svm,OVERB,35,0.011562410168636095
DS20,mc.svm_OVERB,svm,OVERB,36,0.010449617460313464
DS20,mc.svm_OVERB,svm,OVERB,37,0.010478798246791094
DS20,mc.svm_OVERB,svm,OVERB,38,0.011765002788388088
DS20,mc.svm_OVERB,svm,OVERB,39,0.011595876772662592
DS20,mc.svm_OVERB,svm,OVERB,40,0.01128373060472498
DS20,mc.svm_OVERB,svm,OVERB,41,0.010426917361894338
DS20,mc.svm_OVERB,svm,OVERB,42,0.00996297041891303
DS20,mc.svm_OVERB,svm,OVERB,43,0.009960491841122883
DS20,mc.svm_OVERB,svm,OVERB,44,0.009150606750580458
DS20,mc.svm_OVERB,svm,OVERB,45,0.009958661676119862
DS20,mc.svm_OVERB,svm,OVERB,46,0.009923642477837667
DS20,mc.svm_OVERB,svm,OVERB,47,0.009576508898231915
DS20,mc.svm_OVERB,svm,OVERB,48,0.009432971874940828
DS20,mc.svm_OVERB,svm,OVERB,49,0.010340264091654366
DS20,mc.svm_OVERB,svm,OVERB,50,0.009394643705596823
DS20,mc.svm_OVERTPhi,svm,OVERTPhi,1,0.01404534870939804
DS20,mc.svm_OVERTPhi,svm,OVERTPhi,2,0.014383625457919975
DS20,mc.svm_OVERTPhi,svm,OVERTPhi,3,0.013932898212476204
DS20,mc.svm_OVERTPhi,svm,OVERTPhi,4,0.013623599728157474
DS20,mc.svm_OVERTPhi,svm,OVERTPhi,5,0.01334276414654134
DS20,mc.svm_OVERTPhi,svm,OVERTPhi,6,0.013659156635616973
DS20,mc.svm_OVERTPhi,svm,OVERTPhi,7,0.012541756553831076
DS20,mc.svm_OVERTPhi,svm,OVERTPhi,8,0.015142105405316157
DS20,mc.svm_OVERTPhi,svm,OVERTPhi,9,0.01447760279493301
DS20,mc.svm_OVERTPhi,svm,OVERTPhi,10,0.01574688729066953
DS20,mc.svm_OVERTPhi,svm,OVERTPhi,11,0.015195464633175454
DS20,mc.svm_OVERTPhi,svm,OVERTPhi,12,0.014469562455162885
DS20,mc.svm_OVERTPhi,svm,OVERTPhi,13,0.015533549828188751
DS20,mc.svm_OVERTPhi,svm,OVERTPhi,14,0.01524255727192134
DS20,mc.svm_OVERTPhi,svm,OVERTPhi,15,0.015064772589328092
DS20,mc.svm_OVERTPhi,svm,OVERTPhi,16,0.015510014612119174
DS20,mc.svm_OVERTPhi,svm,OVERTPhi,17,0.016677781804530428
DS20,mc.svm_OVERTPhi,svm,OVERTPhi,18,0.017131359204091184
DS20,mc.svm_OVERTPhi,svm,OVERTPhi,19,0.017590040118696505
DS20,mc.svm_OVERTPhi,svm,OVERTPhi,20,0.015717975700615117
DS20,mc.svm_OVERTPhi,svm,OVERTPhi,21,0.016406659699933376
DS20,mc.svm_OVERTPhi,svm,OVERTPhi,22,0.017535220070370686
DS20,mc.svm_OVERTPhi,svm,OVERTPhi,23,0.016594698789066484
DS20,mc.svm_OVERTPhi,svm,OVERTPhi,24,0.018277417765876807
DS20,mc.svm_OVERTPhi,svm,OVERTPhi,25,0.017048164516950386
DS20,mc.svm_OVERTPhi,svm,OVERTPhi,26,0.016142069122490863
DS20,mc.svm_OVERTPhi,svm,OVERTPhi,27,0.016408156593674394
DS20,mc.svm_OVERTPhi,svm,OVERTPhi,28,0.017045004191397057
DS20,mc.svm_OVERTPhi,svm,OVERTPhi,29,0.014166663397424232
DS20,mc.svm_OVERTPhi,svm,OVERTPhi,30,0.010942870188933865
DS20,mc.svm_OVERTPhi,svm,OVERTPhi,31,0.010378955587126757
DS20,mc.svm_OVERTPhi,svm,OVERTPhi,32,0.009521048688325902
DS20,mc.svm_OVERTPhi,svm,OVERTPhi,33,0.010406912756006241
DS20,mc.svm_OVERTPhi,svm,OVERTPhi,34,0.00985352231290842
DS20,mc.svm_OVERTPhi,svm,OVERTPhi,35,0.01004028877861178
DS20,mc.svm_OVERTPhi,svm,OVERTPhi,36,0.00988282113524092
DS20,mc.svm_OVERTPhi,svm,OVERTPhi,37,0.009839604207213833
DS20,mc.svm_OVERTPhi,svm,OVERTPhi,38,0.01060784590053007
DS20,mc.svm_OVERTPhi,svm,OVERTPhi,39,0.009788919936155778
DS20,mc.svm_OVERTPhi,svm,OVERTPhi,40,0.00919819391300857
DS20,mc.svm_OVERTPhi,svm,OVERTPhi,41,0.008938656268972308
DS20,mc.svm_OVERTPhi,svm,OVERTPhi,42,0.008316586253443874
DS20,mc.svm_OVERTPhi,svm,OVERTPhi,43,0.009036284703863483
DS20,mc.svm_OVERTPhi,svm,OVERTPhi,44,0.008359467809181929
DS20,mc.svm_OVERTPhi,svm,OVERTPhi,45,0.008154092189367
DS20,mc.svm_OVERTPhi,svm,OVERTPhi,46,0.008052301703926028
DS20,mc.svm_OVERTPhi,svm,OVERTPhi,47,0.008038205469636756
DS20,mc.svm_OVERTPhi,svm,OVERTPhi,48,0.007970330685093317
DS20,mc.svm_OVERTPhi,svm,OVERTPhi,49,0.008180133512833506
DS20,mc.svm_OVERTPhi,svm,OVERTPhi,50,0.008512153766538322
DS20,mc.svm_OVERT,svm,OVERT,1,0.013885227376734217
DS20,mc.svm_OVERT,svm,OVERT,2,0.014098884651316371
DS20,mc.svm_OVERT,svm,OVERT,3,0.01370087860361598
DS20,mc.svm_OVERT,svm,OVERT,4,0.01375042447142411
DS20,mc.svm_OVERT,svm,OVERT,5,0.013301063075446831
DS20,mc.svm_OVERT,svm,OVERT,6,0.013681420800628325
DS20,mc.svm_OVERT,svm,OVERT,7,0.012708366415435454
DS20,mc.svm_OVERT,svm,OVERT,8,0.014794642131150273
DS20,mc.svm_OVERT,svm,OVERT,9,0.014359046892062079
DS20,mc.svm_OVERT,svm,OVERT,10,0.017022631074924126
DS20,mc.svm_OVERT,svm,OVERT,11,0.015523577334284807
DS20,mc.svm_OVERT,svm,OVERT,12,0.014495033296101823
DS20,mc.svm_OVERT,svm,OVERT,13,0.015563669687684759
DS20,mc.svm_OVERT,svm,OVERT,14,0.01490127206570346
DS20,mc.svm_OVERT,svm,OVERT,15,0.014706465644416978
DS20,mc.svm_OVERT,svm,OVERT,16,0.015364217441573137
DS20,mc.svm_OVERT,svm,OVERT,17,0.016674283914709924
DS20,mc.svm_OVERT,svm,OVERT,18,0.017293690468968927
DS20,mc.svm_OVERT,svm,OVERT,19,0.01746620917500225
DS20,mc.svm_OVERT,svm,OVERT,20,0.015742400768152795
DS20,mc.svm_OVERT,svm,OVERT,21,0.01658269767948293
DS20,mc.svm_OVERT,svm,OVERT,22,0.017776424364870366
DS20,mc.svm_OVERT,svm,OVERT,23,0.016594698789066484
DS20,mc.svm_OVERT,svm,OVERT,24,0.01835295140687742
DS20,mc.svm_OVERT,svm,OVERT,25,0.01688543914730481
DS20,mc.svm_OVERT,svm,OVERT,26,0.016571873708289088
DS20,mc.svm_OVERT,svm,OVERT,27,0.01692005060603536
DS20,mc.svm_OVERT,svm,OVERT,28,0.016120220590221897
DS20,mc.svm_OVERT,svm,OVERT,29,0.013988821328528895
DS20,mc.svm_OVERT,svm,OVERT,30,0.010803897909493713
DS20,mc.svm_OVERT,svm,OVERT,31,0.010203407136864281
DS20,mc.svm_OVERT,svm,OVERT,32,0.00949357853469106
DS20,mc.svm_OVERT,svm,OVERT,33,0.010164008292097815
DS20,mc.svm_OVERT,svm,OVERT,34,0.009714537543491693
DS20,mc.svm_OVERT,svm,OVERT,35,0.009708192516125829
DS20,mc.svm_OVERT,svm,OVERT,36,0.009858496329672681
DS20,mc.svm_OVERT,svm,OVERT,37,0.009588278483256014
DS20,mc.svm_OVERT,svm,OVERT,38,0.010442572409244448
DS20,mc.svm_OVERT,svm,OVERT,39,0.009899961004531325
DS20,mc.svm_OVERT,svm,OVERT,40,0.009106185645944996
DS20,mc.svm_OVERT,svm,OVERT,41,0.00881698415189388
DS20,mc.svm_OVERT,svm,OVERT,42,0.0083980839744053
DS20,mc.svm_OVERT,svm,OVERT,43,0.009032123111317503
DS20,mc.svm_OVERT,svm,OVERT,44,0.008272336407133391
DS20,mc.svm_OVERT,svm,OVERT,45,0.008387827327747508
DS20,mc.svm_OVERT,svm,OVERT,46,0.008188954970165396
DS20,mc.svm_OVERT,svm,OVERT,47,0.00807020105683178
DS20,mc.svm_OVERT,svm,OVERT,48,0.007968924840459078
DS20,mc.svm_OVERT,svm,OVERT,49,0.00815087024966879
DS20,mc.svm_OVERT,svm,OVERT,50,0.008363533277032816
DS20,mc.svm_SMOTEB,svm,SMOTEB,1,0.01583759397627044
DS20,mc.svm_SMOTEB,svm,SMOTEB,2,0.016202971866240087
DS20,mc.svm_SMOTEB,svm,SMOTEB,3,0.01602966277597776
DS20,mc.svm_SMOTEB,svm,SMOTEB,4,0.016524227146830352
DS20,mc.svm_SMOTEB,svm,SMOTEB,5,0.015791103586009856
DS20,mc.svm_SMOTEB,svm,SMOTEB,6,0.018793851989104007
DS20,mc.svm_SMOTEB,svm,SMOTEB,7,0.016771663584172765
DS20,mc.svm_SMOTEB,svm,SMOTEB,8,0.019084554560246752
DS20,mc.svm_SMOTEB,svm,SMOTEB,9,0.019749547718704522
DS20,mc.svm_SMOTEB,svm,SMOTEB,10,0.018773171547470175
DS20,mc.svm_SMOTEB,svm,SMOTEB,11,0.022876581726003285
DS20,mc.svm_SMOTEB,svm,SMOTEB,12,0.0220041351081957
DS20,mc.svm_SMOTEB,svm,SMOTEB,13,0.02183322861836036
DS20,mc.svm_SMOTEB,svm,SMOTEB,14,0.023764938088323164
DS20,mc.svm_SMOTEB,svm,SMOTEB,15,0.02226786858822626
DS20,mc.svm_SMOTEB,svm,SMOTEB,16,0.020952095428461225
DS20,mc.svm_SMOTEB,svm,SMOTEB,17,0.021820410801225914
DS20,mc.svm_SMOTEB,svm,SMOTEB,18,0.019672750358633195
DS20,mc.svm_SMOTEB,svm,SMOTEB,19,0.021285884997046048
DS20,mc.svm_SMOTEB,svm,SMOTEB,20,0.02343333489863144
DS20,mc.svm_SMOTEB,svm,SMOTEB,21,0.0227840106833928
DS20,mc.svm_SMOTEB,svm,SMOTEB,22,0.021307204643046175
DS20,mc.svm_SMOTEB,svm,SMOTEB,23,0.021280583910423746
DS20,mc.svm_SMOTEB,svm,SMOTEB,24,0.019954338431849156
DS20,mc.svm_SMOTEB,svm,SMOTEB,25,0.020941096000843887
DS20,mc.svm_SMOTEB,svm,SMOTEB,26,0.021805961337694923
DS20,mc.svm_SMOTEB,svm,SMOTEB,27,0.020233668853337147
DS20,mc.svm_SMOTEB,svm,SMOTEB,28,0.02065069012344664
DS20,mc.svm_SMOTEB,svm,SMOTEB,29,0.02104680816914323
DS20,mc.svm_SMOTEB,svm,SMOTEB,30,0.017620986995848333
DS20,mc.svm_SMOTEB,svm,SMOTEB,31,0.017518099683210348
DS20,mc.svm_SMOTEB,svm,SMOTEB,32,0.015443542823615519
DS20,mc.svm_SMOTEB,svm,SMOTEB,33,0.015435268477131064
DS20,mc.svm_SMOTEB,svm,SMOTEB,34,0.013416960770626225
DS20,mc.svm_SMOTEB,svm,SMOTEB,35,0.014691999219385559
DS20,mc.svm_SMOTEB,svm,SMOTEB,36,0.015014023205378483
DS20,mc.svm_SMOTEB,svm,SMOTEB,37,0.01569363384216123
DS20,mc.svm_SMOTEB,svm,SMOTEB,38,0.015352739260239879
DS20,mc.svm_SMOTEB,svm,SMOTEB,39,0.01681692962223614
DS20,mc.svm_SMOTEB,svm,SMOTEB,40,0.014196334049313784
DS20,mc.svm_SMOTEB,svm,SMOTEB,41,0.01472482248536851
DS20,mc.svm_SMOTEB,svm,SMOTEB,42,0.014411498056210082
DS20,mc.svm_SMOTEB,svm,SMOTEB,43,0.014811914297371474
DS20,mc.svm_SMOTEB,svm,SMOTEB,44,0.015017427494572421
DS20,mc.svm_SMOTEB,svm,SMOTEB,45,0.015415116519553865
DS20,mc.svm_SMOTEB,svm,SMOTEB,46,0.01548567881983163
DS20,mc.svm_SMOTEB,svm,SMOTEB,47,0.015883297319108376
DS20,mc.svm_SMOTEB,svm,SMOTEB,48,0.015557104803824415
DS20,mc.svm_SMOTEB,svm,SMOTEB,49,0.013708950436000608
DS20,mc.svm_SMOTEB,svm,SMOTEB,50,0.014942973983551286
DS20,mc.svm_SMOTETPhi,svm,SMOTETPhi,1,0.016635619312998187
DS20,mc.svm_SMOTETPhi,svm,SMOTETPhi,2,0.016408280861843507
DS20,mc.svm_SMOTETPhi,svm,SMOTETPhi,3,0.017862618429744834
DS20,mc.svm_SMOTETPhi,svm,SMOTETPhi,4,0.018708812869131463
DS20,mc.svm_SMOTETPhi,svm,SMOTETPhi,5,0.017029524963693043
DS20,mc.svm_SMOTETPhi,svm,SMOTETPhi,6,0.01622021498290526
DS20,mc.svm_SMOTETPhi,svm,SMOTETPhi,7,0.015566143029303337
DS20,mc.svm_SMOTETPhi,svm,SMOTETPhi,8,0.01775167815264985
DS20,mc.svm_SMOTETPhi,svm,SMOTETPhi,9,0.015690821046226523
DS20,mc.svm_SMOTETPhi,svm,SMOTETPhi,10,0.01801141202241469
DS20,mc.svm_SMOTETPhi,svm,SMOTETPhi,11,0.018412548595930767
DS20,mc.svm_SMOTETPhi,svm,SMOTETPhi,12,0.018241106884258604
DS20,mc.svm_SMOTETPhi,svm,SMOTETPhi,13,0.018660744124840464
DS20,mc.svm_SMOTETPhi,svm,SMOTETPhi,14,0.023274212951714047
DS20,mc.svm_SMOTETPhi,svm,SMOTETPhi,15,0.019149544734896724
DS20,mc.svm_SMOTETPhi,svm,SMOTETPhi,16,0.01443290664265713
DS20,mc.svm_SMOTETPhi,svm,SMOTETPhi,17,0.0151134831967259
DS20,mc.svm_SMOTETPhi,svm,SMOTETPhi,18,0.013934653686047101
DS20,mc.svm_SMOTETPhi,svm,SMOTETPhi,19,0.017128548296957702
DS20,mc.svm_SMOTETPhi,svm,SMOTETPhi,20,0.01719650595214045
DS20,mc.svm_SMOTETPhi,svm,SMOTETPhi,21,0.017130061905579357
DS20,mc.svm_SMOTETPhi,svm,SMOTETPhi,22,0.019487388648922514
DS20,mc.svm_SMOTETPhi,svm,SMOTETPhi,23,0.018266498292328005
DS20,mc.svm_SMOTETPhi,svm,SMOTETPhi,24,0.01749105464585948
DS20,mc.svm_SMOTETPhi,svm,SMOTETPhi,25,0.02025879911933937
DS20,mc.svm_SMOTETPhi,svm,SMOTETPhi,26,0.02065852432671071
DS20,mc.svm_SMOTETPhi,svm,SMOTETPhi,27,0.02057848351951599
DS20,mc.svm_SMOTETPhi,svm,SMOTETPhi,28,0.01905243572440962
DS20,mc.svm_SMOTETPhi,svm,SMOTETPhi,29,0.021415152619671377
DS20,mc.svm_SMOTETPhi,svm,SMOTETPhi,30,0.018803625656307433
DS20,mc.svm_SMOTETPhi,svm,SMOTETPhi,31,0.015039255691116745
DS20,mc.svm_SMOTETPhi,svm,SMOTETPhi,32,0.015041906766305709
DS20,mc.svm_SMOTETPhi,svm,SMOTETPhi,33,0.014859821750739717
DS20,mc.svm_SMOTETPhi,svm,SMOTETPhi,34,0.01290675945562609
DS20,mc.svm_SMOTETPhi,svm,SMOTETPhi,35,0.013433699466616022
DS20,mc.svm_SMOTETPhi,svm,SMOTETPhi,36,0.013582037885750579
DS20,mc.svm_SMOTETPhi,svm,SMOTETPhi,37,0.014983905836299001
DS20,mc.svm_SMOTETPhi,svm,SMOTETPhi,38,0.016053786636588227
DS20,mc.svm_SMOTETPhi,svm,SMOTETPhi,39,0.016546493484300234
DS20,mc.svm_SMOTETPhi,svm,SMOTETPhi,40,0.01796784015421153
DS20,mc.svm_SMOTETPhi,svm,SMOTETPhi,41,0.015329733609807519
DS20,mc.svm_SMOTETPhi,svm,SMOTETPhi,42,0.017324824796891666
DS20,mc.svm_SMOTETPhi,svm,SMOTETPhi,43,0.01679334403280513
DS20,mc.svm_SMOTETPhi,svm,SMOTETPhi,44,0.01467228110456336
DS20,mc.svm_SMOTETPhi,svm,SMOTETPhi,45,0.019476157113367514
DS20,mc.svm_SMOTETPhi,svm,SMOTETPhi,46,0.014456850943158803
DS20,mc.svm_SMOTETPhi,svm,SMOTETPhi,47,0.01571657774522457
DS20,mc.svm_SMOTETPhi,svm,SMOTETPhi,48,0.017610865292761638
DS20,mc.svm_SMOTETPhi,svm,SMOTETPhi,49,0.016941426948518037
DS20,mc.svm_SMOTETPhi,svm,SMOTETPhi,50,0.011741709893106923
DS20,mc.svm_SMOTET,svm,SMOTET,1,0.014850586211667662
DS20,mc.svm_SMOTET,svm,SMOTET,2,0.016807313142384987
DS20,mc.svm_SMOTET,svm,SMOTET,3,0.01844251771737285
DS20,mc.svm_SMOTET,svm,SMOTET,4,0.017452524742304562
DS20,mc.svm_SMOTET,svm,SMOTET,5,0.017698499843511854
DS20,mc.svm_SMOTET,svm,SMOTET,6,0.01753857392705673
DS20,mc.svm_SMOTET,svm,SMOTET,7,0.01679496772617723
DS20,mc.svm_SMOTET,svm,SMOTET,8,0.017126352252291695
DS20,mc.svm_SMOTET,svm,SMOTET,9,0.017451845865880812
DS20,mc.svm_SMOTET,svm,SMOTET,10,0.017135149778183482
DS20,mc.svm_SMOTET,svm,SMOTET,11,0.0220744962096711
DS20,mc.svm_SMOTET,svm,SMOTET,12,0.018154651081996098
DS20,mc.svm_SMOTET,svm,SMOTET,13,0.019587382776184173
DS20,mc.svm_SMOTET,svm,SMOTET,14,0.022004308058829664
DS20,mc.svm_SMOTET,svm,SMOTET,15,0.017563718496744325
DS20,mc.svm_SMOTET,svm,SMOTET,16,0.015012085728048546
DS20,mc.svm_SMOTET,svm,SMOTET,17,0.015116256473948176
DS20,mc.svm_SMOTET,svm,SMOTET,18,0.015999581755975267
DS20,mc.svm_SMOTET,svm,SMOTET,19,0.016471344038720557
DS20,mc.svm_SMOTET,svm,SMOTET,20,0.015259840441381043
DS20,mc.svm_SMOTET,svm,SMOTET,21,0.015616977820225513
DS20,mc.svm_SMOTET,svm,SMOTET,22,0.016079273778650528
DS20,mc.svm_SMOTET,svm,SMOTET,23,0.016788417409995357
DS20,mc.svm_SMOTET,svm,SMOTET,24,0.017986702932179112
DS20,mc.svm_SMOTET,svm,SMOTET,25,0.019779051524675826
DS20,mc.svm_SMOTET,svm,SMOTET,26,0.0180245896264514
DS20,mc.svm_SMOTET,svm,SMOTET,27,0.021184679252926806
DS20,mc.svm_SMOTET,svm,SMOTET,28,0.01950123506640518
DS20,mc.svm_SMOTET,svm,SMOTET,29,0.018925349513800496
DS20,mc.svm_SMOTET,svm,SMOTET,30,0.016436226354115336
DS20,mc.svm_SMOTET,svm,SMOTET,31,0.016172897255304207
DS20,mc.svm_SMOTET,svm,SMOTET,32,0.014938398882110689
DS20,mc.svm_SMOTET,svm,SMOTET,33,0.013370490280641804
DS20,mc.svm_SMOTET,svm,SMOTET,34,0.013802562129206155
DS20,mc.svm_SMOTET,svm,SMOTET,35,0.01314184733214303
DS20,mc.svm_SMOTET,svm,SMOTET,36,0.013361022241026104
DS20,mc.svm_SMOTET,svm,SMOTET,37,0.01806320733947492
DS20,mc.svm_SMOTET,svm,SMOTET,38,0.01557075431268323
DS20,mc.svm_SMOTET,svm,SMOTET,39,0.016525776697627833
DS20,mc.svm_SMOTET,svm,SMOTET,40,0.01402097260013468
DS20,mc.svm_SMOTET,svm,SMOTET,41,0.01510638409843922
DS20,mc.svm_SMOTET,svm,SMOTET,42,0.016094553811661725
DS20,mc.svm_SMOTET,svm,SMOTET,43,0.01655773422264314
DS20,mc.svm_SMOTET,svm,SMOTET,44,0.013819997337800776
DS20,mc.svm_SMOTET,svm,SMOTET,45,0.013758143027793006
DS20,mc.svm_SMOTET,svm,SMOTET,46,0.01717462395653419
DS20,mc.svm_SMOTET,svm,SMOTET,47,0.014064807272686195
DS20,mc.svm_SMOTET,svm,SMOTET,48,0.015979330838030666
DS20,mc.svm_SMOTET,svm,SMOTET,49,0.015914647833741316
DS20,mc.svm_SMOTET,svm,SMOTET,50,0.01091577712805422
DS20,mc.svm_UNDERB,svm,UNDERB,1,0.015523256959650044
DS20,mc.svm_UNDERB,svm,UNDERB,2,0.01476328051822804
DS20,mc.svm_UNDERB,svm,UNDERB,3,0.01619729229469835
DS20,mc.svm_UNDERB,svm,UNDERB,4,0.01357107543400069
DS20,mc.svm_UNDERB,svm,UNDERB,5,0.013869636455415207
DS20,mc.svm_UNDERB,svm,UNDERB,6,0.01388341211607623
DS20,mc.svm_UNDERB,svm,UNDERB,7,0.011710193221823945
DS20,mc.svm_UNDERB,svm,UNDERB,8,0.012353120069925465
DS20,mc.svm_UNDERB,svm,UNDERB,9,0.015693381468941822
DS20,mc.svm_UNDERB,svm,UNDERB,10,0.014688598291815689
DS20,mc.svm_UNDERB,svm,UNDERB,11,0.013422896604089072
DS20,mc.svm_UNDERB,svm,UNDERB,12,0.021488359806071375
DS20,mc.svm_UNDERB,svm,UNDERB,13,0.016305138792203768
DS20,mc.svm_UNDERB,svm,UNDERB,14,0.013515138638707949
DS20,mc.svm_UNDERB,svm,UNDERB,15,0.015224840081872068
DS20,mc.svm_UNDERB,svm,UNDERB,16,0.01608924601360529
DS20,mc.svm_UNDERB,svm,UNDERB,17,0.013294705365014812
DS20,mc.svm_UNDERB,svm,UNDERB,18,0.011460875508672945
DS20,mc.svm_UNDERB,svm,UNDERB,19,0.01191519072449397
DS20,mc.svm_UNDERB,svm,UNDERB,20,0.014206303120862232
DS20,mc.svm_UNDERB,svm,UNDERB,21,0.011334593805162304
DS20,mc.svm_UNDERB,svm,UNDERB,22,0.01599687798005221
DS20,mc.svm_UNDERB,svm,UNDERB,23,0.014005808727408415
DS20,mc.svm_UNDERB,svm,UNDERB,24,0.01709858934108082
DS20,mc.svm_UNDERB,svm,UNDERB,25,0.011834111301370007
DS20,mc.svm_UNDERB,svm,UNDERB,26,0.01652498561420665
DS20,mc.svm_UNDERB,svm,UNDERB,27,0.017501303613161302
DS20,mc.svm_UNDERB,svm,UNDERB,28,0.02038613037347059
DS20,mc.svm_UNDERB,svm,UNDERB,29,0.013708934737512295
DS20,mc.svm_UNDERB,svm,UNDERB,30,0.011699678072092386
DS20,mc.svm_UNDERB,svm,UNDERB,31,0.013512234687888513
DS20,mc.svm_UNDERB,svm,UNDERB,32,0.013006264345093646
DS20,mc.svm_UNDERB,svm,UNDERB,33,0.01046782423672578
DS20,mc.svm_UNDERB,svm,UNDERB,34,0.009814469602660934
DS20,mc.svm_UNDERB,svm,UNDERB,35,0.013517664071953756
DS20,mc.svm_UNDERB,svm,UNDERB,36,0.011574794242584448
DS20,mc.svm_UNDERB,svm,UNDERB,37,0.014969847534217836
DS20,mc.svm_UNDERB,svm,UNDERB,38,0.011359995464875232
DS20,mc.svm_UNDERB,svm,UNDERB,39,0.0144747657765927
DS20,mc.svm_UNDERB,svm,UNDERB,40,0.014708714317885606
DS20,mc.svm_UNDERB,svm,UNDERB,41,0.013431008420775783
DS20,mc.svm_UNDERB,svm,UNDERB,42,0.012415208612184533
DS20,mc.svm_UNDERB,svm,UNDERB,43,0.013631640389338234
DS20,mc.svm_UNDERB,svm,UNDERB,44,0.011451487315542248
DS20,mc.svm_UNDERB,svm,UNDERB,45,0.01153008756028009
DS20,mc.svm_UNDERB,svm,UNDERB,46,0.01156810349475802
DS20,mc.svm_UNDERB,svm,UNDERB,47,0.013568107652319238
DS20,mc.svm_UNDERB,svm,UNDERB,48,0.013534535207071851
DS20,mc.svm_UNDERB,svm,UNDERB,49,0.009955418090328497
DS20,mc.svm_UNDERB,svm,UNDERB,50,0.01093482051822662
DS20,mc.svm_UNDERTPhi,svm,UNDERTPhi,1,0.014681908211169653
DS20,mc.svm_UNDERTPhi,svm,UNDERTPhi,2,0.016091359435399626
DS20,mc.svm_UNDERTPhi,svm,UNDERTPhi,3,0.014896611759023242
DS20,mc.svm_UNDERTPhi,svm,UNDERTPhi,4,0.015342397241839017
DS20,mc.svm_UNDERTPhi,svm,UNDERTPhi,5,0.014384096961951393
DS20,mc.svm_UNDERTPhi,svm,UNDERTPhi,6,0.016379554717711634
DS20,mc.svm_UNDERTPhi,svm,UNDERTPhi,7,0.016305648048261265
DS20,mc.svm_UNDERTPhi,svm,UNDERTPhi,8,0.017407794107235638
DS20,mc.svm_UNDERTPhi,svm,UNDERTPhi,9,0.015233461190078611
DS20,mc.svm_UNDERTPhi,svm,UNDERTPhi,10,0.014583972013505548
DS20,mc.svm_UNDERTPhi,svm,UNDERTPhi,11,0.020446355151923286
DS20,mc.svm_UNDERTPhi,svm,UNDERTPhi,12,0.01675736743410074
DS20,mc.svm_UNDERTPhi,svm,UNDERTPhi,13,0.015535839916511614
DS20,mc.svm_UNDERTPhi,svm,UNDERTPhi,14,0.019486203640346315
DS20,mc.svm_UNDERTPhi,svm,UNDERTPhi,15,0.017716434820800486
DS20,mc.svm_UNDERTPhi,svm,UNDERTPhi,16,0.011686728747138497
DS20,mc.svm_UNDERTPhi,svm,UNDERTPhi,17,0.013065359595567073
DS20,mc.svm_UNDERTPhi,svm,UNDERTPhi,18,0.014464707850420293
DS20,mc.svm_UNDERTPhi,svm,UNDERTPhi,19,0.013298600687148613
DS20,mc.svm_UNDERTPhi,svm,UNDERTPhi,20,0.014961935222906344
DS20,mc.svm_UNDERTPhi,svm,UNDERTPhi,21,0.017932552121367053
DS20,mc.svm_UNDERTPhi,svm,UNDERTPhi,22,0.01695990002909876
DS20,mc.svm_UNDERTPhi,svm,UNDERTPhi,23,0.014162040513155961
DS20,mc.svm_UNDERTPhi,svm,UNDERTPhi,24,0.014696075862095856
DS20,mc.svm_UNDERTPhi,svm,UNDERTPhi,25,0.01359658254962999
DS20,mc.svm_UNDERTPhi,svm,UNDERTPhi,26,0.017335817051018606
DS20,mc.svm_UNDERTPhi,svm,UNDERTPhi,27,0.017624047051409936
DS20,mc.svm_UNDERTPhi,svm,UNDERTPhi,28,0.022227251090084242
DS20,mc.svm_UNDERTPhi,svm,UNDERTPhi,29,0.017167617630421232
DS20,mc.svm_UNDERTPhi,svm,UNDERTPhi,30,0.019223206715497043
DS20,mc.svm_UNDERTPhi,svm,UNDERTPhi,31,0.01078855538760022
DS20,mc.svm_UNDERTPhi,svm,UNDERTPhi,32,0.01538832574278747
DS20,mc.svm_UNDERTPhi,svm,UNDERTPhi,33,0.014300761381606956
DS20,mc.svm_UNDERTPhi,svm,UNDERTPhi,34,0.01701885617342326
DS20,mc.svm_UNDERTPhi,svm,UNDERTPhi,35,0.012297263386067894
DS20,mc.svm_UNDERTPhi,svm,UNDERTPhi,36,0.01430654711349026
DS20,mc.svm_UNDERTPhi,svm,UNDERTPhi,37,0.015564005266757793
DS20,mc.svm_UNDERTPhi,svm,UNDERTPhi,38,0.013264353379255309
DS20,mc.svm_UNDERTPhi,svm,UNDERTPhi,39,0.01705255771339862
DS20,mc.svm_UNDERTPhi,svm,UNDERTPhi,40,0.015074710514304345
DS20,mc.svm_UNDERTPhi,svm,UNDERTPhi,41,0.011997171665955063
DS20,mc.svm_UNDERTPhi,svm,UNDERTPhi,42,0.018299396423262088
DS20,mc.svm_UNDERTPhi,svm,UNDERTPhi,43,0.01146285253189929
DS20,mc.svm_UNDERTPhi,svm,UNDERTPhi,44,0.01430747350619201
DS20,mc.svm_UNDERTPhi,svm,UNDERTPhi,45,0.014265655088388209
DS20,mc.svm_UNDERTPhi,svm,UNDERTPhi,46,0.0117537314834954
DS20,mc.svm_UNDERTPhi,svm,UNDERTPhi,47,0.011798482264918229
DS20,mc.svm_UNDERTPhi,svm,UNDERTPhi,48,0.015230818950977557
DS20,mc.svm_UNDERTPhi,svm,UNDERTPhi,49,0.012423352223016383
DS20,mc.svm_UNDERTPhi,svm,UNDERTPhi,50,0.01123098327767458
DS20,mc.svm_UNDERT,svm,UNDERT,1,0.014653601848914963
DS20,mc.svm_UNDERT,svm,UNDERT,2,0.014727944381558142
DS20,mc.svm_UNDERT,svm,UNDERT,3,0.014514557149994887
DS20,mc.svm_UNDERT,svm,UNDERT,4,0.01487152447355483
DS20,mc.svm_UNDERT,svm,UNDERT,5,0.012304758265981557
DS20,mc.svm_UNDERT,svm,UNDERT,6,0.011808851671639411
DS20,mc.svm_UNDERT,svm,UNDERT,7,0.01630466110974089
DS20,mc.svm_UNDERT,svm,UNDERT,8,0.015459354684864274
DS20,mc.svm_UNDERT,svm,UNDERT,9,0.017215216170297042
DS20,mc.svm_UNDERT,svm,UNDERT,10,0.01654135401438092
DS20,mc.svm_UNDERT,svm,UNDERT,11,0.013281481301811194
DS20,mc.svm_UNDERT,svm,UNDERT,12,0.01586824812088153
DS20,mc.svm_UNDERT,svm,UNDERT,13,0.016818628240482525
DS20,mc.svm_UNDERT,svm,UNDERT,14,0.01337328582230425
DS20,mc.svm_UNDERT,svm,UNDERT,15,0.016803259029399366
DS20,mc.svm_UNDERT,svm,UNDERT,16,0.015591325887247525
DS20,mc.svm_UNDERT,svm,UNDERT,17,0.01334003194382371
DS20,mc.svm_UNDERT,svm,UNDERT,18,0.0161180339449177
DS20,mc.svm_UNDERT,svm,UNDERT,19,0.017939842985310095
DS20,mc.svm_UNDERT,svm,UNDERT,20,0.019021574392299758
DS20,mc.svm_UNDERT,svm,UNDERT,21,0.019110952233706506
DS20,mc.svm_UNDERT,svm,UNDERT,22,0.019436475608693167
DS20,mc.svm_UNDERT,svm,UNDERT,23,0.01769395166330685
DS20,mc.svm_UNDERT,svm,UNDERT,24,0.015521221946188329
DS20,mc.svm_UNDERT,svm,UNDERT,25,0.013789895251187333
DS20,mc.svm_UNDERT,svm,UNDERT,26,0.014658951528347026
DS20,mc.svm_UNDERT,svm,UNDERT,27,0.01505679255776758
DS20,mc.svm_UNDERT,svm,UNDERT,28,0.015265117102013535
DS20,mc.svm_UNDERT,svm,UNDERT,29,0.01238593543669305
DS20,mc.svm_UNDERT,svm,UNDERT,30,0.013174156355961466
DS20,mc.svm_UNDERT,svm,UNDERT,31,0.014722760017299144
DS20,mc.svm_UNDERT,svm,UNDERT,32,0.011010713157711826
DS20,mc.svm_UNDERT,svm,UNDERT,33,0.011599108741124374
DS20,mc.svm_UNDERT,svm,UNDERT,34,0.012490807612464455
DS20,mc.svm_UNDERT,svm,UNDERT,35,0.009599710945100308
DS20,mc.svm_UNDERT,svm,UNDERT,36,0.013398942863314672
DS20,mc.svm_UNDERT,svm,UNDERT,37,0.013690680172425565
DS20,mc.svm_UNDERT,svm,UNDERT,38,0.011963664315292694
DS20,mc.svm_UNDERT,svm,UNDERT,39,0.014702302546305517
DS20,mc.svm_UNDERT,svm,UNDERT,40,0.012644023126347222
DS20,mc.svm_UNDERT,svm,UNDERT,41,0.014329422018869161
DS20,mc.svm_UNDERT,svm,UNDERT,42,0.0142146588868878
DS20,mc.svm_UNDERT,svm,UNDERT,43,0.011061559474497815
DS20,mc.svm_UNDERT,svm,UNDERT,44,0.014738513535456037
DS20,mc.svm_UNDERT,svm,UNDERT,45,0.013010695195754854
DS20,mc.svm_UNDERT,svm,UNDERT,46,0.014964537828506748
DS20,mc.svm_UNDERT,svm,UNDERT,47,0.010300881217642856
DS20,mc.svm_UNDERT,svm,UNDERT,48,0.011884728239220663
DS20,mc.svm_UNDERT,svm,UNDERT,49,0.013047614237979361
DS20,mc.svm_UNDERT,svm,UNDERT,50,0.012431794481854547
DS20,mc.svm,svm,baseline,1,0.009705602821606102
DS20,mc.svm,svm,baseline,2,0.009498824960828506
DS20,mc.svm,svm,baseline,3,0.009358053672990961
DS20,mc.svm,svm,baseline,4,0.0092863826550876
DS20,mc.svm,svm,baseline,5,0.009265435864309087
DS20,mc.svm,svm,baseline,6,0.009326650832870388
DS20,mc.svm,svm,baseline,7,0.009234418614549515
DS20,mc.svm,svm,baseline,8,0.009228972037575887
DS20,mc.svm,svm,baseline,9,0.009437439951133615
DS20,mc.svm,svm,baseline,10,0.009497570398138958
DS20,mc.svm,svm,baseline,11,0.009482857958455718
DS20,mc.svm,svm,baseline,12,0.00949081523540459
DS20,mc.svm,svm,baseline,13,0.009434309567236721
DS20,mc.svm,svm,baseline,14,0.009424053100078674
DS20,mc.svm,svm,baseline,15,0.009455682537788166
DS20,mc.svm,svm,baseline,16,0.00948366893542279
DS20,mc.svm,svm,baseline,17,0.00944661957063047
DS20,mc.svm,svm,baseline,18,0.00948958615642746
DS20,mc.svm,svm,baseline,19,0.009404386912952459
DS20,mc.svm,svm,baseline,20,0.009274622218362191
DS20,mc.svm,svm,baseline,21,0.009370915741019234
DS20,mc.svm,svm,baseline,22,0.009163703272688858
DS20,mc.svm,svm,baseline,23,0.009161965693274373
DS20,mc.svm,svm,baseline,24,0.009121336269951643
DS20,mc.svm,svm,baseline,25,0.008802574363330134
DS20,mc.svm,svm,baseline,26,0.008708317687493382
DS20,mc.svm,svm,baseline,27,0.007898601381141146
DS20,mc.svm,svm,baseline,28,0.0073968011080177325
DS20,mc.svm,svm,baseline,29,0.007041996807260262
DS20,mc.svm,svm,baseline,30,0.006873775129055776
DS20,mc.svm,svm,baseline,31,0.006838132969059532
DS20,mc.svm,svm,baseline,32,0.00677917189104553
DS20,mc.svm,svm,baseline,33,0.006510974913267412
DS20,mc.svm,svm,baseline,34,0.006556148953232959
DS20,mc.svm,svm,baseline,35,0.006483518997697832
DS20,mc.svm,svm,baseline,36,0.006448647907220629
DS20,mc.svm,svm,baseline,37,0.0064544125765182885
DS20,mc.svm,svm,baseline,38,0.006304336279613098
DS20,mc.svm,svm,baseline,39,0.006263196444064713
DS20,mc.svm,svm,baseline,40,0.006220450314386665
DS20,mc.svm,svm,baseline,41,0.006272621876297555
DS20,mc.svm,svm,baseline,42,0.006053644579058095
DS20,mc.svm,svm,baseline,43,0.0060448331725245896
DS20,mc.svm,svm,baseline,44,0.006035091748998146
DS20,mc.svm,svm,baseline,45,0.006034738471536484
DS20,mc.svm,svm,baseline,46,0.006046834134669298
DS20,mc.svm,svm,baseline,47,0.0060868296091289515
DS20,mc.svm,svm,baseline,48,0.005999299764191522
DS20,mc.svm,svm,baseline,49,0.0059474183464286986
DS20,mc.svm,svm,baseline,50,0.006090572935332924
